ISO-10303-21;
HEADER;
FILE_DESCRIPTION(('Open CASCADE Model'),'2;1');
FILE_NAME('Open CASCADE Shape Model','2026-04-12T18:38:46',('Author'),(
    'Open CASCADE'),'Open CASCADE STEP processor 7.9','Open CASCADE 7.9'
  ,'Unknown');
FILE_SCHEMA(('AUTOMOTIVE_DESIGN { 1 0 10303 214 1 1 1 1 }'));
ENDSEC;
DATA;
#1 = APPLICATION_PROTOCOL_DEFINITION('international standard',
  'automotive_design',2000,#2);
#2 = APPLICATION_CONTEXT(
  'core data for automotive mechanical design processes');
#3 = SHAPE_DEFINITION_REPRESENTATION(#4,#10);
#4 = PRODUCT_DEFINITION_SHAPE('','',#5);
#5 = PRODUCT_DEFINITION('design','',#6,#9);
#6 = PRODUCT_DEFINITION_FORMATION('','',#7);
#7 = PRODUCT('SOLID','SOLID','',(#8));
#8 = PRODUCT_CONTEXT('',#2,'mechanical');
#9 = PRODUCT_DEFINITION_CONTEXT('part definition',#2,'design');
#10 = ADVANCED_BREP_SHAPE_REPRESENTATION('',(#11,#15),#10073);
#11 = AXIS2_PLACEMENT_3D('',#12,#13,#14);
#12 = CARTESIAN_POINT('',(0.,0.,0.));
#13 = DIRECTION('',(0.,0.,1.));
#14 = DIRECTION('',(1.,0.,-0.));
#15 = MANIFOLD_SOLID_BREP('',#16);
#16 = CLOSED_SHELL('',(#17,#65,#113,#150,#187,#235,#283,#320,#357,#394,
    #431,#468,#516,#582,#634,#690,#746,#802,#858,#900,#940,#980,#1020,
    #1060,#2465,#2501,#2533,#2565,#2724,#2740,#2756,#2768,#2796,#2818,
    #2840,#2856,#2868,#2896,#2918,#2940,#2956,#2968,#2996,#3018,#3040,
    #3056,#3068,#3096,#3118,#3140,#3156,#3168,#3189,#3214,#3239,#3264,
    #3289,#3314,#3339,#3353,#3374,#3399,#3420,#3437,#3462,#3487,#3504,
    #3522,#3540,#3568,#3596,#3932,#4111,#4290,#4318,#4340,#4362,#4384,
    #4406,#4422,#4436,#4470,#4492,#4520,#4548,#4576,#4604,#4632,#4660,
    #4682,#4710,#4738,#4766,#4794,#4816,#4838,#4866,#4888,#4910,#4932,
    #4954,#4976,#4998,#5020,#5042,#5064,#5086,#5102,#5122,#5246,#5266,
    #5286,#5306,#5326,#5346,#5362,#5374,#5402,#5424,#5446,#5474,#5502,
    #5530,#5552,#5567,#5679,#5699,#5715,#5731,#5747,#5763,#5779,#5795,
    #5807,#5835,#5857,#5885,#5907,#5935,#5951,#5965,#5993,#6015,#6037,
    #6059,#6081,#6103,#6125,#6147,#6169,#6191,#6213,#6229,#6249,#6441,
    #6465,#6481,#6501,#6521,#6537,#6557,#6577,#6597,#6617,#6633,#6649,
    #6665,#6681,#6697,#6731,#6759,#6787,#6815,#6843,#6871,#6893,#6909,
    #6925,#6959,#6981,#7009,#7037,#7065,#7093,#7121,#7149,#7177,#7205,
    #7233,#7261,#7283,#7311,#7339,#7367,#7395,#7423,#7451,#7479,#7501,
    #7530,#7558,#7580,#7608,#7630,#7652,#7674,#7696,#7718,#7740,#7768,
    #7796,#7818,#7846,#7874,#7890,#7913,#7941,#7963,#7985,#8007,#8029,
    #8051,#8073,#8095,#8117,#8139,#8161,#8177,#8197,#8321,#8341,#8361,
    #8381,#8401,#8421,#8437,#8449,#8477,#8499,#8521,#8549,#8577,#8605,
    #8627,#8642,#8754,#8774,#8790,#8806,#8822,#8838,#8854,#8870,#8882,
    #8910,#8932,#8960,#8982,#9010,#9026,#9040,#9360,#9384,#9404,#9424,
    #9444,#9464,#9484,#9504,#9524,#9544,#9564,#9584,#9604,#9620,#9636,
    #9652,#9668,#9688,#9708,#9728,#9748,#9768,#9788,#9808,#9824,#9844,
    #9864,#9880,#9900,#9920,#9940,#9956,#9976,#9992,#10035,#10063));
#17 = ADVANCED_FACE('',(#18),#54,.T.);
#18 = FACE_BOUND('',#19,.T.);
#19 = EDGE_LOOP('',(#20,#32,#39,#49));
#20 = ORIENTED_EDGE('',*,*,#21,.F.);
#21 = EDGE_CURVE('',#22,#24,#26,.T.);
#22 = VERTEX_POINT('',#23);
#23 = CARTESIAN_POINT('',(0.5,6.75,3.2500001));
#24 = VERTEX_POINT('',#25);
#25 = CARTESIAN_POINT('',(-0.5,6.75,3.2500001));
#26 = ( BOUNDED_CURVE() B_SPLINE_CURVE(2,(#27,#28,#29,#30,#31),
.UNSPECIFIED.,.F.,.F.) B_SPLINE_CURVE_WITH_KNOTS((3,2,3),(0.,
1.570796326795,3.14159265359),.PIECEWISE_BEZIER_KNOTS.) CURVE() 
GEOMETRIC_REPRESENTATION_ITEM() RATIONAL_B_SPLINE_CURVE((1.,
0.707106781187,1.,0.707106781187,1.)) REPRESENTATION_ITEM('') );
#27 = CARTESIAN_POINT('',(0.5,6.75,3.2500001));
#28 = CARTESIAN_POINT('',(0.5,6.75,2.7500001));
#29 = CARTESIAN_POINT('',(-3.345234966389E-14,6.75,2.7500001));
#30 = CARTESIAN_POINT('',(-0.5,6.75,2.7500001));
#31 = CARTESIAN_POINT('',(-0.5,6.75,3.2500001));
#32 = ORIENTED_EDGE('',*,*,#33,.T.);
#33 = EDGE_CURVE('',#22,#34,#36,.T.);
#34 = VERTEX_POINT('',#35);
#35 = CARTESIAN_POINT('',(0.6,6.65,3.2500001));
#36 = B_SPLINE_CURVE_WITH_KNOTS('',1,(#37,#38),.UNSPECIFIED.,.F.,.F.,(2,
    2),(3.788801035321E-30,0.141421356237),.PIECEWISE_BEZIER_KNOTS.);
#37 = CARTESIAN_POINT('',(0.5,6.75,3.2500001));
#38 = CARTESIAN_POINT('',(0.6,6.65,3.2500001));
#39 = ORIENTED_EDGE('',*,*,#40,.F.);
#40 = EDGE_CURVE('',#41,#34,#43,.T.);
#41 = VERTEX_POINT('',#42);
#42 = CARTESIAN_POINT('',(-0.6,6.65,3.2500001));
#43 = ( BOUNDED_CURVE() B_SPLINE_CURVE(2,(#44,#45,#46,#47,#48),
.UNSPECIFIED.,.F.,.F.) B_SPLINE_CURVE_WITH_KNOTS((3,2,3),(3.14159265359,
4.712388980385,6.28318530718),.PIECEWISE_BEZIER_KNOTS.) CURVE() 
GEOMETRIC_REPRESENTATION_ITEM() RATIONAL_B_SPLINE_CURVE((1.,
0.707106781187,1.,0.707106781187,1.)) REPRESENTATION_ITEM('') );
#44 = CARTESIAN_POINT('',(-0.6,6.65,3.2500001));
#45 = CARTESIAN_POINT('',(-0.6,6.65,2.6500001));
#46 = CARTESIAN_POINT('',(-5.367826279901E-14,6.65,2.6500001));
#47 = CARTESIAN_POINT('',(0.6,6.65,2.6500001));
#48 = CARTESIAN_POINT('',(0.6,6.65,3.2500001));
#49 = ORIENTED_EDGE('',*,*,#50,.F.);
#50 = EDGE_CURVE('',#24,#41,#51,.T.);
#51 = B_SPLINE_CURVE_WITH_KNOTS('',1,(#52,#53),.UNSPECIFIED.,.F.,.F.,(2,
    2),(3.878974872484E-30,0.141421356237),.PIECEWISE_BEZIER_KNOTS.);
#52 = CARTESIAN_POINT('',(-0.5,6.75,3.2500001));
#53 = CARTESIAN_POINT('',(-0.6,6.65,3.2500001));
#54 = ( BOUNDED_SURFACE() B_SPLINE_SURFACE(2,1,(
    (#55,#56)
    ,(#57,#58)
    ,(#59,#60)
    ,(#61,#62)
,(#63,#64
    )),.UNSPECIFIED.,.F.,.F.,.F.) B_SPLINE_SURFACE_WITH_KNOTS((3,2,3),(2
    ,2),(0.,1.570796326795,3.14159265359),(-7.850462293419E-17,
    0.141421356237),.PIECEWISE_BEZIER_KNOTS.) 
GEOMETRIC_REPRESENTATION_ITEM() RATIONAL_B_SPLINE_SURFACE((
    (1.,1.)
    ,(0.707106781187,0.707106781187)
    ,(1.,1.)
    ,(0.707106781187,0.707106781187)
,(1.,1.))) REPRESENTATION_ITEM('') SURFACE() );
#55 = CARTESIAN_POINT('',(-0.5,6.75,3.2500001));
#56 = CARTESIAN_POINT('',(-0.6,6.65,3.2500001));
#57 = CARTESIAN_POINT('',(-0.5,6.75,2.7500001));
#58 = CARTESIAN_POINT('',(-0.6,6.65,2.6500001));
#59 = CARTESIAN_POINT('',(-3.351358200385E-14,6.75,2.7500001));
#60 = CARTESIAN_POINT('',(-3.282140897008E-14,6.65,2.6500001));
#61 = CARTESIAN_POINT('',(0.5,6.75,2.7500001));
#62 = CARTESIAN_POINT('',(0.6,6.65,2.6500001));
#63 = CARTESIAN_POINT('',(0.5,6.75,3.2500001));
#64 = CARTESIAN_POINT('',(0.6,6.65,3.2500001));
#65 = ADVANCED_FACE('',(#66),#102,.T.);
#66 = FACE_BOUND('',#67,.T.);
#67 = EDGE_LOOP('',(#68,#80,#87,#97));
#68 = ORIENTED_EDGE('',*,*,#69,.F.);
#69 = EDGE_CURVE('',#70,#72,#74,.T.);
#70 = VERTEX_POINT('',#71);
#71 = CARTESIAN_POINT('',(-0.5,-5.25,3.2500001));
#72 = VERTEX_POINT('',#73);
#73 = CARTESIAN_POINT('',(0.5,-5.25,3.2500001));
#74 = ( BOUNDED_CURVE() B_SPLINE_CURVE(2,(#75,#76,#77,#78,#79),
.UNSPECIFIED.,.F.,.F.) B_SPLINE_CURVE_WITH_KNOTS((3,2,3),(3.14159265359,
4.712388980385,6.28318530718),.PIECEWISE_BEZIER_KNOTS.) CURVE() 
GEOMETRIC_REPRESENTATION_ITEM() RATIONAL_B_SPLINE_CURVE((1.,
0.707106781187,1.,0.707106781187,1.)) REPRESENTATION_ITEM('') );
#75 = CARTESIAN_POINT('',(-0.5,-5.25,3.2500001));
#76 = CARTESIAN_POINT('',(-0.5,-5.25,2.7500001));
#77 = CARTESIAN_POINT('',(5.022073778843E-14,-5.25,2.7500001));
#78 = CARTESIAN_POINT('',(0.5,-5.25,2.7500001));
#79 = CARTESIAN_POINT('',(0.5,-5.25,3.2500001));
#80 = ORIENTED_EDGE('',*,*,#81,.T.);
#81 = EDGE_CURVE('',#70,#82,#84,.T.);
#82 = VERTEX_POINT('',#83);
#83 = CARTESIAN_POINT('',(-0.6,-5.15,3.2500001));
#84 = B_SPLINE_CURVE_WITH_KNOTS('',1,(#85,#86),.UNSPECIFIED.,.F.,.F.,(2,
    2),(-0.141421356237,2.4275768121E-28),.PIECEWISE_BEZIER_KNOTS.);
#85 = CARTESIAN_POINT('',(-0.5,-5.25,3.2500001));
#86 = CARTESIAN_POINT('',(-0.6,-5.15,3.2500001));
#87 = ORIENTED_EDGE('',*,*,#88,.F.);
#88 = EDGE_CURVE('',#89,#82,#91,.T.);
#89 = VERTEX_POINT('',#90);
#90 = CARTESIAN_POINT('',(0.6,-5.15,3.2500001));
#91 = ( BOUNDED_CURVE() B_SPLINE_CURVE(2,(#92,#93,#94,#95,#96),
.UNSPECIFIED.,.F.,.F.) B_SPLINE_CURVE_WITH_KNOTS((3,2,3),(0.,
1.570796326795,3.14159265359),.PIECEWISE_BEZIER_KNOTS.) CURVE() 
GEOMETRIC_REPRESENTATION_ITEM() RATIONAL_B_SPLINE_CURVE((1.,
0.707106781187,1.,0.707106781187,1.)) REPRESENTATION_ITEM('') );
#92 = CARTESIAN_POINT('',(0.6,-5.15,3.2500001));
#93 = CARTESIAN_POINT('',(0.6,-5.15,2.6500001));
#94 = CARTESIAN_POINT('',(4.965102943457E-14,-5.15,2.6500001));
#95 = CARTESIAN_POINT('',(-0.6,-5.15,2.6500001));
#96 = CARTESIAN_POINT('',(-0.6,-5.15,3.2500001));
#97 = ORIENTED_EDGE('',*,*,#98,.F.);
#98 = EDGE_CURVE('',#72,#89,#99,.T.);
#99 = B_SPLINE_CURVE_WITH_KNOTS('',1,(#100,#101),.UNSPECIFIED.,.F.,.F.,(
    2,2),(-0.141421356237,2.410406665879E-28),.PIECEWISE_BEZIER_KNOTS.);
#100 = CARTESIAN_POINT('',(0.5,-5.25,3.2500001));
#101 = CARTESIAN_POINT('',(0.6,-5.15,3.2500001));
#102 = ( BOUNDED_SURFACE() B_SPLINE_SURFACE(2,1,(
    (#103,#104)
    ,(#105,#106)
    ,(#107,#108)
    ,(#109,#110)
,(#111,#112
    )),.UNSPECIFIED.,.F.,.F.,.F.) B_SPLINE_SURFACE_WITH_KNOTS((3,2,3),(2
    ,2),(0.,1.570796326795,3.14159265359),(-0.141421356237,
    1.942890293096E-16),.PIECEWISE_BEZIER_KNOTS.) 
GEOMETRIC_REPRESENTATION_ITEM() RATIONAL_B_SPLINE_SURFACE((
    (1.,1.)
    ,(0.707106781187,0.707106781187)
    ,(1.,1.)
    ,(0.707106781187,0.707106781187)
,(1.,1.))) REPRESENTATION_ITEM('') SURFACE() );
#103 = CARTESIAN_POINT('',(0.5,-5.25,3.2500001));
#104 = CARTESIAN_POINT('',(0.6,-5.15,3.2500001));
#105 = CARTESIAN_POINT('',(0.5,-5.25,2.7500001));
#106 = CARTESIAN_POINT('',(0.6,-5.15,2.6500001));
#107 = CARTESIAN_POINT('',(5.034320246834E-14,-5.25,2.7500001));
#108 = CARTESIAN_POINT('',(4.965102943457E-14,-5.15,2.6500001));
#109 = CARTESIAN_POINT('',(-0.5,-5.25,2.7500001));
#110 = CARTESIAN_POINT('',(-0.6,-5.15,2.6500001));
#111 = CARTESIAN_POINT('',(-0.5,-5.25,3.2500001));
#112 = CARTESIAN_POINT('',(-0.6,-5.15,3.2500001));
#113 = ADVANCED_FACE('',(#114),#139,.T.);
#114 = FACE_BOUND('',#115,.T.);
#115 = EDGE_LOOP('',(#116,#128,#133,#134));
#116 = ORIENTED_EDGE('',*,*,#117,.T.);
#117 = EDGE_CURVE('',#118,#120,#122,.T.);
#118 = VERTEX_POINT('',#119);
#119 = CARTESIAN_POINT('',(-0.6,1.05,3.2500001));
#120 = VERTEX_POINT('',#121);
#121 = CARTESIAN_POINT('',(0.6,1.05,3.2500001));
#122 = ( BOUNDED_CURVE() B_SPLINE_CURVE(2,(#123,#124,#125,#126,#127),
.UNSPECIFIED.,.F.,.F.) B_SPLINE_CURVE_WITH_KNOTS((3,2,3),(3.14159265359,
4.712388980385,6.28318530718),.PIECEWISE_BEZIER_KNOTS.) CURVE() 
GEOMETRIC_REPRESENTATION_ITEM() RATIONAL_B_SPLINE_CURVE((1.,
0.707106781187,1.,0.707106781187,1.)) REPRESENTATION_ITEM('') );
#123 = CARTESIAN_POINT('',(-0.6,1.05,3.2500001));
#124 = CARTESIAN_POINT('',(-0.6,1.05,2.6500001));
#125 = CARTESIAN_POINT('',(-2.683053399583E-14,1.05,2.6500001));
#126 = CARTESIAN_POINT('',(0.6,1.05,2.6500001));
#127 = CARTESIAN_POINT('',(0.6,1.05,3.2500001));
#128 = ORIENTED_EDGE('',*,*,#129,.T.);
#129 = EDGE_CURVE('',#120,#89,#130,.T.);
#130 = B_SPLINE_CURVE_WITH_KNOTS('',1,(#131,#132),.UNSPECIFIED.,.F.,.F.,
  (2,2),(5.7,11.9),.PIECEWISE_BEZIER_KNOTS.);
#131 = CARTESIAN_POINT('',(0.6,1.05,3.2500001));
#132 = CARTESIAN_POINT('',(0.6,-5.15,3.2500001));
#133 = ORIENTED_EDGE('',*,*,#88,.T.);
#134 = ORIENTED_EDGE('',*,*,#135,.F.);
#135 = EDGE_CURVE('',#118,#82,#136,.T.);
#136 = B_SPLINE_CURVE_WITH_KNOTS('',1,(#137,#138),.UNSPECIFIED.,.F.,.F.,
  (2,2),(5.7,11.9),.PIECEWISE_BEZIER_KNOTS.);
#137 = CARTESIAN_POINT('',(-0.6,1.05,3.2500001));
#138 = CARTESIAN_POINT('',(-0.6,-5.15,3.2500001));
#139 = ( BOUNDED_SURFACE() B_SPLINE_SURFACE(2,1,(
    (#140,#141)
    ,(#142,#143)
    ,(#144,#145)
    ,(#146,#147)
,(#148,#149
    )),.UNSPECIFIED.,.F.,.F.,.F.) B_SPLINE_SURFACE_WITH_KNOTS((3,2,3),(2
    ,2),(0.,1.570796326795,3.14159265359),(5.7,11.9),
.PIECEWISE_BEZIER_KNOTS.) GEOMETRIC_REPRESENTATION_ITEM() 
RATIONAL_B_SPLINE_SURFACE((
    (1.,1.)
    ,(0.707106781187,0.707106781187)
    ,(1.,1.)
    ,(0.707106781187,0.707106781187)
,(1.,1.))) REPRESENTATION_ITEM('') SURFACE() );
#140 = CARTESIAN_POINT('',(-0.6,1.05,3.2500001));
#141 = CARTESIAN_POINT('',(-0.6,-5.15,3.2500001));
#142 = CARTESIAN_POINT('',(-0.6,1.05,2.6500001));
#143 = CARTESIAN_POINT('',(-0.6,-5.15,2.6500001));
#144 = CARTESIAN_POINT('',(6.283182024966E-15,1.05,2.6500001));
#145 = CARTESIAN_POINT('',(4.957755062662E-14,-5.15,2.6500001));
#146 = CARTESIAN_POINT('',(0.6,1.05,2.6500001));
#147 = CARTESIAN_POINT('',(0.6,-5.15,2.6500001));
#148 = CARTESIAN_POINT('',(0.6,1.05,3.2500001));
#149 = CARTESIAN_POINT('',(0.6,-5.15,3.2500001));
#150 = ADVANCED_FACE('',(#151),#176,.T.);
#151 = FACE_BOUND('',#152,.T.);
#152 = EDGE_LOOP('',(#153,#154,#161,#171));
#153 = ORIENTED_EDGE('',*,*,#40,.T.);
#154 = ORIENTED_EDGE('',*,*,#155,.T.);
#155 = EDGE_CURVE('',#34,#156,#158,.T.);
#156 = VERTEX_POINT('',#157);
#157 = CARTESIAN_POINT('',(0.6,2.76,3.2500001));
#158 = B_SPLINE_CURVE_WITH_KNOTS('',1,(#159,#160),.UNSPECIFIED.,.F.,.F.,
  (2,2),(1.E-01,3.99),.PIECEWISE_BEZIER_KNOTS.);
#159 = CARTESIAN_POINT('',(0.6,6.65,3.2500001));
#160 = CARTESIAN_POINT('',(0.6,2.76,3.2500001));
#161 = ORIENTED_EDGE('',*,*,#162,.F.);
#162 = EDGE_CURVE('',#163,#156,#165,.T.);
#163 = VERTEX_POINT('',#164);
#164 = CARTESIAN_POINT('',(-0.6,2.76,3.2500001));
#165 = ( BOUNDED_CURVE() B_SPLINE_CURVE(2,(#166,#167,#168,#169,#170),
.UNSPECIFIED.,.F.,.F.) B_SPLINE_CURVE_WITH_KNOTS((3,2,3),(3.14159265359,
4.712388980385,6.28318530718),.PIECEWISE_BEZIER_KNOTS.) CURVE() 
GEOMETRIC_REPRESENTATION_ITEM() RATIONAL_B_SPLINE_CURVE((1.,
0.707106781187,1.,0.707106781187,1.)) REPRESENTATION_ITEM('') );
#166 = CARTESIAN_POINT('',(-0.6,2.76,3.2500001));
#167 = CARTESIAN_POINT('',(-0.6,2.76,2.6500001));
#168 = CARTESIAN_POINT('',(1.451930500734E-14,2.76,2.6500001));
#169 = CARTESIAN_POINT('',(0.6,2.76,2.6500001));
#170 = CARTESIAN_POINT('',(0.6,2.76,3.2500001));
#171 = ORIENTED_EDGE('',*,*,#172,.F.);
#172 = EDGE_CURVE('',#41,#163,#173,.T.);
#173 = B_SPLINE_CURVE_WITH_KNOTS('',1,(#174,#175),.UNSPECIFIED.,.F.,.F.,
  (2,2),(1.E-01,3.99),.PIECEWISE_BEZIER_KNOTS.);
#174 = CARTESIAN_POINT('',(-0.6,6.65,3.2500001));
#175 = CARTESIAN_POINT('',(-0.6,2.76,3.2500001));
#176 = ( BOUNDED_SURFACE() B_SPLINE_SURFACE(2,1,(
    (#177,#178)
    ,(#179,#180)
    ,(#181,#182)
    ,(#183,#184)
,(#185,#186
    )),.UNSPECIFIED.,.F.,.F.,.F.) B_SPLINE_SURFACE_WITH_KNOTS((3,2,3),(2
    ,2),(0.,1.570796326795,3.14159265359),(1.E-01,3.99),
.PIECEWISE_BEZIER_KNOTS.) GEOMETRIC_REPRESENTATION_ITEM() 
RATIONAL_B_SPLINE_SURFACE((
    (1.,1.)
    ,(0.707106781187,0.707106781187)
    ,(1.,1.)
    ,(0.707106781187,0.707106781187)
,(1.,1.))) REPRESENTATION_ITEM('') SURFACE() );
#177 = CARTESIAN_POINT('',(-0.6,6.65,3.2500001));
#178 = CARTESIAN_POINT('',(-0.6,2.76,3.2500001));
#179 = CARTESIAN_POINT('',(-0.6,6.65,2.6500001));
#180 = CARTESIAN_POINT('',(-0.6,2.76,2.6500001));
#181 = CARTESIAN_POINT('',(-3.282140897008E-14,6.65,2.6500001));
#182 = CARTESIAN_POINT('',(-5.657684153877E-15,2.76,2.6500001));
#183 = CARTESIAN_POINT('',(0.6,6.65,2.6500001));
#184 = CARTESIAN_POINT('',(0.6,2.76,2.6500001));
#185 = CARTESIAN_POINT('',(0.6,6.65,3.2500001));
#186 = CARTESIAN_POINT('',(0.6,2.76,3.2500001));
#187 = ADVANCED_FACE('',(#188),#224,.T.);
#188 = FACE_BOUND('',#189,.T.);
#189 = EDGE_LOOP('',(#190,#202,#209,#219));
#190 = ORIENTED_EDGE('',*,*,#191,.T.);
#191 = EDGE_CURVE('',#192,#194,#196,.T.);
#192 = VERTEX_POINT('',#193);
#193 = CARTESIAN_POINT('',(2.,2.75,3.2500001));
#194 = VERTEX_POINT('',#195);
#195 = CARTESIAN_POINT('',(-2.,2.75,3.2500001));
#196 = ( BOUNDED_CURVE() B_SPLINE_CURVE(2,(#197,#198,#199,#200,#201),
.UNSPECIFIED.,.F.,.F.) B_SPLINE_CURVE_WITH_KNOTS((3,2,3),(0.,
1.570796326795,3.14159265359),.PIECEWISE_BEZIER_KNOTS.) CURVE() 
GEOMETRIC_REPRESENTATION_ITEM() RATIONAL_B_SPLINE_CURVE((1.,
0.707106781187,1.,0.707106781187,1.)) REPRESENTATION_ITEM('') );
#197 = CARTESIAN_POINT('',(2.,2.75,3.2500001));
#198 = CARTESIAN_POINT('',(2.,2.75,1.2500001));
#199 = CARTESIAN_POINT('',(-5.428650443211E-15,2.75,1.2500001));
#200 = CARTESIAN_POINT('',(-2.,2.75,1.2500001));
#201 = CARTESIAN_POINT('',(-2.,2.75,3.2500001));
#202 = ORIENTED_EDGE('',*,*,#203,.T.);
#203 = EDGE_CURVE('',#194,#204,#206,.T.);
#204 = VERTEX_POINT('',#205);
#205 = CARTESIAN_POINT('',(-2.,2.76,3.2500001));
#206 = B_SPLINE_CURVE_WITH_KNOTS('',1,(#207,#208),.UNSPECIFIED.,.F.,.F.,
  (2,2),(1.7,1.71),.PIECEWISE_BEZIER_KNOTS.);
#207 = CARTESIAN_POINT('',(-2.,2.75,3.2500001));
#208 = CARTESIAN_POINT('',(-2.,2.76,3.2500001));
#209 = ORIENTED_EDGE('',*,*,#210,.F.);
#210 = EDGE_CURVE('',#211,#204,#213,.T.);
#211 = VERTEX_POINT('',#212);
#212 = CARTESIAN_POINT('',(2.,2.76,3.2500001));
#213 = ( BOUNDED_CURVE() B_SPLINE_CURVE(2,(#214,#215,#216,#217,#218),
.UNSPECIFIED.,.F.,.F.) B_SPLINE_CURVE_WITH_KNOTS((3,2,3),(0.,
1.570796326795,3.14159265359),.PIECEWISE_BEZIER_KNOTS.) CURVE() 
GEOMETRIC_REPRESENTATION_ITEM() RATIONAL_B_SPLINE_CURVE((1.,
0.707106781187,1.,0.707106781187,1.)) REPRESENTATION_ITEM('') );
#214 = CARTESIAN_POINT('',(2.,2.76,3.2500001));
#215 = CARTESIAN_POINT('',(2.,2.76,1.2500001));
#216 = CARTESIAN_POINT('',(-5.498480069988E-15,2.76,1.2500001));
#217 = CARTESIAN_POINT('',(-2.,2.76,1.2500001));
#218 = CARTESIAN_POINT('',(-2.,2.76,3.2500001));
#219 = ORIENTED_EDGE('',*,*,#220,.F.);
#220 = EDGE_CURVE('',#192,#211,#221,.T.);
#221 = B_SPLINE_CURVE_WITH_KNOTS('',1,(#222,#223),.UNSPECIFIED.,.F.,.F.,
  (2,2),(1.7,1.71),.PIECEWISE_BEZIER_KNOTS.);
#222 = CARTESIAN_POINT('',(2.,2.75,3.2500001));
#223 = CARTESIAN_POINT('',(2.,2.76,3.2500001));
#224 = ( BOUNDED_SURFACE() B_SPLINE_SURFACE(2,1,(
    (#225,#226)
    ,(#227,#228)
    ,(#229,#230)
    ,(#231,#232)
,(#233,#234
    )),.UNSPECIFIED.,.F.,.F.,.F.) B_SPLINE_SURFACE_WITH_KNOTS((3,2,3),(2
    ,2),(0.,1.570796326795,3.14159265359),(1.7,1.71),
.PIECEWISE_BEZIER_KNOTS.) GEOMETRIC_REPRESENTATION_ITEM() 
RATIONAL_B_SPLINE_SURFACE((
    (1.,1.)
    ,(0.707106781187,0.707106781187)
    ,(1.,1.)
    ,(0.707106781187,0.707106781187)
,(1.,1.))) REPRESENTATION_ITEM('') SURFACE() );
#225 = CARTESIAN_POINT('',(2.,2.75,3.2500001));
#226 = CARTESIAN_POINT('',(2.,2.76,3.2500001));
#227 = CARTESIAN_POINT('',(2.,2.75,1.2500001));
#228 = CARTESIAN_POINT('',(2.,2.76,1.2500001));
#229 = CARTESIAN_POINT('',(-5.428650443211E-15,2.75,1.2500001));
#230 = CARTESIAN_POINT('',(-5.498480069988E-15,2.76,1.2500001));
#231 = CARTESIAN_POINT('',(-2.,2.75,1.2500001));
#232 = CARTESIAN_POINT('',(-2.,2.76,1.2500001));
#233 = CARTESIAN_POINT('',(-2.,2.75,3.2500001));
#234 = CARTESIAN_POINT('',(-2.,2.76,3.2500001));
#235 = ADVANCED_FACE('',(#236),#272,.F.);
#236 = FACE_BOUND('',#237,.F.);
#237 = EDGE_LOOP('',(#238,#247,#257,#264));
#238 = ORIENTED_EDGE('',*,*,#239,.T.);
#239 = EDGE_CURVE('',#240,#242,#244,.T.);
#240 = VERTEX_POINT('',#241);
#241 = CARTESIAN_POINT('',(2.056426474385,-5.479846269216,3.2500001));
#242 = VERTEX_POINT('',#243);
#243 = CARTESIAN_POINT('',(2.056426474385,0.75,3.2500001));
#244 = B_SPLINE_CURVE_WITH_KNOTS('',1,(#245,#246),.UNSPECIFIED.,.F.,.F.,
  (2,2),(-8.229846269216,-2.),.PIECEWISE_BEZIER_KNOTS.);
#245 = CARTESIAN_POINT('',(2.056426474385,-5.479846269216,3.2500001));
#246 = CARTESIAN_POINT('',(2.056426474385,0.75,3.2500001));
#247 = ORIENTED_EDGE('',*,*,#248,.F.);
#248 = EDGE_CURVE('',#249,#242,#251,.T.);
#249 = VERTEX_POINT('',#250);
#250 = CARTESIAN_POINT('',(-2.056426474385,0.75,3.2500001));
#251 = ( BOUNDED_CURVE() B_SPLINE_CURVE(2,(#252,#253,#254,#255,#256),
.UNSPECIFIED.,.F.,.F.) B_SPLINE_CURVE_WITH_KNOTS((3,2,3),(3.14159265359,
4.712388980385,6.28318530718),.PIECEWISE_BEZIER_KNOTS.) CURVE() 
GEOMETRIC_REPRESENTATION_ITEM() RATIONAL_B_SPLINE_CURVE((1.,
0.707106781187,1.,0.707106781187,1.)) REPRESENTATION_ITEM('') );
#252 = CARTESIAN_POINT('',(-2.056426474385,0.75,3.2500001));
#253 = CARTESIAN_POINT('',(-2.056426474385,0.75,5.306426574385));
#254 = CARTESIAN_POINT('',(7.790720083727E-15,0.75,5.306426574385));
#255 = CARTESIAN_POINT('',(2.056426474385,0.75,5.306426574385));
#256 = CARTESIAN_POINT('',(2.056426474385,0.75,3.2500001));
#257 = ORIENTED_EDGE('',*,*,#258,.F.);
#258 = EDGE_CURVE('',#259,#249,#261,.T.);
#259 = VERTEX_POINT('',#260);
#260 = CARTESIAN_POINT('',(-2.056426474385,-5.479846269216,3.2500001));
#261 = B_SPLINE_CURVE_WITH_KNOTS('',1,(#262,#263),.UNSPECIFIED.,.F.,.F.,
  (2,2),(-8.229846269216,-2.),.PIECEWISE_BEZIER_KNOTS.);
#262 = CARTESIAN_POINT('',(-2.056426474385,-5.479846269216,3.2500001));
#263 = CARTESIAN_POINT('',(-2.056426474385,0.75,3.2500001));
#264 = ORIENTED_EDGE('',*,*,#265,.T.);
#265 = EDGE_CURVE('',#259,#240,#266,.T.);
#266 = ( BOUNDED_CURVE() B_SPLINE_CURVE(2,(#267,#268,#269,#270,#271),
.UNSPECIFIED.,.F.,.F.) B_SPLINE_CURVE_WITH_KNOTS((3,2,3),(3.14159265359,
4.712388980385,6.28318530718),.PIECEWISE_BEZIER_KNOTS.) CURVE() 
GEOMETRIC_REPRESENTATION_ITEM() RATIONAL_B_SPLINE_CURVE((1.,
0.707106781187,1.,0.707106781187,1.)) REPRESENTATION_ITEM('') );
#267 = CARTESIAN_POINT('',(-2.056426474385,-5.479846269216,3.2500001));
#268 = CARTESIAN_POINT('',(-2.056426474385,-5.479846269216,
    5.306426574386));
#269 = CARTESIAN_POINT('',(5.052620276857E-14,-5.479846269216,
    5.306426574386));
#270 = CARTESIAN_POINT('',(2.056426474385,-5.479846269216,5.306426574386
    ));
#271 = CARTESIAN_POINT('',(2.056426474385,-5.479846269216,3.2500001));
#272 = ( BOUNDED_SURFACE() B_SPLINE_SURFACE(2,1,(
    (#273,#274)
    ,(#275,#276)
    ,(#277,#278)
    ,(#279,#280)
,(#281,#282
    )),.UNSPECIFIED.,.F.,.F.,.F.) B_SPLINE_SURFACE_WITH_KNOTS((3,2,3),(2
    ,2),(3.14159265359,4.712388980385,6.28318530718),(-8.229846269216,
-2.),.PIECEWISE_BEZIER_KNOTS.) GEOMETRIC_REPRESENTATION_ITEM() 
RATIONAL_B_SPLINE_SURFACE((
    (1.,1.)
    ,(0.707106781187,0.707106781187)
    ,(1.,1.)
    ,(0.707106781187,0.707106781187)
,(1.,1.))) REPRESENTATION_ITEM('') SURFACE() );
#273 = CARTESIAN_POINT('',(-2.056426474385,-5.479846269216,3.2500001));
#274 = CARTESIAN_POINT('',(-2.056426474385,0.75,3.2500001));
#275 = CARTESIAN_POINT('',(-2.056426474385,-5.479846269216,
    5.306426574386));
#276 = CARTESIAN_POINT('',(-2.056426474385,0.75,5.306426574385));
#277 = CARTESIAN_POINT('',(5.052620276857E-14,-5.479846269216,
    5.306426574386));
#278 = CARTESIAN_POINT('',(7.790720083727E-15,0.75,5.306426574385));
#279 = CARTESIAN_POINT('',(2.056426474385,-5.479846269216,5.306426574386
    ));
#280 = CARTESIAN_POINT('',(2.056426474385,0.75,5.306426574385));
#281 = CARTESIAN_POINT('',(2.056426474385,-5.479846269216,3.2500001));
#282 = CARTESIAN_POINT('',(2.056426474385,0.75,3.2500001));
#283 = ADVANCED_FACE('',(#284),#309,.F.);
#284 = FACE_BOUND('',#285,.F.);
#285 = EDGE_LOOP('',(#286,#293,#303,#308));
#286 = ORIENTED_EDGE('',*,*,#287,.T.);
#287 = EDGE_CURVE('',#259,#288,#290,.T.);
#288 = VERTEX_POINT('',#289);
#289 = CARTESIAN_POINT('',(-2.367601770419,-5.597546205663,3.2500001));
#290 = B_SPLINE_CURVE_WITH_KNOTS('',1,(#291,#292),.UNSPECIFIED.,.F.,.F.,
  (2,2),(-0.332691057741,5.537612430837E-30),.PIECEWISE_BEZIER_KNOTS.);
#291 = CARTESIAN_POINT('',(-2.056426474385,-5.479846269216,3.2500001));
#292 = CARTESIAN_POINT('',(-2.367601770419,-5.597546205663,3.2500001));
#293 = ORIENTED_EDGE('',*,*,#294,.T.);
#294 = EDGE_CURVE('',#288,#295,#297,.T.);
#295 = VERTEX_POINT('',#296);
#296 = CARTESIAN_POINT('',(2.367601770419,-5.597546205663,3.2500001));
#297 = ( BOUNDED_CURVE() B_SPLINE_CURVE(2,(#298,#299,#300,#301,#302),
.UNSPECIFIED.,.F.,.F.) B_SPLINE_CURVE_WITH_KNOTS((3,2,3),(3.14159265359,
4.712388980385,6.28318530718),.PIECEWISE_BEZIER_KNOTS.) CURVE() 
GEOMETRIC_REPRESENTATION_ITEM() RATIONAL_B_SPLINE_CURVE((1.,
0.707106781187,1.,0.707106781187,1.)) REPRESENTATION_ITEM('') );
#298 = CARTESIAN_POINT('',(-2.367601770419,-5.597546205663,3.2500001));
#299 = CARTESIAN_POINT('',(-2.367601770419,-5.597546205663,
    5.617601870419));
#300 = CARTESIAN_POINT('',(5.127643850156E-14,-5.597546205663,
    5.617601870419));
#301 = CARTESIAN_POINT('',(2.367601770419,-5.597546205663,5.617601870419
    ));
#302 = CARTESIAN_POINT('',(2.367601770419,-5.597546205663,3.2500001));
#303 = ORIENTED_EDGE('',*,*,#304,.F.);
#304 = EDGE_CURVE('',#240,#295,#305,.T.);
#305 = B_SPLINE_CURVE_WITH_KNOTS('',1,(#306,#307),.UNSPECIFIED.,.F.,.F.,
  (2,2),(-0.332691057741,1.041236513613E-30),.PIECEWISE_BEZIER_KNOTS.);
#306 = CARTESIAN_POINT('',(2.056426474385,-5.479846269216,3.2500001));
#307 = CARTESIAN_POINT('',(2.367601770419,-5.597546205663,3.2500001));
#308 = ORIENTED_EDGE('',*,*,#265,.F.);
#309 = ( BOUNDED_SURFACE() B_SPLINE_SURFACE(2,1,(
    (#310,#311)
    ,(#312,#313)
    ,(#314,#315)
    ,(#316,#317)
,(#318,#319
    )),.UNSPECIFIED.,.F.,.F.,.F.) B_SPLINE_SURFACE_WITH_KNOTS((3,2,3),(2
    ,2),(3.14159265359,4.712388980385,6.28318530718),(-0.332691057741,
    1.041236513613E-30),.PIECEWISE_BEZIER_KNOTS.) 
GEOMETRIC_REPRESENTATION_ITEM() RATIONAL_B_SPLINE_SURFACE((
    (1.,1.)
    ,(0.707106781187,0.707106781187)
    ,(1.,1.)
    ,(0.707106781187,0.707106781187)
,(1.,1.))) REPRESENTATION_ITEM('') SURFACE() );
#310 = CARTESIAN_POINT('',(2.056426474385,-5.479846269216,3.2500001));
#311 = CARTESIAN_POINT('',(2.367601770419,-5.597546205663,3.2500001));
#312 = CARTESIAN_POINT('',(2.056426474385,-5.479846269216,5.306426574386
    ));
#313 = CARTESIAN_POINT('',(2.367601770419,-5.597546205663,5.617601870419
    ));
#314 = CARTESIAN_POINT('',(5.128172159843E-14,-5.479846269216,
    5.306426574386));
#315 = CARTESIAN_POINT('',(5.21462812805E-14,-5.597546205663,
    5.617601870419));
#316 = CARTESIAN_POINT('',(-2.056426474385,-5.479846269216,
    5.306426574386));
#317 = CARTESIAN_POINT('',(-2.367601770419,-5.597546205663,
    5.617601870419));
#318 = CARTESIAN_POINT('',(-2.056426474385,-5.479846269216,3.2500001));
#319 = CARTESIAN_POINT('',(-2.367601770419,-5.597546205663,3.2500001));
#320 = ADVANCED_FACE('',(#321),#346,.F.);
#321 = FACE_BOUND('',#322,.F.);
#322 = EDGE_LOOP('',(#323,#330,#331,#338));
#323 = ORIENTED_EDGE('',*,*,#324,.T.);
#324 = EDGE_CURVE('',#325,#295,#327,.T.);
#325 = VERTEX_POINT('',#326);
#326 = CARTESIAN_POINT('',(2.367601770419,-5.938244359135,3.2500001));
#327 = B_SPLINE_CURVE_WITH_KNOTS('',1,(#328,#329),.UNSPECIFIED.,.F.,.F.,
  (2,2),(-8.688244359135,-8.347546205663),.PIECEWISE_BEZIER_KNOTS.);
#328 = CARTESIAN_POINT('',(2.367601770419,-5.938244359135,3.2500001));
#329 = CARTESIAN_POINT('',(2.367601770419,-5.597546205663,3.2500001));
#330 = ORIENTED_EDGE('',*,*,#294,.F.);
#331 = ORIENTED_EDGE('',*,*,#332,.F.);
#332 = EDGE_CURVE('',#333,#288,#335,.T.);
#333 = VERTEX_POINT('',#334);
#334 = CARTESIAN_POINT('',(-2.367601770419,-5.938244359135,3.2500001));
#335 = B_SPLINE_CURVE_WITH_KNOTS('',1,(#336,#337),.UNSPECIFIED.,.F.,.F.,
  (2,2),(-8.688244359135,-8.347546205663),.PIECEWISE_BEZIER_KNOTS.);
#336 = CARTESIAN_POINT('',(-2.367601770419,-5.938244359135,3.2500001));
#337 = CARTESIAN_POINT('',(-2.367601770419,-5.597546205663,3.2500001));
#338 = ORIENTED_EDGE('',*,*,#339,.T.);
#339 = EDGE_CURVE('',#333,#325,#340,.T.);
#340 = ( BOUNDED_CURVE() B_SPLINE_CURVE(2,(#341,#342,#343,#344,#345),
.UNSPECIFIED.,.F.,.F.) B_SPLINE_CURVE_WITH_KNOTS((3,2,3),(3.14159265359,
4.712388980385,6.28318530718),.PIECEWISE_BEZIER_KNOTS.) CURVE() 
GEOMETRIC_REPRESENTATION_ITEM() RATIONAL_B_SPLINE_CURVE((1.,
0.707106781187,1.,0.707106781187,1.)) REPRESENTATION_ITEM('') );
#341 = CARTESIAN_POINT('',(-2.367601770419,-5.938244359135,3.2500001));
#342 = CARTESIAN_POINT('',(-2.367601770419,-5.938244359135,
    5.617601870419));
#343 = CARTESIAN_POINT('',(5.361355877857E-14,-5.938244359135,
    5.617601870419));
#344 = CARTESIAN_POINT('',(2.367601770419,-5.938244359135,5.617601870419
    ));
#345 = CARTESIAN_POINT('',(2.367601770419,-5.938244359135,3.2500001));
#346 = ( BOUNDED_SURFACE() B_SPLINE_SURFACE(2,1,(
    (#347,#348)
    ,(#349,#350)
    ,(#351,#352)
    ,(#353,#354)
,(#355,#356
    )),.UNSPECIFIED.,.F.,.F.,.F.) B_SPLINE_SURFACE_WITH_KNOTS((3,2,3),(2
    ,2),(3.14159265359,4.712388980385,6.28318530718),(-8.688244359135,
    -8.347546205663),.PIECEWISE_BEZIER_KNOTS.) 
GEOMETRIC_REPRESENTATION_ITEM() RATIONAL_B_SPLINE_SURFACE((
    (1.,1.)
    ,(0.707106781187,0.707106781187)
    ,(1.,1.)
    ,(0.707106781187,0.707106781187)
,(1.,1.))) REPRESENTATION_ITEM('') SURFACE() );
#347 = CARTESIAN_POINT('',(-2.367601770419,-5.938244359135,3.2500001));
#348 = CARTESIAN_POINT('',(-2.367601770419,-5.597546205663,3.2500001));
#349 = CARTESIAN_POINT('',(-2.367601770419,-5.938244359135,
    5.617601870419));
#350 = CARTESIAN_POINT('',(-2.367601770419,-5.597546205663,
    5.617601870419));
#351 = CARTESIAN_POINT('',(5.361355877857E-14,-5.938244359135,
    5.617601870419));
#352 = CARTESIAN_POINT('',(5.127643850156E-14,-5.597546205663,
    5.617601870419));
#353 = CARTESIAN_POINT('',(2.367601770419,-5.938244359135,5.617601870419
    ));
#354 = CARTESIAN_POINT('',(2.367601770419,-5.597546205663,5.617601870419
    ));
#355 = CARTESIAN_POINT('',(2.367601770419,-5.938244359135,3.2500001));
#356 = CARTESIAN_POINT('',(2.367601770419,-5.597546205663,3.2500001));
#357 = ADVANCED_FACE('',(#358),#383,.F.);
#358 = FACE_BOUND('',#359,.F.);
#359 = EDGE_LOOP('',(#360,#367,#368,#375));
#360 = ORIENTED_EDGE('',*,*,#361,.T.);
#361 = EDGE_CURVE('',#362,#325,#364,.T.);
#362 = VERTEX_POINT('',#363);
#363 = CARTESIAN_POINT('',(2.220953434794,-6.151551029135,3.2500001));
#364 = B_SPLINE_CURVE_WITH_KNOTS('',1,(#365,#366),.UNSPECIFIED.,.F.,.F.,
  (2,2),(0.,0.258854147751),.PIECEWISE_BEZIER_KNOTS.);
#365 = CARTESIAN_POINT('',(2.220953434794,-6.151551029135,3.2500001));
#366 = CARTESIAN_POINT('',(2.367601770419,-5.938244359135,3.2500001));
#367 = ORIENTED_EDGE('',*,*,#339,.F.);
#368 = ORIENTED_EDGE('',*,*,#369,.F.);
#369 = EDGE_CURVE('',#370,#333,#372,.T.);
#370 = VERTEX_POINT('',#371);
#371 = CARTESIAN_POINT('',(-2.220953434794,-6.151551029135,3.2500001));
#372 = B_SPLINE_CURVE_WITH_KNOTS('',1,(#373,#374),.UNSPECIFIED.,.F.,.F.,
  (2,2),(-9.192335453741E-30,0.258854147751),.PIECEWISE_BEZIER_KNOTS.);
#373 = CARTESIAN_POINT('',(-2.220953434794,-6.151551029135,3.2500001));
#374 = CARTESIAN_POINT('',(-2.367601770419,-5.938244359135,3.2500001));
#375 = ORIENTED_EDGE('',*,*,#376,.T.);
#376 = EDGE_CURVE('',#370,#362,#377,.T.);
#377 = ( BOUNDED_CURVE() B_SPLINE_CURVE(2,(#378,#379,#380,#381,#382),
.UNSPECIFIED.,.F.,.F.) B_SPLINE_CURVE_WITH_KNOTS((3,2,3),(3.14159265359,
4.712388980385,6.28318530718),.PIECEWISE_BEZIER_KNOTS.) CURVE() 
GEOMETRIC_REPRESENTATION_ITEM() RATIONAL_B_SPLINE_CURVE((1.,
0.707106781187,1.,0.707106781187,1.)) REPRESENTATION_ITEM('') );
#378 = CARTESIAN_POINT('',(-2.220953434794,-6.151551029135,3.2500001));
#379 = CARTESIAN_POINT('',(-2.220953434794,-6.151551029135,
    5.470953534794));
#380 = CARTESIAN_POINT('',(5.510373816205E-14,-6.151551029134,
    5.470953534794));
#381 = CARTESIAN_POINT('',(2.220953434794,-6.151551029134,5.470953534794
    ));
#382 = CARTESIAN_POINT('',(2.220953434794,-6.151551029135,3.2500001));
#383 = ( BOUNDED_SURFACE() B_SPLINE_SURFACE(2,1,(
    (#384,#385)
    ,(#386,#387)
    ,(#388,#389)
    ,(#390,#391)
,(#392,#393
    )),.UNSPECIFIED.,.F.,.F.,.F.) B_SPLINE_SURFACE_WITH_KNOTS((3,2,3),(2
    ,2),(3.14159265359,4.712388980385,6.28318530718),(0.,0.258854147751)
,.PIECEWISE_BEZIER_KNOTS.) GEOMETRIC_REPRESENTATION_ITEM() 
RATIONAL_B_SPLINE_SURFACE((
    (1.,1.)
    ,(0.707106781187,0.707106781187)
    ,(1.,1.)
    ,(0.707106781187,0.707106781187)
,(1.,1.))) REPRESENTATION_ITEM('') SURFACE() );
#384 = CARTESIAN_POINT('',(-2.220953434794,-6.151551029135,3.2500001));
#385 = CARTESIAN_POINT('',(-2.367601770419,-5.938244359135,3.2500001));
#386 = CARTESIAN_POINT('',(-2.220953434794,-6.151551029135,
    5.470953534794));
#387 = CARTESIAN_POINT('',(-2.367601770419,-5.938244359135,
    5.617601870419));
#388 = CARTESIAN_POINT('',(5.510373816205E-14,-6.151551029134,
    5.470953534794));
#389 = CARTESIAN_POINT('',(5.361355877857E-14,-5.938244359135,
    5.617601870419));
#390 = CARTESIAN_POINT('',(2.220953434794,-6.151551029134,5.470953534794
    ));
#391 = CARTESIAN_POINT('',(2.367601770419,-5.938244359135,5.617601870419
    ));
#392 = CARTESIAN_POINT('',(2.220953434794,-6.151551029135,3.2500001));
#393 = CARTESIAN_POINT('',(2.367601770419,-5.938244359135,3.2500001));
#394 = ADVANCED_FACE('',(#395),#420,.F.);
#395 = FACE_BOUND('',#396,.F.);
#396 = EDGE_LOOP('',(#397,#404,#405,#412));
#397 = ORIENTED_EDGE('',*,*,#398,.T.);
#398 = EDGE_CURVE('',#399,#362,#401,.T.);
#399 = VERTEX_POINT('',#400);
#400 = CARTESIAN_POINT('',(2.220953434794,-6.353279711764,3.2500001));
#401 = B_SPLINE_CURVE_WITH_KNOTS('',1,(#402,#403),.UNSPECIFIED.,.F.,.F.,
  (2,2),(-9.103279711764,-8.901551029135),.PIECEWISE_BEZIER_KNOTS.);
#402 = CARTESIAN_POINT('',(2.220953434794,-6.353279711764,3.2500001));
#403 = CARTESIAN_POINT('',(2.220953434794,-6.151551029135,3.2500001));
#404 = ORIENTED_EDGE('',*,*,#376,.F.);
#405 = ORIENTED_EDGE('',*,*,#406,.F.);
#406 = EDGE_CURVE('',#407,#370,#409,.T.);
#407 = VERTEX_POINT('',#408);
#408 = CARTESIAN_POINT('',(-2.220953434794,-6.353279711764,3.2500001));
#409 = B_SPLINE_CURVE_WITH_KNOTS('',1,(#410,#411),.UNSPECIFIED.,.F.,.F.,
  (2,2),(-9.103279711764,-8.901551029135),.PIECEWISE_BEZIER_KNOTS.);
#410 = CARTESIAN_POINT('',(-2.220953434794,-6.353279711764,3.2500001));
#411 = CARTESIAN_POINT('',(-2.220953434794,-6.151551029135,3.2500001));
#412 = ORIENTED_EDGE('',*,*,#413,.T.);
#413 = EDGE_CURVE('',#407,#399,#414,.T.);
#414 = ( BOUNDED_CURVE() B_SPLINE_CURVE(2,(#415,#416,#417,#418,#419),
.UNSPECIFIED.,.F.,.F.) B_SPLINE_CURVE_WITH_KNOTS((3,2,3),(3.14159265359,
4.712388980385,6.28318530718),.PIECEWISE_BEZIER_KNOTS.) CURVE() 
GEOMETRIC_REPRESENTATION_ITEM() RATIONAL_B_SPLINE_CURVE((1.,
0.707106781187,1.,0.707106781187,1.)) REPRESENTATION_ITEM('') );
#415 = CARTESIAN_POINT('',(-2.220953434794,-6.353279711764,3.2500001));
#416 = CARTESIAN_POINT('',(-2.220953434794,-6.353279711764,
    5.470953534794));
#417 = CARTESIAN_POINT('',(5.648755603669E-14,-6.353279711764,
    5.470953534794));
#418 = CARTESIAN_POINT('',(2.220953434794,-6.353279711764,5.470953534794
    ));
#419 = CARTESIAN_POINT('',(2.220953434794,-6.353279711764,3.2500001));
#420 = ( BOUNDED_SURFACE() B_SPLINE_SURFACE(2,1,(
    (#421,#422)
    ,(#423,#424)
    ,(#425,#426)
    ,(#427,#428)
,(#429,#430
    )),.UNSPECIFIED.,.F.,.F.,.F.) B_SPLINE_SURFACE_WITH_KNOTS((3,2,3),(2
    ,2),(3.14159265359,4.712388980385,6.28318530718),(-9.103279711764,
    -8.901551029135),.PIECEWISE_BEZIER_KNOTS.) 
GEOMETRIC_REPRESENTATION_ITEM() RATIONAL_B_SPLINE_SURFACE((
    (1.,1.)
    ,(0.707106781187,0.707106781187)
    ,(1.,1.)
    ,(0.707106781187,0.707106781187)
,(1.,1.))) REPRESENTATION_ITEM('') SURFACE() );
#421 = CARTESIAN_POINT('',(-2.220953434794,-6.353279711764,3.2500001));
#422 = CARTESIAN_POINT('',(-2.220953434794,-6.151551029135,3.2500001));
#423 = CARTESIAN_POINT('',(-2.220953434794,-6.353279711764,
    5.470953534794));
#424 = CARTESIAN_POINT('',(-2.220953434794,-6.151551029135,
    5.470953534794));
#425 = CARTESIAN_POINT('',(5.648755603669E-14,-6.353279711764,
    5.470953534794));
#426 = CARTESIAN_POINT('',(5.510373816205E-14,-6.151551029134,
    5.470953534794));
#427 = CARTESIAN_POINT('',(2.220953434794,-6.353279711764,5.470953534794
    ));
#428 = CARTESIAN_POINT('',(2.220953434794,-6.151551029134,5.470953534794
    ));
#429 = CARTESIAN_POINT('',(2.220953434794,-6.353279711764,3.2500001));
#430 = CARTESIAN_POINT('',(2.220953434794,-6.151551029135,3.2500001));
#431 = ADVANCED_FACE('',(#432),#457,.F.);
#432 = FACE_BOUND('',#433,.F.);
#433 = EDGE_LOOP('',(#434,#441,#451,#456));
#434 = ORIENTED_EDGE('',*,*,#435,.T.);
#435 = EDGE_CURVE('',#407,#436,#438,.T.);
#436 = VERTEX_POINT('',#437);
#437 = CARTESIAN_POINT('',(-2.45,-6.75,3.2500001));
#438 = B_SPLINE_CURVE_WITH_KNOTS('',1,(#439,#440),.UNSPECIFIED.,.F.,.F.,
  (2,2),(-0.458093130412,-2.22044604925E-16),.PIECEWISE_BEZIER_KNOTS.);
#439 = CARTESIAN_POINT('',(-2.220953434794,-6.353279711764,3.2500001));
#440 = CARTESIAN_POINT('',(-2.45,-6.75,3.2500001));
#441 = ORIENTED_EDGE('',*,*,#442,.T.);
#442 = EDGE_CURVE('',#436,#443,#445,.T.);
#443 = VERTEX_POINT('',#444);
#444 = CARTESIAN_POINT('',(2.45,-6.75,3.2500001));
#445 = ( BOUNDED_CURVE() B_SPLINE_CURVE(2,(#446,#447,#448,#449,#450),
.UNSPECIFIED.,.F.,.F.) B_SPLINE_CURVE_WITH_KNOTS((3,2,3),(3.14159265359,
4.712388980385,6.28318530718),.PIECEWISE_BEZIER_KNOTS.) CURVE() 
GEOMETRIC_REPRESENTATION_ITEM() RATIONAL_B_SPLINE_CURVE((1.,
0.707106781187,1.,0.707106781187,1.)) REPRESENTATION_ITEM('') );
#446 = CARTESIAN_POINT('',(-2.45,-6.75,3.2500001));
#447 = CARTESIAN_POINT('',(-2.45,-6.75,5.7000001));
#448 = CARTESIAN_POINT('',(5.916690163166E-14,-6.75,5.7000001));
#449 = CARTESIAN_POINT('',(2.45,-6.75,5.7000001));
#450 = CARTESIAN_POINT('',(2.45,-6.75,3.2500001));
#451 = ORIENTED_EDGE('',*,*,#452,.F.);
#452 = EDGE_CURVE('',#399,#443,#453,.T.);
#453 = B_SPLINE_CURVE_WITH_KNOTS('',1,(#454,#455),.UNSPECIFIED.,.F.,.F.,
  (2,2),(-0.458093130412,2.22044604925E-16),.PIECEWISE_BEZIER_KNOTS.);
#454 = CARTESIAN_POINT('',(2.220953434794,-6.353279711764,3.2500001));
#455 = CARTESIAN_POINT('',(2.45,-6.75,3.2500001));
#456 = ORIENTED_EDGE('',*,*,#413,.F.);
#457 = ( BOUNDED_SURFACE() B_SPLINE_SURFACE(2,1,(
    (#458,#459)
    ,(#460,#461)
    ,(#462,#463)
    ,(#464,#465)
,(#466,#467
    )),.UNSPECIFIED.,.F.,.F.,.F.) B_SPLINE_SURFACE_WITH_KNOTS((3,2,3),(2
    ,2),(3.14159265359,4.712388980385,6.28318530718),(-0.458093130412,
    2.775557561563E-16),.PIECEWISE_BEZIER_KNOTS.) 
GEOMETRIC_REPRESENTATION_ITEM() RATIONAL_B_SPLINE_SURFACE((
    (1.,1.)
    ,(0.707106781187,0.707106781187)
    ,(1.,1.)
    ,(0.707106781187,0.707106781187)
,(1.,1.))) REPRESENTATION_ITEM('') SURFACE() );
#458 = CARTESIAN_POINT('',(2.220953434794,-6.353279711764,3.2500001));
#459 = CARTESIAN_POINT('',(2.45,-6.75,3.2500001));
#460 = CARTESIAN_POINT('',(2.220953434794,-6.353279711764,5.470953534794
    ));
#461 = CARTESIAN_POINT('',(2.45,-6.75,5.7000001));
#462 = CARTESIAN_POINT('',(5.730352109118E-14,-6.353279711764,
    5.470953534794));
#463 = CARTESIAN_POINT('',(6.006701702903E-14,-6.75,5.7000001));
#464 = CARTESIAN_POINT('',(-2.220953434794,-6.353279711764,
    5.470953534794));
#465 = CARTESIAN_POINT('',(-2.45,-6.75,5.7000001));
#466 = CARTESIAN_POINT('',(-2.220953434794,-6.353279711764,3.2500001));
#467 = CARTESIAN_POINT('',(-2.45,-6.75,3.2500001));
#468 = ADVANCED_FACE('',(#469),#505,.F.);
#469 = FACE_BOUND('',#470,.F.);
#470 = EDGE_LOOP('',(#471,#480,#490,#497));
#471 = ORIENTED_EDGE('',*,*,#472,.T.);
#472 = EDGE_CURVE('',#473,#475,#477,.T.);
#473 = VERTEX_POINT('',#474);
#474 = CARTESIAN_POINT('',(0.746483967199,0.75,3.2500001));
#475 = VERTEX_POINT('',#476);
#476 = CARTESIAN_POINT('',(0.746483967199,1.05,3.2500001));
#477 = B_SPLINE_CURVE_WITH_KNOTS('',1,(#478,#479),.UNSPECIFIED.,.F.,.F.,
  (2,2),(-2.,-1.7),.PIECEWISE_BEZIER_KNOTS.);
#478 = CARTESIAN_POINT('',(0.746483967199,0.75,3.2500001));
#479 = CARTESIAN_POINT('',(0.746483967199,1.05,3.2500001));
#480 = ORIENTED_EDGE('',*,*,#481,.F.);
#481 = EDGE_CURVE('',#482,#475,#484,.T.);
#482 = VERTEX_POINT('',#483);
#483 = CARTESIAN_POINT('',(-0.746483967199,1.05,3.2500001));
#484 = ( BOUNDED_CURVE() B_SPLINE_CURVE(2,(#485,#486,#487,#488,#489),
.UNSPECIFIED.,.F.,.F.) B_SPLINE_CURVE_WITH_KNOTS((3,2,3),(3.14159265359,
4.712388980385,6.28318530718),.PIECEWISE_BEZIER_KNOTS.) CURVE() 
GEOMETRIC_REPRESENTATION_ITEM() RATIONAL_B_SPLINE_CURVE((1.,
0.707106781187,1.,0.707106781187,1.)) REPRESENTATION_ITEM('') );
#485 = CARTESIAN_POINT('',(-0.746483967199,1.05,3.2500001));
#486 = CARTESIAN_POINT('',(-0.746483967199,1.05,3.996484067199));
#487 = CARTESIAN_POINT('',(5.973413425234E-15,1.05,3.996484067199));
#488 = CARTESIAN_POINT('',(0.746483967199,1.05,3.996484067199));
#489 = CARTESIAN_POINT('',(0.746483967199,1.05,3.2500001));
#490 = ORIENTED_EDGE('',*,*,#491,.F.);
#491 = EDGE_CURVE('',#492,#482,#494,.T.);
#492 = VERTEX_POINT('',#493);
#493 = CARTESIAN_POINT('',(-0.746483967199,0.75,3.2500001));
#494 = B_SPLINE_CURVE_WITH_KNOTS('',1,(#495,#496),.UNSPECIFIED.,.F.,.F.,
  (2,2),(-2.,-1.7),.PIECEWISE_BEZIER_KNOTS.);
#495 = CARTESIAN_POINT('',(-0.746483967199,0.75,3.2500001));
#496 = CARTESIAN_POINT('',(-0.746483967199,1.05,3.2500001));
#497 = ORIENTED_EDGE('',*,*,#498,.T.);
#498 = EDGE_CURVE('',#492,#473,#499,.T.);
#499 = ( BOUNDED_CURVE() B_SPLINE_CURVE(2,(#500,#501,#502,#503,#504),
.UNSPECIFIED.,.F.,.F.) B_SPLINE_CURVE_WITH_KNOTS((3,2,3),(3.14159265359,
4.712388980385,6.28318530718),.PIECEWISE_BEZIER_KNOTS.) CURVE() 
GEOMETRIC_REPRESENTATION_ITEM() RATIONAL_B_SPLINE_CURVE((1.,
0.707106781187,1.,0.707106781187,1.)) REPRESENTATION_ITEM('') );
#500 = CARTESIAN_POINT('',(-0.746483967199,0.75,3.2500001));
#501 = CARTESIAN_POINT('',(-0.746483967199,0.75,3.996484067199));
#502 = CARTESIAN_POINT('',(8.031352618501E-15,0.75,3.996484067199));
#503 = CARTESIAN_POINT('',(0.746483967199,0.75,3.996484067199));
#504 = CARTESIAN_POINT('',(0.746483967199,0.75,3.2500001));
#505 = ( BOUNDED_SURFACE() B_SPLINE_SURFACE(2,1,(
    (#506,#507)
    ,(#508,#509)
    ,(#510,#511)
    ,(#512,#513)
,(#514,#515
    )),.UNSPECIFIED.,.F.,.F.,.F.) B_SPLINE_SURFACE_WITH_KNOTS((3,2,3),(2
    ,2),(3.14159265359,4.712388980385,6.28318530718),(-2.,-1.7),
.PIECEWISE_BEZIER_KNOTS.) GEOMETRIC_REPRESENTATION_ITEM() 
RATIONAL_B_SPLINE_SURFACE((
    (1.,1.)
    ,(0.707106781187,0.707106781187)
    ,(1.,1.)
    ,(0.707106781187,0.707106781187)
,(1.,1.))) REPRESENTATION_ITEM('') SURFACE() );
#506 = CARTESIAN_POINT('',(-0.746483967199,0.75,3.2500001));
#507 = CARTESIAN_POINT('',(-0.746483967199,1.05,3.2500001));
#508 = CARTESIAN_POINT('',(-0.746483967199,0.75,3.996484067199));
#509 = CARTESIAN_POINT('',(-0.746483967199,1.05,3.996484067199));
#510 = CARTESIAN_POINT('',(8.031352618501E-15,0.75,3.996484067199));
#511 = CARTESIAN_POINT('',(5.973413425234E-15,1.05,3.996484067199));
#512 = CARTESIAN_POINT('',(0.746483967199,0.75,3.996484067199));
#513 = CARTESIAN_POINT('',(0.746483967199,1.05,3.996484067199));
#514 = CARTESIAN_POINT('',(0.746483967199,0.75,3.2500001));
#515 = CARTESIAN_POINT('',(0.746483967199,1.05,3.2500001));
#516 = ADVANCED_FACE('',(#517),#571,.T.);
#517 = FACE_BOUND('',#518,.T.);
#518 = EDGE_LOOP('',(#519,#535,#542,#552,#559,#566));
#519 = ORIENTED_EDGE('',*,*,#520,.T.);
#520 = EDGE_CURVE('',#521,#523,#525,.T.);
#521 = VERTEX_POINT('',#522);
#522 = CARTESIAN_POINT('',(2.6,-1.950000002185,3.2500001));
#523 = VERTEX_POINT('',#524);
#524 = CARTESIAN_POINT('',(-2.6,-1.550000002185,3.2500001));
#525 = ( BOUNDED_CURVE() B_SPLINE_CURVE(2,(#526,#527,#528,#529,#530,#531
,#532,#533,#534),.UNSPECIFIED.,.F.,.F.) B_SPLINE_CURVE_WITH_KNOTS((3,2,2
,2,3),(0.8,0.825,0.85,0.875,0.9),.PIECEWISE_BEZIER_KNOTS.) CURVE() 
GEOMETRIC_REPRESENTATION_ITEM() RATIONAL_B_SPLINE_CURVE((1.,
    0.923879532511,1.,0.923879532511,1.,0.923879532511,1.,0.923879532511
,1.)) REPRESENTATION_ITEM('') );
#526 = CARTESIAN_POINT('',(2.6,-1.950000002185,3.2500001));
#527 = CARTESIAN_POINT('',(2.6,-1.900000002185,2.17304483783));
#528 = CARTESIAN_POINT('',(1.838477631085,-1.850000002185,1.411522468915
    ));
#529 = CARTESIAN_POINT('',(1.07695526217,-1.800000002185,0.6500001));
#530 = CARTESIAN_POINT('',(2.547717687477E-14,-1.750000002185,0.6500001)
  );
#531 = CARTESIAN_POINT('',(-1.07695526217,-1.700000002185,0.6500001));
#532 = CARTESIAN_POINT('',(-1.838477631085,-1.650000002185,
    1.411522468915));
#533 = CARTESIAN_POINT('',(-2.6,-1.600000002185,2.17304483783));
#534 = CARTESIAN_POINT('',(-2.6,-1.550000002185,3.2500001));
#535 = ORIENTED_EDGE('',*,*,#536,.T.);
#536 = EDGE_CURVE('',#523,#537,#539,.T.);
#537 = VERTEX_POINT('',#538);
#538 = CARTESIAN_POINT('',(-2.6,1.25,3.2500001));
#539 = B_SPLINE_CURVE_WITH_KNOTS('',1,(#540,#541),.UNSPECIFIED.,.F.,.F.,
  (2,2),(-4.300000002185,-1.5),.PIECEWISE_BEZIER_KNOTS.);
#540 = CARTESIAN_POINT('',(-2.6,-1.550000002185,3.2500001));
#541 = CARTESIAN_POINT('',(-2.6,1.25,3.2500001));
#542 = ORIENTED_EDGE('',*,*,#543,.F.);
#543 = EDGE_CURVE('',#544,#537,#546,.T.);
#544 = VERTEX_POINT('',#545);
#545 = CARTESIAN_POINT('',(2.6,1.25,3.2500001));
#546 = ( BOUNDED_CURVE() B_SPLINE_CURVE(2,(#547,#548,#549,#550,#551),
.UNSPECIFIED.,.F.,.F.) B_SPLINE_CURVE_WITH_KNOTS((3,2,3),(0.,
1.570796326795,3.14159265359),.PIECEWISE_BEZIER_KNOTS.) CURVE() 
GEOMETRIC_REPRESENTATION_ITEM() RATIONAL_B_SPLINE_CURVE((1.,
0.707106781187,1.,0.707106781187,1.)) REPRESENTATION_ITEM('') );
#547 = CARTESIAN_POINT('',(2.6,1.25,3.2500001));
#548 = CARTESIAN_POINT('',(2.6,1.25,0.6500001));
#549 = CARTESIAN_POINT('',(4.897784927101E-15,1.25,0.6500001));
#550 = CARTESIAN_POINT('',(-2.6,1.25,0.6500001));
#551 = CARTESIAN_POINT('',(-2.6,1.25,3.2500001));
#552 = ORIENTED_EDGE('',*,*,#553,.F.);
#553 = EDGE_CURVE('',#554,#544,#556,.T.);
#554 = VERTEX_POINT('',#555);
#555 = CARTESIAN_POINT('',(2.6,-1.150000002185,3.2500001));
#556 = B_SPLINE_CURVE_WITH_KNOTS('',1,(#557,#558),.UNSPECIFIED.,.F.,.F.,
  (2,2),(-3.900000002185,-1.5),.PIECEWISE_BEZIER_KNOTS.);
#557 = CARTESIAN_POINT('',(2.6,-1.150000002185,3.2500001));
#558 = CARTESIAN_POINT('',(2.6,1.25,3.2500001));
#559 = ORIENTED_EDGE('',*,*,#560,.F.);
#560 = EDGE_CURVE('',#561,#554,#563,.T.);
#561 = VERTEX_POINT('',#562);
#562 = CARTESIAN_POINT('',(2.6,-1.75,3.2500001));
#563 = B_SPLINE_CURVE_WITH_KNOTS('',1,(#564,#565),.UNSPECIFIED.,.F.,.F.,
  (2,2),(-0.299999998908,0.299999998908),.PIECEWISE_BEZIER_KNOTS.);
#564 = CARTESIAN_POINT('',(2.6,-1.75,3.2500001));
#565 = CARTESIAN_POINT('',(2.6,-1.150000002185,3.2500001));
#566 = ORIENTED_EDGE('',*,*,#567,.F.);
#567 = EDGE_CURVE('',#521,#561,#568,.T.);
#568 = B_SPLINE_CURVE_WITH_KNOTS('',1,(#569,#570),.UNSPECIFIED.,.F.,.F.,
  (2,2),(-4.700000002185,-4.5),.PIECEWISE_BEZIER_KNOTS.);
#569 = CARTESIAN_POINT('',(2.6,-1.950000002185,3.2500001));
#570 = CARTESIAN_POINT('',(2.6,-1.75,3.2500001));
#571 = ( BOUNDED_SURFACE() B_SPLINE_SURFACE(2,1,(
    (#572,#573)
    ,(#574,#575)
    ,(#576,#577)
    ,(#578,#579)
,(#580,#581
    )),.UNSPECIFIED.,.F.,.F.,.F.) B_SPLINE_SURFACE_WITH_KNOTS((3,2,3),(2
    ,2),(0.,1.570796326795,3.14159265359),(-4.700000002185,-1.5),
.PIECEWISE_BEZIER_KNOTS.) GEOMETRIC_REPRESENTATION_ITEM() 
RATIONAL_B_SPLINE_SURFACE((
    (1.,1.)
    ,(0.707106781187,0.707106781187)
    ,(1.,1.)
    ,(0.707106781187,0.707106781187)
,(1.,1.))) REPRESENTATION_ITEM('') SURFACE() );
#572 = CARTESIAN_POINT('',(2.6,-1.950000002185,3.2500001));
#573 = CARTESIAN_POINT('',(2.6,1.25,3.2500001));
#574 = CARTESIAN_POINT('',(2.6,-1.950000002185,0.6500001));
#575 = CARTESIAN_POINT('',(2.6,1.25,0.6500001));
#576 = CARTESIAN_POINT('',(2.684913633694E-14,-1.950000002185,0.6500001)
  );
#577 = CARTESIAN_POINT('',(4.897784927101E-15,1.25,0.6500001));
#578 = CARTESIAN_POINT('',(-2.6,-1.950000002185,0.6500001));
#579 = CARTESIAN_POINT('',(-2.6,1.25,0.6500001));
#580 = CARTESIAN_POINT('',(-2.6,-1.950000002185,3.2500001));
#581 = CARTESIAN_POINT('',(-2.6,1.25,3.2500001));
#582 = ADVANCED_FACE('',(#583),#623,.T.);
#583 = FACE_BOUND('',#584,.T.);
#584 = EDGE_LOOP('',(#585,#597,#604,#618));
#585 = ORIENTED_EDGE('',*,*,#586,.T.);
#586 = EDGE_CURVE('',#587,#589,#591,.T.);
#587 = VERTEX_POINT('',#588);
#588 = CARTESIAN_POINT('',(2.6,-6.75,3.2500001));
#589 = VERTEX_POINT('',#590);
#590 = CARTESIAN_POINT('',(-2.6,-6.75,3.2500001));
#591 = ( BOUNDED_CURVE() B_SPLINE_CURVE(2,(#592,#593,#594,#595,#596),
.UNSPECIFIED.,.F.,.F.) B_SPLINE_CURVE_WITH_KNOTS((3,2,3),(0.,
1.570796326795,3.14159265359),.PIECEWISE_BEZIER_KNOTS.) CURVE() 
GEOMETRIC_REPRESENTATION_ITEM() RATIONAL_B_SPLINE_CURVE((1.,
0.707106781187,1.,0.707106781187,1.)) REPRESENTATION_ITEM('') );
#592 = CARTESIAN_POINT('',(2.6,-6.75,3.2500001));
#593 = CARTESIAN_POINT('',(2.6,-6.75,0.6500001));
#594 = CARTESIAN_POINT('',(5.977616341424E-14,-6.75,0.6500001));
#595 = CARTESIAN_POINT('',(-2.6,-6.75,0.6500001));
#596 = CARTESIAN_POINT('',(-2.6,-6.75,3.2500001));
#597 = ORIENTED_EDGE('',*,*,#598,.T.);
#598 = EDGE_CURVE('',#589,#599,#601,.T.);
#599 = VERTEX_POINT('',#600);
#600 = CARTESIAN_POINT('',(-2.6,-5.35,3.2500001));
#601 = B_SPLINE_CURVE_WITH_KNOTS('',1,(#602,#603),.UNSPECIFIED.,.F.,.F.,
  (2,2),(-9.5,-8.1),.PIECEWISE_BEZIER_KNOTS.);
#602 = CARTESIAN_POINT('',(-2.6,-6.75,3.2500001));
#603 = CARTESIAN_POINT('',(-2.6,-5.35,3.2500001));
#604 = ORIENTED_EDGE('',*,*,#605,.F.);
#605 = EDGE_CURVE('',#606,#599,#608,.T.);
#606 = VERTEX_POINT('',#607);
#607 = CARTESIAN_POINT('',(2.6,-5.75,3.2500001));
#608 = ( BOUNDED_CURVE() B_SPLINE_CURVE(2,(#609,#610,#611,#612,#613,#614
,#615,#616,#617),.UNSPECIFIED.,.F.,.F.) B_SPLINE_CURVE_WITH_KNOTS((3,2,2
,2,3),(0.,2.5E-02,5.E-02,7.5E-02,0.1),.UNSPECIFIED.) CURVE() 
GEOMETRIC_REPRESENTATION_ITEM() RATIONAL_B_SPLINE_CURVE((1.,
    0.923879532511,1.,0.923879532511,1.,0.923879532511,1.,0.923879532511
,1.)) REPRESENTATION_ITEM('') );
#609 = CARTESIAN_POINT('',(2.6,-5.75,3.2500001));
#610 = CARTESIAN_POINT('',(2.6,-5.7,2.17304483783));
#611 = CARTESIAN_POINT('',(1.838477631085,-5.65,1.411522468915));
#612 = CARTESIAN_POINT('',(1.07695526217,-5.6,0.6500001));
#613 = CARTESIAN_POINT('',(5.154440664117E-14,-5.55,0.6500001));
#614 = CARTESIAN_POINT('',(-1.07695526217,-5.5,0.6500001));
#615 = CARTESIAN_POINT('',(-1.838477631085,-5.45,1.411522468915));
#616 = CARTESIAN_POINT('',(-2.6,-5.4,2.17304483783));
#617 = CARTESIAN_POINT('',(-2.6,-5.35,3.2500001));
#618 = ORIENTED_EDGE('',*,*,#619,.F.);
#619 = EDGE_CURVE('',#587,#606,#620,.T.);
#620 = B_SPLINE_CURVE_WITH_KNOTS('',1,(#621,#622),.UNSPECIFIED.,.F.,.F.,
  (2,2),(-9.5,-8.5),.PIECEWISE_BEZIER_KNOTS.);
#621 = CARTESIAN_POINT('',(2.6,-6.75,3.2500001));
#622 = CARTESIAN_POINT('',(2.6,-5.75,3.2500001));
#623 = ( BOUNDED_SURFACE() B_SPLINE_SURFACE(2,1,(
    (#624,#625)
    ,(#626,#627)
    ,(#628,#629)
    ,(#630,#631)
,(#632,#633
    )),.UNSPECIFIED.,.F.,.F.,.F.) B_SPLINE_SURFACE_WITH_KNOTS((3,2,3),(2
    ,2),(0.,1.570796326795,3.14159265359),(-9.5,-8.1),
.PIECEWISE_BEZIER_KNOTS.) GEOMETRIC_REPRESENTATION_ITEM() 
RATIONAL_B_SPLINE_SURFACE((
    (1.,1.)
    ,(0.707106781187,0.707106781187)
    ,(1.,1.)
    ,(0.707106781187,0.707106781187)
,(1.,1.))) REPRESENTATION_ITEM('') SURFACE() );
#624 = CARTESIAN_POINT('',(2.6,-6.75,3.2500001));
#625 = CARTESIAN_POINT('',(2.6,-5.35,3.2500001));
#626 = CARTESIAN_POINT('',(2.6,-6.75,0.6500001));
#627 = CARTESIAN_POINT('',(2.6,-5.35,0.6500001));
#628 = CARTESIAN_POINT('',(5.977616341424E-14,-6.75,0.6500001));
#629 = CARTESIAN_POINT('',(5.017244717899E-14,-5.35,0.6500001));
#630 = CARTESIAN_POINT('',(-2.6,-6.75,0.6500001));
#631 = CARTESIAN_POINT('',(-2.6,-5.35,0.6500001));
#632 = CARTESIAN_POINT('',(-2.6,-6.75,3.2500001));
#633 = CARTESIAN_POINT('',(-2.6,-5.35,3.2500001));
#634 = ADVANCED_FACE('',(#635),#679,.T.);
#635 = FACE_BOUND('',#636,.T.);
#636 = EDGE_LOOP('',(#637,#653,#660,#674));
#637 = ORIENTED_EDGE('',*,*,#638,.T.);
#638 = EDGE_CURVE('',#639,#641,#643,.T.);
#639 = VERTEX_POINT('',#640);
#640 = CARTESIAN_POINT('',(2.6,-5.150000002185,3.2500001));
#641 = VERTEX_POINT('',#642);
#642 = CARTESIAN_POINT('',(-2.6,-4.750000002185,3.2500001));
#643 = ( BOUNDED_CURVE() B_SPLINE_CURVE(2,(#644,#645,#646,#647,#648,#649
,#650,#651,#652),.UNSPECIFIED.,.F.,.F.) B_SPLINE_CURVE_WITH_KNOTS((3,2,2
,2,3),(0.,2.5E-02,5.E-02,7.5E-02,0.1),.UNSPECIFIED.) CURVE() 
GEOMETRIC_REPRESENTATION_ITEM() RATIONAL_B_SPLINE_CURVE((1.,
    0.923879532511,1.,0.923879532511,1.,0.923879532511,1.,0.923879532511
,1.)) REPRESENTATION_ITEM('') );
#644 = CARTESIAN_POINT('',(2.6,-5.150000002185,3.2500001));
#645 = CARTESIAN_POINT('',(2.6,-5.100000002185,2.17304483783));
#646 = CARTESIAN_POINT('',(1.838477631085,-5.050000002185,1.411522468915
    ));
#647 = CARTESIAN_POINT('',(1.07695526217,-5.000000002185,0.6500001));
#648 = CARTESIAN_POINT('',(4.742852826962E-14,-4.950000002185,0.6500001)
  );
#649 = CARTESIAN_POINT('',(-1.07695526217,-4.900000002185,0.6500001));
#650 = CARTESIAN_POINT('',(-1.838477631085,-4.850000002185,
    1.411522468915));
#651 = CARTESIAN_POINT('',(-2.6,-4.800000002185,2.17304483783));
#652 = CARTESIAN_POINT('',(-2.6,-4.750000002185,3.2500001));
#653 = ORIENTED_EDGE('',*,*,#654,.T.);
#654 = EDGE_CURVE('',#641,#655,#657,.T.);
#655 = VERTEX_POINT('',#656);
#656 = CARTESIAN_POINT('',(-2.6,-4.55,3.2500001));
#657 = B_SPLINE_CURVE_WITH_KNOTS('',1,(#658,#659),.UNSPECIFIED.,.F.,.F.,
  (2,2),(-7.500000002185,-7.3),.PIECEWISE_BEZIER_KNOTS.);
#658 = CARTESIAN_POINT('',(-2.6,-4.750000002185,3.2500001));
#659 = CARTESIAN_POINT('',(-2.6,-4.55,3.2500001));
#660 = ORIENTED_EDGE('',*,*,#661,.F.);
#661 = EDGE_CURVE('',#662,#655,#664,.T.);
#662 = VERTEX_POINT('',#663);
#663 = CARTESIAN_POINT('',(2.6,-4.95,3.2500001));
#664 = ( BOUNDED_CURVE() B_SPLINE_CURVE(2,(#665,#666,#667,#668,#669,#670
,#671,#672,#673),.UNSPECIFIED.,.F.,.F.) B_SPLINE_CURVE_WITH_KNOTS((3,2,2
,2,3),(0.2,0.225,0.25,0.275,0.3),.PIECEWISE_BEZIER_KNOTS.) CURVE() 
GEOMETRIC_REPRESENTATION_ITEM() RATIONAL_B_SPLINE_CURVE((1.,
    0.923879532511,1.,0.923879532511,1.,0.923879532511,1.,0.923879532511
,1.)) REPRESENTATION_ITEM('') );
#665 = CARTESIAN_POINT('',(2.6,-4.95,3.2500001));
#666 = CARTESIAN_POINT('',(2.6,-4.9,2.17304483783));
#667 = CARTESIAN_POINT('',(1.838477631085,-4.85,1.411522468915));
#668 = CARTESIAN_POINT('',(1.07695526217,-4.8,0.6500001));
#669 = CARTESIAN_POINT('',(4.605656879245E-14,-4.75,0.6500001));
#670 = CARTESIAN_POINT('',(-1.07695526217,-4.7,0.6500001));
#671 = CARTESIAN_POINT('',(-1.838477631085,-4.65,1.411522468915));
#672 = CARTESIAN_POINT('',(-2.6,-4.6,2.17304483783));
#673 = CARTESIAN_POINT('',(-2.6,-4.55,3.2500001));
#674 = ORIENTED_EDGE('',*,*,#675,.F.);
#675 = EDGE_CURVE('',#639,#662,#676,.T.);
#676 = B_SPLINE_CURVE_WITH_KNOTS('',1,(#677,#678),.UNSPECIFIED.,.F.,.F.,
  (2,2),(-7.900000002185,-7.7),.PIECEWISE_BEZIER_KNOTS.);
#677 = CARTESIAN_POINT('',(2.6,-5.150000002185,3.2500001));
#678 = CARTESIAN_POINT('',(2.6,-4.95,3.2500001));
#679 = ( BOUNDED_SURFACE() B_SPLINE_SURFACE(2,1,(
    (#680,#681)
    ,(#682,#683)
    ,(#684,#685)
    ,(#686,#687)
,(#688,#689
    )),.UNSPECIFIED.,.F.,.F.,.F.) B_SPLINE_SURFACE_WITH_KNOTS((3,2,3),(2
    ,2),(0.,1.570796326795,3.14159265359),(-7.900000002185,-7.3),
.PIECEWISE_BEZIER_KNOTS.) GEOMETRIC_REPRESENTATION_ITEM() 
RATIONAL_B_SPLINE_SURFACE((
    (1.,1.)
    ,(0.707106781187,0.707106781187)
    ,(1.,1.)
    ,(0.707106781187,0.707106781187)
,(1.,1.))) REPRESENTATION_ITEM('') SURFACE() );
#680 = CARTESIAN_POINT('',(2.6,-5.150000002185,3.2500001));
#681 = CARTESIAN_POINT('',(2.6,-4.55,3.2500001));
#682 = CARTESIAN_POINT('',(2.6,-5.150000002185,0.6500001));
#683 = CARTESIAN_POINT('',(2.6,-4.55,0.6500001));
#684 = CARTESIAN_POINT('',(4.88004877318E-14,-5.150000002185,0.6500001)
  );
#685 = CARTESIAN_POINT('',(4.468460933027E-14,-4.55,0.6500001));
#686 = CARTESIAN_POINT('',(-2.6,-5.150000002185,0.6500001));
#687 = CARTESIAN_POINT('',(-2.6,-4.55,0.6500001));
#688 = CARTESIAN_POINT('',(-2.6,-5.150000002185,3.2500001));
#689 = CARTESIAN_POINT('',(-2.6,-4.55,3.2500001));
#690 = ADVANCED_FACE('',(#691),#735,.T.);
#691 = FACE_BOUND('',#692,.T.);
#692 = EDGE_LOOP('',(#693,#709,#716,#730));
#693 = ORIENTED_EDGE('',*,*,#694,.T.);
#694 = EDGE_CURVE('',#695,#697,#699,.T.);
#695 = VERTEX_POINT('',#696);
#696 = CARTESIAN_POINT('',(2.6,-4.350000002185,3.2500001));
#697 = VERTEX_POINT('',#698);
#698 = CARTESIAN_POINT('',(-2.6,-3.950000002185,3.2500001));
#699 = ( BOUNDED_CURVE() B_SPLINE_CURVE(2,(#700,#701,#702,#703,#704,#705
,#706,#707,#708),.UNSPECIFIED.,.F.,.F.) B_SPLINE_CURVE_WITH_KNOTS((3,2,2
,2,3),(0.2,0.225,0.25,0.275,0.3),.PIECEWISE_BEZIER_KNOTS.) CURVE() 
GEOMETRIC_REPRESENTATION_ITEM() RATIONAL_B_SPLINE_CURVE((1.,
    0.923879532511,1.,0.923879532511,1.,0.923879532511,1.,0.923879532511
,1.)) REPRESENTATION_ITEM('') );
#700 = CARTESIAN_POINT('',(2.6,-4.350000002185,3.2500001));
#701 = CARTESIAN_POINT('',(2.6,-4.300000002185,2.17304483783));
#702 = CARTESIAN_POINT('',(1.838477631085,-4.250000002185,1.411522468915
    ));
#703 = CARTESIAN_POINT('',(1.07695526217,-4.200000002185,0.6500001));
#704 = CARTESIAN_POINT('',(4.194069042091E-14,-4.150000002185,0.6500001)
  );
#705 = CARTESIAN_POINT('',(-1.07695526217,-4.100000002185,0.6500001));
#706 = CARTESIAN_POINT('',(-1.838477631085,-4.050000002185,
    1.411522468915));
#707 = CARTESIAN_POINT('',(-2.6,-4.000000002185,2.17304483783));
#708 = CARTESIAN_POINT('',(-2.6,-3.950000002185,3.2500001));
#709 = ORIENTED_EDGE('',*,*,#710,.T.);
#710 = EDGE_CURVE('',#697,#711,#713,.T.);
#711 = VERTEX_POINT('',#712);
#712 = CARTESIAN_POINT('',(-2.6,-3.75,3.2500001));
#713 = B_SPLINE_CURVE_WITH_KNOTS('',1,(#714,#715),.UNSPECIFIED.,.F.,.F.,
  (2,2),(-6.700000002185,-6.5),.PIECEWISE_BEZIER_KNOTS.);
#714 = CARTESIAN_POINT('',(-2.6,-3.950000002185,3.2500001));
#715 = CARTESIAN_POINT('',(-2.6,-3.75,3.2500001));
#716 = ORIENTED_EDGE('',*,*,#717,.F.);
#717 = EDGE_CURVE('',#718,#711,#720,.T.);
#718 = VERTEX_POINT('',#719);
#719 = CARTESIAN_POINT('',(2.6,-4.15,3.2500001));
#720 = ( BOUNDED_CURVE() B_SPLINE_CURVE(2,(#721,#722,#723,#724,#725,#726
,#727,#728,#729),.UNSPECIFIED.,.F.,.F.) B_SPLINE_CURVE_WITH_KNOTS((3,2,2
,2,3),(0.4,0.425,0.45,0.475,0.5),.PIECEWISE_BEZIER_KNOTS.) CURVE() 
GEOMETRIC_REPRESENTATION_ITEM() RATIONAL_B_SPLINE_CURVE((1.,
    0.923879532511,1.,0.923879532511,1.,0.923879532511,1.,0.923879532511
,1.)) REPRESENTATION_ITEM('') );
#721 = CARTESIAN_POINT('',(2.6,-4.15,3.2500001));
#722 = CARTESIAN_POINT('',(2.6,-4.1,2.17304483783));
#723 = CARTESIAN_POINT('',(1.838477631085,-4.05,1.411522468915));
#724 = CARTESIAN_POINT('',(1.07695526217,-4.,0.6500001));
#725 = CARTESIAN_POINT('',(4.056873094374E-14,-3.95,0.6500001));
#726 = CARTESIAN_POINT('',(-1.07695526217,-3.9,0.6500001));
#727 = CARTESIAN_POINT('',(-1.838477631085,-3.85,1.411522468915));
#728 = CARTESIAN_POINT('',(-2.6,-3.8,2.17304483783));
#729 = CARTESIAN_POINT('',(-2.6,-3.75,3.2500001));
#730 = ORIENTED_EDGE('',*,*,#731,.F.);
#731 = EDGE_CURVE('',#695,#718,#732,.T.);
#732 = B_SPLINE_CURVE_WITH_KNOTS('',1,(#733,#734),.UNSPECIFIED.,.F.,.F.,
  (2,2),(-7.100000002185,-6.9),.PIECEWISE_BEZIER_KNOTS.);
#733 = CARTESIAN_POINT('',(2.6,-4.350000002185,3.2500001));
#734 = CARTESIAN_POINT('',(2.6,-4.15,3.2500001));
#735 = ( BOUNDED_SURFACE() B_SPLINE_SURFACE(2,1,(
    (#736,#737)
    ,(#738,#739)
    ,(#740,#741)
    ,(#742,#743)
,(#744,#745
    )),.UNSPECIFIED.,.F.,.F.,.F.) B_SPLINE_SURFACE_WITH_KNOTS((3,2,3),(2
    ,2),(0.,1.570796326795,3.14159265359),(-7.100000002185,-6.5),
.PIECEWISE_BEZIER_KNOTS.) GEOMETRIC_REPRESENTATION_ITEM() 
RATIONAL_B_SPLINE_SURFACE((
    (1.,1.)
    ,(0.707106781187,0.707106781187)
    ,(1.,1.)
    ,(0.707106781187,0.707106781187)
,(1.,1.))) REPRESENTATION_ITEM('') SURFACE() );
#736 = CARTESIAN_POINT('',(2.6,-4.350000002185,3.2500001));
#737 = CARTESIAN_POINT('',(2.6,-3.75,3.2500001));
#738 = CARTESIAN_POINT('',(2.6,-4.350000002185,0.6500001));
#739 = CARTESIAN_POINT('',(2.6,-3.75,0.6500001));
#740 = CARTESIAN_POINT('',(4.331264988308E-14,-4.350000002185,0.6500001)
  );
#741 = CARTESIAN_POINT('',(3.919677148156E-14,-3.75,0.6500001));
#742 = CARTESIAN_POINT('',(-2.6,-4.350000002185,0.6500001));
#743 = CARTESIAN_POINT('',(-2.6,-3.75,0.6500001));
#744 = CARTESIAN_POINT('',(-2.6,-4.350000002185,3.2500001));
#745 = CARTESIAN_POINT('',(-2.6,-3.75,3.2500001));
#746 = ADVANCED_FACE('',(#747),#791,.T.);
#747 = FACE_BOUND('',#748,.T.);
#748 = EDGE_LOOP('',(#749,#765,#772,#786));
#749 = ORIENTED_EDGE('',*,*,#750,.T.);
#750 = EDGE_CURVE('',#751,#753,#755,.T.);
#751 = VERTEX_POINT('',#752);
#752 = CARTESIAN_POINT('',(2.6,-3.550000002185,3.2500001));
#753 = VERTEX_POINT('',#754);
#754 = CARTESIAN_POINT('',(-2.6,-3.150000002185,3.2500001));
#755 = ( BOUNDED_CURVE() B_SPLINE_CURVE(2,(#756,#757,#758,#759,#760,#761
,#762,#763,#764),.UNSPECIFIED.,.F.,.F.) B_SPLINE_CURVE_WITH_KNOTS((3,2,2
,2,3),(0.4,0.425,0.45,0.475,0.5),.PIECEWISE_BEZIER_KNOTS.) CURVE() 
GEOMETRIC_REPRESENTATION_ITEM() RATIONAL_B_SPLINE_CURVE((1.,
    0.923879532511,1.,0.923879532511,1.,0.923879532511,1.,0.923879532511
,1.)) REPRESENTATION_ITEM('') );
#756 = CARTESIAN_POINT('',(2.6,-3.550000002185,3.2500001));
#757 = CARTESIAN_POINT('',(2.6,-3.500000002185,2.17304483783));
#758 = CARTESIAN_POINT('',(1.838477631085,-3.450000002185,1.411522468915
    ));
#759 = CARTESIAN_POINT('',(1.07695526217,-3.400000002185,0.6500001));
#760 = CARTESIAN_POINT('',(3.645285257219E-14,-3.350000002185,0.6500001)
  );
#761 = CARTESIAN_POINT('',(-1.07695526217,-3.300000002185,0.6500001));
#762 = CARTESIAN_POINT('',(-1.838477631085,-3.250000002185,
    1.411522468915));
#763 = CARTESIAN_POINT('',(-2.6,-3.200000002185,2.17304483783));
#764 = CARTESIAN_POINT('',(-2.6,-3.150000002185,3.2500001));
#765 = ORIENTED_EDGE('',*,*,#766,.T.);
#766 = EDGE_CURVE('',#753,#767,#769,.T.);
#767 = VERTEX_POINT('',#768);
#768 = CARTESIAN_POINT('',(-2.6,-2.95,3.2500001));
#769 = B_SPLINE_CURVE_WITH_KNOTS('',1,(#770,#771),.UNSPECIFIED.,.F.,.F.,
  (2,2),(-5.900000002185,-5.7),.PIECEWISE_BEZIER_KNOTS.);
#770 = CARTESIAN_POINT('',(-2.6,-3.150000002185,3.2500001));
#771 = CARTESIAN_POINT('',(-2.6,-2.95,3.2500001));
#772 = ORIENTED_EDGE('',*,*,#773,.F.);
#773 = EDGE_CURVE('',#774,#767,#776,.T.);
#774 = VERTEX_POINT('',#775);
#775 = CARTESIAN_POINT('',(2.6,-3.35,3.2500001));
#776 = ( BOUNDED_CURVE() B_SPLINE_CURVE(2,(#777,#778,#779,#780,#781,#782
,#783,#784,#785),.UNSPECIFIED.,.F.,.F.) B_SPLINE_CURVE_WITH_KNOTS((3,2,2
,2,3),(0.6,0.625,0.65,0.675,0.7),.PIECEWISE_BEZIER_KNOTS.) CURVE() 
GEOMETRIC_REPRESENTATION_ITEM() RATIONAL_B_SPLINE_CURVE((1.,
    0.923879532511,1.,0.923879532511,1.,0.923879532511,1.,0.923879532511
,1.)) REPRESENTATION_ITEM('') );
#777 = CARTESIAN_POINT('',(2.6,-3.35,3.2500001));
#778 = CARTESIAN_POINT('',(2.6,-3.3,2.17304483783));
#779 = CARTESIAN_POINT('',(1.838477631085,-3.25,1.411522468915));
#780 = CARTESIAN_POINT('',(1.07695526217,-3.2,0.6500001));
#781 = CARTESIAN_POINT('',(3.508089309503E-14,-3.15,0.6500001));
#782 = CARTESIAN_POINT('',(-1.07695526217,-3.1,0.6500001));
#783 = CARTESIAN_POINT('',(-1.838477631085,-3.05,1.411522468915));
#784 = CARTESIAN_POINT('',(-2.6,-3.,2.17304483783));
#785 = CARTESIAN_POINT('',(-2.6,-2.95,3.2500001));
#786 = ORIENTED_EDGE('',*,*,#787,.F.);
#787 = EDGE_CURVE('',#751,#774,#788,.T.);
#788 = B_SPLINE_CURVE_WITH_KNOTS('',1,(#789,#790),.UNSPECIFIED.,.F.,.F.,
  (2,2),(-6.300000002185,-6.1),.PIECEWISE_BEZIER_KNOTS.);
#789 = CARTESIAN_POINT('',(2.6,-3.550000002185,3.2500001));
#790 = CARTESIAN_POINT('',(2.6,-3.35,3.2500001));
#791 = ( BOUNDED_SURFACE() B_SPLINE_SURFACE(2,1,(
    (#792,#793)
    ,(#794,#795)
    ,(#796,#797)
    ,(#798,#799)
,(#800,#801
    )),.UNSPECIFIED.,.F.,.F.,.F.) B_SPLINE_SURFACE_WITH_KNOTS((3,2,3),(2
    ,2),(0.,1.570796326795,3.14159265359),(-6.300000002185,-5.7),
.PIECEWISE_BEZIER_KNOTS.) GEOMETRIC_REPRESENTATION_ITEM() 
RATIONAL_B_SPLINE_SURFACE((
    (1.,1.)
    ,(0.707106781187,0.707106781187)
    ,(1.,1.)
    ,(0.707106781187,0.707106781187)
,(1.,1.))) REPRESENTATION_ITEM('') SURFACE() );
#792 = CARTESIAN_POINT('',(2.6,-3.550000002185,3.2500001));
#793 = CARTESIAN_POINT('',(2.6,-2.95,3.2500001));
#794 = CARTESIAN_POINT('',(2.6,-3.550000002185,0.6500001));
#795 = CARTESIAN_POINT('',(2.6,-2.95,0.6500001));
#796 = CARTESIAN_POINT('',(3.782481203437E-14,-3.550000002185,0.6500001)
  );
#797 = CARTESIAN_POINT('',(3.370893363285E-14,-2.95,0.6500001));
#798 = CARTESIAN_POINT('',(-2.6,-3.550000002185,0.6500001));
#799 = CARTESIAN_POINT('',(-2.6,-2.95,0.6500001));
#800 = CARTESIAN_POINT('',(-2.6,-3.550000002185,3.2500001));
#801 = CARTESIAN_POINT('',(-2.6,-2.95,3.2500001));
#802 = ADVANCED_FACE('',(#803),#847,.T.);
#803 = FACE_BOUND('',#804,.T.);
#804 = EDGE_LOOP('',(#805,#821,#828,#842));
#805 = ORIENTED_EDGE('',*,*,#806,.T.);
#806 = EDGE_CURVE('',#807,#809,#811,.T.);
#807 = VERTEX_POINT('',#808);
#808 = CARTESIAN_POINT('',(2.6,-2.750000002185,3.2500001));
#809 = VERTEX_POINT('',#810);
#810 = CARTESIAN_POINT('',(-2.6,-2.350000002185,3.2500001));
#811 = ( BOUNDED_CURVE() B_SPLINE_CURVE(2,(#812,#813,#814,#815,#816,#817
,#818,#819,#820),.UNSPECIFIED.,.F.,.F.) B_SPLINE_CURVE_WITH_KNOTS((3,2,2
,2,3),(0.6,0.625,0.65,0.675,0.7),.PIECEWISE_BEZIER_KNOTS.) CURVE() 
GEOMETRIC_REPRESENTATION_ITEM() RATIONAL_B_SPLINE_CURVE((1.,
    0.923879532511,1.,0.923879532511,1.,0.923879532511,1.,0.923879532511
,1.)) REPRESENTATION_ITEM('') );
#812 = CARTESIAN_POINT('',(2.6,-2.750000002185,3.2500001));
#813 = CARTESIAN_POINT('',(2.6,-2.700000002185,2.17304483783));
#814 = CARTESIAN_POINT('',(1.838477631085,-2.650000002185,1.411522468915
    ));
#815 = CARTESIAN_POINT('',(1.07695526217,-2.600000002185,0.6500001));
#816 = CARTESIAN_POINT('',(3.096501472348E-14,-2.550000002185,0.6500001)
  );
#817 = CARTESIAN_POINT('',(-1.07695526217,-2.500000002185,0.6500001));
#818 = CARTESIAN_POINT('',(-1.838477631085,-2.450000002185,
    1.411522468915));
#819 = CARTESIAN_POINT('',(-2.6,-2.400000002185,2.17304483783));
#820 = CARTESIAN_POINT('',(-2.6,-2.350000002185,3.2500001));
#821 = ORIENTED_EDGE('',*,*,#822,.T.);
#822 = EDGE_CURVE('',#809,#823,#825,.T.);
#823 = VERTEX_POINT('',#824);
#824 = CARTESIAN_POINT('',(-2.6,-2.15,3.2500001));
#825 = B_SPLINE_CURVE_WITH_KNOTS('',1,(#826,#827),.UNSPECIFIED.,.F.,.F.,
  (2,2),(-5.100000002185,-4.9),.PIECEWISE_BEZIER_KNOTS.);
#826 = CARTESIAN_POINT('',(-2.6,-2.350000002185,3.2500001));
#827 = CARTESIAN_POINT('',(-2.6,-2.15,3.2500001));
#828 = ORIENTED_EDGE('',*,*,#829,.F.);
#829 = EDGE_CURVE('',#830,#823,#832,.T.);
#830 = VERTEX_POINT('',#831);
#831 = CARTESIAN_POINT('',(2.6,-2.55,3.2500001));
#832 = ( BOUNDED_CURVE() B_SPLINE_CURVE(2,(#833,#834,#835,#836,#837,#838
,#839,#840,#841),.UNSPECIFIED.,.F.,.F.) B_SPLINE_CURVE_WITH_KNOTS((3,2,2
,2,3),(0.8,0.825,0.85,0.875,0.9),.PIECEWISE_BEZIER_KNOTS.) CURVE() 
GEOMETRIC_REPRESENTATION_ITEM() RATIONAL_B_SPLINE_CURVE((1.,
    0.923879532511,1.,0.923879532511,1.,0.923879532511,1.,0.923879532511
,1.)) REPRESENTATION_ITEM('') );
#833 = CARTESIAN_POINT('',(2.6,-2.55,3.2500001));
#834 = CARTESIAN_POINT('',(2.6,-2.5,2.17304483783));
#835 = CARTESIAN_POINT('',(1.838477631085,-2.45,1.411522468915));
#836 = CARTESIAN_POINT('',(1.07695526217,-2.4,0.6500001));
#837 = CARTESIAN_POINT('',(2.959305524631E-14,-2.35,0.6500001));
#838 = CARTESIAN_POINT('',(-1.07695526217,-2.3,0.6500001));
#839 = CARTESIAN_POINT('',(-1.838477631085,-2.25,1.411522468915));
#840 = CARTESIAN_POINT('',(-2.6,-2.2,2.17304483783));
#841 = CARTESIAN_POINT('',(-2.6,-2.15,3.2500001));
#842 = ORIENTED_EDGE('',*,*,#843,.F.);
#843 = EDGE_CURVE('',#807,#830,#844,.T.);
#844 = B_SPLINE_CURVE_WITH_KNOTS('',1,(#845,#846),.UNSPECIFIED.,.F.,.F.,
  (2,2),(-5.500000002185,-5.3),.PIECEWISE_BEZIER_KNOTS.);
#845 = CARTESIAN_POINT('',(2.6,-2.750000002185,3.2500001));
#846 = CARTESIAN_POINT('',(2.6,-2.55,3.2500001));
#847 = ( BOUNDED_SURFACE() B_SPLINE_SURFACE(2,1,(
    (#848,#849)
    ,(#850,#851)
    ,(#852,#853)
    ,(#854,#855)
,(#856,#857
    )),.UNSPECIFIED.,.F.,.F.,.F.) B_SPLINE_SURFACE_WITH_KNOTS((3,2,3),(2
    ,2),(0.,1.570796326795,3.14159265359),(-5.500000002185,-4.9),
.PIECEWISE_BEZIER_KNOTS.) GEOMETRIC_REPRESENTATION_ITEM() 
RATIONAL_B_SPLINE_SURFACE((
    (1.,1.)
    ,(0.707106781187,0.707106781187)
    ,(1.,1.)
    ,(0.707106781187,0.707106781187)
,(1.,1.))) REPRESENTATION_ITEM('') SURFACE() );
#848 = CARTESIAN_POINT('',(2.6,-2.750000002185,3.2500001));
#849 = CARTESIAN_POINT('',(2.6,-2.15,3.2500001));
#850 = CARTESIAN_POINT('',(2.6,-2.750000002185,0.6500001));
#851 = CARTESIAN_POINT('',(2.6,-2.15,0.6500001));
#852 = CARTESIAN_POINT('',(3.233697418566E-14,-2.750000002185,0.6500001)
  );
#853 = CARTESIAN_POINT('',(2.822109578413E-14,-2.15,0.6500001));
#854 = CARTESIAN_POINT('',(-2.6,-2.750000002185,0.6500001));
#855 = CARTESIAN_POINT('',(-2.6,-2.15,0.6500001));
#856 = CARTESIAN_POINT('',(-2.6,-2.750000002185,3.2500001));
#857 = CARTESIAN_POINT('',(-2.6,-2.15,3.2500001));
#858 = ADVANCED_FACE('',(#859),#889,.T.);
#859 = FACE_BOUND('',#860,.T.);
#860 = EDGE_LOOP('',(#861,#862,#870,#871,#876,#877));
#861 = ORIENTED_EDGE('',*,*,#598,.F.);
#862 = ORIENTED_EDGE('',*,*,#863,.T.);
#863 = EDGE_CURVE('',#589,#587,#864,.T.);
#864 = ( BOUNDED_CURVE() B_SPLINE_CURVE(2,(#865,#866,#867,#868,#869),
.UNSPECIFIED.,.F.,.F.) B_SPLINE_CURVE_WITH_KNOTS((3,2,3),(3.14159265359,
4.712388980385,6.28318530718),.PIECEWISE_BEZIER_KNOTS.) CURVE() 
GEOMETRIC_REPRESENTATION_ITEM() RATIONAL_B_SPLINE_CURVE((1.,
0.707106781187,1.,0.707106781187,1.)) REPRESENTATION_ITEM('') );
#865 = CARTESIAN_POINT('',(-2.6,-6.75,3.2500001));
#866 = CARTESIAN_POINT('',(-2.6,-6.75,5.8500001));
#867 = CARTESIAN_POINT('',(5.913934707868E-14,-6.75,5.8500001));
#868 = CARTESIAN_POINT('',(2.6,-6.75,5.8500001));
#869 = CARTESIAN_POINT('',(2.6,-6.75,3.2500001));
#870 = ORIENTED_EDGE('',*,*,#619,.T.);
#871 = ORIENTED_EDGE('',*,*,#872,.F.);
#872 = EDGE_CURVE('',#639,#606,#873,.T.);
#873 = B_SPLINE_CURVE_WITH_KNOTS('',1,(#874,#875),.UNSPECIFIED.,.F.,.F.,
  (2,2),(-0.299999998908,0.299999998908),.PIECEWISE_BEZIER_KNOTS.);
#874 = CARTESIAN_POINT('',(2.6,-5.150000002185,3.2500001));
#875 = CARTESIAN_POINT('',(2.6,-5.75,3.2500001));
#876 = ORIENTED_EDGE('',*,*,#675,.T.);
#877 = ORIENTED_EDGE('',*,*,#878,.F.);
#878 = EDGE_CURVE('',#599,#662,#879,.T.);
#879 = ( BOUNDED_CURVE() B_SPLINE_CURVE(2,(#880,#881,#882,#883,#884,#885
,#886,#887,#888),.UNSPECIFIED.,.F.,.F.) B_SPLINE_CURVE_WITH_KNOTS((3,2,2
,2,3),(0.1,0.125,0.15,0.175,0.2),.PIECEWISE_BEZIER_KNOTS.) CURVE() 
GEOMETRIC_REPRESENTATION_ITEM() RATIONAL_B_SPLINE_CURVE((1.,
    0.923879532511,1.,0.923879532511,1.,0.923879532511,1.,0.923879532511
,1.)) REPRESENTATION_ITEM('') );
#880 = CARTESIAN_POINT('',(-2.6,-5.35,3.2500001));
#881 = CARTESIAN_POINT('',(-2.6,-5.3,4.32695536217));
#882 = CARTESIAN_POINT('',(-1.838477631085,-5.25,5.088477731085));
#883 = CARTESIAN_POINT('',(-1.07695526217,-5.2,5.8500001));
#884 = CARTESIAN_POINT('',(4.816367138125E-14,-5.15,5.8500001));
#885 = CARTESIAN_POINT('',(1.07695526217,-5.1,5.8500001));
#886 = CARTESIAN_POINT('',(1.838477631085,-5.05,5.088477731085));
#887 = CARTESIAN_POINT('',(2.6,-5.,4.32695536217));
#888 = CARTESIAN_POINT('',(2.6,-4.95,3.2500001));
#889 = ( BOUNDED_SURFACE() B_SPLINE_SURFACE(2,1,(
    (#890,#891)
    ,(#892,#893)
    ,(#894,#895)
    ,(#896,#897)
,(#898,#899
    )),.UNSPECIFIED.,.F.,.F.,.F.) B_SPLINE_SURFACE_WITH_KNOTS((3,2,3),(2
    ,2),(3.14159265359,4.712388980385,6.28318530718),(-9.5,-7.7),
.PIECEWISE_BEZIER_KNOTS.) GEOMETRIC_REPRESENTATION_ITEM() 
RATIONAL_B_SPLINE_SURFACE((
    (1.,1.)
    ,(0.707106781187,0.707106781187)
    ,(1.,1.)
    ,(0.707106781187,0.707106781187)
,(1.,1.))) REPRESENTATION_ITEM('') SURFACE() );
#890 = CARTESIAN_POINT('',(-2.6,-6.75,3.2500001));
#891 = CARTESIAN_POINT('',(-2.6,-4.95,3.2500001));
#892 = CARTESIAN_POINT('',(-2.6,-6.75,5.8500001));
#893 = CARTESIAN_POINT('',(-2.6,-4.95,5.8500001));
#894 = CARTESIAN_POINT('',(5.913934707868E-14,-6.75,5.8500001));
#895 = CARTESIAN_POINT('',(4.679171191907E-14,-4.95,5.8500001));
#896 = CARTESIAN_POINT('',(2.6,-6.75,5.8500001));
#897 = CARTESIAN_POINT('',(2.6,-4.95,5.8500001));
#898 = CARTESIAN_POINT('',(2.6,-6.75,3.2500001));
#899 = CARTESIAN_POINT('',(2.6,-4.95,3.2500001));
#900 = ADVANCED_FACE('',(#901),#929,.T.);
#901 = FACE_BOUND('',#902,.T.);
#902 = EDGE_LOOP('',(#903,#904,#916,#917));
#903 = ORIENTED_EDGE('',*,*,#654,.F.);
#904 = ORIENTED_EDGE('',*,*,#905,.T.);
#905 = EDGE_CURVE('',#641,#695,#906,.T.);
#906 = ( BOUNDED_CURVE() B_SPLINE_CURVE(2,(#907,#908,#909,#910,#911,#912
,#913,#914,#915),.UNSPECIFIED.,.F.,.F.) B_SPLINE_CURVE_WITH_KNOTS((3,2,2
,2,3),(0.1,0.125,0.15,0.175,0.2),.PIECEWISE_BEZIER_KNOTS.) CURVE() 
GEOMETRIC_REPRESENTATION_ITEM() RATIONAL_B_SPLINE_CURVE((1.,
    0.923879532511,1.,0.923879532511,1.,0.923879532511,1.,0.923879532511
,1.)) REPRESENTATION_ITEM('') );
#907 = CARTESIAN_POINT('',(-2.6,-4.750000002185,3.2500001));
#908 = CARTESIAN_POINT('',(-2.6,-4.700000002185,4.32695536217));
#909 = CARTESIAN_POINT('',(-1.838477631085,-4.650000002185,
    5.088477731085));
#910 = CARTESIAN_POINT('',(-1.07695526217,-4.600000002185,5.8500001));
#911 = CARTESIAN_POINT('',(4.404779300971E-14,-4.550000002185,5.8500001)
  );
#912 = CARTESIAN_POINT('',(1.07695526217,-4.500000002185,5.8500001));
#913 = CARTESIAN_POINT('',(1.838477631085,-4.450000002185,5.088477731085
    ));
#914 = CARTESIAN_POINT('',(2.6,-4.400000002185,4.32695536217));
#915 = CARTESIAN_POINT('',(2.6,-4.350000002185,3.2500001));
#916 = ORIENTED_EDGE('',*,*,#731,.T.);
#917 = ORIENTED_EDGE('',*,*,#918,.F.);
#918 = EDGE_CURVE('',#655,#718,#919,.T.);
#919 = ( BOUNDED_CURVE() B_SPLINE_CURVE(2,(#920,#921,#922,#923,#924,#925
,#926,#927,#928),.UNSPECIFIED.,.F.,.F.) B_SPLINE_CURVE_WITH_KNOTS((3,2,2
,2,3),(0.3,0.325,0.35,0.375,0.4),.PIECEWISE_BEZIER_KNOTS.) CURVE() 
GEOMETRIC_REPRESENTATION_ITEM() RATIONAL_B_SPLINE_CURVE((1.,
    0.923879532511,1.,0.923879532511,1.,0.923879532511,1.,0.923879532511
,1.)) REPRESENTATION_ITEM('') );
#920 = CARTESIAN_POINT('',(-2.6,-4.55,3.2500001));
#921 = CARTESIAN_POINT('',(-2.6,-4.5,4.32695536217));
#922 = CARTESIAN_POINT('',(-1.838477631085,-4.45,5.088477731085));
#923 = CARTESIAN_POINT('',(-1.07695526217,-4.4,5.8500001));
#924 = CARTESIAN_POINT('',(4.267583353254E-14,-4.35,5.8500001));
#925 = CARTESIAN_POINT('',(1.07695526217,-4.3,5.8500001));
#926 = CARTESIAN_POINT('',(1.838477631085,-4.25,5.088477731085));
#927 = CARTESIAN_POINT('',(2.6,-4.2,4.32695536217));
#928 = CARTESIAN_POINT('',(2.6,-4.15,3.2500001));
#929 = ( BOUNDED_SURFACE() B_SPLINE_SURFACE(2,1,(
    (#930,#931)
    ,(#932,#933)
    ,(#934,#935)
    ,(#936,#937)
,(#938,#939
    )),.UNSPECIFIED.,.F.,.F.,.F.) B_SPLINE_SURFACE_WITH_KNOTS((3,2,3),(2
    ,2),(3.14159265359,4.712388980385,6.28318530718),(-7.500000002185,
-6.9),.PIECEWISE_BEZIER_KNOTS.) GEOMETRIC_REPRESENTATION_ITEM() 
RATIONAL_B_SPLINE_SURFACE((
    (1.,1.)
    ,(0.707106781187,0.707106781187)
    ,(1.,1.)
    ,(0.707106781187,0.707106781187)
,(1.,1.))) REPRESENTATION_ITEM('') SURFACE() );
#930 = CARTESIAN_POINT('',(-2.6,-4.750000002185,3.2500001));
#931 = CARTESIAN_POINT('',(-2.6,-4.15,3.2500001));
#932 = CARTESIAN_POINT('',(-2.6,-4.750000002185,5.8500001));
#933 = CARTESIAN_POINT('',(-2.6,-4.15,5.8500001));
#934 = CARTESIAN_POINT('',(4.541975247188E-14,-4.750000002185,5.8500001)
  );
#935 = CARTESIAN_POINT('',(4.130387407036E-14,-4.15,5.8500001));
#936 = CARTESIAN_POINT('',(2.6,-4.750000002185,5.8500001));
#937 = CARTESIAN_POINT('',(2.6,-4.15,5.8500001));
#938 = CARTESIAN_POINT('',(2.6,-4.750000002185,3.2500001));
#939 = CARTESIAN_POINT('',(2.6,-4.15,3.2500001));
#940 = ADVANCED_FACE('',(#941),#969,.T.);
#941 = FACE_BOUND('',#942,.T.);
#942 = EDGE_LOOP('',(#943,#944,#956,#957));
#943 = ORIENTED_EDGE('',*,*,#710,.F.);
#944 = ORIENTED_EDGE('',*,*,#945,.T.);
#945 = EDGE_CURVE('',#697,#751,#946,.T.);
#946 = ( BOUNDED_CURVE() B_SPLINE_CURVE(2,(#947,#948,#949,#950,#951,#952
,#953,#954,#955),.UNSPECIFIED.,.F.,.F.) B_SPLINE_CURVE_WITH_KNOTS((3,2,2
,2,3),(0.3,0.325,0.35,0.375,0.4),.PIECEWISE_BEZIER_KNOTS.) CURVE() 
GEOMETRIC_REPRESENTATION_ITEM() RATIONAL_B_SPLINE_CURVE((1.,
    0.923879532511,1.,0.923879532511,1.,0.923879532511,1.,0.923879532511
,1.)) REPRESENTATION_ITEM('') );
#947 = CARTESIAN_POINT('',(-2.6,-3.950000002185,3.2500001));
#948 = CARTESIAN_POINT('',(-2.6,-3.900000002185,4.32695536217));
#949 = CARTESIAN_POINT('',(-1.838477631085,-3.850000002185,
    5.088477731085));
#950 = CARTESIAN_POINT('',(-1.07695526217,-3.800000002185,5.8500001));
#951 = CARTESIAN_POINT('',(3.855995516099E-14,-3.750000002185,5.8500001)
  );
#952 = CARTESIAN_POINT('',(1.07695526217,-3.700000002185,5.8500001));
#953 = CARTESIAN_POINT('',(1.838477631085,-3.650000002185,5.088477731085
    ));
#954 = CARTESIAN_POINT('',(2.6,-3.600000002185,4.32695536217));
#955 = CARTESIAN_POINT('',(2.6,-3.550000002185,3.2500001));
#956 = ORIENTED_EDGE('',*,*,#787,.T.);
#957 = ORIENTED_EDGE('',*,*,#958,.F.);
#958 = EDGE_CURVE('',#711,#774,#959,.T.);
#959 = ( BOUNDED_CURVE() B_SPLINE_CURVE(2,(#960,#961,#962,#963,#964,#965
,#966,#967,#968),.UNSPECIFIED.,.F.,.F.) B_SPLINE_CURVE_WITH_KNOTS((3,2,2
,2,3),(0.5,0.525,0.55,0.575,0.6),.PIECEWISE_BEZIER_KNOTS.) CURVE() 
GEOMETRIC_REPRESENTATION_ITEM() RATIONAL_B_SPLINE_CURVE((1.,
    0.923879532511,1.,0.923879532511,1.,0.923879532511,1.,0.923879532511
,1.)) REPRESENTATION_ITEM('') );
#960 = CARTESIAN_POINT('',(-2.6,-3.75,3.2500001));
#961 = CARTESIAN_POINT('',(-2.6,-3.7,4.32695536217));
#962 = CARTESIAN_POINT('',(-1.838477631085,-3.65,5.088477731085));
#963 = CARTESIAN_POINT('',(-1.07695526217,-3.6,5.8500001));
#964 = CARTESIAN_POINT('',(3.718799568383E-14,-3.55,5.8500001));
#965 = CARTESIAN_POINT('',(1.07695526217,-3.5,5.8500001));
#966 = CARTESIAN_POINT('',(1.838477631085,-3.45,5.088477731085));
#967 = CARTESIAN_POINT('',(2.6,-3.4,4.32695536217));
#968 = CARTESIAN_POINT('',(2.6,-3.35,3.2500001));
#969 = ( BOUNDED_SURFACE() B_SPLINE_SURFACE(2,1,(
    (#970,#971)
    ,(#972,#973)
    ,(#974,#975)
    ,(#976,#977)
,(#978,#979
    )),.UNSPECIFIED.,.F.,.F.,.F.) B_SPLINE_SURFACE_WITH_KNOTS((3,2,3),(2
    ,2),(3.14159265359,4.712388980385,6.28318530718),(-6.700000002185,
-6.1),.PIECEWISE_BEZIER_KNOTS.) GEOMETRIC_REPRESENTATION_ITEM() 
RATIONAL_B_SPLINE_SURFACE((
    (1.,1.)
    ,(0.707106781187,0.707106781187)
    ,(1.,1.)
    ,(0.707106781187,0.707106781187)
,(1.,1.))) REPRESENTATION_ITEM('') SURFACE() );
#970 = CARTESIAN_POINT('',(-2.6,-3.950000002185,3.2500001));
#971 = CARTESIAN_POINT('',(-2.6,-3.35,3.2500001));
#972 = CARTESIAN_POINT('',(-2.6,-3.950000002185,5.8500001));
#973 = CARTESIAN_POINT('',(-2.6,-3.35,5.8500001));
#974 = CARTESIAN_POINT('',(3.993191462317E-14,-3.950000002185,5.8500001)
  );
#975 = CARTESIAN_POINT('',(3.581603622165E-14,-3.35,5.8500001));
#976 = CARTESIAN_POINT('',(2.6,-3.950000002185,5.8500001));
#977 = CARTESIAN_POINT('',(2.6,-3.35,5.8500001));
#978 = CARTESIAN_POINT('',(2.6,-3.950000002185,3.2500001));
#979 = CARTESIAN_POINT('',(2.6,-3.35,3.2500001));
#980 = ADVANCED_FACE('',(#981),#1009,.T.);
#981 = FACE_BOUND('',#982,.T.);
#982 = EDGE_LOOP('',(#983,#984,#996,#997));
#983 = ORIENTED_EDGE('',*,*,#766,.F.);
#984 = ORIENTED_EDGE('',*,*,#985,.T.);
#985 = EDGE_CURVE('',#753,#807,#986,.T.);
#986 = ( BOUNDED_CURVE() B_SPLINE_CURVE(2,(#987,#988,#989,#990,#991,#992
,#993,#994,#995),.UNSPECIFIED.,.F.,.F.) B_SPLINE_CURVE_WITH_KNOTS((3,2,2
,2,3),(0.5,0.525,0.55,0.575,0.6),.PIECEWISE_BEZIER_KNOTS.) CURVE() 
GEOMETRIC_REPRESENTATION_ITEM() RATIONAL_B_SPLINE_CURVE((1.,
    0.923879532511,1.,0.923879532511,1.,0.923879532511,1.,0.923879532511
,1.)) REPRESENTATION_ITEM('') );
#987 = CARTESIAN_POINT('',(-2.6,-3.150000002185,3.2500001));
#988 = CARTESIAN_POINT('',(-2.6,-3.100000002185,4.32695536217));
#989 = CARTESIAN_POINT('',(-1.838477631085,-3.050000002185,
    5.088477731085));
#990 = CARTESIAN_POINT('',(-1.07695526217,-3.000000002185,5.8500001));
#991 = CARTESIAN_POINT('',(3.307211731228E-14,-2.950000002185,5.8500001)
  );
#992 = CARTESIAN_POINT('',(1.07695526217,-2.900000002185,5.8500001));
#993 = CARTESIAN_POINT('',(1.838477631085,-2.850000002185,5.088477731085
    ));
#994 = CARTESIAN_POINT('',(2.6,-2.800000002185,4.32695536217));
#995 = CARTESIAN_POINT('',(2.6,-2.750000002185,3.2500001));
#996 = ORIENTED_EDGE('',*,*,#843,.T.);
#997 = ORIENTED_EDGE('',*,*,#998,.F.);
#998 = EDGE_CURVE('',#767,#830,#999,.T.);
#999 = ( BOUNDED_CURVE() B_SPLINE_CURVE(2,(#1000,#1001,#1002,#1003,#1004
    ,#1005,#1006,#1007,#1008),.UNSPECIFIED.,.F.,.F.) 
B_SPLINE_CURVE_WITH_KNOTS((3,2,2,2,3),(0.7,0.725,0.75,0.775,0.8),
.PIECEWISE_BEZIER_KNOTS.) CURVE() GEOMETRIC_REPRESENTATION_ITEM() 
RATIONAL_B_SPLINE_CURVE((1.,0.923879532511,1.,0.923879532511,1.,
0.923879532511,1.,0.923879532511,1.)) REPRESENTATION_ITEM('') );
#1000 = CARTESIAN_POINT('',(-2.6,-2.95,3.2500001));
#1001 = CARTESIAN_POINT('',(-2.6,-2.9,4.32695536217));
#1002 = CARTESIAN_POINT('',(-1.838477631085,-2.85,5.088477731085));
#1003 = CARTESIAN_POINT('',(-1.07695526217,-2.8,5.8500001));
#1004 = CARTESIAN_POINT('',(3.170015783511E-14,-2.75,5.8500001));
#1005 = CARTESIAN_POINT('',(1.07695526217,-2.7,5.8500001));
#1006 = CARTESIAN_POINT('',(1.838477631085,-2.65,5.088477731085));
#1007 = CARTESIAN_POINT('',(2.6,-2.6,4.32695536217));
#1008 = CARTESIAN_POINT('',(2.6,-2.55,3.2500001));
#1009 = ( BOUNDED_SURFACE() B_SPLINE_SURFACE(2,1,(
    (#1010,#1011)
    ,(#1012,#1013)
    ,(#1014,#1015)
    ,(#1016,#1017)
    ,(#1018,#1019
)),.UNSPECIFIED.,.F.,.F.,.F.) B_SPLINE_SURFACE_WITH_KNOTS((3,2,3),(2,2),
  (3.14159265359,4.712388980385,6.28318530718),(-5.900000002185,-5.3),
.PIECEWISE_BEZIER_KNOTS.) GEOMETRIC_REPRESENTATION_ITEM() 
RATIONAL_B_SPLINE_SURFACE((
    (1.,1.)
    ,(0.707106781187,0.707106781187)
    ,(1.,1.)
    ,(0.707106781187,0.707106781187)
,(1.,1.))) REPRESENTATION_ITEM('') SURFACE() );
#1010 = CARTESIAN_POINT('',(-2.6,-3.150000002185,3.2500001));
#1011 = CARTESIAN_POINT('',(-2.6,-2.55,3.2500001));
#1012 = CARTESIAN_POINT('',(-2.6,-3.150000002185,5.8500001));
#1013 = CARTESIAN_POINT('',(-2.6,-2.55,5.8500001));
#1014 = CARTESIAN_POINT('',(3.444407677446E-14,-3.150000002185,5.8500001
    ));
#1015 = CARTESIAN_POINT('',(3.032819837293E-14,-2.55,5.8500001));
#1016 = CARTESIAN_POINT('',(2.6,-3.150000002185,5.8500001));
#1017 = CARTESIAN_POINT('',(2.6,-2.55,5.8500001));
#1018 = CARTESIAN_POINT('',(2.6,-3.150000002185,3.2500001));
#1019 = CARTESIAN_POINT('',(2.6,-2.55,3.2500001));
#1020 = ADVANCED_FACE('',(#1021),#1049,.T.);
#1021 = FACE_BOUND('',#1022,.T.);
#1022 = EDGE_LOOP('',(#1023,#1024,#1036,#1037));
#1023 = ORIENTED_EDGE('',*,*,#822,.F.);
#1024 = ORIENTED_EDGE('',*,*,#1025,.T.);
#1025 = EDGE_CURVE('',#809,#521,#1026,.T.);
#1026 = ( BOUNDED_CURVE() B_SPLINE_CURVE(2,(#1027,#1028,#1029,#1030,
    #1031,#1032,#1033,#1034,#1035),.UNSPECIFIED.,.F.,.F.) 
B_SPLINE_CURVE_WITH_KNOTS((3,2,2,2,3),(0.7,0.725,0.75,0.775,0.8),
.PIECEWISE_BEZIER_KNOTS.) CURVE() GEOMETRIC_REPRESENTATION_ITEM() 
RATIONAL_B_SPLINE_CURVE((1.,0.923879532511,1.,0.923879532511,1.,
0.923879532511,1.,0.923879532511,1.)) REPRESENTATION_ITEM('') );
#1027 = CARTESIAN_POINT('',(-2.6,-2.350000002185,3.2500001));
#1028 = CARTESIAN_POINT('',(-2.6,-2.300000002185,4.32695536217));
#1029 = CARTESIAN_POINT('',(-1.838477631085,-2.250000002185,
    5.088477731085));
#1030 = CARTESIAN_POINT('',(-1.07695526217,-2.200000002185,5.8500001));
#1031 = CARTESIAN_POINT('',(2.758427946357E-14,-2.150000002185,5.8500001
    ));
#1032 = CARTESIAN_POINT('',(1.07695526217,-2.100000002185,5.8500001));
#1033 = CARTESIAN_POINT('',(1.838477631085,-2.050000002185,
    5.088477731085));
#1034 = CARTESIAN_POINT('',(2.6,-2.000000002185,4.32695536217));
#1035 = CARTESIAN_POINT('',(2.6,-1.950000002185,3.2500001));
#1036 = ORIENTED_EDGE('',*,*,#567,.T.);
#1037 = ORIENTED_EDGE('',*,*,#1038,.F.);
#1038 = EDGE_CURVE('',#823,#561,#1039,.T.);
#1039 = ( BOUNDED_CURVE() B_SPLINE_CURVE(2,(#1040,#1041,#1042,#1043,
    #1044,#1045,#1046,#1047,#1048),.UNSPECIFIED.,.F.,.F.) 
B_SPLINE_CURVE_WITH_KNOTS((3,2,2,2,3),(0.9,0.925,0.95,0.975,1.),
.PIECEWISE_BEZIER_KNOTS.) CURVE() GEOMETRIC_REPRESENTATION_ITEM() 
RATIONAL_B_SPLINE_CURVE((1.,0.923879532511,1.,0.923879532511,1.,
0.923879532511,1.,0.923879532511,1.)) REPRESENTATION_ITEM('') );
#1040 = CARTESIAN_POINT('',(-2.6,-2.15,3.2500001));
#1041 = CARTESIAN_POINT('',(-2.6,-2.1,4.32695536217));
#1042 = CARTESIAN_POINT('',(-1.838477631085,-2.05,5.088477731085));
#1043 = CARTESIAN_POINT('',(-1.07695526217,-2.,5.8500001));
#1044 = CARTESIAN_POINT('',(2.62123199864E-14,-1.95,5.8500001));
#1045 = CARTESIAN_POINT('',(1.07695526217,-1.9,5.8500001));
#1046 = CARTESIAN_POINT('',(1.838477631085,-1.85,5.088477731085));
#1047 = CARTESIAN_POINT('',(2.6,-1.8,4.32695536217));
#1048 = CARTESIAN_POINT('',(2.6,-1.75,3.2500001));
#1049 = ( BOUNDED_SURFACE() B_SPLINE_SURFACE(2,1,(
    (#1050,#1051)
    ,(#1052,#1053)
    ,(#1054,#1055)
    ,(#1056,#1057)
    ,(#1058,#1059
)),.UNSPECIFIED.,.F.,.F.,.F.) B_SPLINE_SURFACE_WITH_KNOTS((3,2,3),(2,2),
  (3.14159265359,4.712388980385,6.28318530718),(-5.100000002185,-4.5),
.PIECEWISE_BEZIER_KNOTS.) GEOMETRIC_REPRESENTATION_ITEM() 
RATIONAL_B_SPLINE_SURFACE((
    (1.,1.)
    ,(0.707106781187,0.707106781187)
    ,(1.,1.)
    ,(0.707106781187,0.707106781187)
,(1.,1.))) REPRESENTATION_ITEM('') SURFACE() );
#1050 = CARTESIAN_POINT('',(-2.6,-2.350000002185,3.2500001));
#1051 = CARTESIAN_POINT('',(-2.6,-1.75,3.2500001));
#1052 = CARTESIAN_POINT('',(-2.6,-2.350000002185,5.8500001));
#1053 = CARTESIAN_POINT('',(-2.6,-1.75,5.8500001));
#1054 = CARTESIAN_POINT('',(2.895623892574E-14,-2.350000002185,5.8500001
    ));
#1055 = CARTESIAN_POINT('',(2.484036052422E-14,-1.75,5.8500001));
#1056 = CARTESIAN_POINT('',(2.6,-2.350000002185,5.8500001));
#1057 = CARTESIAN_POINT('',(2.6,-1.75,5.8500001));
#1058 = CARTESIAN_POINT('',(2.6,-2.350000002185,3.2500001));
#1059 = CARTESIAN_POINT('',(2.6,-1.75,3.2500001));
#1060 = ADVANCED_FACE('',(#1061,#1178,#1294,#1380,#1504,#1534,#1578,
    #1664,#1723,#1781,#1968,#2054,#2113,#2171),#2460,.F.);
#1061 = FACE_BOUND('',#1062,.T.);
#1062 = EDGE_LOOP('',(#1063,#1072,#1079,#1088,#1097,#1104,#1113,#1122,
    #1129,#1136,#1143,#1150,#1157,#1164,#1173));
#1063 = ORIENTED_EDGE('',*,*,#1064,.F.);
#1064 = EDGE_CURVE('',#1065,#1067,#1069,.T.);
#1065 = VERTEX_POINT('',#1066);
#1066 = CARTESIAN_POINT('',(0.608593380826,1.915292644436,6.5000001));
#1067 = VERTEX_POINT('',#1068);
#1068 = CARTESIAN_POINT('',(0.582183529752,1.915292644436,6.5000001));
#1069 = B_SPLINE_CURVE_WITH_KNOTS('',1,(#1070,#1071),.UNSPECIFIED.,.F.,
  .F.,(2,2),(-2.640985107347E-02,5.551115123126E-16),
  .PIECEWISE_BEZIER_KNOTS.);
#1070 = CARTESIAN_POINT('',(0.608593380826,1.915292644436,6.5000001));
#1071 = CARTESIAN_POINT('',(0.582183529752,1.915292644436,6.5000001));
#1072 = ORIENTED_EDGE('',*,*,#1073,.F.);
#1073 = EDGE_CURVE('',#1074,#1065,#1076,.T.);
#1074 = VERTEX_POINT('',#1075);
#1075 = CARTESIAN_POINT('',(0.542672728931,1.748099571493,6.5000001));
#1076 = B_SPLINE_CURVE_WITH_KNOTS('',1,(#1077,#1078),.UNSPECIFIED.,.F.,
  .F.,(2,2),(-0.179719381221,0.),.PIECEWISE_BEZIER_KNOTS.);
#1077 = CARTESIAN_POINT('',(0.542672728931,1.748099571493,6.5000001));
#1078 = CARTESIAN_POINT('',(0.608593380826,1.915292644436,6.5000001));
#1079 = ORIENTED_EDGE('',*,*,#1080,.F.);
#1080 = EDGE_CURVE('',#1081,#1074,#1083,.T.);
#1081 = VERTEX_POINT('',#1082);
#1082 = CARTESIAN_POINT('',(0.490840796803,1.701622392633,6.5000001));
#1083 = B_SPLINE_CURVE_WITH_KNOTS('',3,(#1084,#1085,#1086,#1087),
  .UNSPECIFIED.,.F.,.F.,(4,4),(1.,2.),.PIECEWISE_BEZIER_KNOTS.);
#1084 = CARTESIAN_POINT('',(0.490840796803,1.701622392633,6.5000001));
#1085 = CARTESIAN_POINT('',(0.513143604108,1.701622392633,6.5000001));
#1086 = CARTESIAN_POINT('',(0.530403585519,1.717114785586,6.5000001));
#1087 = CARTESIAN_POINT('',(0.542672728931,1.748099571493,6.5000001));
#1088 = ORIENTED_EDGE('',*,*,#1089,.F.);
#1089 = EDGE_CURVE('',#1090,#1081,#1092,.T.);
#1090 = VERTEX_POINT('',#1091);
#1091 = CARTESIAN_POINT('',(0.474412621725,1.703701908466,6.5000001));
#1092 = B_SPLINE_CURVE_WITH_KNOTS('',3,(#1093,#1094,#1095,#1096),
  .UNSPECIFIED.,.F.,.F.,(4,4),(2.,3.),.PIECEWISE_BEZIER_KNOTS.);
#1093 = CARTESIAN_POINT('',(0.474412621725,1.703701908466,6.5000001));
#1094 = CARTESIAN_POINT('',(0.478935568661,1.702350223175,6.5000001));
#1095 = CARTESIAN_POINT('',(0.484446285617,1.701622392633,6.5000001));
#1096 = CARTESIAN_POINT('',(0.490840796803,1.701622392633,6.5000001));
#1097 = ORIENTED_EDGE('',*,*,#1098,.F.);
#1098 = EDGE_CURVE('',#1099,#1090,#1101,.T.);
#1099 = VERTEX_POINT('',#1100);
#1100 = CARTESIAN_POINT('',(0.474412621725,1.726368631042,6.5000001));
#1101 = B_SPLINE_CURVE_WITH_KNOTS('',1,(#1102,#1103),.UNSPECIFIED.,.F.,
  .F.,(2,2),(-2.266672257622E-02,0.),.PIECEWISE_BEZIER_KNOTS.);
#1102 = CARTESIAN_POINT('',(0.474412621725,1.726368631042,6.5000001));
#1103 = CARTESIAN_POINT('',(0.474412621725,1.703701908466,6.5000001));
#1104 = ORIENTED_EDGE('',*,*,#1105,.F.);
#1105 = EDGE_CURVE('',#1106,#1099,#1108,.T.);
#1106 = VERTEX_POINT('',#1107);
#1107 = CARTESIAN_POINT('',(0.488865256762,1.723457308875,6.5000001));
#1108 = B_SPLINE_CURVE_WITH_KNOTS('',3,(#1109,#1110,#1111,#1112),
  .UNSPECIFIED.,.F.,.F.,(4,4),(4.,5.),.PIECEWISE_BEZIER_KNOTS.);
#1109 = CARTESIAN_POINT('',(0.488865256762,1.723457308875,6.5000001));
#1110 = CARTESIAN_POINT('',(0.484186346139,1.723457308875,6.5000001));
#1111 = CARTESIAN_POINT('',(0.479403459723,1.724393091,6.5000001));
#1112 = CARTESIAN_POINT('',(0.474412621725,1.726368631042,6.5000001));
#1113 = ORIENTED_EDGE('',*,*,#1114,.F.);
#1114 = EDGE_CURVE('',#1115,#1106,#1117,.T.);
#1115 = VERTEX_POINT('',#1116);
#1116 = CARTESIAN_POINT('',(0.514963180461,1.743940539827,6.5000001));
#1117 = B_SPLINE_CURVE_WITH_KNOTS('',3,(#1118,#1119,#1120,#1121),
  .UNSPECIFIED.,.F.,.F.,(4,4),(5.,6.),.PIECEWISE_BEZIER_KNOTS.);
#1118 = CARTESIAN_POINT('',(0.514963180461,1.743940539827,6.5000001));
#1119 = CARTESIAN_POINT('',(0.509192524026,1.730215735332,6.5000001));
#1120 = CARTESIAN_POINT('',(0.500510545425,1.723457308875,6.5000001));
#1121 = CARTESIAN_POINT('',(0.488865256762,1.723457308875,6.5000001));
#1122 = ORIENTED_EDGE('',*,*,#1123,.F.);
#1123 = EDGE_CURVE('',#1124,#1115,#1126,.T.);
#1124 = VERTEX_POINT('',#1125);
#1125 = CARTESIAN_POINT('',(0.526140578062,1.770350390902,6.5000001));
#1126 = B_SPLINE_CURVE_WITH_KNOTS('',1,(#1127,#1128),.UNSPECIFIED.,.F.,
  .F.,(2,2),(-2.867776928081E-02,4.327185999136E-17),
  .PIECEWISE_BEZIER_KNOTS.);
#1127 = CARTESIAN_POINT('',(0.526140578062,1.770350390902,6.5000001));
#1128 = CARTESIAN_POINT('',(0.514963180461,1.743940539827,6.5000001));
#1129 = ORIENTED_EDGE('',*,*,#1130,.F.);
#1130 = EDGE_CURVE('',#1131,#1124,#1133,.T.);
#1131 = VERTEX_POINT('',#1132);
#1132 = CARTESIAN_POINT('',(0.469161844248,1.915292644436,6.5000001));
#1133 = B_SPLINE_CURVE_WITH_KNOTS('',1,(#1134,#1135),.UNSPECIFIED.,.F.,
  .F.,(2,2),(-0.155739631972,-7.767917491619E-17),
  .PIECEWISE_BEZIER_KNOTS.);
#1134 = CARTESIAN_POINT('',(0.469161844248,1.915292644436,6.5000001));
#1135 = CARTESIAN_POINT('',(0.526140578062,1.770350390902,6.5000001));
#1136 = ORIENTED_EDGE('',*,*,#1137,.F.);
#1137 = EDGE_CURVE('',#1138,#1131,#1140,.T.);
#1138 = VERTEX_POINT('',#1139);
#1139 = CARTESIAN_POINT('',(0.497651211155,1.915292644436,6.5000001));
#1140 = B_SPLINE_CURVE_WITH_KNOTS('',1,(#1141,#1142),.UNSPECIFIED.,.F.,
  .F.,(2,2),(-2.84893669072E-02,7.771561172376E-16),
  .PIECEWISE_BEZIER_KNOTS.);
#1141 = CARTESIAN_POINT('',(0.497651211155,1.915292644436,6.5000001));
#1142 = CARTESIAN_POINT('',(0.469161844248,1.915292644436,6.5000001));
#1143 = ORIENTED_EDGE('',*,*,#1144,.F.);
#1144 = EDGE_CURVE('',#1145,#1138,#1147,.T.);
#1145 = VERTEX_POINT('',#1146);
#1146 = CARTESIAN_POINT('',(0.5356023751,1.806118063223,6.5000001));
#1147 = B_SPLINE_CURVE_WITH_KNOTS('',1,(#1148,#1149),.UNSPECIFIED.,.F.,
  .F.,(2,2),(-0.115582784306,0.),.PIECEWISE_BEZIER_KNOTS.);
#1148 = CARTESIAN_POINT('',(0.5356023751,1.806118063223,6.5000001));
#1149 = CARTESIAN_POINT('',(0.497651211155,1.915292644436,6.5000001));
#1150 = ORIENTED_EDGE('',*,*,#1151,.F.);
#1151 = EDGE_CURVE('',#1152,#1145,#1154,.T.);
#1152 = VERTEX_POINT('',#1153);
#1153 = CARTESIAN_POINT('',(0.53872164885,1.794160847185,6.5000001));
#1154 = B_SPLINE_CURVE_WITH_KNOTS('',1,(#1155,#1156),.UNSPECIFIED.,.F.,
  .F.,(2,2),(-1.235738176562E-02,5.604892043551E-17),
  .PIECEWISE_BEZIER_KNOTS.);
#1155 = CARTESIAN_POINT('',(0.53872164885,1.794160847185,6.5000001));
#1156 = CARTESIAN_POINT('',(0.5356023751,1.806118063223,6.5000001));
#1157 = ORIENTED_EDGE('',*,*,#1158,.F.);
#1158 = EDGE_CURVE('',#1159,#1152,#1161,.T.);
#1159 = VERTEX_POINT('',#1160);
#1160 = CARTESIAN_POINT('',(0.539397491494,1.794160847185,6.5000001));
#1161 = B_SPLINE_CURVE_WITH_KNOTS('',1,(#1162,#1163),.UNSPECIFIED.,.F.,
  .F.,(2,2),(-6.758426448342E-04,0.),.PIECEWISE_BEZIER_KNOTS.);
#1162 = CARTESIAN_POINT('',(0.539397491494,1.794160847185,6.5000001));
#1163 = CARTESIAN_POINT('',(0.53872164885,1.794160847185,6.5000001));
#1164 = ORIENTED_EDGE('',*,*,#1165,.F.);
#1165 = EDGE_CURVE('',#1166,#1159,#1168,.T.);
#1166 = VERTEX_POINT('',#1167);
#1167 = CARTESIAN_POINT('',(0.542516765244,1.80591011164,6.5000001));
#1168 = B_SPLINE_CURVE_WITH_KNOTS('',3,(#1169,#1170,#1171,#1172),
  .UNSPECIFIED.,.F.,.F.,(4,4),(12.,13.),.PIECEWISE_BEZIER_KNOTS.);
#1169 = CARTESIAN_POINT('',(0.542516765244,1.80591011164,6.5000001));
#1170 = CARTESIAN_POINT('',(0.54095712837,1.80081529785,6.5000001));
#1171 = CARTESIAN_POINT('',(0.539917370452,1.796864217768,6.5000001));
#1172 = CARTESIAN_POINT('',(0.539397491494,1.794160847185,6.5000001));
#1173 = ORIENTED_EDGE('',*,*,#1174,.F.);
#1174 = EDGE_CURVE('',#1067,#1166,#1175,.T.);
#1175 = B_SPLINE_CURVE_WITH_KNOTS('',1,(#1176,#1177),.UNSPECIFIED.,.F.,
  .F.,(2,2),(-0.116352871419,3.784947868665E-17),
  .PIECEWISE_BEZIER_KNOTS.);
#1176 = CARTESIAN_POINT('',(0.582183529752,1.915292644436,6.5000001));
#1177 = CARTESIAN_POINT('',(0.542516765244,1.80591011164,6.5000001));
#1178 = FACE_BOUND('',#1179,.T.);
#1179 = EDGE_LOOP('',(#1180,#1191,#1200,#1207,#1214,#1221,#1228,#1237,
    #1246,#1255,#1264,#1271,#1280,#1289));
#1180 = ORIENTED_EDGE('',*,*,#1181,.F.);
#1181 = EDGE_CURVE('',#1182,#1184,#1186,.T.);
#1182 = VERTEX_POINT('',#1183);
#1183 = CARTESIAN_POINT('',(0.270776033814,1.918619869769,6.5000001));
#1184 = VERTEX_POINT('',#1185);
#1185 = CARTESIAN_POINT('',(0.220763678039,1.905103016857,6.5000001));
#1186 = B_SPLINE_CURVE_WITH_KNOTS('',3,(#1187,#1188,#1189,#1190),
  .UNSPECIFIED.,.F.,.F.,(4,4),(0.,1.),.PIECEWISE_BEZIER_KNOTS.);
#1187 = CARTESIAN_POINT('',(0.270776033814,1.918619869769,6.5000001));
#1188 = CARTESIAN_POINT('',(0.251852439738,1.918619869769,6.5000001));
#1189 = CARTESIAN_POINT('',(0.23516432518,1.914148910728,6.5000001));
#1190 = CARTESIAN_POINT('',(0.220763678039,1.905103016857,6.5000001));
#1191 = ORIENTED_EDGE('',*,*,#1192,.F.);
#1192 = EDGE_CURVE('',#1193,#1182,#1195,.T.);
#1193 = VERTEX_POINT('',#1194);
#1194 = CARTESIAN_POINT('',(0.323283808588,1.863512700203,6.5000001));
#1195 = B_SPLINE_CURVE_WITH_KNOTS('',3,(#1196,#1197,#1198,#1199),
  .UNSPECIFIED.,.F.,.F.,(4,4),(1.,2.),.PIECEWISE_BEZIER_KNOTS.);
#1196 = CARTESIAN_POINT('',(0.323283808588,1.863512700203,6.5000001));
#1197 = CARTESIAN_POINT('',(0.323283808588,1.900320130442,6.5000001));
#1198 = CARTESIAN_POINT('',(0.305763887698,1.918619869769,6.5000001));
#1199 = CARTESIAN_POINT('',(0.270776033814,1.918619869769,6.5000001));
#1200 = ORIENTED_EDGE('',*,*,#1201,.F.);
#1201 = EDGE_CURVE('',#1202,#1193,#1204,.T.);
#1202 = VERTEX_POINT('',#1203);
#1203 = CARTESIAN_POINT('',(0.323283808588,1.770038463527,6.5000001));
#1204 = B_SPLINE_CURVE_WITH_KNOTS('',1,(#1205,#1206),.UNSPECIFIED.,.F.,
  .F.,(2,2),(-9.347423667573E-02,0.),.PIECEWISE_BEZIER_KNOTS.);
#1205 = CARTESIAN_POINT('',(0.323283808588,1.770038463527,6.5000001));
#1206 = CARTESIAN_POINT('',(0.323283808588,1.863512700203,6.5000001));
#1207 = ORIENTED_EDGE('',*,*,#1208,.F.);
#1208 = EDGE_CURVE('',#1209,#1202,#1211,.T.);
#1209 = VERTEX_POINT('',#1210);
#1210 = CARTESIAN_POINT('',(0.297809739638,1.770038463527,6.5000001));
#1211 = B_SPLINE_CURVE_WITH_KNOTS('',1,(#1212,#1213),.UNSPECIFIED.,.F.,
  .F.,(2,2),(-2.547406894985E-02,0.),.PIECEWISE_BEZIER_KNOTS.);
#1212 = CARTESIAN_POINT('',(0.297809739638,1.770038463527,6.5000001));
#1213 = CARTESIAN_POINT('',(0.323283808588,1.770038463527,6.5000001));
#1214 = ORIENTED_EDGE('',*,*,#1215,.F.);
#1215 = EDGE_CURVE('',#1216,#1209,#1218,.T.);
#1216 = VERTEX_POINT('',#1217);
#1217 = CARTESIAN_POINT('',(0.297809739638,1.792497234519,6.5000001));
#1218 = B_SPLINE_CURVE_WITH_KNOTS('',1,(#1219,#1220),.UNSPECIFIED.,.F.,
  .F.,(2,2),(-2.24587709918E-02,-0.),.PIECEWISE_BEZIER_KNOTS.);
#1219 = CARTESIAN_POINT('',(0.297809739638,1.792497234519,6.5000001));
#1220 = CARTESIAN_POINT('',(0.297809739638,1.770038463527,6.5000001));
#1221 = ORIENTED_EDGE('',*,*,#1222,.F.);
#1222 = EDGE_CURVE('',#1223,#1216,#1225,.T.);
#1223 = VERTEX_POINT('',#1224);
#1224 = CARTESIAN_POINT('',(0.297133896993,1.792497234519,6.5000001));
#1225 = B_SPLINE_CURVE_WITH_KNOTS('',1,(#1226,#1227),.UNSPECIFIED.,.F.,
  .F.,(2,2),(-6.758426455273E-04,-2.22044604925E-16),
  .PIECEWISE_BEZIER_KNOTS.);
#1226 = CARTESIAN_POINT('',(0.297133896993,1.792497234519,6.5000001));
#1227 = CARTESIAN_POINT('',(0.297809739638,1.792497234519,6.5000001));
#1228 = ORIENTED_EDGE('',*,*,#1229,.F.);
#1229 = EDGE_CURVE('',#1230,#1223,#1232,.T.);
#1230 = VERTEX_POINT('',#1231);
#1231 = CARTESIAN_POINT('',(0.252632258175,1.766607262403,6.5000001));
#1232 = B_SPLINE_CURVE_WITH_KNOTS('',3,(#1233,#1234,#1235,#1236),
  .UNSPECIFIED.,.F.,.F.,(4,4),(6.,7.),.PIECEWISE_BEZIER_KNOTS.);
#1233 = CARTESIAN_POINT('',(0.252632258175,1.766607262403,6.5000001));
#1234 = CARTESIAN_POINT('',(0.272231694897,1.766607262403,6.5000001));
#1235 = CARTESIAN_POINT('',(0.287100233101,1.775237253109,6.5000001));
#1236 = CARTESIAN_POINT('',(0.297133896993,1.792497234519,6.5000001));
#1237 = ORIENTED_EDGE('',*,*,#1238,.F.);
#1238 = EDGE_CURVE('',#1239,#1230,#1241,.T.);
#1239 = VERTEX_POINT('',#1240);
#1240 = CARTESIAN_POINT('',(0.219048077478,1.778044599482,6.5000001));
#1241 = B_SPLINE_CURVE_WITH_KNOTS('',3,(#1242,#1243,#1244,#1245),
  .UNSPECIFIED.,.F.,.F.,(4,4),(7.,8.),.PIECEWISE_BEZIER_KNOTS.);
#1242 = CARTESIAN_POINT('',(0.219048077478,1.778044599482,6.5000001));
#1243 = CARTESIAN_POINT('',(0.227366140808,1.770454366693,6.5000001));
#1244 = CARTESIAN_POINT('',(0.238543538409,1.766607262403,6.5000001));
#1245 = CARTESIAN_POINT('',(0.252632258175,1.766607262403,6.5000001));
#1246 = ORIENTED_EDGE('',*,*,#1247,.F.);
#1247 = EDGE_CURVE('',#1248,#1239,#1250,.T.);
#1248 = VERTEX_POINT('',#1249);
#1249 = CARTESIAN_POINT('',(0.206570982482,1.808925409598,6.5000001));
#1250 = B_SPLINE_CURVE_WITH_KNOTS('',3,(#1251,#1252,#1253,#1254),
  .UNSPECIFIED.,.F.,.F.,(4,4),(8.,9.),.PIECEWISE_BEZIER_KNOTS.);
#1251 = CARTESIAN_POINT('',(0.206570982482,1.808925409598,6.5000001));
#1252 = CARTESIAN_POINT('',(0.206570982482,1.795928435643,6.5000001));
#1253 = CARTESIAN_POINT('',(0.210730014147,1.785634832271,6.5000001));
#1254 = CARTESIAN_POINT('',(0.219048077478,1.778044599482,6.5000001));
#1255 = ORIENTED_EDGE('',*,*,#1256,.F.);
#1256 = EDGE_CURVE('',#1257,#1248,#1259,.T.);
#1257 = VERTEX_POINT('',#1258);
#1258 = CARTESIAN_POINT('',(0.254763761903,1.856338370582,6.5000001));
#1259 = B_SPLINE_CURVE_WITH_KNOTS('',3,(#1260,#1261,#1262,#1263),
  .UNSPECIFIED.,.F.,.F.,(4,4),(9.,10.),.PIECEWISE_BEZIER_KNOTS.);
#1260 = CARTESIAN_POINT('',(0.254763761903,1.856338370582,6.5000001));
#1261 = CARTESIAN_POINT('',(0.222635242289,1.851867411541,6.5000001));
#1262 = CARTESIAN_POINT('',(0.206570982482,1.836063091213,6.5000001));
#1263 = CARTESIAN_POINT('',(0.206570982482,1.808925409598,6.5000001));
#1264 = ORIENTED_EDGE('',*,*,#1265,.F.);
#1265 = EDGE_CURVE('',#1266,#1257,#1268,.T.);
#1266 = VERTEX_POINT('',#1267);
#1267 = CARTESIAN_POINT('',(0.297809739638,1.862368966497,6.5000001));
#1268 = B_SPLINE_CURVE_WITH_KNOTS('',1,(#1269,#1270),.UNSPECIFIED.,.F.,
  .F.,(2,2),(-4.346635809804E-02,2.198971236185E-16),
  .PIECEWISE_BEZIER_KNOTS.);
#1269 = CARTESIAN_POINT('',(0.297809739638,1.862368966497,6.5000001));
#1270 = CARTESIAN_POINT('',(0.254763761903,1.856338370582,6.5000001));
#1271 = ORIENTED_EDGE('',*,*,#1272,.F.);
#1272 = EDGE_CURVE('',#1273,#1266,#1275,.T.);
#1273 = VERTEX_POINT('',#1274);
#1274 = CARTESIAN_POINT('',(0.268384590607,1.897928687234,6.5000001));
#1275 = B_SPLINE_CURVE_WITH_KNOTS('',3,(#1276,#1277,#1278,#1279),
  .UNSPECIFIED.,.F.,.F.,(4,4),(11.,12.),.PIECEWISE_BEZIER_KNOTS.);
#1276 = CARTESIAN_POINT('',(0.268384590607,1.897928687234,6.5000001));
#1277 = CARTESIAN_POINT('',(0.287984027329,1.897928687234,6.5000001));
#1278 = CARTESIAN_POINT('',(0.297809739638,1.886075446988,6.5000001));
#1279 = CARTESIAN_POINT('',(0.297809739638,1.862368966497,6.5000001));
#1280 = ORIENTED_EDGE('',*,*,#1281,.F.);
#1281 = EDGE_CURVE('',#1282,#1273,#1284,.T.);
#1282 = VERTEX_POINT('',#1283);
#1283 = CARTESIAN_POINT('',(0.220763678039,1.880356778448,6.5000001));
#1284 = B_SPLINE_CURVE_WITH_KNOTS('',3,(#1285,#1286,#1287,#1288),
  .UNSPECIFIED.,.F.,.F.,(4,4),(12.,13.),.PIECEWISE_BEZIER_KNOTS.);
#1285 = CARTESIAN_POINT('',(0.220763678039,1.880356778448,6.5000001));
#1286 = CARTESIAN_POINT('',(0.235112337285,1.892002067111,6.5000001));
#1287 = CARTESIAN_POINT('',(0.250968645508,1.897928687234,6.5000001));
#1288 = CARTESIAN_POINT('',(0.268384590607,1.897928687234,6.5000001));
#1289 = ORIENTED_EDGE('',*,*,#1290,.F.);
#1290 = EDGE_CURVE('',#1184,#1282,#1291,.T.);
#1291 = B_SPLINE_CURVE_WITH_KNOTS('',1,(#1292,#1293),.UNSPECIFIED.,.F.,
  .F.,(2,2),(-2.474623840926E-02,0.),.PIECEWISE_BEZIER_KNOTS.);
#1292 = CARTESIAN_POINT('',(0.220763678039,1.905103016857,6.5000001));
#1293 = CARTESIAN_POINT('',(0.220763678039,1.880356778448,6.5000001));
#1294 = FACE_BOUND('',#1295,.T.);
#1295 = EDGE_LOOP('',(#1296,#1305,#1312,#1319,#1326,#1333,#1340,#1347,
    #1354,#1361,#1368,#1375));
#1296 = ORIENTED_EDGE('',*,*,#1297,.F.);
#1297 = EDGE_CURVE('',#1298,#1300,#1302,.T.);
#1298 = VERTEX_POINT('',#1299);
#1299 = CARTESIAN_POINT('',(0.182188659344,1.770038463527,6.5000001));
#1300 = VERTEX_POINT('',#1301);
#1301 = CARTESIAN_POINT('',(0.182188659344,1.793225065061,6.5000001));
#1302 = B_SPLINE_CURVE_WITH_KNOTS('',1,(#1303,#1304),.UNSPECIFIED.,.F.,
  .F.,(2,2),(-2.318660153379E-02,0.),.PIECEWISE_BEZIER_KNOTS.);
#1303 = CARTESIAN_POINT('',(0.182188659344,1.770038463527,6.5000001));
#1304 = CARTESIAN_POINT('',(0.182188659344,1.793225065061,6.5000001));
#1305 = ORIENTED_EDGE('',*,*,#1306,.F.);
#1306 = EDGE_CURVE('',#1307,#1298,#1309,.T.);
#1307 = VERTEX_POINT('',#1308);
#1308 = CARTESIAN_POINT('',(7.280612654734E-02,1.770038463527,6.5000001)
  );
#1309 = B_SPLINE_CURVE_WITH_KNOTS('',1,(#1310,#1311),.UNSPECIFIED.,.F.,
  .F.,(2,2),(-0.109382532797,0.),.PIECEWISE_BEZIER_KNOTS.);
#1310 = CARTESIAN_POINT('',(7.280612654734E-02,1.770038463527,6.5000001)
  );
#1311 = CARTESIAN_POINT('',(0.182188659344,1.770038463527,6.5000001));
#1312 = ORIENTED_EDGE('',*,*,#1313,.F.);
#1313 = EDGE_CURVE('',#1314,#1307,#1316,.T.);
#1314 = VERTEX_POINT('',#1315);
#1315 = CARTESIAN_POINT('',(7.280612654734E-02,1.973415111959,6.5000001)
  );
#1316 = B_SPLINE_CURVE_WITH_KNOTS('',1,(#1317,#1318),.UNSPECIFIED.,.F.,
  .F.,(2,2),(-0.203376648431,-0.),.PIECEWISE_BEZIER_KNOTS.);
#1317 = CARTESIAN_POINT('',(7.280612654734E-02,1.973415111959,6.5000001)
  );
#1318 = CARTESIAN_POINT('',(7.280612654734E-02,1.770038463527,6.5000001)
  );
#1319 = ORIENTED_EDGE('',*,*,#1320,.F.);
#1320 = EDGE_CURVE('',#1321,#1314,#1323,.T.);
#1321 = VERTEX_POINT('',#1322);
#1322 = CARTESIAN_POINT('',(0.177561736616,1.973415111959,6.5000001));
#1323 = B_SPLINE_CURVE_WITH_KNOTS('',1,(#1324,#1325),.UNSPECIFIED.,.F.,
  .F.,(2,2),(-0.104755610069,-0.),.PIECEWISE_BEZIER_KNOTS.);
#1324 = CARTESIAN_POINT('',(0.177561736616,1.973415111959,6.5000001));
#1325 = CARTESIAN_POINT('',(7.280612654734E-02,1.973415111959,6.5000001)
  );
#1326 = ORIENTED_EDGE('',*,*,#1327,.F.);
#1327 = EDGE_CURVE('',#1328,#1321,#1330,.T.);
#1328 = VERTEX_POINT('',#1329);
#1329 = CARTESIAN_POINT('',(0.177561736616,1.950020558842,6.5000001));
#1330 = B_SPLINE_CURVE_WITH_KNOTS('',1,(#1331,#1332),.UNSPECIFIED.,.F.,
  .F.,(2,2),(-2.339455311681E-02,0.),.PIECEWISE_BEZIER_KNOTS.);
#1331 = CARTESIAN_POINT('',(0.177561736616,1.950020558842,6.5000001));
#1332 = CARTESIAN_POINT('',(0.177561736616,1.973415111959,6.5000001));
#1333 = ORIENTED_EDGE('',*,*,#1334,.F.);
#1334 = EDGE_CURVE('',#1335,#1328,#1337,.T.);
#1335 = VERTEX_POINT('',#1336);
#1336 = CARTESIAN_POINT('',(9.906001393423E-02,1.950020558842,6.5000001)
  );
#1337 = B_SPLINE_CURVE_WITH_KNOTS('',1,(#1338,#1339),.UNSPECIFIED.,.F.,
  .F.,(2,2),(-7.850172268188E-02,0.),.PIECEWISE_BEZIER_KNOTS.);
#1338 = CARTESIAN_POINT('',(9.906001393423E-02,1.950020558842,6.5000001)
  );
#1339 = CARTESIAN_POINT('',(0.177561736616,1.950020558842,6.5000001));
#1340 = ORIENTED_EDGE('',*,*,#1341,.F.);
#1341 = EDGE_CURVE('',#1342,#1335,#1344,.T.);
#1342 = VERTEX_POINT('',#1343);
#1343 = CARTESIAN_POINT('',(9.906001393423E-02,1.88493171328,6.5000001)
  );
#1344 = B_SPLINE_CURVE_WITH_KNOTS('',1,(#1345,#1346),.UNSPECIFIED.,.F.,
  .F.,(2,2),(-6.508884556213E-02,0.),.PIECEWISE_BEZIER_KNOTS.);
#1345 = CARTESIAN_POINT('',(9.906001393423E-02,1.88493171328,6.5000001)
  );
#1346 = CARTESIAN_POINT('',(9.906001393423E-02,1.950020558842,6.5000001)
  );
#1347 = ORIENTED_EDGE('',*,*,#1348,.F.);
#1348 = EDGE_CURVE('',#1349,#1342,#1351,.T.);
#1349 = VERTEX_POINT('',#1350);
#1350 = CARTESIAN_POINT('',(0.171791080181,1.88493171328,6.5000001));
#1351 = B_SPLINE_CURVE_WITH_KNOTS('',1,(#1352,#1353),.UNSPECIFIED.,.F.,
  .F.,(2,2),(-7.273106624666E-02,-0.),.PIECEWISE_BEZIER_KNOTS.);
#1352 = CARTESIAN_POINT('',(0.171791080181,1.88493171328,6.5000001));
#1353 = CARTESIAN_POINT('',(9.906001393423E-02,1.88493171328,6.5000001)
  );
#1354 = ORIENTED_EDGE('',*,*,#1355,.F.);
#1355 = EDGE_CURVE('',#1356,#1349,#1358,.T.);
#1356 = VERTEX_POINT('',#1357);
#1357 = CARTESIAN_POINT('',(0.171791080181,1.861641135955,6.5000001));
#1358 = B_SPLINE_CURVE_WITH_KNOTS('',1,(#1359,#1360),.UNSPECIFIED.,.F.,
  .F.,(2,2),(-2.32905773253E-02,0.),.PIECEWISE_BEZIER_KNOTS.);
#1359 = CARTESIAN_POINT('',(0.171791080181,1.861641135955,6.5000001));
#1360 = CARTESIAN_POINT('',(0.171791080181,1.88493171328,6.5000001));
#1361 = ORIENTED_EDGE('',*,*,#1362,.F.);
#1362 = EDGE_CURVE('',#1363,#1356,#1365,.T.);
#1363 = VERTEX_POINT('',#1364);
#1364 = CARTESIAN_POINT('',(9.906001393423E-02,1.861641135955,6.5000001)
  );
#1365 = B_SPLINE_CURVE_WITH_KNOTS('',1,(#1366,#1367),.UNSPECIFIED.,.F.,
  .F.,(2,2),(-7.273106624666E-02,0.),.PIECEWISE_BEZIER_KNOTS.);
#1366 = CARTESIAN_POINT('',(9.906001393423E-02,1.861641135955,6.5000001)
  );
#1367 = CARTESIAN_POINT('',(0.171791080181,1.861641135955,6.5000001));
#1368 = ORIENTED_EDGE('',*,*,#1369,.F.);
#1369 = EDGE_CURVE('',#1370,#1363,#1372,.T.);
#1370 = VERTEX_POINT('',#1371);
#1371 = CARTESIAN_POINT('',(9.906001393423E-02,1.793225065061,6.5000001)
  );
#1372 = B_SPLINE_CURVE_WITH_KNOTS('',1,(#1373,#1374),.UNSPECIFIED.,.F.,
  .F.,(2,2),(-6.841607089331E-02,0.),.PIECEWISE_BEZIER_KNOTS.);
#1373 = CARTESIAN_POINT('',(9.906001393423E-02,1.793225065061,6.5000001)
  );
#1374 = CARTESIAN_POINT('',(9.906001393423E-02,1.861641135955,6.5000001)
  );
#1375 = ORIENTED_EDGE('',*,*,#1376,.F.);
#1376 = EDGE_CURVE('',#1300,#1370,#1377,.T.);
#1377 = B_SPLINE_CURVE_WITH_KNOTS('',1,(#1378,#1379),.UNSPECIFIED.,.F.,
  .F.,(2,2),(-8.312864540976E-02,-0.),.PIECEWISE_BEZIER_KNOTS.);
#1378 = CARTESIAN_POINT('',(0.182188659344,1.793225065061,6.5000001));
#1379 = CARTESIAN_POINT('',(9.906001393423E-02,1.793225065061,6.5000001)
  );
#1380 = FACE_BOUND('',#1381,.T.);
#1381 = EDGE_LOOP('',(#1382,#1393,#1402,#1411,#1420,#1429,#1438,#1445,
    #1454,#1463,#1472,#1481,#1490,#1499));
#1382 = ORIENTED_EDGE('',*,*,#1383,.F.);
#1383 = EDGE_CURVE('',#1384,#1386,#1388,.T.);
#1384 = VERTEX_POINT('',#1385);
#1385 = CARTESIAN_POINT('',(0.284344874622,2.089244143836,6.5000001));
#1386 = VERTEX_POINT('',#1387);
#1387 = CARTESIAN_POINT('',(0.340647765791,2.101097384083,6.5000001));
#1388 = B_SPLINE_CURVE_WITH_KNOTS('',3,(#1389,#1390,#1391,#1392),
  .UNSPECIFIED.,.F.,.F.,(4,4),(0.,1.),.PIECEWISE_BEZIER_KNOTS.);
#1389 = CARTESIAN_POINT('',(0.284344874622,2.089244143836,6.5000001));
#1390 = CARTESIAN_POINT('',(0.306907621406,2.089244143836,6.5000001));
#1391 = CARTESIAN_POINT('',(0.325675251796,2.093195223918,6.5000001));
#1392 = CARTESIAN_POINT('',(0.340647765791,2.101097384083,6.5000001));
#1393 = ORIENTED_EDGE('',*,*,#1394,.F.);
#1394 = EDGE_CURVE('',#1395,#1384,#1397,.T.);
#1395 = VERTEX_POINT('',#1396);
#1396 = CARTESIAN_POINT('',(0.214473142646,2.117005680202,6.5000001));
#1397 = B_SPLINE_CURVE_WITH_KNOTS('',3,(#1398,#1399,#1400,#1401),
  .UNSPECIFIED.,.F.,.F.,(4,4),(1.,2.),.PIECEWISE_BEZIER_KNOTS.);
#1398 = CARTESIAN_POINT('',(0.214473142646,2.117005680202,6.5000001));
#1399 = CARTESIAN_POINT('',(0.231889087744,2.098497989292,6.5000001));
#1400 = CARTESIAN_POINT('',(0.255179665069,2.089244143836,6.5000001));
#1401 = CARTESIAN_POINT('',(0.284344874622,2.089244143836,6.5000001));
#1402 = ORIENTED_EDGE('',*,*,#1403,.F.);
#1403 = EDGE_CURVE('',#1404,#1395,#1406,.T.);
#1404 = VERTEX_POINT('',#1405);
#1405 = CARTESIAN_POINT('',(0.188375218946,2.190516564885,6.5000001));
#1406 = B_SPLINE_CURVE_WITH_KNOTS('',3,(#1407,#1408,#1409,#1410),
  .UNSPECIFIED.,.F.,.F.,(4,4),(2.,3.),.PIECEWISE_BEZIER_KNOTS.);
#1407 = CARTESIAN_POINT('',(0.188375218946,2.190516564885,6.5000001));
#1408 = CARTESIAN_POINT('',(0.188375218946,2.160051657937,6.5000001));
#1409 = CARTESIAN_POINT('',(0.197057197547,2.135513371112,6.5000001));
#1410 = CARTESIAN_POINT('',(0.214473142646,2.117005680202,6.5000001));
#1411 = ORIENTED_EDGE('',*,*,#1412,.F.);
#1412 = EDGE_CURVE('',#1413,#1404,#1415,.T.);
#1413 = VERTEX_POINT('',#1414);
#1414 = CARTESIAN_POINT('',(0.217748380082,2.269538166525,6.5000001));
#1415 = B_SPLINE_CURVE_WITH_KNOTS('',3,(#1416,#1417,#1418,#1419),
  .UNSPECIFIED.,.F.,.F.,(4,4),(3.,4.),.PIECEWISE_BEZIER_KNOTS.);
#1416 = CARTESIAN_POINT('',(0.217748380082,2.269538166525,6.5000001));
#1417 = CARTESIAN_POINT('',(0.198148943359,2.249574814533,6.5000001));
#1418 = CARTESIAN_POINT('',(0.188375218946,2.223268939249,6.5000001));
#1419 = CARTESIAN_POINT('',(0.188375218946,2.190516564885,6.5000001));
#1420 = ORIENTED_EDGE('',*,*,#1421,.F.);
#1421 = EDGE_CURVE('',#1422,#1413,#1424,.T.);
#1422 = VERTEX_POINT('',#1423);
#1423 = CARTESIAN_POINT('',(0.292454986369,2.299483194516,6.5000001));
#1424 = B_SPLINE_CURVE_WITH_KNOTS('',3,(#1425,#1426,#1427,#1428),
  .UNSPECIFIED.,.F.,.F.,(4,4),(4.,5.),.PIECEWISE_BEZIER_KNOTS.);
#1425 = CARTESIAN_POINT('',(0.292454986369,2.299483194516,6.5000001));
#1426 = CARTESIAN_POINT('',(0.262250018901,2.299483194516,6.5000001));
#1427 = CARTESIAN_POINT('',(0.237347816805,2.289501518519,6.5000001));
#1428 = CARTESIAN_POINT('',(0.217748380082,2.269538166525,6.5000001));
#1429 = ORIENTED_EDGE('',*,*,#1430,.F.);
#1430 = EDGE_CURVE('',#1431,#1422,#1433,.T.);
#1431 = VERTEX_POINT('',#1432);
#1432 = CARTESIAN_POINT('',(0.340647765791,2.291165131185,6.5000001));
#1433 = B_SPLINE_CURVE_WITH_KNOTS('',3,(#1434,#1435,#1436,#1437),
  .UNSPECIFIED.,.F.,.F.,(4,4),(5.,6.),.PIECEWISE_BEZIER_KNOTS.);
#1434 = CARTESIAN_POINT('',(0.340647765791,2.291165131185,6.5000001));
#1435 = CARTESIAN_POINT('',(0.327962719212,2.296675848142,6.5000001));
#1436 = CARTESIAN_POINT('',(0.311898459404,2.299483194516,6.5000001));
#1437 = CARTESIAN_POINT('',(0.292454986369,2.299483194516,6.5000001));
#1438 = ORIENTED_EDGE('',*,*,#1439,.F.);
#1439 = EDGE_CURVE('',#1440,#1431,#1442,.T.);
#1440 = VERTEX_POINT('',#1441);
#1441 = CARTESIAN_POINT('',(0.340647765791,2.263715522195,6.5000001));
#1442 = B_SPLINE_CURVE_WITH_KNOTS('',1,(#1443,#1444),.UNSPECIFIED.,.F.,
  .F.,(2,2),(-2.744960898998E-02,0.),.PIECEWISE_BEZIER_KNOTS.);
#1443 = CARTESIAN_POINT('',(0.340647765791,2.263715522195,6.5000001));
#1444 = CARTESIAN_POINT('',(0.340647765791,2.291165131185,6.5000001));
#1445 = ORIENTED_EDGE('',*,*,#1446,.F.);
#1446 = EDGE_CURVE('',#1447,#1440,#1449,.T.);
#1447 = VERTEX_POINT('',#1448);
#1448 = CARTESIAN_POINT('',(0.292714925849,2.275776714023,6.5000001));
#1449 = B_SPLINE_CURVE_WITH_KNOTS('',3,(#1450,#1451,#1452,#1453),
  .UNSPECIFIED.,.F.,.F.,(4,4),(7.,8.),.PIECEWISE_BEZIER_KNOTS.);
#1450 = CARTESIAN_POINT('',(0.292714925849,2.275776714023,6.5000001));
#1451 = CARTESIAN_POINT('',(0.310130870947,2.275776714023,6.5000001));
#1452 = CARTESIAN_POINT('',(0.326091154963,2.271825633941,6.5000001));
#1453 = CARTESIAN_POINT('',(0.340647765791,2.263715522195,6.5000001));
#1454 = ORIENTED_EDGE('',*,*,#1455,.F.);
#1455 = EDGE_CURVE('',#1456,#1447,#1458,.T.);
#1456 = VERTEX_POINT('',#1457);
#1457 = CARTESIAN_POINT('',(0.237295828909,2.25321396724,6.5000001));
#1458 = B_SPLINE_CURVE_WITH_KNOTS('',3,(#1459,#1460,#1461,#1462),
  .UNSPECIFIED.,.F.,.F.,(4,4),(8.,9.),.PIECEWISE_BEZIER_KNOTS.);
#1459 = CARTESIAN_POINT('',(0.237295828909,2.25321396724,6.5000001));
#1460 = CARTESIAN_POINT('',(0.251592500258,2.268290457026,6.5000001));
#1461 = CARTESIAN_POINT('',(0.270048203273,2.275776714023,6.5000001));
#1462 = CARTESIAN_POINT('',(0.292714925849,2.275776714023,6.5000001));
#1463 = ORIENTED_EDGE('',*,*,#1464,.F.);
#1464 = EDGE_CURVE('',#1465,#1456,#1467,.T.);
#1465 = VERTEX_POINT('',#1466);
#1466 = CARTESIAN_POINT('',(0.215928803729,2.192076201761,6.5000001));
#1467 = B_SPLINE_CURVE_WITH_KNOTS('',3,(#1468,#1469,#1470,#1471),
  .UNSPECIFIED.,.F.,.F.,(4,4),(9.,10.),.PIECEWISE_BEZIER_KNOTS.);
#1468 = CARTESIAN_POINT('',(0.215928803729,2.192076201761,6.5000001));
#1469 = CARTESIAN_POINT('',(0.215928803729,2.217654246502,6.5000001));
#1470 = CARTESIAN_POINT('',(0.223051145455,2.238033501661,6.5000001));
#1471 = CARTESIAN_POINT('',(0.237295828909,2.25321396724,6.5000001));
#1472 = ORIENTED_EDGE('',*,*,#1473,.F.);
#1473 = EDGE_CURVE('',#1474,#1465,#1476,.T.);
#1474 = VERTEX_POINT('',#1475);
#1475 = CARTESIAN_POINT('',(0.235892155722,2.13405771003,6.5000001));
#1476 = B_SPLINE_CURVE_WITH_KNOTS('',3,(#1477,#1478,#1479,#1480),
  .UNSPECIFIED.,.F.,.F.,(4,4),(10.,11.),.PIECEWISE_BEZIER_KNOTS.);
#1477 = CARTESIAN_POINT('',(0.235892155722,2.13405771003,6.5000001));
#1478 = CARTESIAN_POINT('',(0.222583254393,2.148406369275,6.5000001));
#1479 = CARTESIAN_POINT('',(0.215928803729,2.167745866519,6.5000001));
#1480 = CARTESIAN_POINT('',(0.215928803729,2.192076201761,6.5000001));
#1481 = ORIENTED_EDGE('',*,*,#1482,.F.);
#1482 = EDGE_CURVE('',#1483,#1474,#1485,.T.);
#1483 = VERTEX_POINT('',#1484);
#1484 = CARTESIAN_POINT('',(0.288139991017,2.112638696953,6.5000001));
#1485 = B_SPLINE_CURVE_WITH_KNOTS('',3,(#1486,#1487,#1488,#1489),
  .UNSPECIFIED.,.F.,.F.,(4,4),(11.,12.),.PIECEWISE_BEZIER_KNOTS.);
#1486 = CARTESIAN_POINT('',(0.288139991017,2.112638696953,6.5000001));
#1487 = CARTESIAN_POINT('',(0.266617002149,2.112638696953,6.5000001));
#1488 = CARTESIAN_POINT('',(0.249201057051,2.119813026576,6.5000001));
#1489 = CARTESIAN_POINT('',(0.235892155722,2.13405771003,6.5000001));
#1490 = ORIENTED_EDGE('',*,*,#1491,.F.);
#1491 = EDGE_CURVE('',#1492,#1483,#1494,.T.);
#1492 = VERTEX_POINT('',#1493);
#1493 = CARTESIAN_POINT('',(0.340647765791,2.126259525658,6.5000001));
#1494 = B_SPLINE_CURVE_WITH_KNOTS('',3,(#1495,#1496,#1497,#1498),
  .UNSPECIFIED.,.F.,.F.,(4,4),(12.,13.),.PIECEWISE_BEZIER_KNOTS.);
#1495 = CARTESIAN_POINT('',(0.340647765791,2.126259525658,6.5000001));
#1496 = CARTESIAN_POINT('',(0.325779227587,2.117213631785,6.5000001));
#1497 = CARTESIAN_POINT('',(0.308259306697,2.112638696953,6.5000001));
#1498 = CARTESIAN_POINT('',(0.288139991017,2.112638696953,6.5000001));
#1499 = ORIENTED_EDGE('',*,*,#1500,.F.);
#1500 = EDGE_CURVE('',#1386,#1492,#1501,.T.);
#1501 = B_SPLINE_CURVE_WITH_KNOTS('',1,(#1502,#1503),.UNSPECIFIED.,.F.,
  .F.,(2,2),(-2.516214157531E-02,0.),.PIECEWISE_BEZIER_KNOTS.);
#1502 = CARTESIAN_POINT('',(0.340647765791,2.101097384083,6.5000001));
#1503 = CARTESIAN_POINT('',(0.340647765791,2.126259525658,6.5000001));
#1504 = FACE_BOUND('',#1505,.T.);
#1505 = EDGE_LOOP('',(#1506,#1515,#1522,#1529));
#1506 = ORIENTED_EDGE('',*,*,#1507,.T.);
#1507 = EDGE_CURVE('',#1508,#1510,#1512,.T.);
#1508 = VERTEX_POINT('',#1509);
#1509 = CARTESIAN_POINT('',(3.25,2.75,6.5000001));
#1510 = VERTEX_POINT('',#1511);
#1511 = CARTESIAN_POINT('',(-3.25,2.75,6.5000001));
#1512 = B_SPLINE_CURVE_WITH_KNOTS('',1,(#1513,#1514),.UNSPECIFIED.,.F.,
  .F.,(2,2),(0.,6.5),.PIECEWISE_BEZIER_KNOTS.);
#1513 = CARTESIAN_POINT('',(3.25,2.75,6.5000001));
#1514 = CARTESIAN_POINT('',(-3.25,2.75,6.5000001));
#1515 = ORIENTED_EDGE('',*,*,#1516,.F.);
#1516 = EDGE_CURVE('',#1517,#1510,#1519,.T.);
#1517 = VERTEX_POINT('',#1518);
#1518 = CARTESIAN_POINT('',(-3.25,1.25,6.5000001));
#1519 = B_SPLINE_CURVE_WITH_KNOTS('',1,(#1520,#1521),.UNSPECIFIED.,.F.,
  .F.,(2,2),(0.,1.5),.PIECEWISE_BEZIER_KNOTS.);
#1520 = CARTESIAN_POINT('',(-3.25,1.25,6.5000001));
#1521 = CARTESIAN_POINT('',(-3.25,2.75,6.5000001));
#1522 = ORIENTED_EDGE('',*,*,#1523,.F.);
#1523 = EDGE_CURVE('',#1524,#1517,#1526,.T.);
#1524 = VERTEX_POINT('',#1525);
#1525 = CARTESIAN_POINT('',(3.25,1.25,6.5000001));
#1526 = B_SPLINE_CURVE_WITH_KNOTS('',1,(#1527,#1528),.UNSPECIFIED.,.F.,
  .F.,(2,2),(0.,6.5),.PIECEWISE_BEZIER_KNOTS.);
#1527 = CARTESIAN_POINT('',(3.25,1.25,6.5000001));
#1528 = CARTESIAN_POINT('',(-3.25,1.25,6.5000001));
#1529 = ORIENTED_EDGE('',*,*,#1530,.T.);
#1530 = EDGE_CURVE('',#1524,#1508,#1531,.T.);
#1531 = B_SPLINE_CURVE_WITH_KNOTS('',1,(#1532,#1533),.UNSPECIFIED.,.F.,
  .F.,(2,2),(0.,1.5),.PIECEWISE_BEZIER_KNOTS.);
#1532 = CARTESIAN_POINT('',(3.25,1.25,6.5000001));
#1533 = CARTESIAN_POINT('',(3.25,2.75,6.5000001));
#1534 = FACE_BOUND('',#1535,.T.);
#1535 = EDGE_LOOP('',(#1536,#1545,#1552,#1559,#1566,#1573));
#1536 = ORIENTED_EDGE('',*,*,#1537,.F.);
#1537 = EDGE_CURVE('',#1538,#1540,#1542,.T.);
#1538 = VERTEX_POINT('',#1539);
#1539 = CARTESIAN_POINT('',(0.180057155616,2.09267534496,6.5000001));
#1540 = VERTEX_POINT('',#1541);
#1541 = CARTESIAN_POINT('',(0.180057155616,2.115861946494,6.5000001));
#1542 = B_SPLINE_CURVE_WITH_KNOTS('',1,(#1543,#1544),.UNSPECIFIED.,.F.,
  .F.,(2,2),(-2.318660153378E-02,0.),.PIECEWISE_BEZIER_KNOTS.);
#1543 = CARTESIAN_POINT('',(0.180057155616,2.09267534496,6.5000001));
#1544 = CARTESIAN_POINT('',(0.180057155616,2.115861946494,6.5000001));
#1545 = ORIENTED_EDGE('',*,*,#1546,.F.);
#1546 = EDGE_CURVE('',#1547,#1538,#1549,.T.);
#1547 = VERTEX_POINT('',#1548);
#1548 = CARTESIAN_POINT('',(7.280612654734E-02,2.09267534496,6.5000001)
  );
#1549 = B_SPLINE_CURVE_WITH_KNOTS('',1,(#1550,#1551),.UNSPECIFIED.,.F.,
  .F.,(2,2),(-0.107251029069,0.),.PIECEWISE_BEZIER_KNOTS.);
#1550 = CARTESIAN_POINT('',(7.280612654734E-02,2.09267534496,6.5000001)
  );
#1551 = CARTESIAN_POINT('',(0.180057155616,2.09267534496,6.5000001));
#1552 = ORIENTED_EDGE('',*,*,#1553,.F.);
#1553 = EDGE_CURVE('',#1554,#1547,#1556,.T.);
#1554 = VERTEX_POINT('',#1555);
#1555 = CARTESIAN_POINT('',(7.280612654734E-02,2.296051993392,6.5000001)
  );
#1556 = B_SPLINE_CURVE_WITH_KNOTS('',1,(#1557,#1558),.UNSPECIFIED.,.F.,
  .F.,(2,2),(-0.203376648431,-0.),.PIECEWISE_BEZIER_KNOTS.);
#1557 = CARTESIAN_POINT('',(7.280612654734E-02,2.296051993392,6.5000001)
  );
#1558 = CARTESIAN_POINT('',(7.280612654734E-02,2.09267534496,6.5000001)
  );
#1559 = ORIENTED_EDGE('',*,*,#1560,.F.);
#1560 = EDGE_CURVE('',#1561,#1554,#1563,.T.);
#1561 = VERTEX_POINT('',#1562);
#1562 = CARTESIAN_POINT('',(9.906001393423E-02,2.296051993392,6.5000001)
  );
#1563 = B_SPLINE_CURVE_WITH_KNOTS('',1,(#1564,#1565),.UNSPECIFIED.,.F.,
  .F.,(2,2),(-2.625388738689E-02,-0.),.PIECEWISE_BEZIER_KNOTS.);
#1564 = CARTESIAN_POINT('',(9.906001393423E-02,2.296051993392,6.5000001)
  );
#1565 = CARTESIAN_POINT('',(7.280612654734E-02,2.296051993392,6.5000001)
  );
#1566 = ORIENTED_EDGE('',*,*,#1567,.F.);
#1567 = EDGE_CURVE('',#1568,#1561,#1570,.T.);
#1568 = VERTEX_POINT('',#1569);
#1569 = CARTESIAN_POINT('',(9.906001393423E-02,2.115861946494,6.5000001)
  );
#1570 = B_SPLINE_CURVE_WITH_KNOTS('',1,(#1571,#1572),.UNSPECIFIED.,.F.,
  .F.,(2,2),(-0.180190046898,-1.110223024625E-16),
  .PIECEWISE_BEZIER_KNOTS.);
#1571 = CARTESIAN_POINT('',(9.906001393423E-02,2.115861946494,6.5000001)
  );
#1572 = CARTESIAN_POINT('',(9.906001393423E-02,2.296051993392,6.5000001)
  );
#1573 = ORIENTED_EDGE('',*,*,#1574,.F.);
#1574 = EDGE_CURVE('',#1540,#1568,#1575,.T.);
#1575 = B_SPLINE_CURVE_WITH_KNOTS('',1,(#1576,#1577),.UNSPECIFIED.,.F.,
  .F.,(2,2),(-8.099714168166E-02,-0.),.PIECEWISE_BEZIER_KNOTS.);
#1576 = CARTESIAN_POINT('',(0.180057155616,2.115861946494,6.5000001));
#1577 = CARTESIAN_POINT('',(9.906001393423E-02,2.115861946494,6.5000001)
  );
#1578 = FACE_BOUND('',#1579,.T.);
#1579 = EDGE_LOOP('',(#1580,#1589,#1596,#1603,#1610,#1617,#1624,#1631,
    #1638,#1645,#1652,#1659));
#1580 = ORIENTED_EDGE('',*,*,#1581,.F.);
#1581 = EDGE_CURVE('',#1582,#1584,#1586,.T.);
#1582 = VERTEX_POINT('',#1583);
#1583 = CARTESIAN_POINT('',(0.490736821011,2.09267534496,6.5000001));
#1584 = VERTEX_POINT('',#1585);
#1585 = CARTESIAN_POINT('',(0.490736821011,2.115861946494,6.5000001));
#1586 = B_SPLINE_CURVE_WITH_KNOTS('',1,(#1587,#1588),.UNSPECIFIED.,.F.,
  .F.,(2,2),(-2.318660153378E-02,0.),.PIECEWISE_BEZIER_KNOTS.);
#1587 = CARTESIAN_POINT('',(0.490736821011,2.09267534496,6.5000001));
#1588 = CARTESIAN_POINT('',(0.490736821011,2.115861946494,6.5000001));
#1589 = ORIENTED_EDGE('',*,*,#1590,.F.);
#1590 = EDGE_CURVE('',#1591,#1582,#1593,.T.);
#1591 = VERTEX_POINT('',#1592);
#1592 = CARTESIAN_POINT('',(0.381354288215,2.09267534496,6.5000001));
#1593 = B_SPLINE_CURVE_WITH_KNOTS('',1,(#1594,#1595),.UNSPECIFIED.,.F.,
  .F.,(2,2),(-0.109382532796,0.),.PIECEWISE_BEZIER_KNOTS.);
#1594 = CARTESIAN_POINT('',(0.381354288215,2.09267534496,6.5000001));
#1595 = CARTESIAN_POINT('',(0.490736821011,2.09267534496,6.5000001));
#1596 = ORIENTED_EDGE('',*,*,#1597,.F.);
#1597 = EDGE_CURVE('',#1598,#1591,#1600,.T.);
#1598 = VERTEX_POINT('',#1599);
#1599 = CARTESIAN_POINT('',(0.381354288215,2.296051993392,6.5000001));
#1600 = B_SPLINE_CURVE_WITH_KNOTS('',1,(#1601,#1602),.UNSPECIFIED.,.F.,
  .F.,(2,2),(-0.203376648431,-0.),.PIECEWISE_BEZIER_KNOTS.);
#1601 = CARTESIAN_POINT('',(0.381354288215,2.296051993392,6.5000001));
#1602 = CARTESIAN_POINT('',(0.381354288215,2.09267534496,6.5000001));
#1603 = ORIENTED_EDGE('',*,*,#1604,.F.);
#1604 = EDGE_CURVE('',#1605,#1598,#1607,.T.);
#1605 = VERTEX_POINT('',#1606);
#1606 = CARTESIAN_POINT('',(0.486109898284,2.296051993392,6.5000001));
#1607 = B_SPLINE_CURVE_WITH_KNOTS('',1,(#1608,#1609),.UNSPECIFIED.,.F.,
  .F.,(2,2),(-0.104755610069,-0.),.PIECEWISE_BEZIER_KNOTS.);
#1608 = CARTESIAN_POINT('',(0.486109898284,2.296051993392,6.5000001));
#1609 = CARTESIAN_POINT('',(0.381354288215,2.296051993392,6.5000001));
#1610 = ORIENTED_EDGE('',*,*,#1611,.F.);
#1611 = EDGE_CURVE('',#1612,#1605,#1614,.T.);
#1612 = VERTEX_POINT('',#1613);
#1613 = CARTESIAN_POINT('',(0.486109898284,2.272657440275,6.5000001));
#1614 = B_SPLINE_CURVE_WITH_KNOTS('',1,(#1615,#1616),.UNSPECIFIED.,.F.,
  .F.,(2,2),(-2.339455311681E-02,-1.110223024625E-16),
  .PIECEWISE_BEZIER_KNOTS.);
#1615 = CARTESIAN_POINT('',(0.486109898284,2.272657440275,6.5000001));
#1616 = CARTESIAN_POINT('',(0.486109898284,2.296051993392,6.5000001));
#1617 = ORIENTED_EDGE('',*,*,#1618,.F.);
#1618 = EDGE_CURVE('',#1619,#1612,#1621,.T.);
#1619 = VERTEX_POINT('',#1620);
#1620 = CARTESIAN_POINT('',(0.407608175602,2.272657440275,6.5000001));
#1621 = B_SPLINE_CURVE_WITH_KNOTS('',1,(#1622,#1623),.UNSPECIFIED.,.F.,
  .F.,(2,2),(-7.850172268189E-02,2.22044604925E-16),
  .PIECEWISE_BEZIER_KNOTS.);
#1622 = CARTESIAN_POINT('',(0.407608175602,2.272657440275,6.5000001));
#1623 = CARTESIAN_POINT('',(0.486109898284,2.272657440275,6.5000001));
#1624 = ORIENTED_EDGE('',*,*,#1625,.F.);
#1625 = EDGE_CURVE('',#1626,#1619,#1628,.T.);
#1626 = VERTEX_POINT('',#1627);
#1627 = CARTESIAN_POINT('',(0.407608175602,2.207568594713,6.5000001));
#1628 = B_SPLINE_CURVE_WITH_KNOTS('',1,(#1629,#1630),.UNSPECIFIED.,.F.,
  .F.,(2,2),(-6.508884556212E-02,0.),.PIECEWISE_BEZIER_KNOTS.);
#1629 = CARTESIAN_POINT('',(0.407608175602,2.207568594713,6.5000001));
#1630 = CARTESIAN_POINT('',(0.407608175602,2.272657440275,6.5000001));
#1631 = ORIENTED_EDGE('',*,*,#1632,.F.);
#1632 = EDGE_CURVE('',#1633,#1626,#1635,.T.);
#1633 = VERTEX_POINT('',#1634);
#1634 = CARTESIAN_POINT('',(0.480339241848,2.207568594713,6.5000001));
#1635 = B_SPLINE_CURVE_WITH_KNOTS('',1,(#1636,#1637),.UNSPECIFIED.,.F.,
  .F.,(2,2),(-7.273106624597E-02,-0.),.PIECEWISE_BEZIER_KNOTS.);
#1636 = CARTESIAN_POINT('',(0.480339241848,2.207568594713,6.5000001));
#1637 = CARTESIAN_POINT('',(0.407608175602,2.207568594713,6.5000001));
#1638 = ORIENTED_EDGE('',*,*,#1639,.F.);
#1639 = EDGE_CURVE('',#1640,#1633,#1642,.T.);
#1640 = VERTEX_POINT('',#1641);
#1641 = CARTESIAN_POINT('',(0.480339241848,2.184278017387,6.5000001));
#1642 = B_SPLINE_CURVE_WITH_KNOTS('',1,(#1643,#1644),.UNSPECIFIED.,.F.,
  .F.,(2,2),(-2.32905773253E-02,0.),.PIECEWISE_BEZIER_KNOTS.);
#1643 = CARTESIAN_POINT('',(0.480339241848,2.184278017387,6.5000001));
#1644 = CARTESIAN_POINT('',(0.480339241848,2.207568594713,6.5000001));
#1645 = ORIENTED_EDGE('',*,*,#1646,.F.);
#1646 = EDGE_CURVE('',#1647,#1640,#1649,.T.);
#1647 = VERTEX_POINT('',#1648);
#1648 = CARTESIAN_POINT('',(0.407608175602,2.184278017387,6.5000001));
#1649 = B_SPLINE_CURVE_WITH_KNOTS('',1,(#1650,#1651),.UNSPECIFIED.,.F.,
  .F.,(2,2),(-7.273106624597E-02,2.22044604925E-16),
  .PIECEWISE_BEZIER_KNOTS.);
#1650 = CARTESIAN_POINT('',(0.407608175602,2.184278017387,6.5000001));
#1651 = CARTESIAN_POINT('',(0.480339241848,2.184278017387,6.5000001));
#1652 = ORIENTED_EDGE('',*,*,#1653,.F.);
#1653 = EDGE_CURVE('',#1654,#1647,#1656,.T.);
#1654 = VERTEX_POINT('',#1655);
#1655 = CARTESIAN_POINT('',(0.407608175602,2.115861946494,6.5000001));
#1656 = B_SPLINE_CURVE_WITH_KNOTS('',1,(#1657,#1658),.UNSPECIFIED.,.F.,
  .F.,(2,2),(-6.841607089332E-02,0.),.PIECEWISE_BEZIER_KNOTS.);
#1657 = CARTESIAN_POINT('',(0.407608175602,2.115861946494,6.5000001));
#1658 = CARTESIAN_POINT('',(0.407608175602,2.184278017387,6.5000001));
#1659 = ORIENTED_EDGE('',*,*,#1660,.F.);
#1660 = EDGE_CURVE('',#1584,#1654,#1661,.T.);
#1661 = B_SPLINE_CURVE_WITH_KNOTS('',1,(#1662,#1663),.UNSPECIFIED.,.F.,
  .F.,(2,2),(-8.312864540908E-02,-0.),.PIECEWISE_BEZIER_KNOTS.);
#1662 = CARTESIAN_POINT('',(0.490736821011,2.115861946494,6.5000001));
#1663 = CARTESIAN_POINT('',(0.407608175602,2.115861946494,6.5000001));
#1664 = FACE_BOUND('',#1665,.T.);
#1665 = EDGE_LOOP('',(#1666,#1675,#1682,#1689,#1698,#1707,#1716));
#1666 = ORIENTED_EDGE('',*,*,#1667,.F.);
#1667 = EDGE_CURVE('',#1668,#1670,#1672,.T.);
#1668 = VERTEX_POINT('',#1669);
#1669 = CARTESIAN_POINT('',(0.529155876019,2.09267534496,6.5000001));
#1670 = VERTEX_POINT('',#1671);
#1671 = CARTESIAN_POINT('',(0.585094851917,2.09267534496,6.5000001));
#1672 = B_SPLINE_CURVE_WITH_KNOTS('',1,(#1673,#1674),.UNSPECIFIED.,.F.,
  .F.,(2,2),(-5.593897589787E-02,0.),.PIECEWISE_BEZIER_KNOTS.);
#1673 = CARTESIAN_POINT('',(0.529155876019,2.09267534496,6.5000001));
#1674 = CARTESIAN_POINT('',(0.585094851917,2.09267534496,6.5000001));
#1675 = ORIENTED_EDGE('',*,*,#1676,.F.);
#1676 = EDGE_CURVE('',#1677,#1668,#1679,.T.);
#1677 = VERTEX_POINT('',#1678);
#1678 = CARTESIAN_POINT('',(0.529155876019,2.296051993392,6.5000001));
#1679 = B_SPLINE_CURVE_WITH_KNOTS('',1,(#1680,#1681),.UNSPECIFIED.,.F.,
  .F.,(2,2),(-0.203376648431,-0.),.PIECEWISE_BEZIER_KNOTS.);
#1680 = CARTESIAN_POINT('',(0.529155876019,2.296051993392,6.5000001));
#1681 = CARTESIAN_POINT('',(0.529155876019,2.09267534496,6.5000001));
#1682 = ORIENTED_EDGE('',*,*,#1683,.F.);
#1683 = EDGE_CURVE('',#1684,#1677,#1686,.T.);
#1684 = VERTEX_POINT('',#1685);
#1685 = CARTESIAN_POINT('',(0.58717436775,2.296051993392,6.5000001));
#1686 = B_SPLINE_CURVE_WITH_KNOTS('',1,(#1687,#1688),.UNSPECIFIED.,.F.,
  .F.,(2,2),(-5.801849173091E-02,2.22044604925E-16),
  .PIECEWISE_BEZIER_KNOTS.);
#1687 = CARTESIAN_POINT('',(0.58717436775,2.296051993392,6.5000001));
#1688 = CARTESIAN_POINT('',(0.529155876019,2.296051993392,6.5000001));
#1689 = ORIENTED_EDGE('',*,*,#1690,.F.);
#1690 = EDGE_CURVE('',#1691,#1684,#1693,.T.);
#1691 = VERTEX_POINT('',#1692);
#1692 = CARTESIAN_POINT('',(0.664064465662,2.269122263359,6.5000001));
#1693 = B_SPLINE_CURVE_WITH_KNOTS('',3,(#1694,#1695,#1696,#1697),
  .UNSPECIFIED.,.F.,.F.,(4,4),(2.,3.),.PIECEWISE_BEZIER_KNOTS.);
#1694 = CARTESIAN_POINT('',(0.664064465662,2.269122263359,6.5000001));
#1695 = CARTESIAN_POINT('',(0.643633222606,2.287110075312,6.5000001));
#1696 = CARTESIAN_POINT('',(0.618003189969,2.296051993392,6.5000001));
#1697 = CARTESIAN_POINT('',(0.58717436775,2.296051993392,6.5000001));
#1698 = ORIENTED_EDGE('',*,*,#1699,.F.);
#1699 = EDGE_CURVE('',#1700,#1691,#1702,.T.);
#1700 = VERTEX_POINT('',#1701);
#1701 = CARTESIAN_POINT('',(0.694737324193,2.196963063967,6.5000001));
#1702 = B_SPLINE_CURVE_WITH_KNOTS('',3,(#1703,#1704,#1705,#1706),
  .UNSPECIFIED.,.F.,.F.,(4,4),(3.,4.),.PIECEWISE_BEZIER_KNOTS.);
#1703 = CARTESIAN_POINT('',(0.694737324193,2.196963063967,6.5000001));
#1704 = CARTESIAN_POINT('',(0.694737324193,2.227116043539,6.5000001));
#1705 = CARTESIAN_POINT('',(0.684495708718,2.251134451407,6.5000001));
#1706 = CARTESIAN_POINT('',(0.664064465662,2.269122263359,6.5000001));
#1707 = ORIENTED_EDGE('',*,*,#1708,.F.);
#1708 = EDGE_CURVE('',#1709,#1700,#1711,.T.);
#1709 = VERTEX_POINT('',#1710);
#1710 = CARTESIAN_POINT('',(0.664064465662,2.121164711867,6.5000001));
#1711 = B_SPLINE_CURVE_WITH_KNOTS('',3,(#1712,#1713,#1714,#1715),
  .UNSPECIFIED.,.F.,.F.,(4,4),(4.,5.),.PIECEWISE_BEZIER_KNOTS.);
#1712 = CARTESIAN_POINT('',(0.664064465662,2.121164711867,6.5000001));
#1713 = CARTESIAN_POINT('',(0.684495708718,2.140192281736,6.5000001));
#1714 = CARTESIAN_POINT('',(0.694737324193,2.165458399103,6.5000001));
#1715 = CARTESIAN_POINT('',(0.694737324193,2.196963063967,6.5000001));
#1716 = ORIENTED_EDGE('',*,*,#1717,.F.);
#1717 = EDGE_CURVE('',#1670,#1709,#1718,.T.);
#1718 = B_SPLINE_CURVE_WITH_KNOTS('',3,(#1719,#1720,#1721,#1722),
  .UNSPECIFIED.,.F.,.F.,(4,4),(5.,6.),.PIECEWISE_BEZIER_KNOTS.);
#1719 = CARTESIAN_POINT('',(0.585094851917,2.09267534496,6.5000001));
#1720 = CARTESIAN_POINT('',(0.617275359427,2.09267534496,6.5000001));
#1721 = CARTESIAN_POINT('',(0.643633222606,2.102137141999,6.5000001));
#1722 = CARTESIAN_POINT('',(0.664064465662,2.121164711867,6.5000001));
#1723 = FACE_BOUND('',#1724,.T.);
#1724 = EDGE_LOOP('',(#1725,#1734,#1741,#1748,#1755,#1762,#1769,#1776));
#1725 = ORIENTED_EDGE('',*,*,#1726,.F.);
#1726 = EDGE_CURVE('',#1727,#1729,#1731,.T.);
#1727 = VERTEX_POINT('',#1728);
#1728 = CARTESIAN_POINT('',(0.889016090857,2.09267534496,6.5000001));
#1729 = VERTEX_POINT('',#1730);
#1730 = CARTESIAN_POINT('',(0.811554126091,2.296051993392,6.5000001));
#1731 = B_SPLINE_CURVE_WITH_KNOTS('',1,(#1732,#1733),.UNSPECIFIED.,.F.,
  .F.,(2,2),(-0.217629081496,-1.037515005844E-16),
  .PIECEWISE_BEZIER_KNOTS.);
#1732 = CARTESIAN_POINT('',(0.889016090857,2.09267534496,6.5000001));
#1733 = CARTESIAN_POINT('',(0.811554126091,2.296051993392,6.5000001));
#1734 = ORIENTED_EDGE('',*,*,#1735,.F.);
#1735 = EDGE_CURVE('',#1736,#1727,#1738,.T.);
#1736 = VERTEX_POINT('',#1737);
#1737 = CARTESIAN_POINT('',(0.860006844991,2.09267534496,6.5000001));
#1738 = B_SPLINE_CURVE_WITH_KNOTS('',1,(#1739,#1740),.UNSPECIFIED.,.F.,
  .F.,(2,2),(-2.900924586545E-02,0.),.PIECEWISE_BEZIER_KNOTS.);
#1739 = CARTESIAN_POINT('',(0.860006844991,2.09267534496,6.5000001));
#1740 = CARTESIAN_POINT('',(0.889016090857,2.09267534496,6.5000001));
#1741 = ORIENTED_EDGE('',*,*,#1742,.F.);
#1742 = EDGE_CURVE('',#1743,#1736,#1745,.T.);
#1743 = VERTEX_POINT('',#1744);
#1744 = CARTESIAN_POINT('',(0.839263674561,2.148302393484,6.5000001));
#1745 = B_SPLINE_CURVE_WITH_KNOTS('',1,(#1746,#1747),.UNSPECIFIED.,.F.,
  .F.,(2,2),(-5.936874301283E-02,0.),.PIECEWISE_BEZIER_KNOTS.);
#1746 = CARTESIAN_POINT('',(0.839263674561,2.148302393484,6.5000001));
#1747 = CARTESIAN_POINT('',(0.860006844991,2.09267534496,6.5000001));
#1748 = ORIENTED_EDGE('',*,*,#1749,.F.);
#1749 = EDGE_CURVE('',#1750,#1743,#1752,.T.);
#1750 = VERTEX_POINT('',#1751);
#1751 = CARTESIAN_POINT('',(0.754575392276,2.148302393484,6.5000001));
#1752 = B_SPLINE_CURVE_WITH_KNOTS('',1,(#1753,#1754),.UNSPECIFIED.,.F.,
  .F.,(2,2),(-8.468828228454E-02,3.330669073875E-16),
  .PIECEWISE_BEZIER_KNOTS.);
#1753 = CARTESIAN_POINT('',(0.754575392276,2.148302393484,6.5000001));
#1754 = CARTESIAN_POINT('',(0.839263674561,2.148302393484,6.5000001));
#1755 = ORIENTED_EDGE('',*,*,#1756,.F.);
#1756 = EDGE_CURVE('',#1757,#1750,#1759,.T.);
#1757 = VERTEX_POINT('',#1758);
#1758 = CARTESIAN_POINT('',(0.73502794345,2.09267534496,6.5000001));
#1759 = B_SPLINE_CURVE_WITH_KNOTS('',1,(#1760,#1761),.UNSPECIFIED.,.F.,
  .F.,(2,2),(-5.896160855208E-02,0.),.PIECEWISE_BEZIER_KNOTS.);
#1760 = CARTESIAN_POINT('',(0.73502794345,2.09267534496,6.5000001));
#1761 = CARTESIAN_POINT('',(0.754575392276,2.148302393484,6.5000001));
#1762 = ORIENTED_EDGE('',*,*,#1763,.F.);
#1763 = EDGE_CURVE('',#1764,#1757,#1766,.T.);
#1764 = VERTEX_POINT('',#1765);
#1765 = CARTESIAN_POINT('',(0.706018697586,2.09267534496,6.5000001));
#1766 = B_SPLINE_CURVE_WITH_KNOTS('',1,(#1767,#1768),.UNSPECIFIED.,.F.,
  .F.,(2,2),(-2.900924586407E-02,-2.22044604925E-16),
  .PIECEWISE_BEZIER_KNOTS.);
#1767 = CARTESIAN_POINT('',(0.706018697586,2.09267534496,6.5000001));
#1768 = CARTESIAN_POINT('',(0.73502794345,2.09267534496,6.5000001));
#1769 = ORIENTED_EDGE('',*,*,#1770,.F.);
#1770 = EDGE_CURVE('',#1771,#1764,#1773,.T.);
#1771 = VERTEX_POINT('',#1772);
#1772 = CARTESIAN_POINT('',(0.78348066235,2.296051993392,6.5000001));
#1773 = B_SPLINE_CURVE_WITH_KNOTS('',1,(#1774,#1775),.UNSPECIFIED.,.F.,
  .F.,(2,2),(-0.217629081495,-0.),.PIECEWISE_BEZIER_KNOTS.);
#1774 = CARTESIAN_POINT('',(0.78348066235,2.296051993392,6.5000001));
#1775 = CARTESIAN_POINT('',(0.706018697586,2.09267534496,6.5000001));
#1776 = ORIENTED_EDGE('',*,*,#1777,.F.);
#1777 = EDGE_CURVE('',#1729,#1771,#1778,.T.);
#1778 = B_SPLINE_CURVE_WITH_KNOTS('',1,(#1779,#1780),.UNSPECIFIED.,.F.,
  .F.,(2,2),(-2.807346374045E-02,4.440892098501E-16),
  .PIECEWISE_BEZIER_KNOTS.);
#1779 = CARTESIAN_POINT('',(0.811554126091,2.296051993392,6.5000001));
#1780 = CARTESIAN_POINT('',(0.78348066235,2.296051993392,6.5000001));
#1781 = FACE_BOUND('',#1782,.T.);
#1782 = EDGE_LOOP('',(#1783,#1794,#1803,#1812,#1821,#1830,#1839,#1848,
    #1857,#1866,#1873,#1882,#1891,#1900,#1909,#1918,#1927,#1936,#1945,
    #1954,#1963));
#1783 = ORIENTED_EDGE('',*,*,#1784,.F.);
#1784 = EDGE_CURVE('',#1785,#1787,#1789,.T.);
#1785 = VERTEX_POINT('',#1786);
#1786 = CARTESIAN_POINT('',(0.399706015438,1.78740242073,6.5000001));
#1787 = VERTEX_POINT('',#1788);
#1788 = CARTESIAN_POINT('',(0.35780377141,1.801439152599,6.5000001));
#1789 = B_SPLINE_CURVE_WITH_KNOTS('',3,(#1790,#1791,#1792,#1793),
  .UNSPECIFIED.,.F.,.F.,(4,4),(0.,1.),.PIECEWISE_BEZIER_KNOTS.);
#1790 = CARTESIAN_POINT('',(0.399706015438,1.78740242073,6.5000001));
#1791 = CARTESIAN_POINT('',(0.384733501443,1.78740242073,6.5000001));
#1792 = CARTESIAN_POINT('',(0.370800745364,1.792081331353,6.5000001));
#1793 = CARTESIAN_POINT('',(0.35780377141,1.801439152599,6.5000001));
#1794 = ORIENTED_EDGE('',*,*,#1795,.F.);
#1795 = EDGE_CURVE('',#1796,#1785,#1798,.T.);
#1796 = VERTEX_POINT('',#1797);
#1797 = CARTESIAN_POINT('',(0.429755019219,1.807053845348,6.5000001));
#1798 = B_SPLINE_CURVE_WITH_KNOTS('',3,(#1799,#1800,#1801,#1802),
  .UNSPECIFIED.,.F.,.F.,(4,4),(1.,2.),.PIECEWISE_BEZIER_KNOTS.);
#1799 = CARTESIAN_POINT('',(0.429755019219,1.807053845348,6.5000001));
#1800 = CARTESIAN_POINT('',(0.429755019219,1.793952895602,6.5000001));
#1801 = CARTESIAN_POINT('',(0.419721355327,1.78740242073,6.5000001));
#1802 = CARTESIAN_POINT('',(0.399706015438,1.78740242073,6.5000001));
#1803 = ORIENTED_EDGE('',*,*,#1804,.F.);
#1804 = EDGE_CURVE('',#1805,#1796,#1807,.T.);
#1805 = VERTEX_POINT('',#1806);
#1806 = CARTESIAN_POINT('',(0.423204544346,1.820882625634,6.5000001));
#1807 = B_SPLINE_CURVE_WITH_KNOTS('',3,(#1808,#1809,#1810,#1811),
  .UNSPECIFIED.,.F.,.F.,(4,4),(2.,3.),.PIECEWISE_BEZIER_KNOTS.);
#1808 = CARTESIAN_POINT('',(0.423204544346,1.820882625634,6.5000001));
#1809 = CARTESIAN_POINT('',(0.427571527595,1.817243472927,6.5000001));
#1810 = CARTESIAN_POINT('',(0.429755019219,1.812668538096,6.5000001));
#1811 = CARTESIAN_POINT('',(0.429755019219,1.807053845348,6.5000001));
#1812 = ORIENTED_EDGE('',*,*,#1813,.F.);
#1813 = EDGE_CURVE('',#1814,#1805,#1816,.T.);
#1814 = VERTEX_POINT('',#1815);
#1815 = CARTESIAN_POINT('',(0.396534753793,1.833879599589,6.5000001));
#1816 = B_SPLINE_CURVE_WITH_KNOTS('',3,(#1817,#1818,#1819,#1820),
  .UNSPECIFIED.,.F.,.F.,(4,4),(3.,4.),.PIECEWISE_BEZIER_KNOTS.);
#1817 = CARTESIAN_POINT('',(0.396534753793,1.833879599589,6.5000001));
#1818 = CARTESIAN_POINT('',(0.409947630914,1.82888876159,6.5000001));
#1819 = CARTESIAN_POINT('',(0.418837561098,1.824521778341,6.5000001));
#1820 = CARTESIAN_POINT('',(0.423204544346,1.820882625634,6.5000001));
#1821 = ORIENTED_EDGE('',*,*,#1822,.F.);
#1822 = EDGE_CURVE('',#1823,#1814,#1825,.T.);
#1823 = VERTEX_POINT('',#1824);
#1824 = CARTESIAN_POINT('',(0.365186052616,1.853115121041,6.5000001));
#1825 = B_SPLINE_CURVE_WITH_KNOTS('',3,(#1826,#1827,#1828,#1829),
  .UNSPECIFIED.,.F.,.F.,(4,4),(4.,5.),.PIECEWISE_BEZIER_KNOTS.);
#1826 = CARTESIAN_POINT('',(0.365186052616,1.853115121041,6.5000001));
#1827 = CARTESIAN_POINT('',(0.369968939031,1.846772597751,6.5000001));
#1828 = CARTESIAN_POINT('',(0.380470493986,1.840326098669,6.5000001));
#1829 = CARTESIAN_POINT('',(0.396534753793,1.833879599589,6.5000001));
#1830 = ORIENTED_EDGE('',*,*,#1831,.F.);
#1831 = EDGE_CURVE('',#1832,#1823,#1834,.T.);
#1832 = VERTEX_POINT('',#1833);
#1833 = CARTESIAN_POINT('',(0.357959735097,1.876093770991,6.5000001));
#1834 = B_SPLINE_CURVE_WITH_KNOTS('',3,(#1835,#1836,#1837,#1838),
  .UNSPECIFIED.,.F.,.F.,(4,4),(5.,6.),.PIECEWISE_BEZIER_KNOTS.);
#1835 = CARTESIAN_POINT('',(0.357959735097,1.876093770991,6.5000001));
#1836 = CARTESIAN_POINT('',(0.357959735097,1.86715185291,6.5000001));
#1837 = CARTESIAN_POINT('',(0.360351178305,1.85945764433,6.5000001));
#1838 = CARTESIAN_POINT('',(0.365186052616,1.853115121041,6.5000001));
#1839 = ORIENTED_EDGE('',*,*,#1840,.F.);
#1840 = EDGE_CURVE('',#1841,#1832,#1843,.T.);
#1841 = VERTEX_POINT('',#1842);
#1842 = CARTESIAN_POINT('',(0.374283934384,1.907078556897,6.5000001));
#1843 = B_SPLINE_CURVE_WITH_KNOTS('',3,(#1844,#1845,#1846,#1847),
  .UNSPECIFIED.,.F.,.F.,(4,4),(6.,7.),.PIECEWISE_BEZIER_KNOTS.);
#1844 = CARTESIAN_POINT('',(0.374283934384,1.907078556897,6.5000001));
#1845 = CARTESIAN_POINT('',(0.363418464158,1.899280372525,6.5000001));
#1846 = CARTESIAN_POINT('',(0.357959735097,1.888986769153,6.5000001));
#1847 = CARTESIAN_POINT('',(0.357959735097,1.876093770991,6.5000001));
#1848 = ORIENTED_EDGE('',*,*,#1849,.F.);
#1849 = EDGE_CURVE('',#1850,#1841,#1852,.T.);
#1850 = VERTEX_POINT('',#1851);
#1851 = CARTESIAN_POINT('',(0.414522565745,1.918619869769,6.5000001));
#1852 = B_SPLINE_CURVE_WITH_KNOTS('',3,(#1853,#1854,#1855,#1856),
  .UNSPECIFIED.,.F.,.F.,(4,4),(7.,8.),.PIECEWISE_BEZIER_KNOTS.);
#1853 = CARTESIAN_POINT('',(0.414522565745,1.918619869769,6.5000001));
#1854 = CARTESIAN_POINT('',(0.398614269625,1.918619869769,6.5000001));
#1855 = CARTESIAN_POINT('',(0.385201392505,1.914772765479,6.5000001));
#1856 = CARTESIAN_POINT('',(0.374283934384,1.907078556897,6.5000001));
#1857 = ORIENTED_EDGE('',*,*,#1858,.F.);
#1858 = EDGE_CURVE('',#1859,#1850,#1861,.T.);
#1859 = VERTEX_POINT('',#1860);
#1860 = CARTESIAN_POINT('',(0.448938552775,1.912173370687,6.5000001));
#1861 = B_SPLINE_CURVE_WITH_KNOTS('',3,(#1862,#1863,#1864,#1865),
  .UNSPECIFIED.,.F.,.F.,(4,4),(8.,9.),.PIECEWISE_BEZIER_KNOTS.);
#1862 = CARTESIAN_POINT('',(0.448938552775,1.912173370687,6.5000001));
#1863 = CARTESIAN_POINT('',(0.438333022029,1.916540353936,6.5000001));
#1864 = CARTESIAN_POINT('',(0.426895684949,1.918619869769,6.5000001));
#1865 = CARTESIAN_POINT('',(0.414522565745,1.918619869769,6.5000001));
#1866 = ORIENTED_EDGE('',*,*,#1867,.F.);
#1867 = EDGE_CURVE('',#1868,#1859,#1870,.T.);
#1868 = VERTEX_POINT('',#1869);
#1869 = CARTESIAN_POINT('',(0.448938552775,1.887427132279,6.5000001));
#1870 = B_SPLINE_CURVE_WITH_KNOTS('',1,(#1871,#1872),.UNSPECIFIED.,.F.,
  .F.,(2,2),(-2.474623840786E-02,0.),.PIECEWISE_BEZIER_KNOTS.);
#1871 = CARTESIAN_POINT('',(0.448938552775,1.887427132279,6.5000001));
#1872 = CARTESIAN_POINT('',(0.448938552775,1.912173370687,6.5000001));
#1873 = ORIENTED_EDGE('',*,*,#1874,.F.);
#1874 = EDGE_CURVE('',#1875,#1868,#1877,.T.);
#1875 = VERTEX_POINT('',#1876);
#1876 = CARTESIAN_POINT('',(0.412027146746,1.897928687234,6.5000001));
#1877 = B_SPLINE_CURVE_WITH_KNOTS('',3,(#1878,#1879,#1880,#1881),
  .UNSPECIFIED.,.F.,.F.,(4,4),(10.,11.),.PIECEWISE_BEZIER_KNOTS.);
#1878 = CARTESIAN_POINT('',(0.412027146746,1.897928687234,6.5000001));
#1879 = CARTESIAN_POINT('',(0.425803939137,1.897928687234,6.5000001));
#1880 = CARTESIAN_POINT('',(0.43807308255,1.894393510319,6.5000001));
#1881 = CARTESIAN_POINT('',(0.448938552775,1.887427132279,6.5000001));
#1882 = ORIENTED_EDGE('',*,*,#1883,.F.);
#1883 = EDGE_CURVE('',#1884,#1875,#1886,.T.);
#1884 = VERTEX_POINT('',#1885);
#1885 = CARTESIAN_POINT('',(0.391959818961,1.892521946069,6.5000001));
#1886 = B_SPLINE_CURVE_WITH_KNOTS('',3,(#1887,#1888,#1889,#1890),
  .UNSPECIFIED.,.F.,.F.,(4,4),(11.,12.),.PIECEWISE_BEZIER_KNOTS.);
#1887 = CARTESIAN_POINT('',(0.391959818961,1.892521946069,6.5000001));
#1888 = CARTESIAN_POINT('',(0.397106620646,1.896161098776,6.5000001));
#1889 = CARTESIAN_POINT('',(0.403813059207,1.897928687234,6.5000001));
#1890 = CARTESIAN_POINT('',(0.412027146746,1.897928687234,6.5000001));
#1891 = ORIENTED_EDGE('',*,*,#1892,.F.);
#1892 = EDGE_CURVE('',#1893,#1884,#1895,.T.);
#1893 = VERTEX_POINT('',#1894);
#1894 = CARTESIAN_POINT('',(0.384213622484,1.878381238408,6.5000001));
#1895 = B_SPLINE_CURVE_WITH_KNOTS('',3,(#1896,#1897,#1898,#1899),
  .UNSPECIFIED.,.F.,.F.,(4,4),(12.,13.),.PIECEWISE_BEZIER_KNOTS.);
#1896 = CARTESIAN_POINT('',(0.384213622484,1.878381238408,6.5000001));
#1897 = CARTESIAN_POINT('',(0.384213622484,1.884203882738,6.5000001));
#1898 = CARTESIAN_POINT('',(0.386813017276,1.888986769153,6.5000001));
#1899 = CARTESIAN_POINT('',(0.391959818961,1.892521946069,6.5000001));
#1900 = ORIENTED_EDGE('',*,*,#1901,.F.);
#1901 = EDGE_CURVE('',#1902,#1893,#1904,.T.);
#1902 = VERTEX_POINT('',#1903);
#1903 = CARTESIAN_POINT('',(0.389776327336,1.864864385496,6.5000001));
#1904 = B_SPLINE_CURVE_WITH_KNOTS('',3,(#1905,#1906,#1907,#1908),
  .UNSPECIFIED.,.F.,.F.,(4,4),(13.,14.),.PIECEWISE_BEZIER_KNOTS.);
#1905 = CARTESIAN_POINT('',(0.389776327336,1.864864385496,6.5000001));
#1906 = CARTESIAN_POINT('',(0.386085186734,1.868087635035,6.5000001));
#1907 = CARTESIAN_POINT('',(0.384213622484,1.872558594076,6.5000001));
#1908 = CARTESIAN_POINT('',(0.384213622484,1.878381238408,6.5000001));
#1909 = ORIENTED_EDGE('',*,*,#1910,.F.);
#1910 = EDGE_CURVE('',#1911,#1902,#1913,.T.);
#1911 = VERTEX_POINT('',#1912);
#1912 = CARTESIAN_POINT('',(0.414522565745,1.852387290499,6.5000001));
#1913 = B_SPLINE_CURVE_WITH_KNOTS('',3,(#1914,#1915,#1916,#1917),
  .UNSPECIFIED.,.F.,.F.,(4,4),(14.,15.),.PIECEWISE_BEZIER_KNOTS.);
#1914 = CARTESIAN_POINT('',(0.414522565745,1.852387290499,6.5000001));
#1915 = CARTESIAN_POINT('',(0.401733543374,1.857378128497,6.5000001));
#1916 = CARTESIAN_POINT('',(0.393519455836,1.861537160163,6.5000001));
#1917 = CARTESIAN_POINT('',(0.389776327336,1.864864385496,6.5000001));
#1918 = ORIENTED_EDGE('',*,*,#1919,.F.);
#1919 = EDGE_CURVE('',#1920,#1911,#1922,.T.);
#1920 = VERTEX_POINT('',#1921);
#1921 = CARTESIAN_POINT('',(0.447378915901,1.833567672214,6.5000001));
#1922 = B_SPLINE_CURVE_WITH_KNOTS('',3,(#1923,#1924,#1925,#1926),
  .UNSPECIFIED.,.F.,.F.,(4,4),(15.,16.),.PIECEWISE_BEZIER_KNOTS.);
#1923 = CARTESIAN_POINT('',(0.447378915901,1.833567672214,6.5000001));
#1924 = CARTESIAN_POINT('',(0.441660247361,1.840014171295,6.5000001));
#1925 = CARTESIAN_POINT('',(0.43074278924,1.846356694584,6.5000001));
#1926 = CARTESIAN_POINT('',(0.414522565745,1.852387290499,6.5000001));
#1927 = ORIENTED_EDGE('',*,*,#1928,.F.);
#1928 = EDGE_CURVE('',#1929,#1920,#1931,.T.);
#1929 = VERTEX_POINT('',#1930);
#1930 = CARTESIAN_POINT('',(0.455904930814,1.809549264347,6.5000001));
#1931 = B_SPLINE_CURVE_WITH_KNOTS('',3,(#1932,#1933,#1934,#1935),
  .UNSPECIFIED.,.F.,.F.,(4,4),(16.,17.),.PIECEWISE_BEZIER_KNOTS.);
#1932 = CARTESIAN_POINT('',(0.455904930814,1.809549264347,6.5000001));
#1933 = CARTESIAN_POINT('',(0.455904930814,1.819115037177,6.5000001));
#1934 = CARTESIAN_POINT('',(0.453045596544,1.827121173133,6.5000001));
#1935 = CARTESIAN_POINT('',(0.447378915901,1.833567672214,6.5000001));
#1936 = ORIENTED_EDGE('',*,*,#1937,.F.);
#1937 = EDGE_CURVE('',#1938,#1929,#1940,.T.);
#1938 = VERTEX_POINT('',#1939);
#1939 = CARTESIAN_POINT('',(0.439528743632,1.778148575274,6.5000001));
#1940 = B_SPLINE_CURVE_WITH_KNOTS('',3,(#1941,#1942,#1943,#1944),
  .UNSPECIFIED.,.F.,.F.,(4,4),(17.,18.),.PIECEWISE_BEZIER_KNOTS.);
#1941 = CARTESIAN_POINT('',(0.439528743632,1.778148575274,6.5000001));
#1942 = CARTESIAN_POINT('',(0.450446201754,1.785738808064,6.5000001));
#1943 = CARTESIAN_POINT('',(0.455904930814,1.796240363018,6.5000001));
#1944 = CARTESIAN_POINT('',(0.455904930814,1.809549264347,6.5000001));
#1945 = ORIENTED_EDGE('',*,*,#1946,.F.);
#1946 = EDGE_CURVE('',#1947,#1938,#1949,.T.);
#1947 = VERTEX_POINT('',#1948);
#1948 = CARTESIAN_POINT('',(0.397210596439,1.766607262403,6.5000001));
#1949 = B_SPLINE_CURVE_WITH_KNOTS('',3,(#1950,#1951,#1952,#1953),
  .UNSPECIFIED.,.F.,.F.,(4,4),(18.,19.),.PIECEWISE_BEZIER_KNOTS.);
#1950 = CARTESIAN_POINT('',(0.397210596439,1.766607262403,6.5000001));
#1951 = CARTESIAN_POINT('',(0.414522565745,1.766607262403,6.5000001));
#1952 = CARTESIAN_POINT('',(0.428663273407,1.770454366693,6.5000001));
#1953 = CARTESIAN_POINT('',(0.439528743632,1.778148575274,6.5000001));
#1954 = ORIENTED_EDGE('',*,*,#1955,.F.);
#1955 = EDGE_CURVE('',#1956,#1947,#1958,.T.);
#1956 = VERTEX_POINT('',#1957);
#1957 = CARTESIAN_POINT('',(0.35780377141,1.775133277317,6.5000001));
#1958 = B_SPLINE_CURVE_WITH_KNOTS('',3,(#1959,#1960,#1961,#1962),
  .UNSPECIFIED.,.F.,.F.,(4,4),(19.,20.),.PIECEWISE_BEZIER_KNOTS.);
#1959 = CARTESIAN_POINT('',(0.35780377141,1.775133277317,6.5000001));
#1960 = CARTESIAN_POINT('',(0.369033156906,1.769518584568,6.5000001));
#1961 = CARTESIAN_POINT('',(0.382134106652,1.766607262403,6.5000001));
#1962 = CARTESIAN_POINT('',(0.397210596439,1.766607262403,6.5000001));
#1963 = ORIENTED_EDGE('',*,*,#1964,.F.);
#1964 = EDGE_CURVE('',#1787,#1956,#1965,.T.);
#1965 = B_SPLINE_CURVE_WITH_KNOTS('',1,(#1966,#1967),.UNSPECIFIED.,.F.,
  .F.,(2,2),(-2.630587528195E-02,0.),.PIECEWISE_BEZIER_KNOTS.);
#1966 = CARTESIAN_POINT('',(0.35780377141,1.801439152599,6.5000001));
#1967 = CARTESIAN_POINT('',(0.35780377141,1.775133277317,6.5000001));
#1968 = FACE_BOUND('',#1969,.T.);
#1969 = EDGE_LOOP('',(#1970,#1979,#1986,#1993,#2000,#2007,#2014,#2021,
    #2028,#2035,#2042,#2049));
#1970 = ORIENTED_EDGE('',*,*,#1971,.F.);
#1971 = EDGE_CURVE('',#1972,#1974,#1976,.T.);
#1972 = VERTEX_POINT('',#1973);
#1973 = CARTESIAN_POINT('',(0.745425522614,1.770038463527,6.5000001));
#1974 = VERTEX_POINT('',#1975);
#1975 = CARTESIAN_POINT('',(0.745425522614,1.793225065061,6.5000001));
#1976 = B_SPLINE_CURVE_WITH_KNOTS('',1,(#1977,#1978),.UNSPECIFIED.,.F.,
  .F.,(2,2),(-2.318660153379E-02,0.),.PIECEWISE_BEZIER_KNOTS.);
#1977 = CARTESIAN_POINT('',(0.745425522614,1.770038463527,6.5000001));
#1978 = CARTESIAN_POINT('',(0.745425522614,1.793225065061,6.5000001));
#1979 = ORIENTED_EDGE('',*,*,#1980,.F.);
#1980 = EDGE_CURVE('',#1981,#1972,#1983,.T.);
#1981 = VERTEX_POINT('',#1982);
#1982 = CARTESIAN_POINT('',(0.636042989817,1.770038463527,6.5000001));
#1983 = B_SPLINE_CURVE_WITH_KNOTS('',1,(#1984,#1985),.UNSPECIFIED.,.F.,
  .F.,(2,2),(-0.109382532797,0.),.PIECEWISE_BEZIER_KNOTS.);
#1984 = CARTESIAN_POINT('',(0.636042989817,1.770038463527,6.5000001));
#1985 = CARTESIAN_POINT('',(0.745425522614,1.770038463527,6.5000001));
#1986 = ORIENTED_EDGE('',*,*,#1987,.F.);
#1987 = EDGE_CURVE('',#1988,#1981,#1990,.T.);
#1988 = VERTEX_POINT('',#1989);
#1989 = CARTESIAN_POINT('',(0.636042989817,1.973415111959,6.5000001));
#1990 = B_SPLINE_CURVE_WITH_KNOTS('',1,(#1991,#1992),.UNSPECIFIED.,.F.,
  .F.,(2,2),(-0.203376648431,-0.),.PIECEWISE_BEZIER_KNOTS.);
#1991 = CARTESIAN_POINT('',(0.636042989817,1.973415111959,6.5000001));
#1992 = CARTESIAN_POINT('',(0.636042989817,1.770038463527,6.5000001));
#1993 = ORIENTED_EDGE('',*,*,#1994,.F.);
#1994 = EDGE_CURVE('',#1995,#1988,#1997,.T.);
#1995 = VERTEX_POINT('',#1996);
#1996 = CARTESIAN_POINT('',(0.740798599886,1.973415111959,6.5000001));
#1997 = B_SPLINE_CURVE_WITH_KNOTS('',1,(#1998,#1999),.UNSPECIFIED.,.F.,
  .F.,(2,2),(-0.104755610069,2.22044604925E-16),
  .PIECEWISE_BEZIER_KNOTS.);
#1998 = CARTESIAN_POINT('',(0.740798599886,1.973415111959,6.5000001));
#1999 = CARTESIAN_POINT('',(0.636042989817,1.973415111959,6.5000001));
#2000 = ORIENTED_EDGE('',*,*,#2001,.F.);
#2001 = EDGE_CURVE('',#2002,#1995,#2004,.T.);
#2002 = VERTEX_POINT('',#2003);
#2003 = CARTESIAN_POINT('',(0.740798599886,1.950020558842,6.5000001));
#2004 = B_SPLINE_CURVE_WITH_KNOTS('',1,(#2005,#2006),.UNSPECIFIED.,.F.,
  .F.,(2,2),(-2.339455311681E-02,0.),.PIECEWISE_BEZIER_KNOTS.);
#2005 = CARTESIAN_POINT('',(0.740798599886,1.950020558842,6.5000001));
#2006 = CARTESIAN_POINT('',(0.740798599886,1.973415111959,6.5000001));
#2007 = ORIENTED_EDGE('',*,*,#2008,.F.);
#2008 = EDGE_CURVE('',#2009,#2002,#2011,.T.);
#2009 = VERTEX_POINT('',#2010);
#2010 = CARTESIAN_POINT('',(0.662296877204,1.950020558842,6.5000001));
#2011 = B_SPLINE_CURVE_WITH_KNOTS('',1,(#2012,#2013),.UNSPECIFIED.,.F.,
  .F.,(2,2),(-7.850172268119E-02,-2.22044604925E-16),
  .PIECEWISE_BEZIER_KNOTS.);
#2012 = CARTESIAN_POINT('',(0.662296877204,1.950020558842,6.5000001));
#2013 = CARTESIAN_POINT('',(0.740798599886,1.950020558842,6.5000001));
#2014 = ORIENTED_EDGE('',*,*,#2015,.F.);
#2015 = EDGE_CURVE('',#2016,#2009,#2018,.T.);
#2016 = VERTEX_POINT('',#2017);
#2017 = CARTESIAN_POINT('',(0.662296877204,1.88493171328,6.5000001));
#2018 = B_SPLINE_CURVE_WITH_KNOTS('',1,(#2019,#2020),.UNSPECIFIED.,.F.,
  .F.,(2,2),(-6.508884556213E-02,0.),.PIECEWISE_BEZIER_KNOTS.);
#2019 = CARTESIAN_POINT('',(0.662296877204,1.88493171328,6.5000001));
#2020 = CARTESIAN_POINT('',(0.662296877204,1.950020558842,6.5000001));
#2021 = ORIENTED_EDGE('',*,*,#2022,.F.);
#2022 = EDGE_CURVE('',#2023,#2016,#2025,.T.);
#2023 = VERTEX_POINT('',#2024);
#2024 = CARTESIAN_POINT('',(0.73502794345,1.88493171328,6.5000001));
#2025 = B_SPLINE_CURVE_WITH_KNOTS('',1,(#2026,#2027),.UNSPECIFIED.,.F.,
  .F.,(2,2),(-7.273106624528E-02,2.22044604925E-16),
  .PIECEWISE_BEZIER_KNOTS.);
#2026 = CARTESIAN_POINT('',(0.73502794345,1.88493171328,6.5000001));
#2027 = CARTESIAN_POINT('',(0.662296877204,1.88493171328,6.5000001));
#2028 = ORIENTED_EDGE('',*,*,#2029,.F.);
#2029 = EDGE_CURVE('',#2030,#2023,#2032,.T.);
#2030 = VERTEX_POINT('',#2031);
#2031 = CARTESIAN_POINT('',(0.73502794345,1.861641135955,6.5000001));
#2032 = B_SPLINE_CURVE_WITH_KNOTS('',1,(#2033,#2034),.UNSPECIFIED.,.F.,
  .F.,(2,2),(-2.32905773253E-02,0.),.PIECEWISE_BEZIER_KNOTS.);
#2033 = CARTESIAN_POINT('',(0.73502794345,1.861641135955,6.5000001));
#2034 = CARTESIAN_POINT('',(0.73502794345,1.88493171328,6.5000001));
#2035 = ORIENTED_EDGE('',*,*,#2036,.F.);
#2036 = EDGE_CURVE('',#2037,#2030,#2039,.T.);
#2037 = VERTEX_POINT('',#2038);
#2038 = CARTESIAN_POINT('',(0.662296877204,1.861641135955,6.5000001));
#2039 = B_SPLINE_CURVE_WITH_KNOTS('',1,(#2040,#2041),.UNSPECIFIED.,.F.,
  .F.,(2,2),(-7.273106624528E-02,0.),.PIECEWISE_BEZIER_KNOTS.);
#2040 = CARTESIAN_POINT('',(0.662296877204,1.861641135955,6.5000001));
#2041 = CARTESIAN_POINT('',(0.73502794345,1.861641135955,6.5000001));
#2042 = ORIENTED_EDGE('',*,*,#2043,.F.);
#2043 = EDGE_CURVE('',#2044,#2037,#2046,.T.);
#2044 = VERTEX_POINT('',#2045);
#2045 = CARTESIAN_POINT('',(0.662296877204,1.793225065061,6.5000001));
#2046 = B_SPLINE_CURVE_WITH_KNOTS('',1,(#2047,#2048),.UNSPECIFIED.,.F.,
  .F.,(2,2),(-6.841607089331E-02,0.),.PIECEWISE_BEZIER_KNOTS.);
#2047 = CARTESIAN_POINT('',(0.662296877204,1.793225065061,6.5000001));
#2048 = CARTESIAN_POINT('',(0.662296877204,1.861641135955,6.5000001));
#2049 = ORIENTED_EDGE('',*,*,#2050,.F.);
#2050 = EDGE_CURVE('',#1974,#2044,#2051,.T.);
#2051 = B_SPLINE_CURVE_WITH_KNOTS('',1,(#2052,#2053),.UNSPECIFIED.,.F.,
  .F.,(2,2),(-8.312864540908E-02,2.22044604925E-16),
  .PIECEWISE_BEZIER_KNOTS.);
#2052 = CARTESIAN_POINT('',(0.745425522614,1.793225065061,6.5000001));
#2053 = CARTESIAN_POINT('',(0.662296877204,1.793225065061,6.5000001));
#2054 = FACE_BOUND('',#2055,.T.);
#2055 = EDGE_LOOP('',(#2056,#2065,#2072,#2079,#2088,#2097,#2106));
#2056 = ORIENTED_EDGE('',*,*,#2057,.F.);
#2057 = EDGE_CURVE('',#2058,#2060,#2062,.T.);
#2058 = VERTEX_POINT('',#2059);
#2059 = CARTESIAN_POINT('',(0.783844577622,1.770038463527,6.5000001));
#2060 = VERTEX_POINT('',#2061);
#2061 = CARTESIAN_POINT('',(0.83978355352,1.770038463527,6.5000001));
#2062 = B_SPLINE_CURVE_WITH_KNOTS('',1,(#2063,#2064),.UNSPECIFIED.,.F.,
  .F.,(2,2),(-5.593897589787E-02,-1.110223024625E-16),
  .PIECEWISE_BEZIER_KNOTS.);
#2063 = CARTESIAN_POINT('',(0.783844577622,1.770038463527,6.5000001));
#2064 = CARTESIAN_POINT('',(0.83978355352,1.770038463527,6.5000001));
#2065 = ORIENTED_EDGE('',*,*,#2066,.F.);
#2066 = EDGE_CURVE('',#2067,#2058,#2069,.T.);
#2067 = VERTEX_POINT('',#2068);
#2068 = CARTESIAN_POINT('',(0.783844577622,1.973415111959,6.5000001));
#2069 = B_SPLINE_CURVE_WITH_KNOTS('',1,(#2070,#2071),.UNSPECIFIED.,.F.,
  .F.,(2,2),(-0.203376648431,-0.),.PIECEWISE_BEZIER_KNOTS.);
#2070 = CARTESIAN_POINT('',(0.783844577622,1.973415111959,6.5000001));
#2071 = CARTESIAN_POINT('',(0.783844577622,1.770038463527,6.5000001));
#2072 = ORIENTED_EDGE('',*,*,#2073,.F.);
#2073 = EDGE_CURVE('',#2074,#2067,#2076,.T.);
#2074 = VERTEX_POINT('',#2075);
#2075 = CARTESIAN_POINT('',(0.841863069352,1.973415111959,6.5000001));
#2076 = B_SPLINE_CURVE_WITH_KNOTS('',1,(#2077,#2078),.UNSPECIFIED.,.F.,
  .F.,(2,2),(-5.801849172952E-02,-0.),.PIECEWISE_BEZIER_KNOTS.);
#2077 = CARTESIAN_POINT('',(0.841863069352,1.973415111959,6.5000001));
#2078 = CARTESIAN_POINT('',(0.783844577622,1.973415111959,6.5000001));
#2079 = ORIENTED_EDGE('',*,*,#2080,.F.);
#2080 = EDGE_CURVE('',#2081,#2074,#2083,.T.);
#2081 = VERTEX_POINT('',#2082);
#2082 = CARTESIAN_POINT('',(0.918753167263,1.946485381926,6.5000001));
#2083 = B_SPLINE_CURVE_WITH_KNOTS('',3,(#2084,#2085,#2086,#2087),
  .UNSPECIFIED.,.F.,.F.,(4,4),(2.,3.),.PIECEWISE_BEZIER_KNOTS.);
#2084 = CARTESIAN_POINT('',(0.918753167263,1.946485381926,6.5000001));
#2085 = CARTESIAN_POINT('',(0.898321924208,1.964473193878,6.5000001));
#2086 = CARTESIAN_POINT('',(0.87269189157,1.973415111959,6.5000001));
#2087 = CARTESIAN_POINT('',(0.841863069352,1.973415111959,6.5000001));
#2088 = ORIENTED_EDGE('',*,*,#2089,.F.);
#2089 = EDGE_CURVE('',#2090,#2081,#2092,.T.);
#2090 = VERTEX_POINT('',#2091);
#2091 = CARTESIAN_POINT('',(0.949426025795,1.874326182533,6.5000001));
#2092 = B_SPLINE_CURVE_WITH_KNOTS('',3,(#2093,#2094,#2095,#2096),
  .UNSPECIFIED.,.F.,.F.,(4,4),(3.,4.),.PIECEWISE_BEZIER_KNOTS.);
#2093 = CARTESIAN_POINT('',(0.949426025795,1.874326182533,6.5000001));
#2094 = CARTESIAN_POINT('',(0.949426025795,1.904479162106,6.5000001));
#2095 = CARTESIAN_POINT('',(0.939184410319,1.928497569974,6.5000001));
#2096 = CARTESIAN_POINT('',(0.918753167263,1.946485381926,6.5000001));
#2097 = ORIENTED_EDGE('',*,*,#2098,.F.);
#2098 = EDGE_CURVE('',#2099,#2090,#2101,.T.);
#2099 = VERTEX_POINT('',#2100);
#2100 = CARTESIAN_POINT('',(0.918753167263,1.798527830434,6.5000001));
#2101 = B_SPLINE_CURVE_WITH_KNOTS('',3,(#2102,#2103,#2104,#2105),
  .UNSPECIFIED.,.F.,.F.,(4,4),(4.,5.),.PIECEWISE_BEZIER_KNOTS.);
#2102 = CARTESIAN_POINT('',(0.918753167263,1.798527830434,6.5000001));
#2103 = CARTESIAN_POINT('',(0.939184410319,1.817555400303,6.5000001));
#2104 = CARTESIAN_POINT('',(0.949426025795,1.842821517668,6.5000001));
#2105 = CARTESIAN_POINT('',(0.949426025795,1.874326182533,6.5000001));
#2106 = ORIENTED_EDGE('',*,*,#2107,.F.);
#2107 = EDGE_CURVE('',#2060,#2099,#2108,.T.);
#2108 = B_SPLINE_CURVE_WITH_KNOTS('',3,(#2109,#2110,#2111,#2112),
  .UNSPECIFIED.,.F.,.F.,(4,4),(5.,6.),.PIECEWISE_BEZIER_KNOTS.);
#2109 = CARTESIAN_POINT('',(0.83978355352,1.770038463527,6.5000001));
#2110 = CARTESIAN_POINT('',(0.871964061029,1.770038463527,6.5000001));
#2111 = CARTESIAN_POINT('',(0.898321924208,1.779500260565,6.5000001));
#2112 = CARTESIAN_POINT('',(0.918753167263,1.798527830434,6.5000001));
#2113 = FACE_BOUND('',#2114,.T.);
#2114 = EDGE_LOOP('',(#2115,#2124,#2131,#2138,#2145,#2152,#2159,#2166));
#2115 = ORIENTED_EDGE('',*,*,#2116,.F.);
#2116 = EDGE_CURVE('',#2117,#2119,#2121,.T.);
#2117 = VERTEX_POINT('',#2118);
#2118 = CARTESIAN_POINT('',(1.143704792458,1.770038463527,6.5000001));
#2119 = VERTEX_POINT('',#2120);
#2120 = CARTESIAN_POINT('',(1.066242827694,1.973415111959,6.5000001));
#2121 = B_SPLINE_CURVE_WITH_KNOTS('',1,(#2122,#2123),.UNSPECIFIED.,.F.,
  .F.,(2,2),(-0.217629081495,1.580672145904E-16),
  .PIECEWISE_BEZIER_KNOTS.);
#2122 = CARTESIAN_POINT('',(1.143704792458,1.770038463527,6.5000001));
#2123 = CARTESIAN_POINT('',(1.066242827694,1.973415111959,6.5000001));
#2124 = ORIENTED_EDGE('',*,*,#2125,.F.);
#2125 = EDGE_CURVE('',#2126,#2117,#2128,.T.);
#2126 = VERTEX_POINT('',#2127);
#2127 = CARTESIAN_POINT('',(1.114695546594,1.770038463527,6.5000001));
#2128 = B_SPLINE_CURVE_WITH_KNOTS('',1,(#2129,#2130),.UNSPECIFIED.,.F.,
  .F.,(2,2),(-2.900924586407E-02,0.),.PIECEWISE_BEZIER_KNOTS.);
#2129 = CARTESIAN_POINT('',(1.114695546594,1.770038463527,6.5000001));
#2130 = CARTESIAN_POINT('',(1.143704792458,1.770038463527,6.5000001));
#2131 = ORIENTED_EDGE('',*,*,#2132,.F.);
#2132 = EDGE_CURVE('',#2133,#2126,#2135,.T.);
#2133 = VERTEX_POINT('',#2134);
#2134 = CARTESIAN_POINT('',(1.093952376162,1.825665512049,6.5000001));
#2135 = B_SPLINE_CURVE_WITH_KNOTS('',1,(#2136,#2137),.UNSPECIFIED.,.F.,
  .F.,(2,2),(-5.936874301202E-02,0.),.PIECEWISE_BEZIER_KNOTS.);
#2136 = CARTESIAN_POINT('',(1.093952376162,1.825665512049,6.5000001));
#2137 = CARTESIAN_POINT('',(1.114695546594,1.770038463527,6.5000001));
#2138 = ORIENTED_EDGE('',*,*,#2139,.F.);
#2139 = EDGE_CURVE('',#2140,#2133,#2142,.T.);
#2140 = VERTEX_POINT('',#2141);
#2141 = CARTESIAN_POINT('',(1.009264093878,1.825665512049,6.5000001));
#2142 = B_SPLINE_CURVE_WITH_KNOTS('',1,(#2143,#2144),.UNSPECIFIED.,.F.,
  .F.,(2,2),(-8.468828228455E-02,2.22044604925E-16),
  .PIECEWISE_BEZIER_KNOTS.);
#2143 = CARTESIAN_POINT('',(1.009264093878,1.825665512049,6.5000001));
#2144 = CARTESIAN_POINT('',(1.093952376162,1.825665512049,6.5000001));
#2145 = ORIENTED_EDGE('',*,*,#2146,.F.);
#2146 = EDGE_CURVE('',#2147,#2140,#2149,.T.);
#2147 = VERTEX_POINT('',#2148);
#2148 = CARTESIAN_POINT('',(0.989716645051,1.770038463527,6.5000001));
#2149 = B_SPLINE_CURVE_WITH_KNOTS('',1,(#2150,#2151),.UNSPECIFIED.,.F.,
  .F.,(2,2),(-5.896160855076E-02,0.),.PIECEWISE_BEZIER_KNOTS.);
#2150 = CARTESIAN_POINT('',(0.989716645051,1.770038463527,6.5000001));
#2151 = CARTESIAN_POINT('',(1.009264093878,1.825665512049,6.5000001));
#2152 = ORIENTED_EDGE('',*,*,#2153,.F.);
#2153 = EDGE_CURVE('',#2154,#2147,#2156,.T.);
#2154 = VERTEX_POINT('',#2155);
#2155 = CARTESIAN_POINT('',(0.960707399186,1.770038463527,6.5000001));
#2156 = B_SPLINE_CURVE_WITH_KNOTS('',1,(#2157,#2158),.UNSPECIFIED.,.F.,
  .F.,(2,2),(-2.900924586545E-02,2.22044604925E-16),
  .PIECEWISE_BEZIER_KNOTS.);
#2157 = CARTESIAN_POINT('',(0.960707399186,1.770038463527,6.5000001));
#2158 = CARTESIAN_POINT('',(0.989716645051,1.770038463527,6.5000001));
#2159 = ORIENTED_EDGE('',*,*,#2160,.F.);
#2160 = EDGE_CURVE('',#2161,#2154,#2163,.T.);
#2161 = VERTEX_POINT('',#2162);
#2162 = CARTESIAN_POINT('',(1.038169363952,1.973415111959,6.5000001));
#2163 = B_SPLINE_CURVE_WITH_KNOTS('',1,(#2164,#2165),.UNSPECIFIED.,.F.,
  .F.,(2,2),(-0.217629081496,-0.),.PIECEWISE_BEZIER_KNOTS.);
#2164 = CARTESIAN_POINT('',(1.038169363952,1.973415111959,6.5000001));
#2165 = CARTESIAN_POINT('',(0.960707399186,1.770038463527,6.5000001));
#2166 = ORIENTED_EDGE('',*,*,#2167,.F.);
#2167 = EDGE_CURVE('',#2119,#2161,#2168,.T.);
#2168 = B_SPLINE_CURVE_WITH_KNOTS('',1,(#2169,#2170),.UNSPECIFIED.,.F.,
  .F.,(2,2),(-2.807346374184E-02,2.22044604925E-16),
  .PIECEWISE_BEZIER_KNOTS.);
#2169 = CARTESIAN_POINT('',(1.066242827694,1.973415111959,6.5000001));
#2170 = CARTESIAN_POINT('',(1.038169363952,1.973415111959,6.5000001));
#2171 = FACE_BOUND('',#2172,.T.);
#2172 = EDGE_LOOP('',(#2173,#2184,#2193,#2202,#2209,#2218,#2227,#2236,
    #2243,#2252,#2261,#2270,#2279,#2288,#2297,#2306,#2315,#2324,#2333,
    #2340,#2347,#2354,#2363,#2372,#2381,#2390,#2399,#2408,#2417,#2426,
    #2435,#2444,#2453));
#2173 = ORIENTED_EDGE('',*,*,#2174,.F.);
#2174 = EDGE_CURVE('',#2175,#2177,#2179,.T.);
#2175 = VERTEX_POINT('',#2176);
#2176 = CARTESIAN_POINT('',(-9.375540374752E-02,1.971771323966,6.5000001
    ));
#2177 = VERTEX_POINT('',#2178);
#2178 = CARTESIAN_POINT('',(-0.236908100538,2.161195593668,6.5000001));
#2179 = B_SPLINE_CURVE_WITH_KNOTS('',3,(#2180,#2181,#2182,#2183),
  .UNSPECIFIED.,.F.,.F.,(4,4),(35.,36.),.PIECEWISE_BEZIER_KNOTS.);
#2180 = CARTESIAN_POINT('',(-9.375540374752E-02,1.971771323966,6.5000001
    ));
#2181 = CARTESIAN_POINT('',(-9.520136885444E-02,2.05853049904,6.5000001)
  );
#2182 = CARTESIAN_POINT('',(-0.154486875944,2.135167835628,6.5000001));
#2183 = CARTESIAN_POINT('',(-0.236908100538,2.161195593668,6.5000001));
#2184 = ORIENTED_EDGE('',*,*,#2185,.F.);
#2185 = EDGE_CURVE('',#2186,#2175,#2188,.T.);
#2186 = VERTEX_POINT('',#2187);
#2187 = CARTESIAN_POINT('',(-0.147256940091,1.834402542761,6.5000001));
#2188 = B_SPLINE_CURVE_WITH_KNOTS('',3,(#2189,#2190,#2191,#2192),
  .UNSPECIFIED.,.F.,.F.,(4,4),(34.,35.),.PIECEWISE_BEZIER_KNOTS.);
#2189 = CARTESIAN_POINT('',(-0.147256940091,1.834402542761,6.5000001));
#2190 = CARTESIAN_POINT('',(-0.112553225933,1.871998187132,6.5000001));
#2191 = CARTESIAN_POINT('',(-9.375540374752E-02,1.921161772996,6.5000001
    ));
#2192 = CARTESIAN_POINT('',(-9.375540374752E-02,1.971771323966,6.5000001
    ));
#2193 = ORIENTED_EDGE('',*,*,#2194,.F.);
#2194 = EDGE_CURVE('',#2195,#2186,#2197,.T.);
#2195 = VERTEX_POINT('',#2196);
#2196 = CARTESIAN_POINT('',(-0.278841750548,1.769333120085,6.5000001));
#2197 = B_SPLINE_CURVE_WITH_KNOTS('',3,(#2198,#2199,#2200,#2201),
  .UNSPECIFIED.,.F.,.F.,(4,4),(33.,34.),.PIECEWISE_BEZIER_KNOTS.);
#2198 = CARTESIAN_POINT('',(-0.278841750548,1.769333120085,6.5000001));
#2199 = CARTESIAN_POINT('',(-0.228232199579,1.773671070565,6.5000001));
#2200 = CARTESIAN_POINT('',(-0.181960599088,1.796806898391,6.5000001));
#2201 = CARTESIAN_POINT('',(-0.147256940091,1.834402542761,6.5000001));
#2202 = ORIENTED_EDGE('',*,*,#2203,.F.);
#2203 = EDGE_CURVE('',#2204,#2195,#2206,.T.);
#2204 = VERTEX_POINT('',#2205);
#2205 = CARTESIAN_POINT('',(-0.364154960517,1.769333120085,6.5000001));
#2206 = B_SPLINE_CURVE_WITH_KNOTS('',1,(#2207,#2208),.UNSPECIFIED.,.F.,
  .F.,(2,2),(-8.097525948804E-02,4.337950480129E-03),
  .PIECEWISE_BEZIER_KNOTS.);
#2207 = CARTESIAN_POINT('',(-0.364154960517,1.769333120085,6.5000001));
#2208 = CARTESIAN_POINT('',(-0.278841750548,1.769333120085,6.5000001));
#2209 = ORIENTED_EDGE('',*,*,#2210,.F.);
#2210 = EDGE_CURVE('',#2211,#2204,#2213,.T.);
#2211 = VERTEX_POINT('',#2212);
#2212 = CARTESIAN_POINT('',(-0.406088610527,1.81415870031,6.5000001));
#2213 = B_SPLINE_CURVE_WITH_KNOTS('',3,(#2214,#2215,#2216,#2217),
  .UNSPECIFIED.,.F.,.F.,(4,4),(28.,29.),.PIECEWISE_BEZIER_KNOTS.);
#2214 = CARTESIAN_POINT('',(-0.406088610527,1.81415870031,6.5000001));
#2215 = CARTESIAN_POINT('',(-0.406088610527,1.791022927644,6.5000001));
#2216 = CARTESIAN_POINT('',(-0.387290788342,1.770779085191,6.5000001));
#2217 = CARTESIAN_POINT('',(-0.364154960517,1.769333120085,6.5000001));
#2218 = ORIENTED_EDGE('',*,*,#2219,.F.);
#2219 = EDGE_CURVE('',#2220,#2211,#2222,.T.);
#2220 = VERTEX_POINT('',#2221);
#2221 = CARTESIAN_POINT('',(-0.361263030304,1.858984280533,6.5000001));
#2222 = B_SPLINE_CURVE_WITH_KNOTS('',3,(#2223,#2224,#2225,#2226),
  .UNSPECIFIED.,.F.,.F.,(4,4),(27.,28.),.PIECEWISE_BEZIER_KNOTS.);
#2223 = CARTESIAN_POINT('',(-0.361263030304,1.858984280533,6.5000001));
#2224 = CARTESIAN_POINT('',(-0.385844823235,1.858984280533,6.5000001));
#2225 = CARTESIAN_POINT('',(-0.406088610527,1.838740438082,6.5000001));
#2226 = CARTESIAN_POINT('',(-0.406088610527,1.81415870031,6.5000001));
#2227 = ORIENTED_EDGE('',*,*,#2228,.F.);
#2228 = EDGE_CURVE('',#2229,#2220,#2231,.T.);
#2229 = VERTEX_POINT('',#2230);
#2230 = CARTESIAN_POINT('',(-0.352587129344,1.857538315427,6.5000001));
#2231 = B_SPLINE_CURVE_WITH_KNOTS('',3,(#2232,#2233,#2234,#2235),
  .UNSPECIFIED.,.F.,.F.,(4,4),(26.,27.),.PIECEWISE_BEZIER_KNOTS.);
#2232 = CARTESIAN_POINT('',(-0.352587129344,1.857538315427,6.5000001));
#2233 = CARTESIAN_POINT('',(-0.355479114717,1.857538315427,6.5000001));
#2234 = CARTESIAN_POINT('',(-0.35837110009,1.858984280533,6.5000001));
#2235 = CARTESIAN_POINT('',(-0.361263030304,1.858984280533,6.5000001));
#2236 = ORIENTED_EDGE('',*,*,#2237,.F.);
#2237 = EDGE_CURVE('',#2238,#2229,#2240,.T.);
#2238 = VERTEX_POINT('',#2239);
#2239 = CARTESIAN_POINT('',(-0.287517706668,1.857538315427,6.5000001));
#2240 = B_SPLINE_CURVE_WITH_KNOTS('',1,(#2241,#2242),.UNSPECIFIED.,.F.,
  .F.,(2,2),(2.775557561563E-16,6.506942267584E-02),
  .PIECEWISE_BEZIER_KNOTS.);
#2241 = CARTESIAN_POINT('',(-0.287517706668,1.857538315427,6.5000001));
#2242 = CARTESIAN_POINT('',(-0.352587129344,1.857538315427,6.5000001));
#2243 = ORIENTED_EDGE('',*,*,#2244,.F.);
#2244 = EDGE_CURVE('',#2245,#2238,#2247,.T.);
#2245 = VERTEX_POINT('',#2246);
#2246 = CARTESIAN_POINT('',(-0.183406619355,1.970325303699,6.5000001));
#2247 = B_SPLINE_CURVE_WITH_KNOTS('',3,(#2248,#2249,#2250,#2251),
  .UNSPECIFIED.,.F.,.F.,(4,4),(24.,25.),.PIECEWISE_BEZIER_KNOTS.);
#2248 = CARTESIAN_POINT('',(-0.183406619355,1.970325303699,6.5000001));
#2249 = CARTESIAN_POINT('',(-0.183406619355,1.911039824189,6.5000001));
#2250 = CARTESIAN_POINT('',(-0.228232199579,1.861876265907,6.5000001));
#2251 = CARTESIAN_POINT('',(-0.287517706668,1.857538315427,6.5000001));
#2252 = ORIENTED_EDGE('',*,*,#2253,.F.);
#2253 = EDGE_CURVE('',#2254,#2245,#2256,.T.);
#2254 = VERTEX_POINT('',#2255);
#2255 = CARTESIAN_POINT('',(-0.296193607628,2.083112291972,6.5000001));
#2256 = B_SPLINE_CURVE_WITH_KNOTS('',3,(#2257,#2258,#2259,#2260),
  .UNSPECIFIED.,.F.,.F.,(4,4),(23.,24.),.PIECEWISE_BEZIER_KNOTS.);
#2257 = CARTESIAN_POINT('',(-0.296193607628,2.083112291972,6.5000001));
#2258 = CARTESIAN_POINT('',(-0.234016170325,2.083112291972,6.5000001));
#2259 = CARTESIAN_POINT('',(-0.183406619355,2.032502741002,6.5000001));
#2260 = CARTESIAN_POINT('',(-0.183406619355,1.970325303699,6.5000001));
#2261 = ORIENTED_EDGE('',*,*,#2262,.F.);
#2262 = EDGE_CURVE('',#2263,#2254,#2265,.T.);
#2263 = VERTEX_POINT('',#2264);
#2264 = CARTESIAN_POINT('',(-0.30776149396,2.083112291972,6.5000001));
#2265 = B_SPLINE_CURVE_WITH_KNOTS('',3,(#2266,#2267,#2268,#2269),
  .UNSPECIFIED.,.F.,.F.,(4,4),(22.,23.),.PIECEWISE_BEZIER_KNOTS.);
#2266 = CARTESIAN_POINT('',(-0.30776149396,2.083112291972,6.5000001));
#2267 = CARTESIAN_POINT('',(-0.303423543481,2.083112291972,6.5000001));
#2268 = CARTESIAN_POINT('',(-0.300531558108,2.083112291972,6.5000001));
#2269 = CARTESIAN_POINT('',(-0.296193607628,2.083112291972,6.5000001));
#2270 = ORIENTED_EDGE('',*,*,#2271,.F.);
#2271 = EDGE_CURVE('',#2272,#2263,#2274,.T.);
#2272 = VERTEX_POINT('',#2273);
#2273 = CARTESIAN_POINT('',(-0.510199697841,2.263860688294,6.5000001));
#2274 = B_SPLINE_CURVE_WITH_KNOTS('',3,(#2275,#2276,#2277,#2278),
  .UNSPECIFIED.,.F.,.F.,(4,4),(21.,22.),.PIECEWISE_BEZIER_KNOTS.);
#2275 = CARTESIAN_POINT('',(-0.510199697841,2.263860688294,6.5000001));
#2276 = CARTESIAN_POINT('',(-0.406088610527,2.263860688294,6.5000001));
#2277 = CARTESIAN_POINT('',(-0.319329380293,2.184331393912,6.5000001));
#2278 = CARTESIAN_POINT('',(-0.30776149396,2.083112291972,6.5000001));
#2279 = ORIENTED_EDGE('',*,*,#2280,.F.);
#2280 = EDGE_CURVE('',#2281,#2272,#2283,.T.);
#2281 = VERTEX_POINT('',#2282);
#2282 = CARTESIAN_POINT('',(-0.703961945602,2.125045997142,6.5000001));
#2283 = B_SPLINE_CURVE_WITH_KNOTS('',3,(#2284,#2285,#2286,#2287),
  .UNSPECIFIED.,.F.,.F.,(4,4),(20.,21.),.PIECEWISE_BEZIER_KNOTS.);
#2284 = CARTESIAN_POINT('',(-0.703961945602,2.125045997142,6.5000001));
#2285 = CARTESIAN_POINT('',(-0.676488222457,2.206021201471,6.5000001));
#2286 = CARTESIAN_POINT('',(-0.601296878555,2.263860688294,6.5000001));
#2287 = CARTESIAN_POINT('',(-0.510199697841,2.263860688294,6.5000001));
#2288 = ORIENTED_EDGE('',*,*,#2289,.F.);
#2289 = EDGE_CURVE('',#2290,#2281,#2292,.T.);
#2290 = VERTEX_POINT('',#2291);
#2291 = CARTESIAN_POINT('',(-0.78059925461,2.146735804701,6.5000001));
#2292 = B_SPLINE_CURVE_WITH_KNOTS('',3,(#2293,#2294,#2295,#2296),
  .UNSPECIFIED.,.F.,.F.,(4,4),(19.,20.),.PIECEWISE_BEZIER_KNOTS.);
#2293 = CARTESIAN_POINT('',(-0.78059925461,2.146735804701,6.5000001));
#2294 = CARTESIAN_POINT('',(-0.753125503885,2.146735804701,6.5000001));
#2295 = CARTESIAN_POINT('',(-0.72565175316,2.138059876162,6.5000001));
#2296 = CARTESIAN_POINT('',(-0.703961945602,2.125045997142,6.5000001));
#2297 = ORIENTED_EDGE('',*,*,#2298,.F.);
#2298 = EDGE_CURVE('',#2299,#2290,#2301,.T.);
#2299 = VERTEX_POINT('',#2300);
#2300 = CARTESIAN_POINT('',(-0.925197971667,2.002137087644,6.5000001));
#2301 = B_SPLINE_CURVE_WITH_KNOTS('',3,(#2302,#2303,#2304,#2305),
  .UNSPECIFIED.,.F.,.F.,(4,4),(18.,19.),.PIECEWISE_BEZIER_KNOTS.);
#2302 = CARTESIAN_POINT('',(-0.925197971667,2.002137087644,6.5000001));
#2303 = CARTESIAN_POINT('',(-0.925197971667,2.081666382026,6.5000001));
#2304 = CARTESIAN_POINT('',(-0.860128548992,2.146735804701,6.5000001));
#2305 = CARTESIAN_POINT('',(-0.78059925461,2.146735804701,6.5000001));
#2306 = ORIENTED_EDGE('',*,*,#2307,.F.);
#2307 = EDGE_CURVE('',#2308,#2299,#2310,.T.);
#2308 = VERTEX_POINT('',#2309);
#2309 = CARTESIAN_POINT('',(-0.838438741433,1.86910625692,6.5000001));
#2310 = B_SPLINE_CURVE_WITH_KNOTS('',3,(#2311,#2312,#2313,#2314),
  .UNSPECIFIED.,.F.,.F.,(4,4),(17.,18.),.PIECEWISE_BEZIER_KNOTS.);
#2311 = CARTESIAN_POINT('',(-0.838438741433,1.86910625692,6.5000001));
#2312 = CARTESIAN_POINT('',(-0.889048292403,1.892242057164,6.5000001));
#2313 = CARTESIAN_POINT('',(-0.925197971667,1.942851608134,6.5000001));
#2314 = CARTESIAN_POINT('',(-0.925197971667,2.002137087644,6.5000001));
#2315 = ORIENTED_EDGE('',*,*,#2316,.F.);
#2316 = EDGE_CURVE('',#2317,#2308,#2319,.T.);
#2317 = VERTEX_POINT('',#2318);
#2318 = CARTESIAN_POINT('',(-0.702515952915,1.964541415693,6.5000001));
#2319 = B_SPLINE_CURVE_WITH_KNOTS('',3,(#2320,#2321,#2322,#2323),
  .UNSPECIFIED.,.F.,.F.,(4,4),(16.,17.),.PIECEWISE_BEZIER_KNOTS.);
#2320 = CARTESIAN_POINT('',(-0.702515952915,1.964541415693,6.5000001));
#2321 = CARTESIAN_POINT('',(-0.764693417798,1.964541415693,6.5000001));
#2322 = CARTESIAN_POINT('',(-0.818194926561,1.92405378595,6.5000001));
#2323 = CARTESIAN_POINT('',(-0.838438741433,1.86910625692,6.5000001));
#2324 = ORIENTED_EDGE('',*,*,#2325,.F.);
#2325 = EDGE_CURVE('',#2326,#2317,#2328,.T.);
#2326 = VERTEX_POINT('',#2327);
#2327 = CARTESIAN_POINT('',(-0.594066915122,1.91537785741,6.5000001));
#2328 = B_SPLINE_CURVE_WITH_KNOTS('',3,(#2329,#2330,#2331,#2332),
  .UNSPECIFIED.,.F.,.F.,(4,4),(15.,16.),.PIECEWISE_BEZIER_KNOTS.);
#2329 = CARTESIAN_POINT('',(-0.594066915122,1.91537785741,6.5000001));
#2330 = CARTESIAN_POINT('',(-0.620094673161,1.945743593508,6.5000001));
#2331 = CARTESIAN_POINT('',(-0.659136337798,1.964541415693,6.5000001));
#2332 = CARTESIAN_POINT('',(-0.702515952915,1.964541415693,6.5000001));
#2333 = ORIENTED_EDGE('',*,*,#2334,.F.);
#2334 = EDGE_CURVE('',#2335,#2326,#2337,.T.);
#2335 = VERTEX_POINT('',#2336);
#2336 = CARTESIAN_POINT('',(-0.400304639781,2.016596959349,6.5000001));
#2337 = B_SPLINE_CURVE_WITH_KNOTS('',1,(#2338,#2339),.UNSPECIFIED.,.F.,
  .F.,(2,2),(2.438081362356E-16,0.218607241286),
  .PIECEWISE_BEZIER_KNOTS.);
#2338 = CARTESIAN_POINT('',(-0.400304639781,2.016596959349,6.5000001));
#2339 = CARTESIAN_POINT('',(-0.594066915122,1.91537785741,6.5000001));
#2340 = ORIENTED_EDGE('',*,*,#2341,.F.);
#2341 = EDGE_CURVE('',#2342,#2335,#2344,.T.);
#2342 = VERTEX_POINT('',#2343);
#2343 = CARTESIAN_POINT('',(-0.355479059557,1.939959622761,6.5000001));
#2344 = B_SPLINE_CURVE_WITH_KNOTS('',1,(#2345,#2346),.UNSPECIFIED.,.F.,
  .F.,(2,2),(-1.681598356062E-16,8.878408642163E-02),
  .PIECEWISE_BEZIER_KNOTS.);
#2345 = CARTESIAN_POINT('',(-0.355479059557,1.939959622761,6.5000001));
#2346 = CARTESIAN_POINT('',(-0.400304639781,2.016596959349,6.5000001));
#2347 = ORIENTED_EDGE('',*,*,#2348,.F.);
#2348 = EDGE_CURVE('',#2349,#2342,#2351,.T.);
#2349 = VERTEX_POINT('',#2350);
#2350 = CARTESIAN_POINT('',(-0.557917263437,1.832956577655,6.5000001));
#2351 = B_SPLINE_CURVE_WITH_KNOTS('',1,(#2352,#2353),.UNSPECIFIED.,.F.,
  .F.,(2,2),(0.,0.228977898611),.PIECEWISE_BEZIER_KNOTS.);
#2352 = CARTESIAN_POINT('',(-0.557917263437,1.832956577655,6.5000001));
#2353 = CARTESIAN_POINT('',(-0.355479059557,1.939959622761,6.5000001));
#2354 = ORIENTED_EDGE('',*,*,#2355,.F.);
#2355 = EDGE_CURVE('',#2356,#2349,#2358,.T.);
#2356 = VERTEX_POINT('',#2357);
#2357 = CARTESIAN_POINT('',(-0.557917263437,1.818496705949,6.5000001));
#2358 = B_SPLINE_CURVE_WITH_KNOTS('',3,(#2359,#2360,#2361,#2362),
  .UNSPECIFIED.,.F.,.F.,(4,4),(11.,12.),.PIECEWISE_BEZIER_KNOTS.);
#2359 = CARTESIAN_POINT('',(-0.557917263437,1.818496705949,6.5000001));
#2360 = CARTESIAN_POINT('',(-0.557917263437,1.822834656429,6.5000001));
#2361 = CARTESIAN_POINT('',(-0.557917263437,1.827172606909,6.5000001));
#2362 = CARTESIAN_POINT('',(-0.557917263437,1.832956577655,6.5000001));
#2363 = ORIENTED_EDGE('',*,*,#2364,.F.);
#2364 = EDGE_CURVE('',#2365,#2356,#2367,.T.);
#2365 = VERTEX_POINT('',#2366);
#2366 = CARTESIAN_POINT('',(-0.702515980495,1.673897988892,6.5000001));
#2367 = B_SPLINE_CURVE_WITH_KNOTS('',3,(#2368,#2369,#2370,#2371),
  .UNSPECIFIED.,.F.,.F.,(4,4),(10.,11.),.PIECEWISE_BEZIER_KNOTS.);
#2368 = CARTESIAN_POINT('',(-0.702515980495,1.673897988892,6.5000001));
#2369 = CARTESIAN_POINT('',(-0.622986686114,1.673897988892,6.5000001));
#2370 = CARTESIAN_POINT('',(-0.557917263437,1.738967411567,6.5000001));
#2371 = CARTESIAN_POINT('',(-0.557917263437,1.818496705949,6.5000001));
#2372 = ORIENTED_EDGE('',*,*,#2373,.F.);
#2373 = EDGE_CURVE('',#2374,#2365,#2376,.T.);
#2374 = VERTEX_POINT('',#2375);
#2375 = CARTESIAN_POINT('',(-0.83988477549,1.772225105459,6.5000001));
#2376 = B_SPLINE_CURVE_WITH_KNOTS('',3,(#2377,#2378,#2379,#2380),
  .UNSPECIFIED.,.F.,.F.,(4,4),(9.,10.),.PIECEWISE_BEZIER_KNOTS.);
#2377 = CARTESIAN_POINT('',(-0.83988477549,1.772225105459,6.5000001));
#2378 = CARTESIAN_POINT('',(-0.821086939514,1.714385618635,6.5000001));
#2379 = CARTESIAN_POINT('',(-0.766139438064,1.673897988892,6.5000001));
#2380 = CARTESIAN_POINT('',(-0.702515980495,1.673897988892,6.5000001));
#2381 = ORIENTED_EDGE('',*,*,#2382,.F.);
#2382 = EDGE_CURVE('',#2383,#2374,#2385,.T.);
#2383 = VERTEX_POINT('',#2384);
#2384 = CARTESIAN_POINT('',(-0.955563749135,1.841632478614,6.5000001));
#2385 = B_SPLINE_CURVE_WITH_KNOTS('',3,(#2386,#2387,#2388,#2389),
  .UNSPECIFIED.,.F.,.F.,(4,4),(8.,9.),.PIECEWISE_BEZIER_KNOTS.);
#2386 = CARTESIAN_POINT('',(-0.955563749135,1.841632478614,6.5000001));
#2387 = CARTESIAN_POINT('',(-0.923752034141,1.806928764456,6.5000001));
#2388 = CARTESIAN_POINT('',(-0.884710369503,1.783792991792,6.5000001));
#2389 = CARTESIAN_POINT('',(-0.83988477549,1.772225105459,6.5000001));
#2390 = ORIENTED_EDGE('',*,*,#2391,.F.);
#2391 = EDGE_CURVE('',#2392,#2383,#2394,.T.);
#2392 = VERTEX_POINT('',#2393);
#2393 = CARTESIAN_POINT('',(-1.016295207541,1.999245047111,6.5000001));
#2394 = B_SPLINE_CURVE_WITH_KNOTS('',3,(#2395,#2396,#2397,#2398),
  .UNSPECIFIED.,.F.,.F.,(4,4),(7.,8.),.PIECEWISE_BEZIER_KNOTS.);
#2395 = CARTESIAN_POINT('',(-1.016295207541,1.999245047111,6.5000001));
#2396 = CARTESIAN_POINT('',(-1.016295207541,1.941405560288,6.5000001));
#2397 = CARTESIAN_POINT('',(-0.994605399983,1.885012038571,6.5000001));
#2398 = CARTESIAN_POINT('',(-0.955563749135,1.841632478614,6.5000001));
#2399 = ORIENTED_EDGE('',*,*,#2400,.F.);
#2400 = EDGE_CURVE('',#2401,#2392,#2403,.T.);
#2401 = VERTEX_POINT('',#2402);
#2402 = CARTESIAN_POINT('',(-0.948333771912,2.16408756525,6.5000001));
#2403 = B_SPLINE_CURVE_WITH_KNOTS('',3,(#2404,#2405,#2406,#2407),
  .UNSPECIFIED.,.F.,.F.,(4,4),(6.,7.),.PIECEWISE_BEZIER_KNOTS.);
#2404 = CARTESIAN_POINT('',(-0.948333771912,2.16408756525,6.5000001));
#2405 = CARTESIAN_POINT('',(-0.991713424952,2.120707963923,6.5000001));
#2406 = CARTESIAN_POINT('',(-1.016295207541,2.061422484413,6.5000001));
#2407 = CARTESIAN_POINT('',(-1.016295207541,1.999245047111,6.5000001));
#2408 = ORIENTED_EDGE('',*,*,#2409,.F.);
#2409 = EDGE_CURVE('',#2410,#2401,#2412,.T.);
#2410 = VERTEX_POINT('',#2411);
#2411 = CARTESIAN_POINT('',(-0.782045247297,2.233494952195,6.5000001));
#2412 = B_SPLINE_CURVE_WITH_KNOTS('',3,(#2413,#2414,#2415,#2416),
  .UNSPECIFIED.,.F.,.F.,(4,4),(5.,6.),.PIECEWISE_BEZIER_KNOTS.);
#2413 = CARTESIAN_POINT('',(-0.782045247297,2.233494952195,6.5000001));
#2414 = CARTESIAN_POINT('',(-0.844222698389,2.233494952195,6.5000001));
#2415 = CARTESIAN_POINT('',(-0.903508164109,2.208913173055,6.5000001));
#2416 = CARTESIAN_POINT('',(-0.948333771912,2.16408756525,6.5000001));
#2417 = ORIENTED_EDGE('',*,*,#2418,.F.);
#2418 = EDGE_CURVE('',#2419,#2410,#2421,.T.);
#2419 = VERTEX_POINT('',#2420);
#2420 = CARTESIAN_POINT('',(-0.748787553405,2.230602980613,6.5000001));
#2421 = B_SPLINE_CURVE_WITH_KNOTS('',3,(#2422,#2423,#2424,#2425),
  .UNSPECIFIED.,.F.,.F.,(4,4),(4.,5.),.PIECEWISE_BEZIER_KNOTS.);
#2422 = CARTESIAN_POINT('',(-0.748787553405,2.230602980613,6.5000001));
#2423 = CARTESIAN_POINT('',(-0.760355439738,2.232048973299,6.5000001));
#2424 = CARTESIAN_POINT('',(-0.770477360964,2.233494952195,6.5000001));
#2425 = CARTESIAN_POINT('',(-0.782045247297,2.233494952195,6.5000001));
#2426 = ORIENTED_EDGE('',*,*,#2427,.F.);
#2427 = EDGE_CURVE('',#2428,#2419,#2430,.T.);
#2428 = VERTEX_POINT('',#2429);
#2429 = CARTESIAN_POINT('',(-0.685164123416,2.294226417496,6.5000001));
#2430 = B_SPLINE_CURVE_WITH_KNOTS('',3,(#2431,#2432,#2433,#2434),
  .UNSPECIFIED.,.F.,.F.,(4,4),(3.,4.),.PIECEWISE_BEZIER_KNOTS.);
#2431 = CARTESIAN_POINT('',(-0.685164123416,2.294226417496,6.5000001));
#2432 = CARTESIAN_POINT('',(-0.709745916348,2.276874567313,6.5000001));
#2433 = CARTESIAN_POINT('',(-0.72998973122,2.255184759755,6.5000001));
#2434 = CARTESIAN_POINT('',(-0.748787553405,2.230602980613,6.5000001));
#2435 = ORIENTED_EDGE('',*,*,#2436,.F.);
#2436 = EDGE_CURVE('',#2437,#2428,#2439,.T.);
#2437 = VERTEX_POINT('',#2438);
#2438 = CARTESIAN_POINT('',(-0.511645662948,2.350619918528,6.5000001));
#2439 = B_SPLINE_CURVE_WITH_KNOTS('',3,(#2440,#2441,#2442,#2443),
  .UNSPECIFIED.,.F.,.F.,(4,4),(2.,3.),.PIECEWISE_BEZIER_KNOTS.);
#2440 = CARTESIAN_POINT('',(-0.511645662948,2.350619918528,6.5000001));
#2441 = CARTESIAN_POINT('',(-0.575269092936,2.350619918528,6.5000001));
#2442 = CARTESIAN_POINT('',(-0.634554572446,2.330376098485,6.5000001));
#2443 = CARTESIAN_POINT('',(-0.685164123416,2.294226417496,6.5000001));
#2444 = ORIENTED_EDGE('',*,*,#2445,.F.);
#2445 = EDGE_CURVE('',#2446,#2437,#2448,.T.);
#2446 = VERTEX_POINT('',#2447);
#2447 = CARTESIAN_POINT('',(-0.314991429813,2.275428581521,6.5000001));
#2448 = B_SPLINE_CURVE_WITH_KNOTS('',3,(#2449,#2450,#2451,#2452),
  .UNSPECIFIED.,.F.,.F.,(4,4),(1.,2.),.PIECEWISE_BEZIER_KNOTS.);
#2449 = CARTESIAN_POINT('',(-0.314991429813,2.275428581521,6.5000001));
#2450 = CARTESIAN_POINT('',(-0.369938931263,2.323146162632,6.5000001));
#2451 = CARTESIAN_POINT('',(-0.439346304419,2.350619918528,6.5000001));
#2452 = CARTESIAN_POINT('',(-0.511645662948,2.350619918528,6.5000001));
#2453 = ORIENTED_EDGE('',*,*,#2454,.F.);
#2454 = EDGE_CURVE('',#2177,#2446,#2455,.T.);
#2455 = B_SPLINE_CURVE_WITH_KNOTS('',3,(#2456,#2457,#2458,#2459),
  .UNSPECIFIED.,.F.,.F.,(4,4),(0.,1.),.PIECEWISE_BEZIER_KNOTS.);
#2456 = CARTESIAN_POINT('',(-0.236908100538,2.161195593668,6.5000001));
#2457 = CARTESIAN_POINT('',(-0.25281393735,2.204575208783,6.5000001));
#2458 = CARTESIAN_POINT('',(-0.280287715655,2.243616859632,6.5000001));
#2459 = CARTESIAN_POINT('',(-0.314991429813,2.275428581521,6.5000001));
#2460 = B_SPLINE_SURFACE_WITH_KNOTS('',1,1,(
    (#2461,#2462)
    ,(#2463,#2464
    )),.UNSPECIFIED.,.F.,.F.,.F.,(2,2),(2,2),(-1.5,1.298866046707E-16),(
    -2.60392189978E-16,6.5),.PIECEWISE_BEZIER_KNOTS.);
#2461 = CARTESIAN_POINT('',(3.25,2.75,6.5000001));
#2462 = CARTESIAN_POINT('',(-3.25,2.75,6.5000001));
#2463 = CARTESIAN_POINT('',(3.25,1.25,6.5000001));
#2464 = CARTESIAN_POINT('',(-3.25,1.25,6.5000001));
#2465 = ADVANCED_FACE('',(#2466),#2490,.T.);
#2466 = FACE_BOUND('',#2467,.T.);
#2467 = EDGE_LOOP('',(#2468,#2469,#2481,#2482));
#2468 = ORIENTED_EDGE('',*,*,#536,.F.);
#2469 = ORIENTED_EDGE('',*,*,#2470,.T.);
#2470 = EDGE_CURVE('',#523,#554,#2471,.T.);
#2471 = ( BOUNDED_CURVE() B_SPLINE_CURVE(2,(#2472,#2473,#2474,#2475,
    #2476,#2477,#2478,#2479,#2480),.UNSPECIFIED.,.F.,.F.) 
B_SPLINE_CURVE_WITH_KNOTS((3,2,2,2,3),(0.9,0.925,0.95,0.975,1.),
.PIECEWISE_BEZIER_KNOTS.) CURVE() GEOMETRIC_REPRESENTATION_ITEM() 
RATIONAL_B_SPLINE_CURVE((1.,0.923879532511,1.,0.923879532511,1.,
0.923879532511,1.,0.923879532511,1.)) REPRESENTATION_ITEM('') );
#2472 = CARTESIAN_POINT('',(-2.6,-1.550000002185,3.2500001));
#2473 = CARTESIAN_POINT('',(-2.6,-1.500000002185,4.32695536217));
#2474 = CARTESIAN_POINT('',(-1.838477631085,-1.450000002185,
    5.088477731085));
#2475 = CARTESIAN_POINT('',(-1.07695526217,-1.400000002185,5.8500001));
#2476 = CARTESIAN_POINT('',(2.209644161485E-14,-1.350000002185,5.8500001
    ));
#2477 = CARTESIAN_POINT('',(1.07695526217,-1.300000002185,5.8500001));
#2478 = CARTESIAN_POINT('',(1.838477631085,-1.250000002185,
    5.088477731085));
#2479 = CARTESIAN_POINT('',(2.6,-1.200000002185,4.32695536217));
#2480 = CARTESIAN_POINT('',(2.6,-1.150000002185,3.2500001));
#2481 = ORIENTED_EDGE('',*,*,#553,.T.);
#2482 = ORIENTED_EDGE('',*,*,#2483,.F.);
#2483 = EDGE_CURVE('',#537,#544,#2484,.T.);
#2484 = ( BOUNDED_CURVE() B_SPLINE_CURVE(2,(#2485,#2486,#2487,#2488,
#2489),.UNSPECIFIED.,.F.,.F.) B_SPLINE_CURVE_WITH_KNOTS((3,2,3),(
    3.14159265359,4.712388980385,6.28318530718),
.PIECEWISE_BEZIER_KNOTS.) CURVE() GEOMETRIC_REPRESENTATION_ITEM() 
RATIONAL_B_SPLINE_CURVE((1.,0.707106781187,1.,0.707106781187,1.)) 
REPRESENTATION_ITEM('') );
#2485 = CARTESIAN_POINT('',(-2.6,1.25,3.2500001));
#2486 = CARTESIAN_POINT('',(-2.6,1.25,5.8500001));
#2487 = CARTESIAN_POINT('',(4.260968591544E-15,1.25,5.8500001));
#2488 = CARTESIAN_POINT('',(2.6,1.25,5.8500001));
#2489 = CARTESIAN_POINT('',(2.6,1.25,3.2500001));
#2490 = ( BOUNDED_SURFACE() B_SPLINE_SURFACE(2,1,(
    (#2491,#2492)
    ,(#2493,#2494)
    ,(#2495,#2496)
    ,(#2497,#2498)
    ,(#2499,#2500
)),.UNSPECIFIED.,.F.,.F.,.F.) B_SPLINE_SURFACE_WITH_KNOTS((3,2,3),(2,2),
  (3.14159265359,4.712388980385,6.28318530718),(-4.300000002185,-1.5),
.PIECEWISE_BEZIER_KNOTS.) GEOMETRIC_REPRESENTATION_ITEM() 
RATIONAL_B_SPLINE_SURFACE((
    (1.,1.)
    ,(0.707106781187,0.707106781187)
    ,(1.,1.)
    ,(0.707106781187,0.707106781187)
,(1.,1.))) REPRESENTATION_ITEM('') SURFACE() );
#2491 = CARTESIAN_POINT('',(-2.6,-1.550000002185,3.2500001));
#2492 = CARTESIAN_POINT('',(-2.6,1.25,3.2500001));
#2493 = CARTESIAN_POINT('',(-2.6,-1.550000002185,5.8500001));
#2494 = CARTESIAN_POINT('',(-2.6,1.25,5.8500001));
#2495 = CARTESIAN_POINT('',(2.346840107703E-14,-1.550000002185,5.8500001
    ));
#2496 = CARTESIAN_POINT('',(4.260968591544E-15,1.25,5.8500001));
#2497 = CARTESIAN_POINT('',(2.6,-1.550000002185,5.8500001));
#2498 = CARTESIAN_POINT('',(2.6,1.25,5.8500001));
#2499 = CARTESIAN_POINT('',(2.6,-1.550000002185,3.2500001));
#2500 = CARTESIAN_POINT('',(2.6,1.25,3.2500001));
#2501 = ADVANCED_FACE('',(#2502),#2522,.F.);
#2502 = FACE_BOUND('',#2503,.F.);
#2503 = EDGE_LOOP('',(#2504,#2512,#2513,#2521));
#2504 = ORIENTED_EDGE('',*,*,#2505,.F.);
#2505 = EDGE_CURVE('',#475,#482,#2506,.T.);
#2506 = ( BOUNDED_CURVE() B_SPLINE_CURVE(2,(#2507,#2508,#2509,#2510,
#2511),.UNSPECIFIED.,.F.,.F.) B_SPLINE_CURVE_WITH_KNOTS((3,2,3),(0.,
1.570796326795,3.14159265359),.PIECEWISE_BEZIER_KNOTS.) CURVE() 
GEOMETRIC_REPRESENTATION_ITEM() RATIONAL_B_SPLINE_CURVE((1.,
0.707106781187,1.,0.707106781187,1.)) REPRESENTATION_ITEM('') );
#2507 = CARTESIAN_POINT('',(0.746483967199,1.05,3.2500001));
#2508 = CARTESIAN_POINT('',(0.746483967199,1.05,2.503516132801));
#2509 = CARTESIAN_POINT('',(6.156249265443E-15,1.05,2.503516132801));
#2510 = CARTESIAN_POINT('',(-0.746483967199,1.05,2.503516132801));
#2511 = CARTESIAN_POINT('',(-0.746483967199,1.05,3.2500001));
#2512 = ORIENTED_EDGE('',*,*,#472,.F.);
#2513 = ORIENTED_EDGE('',*,*,#2514,.T.);
#2514 = EDGE_CURVE('',#473,#492,#2515,.T.);
#2515 = ( BOUNDED_CURVE() B_SPLINE_CURVE(2,(#2516,#2517,#2518,#2519,
#2520),.UNSPECIFIED.,.F.,.F.) B_SPLINE_CURVE_WITH_KNOTS((3,2,3),(0.,
1.570796326795,3.14159265359),.PIECEWISE_BEZIER_KNOTS.) CURVE() 
GEOMETRIC_REPRESENTATION_ITEM() RATIONAL_B_SPLINE_CURVE((1.,
0.707106781187,1.,0.707106781187,1.)) REPRESENTATION_ITEM('') );
#2516 = CARTESIAN_POINT('',(0.746483967199,0.75,3.2500001));
#2517 = CARTESIAN_POINT('',(0.746483967199,0.75,2.503516132801));
#2518 = CARTESIAN_POINT('',(8.21418845871E-15,0.75,2.503516132801));
#2519 = CARTESIAN_POINT('',(-0.746483967199,0.75,2.503516132801));
#2520 = CARTESIAN_POINT('',(-0.746483967199,0.75,3.2500001));
#2521 = ORIENTED_EDGE('',*,*,#491,.T.);
#2522 = ( BOUNDED_SURFACE() B_SPLINE_SURFACE(2,1,(
    (#2523,#2524)
    ,(#2525,#2526)
    ,(#2527,#2528)
    ,(#2529,#2530)
    ,(#2531,#2532
)),.UNSPECIFIED.,.F.,.F.,.F.) B_SPLINE_SURFACE_WITH_KNOTS((3,2,3),(2,2),
  (0.,1.570796326795,3.14159265359),(-2.,-1.7),
.PIECEWISE_BEZIER_KNOTS.) GEOMETRIC_REPRESENTATION_ITEM() 
RATIONAL_B_SPLINE_SURFACE((
    (1.,1.)
    ,(0.707106781187,0.707106781187)
    ,(1.,1.)
    ,(0.707106781187,0.707106781187)
,(1.,1.))) REPRESENTATION_ITEM('') SURFACE() );
#2523 = CARTESIAN_POINT('',(0.746483967199,0.75,3.2500001));
#2524 = CARTESIAN_POINT('',(0.746483967199,1.05,3.2500001));
#2525 = CARTESIAN_POINT('',(0.746483967199,0.75,2.503516132801));
#2526 = CARTESIAN_POINT('',(0.746483967199,1.05,2.503516132801));
#2527 = CARTESIAN_POINT('',(8.21418845871E-15,0.75,2.503516132801));
#2528 = CARTESIAN_POINT('',(6.156249265443E-15,1.05,2.503516132801));
#2529 = CARTESIAN_POINT('',(-0.746483967199,0.75,2.503516132801));
#2530 = CARTESIAN_POINT('',(-0.746483967199,1.05,2.503516132801));
#2531 = CARTESIAN_POINT('',(-0.746483967199,0.75,3.2500001));
#2532 = CARTESIAN_POINT('',(-0.746483967199,1.05,3.2500001));
#2533 = ADVANCED_FACE('',(#2534,#2556),#2560,.F.);
#2534 = FACE_BOUND('',#2535,.T.);
#2535 = EDGE_LOOP('',(#2536,#2543,#2550,#2555));
#2536 = ORIENTED_EDGE('',*,*,#2537,.T.);
#2537 = EDGE_CURVE('',#1517,#2538,#2540,.T.);
#2538 = VERTEX_POINT('',#2539);
#2539 = CARTESIAN_POINT('',(-3.25,1.25,1.000000158236E-07));
#2540 = B_SPLINE_CURVE_WITH_KNOTS('',1,(#2541,#2542),.UNSPECIFIED.,.F.,
  .F.,(2,2),(0.,6.5),.PIECEWISE_BEZIER_KNOTS.);
#2541 = CARTESIAN_POINT('',(-3.25,1.25,6.5000001));
#2542 = CARTESIAN_POINT('',(-3.25,1.25,1.000000153795E-07));
#2543 = ORIENTED_EDGE('',*,*,#2544,.T.);
#2544 = EDGE_CURVE('',#2538,#2545,#2547,.T.);
#2545 = VERTEX_POINT('',#2546);
#2546 = CARTESIAN_POINT('',(3.25,1.25,1.000000158236E-07));
#2547 = B_SPLINE_CURVE_WITH_KNOTS('',1,(#2548,#2549),.UNSPECIFIED.,.F.,
  .F.,(2,2),(-6.5,0.),.PIECEWISE_BEZIER_KNOTS.);
#2548 = CARTESIAN_POINT('',(-3.25,1.25,1.000000158236E-07));
#2549 = CARTESIAN_POINT('',(3.25,1.25,1.000000158236E-07));
#2550 = ORIENTED_EDGE('',*,*,#2551,.T.);
#2551 = EDGE_CURVE('',#2545,#1524,#2552,.T.);
#2552 = B_SPLINE_CURVE_WITH_KNOTS('',1,(#2553,#2554),.UNSPECIFIED.,.F.,
  .F.,(2,2),(-6.5,0.),.PIECEWISE_BEZIER_KNOTS.);
#2553 = CARTESIAN_POINT('',(3.25,1.25,1.000000153795E-07));
#2554 = CARTESIAN_POINT('',(3.25,1.25,6.5000001));
#2555 = ORIENTED_EDGE('',*,*,#1523,.T.);
#2556 = FACE_BOUND('',#2557,.T.);
#2557 = EDGE_LOOP('',(#2558,#2559));
#2558 = ORIENTED_EDGE('',*,*,#543,.T.);
#2559 = ORIENTED_EDGE('',*,*,#2483,.T.);
#2560 = B_SPLINE_SURFACE_WITH_KNOTS('',1,1,(
    (#2561,#2562)
    ,(#2563,#2564
    )),.UNSPECIFIED.,.F.,.F.,.F.,(2,2),(2,2),(-3.25,3.25),(-3.25,3.25),
  .PIECEWISE_BEZIER_KNOTS.);
#2561 = CARTESIAN_POINT('',(-3.25,1.25,6.5000001));
#2562 = CARTESIAN_POINT('',(-3.25,1.25,1.000000153795E-07));
#2563 = CARTESIAN_POINT('',(3.25,1.25,6.5000001));
#2564 = CARTESIAN_POINT('',(3.25,1.25,1.000000153795E-07));
#2565 = ADVANCED_FACE('',(#2566,#2577,#2607,#2637,#2659,#2689),#2719,.T.
  );
#2566 = FACE_BOUND('',#2567,.T.);
#2567 = EDGE_LOOP('',(#2568,#2569));
#2568 = ORIENTED_EDGE('',*,*,#191,.F.);
#2569 = ORIENTED_EDGE('',*,*,#2570,.F.);
#2570 = EDGE_CURVE('',#194,#192,#2571,.T.);
#2571 = ( BOUNDED_CURVE() B_SPLINE_CURVE(2,(#2572,#2573,#2574,#2575,
#2576),.UNSPECIFIED.,.F.,.F.) B_SPLINE_CURVE_WITH_KNOTS((3,2,3),(
    3.14159265359,4.712388980385,6.28318530718),
.PIECEWISE_BEZIER_KNOTS.) CURVE() GEOMETRIC_REPRESENTATION_ITEM() 
RATIONAL_B_SPLINE_CURVE((1.,0.707106781187,1.,0.707106781187,1.)) 
REPRESENTATION_ITEM('') );
#2572 = CARTESIAN_POINT('',(-2.,2.75,3.2500001));
#2573 = CARTESIAN_POINT('',(-2.,2.75,5.2500001));
#2574 = CARTESIAN_POINT('',(-5.91850916287E-15,2.75,5.2500001));
#2575 = CARTESIAN_POINT('',(2.,2.75,5.2500001));
#2576 = CARTESIAN_POINT('',(2.,2.75,3.2500001));
#2577 = FACE_BOUND('',#2578,.T.);
#2578 = EDGE_LOOP('',(#2579,#2588,#2595,#2602));
#2579 = ORIENTED_EDGE('',*,*,#2580,.T.);
#2580 = EDGE_CURVE('',#2581,#2583,#2585,.T.);
#2581 = VERTEX_POINT('',#2582);
#2582 = CARTESIAN_POINT('',(2.09,2.75,3.7000001));
#2583 = VERTEX_POINT('',#2584);
#2584 = CARTESIAN_POINT('',(2.09,2.75,2.8000001));
#2585 = B_SPLINE_CURVE_WITH_KNOTS('',1,(#2586,#2587),.UNSPECIFIED.,.F.,
  .F.,(2,2),(0.,0.9),.PIECEWISE_BEZIER_KNOTS.);
#2586 = CARTESIAN_POINT('',(2.09,2.75,3.7000001));
#2587 = CARTESIAN_POINT('',(2.09,2.75,2.8000001));
#2588 = ORIENTED_EDGE('',*,*,#2589,.T.);
#2589 = EDGE_CURVE('',#2583,#2590,#2592,.T.);
#2590 = VERTEX_POINT('',#2591);
#2591 = CARTESIAN_POINT('',(2.99,2.75,2.8000001));
#2592 = B_SPLINE_CURVE_WITH_KNOTS('',1,(#2593,#2594),.UNSPECIFIED.,.F.,
  .F.,(2,2),(-0.9,0.),.PIECEWISE_BEZIER_KNOTS.);
#2593 = CARTESIAN_POINT('',(2.09,2.75,2.8000001));
#2594 = CARTESIAN_POINT('',(2.99,2.75,2.8000001));
#2595 = ORIENTED_EDGE('',*,*,#2596,.T.);
#2596 = EDGE_CURVE('',#2590,#2597,#2599,.T.);
#2597 = VERTEX_POINT('',#2598);
#2598 = CARTESIAN_POINT('',(2.99,2.75,3.7000001));
#2599 = B_SPLINE_CURVE_WITH_KNOTS('',1,(#2600,#2601),.UNSPECIFIED.,.F.,
  .F.,(2,2),(-0.9,0.),.PIECEWISE_BEZIER_KNOTS.);
#2600 = CARTESIAN_POINT('',(2.99,2.75,2.8000001));
#2601 = CARTESIAN_POINT('',(2.99,2.75,3.7000001));
#2602 = ORIENTED_EDGE('',*,*,#2603,.T.);
#2603 = EDGE_CURVE('',#2597,#2581,#2604,.T.);
#2604 = B_SPLINE_CURVE_WITH_KNOTS('',1,(#2605,#2606),.UNSPECIFIED.,.F.,
  .F.,(2,2),(0.,0.9),.PIECEWISE_BEZIER_KNOTS.);
#2605 = CARTESIAN_POINT('',(2.99,2.75,3.7000001));
#2606 = CARTESIAN_POINT('',(2.09,2.75,3.7000001));
#2607 = FACE_BOUND('',#2608,.T.);
#2608 = EDGE_LOOP('',(#2609,#2618,#2625,#2632));
#2609 = ORIENTED_EDGE('',*,*,#2610,.T.);
#2610 = EDGE_CURVE('',#2611,#2613,#2615,.T.);
#2611 = VERTEX_POINT('',#2612);
#2612 = CARTESIAN_POINT('',(2.09,2.75,1.1600001));
#2613 = VERTEX_POINT('',#2614);
#2614 = CARTESIAN_POINT('',(2.09,2.75,0.2600001));
#2615 = B_SPLINE_CURVE_WITH_KNOTS('',1,(#2616,#2617),.UNSPECIFIED.,.F.,
  .F.,(2,2),(0.,0.9),.PIECEWISE_BEZIER_KNOTS.);
#2616 = CARTESIAN_POINT('',(2.09,2.75,1.1600001));
#2617 = CARTESIAN_POINT('',(2.09,2.75,0.2600001));
#2618 = ORIENTED_EDGE('',*,*,#2619,.T.);
#2619 = EDGE_CURVE('',#2613,#2620,#2622,.T.);
#2620 = VERTEX_POINT('',#2621);
#2621 = CARTESIAN_POINT('',(2.99,2.75,0.2600001));
#2622 = B_SPLINE_CURVE_WITH_KNOTS('',1,(#2623,#2624),.UNSPECIFIED.,.F.,
  .F.,(2,2),(-0.9,0.),.PIECEWISE_BEZIER_KNOTS.);
#2623 = CARTESIAN_POINT('',(2.09,2.75,0.2600001));
#2624 = CARTESIAN_POINT('',(2.99,2.75,0.2600001));
#2625 = ORIENTED_EDGE('',*,*,#2626,.T.);
#2626 = EDGE_CURVE('',#2620,#2627,#2629,.T.);
#2627 = VERTEX_POINT('',#2628);
#2628 = CARTESIAN_POINT('',(2.99,2.75,1.1600001));
#2629 = B_SPLINE_CURVE_WITH_KNOTS('',1,(#2630,#2631),.UNSPECIFIED.,.F.,
  .F.,(2,2),(-0.9,0.),.PIECEWISE_BEZIER_KNOTS.);
#2630 = CARTESIAN_POINT('',(2.99,2.75,0.2600001));
#2631 = CARTESIAN_POINT('',(2.99,2.75,1.1600001));
#2632 = ORIENTED_EDGE('',*,*,#2633,.T.);
#2633 = EDGE_CURVE('',#2627,#2611,#2634,.T.);
#2634 = B_SPLINE_CURVE_WITH_KNOTS('',1,(#2635,#2636),.UNSPECIFIED.,.F.,
  .F.,(2,2),(0.,0.9),.PIECEWISE_BEZIER_KNOTS.);
#2635 = CARTESIAN_POINT('',(2.99,2.75,1.1600001));
#2636 = CARTESIAN_POINT('',(2.09,2.75,1.1600001));
#2637 = FACE_BOUND('',#2638,.T.);
#2638 = EDGE_LOOP('',(#2639,#2646,#2647,#2654));
#2639 = ORIENTED_EDGE('',*,*,#2640,.F.);
#2640 = EDGE_CURVE('',#1510,#2641,#2643,.T.);
#2641 = VERTEX_POINT('',#2642);
#2642 = CARTESIAN_POINT('',(-3.25,2.75,1.000000002804E-07));
#2643 = B_SPLINE_CURVE_WITH_KNOTS('',1,(#2644,#2645),.UNSPECIFIED.,.F.,
  .F.,(2,2),(0.,6.5),.PIECEWISE_BEZIER_KNOTS.);
#2644 = CARTESIAN_POINT('',(-3.25,2.75,6.5000001));
#2645 = CARTESIAN_POINT('',(-3.25,2.75,9.999999983634E-08));
#2646 = ORIENTED_EDGE('',*,*,#1507,.F.);
#2647 = ORIENTED_EDGE('',*,*,#2648,.F.);
#2648 = EDGE_CURVE('',#2649,#1508,#2651,.T.);
#2649 = VERTEX_POINT('',#2650);
#2650 = CARTESIAN_POINT('',(3.25,2.75,1.000000002804E-07));
#2651 = B_SPLINE_CURVE_WITH_KNOTS('',1,(#2652,#2653),.UNSPECIFIED.,.F.,
  .F.,(2,2),(-6.5,0.),.PIECEWISE_BEZIER_KNOTS.);
#2652 = CARTESIAN_POINT('',(3.25,2.75,9.999999983634E-08));
#2653 = CARTESIAN_POINT('',(3.25,2.75,6.5000001));
#2654 = ORIENTED_EDGE('',*,*,#2655,.F.);
#2655 = EDGE_CURVE('',#2641,#2649,#2656,.T.);
#2656 = B_SPLINE_CURVE_WITH_KNOTS('',1,(#2657,#2658),.UNSPECIFIED.,.F.,
  .F.,(2,2),(-6.5,0.),.PIECEWISE_BEZIER_KNOTS.);
#2657 = CARTESIAN_POINT('',(-3.25,2.75,1.000000002804E-07));
#2658 = CARTESIAN_POINT('',(3.25,2.75,1.000000002804E-07));
#2659 = FACE_BOUND('',#2660,.T.);
#2660 = EDGE_LOOP('',(#2661,#2670,#2677,#2684));
#2661 = ORIENTED_EDGE('',*,*,#2662,.F.);
#2662 = EDGE_CURVE('',#2663,#2665,#2667,.T.);
#2663 = VERTEX_POINT('',#2664);
#2664 = CARTESIAN_POINT('',(-2.09,2.75,0.2600001));
#2665 = VERTEX_POINT('',#2666);
#2666 = CARTESIAN_POINT('',(-2.99,2.75,0.2600001));
#2667 = B_SPLINE_CURVE_WITH_KNOTS('',1,(#2668,#2669),.UNSPECIFIED.,.F.,
  .F.,(2,2),(-0.9,0.),.PIECEWISE_BEZIER_KNOTS.);
#2668 = CARTESIAN_POINT('',(-2.09,2.75,0.2600001));
#2669 = CARTESIAN_POINT('',(-2.99,2.75,0.2600001));
#2670 = ORIENTED_EDGE('',*,*,#2671,.F.);
#2671 = EDGE_CURVE('',#2672,#2663,#2674,.T.);
#2672 = VERTEX_POINT('',#2673);
#2673 = CARTESIAN_POINT('',(-2.09,2.75,1.1600001));
#2674 = B_SPLINE_CURVE_WITH_KNOTS('',1,(#2675,#2676),.UNSPECIFIED.,.F.,
  .F.,(2,2),(0.,0.9),.PIECEWISE_BEZIER_KNOTS.);
#2675 = CARTESIAN_POINT('',(-2.09,2.75,1.1600001));
#2676 = CARTESIAN_POINT('',(-2.09,2.75,0.2600001));
#2677 = ORIENTED_EDGE('',*,*,#2678,.F.);
#2678 = EDGE_CURVE('',#2679,#2672,#2681,.T.);
#2679 = VERTEX_POINT('',#2680);
#2680 = CARTESIAN_POINT('',(-2.99,2.75,1.1600001));
#2681 = B_SPLINE_CURVE_WITH_KNOTS('',1,(#2682,#2683),.UNSPECIFIED.,.F.,
  .F.,(2,2),(0.,0.9),.PIECEWISE_BEZIER_KNOTS.);
#2682 = CARTESIAN_POINT('',(-2.99,2.75,1.1600001));
#2683 = CARTESIAN_POINT('',(-2.09,2.75,1.1600001));
#2684 = ORIENTED_EDGE('',*,*,#2685,.F.);
#2685 = EDGE_CURVE('',#2665,#2679,#2686,.T.);
#2686 = B_SPLINE_CURVE_WITH_KNOTS('',1,(#2687,#2688),.UNSPECIFIED.,.F.,
  .F.,(2,2),(-0.9,0.),.PIECEWISE_BEZIER_KNOTS.);
#2687 = CARTESIAN_POINT('',(-2.99,2.75,0.2600001));
#2688 = CARTESIAN_POINT('',(-2.99,2.75,1.1600001));
#2689 = FACE_BOUND('',#2690,.T.);
#2690 = EDGE_LOOP('',(#2691,#2700,#2707,#2714));
#2691 = ORIENTED_EDGE('',*,*,#2692,.F.);
#2692 = EDGE_CURVE('',#2693,#2695,#2697,.T.);
#2693 = VERTEX_POINT('',#2694);
#2694 = CARTESIAN_POINT('',(-2.09,2.75,2.8000001));
#2695 = VERTEX_POINT('',#2696);
#2696 = CARTESIAN_POINT('',(-2.99,2.75,2.8000001));
#2697 = B_SPLINE_CURVE_WITH_KNOTS('',1,(#2698,#2699),.UNSPECIFIED.,.F.,
  .F.,(2,2),(-0.9,0.),.PIECEWISE_BEZIER_KNOTS.);
#2698 = CARTESIAN_POINT('',(-2.09,2.75,2.8000001));
#2699 = CARTESIAN_POINT('',(-2.99,2.75,2.8000001));
#2700 = ORIENTED_EDGE('',*,*,#2701,.F.);
#2701 = EDGE_CURVE('',#2702,#2693,#2704,.T.);
#2702 = VERTEX_POINT('',#2703);
#2703 = CARTESIAN_POINT('',(-2.09,2.75,3.7000001));
#2704 = B_SPLINE_CURVE_WITH_KNOTS('',1,(#2705,#2706),.UNSPECIFIED.,.F.,
  .F.,(2,2),(0.,0.9),.PIECEWISE_BEZIER_KNOTS.);
#2705 = CARTESIAN_POINT('',(-2.09,2.75,3.7000001));
#2706 = CARTESIAN_POINT('',(-2.09,2.75,2.8000001));
#2707 = ORIENTED_EDGE('',*,*,#2708,.F.);
#2708 = EDGE_CURVE('',#2709,#2702,#2711,.T.);
#2709 = VERTEX_POINT('',#2710);
#2710 = CARTESIAN_POINT('',(-2.99,2.75,3.7000001));
#2711 = B_SPLINE_CURVE_WITH_KNOTS('',1,(#2712,#2713),.UNSPECIFIED.,.F.,
  .F.,(2,2),(0.,0.9),.PIECEWISE_BEZIER_KNOTS.);
#2712 = CARTESIAN_POINT('',(-2.99,2.75,3.7000001));
#2713 = CARTESIAN_POINT('',(-2.09,2.75,3.7000001));
#2714 = ORIENTED_EDGE('',*,*,#2715,.F.);
#2715 = EDGE_CURVE('',#2695,#2709,#2716,.T.);
#2716 = B_SPLINE_CURVE_WITH_KNOTS('',1,(#2717,#2718),.UNSPECIFIED.,.F.,
  .F.,(2,2),(-0.9,0.),.PIECEWISE_BEZIER_KNOTS.);
#2717 = CARTESIAN_POINT('',(-2.99,2.75,2.8000001));
#2718 = CARTESIAN_POINT('',(-2.99,2.75,3.7000001));
#2719 = B_SPLINE_SURFACE_WITH_KNOTS('',1,1,(
    (#2720,#2721)
    ,(#2722,#2723
    )),.UNSPECIFIED.,.F.,.F.,.F.,(2,2),(2,2),(-3.25,3.25),(-3.25,3.25),
  .PIECEWISE_BEZIER_KNOTS.);
#2720 = CARTESIAN_POINT('',(-3.25,2.75,6.5000001));
#2721 = CARTESIAN_POINT('',(-3.25,2.75,9.999999983634E-08));
#2722 = CARTESIAN_POINT('',(3.25,2.75,6.5000001));
#2723 = CARTESIAN_POINT('',(3.25,2.75,9.999999983634E-08));
#2724 = ADVANCED_FACE('',(#2725),#2735,.F.);
#2725 = FACE_BOUND('',#2726,.T.);
#2726 = EDGE_LOOP('',(#2727,#2728,#2733,#2734));
#2727 = ORIENTED_EDGE('',*,*,#2640,.T.);
#2728 = ORIENTED_EDGE('',*,*,#2729,.F.);
#2729 = EDGE_CURVE('',#2538,#2641,#2730,.T.);
#2730 = B_SPLINE_CURVE_WITH_KNOTS('',1,(#2731,#2732),.UNSPECIFIED.,.F.,
  .F.,(2,2),(0.,1.5),.PIECEWISE_BEZIER_KNOTS.);
#2731 = CARTESIAN_POINT('',(-3.25,1.25,1.000000158236E-07));
#2732 = CARTESIAN_POINT('',(-3.25,2.75,1.000000002804E-07));
#2733 = ORIENTED_EDGE('',*,*,#2537,.F.);
#2734 = ORIENTED_EDGE('',*,*,#1516,.T.);
#2735 = B_SPLINE_SURFACE_WITH_KNOTS('',1,1,(
    (#2736,#2737)
    ,(#2738,#2739
    )),.UNSPECIFIED.,.F.,.F.,.F.,(2,2),(2,2),(-1.5,8.38076045435E-17),(
    -1.685436800419E-16,6.5),.PIECEWISE_BEZIER_KNOTS.);
#2736 = CARTESIAN_POINT('',(-3.25,2.75,6.5000001));
#2737 = CARTESIAN_POINT('',(-3.25,2.75,9.999999939225E-08));
#2738 = CARTESIAN_POINT('',(-3.25,1.25,6.5000001));
#2739 = CARTESIAN_POINT('',(-3.25,1.25,1.000000153795E-07));
#2740 = ADVANCED_FACE('',(#2741),#2751,.F.);
#2741 = FACE_BOUND('',#2742,.T.);
#2742 = EDGE_LOOP('',(#2743,#2744,#2749,#2750));
#2743 = ORIENTED_EDGE('',*,*,#2655,.T.);
#2744 = ORIENTED_EDGE('',*,*,#2745,.F.);
#2745 = EDGE_CURVE('',#2545,#2649,#2746,.T.);
#2746 = B_SPLINE_CURVE_WITH_KNOTS('',1,(#2747,#2748),.UNSPECIFIED.,.F.,
  .F.,(2,2),(0.,1.5),.PIECEWISE_BEZIER_KNOTS.);
#2747 = CARTESIAN_POINT('',(3.25,1.25,1.000000158236E-07));
#2748 = CARTESIAN_POINT('',(3.25,2.75,1.000000002804E-07));
#2749 = ORIENTED_EDGE('',*,*,#2544,.F.);
#2750 = ORIENTED_EDGE('',*,*,#2729,.T.);
#2751 = B_SPLINE_SURFACE_WITH_KNOTS('',1,1,(
    (#2752,#2753)
    ,(#2754,#2755
    )),.UNSPECIFIED.,.F.,.F.,.F.,(2,2),(2,2),(-1.298866046707E-16,1.5),(
    -2.60392189978E-16,6.5),.PIECEWISE_BEZIER_KNOTS.);
#2752 = CARTESIAN_POINT('',(3.25,1.25,1.000000158236E-07));
#2753 = CARTESIAN_POINT('',(-3.25,1.25,1.000000158236E-07));
#2754 = CARTESIAN_POINT('',(3.25,2.75,1.000000002804E-07));
#2755 = CARTESIAN_POINT('',(-3.25,2.75,1.000000002804E-07));
#2756 = ADVANCED_FACE('',(#2757),#2763,.F.);
#2757 = FACE_BOUND('',#2758,.T.);
#2758 = EDGE_LOOP('',(#2759,#2760,#2761,#2762));
#2759 = ORIENTED_EDGE('',*,*,#2648,.T.);
#2760 = ORIENTED_EDGE('',*,*,#1530,.F.);
#2761 = ORIENTED_EDGE('',*,*,#2551,.F.);
#2762 = ORIENTED_EDGE('',*,*,#2745,.T.);
#2763 = B_SPLINE_SURFACE_WITH_KNOTS('',1,1,(
    (#2764,#2765)
    ,(#2766,#2767
    )),.UNSPECIFIED.,.F.,.F.,.F.,(2,2),(2,2),(-8.38076045435E-17,1.5),(
    -1.685436800419E-16,6.5),.PIECEWISE_BEZIER_KNOTS.);
#2764 = CARTESIAN_POINT('',(3.25,1.25,6.5000001));
#2765 = CARTESIAN_POINT('',(3.25,1.25,1.000000153795E-07));
#2766 = CARTESIAN_POINT('',(3.25,2.75,6.5000001));
#2767 = CARTESIAN_POINT('',(3.25,2.75,9.999999939225E-08));
#2768 = ADVANCED_FACE('',(#2769),#2791,.F.);
#2769 = FACE_BOUND('',#2770,.T.);
#2770 = EDGE_LOOP('',(#2771,#2772,#2779,#2786));
#2771 = ORIENTED_EDGE('',*,*,#2671,.T.);
#2772 = ORIENTED_EDGE('',*,*,#2773,.F.);
#2773 = EDGE_CURVE('',#2774,#2663,#2776,.T.);
#2774 = VERTEX_POINT('',#2775);
#2775 = CARTESIAN_POINT('',(-2.09,6.75,0.2600001));
#2776 = B_SPLINE_CURVE_WITH_KNOTS('',1,(#2777,#2778),.UNSPECIFIED.,.F.,
  .F.,(2,2),(0.,4.),.PIECEWISE_BEZIER_KNOTS.);
#2777 = CARTESIAN_POINT('',(-2.09,6.75,0.2600001));
#2778 = CARTESIAN_POINT('',(-2.09,2.75,0.2600001));
#2779 = ORIENTED_EDGE('',*,*,#2780,.F.);
#2780 = EDGE_CURVE('',#2781,#2774,#2783,.T.);
#2781 = VERTEX_POINT('',#2782);
#2782 = CARTESIAN_POINT('',(-2.09,6.75,1.1600001));
#2783 = B_SPLINE_CURVE_WITH_KNOTS('',1,(#2784,#2785),.UNSPECIFIED.,.F.,
  .F.,(2,2),(0.,0.9),.PIECEWISE_BEZIER_KNOTS.);
#2784 = CARTESIAN_POINT('',(-2.09,6.75,1.1600001));
#2785 = CARTESIAN_POINT('',(-2.09,6.75,0.2600001));
#2786 = ORIENTED_EDGE('',*,*,#2787,.T.);
#2787 = EDGE_CURVE('',#2781,#2672,#2788,.T.);
#2788 = B_SPLINE_CURVE_WITH_KNOTS('',1,(#2789,#2790),.UNSPECIFIED.,.F.,
  .F.,(2,2),(0.,4.),.PIECEWISE_BEZIER_KNOTS.);
#2789 = CARTESIAN_POINT('',(-2.09,6.75,1.1600001));
#2790 = CARTESIAN_POINT('',(-2.09,2.75,1.1600001));
#2791 = B_SPLINE_SURFACE_WITH_KNOTS('',1,1,(
    (#2792,#2793)
    ,(#2794,#2795
    )),.UNSPECIFIED.,.F.,.F.,.F.,(2,2),(2,2),(-4.,1.011262080251E-16),(
    -2.906988696383E-16,0.9),.PIECEWISE_BEZIER_KNOTS.);
#2792 = CARTESIAN_POINT('',(-2.09,2.75,1.1600001));
#2793 = CARTESIAN_POINT('',(-2.09,2.75,0.2600001));
#2794 = CARTESIAN_POINT('',(-2.09,6.75,1.1600001));
#2795 = CARTESIAN_POINT('',(-2.09,6.75,0.2600001));
#2796 = ADVANCED_FACE('',(#2797),#2813,.F.);
#2797 = FACE_BOUND('',#2798,.T.);
#2798 = EDGE_LOOP('',(#2799,#2800,#2807,#2812));
#2799 = ORIENTED_EDGE('',*,*,#2662,.T.);
#2800 = ORIENTED_EDGE('',*,*,#2801,.F.);
#2801 = EDGE_CURVE('',#2802,#2665,#2804,.T.);
#2802 = VERTEX_POINT('',#2803);
#2803 = CARTESIAN_POINT('',(-2.99,6.75,0.2600001));
#2804 = B_SPLINE_CURVE_WITH_KNOTS('',1,(#2805,#2806),.UNSPECIFIED.,.F.,
  .F.,(2,2),(0.,4.),.PIECEWISE_BEZIER_KNOTS.);
#2805 = CARTESIAN_POINT('',(-2.99,6.75,0.2600001));
#2806 = CARTESIAN_POINT('',(-2.99,2.75,0.2600001));
#2807 = ORIENTED_EDGE('',*,*,#2808,.F.);
#2808 = EDGE_CURVE('',#2774,#2802,#2809,.T.);
#2809 = B_SPLINE_CURVE_WITH_KNOTS('',1,(#2810,#2811),.UNSPECIFIED.,.F.,
  .F.,(2,2),(-0.9,0.),.PIECEWISE_BEZIER_KNOTS.);
#2810 = CARTESIAN_POINT('',(-2.09,6.75,0.2600001));
#2811 = CARTESIAN_POINT('',(-2.99,6.75,0.2600001));
#2812 = ORIENTED_EDGE('',*,*,#2773,.T.);
#2813 = B_SPLINE_SURFACE_WITH_KNOTS('',1,1,(
    (#2814,#2815)
    ,(#2816,#2817
    )),.UNSPECIFIED.,.F.,.F.,.F.,(2,2),(2,2),(-4.,0.),(-0.9,
    3.983197000412E-16),.PIECEWISE_BEZIER_KNOTS.);
#2814 = CARTESIAN_POINT('',(-2.09,2.75,0.2600001));
#2815 = CARTESIAN_POINT('',(-2.99,2.75,0.2600001));
#2816 = CARTESIAN_POINT('',(-2.09,6.75,0.2600001));
#2817 = CARTESIAN_POINT('',(-2.99,6.75,0.2600001));
#2818 = ADVANCED_FACE('',(#2819),#2835,.F.);
#2819 = FACE_BOUND('',#2820,.T.);
#2820 = EDGE_LOOP('',(#2821,#2822,#2829,#2834));
#2821 = ORIENTED_EDGE('',*,*,#2685,.T.);
#2822 = ORIENTED_EDGE('',*,*,#2823,.F.);
#2823 = EDGE_CURVE('',#2824,#2679,#2826,.T.);
#2824 = VERTEX_POINT('',#2825);
#2825 = CARTESIAN_POINT('',(-2.99,6.75,1.1600001));
#2826 = B_SPLINE_CURVE_WITH_KNOTS('',1,(#2827,#2828),.UNSPECIFIED.,.F.,
  .F.,(2,2),(0.,4.),.PIECEWISE_BEZIER_KNOTS.);
#2827 = CARTESIAN_POINT('',(-2.99,6.75,1.1600001));
#2828 = CARTESIAN_POINT('',(-2.99,2.75,1.1600001));
#2829 = ORIENTED_EDGE('',*,*,#2830,.F.);
#2830 = EDGE_CURVE('',#2802,#2824,#2831,.T.);
#2831 = B_SPLINE_CURVE_WITH_KNOTS('',1,(#2832,#2833),.UNSPECIFIED.,.F.,
  .F.,(2,2),(-0.9,0.),.PIECEWISE_BEZIER_KNOTS.);
#2832 = CARTESIAN_POINT('',(-2.99,6.75,0.2600001));
#2833 = CARTESIAN_POINT('',(-2.99,6.75,1.1600001));
#2834 = ORIENTED_EDGE('',*,*,#2801,.T.);
#2835 = B_SPLINE_SURFACE_WITH_KNOTS('',1,1,(
    (#2836,#2837)
    ,(#2838,#2839
    )),.UNSPECIFIED.,.F.,.F.,.F.,(2,2),(2,2),(-1.011262080251E-16,4.),(
    -2.906988696383E-16,0.9),.PIECEWISE_BEZIER_KNOTS.);
#2836 = CARTESIAN_POINT('',(-2.99,6.75,1.1600001));
#2837 = CARTESIAN_POINT('',(-2.99,6.75,0.2600001));
#2838 = CARTESIAN_POINT('',(-2.99,2.75,1.1600001));
#2839 = CARTESIAN_POINT('',(-2.99,2.75,0.2600001));
#2840 = ADVANCED_FACE('',(#2841),#2851,.F.);
#2841 = FACE_BOUND('',#2842,.T.);
#2842 = EDGE_LOOP('',(#2843,#2844,#2845,#2850));
#2843 = ORIENTED_EDGE('',*,*,#2678,.T.);
#2844 = ORIENTED_EDGE('',*,*,#2787,.F.);
#2845 = ORIENTED_EDGE('',*,*,#2846,.F.);
#2846 = EDGE_CURVE('',#2824,#2781,#2847,.T.);
#2847 = B_SPLINE_CURVE_WITH_KNOTS('',1,(#2848,#2849),.UNSPECIFIED.,.F.,
  .F.,(2,2),(0.,0.9),.PIECEWISE_BEZIER_KNOTS.);
#2848 = CARTESIAN_POINT('',(-2.99,6.75,1.1600001));
#2849 = CARTESIAN_POINT('',(-2.09,6.75,1.1600001));
#2850 = ORIENTED_EDGE('',*,*,#2823,.T.);
#2851 = B_SPLINE_SURFACE_WITH_KNOTS('',1,1,(
    (#2852,#2853)
    ,(#2854,#2855)),.UNSPECIFIED.,.F.,.F.,.F.,(2,2),(2,2),(0.,4.),(-0.9,
    3.983197000412E-16),.PIECEWISE_BEZIER_KNOTS.);
#2852 = CARTESIAN_POINT('',(-2.09,6.75,1.1600001));
#2853 = CARTESIAN_POINT('',(-2.99,6.75,1.1600001));
#2854 = CARTESIAN_POINT('',(-2.09,2.75,1.1600001));
#2855 = CARTESIAN_POINT('',(-2.99,2.75,1.1600001));
#2856 = ADVANCED_FACE('',(#2857),#2863,.F.);
#2857 = FACE_BOUND('',#2858,.T.);
#2858 = EDGE_LOOP('',(#2859,#2860,#2861,#2862));
#2859 = ORIENTED_EDGE('',*,*,#2780,.T.);
#2860 = ORIENTED_EDGE('',*,*,#2808,.T.);
#2861 = ORIENTED_EDGE('',*,*,#2830,.T.);
#2862 = ORIENTED_EDGE('',*,*,#2846,.T.);
#2863 = B_SPLINE_SURFACE_WITH_KNOTS('',1,1,(
    (#2864,#2865)
    ,(#2866,#2867
    )),.UNSPECIFIED.,.F.,.F.,.F.,(2,2),(2,2),(2.09,2.99),(2.09,2.99),
  .PIECEWISE_BEZIER_KNOTS.);
#2864 = CARTESIAN_POINT('',(-2.09,6.75,1.1600001));
#2865 = CARTESIAN_POINT('',(-2.09,6.75,0.2600001));
#2866 = CARTESIAN_POINT('',(-2.99,6.75,1.1600001));
#2867 = CARTESIAN_POINT('',(-2.99,6.75,0.2600001));
#2868 = ADVANCED_FACE('',(#2869),#2891,.T.);
#2869 = FACE_BOUND('',#2870,.T.);
#2870 = EDGE_LOOP('',(#2871,#2872,#2879,#2886));
#2871 = ORIENTED_EDGE('',*,*,#2610,.F.);
#2872 = ORIENTED_EDGE('',*,*,#2873,.F.);
#2873 = EDGE_CURVE('',#2874,#2611,#2876,.T.);
#2874 = VERTEX_POINT('',#2875);
#2875 = CARTESIAN_POINT('',(2.09,6.75,1.1600001));
#2876 = B_SPLINE_CURVE_WITH_KNOTS('',1,(#2877,#2878),.UNSPECIFIED.,.F.,
  .F.,(2,2),(0.,4.),.PIECEWISE_BEZIER_KNOTS.);
#2877 = CARTESIAN_POINT('',(2.09,6.75,1.1600001));
#2878 = CARTESIAN_POINT('',(2.09,2.75,1.1600001));
#2879 = ORIENTED_EDGE('',*,*,#2880,.T.);
#2880 = EDGE_CURVE('',#2874,#2881,#2883,.T.);
#2881 = VERTEX_POINT('',#2882);
#2882 = CARTESIAN_POINT('',(2.09,6.75,0.2600001));
#2883 = B_SPLINE_CURVE_WITH_KNOTS('',1,(#2884,#2885),.UNSPECIFIED.,.F.,
  .F.,(2,2),(0.,0.9),.PIECEWISE_BEZIER_KNOTS.);
#2884 = CARTESIAN_POINT('',(2.09,6.75,1.1600001));
#2885 = CARTESIAN_POINT('',(2.09,6.75,0.2600001));
#2886 = ORIENTED_EDGE('',*,*,#2887,.T.);
#2887 = EDGE_CURVE('',#2881,#2613,#2888,.T.);
#2888 = B_SPLINE_CURVE_WITH_KNOTS('',1,(#2889,#2890),.UNSPECIFIED.,.F.,
  .F.,(2,2),(0.,4.),.PIECEWISE_BEZIER_KNOTS.);
#2889 = CARTESIAN_POINT('',(2.09,6.75,0.2600001));
#2890 = CARTESIAN_POINT('',(2.09,2.75,0.2600001));
#2891 = B_SPLINE_SURFACE_WITH_KNOTS('',1,1,(
    (#2892,#2893)
    ,(#2894,#2895
    )),.UNSPECIFIED.,.F.,.F.,.F.,(2,2),(2,2),(-4.,0.),(
    -2.906988696383E-16,0.9),.PIECEWISE_BEZIER_KNOTS.);
#2892 = CARTESIAN_POINT('',(2.09,2.75,1.1600001));
#2893 = CARTESIAN_POINT('',(2.09,2.75,0.2600001));
#2894 = CARTESIAN_POINT('',(2.09,6.75,1.1600001));
#2895 = CARTESIAN_POINT('',(2.09,6.75,0.2600001));
#2896 = ADVANCED_FACE('',(#2897),#2913,.T.);
#2897 = FACE_BOUND('',#2898,.T.);
#2898 = EDGE_LOOP('',(#2899,#2900,#2907,#2912));
#2899 = ORIENTED_EDGE('',*,*,#2633,.F.);
#2900 = ORIENTED_EDGE('',*,*,#2901,.F.);
#2901 = EDGE_CURVE('',#2902,#2627,#2904,.T.);
#2902 = VERTEX_POINT('',#2903);
#2903 = CARTESIAN_POINT('',(2.99,6.75,1.1600001));
#2904 = B_SPLINE_CURVE_WITH_KNOTS('',1,(#2905,#2906),.UNSPECIFIED.,.F.,
  .F.,(2,2),(0.,4.),.PIECEWISE_BEZIER_KNOTS.);
#2905 = CARTESIAN_POINT('',(2.99,6.75,1.1600001));
#2906 = CARTESIAN_POINT('',(2.99,2.75,1.1600001));
#2907 = ORIENTED_EDGE('',*,*,#2908,.T.);
#2908 = EDGE_CURVE('',#2902,#2874,#2909,.T.);
#2909 = B_SPLINE_CURVE_WITH_KNOTS('',1,(#2910,#2911),.UNSPECIFIED.,.F.,
  .F.,(2,2),(0.,0.9),.PIECEWISE_BEZIER_KNOTS.);
#2910 = CARTESIAN_POINT('',(2.99,6.75,1.1600001));
#2911 = CARTESIAN_POINT('',(2.09,6.75,1.1600001));
#2912 = ORIENTED_EDGE('',*,*,#2873,.T.);
#2913 = B_SPLINE_SURFACE_WITH_KNOTS('',1,1,(
    (#2914,#2915)
    ,(#2916,#2917
    )),.UNSPECIFIED.,.F.,.F.,.F.,(2,2),(2,2),(-4.,5.115066818668E-16),(
    -4.576950980888E-17,0.9),.PIECEWISE_BEZIER_KNOTS.);
#2914 = CARTESIAN_POINT('',(2.99,2.75,1.1600001));
#2915 = CARTESIAN_POINT('',(2.09,2.75,1.1600001));
#2916 = CARTESIAN_POINT('',(2.99,6.75,1.1600001));
#2917 = CARTESIAN_POINT('',(2.09,6.75,1.1600001));
#2918 = ADVANCED_FACE('',(#2919),#2935,.T.);
#2919 = FACE_BOUND('',#2920,.T.);
#2920 = EDGE_LOOP('',(#2921,#2922,#2929,#2934));
#2921 = ORIENTED_EDGE('',*,*,#2626,.F.);
#2922 = ORIENTED_EDGE('',*,*,#2923,.F.);
#2923 = EDGE_CURVE('',#2924,#2620,#2926,.T.);
#2924 = VERTEX_POINT('',#2925);
#2925 = CARTESIAN_POINT('',(2.99,6.75,0.2600001));
#2926 = B_SPLINE_CURVE_WITH_KNOTS('',1,(#2927,#2928),.UNSPECIFIED.,.F.,
  .F.,(2,2),(0.,4.),.PIECEWISE_BEZIER_KNOTS.);
#2927 = CARTESIAN_POINT('',(2.99,6.75,0.2600001));
#2928 = CARTESIAN_POINT('',(2.99,2.75,0.2600001));
#2929 = ORIENTED_EDGE('',*,*,#2930,.T.);
#2930 = EDGE_CURVE('',#2924,#2902,#2931,.T.);
#2931 = B_SPLINE_CURVE_WITH_KNOTS('',1,(#2932,#2933),.UNSPECIFIED.,.F.,
  .F.,(2,2),(-0.9,0.),.PIECEWISE_BEZIER_KNOTS.);
#2932 = CARTESIAN_POINT('',(2.99,6.75,0.2600001));
#2933 = CARTESIAN_POINT('',(2.99,6.75,1.1600001));
#2934 = ORIENTED_EDGE('',*,*,#2901,.T.);
#2935 = B_SPLINE_SURFACE_WITH_KNOTS('',1,1,(
    (#2936,#2937)
    ,(#2938,#2939
    )),.UNSPECIFIED.,.F.,.F.,.F.,(2,2),(2,2),(-1.011262080251E-16,4.),(
    -2.906988696383E-16,0.9),.PIECEWISE_BEZIER_KNOTS.);
#2936 = CARTESIAN_POINT('',(2.99,6.75,1.1600001));
#2937 = CARTESIAN_POINT('',(2.99,6.75,0.2600001));
#2938 = CARTESIAN_POINT('',(2.99,2.75,1.1600001));
#2939 = CARTESIAN_POINT('',(2.99,2.75,0.2600001));
#2940 = ADVANCED_FACE('',(#2941),#2951,.T.);
#2941 = FACE_BOUND('',#2942,.T.);
#2942 = EDGE_LOOP('',(#2943,#2944,#2945,#2950));
#2943 = ORIENTED_EDGE('',*,*,#2619,.F.);
#2944 = ORIENTED_EDGE('',*,*,#2887,.F.);
#2945 = ORIENTED_EDGE('',*,*,#2946,.T.);
#2946 = EDGE_CURVE('',#2881,#2924,#2947,.T.);
#2947 = B_SPLINE_CURVE_WITH_KNOTS('',1,(#2948,#2949),.UNSPECIFIED.,.F.,
  .F.,(2,2),(-0.9,0.),.PIECEWISE_BEZIER_KNOTS.);
#2948 = CARTESIAN_POINT('',(2.09,6.75,0.2600001));
#2949 = CARTESIAN_POINT('',(2.99,6.75,0.2600001));
#2950 = ORIENTED_EDGE('',*,*,#2923,.T.);
#2951 = B_SPLINE_SURFACE_WITH_KNOTS('',1,1,(
    (#2952,#2953)
    ,(#2954,#2955
    )),.UNSPECIFIED.,.F.,.F.,.F.,(2,2),(2,2),(-6.741747201677E-17,4.),(
    -4.576950980888E-17,0.9),.PIECEWISE_BEZIER_KNOTS.);
#2952 = CARTESIAN_POINT('',(2.99,6.75,0.2600001));
#2953 = CARTESIAN_POINT('',(2.09,6.75,0.2600001));
#2954 = CARTESIAN_POINT('',(2.99,2.75,0.2600001));
#2955 = CARTESIAN_POINT('',(2.09,2.75,0.2600001));
#2956 = ADVANCED_FACE('',(#2957),#2963,.F.);
#2957 = FACE_BOUND('',#2958,.T.);
#2958 = EDGE_LOOP('',(#2959,#2960,#2961,#2962));
#2959 = ORIENTED_EDGE('',*,*,#2880,.F.);
#2960 = ORIENTED_EDGE('',*,*,#2908,.F.);
#2961 = ORIENTED_EDGE('',*,*,#2930,.F.);
#2962 = ORIENTED_EDGE('',*,*,#2946,.F.);
#2963 = B_SPLINE_SURFACE_WITH_KNOTS('',1,1,(
    (#2964,#2965)
    ,(#2966,#2967
    )),.UNSPECIFIED.,.F.,.F.,.F.,(2,2),(2,2),(2.09,2.99),(-2.99,-2.09),
  .PIECEWISE_BEZIER_KNOTS.);
#2964 = CARTESIAN_POINT('',(2.09,6.75,0.2600001));
#2965 = CARTESIAN_POINT('',(2.09,6.75,1.1600001));
#2966 = CARTESIAN_POINT('',(2.99,6.75,0.2600001));
#2967 = CARTESIAN_POINT('',(2.99,6.75,1.1600001));
#2968 = ADVANCED_FACE('',(#2969),#2991,.T.);
#2969 = FACE_BOUND('',#2970,.T.);
#2970 = EDGE_LOOP('',(#2971,#2972,#2979,#2986));
#2971 = ORIENTED_EDGE('',*,*,#2580,.F.);
#2972 = ORIENTED_EDGE('',*,*,#2973,.F.);
#2973 = EDGE_CURVE('',#2974,#2581,#2976,.T.);
#2974 = VERTEX_POINT('',#2975);
#2975 = CARTESIAN_POINT('',(2.09,6.75,3.7000001));
#2976 = B_SPLINE_CURVE_WITH_KNOTS('',1,(#2977,#2978),.UNSPECIFIED.,.F.,
  .F.,(2,2),(0.,4.),.PIECEWISE_BEZIER_KNOTS.);
#2977 = CARTESIAN_POINT('',(2.09,6.75,3.7000001));
#2978 = CARTESIAN_POINT('',(2.09,2.75,3.7000001));
#2979 = ORIENTED_EDGE('',*,*,#2980,.T.);
#2980 = EDGE_CURVE('',#2974,#2981,#2983,.T.);
#2981 = VERTEX_POINT('',#2982);
#2982 = CARTESIAN_POINT('',(2.09,6.75,2.8000001));
#2983 = B_SPLINE_CURVE_WITH_KNOTS('',1,(#2984,#2985),.UNSPECIFIED.,.F.,
  .F.,(2,2),(0.,0.9),.PIECEWISE_BEZIER_KNOTS.);
#2984 = CARTESIAN_POINT('',(2.09,6.75,3.7000001));
#2985 = CARTESIAN_POINT('',(2.09,6.75,2.8000001));
#2986 = ORIENTED_EDGE('',*,*,#2987,.T.);
#2987 = EDGE_CURVE('',#2981,#2583,#2988,.T.);
#2988 = B_SPLINE_CURVE_WITH_KNOTS('',1,(#2989,#2990),.UNSPECIFIED.,.F.,
  .F.,(2,2),(0.,4.),.PIECEWISE_BEZIER_KNOTS.);
#2989 = CARTESIAN_POINT('',(2.09,6.75,2.8000001));
#2990 = CARTESIAN_POINT('',(2.09,2.75,2.8000001));
#2991 = B_SPLINE_SURFACE_WITH_KNOTS('',1,1,(
    (#2992,#2993)
    ,(#2994,#2995
    )),.UNSPECIFIED.,.F.,.F.,.F.,(2,2),(2,2),(-4.,0.),(0.,0.9),
  .PIECEWISE_BEZIER_KNOTS.);
#2992 = CARTESIAN_POINT('',(2.09,2.75,3.7000001));
#2993 = CARTESIAN_POINT('',(2.09,2.75,2.8000001));
#2994 = CARTESIAN_POINT('',(2.09,6.75,3.7000001));
#2995 = CARTESIAN_POINT('',(2.09,6.75,2.8000001));
#2996 = ADVANCED_FACE('',(#2997),#3013,.T.);
#2997 = FACE_BOUND('',#2998,.T.);
#2998 = EDGE_LOOP('',(#2999,#3000,#3007,#3012));
#2999 = ORIENTED_EDGE('',*,*,#2603,.F.);
#3000 = ORIENTED_EDGE('',*,*,#3001,.F.);
#3001 = EDGE_CURVE('',#3002,#2597,#3004,.T.);
#3002 = VERTEX_POINT('',#3003);
#3003 = CARTESIAN_POINT('',(2.99,6.75,3.7000001));
#3004 = B_SPLINE_CURVE_WITH_KNOTS('',1,(#3005,#3006),.UNSPECIFIED.,.F.,
  .F.,(2,2),(0.,4.),.PIECEWISE_BEZIER_KNOTS.);
#3005 = CARTESIAN_POINT('',(2.99,6.75,3.7000001));
#3006 = CARTESIAN_POINT('',(2.99,2.75,3.7000001));
#3007 = ORIENTED_EDGE('',*,*,#3008,.T.);
#3008 = EDGE_CURVE('',#3002,#2974,#3009,.T.);
#3009 = B_SPLINE_CURVE_WITH_KNOTS('',1,(#3010,#3011),.UNSPECIFIED.,.F.,
  .F.,(2,2),(0.,0.9),.PIECEWISE_BEZIER_KNOTS.);
#3010 = CARTESIAN_POINT('',(2.99,6.75,3.7000001));
#3011 = CARTESIAN_POINT('',(2.09,6.75,3.7000001));
#3012 = ORIENTED_EDGE('',*,*,#2973,.T.);
#3013 = B_SPLINE_SURFACE_WITH_KNOTS('',1,1,(
    (#3014,#3015)
    ,(#3016,#3017
    )),.UNSPECIFIED.,.F.,.F.,.F.,(2,2),(2,2),(-4.,6.741747201677E-17),(
    -4.576950980888E-17,0.9),.PIECEWISE_BEZIER_KNOTS.);
#3014 = CARTESIAN_POINT('',(2.99,2.75,3.7000001));
#3015 = CARTESIAN_POINT('',(2.09,2.75,3.7000001));
#3016 = CARTESIAN_POINT('',(2.99,6.75,3.7000001));
#3017 = CARTESIAN_POINT('',(2.09,6.75,3.7000001));
#3018 = ADVANCED_FACE('',(#3019),#3035,.T.);
#3019 = FACE_BOUND('',#3020,.T.);
#3020 = EDGE_LOOP('',(#3021,#3022,#3029,#3034));
#3021 = ORIENTED_EDGE('',*,*,#2596,.F.);
#3022 = ORIENTED_EDGE('',*,*,#3023,.F.);
#3023 = EDGE_CURVE('',#3024,#2590,#3026,.T.);
#3024 = VERTEX_POINT('',#3025);
#3025 = CARTESIAN_POINT('',(2.99,6.75,2.8000001));
#3026 = B_SPLINE_CURVE_WITH_KNOTS('',1,(#3027,#3028),.UNSPECIFIED.,.F.,
  .F.,(2,2),(0.,4.),.PIECEWISE_BEZIER_KNOTS.);
#3027 = CARTESIAN_POINT('',(2.99,6.75,2.8000001));
#3028 = CARTESIAN_POINT('',(2.99,2.75,2.8000001));
#3029 = ORIENTED_EDGE('',*,*,#3030,.T.);
#3030 = EDGE_CURVE('',#3024,#3002,#3031,.T.);
#3031 = B_SPLINE_CURVE_WITH_KNOTS('',1,(#3032,#3033),.UNSPECIFIED.,.F.,
  .F.,(2,2),(-0.9,0.),.PIECEWISE_BEZIER_KNOTS.);
#3032 = CARTESIAN_POINT('',(2.99,6.75,2.8000001));
#3033 = CARTESIAN_POINT('',(2.99,6.75,3.7000001));
#3034 = ORIENTED_EDGE('',*,*,#3001,.T.);
#3035 = B_SPLINE_SURFACE_WITH_KNOTS('',1,1,(
    (#3036,#3037)
    ,(#3038,#3039
    )),.UNSPECIFIED.,.F.,.F.,.F.,(2,2),(2,2),(-5.452154178752E-16,4.),(
    0.,0.9),.PIECEWISE_BEZIER_KNOTS.);
#3036 = CARTESIAN_POINT('',(2.99,6.75,3.7000001));
#3037 = CARTESIAN_POINT('',(2.99,6.75,2.8000001));
#3038 = CARTESIAN_POINT('',(2.99,2.75,3.7000001));
#3039 = CARTESIAN_POINT('',(2.99,2.75,2.8000001));
#3040 = ADVANCED_FACE('',(#3041),#3051,.T.);
#3041 = FACE_BOUND('',#3042,.T.);
#3042 = EDGE_LOOP('',(#3043,#3044,#3045,#3050));
#3043 = ORIENTED_EDGE('',*,*,#2589,.F.);
#3044 = ORIENTED_EDGE('',*,*,#2987,.F.);
#3045 = ORIENTED_EDGE('',*,*,#3046,.T.);
#3046 = EDGE_CURVE('',#2981,#3024,#3047,.T.);
#3047 = B_SPLINE_CURVE_WITH_KNOTS('',1,(#3048,#3049),.UNSPECIFIED.,.F.,
  .F.,(2,2),(-0.9,0.),.PIECEWISE_BEZIER_KNOTS.);
#3048 = CARTESIAN_POINT('',(2.09,6.75,2.8000001));
#3049 = CARTESIAN_POINT('',(2.99,6.75,2.8000001));
#3050 = ORIENTED_EDGE('',*,*,#3023,.T.);
#3051 = B_SPLINE_SURFACE_WITH_KNOTS('',1,1,(
    (#3052,#3053)
    ,(#3054,#3055
    )),.UNSPECIFIED.,.F.,.F.,.F.,(2,2),(2,2),(0.,4.),(
    -4.576950980887E-17,0.9),.PIECEWISE_BEZIER_KNOTS.);
#3052 = CARTESIAN_POINT('',(2.99,6.75,2.8000001));
#3053 = CARTESIAN_POINT('',(2.09,6.75,2.8000001));
#3054 = CARTESIAN_POINT('',(2.99,2.75,2.8000001));
#3055 = CARTESIAN_POINT('',(2.09,2.75,2.8000001));
#3056 = ADVANCED_FACE('',(#3057),#3063,.F.);
#3057 = FACE_BOUND('',#3058,.T.);
#3058 = EDGE_LOOP('',(#3059,#3060,#3061,#3062));
#3059 = ORIENTED_EDGE('',*,*,#2980,.F.);
#3060 = ORIENTED_EDGE('',*,*,#3008,.F.);
#3061 = ORIENTED_EDGE('',*,*,#3030,.F.);
#3062 = ORIENTED_EDGE('',*,*,#3046,.F.);
#3063 = B_SPLINE_SURFACE_WITH_KNOTS('',1,1,(
    (#3064,#3065)
    ,(#3066,#3067
    )),.UNSPECIFIED.,.F.,.F.,.F.,(2,2),(2,2),(2.09,2.99),(-2.99,-2.09),
  .PIECEWISE_BEZIER_KNOTS.);
#3064 = CARTESIAN_POINT('',(2.09,6.75,2.8000001));
#3065 = CARTESIAN_POINT('',(2.09,6.75,3.7000001));
#3066 = CARTESIAN_POINT('',(2.99,6.75,2.8000001));
#3067 = CARTESIAN_POINT('',(2.99,6.75,3.7000001));
#3068 = ADVANCED_FACE('',(#3069),#3091,.F.);
#3069 = FACE_BOUND('',#3070,.T.);
#3070 = EDGE_LOOP('',(#3071,#3072,#3079,#3086));
#3071 = ORIENTED_EDGE('',*,*,#2701,.T.);
#3072 = ORIENTED_EDGE('',*,*,#3073,.F.);
#3073 = EDGE_CURVE('',#3074,#2693,#3076,.T.);
#3074 = VERTEX_POINT('',#3075);
#3075 = CARTESIAN_POINT('',(-2.09,6.75,2.8000001));
#3076 = B_SPLINE_CURVE_WITH_KNOTS('',1,(#3077,#3078),.UNSPECIFIED.,.F.,
  .F.,(2,2),(0.,4.),.PIECEWISE_BEZIER_KNOTS.);
#3077 = CARTESIAN_POINT('',(-2.09,6.75,2.8000001));
#3078 = CARTESIAN_POINT('',(-2.09,2.75,2.8000001));
#3079 = ORIENTED_EDGE('',*,*,#3080,.F.);
#3080 = EDGE_CURVE('',#3081,#3074,#3083,.T.);
#3081 = VERTEX_POINT('',#3082);
#3082 = CARTESIAN_POINT('',(-2.09,6.75,3.7000001));
#3083 = B_SPLINE_CURVE_WITH_KNOTS('',1,(#3084,#3085),.UNSPECIFIED.,.F.,
  .F.,(2,2),(0.,0.9),.PIECEWISE_BEZIER_KNOTS.);
#3084 = CARTESIAN_POINT('',(-2.09,6.75,3.7000001));
#3085 = CARTESIAN_POINT('',(-2.09,6.75,2.8000001));
#3086 = ORIENTED_EDGE('',*,*,#3087,.T.);
#3087 = EDGE_CURVE('',#3081,#2702,#3088,.T.);
#3088 = B_SPLINE_CURVE_WITH_KNOTS('',1,(#3089,#3090),.UNSPECIFIED.,.F.,
  .F.,(2,2),(0.,4.),.PIECEWISE_BEZIER_KNOTS.);
#3089 = CARTESIAN_POINT('',(-2.09,6.75,3.7000001));
#3090 = CARTESIAN_POINT('',(-2.09,2.75,3.7000001));
#3091 = B_SPLINE_SURFACE_WITH_KNOTS('',1,1,(
    (#3092,#3093)
    ,(#3094,#3095
    )),.UNSPECIFIED.,.F.,.F.,.F.,(2,2),(2,2),(-4.,0.),(0.,0.9),
  .PIECEWISE_BEZIER_KNOTS.);
#3092 = CARTESIAN_POINT('',(-2.09,2.75,3.7000001));
#3093 = CARTESIAN_POINT('',(-2.09,2.75,2.8000001));
#3094 = CARTESIAN_POINT('',(-2.09,6.75,3.7000001));
#3095 = CARTESIAN_POINT('',(-2.09,6.75,2.8000001));
#3096 = ADVANCED_FACE('',(#3097),#3113,.F.);
#3097 = FACE_BOUND('',#3098,.T.);
#3098 = EDGE_LOOP('',(#3099,#3100,#3107,#3112));
#3099 = ORIENTED_EDGE('',*,*,#2692,.T.);
#3100 = ORIENTED_EDGE('',*,*,#3101,.F.);
#3101 = EDGE_CURVE('',#3102,#2695,#3104,.T.);
#3102 = VERTEX_POINT('',#3103);
#3103 = CARTESIAN_POINT('',(-2.99,6.75,2.8000001));
#3104 = B_SPLINE_CURVE_WITH_KNOTS('',1,(#3105,#3106),.UNSPECIFIED.,.F.,
  .F.,(2,2),(0.,4.),.PIECEWISE_BEZIER_KNOTS.);
#3105 = CARTESIAN_POINT('',(-2.99,6.75,2.8000001));
#3106 = CARTESIAN_POINT('',(-2.99,2.75,2.8000001));
#3107 = ORIENTED_EDGE('',*,*,#3108,.F.);
#3108 = EDGE_CURVE('',#3074,#3102,#3109,.T.);
#3109 = B_SPLINE_CURVE_WITH_KNOTS('',1,(#3110,#3111),.UNSPECIFIED.,.F.,
  .F.,(2,2),(-0.9,0.),.PIECEWISE_BEZIER_KNOTS.);
#3110 = CARTESIAN_POINT('',(-2.09,6.75,2.8000001));
#3111 = CARTESIAN_POINT('',(-2.99,6.75,2.8000001));
#3112 = ORIENTED_EDGE('',*,*,#3073,.T.);
#3113 = B_SPLINE_SURFACE_WITH_KNOTS('',1,1,(
    (#3114,#3115)
    ,(#3116,#3117
    )),.UNSPECIFIED.,.F.,.F.,.F.,(2,2),(2,2),(-4.,3.766717378333E-16),(
    -0.9,3.983197000412E-16),.PIECEWISE_BEZIER_KNOTS.);
#3114 = CARTESIAN_POINT('',(-2.09,2.75,2.8000001));
#3115 = CARTESIAN_POINT('',(-2.99,2.75,2.8000001));
#3116 = CARTESIAN_POINT('',(-2.09,6.75,2.8000001));
#3117 = CARTESIAN_POINT('',(-2.99,6.75,2.8000001));
#3118 = ADVANCED_FACE('',(#3119),#3135,.F.);
#3119 = FACE_BOUND('',#3120,.T.);
#3120 = EDGE_LOOP('',(#3121,#3122,#3129,#3134));
#3121 = ORIENTED_EDGE('',*,*,#2715,.T.);
#3122 = ORIENTED_EDGE('',*,*,#3123,.F.);
#3123 = EDGE_CURVE('',#3124,#2709,#3126,.T.);
#3124 = VERTEX_POINT('',#3125);
#3125 = CARTESIAN_POINT('',(-2.99,6.75,3.7000001));
#3126 = B_SPLINE_CURVE_WITH_KNOTS('',1,(#3127,#3128),.UNSPECIFIED.,.F.,
  .F.,(2,2),(0.,4.),.PIECEWISE_BEZIER_KNOTS.);
#3127 = CARTESIAN_POINT('',(-2.99,6.75,3.7000001));
#3128 = CARTESIAN_POINT('',(-2.99,2.75,3.7000001));
#3129 = ORIENTED_EDGE('',*,*,#3130,.F.);
#3130 = EDGE_CURVE('',#3102,#3124,#3131,.T.);
#3131 = B_SPLINE_CURVE_WITH_KNOTS('',1,(#3132,#3133),.UNSPECIFIED.,.F.,
  .F.,(2,2),(-0.9,0.),.PIECEWISE_BEZIER_KNOTS.);
#3132 = CARTESIAN_POINT('',(-2.99,6.75,2.8000001));
#3133 = CARTESIAN_POINT('',(-2.99,6.75,3.7000001));
#3134 = ORIENTED_EDGE('',*,*,#3101,.T.);
#3135 = B_SPLINE_SURFACE_WITH_KNOTS('',1,1,(
    (#3136,#3137)
    ,(#3138,#3139
    )),.UNSPECIFIED.,.F.,.F.,.F.,(2,2),(2,2),(-1.011262080251E-16,4.),(
    0.,0.9),.PIECEWISE_BEZIER_KNOTS.);
#3136 = CARTESIAN_POINT('',(-2.99,6.75,3.7000001));
#3137 = CARTESIAN_POINT('',(-2.99,6.75,2.8000001));
#3138 = CARTESIAN_POINT('',(-2.99,2.75,3.7000001));
#3139 = CARTESIAN_POINT('',(-2.99,2.75,2.8000001));
#3140 = ADVANCED_FACE('',(#3141),#3151,.F.);
#3141 = FACE_BOUND('',#3142,.T.);
#3142 = EDGE_LOOP('',(#3143,#3144,#3145,#3150));
#3143 = ORIENTED_EDGE('',*,*,#2708,.T.);
#3144 = ORIENTED_EDGE('',*,*,#3087,.F.);
#3145 = ORIENTED_EDGE('',*,*,#3146,.F.);
#3146 = EDGE_CURVE('',#3124,#3081,#3147,.T.);
#3147 = B_SPLINE_CURVE_WITH_KNOTS('',1,(#3148,#3149),.UNSPECIFIED.,.F.,
  .F.,(2,2),(0.,0.9),.PIECEWISE_BEZIER_KNOTS.);
#3148 = CARTESIAN_POINT('',(-2.99,6.75,3.7000001));
#3149 = CARTESIAN_POINT('',(-2.09,6.75,3.7000001));
#3150 = ORIENTED_EDGE('',*,*,#3123,.T.);
#3151 = B_SPLINE_SURFACE_WITH_KNOTS('',1,1,(
    (#3152,#3153)
    ,(#3154,#3155
    )),.UNSPECIFIED.,.F.,.F.,.F.,(2,2),(2,2),(-8.207609476834E-16,4.),(
    -0.9,3.983197000412E-16),.PIECEWISE_BEZIER_KNOTS.);
#3152 = CARTESIAN_POINT('',(-2.09,6.75,3.7000001));
#3153 = CARTESIAN_POINT('',(-2.99,6.75,3.7000001));
#3154 = CARTESIAN_POINT('',(-2.09,2.75,3.7000001));
#3155 = CARTESIAN_POINT('',(-2.99,2.75,3.7000001));
#3156 = ADVANCED_FACE('',(#3157),#3163,.F.);
#3157 = FACE_BOUND('',#3158,.T.);
#3158 = EDGE_LOOP('',(#3159,#3160,#3161,#3162));
#3159 = ORIENTED_EDGE('',*,*,#3080,.T.);
#3160 = ORIENTED_EDGE('',*,*,#3108,.T.);
#3161 = ORIENTED_EDGE('',*,*,#3130,.T.);
#3162 = ORIENTED_EDGE('',*,*,#3146,.T.);
#3163 = B_SPLINE_SURFACE_WITH_KNOTS('',1,1,(
    (#3164,#3165)
    ,(#3166,#3167
    )),.UNSPECIFIED.,.F.,.F.,.F.,(2,2),(2,2),(2.09,2.99),(2.09,2.99),
  .PIECEWISE_BEZIER_KNOTS.);
#3164 = CARTESIAN_POINT('',(-2.09,6.75,3.7000001));
#3165 = CARTESIAN_POINT('',(-2.09,6.75,2.8000001));
#3166 = CARTESIAN_POINT('',(-2.99,6.75,3.7000001));
#3167 = CARTESIAN_POINT('',(-2.99,6.75,2.8000001));
#3168 = ADVANCED_FACE('',(#3169,#3180),#3184,.T.);
#3169 = FACE_BOUND('',#3170,.T.);
#3170 = EDGE_LOOP('',(#3171,#3172));
#3171 = ORIENTED_EDGE('',*,*,#442,.T.);
#3172 = ORIENTED_EDGE('',*,*,#3173,.T.);
#3173 = EDGE_CURVE('',#443,#436,#3174,.T.);
#3174 = ( BOUNDED_CURVE() B_SPLINE_CURVE(2,(#3175,#3176,#3177,#3178,
#3179),.UNSPECIFIED.,.F.,.F.) B_SPLINE_CURVE_WITH_KNOTS((3,2,3),(0.,
1.570796326795,3.14159265359),.PIECEWISE_BEZIER_KNOTS.) CURVE() 
GEOMETRIC_REPRESENTATION_ITEM() RATIONAL_B_SPLINE_CURVE((1.,
0.707106781187,1.,0.707106781187,1.)) REPRESENTATION_ITEM('') );
#3175 = CARTESIAN_POINT('',(2.45,-6.75,3.2500001));
#3176 = CARTESIAN_POINT('',(2.45,-6.75,0.8000001));
#3177 = CARTESIAN_POINT('',(5.976697856324E-14,-6.75,0.8000001));
#3178 = CARTESIAN_POINT('',(-2.45,-6.75,0.8000001));
#3179 = CARTESIAN_POINT('',(-2.45,-6.75,3.2500001));
#3180 = FACE_BOUND('',#3181,.T.);
#3181 = EDGE_LOOP('',(#3182,#3183));
#3182 = ORIENTED_EDGE('',*,*,#586,.F.);
#3183 = ORIENTED_EDGE('',*,*,#863,.F.);
#3184 = B_SPLINE_SURFACE_WITH_KNOTS('',1,1,(
    (#3185,#3186)
    ,(#3187,#3188
    )),.UNSPECIFIED.,.F.,.F.,.F.,(2,2),(2,2),(-4.440892098501E-16,5.2),(
    -2.6,2.6),.PIECEWISE_BEZIER_KNOTS.);
#3185 = CARTESIAN_POINT('',(2.6,-6.75,5.8500001));
#3186 = CARTESIAN_POINT('',(2.6,-6.75,0.6500001));
#3187 = CARTESIAN_POINT('',(-2.6,-6.75,5.8500001));
#3188 = CARTESIAN_POINT('',(-2.6,-6.75,0.6500001));
#3189 = ADVANCED_FACE('',(#3190),#3203,.F.);
#3190 = FACE_BOUND('',#3191,.F.);
#3191 = EDGE_LOOP('',(#3192,#3193,#3194,#3202));
#3192 = ORIENTED_EDGE('',*,*,#3173,.T.);
#3193 = ORIENTED_EDGE('',*,*,#435,.F.);
#3194 = ORIENTED_EDGE('',*,*,#3195,.F.);
#3195 = EDGE_CURVE('',#399,#407,#3196,.T.);
#3196 = ( BOUNDED_CURVE() B_SPLINE_CURVE(2,(#3197,#3198,#3199,#3200,
#3201),.UNSPECIFIED.,.F.,.F.) B_SPLINE_CURVE_WITH_KNOTS((3,2,3),(0.,
1.570796326795,3.14159265359),.PIECEWISE_BEZIER_KNOTS.) CURVE() 
GEOMETRIC_REPRESENTATION_ITEM() RATIONAL_B_SPLINE_CURVE((1.,
0.707106781187,1.,0.707106781187,1.)) REPRESENTATION_ITEM('') );
#3197 = CARTESIAN_POINT('',(2.220953434794,-6.353279711764,3.2500001));
#3198 = CARTESIAN_POINT('',(2.220953434794,-6.353279711764,
    1.029046665206));
#3199 = CARTESIAN_POINT('',(5.703153273968E-14,-6.353279711764,
    1.029046665206));
#3200 = CARTESIAN_POINT('',(-2.220953434794,-6.353279711764,
    1.029046665206));
#3201 = CARTESIAN_POINT('',(-2.220953434794,-6.353279711764,3.2500001));
#3202 = ORIENTED_EDGE('',*,*,#452,.T.);
#3203 = ( BOUNDED_SURFACE() B_SPLINE_SURFACE(2,1,(
    (#3204,#3205)
    ,(#3206,#3207)
    ,(#3208,#3209)
    ,(#3210,#3211)
    ,(#3212,#3213
)),.UNSPECIFIED.,.F.,.F.,.F.) B_SPLINE_SURFACE_WITH_KNOTS((3,2,3),(2,2),
  (0.,1.570796326795,3.14159265359),(-0.458093130412,2.775557561563E-16)
,.PIECEWISE_BEZIER_KNOTS.) GEOMETRIC_REPRESENTATION_ITEM() 
RATIONAL_B_SPLINE_SURFACE((
    (1.,1.)
    ,(0.707106781187,0.707106781187)
    ,(1.,1.)
    ,(0.707106781187,0.707106781187)
,(1.,1.))) REPRESENTATION_ITEM('') SURFACE() );
#3204 = CARTESIAN_POINT('',(-2.220953434794,-6.353279711764,3.2500001));
#3205 = CARTESIAN_POINT('',(-2.45,-6.75,3.2500001));
#3206 = CARTESIAN_POINT('',(-2.220953434794,-6.353279711764,
    1.029046665206));
#3207 = CARTESIAN_POINT('',(-2.45,-6.75,0.8000001));
#3208 = CARTESIAN_POINT('',(5.675954438818E-14,-6.353279711764,
    1.029046665206));
#3209 = CARTESIAN_POINT('',(5.946694009745E-14,-6.75,0.8000001));
#3210 = CARTESIAN_POINT('',(2.220953434794,-6.353279711764,
    1.029046665206));
#3211 = CARTESIAN_POINT('',(2.45,-6.75,0.8000001));
#3212 = CARTESIAN_POINT('',(2.220953434794,-6.353279711764,3.2500001));
#3213 = CARTESIAN_POINT('',(2.45,-6.75,3.2500001));
#3214 = ADVANCED_FACE('',(#3215),#3228,.F.);
#3215 = FACE_BOUND('',#3216,.F.);
#3216 = EDGE_LOOP('',(#3217,#3225,#3226,#3227));
#3217 = ORIENTED_EDGE('',*,*,#3218,.F.);
#3218 = EDGE_CURVE('',#362,#370,#3219,.T.);
#3219 = ( BOUNDED_CURVE() B_SPLINE_CURVE(2,(#3220,#3221,#3222,#3223,
#3224),.UNSPECIFIED.,.F.,.F.) B_SPLINE_CURVE_WITH_KNOTS((3,2,3),(0.,
1.570796326795,3.14159265359),.PIECEWISE_BEZIER_KNOTS.) CURVE() 
GEOMETRIC_REPRESENTATION_ITEM() RATIONAL_B_SPLINE_CURVE((1.,
0.707106781187,1.,0.707106781187,1.)) REPRESENTATION_ITEM('') );
#3220 = CARTESIAN_POINT('',(2.220953434794,-6.151551029135,3.2500001));
#3221 = CARTESIAN_POINT('',(2.220953434794,-6.151551029135,
    1.029046665206));
#3222 = CARTESIAN_POINT('',(5.564771486505E-14,-6.151551029135,
    1.029046665206));
#3223 = CARTESIAN_POINT('',(-2.220953434794,-6.151551029135,
    1.029046665206));
#3224 = CARTESIAN_POINT('',(-2.220953434794,-6.151551029135,3.2500001));
#3225 = ORIENTED_EDGE('',*,*,#398,.F.);
#3226 = ORIENTED_EDGE('',*,*,#3195,.T.);
#3227 = ORIENTED_EDGE('',*,*,#406,.T.);
#3228 = ( BOUNDED_SURFACE() B_SPLINE_SURFACE(2,1,(
    (#3229,#3230)
    ,(#3231,#3232)
    ,(#3233,#3234)
    ,(#3235,#3236)
    ,(#3237,#3238
)),.UNSPECIFIED.,.F.,.F.,.F.) B_SPLINE_SURFACE_WITH_KNOTS((3,2,3),(2,2),
  (0.,1.570796326795,3.14159265359),(-9.103279711764,-8.901551029135),
.PIECEWISE_BEZIER_KNOTS.) GEOMETRIC_REPRESENTATION_ITEM() 
RATIONAL_B_SPLINE_SURFACE((
    (1.,1.)
    ,(0.707106781187,0.707106781187)
    ,(1.,1.)
    ,(0.707106781187,0.707106781187)
,(1.,1.))) REPRESENTATION_ITEM('') SURFACE() );
#3229 = CARTESIAN_POINT('',(2.220953434794,-6.353279711764,3.2500001));
#3230 = CARTESIAN_POINT('',(2.220953434794,-6.151551029135,3.2500001));
#3231 = CARTESIAN_POINT('',(2.220953434794,-6.353279711764,
    1.029046665206));
#3232 = CARTESIAN_POINT('',(2.220953434794,-6.151551029135,
    1.029046665206));
#3233 = CARTESIAN_POINT('',(5.703153273968E-14,-6.353279711764,
    1.029046665206));
#3234 = CARTESIAN_POINT('',(5.564771486505E-14,-6.151551029135,
    1.029046665206));
#3235 = CARTESIAN_POINT('',(-2.220953434794,-6.353279711764,
    1.029046665206));
#3236 = CARTESIAN_POINT('',(-2.220953434794,-6.151551029135,
    1.029046665206));
#3237 = CARTESIAN_POINT('',(-2.220953434794,-6.353279711764,3.2500001));
#3238 = CARTESIAN_POINT('',(-2.220953434794,-6.151551029135,3.2500001));
#3239 = ADVANCED_FACE('',(#3240),#3253,.F.);
#3240 = FACE_BOUND('',#3241,.F.);
#3241 = EDGE_LOOP('',(#3242,#3250,#3251,#3252));
#3242 = ORIENTED_EDGE('',*,*,#3243,.F.);
#3243 = EDGE_CURVE('',#325,#333,#3244,.T.);
#3244 = ( BOUNDED_CURVE() B_SPLINE_CURVE(2,(#3245,#3246,#3247,#3248,
#3249),.UNSPECIFIED.,.F.,.F.) B_SPLINE_CURVE_WITH_KNOTS((3,2,3),(0.,
1.570796326795,3.14159265359),.PIECEWISE_BEZIER_KNOTS.) CURVE() 
GEOMETRIC_REPRESENTATION_ITEM() RATIONAL_B_SPLINE_CURVE((1.,
0.707106781187,1.,0.707106781187,1.)) REPRESENTATION_ITEM('') );
#3245 = CARTESIAN_POINT('',(2.367601770419,-5.938244359135,3.2500001));
#3246 = CARTESIAN_POINT('',(2.367601770419,-5.938244359135,
    0.882398329581));
#3247 = CARTESIAN_POINT('',(5.419345396453E-14,-5.938244359135,
    0.882398329581));
#3248 = CARTESIAN_POINT('',(-2.367601770419,-5.938244359135,
    0.882398329581));
#3249 = CARTESIAN_POINT('',(-2.367601770419,-5.938244359135,3.2500001));
#3250 = ORIENTED_EDGE('',*,*,#361,.F.);
#3251 = ORIENTED_EDGE('',*,*,#3218,.T.);
#3252 = ORIENTED_EDGE('',*,*,#369,.T.);
#3253 = ( BOUNDED_SURFACE() B_SPLINE_SURFACE(2,1,(
    (#3254,#3255)
    ,(#3256,#3257)
    ,(#3258,#3259)
    ,(#3260,#3261)
    ,(#3262,#3263
)),.UNSPECIFIED.,.F.,.F.,.F.) B_SPLINE_SURFACE_WITH_KNOTS((3,2,3),(2,2),
  (0.,1.570796326795,3.14159265359),(0.,0.258854147751),
.PIECEWISE_BEZIER_KNOTS.) GEOMETRIC_REPRESENTATION_ITEM() 
RATIONAL_B_SPLINE_SURFACE((
    (1.,1.)
    ,(0.707106781187,0.707106781187)
    ,(1.,1.)
    ,(0.707106781187,0.707106781187)
,(1.,1.))) REPRESENTATION_ITEM('') SURFACE() );
#3254 = CARTESIAN_POINT('',(2.220953434794,-6.151551029135,3.2500001));
#3255 = CARTESIAN_POINT('',(2.367601770419,-5.938244359135,3.2500001));
#3256 = CARTESIAN_POINT('',(2.220953434794,-6.151551029135,
    1.029046665206));
#3257 = CARTESIAN_POINT('',(2.367601770419,-5.938244359135,
    0.882398329581));
#3258 = CARTESIAN_POINT('',(5.564771486505E-14,-6.151551029135,
    1.029046665206));
#3259 = CARTESIAN_POINT('',(5.419345396453E-14,-5.938244359135,
    0.882398329581));
#3260 = CARTESIAN_POINT('',(-2.220953434794,-6.151551029135,
    1.029046665206));
#3261 = CARTESIAN_POINT('',(-2.367601770419,-5.938244359135,
    0.882398329581));
#3262 = CARTESIAN_POINT('',(-2.220953434794,-6.151551029135,3.2500001));
#3263 = CARTESIAN_POINT('',(-2.367601770419,-5.938244359135,3.2500001));
#3264 = ADVANCED_FACE('',(#3265),#3278,.F.);
#3265 = FACE_BOUND('',#3266,.F.);
#3266 = EDGE_LOOP('',(#3267,#3275,#3276,#3277));
#3267 = ORIENTED_EDGE('',*,*,#3268,.F.);
#3268 = EDGE_CURVE('',#295,#288,#3269,.T.);
#3269 = ( BOUNDED_CURVE() B_SPLINE_CURVE(2,(#3270,#3271,#3272,#3273,
#3274),.UNSPECIFIED.,.F.,.F.) B_SPLINE_CURVE_WITH_KNOTS((3,2,3),(0.,
1.570796326795,3.14159265359),.PIECEWISE_BEZIER_KNOTS.) CURVE() 
GEOMETRIC_REPRESENTATION_ITEM() RATIONAL_B_SPLINE_CURVE((1.,
0.707106781187,1.,0.707106781187,1.)) REPRESENTATION_ITEM('') );
#3270 = CARTESIAN_POINT('',(2.367601770419,-5.597546205663,3.2500001));
#3271 = CARTESIAN_POINT('',(2.367601770419,-5.597546205663,
    0.882398329581));
#3272 = CARTESIAN_POINT('',(5.185633368752E-14,-5.597546205663,
    0.882398329581));
#3273 = CARTESIAN_POINT('',(-2.367601770419,-5.597546205663,
    0.882398329581));
#3274 = CARTESIAN_POINT('',(-2.367601770419,-5.597546205663,3.2500001));
#3275 = ORIENTED_EDGE('',*,*,#324,.F.);
#3276 = ORIENTED_EDGE('',*,*,#3243,.T.);
#3277 = ORIENTED_EDGE('',*,*,#332,.T.);
#3278 = ( BOUNDED_SURFACE() B_SPLINE_SURFACE(2,1,(
    (#3279,#3280)
    ,(#3281,#3282)
    ,(#3283,#3284)
    ,(#3285,#3286)
    ,(#3287,#3288
)),.UNSPECIFIED.,.F.,.F.,.F.) B_SPLINE_SURFACE_WITH_KNOTS((3,2,3),(2,2),
  (0.,1.570796326795,3.14159265359),(-8.688244359135,-8.347546205663),
.PIECEWISE_BEZIER_KNOTS.) GEOMETRIC_REPRESENTATION_ITEM() 
RATIONAL_B_SPLINE_SURFACE((
    (1.,1.)
    ,(0.707106781187,0.707106781187)
    ,(1.,1.)
    ,(0.707106781187,0.707106781187)
,(1.,1.))) REPRESENTATION_ITEM('') SURFACE() );
#3279 = CARTESIAN_POINT('',(2.367601770419,-5.938244359135,3.2500001));
#3280 = CARTESIAN_POINT('',(2.367601770419,-5.597546205663,3.2500001));
#3281 = CARTESIAN_POINT('',(2.367601770419,-5.938244359135,
    0.882398329581));
#3282 = CARTESIAN_POINT('',(2.367601770419,-5.597546205663,
    0.882398329581));
#3283 = CARTESIAN_POINT('',(5.419345396453E-14,-5.938244359135,
    0.882398329581));
#3284 = CARTESIAN_POINT('',(5.185633368752E-14,-5.597546205663,
    0.882398329581));
#3285 = CARTESIAN_POINT('',(-2.367601770419,-5.938244359135,
    0.882398329581));
#3286 = CARTESIAN_POINT('',(-2.367601770419,-5.597546205663,
    0.882398329581));
#3287 = CARTESIAN_POINT('',(-2.367601770419,-5.938244359135,3.2500001));
#3288 = CARTESIAN_POINT('',(-2.367601770419,-5.597546205663,3.2500001));
#3289 = ADVANCED_FACE('',(#3290),#3303,.F.);
#3290 = FACE_BOUND('',#3291,.F.);
#3291 = EDGE_LOOP('',(#3292,#3293,#3294,#3302));
#3292 = ORIENTED_EDGE('',*,*,#3268,.T.);
#3293 = ORIENTED_EDGE('',*,*,#287,.F.);
#3294 = ORIENTED_EDGE('',*,*,#3295,.F.);
#3295 = EDGE_CURVE('',#240,#259,#3296,.T.);
#3296 = ( BOUNDED_CURVE() B_SPLINE_CURVE(2,(#3297,#3298,#3299,#3300,
#3301),.UNSPECIFIED.,.F.,.F.) B_SPLINE_CURVE_WITH_KNOTS((3,2,3),(0.,
1.570796326795,3.14159265359),.PIECEWISE_BEZIER_KNOTS.) CURVE() 
GEOMETRIC_REPRESENTATION_ITEM() RATIONAL_B_SPLINE_CURVE((1.,
0.707106781187,1.,0.707106781187,1.)) REPRESENTATION_ITEM('') );
#3297 = CARTESIAN_POINT('',(2.056426474385,-5.479846269216,3.2500001));
#3298 = CARTESIAN_POINT('',(2.056426474385,-5.479846269216,
    1.193573625615));
#3299 = CARTESIAN_POINT('',(5.102988198848E-14,-5.479846269216,
    1.193573625615));
#3300 = CARTESIAN_POINT('',(-2.056426474385,-5.479846269216,
    1.193573625615));
#3301 = CARTESIAN_POINT('',(-2.056426474385,-5.479846269216,3.2500001));
#3302 = ORIENTED_EDGE('',*,*,#304,.T.);
#3303 = ( BOUNDED_SURFACE() B_SPLINE_SURFACE(2,1,(
    (#3304,#3305)
    ,(#3306,#3307)
    ,(#3308,#3309)
    ,(#3310,#3311)
    ,(#3312,#3313
)),.UNSPECIFIED.,.F.,.F.,.F.) B_SPLINE_SURFACE_WITH_KNOTS((3,2,3),(2,2),
  (0.,1.570796326795,3.14159265359),(-0.332691057741,1.041236513613E-30)
,.PIECEWISE_BEZIER_KNOTS.) GEOMETRIC_REPRESENTATION_ITEM() 
RATIONAL_B_SPLINE_SURFACE((
    (1.,1.)
    ,(0.707106781187,0.707106781187)
    ,(1.,1.)
    ,(0.707106781187,0.707106781187)
,(1.,1.))) REPRESENTATION_ITEM('') SURFACE() );
#3304 = CARTESIAN_POINT('',(-2.056426474385,-5.479846269216,3.2500001));
#3305 = CARTESIAN_POINT('',(-2.367601770419,-5.597546205663,3.2500001));
#3306 = CARTESIAN_POINT('',(-2.056426474385,-5.479846269216,
    1.193573625615));
#3307 = CARTESIAN_POINT('',(-2.367601770419,-5.597546205663,
    0.882398329581));
#3308 = CARTESIAN_POINT('',(5.077804237852E-14,-5.479846269216,
    1.193573625615));
#3309 = CARTESIAN_POINT('',(5.156638609454E-14,-5.597546205663,
    0.882398329581));
#3310 = CARTESIAN_POINT('',(2.056426474385,-5.479846269216,
    1.193573625615));
#3311 = CARTESIAN_POINT('',(2.367601770419,-5.597546205663,
    0.882398329581));
#3312 = CARTESIAN_POINT('',(2.056426474385,-5.479846269216,3.2500001));
#3313 = CARTESIAN_POINT('',(2.367601770419,-5.597546205663,3.2500001));
#3314 = ADVANCED_FACE('',(#3315),#3328,.F.);
#3315 = FACE_BOUND('',#3316,.F.);
#3316 = EDGE_LOOP('',(#3317,#3325,#3326,#3327));
#3317 = ORIENTED_EDGE('',*,*,#3318,.F.);
#3318 = EDGE_CURVE('',#242,#249,#3319,.T.);
#3319 = ( BOUNDED_CURVE() B_SPLINE_CURVE(2,(#3320,#3321,#3322,#3323,
#3324),.UNSPECIFIED.,.F.,.F.) B_SPLINE_CURVE_WITH_KNOTS((3,2,3),(0.,
1.570796326795,3.14159265359),.PIECEWISE_BEZIER_KNOTS.) CURVE() 
GEOMETRIC_REPRESENTATION_ITEM() RATIONAL_B_SPLINE_CURVE((1.,
0.707106781187,1.,0.707106781187,1.)) REPRESENTATION_ITEM('') );
#3320 = CARTESIAN_POINT('',(2.056426474385,0.75,3.2500001));
#3321 = CARTESIAN_POINT('',(2.056426474385,0.75,1.193573625615));
#3322 = CARTESIAN_POINT('',(8.294399303635E-15,0.75,1.193573625615));
#3323 = CARTESIAN_POINT('',(-2.056426474385,0.75,1.193573625615));
#3324 = CARTESIAN_POINT('',(-2.056426474385,0.75,3.2500001));
#3325 = ORIENTED_EDGE('',*,*,#239,.F.);
#3326 = ORIENTED_EDGE('',*,*,#3295,.T.);
#3327 = ORIENTED_EDGE('',*,*,#258,.T.);
#3328 = ( BOUNDED_SURFACE() B_SPLINE_SURFACE(2,1,(
    (#3329,#3330)
    ,(#3331,#3332)
    ,(#3333,#3334)
    ,(#3335,#3336)
    ,(#3337,#3338
)),.UNSPECIFIED.,.F.,.F.,.F.) B_SPLINE_SURFACE_WITH_KNOTS((3,2,3),(2,2),
  (0.,1.570796326795,3.14159265359),(-8.229846269216,-2.),
.PIECEWISE_BEZIER_KNOTS.) GEOMETRIC_REPRESENTATION_ITEM() 
RATIONAL_B_SPLINE_SURFACE((
    (1.,1.)
    ,(0.707106781187,0.707106781187)
    ,(1.,1.)
    ,(0.707106781187,0.707106781187)
,(1.,1.))) REPRESENTATION_ITEM('') SURFACE() );
#3329 = CARTESIAN_POINT('',(2.056426474385,-5.479846269216,3.2500001));
#3330 = CARTESIAN_POINT('',(2.056426474385,0.75,3.2500001));
#3331 = CARTESIAN_POINT('',(2.056426474385,-5.479846269216,
    1.193573625615));
#3332 = CARTESIAN_POINT('',(2.056426474385,0.75,1.193573625615));
#3333 = CARTESIAN_POINT('',(5.102988198848E-14,-5.479846269216,
    1.193573625615));
#3334 = CARTESIAN_POINT('',(8.294399303635E-15,0.75,1.193573625615));
#3335 = CARTESIAN_POINT('',(-2.056426474385,-5.479846269216,
    1.193573625615));
#3336 = CARTESIAN_POINT('',(-2.056426474385,0.75,1.193573625615));
#3337 = CARTESIAN_POINT('',(-2.056426474385,-5.479846269216,3.2500001));
#3338 = CARTESIAN_POINT('',(-2.056426474385,0.75,3.2500001));
#3339 = ADVANCED_FACE('',(#3340,#3344),#3348,.T.);
#3340 = FACE_BOUND('',#3341,.T.);
#3341 = EDGE_LOOP('',(#3342,#3343));
#3342 = ORIENTED_EDGE('',*,*,#2514,.T.);
#3343 = ORIENTED_EDGE('',*,*,#498,.T.);
#3344 = FACE_BOUND('',#3345,.T.);
#3345 = EDGE_LOOP('',(#3346,#3347));
#3346 = ORIENTED_EDGE('',*,*,#3318,.F.);
#3347 = ORIENTED_EDGE('',*,*,#248,.F.);
#3348 = B_SPLINE_SURFACE_WITH_KNOTS('',1,1,(
    (#3349,#3350)
    ,(#3351,#3352
    )),.UNSPECIFIED.,.F.,.F.,.F.,(2,2),(2,2),(0.,4.112852948771),(
    -2.056426474385,2.056426474385),.PIECEWISE_BEZIER_KNOTS.);
#3349 = CARTESIAN_POINT('',(2.056426474385,0.75,5.306426574385));
#3350 = CARTESIAN_POINT('',(2.056426474385,0.75,1.193573625615));
#3351 = CARTESIAN_POINT('',(-2.056426474385,0.75,5.306426574385));
#3352 = CARTESIAN_POINT('',(-2.056426474385,0.75,1.193573625615));
#3353 = ADVANCED_FACE('',(#3354,#3365),#3369,.F.);
#3354 = FACE_BOUND('',#3355,.T.);
#3355 = EDGE_LOOP('',(#3356,#3357));
#3356 = ORIENTED_EDGE('',*,*,#117,.F.);
#3357 = ORIENTED_EDGE('',*,*,#3358,.F.);
#3358 = EDGE_CURVE('',#120,#118,#3359,.T.);
#3359 = ( BOUNDED_CURVE() B_SPLINE_CURVE(2,(#3360,#3361,#3362,#3363,
#3364),.UNSPECIFIED.,.F.,.F.) B_SPLINE_CURVE_WITH_KNOTS((3,2,3),(0.,
1.570796326795,3.14159265359),.PIECEWISE_BEZIER_KNOTS.) CURVE() 
GEOMETRIC_REPRESENTATION_ITEM() RATIONAL_B_SPLINE_CURVE((1.,
0.707106781187,1.,0.707106781187,1.)) REPRESENTATION_ITEM('') );
#3360 = CARTESIAN_POINT('',(0.6,1.05,3.2500001));
#3361 = CARTESIAN_POINT('',(0.6,1.05,3.8500001));
#3362 = CARTESIAN_POINT('',(-2.615066932811E-14,1.05,3.8500001));
#3363 = CARTESIAN_POINT('',(-0.6,1.05,3.8500001));
#3364 = CARTESIAN_POINT('',(-0.6,1.05,3.2500001));
#3365 = FACE_BOUND('',#3366,.T.);
#3366 = EDGE_LOOP('',(#3367,#3368));
#3367 = ORIENTED_EDGE('',*,*,#2505,.F.);
#3368 = ORIENTED_EDGE('',*,*,#481,.F.);
#3369 = B_SPLINE_SURFACE_WITH_KNOTS('',1,1,(
    (#3370,#3371)
    ,(#3372,#3373
    )),.UNSPECIFIED.,.F.,.F.,.F.,(2,2),(2,2),(-0.746483967199,
    0.746483967199),(-0.746483967199,0.746483967199),
  .PIECEWISE_BEZIER_KNOTS.);
#3370 = CARTESIAN_POINT('',(-0.746483967199,1.05,3.996484067199));
#3371 = CARTESIAN_POINT('',(-0.746483967199,1.05,2.503516132801));
#3372 = CARTESIAN_POINT('',(0.746483967199,1.05,3.996484067199));
#3373 = CARTESIAN_POINT('',(0.746483967199,1.05,2.503516132801));
#3374 = ADVANCED_FACE('',(#3375),#3388,.T.);
#3375 = FACE_BOUND('',#3376,.T.);
#3376 = EDGE_LOOP('',(#3377,#3378,#3379,#3380));
#3377 = ORIENTED_EDGE('',*,*,#203,.F.);
#3378 = ORIENTED_EDGE('',*,*,#2570,.T.);
#3379 = ORIENTED_EDGE('',*,*,#220,.T.);
#3380 = ORIENTED_EDGE('',*,*,#3381,.F.);
#3381 = EDGE_CURVE('',#204,#211,#3382,.T.);
#3382 = ( BOUNDED_CURVE() B_SPLINE_CURVE(2,(#3383,#3384,#3385,#3386,
#3387),.UNSPECIFIED.,.F.,.F.) B_SPLINE_CURVE_WITH_KNOTS((3,2,3),(
    3.14159265359,4.712388980385,6.28318530718),
.PIECEWISE_BEZIER_KNOTS.) CURVE() GEOMETRIC_REPRESENTATION_ITEM() 
RATIONAL_B_SPLINE_CURVE((1.,0.707106781187,1.,0.707106781187,1.)) 
REPRESENTATION_ITEM('') );
#3383 = CARTESIAN_POINT('',(-2.,2.76,3.2500001));
#3384 = CARTESIAN_POINT('',(-2.,2.76,5.2500001));
#3385 = CARTESIAN_POINT('',(-5.988338789647E-15,2.76,5.2500001));
#3386 = CARTESIAN_POINT('',(2.,2.76,5.2500001));
#3387 = CARTESIAN_POINT('',(2.,2.76,3.2500001));
#3388 = ( BOUNDED_SURFACE() B_SPLINE_SURFACE(2,1,(
    (#3389,#3390)
    ,(#3391,#3392)
    ,(#3393,#3394)
    ,(#3395,#3396)
    ,(#3397,#3398
)),.UNSPECIFIED.,.F.,.F.,.F.) B_SPLINE_SURFACE_WITH_KNOTS((3,2,3),(2,2),
  (3.14159265359,4.712388980385,6.28318530718),(1.7,1.71),
.PIECEWISE_BEZIER_KNOTS.) GEOMETRIC_REPRESENTATION_ITEM() 
RATIONAL_B_SPLINE_SURFACE((
    (1.,1.)
    ,(0.707106781187,0.707106781187)
    ,(1.,1.)
    ,(0.707106781187,0.707106781187)
,(1.,1.))) REPRESENTATION_ITEM('') SURFACE() );
#3389 = CARTESIAN_POINT('',(-2.,2.75,3.2500001));
#3390 = CARTESIAN_POINT('',(-2.,2.76,3.2500001));
#3391 = CARTESIAN_POINT('',(-2.,2.75,5.2500001));
#3392 = CARTESIAN_POINT('',(-2.,2.76,5.2500001));
#3393 = CARTESIAN_POINT('',(-5.91850916287E-15,2.75,5.2500001));
#3394 = CARTESIAN_POINT('',(-5.988338789647E-15,2.76,5.2500001));
#3395 = CARTESIAN_POINT('',(2.,2.75,5.2500001));
#3396 = CARTESIAN_POINT('',(2.,2.76,5.2500001));
#3397 = CARTESIAN_POINT('',(2.,2.75,3.2500001));
#3398 = CARTESIAN_POINT('',(2.,2.76,3.2500001));
#3399 = ADVANCED_FACE('',(#3400,#3411),#3415,.T.);
#3400 = FACE_BOUND('',#3401,.T.);
#3401 = EDGE_LOOP('',(#3402,#3403));
#3402 = ORIENTED_EDGE('',*,*,#162,.T.);
#3403 = ORIENTED_EDGE('',*,*,#3404,.T.);
#3404 = EDGE_CURVE('',#156,#163,#3405,.T.);
#3405 = ( BOUNDED_CURVE() B_SPLINE_CURVE(2,(#3406,#3407,#3408,#3409,
#3410),.UNSPECIFIED.,.F.,.F.) B_SPLINE_CURVE_WITH_KNOTS((3,2,3),(0.,
1.570796326795,3.14159265359),.PIECEWISE_BEZIER_KNOTS.) CURVE() 
GEOMETRIC_REPRESENTATION_ITEM() RATIONAL_B_SPLINE_CURVE((1.,
0.707106781187,1.,0.707106781187,1.)) REPRESENTATION_ITEM('') );
#3406 = CARTESIAN_POINT('',(0.6,2.76,3.2500001));
#3407 = CARTESIAN_POINT('',(0.6,2.76,3.8500001));
#3408 = CARTESIAN_POINT('',(-5.584205345928E-15,2.76,3.8500001));
#3409 = CARTESIAN_POINT('',(-0.6,2.76,3.8500001));
#3410 = CARTESIAN_POINT('',(-0.6,2.76,3.2500001));
#3411 = FACE_BOUND('',#3412,.T.);
#3412 = EDGE_LOOP('',(#3413,#3414));
#3413 = ORIENTED_EDGE('',*,*,#210,.T.);
#3414 = ORIENTED_EDGE('',*,*,#3381,.T.);
#3415 = B_SPLINE_SURFACE_WITH_KNOTS('',1,1,(
    (#3416,#3417)
    ,(#3418,#3419
    )),.UNSPECIFIED.,.F.,.F.,.F.,(2,2),(2,2),(-2.,2.),(-2.,2.),
  .PIECEWISE_BEZIER_KNOTS.);
#3416 = CARTESIAN_POINT('',(-2.,2.76,5.2500001));
#3417 = CARTESIAN_POINT('',(-2.,2.76,1.2500001));
#3418 = CARTESIAN_POINT('',(2.,2.76,5.2500001));
#3419 = CARTESIAN_POINT('',(2.,2.76,1.2500001));
#3420 = ADVANCED_FACE('',(#3421),#3432,.T.);
#3421 = FACE_BOUND('',#3422,.T.);
#3422 = EDGE_LOOP('',(#3423,#3431));
#3423 = ORIENTED_EDGE('',*,*,#3424,.T.);
#3424 = EDGE_CURVE('',#24,#22,#3425,.T.);
#3425 = ( BOUNDED_CURVE() B_SPLINE_CURVE(2,(#3426,#3427,#3428,#3429,
#3430),.UNSPECIFIED.,.F.,.F.) B_SPLINE_CURVE_WITH_KNOTS((3,2,3),(
    3.14159265359,4.712388980385,6.28318530718),
.PIECEWISE_BEZIER_KNOTS.) CURVE() GEOMETRIC_REPRESENTATION_ITEM() 
RATIONAL_B_SPLINE_CURVE((1.,0.707106781187,1.,0.707106781187,1.)) 
REPRESENTATION_ITEM('') );
#3426 = CARTESIAN_POINT('',(-0.5,6.75,3.2500001));
#3427 = CARTESIAN_POINT('',(-0.5,6.75,3.7500001));
#3428 = CARTESIAN_POINT('',(-3.357481434381E-14,6.75,3.7500001));
#3429 = CARTESIAN_POINT('',(0.5,6.75,3.7500001));
#3430 = CARTESIAN_POINT('',(0.5,6.75,3.2500001));
#3431 = ORIENTED_EDGE('',*,*,#21,.T.);
#3432 = B_SPLINE_SURFACE_WITH_KNOTS('',1,1,(
    (#3433,#3434)
    ,(#3435,#3436
    )),.UNSPECIFIED.,.F.,.F.,.F.,(2,2),(2,2),(-0.5,0.5),(-0.5,0.5),
  .PIECEWISE_BEZIER_KNOTS.);
#3433 = CARTESIAN_POINT('',(-0.5,6.75,3.7500001));
#3434 = CARTESIAN_POINT('',(-0.5,6.75,2.7500001));
#3435 = CARTESIAN_POINT('',(0.5,6.75,3.7500001));
#3436 = CARTESIAN_POINT('',(0.5,6.75,2.7500001));
#3437 = ADVANCED_FACE('',(#3438),#3451,.T.);
#3438 = FACE_BOUND('',#3439,.T.);
#3439 = EDGE_LOOP('',(#3440,#3441,#3449,#3450));
#3440 = ORIENTED_EDGE('',*,*,#155,.F.);
#3441 = ORIENTED_EDGE('',*,*,#3442,.T.);
#3442 = EDGE_CURVE('',#34,#41,#3443,.T.);
#3443 = ( BOUNDED_CURVE() B_SPLINE_CURVE(2,(#3444,#3445,#3446,#3447,
#3448),.UNSPECIFIED.,.F.,.F.) B_SPLINE_CURVE_WITH_KNOTS((3,2,3),(0.,
1.570796326795,3.14159265359),.PIECEWISE_BEZIER_KNOTS.) CURVE() 
GEOMETRIC_REPRESENTATION_ITEM() RATIONAL_B_SPLINE_CURVE((1.,
0.707106781187,1.,0.707106781187,1.)) REPRESENTATION_ITEM('') );
#3444 = CARTESIAN_POINT('',(0.6,6.65,3.2500001));
#3445 = CARTESIAN_POINT('',(0.6,6.65,3.8500001));
#3446 = CARTESIAN_POINT('',(-5.299839813129E-14,6.65,3.8500001));
#3447 = CARTESIAN_POINT('',(-0.6,6.65,3.8500001));
#3448 = CARTESIAN_POINT('',(-0.6,6.65,3.2500001));
#3449 = ORIENTED_EDGE('',*,*,#172,.T.);
#3450 = ORIENTED_EDGE('',*,*,#3404,.F.);
#3451 = ( BOUNDED_SURFACE() B_SPLINE_SURFACE(2,1,(
    (#3452,#3453)
    ,(#3454,#3455)
    ,(#3456,#3457)
    ,(#3458,#3459)
    ,(#3460,#3461
)),.UNSPECIFIED.,.F.,.F.,.F.) B_SPLINE_SURFACE_WITH_KNOTS((3,2,3),(2,2),
  (3.14159265359,4.712388980385,6.28318530718),(1.E-01,3.99),
.PIECEWISE_BEZIER_KNOTS.) GEOMETRIC_REPRESENTATION_ITEM() 
RATIONAL_B_SPLINE_SURFACE((
    (1.,1.)
    ,(0.707106781187,0.707106781187)
    ,(1.,1.)
    ,(0.707106781187,0.707106781187)
,(1.,1.))) REPRESENTATION_ITEM('') SURFACE() );
#3452 = CARTESIAN_POINT('',(0.6,6.65,3.2500001));
#3453 = CARTESIAN_POINT('',(0.6,2.76,3.2500001));
#3454 = CARTESIAN_POINT('',(0.6,6.65,3.8500001));
#3455 = CARTESIAN_POINT('',(0.6,2.76,3.8500001));
#3456 = CARTESIAN_POINT('',(-3.267445135418E-14,6.65,3.8500001));
#3457 = CARTESIAN_POINT('',(-5.510726537979E-15,2.76,3.8500001));
#3458 = CARTESIAN_POINT('',(-0.6,6.65,3.8500001));
#3459 = CARTESIAN_POINT('',(-0.6,2.76,3.8500001));
#3460 = CARTESIAN_POINT('',(-0.6,6.65,3.2500001));
#3461 = CARTESIAN_POINT('',(-0.6,2.76,3.2500001));
#3462 = ADVANCED_FACE('',(#3463),#3476,.T.);
#3463 = FACE_BOUND('',#3464,.T.);
#3464 = EDGE_LOOP('',(#3465,#3466,#3467,#3468));
#3465 = ORIENTED_EDGE('',*,*,#129,.F.);
#3466 = ORIENTED_EDGE('',*,*,#3358,.T.);
#3467 = ORIENTED_EDGE('',*,*,#135,.T.);
#3468 = ORIENTED_EDGE('',*,*,#3469,.T.);
#3469 = EDGE_CURVE('',#82,#89,#3470,.T.);
#3470 = ( BOUNDED_CURVE() B_SPLINE_CURVE(2,(#3471,#3472,#3473,#3474,
#3475),.UNSPECIFIED.,.F.,.F.) B_SPLINE_CURVE_WITH_KNOTS((3,2,3),(
    3.14159265359,4.712388980385,6.28318530718),
.PIECEWISE_BEZIER_KNOTS.) CURVE() GEOMETRIC_REPRESENTATION_ITEM() 
RATIONAL_B_SPLINE_CURVE((1.,0.707106781187,1.,0.707106781187,1.)) 
REPRESENTATION_ITEM('') );
#3471 = CARTESIAN_POINT('',(-0.6,-5.15,3.2500001));
#3472 = CARTESIAN_POINT('',(-0.6,-5.15,3.8500001));
#3473 = CARTESIAN_POINT('',(4.950407181867E-14,-5.15,3.8500001));
#3474 = CARTESIAN_POINT('',(0.6,-5.15,3.8500001));
#3475 = CARTESIAN_POINT('',(0.6,-5.15,3.2500001));
#3476 = ( BOUNDED_SURFACE() B_SPLINE_SURFACE(2,1,(
    (#3477,#3478)
    ,(#3479,#3480)
    ,(#3481,#3482)
    ,(#3483,#3484)
    ,(#3485,#3486
)),.UNSPECIFIED.,.F.,.F.,.F.) B_SPLINE_SURFACE_WITH_KNOTS((3,2,3),(2,2),
  (3.14159265359,4.712388980385,6.28318530718),(5.7,11.9),
.PIECEWISE_BEZIER_KNOTS.) GEOMETRIC_REPRESENTATION_ITEM() 
RATIONAL_B_SPLINE_SURFACE((
    (1.,1.)
    ,(0.707106781187,0.707106781187)
    ,(1.,1.)
    ,(0.707106781187,0.707106781187)
,(1.,1.))) REPRESENTATION_ITEM('') SURFACE() );
#3477 = CARTESIAN_POINT('',(0.6,1.05,3.2500001));
#3478 = CARTESIAN_POINT('',(0.6,-5.15,3.2500001));
#3479 = CARTESIAN_POINT('',(0.6,1.05,3.8500001));
#3480 = CARTESIAN_POINT('',(0.6,-5.15,3.8500001));
#3481 = CARTESIAN_POINT('',(6.430139640864E-15,1.05,3.8500001));
#3482 = CARTESIAN_POINT('',(4.972450824252E-14,-5.15,3.8500001));
#3483 = CARTESIAN_POINT('',(-0.6,1.05,3.8500001));
#3484 = CARTESIAN_POINT('',(-0.6,-5.15,3.8500001));
#3485 = CARTESIAN_POINT('',(-0.6,1.05,3.2500001));
#3486 = CARTESIAN_POINT('',(-0.6,-5.15,3.2500001));
#3487 = ADVANCED_FACE('',(#3488),#3499,.F.);
#3488 = FACE_BOUND('',#3489,.T.);
#3489 = EDGE_LOOP('',(#3490,#3498));
#3490 = ORIENTED_EDGE('',*,*,#3491,.T.);
#3491 = EDGE_CURVE('',#72,#70,#3492,.T.);
#3492 = ( BOUNDED_CURVE() B_SPLINE_CURVE(2,(#3493,#3494,#3495,#3496,
#3497),.UNSPECIFIED.,.F.,.F.) B_SPLINE_CURVE_WITH_KNOTS((3,2,3),(0.,
1.570796326795,3.14159265359),.PIECEWISE_BEZIER_KNOTS.) CURVE() 
GEOMETRIC_REPRESENTATION_ITEM() RATIONAL_B_SPLINE_CURVE((1.,
0.707106781187,1.,0.707106781187,1.)) REPRESENTATION_ITEM('') );
#3493 = CARTESIAN_POINT('',(0.5,-5.25,3.2500001));
#3494 = CARTESIAN_POINT('',(0.5,-5.25,3.7500001));
#3495 = CARTESIAN_POINT('',(5.034320246834E-14,-5.25,3.7500001));
#3496 = CARTESIAN_POINT('',(-0.5,-5.25,3.7500001));
#3497 = CARTESIAN_POINT('',(-0.5,-5.25,3.2500001));
#3498 = ORIENTED_EDGE('',*,*,#69,.T.);
#3499 = B_SPLINE_SURFACE_WITH_KNOTS('',1,1,(
    (#3500,#3501)
    ,(#3502,#3503
    )),.UNSPECIFIED.,.F.,.F.,.F.,(2,2),(2,2),(-0.5,0.5),(-0.5,0.5),
  .PIECEWISE_BEZIER_KNOTS.);
#3500 = CARTESIAN_POINT('',(-0.5,-5.25,3.7500001));
#3501 = CARTESIAN_POINT('',(-0.5,-5.25,2.7500001));
#3502 = CARTESIAN_POINT('',(0.5,-5.25,3.7500001));
#3503 = CARTESIAN_POINT('',(0.5,-5.25,2.7500001));
#3504 = ADVANCED_FACE('',(#3505),#3511,.T.);
#3505 = FACE_BOUND('',#3506,.T.);
#3506 = EDGE_LOOP('',(#3507,#3508,#3509,#3510));
#3507 = ORIENTED_EDGE('',*,*,#81,.F.);
#3508 = ORIENTED_EDGE('',*,*,#3491,.F.);
#3509 = ORIENTED_EDGE('',*,*,#98,.T.);
#3510 = ORIENTED_EDGE('',*,*,#3469,.F.);
#3511 = ( BOUNDED_SURFACE() B_SPLINE_SURFACE(2,1,(
    (#3512,#3513)
    ,(#3514,#3515)
    ,(#3516,#3517)
    ,(#3518,#3519)
    ,(#3520,#3521
)),.UNSPECIFIED.,.F.,.F.,.F.) B_SPLINE_SURFACE_WITH_KNOTS((3,2,3),(2,2),
  (3.14159265359,4.712388980385,6.28318530718),(-0.141421356237,
    1.942890293096E-16),.PIECEWISE_BEZIER_KNOTS.) 
GEOMETRIC_REPRESENTATION_ITEM() RATIONAL_B_SPLINE_SURFACE((
    (1.,1.)
    ,(0.707106781187,0.707106781187)
    ,(1.,1.)
    ,(0.707106781187,0.707106781187)
,(1.,1.))) REPRESENTATION_ITEM('') SURFACE() );
#3512 = CARTESIAN_POINT('',(-0.5,-5.25,3.2500001));
#3513 = CARTESIAN_POINT('',(-0.6,-5.15,3.2500001));
#3514 = CARTESIAN_POINT('',(-0.5,-5.25,3.7500001));
#3515 = CARTESIAN_POINT('',(-0.6,-5.15,3.8500001));
#3516 = CARTESIAN_POINT('',(5.022073778843E-14,-5.25,3.7500001));
#3517 = CARTESIAN_POINT('',(4.950407181867E-14,-5.15,3.8500001));
#3518 = CARTESIAN_POINT('',(0.5,-5.25,3.7500001));
#3519 = CARTESIAN_POINT('',(0.6,-5.15,3.8500001));
#3520 = CARTESIAN_POINT('',(0.5,-5.25,3.2500001));
#3521 = CARTESIAN_POINT('',(0.6,-5.15,3.2500001));
#3522 = ADVANCED_FACE('',(#3523),#3529,.T.);
#3523 = FACE_BOUND('',#3524,.T.);
#3524 = EDGE_LOOP('',(#3525,#3526,#3527,#3528));
#3525 = ORIENTED_EDGE('',*,*,#33,.F.);
#3526 = ORIENTED_EDGE('',*,*,#3424,.F.);
#3527 = ORIENTED_EDGE('',*,*,#50,.T.);
#3528 = ORIENTED_EDGE('',*,*,#3442,.F.);
#3529 = ( BOUNDED_SURFACE() B_SPLINE_SURFACE(2,1,(
    (#3530,#3531)
    ,(#3532,#3533)
    ,(#3534,#3535)
    ,(#3536,#3537)
    ,(#3538,#3539
)),.UNSPECIFIED.,.F.,.F.,.F.) B_SPLINE_SURFACE_WITH_KNOTS((3,2,3),(2,2),
  (3.14159265359,4.712388980385,6.28318530718),(-7.850462293419E-17,
    0.141421356237),.PIECEWISE_BEZIER_KNOTS.) 
GEOMETRIC_REPRESENTATION_ITEM() RATIONAL_B_SPLINE_SURFACE((
    (1.,1.)
    ,(0.707106781187,0.707106781187)
    ,(1.,1.)
    ,(0.707106781187,0.707106781187)
,(1.,1.))) REPRESENTATION_ITEM('') SURFACE() );
#3530 = CARTESIAN_POINT('',(0.5,6.75,3.2500001));
#3531 = CARTESIAN_POINT('',(0.6,6.65,3.2500001));
#3532 = CARTESIAN_POINT('',(0.5,6.75,3.7500001));
#3533 = CARTESIAN_POINT('',(0.6,6.65,3.8500001));
#3534 = CARTESIAN_POINT('',(-3.339111732393E-14,6.75,3.7500001));
#3535 = CARTESIAN_POINT('',(-3.267445135418E-14,6.65,3.8500001));
#3536 = CARTESIAN_POINT('',(-0.5,6.75,3.7500001));
#3537 = CARTESIAN_POINT('',(-0.6,6.65,3.8500001));
#3538 = CARTESIAN_POINT('',(-0.5,6.75,3.2500001));
#3539 = CARTESIAN_POINT('',(-0.6,6.65,3.2500001));
#3540 = ADVANCED_FACE('',(#3541),#3563,.T.);
#3541 = FACE_BOUND('',#3542,.T.);
#3542 = EDGE_LOOP('',(#3543,#3552,#3557,#3558));
#3543 = ORIENTED_EDGE('',*,*,#3544,.T.);
#3544 = EDGE_CURVE('',#3545,#3547,#3549,.T.);
#3545 = VERTEX_POINT('',#3546);
#3546 = CARTESIAN_POINT('',(3.0330127,-5.500000001092,3.2500001));
#3547 = VERTEX_POINT('',#3548);
#3548 = CARTESIAN_POINT('',(3.0330127,-5.400000001092,3.2500001));
#3549 = B_SPLINE_CURVE_WITH_KNOTS('',1,(#3550,#3551),.UNSPECIFIED.,.F.,
  .F.,(2,2),(-5.E-02,5.E-02),.PIECEWISE_BEZIER_KNOTS.);
#3550 = CARTESIAN_POINT('',(3.0330127,-5.500000001092,3.2500001));
#3551 = CARTESIAN_POINT('',(3.0330127,-5.400000001092,3.2500001));
#3552 = ORIENTED_EDGE('',*,*,#3553,.T.);
#3553 = EDGE_CURVE('',#3547,#639,#3554,.T.);
#3554 = B_SPLINE_CURVE_WITH_KNOTS('',1,(#3555,#3556),.UNSPECIFIED.,.F.,
  .F.,(2,2),(-0.249999998908,0.249999998908),.PIECEWISE_BEZIER_KNOTS.);
#3555 = CARTESIAN_POINT('',(3.0330127,-5.400000001092,3.2500001));
#3556 = CARTESIAN_POINT('',(2.6,-5.150000002185,3.2500001));
#3557 = ORIENTED_EDGE('',*,*,#872,.T.);
#3558 = ORIENTED_EDGE('',*,*,#3559,.T.);
#3559 = EDGE_CURVE('',#606,#3545,#3560,.T.);
#3560 = B_SPLINE_CURVE_WITH_KNOTS('',1,(#3561,#3562),.UNSPECIFIED.,.F.,
  .F.,(2,2),(-0.249999998908,0.249999998908),.PIECEWISE_BEZIER_KNOTS.);
#3561 = CARTESIAN_POINT('',(2.6,-5.75,3.2500001));
#3562 = CARTESIAN_POINT('',(3.0330127,-5.500000001092,3.2500001));
#3563 = B_SPLINE_SURFACE_WITH_KNOTS('',1,1,(
    (#3564,#3565)
    ,(#3566,#3567
    )),.UNSPECIFIED.,.F.,.F.,.F.,(2,2),(2,2),(-0.299999998908,
    0.299999998908),(0.,0.4330127),.PIECEWISE_BEZIER_KNOTS.);
#3564 = CARTESIAN_POINT('',(3.0330127,-5.75,3.2500001));
#3565 = CARTESIAN_POINT('',(2.6,-5.75,3.2500001));
#3566 = CARTESIAN_POINT('',(3.0330127,-5.150000002185,3.2500001));
#3567 = CARTESIAN_POINT('',(2.6,-5.150000002185,3.2500001));
#3568 = ADVANCED_FACE('',(#3569),#3591,.T.);
#3569 = FACE_BOUND('',#3570,.T.);
#3570 = EDGE_LOOP('',(#3571,#3580,#3585,#3586));
#3571 = ORIENTED_EDGE('',*,*,#3572,.T.);
#3572 = EDGE_CURVE('',#3573,#3575,#3577,.T.);
#3573 = VERTEX_POINT('',#3574);
#3574 = CARTESIAN_POINT('',(3.0330127,-1.400000001092,3.2500001));
#3575 = VERTEX_POINT('',#3576);
#3576 = CARTESIAN_POINT('',(3.0330127,-1.500000001092,3.2500001));
#3577 = B_SPLINE_CURVE_WITH_KNOTS('',1,(#3578,#3579),.UNSPECIFIED.,.F.,
  .F.,(2,2),(-5.E-02,5.E-02),.PIECEWISE_BEZIER_KNOTS.);
#3578 = CARTESIAN_POINT('',(3.0330127,-1.400000001092,3.2500001));
#3579 = CARTESIAN_POINT('',(3.0330127,-1.500000001092,3.2500001));
#3580 = ORIENTED_EDGE('',*,*,#3581,.T.);
#3581 = EDGE_CURVE('',#3575,#561,#3582,.T.);
#3582 = B_SPLINE_CURVE_WITH_KNOTS('',1,(#3583,#3584),.UNSPECIFIED.,.F.,
  .F.,(2,2),(-0.249999998908,0.249999998908),.PIECEWISE_BEZIER_KNOTS.);
#3583 = CARTESIAN_POINT('',(3.0330127,-1.500000001092,3.2500001));
#3584 = CARTESIAN_POINT('',(2.6,-1.75,3.2500001));
#3585 = ORIENTED_EDGE('',*,*,#560,.T.);
#3586 = ORIENTED_EDGE('',*,*,#3587,.T.);
#3587 = EDGE_CURVE('',#554,#3573,#3588,.T.);
#3588 = B_SPLINE_CURVE_WITH_KNOTS('',1,(#3589,#3590),.UNSPECIFIED.,.F.,
  .F.,(2,2),(-0.249999998908,0.249999998908),.PIECEWISE_BEZIER_KNOTS.);
#3589 = CARTESIAN_POINT('',(2.6,-1.150000002185,3.2500001));
#3590 = CARTESIAN_POINT('',(3.0330127,-1.400000001092,3.2500001));
#3591 = B_SPLINE_SURFACE_WITH_KNOTS('',1,1,(
    (#3592,#3593)
    ,(#3594,#3595
    )),.UNSPECIFIED.,.F.,.F.,.F.,(2,2),(2,2),(-0.299999998908,
    0.299999998908),(-3.330669073875E-16,0.4330127),
  .PIECEWISE_BEZIER_KNOTS.);
#3592 = CARTESIAN_POINT('',(3.0330127,-1.150000002185,3.2500001));
#3593 = CARTESIAN_POINT('',(2.6,-1.150000002185,3.2500001));
#3594 = CARTESIAN_POINT('',(3.0330127,-1.75,3.2500001));
#3595 = CARTESIAN_POINT('',(2.6,-1.75,3.2500001));
#3596 = ADVANCED_FACE('',(#3597),#3769,.F.);
#3597 = FACE_BOUND('',#3598,.F.);
#3598 = EDGE_LOOP('',(#3599,#3683,#3684,#3768));
#3599 = ORIENTED_EDGE('',*,*,#3600,.T.);
#3600 = EDGE_CURVE('',#3547,#3573,#3601,.T.);
#3601 = ( BOUNDED_CURVE() B_SPLINE_CURVE(2,(#3602,#3603,#3604,#3605,
    #3606,#3607,#3608,#3609,#3610,#3611,#3612,#3613,#3614,#3615,#3616,
    #3617,#3618,#3619,#3620,#3621,#3622,#3623,#3624,#3625,#3626,#3627,
    #3628,#3629,#3630,#3631,#3632,#3633,#3634,#3635,#3636,#3637,#3638,
    #3639,#3640,#3641,#3642,#3643,#3644,#3645,#3646,#3647,#3648,#3649,
    #3650,#3651,#3652,#3653,#3654,#3655,#3656,#3657,#3658,#3659,#3660,
    #3661,#3662,#3663,#3664,#3665,#3666,#3667,#3668,#3669,#3670,#3671,
    #3672,#3673,#3674,#3675,#3676,#3677,#3678,#3679,#3680,#3681,#3682),
.UNSPECIFIED.,.F.,.F.) B_SPLINE_CURVE_WITH_KNOTS((3,2,2,2,2,2,2,2,2,2,2,
    2,2,2,2,2,2,2,2,2,2,2,2,2,2,2,2,2,2,2,2,2,2,2,2,2,2,2,2,2,3),(0.,
    2.5E-02,5.E-02,7.5E-02,0.1,0.125,0.15,0.175,0.2,0.225,0.25,0.275,0.3
    ,0.325,0.35,0.375,0.4,0.425,0.45,0.475,0.5,0.525,0.55,0.575,0.6,
    0.625,0.65,0.675,0.7,0.725,0.75,0.775,0.8,0.825,0.85,0.875,0.9,0.925
,0.95,0.975,1.),.PIECEWISE_BEZIER_KNOTS.) CURVE() 
GEOMETRIC_REPRESENTATION_ITEM() RATIONAL_B_SPLINE_CURVE((1.,
    0.923879532511,1.,0.923879532511,1.,0.923879532511,1.,0.923879532511
    ,1.,0.923879532511,1.,0.923879532511,1.,0.923879532511,1.,
    0.923879532511,1.,0.923879532511,1.,0.923879532511,1.,0.923879532511
    ,1.,0.923879532511,1.,0.923879532511,1.,0.923879532511,1.,
    0.923879532511,1.,0.923879532511,1.,0.923879532511,1.,0.923879532511
    ,1.,0.923879532511,1.,0.923879532511,1.,0.923879532511,1.,
    0.923879532511,1.,0.923879532511,1.,0.923879532511,1.,0.923879532511
    ,1.,0.923879532511,1.,0.923879532511,1.,0.923879532511,1.,
    0.923879532511,1.,0.923879532511,1.,0.923879532511,1.,0.923879532511
    ,1.,0.923879532511,1.,0.923879532511,1.,0.923879532511,1.,
    0.923879532511,1.,0.923879532511,1.,0.923879532511,1.,0.923879532511
,1.,0.923879532511,1.)) REPRESENTATION_ITEM('') );
#3602 = CARTESIAN_POINT('',(3.0330127,-5.400000001092,3.2500001));
#3603 = CARTESIAN_POINT('',(3.0330127,-5.350000001092,1.99368510481));
#3604 = CARTESIAN_POINT('',(2.144663847595,-5.300000001092,
    1.105336252405));
#3605 = CARTESIAN_POINT('',(1.25631499519,-5.250000001092,0.2169874));
#3606 = CARTESIAN_POINT('',(4.91699919707E-14,-5.200000001093,0.2169874)
  );
#3607 = CARTESIAN_POINT('',(-1.25631499519,-5.150000001093,0.2169874));
#3608 = CARTESIAN_POINT('',(-2.144663847595,-5.100000001093,
    1.105336252405));
#3609 = CARTESIAN_POINT('',(-3.0330127,-5.050000001093,1.99368510481));
#3610 = CARTESIAN_POINT('',(-3.0330127,-5.000000001092,3.2500001));
#3611 = CARTESIAN_POINT('',(-3.0330127,-4.950000001092,4.50631509519));
#3612 = CARTESIAN_POINT('',(-2.144663847595,-4.900000001092,
    5.394663947595));
#3613 = CARTESIAN_POINT('',(-1.25631499519,-4.850000001092,6.2830128));
#3614 = CARTESIAN_POINT('',(4.568319918738E-14,-4.800000001092,6.2830128
    ));
#3615 = CARTESIAN_POINT('',(1.25631499519,-4.750000001092,6.2830128));
#3616 = CARTESIAN_POINT('',(2.144663847595,-4.700000001092,
    5.394663947595));
#3617 = CARTESIAN_POINT('',(3.0330127,-4.650000001092,4.50631509519));
#3618 = CARTESIAN_POINT('',(3.0330127,-4.600000001092,3.2500001));
#3619 = CARTESIAN_POINT('',(3.0330127,-4.550000001092,1.99368510481));
#3620 = CARTESIAN_POINT('',(2.144663847595,-4.500000001092,
    1.105336252405));
#3621 = CARTESIAN_POINT('',(1.25631499519,-4.450000001092,0.2169874));
#3622 = CARTESIAN_POINT('',(4.368215412199E-14,-4.400000001093,0.2169874
    ));
#3623 = CARTESIAN_POINT('',(-1.25631499519,-4.350000001093,0.2169874));
#3624 = CARTESIAN_POINT('',(-2.144663847595,-4.300000001093,
    1.105336252405));
#3625 = CARTESIAN_POINT('',(-3.0330127,-4.250000001093,1.99368510481));
#3626 = CARTESIAN_POINT('',(-3.0330127,-4.200000001092,3.2500001));
#3627 = CARTESIAN_POINT('',(-3.0330127,-4.150000001092,4.50631509519));
#3628 = CARTESIAN_POINT('',(-2.144663847595,-4.100000001092,
    5.394663947595));
#3629 = CARTESIAN_POINT('',(-1.25631499519,-4.050000001092,6.2830128));
#3630 = CARTESIAN_POINT('',(4.019536133866E-14,-4.000000001092,6.2830128
    ));
#3631 = CARTESIAN_POINT('',(1.25631499519,-3.950000001092,6.2830128));
#3632 = CARTESIAN_POINT('',(2.144663847595,-3.900000001092,
    5.394663947595));
#3633 = CARTESIAN_POINT('',(3.0330127,-3.850000001092,4.50631509519));
#3634 = CARTESIAN_POINT('',(3.0330127,-3.800000001092,3.2500001));
#3635 = CARTESIAN_POINT('',(3.0330127,-3.750000001092,1.99368510481));
#3636 = CARTESIAN_POINT('',(2.144663847595,-3.700000001092,
    1.105336252405));
#3637 = CARTESIAN_POINT('',(1.25631499519,-3.650000001092,0.2169874));
#3638 = CARTESIAN_POINT('',(3.819431627327E-14,-3.600000001093,0.2169874
    ));
#3639 = CARTESIAN_POINT('',(-1.25631499519,-3.550000001093,0.2169874));
#3640 = CARTESIAN_POINT('',(-2.144663847595,-3.500000001093,
    1.105336252405));
#3641 = CARTESIAN_POINT('',(-3.0330127,-3.450000001093,1.99368510481));
#3642 = CARTESIAN_POINT('',(-3.0330127,-3.400000001092,3.2500001));
#3643 = CARTESIAN_POINT('',(-3.0330127,-3.350000001092,4.50631509519));
#3644 = CARTESIAN_POINT('',(-2.144663847595,-3.300000001092,
    5.394663947595));
#3645 = CARTESIAN_POINT('',(-1.25631499519,-3.250000001092,6.2830128));
#3646 = CARTESIAN_POINT('',(3.470752348995E-14,-3.200000001092,6.2830128
    ));
#3647 = CARTESIAN_POINT('',(1.25631499519,-3.150000001092,6.2830128));
#3648 = CARTESIAN_POINT('',(2.144663847595,-3.100000001092,
    5.394663947595));
#3649 = CARTESIAN_POINT('',(3.0330127,-3.050000001092,4.50631509519));
#3650 = CARTESIAN_POINT('',(3.0330127,-3.000000001092,3.2500001));
#3651 = CARTESIAN_POINT('',(3.0330127,-2.950000001092,1.99368510481));
#3652 = CARTESIAN_POINT('',(2.144663847595,-2.900000001092,
    1.105336252405));
#3653 = CARTESIAN_POINT('',(1.25631499519,-2.850000001092,0.2169874));
#3654 = CARTESIAN_POINT('',(3.270647842456E-14,-2.800000001093,0.2169874
    ));
#3655 = CARTESIAN_POINT('',(-1.25631499519,-2.750000001093,0.2169874));
#3656 = CARTESIAN_POINT('',(-2.144663847595,-2.700000001093,
    1.105336252405));
#3657 = CARTESIAN_POINT('',(-3.0330127,-2.650000001093,1.99368510481));
#3658 = CARTESIAN_POINT('',(-3.0330127,-2.600000001092,3.2500001));
#3659 = CARTESIAN_POINT('',(-3.0330127,-2.550000001092,4.50631509519));
#3660 = CARTESIAN_POINT('',(-2.144663847595,-2.500000001092,
    5.394663947595));
#3661 = CARTESIAN_POINT('',(-1.25631499519,-2.450000001092,6.2830128));
#3662 = CARTESIAN_POINT('',(2.921968564124E-14,-2.400000001092,6.2830128
    ));
#3663 = CARTESIAN_POINT('',(1.25631499519,-2.350000001092,6.2830128));
#3664 = CARTESIAN_POINT('',(2.144663847595,-2.300000001092,
    5.394663947595));
#3665 = CARTESIAN_POINT('',(3.0330127,-2.250000001092,4.50631509519));
#3666 = CARTESIAN_POINT('',(3.0330127,-2.200000001092,3.2500001));
#3667 = CARTESIAN_POINT('',(3.0330127,-2.150000001092,1.99368510481));
#3668 = CARTESIAN_POINT('',(2.144663847595,-2.100000001092,
    1.105336252405));
#3669 = CARTESIAN_POINT('',(1.25631499519,-2.050000001092,0.2169874));
#3670 = CARTESIAN_POINT('',(2.721864057585E-14,-2.000000001093,0.2169874
    ));
#3671 = CARTESIAN_POINT('',(-1.25631499519,-1.950000001093,0.2169874));
#3672 = CARTESIAN_POINT('',(-2.144663847595,-1.900000001093,
    1.105336252405));
#3673 = CARTESIAN_POINT('',(-3.0330127,-1.850000001093,1.99368510481));
#3674 = CARTESIAN_POINT('',(-3.0330127,-1.800000001092,3.2500001));
#3675 = CARTESIAN_POINT('',(-3.0330127,-1.750000001092,4.50631509519));
#3676 = CARTESIAN_POINT('',(-2.144663847595,-1.700000001092,
    5.394663947595));
#3677 = CARTESIAN_POINT('',(-1.25631499519,-1.650000001092,6.2830128));
#3678 = CARTESIAN_POINT('',(2.373184779252E-14,-1.600000001092,6.2830128
    ));
#3679 = CARTESIAN_POINT('',(1.25631499519,-1.550000001092,6.2830128));
#3680 = CARTESIAN_POINT('',(2.144663847595,-1.500000001092,
    5.394663947595));
#3681 = CARTESIAN_POINT('',(3.0330127,-1.450000001092,4.50631509519));
#3682 = CARTESIAN_POINT('',(3.0330127,-1.400000001092,3.2500001));
#3683 = ORIENTED_EDGE('',*,*,#3572,.T.);
#3684 = ORIENTED_EDGE('',*,*,#3685,.F.);
#3685 = EDGE_CURVE('',#3545,#3575,#3686,.T.);
#3686 = ( BOUNDED_CURVE() B_SPLINE_CURVE(2,(#3687,#3688,#3689,#3690,
    #3691,#3692,#3693,#3694,#3695,#3696,#3697,#3698,#3699,#3700,#3701,
    #3702,#3703,#3704,#3705,#3706,#3707,#3708,#3709,#3710,#3711,#3712,
    #3713,#3714,#3715,#3716,#3717,#3718,#3719,#3720,#3721,#3722,#3723,
    #3724,#3725,#3726,#3727,#3728,#3729,#3730,#3731,#3732,#3733,#3734,
    #3735,#3736,#3737,#3738,#3739,#3740,#3741,#3742,#3743,#3744,#3745,
    #3746,#3747,#3748,#3749,#3750,#3751,#3752,#3753,#3754,#3755,#3756,
    #3757,#3758,#3759,#3760,#3761,#3762,#3763,#3764,#3765,#3766,#3767),
.UNSPECIFIED.,.F.,.F.) B_SPLINE_CURVE_WITH_KNOTS((3,2,2,2,2,2,2,2,2,2,2,
    2,2,2,2,2,2,2,2,2,2,2,2,2,2,2,2,2,2,2,2,2,2,2,2,2,2,2,2,2,3),(0.,
    2.5E-02,5.E-02,7.5E-02,0.1,0.125,0.15,0.175,0.2,0.225,0.25,0.275,0.3
    ,0.325,0.35,0.375,0.4,0.425,0.45,0.475,0.5,0.525,0.55,0.575,0.6,
    0.625,0.65,0.675,0.7,0.725,0.75,0.775,0.8,0.825,0.85,0.875,0.9,0.925
,0.95,0.975,1.),.PIECEWISE_BEZIER_KNOTS.) CURVE() 
GEOMETRIC_REPRESENTATION_ITEM() RATIONAL_B_SPLINE_CURVE((1.,
    0.923879532511,1.,0.923879532511,1.,0.923879532511,1.,0.923879532511
    ,1.,0.923879532511,1.,0.923879532511,1.,0.923879532511,1.,
    0.923879532511,1.,0.923879532511,1.,0.923879532511,1.,0.923879532511
    ,1.,0.923879532511,1.,0.923879532511,1.,0.923879532511,1.,
    0.923879532511,1.,0.923879532511,1.,0.923879532511,1.,0.923879532511
    ,1.,0.923879532511,1.,0.923879532511,1.,0.923879532511,1.,
    0.923879532511,1.,0.923879532511,1.,0.923879532511,1.,0.923879532511
    ,1.,0.923879532511,1.,0.923879532511,1.,0.923879532511,1.,
    0.923879532511,1.,0.923879532511,1.,0.923879532511,1.,0.923879532511
    ,1.,0.923879532511,1.,0.923879532511,1.,0.923879532511,1.,
    0.923879532511,1.,0.923879532511,1.,0.923879532511,1.,0.923879532511
,1.,0.923879532511,1.)) REPRESENTATION_ITEM('') );
#3687 = CARTESIAN_POINT('',(3.0330127,-5.500000001092,3.2500001));
#3688 = CARTESIAN_POINT('',(3.0330127,-5.450000001092,1.99368510481));
#3689 = CARTESIAN_POINT('',(2.144663847595,-5.400000001092,
    1.105336252405));
#3690 = CARTESIAN_POINT('',(1.25631499519,-5.350000001092,0.2169874));
#3691 = CARTESIAN_POINT('',(4.985597170179E-14,-5.300000001093,0.2169874
    ));
#3692 = CARTESIAN_POINT('',(-1.25631499519,-5.250000001093,0.2169874));
#3693 = CARTESIAN_POINT('',(-2.144663847595,-5.200000001093,
    1.105336252405));
#3694 = CARTESIAN_POINT('',(-3.0330127,-5.150000001093,1.99368510481));
#3695 = CARTESIAN_POINT('',(-3.0330127,-5.100000001092,3.2500001));
#3696 = CARTESIAN_POINT('',(-3.0330127,-5.050000001092,4.50631509519));
#3697 = CARTESIAN_POINT('',(-2.144663847595,-5.000000001092,
    5.394663947595));
#3698 = CARTESIAN_POINT('',(-1.25631499519,-4.950000001092,6.2830128));
#3699 = CARTESIAN_POINT('',(4.636917891847E-14,-4.900000001092,6.2830128
    ));
#3700 = CARTESIAN_POINT('',(1.25631499519,-4.850000001092,6.2830128));
#3701 = CARTESIAN_POINT('',(2.144663847595,-4.800000001092,
    5.394663947595));
#3702 = CARTESIAN_POINT('',(3.0330127,-4.750000001092,4.50631509519));
#3703 = CARTESIAN_POINT('',(3.0330127,-4.700000001092,3.2500001));
#3704 = CARTESIAN_POINT('',(3.0330127,-4.650000001092,1.99368510481));
#3705 = CARTESIAN_POINT('',(2.144663847595,-4.600000001092,
    1.105336252405));
#3706 = CARTESIAN_POINT('',(1.25631499519,-4.550000001092,0.2169874));
#3707 = CARTESIAN_POINT('',(4.436813385308E-14,-4.500000001093,0.2169874
    ));
#3708 = CARTESIAN_POINT('',(-1.25631499519,-4.450000001093,0.2169874));
#3709 = CARTESIAN_POINT('',(-2.144663847595,-4.400000001093,
    1.105336252405));
#3710 = CARTESIAN_POINT('',(-3.0330127,-4.350000001093,1.99368510481));
#3711 = CARTESIAN_POINT('',(-3.0330127,-4.300000001092,3.2500001));
#3712 = CARTESIAN_POINT('',(-3.0330127,-4.250000001092,4.50631509519));
#3713 = CARTESIAN_POINT('',(-2.144663847595,-4.200000001092,
    5.394663947595));
#3714 = CARTESIAN_POINT('',(-1.25631499519,-4.150000001092,6.2830128));
#3715 = CARTESIAN_POINT('',(4.088134106975E-14,-4.100000001092,6.2830128
    ));
#3716 = CARTESIAN_POINT('',(1.25631499519,-4.050000001092,6.2830128));
#3717 = CARTESIAN_POINT('',(2.144663847595,-4.000000001092,
    5.394663947595));
#3718 = CARTESIAN_POINT('',(3.0330127,-3.950000001092,4.50631509519));
#3719 = CARTESIAN_POINT('',(3.0330127,-3.900000001092,3.2500001));
#3720 = CARTESIAN_POINT('',(3.0330127,-3.850000001092,1.99368510481));
#3721 = CARTESIAN_POINT('',(2.144663847595,-3.800000001092,
    1.105336252405));
#3722 = CARTESIAN_POINT('',(1.25631499519,-3.750000001092,0.2169874));
#3723 = CARTESIAN_POINT('',(3.888029600436E-14,-3.700000001093,0.2169874
    ));
#3724 = CARTESIAN_POINT('',(-1.25631499519,-3.650000001093,0.2169874));
#3725 = CARTESIAN_POINT('',(-2.144663847595,-3.600000001093,
    1.105336252405));
#3726 = CARTESIAN_POINT('',(-3.0330127,-3.550000001093,1.99368510481));
#3727 = CARTESIAN_POINT('',(-3.0330127,-3.500000001092,3.2500001));
#3728 = CARTESIAN_POINT('',(-3.0330127,-3.450000001092,4.50631509519));
#3729 = CARTESIAN_POINT('',(-2.144663847595,-3.400000001092,
    5.394663947595));
#3730 = CARTESIAN_POINT('',(-1.25631499519,-3.350000001092,6.2830128));
#3731 = CARTESIAN_POINT('',(3.539350322104E-14,-3.300000001092,6.2830128
    ));
#3732 = CARTESIAN_POINT('',(1.25631499519,-3.250000001092,6.2830128));
#3733 = CARTESIAN_POINT('',(2.144663847595,-3.200000001092,
    5.394663947595));
#3734 = CARTESIAN_POINT('',(3.0330127,-3.150000001092,4.50631509519));
#3735 = CARTESIAN_POINT('',(3.0330127,-3.100000001092,3.2500001));
#3736 = CARTESIAN_POINT('',(3.0330127,-3.050000001092,1.99368510481));
#3737 = CARTESIAN_POINT('',(2.144663847595,-3.000000001092,
    1.105336252405));
#3738 = CARTESIAN_POINT('',(1.25631499519,-2.950000001092,0.2169874));
#3739 = CARTESIAN_POINT('',(3.339245815565E-14,-2.900000001093,0.2169874
    ));
#3740 = CARTESIAN_POINT('',(-1.25631499519,-2.850000001093,0.2169874));
#3741 = CARTESIAN_POINT('',(-2.144663847595,-2.800000001093,
    1.105336252405));
#3742 = CARTESIAN_POINT('',(-3.0330127,-2.750000001093,1.99368510481));
#3743 = CARTESIAN_POINT('',(-3.0330127,-2.700000001092,3.2500001));
#3744 = CARTESIAN_POINT('',(-3.0330127,-2.650000001092,4.50631509519));
#3745 = CARTESIAN_POINT('',(-2.144663847595,-2.600000001092,
    5.394663947595));
#3746 = CARTESIAN_POINT('',(-1.25631499519,-2.550000001092,6.2830128));
#3747 = CARTESIAN_POINT('',(2.990566537233E-14,-2.500000001092,6.2830128
    ));
#3748 = CARTESIAN_POINT('',(1.25631499519,-2.450000001092,6.2830128));
#3749 = CARTESIAN_POINT('',(2.144663847595,-2.400000001092,
    5.394663947595));
#3750 = CARTESIAN_POINT('',(3.0330127,-2.350000001092,4.50631509519));
#3751 = CARTESIAN_POINT('',(3.0330127,-2.300000001092,3.2500001));
#3752 = CARTESIAN_POINT('',(3.0330127,-2.250000001092,1.99368510481));
#3753 = CARTESIAN_POINT('',(2.144663847595,-2.200000001092,
    1.105336252405));
#3754 = CARTESIAN_POINT('',(1.25631499519,-2.150000001092,0.2169874));
#3755 = CARTESIAN_POINT('',(2.790462030694E-14,-2.100000001093,0.2169874
    ));
#3756 = CARTESIAN_POINT('',(-1.25631499519,-2.050000001093,0.2169874));
#3757 = CARTESIAN_POINT('',(-2.144663847595,-2.000000001093,
    1.105336252405));
#3758 = CARTESIAN_POINT('',(-3.0330127,-1.950000001093,1.99368510481));
#3759 = CARTESIAN_POINT('',(-3.0330127,-1.900000001092,3.2500001));
#3760 = CARTESIAN_POINT('',(-3.0330127,-1.850000001092,4.50631509519));
#3761 = CARTESIAN_POINT('',(-2.144663847595,-1.800000001092,
    5.394663947595));
#3762 = CARTESIAN_POINT('',(-1.25631499519,-1.750000001092,6.2830128));
#3763 = CARTESIAN_POINT('',(2.441782752361E-14,-1.700000001092,6.2830128
    ));
#3764 = CARTESIAN_POINT('',(1.25631499519,-1.650000001092,6.2830128));
#3765 = CARTESIAN_POINT('',(2.144663847595,-1.600000001092,
    5.394663947595));
#3766 = CARTESIAN_POINT('',(3.0330127,-1.550000001092,4.50631509519));
#3767 = CARTESIAN_POINT('',(3.0330127,-1.500000001092,3.2500001));
#3768 = ORIENTED_EDGE('',*,*,#3544,.T.);
#3769 = ( BOUNDED_SURFACE() B_SPLINE_SURFACE(1,2,(
    (#3770,#3771,#3772,#3773,#3774,#3775,#3776,#3777,#3778,#3779,#3780
      ,#3781,#3782,#3783,#3784,#3785,#3786,#3787,#3788,#3789,#3790,#3791
      ,#3792,#3793,#3794,#3795,#3796,#3797,#3798,#3799,#3800,#3801,#3802
      ,#3803,#3804,#3805,#3806,#3807,#3808,#3809,#3810,#3811,#3812,#3813
      ,#3814,#3815,#3816,#3817,#3818,#3819,#3820,#3821,#3822,#3823,#3824
      ,#3825,#3826,#3827,#3828,#3829,#3830,#3831,#3832,#3833,#3834,#3835
      ,#3836,#3837,#3838,#3839,#3840,#3841,#3842,#3843,#3844,#3845,#3846
      ,#3847,#3848,#3849,#3850)
    ,(#3851,#3852,#3853,#3854,#3855,#3856,#3857,#3858,#3859,#3860,#3861
      ,#3862,#3863,#3864,#3865,#3866,#3867,#3868,#3869,#3870,#3871,#3872
      ,#3873,#3874,#3875,#3876,#3877,#3878,#3879,#3880,#3881,#3882,#3883
      ,#3884,#3885,#3886,#3887,#3888,#3889,#3890,#3891,#3892,#3893,#3894
      ,#3895,#3896,#3897,#3898,#3899,#3900,#3901,#3902,#3903,#3904,#3905
      ,#3906,#3907,#3908,#3909,#3910,#3911,#3912,#3913,#3914,#3915,#3916
      ,#3917,#3918,#3919,#3920,#3921,#3922,#3923,#3924,#3925,#3926,#3927
      ,#3928,#3929,#3930,#3931
)),.UNSPECIFIED.,.F.,.F.,.F.) B_SPLINE_SURFACE_WITH_KNOTS((2,2),(3,2,2,2
    ,2,2,2,2,2,2,2,2,2,2,2,2,2,2,2,2,2,2,2,2,2,2,2,2,2,2,2,2,2,2,2,2,2,2
    ,2,2,3),(0.,1.),(0.,2.5E-02,5.E-02,7.5E-02,0.1,0.125,0.15,0.175,0.2,
    0.225,0.25,0.275,0.3,0.325,0.35,0.375,0.4,0.425,0.45,0.475,0.5,0.525
    ,0.55,0.575,0.6,0.625,0.65,0.675,0.7,0.725,0.75,0.775,0.8,0.825,0.85
    ,0.875,0.9,0.925,0.95,0.975,1.),.PIECEWISE_BEZIER_KNOTS.) 
GEOMETRIC_REPRESENTATION_ITEM() RATIONAL_B_SPLINE_SURFACE((
    (1.,0.923879532511,1.,0.923879532511,1.,0.923879532511,1.
      ,0.923879532511,1.,0.923879532511,1.,0.923879532511,1.
      ,0.923879532511,1.,0.923879532511,1.,0.923879532511,1.
      ,0.923879532511,1.,0.923879532511,1.,0.923879532511,1.
      ,0.923879532511,1.,0.923879532511,1.,0.923879532511,1.
      ,0.923879532511,1.,0.923879532511,1.,0.923879532511,1.
      ,0.923879532511,1.,0.923879532511,1.,0.923879532511,1.
      ,0.923879532511,1.,0.923879532511,1.,0.923879532511,1.
      ,0.923879532511,1.,0.923879532511,1.,0.923879532511,1.
      ,0.923879532511,1.,0.923879532511,1.,0.923879532511,1.
      ,0.923879532511,1.,0.923879532511,1.,0.923879532511,1.
      ,0.923879532511,1.,0.923879532511,1.,0.923879532511,1.
      ,0.923879532511,1.,0.923879532511,1.,0.923879532511,1.
      ,0.923879532511,1.)
    ,(1.,0.923879532511,1.,0.923879532511,1.,0.923879532511,1.
      ,0.923879532511,1.,0.923879532511,1.,0.923879532511,1.
      ,0.923879532511,1.,0.923879532511,1.,0.923879532511,1.
      ,0.923879532511,1.,0.923879532511,1.,0.923879532511,1.
      ,0.923879532511,1.,0.923879532511,1.,0.923879532511,1.
      ,0.923879532511,1.,0.923879532511,1.,0.923879532511,1.
      ,0.923879532511,1.,0.923879532511,1.,0.923879532511,1.
      ,0.923879532511,1.,0.923879532511,1.,0.923879532511,1.
      ,0.923879532511,1.,0.923879532511,1.,0.923879532511,1.
      ,0.923879532511,1.,0.923879532511,1.,0.923879532511,1.
      ,0.923879532511,1.,0.923879532511,1.,0.923879532511,1.
      ,0.923879532511,1.,0.923879532511,1.,0.923879532511,1.
      ,0.923879532511,1.,0.923879532511,1.,0.923879532511,1.
,0.923879532511,1.))) REPRESENTATION_ITEM('') SURFACE() );
#3770 = CARTESIAN_POINT('',(3.0330127,-5.500000001092,3.2500001));
#3771 = CARTESIAN_POINT('',(3.0330127,-5.450000001092,1.99368510481));
#3772 = CARTESIAN_POINT('',(2.144663847595,-5.400000001092,
    1.105336252405));
#3773 = CARTESIAN_POINT('',(1.25631499519,-5.350000001092,0.2169874));
#3774 = CARTESIAN_POINT('',(4.985597170179E-14,-5.300000001093,0.2169874
    ));
#3775 = CARTESIAN_POINT('',(-1.25631499519,-5.250000001093,0.2169874));
#3776 = CARTESIAN_POINT('',(-2.144663847595,-5.200000001093,
    1.105336252405));
#3777 = CARTESIAN_POINT('',(-3.0330127,-5.150000001093,1.99368510481));
#3778 = CARTESIAN_POINT('',(-3.0330127,-5.100000001092,3.2500001));
#3779 = CARTESIAN_POINT('',(-3.0330127,-5.050000001092,4.50631509519));
#3780 = CARTESIAN_POINT('',(-2.144663847595,-5.000000001092,
    5.394663947595));
#3781 = CARTESIAN_POINT('',(-1.25631499519,-4.950000001092,6.2830128));
#3782 = CARTESIAN_POINT('',(4.636917891847E-14,-4.900000001092,6.2830128
    ));
#3783 = CARTESIAN_POINT('',(1.25631499519,-4.850000001092,6.2830128));
#3784 = CARTESIAN_POINT('',(2.144663847595,-4.800000001092,
    5.394663947595));
#3785 = CARTESIAN_POINT('',(3.0330127,-4.750000001092,4.50631509519));
#3786 = CARTESIAN_POINT('',(3.0330127,-4.700000001092,3.2500001));
#3787 = CARTESIAN_POINT('',(3.0330127,-4.650000001092,1.99368510481));
#3788 = CARTESIAN_POINT('',(2.144663847595,-4.600000001092,
    1.105336252405));
#3789 = CARTESIAN_POINT('',(1.25631499519,-4.550000001092,0.2169874));
#3790 = CARTESIAN_POINT('',(4.436813385308E-14,-4.500000001093,0.2169874
    ));
#3791 = CARTESIAN_POINT('',(-1.25631499519,-4.450000001093,0.2169874));
#3792 = CARTESIAN_POINT('',(-2.144663847595,-4.400000001093,
    1.105336252405));
#3793 = CARTESIAN_POINT('',(-3.0330127,-4.350000001093,1.99368510481));
#3794 = CARTESIAN_POINT('',(-3.0330127,-4.300000001092,3.2500001));
#3795 = CARTESIAN_POINT('',(-3.0330127,-4.250000001092,4.50631509519));
#3796 = CARTESIAN_POINT('',(-2.144663847595,-4.200000001092,
    5.394663947595));
#3797 = CARTESIAN_POINT('',(-1.25631499519,-4.150000001092,6.2830128));
#3798 = CARTESIAN_POINT('',(4.088134106975E-14,-4.100000001092,6.2830128
    ));
#3799 = CARTESIAN_POINT('',(1.25631499519,-4.050000001092,6.2830128));
#3800 = CARTESIAN_POINT('',(2.144663847595,-4.000000001092,
    5.394663947595));
#3801 = CARTESIAN_POINT('',(3.0330127,-3.950000001092,4.50631509519));
#3802 = CARTESIAN_POINT('',(3.0330127,-3.900000001092,3.2500001));
#3803 = CARTESIAN_POINT('',(3.0330127,-3.850000001092,1.99368510481));
#3804 = CARTESIAN_POINT('',(2.144663847595,-3.800000001092,
    1.105336252405));
#3805 = CARTESIAN_POINT('',(1.25631499519,-3.750000001092,0.2169874));
#3806 = CARTESIAN_POINT('',(3.888029600436E-14,-3.700000001093,0.2169874
    ));
#3807 = CARTESIAN_POINT('',(-1.25631499519,-3.650000001093,0.2169874));
#3808 = CARTESIAN_POINT('',(-2.144663847595,-3.600000001093,
    1.105336252405));
#3809 = CARTESIAN_POINT('',(-3.0330127,-3.550000001093,1.99368510481));
#3810 = CARTESIAN_POINT('',(-3.0330127,-3.500000001092,3.2500001));
#3811 = CARTESIAN_POINT('',(-3.0330127,-3.450000001092,4.50631509519));
#3812 = CARTESIAN_POINT('',(-2.144663847595,-3.400000001092,
    5.394663947595));
#3813 = CARTESIAN_POINT('',(-1.25631499519,-3.350000001092,6.2830128));
#3814 = CARTESIAN_POINT('',(3.539350322104E-14,-3.300000001092,6.2830128
    ));
#3815 = CARTESIAN_POINT('',(1.25631499519,-3.250000001092,6.2830128));
#3816 = CARTESIAN_POINT('',(2.144663847595,-3.200000001092,
    5.394663947595));
#3817 = CARTESIAN_POINT('',(3.0330127,-3.150000001092,4.50631509519));
#3818 = CARTESIAN_POINT('',(3.0330127,-3.100000001092,3.2500001));
#3819 = CARTESIAN_POINT('',(3.0330127,-3.050000001092,1.99368510481));
#3820 = CARTESIAN_POINT('',(2.144663847595,-3.000000001092,
    1.105336252405));
#3821 = CARTESIAN_POINT('',(1.25631499519,-2.950000001092,0.2169874));
#3822 = CARTESIAN_POINT('',(3.339245815565E-14,-2.900000001093,0.2169874
    ));
#3823 = CARTESIAN_POINT('',(-1.25631499519,-2.850000001093,0.2169874));
#3824 = CARTESIAN_POINT('',(-2.144663847595,-2.800000001093,
    1.105336252405));
#3825 = CARTESIAN_POINT('',(-3.0330127,-2.750000001093,1.99368510481));
#3826 = CARTESIAN_POINT('',(-3.0330127,-2.700000001092,3.2500001));
#3827 = CARTESIAN_POINT('',(-3.0330127,-2.650000001092,4.50631509519));
#3828 = CARTESIAN_POINT('',(-2.144663847595,-2.600000001092,
    5.394663947595));
#3829 = CARTESIAN_POINT('',(-1.25631499519,-2.550000001092,6.2830128));
#3830 = CARTESIAN_POINT('',(2.990566537233E-14,-2.500000001092,6.2830128
    ));
#3831 = CARTESIAN_POINT('',(1.25631499519,-2.450000001092,6.2830128));
#3832 = CARTESIAN_POINT('',(2.144663847595,-2.400000001092,
    5.394663947595));
#3833 = CARTESIAN_POINT('',(3.0330127,-2.350000001092,4.50631509519));
#3834 = CARTESIAN_POINT('',(3.0330127,-2.300000001092,3.2500001));
#3835 = CARTESIAN_POINT('',(3.0330127,-2.250000001092,1.99368510481));
#3836 = CARTESIAN_POINT('',(2.144663847595,-2.200000001092,
    1.105336252405));
#3837 = CARTESIAN_POINT('',(1.25631499519,-2.150000001092,0.2169874));
#3838 = CARTESIAN_POINT('',(2.790462030694E-14,-2.100000001093,0.2169874
    ));
#3839 = CARTESIAN_POINT('',(-1.25631499519,-2.050000001093,0.2169874));
#3840 = CARTESIAN_POINT('',(-2.144663847595,-2.000000001093,
    1.105336252405));
#3841 = CARTESIAN_POINT('',(-3.0330127,-1.950000001093,1.99368510481));
#3842 = CARTESIAN_POINT('',(-3.0330127,-1.900000001092,3.2500001));
#3843 = CARTESIAN_POINT('',(-3.0330127,-1.850000001092,4.50631509519));
#3844 = CARTESIAN_POINT('',(-2.144663847595,-1.800000001092,
    5.394663947595));
#3845 = CARTESIAN_POINT('',(-1.25631499519,-1.750000001092,6.2830128));
#3846 = CARTESIAN_POINT('',(2.441782752361E-14,-1.700000001092,6.2830128
    ));
#3847 = CARTESIAN_POINT('',(1.25631499519,-1.650000001092,6.2830128));
#3848 = CARTESIAN_POINT('',(2.144663847595,-1.600000001092,
    5.394663947595));
#3849 = CARTESIAN_POINT('',(3.0330127,-1.550000001092,4.50631509519));
#3850 = CARTESIAN_POINT('',(3.0330127,-1.500000001092,3.2500001));
#3851 = CARTESIAN_POINT('',(3.0330127,-5.400000001092,3.2500001));
#3852 = CARTESIAN_POINT('',(3.0330127,-5.350000001092,1.99368510481));
#3853 = CARTESIAN_POINT('',(2.144663847595,-5.300000001092,
    1.105336252405));
#3854 = CARTESIAN_POINT('',(1.25631499519,-5.250000001092,0.2169874));
#3855 = CARTESIAN_POINT('',(4.91699919707E-14,-5.200000001093,0.2169874)
  );
#3856 = CARTESIAN_POINT('',(-1.25631499519,-5.150000001093,0.2169874));
#3857 = CARTESIAN_POINT('',(-2.144663847595,-5.100000001093,
    1.105336252405));
#3858 = CARTESIAN_POINT('',(-3.0330127,-5.050000001093,1.99368510481));
#3859 = CARTESIAN_POINT('',(-3.0330127,-5.000000001092,3.2500001));
#3860 = CARTESIAN_POINT('',(-3.0330127,-4.950000001092,4.50631509519));
#3861 = CARTESIAN_POINT('',(-2.144663847595,-4.900000001092,
    5.394663947595));
#3862 = CARTESIAN_POINT('',(-1.25631499519,-4.850000001092,6.2830128));
#3863 = CARTESIAN_POINT('',(4.568319918738E-14,-4.800000001092,6.2830128
    ));
#3864 = CARTESIAN_POINT('',(1.25631499519,-4.750000001092,6.2830128));
#3865 = CARTESIAN_POINT('',(2.144663847595,-4.700000001092,
    5.394663947595));
#3866 = CARTESIAN_POINT('',(3.0330127,-4.650000001092,4.50631509519));
#3867 = CARTESIAN_POINT('',(3.0330127,-4.600000001092,3.2500001));
#3868 = CARTESIAN_POINT('',(3.0330127,-4.550000001092,1.99368510481));
#3869 = CARTESIAN_POINT('',(2.144663847595,-4.500000001092,
    1.105336252405));
#3870 = CARTESIAN_POINT('',(1.25631499519,-4.450000001092,0.2169874));
#3871 = CARTESIAN_POINT('',(4.368215412199E-14,-4.400000001093,0.2169874
    ));
#3872 = CARTESIAN_POINT('',(-1.25631499519,-4.350000001093,0.2169874));
#3873 = CARTESIAN_POINT('',(-2.144663847595,-4.300000001093,
    1.105336252405));
#3874 = CARTESIAN_POINT('',(-3.0330127,-4.250000001093,1.99368510481));
#3875 = CARTESIAN_POINT('',(-3.0330127,-4.200000001092,3.2500001));
#3876 = CARTESIAN_POINT('',(-3.0330127,-4.150000001092,4.50631509519));
#3877 = CARTESIAN_POINT('',(-2.144663847595,-4.100000001092,
    5.394663947595));
#3878 = CARTESIAN_POINT('',(-1.25631499519,-4.050000001092,6.2830128));
#3879 = CARTESIAN_POINT('',(4.019536133866E-14,-4.000000001092,6.2830128
    ));
#3880 = CARTESIAN_POINT('',(1.25631499519,-3.950000001092,6.2830128));
#3881 = CARTESIAN_POINT('',(2.144663847595,-3.900000001092,
    5.394663947595));
#3882 = CARTESIAN_POINT('',(3.0330127,-3.850000001092,4.50631509519));
#3883 = CARTESIAN_POINT('',(3.0330127,-3.800000001092,3.2500001));
#3884 = CARTESIAN_POINT('',(3.0330127,-3.750000001092,1.99368510481));
#3885 = CARTESIAN_POINT('',(2.144663847595,-3.700000001092,
    1.105336252405));
#3886 = CARTESIAN_POINT('',(1.25631499519,-3.650000001092,0.2169874));
#3887 = CARTESIAN_POINT('',(3.819431627327E-14,-3.600000001093,0.2169874
    ));
#3888 = CARTESIAN_POINT('',(-1.25631499519,-3.550000001093,0.2169874));
#3889 = CARTESIAN_POINT('',(-2.144663847595,-3.500000001093,
    1.105336252405));
#3890 = CARTESIAN_POINT('',(-3.0330127,-3.450000001093,1.99368510481));
#3891 = CARTESIAN_POINT('',(-3.0330127,-3.400000001092,3.2500001));
#3892 = CARTESIAN_POINT('',(-3.0330127,-3.350000001092,4.50631509519));
#3893 = CARTESIAN_POINT('',(-2.144663847595,-3.300000001092,
    5.394663947595));
#3894 = CARTESIAN_POINT('',(-1.25631499519,-3.250000001092,6.2830128));
#3895 = CARTESIAN_POINT('',(3.470752348995E-14,-3.200000001092,6.2830128
    ));
#3896 = CARTESIAN_POINT('',(1.25631499519,-3.150000001092,6.2830128));
#3897 = CARTESIAN_POINT('',(2.144663847595,-3.100000001092,
    5.394663947595));
#3898 = CARTESIAN_POINT('',(3.0330127,-3.050000001092,4.50631509519));
#3899 = CARTESIAN_POINT('',(3.0330127,-3.000000001092,3.2500001));
#3900 = CARTESIAN_POINT('',(3.0330127,-2.950000001092,1.99368510481));
#3901 = CARTESIAN_POINT('',(2.144663847595,-2.900000001092,
    1.105336252405));
#3902 = CARTESIAN_POINT('',(1.25631499519,-2.850000001092,0.2169874));
#3903 = CARTESIAN_POINT('',(3.270647842456E-14,-2.800000001093,0.2169874
    ));
#3904 = CARTESIAN_POINT('',(-1.25631499519,-2.750000001093,0.2169874));
#3905 = CARTESIAN_POINT('',(-2.144663847595,-2.700000001093,
    1.105336252405));
#3906 = CARTESIAN_POINT('',(-3.0330127,-2.650000001093,1.99368510481));
#3907 = CARTESIAN_POINT('',(-3.0330127,-2.600000001092,3.2500001));
#3908 = CARTESIAN_POINT('',(-3.0330127,-2.550000001092,4.50631509519));
#3909 = CARTESIAN_POINT('',(-2.144663847595,-2.500000001092,
    5.394663947595));
#3910 = CARTESIAN_POINT('',(-1.25631499519,-2.450000001092,6.2830128));
#3911 = CARTESIAN_POINT('',(2.921968564124E-14,-2.400000001092,6.2830128
    ));
#3912 = CARTESIAN_POINT('',(1.25631499519,-2.350000001092,6.2830128));
#3913 = CARTESIAN_POINT('',(2.144663847595,-2.300000001092,
    5.394663947595));
#3914 = CARTESIAN_POINT('',(3.0330127,-2.250000001092,4.50631509519));
#3915 = CARTESIAN_POINT('',(3.0330127,-2.200000001092,3.2500001));
#3916 = CARTESIAN_POINT('',(3.0330127,-2.150000001092,1.99368510481));
#3917 = CARTESIAN_POINT('',(2.144663847595,-2.100000001092,
    1.105336252405));
#3918 = CARTESIAN_POINT('',(1.25631499519,-2.050000001092,0.2169874));
#3919 = CARTESIAN_POINT('',(2.721864057585E-14,-2.000000001093,0.2169874
    ));
#3920 = CARTESIAN_POINT('',(-1.25631499519,-1.950000001093,0.2169874));
#3921 = CARTESIAN_POINT('',(-2.144663847595,-1.900000001093,
    1.105336252405));
#3922 = CARTESIAN_POINT('',(-3.0330127,-1.850000001093,1.99368510481));
#3923 = CARTESIAN_POINT('',(-3.0330127,-1.800000001092,3.2500001));
#3924 = CARTESIAN_POINT('',(-3.0330127,-1.750000001092,4.50631509519));
#3925 = CARTESIAN_POINT('',(-2.144663847595,-1.700000001092,
    5.394663947595));
#3926 = CARTESIAN_POINT('',(-1.25631499519,-1.650000001092,6.2830128));
#3927 = CARTESIAN_POINT('',(2.373184779252E-14,-1.600000001092,6.2830128
    ));
#3928 = CARTESIAN_POINT('',(1.25631499519,-1.550000001092,6.2830128));
#3929 = CARTESIAN_POINT('',(2.144663847595,-1.500000001092,
    5.394663947595));
#3930 = CARTESIAN_POINT('',(3.0330127,-1.450000001092,4.50631509519));
#3931 = CARTESIAN_POINT('',(3.0330127,-1.400000001092,3.2500001));
#3932 = ADVANCED_FACE('',(#3933),#3948,.F.);
#3933 = FACE_BOUND('',#3934,.F.);
#3934 = EDGE_LOOP('',(#3935,#3936,#3937,#3938,#3939,#3940,#3941,#3942,
    #3943,#3944,#3945,#3946,#3947));
#3935 = ORIENTED_EDGE('',*,*,#3685,.T.);
#3936 = ORIENTED_EDGE('',*,*,#3581,.T.);
#3937 = ORIENTED_EDGE('',*,*,#1038,.F.);
#3938 = ORIENTED_EDGE('',*,*,#829,.F.);
#3939 = ORIENTED_EDGE('',*,*,#998,.F.);
#3940 = ORIENTED_EDGE('',*,*,#773,.F.);
#3941 = ORIENTED_EDGE('',*,*,#958,.F.);
#3942 = ORIENTED_EDGE('',*,*,#717,.F.);
#3943 = ORIENTED_EDGE('',*,*,#918,.F.);
#3944 = ORIENTED_EDGE('',*,*,#661,.F.);
#3945 = ORIENTED_EDGE('',*,*,#878,.F.);
#3946 = ORIENTED_EDGE('',*,*,#605,.F.);
#3947 = ORIENTED_EDGE('',*,*,#3559,.T.);
#3948 = ( BOUNDED_SURFACE() B_SPLINE_SURFACE(1,2,(
    (#3949,#3950,#3951,#3952,#3953,#3954,#3955,#3956,#3957,#3958,#3959
      ,#3960,#3961,#3962,#3963,#3964,#3965,#3966,#3967,#3968,#3969,#3970
      ,#3971,#3972,#3973,#3974,#3975,#3976,#3977,#3978,#3979,#3980,#3981
      ,#3982,#3983,#3984,#3985,#3986,#3987,#3988,#3989,#3990,#3991,#3992
      ,#3993,#3994,#3995,#3996,#3997,#3998,#3999,#4000,#4001,#4002,#4003
      ,#4004,#4005,#4006,#4007,#4008,#4009,#4010,#4011,#4012,#4013,#4014
      ,#4015,#4016,#4017,#4018,#4019,#4020,#4021,#4022,#4023,#4024,#4025
      ,#4026,#4027,#4028,#4029)
    ,(#4030,#4031,#4032,#4033,#4034,#4035,#4036,#4037,#4038,#4039,#4040
      ,#4041,#4042,#4043,#4044,#4045,#4046,#4047,#4048,#4049,#4050,#4051
      ,#4052,#4053,#4054,#4055,#4056,#4057,#4058,#4059,#4060,#4061,#4062
      ,#4063,#4064,#4065,#4066,#4067,#4068,#4069,#4070,#4071,#4072,#4073
      ,#4074,#4075,#4076,#4077,#4078,#4079,#4080,#4081,#4082,#4083,#4084
      ,#4085,#4086,#4087,#4088,#4089,#4090,#4091,#4092,#4093,#4094,#4095
      ,#4096,#4097,#4098,#4099,#4100,#4101,#4102,#4103,#4104,#4105,#4106
      ,#4107,#4108,#4109,#4110
)),.UNSPECIFIED.,.F.,.F.,.F.) B_SPLINE_SURFACE_WITH_KNOTS((2,2),(3,2,2,2
    ,2,2,2,2,2,2,2,2,2,2,2,2,2,2,2,2,2,2,2,2,2,2,2,2,2,2,2,2,2,2,2,2,2,2
    ,2,2,3),(0.,1.),(0.,2.5E-02,5.E-02,7.5E-02,0.1,0.125,0.15,0.175,0.2,
    0.225,0.25,0.275,0.3,0.325,0.35,0.375,0.4,0.425,0.45,0.475,0.5,0.525
    ,0.55,0.575,0.6,0.625,0.65,0.675,0.7,0.725,0.75,0.775,0.8,0.825,0.85
    ,0.875,0.9,0.925,0.95,0.975,1.),.PIECEWISE_BEZIER_KNOTS.) 
GEOMETRIC_REPRESENTATION_ITEM() RATIONAL_B_SPLINE_SURFACE((
    (1.,0.923879532511,1.,0.923879532511,1.,0.923879532511,1.
      ,0.923879532511,1.,0.923879532511,1.,0.923879532511,1.
      ,0.923879532511,1.,0.923879532511,1.,0.923879532511,1.
      ,0.923879532511,1.,0.923879532511,1.,0.923879532511,1.
      ,0.923879532511,1.,0.923879532511,1.,0.923879532511,1.
      ,0.923879532511,1.,0.923879532511,1.,0.923879532511,1.
      ,0.923879532511,1.,0.923879532511,1.,0.923879532511,1.
      ,0.923879532511,1.,0.923879532511,1.,0.923879532511,1.
      ,0.923879532511,1.,0.923879532511,1.,0.923879532511,1.
      ,0.923879532511,1.,0.923879532511,1.,0.923879532511,1.
      ,0.923879532511,1.,0.923879532511,1.,0.923879532511,1.
      ,0.923879532511,1.,0.923879532511,1.,0.923879532511,1.
      ,0.923879532511,1.,0.923879532511,1.,0.923879532511,1.
      ,0.923879532511,1.)
    ,(1.,0.923879532511,1.,0.923879532511,1.,0.923879532511,1.
      ,0.923879532511,1.,0.923879532511,1.,0.923879532511,1.
      ,0.923879532511,1.,0.923879532511,1.,0.923879532511,1.
      ,0.923879532511,1.,0.923879532511,1.,0.923879532511,1.
      ,0.923879532511,1.,0.923879532511,1.,0.923879532511,1.
      ,0.923879532511,1.,0.923879532511,1.,0.923879532511,1.
      ,0.923879532511,1.,0.923879532511,1.,0.923879532511,1.
      ,0.923879532511,1.,0.923879532511,1.,0.923879532511,1.
      ,0.923879532511,1.,0.923879532511,1.,0.923879532511,1.
      ,0.923879532511,1.,0.923879532511,1.,0.923879532511,1.
      ,0.923879532511,1.,0.923879532511,1.,0.923879532511,1.
      ,0.923879532511,1.,0.923879532511,1.,0.923879532511,1.
      ,0.923879532511,1.,0.923879532511,1.,0.923879532511,1.
,0.923879532511,1.))) REPRESENTATION_ITEM('') SURFACE() );
#3949 = CARTESIAN_POINT('',(2.6,-5.75,3.2500001));
#3950 = CARTESIAN_POINT('',(2.6,-5.7,2.17304483783));
#3951 = CARTESIAN_POINT('',(1.838477631085,-5.65,1.411522468915));
#3952 = CARTESIAN_POINT('',(1.07695526217,-5.6,0.6500001));
#3953 = CARTESIAN_POINT('',(5.154440664117E-14,-5.55,0.6500001));
#3954 = CARTESIAN_POINT('',(-1.07695526217,-5.5,0.6500001));
#3955 = CARTESIAN_POINT('',(-1.838477631085,-5.45,1.411522468915));
#3956 = CARTESIAN_POINT('',(-2.6,-5.4,2.17304483783));
#3957 = CARTESIAN_POINT('',(-2.6,-5.35,3.2500001));
#3958 = CARTESIAN_POINT('',(-2.6,-5.3,4.32695536217));
#3959 = CARTESIAN_POINT('',(-1.838477631085,-5.25,5.088477731085));
#3960 = CARTESIAN_POINT('',(-1.07695526217,-5.2,5.8500001));
#3961 = CARTESIAN_POINT('',(4.816367138125E-14,-5.15,5.8500001));
#3962 = CARTESIAN_POINT('',(1.07695526217,-5.1,5.8500001));
#3963 = CARTESIAN_POINT('',(1.838477631085,-5.05,5.088477731085));
#3964 = CARTESIAN_POINT('',(2.6,-5.,4.32695536217));
#3965 = CARTESIAN_POINT('',(2.6,-4.95,3.2500001));
#3966 = CARTESIAN_POINT('',(2.6,-4.9,2.17304483783));
#3967 = CARTESIAN_POINT('',(1.838477631085,-4.85,1.411522468915));
#3968 = CARTESIAN_POINT('',(1.07695526217,-4.8,0.6500001));
#3969 = CARTESIAN_POINT('',(4.605656879245E-14,-4.75,0.6500001));
#3970 = CARTESIAN_POINT('',(-1.07695526217,-4.7,0.6500001));
#3971 = CARTESIAN_POINT('',(-1.838477631085,-4.65,1.411522468915));
#3972 = CARTESIAN_POINT('',(-2.6,-4.6,2.17304483783));
#3973 = CARTESIAN_POINT('',(-2.6,-4.55,3.2500001));
#3974 = CARTESIAN_POINT('',(-2.6,-4.5,4.32695536217));
#3975 = CARTESIAN_POINT('',(-1.838477631085,-4.45,5.088477731085));
#3976 = CARTESIAN_POINT('',(-1.07695526217,-4.4,5.8500001));
#3977 = CARTESIAN_POINT('',(4.267583353254E-14,-4.35,5.8500001));
#3978 = CARTESIAN_POINT('',(1.07695526217,-4.3,5.8500001));
#3979 = CARTESIAN_POINT('',(1.838477631085,-4.25,5.088477731085));
#3980 = CARTESIAN_POINT('',(2.6,-4.2,4.32695536217));
#3981 = CARTESIAN_POINT('',(2.6,-4.15,3.2500001));
#3982 = CARTESIAN_POINT('',(2.6,-4.1,2.17304483783));
#3983 = CARTESIAN_POINT('',(1.838477631085,-4.05,1.411522468915));
#3984 = CARTESIAN_POINT('',(1.07695526217,-4.,0.6500001));
#3985 = CARTESIAN_POINT('',(4.056873094374E-14,-3.95,0.6500001));
#3986 = CARTESIAN_POINT('',(-1.07695526217,-3.9,0.6500001));
#3987 = CARTESIAN_POINT('',(-1.838477631085,-3.85,1.411522468915));
#3988 = CARTESIAN_POINT('',(-2.6,-3.8,2.17304483783));
#3989 = CARTESIAN_POINT('',(-2.6,-3.75,3.2500001));
#3990 = CARTESIAN_POINT('',(-2.6,-3.7,4.32695536217));
#3991 = CARTESIAN_POINT('',(-1.838477631085,-3.65,5.088477731085));
#3992 = CARTESIAN_POINT('',(-1.07695526217,-3.6,5.8500001));
#3993 = CARTESIAN_POINT('',(3.718799568383E-14,-3.55,5.8500001));
#3994 = CARTESIAN_POINT('',(1.07695526217,-3.5,5.8500001));
#3995 = CARTESIAN_POINT('',(1.838477631085,-3.45,5.088477731085));
#3996 = CARTESIAN_POINT('',(2.6,-3.4,4.32695536217));
#3997 = CARTESIAN_POINT('',(2.6,-3.35,3.2500001));
#3998 = CARTESIAN_POINT('',(2.6,-3.3,2.17304483783));
#3999 = CARTESIAN_POINT('',(1.838477631085,-3.25,1.411522468915));
#4000 = CARTESIAN_POINT('',(1.07695526217,-3.2,0.6500001));
#4001 = CARTESIAN_POINT('',(3.508089309503E-14,-3.15,0.6500001));
#4002 = CARTESIAN_POINT('',(-1.07695526217,-3.1,0.6500001));
#4003 = CARTESIAN_POINT('',(-1.838477631085,-3.05,1.411522468915));
#4004 = CARTESIAN_POINT('',(-2.6,-3.,2.17304483783));
#4005 = CARTESIAN_POINT('',(-2.6,-2.95,3.2500001));
#4006 = CARTESIAN_POINT('',(-2.6,-2.9,4.32695536217));
#4007 = CARTESIAN_POINT('',(-1.838477631085,-2.85,5.088477731085));
#4008 = CARTESIAN_POINT('',(-1.07695526217,-2.8,5.8500001));
#4009 = CARTESIAN_POINT('',(3.170015783511E-14,-2.75,5.8500001));
#4010 = CARTESIAN_POINT('',(1.07695526217,-2.7,5.8500001));
#4011 = CARTESIAN_POINT('',(1.838477631085,-2.65,5.088477731085));
#4012 = CARTESIAN_POINT('',(2.6,-2.6,4.32695536217));
#4013 = CARTESIAN_POINT('',(2.6,-2.55,3.2500001));
#4014 = CARTESIAN_POINT('',(2.6,-2.5,2.17304483783));
#4015 = CARTESIAN_POINT('',(1.838477631085,-2.45,1.411522468915));
#4016 = CARTESIAN_POINT('',(1.07695526217,-2.4,0.6500001));
#4017 = CARTESIAN_POINT('',(2.959305524631E-14,-2.35,0.6500001));
#4018 = CARTESIAN_POINT('',(-1.07695526217,-2.3,0.6500001));
#4019 = CARTESIAN_POINT('',(-1.838477631085,-2.25,1.411522468915));
#4020 = CARTESIAN_POINT('',(-2.6,-2.2,2.17304483783));
#4021 = CARTESIAN_POINT('',(-2.6,-2.15,3.2500001));
#4022 = CARTESIAN_POINT('',(-2.6,-2.1,4.32695536217));
#4023 = CARTESIAN_POINT('',(-1.838477631085,-2.05,5.088477731085));
#4024 = CARTESIAN_POINT('',(-1.07695526217,-2.,5.8500001));
#4025 = CARTESIAN_POINT('',(2.62123199864E-14,-1.95,5.8500001));
#4026 = CARTESIAN_POINT('',(1.07695526217,-1.9,5.8500001));
#4027 = CARTESIAN_POINT('',(1.838477631085,-1.85,5.088477731085));
#4028 = CARTESIAN_POINT('',(2.6,-1.8,4.32695536217));
#4029 = CARTESIAN_POINT('',(2.6,-1.75,3.2500001));
#4030 = CARTESIAN_POINT('',(3.0330127,-5.500000001092,3.2500001));
#4031 = CARTESIAN_POINT('',(3.0330127,-5.450000001092,1.99368510481));
#4032 = CARTESIAN_POINT('',(2.144663847595,-5.400000001092,
    1.105336252405));
#4033 = CARTESIAN_POINT('',(1.25631499519,-5.350000001092,0.2169874));
#4034 = CARTESIAN_POINT('',(4.985597170179E-14,-5.300000001093,0.2169874
    ));
#4035 = CARTESIAN_POINT('',(-1.25631499519,-5.250000001093,0.2169874));
#4036 = CARTESIAN_POINT('',(-2.144663847595,-5.200000001093,
    1.105336252405));
#4037 = CARTESIAN_POINT('',(-3.0330127,-5.150000001093,1.99368510481));
#4038 = CARTESIAN_POINT('',(-3.0330127,-5.100000001092,3.2500001));
#4039 = CARTESIAN_POINT('',(-3.0330127,-5.050000001092,4.50631509519));
#4040 = CARTESIAN_POINT('',(-2.144663847595,-5.000000001092,
    5.394663947595));
#4041 = CARTESIAN_POINT('',(-1.25631499519,-4.950000001092,6.2830128));
#4042 = CARTESIAN_POINT('',(4.636917891847E-14,-4.900000001092,6.2830128
    ));
#4043 = CARTESIAN_POINT('',(1.25631499519,-4.850000001092,6.2830128));
#4044 = CARTESIAN_POINT('',(2.144663847595,-4.800000001092,
    5.394663947595));
#4045 = CARTESIAN_POINT('',(3.0330127,-4.750000001092,4.50631509519));
#4046 = CARTESIAN_POINT('',(3.0330127,-4.700000001092,3.2500001));
#4047 = CARTESIAN_POINT('',(3.0330127,-4.650000001092,1.99368510481));
#4048 = CARTESIAN_POINT('',(2.144663847595,-4.600000001092,
    1.105336252405));
#4049 = CARTESIAN_POINT('',(1.25631499519,-4.550000001092,0.2169874));
#4050 = CARTESIAN_POINT('',(4.436813385308E-14,-4.500000001093,0.2169874
    ));
#4051 = CARTESIAN_POINT('',(-1.25631499519,-4.450000001093,0.2169874));
#4052 = CARTESIAN_POINT('',(-2.144663847595,-4.400000001093,
    1.105336252405));
#4053 = CARTESIAN_POINT('',(-3.0330127,-4.350000001093,1.99368510481));
#4054 = CARTESIAN_POINT('',(-3.0330127,-4.300000001092,3.2500001));
#4055 = CARTESIAN_POINT('',(-3.0330127,-4.250000001092,4.50631509519));
#4056 = CARTESIAN_POINT('',(-2.144663847595,-4.200000001092,
    5.394663947595));
#4057 = CARTESIAN_POINT('',(-1.25631499519,-4.150000001092,6.2830128));
#4058 = CARTESIAN_POINT('',(4.088134106975E-14,-4.100000001092,6.2830128
    ));
#4059 = CARTESIAN_POINT('',(1.25631499519,-4.050000001092,6.2830128));
#4060 = CARTESIAN_POINT('',(2.144663847595,-4.000000001092,
    5.394663947595));
#4061 = CARTESIAN_POINT('',(3.0330127,-3.950000001092,4.50631509519));
#4062 = CARTESIAN_POINT('',(3.0330127,-3.900000001092,3.2500001));
#4063 = CARTESIAN_POINT('',(3.0330127,-3.850000001092,1.99368510481));
#4064 = CARTESIAN_POINT('',(2.144663847595,-3.800000001092,
    1.105336252405));
#4065 = CARTESIAN_POINT('',(1.25631499519,-3.750000001092,0.2169874));
#4066 = CARTESIAN_POINT('',(3.888029600436E-14,-3.700000001093,0.2169874
    ));
#4067 = CARTESIAN_POINT('',(-1.25631499519,-3.650000001093,0.2169874));
#4068 = CARTESIAN_POINT('',(-2.144663847595,-3.600000001093,
    1.105336252405));
#4069 = CARTESIAN_POINT('',(-3.0330127,-3.550000001093,1.99368510481));
#4070 = CARTESIAN_POINT('',(-3.0330127,-3.500000001092,3.2500001));
#4071 = CARTESIAN_POINT('',(-3.0330127,-3.450000001092,4.50631509519));
#4072 = CARTESIAN_POINT('',(-2.144663847595,-3.400000001092,
    5.394663947595));
#4073 = CARTESIAN_POINT('',(-1.25631499519,-3.350000001092,6.2830128));
#4074 = CARTESIAN_POINT('',(3.539350322104E-14,-3.300000001092,6.2830128
    ));
#4075 = CARTESIAN_POINT('',(1.25631499519,-3.250000001092,6.2830128));
#4076 = CARTESIAN_POINT('',(2.144663847595,-3.200000001092,
    5.394663947595));
#4077 = CARTESIAN_POINT('',(3.0330127,-3.150000001092,4.50631509519));
#4078 = CARTESIAN_POINT('',(3.0330127,-3.100000001092,3.2500001));
#4079 = CARTESIAN_POINT('',(3.0330127,-3.050000001092,1.99368510481));
#4080 = CARTESIAN_POINT('',(2.144663847595,-3.000000001092,
    1.105336252405));
#4081 = CARTESIAN_POINT('',(1.25631499519,-2.950000001092,0.2169874));
#4082 = CARTESIAN_POINT('',(3.339245815565E-14,-2.900000001093,0.2169874
    ));
#4083 = CARTESIAN_POINT('',(-1.25631499519,-2.850000001093,0.2169874));
#4084 = CARTESIAN_POINT('',(-2.144663847595,-2.800000001093,
    1.105336252405));
#4085 = CARTESIAN_POINT('',(-3.0330127,-2.750000001093,1.99368510481));
#4086 = CARTESIAN_POINT('',(-3.0330127,-2.700000001092,3.2500001));
#4087 = CARTESIAN_POINT('',(-3.0330127,-2.650000001092,4.50631509519));
#4088 = CARTESIAN_POINT('',(-2.144663847595,-2.600000001092,
    5.394663947595));
#4089 = CARTESIAN_POINT('',(-1.25631499519,-2.550000001092,6.2830128));
#4090 = CARTESIAN_POINT('',(2.990566537233E-14,-2.500000001092,6.2830128
    ));
#4091 = CARTESIAN_POINT('',(1.25631499519,-2.450000001092,6.2830128));
#4092 = CARTESIAN_POINT('',(2.144663847595,-2.400000001092,
    5.394663947595));
#4093 = CARTESIAN_POINT('',(3.0330127,-2.350000001092,4.50631509519));
#4094 = CARTESIAN_POINT('',(3.0330127,-2.300000001092,3.2500001));
#4095 = CARTESIAN_POINT('',(3.0330127,-2.250000001092,1.99368510481));
#4096 = CARTESIAN_POINT('',(2.144663847595,-2.200000001092,
    1.105336252405));
#4097 = CARTESIAN_POINT('',(1.25631499519,-2.150000001092,0.2169874));
#4098 = CARTESIAN_POINT('',(2.790462030694E-14,-2.100000001093,0.2169874
    ));
#4099 = CARTESIAN_POINT('',(-1.25631499519,-2.050000001093,0.2169874));
#4100 = CARTESIAN_POINT('',(-2.144663847595,-2.000000001093,
    1.105336252405));
#4101 = CARTESIAN_POINT('',(-3.0330127,-1.950000001093,1.99368510481));
#4102 = CARTESIAN_POINT('',(-3.0330127,-1.900000001092,3.2500001));
#4103 = CARTESIAN_POINT('',(-3.0330127,-1.850000001092,4.50631509519));
#4104 = CARTESIAN_POINT('',(-2.144663847595,-1.800000001092,
    5.394663947595));
#4105 = CARTESIAN_POINT('',(-1.25631499519,-1.750000001092,6.2830128));
#4106 = CARTESIAN_POINT('',(2.441782752361E-14,-1.700000001092,6.2830128
    ));
#4107 = CARTESIAN_POINT('',(1.25631499519,-1.650000001092,6.2830128));
#4108 = CARTESIAN_POINT('',(2.144663847595,-1.600000001092,
    5.394663947595));
#4109 = CARTESIAN_POINT('',(3.0330127,-1.550000001092,4.50631509519));
#4110 = CARTESIAN_POINT('',(3.0330127,-1.500000001092,3.2500001));
#4111 = ADVANCED_FACE('',(#4112),#4127,.F.);
#4112 = FACE_BOUND('',#4113,.F.);
#4113 = EDGE_LOOP('',(#4114,#4115,#4116,#4117,#4118,#4119,#4120,#4121,
    #4122,#4123,#4124,#4125,#4126));
#4114 = ORIENTED_EDGE('',*,*,#638,.T.);
#4115 = ORIENTED_EDGE('',*,*,#905,.T.);
#4116 = ORIENTED_EDGE('',*,*,#694,.T.);
#4117 = ORIENTED_EDGE('',*,*,#945,.T.);
#4118 = ORIENTED_EDGE('',*,*,#750,.T.);
#4119 = ORIENTED_EDGE('',*,*,#985,.T.);
#4120 = ORIENTED_EDGE('',*,*,#806,.T.);
#4121 = ORIENTED_EDGE('',*,*,#1025,.T.);
#4122 = ORIENTED_EDGE('',*,*,#520,.T.);
#4123 = ORIENTED_EDGE('',*,*,#2470,.T.);
#4124 = ORIENTED_EDGE('',*,*,#3587,.T.);
#4125 = ORIENTED_EDGE('',*,*,#3600,.F.);
#4126 = ORIENTED_EDGE('',*,*,#3553,.T.);
#4127 = ( BOUNDED_SURFACE() B_SPLINE_SURFACE(1,2,(
    (#4128,#4129,#4130,#4131,#4132,#4133,#4134,#4135,#4136,#4137,#4138
      ,#4139,#4140,#4141,#4142,#4143,#4144,#4145,#4146,#4147,#4148,#4149
      ,#4150,#4151,#4152,#4153,#4154,#4155,#4156,#4157,#4158,#4159,#4160
      ,#4161,#4162,#4163,#4164,#4165,#4166,#4167,#4168,#4169,#4170,#4171
      ,#4172,#4173,#4174,#4175,#4176,#4177,#4178,#4179,#4180,#4181,#4182
      ,#4183,#4184,#4185,#4186,#4187,#4188,#4189,#4190,#4191,#4192,#4193
      ,#4194,#4195,#4196,#4197,#4198,#4199,#4200,#4201,#4202,#4203,#4204
      ,#4205,#4206,#4207,#4208)
    ,(#4209,#4210,#4211,#4212,#4213,#4214,#4215,#4216,#4217,#4218,#4219
      ,#4220,#4221,#4222,#4223,#4224,#4225,#4226,#4227,#4228,#4229,#4230
      ,#4231,#4232,#4233,#4234,#4235,#4236,#4237,#4238,#4239,#4240,#4241
      ,#4242,#4243,#4244,#4245,#4246,#4247,#4248,#4249,#4250,#4251,#4252
      ,#4253,#4254,#4255,#4256,#4257,#4258,#4259,#4260,#4261,#4262,#4263
      ,#4264,#4265,#4266,#4267,#4268,#4269,#4270,#4271,#4272,#4273,#4274
      ,#4275,#4276,#4277,#4278,#4279,#4280,#4281,#4282,#4283,#4284,#4285
      ,#4286,#4287,#4288,#4289
)),.UNSPECIFIED.,.F.,.F.,.F.) B_SPLINE_SURFACE_WITH_KNOTS((2,2),(3,2,2,2
    ,2,2,2,2,2,2,2,2,2,2,2,2,2,2,2,2,2,2,2,2,2,2,2,2,2,2,2,2,2,2,2,2,2,2
    ,2,2,3),(0.,1.),(0.,2.5E-02,5.E-02,7.5E-02,0.1,0.125,0.15,0.175,0.2,
    0.225,0.25,0.275,0.3,0.325,0.35,0.375,0.4,0.425,0.45,0.475,0.5,0.525
    ,0.55,0.575,0.6,0.625,0.65,0.675,0.7,0.725,0.75,0.775,0.8,0.825,0.85
    ,0.875,0.9,0.925,0.95,0.975,1.),.PIECEWISE_BEZIER_KNOTS.) 
GEOMETRIC_REPRESENTATION_ITEM() RATIONAL_B_SPLINE_SURFACE((
    (1.,0.923879532511,1.,0.923879532511,1.,0.923879532511,1.
      ,0.923879532511,1.,0.923879532511,1.,0.923879532511,1.
      ,0.923879532511,1.,0.923879532511,1.,0.923879532511,1.
      ,0.923879532511,1.,0.923879532511,1.,0.923879532511,1.
      ,0.923879532511,1.,0.923879532511,1.,0.923879532511,1.
      ,0.923879532511,1.,0.923879532511,1.,0.923879532511,1.
      ,0.923879532511,1.,0.923879532511,1.,0.923879532511,1.
      ,0.923879532511,1.,0.923879532511,1.,0.923879532511,1.
      ,0.923879532511,1.,0.923879532511,1.,0.923879532511,1.
      ,0.923879532511,1.,0.923879532511,1.,0.923879532511,1.
      ,0.923879532511,1.,0.923879532511,1.,0.923879532511,1.
      ,0.923879532511,1.,0.923879532511,1.,0.923879532511,1.
      ,0.923879532511,1.,0.923879532511,1.,0.923879532511,1.
      ,0.923879532511,1.)
    ,(1.,0.923879532511,1.,0.923879532511,1.,0.923879532511,1.
      ,0.923879532511,1.,0.923879532511,1.,0.923879532511,1.
      ,0.923879532511,1.,0.923879532511,1.,0.923879532511,1.
      ,0.923879532511,1.,0.923879532511,1.,0.923879532511,1.
      ,0.923879532511,1.,0.923879532511,1.,0.923879532511,1.
      ,0.923879532511,1.,0.923879532511,1.,0.923879532511,1.
      ,0.923879532511,1.,0.923879532511,1.,0.923879532511,1.
      ,0.923879532511,1.,0.923879532511,1.,0.923879532511,1.
      ,0.923879532511,1.,0.923879532511,1.,0.923879532511,1.
      ,0.923879532511,1.,0.923879532511,1.,0.923879532511,1.
      ,0.923879532511,1.,0.923879532511,1.,0.923879532511,1.
      ,0.923879532511,1.,0.923879532511,1.,0.923879532511,1.
      ,0.923879532511,1.,0.923879532511,1.,0.923879532511,1.
,0.923879532511,1.))) REPRESENTATION_ITEM('') SURFACE() );
#4128 = CARTESIAN_POINT('',(3.0330127,-5.400000001092,3.2500001));
#4129 = CARTESIAN_POINT('',(3.0330127,-5.350000001092,1.99368510481));
#4130 = CARTESIAN_POINT('',(2.144663847595,-5.300000001092,
    1.105336252405));
#4131 = CARTESIAN_POINT('',(1.25631499519,-5.250000001092,0.2169874));
#4132 = CARTESIAN_POINT('',(4.91699919707E-14,-5.200000001093,0.2169874)
  );
#4133 = CARTESIAN_POINT('',(-1.25631499519,-5.150000001093,0.2169874));
#4134 = CARTESIAN_POINT('',(-2.144663847595,-5.100000001093,
    1.105336252405));
#4135 = CARTESIAN_POINT('',(-3.0330127,-5.050000001093,1.99368510481));
#4136 = CARTESIAN_POINT('',(-3.0330127,-5.000000001092,3.2500001));
#4137 = CARTESIAN_POINT('',(-3.0330127,-4.950000001092,4.50631509519));
#4138 = CARTESIAN_POINT('',(-2.144663847595,-4.900000001092,
    5.394663947595));
#4139 = CARTESIAN_POINT('',(-1.25631499519,-4.850000001092,6.2830128));
#4140 = CARTESIAN_POINT('',(4.568319918738E-14,-4.800000001092,6.2830128
    ));
#4141 = CARTESIAN_POINT('',(1.25631499519,-4.750000001092,6.2830128));
#4142 = CARTESIAN_POINT('',(2.144663847595,-4.700000001092,
    5.394663947595));
#4143 = CARTESIAN_POINT('',(3.0330127,-4.650000001092,4.50631509519));
#4144 = CARTESIAN_POINT('',(3.0330127,-4.600000001092,3.2500001));
#4145 = CARTESIAN_POINT('',(3.0330127,-4.550000001092,1.99368510481));
#4146 = CARTESIAN_POINT('',(2.144663847595,-4.500000001092,
    1.105336252405));
#4147 = CARTESIAN_POINT('',(1.25631499519,-4.450000001092,0.2169874));
#4148 = CARTESIAN_POINT('',(4.368215412199E-14,-4.400000001093,0.2169874
    ));
#4149 = CARTESIAN_POINT('',(-1.25631499519,-4.350000001093,0.2169874));
#4150 = CARTESIAN_POINT('',(-2.144663847595,-4.300000001093,
    1.105336252405));
#4151 = CARTESIAN_POINT('',(-3.0330127,-4.250000001093,1.99368510481));
#4152 = CARTESIAN_POINT('',(-3.0330127,-4.200000001092,3.2500001));
#4153 = CARTESIAN_POINT('',(-3.0330127,-4.150000001092,4.50631509519));
#4154 = CARTESIAN_POINT('',(-2.144663847595,-4.100000001092,
    5.394663947595));
#4155 = CARTESIAN_POINT('',(-1.25631499519,-4.050000001092,6.2830128));
#4156 = CARTESIAN_POINT('',(4.019536133866E-14,-4.000000001092,6.2830128
    ));
#4157 = CARTESIAN_POINT('',(1.25631499519,-3.950000001092,6.2830128));
#4158 = CARTESIAN_POINT('',(2.144663847595,-3.900000001092,
    5.394663947595));
#4159 = CARTESIAN_POINT('',(3.0330127,-3.850000001092,4.50631509519));
#4160 = CARTESIAN_POINT('',(3.0330127,-3.800000001092,3.2500001));
#4161 = CARTESIAN_POINT('',(3.0330127,-3.750000001092,1.99368510481));
#4162 = CARTESIAN_POINT('',(2.144663847595,-3.700000001092,
    1.105336252405));
#4163 = CARTESIAN_POINT('',(1.25631499519,-3.650000001092,0.2169874));
#4164 = CARTESIAN_POINT('',(3.819431627327E-14,-3.600000001093,0.2169874
    ));
#4165 = CARTESIAN_POINT('',(-1.25631499519,-3.550000001093,0.2169874));
#4166 = CARTESIAN_POINT('',(-2.144663847595,-3.500000001093,
    1.105336252405));
#4167 = CARTESIAN_POINT('',(-3.0330127,-3.450000001093,1.99368510481));
#4168 = CARTESIAN_POINT('',(-3.0330127,-3.400000001092,3.2500001));
#4169 = CARTESIAN_POINT('',(-3.0330127,-3.350000001092,4.50631509519));
#4170 = CARTESIAN_POINT('',(-2.144663847595,-3.300000001092,
    5.394663947595));
#4171 = CARTESIAN_POINT('',(-1.25631499519,-3.250000001092,6.2830128));
#4172 = CARTESIAN_POINT('',(3.470752348995E-14,-3.200000001092,6.2830128
    ));
#4173 = CARTESIAN_POINT('',(1.25631499519,-3.150000001092,6.2830128));
#4174 = CARTESIAN_POINT('',(2.144663847595,-3.100000001092,
    5.394663947595));
#4175 = CARTESIAN_POINT('',(3.0330127,-3.050000001092,4.50631509519));
#4176 = CARTESIAN_POINT('',(3.0330127,-3.000000001092,3.2500001));
#4177 = CARTESIAN_POINT('',(3.0330127,-2.950000001092,1.99368510481));
#4178 = CARTESIAN_POINT('',(2.144663847595,-2.900000001092,
    1.105336252405));
#4179 = CARTESIAN_POINT('',(1.25631499519,-2.850000001092,0.2169874));
#4180 = CARTESIAN_POINT('',(3.270647842456E-14,-2.800000001093,0.2169874
    ));
#4181 = CARTESIAN_POINT('',(-1.25631499519,-2.750000001093,0.2169874));
#4182 = CARTESIAN_POINT('',(-2.144663847595,-2.700000001093,
    1.105336252405));
#4183 = CARTESIAN_POINT('',(-3.0330127,-2.650000001093,1.99368510481));
#4184 = CARTESIAN_POINT('',(-3.0330127,-2.600000001092,3.2500001));
#4185 = CARTESIAN_POINT('',(-3.0330127,-2.550000001092,4.50631509519));
#4186 = CARTESIAN_POINT('',(-2.144663847595,-2.500000001092,
    5.394663947595));
#4187 = CARTESIAN_POINT('',(-1.25631499519,-2.450000001092,6.2830128));
#4188 = CARTESIAN_POINT('',(2.921968564124E-14,-2.400000001092,6.2830128
    ));
#4189 = CARTESIAN_POINT('',(1.25631499519,-2.350000001092,6.2830128));
#4190 = CARTESIAN_POINT('',(2.144663847595,-2.300000001092,
    5.394663947595));
#4191 = CARTESIAN_POINT('',(3.0330127,-2.250000001092,4.50631509519));
#4192 = CARTESIAN_POINT('',(3.0330127,-2.200000001092,3.2500001));
#4193 = CARTESIAN_POINT('',(3.0330127,-2.150000001092,1.99368510481));
#4194 = CARTESIAN_POINT('',(2.144663847595,-2.100000001092,
    1.105336252405));
#4195 = CARTESIAN_POINT('',(1.25631499519,-2.050000001092,0.2169874));
#4196 = CARTESIAN_POINT('',(2.721864057585E-14,-2.000000001093,0.2169874
    ));
#4197 = CARTESIAN_POINT('',(-1.25631499519,-1.950000001093,0.2169874));
#4198 = CARTESIAN_POINT('',(-2.144663847595,-1.900000001093,
    1.105336252405));
#4199 = CARTESIAN_POINT('',(-3.0330127,-1.850000001093,1.99368510481));
#4200 = CARTESIAN_POINT('',(-3.0330127,-1.800000001092,3.2500001));
#4201 = CARTESIAN_POINT('',(-3.0330127,-1.750000001092,4.50631509519));
#4202 = CARTESIAN_POINT('',(-2.144663847595,-1.700000001092,
    5.394663947595));
#4203 = CARTESIAN_POINT('',(-1.25631499519,-1.650000001092,6.2830128));
#4204 = CARTESIAN_POINT('',(2.373184779252E-14,-1.600000001092,6.2830128
    ));
#4205 = CARTESIAN_POINT('',(1.25631499519,-1.550000001092,6.2830128));
#4206 = CARTESIAN_POINT('',(2.144663847595,-1.500000001092,
    5.394663947595));
#4207 = CARTESIAN_POINT('',(3.0330127,-1.450000001092,4.50631509519));
#4208 = CARTESIAN_POINT('',(3.0330127,-1.400000001092,3.2500001));
#4209 = CARTESIAN_POINT('',(2.6,-5.150000002185,3.2500001));
#4210 = CARTESIAN_POINT('',(2.6,-5.100000002185,2.17304483783));
#4211 = CARTESIAN_POINT('',(1.838477631085,-5.050000002185,
    1.411522468915));
#4212 = CARTESIAN_POINT('',(1.07695526217,-5.000000002185,0.6500001));
#4213 = CARTESIAN_POINT('',(4.742852826962E-14,-4.950000002185,0.6500001
    ));
#4214 = CARTESIAN_POINT('',(-1.07695526217,-4.900000002185,0.6500001));
#4215 = CARTESIAN_POINT('',(-1.838477631085,-4.850000002185,
    1.411522468915));
#4216 = CARTESIAN_POINT('',(-2.6,-4.800000002185,2.17304483783));
#4217 = CARTESIAN_POINT('',(-2.6,-4.750000002185,3.2500001));
#4218 = CARTESIAN_POINT('',(-2.6,-4.700000002185,4.32695536217));
#4219 = CARTESIAN_POINT('',(-1.838477631085,-4.650000002185,
    5.088477731085));
#4220 = CARTESIAN_POINT('',(-1.07695526217,-4.600000002185,5.8500001));
#4221 = CARTESIAN_POINT('',(4.404779300971E-14,-4.550000002185,5.8500001
    ));
#4222 = CARTESIAN_POINT('',(1.07695526217,-4.500000002185,5.8500001));
#4223 = CARTESIAN_POINT('',(1.838477631085,-4.450000002185,
    5.088477731085));
#4224 = CARTESIAN_POINT('',(2.6,-4.400000002185,4.32695536217));
#4225 = CARTESIAN_POINT('',(2.6,-4.350000002185,3.2500001));
#4226 = CARTESIAN_POINT('',(2.6,-4.300000002185,2.17304483783));
#4227 = CARTESIAN_POINT('',(1.838477631085,-4.250000002185,
    1.411522468915));
#4228 = CARTESIAN_POINT('',(1.07695526217,-4.200000002185,0.6500001));
#4229 = CARTESIAN_POINT('',(4.194069042091E-14,-4.150000002185,0.6500001
    ));
#4230 = CARTESIAN_POINT('',(-1.07695526217,-4.100000002185,0.6500001));
#4231 = CARTESIAN_POINT('',(-1.838477631085,-4.050000002185,
    1.411522468915));
#4232 = CARTESIAN_POINT('',(-2.6,-4.000000002185,2.17304483783));
#4233 = CARTESIAN_POINT('',(-2.6,-3.950000002185,3.2500001));
#4234 = CARTESIAN_POINT('',(-2.6,-3.900000002185,4.32695536217));
#4235 = CARTESIAN_POINT('',(-1.838477631085,-3.850000002185,
    5.088477731085));
#4236 = CARTESIAN_POINT('',(-1.07695526217,-3.800000002185,5.8500001));
#4237 = CARTESIAN_POINT('',(3.855995516099E-14,-3.750000002185,5.8500001
    ));
#4238 = CARTESIAN_POINT('',(1.07695526217,-3.700000002185,5.8500001));
#4239 = CARTESIAN_POINT('',(1.838477631085,-3.650000002185,
    5.088477731085));
#4240 = CARTESIAN_POINT('',(2.6,-3.600000002185,4.32695536217));
#4241 = CARTESIAN_POINT('',(2.6,-3.550000002185,3.2500001));
#4242 = CARTESIAN_POINT('',(2.6,-3.500000002185,2.17304483783));
#4243 = CARTESIAN_POINT('',(1.838477631085,-3.450000002185,
    1.411522468915));
#4244 = CARTESIAN_POINT('',(1.07695526217,-3.400000002185,0.6500001));
#4245 = CARTESIAN_POINT('',(3.645285257219E-14,-3.350000002185,0.6500001
    ));
#4246 = CARTESIAN_POINT('',(-1.07695526217,-3.300000002185,0.6500001));
#4247 = CARTESIAN_POINT('',(-1.838477631085,-3.250000002185,
    1.411522468915));
#4248 = CARTESIAN_POINT('',(-2.6,-3.200000002185,2.17304483783));
#4249 = CARTESIAN_POINT('',(-2.6,-3.150000002185,3.2500001));
#4250 = CARTESIAN_POINT('',(-2.6,-3.100000002185,4.32695536217));
#4251 = CARTESIAN_POINT('',(-1.838477631085,-3.050000002185,
    5.088477731085));
#4252 = CARTESIAN_POINT('',(-1.07695526217,-3.000000002185,5.8500001));
#4253 = CARTESIAN_POINT('',(3.307211731228E-14,-2.950000002185,5.8500001
    ));
#4254 = CARTESIAN_POINT('',(1.07695526217,-2.900000002185,5.8500001));
#4255 = CARTESIAN_POINT('',(1.838477631085,-2.850000002185,
    5.088477731085));
#4256 = CARTESIAN_POINT('',(2.6,-2.800000002185,4.32695536217));
#4257 = CARTESIAN_POINT('',(2.6,-2.750000002185,3.2500001));
#4258 = CARTESIAN_POINT('',(2.6,-2.700000002185,2.17304483783));
#4259 = CARTESIAN_POINT('',(1.838477631085,-2.650000002185,
    1.411522468915));
#4260 = CARTESIAN_POINT('',(1.07695526217,-2.600000002185,0.6500001));
#4261 = CARTESIAN_POINT('',(3.096501472348E-14,-2.550000002185,0.6500001
    ));
#4262 = CARTESIAN_POINT('',(-1.07695526217,-2.500000002185,0.6500001));
#4263 = CARTESIAN_POINT('',(-1.838477631085,-2.450000002185,
    1.411522468915));
#4264 = CARTESIAN_POINT('',(-2.6,-2.400000002185,2.17304483783));
#4265 = CARTESIAN_POINT('',(-2.6,-2.350000002185,3.2500001));
#4266 = CARTESIAN_POINT('',(-2.6,-2.300000002185,4.32695536217));
#4267 = CARTESIAN_POINT('',(-1.838477631085,-2.250000002185,
    5.088477731085));
#4268 = CARTESIAN_POINT('',(-1.07695526217,-2.200000002185,5.8500001));
#4269 = CARTESIAN_POINT('',(2.758427946357E-14,-2.150000002185,5.8500001
    ));
#4270 = CARTESIAN_POINT('',(1.07695526217,-2.100000002185,5.8500001));
#4271 = CARTESIAN_POINT('',(1.838477631085,-2.050000002185,
    5.088477731085));
#4272 = CARTESIAN_POINT('',(2.6,-2.000000002185,4.32695536217));
#4273 = CARTESIAN_POINT('',(2.6,-1.950000002185,3.2500001));
#4274 = CARTESIAN_POINT('',(2.6,-1.900000002185,2.17304483783));
#4275 = CARTESIAN_POINT('',(1.838477631085,-1.850000002185,
    1.411522468915));
#4276 = CARTESIAN_POINT('',(1.07695526217,-1.800000002185,0.6500001));
#4277 = CARTESIAN_POINT('',(2.547717687477E-14,-1.750000002185,0.6500001
    ));
#4278 = CARTESIAN_POINT('',(-1.07695526217,-1.700000002185,0.6500001));
#4279 = CARTESIAN_POINT('',(-1.838477631085,-1.650000002185,
    1.411522468915));
#4280 = CARTESIAN_POINT('',(-2.6,-1.600000002185,2.17304483783));
#4281 = CARTESIAN_POINT('',(-2.6,-1.550000002185,3.2500001));
#4282 = CARTESIAN_POINT('',(-2.6,-1.500000002185,4.32695536217));
#4283 = CARTESIAN_POINT('',(-1.838477631085,-1.450000002185,
    5.088477731085));
#4284 = CARTESIAN_POINT('',(-1.07695526217,-1.400000002185,5.8500001));
#4285 = CARTESIAN_POINT('',(2.209644161485E-14,-1.350000002185,5.8500001
    ));
#4286 = CARTESIAN_POINT('',(1.07695526217,-1.300000002185,5.8500001));
#4287 = CARTESIAN_POINT('',(1.838477631085,-1.250000002185,
    5.088477731085));
#4288 = CARTESIAN_POINT('',(2.6,-1.200000002185,4.32695536217));
#4289 = CARTESIAN_POINT('',(2.6,-1.150000002185,3.2500001));
#4290 = ADVANCED_FACE('',(#4291),#4313,.F.);
#4291 = FACE_BOUND('',#4292,.T.);
#4292 = EDGE_LOOP('',(#4293,#4294,#4301,#4308));
#4293 = ORIENTED_EDGE('',*,*,#1537,.T.);
#4294 = ORIENTED_EDGE('',*,*,#4295,.F.);
#4295 = EDGE_CURVE('',#4296,#1540,#4298,.T.);
#4296 = VERTEX_POINT('',#4297);
#4297 = CARTESIAN_POINT('',(0.180057155616,2.115861946494,6.5001001));
#4298 = B_SPLINE_CURVE_WITH_KNOTS('',1,(#4299,#4300),.UNSPECIFIED.,.F.,
  .F.,(2,2),(-0.,9.999999999355E-05),.PIECEWISE_BEZIER_KNOTS.);
#4299 = CARTESIAN_POINT('',(0.180057155616,2.115861946494,6.5001001));
#4300 = CARTESIAN_POINT('',(0.180057155616,2.115861946494,6.5000001));
#4301 = ORIENTED_EDGE('',*,*,#4302,.F.);
#4302 = EDGE_CURVE('',#4303,#4296,#4305,.T.);
#4303 = VERTEX_POINT('',#4304);
#4304 = CARTESIAN_POINT('',(0.180057155616,2.09267534496,6.5001001));
#4305 = B_SPLINE_CURVE_WITH_KNOTS('',1,(#4306,#4307),.UNSPECIFIED.,.F.,
  .F.,(2,2),(-2.318660153378E-02,0.),.PIECEWISE_BEZIER_KNOTS.);
#4306 = CARTESIAN_POINT('',(0.180057155616,2.09267534496,6.5001001));
#4307 = CARTESIAN_POINT('',(0.180057155616,2.115861946494,6.5001001));
#4308 = ORIENTED_EDGE('',*,*,#4309,.T.);
#4309 = EDGE_CURVE('',#4303,#1538,#4310,.T.);
#4310 = B_SPLINE_CURVE_WITH_KNOTS('',1,(#4311,#4312),.UNSPECIFIED.,.F.,
  .F.,(2,2),(-0.,9.999999999977E-05),.PIECEWISE_BEZIER_KNOTS.);
#4311 = CARTESIAN_POINT('',(0.180057155616,2.09267534496,6.5001001));
#4312 = CARTESIAN_POINT('',(0.180057155616,2.09267534496,6.5000001));
#4313 = B_SPLINE_SURFACE_WITH_KNOTS('',1,1,(
    (#4314,#4315)
    ,(#4316,#4317
    )),.UNSPECIFIED.,.F.,.F.,.F.,(2,2),(2,2),(-9.999999999977E-05,0.),(
    -2.318660153378E-02,0.),.PIECEWISE_BEZIER_KNOTS.);
#4314 = CARTESIAN_POINT('',(0.180057155616,2.09267534496,6.5000001));
#4315 = CARTESIAN_POINT('',(0.180057155616,2.115861946494,6.5000001));
#4316 = CARTESIAN_POINT('',(0.180057155616,2.09267534496,6.5001001));
#4317 = CARTESIAN_POINT('',(0.180057155616,2.115861946494,6.5001001));
#4318 = ADVANCED_FACE('',(#4319),#4335,.F.);
#4319 = FACE_BOUND('',#4320,.T.);
#4320 = EDGE_LOOP('',(#4321,#4322,#4329,#4334));
#4321 = ORIENTED_EDGE('',*,*,#1574,.T.);
#4322 = ORIENTED_EDGE('',*,*,#4323,.F.);
#4323 = EDGE_CURVE('',#4324,#1568,#4326,.T.);
#4324 = VERTEX_POINT('',#4325);
#4325 = CARTESIAN_POINT('',(9.906001393423E-02,2.115861946494,6.5001001)
  );
#4326 = B_SPLINE_CURVE_WITH_KNOTS('',1,(#4327,#4328),.UNSPECIFIED.,.F.,
  .F.,(2,2),(-0.,9.999999999355E-05),.PIECEWISE_BEZIER_KNOTS.);
#4327 = CARTESIAN_POINT('',(9.906001393423E-02,2.115861946494,6.5001001)
  );
#4328 = CARTESIAN_POINT('',(9.906001393423E-02,2.115861946494,6.5000001)
  );
#4329 = ORIENTED_EDGE('',*,*,#4330,.F.);
#4330 = EDGE_CURVE('',#4296,#4324,#4331,.T.);
#4331 = B_SPLINE_CURVE_WITH_KNOTS('',1,(#4332,#4333),.UNSPECIFIED.,.F.,
  .F.,(2,2),(-8.099714168166E-02,-0.),.PIECEWISE_BEZIER_KNOTS.);
#4332 = CARTESIAN_POINT('',(0.180057155616,2.115861946494,6.5001001));
#4333 = CARTESIAN_POINT('',(9.906001393423E-02,2.115861946494,6.5001001)
  );
#4334 = ORIENTED_EDGE('',*,*,#4295,.T.);
#4335 = B_SPLINE_SURFACE_WITH_KNOTS('',1,1,(
    (#4336,#4337)
    ,(#4338,#4339
    )),.UNSPECIFIED.,.F.,.F.,.F.,(2,2),(2,2),(0.,9.999999999977E-05),(0.
    ,8.099714168166E-02),.PIECEWISE_BEZIER_KNOTS.);
#4336 = CARTESIAN_POINT('',(9.906001393423E-02,2.115861946494,6.5001001)
  );
#4337 = CARTESIAN_POINT('',(0.180057155616,2.115861946494,6.5001001));
#4338 = CARTESIAN_POINT('',(9.906001393423E-02,2.115861946494,6.5000001)
  );
#4339 = CARTESIAN_POINT('',(0.180057155616,2.115861946494,6.5000001));
#4340 = ADVANCED_FACE('',(#4341),#4357,.F.);
#4341 = FACE_BOUND('',#4342,.T.);
#4342 = EDGE_LOOP('',(#4343,#4344,#4351,#4356));
#4343 = ORIENTED_EDGE('',*,*,#1567,.T.);
#4344 = ORIENTED_EDGE('',*,*,#4345,.F.);
#4345 = EDGE_CURVE('',#4346,#1561,#4348,.T.);
#4346 = VERTEX_POINT('',#4347);
#4347 = CARTESIAN_POINT('',(9.906001393423E-02,2.296051993392,6.5001001)
  );
#4348 = B_SPLINE_CURVE_WITH_KNOTS('',1,(#4349,#4350),.UNSPECIFIED.,.F.,
  .F.,(2,2),(-0.,9.999999999533E-05),.PIECEWISE_BEZIER_KNOTS.);
#4349 = CARTESIAN_POINT('',(9.906001393423E-02,2.296051993392,6.5001001)
  );
#4350 = CARTESIAN_POINT('',(9.906001393423E-02,2.296051993392,6.5000001)
  );
#4351 = ORIENTED_EDGE('',*,*,#4352,.F.);
#4352 = EDGE_CURVE('',#4324,#4346,#4353,.T.);
#4353 = B_SPLINE_CURVE_WITH_KNOTS('',1,(#4354,#4355),.UNSPECIFIED.,.F.,
  .F.,(2,2),(-0.180190046898,0.),.PIECEWISE_BEZIER_KNOTS.);
#4354 = CARTESIAN_POINT('',(9.906001393423E-02,2.115861946494,6.5001001)
  );
#4355 = CARTESIAN_POINT('',(9.906001393423E-02,2.296051993392,6.5001001)
  );
#4356 = ORIENTED_EDGE('',*,*,#4323,.T.);
#4357 = B_SPLINE_SURFACE_WITH_KNOTS('',1,1,(
    (#4358,#4359)
    ,(#4360,#4361
    )),.UNSPECIFIED.,.F.,.F.,.F.,(2,2),(2,2),(-9.999999999977E-05,0.),(
    -0.180190046898,0.),.PIECEWISE_BEZIER_KNOTS.);
#4358 = CARTESIAN_POINT('',(9.906001393423E-02,2.115861946494,6.5000001)
  );
#4359 = CARTESIAN_POINT('',(9.906001393423E-02,2.296051993392,6.5000001)
  );
#4360 = CARTESIAN_POINT('',(9.906001393423E-02,2.115861946494,6.5001001)
  );
#4361 = CARTESIAN_POINT('',(9.906001393423E-02,2.296051993392,6.5001001)
  );
#4362 = ADVANCED_FACE('',(#4363),#4379,.F.);
#4363 = FACE_BOUND('',#4364,.T.);
#4364 = EDGE_LOOP('',(#4365,#4366,#4373,#4378));
#4365 = ORIENTED_EDGE('',*,*,#1560,.T.);
#4366 = ORIENTED_EDGE('',*,*,#4367,.F.);
#4367 = EDGE_CURVE('',#4368,#1554,#4370,.T.);
#4368 = VERTEX_POINT('',#4369);
#4369 = CARTESIAN_POINT('',(7.280612654734E-02,2.296051993392,6.5001001)
  );
#4370 = B_SPLINE_CURVE_WITH_KNOTS('',1,(#4371,#4372),.UNSPECIFIED.,.F.,
  .F.,(2,2),(-0.,9.999999999533E-05),.PIECEWISE_BEZIER_KNOTS.);
#4371 = CARTESIAN_POINT('',(7.280612654734E-02,2.296051993392,6.5001001)
  );
#4372 = CARTESIAN_POINT('',(7.280612654734E-02,2.296051993392,6.5000001)
  );
#4373 = ORIENTED_EDGE('',*,*,#4374,.F.);
#4374 = EDGE_CURVE('',#4346,#4368,#4375,.T.);
#4375 = B_SPLINE_CURVE_WITH_KNOTS('',1,(#4376,#4377),.UNSPECIFIED.,.F.,
  .F.,(2,2),(-2.625388738689E-02,-0.),.PIECEWISE_BEZIER_KNOTS.);
#4376 = CARTESIAN_POINT('',(9.906001393423E-02,2.296051993392,6.5001001)
  );
#4377 = CARTESIAN_POINT('',(7.280612654734E-02,2.296051993392,6.5001001)
  );
#4378 = ORIENTED_EDGE('',*,*,#4345,.T.);
#4379 = B_SPLINE_SURFACE_WITH_KNOTS('',1,1,(
    (#4380,#4381)
    ,(#4382,#4383
    )),.UNSPECIFIED.,.F.,.F.,.F.,(2,2),(2,2),(0.,9.999999999977E-05),(0.
    ,2.625388738689E-02),.PIECEWISE_BEZIER_KNOTS.);
#4380 = CARTESIAN_POINT('',(7.280612654734E-02,2.296051993392,6.5001001)
  );
#4381 = CARTESIAN_POINT('',(9.906001393423E-02,2.296051993392,6.5001001)
  );
#4382 = CARTESIAN_POINT('',(7.280612654734E-02,2.296051993392,6.5000001)
  );
#4383 = CARTESIAN_POINT('',(9.906001393423E-02,2.296051993392,6.5000001)
  );
#4384 = ADVANCED_FACE('',(#4385),#4401,.F.);
#4385 = FACE_BOUND('',#4386,.T.);
#4386 = EDGE_LOOP('',(#4387,#4388,#4395,#4400));
#4387 = ORIENTED_EDGE('',*,*,#1553,.T.);
#4388 = ORIENTED_EDGE('',*,*,#4389,.F.);
#4389 = EDGE_CURVE('',#4390,#1547,#4392,.T.);
#4390 = VERTEX_POINT('',#4391);
#4391 = CARTESIAN_POINT('',(7.280612654734E-02,2.09267534496,6.5001001)
  );
#4392 = B_SPLINE_CURVE_WITH_KNOTS('',1,(#4393,#4394),.UNSPECIFIED.,.F.,
  .F.,(2,2),(-0.,9.999999999311E-05),.PIECEWISE_BEZIER_KNOTS.);
#4393 = CARTESIAN_POINT('',(7.280612654734E-02,2.09267534496,6.5001001)
  );
#4394 = CARTESIAN_POINT('',(7.280612654734E-02,2.09267534496,6.5000001)
  );
#4395 = ORIENTED_EDGE('',*,*,#4396,.F.);
#4396 = EDGE_CURVE('',#4368,#4390,#4397,.T.);
#4397 = B_SPLINE_CURVE_WITH_KNOTS('',1,(#4398,#4399),.UNSPECIFIED.,.F.,
  .F.,(2,2),(-0.203376648431,-0.),.PIECEWISE_BEZIER_KNOTS.);
#4398 = CARTESIAN_POINT('',(7.280612654734E-02,2.296051993392,6.5001001)
  );
#4399 = CARTESIAN_POINT('',(7.280612654734E-02,2.09267534496,6.5001001)
  );
#4400 = ORIENTED_EDGE('',*,*,#4367,.T.);
#4401 = B_SPLINE_SURFACE_WITH_KNOTS('',1,1,(
    (#4402,#4403)
    ,(#4404,#4405
    )),.UNSPECIFIED.,.F.,.F.,.F.,(2,2),(2,2),(0.,9.999999999977E-05),(0.
    ,0.203376648431),.PIECEWISE_BEZIER_KNOTS.);
#4402 = CARTESIAN_POINT('',(7.280612654734E-02,2.09267534496,6.5001001)
  );
#4403 = CARTESIAN_POINT('',(7.280612654734E-02,2.296051993392,6.5001001)
  );
#4404 = CARTESIAN_POINT('',(7.280612654734E-02,2.09267534496,6.5000001)
  );
#4405 = CARTESIAN_POINT('',(7.280612654734E-02,2.296051993392,6.5000001)
  );
#4406 = ADVANCED_FACE('',(#4407),#4417,.F.);
#4407 = FACE_BOUND('',#4408,.T.);
#4408 = EDGE_LOOP('',(#4409,#4410,#4411,#4416));
#4409 = ORIENTED_EDGE('',*,*,#1546,.T.);
#4410 = ORIENTED_EDGE('',*,*,#4309,.F.);
#4411 = ORIENTED_EDGE('',*,*,#4412,.F.);
#4412 = EDGE_CURVE('',#4390,#4303,#4413,.T.);
#4413 = B_SPLINE_CURVE_WITH_KNOTS('',1,(#4414,#4415),.UNSPECIFIED.,.F.,
  .F.,(2,2),(-0.107251029069,0.),.PIECEWISE_BEZIER_KNOTS.);
#4414 = CARTESIAN_POINT('',(7.280612654734E-02,2.09267534496,6.5001001)
  );
#4415 = CARTESIAN_POINT('',(0.180057155616,2.09267534496,6.5001001));
#4416 = ORIENTED_EDGE('',*,*,#4389,.T.);
#4417 = B_SPLINE_SURFACE_WITH_KNOTS('',1,1,(
    (#4418,#4419)
    ,(#4420,#4421
    )),.UNSPECIFIED.,.F.,.F.,.F.,(2,2),(2,2),(-9.999999999977E-05,0.),(
    -0.107251029069,0.),.PIECEWISE_BEZIER_KNOTS.);
#4418 = CARTESIAN_POINT('',(7.280612654734E-02,2.09267534496,6.5000001)
  );
#4419 = CARTESIAN_POINT('',(0.180057155616,2.09267534496,6.5000001));
#4420 = CARTESIAN_POINT('',(7.280612654734E-02,2.09267534496,6.5001001)
  );
#4421 = CARTESIAN_POINT('',(0.180057155616,2.09267534496,6.5001001));
#4422 = ADVANCED_FACE('',(#4423),#4431,.F.);
#4423 = FACE_BOUND('',#4424,.T.);
#4424 = EDGE_LOOP('',(#4425,#4426,#4427,#4428,#4429,#4430));
#4425 = ORIENTED_EDGE('',*,*,#4302,.T.);
#4426 = ORIENTED_EDGE('',*,*,#4330,.T.);
#4427 = ORIENTED_EDGE('',*,*,#4352,.T.);
#4428 = ORIENTED_EDGE('',*,*,#4374,.T.);
#4429 = ORIENTED_EDGE('',*,*,#4396,.T.);
#4430 = ORIENTED_EDGE('',*,*,#4412,.T.);
#4431 = B_SPLINE_SURFACE_WITH_KNOTS('',1,1,(
    (#4432,#4433)
    ,(#4434,#4435
    )),.UNSPECIFIED.,.F.,.F.,.F.,(2,2),(2,2),(-0.180057155616,
    -7.280612654735E-02),(-0.65732465504,-0.453948006608),
  .PIECEWISE_BEZIER_KNOTS.);
#4432 = CARTESIAN_POINT('',(0.180057155616,2.09267534496,6.5001001));
#4433 = CARTESIAN_POINT('',(0.180057155616,2.296051993392,6.5001001));
#4434 = CARTESIAN_POINT('',(7.280612654734E-02,2.09267534496,6.5001001)
  );
#4435 = CARTESIAN_POINT('',(7.280612654734E-02,2.296051993392,6.5001001)
  );
#4436 = ADVANCED_FACE('',(#4437),#4461,.F.);
#4437 = FACE_BOUND('',#4438,.F.);
#4438 = EDGE_LOOP('',(#4439,#4446,#4455,#4460));
#4439 = ORIENTED_EDGE('',*,*,#4440,.F.);
#4440 = EDGE_CURVE('',#4441,#1384,#4443,.T.);
#4441 = VERTEX_POINT('',#4442);
#4442 = CARTESIAN_POINT('',(0.284344874622,2.089244143836,6.5001001));
#4443 = B_SPLINE_CURVE_WITH_KNOTS('',1,(#4444,#4445),.UNSPECIFIED.,.F.,
  .F.,(2,2),(-0.,9.999999999977E-05),.PIECEWISE_BEZIER_KNOTS.);
#4444 = CARTESIAN_POINT('',(0.284344874622,2.089244143836,6.5001001));
#4445 = CARTESIAN_POINT('',(0.284344874622,2.089244143836,6.5000001));
#4446 = ORIENTED_EDGE('',*,*,#4447,.T.);
#4447 = EDGE_CURVE('',#4441,#4448,#4450,.T.);
#4448 = VERTEX_POINT('',#4449);
#4449 = CARTESIAN_POINT('',(0.340647765791,2.101097384083,6.5001001));
#4450 = B_SPLINE_CURVE_WITH_KNOTS('',3,(#4451,#4452,#4453,#4454),
  .UNSPECIFIED.,.F.,.F.,(4,4),(0.,1.),.PIECEWISE_BEZIER_KNOTS.);
#4451 = CARTESIAN_POINT('',(0.284344874622,2.089244143836,6.5001001));
#4452 = CARTESIAN_POINT('',(0.306907621406,2.089244143836,6.5001001));
#4453 = CARTESIAN_POINT('',(0.325675251796,2.093195223918,6.5001001));
#4454 = CARTESIAN_POINT('',(0.340647765791,2.101097384083,6.5001001));
#4455 = ORIENTED_EDGE('',*,*,#4456,.T.);
#4456 = EDGE_CURVE('',#4448,#1386,#4457,.T.);
#4457 = B_SPLINE_CURVE_WITH_KNOTS('',1,(#4458,#4459),.UNSPECIFIED.,.F.,
  .F.,(2,2),(-0.,9.999999999355E-05),.PIECEWISE_BEZIER_KNOTS.);
#4458 = CARTESIAN_POINT('',(0.340647765791,2.101097384083,6.5001001));
#4459 = CARTESIAN_POINT('',(0.340647765791,2.101097384083,6.5000001));
#4460 = ORIENTED_EDGE('',*,*,#1383,.F.);
#4461 = B_SPLINE_SURFACE_WITH_KNOTS('',3,1,(
    (#4462,#4463)
    ,(#4464,#4465)
    ,(#4466,#4467)
    ,(#4468,#4469
    )),.UNSPECIFIED.,.F.,.F.,.F.,(4,4),(2,2),(0.,1.),(0.,1.),
  .PIECEWISE_BEZIER_KNOTS.);
#4462 = CARTESIAN_POINT('',(0.284344874622,2.089244143836,6.5001001));
#4463 = CARTESIAN_POINT('',(0.284344874622,2.089244143836,6.5000001));
#4464 = CARTESIAN_POINT('',(0.306907621406,2.089244143836,6.5001001));
#4465 = CARTESIAN_POINT('',(0.306907621406,2.089244143836,6.5000001));
#4466 = CARTESIAN_POINT('',(0.325675251796,2.093195223918,6.5001001));
#4467 = CARTESIAN_POINT('',(0.325675251796,2.093195223918,6.5000001));
#4468 = CARTESIAN_POINT('',(0.340647765791,2.101097384083,6.5001001));
#4469 = CARTESIAN_POINT('',(0.340647765791,2.101097384083,6.5000001));
#4470 = ADVANCED_FACE('',(#4471),#4487,.F.);
#4471 = FACE_BOUND('',#4472,.T.);
#4472 = EDGE_LOOP('',(#4473,#4474,#4481,#4486));
#4473 = ORIENTED_EDGE('',*,*,#1500,.T.);
#4474 = ORIENTED_EDGE('',*,*,#4475,.F.);
#4475 = EDGE_CURVE('',#4476,#1492,#4478,.T.);
#4476 = VERTEX_POINT('',#4477);
#4477 = CARTESIAN_POINT('',(0.340647765791,2.126259525658,6.5001001));
#4478 = B_SPLINE_CURVE_WITH_KNOTS('',1,(#4479,#4480),.UNSPECIFIED.,.F.,
  .F.,(2,2),(-0.,9.999999998422E-05),.PIECEWISE_BEZIER_KNOTS.);
#4479 = CARTESIAN_POINT('',(0.340647765791,2.126259525658,6.5001001));
#4480 = CARTESIAN_POINT('',(0.340647765791,2.126259525658,6.5000001));
#4481 = ORIENTED_EDGE('',*,*,#4482,.F.);
#4482 = EDGE_CURVE('',#4448,#4476,#4483,.T.);
#4483 = B_SPLINE_CURVE_WITH_KNOTS('',1,(#4484,#4485),.UNSPECIFIED.,.F.,
  .F.,(2,2),(-2.516214157531E-02,0.),.PIECEWISE_BEZIER_KNOTS.);
#4484 = CARTESIAN_POINT('',(0.340647765791,2.101097384083,6.5001001));
#4485 = CARTESIAN_POINT('',(0.340647765791,2.126259525658,6.5001001));
#4486 = ORIENTED_EDGE('',*,*,#4456,.T.);
#4487 = B_SPLINE_SURFACE_WITH_KNOTS('',1,1,(
    (#4488,#4489)
    ,(#4490,#4491
    )),.UNSPECIFIED.,.F.,.F.,.F.,(2,2),(2,2),(-9.999999999977E-05,0.),(
    -2.516214157531E-02,0.),.PIECEWISE_BEZIER_KNOTS.);
#4488 = CARTESIAN_POINT('',(0.340647765791,2.101097384083,6.5000001));
#4489 = CARTESIAN_POINT('',(0.340647765791,2.126259525658,6.5000001));
#4490 = CARTESIAN_POINT('',(0.340647765791,2.101097384083,6.5001001));
#4491 = CARTESIAN_POINT('',(0.340647765791,2.126259525658,6.5001001));
#4492 = ADVANCED_FACE('',(#4493),#4511,.F.);
#4493 = FACE_BOUND('',#4494,.F.);
#4494 = EDGE_LOOP('',(#4495,#4496,#4505,#4510));
#4495 = ORIENTED_EDGE('',*,*,#4475,.F.);
#4496 = ORIENTED_EDGE('',*,*,#4497,.T.);
#4497 = EDGE_CURVE('',#4476,#4498,#4500,.T.);
#4498 = VERTEX_POINT('',#4499);
#4499 = CARTESIAN_POINT('',(0.288139991017,2.112638696953,6.5001001));
#4500 = B_SPLINE_CURVE_WITH_KNOTS('',3,(#4501,#4502,#4503,#4504),
  .UNSPECIFIED.,.F.,.F.,(4,4),(12.,13.),.PIECEWISE_BEZIER_KNOTS.);
#4501 = CARTESIAN_POINT('',(0.340647765791,2.126259525658,6.5001001));
#4502 = CARTESIAN_POINT('',(0.325779227587,2.117213631785,6.5001001));
#4503 = CARTESIAN_POINT('',(0.308259306697,2.112638696953,6.5001001));
#4504 = CARTESIAN_POINT('',(0.288139991017,2.112638696953,6.5001001));
#4505 = ORIENTED_EDGE('',*,*,#4506,.T.);
#4506 = EDGE_CURVE('',#4498,#1483,#4507,.T.);
#4507 = B_SPLINE_CURVE_WITH_KNOTS('',1,(#4508,#4509),.UNSPECIFIED.,.F.,
  .F.,(2,2),(-0.,9.999999998422E-05),.PIECEWISE_BEZIER_KNOTS.);
#4508 = CARTESIAN_POINT('',(0.288139991017,2.112638696953,6.5001001));
#4509 = CARTESIAN_POINT('',(0.288139991017,2.112638696953,6.5000001));
#4510 = ORIENTED_EDGE('',*,*,#1491,.F.);
#4511 = B_SPLINE_SURFACE_WITH_KNOTS('',3,1,(
    (#4512,#4513)
    ,(#4514,#4515)
    ,(#4516,#4517)
    ,(#4518,#4519
    )),.UNSPECIFIED.,.F.,.F.,.F.,(4,4),(2,2),(12.,13.),(0.,1.),
  .PIECEWISE_BEZIER_KNOTS.);
#4512 = CARTESIAN_POINT('',(0.340647765791,2.126259525658,6.5001001));
#4513 = CARTESIAN_POINT('',(0.340647765791,2.126259525658,6.5000001));
#4514 = CARTESIAN_POINT('',(0.325779227587,2.117213631785,6.5001001));
#4515 = CARTESIAN_POINT('',(0.325779227587,2.117213631785,6.5000001));
#4516 = CARTESIAN_POINT('',(0.308259306697,2.112638696953,6.5001001));
#4517 = CARTESIAN_POINT('',(0.308259306697,2.112638696953,6.5000001));
#4518 = CARTESIAN_POINT('',(0.288139991017,2.112638696953,6.5001001));
#4519 = CARTESIAN_POINT('',(0.288139991017,2.112638696953,6.5000001));
#4520 = ADVANCED_FACE('',(#4521),#4539,.F.);
#4521 = FACE_BOUND('',#4522,.F.);
#4522 = EDGE_LOOP('',(#4523,#4524,#4533,#4538));
#4523 = ORIENTED_EDGE('',*,*,#4506,.F.);
#4524 = ORIENTED_EDGE('',*,*,#4525,.T.);
#4525 = EDGE_CURVE('',#4498,#4526,#4528,.T.);
#4526 = VERTEX_POINT('',#4527);
#4527 = CARTESIAN_POINT('',(0.235892155722,2.13405771003,6.5001001));
#4528 = B_SPLINE_CURVE_WITH_KNOTS('',3,(#4529,#4530,#4531,#4532),
  .UNSPECIFIED.,.F.,.F.,(4,4),(11.,12.),.PIECEWISE_BEZIER_KNOTS.);
#4529 = CARTESIAN_POINT('',(0.288139991017,2.112638696953,6.5001001));
#4530 = CARTESIAN_POINT('',(0.266617002149,2.112638696953,6.5001001));
#4531 = CARTESIAN_POINT('',(0.249201057051,2.119813026576,6.5001001));
#4532 = CARTESIAN_POINT('',(0.235892155722,2.13405771003,6.5001001));
#4533 = ORIENTED_EDGE('',*,*,#4534,.T.);
#4534 = EDGE_CURVE('',#4526,#1474,#4535,.T.);
#4535 = B_SPLINE_CURVE_WITH_KNOTS('',1,(#4536,#4537),.UNSPECIFIED.,.F.,
  .F.,(2,2),(-0.,9.999999998422E-05),.PIECEWISE_BEZIER_KNOTS.);
#4536 = CARTESIAN_POINT('',(0.235892155722,2.13405771003,6.5001001));
#4537 = CARTESIAN_POINT('',(0.235892155722,2.13405771003,6.5000001));
#4538 = ORIENTED_EDGE('',*,*,#1482,.F.);
#4539 = B_SPLINE_SURFACE_WITH_KNOTS('',3,1,(
    (#4540,#4541)
    ,(#4542,#4543)
    ,(#4544,#4545)
    ,(#4546,#4547
    )),.UNSPECIFIED.,.F.,.F.,.F.,(4,4),(2,2),(11.,12.),(0.,1.),
  .PIECEWISE_BEZIER_KNOTS.);
#4540 = CARTESIAN_POINT('',(0.288139991017,2.112638696953,6.5001001));
#4541 = CARTESIAN_POINT('',(0.288139991017,2.112638696953,6.5000001));
#4542 = CARTESIAN_POINT('',(0.266617002149,2.112638696953,6.5001001));
#4543 = CARTESIAN_POINT('',(0.266617002149,2.112638696953,6.5000001));
#4544 = CARTESIAN_POINT('',(0.249201057051,2.119813026576,6.5001001));
#4545 = CARTESIAN_POINT('',(0.249201057051,2.119813026576,6.5000001));
#4546 = CARTESIAN_POINT('',(0.235892155722,2.13405771003,6.5001001));
#4547 = CARTESIAN_POINT('',(0.235892155722,2.13405771003,6.5000001));
#4548 = ADVANCED_FACE('',(#4549),#4567,.F.);
#4549 = FACE_BOUND('',#4550,.F.);
#4550 = EDGE_LOOP('',(#4551,#4552,#4561,#4566));
#4551 = ORIENTED_EDGE('',*,*,#4534,.F.);
#4552 = ORIENTED_EDGE('',*,*,#4553,.T.);
#4553 = EDGE_CURVE('',#4526,#4554,#4556,.T.);
#4554 = VERTEX_POINT('',#4555);
#4555 = CARTESIAN_POINT('',(0.215928803729,2.192076201761,6.5001001));
#4556 = B_SPLINE_CURVE_WITH_KNOTS('',3,(#4557,#4558,#4559,#4560),
  .UNSPECIFIED.,.F.,.F.,(4,4),(10.,11.),.PIECEWISE_BEZIER_KNOTS.);
#4557 = CARTESIAN_POINT('',(0.235892155722,2.13405771003,6.5001001));
#4558 = CARTESIAN_POINT('',(0.222583254393,2.148406369275,6.5001001));
#4559 = CARTESIAN_POINT('',(0.215928803729,2.167745866519,6.5001001));
#4560 = CARTESIAN_POINT('',(0.215928803729,2.192076201761,6.5001001));
#4561 = ORIENTED_EDGE('',*,*,#4562,.T.);
#4562 = EDGE_CURVE('',#4554,#1465,#4563,.T.);
#4563 = B_SPLINE_CURVE_WITH_KNOTS('',1,(#4564,#4565),.UNSPECIFIED.,.F.,
  .F.,(2,2),(-0.,9.999999998422E-05),.PIECEWISE_BEZIER_KNOTS.);
#4564 = CARTESIAN_POINT('',(0.215928803729,2.192076201761,6.5001001));
#4565 = CARTESIAN_POINT('',(0.215928803729,2.192076201761,6.5000001));
#4566 = ORIENTED_EDGE('',*,*,#1473,.F.);
#4567 = B_SPLINE_SURFACE_WITH_KNOTS('',3,1,(
    (#4568,#4569)
    ,(#4570,#4571)
    ,(#4572,#4573)
    ,(#4574,#4575
    )),.UNSPECIFIED.,.F.,.F.,.F.,(4,4),(2,2),(10.,11.),(0.,1.),
  .PIECEWISE_BEZIER_KNOTS.);
#4568 = CARTESIAN_POINT('',(0.235892155722,2.13405771003,6.5001001));
#4569 = CARTESIAN_POINT('',(0.235892155722,2.13405771003,6.5000001));
#4570 = CARTESIAN_POINT('',(0.222583254393,2.148406369275,6.5001001));
#4571 = CARTESIAN_POINT('',(0.222583254393,2.148406369275,6.5000001));
#4572 = CARTESIAN_POINT('',(0.215928803729,2.167745866519,6.5001001));
#4573 = CARTESIAN_POINT('',(0.215928803729,2.167745866519,6.5000001));
#4574 = CARTESIAN_POINT('',(0.215928803729,2.192076201761,6.5001001));
#4575 = CARTESIAN_POINT('',(0.215928803729,2.192076201761,6.5000001));
#4576 = ADVANCED_FACE('',(#4577),#4595,.F.);
#4577 = FACE_BOUND('',#4578,.F.);
#4578 = EDGE_LOOP('',(#4579,#4580,#4589,#4594));
#4579 = ORIENTED_EDGE('',*,*,#4562,.F.);
#4580 = ORIENTED_EDGE('',*,*,#4581,.T.);
#4581 = EDGE_CURVE('',#4554,#4582,#4584,.T.);
#4582 = VERTEX_POINT('',#4583);
#4583 = CARTESIAN_POINT('',(0.237295828909,2.25321396724,6.5001001));
#4584 = B_SPLINE_CURVE_WITH_KNOTS('',3,(#4585,#4586,#4587,#4588),
  .UNSPECIFIED.,.F.,.F.,(4,4),(9.,10.),.PIECEWISE_BEZIER_KNOTS.);
#4585 = CARTESIAN_POINT('',(0.215928803729,2.192076201761,6.5001001));
#4586 = CARTESIAN_POINT('',(0.215928803729,2.217654246502,6.5001001));
#4587 = CARTESIAN_POINT('',(0.223051145455,2.238033501661,6.5001001));
#4588 = CARTESIAN_POINT('',(0.237295828909,2.25321396724,6.5001001));
#4589 = ORIENTED_EDGE('',*,*,#4590,.T.);
#4590 = EDGE_CURVE('',#4582,#1456,#4591,.T.);
#4591 = B_SPLINE_CURVE_WITH_KNOTS('',1,(#4592,#4593),.UNSPECIFIED.,.F.,
  .F.,(2,2),(-0.,9.999999998422E-05),.PIECEWISE_BEZIER_KNOTS.);
#4592 = CARTESIAN_POINT('',(0.237295828909,2.25321396724,6.5001001));
#4593 = CARTESIAN_POINT('',(0.237295828909,2.25321396724,6.5000001));
#4594 = ORIENTED_EDGE('',*,*,#1464,.F.);
#4595 = B_SPLINE_SURFACE_WITH_KNOTS('',3,1,(
    (#4596,#4597)
    ,(#4598,#4599)
    ,(#4600,#4601)
    ,(#4602,#4603
    )),.UNSPECIFIED.,.F.,.F.,.F.,(4,4),(2,2),(9.,10.),(0.,1.),
  .PIECEWISE_BEZIER_KNOTS.);
#4596 = CARTESIAN_POINT('',(0.215928803729,2.192076201761,6.5001001));
#4597 = CARTESIAN_POINT('',(0.215928803729,2.192076201761,6.5000001));
#4598 = CARTESIAN_POINT('',(0.215928803729,2.217654246502,6.5001001));
#4599 = CARTESIAN_POINT('',(0.215928803729,2.217654246502,6.5000001));
#4600 = CARTESIAN_POINT('',(0.223051145455,2.238033501661,6.5001001));
#4601 = CARTESIAN_POINT('',(0.223051145455,2.238033501661,6.5000001));
#4602 = CARTESIAN_POINT('',(0.237295828909,2.25321396724,6.5001001));
#4603 = CARTESIAN_POINT('',(0.237295828909,2.25321396724,6.5000001));
#4604 = ADVANCED_FACE('',(#4605),#4623,.F.);
#4605 = FACE_BOUND('',#4606,.F.);
#4606 = EDGE_LOOP('',(#4607,#4608,#4617,#4622));
#4607 = ORIENTED_EDGE('',*,*,#4590,.F.);
#4608 = ORIENTED_EDGE('',*,*,#4609,.T.);
#4609 = EDGE_CURVE('',#4582,#4610,#4612,.T.);
#4610 = VERTEX_POINT('',#4611);
#4611 = CARTESIAN_POINT('',(0.292714925849,2.275776714023,6.5001001));
#4612 = B_SPLINE_CURVE_WITH_KNOTS('',3,(#4613,#4614,#4615,#4616),
  .UNSPECIFIED.,.F.,.F.,(4,4),(8.,9.),.PIECEWISE_BEZIER_KNOTS.);
#4613 = CARTESIAN_POINT('',(0.237295828909,2.25321396724,6.5001001));
#4614 = CARTESIAN_POINT('',(0.251592500258,2.268290457026,6.5001001));
#4615 = CARTESIAN_POINT('',(0.270048203273,2.275776714023,6.5001001));
#4616 = CARTESIAN_POINT('',(0.292714925849,2.275776714023,6.5001001));
#4617 = ORIENTED_EDGE('',*,*,#4618,.T.);
#4618 = EDGE_CURVE('',#4610,#1447,#4619,.T.);
#4619 = B_SPLINE_CURVE_WITH_KNOTS('',1,(#4620,#4621),.UNSPECIFIED.,.F.,
  .F.,(2,2),(-0.,9.999999998422E-05),.PIECEWISE_BEZIER_KNOTS.);
#4620 = CARTESIAN_POINT('',(0.292714925849,2.275776714023,6.5001001));
#4621 = CARTESIAN_POINT('',(0.292714925849,2.275776714023,6.5000001));
#4622 = ORIENTED_EDGE('',*,*,#1455,.F.);
#4623 = B_SPLINE_SURFACE_WITH_KNOTS('',3,1,(
    (#4624,#4625)
    ,(#4626,#4627)
    ,(#4628,#4629)
    ,(#4630,#4631
    )),.UNSPECIFIED.,.F.,.F.,.F.,(4,4),(2,2),(8.,9.),(0.,1.),
  .PIECEWISE_BEZIER_KNOTS.);
#4624 = CARTESIAN_POINT('',(0.237295828909,2.25321396724,6.5001001));
#4625 = CARTESIAN_POINT('',(0.237295828909,2.25321396724,6.5000001));
#4626 = CARTESIAN_POINT('',(0.251592500258,2.268290457026,6.5001001));
#4627 = CARTESIAN_POINT('',(0.251592500258,2.268290457026,6.5000001));
#4628 = CARTESIAN_POINT('',(0.270048203273,2.275776714023,6.5001001));
#4629 = CARTESIAN_POINT('',(0.270048203273,2.275776714023,6.5000001));
#4630 = CARTESIAN_POINT('',(0.292714925849,2.275776714023,6.5001001));
#4631 = CARTESIAN_POINT('',(0.292714925849,2.275776714023,6.5000001));
#4632 = ADVANCED_FACE('',(#4633),#4651,.F.);
#4633 = FACE_BOUND('',#4634,.F.);
#4634 = EDGE_LOOP('',(#4635,#4636,#4645,#4650));
#4635 = ORIENTED_EDGE('',*,*,#4618,.F.);
#4636 = ORIENTED_EDGE('',*,*,#4637,.T.);
#4637 = EDGE_CURVE('',#4610,#4638,#4640,.T.);
#4638 = VERTEX_POINT('',#4639);
#4639 = CARTESIAN_POINT('',(0.340647765791,2.263715522195,6.5001001));
#4640 = B_SPLINE_CURVE_WITH_KNOTS('',3,(#4641,#4642,#4643,#4644),
  .UNSPECIFIED.,.F.,.F.,(4,4),(7.,8.),.PIECEWISE_BEZIER_KNOTS.);
#4641 = CARTESIAN_POINT('',(0.292714925849,2.275776714023,6.5001001));
#4642 = CARTESIAN_POINT('',(0.310130870947,2.275776714023,6.5001001));
#4643 = CARTESIAN_POINT('',(0.326091154963,2.271825633941,6.5001001));
#4644 = CARTESIAN_POINT('',(0.340647765791,2.263715522195,6.5001001));
#4645 = ORIENTED_EDGE('',*,*,#4646,.T.);
#4646 = EDGE_CURVE('',#4638,#1440,#4647,.T.);
#4647 = B_SPLINE_CURVE_WITH_KNOTS('',1,(#4648,#4649),.UNSPECIFIED.,.F.,
  .F.,(2,2),(-0.,9.999999999488E-05),.PIECEWISE_BEZIER_KNOTS.);
#4648 = CARTESIAN_POINT('',(0.340647765791,2.263715522195,6.5001001));
#4649 = CARTESIAN_POINT('',(0.340647765791,2.263715522195,6.5000001));
#4650 = ORIENTED_EDGE('',*,*,#1446,.F.);
#4651 = B_SPLINE_SURFACE_WITH_KNOTS('',3,1,(
    (#4652,#4653)
    ,(#4654,#4655)
    ,(#4656,#4657)
    ,(#4658,#4659
    )),.UNSPECIFIED.,.F.,.F.,.F.,(4,4),(2,2),(7.,8.),(0.,1.),
  .PIECEWISE_BEZIER_KNOTS.);
#4652 = CARTESIAN_POINT('',(0.292714925849,2.275776714023,6.5001001));
#4653 = CARTESIAN_POINT('',(0.292714925849,2.275776714023,6.5000001));
#4654 = CARTESIAN_POINT('',(0.310130870947,2.275776714023,6.5001001));
#4655 = CARTESIAN_POINT('',(0.310130870947,2.275776714023,6.5000001));
#4656 = CARTESIAN_POINT('',(0.326091154963,2.271825633941,6.5001001));
#4657 = CARTESIAN_POINT('',(0.326091154963,2.271825633941,6.5000001));
#4658 = CARTESIAN_POINT('',(0.340647765791,2.263715522195,6.5001001));
#4659 = CARTESIAN_POINT('',(0.340647765791,2.263715522195,6.5000001));
#4660 = ADVANCED_FACE('',(#4661),#4677,.F.);
#4661 = FACE_BOUND('',#4662,.T.);
#4662 = EDGE_LOOP('',(#4663,#4664,#4671,#4676));
#4663 = ORIENTED_EDGE('',*,*,#1439,.T.);
#4664 = ORIENTED_EDGE('',*,*,#4665,.F.);
#4665 = EDGE_CURVE('',#4666,#1431,#4668,.T.);
#4666 = VERTEX_POINT('',#4667);
#4667 = CARTESIAN_POINT('',(0.340647765791,2.291165131185,6.5001001));
#4668 = B_SPLINE_CURVE_WITH_KNOTS('',1,(#4669,#4670),.UNSPECIFIED.,.F.,
  .F.,(2,2),(-0.,9.999999998422E-05),.PIECEWISE_BEZIER_KNOTS.);
#4669 = CARTESIAN_POINT('',(0.340647765791,2.291165131185,6.5001001));
#4670 = CARTESIAN_POINT('',(0.340647765791,2.291165131185,6.5000001));
#4671 = ORIENTED_EDGE('',*,*,#4672,.F.);
#4672 = EDGE_CURVE('',#4638,#4666,#4673,.T.);
#4673 = B_SPLINE_CURVE_WITH_KNOTS('',1,(#4674,#4675),.UNSPECIFIED.,.F.,
  .F.,(2,2),(-2.744960898998E-02,0.),.PIECEWISE_BEZIER_KNOTS.);
#4674 = CARTESIAN_POINT('',(0.340647765791,2.263715522195,6.5001001));
#4675 = CARTESIAN_POINT('',(0.340647765791,2.291165131185,6.5001001));
#4676 = ORIENTED_EDGE('',*,*,#4646,.T.);
#4677 = B_SPLINE_SURFACE_WITH_KNOTS('',1,1,(
    (#4678,#4679)
    ,(#4680,#4681
    )),.UNSPECIFIED.,.F.,.F.,.F.,(2,2),(2,2),(-9.999999999977E-05,0.),(
    -2.744960898998E-02,0.),.PIECEWISE_BEZIER_KNOTS.);
#4678 = CARTESIAN_POINT('',(0.340647765791,2.263715522195,6.5000001));
#4679 = CARTESIAN_POINT('',(0.340647765791,2.291165131185,6.5000001));
#4680 = CARTESIAN_POINT('',(0.340647765791,2.263715522195,6.5001001));
#4681 = CARTESIAN_POINT('',(0.340647765791,2.291165131185,6.5001001));
#4682 = ADVANCED_FACE('',(#4683),#4701,.F.);
#4683 = FACE_BOUND('',#4684,.F.);
#4684 = EDGE_LOOP('',(#4685,#4686,#4695,#4700));
#4685 = ORIENTED_EDGE('',*,*,#4665,.F.);
#4686 = ORIENTED_EDGE('',*,*,#4687,.T.);
#4687 = EDGE_CURVE('',#4666,#4688,#4690,.T.);
#4688 = VERTEX_POINT('',#4689);
#4689 = CARTESIAN_POINT('',(0.292454986369,2.299483194516,6.5001001));
#4690 = B_SPLINE_CURVE_WITH_KNOTS('',3,(#4691,#4692,#4693,#4694),
  .UNSPECIFIED.,.F.,.F.,(4,4),(5.,6.),.PIECEWISE_BEZIER_KNOTS.);
#4691 = CARTESIAN_POINT('',(0.340647765791,2.291165131185,6.5001001));
#4692 = CARTESIAN_POINT('',(0.327962719212,2.296675848142,6.5001001));
#4693 = CARTESIAN_POINT('',(0.311898459404,2.299483194516,6.5001001));
#4694 = CARTESIAN_POINT('',(0.292454986369,2.299483194516,6.5001001));
#4695 = ORIENTED_EDGE('',*,*,#4696,.T.);
#4696 = EDGE_CURVE('',#4688,#1422,#4697,.T.);
#4697 = B_SPLINE_CURVE_WITH_KNOTS('',1,(#4698,#4699),.UNSPECIFIED.,.F.,
  .F.,(2,2),(-0.,9.999999998422E-05),.PIECEWISE_BEZIER_KNOTS.);
#4698 = CARTESIAN_POINT('',(0.292454986369,2.299483194516,6.5001001));
#4699 = CARTESIAN_POINT('',(0.292454986369,2.299483194516,6.5000001));
#4700 = ORIENTED_EDGE('',*,*,#1430,.F.);
#4701 = B_SPLINE_SURFACE_WITH_KNOTS('',3,1,(
    (#4702,#4703)
    ,(#4704,#4705)
    ,(#4706,#4707)
    ,(#4708,#4709
    )),.UNSPECIFIED.,.F.,.F.,.F.,(4,4),(2,2),(5.,6.),(0.,1.),
  .PIECEWISE_BEZIER_KNOTS.);
#4702 = CARTESIAN_POINT('',(0.340647765791,2.291165131185,6.5001001));
#4703 = CARTESIAN_POINT('',(0.340647765791,2.291165131185,6.5000001));
#4704 = CARTESIAN_POINT('',(0.327962719212,2.296675848142,6.5001001));
#4705 = CARTESIAN_POINT('',(0.327962719212,2.296675848142,6.5000001));
#4706 = CARTESIAN_POINT('',(0.311898459404,2.299483194516,6.5001001));
#4707 = CARTESIAN_POINT('',(0.311898459404,2.299483194516,6.5000001));
#4708 = CARTESIAN_POINT('',(0.292454986369,2.299483194516,6.5001001));
#4709 = CARTESIAN_POINT('',(0.292454986369,2.299483194516,6.5000001));
#4710 = ADVANCED_FACE('',(#4711),#4729,.F.);
#4711 = FACE_BOUND('',#4712,.F.);
#4712 = EDGE_LOOP('',(#4713,#4714,#4723,#4728));
#4713 = ORIENTED_EDGE('',*,*,#4696,.F.);
#4714 = ORIENTED_EDGE('',*,*,#4715,.T.);
#4715 = EDGE_CURVE('',#4688,#4716,#4718,.T.);
#4716 = VERTEX_POINT('',#4717);
#4717 = CARTESIAN_POINT('',(0.217748380082,2.269538166525,6.5001001));
#4718 = B_SPLINE_CURVE_WITH_KNOTS('',3,(#4719,#4720,#4721,#4722),
  .UNSPECIFIED.,.F.,.F.,(4,4),(4.,5.),.PIECEWISE_BEZIER_KNOTS.);
#4719 = CARTESIAN_POINT('',(0.292454986369,2.299483194516,6.5001001));
#4720 = CARTESIAN_POINT('',(0.262250018901,2.299483194516,6.5001001));
#4721 = CARTESIAN_POINT('',(0.237347816805,2.289501518519,6.5001001));
#4722 = CARTESIAN_POINT('',(0.217748380082,2.269538166525,6.5001001));
#4723 = ORIENTED_EDGE('',*,*,#4724,.T.);
#4724 = EDGE_CURVE('',#4716,#1413,#4725,.T.);
#4725 = B_SPLINE_CURVE_WITH_KNOTS('',1,(#4726,#4727),.UNSPECIFIED.,.F.,
  .F.,(2,2),(-0.,9.999999998422E-05),.PIECEWISE_BEZIER_KNOTS.);
#4726 = CARTESIAN_POINT('',(0.217748380082,2.269538166525,6.5001001));
#4727 = CARTESIAN_POINT('',(0.217748380082,2.269538166525,6.5000001));
#4728 = ORIENTED_EDGE('',*,*,#1421,.F.);
#4729 = B_SPLINE_SURFACE_WITH_KNOTS('',3,1,(
    (#4730,#4731)
    ,(#4732,#4733)
    ,(#4734,#4735)
    ,(#4736,#4737
    )),.UNSPECIFIED.,.F.,.F.,.F.,(4,4),(2,2),(4.,5.),(0.,1.),
  .PIECEWISE_BEZIER_KNOTS.);
#4730 = CARTESIAN_POINT('',(0.292454986369,2.299483194516,6.5001001));
#4731 = CARTESIAN_POINT('',(0.292454986369,2.299483194516,6.5000001));
#4732 = CARTESIAN_POINT('',(0.262250018901,2.299483194516,6.5001001));
#4733 = CARTESIAN_POINT('',(0.262250018901,2.299483194516,6.5000001));
#4734 = CARTESIAN_POINT('',(0.237347816805,2.289501518519,6.5001001));
#4735 = CARTESIAN_POINT('',(0.237347816805,2.289501518519,6.5000001));
#4736 = CARTESIAN_POINT('',(0.217748380082,2.269538166525,6.5001001));
#4737 = CARTESIAN_POINT('',(0.217748380082,2.269538166525,6.5000001));
#4738 = ADVANCED_FACE('',(#4739),#4757,.F.);
#4739 = FACE_BOUND('',#4740,.F.);
#4740 = EDGE_LOOP('',(#4741,#4742,#4751,#4756));
#4741 = ORIENTED_EDGE('',*,*,#4724,.F.);
#4742 = ORIENTED_EDGE('',*,*,#4743,.T.);
#4743 = EDGE_CURVE('',#4716,#4744,#4746,.T.);
#4744 = VERTEX_POINT('',#4745);
#4745 = CARTESIAN_POINT('',(0.188375218946,2.190516564885,6.5001001));
#4746 = B_SPLINE_CURVE_WITH_KNOTS('',3,(#4747,#4748,#4749,#4750),
  .UNSPECIFIED.,.F.,.F.,(4,4),(3.,4.),.PIECEWISE_BEZIER_KNOTS.);
#4747 = CARTESIAN_POINT('',(0.217748380082,2.269538166525,6.5001001));
#4748 = CARTESIAN_POINT('',(0.198148943359,2.249574814533,6.5001001));
#4749 = CARTESIAN_POINT('',(0.188375218946,2.223268939249,6.5001001));
#4750 = CARTESIAN_POINT('',(0.188375218946,2.190516564885,6.5001001));
#4751 = ORIENTED_EDGE('',*,*,#4752,.T.);
#4752 = EDGE_CURVE('',#4744,#1404,#4753,.T.);
#4753 = B_SPLINE_CURVE_WITH_KNOTS('',1,(#4754,#4755),.UNSPECIFIED.,.F.,
  .F.,(2,2),(-0.,9.999999998422E-05),.PIECEWISE_BEZIER_KNOTS.);
#4754 = CARTESIAN_POINT('',(0.188375218946,2.190516564885,6.5001001));
#4755 = CARTESIAN_POINT('',(0.188375218946,2.190516564885,6.5000001));
#4756 = ORIENTED_EDGE('',*,*,#1412,.F.);
#4757 = B_SPLINE_SURFACE_WITH_KNOTS('',3,1,(
    (#4758,#4759)
    ,(#4760,#4761)
    ,(#4762,#4763)
    ,(#4764,#4765
    )),.UNSPECIFIED.,.F.,.F.,.F.,(4,4),(2,2),(3.,4.),(0.,1.),
  .PIECEWISE_BEZIER_KNOTS.);
#4758 = CARTESIAN_POINT('',(0.217748380082,2.269538166525,6.5001001));
#4759 = CARTESIAN_POINT('',(0.217748380082,2.269538166525,6.5000001));
#4760 = CARTESIAN_POINT('',(0.198148943359,2.249574814533,6.5001001));
#4761 = CARTESIAN_POINT('',(0.198148943359,2.249574814533,6.5000001));
#4762 = CARTESIAN_POINT('',(0.188375218946,2.223268939249,6.5001001));
#4763 = CARTESIAN_POINT('',(0.188375218946,2.223268939249,6.5000001));
#4764 = CARTESIAN_POINT('',(0.188375218946,2.190516564885,6.5001001));
#4765 = CARTESIAN_POINT('',(0.188375218946,2.190516564885,6.5000001));
#4766 = ADVANCED_FACE('',(#4767),#4785,.F.);
#4767 = FACE_BOUND('',#4768,.F.);
#4768 = EDGE_LOOP('',(#4769,#4770,#4779,#4784));
#4769 = ORIENTED_EDGE('',*,*,#4752,.F.);
#4770 = ORIENTED_EDGE('',*,*,#4771,.T.);
#4771 = EDGE_CURVE('',#4744,#4772,#4774,.T.);
#4772 = VERTEX_POINT('',#4773);
#4773 = CARTESIAN_POINT('',(0.214473142646,2.117005680202,6.5001001));
#4774 = B_SPLINE_CURVE_WITH_KNOTS('',3,(#4775,#4776,#4777,#4778),
  .UNSPECIFIED.,.F.,.F.,(4,4),(2.,3.),.PIECEWISE_BEZIER_KNOTS.);
#4775 = CARTESIAN_POINT('',(0.188375218946,2.190516564885,6.5001001));
#4776 = CARTESIAN_POINT('',(0.188375218946,2.160051657937,6.5001001));
#4777 = CARTESIAN_POINT('',(0.197057197547,2.135513371112,6.5001001));
#4778 = CARTESIAN_POINT('',(0.214473142646,2.117005680202,6.5001001));
#4779 = ORIENTED_EDGE('',*,*,#4780,.T.);
#4780 = EDGE_CURVE('',#4772,#1395,#4781,.T.);
#4781 = B_SPLINE_CURVE_WITH_KNOTS('',1,(#4782,#4783),.UNSPECIFIED.,.F.,
  .F.,(2,2),(-0.,9.999999998422E-05),.PIECEWISE_BEZIER_KNOTS.);
#4782 = CARTESIAN_POINT('',(0.214473142646,2.117005680202,6.5001001));
#4783 = CARTESIAN_POINT('',(0.214473142646,2.117005680202,6.5000001));
#4784 = ORIENTED_EDGE('',*,*,#1403,.F.);
#4785 = B_SPLINE_SURFACE_WITH_KNOTS('',3,1,(
    (#4786,#4787)
    ,(#4788,#4789)
    ,(#4790,#4791)
    ,(#4792,#4793
    )),.UNSPECIFIED.,.F.,.F.,.F.,(4,4),(2,2),(2.,3.),(0.,1.),
  .PIECEWISE_BEZIER_KNOTS.);
#4786 = CARTESIAN_POINT('',(0.188375218946,2.190516564885,6.5001001));
#4787 = CARTESIAN_POINT('',(0.188375218946,2.190516564885,6.5000001));
#4788 = CARTESIAN_POINT('',(0.188375218946,2.160051657937,6.5001001));
#4789 = CARTESIAN_POINT('',(0.188375218946,2.160051657937,6.5000001));
#4790 = CARTESIAN_POINT('',(0.197057197547,2.135513371112,6.5001001));
#4791 = CARTESIAN_POINT('',(0.197057197547,2.135513371112,6.5000001));
#4792 = CARTESIAN_POINT('',(0.214473142646,2.117005680202,6.5001001));
#4793 = CARTESIAN_POINT('',(0.214473142646,2.117005680202,6.5000001));
#4794 = ADVANCED_FACE('',(#4795),#4807,.F.);
#4795 = FACE_BOUND('',#4796,.F.);
#4796 = EDGE_LOOP('',(#4797,#4798,#4805,#4806));
#4797 = ORIENTED_EDGE('',*,*,#4780,.F.);
#4798 = ORIENTED_EDGE('',*,*,#4799,.T.);
#4799 = EDGE_CURVE('',#4772,#4441,#4800,.T.);
#4800 = B_SPLINE_CURVE_WITH_KNOTS('',3,(#4801,#4802,#4803,#4804),
  .UNSPECIFIED.,.F.,.F.,(4,4),(1.,2.),.PIECEWISE_BEZIER_KNOTS.);
#4801 = CARTESIAN_POINT('',(0.214473142646,2.117005680202,6.5001001));
#4802 = CARTESIAN_POINT('',(0.231889087744,2.098497989292,6.5001001));
#4803 = CARTESIAN_POINT('',(0.255179665069,2.089244143836,6.5001001));
#4804 = CARTESIAN_POINT('',(0.284344874622,2.089244143836,6.5001001));
#4805 = ORIENTED_EDGE('',*,*,#4440,.T.);
#4806 = ORIENTED_EDGE('',*,*,#1394,.F.);
#4807 = B_SPLINE_SURFACE_WITH_KNOTS('',3,1,(
    (#4808,#4809)
    ,(#4810,#4811)
    ,(#4812,#4813)
    ,(#4814,#4815
    )),.UNSPECIFIED.,.F.,.F.,.F.,(4,4),(2,2),(1.,2.),(0.,1.),
  .PIECEWISE_BEZIER_KNOTS.);
#4808 = CARTESIAN_POINT('',(0.214473142646,2.117005680202,6.5001001));
#4809 = CARTESIAN_POINT('',(0.214473142646,2.117005680202,6.5000001));
#4810 = CARTESIAN_POINT('',(0.231889087744,2.098497989292,6.5001001));
#4811 = CARTESIAN_POINT('',(0.231889087744,2.098497989292,6.5000001));
#4812 = CARTESIAN_POINT('',(0.255179665069,2.089244143836,6.5001001));
#4813 = CARTESIAN_POINT('',(0.255179665069,2.089244143836,6.5000001));
#4814 = CARTESIAN_POINT('',(0.284344874622,2.089244143836,6.5001001));
#4815 = CARTESIAN_POINT('',(0.284344874622,2.089244143836,6.5000001));
#4816 = ADVANCED_FACE('',(#4817),#4833,.T.);
#4817 = FACE_BOUND('',#4818,.T.);
#4818 = EDGE_LOOP('',(#4819,#4820,#4821,#4822,#4823,#4824,#4825,#4826,
    #4827,#4828,#4829,#4830,#4831,#4832));
#4819 = ORIENTED_EDGE('',*,*,#4447,.T.);
#4820 = ORIENTED_EDGE('',*,*,#4482,.T.);
#4821 = ORIENTED_EDGE('',*,*,#4497,.T.);
#4822 = ORIENTED_EDGE('',*,*,#4525,.T.);
#4823 = ORIENTED_EDGE('',*,*,#4553,.T.);
#4824 = ORIENTED_EDGE('',*,*,#4581,.T.);
#4825 = ORIENTED_EDGE('',*,*,#4609,.T.);
#4826 = ORIENTED_EDGE('',*,*,#4637,.T.);
#4827 = ORIENTED_EDGE('',*,*,#4672,.T.);
#4828 = ORIENTED_EDGE('',*,*,#4687,.T.);
#4829 = ORIENTED_EDGE('',*,*,#4715,.T.);
#4830 = ORIENTED_EDGE('',*,*,#4743,.T.);
#4831 = ORIENTED_EDGE('',*,*,#4771,.T.);
#4832 = ORIENTED_EDGE('',*,*,#4799,.T.);
#4833 = B_SPLINE_SURFACE_WITH_KNOTS('',1,1,(
    (#4834,#4835)
    ,(#4836,#4837
    )),.UNSPECIFIED.,.F.,.F.,.F.,(2,2),(2,2),(-0.126967438556,
    2.530510828864E-02),(-2.963310061419E-03,0.207275740618),
  .PIECEWISE_BEZIER_KNOTS.);
#4834 = CARTESIAN_POINT('',(0.188375218946,2.089244143836,6.5001001));
#4835 = CARTESIAN_POINT('',(0.188375218946,2.299483194516,6.5001001));
#4836 = CARTESIAN_POINT('',(0.340647765791,2.089244143836,6.5001001));
#4837 = CARTESIAN_POINT('',(0.340647765791,2.299483194516,6.5001001));
#4838 = ADVANCED_FACE('',(#4839),#4861,.F.);
#4839 = FACE_BOUND('',#4840,.T.);
#4840 = EDGE_LOOP('',(#4841,#4842,#4849,#4856));
#4841 = ORIENTED_EDGE('',*,*,#1581,.T.);
#4842 = ORIENTED_EDGE('',*,*,#4843,.F.);
#4843 = EDGE_CURVE('',#4844,#1584,#4846,.T.);
#4844 = VERTEX_POINT('',#4845);
#4845 = CARTESIAN_POINT('',(0.490736821011,2.115861946494,6.5001001));
#4846 = B_SPLINE_CURVE_WITH_KNOTS('',1,(#4847,#4848),.UNSPECIFIED.,.F.,
  .F.,(2,2),(-0.,9.999999999355E-05),.PIECEWISE_BEZIER_KNOTS.);
#4847 = CARTESIAN_POINT('',(0.490736821011,2.115861946494,6.5001001));
#4848 = CARTESIAN_POINT('',(0.490736821011,2.115861946494,6.5000001));
#4849 = ORIENTED_EDGE('',*,*,#4850,.F.);
#4850 = EDGE_CURVE('',#4851,#4844,#4853,.T.);
#4851 = VERTEX_POINT('',#4852);
#4852 = CARTESIAN_POINT('',(0.490736821011,2.09267534496,6.5001001));
#4853 = B_SPLINE_CURVE_WITH_KNOTS('',1,(#4854,#4855),.UNSPECIFIED.,.F.,
  .F.,(2,2),(-2.318660153378E-02,0.),.PIECEWISE_BEZIER_KNOTS.);
#4854 = CARTESIAN_POINT('',(0.490736821011,2.09267534496,6.5001001));
#4855 = CARTESIAN_POINT('',(0.490736821011,2.115861946494,6.5001001));
#4856 = ORIENTED_EDGE('',*,*,#4857,.T.);
#4857 = EDGE_CURVE('',#4851,#1582,#4858,.T.);
#4858 = B_SPLINE_CURVE_WITH_KNOTS('',1,(#4859,#4860),.UNSPECIFIED.,.F.,
  .F.,(2,2),(-0.,9.999999999977E-05),.PIECEWISE_BEZIER_KNOTS.);
#4859 = CARTESIAN_POINT('',(0.490736821011,2.09267534496,6.5001001));
#4860 = CARTESIAN_POINT('',(0.490736821011,2.09267534496,6.5000001));
#4861 = B_SPLINE_SURFACE_WITH_KNOTS('',1,1,(
    (#4862,#4863)
    ,(#4864,#4865
    )),.UNSPECIFIED.,.F.,.F.,.F.,(2,2),(2,2),(-9.999999999977E-05,0.),(
    -2.318660153378E-02,0.),.PIECEWISE_BEZIER_KNOTS.);
#4862 = CARTESIAN_POINT('',(0.490736821011,2.09267534496,6.5000001));
#4863 = CARTESIAN_POINT('',(0.490736821011,2.115861946494,6.5000001));
#4864 = CARTESIAN_POINT('',(0.490736821011,2.09267534496,6.5001001));
#4865 = CARTESIAN_POINT('',(0.490736821011,2.115861946494,6.5001001));
#4866 = ADVANCED_FACE('',(#4867),#4883,.F.);
#4867 = FACE_BOUND('',#4868,.T.);
#4868 = EDGE_LOOP('',(#4869,#4870,#4877,#4882));
#4869 = ORIENTED_EDGE('',*,*,#1660,.T.);
#4870 = ORIENTED_EDGE('',*,*,#4871,.F.);
#4871 = EDGE_CURVE('',#4872,#1654,#4874,.T.);
#4872 = VERTEX_POINT('',#4873);
#4873 = CARTESIAN_POINT('',(0.407608175602,2.115861946494,6.5001001));
#4874 = B_SPLINE_CURVE_WITH_KNOTS('',1,(#4875,#4876),.UNSPECIFIED.,.F.,
  .F.,(2,2),(-0.,9.999999999355E-05),.PIECEWISE_BEZIER_KNOTS.);
#4875 = CARTESIAN_POINT('',(0.407608175602,2.115861946494,6.5001001));
#4876 = CARTESIAN_POINT('',(0.407608175602,2.115861946494,6.5000001));
#4877 = ORIENTED_EDGE('',*,*,#4878,.F.);
#4878 = EDGE_CURVE('',#4844,#4872,#4879,.T.);
#4879 = B_SPLINE_CURVE_WITH_KNOTS('',1,(#4880,#4881),.UNSPECIFIED.,.F.,
  .F.,(2,2),(-8.312864540908E-02,-0.),.PIECEWISE_BEZIER_KNOTS.);
#4880 = CARTESIAN_POINT('',(0.490736821011,2.115861946494,6.5001001));
#4881 = CARTESIAN_POINT('',(0.407608175602,2.115861946494,6.5001001));
#4882 = ORIENTED_EDGE('',*,*,#4843,.T.);
#4883 = B_SPLINE_SURFACE_WITH_KNOTS('',1,1,(
    (#4884,#4885)
    ,(#4886,#4887
    )),.UNSPECIFIED.,.F.,.F.,.F.,(2,2),(2,2),(0.,9.999999999977E-05),(0.
    ,8.312864540908E-02),.PIECEWISE_BEZIER_KNOTS.);
#4884 = CARTESIAN_POINT('',(0.407608175602,2.115861946494,6.5001001));
#4885 = CARTESIAN_POINT('',(0.490736821011,2.115861946494,6.5001001));
#4886 = CARTESIAN_POINT('',(0.407608175602,2.115861946494,6.5000001));
#4887 = CARTESIAN_POINT('',(0.490736821011,2.115861946494,6.5000001));
#4888 = ADVANCED_FACE('',(#4889),#4905,.F.);
#4889 = FACE_BOUND('',#4890,.T.);
#4890 = EDGE_LOOP('',(#4891,#4892,#4899,#4904));
#4891 = ORIENTED_EDGE('',*,*,#1653,.T.);
#4892 = ORIENTED_EDGE('',*,*,#4893,.F.);
#4893 = EDGE_CURVE('',#4894,#1647,#4896,.T.);
#4894 = VERTEX_POINT('',#4895);
#4895 = CARTESIAN_POINT('',(0.407608175602,2.184278017387,6.5001001));
#4896 = B_SPLINE_CURVE_WITH_KNOTS('',1,(#4897,#4898),.UNSPECIFIED.,.F.,
  .F.,(2,2),(-0.,9.999999999444E-05),.PIECEWISE_BEZIER_KNOTS.);
#4897 = CARTESIAN_POINT('',(0.407608175602,2.184278017387,6.5001001));
#4898 = CARTESIAN_POINT('',(0.407608175602,2.184278017387,6.5000001));
#4899 = ORIENTED_EDGE('',*,*,#4900,.F.);
#4900 = EDGE_CURVE('',#4872,#4894,#4901,.T.);
#4901 = B_SPLINE_CURVE_WITH_KNOTS('',1,(#4902,#4903),.UNSPECIFIED.,.F.,
  .F.,(2,2),(-6.841607089332E-02,0.),.PIECEWISE_BEZIER_KNOTS.);
#4902 = CARTESIAN_POINT('',(0.407608175602,2.115861946494,6.5001001));
#4903 = CARTESIAN_POINT('',(0.407608175602,2.184278017387,6.5001001));
#4904 = ORIENTED_EDGE('',*,*,#4871,.T.);
#4905 = B_SPLINE_SURFACE_WITH_KNOTS('',1,1,(
    (#4906,#4907)
    ,(#4908,#4909
    )),.UNSPECIFIED.,.F.,.F.,.F.,(2,2),(2,2),(-9.999999999977E-05,0.),(
    -6.841607089332E-02,0.),.PIECEWISE_BEZIER_KNOTS.);
#4906 = CARTESIAN_POINT('',(0.407608175602,2.115861946494,6.5000001));
#4907 = CARTESIAN_POINT('',(0.407608175602,2.184278017387,6.5000001));
#4908 = CARTESIAN_POINT('',(0.407608175602,2.115861946494,6.5001001));
#4909 = CARTESIAN_POINT('',(0.407608175602,2.184278017387,6.5001001));
#4910 = ADVANCED_FACE('',(#4911),#4927,.F.);
#4911 = FACE_BOUND('',#4912,.T.);
#4912 = EDGE_LOOP('',(#4913,#4914,#4921,#4926));
#4913 = ORIENTED_EDGE('',*,*,#1646,.T.);
#4914 = ORIENTED_EDGE('',*,*,#4915,.F.);
#4915 = EDGE_CURVE('',#4916,#1640,#4918,.T.);
#4916 = VERTEX_POINT('',#4917);
#4917 = CARTESIAN_POINT('',(0.480339241848,2.184278017387,6.5001001));
#4918 = B_SPLINE_CURVE_WITH_KNOTS('',1,(#4919,#4920),.UNSPECIFIED.,.F.,
  .F.,(2,2),(-0.,9.999999999444E-05),.PIECEWISE_BEZIER_KNOTS.);
#4919 = CARTESIAN_POINT('',(0.480339241848,2.184278017387,6.5001001));
#4920 = CARTESIAN_POINT('',(0.480339241848,2.184278017387,6.5000001));
#4921 = ORIENTED_EDGE('',*,*,#4922,.F.);
#4922 = EDGE_CURVE('',#4894,#4916,#4923,.T.);
#4923 = B_SPLINE_CURVE_WITH_KNOTS('',1,(#4924,#4925),.UNSPECIFIED.,.F.,
  .F.,(2,2),(-7.273106624597E-02,0.),.PIECEWISE_BEZIER_KNOTS.);
#4924 = CARTESIAN_POINT('',(0.407608175602,2.184278017387,6.5001001));
#4925 = CARTESIAN_POINT('',(0.480339241848,2.184278017387,6.5001001));
#4926 = ORIENTED_EDGE('',*,*,#4893,.T.);
#4927 = B_SPLINE_SURFACE_WITH_KNOTS('',1,1,(
    (#4928,#4929)
    ,(#4930,#4931
    )),.UNSPECIFIED.,.F.,.F.,.F.,(2,2),(2,2),(-9.999999999977E-05,0.),(
    -7.273106624597E-02,2.22044604925E-16),.PIECEWISE_BEZIER_KNOTS.);
#4928 = CARTESIAN_POINT('',(0.407608175602,2.184278017387,6.5000001));
#4929 = CARTESIAN_POINT('',(0.480339241848,2.184278017387,6.5000001));
#4930 = CARTESIAN_POINT('',(0.407608175602,2.184278017387,6.5001001));
#4931 = CARTESIAN_POINT('',(0.480339241848,2.184278017387,6.5001001));
#4932 = ADVANCED_FACE('',(#4933),#4949,.F.);
#4933 = FACE_BOUND('',#4934,.T.);
#4934 = EDGE_LOOP('',(#4935,#4936,#4943,#4948));
#4935 = ORIENTED_EDGE('',*,*,#1639,.T.);
#4936 = ORIENTED_EDGE('',*,*,#4937,.F.);
#4937 = EDGE_CURVE('',#4938,#1633,#4940,.T.);
#4938 = VERTEX_POINT('',#4939);
#4939 = CARTESIAN_POINT('',(0.480339241848,2.207568594713,6.5001001));
#4940 = B_SPLINE_CURVE_WITH_KNOTS('',1,(#4941,#4942),.UNSPECIFIED.,.F.,
  .F.,(2,2),(-0.,9.999999999444E-05),.PIECEWISE_BEZIER_KNOTS.);
#4941 = CARTESIAN_POINT('',(0.480339241848,2.207568594713,6.5001001));
#4942 = CARTESIAN_POINT('',(0.480339241848,2.207568594713,6.5000001));
#4943 = ORIENTED_EDGE('',*,*,#4944,.F.);
#4944 = EDGE_CURVE('',#4916,#4938,#4945,.T.);
#4945 = B_SPLINE_CURVE_WITH_KNOTS('',1,(#4946,#4947),.UNSPECIFIED.,.F.,
  .F.,(2,2),(-2.32905773253E-02,0.),.PIECEWISE_BEZIER_KNOTS.);
#4946 = CARTESIAN_POINT('',(0.480339241848,2.184278017387,6.5001001));
#4947 = CARTESIAN_POINT('',(0.480339241848,2.207568594713,6.5001001));
#4948 = ORIENTED_EDGE('',*,*,#4915,.T.);
#4949 = B_SPLINE_SURFACE_WITH_KNOTS('',1,1,(
    (#4950,#4951)
    ,(#4952,#4953
    )),.UNSPECIFIED.,.F.,.F.,.F.,(2,2),(2,2),(-9.999999999977E-05,0.),(
    -2.32905773253E-02,0.),.PIECEWISE_BEZIER_KNOTS.);
#4950 = CARTESIAN_POINT('',(0.480339241848,2.184278017387,6.5000001));
#4951 = CARTESIAN_POINT('',(0.480339241848,2.207568594713,6.5000001));
#4952 = CARTESIAN_POINT('',(0.480339241848,2.184278017387,6.5001001));
#4953 = CARTESIAN_POINT('',(0.480339241848,2.207568594713,6.5001001));
#4954 = ADVANCED_FACE('',(#4955),#4971,.F.);
#4955 = FACE_BOUND('',#4956,.T.);
#4956 = EDGE_LOOP('',(#4957,#4958,#4965,#4970));
#4957 = ORIENTED_EDGE('',*,*,#1632,.T.);
#4958 = ORIENTED_EDGE('',*,*,#4959,.F.);
#4959 = EDGE_CURVE('',#4960,#1626,#4962,.T.);
#4960 = VERTEX_POINT('',#4961);
#4961 = CARTESIAN_POINT('',(0.407608175602,2.207568594713,6.5001001));
#4962 = B_SPLINE_CURVE_WITH_KNOTS('',1,(#4963,#4964),.UNSPECIFIED.,.F.,
  .F.,(2,2),(-0.,9.999999999444E-05),.PIECEWISE_BEZIER_KNOTS.);
#4963 = CARTESIAN_POINT('',(0.407608175602,2.207568594713,6.5001001));
#4964 = CARTESIAN_POINT('',(0.407608175602,2.207568594713,6.5000001));
#4965 = ORIENTED_EDGE('',*,*,#4966,.F.);
#4966 = EDGE_CURVE('',#4938,#4960,#4967,.T.);
#4967 = B_SPLINE_CURVE_WITH_KNOTS('',1,(#4968,#4969),.UNSPECIFIED.,.F.,
  .F.,(2,2),(-7.273106624597E-02,-0.),.PIECEWISE_BEZIER_KNOTS.);
#4968 = CARTESIAN_POINT('',(0.480339241848,2.207568594713,6.5001001));
#4969 = CARTESIAN_POINT('',(0.407608175602,2.207568594713,6.5001001));
#4970 = ORIENTED_EDGE('',*,*,#4937,.T.);
#4971 = B_SPLINE_SURFACE_WITH_KNOTS('',1,1,(
    (#4972,#4973)
    ,(#4974,#4975
    )),.UNSPECIFIED.,.F.,.F.,.F.,(2,2),(2,2),(0.,9.999999999977E-05),(0.
    ,7.273106624597E-02),.PIECEWISE_BEZIER_KNOTS.);
#4972 = CARTESIAN_POINT('',(0.407608175602,2.207568594713,6.5001001));
#4973 = CARTESIAN_POINT('',(0.480339241848,2.207568594713,6.5001001));
#4974 = CARTESIAN_POINT('',(0.407608175602,2.207568594713,6.5000001));
#4975 = CARTESIAN_POINT('',(0.480339241848,2.207568594713,6.5000001));
#4976 = ADVANCED_FACE('',(#4977),#4993,.F.);
#4977 = FACE_BOUND('',#4978,.T.);
#4978 = EDGE_LOOP('',(#4979,#4980,#4987,#4992));
#4979 = ORIENTED_EDGE('',*,*,#1625,.T.);
#4980 = ORIENTED_EDGE('',*,*,#4981,.F.);
#4981 = EDGE_CURVE('',#4982,#1619,#4984,.T.);
#4982 = VERTEX_POINT('',#4983);
#4983 = CARTESIAN_POINT('',(0.407608175602,2.272657440275,6.5001001));
#4984 = B_SPLINE_CURVE_WITH_KNOTS('',1,(#4985,#4986),.UNSPECIFIED.,.F.,
  .F.,(2,2),(-0.,9.999999999533E-05),.PIECEWISE_BEZIER_KNOTS.);
#4985 = CARTESIAN_POINT('',(0.407608175602,2.272657440275,6.5001001));
#4986 = CARTESIAN_POINT('',(0.407608175602,2.272657440275,6.5000001));
#4987 = ORIENTED_EDGE('',*,*,#4988,.F.);
#4988 = EDGE_CURVE('',#4960,#4982,#4989,.T.);
#4989 = B_SPLINE_CURVE_WITH_KNOTS('',1,(#4990,#4991),.UNSPECIFIED.,.F.,
  .F.,(2,2),(-6.508884556212E-02,0.),.PIECEWISE_BEZIER_KNOTS.);
#4990 = CARTESIAN_POINT('',(0.407608175602,2.207568594713,6.5001001));
#4991 = CARTESIAN_POINT('',(0.407608175602,2.272657440275,6.5001001));
#4992 = ORIENTED_EDGE('',*,*,#4959,.T.);
#4993 = B_SPLINE_SURFACE_WITH_KNOTS('',1,1,(
    (#4994,#4995)
    ,(#4996,#4997
    )),.UNSPECIFIED.,.F.,.F.,.F.,(2,2),(2,2),(-9.999999999977E-05,0.),(
    -6.508884556212E-02,0.),.PIECEWISE_BEZIER_KNOTS.);
#4994 = CARTESIAN_POINT('',(0.407608175602,2.207568594713,6.5000001));
#4995 = CARTESIAN_POINT('',(0.407608175602,2.272657440275,6.5000001));
#4996 = CARTESIAN_POINT('',(0.407608175602,2.207568594713,6.5001001));
#4997 = CARTESIAN_POINT('',(0.407608175602,2.272657440275,6.5001001));
#4998 = ADVANCED_FACE('',(#4999),#5015,.F.);
#4999 = FACE_BOUND('',#5000,.T.);
#5000 = EDGE_LOOP('',(#5001,#5002,#5009,#5014));
#5001 = ORIENTED_EDGE('',*,*,#1618,.T.);
#5002 = ORIENTED_EDGE('',*,*,#5003,.F.);
#5003 = EDGE_CURVE('',#5004,#1612,#5006,.T.);
#5004 = VERTEX_POINT('',#5005);
#5005 = CARTESIAN_POINT('',(0.486109898284,2.272657440275,6.5001001));
#5006 = B_SPLINE_CURVE_WITH_KNOTS('',1,(#5007,#5008),.UNSPECIFIED.,.F.,
  .F.,(2,2),(-0.,9.999999999533E-05),.PIECEWISE_BEZIER_KNOTS.);
#5007 = CARTESIAN_POINT('',(0.486109898284,2.272657440275,6.5001001));
#5008 = CARTESIAN_POINT('',(0.486109898284,2.272657440275,6.5000001));
#5009 = ORIENTED_EDGE('',*,*,#5010,.F.);
#5010 = EDGE_CURVE('',#4982,#5004,#5011,.T.);
#5011 = B_SPLINE_CURVE_WITH_KNOTS('',1,(#5012,#5013),.UNSPECIFIED.,.F.,
  .F.,(2,2),(-7.850172268189E-02,0.),.PIECEWISE_BEZIER_KNOTS.);
#5012 = CARTESIAN_POINT('',(0.407608175602,2.272657440275,6.5001001));
#5013 = CARTESIAN_POINT('',(0.486109898284,2.272657440275,6.5001001));
#5014 = ORIENTED_EDGE('',*,*,#4981,.T.);
#5015 = B_SPLINE_SURFACE_WITH_KNOTS('',1,1,(
    (#5016,#5017)
    ,(#5018,#5019
    )),.UNSPECIFIED.,.F.,.F.,.F.,(2,2),(2,2),(-9.999999999977E-05,0.),(
    -7.850172268189E-02,2.22044604925E-16),.PIECEWISE_BEZIER_KNOTS.);
#5016 = CARTESIAN_POINT('',(0.407608175602,2.272657440275,6.5000001));
#5017 = CARTESIAN_POINT('',(0.486109898284,2.272657440275,6.5000001));
#5018 = CARTESIAN_POINT('',(0.407608175602,2.272657440275,6.5001001));
#5019 = CARTESIAN_POINT('',(0.486109898284,2.272657440275,6.5001001));
#5020 = ADVANCED_FACE('',(#5021),#5037,.F.);
#5021 = FACE_BOUND('',#5022,.T.);
#5022 = EDGE_LOOP('',(#5023,#5024,#5031,#5036));
#5023 = ORIENTED_EDGE('',*,*,#1611,.T.);
#5024 = ORIENTED_EDGE('',*,*,#5025,.F.);
#5025 = EDGE_CURVE('',#5026,#1605,#5028,.T.);
#5026 = VERTEX_POINT('',#5027);
#5027 = CARTESIAN_POINT('',(0.486109898284,2.296051993392,6.5001001));
#5028 = B_SPLINE_CURVE_WITH_KNOTS('',1,(#5029,#5030),.UNSPECIFIED.,.F.,
  .F.,(2,2),(-0.,9.999999999533E-05),.PIECEWISE_BEZIER_KNOTS.);
#5029 = CARTESIAN_POINT('',(0.486109898284,2.296051993392,6.5001001));
#5030 = CARTESIAN_POINT('',(0.486109898284,2.296051993392,6.5000001));
#5031 = ORIENTED_EDGE('',*,*,#5032,.F.);
#5032 = EDGE_CURVE('',#5004,#5026,#5033,.T.);
#5033 = B_SPLINE_CURVE_WITH_KNOTS('',1,(#5034,#5035),.UNSPECIFIED.,.F.,
  .F.,(2,2),(-2.339455311681E-02,0.),.PIECEWISE_BEZIER_KNOTS.);
#5034 = CARTESIAN_POINT('',(0.486109898284,2.272657440275,6.5001001));
#5035 = CARTESIAN_POINT('',(0.486109898284,2.296051993392,6.5001001));
#5036 = ORIENTED_EDGE('',*,*,#5003,.T.);
#5037 = B_SPLINE_SURFACE_WITH_KNOTS('',1,1,(
    (#5038,#5039)
    ,(#5040,#5041
    )),.UNSPECIFIED.,.F.,.F.,.F.,(2,2),(2,2),(-9.999999999977E-05,0.),(
    -2.339455311681E-02,0.),.PIECEWISE_BEZIER_KNOTS.);
#5038 = CARTESIAN_POINT('',(0.486109898284,2.272657440275,6.5000001));
#5039 = CARTESIAN_POINT('',(0.486109898284,2.296051993392,6.5000001));
#5040 = CARTESIAN_POINT('',(0.486109898284,2.272657440275,6.5001001));
#5041 = CARTESIAN_POINT('',(0.486109898284,2.296051993392,6.5001001));
#5042 = ADVANCED_FACE('',(#5043),#5059,.F.);
#5043 = FACE_BOUND('',#5044,.T.);
#5044 = EDGE_LOOP('',(#5045,#5046,#5053,#5058));
#5045 = ORIENTED_EDGE('',*,*,#1604,.T.);
#5046 = ORIENTED_EDGE('',*,*,#5047,.F.);
#5047 = EDGE_CURVE('',#5048,#1598,#5050,.T.);
#5048 = VERTEX_POINT('',#5049);
#5049 = CARTESIAN_POINT('',(0.381354288215,2.296051993392,6.5001001));
#5050 = B_SPLINE_CURVE_WITH_KNOTS('',1,(#5051,#5052),.UNSPECIFIED.,.F.,
  .F.,(2,2),(-0.,9.999999999533E-05),.PIECEWISE_BEZIER_KNOTS.);
#5051 = CARTESIAN_POINT('',(0.381354288215,2.296051993392,6.5001001));
#5052 = CARTESIAN_POINT('',(0.381354288215,2.296051993392,6.5000001));
#5053 = ORIENTED_EDGE('',*,*,#5054,.F.);
#5054 = EDGE_CURVE('',#5026,#5048,#5055,.T.);
#5055 = B_SPLINE_CURVE_WITH_KNOTS('',1,(#5056,#5057),.UNSPECIFIED.,.F.,
  .F.,(2,2),(-0.104755610069,-0.),.PIECEWISE_BEZIER_KNOTS.);
#5056 = CARTESIAN_POINT('',(0.486109898284,2.296051993392,6.5001001));
#5057 = CARTESIAN_POINT('',(0.381354288215,2.296051993392,6.5001001));
#5058 = ORIENTED_EDGE('',*,*,#5025,.T.);
#5059 = B_SPLINE_SURFACE_WITH_KNOTS('',1,1,(
    (#5060,#5061)
    ,(#5062,#5063
    )),.UNSPECIFIED.,.F.,.F.,.F.,(2,2),(2,2),(0.,9.999999999977E-05),(0.
    ,0.104755610069),.PIECEWISE_BEZIER_KNOTS.);
#5060 = CARTESIAN_POINT('',(0.381354288215,2.296051993392,6.5001001));
#5061 = CARTESIAN_POINT('',(0.486109898284,2.296051993392,6.5001001));
#5062 = CARTESIAN_POINT('',(0.381354288215,2.296051993392,6.5000001));
#5063 = CARTESIAN_POINT('',(0.486109898284,2.296051993392,6.5000001));
#5064 = ADVANCED_FACE('',(#5065),#5081,.F.);
#5065 = FACE_BOUND('',#5066,.T.);
#5066 = EDGE_LOOP('',(#5067,#5068,#5075,#5080));
#5067 = ORIENTED_EDGE('',*,*,#1597,.T.);
#5068 = ORIENTED_EDGE('',*,*,#5069,.F.);
#5069 = EDGE_CURVE('',#5070,#1591,#5072,.T.);
#5070 = VERTEX_POINT('',#5071);
#5071 = CARTESIAN_POINT('',(0.381354288215,2.09267534496,6.5001001));
#5072 = B_SPLINE_CURVE_WITH_KNOTS('',1,(#5073,#5074),.UNSPECIFIED.,.F.,
  .F.,(2,2),(-0.,9.999999999311E-05),.PIECEWISE_BEZIER_KNOTS.);
#5073 = CARTESIAN_POINT('',(0.381354288215,2.09267534496,6.5001001));
#5074 = CARTESIAN_POINT('',(0.381354288215,2.09267534496,6.5000001));
#5075 = ORIENTED_EDGE('',*,*,#5076,.F.);
#5076 = EDGE_CURVE('',#5048,#5070,#5077,.T.);
#5077 = B_SPLINE_CURVE_WITH_KNOTS('',1,(#5078,#5079),.UNSPECIFIED.,.F.,
  .F.,(2,2),(-0.203376648431,-0.),.PIECEWISE_BEZIER_KNOTS.);
#5078 = CARTESIAN_POINT('',(0.381354288215,2.296051993392,6.5001001));
#5079 = CARTESIAN_POINT('',(0.381354288215,2.09267534496,6.5001001));
#5080 = ORIENTED_EDGE('',*,*,#5047,.T.);
#5081 = B_SPLINE_SURFACE_WITH_KNOTS('',1,1,(
    (#5082,#5083)
    ,(#5084,#5085
    )),.UNSPECIFIED.,.F.,.F.,.F.,(2,2),(2,2),(0.,9.999999999977E-05),(0.
    ,0.203376648431),.PIECEWISE_BEZIER_KNOTS.);
#5082 = CARTESIAN_POINT('',(0.381354288215,2.09267534496,6.5001001));
#5083 = CARTESIAN_POINT('',(0.381354288215,2.296051993392,6.5001001));
#5084 = CARTESIAN_POINT('',(0.381354288215,2.09267534496,6.5000001));
#5085 = CARTESIAN_POINT('',(0.381354288215,2.296051993392,6.5000001));
#5086 = ADVANCED_FACE('',(#5087),#5097,.F.);
#5087 = FACE_BOUND('',#5088,.T.);
#5088 = EDGE_LOOP('',(#5089,#5090,#5091,#5096));
#5089 = ORIENTED_EDGE('',*,*,#1590,.T.);
#5090 = ORIENTED_EDGE('',*,*,#4857,.F.);
#5091 = ORIENTED_EDGE('',*,*,#5092,.F.);
#5092 = EDGE_CURVE('',#5070,#4851,#5093,.T.);
#5093 = B_SPLINE_CURVE_WITH_KNOTS('',1,(#5094,#5095),.UNSPECIFIED.,.F.,
  .F.,(2,2),(-0.109382532796,0.),.PIECEWISE_BEZIER_KNOTS.);
#5094 = CARTESIAN_POINT('',(0.381354288215,2.09267534496,6.5001001));
#5095 = CARTESIAN_POINT('',(0.490736821011,2.09267534496,6.5001001));
#5096 = ORIENTED_EDGE('',*,*,#5069,.T.);
#5097 = B_SPLINE_SURFACE_WITH_KNOTS('',1,1,(
    (#5098,#5099)
    ,(#5100,#5101
    )),.UNSPECIFIED.,.F.,.F.,.F.,(2,2),(2,2),(-9.999999999977E-05,0.),(
    -0.109382532796,0.),.PIECEWISE_BEZIER_KNOTS.);
#5098 = CARTESIAN_POINT('',(0.381354288215,2.09267534496,6.5000001));
#5099 = CARTESIAN_POINT('',(0.490736821011,2.09267534496,6.5000001));
#5100 = CARTESIAN_POINT('',(0.381354288215,2.09267534496,6.5001001));
#5101 = CARTESIAN_POINT('',(0.490736821011,2.09267534496,6.5001001));
#5102 = ADVANCED_FACE('',(#5103),#5117,.F.);
#5103 = FACE_BOUND('',#5104,.T.);
#5104 = EDGE_LOOP('',(#5105,#5106,#5107,#5108,#5109,#5110,#5111,#5112,
    #5113,#5114,#5115,#5116));
#5105 = ORIENTED_EDGE('',*,*,#4850,.T.);
#5106 = ORIENTED_EDGE('',*,*,#4878,.T.);
#5107 = ORIENTED_EDGE('',*,*,#4900,.T.);
#5108 = ORIENTED_EDGE('',*,*,#4922,.T.);
#5109 = ORIENTED_EDGE('',*,*,#4944,.T.);
#5110 = ORIENTED_EDGE('',*,*,#4966,.T.);
#5111 = ORIENTED_EDGE('',*,*,#4988,.T.);
#5112 = ORIENTED_EDGE('',*,*,#5010,.T.);
#5113 = ORIENTED_EDGE('',*,*,#5032,.T.);
#5114 = ORIENTED_EDGE('',*,*,#5054,.T.);
#5115 = ORIENTED_EDGE('',*,*,#5076,.T.);
#5116 = ORIENTED_EDGE('',*,*,#5092,.T.);
#5117 = B_SPLINE_SURFACE_WITH_KNOTS('',1,1,(
    (#5118,#5119)
    ,(#5120,#5121
    )),.UNSPECIFIED.,.F.,.F.,.F.,(2,2),(2,2),(-0.490736821011,
    -0.381354288215),(-0.65732465504,-0.453948006608),
  .PIECEWISE_BEZIER_KNOTS.);
#5118 = CARTESIAN_POINT('',(0.490736821011,2.09267534496,6.5001001));
#5119 = CARTESIAN_POINT('',(0.490736821011,2.296051993392,6.5001001));
#5120 = CARTESIAN_POINT('',(0.381354288215,2.09267534496,6.5001001));
#5121 = CARTESIAN_POINT('',(0.381354288215,2.296051993392,6.5001001));
#5122 = ADVANCED_FACE('',(#5123,#5182),#5241,.T.);
#5123 = FACE_BOUND('',#5124,.T.);
#5124 = EDGE_LOOP('',(#5125,#5134,#5143,#5152,#5161,#5170,#5177));
#5125 = ORIENTED_EDGE('',*,*,#5126,.T.);
#5126 = EDGE_CURVE('',#5127,#5129,#5131,.T.);
#5127 = VERTEX_POINT('',#5128);
#5128 = CARTESIAN_POINT('',(0.529155876019,2.09267534496,6.5001001));
#5129 = VERTEX_POINT('',#5130);
#5130 = CARTESIAN_POINT('',(0.585094851917,2.09267534496,6.5001001));
#5131 = B_SPLINE_CURVE_WITH_KNOTS('',1,(#5132,#5133),.UNSPECIFIED.,.F.,
  .F.,(2,2),(-5.593897589787E-02,0.),.PIECEWISE_BEZIER_KNOTS.);
#5132 = CARTESIAN_POINT('',(0.529155876019,2.09267534496,6.5001001));
#5133 = CARTESIAN_POINT('',(0.585094851917,2.09267534496,6.5001001));
#5134 = ORIENTED_EDGE('',*,*,#5135,.T.);
#5135 = EDGE_CURVE('',#5129,#5136,#5138,.T.);
#5136 = VERTEX_POINT('',#5137);
#5137 = CARTESIAN_POINT('',(0.664064465662,2.121164711867,6.5001001));
#5138 = B_SPLINE_CURVE_WITH_KNOTS('',3,(#5139,#5140,#5141,#5142),
  .UNSPECIFIED.,.F.,.F.,(4,4),(5.,6.),.PIECEWISE_BEZIER_KNOTS.);
#5139 = CARTESIAN_POINT('',(0.585094851917,2.09267534496,6.5001001));
#5140 = CARTESIAN_POINT('',(0.617275359427,2.09267534496,6.5001001));
#5141 = CARTESIAN_POINT('',(0.643633222606,2.102137141999,6.5001001));
#5142 = CARTESIAN_POINT('',(0.664064465662,2.121164711867,6.5001001));
#5143 = ORIENTED_EDGE('',*,*,#5144,.T.);
#5144 = EDGE_CURVE('',#5136,#5145,#5147,.T.);
#5145 = VERTEX_POINT('',#5146);
#5146 = CARTESIAN_POINT('',(0.694737324193,2.196963063967,6.5001001));
#5147 = B_SPLINE_CURVE_WITH_KNOTS('',3,(#5148,#5149,#5150,#5151),
  .UNSPECIFIED.,.F.,.F.,(4,4),(4.,5.),.PIECEWISE_BEZIER_KNOTS.);
#5148 = CARTESIAN_POINT('',(0.664064465662,2.121164711867,6.5001001));
#5149 = CARTESIAN_POINT('',(0.684495708718,2.140192281736,6.5001001));
#5150 = CARTESIAN_POINT('',(0.694737324193,2.165458399103,6.5001001));
#5151 = CARTESIAN_POINT('',(0.694737324193,2.196963063967,6.5001001));
#5152 = ORIENTED_EDGE('',*,*,#5153,.T.);
#5153 = EDGE_CURVE('',#5145,#5154,#5156,.T.);
#5154 = VERTEX_POINT('',#5155);
#5155 = CARTESIAN_POINT('',(0.664064465662,2.269122263359,6.5001001));
#5156 = B_SPLINE_CURVE_WITH_KNOTS('',3,(#5157,#5158,#5159,#5160),
  .UNSPECIFIED.,.F.,.F.,(4,4),(3.,4.),.PIECEWISE_BEZIER_KNOTS.);
#5157 = CARTESIAN_POINT('',(0.694737324193,2.196963063967,6.5001001));
#5158 = CARTESIAN_POINT('',(0.694737324193,2.227116043539,6.5001001));
#5159 = CARTESIAN_POINT('',(0.684495708718,2.251134451407,6.5001001));
#5160 = CARTESIAN_POINT('',(0.664064465662,2.269122263359,6.5001001));
#5161 = ORIENTED_EDGE('',*,*,#5162,.T.);
#5162 = EDGE_CURVE('',#5154,#5163,#5165,.T.);
#5163 = VERTEX_POINT('',#5164);
#5164 = CARTESIAN_POINT('',(0.58717436775,2.296051993392,6.5001001));
#5165 = B_SPLINE_CURVE_WITH_KNOTS('',3,(#5166,#5167,#5168,#5169),
  .UNSPECIFIED.,.F.,.F.,(4,4),(2.,3.),.PIECEWISE_BEZIER_KNOTS.);
#5166 = CARTESIAN_POINT('',(0.664064465662,2.269122263359,6.5001001));
#5167 = CARTESIAN_POINT('',(0.643633222606,2.287110075312,6.5001001));
#5168 = CARTESIAN_POINT('',(0.618003189969,2.296051993392,6.5001001));
#5169 = CARTESIAN_POINT('',(0.58717436775,2.296051993392,6.5001001));
#5170 = ORIENTED_EDGE('',*,*,#5171,.T.);
#5171 = EDGE_CURVE('',#5163,#5172,#5174,.T.);
#5172 = VERTEX_POINT('',#5173);
#5173 = CARTESIAN_POINT('',(0.529155876019,2.296051993392,6.5001001));
#5174 = B_SPLINE_CURVE_WITH_KNOTS('',1,(#5175,#5176),.UNSPECIFIED.,.F.,
  .F.,(2,2),(-5.801849173091E-02,-0.),.PIECEWISE_BEZIER_KNOTS.);
#5175 = CARTESIAN_POINT('',(0.58717436775,2.296051993392,6.5001001));
#5176 = CARTESIAN_POINT('',(0.529155876019,2.296051993392,6.5001001));
#5177 = ORIENTED_EDGE('',*,*,#5178,.T.);
#5178 = EDGE_CURVE('',#5172,#5127,#5179,.T.);
#5179 = B_SPLINE_CURVE_WITH_KNOTS('',1,(#5180,#5181),.UNSPECIFIED.,.F.,
  .F.,(2,2),(-0.203376648431,-0.),.PIECEWISE_BEZIER_KNOTS.);
#5180 = CARTESIAN_POINT('',(0.529155876019,2.296051993392,6.5001001));
#5181 = CARTESIAN_POINT('',(0.529155876019,2.09267534496,6.5001001));
#5182 = FACE_BOUND('',#5183,.T.);
#5183 = EDGE_LOOP('',(#5184,#5193,#5200,#5209,#5218,#5227,#5236));
#5184 = ORIENTED_EDGE('',*,*,#5185,.F.);
#5185 = EDGE_CURVE('',#5186,#5188,#5190,.T.);
#5186 = VERTEX_POINT('',#5187);
#5187 = CARTESIAN_POINT('',(0.555409763407,2.272657440275,6.5001001));
#5188 = VERTEX_POINT('',#5189);
#5189 = CARTESIAN_POINT('',(0.555409763407,2.115861946494,6.5001001));
#5190 = B_SPLINE_CURVE_WITH_KNOTS('',1,(#5191,#5192),.UNSPECIFIED.,.F.,
  .F.,(2,2),(0.,0.156795493781),.PIECEWISE_BEZIER_KNOTS.);
#5191 = CARTESIAN_POINT('',(0.555409763407,2.272657440275,6.5001001));
#5192 = CARTESIAN_POINT('',(0.555409763407,2.115861946494,6.5001001));
#5193 = ORIENTED_EDGE('',*,*,#5194,.F.);
#5194 = EDGE_CURVE('',#5195,#5186,#5197,.T.);
#5195 = VERTEX_POINT('',#5196);
#5196 = CARTESIAN_POINT('',(0.586134609832,2.272657440275,6.5001001));
#5197 = B_SPLINE_CURVE_WITH_KNOTS('',1,(#5198,#5199),.UNSPECIFIED.,.F.,
  .F.,(2,2),(1.110223024625E-16,3.072484642542E-02),
  .PIECEWISE_BEZIER_KNOTS.);
#5198 = CARTESIAN_POINT('',(0.586134609832,2.272657440275,6.5001001));
#5199 = CARTESIAN_POINT('',(0.555409763407,2.272657440275,6.5001001));
#5200 = ORIENTED_EDGE('',*,*,#5201,.F.);
#5201 = EDGE_CURVE('',#5202,#5195,#5204,.T.);
#5202 = VERTEX_POINT('',#5203);
#5203 = CARTESIAN_POINT('',(0.644828944209,2.253525894614,6.5001001));
#5204 = B_SPLINE_CURVE_WITH_KNOTS('',3,(#5205,#5206,#5207,#5208),
  .UNSPECIFIED.,.F.,.F.,(4,4),(5.,6.),.PIECEWISE_BEZIER_KNOTS.);
#5205 = CARTESIAN_POINT('',(0.644828944209,2.253525894614,6.5001001));
#5206 = CARTESIAN_POINT('',(0.629960406005,2.266314916986,6.5001001));
#5207 = CARTESIAN_POINT('',(0.610360969283,2.272657440275,6.5001001));
#5208 = CARTESIAN_POINT('',(0.586134609832,2.272657440275,6.5001001));
#5209 = ORIENTED_EDGE('',*,*,#5210,.F.);
#5210 = EDGE_CURVE('',#5211,#5202,#5213,.T.);
#5211 = VERTEX_POINT('',#5212);
#5212 = CARTESIAN_POINT('',(0.667131751515,2.196235233425,6.5001001));
#5213 = B_SPLINE_CURVE_WITH_KNOTS('',3,(#5214,#5215,#5216,#5217),
  .UNSPECIFIED.,.F.,.F.,(4,4),(4.,5.),.PIECEWISE_BEZIER_KNOTS.);
#5214 = CARTESIAN_POINT('',(0.667131751515,2.196235233425,6.5001001));
#5215 = CARTESIAN_POINT('',(0.667131751515,2.221605326584,6.5001001));
#5216 = CARTESIAN_POINT('',(0.659697482412,2.240736872244,6.5001001));
#5217 = CARTESIAN_POINT('',(0.644828944209,2.253525894614,6.5001001));
#5218 = ORIENTED_EDGE('',*,*,#5219,.F.);
#5219 = EDGE_CURVE('',#5220,#5211,#5222,.T.);
#5220 = VERTEX_POINT('',#5221);
#5221 = CARTESIAN_POINT('',(0.645400811064,2.137073007986,6.5001001));
#5222 = B_SPLINE_CURVE_WITH_KNOTS('',3,(#5223,#5224,#5225,#5226),
  .UNSPECIFIED.,.F.,.F.,(4,4),(3.,4.),.PIECEWISE_BEZIER_KNOTS.);
#5223 = CARTESIAN_POINT('',(0.645400811064,2.137073007986,6.5001001));
#5224 = CARTESIAN_POINT('',(0.659905433997,2.151109739857,6.5001001));
#5225 = CARTESIAN_POINT('',(0.667131751515,2.170865140267,6.5001001));
#5226 = CARTESIAN_POINT('',(0.667131751515,2.196235233425,6.5001001));
#5227 = ORIENTED_EDGE('',*,*,#5228,.F.);
#5228 = EDGE_CURVE('',#5229,#5220,#5231,.T.);
#5229 = VERTEX_POINT('',#5230);
#5230 = CARTESIAN_POINT('',(0.58493888823,2.115861946494,6.5001001));
#5231 = B_SPLINE_CURVE_WITH_KNOTS('',3,(#5232,#5233,#5234,#5235),
  .UNSPECIFIED.,.F.,.F.,(4,4),(2.,3.),.PIECEWISE_BEZIER_KNOTS.);
#5232 = CARTESIAN_POINT('',(0.58493888823,2.115861946494,6.5001001));
#5233 = CARTESIAN_POINT('',(0.61077687245,2.115861946494,6.5001001));
#5234 = CARTESIAN_POINT('',(0.630948176027,2.122932300325,6.5001001));
#5235 = CARTESIAN_POINT('',(0.645400811064,2.137073007986,6.5001001));
#5236 = ORIENTED_EDGE('',*,*,#5237,.F.);
#5237 = EDGE_CURVE('',#5188,#5229,#5238,.T.);
#5238 = B_SPLINE_CURVE_WITH_KNOTS('',1,(#5239,#5240),.UNSPECIFIED.,.F.,
  .F.,(2,2),(0.,2.952912482302E-02),.PIECEWISE_BEZIER_KNOTS.);
#5239 = CARTESIAN_POINT('',(0.555409763407,2.115861946494,6.5001001));
#5240 = CARTESIAN_POINT('',(0.58493888823,2.115861946494,6.5001001));
#5241 = B_SPLINE_SURFACE_WITH_KNOTS('',1,1,(
    (#5242,#5243)
    ,(#5244,#5245
    )),.UNSPECIFIED.,.F.,.F.,.F.,(2,2),(2,2),(-0.100362632872,
    6.521881530082E-02),(-0.196657212897,6.719435533992E-03),
  .PIECEWISE_BEZIER_KNOTS.);
#5242 = CARTESIAN_POINT('',(0.529155876019,2.09267534496,6.5001001));
#5243 = CARTESIAN_POINT('',(0.529155876019,2.296051993392,6.5001001));
#5244 = CARTESIAN_POINT('',(0.694737324193,2.09267534496,6.5001001));
#5245 = CARTESIAN_POINT('',(0.694737324193,2.296051993392,6.5001001));
#5246 = ADVANCED_FACE('',(#5247),#5261,.F.);
#5247 = FACE_BOUND('',#5248,.T.);
#5248 = EDGE_LOOP('',(#5249,#5250,#5255,#5256));
#5249 = ORIENTED_EDGE('',*,*,#1667,.T.);
#5250 = ORIENTED_EDGE('',*,*,#5251,.F.);
#5251 = EDGE_CURVE('',#5129,#1670,#5252,.T.);
#5252 = B_SPLINE_CURVE_WITH_KNOTS('',1,(#5253,#5254),.UNSPECIFIED.,.F.,
  .F.,(2,2),(-0.,9.999999998422E-05),.PIECEWISE_BEZIER_KNOTS.);
#5253 = CARTESIAN_POINT('',(0.585094851917,2.09267534496,6.5001001));
#5254 = CARTESIAN_POINT('',(0.585094851917,2.09267534496,6.5000001));
#5255 = ORIENTED_EDGE('',*,*,#5126,.F.);
#5256 = ORIENTED_EDGE('',*,*,#5257,.T.);
#5257 = EDGE_CURVE('',#5127,#1668,#5258,.T.);
#5258 = B_SPLINE_CURVE_WITH_KNOTS('',1,(#5259,#5260),.UNSPECIFIED.,.F.,
  .F.,(2,2),(-0.,9.999999999977E-05),.PIECEWISE_BEZIER_KNOTS.);
#5259 = CARTESIAN_POINT('',(0.529155876019,2.09267534496,6.5001001));
#5260 = CARTESIAN_POINT('',(0.529155876019,2.09267534496,6.5000001));
#5261 = B_SPLINE_SURFACE_WITH_KNOTS('',1,1,(
    (#5262,#5263)
    ,(#5264,#5265
    )),.UNSPECIFIED.,.F.,.F.,.F.,(2,2),(2,2),(-9.999999999977E-05,0.),(
    -5.593897589787E-02,0.),.PIECEWISE_BEZIER_KNOTS.);
#5262 = CARTESIAN_POINT('',(0.529155876019,2.09267534496,6.5000001));
#5263 = CARTESIAN_POINT('',(0.585094851917,2.09267534496,6.5000001));
#5264 = CARTESIAN_POINT('',(0.529155876019,2.09267534496,6.5001001));
#5265 = CARTESIAN_POINT('',(0.585094851917,2.09267534496,6.5001001));
#5266 = ADVANCED_FACE('',(#5267),#5277,.F.);
#5267 = FACE_BOUND('',#5268,.F.);
#5268 = EDGE_LOOP('',(#5269,#5270,#5271,#5276));
#5269 = ORIENTED_EDGE('',*,*,#5251,.F.);
#5270 = ORIENTED_EDGE('',*,*,#5135,.T.);
#5271 = ORIENTED_EDGE('',*,*,#5272,.T.);
#5272 = EDGE_CURVE('',#5136,#1709,#5273,.T.);
#5273 = B_SPLINE_CURVE_WITH_KNOTS('',1,(#5274,#5275),.UNSPECIFIED.,.F.,
  .F.,(2,2),(-0.,9.999999998422E-05),.PIECEWISE_BEZIER_KNOTS.);
#5274 = CARTESIAN_POINT('',(0.664064465662,2.121164711867,6.5001001));
#5275 = CARTESIAN_POINT('',(0.664064465662,2.121164711867,6.5000001));
#5276 = ORIENTED_EDGE('',*,*,#1717,.F.);
#5277 = B_SPLINE_SURFACE_WITH_KNOTS('',3,1,(
    (#5278,#5279)
    ,(#5280,#5281)
    ,(#5282,#5283)
    ,(#5284,#5285
    )),.UNSPECIFIED.,.F.,.F.,.F.,(4,4),(2,2),(5.,6.),(0.,1.),
  .PIECEWISE_BEZIER_KNOTS.);
#5278 = CARTESIAN_POINT('',(0.585094851917,2.09267534496,6.5001001));
#5279 = CARTESIAN_POINT('',(0.585094851917,2.09267534496,6.5000001));
#5280 = CARTESIAN_POINT('',(0.617275359427,2.09267534496,6.5001001));
#5281 = CARTESIAN_POINT('',(0.617275359427,2.09267534496,6.5000001));
#5282 = CARTESIAN_POINT('',(0.643633222606,2.102137141999,6.5001001));
#5283 = CARTESIAN_POINT('',(0.643633222606,2.102137141999,6.5000001));
#5284 = CARTESIAN_POINT('',(0.664064465662,2.121164711867,6.5001001));
#5285 = CARTESIAN_POINT('',(0.664064465662,2.121164711867,6.5000001));
#5286 = ADVANCED_FACE('',(#5287),#5297,.F.);
#5287 = FACE_BOUND('',#5288,.F.);
#5288 = EDGE_LOOP('',(#5289,#5290,#5291,#5296));
#5289 = ORIENTED_EDGE('',*,*,#5272,.F.);
#5290 = ORIENTED_EDGE('',*,*,#5144,.T.);
#5291 = ORIENTED_EDGE('',*,*,#5292,.T.);
#5292 = EDGE_CURVE('',#5145,#1700,#5293,.T.);
#5293 = B_SPLINE_CURVE_WITH_KNOTS('',1,(#5294,#5295),.UNSPECIFIED.,.F.,
  .F.,(2,2),(-0.,9.999999998422E-05),.PIECEWISE_BEZIER_KNOTS.);
#5294 = CARTESIAN_POINT('',(0.694737324193,2.196963063967,6.5001001));
#5295 = CARTESIAN_POINT('',(0.694737324193,2.196963063967,6.5000001));
#5296 = ORIENTED_EDGE('',*,*,#1708,.F.);
#5297 = B_SPLINE_SURFACE_WITH_KNOTS('',3,1,(
    (#5298,#5299)
    ,(#5300,#5301)
    ,(#5302,#5303)
    ,(#5304,#5305
    )),.UNSPECIFIED.,.F.,.F.,.F.,(4,4),(2,2),(4.,5.),(0.,1.),
  .PIECEWISE_BEZIER_KNOTS.);
#5298 = CARTESIAN_POINT('',(0.664064465662,2.121164711867,6.5001001));
#5299 = CARTESIAN_POINT('',(0.664064465662,2.121164711867,6.5000001));
#5300 = CARTESIAN_POINT('',(0.684495708718,2.140192281736,6.5001001));
#5301 = CARTESIAN_POINT('',(0.684495708718,2.140192281736,6.5000001));
#5302 = CARTESIAN_POINT('',(0.694737324193,2.165458399103,6.5001001));
#5303 = CARTESIAN_POINT('',(0.694737324193,2.165458399103,6.5000001));
#5304 = CARTESIAN_POINT('',(0.694737324193,2.196963063967,6.5001001));
#5305 = CARTESIAN_POINT('',(0.694737324193,2.196963063967,6.5000001));
#5306 = ADVANCED_FACE('',(#5307),#5317,.F.);
#5307 = FACE_BOUND('',#5308,.F.);
#5308 = EDGE_LOOP('',(#5309,#5310,#5311,#5316));
#5309 = ORIENTED_EDGE('',*,*,#5292,.F.);
#5310 = ORIENTED_EDGE('',*,*,#5153,.T.);
#5311 = ORIENTED_EDGE('',*,*,#5312,.T.);
#5312 = EDGE_CURVE('',#5154,#1691,#5313,.T.);
#5313 = B_SPLINE_CURVE_WITH_KNOTS('',1,(#5314,#5315),.UNSPECIFIED.,.F.,
  .F.,(2,2),(-0.,9.999999998422E-05),.PIECEWISE_BEZIER_KNOTS.);
#5314 = CARTESIAN_POINT('',(0.664064465662,2.269122263359,6.5001001));
#5315 = CARTESIAN_POINT('',(0.664064465662,2.269122263359,6.5000001));
#5316 = ORIENTED_EDGE('',*,*,#1699,.F.);
#5317 = B_SPLINE_SURFACE_WITH_KNOTS('',3,1,(
    (#5318,#5319)
    ,(#5320,#5321)
    ,(#5322,#5323)
    ,(#5324,#5325
    )),.UNSPECIFIED.,.F.,.F.,.F.,(4,4),(2,2),(3.,4.),(0.,1.),
  .PIECEWISE_BEZIER_KNOTS.);
#5318 = CARTESIAN_POINT('',(0.694737324193,2.196963063967,6.5001001));
#5319 = CARTESIAN_POINT('',(0.694737324193,2.196963063967,6.5000001));
#5320 = CARTESIAN_POINT('',(0.694737324193,2.227116043539,6.5001001));
#5321 = CARTESIAN_POINT('',(0.694737324193,2.227116043539,6.5000001));
#5322 = CARTESIAN_POINT('',(0.684495708718,2.251134451407,6.5001001));
#5323 = CARTESIAN_POINT('',(0.684495708718,2.251134451407,6.5000001));
#5324 = CARTESIAN_POINT('',(0.664064465662,2.269122263359,6.5001001));
#5325 = CARTESIAN_POINT('',(0.664064465662,2.269122263359,6.5000001));
#5326 = ADVANCED_FACE('',(#5327),#5337,.F.);
#5327 = FACE_BOUND('',#5328,.F.);
#5328 = EDGE_LOOP('',(#5329,#5330,#5331,#5336));
#5329 = ORIENTED_EDGE('',*,*,#5312,.F.);
#5330 = ORIENTED_EDGE('',*,*,#5162,.T.);
#5331 = ORIENTED_EDGE('',*,*,#5332,.T.);
#5332 = EDGE_CURVE('',#5163,#1684,#5333,.T.);
#5333 = B_SPLINE_CURVE_WITH_KNOTS('',1,(#5334,#5335),.UNSPECIFIED.,.F.,
  .F.,(2,2),(-0.,9.999999999533E-05),.PIECEWISE_BEZIER_KNOTS.);
#5334 = CARTESIAN_POINT('',(0.58717436775,2.296051993392,6.5001001));
#5335 = CARTESIAN_POINT('',(0.58717436775,2.296051993392,6.5000001));
#5336 = ORIENTED_EDGE('',*,*,#1690,.F.);
#5337 = B_SPLINE_SURFACE_WITH_KNOTS('',3,1,(
    (#5338,#5339)
    ,(#5340,#5341)
    ,(#5342,#5343)
    ,(#5344,#5345
    )),.UNSPECIFIED.,.F.,.F.,.F.,(4,4),(2,2),(2.,3.),(0.,1.),
  .PIECEWISE_BEZIER_KNOTS.);
#5338 = CARTESIAN_POINT('',(0.664064465662,2.269122263359,6.5001001));
#5339 = CARTESIAN_POINT('',(0.664064465662,2.269122263359,6.5000001));
#5340 = CARTESIAN_POINT('',(0.643633222606,2.287110075312,6.5001001));
#5341 = CARTESIAN_POINT('',(0.643633222606,2.287110075312,6.5000001));
#5342 = CARTESIAN_POINT('',(0.618003189969,2.296051993392,6.5001001));
#5343 = CARTESIAN_POINT('',(0.618003189969,2.296051993392,6.5000001));
#5344 = CARTESIAN_POINT('',(0.58717436775,2.296051993392,6.5001001));
#5345 = CARTESIAN_POINT('',(0.58717436775,2.296051993392,6.5000001));
#5346 = ADVANCED_FACE('',(#5347),#5357,.F.);
#5347 = FACE_BOUND('',#5348,.T.);
#5348 = EDGE_LOOP('',(#5349,#5350,#5355,#5356));
#5349 = ORIENTED_EDGE('',*,*,#1683,.T.);
#5350 = ORIENTED_EDGE('',*,*,#5351,.F.);
#5351 = EDGE_CURVE('',#5172,#1677,#5352,.T.);
#5352 = B_SPLINE_CURVE_WITH_KNOTS('',1,(#5353,#5354),.UNSPECIFIED.,.F.,
  .F.,(2,2),(-0.,9.999999999533E-05),.PIECEWISE_BEZIER_KNOTS.);
#5353 = CARTESIAN_POINT('',(0.529155876019,2.296051993392,6.5001001));
#5354 = CARTESIAN_POINT('',(0.529155876019,2.296051993392,6.5000001));
#5355 = ORIENTED_EDGE('',*,*,#5171,.F.);
#5356 = ORIENTED_EDGE('',*,*,#5332,.T.);
#5357 = B_SPLINE_SURFACE_WITH_KNOTS('',1,1,(
    (#5358,#5359)
    ,(#5360,#5361
    )),.UNSPECIFIED.,.F.,.F.,.F.,(2,2),(2,2),(0.,9.999999999977E-05),(
    -2.22044604925E-16,5.801849173091E-02),.PIECEWISE_BEZIER_KNOTS.);
#5358 = CARTESIAN_POINT('',(0.529155876019,2.296051993392,6.5001001));
#5359 = CARTESIAN_POINT('',(0.58717436775,2.296051993392,6.5001001));
#5360 = CARTESIAN_POINT('',(0.529155876019,2.296051993392,6.5000001));
#5361 = CARTESIAN_POINT('',(0.58717436775,2.296051993392,6.5000001));
#5362 = ADVANCED_FACE('',(#5363),#5369,.F.);
#5363 = FACE_BOUND('',#5364,.T.);
#5364 = EDGE_LOOP('',(#5365,#5366,#5367,#5368));
#5365 = ORIENTED_EDGE('',*,*,#1676,.T.);
#5366 = ORIENTED_EDGE('',*,*,#5257,.F.);
#5367 = ORIENTED_EDGE('',*,*,#5178,.F.);
#5368 = ORIENTED_EDGE('',*,*,#5351,.T.);
#5369 = B_SPLINE_SURFACE_WITH_KNOTS('',1,1,(
    (#5370,#5371)
    ,(#5372,#5373
    )),.UNSPECIFIED.,.F.,.F.,.F.,(2,2),(2,2),(0.,9.999999999977E-05),(0.
    ,0.203376648431),.PIECEWISE_BEZIER_KNOTS.);
#5370 = CARTESIAN_POINT('',(0.529155876019,2.09267534496,6.5001001));
#5371 = CARTESIAN_POINT('',(0.529155876019,2.296051993392,6.5001001));
#5372 = CARTESIAN_POINT('',(0.529155876019,2.09267534496,6.5000001));
#5373 = CARTESIAN_POINT('',(0.529155876019,2.296051993392,6.5000001));
#5374 = ADVANCED_FACE('',(#5375),#5397,.T.);
#5375 = FACE_BOUND('',#5376,.T.);
#5376 = EDGE_LOOP('',(#5377,#5386,#5391,#5392));
#5377 = ORIENTED_EDGE('',*,*,#5378,.F.);
#5378 = EDGE_CURVE('',#5379,#5381,#5383,.T.);
#5379 = VERTEX_POINT('',#5380);
#5380 = CARTESIAN_POINT('',(0.586134609832,2.272657440275,6.5000001));
#5381 = VERTEX_POINT('',#5382);
#5382 = CARTESIAN_POINT('',(0.555409763407,2.272657440275,6.5000001));
#5383 = B_SPLINE_CURVE_WITH_KNOTS('',1,(#5384,#5385),.UNSPECIFIED.,.F.,
  .F.,(2,2),(1.110223024625E-16,3.072484642542E-02),
  .PIECEWISE_BEZIER_KNOTS.);
#5384 = CARTESIAN_POINT('',(0.586134609832,2.272657440275,6.5000001));
#5385 = CARTESIAN_POINT('',(0.555409763407,2.272657440275,6.5000001));
#5386 = ORIENTED_EDGE('',*,*,#5387,.F.);
#5387 = EDGE_CURVE('',#5195,#5379,#5388,.T.);
#5388 = B_SPLINE_CURVE_WITH_KNOTS('',1,(#5389,#5390),.UNSPECIFIED.,.F.,
  .F.,(2,2),(-0.,9.999999998422E-05),.PIECEWISE_BEZIER_KNOTS.);
#5389 = CARTESIAN_POINT('',(0.586134609832,2.272657440275,6.5001001));
#5390 = CARTESIAN_POINT('',(0.586134609832,2.272657440275,6.5000001));
#5391 = ORIENTED_EDGE('',*,*,#5194,.T.);
#5392 = ORIENTED_EDGE('',*,*,#5393,.T.);
#5393 = EDGE_CURVE('',#5186,#5381,#5394,.T.);
#5394 = B_SPLINE_CURVE_WITH_KNOTS('',1,(#5395,#5396),.UNSPECIFIED.,.F.,
  .F.,(2,2),(-0.,9.999999999977E-05),.PIECEWISE_BEZIER_KNOTS.);
#5395 = CARTESIAN_POINT('',(0.555409763407,2.272657440275,6.5001001));
#5396 = CARTESIAN_POINT('',(0.555409763407,2.272657440275,6.5000001));
#5397 = B_SPLINE_SURFACE_WITH_KNOTS('',1,1,(
    (#5398,#5399)
    ,(#5400,#5401
    )),.UNSPECIFIED.,.F.,.F.,.F.,(2,2),(2,2),(-0.,9.999999999977E-05),(
    -3.072484642542E-02,-1.110223024625E-16),.PIECEWISE_BEZIER_KNOTS.);
#5398 = CARTESIAN_POINT('',(0.555409763407,2.272657440275,6.5001001));
#5399 = CARTESIAN_POINT('',(0.586134609832,2.272657440275,6.5001001));
#5400 = CARTESIAN_POINT('',(0.555409763407,2.272657440275,6.5000001));
#5401 = CARTESIAN_POINT('',(0.586134609832,2.272657440275,6.5000001));
#5402 = ADVANCED_FACE('',(#5403),#5419,.T.);
#5403 = FACE_BOUND('',#5404,.T.);
#5404 = EDGE_LOOP('',(#5405,#5412,#5413,#5414));
#5405 = ORIENTED_EDGE('',*,*,#5406,.F.);
#5406 = EDGE_CURVE('',#5381,#5407,#5409,.T.);
#5407 = VERTEX_POINT('',#5408);
#5408 = CARTESIAN_POINT('',(0.555409763407,2.115861946494,6.5000001));
#5409 = B_SPLINE_CURVE_WITH_KNOTS('',1,(#5410,#5411),.UNSPECIFIED.,.F.,
  .F.,(2,2),(0.,0.156795493781),.PIECEWISE_BEZIER_KNOTS.);
#5410 = CARTESIAN_POINT('',(0.555409763407,2.272657440275,6.5000001));
#5411 = CARTESIAN_POINT('',(0.555409763407,2.115861946494,6.5000001));
#5412 = ORIENTED_EDGE('',*,*,#5393,.F.);
#5413 = ORIENTED_EDGE('',*,*,#5185,.T.);
#5414 = ORIENTED_EDGE('',*,*,#5415,.T.);
#5415 = EDGE_CURVE('',#5188,#5407,#5416,.T.);
#5416 = B_SPLINE_CURVE_WITH_KNOTS('',1,(#5417,#5418),.UNSPECIFIED.,.F.,
  .F.,(2,2),(-0.,9.999999999977E-05),.PIECEWISE_BEZIER_KNOTS.);
#5417 = CARTESIAN_POINT('',(0.555409763407,2.115861946494,6.5001001));
#5418 = CARTESIAN_POINT('',(0.555409763407,2.115861946494,6.5000001));
#5419 = B_SPLINE_SURFACE_WITH_KNOTS('',1,1,(
    (#5420,#5421)
    ,(#5422,#5423
    )),.UNSPECIFIED.,.F.,.F.,.F.,(2,2),(2,2),(0.,9.999999999977E-05),(
    -0.156795493781,0.),.PIECEWISE_BEZIER_KNOTS.);
#5420 = CARTESIAN_POINT('',(0.555409763407,2.115861946494,6.5001001));
#5421 = CARTESIAN_POINT('',(0.555409763407,2.272657440275,6.5001001));
#5422 = CARTESIAN_POINT('',(0.555409763407,2.115861946494,6.5000001));
#5423 = CARTESIAN_POINT('',(0.555409763407,2.272657440275,6.5000001));
#5424 = ADVANCED_FACE('',(#5425),#5441,.T.);
#5425 = FACE_BOUND('',#5426,.T.);
#5426 = EDGE_LOOP('',(#5427,#5434,#5435,#5436));
#5427 = ORIENTED_EDGE('',*,*,#5428,.F.);
#5428 = EDGE_CURVE('',#5407,#5429,#5431,.T.);
#5429 = VERTEX_POINT('',#5430);
#5430 = CARTESIAN_POINT('',(0.58493888823,2.115861946494,6.5000001));
#5431 = B_SPLINE_CURVE_WITH_KNOTS('',1,(#5432,#5433),.UNSPECIFIED.,.F.,
  .F.,(2,2),(0.,2.952912482302E-02),.PIECEWISE_BEZIER_KNOTS.);
#5432 = CARTESIAN_POINT('',(0.555409763407,2.115861946494,6.5000001));
#5433 = CARTESIAN_POINT('',(0.58493888823,2.115861946494,6.5000001));
#5434 = ORIENTED_EDGE('',*,*,#5415,.F.);
#5435 = ORIENTED_EDGE('',*,*,#5237,.T.);
#5436 = ORIENTED_EDGE('',*,*,#5437,.T.);
#5437 = EDGE_CURVE('',#5229,#5429,#5438,.T.);
#5438 = B_SPLINE_CURVE_WITH_KNOTS('',1,(#5439,#5440),.UNSPECIFIED.,.F.,
  .F.,(2,2),(-0.,9.999999999977E-05),.PIECEWISE_BEZIER_KNOTS.);
#5439 = CARTESIAN_POINT('',(0.58493888823,2.115861946494,6.5001001));
#5440 = CARTESIAN_POINT('',(0.58493888823,2.115861946494,6.5000001));
#5441 = B_SPLINE_SURFACE_WITH_KNOTS('',1,1,(
    (#5442,#5443)
    ,(#5444,#5445
    )),.UNSPECIFIED.,.F.,.F.,.F.,(2,2),(2,2),(-9.999999999977E-05,0.),(
    0.,2.952912482302E-02),.PIECEWISE_BEZIER_KNOTS.);
#5442 = CARTESIAN_POINT('',(0.555409763407,2.115861946494,6.5000001));
#5443 = CARTESIAN_POINT('',(0.58493888823,2.115861946494,6.5000001));
#5444 = CARTESIAN_POINT('',(0.555409763407,2.115861946494,6.5001001));
#5445 = CARTESIAN_POINT('',(0.58493888823,2.115861946494,6.5001001));
#5446 = ADVANCED_FACE('',(#5447),#5465,.T.);
#5447 = FACE_BOUND('',#5448,.T.);
#5448 = EDGE_LOOP('',(#5449,#5458,#5459,#5460));
#5449 = ORIENTED_EDGE('',*,*,#5450,.F.);
#5450 = EDGE_CURVE('',#5429,#5451,#5453,.T.);
#5451 = VERTEX_POINT('',#5452);
#5452 = CARTESIAN_POINT('',(0.645400811064,2.137073007986,6.5000001));
#5453 = B_SPLINE_CURVE_WITH_KNOTS('',3,(#5454,#5455,#5456,#5457),
  .UNSPECIFIED.,.F.,.F.,(4,4),(2.,3.),.PIECEWISE_BEZIER_KNOTS.);
#5454 = CARTESIAN_POINT('',(0.58493888823,2.115861946494,6.5000001));
#5455 = CARTESIAN_POINT('',(0.61077687245,2.115861946494,6.5000001));
#5456 = CARTESIAN_POINT('',(0.630948176027,2.122932300325,6.5000001));
#5457 = CARTESIAN_POINT('',(0.645400811064,2.137073007986,6.5000001));
#5458 = ORIENTED_EDGE('',*,*,#5437,.F.);
#5459 = ORIENTED_EDGE('',*,*,#5228,.T.);
#5460 = ORIENTED_EDGE('',*,*,#5461,.T.);
#5461 = EDGE_CURVE('',#5220,#5451,#5462,.T.);
#5462 = B_SPLINE_CURVE_WITH_KNOTS('',1,(#5463,#5464),.UNSPECIFIED.,.F.,
  .F.,(2,2),(-0.,9.999999999977E-05),.PIECEWISE_BEZIER_KNOTS.);
#5463 = CARTESIAN_POINT('',(0.645400811064,2.137073007986,6.5001001));
#5464 = CARTESIAN_POINT('',(0.645400811064,2.137073007986,6.5000001));
#5465 = B_SPLINE_SURFACE_WITH_KNOTS('',3,1,(
    (#5466,#5467)
    ,(#5468,#5469)
    ,(#5470,#5471)
    ,(#5472,#5473
    )),.UNSPECIFIED.,.F.,.F.,.F.,(4,4),(2,2),(2.,3.),(0.,1.),
  .PIECEWISE_BEZIER_KNOTS.);
#5466 = CARTESIAN_POINT('',(0.58493888823,2.115861946494,6.5001001));
#5467 = CARTESIAN_POINT('',(0.58493888823,2.115861946494,6.5000001));
#5468 = CARTESIAN_POINT('',(0.61077687245,2.115861946494,6.5001001));
#5469 = CARTESIAN_POINT('',(0.61077687245,2.115861946494,6.5000001));
#5470 = CARTESIAN_POINT('',(0.630948176027,2.122932300325,6.5001001));
#5471 = CARTESIAN_POINT('',(0.630948176027,2.122932300325,6.5000001));
#5472 = CARTESIAN_POINT('',(0.645400811064,2.137073007986,6.5001001));
#5473 = CARTESIAN_POINT('',(0.645400811064,2.137073007986,6.5000001));
#5474 = ADVANCED_FACE('',(#5475),#5493,.T.);
#5475 = FACE_BOUND('',#5476,.T.);
#5476 = EDGE_LOOP('',(#5477,#5486,#5487,#5488));
#5477 = ORIENTED_EDGE('',*,*,#5478,.F.);
#5478 = EDGE_CURVE('',#5451,#5479,#5481,.T.);
#5479 = VERTEX_POINT('',#5480);
#5480 = CARTESIAN_POINT('',(0.667131751515,2.196235233425,6.5000001));
#5481 = B_SPLINE_CURVE_WITH_KNOTS('',3,(#5482,#5483,#5484,#5485),
  .UNSPECIFIED.,.F.,.F.,(4,4),(3.,4.),.PIECEWISE_BEZIER_KNOTS.);
#5482 = CARTESIAN_POINT('',(0.645400811064,2.137073007986,6.5000001));
#5483 = CARTESIAN_POINT('',(0.659905433997,2.151109739857,6.5000001));
#5484 = CARTESIAN_POINT('',(0.667131751515,2.170865140267,6.5000001));
#5485 = CARTESIAN_POINT('',(0.667131751515,2.196235233425,6.5000001));
#5486 = ORIENTED_EDGE('',*,*,#5461,.F.);
#5487 = ORIENTED_EDGE('',*,*,#5219,.T.);
#5488 = ORIENTED_EDGE('',*,*,#5489,.T.);
#5489 = EDGE_CURVE('',#5211,#5479,#5490,.T.);
#5490 = B_SPLINE_CURVE_WITH_KNOTS('',1,(#5491,#5492),.UNSPECIFIED.,.F.,
  .F.,(2,2),(-0.,9.999999999977E-05),.PIECEWISE_BEZIER_KNOTS.);
#5491 = CARTESIAN_POINT('',(0.667131751515,2.196235233425,6.5001001));
#5492 = CARTESIAN_POINT('',(0.667131751515,2.196235233425,6.5000001));
#5493 = B_SPLINE_SURFACE_WITH_KNOTS('',3,1,(
    (#5494,#5495)
    ,(#5496,#5497)
    ,(#5498,#5499)
    ,(#5500,#5501
    )),.UNSPECIFIED.,.F.,.F.,.F.,(4,4),(2,2),(3.,4.),(0.,1.),
  .PIECEWISE_BEZIER_KNOTS.);
#5494 = CARTESIAN_POINT('',(0.645400811064,2.137073007986,6.5001001));
#5495 = CARTESIAN_POINT('',(0.645400811064,2.137073007986,6.5000001));
#5496 = CARTESIAN_POINT('',(0.659905433997,2.151109739857,6.5001001));
#5497 = CARTESIAN_POINT('',(0.659905433997,2.151109739857,6.5000001));
#5498 = CARTESIAN_POINT('',(0.667131751515,2.170865140267,6.5001001));
#5499 = CARTESIAN_POINT('',(0.667131751515,2.170865140267,6.5000001));
#5500 = CARTESIAN_POINT('',(0.667131751515,2.196235233425,6.5001001));
#5501 = CARTESIAN_POINT('',(0.667131751515,2.196235233425,6.5000001));
#5502 = ADVANCED_FACE('',(#5503),#5521,.T.);
#5503 = FACE_BOUND('',#5504,.T.);
#5504 = EDGE_LOOP('',(#5505,#5514,#5515,#5516));
#5505 = ORIENTED_EDGE('',*,*,#5506,.F.);
#5506 = EDGE_CURVE('',#5479,#5507,#5509,.T.);
#5507 = VERTEX_POINT('',#5508);
#5508 = CARTESIAN_POINT('',(0.644828944209,2.253525894614,6.5000001));
#5509 = B_SPLINE_CURVE_WITH_KNOTS('',3,(#5510,#5511,#5512,#5513),
  .UNSPECIFIED.,.F.,.F.,(4,4),(4.,5.),.PIECEWISE_BEZIER_KNOTS.);
#5510 = CARTESIAN_POINT('',(0.667131751515,2.196235233425,6.5000001));
#5511 = CARTESIAN_POINT('',(0.667131751515,2.221605326584,6.5000001));
#5512 = CARTESIAN_POINT('',(0.659697482412,2.240736872244,6.5000001));
#5513 = CARTESIAN_POINT('',(0.644828944209,2.253525894614,6.5000001));
#5514 = ORIENTED_EDGE('',*,*,#5489,.F.);
#5515 = ORIENTED_EDGE('',*,*,#5210,.T.);
#5516 = ORIENTED_EDGE('',*,*,#5517,.T.);
#5517 = EDGE_CURVE('',#5202,#5507,#5518,.T.);
#5518 = B_SPLINE_CURVE_WITH_KNOTS('',1,(#5519,#5520),.UNSPECIFIED.,.F.,
  .F.,(2,2),(-0.,9.999999999977E-05),.PIECEWISE_BEZIER_KNOTS.);
#5519 = CARTESIAN_POINT('',(0.644828944209,2.253525894614,6.5001001));
#5520 = CARTESIAN_POINT('',(0.644828944209,2.253525894614,6.5000001));
#5521 = B_SPLINE_SURFACE_WITH_KNOTS('',3,1,(
    (#5522,#5523)
    ,(#5524,#5525)
    ,(#5526,#5527)
    ,(#5528,#5529
    )),.UNSPECIFIED.,.F.,.F.,.F.,(4,4),(2,2),(4.,5.),(0.,1.),
  .PIECEWISE_BEZIER_KNOTS.);
#5522 = CARTESIAN_POINT('',(0.667131751515,2.196235233425,6.5001001));
#5523 = CARTESIAN_POINT('',(0.667131751515,2.196235233425,6.5000001));
#5524 = CARTESIAN_POINT('',(0.667131751515,2.221605326584,6.5001001));
#5525 = CARTESIAN_POINT('',(0.667131751515,2.221605326584,6.5000001));
#5526 = CARTESIAN_POINT('',(0.659697482412,2.240736872244,6.5001001));
#5527 = CARTESIAN_POINT('',(0.659697482412,2.240736872244,6.5000001));
#5528 = CARTESIAN_POINT('',(0.644828944209,2.253525894614,6.5001001));
#5529 = CARTESIAN_POINT('',(0.644828944209,2.253525894614,6.5000001));
#5530 = ADVANCED_FACE('',(#5531),#5543,.T.);
#5531 = FACE_BOUND('',#5532,.T.);
#5532 = EDGE_LOOP('',(#5533,#5540,#5541,#5542));
#5533 = ORIENTED_EDGE('',*,*,#5534,.F.);
#5534 = EDGE_CURVE('',#5507,#5379,#5535,.T.);
#5535 = B_SPLINE_CURVE_WITH_KNOTS('',3,(#5536,#5537,#5538,#5539),
  .UNSPECIFIED.,.F.,.F.,(4,4),(5.,6.),.PIECEWISE_BEZIER_KNOTS.);
#5536 = CARTESIAN_POINT('',(0.644828944209,2.253525894614,6.5000001));
#5537 = CARTESIAN_POINT('',(0.629960406005,2.266314916986,6.5000001));
#5538 = CARTESIAN_POINT('',(0.610360969283,2.272657440275,6.5000001));
#5539 = CARTESIAN_POINT('',(0.586134609832,2.272657440275,6.5000001));
#5540 = ORIENTED_EDGE('',*,*,#5517,.F.);
#5541 = ORIENTED_EDGE('',*,*,#5201,.T.);
#5542 = ORIENTED_EDGE('',*,*,#5387,.T.);
#5543 = B_SPLINE_SURFACE_WITH_KNOTS('',3,1,(
    (#5544,#5545)
    ,(#5546,#5547)
    ,(#5548,#5549)
    ,(#5550,#5551
    )),.UNSPECIFIED.,.F.,.F.,.F.,(4,4),(2,2),(5.,6.),(0.,1.),
  .PIECEWISE_BEZIER_KNOTS.);
#5544 = CARTESIAN_POINT('',(0.644828944209,2.253525894614,6.5001001));
#5545 = CARTESIAN_POINT('',(0.644828944209,2.253525894614,6.5000001));
#5546 = CARTESIAN_POINT('',(0.629960406005,2.266314916986,6.5001001));
#5547 = CARTESIAN_POINT('',(0.629960406005,2.266314916986,6.5000001));
#5548 = CARTESIAN_POINT('',(0.610360969283,2.272657440275,6.5001001));
#5549 = CARTESIAN_POINT('',(0.610360969283,2.272657440275,6.5000001));
#5550 = CARTESIAN_POINT('',(0.586134609832,2.272657440275,6.5001001));
#5551 = CARTESIAN_POINT('',(0.586134609832,2.272657440275,6.5000001));
#5552 = ADVANCED_FACE('',(#5553),#5562,.F.);
#5553 = FACE_BOUND('',#5554,.T.);
#5554 = EDGE_LOOP('',(#5555,#5556,#5557,#5558,#5559,#5560,#5561));
#5555 = ORIENTED_EDGE('',*,*,#5534,.T.);
#5556 = ORIENTED_EDGE('',*,*,#5378,.T.);
#5557 = ORIENTED_EDGE('',*,*,#5406,.T.);
#5558 = ORIENTED_EDGE('',*,*,#5428,.T.);
#5559 = ORIENTED_EDGE('',*,*,#5450,.T.);
#5560 = ORIENTED_EDGE('',*,*,#5478,.T.);
#5561 = ORIENTED_EDGE('',*,*,#5506,.T.);
#5562 = B_SPLINE_SURFACE_WITH_KNOTS('',1,1,(
    (#5563,#5564)
    ,(#5565,#5566
    )),.UNSPECIFIED.,.F.,.F.,.F.,(2,2),(2,2),(-1.022657440275,
    -0.865861946494),(2.582868248485,2.694590236593),
  .PIECEWISE_BEZIER_KNOTS.);
#5563 = CARTESIAN_POINT('',(0.667131751515,2.272657440275,6.5000001));
#5564 = CARTESIAN_POINT('',(0.555409763407,2.272657440275,6.5000001));
#5565 = CARTESIAN_POINT('',(0.667131751515,2.115861946494,6.5000001));
#5566 = CARTESIAN_POINT('',(0.555409763407,2.115861946494,6.5000001));
#5567 = ADVANCED_FACE('',(#5568,#5626),#5674,.F.);
#5568 = FACE_BOUND('',#5569,.T.);
#5569 = EDGE_LOOP('',(#5570,#5579,#5586,#5593,#5600,#5607,#5614,#5621));
#5570 = ORIENTED_EDGE('',*,*,#5571,.T.);
#5571 = EDGE_CURVE('',#5572,#5574,#5576,.T.);
#5572 = VERTEX_POINT('',#5573);
#5573 = CARTESIAN_POINT('',(0.889016090857,2.09267534496,6.5001001));
#5574 = VERTEX_POINT('',#5575);
#5575 = CARTESIAN_POINT('',(0.811554126091,2.296051993392,6.5001001));
#5576 = B_SPLINE_CURVE_WITH_KNOTS('',1,(#5577,#5578),.UNSPECIFIED.,.F.,
  .F.,(2,2),(-0.217629081496,0.),.PIECEWISE_BEZIER_KNOTS.);
#5577 = CARTESIAN_POINT('',(0.889016090857,2.09267534496,6.5001001));
#5578 = CARTESIAN_POINT('',(0.811554126091,2.296051993392,6.5001001));
#5579 = ORIENTED_EDGE('',*,*,#5580,.T.);
#5580 = EDGE_CURVE('',#5574,#5581,#5583,.T.);
#5581 = VERTEX_POINT('',#5582);
#5582 = CARTESIAN_POINT('',(0.78348066235,2.296051993392,6.5001001));
#5583 = B_SPLINE_CURVE_WITH_KNOTS('',1,(#5584,#5585),.UNSPECIFIED.,.F.,
  .F.,(2,2),(-2.807346374045E-02,-0.),.PIECEWISE_BEZIER_KNOTS.);
#5584 = CARTESIAN_POINT('',(0.811554126091,2.296051993392,6.5001001));
#5585 = CARTESIAN_POINT('',(0.78348066235,2.296051993392,6.5001001));
#5586 = ORIENTED_EDGE('',*,*,#5587,.T.);
#5587 = EDGE_CURVE('',#5581,#5588,#5590,.T.);
#5588 = VERTEX_POINT('',#5589);
#5589 = CARTESIAN_POINT('',(0.706018697586,2.09267534496,6.5001001));
#5590 = B_SPLINE_CURVE_WITH_KNOTS('',1,(#5591,#5592),.UNSPECIFIED.,.F.,
  .F.,(2,2),(-0.217629081495,-0.),.PIECEWISE_BEZIER_KNOTS.);
#5591 = CARTESIAN_POINT('',(0.78348066235,2.296051993392,6.5001001));
#5592 = CARTESIAN_POINT('',(0.706018697586,2.09267534496,6.5001001));
#5593 = ORIENTED_EDGE('',*,*,#5594,.T.);
#5594 = EDGE_CURVE('',#5588,#5595,#5597,.T.);
#5595 = VERTEX_POINT('',#5596);
#5596 = CARTESIAN_POINT('',(0.73502794345,2.09267534496,6.5001001));
#5597 = B_SPLINE_CURVE_WITH_KNOTS('',1,(#5598,#5599),.UNSPECIFIED.,.F.,
  .F.,(2,2),(-2.900924586407E-02,0.),.PIECEWISE_BEZIER_KNOTS.);
#5598 = CARTESIAN_POINT('',(0.706018697586,2.09267534496,6.5001001));
#5599 = CARTESIAN_POINT('',(0.73502794345,2.09267534496,6.5001001));
#5600 = ORIENTED_EDGE('',*,*,#5601,.T.);
#5601 = EDGE_CURVE('',#5595,#5602,#5604,.T.);
#5602 = VERTEX_POINT('',#5603);
#5603 = CARTESIAN_POINT('',(0.754575392276,2.148302393484,6.5001001));
#5604 = B_SPLINE_CURVE_WITH_KNOTS('',1,(#5605,#5606),.UNSPECIFIED.,.F.,
  .F.,(2,2),(-5.896160855208E-02,0.),.PIECEWISE_BEZIER_KNOTS.);
#5605 = CARTESIAN_POINT('',(0.73502794345,2.09267534496,6.5001001));
#5606 = CARTESIAN_POINT('',(0.754575392276,2.148302393484,6.5001001));
#5607 = ORIENTED_EDGE('',*,*,#5608,.T.);
#5608 = EDGE_CURVE('',#5602,#5609,#5611,.T.);
#5609 = VERTEX_POINT('',#5610);
#5610 = CARTESIAN_POINT('',(0.839263674561,2.148302393484,6.5001001));
#5611 = B_SPLINE_CURVE_WITH_KNOTS('',1,(#5612,#5613),.UNSPECIFIED.,.F.,
  .F.,(2,2),(-8.468828228454E-02,0.),.PIECEWISE_BEZIER_KNOTS.);
#5612 = CARTESIAN_POINT('',(0.754575392276,2.148302393484,6.5001001));
#5613 = CARTESIAN_POINT('',(0.839263674561,2.148302393484,6.5001001));
#5614 = ORIENTED_EDGE('',*,*,#5615,.T.);
#5615 = EDGE_CURVE('',#5609,#5616,#5618,.T.);
#5616 = VERTEX_POINT('',#5617);
#5617 = CARTESIAN_POINT('',(0.860006844991,2.09267534496,6.5001001));
#5618 = B_SPLINE_CURVE_WITH_KNOTS('',1,(#5619,#5620),.UNSPECIFIED.,.F.,
  .F.,(2,2),(-5.936874301283E-02,0.),.PIECEWISE_BEZIER_KNOTS.);
#5619 = CARTESIAN_POINT('',(0.839263674561,2.148302393484,6.5001001));
#5620 = CARTESIAN_POINT('',(0.860006844991,2.09267534496,6.5001001));
#5621 = ORIENTED_EDGE('',*,*,#5622,.T.);
#5622 = EDGE_CURVE('',#5616,#5572,#5623,.T.);
#5623 = B_SPLINE_CURVE_WITH_KNOTS('',1,(#5624,#5625),.UNSPECIFIED.,.F.,
  .F.,(2,2),(-2.900924586545E-02,0.),.PIECEWISE_BEZIER_KNOTS.);
#5624 = CARTESIAN_POINT('',(0.860006844991,2.09267534496,6.5001001));
#5625 = CARTESIAN_POINT('',(0.889016090857,2.09267534496,6.5001001));
#5626 = FACE_BOUND('',#5627,.T.);
#5627 = EDGE_LOOP('',(#5628,#5637,#5644,#5653,#5660,#5669));
#5628 = ORIENTED_EDGE('',*,*,#5629,.F.);
#5629 = EDGE_CURVE('',#5630,#5632,#5634,.T.);
#5630 = VERTEX_POINT('',#5631);
#5631 = CARTESIAN_POINT('',(0.762893455607,2.171281043434,6.5001001));
#5632 = VERTEX_POINT('',#5633);
#5633 = CARTESIAN_POINT('',(0.831153562813,2.171281043434,6.5001001));
#5634 = B_SPLINE_CURVE_WITH_KNOTS('',1,(#5635,#5636),.UNSPECIFIED.,.F.,
  .F.,(2,2),(0.,6.826010720605E-02),.PIECEWISE_BEZIER_KNOTS.);
#5635 = CARTESIAN_POINT('',(0.762893455607,2.171281043434,6.5001001));
#5636 = CARTESIAN_POINT('',(0.831153562813,2.171281043434,6.5001001));
#5637 = ORIENTED_EDGE('',*,*,#5638,.F.);
#5638 = EDGE_CURVE('',#5639,#5630,#5641,.T.);
#5639 = VERTEX_POINT('',#5640);
#5640 = CARTESIAN_POINT('',(0.793306374659,2.25581336203,6.5001001));
#5641 = B_SPLINE_CURVE_WITH_KNOTS('',1,(#5642,#5643),.UNSPECIFIED.,.F.,
  .F.,(2,2),(0.,8.983684395879E-02),.PIECEWISE_BEZIER_KNOTS.);
#5642 = CARTESIAN_POINT('',(0.793306374659,2.25581336203,6.5001001));
#5643 = CARTESIAN_POINT('',(0.762893455607,2.171281043434,6.5001001));
#5644 = ORIENTED_EDGE('',*,*,#5645,.F.);
#5645 = EDGE_CURVE('',#5646,#5639,#5648,.T.);
#5646 = VERTEX_POINT('',#5647);
#5647 = CARTESIAN_POINT('',(0.796633599992,2.270058045484,6.5001001));
#5648 = B_SPLINE_CURVE_WITH_KNOTS('',3,(#5649,#5650,#5651,#5652),
  .UNSPECIFIED.,.F.,.F.,(4,4),(3.,4.),.PIECEWISE_BEZIER_KNOTS.);
#5649 = CARTESIAN_POINT('',(0.796633599992,2.270058045484,6.5001001));
#5650 = CARTESIAN_POINT('',(0.795645829971,2.263923473778,6.5001001));
#5651 = CARTESIAN_POINT('',(0.794554084159,2.259140587363,6.5001001));
#5652 = CARTESIAN_POINT('',(0.793306374659,2.25581336203,6.5001001));
#5653 = ORIENTED_EDGE('',*,*,#5654,.F.);
#5654 = EDGE_CURVE('',#5655,#5646,#5657,.T.);
#5655 = VERTEX_POINT('',#5656);
#5656 = CARTESIAN_POINT('',(0.797257454741,2.270058045484,6.5001001));
#5657 = B_SPLINE_CURVE_WITH_KNOTS('',1,(#5658,#5659),.UNSPECIFIED.,.F.,
  .F.,(2,2),(1.110223024625E-16,6.238547490791E-04),
  .PIECEWISE_BEZIER_KNOTS.);
#5658 = CARTESIAN_POINT('',(0.797257454741,2.270058045484,6.5001001));
#5659 = CARTESIAN_POINT('',(0.796633599992,2.270058045484,6.5001001));
#5660 = ORIENTED_EDGE('',*,*,#5661,.F.);
#5661 = EDGE_CURVE('',#5662,#5655,#5664,.T.);
#5662 = VERTEX_POINT('',#5663);
#5663 = CARTESIAN_POINT('',(0.800428716386,2.25581336203,6.5001001));
#5664 = B_SPLINE_CURVE_WITH_KNOTS('',3,(#5665,#5666,#5667,#5668),
  .UNSPECIFIED.,.F.,.F.,(4,4),(1.,2.),.PIECEWISE_BEZIER_KNOTS.);
#5665 = CARTESIAN_POINT('',(0.800428716386,2.25581336203,6.5001001));
#5666 = CARTESIAN_POINT('',(0.799440946366,2.258620708404,6.5001001));
#5667 = CARTESIAN_POINT('',(0.798401188449,2.263299619027,6.5001001));
#5668 = CARTESIAN_POINT('',(0.797257454741,2.270058045484,6.5001001));
#5669 = ORIENTED_EDGE('',*,*,#5670,.F.);
#5670 = EDGE_CURVE('',#5632,#5662,#5671,.T.);
#5671 = B_SPLINE_CURVE_WITH_KNOTS('',1,(#5672,#5673),.UNSPECIFIED.,.F.,
  .F.,(2,2),(0.,8.994292120644E-02),.PIECEWISE_BEZIER_KNOTS.);
#5672 = CARTESIAN_POINT('',(0.831153562813,2.171281043434,6.5001001));
#5673 = CARTESIAN_POINT('',(0.800428716386,2.25581336203,6.5001001));
#5674 = B_SPLINE_SURFACE_WITH_KNOTS('',1,1,(
    (#5675,#5676)
    ,(#5677,#5678
    )),.UNSPECIFIED.,.F.,.F.,.F.,(2,2),(2,2),(-0.889016090857,
    -0.706018697586),(-0.65732465504,-0.453948006608),
  .PIECEWISE_BEZIER_KNOTS.);
#5675 = CARTESIAN_POINT('',(0.889016090857,2.09267534496,6.5001001));
#5676 = CARTESIAN_POINT('',(0.889016090857,2.296051993392,6.5001001));
#5677 = CARTESIAN_POINT('',(0.706018697586,2.09267534496,6.5001001));
#5678 = CARTESIAN_POINT('',(0.706018697586,2.296051993392,6.5001001));
#5679 = ADVANCED_FACE('',(#5680),#5694,.F.);
#5680 = FACE_BOUND('',#5681,.T.);
#5681 = EDGE_LOOP('',(#5682,#5683,#5688,#5689));
#5682 = ORIENTED_EDGE('',*,*,#1726,.T.);
#5683 = ORIENTED_EDGE('',*,*,#5684,.F.);
#5684 = EDGE_CURVE('',#5574,#1729,#5685,.T.);
#5685 = B_SPLINE_CURVE_WITH_KNOTS('',1,(#5686,#5687),.UNSPECIFIED.,.F.,
  .F.,(2,2),(-0.,9.999999999533E-05),.PIECEWISE_BEZIER_KNOTS.);
#5686 = CARTESIAN_POINT('',(0.811554126091,2.296051993392,6.5001001));
#5687 = CARTESIAN_POINT('',(0.811554126091,2.296051993392,6.5000001));
#5688 = ORIENTED_EDGE('',*,*,#5571,.F.);
#5689 = ORIENTED_EDGE('',*,*,#5690,.T.);
#5690 = EDGE_CURVE('',#5572,#1727,#5691,.T.);
#5691 = B_SPLINE_CURVE_WITH_KNOTS('',1,(#5692,#5693),.UNSPECIFIED.,.F.,
  .F.,(2,2),(-0.,9.999999999977E-05),.PIECEWISE_BEZIER_KNOTS.);
#5692 = CARTESIAN_POINT('',(0.889016090857,2.09267534496,6.5001001));
#5693 = CARTESIAN_POINT('',(0.889016090857,2.09267534496,6.5000001));
#5694 = B_SPLINE_SURFACE_WITH_KNOTS('',1,1,(
    (#5695,#5696)
    ,(#5697,#5698
    )),.UNSPECIFIED.,.F.,.F.,.F.,(2,2),(2,2),(0.,0.217629081496),(
    -9.999999999977E-05,0.),.PIECEWISE_BEZIER_KNOTS.);
#5695 = CARTESIAN_POINT('',(0.811554126091,2.296051993392,6.5000001));
#5696 = CARTESIAN_POINT('',(0.811554126091,2.296051993392,6.5001001));
#5697 = CARTESIAN_POINT('',(0.889016090857,2.09267534496,6.5000001));
#5698 = CARTESIAN_POINT('',(0.889016090857,2.09267534496,6.5001001));
#5699 = ADVANCED_FACE('',(#5700),#5710,.F.);
#5700 = FACE_BOUND('',#5701,.T.);
#5701 = EDGE_LOOP('',(#5702,#5703,#5708,#5709));
#5702 = ORIENTED_EDGE('',*,*,#1777,.T.);
#5703 = ORIENTED_EDGE('',*,*,#5704,.F.);
#5704 = EDGE_CURVE('',#5581,#1771,#5705,.T.);
#5705 = B_SPLINE_CURVE_WITH_KNOTS('',1,(#5706,#5707),.UNSPECIFIED.,.F.,
  .F.,(2,2),(-0.,9.999999999533E-05),.PIECEWISE_BEZIER_KNOTS.);
#5706 = CARTESIAN_POINT('',(0.78348066235,2.296051993392,6.5001001));
#5707 = CARTESIAN_POINT('',(0.78348066235,2.296051993392,6.5000001));
#5708 = ORIENTED_EDGE('',*,*,#5580,.F.);
#5709 = ORIENTED_EDGE('',*,*,#5684,.T.);
#5710 = B_SPLINE_SURFACE_WITH_KNOTS('',1,1,(
    (#5711,#5712)
    ,(#5713,#5714
    )),.UNSPECIFIED.,.F.,.F.,.F.,(2,2),(2,2),(0.,9.999999999977E-05),(
    -4.440892098501E-16,2.807346374045E-02),.PIECEWISE_BEZIER_KNOTS.);
#5711 = CARTESIAN_POINT('',(0.78348066235,2.296051993392,6.5001001));
#5712 = CARTESIAN_POINT('',(0.811554126091,2.296051993392,6.5001001));
#5713 = CARTESIAN_POINT('',(0.78348066235,2.296051993392,6.5000001));
#5714 = CARTESIAN_POINT('',(0.811554126091,2.296051993392,6.5000001));
#5715 = ADVANCED_FACE('',(#5716),#5726,.F.);
#5716 = FACE_BOUND('',#5717,.T.);
#5717 = EDGE_LOOP('',(#5718,#5719,#5724,#5725));
#5718 = ORIENTED_EDGE('',*,*,#1770,.T.);
#5719 = ORIENTED_EDGE('',*,*,#5720,.F.);
#5720 = EDGE_CURVE('',#5588,#1764,#5721,.T.);
#5721 = B_SPLINE_CURVE_WITH_KNOTS('',1,(#5722,#5723),.UNSPECIFIED.,.F.,
  .F.,(2,2),(-0.,9.999999999311E-05),.PIECEWISE_BEZIER_KNOTS.);
#5722 = CARTESIAN_POINT('',(0.706018697586,2.09267534496,6.5001001));
#5723 = CARTESIAN_POINT('',(0.706018697586,2.09267534496,6.5000001));
#5724 = ORIENTED_EDGE('',*,*,#5587,.F.);
#5725 = ORIENTED_EDGE('',*,*,#5704,.T.);
#5726 = B_SPLINE_SURFACE_WITH_KNOTS('',1,1,(
    (#5727,#5728)
    ,(#5729,#5730
    )),.UNSPECIFIED.,.F.,.F.,.F.,(2,2),(2,2),(0.,0.217629081495),(
    -9.999999999977E-05,0.),.PIECEWISE_BEZIER_KNOTS.);
#5727 = CARTESIAN_POINT('',(0.706018697586,2.09267534496,6.5000001));
#5728 = CARTESIAN_POINT('',(0.706018697586,2.09267534496,6.5001001));
#5729 = CARTESIAN_POINT('',(0.78348066235,2.296051993392,6.5000001));
#5730 = CARTESIAN_POINT('',(0.78348066235,2.296051993392,6.5001001));
#5731 = ADVANCED_FACE('',(#5732),#5742,.F.);
#5732 = FACE_BOUND('',#5733,.T.);
#5733 = EDGE_LOOP('',(#5734,#5735,#5740,#5741));
#5734 = ORIENTED_EDGE('',*,*,#1763,.T.);
#5735 = ORIENTED_EDGE('',*,*,#5736,.F.);
#5736 = EDGE_CURVE('',#5595,#1757,#5737,.T.);
#5737 = B_SPLINE_CURVE_WITH_KNOTS('',1,(#5738,#5739),.UNSPECIFIED.,.F.,
  .F.,(2,2),(-0.,9.999999999311E-05),.PIECEWISE_BEZIER_KNOTS.);
#5738 = CARTESIAN_POINT('',(0.73502794345,2.09267534496,6.5001001));
#5739 = CARTESIAN_POINT('',(0.73502794345,2.09267534496,6.5000001));
#5740 = ORIENTED_EDGE('',*,*,#5594,.F.);
#5741 = ORIENTED_EDGE('',*,*,#5720,.T.);
#5742 = B_SPLINE_SURFACE_WITH_KNOTS('',1,1,(
    (#5743,#5744)
    ,(#5745,#5746
    )),.UNSPECIFIED.,.F.,.F.,.F.,(2,2),(2,2),(-9.999999999977E-05,0.),(
    -2.900924586407E-02,0.),.PIECEWISE_BEZIER_KNOTS.);
#5743 = CARTESIAN_POINT('',(0.706018697586,2.09267534496,6.5000001));
#5744 = CARTESIAN_POINT('',(0.73502794345,2.09267534496,6.5000001));
#5745 = CARTESIAN_POINT('',(0.706018697586,2.09267534496,6.5001001));
#5746 = CARTESIAN_POINT('',(0.73502794345,2.09267534496,6.5001001));
#5747 = ADVANCED_FACE('',(#5748),#5758,.F.);
#5748 = FACE_BOUND('',#5749,.T.);
#5749 = EDGE_LOOP('',(#5750,#5751,#5756,#5757));
#5750 = ORIENTED_EDGE('',*,*,#1756,.T.);
#5751 = ORIENTED_EDGE('',*,*,#5752,.F.);
#5752 = EDGE_CURVE('',#5602,#1750,#5753,.T.);
#5753 = B_SPLINE_CURVE_WITH_KNOTS('',1,(#5754,#5755),.UNSPECIFIED.,.F.,
  .F.,(2,2),(-0.,9.999999999399E-05),.PIECEWISE_BEZIER_KNOTS.);
#5754 = CARTESIAN_POINT('',(0.754575392276,2.148302393484,6.5001001));
#5755 = CARTESIAN_POINT('',(0.754575392276,2.148302393484,6.5000001));
#5756 = ORIENTED_EDGE('',*,*,#5601,.F.);
#5757 = ORIENTED_EDGE('',*,*,#5736,.T.);
#5758 = B_SPLINE_SURFACE_WITH_KNOTS('',1,1,(
    (#5759,#5760)
    ,(#5761,#5762
    )),.UNSPECIFIED.,.F.,.F.,.F.,(2,2),(2,2),(-0.,5.896160855208E-02),(
    -9.999999999977E-05,0.),.PIECEWISE_BEZIER_KNOTS.);
#5759 = CARTESIAN_POINT('',(0.754575392276,2.148302393484,6.5000001));
#5760 = CARTESIAN_POINT('',(0.754575392276,2.148302393484,6.5001001));
#5761 = CARTESIAN_POINT('',(0.73502794345,2.09267534496,6.5000001));
#5762 = CARTESIAN_POINT('',(0.73502794345,2.09267534496,6.5001001));
#5763 = ADVANCED_FACE('',(#5764),#5774,.F.);
#5764 = FACE_BOUND('',#5765,.T.);
#5765 = EDGE_LOOP('',(#5766,#5767,#5772,#5773));
#5766 = ORIENTED_EDGE('',*,*,#1749,.T.);
#5767 = ORIENTED_EDGE('',*,*,#5768,.F.);
#5768 = EDGE_CURVE('',#5609,#1743,#5769,.T.);
#5769 = B_SPLINE_CURVE_WITH_KNOTS('',1,(#5770,#5771),.UNSPECIFIED.,.F.,
  .F.,(2,2),(-0.,9.999999999399E-05),.PIECEWISE_BEZIER_KNOTS.);
#5770 = CARTESIAN_POINT('',(0.839263674561,2.148302393484,6.5001001));
#5771 = CARTESIAN_POINT('',(0.839263674561,2.148302393484,6.5000001));
#5772 = ORIENTED_EDGE('',*,*,#5608,.F.);
#5773 = ORIENTED_EDGE('',*,*,#5752,.T.);
#5774 = B_SPLINE_SURFACE_WITH_KNOTS('',1,1,(
    (#5775,#5776)
    ,(#5777,#5778
    )),.UNSPECIFIED.,.F.,.F.,.F.,(2,2),(2,2),(-9.999999999977E-05,0.),(
    -8.468828228454E-02,3.330669073875E-16),.PIECEWISE_BEZIER_KNOTS.);
#5775 = CARTESIAN_POINT('',(0.754575392276,2.148302393484,6.5000001));
#5776 = CARTESIAN_POINT('',(0.839263674561,2.148302393484,6.5000001));
#5777 = CARTESIAN_POINT('',(0.754575392276,2.148302393484,6.5001001));
#5778 = CARTESIAN_POINT('',(0.839263674561,2.148302393484,6.5001001));
#5779 = ADVANCED_FACE('',(#5780),#5790,.F.);
#5780 = FACE_BOUND('',#5781,.T.);
#5781 = EDGE_LOOP('',(#5782,#5783,#5788,#5789));
#5782 = ORIENTED_EDGE('',*,*,#1742,.T.);
#5783 = ORIENTED_EDGE('',*,*,#5784,.F.);
#5784 = EDGE_CURVE('',#5616,#1736,#5785,.T.);
#5785 = B_SPLINE_CURVE_WITH_KNOTS('',1,(#5786,#5787),.UNSPECIFIED.,.F.,
  .F.,(2,2),(-0.,9.999999999311E-05),.PIECEWISE_BEZIER_KNOTS.);
#5786 = CARTESIAN_POINT('',(0.860006844991,2.09267534496,6.5001001));
#5787 = CARTESIAN_POINT('',(0.860006844991,2.09267534496,6.5000001));
#5788 = ORIENTED_EDGE('',*,*,#5615,.F.);
#5789 = ORIENTED_EDGE('',*,*,#5768,.T.);
#5790 = B_SPLINE_SURFACE_WITH_KNOTS('',1,1,(
    (#5791,#5792)
    ,(#5793,#5794
    )),.UNSPECIFIED.,.F.,.F.,.F.,(2,2),(2,2),(0.,5.936874301283E-02),(
    -9.999999999977E-05,0.),.PIECEWISE_BEZIER_KNOTS.);
#5791 = CARTESIAN_POINT('',(0.860006844991,2.09267534496,6.5000001));
#5792 = CARTESIAN_POINT('',(0.860006844991,2.09267534496,6.5001001));
#5793 = CARTESIAN_POINT('',(0.839263674561,2.148302393484,6.5000001));
#5794 = CARTESIAN_POINT('',(0.839263674561,2.148302393484,6.5001001));
#5795 = ADVANCED_FACE('',(#5796),#5802,.F.);
#5796 = FACE_BOUND('',#5797,.T.);
#5797 = EDGE_LOOP('',(#5798,#5799,#5800,#5801));
#5798 = ORIENTED_EDGE('',*,*,#1735,.T.);
#5799 = ORIENTED_EDGE('',*,*,#5690,.F.);
#5800 = ORIENTED_EDGE('',*,*,#5622,.F.);
#5801 = ORIENTED_EDGE('',*,*,#5784,.T.);
#5802 = B_SPLINE_SURFACE_WITH_KNOTS('',1,1,(
    (#5803,#5804)
    ,(#5805,#5806
    )),.UNSPECIFIED.,.F.,.F.,.F.,(2,2),(2,2),(-9.999999999977E-05,0.),(
    -2.900924586545E-02,0.),.PIECEWISE_BEZIER_KNOTS.);
#5803 = CARTESIAN_POINT('',(0.860006844991,2.09267534496,6.5000001));
#5804 = CARTESIAN_POINT('',(0.889016090857,2.09267534496,6.5000001));
#5805 = CARTESIAN_POINT('',(0.860006844991,2.09267534496,6.5001001));
#5806 = CARTESIAN_POINT('',(0.889016090857,2.09267534496,6.5001001));
#5807 = ADVANCED_FACE('',(#5808),#5830,.T.);
#5808 = FACE_BOUND('',#5809,.T.);
#5809 = EDGE_LOOP('',(#5810,#5819,#5824,#5825));
#5810 = ORIENTED_EDGE('',*,*,#5811,.F.);
#5811 = EDGE_CURVE('',#5812,#5814,#5816,.T.);
#5812 = VERTEX_POINT('',#5813);
#5813 = CARTESIAN_POINT('',(0.762893455607,2.171281043434,6.5000001));
#5814 = VERTEX_POINT('',#5815);
#5815 = CARTESIAN_POINT('',(0.831153562813,2.171281043434,6.5000001));
#5816 = B_SPLINE_CURVE_WITH_KNOTS('',1,(#5817,#5818),.UNSPECIFIED.,.F.,
  .F.,(2,2),(-1.110223024625E-16,6.826010720605E-02),
  .PIECEWISE_BEZIER_KNOTS.);
#5817 = CARTESIAN_POINT('',(0.762893455607,2.171281043434,6.5000001));
#5818 = CARTESIAN_POINT('',(0.831153562813,2.171281043434,6.5000001));
#5819 = ORIENTED_EDGE('',*,*,#5820,.F.);
#5820 = EDGE_CURVE('',#5630,#5812,#5821,.T.);
#5821 = B_SPLINE_CURVE_WITH_KNOTS('',1,(#5822,#5823),.UNSPECIFIED.,.F.,
  .F.,(2,2),(-0.,9.999999999444E-05),.PIECEWISE_BEZIER_KNOTS.);
#5822 = CARTESIAN_POINT('',(0.762893455607,2.171281043434,6.5001001));
#5823 = CARTESIAN_POINT('',(0.762893455607,2.171281043434,6.5000001));
#5824 = ORIENTED_EDGE('',*,*,#5629,.T.);
#5825 = ORIENTED_EDGE('',*,*,#5826,.T.);
#5826 = EDGE_CURVE('',#5632,#5814,#5827,.T.);
#5827 = B_SPLINE_CURVE_WITH_KNOTS('',1,(#5828,#5829),.UNSPECIFIED.,.F.,
  .F.,(2,2),(-0.,9.999999999977E-05),.PIECEWISE_BEZIER_KNOTS.);
#5828 = CARTESIAN_POINT('',(0.831153562813,2.171281043434,6.5001001));
#5829 = CARTESIAN_POINT('',(0.831153562813,2.171281043434,6.5000001));
#5830 = B_SPLINE_SURFACE_WITH_KNOTS('',1,1,(
    (#5831,#5832)
    ,(#5833,#5834
    )),.UNSPECIFIED.,.F.,.F.,.F.,(2,2),(2,2),(-9.999999999977E-05,0.),(
    -1.110223024625E-16,6.826010720605E-02),.PIECEWISE_BEZIER_KNOTS.);
#5831 = CARTESIAN_POINT('',(0.762893455607,2.171281043434,6.5000001));
#5832 = CARTESIAN_POINT('',(0.831153562813,2.171281043434,6.5000001));
#5833 = CARTESIAN_POINT('',(0.762893455607,2.171281043434,6.5001001));
#5834 = CARTESIAN_POINT('',(0.831153562813,2.171281043434,6.5001001));
#5835 = ADVANCED_FACE('',(#5836),#5852,.T.);
#5836 = FACE_BOUND('',#5837,.T.);
#5837 = EDGE_LOOP('',(#5838,#5845,#5846,#5847));
#5838 = ORIENTED_EDGE('',*,*,#5839,.F.);
#5839 = EDGE_CURVE('',#5814,#5840,#5842,.T.);
#5840 = VERTEX_POINT('',#5841);
#5841 = CARTESIAN_POINT('',(0.800428716386,2.25581336203,6.5000001));
#5842 = B_SPLINE_CURVE_WITH_KNOTS('',1,(#5843,#5844),.UNSPECIFIED.,.F.,
  .F.,(2,2),(0.,8.994292120644E-02),.PIECEWISE_BEZIER_KNOTS.);
#5843 = CARTESIAN_POINT('',(0.831153562813,2.171281043434,6.5000001));
#5844 = CARTESIAN_POINT('',(0.800428716386,2.25581336203,6.5000001));
#5845 = ORIENTED_EDGE('',*,*,#5826,.F.);
#5846 = ORIENTED_EDGE('',*,*,#5670,.T.);
#5847 = ORIENTED_EDGE('',*,*,#5848,.T.);
#5848 = EDGE_CURVE('',#5662,#5840,#5849,.T.);
#5849 = B_SPLINE_CURVE_WITH_KNOTS('',1,(#5850,#5851),.UNSPECIFIED.,.F.,
  .F.,(2,2),(-0.,9.999999999977E-05),.PIECEWISE_BEZIER_KNOTS.);
#5850 = CARTESIAN_POINT('',(0.800428716386,2.25581336203,6.5001001));
#5851 = CARTESIAN_POINT('',(0.800428716386,2.25581336203,6.5000001));
#5852 = B_SPLINE_SURFACE_WITH_KNOTS('',1,1,(
    (#5853,#5854)
    ,(#5855,#5856
    )),.UNSPECIFIED.,.F.,.F.,.F.,(2,2),(2,2),(-8.994292120644E-02,0.),(
    -9.999999999977E-05,0.),.PIECEWISE_BEZIER_KNOTS.);
#5853 = CARTESIAN_POINT('',(0.800428716386,2.25581336203,6.5000001));
#5854 = CARTESIAN_POINT('',(0.800428716386,2.25581336203,6.5001001));
#5855 = CARTESIAN_POINT('',(0.831153562813,2.171281043434,6.5000001));
#5856 = CARTESIAN_POINT('',(0.831153562813,2.171281043434,6.5001001));
#5857 = ADVANCED_FACE('',(#5858),#5876,.T.);
#5858 = FACE_BOUND('',#5859,.T.);
#5859 = EDGE_LOOP('',(#5860,#5869,#5870,#5871));
#5860 = ORIENTED_EDGE('',*,*,#5861,.F.);
#5861 = EDGE_CURVE('',#5840,#5862,#5864,.T.);
#5862 = VERTEX_POINT('',#5863);
#5863 = CARTESIAN_POINT('',(0.797257454741,2.270058045484,6.5000001));
#5864 = B_SPLINE_CURVE_WITH_KNOTS('',3,(#5865,#5866,#5867,#5868),
  .UNSPECIFIED.,.F.,.F.,(4,4),(1.,2.),.PIECEWISE_BEZIER_KNOTS.);
#5865 = CARTESIAN_POINT('',(0.800428716386,2.25581336203,6.5000001));
#5866 = CARTESIAN_POINT('',(0.799440946366,2.258620708404,6.5000001));
#5867 = CARTESIAN_POINT('',(0.798401188449,2.263299619027,6.5000001));
#5868 = CARTESIAN_POINT('',(0.797257454741,2.270058045484,6.5000001));
#5869 = ORIENTED_EDGE('',*,*,#5848,.F.);
#5870 = ORIENTED_EDGE('',*,*,#5661,.T.);
#5871 = ORIENTED_EDGE('',*,*,#5872,.T.);
#5872 = EDGE_CURVE('',#5655,#5862,#5873,.T.);
#5873 = B_SPLINE_CURVE_WITH_KNOTS('',1,(#5874,#5875),.UNSPECIFIED.,.F.,
  .F.,(2,2),(-0.,9.999999999977E-05),.PIECEWISE_BEZIER_KNOTS.);
#5874 = CARTESIAN_POINT('',(0.797257454741,2.270058045484,6.5001001));
#5875 = CARTESIAN_POINT('',(0.797257454741,2.270058045484,6.5000001));
#5876 = B_SPLINE_SURFACE_WITH_KNOTS('',3,1,(
    (#5877,#5878)
    ,(#5879,#5880)
    ,(#5881,#5882)
    ,(#5883,#5884
    )),.UNSPECIFIED.,.F.,.F.,.F.,(4,4),(2,2),(1.,2.),(0.,1.),
  .PIECEWISE_BEZIER_KNOTS.);
#5877 = CARTESIAN_POINT('',(0.800428716386,2.25581336203,6.5001001));
#5878 = CARTESIAN_POINT('',(0.800428716386,2.25581336203,6.5000001));
#5879 = CARTESIAN_POINT('',(0.799440946366,2.258620708404,6.5001001));
#5880 = CARTESIAN_POINT('',(0.799440946366,2.258620708404,6.5000001));
#5881 = CARTESIAN_POINT('',(0.798401188449,2.263299619027,6.5001001));
#5882 = CARTESIAN_POINT('',(0.798401188449,2.263299619027,6.5000001));
#5883 = CARTESIAN_POINT('',(0.797257454741,2.270058045484,6.5001001));
#5884 = CARTESIAN_POINT('',(0.797257454741,2.270058045484,6.5000001));
#5885 = ADVANCED_FACE('',(#5886),#5902,.T.);
#5886 = FACE_BOUND('',#5887,.T.);
#5887 = EDGE_LOOP('',(#5888,#5895,#5896,#5897));
#5888 = ORIENTED_EDGE('',*,*,#5889,.F.);
#5889 = EDGE_CURVE('',#5862,#5890,#5892,.T.);
#5890 = VERTEX_POINT('',#5891);
#5891 = CARTESIAN_POINT('',(0.796633599992,2.270058045484,6.5000001));
#5892 = B_SPLINE_CURVE_WITH_KNOTS('',1,(#5893,#5894),.UNSPECIFIED.,.F.,
  .F.,(2,2),(1.110223024625E-16,6.238547490791E-04),
  .PIECEWISE_BEZIER_KNOTS.);
#5893 = CARTESIAN_POINT('',(0.797257454741,2.270058045484,6.5000001));
#5894 = CARTESIAN_POINT('',(0.796633599992,2.270058045484,6.5000001));
#5895 = ORIENTED_EDGE('',*,*,#5872,.F.);
#5896 = ORIENTED_EDGE('',*,*,#5654,.T.);
#5897 = ORIENTED_EDGE('',*,*,#5898,.T.);
#5898 = EDGE_CURVE('',#5646,#5890,#5899,.T.);
#5899 = B_SPLINE_CURVE_WITH_KNOTS('',1,(#5900,#5901),.UNSPECIFIED.,.F.,
  .F.,(2,2),(-0.,9.999999999977E-05),.PIECEWISE_BEZIER_KNOTS.);
#5900 = CARTESIAN_POINT('',(0.796633599992,2.270058045484,6.5001001));
#5901 = CARTESIAN_POINT('',(0.796633599992,2.270058045484,6.5000001));
#5902 = B_SPLINE_SURFACE_WITH_KNOTS('',1,1,(
    (#5903,#5904)
    ,(#5905,#5906
    )),.UNSPECIFIED.,.F.,.F.,.F.,(2,2),(2,2),(-0.,9.999999999977E-05),(
    -6.238547490791E-04,-1.110223024625E-16),.PIECEWISE_BEZIER_KNOTS.);
#5903 = CARTESIAN_POINT('',(0.796633599992,2.270058045484,6.5001001));
#5904 = CARTESIAN_POINT('',(0.797257454741,2.270058045484,6.5001001));
#5905 = CARTESIAN_POINT('',(0.796633599992,2.270058045484,6.5000001));
#5906 = CARTESIAN_POINT('',(0.797257454741,2.270058045484,6.5000001));
#5907 = ADVANCED_FACE('',(#5908),#5926,.T.);
#5908 = FACE_BOUND('',#5909,.T.);
#5909 = EDGE_LOOP('',(#5910,#5919,#5920,#5921));
#5910 = ORIENTED_EDGE('',*,*,#5911,.F.);
#5911 = EDGE_CURVE('',#5890,#5912,#5914,.T.);
#5912 = VERTEX_POINT('',#5913);
#5913 = CARTESIAN_POINT('',(0.793306374659,2.25581336203,6.5000001));
#5914 = B_SPLINE_CURVE_WITH_KNOTS('',3,(#5915,#5916,#5917,#5918),
  .UNSPECIFIED.,.F.,.F.,(4,4),(3.,4.),.PIECEWISE_BEZIER_KNOTS.);
#5915 = CARTESIAN_POINT('',(0.796633599992,2.270058045484,6.5000001));
#5916 = CARTESIAN_POINT('',(0.795645829971,2.263923473778,6.5000001));
#5917 = CARTESIAN_POINT('',(0.794554084159,2.259140587363,6.5000001));
#5918 = CARTESIAN_POINT('',(0.793306374659,2.25581336203,6.5000001));
#5919 = ORIENTED_EDGE('',*,*,#5898,.F.);
#5920 = ORIENTED_EDGE('',*,*,#5645,.T.);
#5921 = ORIENTED_EDGE('',*,*,#5922,.T.);
#5922 = EDGE_CURVE('',#5639,#5912,#5923,.T.);
#5923 = B_SPLINE_CURVE_WITH_KNOTS('',1,(#5924,#5925),.UNSPECIFIED.,.F.,
  .F.,(2,2),(-0.,9.999999999977E-05),.PIECEWISE_BEZIER_KNOTS.);
#5924 = CARTESIAN_POINT('',(0.793306374659,2.25581336203,6.5001001));
#5925 = CARTESIAN_POINT('',(0.793306374659,2.25581336203,6.5000001));
#5926 = B_SPLINE_SURFACE_WITH_KNOTS('',3,1,(
    (#5927,#5928)
    ,(#5929,#5930)
    ,(#5931,#5932)
    ,(#5933,#5934
    )),.UNSPECIFIED.,.F.,.F.,.F.,(4,4),(2,2),(3.,4.),(0.,1.),
  .PIECEWISE_BEZIER_KNOTS.);
#5927 = CARTESIAN_POINT('',(0.796633599992,2.270058045484,6.5001001));
#5928 = CARTESIAN_POINT('',(0.796633599992,2.270058045484,6.5000001));
#5929 = CARTESIAN_POINT('',(0.795645829971,2.263923473778,6.5001001));
#5930 = CARTESIAN_POINT('',(0.795645829971,2.263923473778,6.5000001));
#5931 = CARTESIAN_POINT('',(0.794554084159,2.259140587363,6.5001001));
#5932 = CARTESIAN_POINT('',(0.794554084159,2.259140587363,6.5000001));
#5933 = CARTESIAN_POINT('',(0.793306374659,2.25581336203,6.5001001));
#5934 = CARTESIAN_POINT('',(0.793306374659,2.25581336203,6.5000001));
#5935 = ADVANCED_FACE('',(#5936),#5946,.T.);
#5936 = FACE_BOUND('',#5937,.T.);
#5937 = EDGE_LOOP('',(#5938,#5943,#5944,#5945));
#5938 = ORIENTED_EDGE('',*,*,#5939,.F.);
#5939 = EDGE_CURVE('',#5912,#5812,#5940,.T.);
#5940 = B_SPLINE_CURVE_WITH_KNOTS('',1,(#5941,#5942),.UNSPECIFIED.,.F.,
  .F.,(2,2),(7.516987794757E-17,8.983684395879E-02),
  .PIECEWISE_BEZIER_KNOTS.);
#5941 = CARTESIAN_POINT('',(0.793306374659,2.25581336203,6.5000001));
#5942 = CARTESIAN_POINT('',(0.762893455607,2.171281043434,6.5000001));
#5943 = ORIENTED_EDGE('',*,*,#5922,.F.);
#5944 = ORIENTED_EDGE('',*,*,#5638,.T.);
#5945 = ORIENTED_EDGE('',*,*,#5820,.T.);
#5946 = B_SPLINE_SURFACE_WITH_KNOTS('',1,1,(
    (#5947,#5948)
    ,(#5949,#5950
    )),.UNSPECIFIED.,.F.,.F.,.F.,(2,2),(2,2),(-8.983684395879E-02,0.),(
    -9.999999999977E-05,0.),.PIECEWISE_BEZIER_KNOTS.);
#5947 = CARTESIAN_POINT('',(0.762893455607,2.171281043434,6.5000001));
#5948 = CARTESIAN_POINT('',(0.762893455607,2.171281043434,6.5001001));
#5949 = CARTESIAN_POINT('',(0.793306374659,2.25581336203,6.5000001));
#5950 = CARTESIAN_POINT('',(0.793306374659,2.25581336203,6.5001001));
#5951 = ADVANCED_FACE('',(#5952),#5960,.F.);
#5952 = FACE_BOUND('',#5953,.T.);
#5953 = EDGE_LOOP('',(#5954,#5955,#5956,#5957,#5958,#5959));
#5954 = ORIENTED_EDGE('',*,*,#5939,.T.);
#5955 = ORIENTED_EDGE('',*,*,#5811,.T.);
#5956 = ORIENTED_EDGE('',*,*,#5839,.T.);
#5957 = ORIENTED_EDGE('',*,*,#5861,.T.);
#5958 = ORIENTED_EDGE('',*,*,#5889,.T.);
#5959 = ORIENTED_EDGE('',*,*,#5911,.T.);
#5960 = B_SPLINE_SURFACE_WITH_KNOTS('',1,1,(
    (#5961,#5962)
    ,(#5963,#5964
    )),.UNSPECIFIED.,.F.,.F.,.F.,(2,2),(2,2),(-1.020058045484,
    -0.921281043434),(2.418846437187,2.487106544393),
  .PIECEWISE_BEZIER_KNOTS.);
#5961 = CARTESIAN_POINT('',(0.831153562813,2.270058045484,6.5000001));
#5962 = CARTESIAN_POINT('',(0.762893455607,2.270058045484,6.5000001));
#5963 = CARTESIAN_POINT('',(0.831153562813,2.171281043434,6.5000001));
#5964 = CARTESIAN_POINT('',(0.762893455607,2.171281043434,6.5000001));
#5965 = ADVANCED_FACE('',(#5966),#5988,.F.);
#5966 = FACE_BOUND('',#5967,.T.);
#5967 = EDGE_LOOP('',(#5968,#5969,#5976,#5983));
#5968 = ORIENTED_EDGE('',*,*,#1297,.T.);
#5969 = ORIENTED_EDGE('',*,*,#5970,.F.);
#5970 = EDGE_CURVE('',#5971,#1300,#5973,.T.);
#5971 = VERTEX_POINT('',#5972);
#5972 = CARTESIAN_POINT('',(0.182188659344,1.793225065061,6.5001001));
#5973 = B_SPLINE_CURVE_WITH_KNOTS('',1,(#5974,#5975),.UNSPECIFIED.,.F.,
  .F.,(2,2),(-0.,9.999999999E-05),.PIECEWISE_BEZIER_KNOTS.);
#5974 = CARTESIAN_POINT('',(0.182188659344,1.793225065061,6.5001001));
#5975 = CARTESIAN_POINT('',(0.182188659344,1.793225065061,6.5000001));
#5976 = ORIENTED_EDGE('',*,*,#5977,.F.);
#5977 = EDGE_CURVE('',#5978,#5971,#5980,.T.);
#5978 = VERTEX_POINT('',#5979);
#5979 = CARTESIAN_POINT('',(0.182188659344,1.770038463527,6.5001001));
#5980 = B_SPLINE_CURVE_WITH_KNOTS('',1,(#5981,#5982),.UNSPECIFIED.,.F.,
  .F.,(2,2),(-2.318660153379E-02,0.),.PIECEWISE_BEZIER_KNOTS.);
#5981 = CARTESIAN_POINT('',(0.182188659344,1.770038463527,6.5001001));
#5982 = CARTESIAN_POINT('',(0.182188659344,1.793225065061,6.5001001));
#5983 = ORIENTED_EDGE('',*,*,#5984,.T.);
#5984 = EDGE_CURVE('',#5978,#1298,#5985,.T.);
#5985 = B_SPLINE_CURVE_WITH_KNOTS('',1,(#5986,#5987),.UNSPECIFIED.,.F.,
  .F.,(2,2),(-0.,9.999999999977E-05),.PIECEWISE_BEZIER_KNOTS.);
#5986 = CARTESIAN_POINT('',(0.182188659344,1.770038463527,6.5001001));
#5987 = CARTESIAN_POINT('',(0.182188659344,1.770038463527,6.5000001));
#5988 = B_SPLINE_SURFACE_WITH_KNOTS('',1,1,(
    (#5989,#5990)
    ,(#5991,#5992
    )),.UNSPECIFIED.,.F.,.F.,.F.,(2,2),(2,2),(-9.999999999977E-05,0.),(
    -2.318660153379E-02,0.),.PIECEWISE_BEZIER_KNOTS.);
#5989 = CARTESIAN_POINT('',(0.182188659344,1.770038463527,6.5000001));
#5990 = CARTESIAN_POINT('',(0.182188659344,1.793225065061,6.5000001));
#5991 = CARTESIAN_POINT('',(0.182188659344,1.770038463527,6.5001001));
#5992 = CARTESIAN_POINT('',(0.182188659344,1.793225065061,6.5001001));
#5993 = ADVANCED_FACE('',(#5994),#6010,.F.);
#5994 = FACE_BOUND('',#5995,.T.);
#5995 = EDGE_LOOP('',(#5996,#5997,#6004,#6009));
#5996 = ORIENTED_EDGE('',*,*,#1376,.T.);
#5997 = ORIENTED_EDGE('',*,*,#5998,.F.);
#5998 = EDGE_CURVE('',#5999,#1370,#6001,.T.);
#5999 = VERTEX_POINT('',#6000);
#6000 = CARTESIAN_POINT('',(9.906001393423E-02,1.793225065061,6.5001001)
  );
#6001 = B_SPLINE_CURVE_WITH_KNOTS('',1,(#6002,#6003),.UNSPECIFIED.,.F.,
  .F.,(2,2),(-0.,9.999999999E-05),.PIECEWISE_BEZIER_KNOTS.);
#6002 = CARTESIAN_POINT('',(9.906001393423E-02,1.793225065061,6.5001001)
  );
#6003 = CARTESIAN_POINT('',(9.906001393423E-02,1.793225065061,6.5000001)
  );
#6004 = ORIENTED_EDGE('',*,*,#6005,.F.);
#6005 = EDGE_CURVE('',#5971,#5999,#6006,.T.);
#6006 = B_SPLINE_CURVE_WITH_KNOTS('',1,(#6007,#6008),.UNSPECIFIED.,.F.,
  .F.,(2,2),(-8.312864540976E-02,-0.),.PIECEWISE_BEZIER_KNOTS.);
#6007 = CARTESIAN_POINT('',(0.182188659344,1.793225065061,6.5001001));
#6008 = CARTESIAN_POINT('',(9.906001393423E-02,1.793225065061,6.5001001)
  );
#6009 = ORIENTED_EDGE('',*,*,#5970,.T.);
#6010 = B_SPLINE_SURFACE_WITH_KNOTS('',1,1,(
    (#6011,#6012)
    ,(#6013,#6014
    )),.UNSPECIFIED.,.F.,.F.,.F.,(2,2),(2,2),(0.,9.999999999977E-05),(0.
    ,8.312864540976E-02),.PIECEWISE_BEZIER_KNOTS.);
#6011 = CARTESIAN_POINT('',(9.906001393423E-02,1.793225065061,6.5001001)
  );
#6012 = CARTESIAN_POINT('',(0.182188659344,1.793225065061,6.5001001));
#6013 = CARTESIAN_POINT('',(9.906001393423E-02,1.793225065061,6.5000001)
  );
#6014 = CARTESIAN_POINT('',(0.182188659344,1.793225065061,6.5000001));
#6015 = ADVANCED_FACE('',(#6016),#6032,.F.);
#6016 = FACE_BOUND('',#6017,.T.);
#6017 = EDGE_LOOP('',(#6018,#6019,#6026,#6031));
#6018 = ORIENTED_EDGE('',*,*,#1369,.T.);
#6019 = ORIENTED_EDGE('',*,*,#6020,.F.);
#6020 = EDGE_CURVE('',#6021,#1363,#6023,.T.);
#6021 = VERTEX_POINT('',#6022);
#6022 = CARTESIAN_POINT('',(9.906001393423E-02,1.861641135955,6.5001001)
  );
#6023 = B_SPLINE_CURVE_WITH_KNOTS('',1,(#6024,#6025),.UNSPECIFIED.,.F.,
  .F.,(2,2),(-0.,9.999999999089E-05),.PIECEWISE_BEZIER_KNOTS.);
#6024 = CARTESIAN_POINT('',(9.906001393423E-02,1.861641135955,6.5001001)
  );
#6025 = CARTESIAN_POINT('',(9.906001393423E-02,1.861641135955,6.5000001)
  );
#6026 = ORIENTED_EDGE('',*,*,#6027,.F.);
#6027 = EDGE_CURVE('',#5999,#6021,#6028,.T.);
#6028 = B_SPLINE_CURVE_WITH_KNOTS('',1,(#6029,#6030),.UNSPECIFIED.,.F.,
  .F.,(2,2),(-6.841607089331E-02,0.),.PIECEWISE_BEZIER_KNOTS.);
#6029 = CARTESIAN_POINT('',(9.906001393423E-02,1.793225065061,6.5001001)
  );
#6030 = CARTESIAN_POINT('',(9.906001393423E-02,1.861641135955,6.5001001)
  );
#6031 = ORIENTED_EDGE('',*,*,#5998,.T.);
#6032 = B_SPLINE_SURFACE_WITH_KNOTS('',1,1,(
    (#6033,#6034)
    ,(#6035,#6036
    )),.UNSPECIFIED.,.F.,.F.,.F.,(2,2),(2,2),(-9.999999999977E-05,0.),(
    -6.841607089331E-02,0.),.PIECEWISE_BEZIER_KNOTS.);
#6033 = CARTESIAN_POINT('',(9.906001393423E-02,1.793225065061,6.5000001)
  );
#6034 = CARTESIAN_POINT('',(9.906001393423E-02,1.861641135955,6.5000001)
  );
#6035 = CARTESIAN_POINT('',(9.906001393423E-02,1.793225065061,6.5001001)
  );
#6036 = CARTESIAN_POINT('',(9.906001393423E-02,1.861641135955,6.5001001)
  );
#6037 = ADVANCED_FACE('',(#6038),#6054,.F.);
#6038 = FACE_BOUND('',#6039,.T.);
#6039 = EDGE_LOOP('',(#6040,#6041,#6048,#6053));
#6040 = ORIENTED_EDGE('',*,*,#1362,.T.);
#6041 = ORIENTED_EDGE('',*,*,#6042,.F.);
#6042 = EDGE_CURVE('',#6043,#1356,#6045,.T.);
#6043 = VERTEX_POINT('',#6044);
#6044 = CARTESIAN_POINT('',(0.171791080181,1.861641135955,6.5001001));
#6045 = B_SPLINE_CURVE_WITH_KNOTS('',1,(#6046,#6047),.UNSPECIFIED.,.F.,
  .F.,(2,2),(-0.,9.999999999089E-05),.PIECEWISE_BEZIER_KNOTS.);
#6046 = CARTESIAN_POINT('',(0.171791080181,1.861641135955,6.5001001));
#6047 = CARTESIAN_POINT('',(0.171791080181,1.861641135955,6.5000001));
#6048 = ORIENTED_EDGE('',*,*,#6049,.F.);
#6049 = EDGE_CURVE('',#6021,#6043,#6050,.T.);
#6050 = B_SPLINE_CURVE_WITH_KNOTS('',1,(#6051,#6052),.UNSPECIFIED.,.F.,
  .F.,(2,2),(-7.273106624666E-02,0.),.PIECEWISE_BEZIER_KNOTS.);
#6051 = CARTESIAN_POINT('',(9.906001393423E-02,1.861641135955,6.5001001)
  );
#6052 = CARTESIAN_POINT('',(0.171791080181,1.861641135955,6.5001001));
#6053 = ORIENTED_EDGE('',*,*,#6020,.T.);
#6054 = B_SPLINE_SURFACE_WITH_KNOTS('',1,1,(
    (#6055,#6056)
    ,(#6057,#6058
    )),.UNSPECIFIED.,.F.,.F.,.F.,(2,2),(2,2),(-9.999999999977E-05,0.),(
    -7.273106624666E-02,0.),.PIECEWISE_BEZIER_KNOTS.);
#6055 = CARTESIAN_POINT('',(9.906001393423E-02,1.861641135955,6.5000001)
  );
#6056 = CARTESIAN_POINT('',(0.171791080181,1.861641135955,6.5000001));
#6057 = CARTESIAN_POINT('',(9.906001393423E-02,1.861641135955,6.5001001)
  );
#6058 = CARTESIAN_POINT('',(0.171791080181,1.861641135955,6.5001001));
#6059 = ADVANCED_FACE('',(#6060),#6076,.F.);
#6060 = FACE_BOUND('',#6061,.T.);
#6061 = EDGE_LOOP('',(#6062,#6063,#6070,#6075));
#6062 = ORIENTED_EDGE('',*,*,#1355,.T.);
#6063 = ORIENTED_EDGE('',*,*,#6064,.F.);
#6064 = EDGE_CURVE('',#6065,#1349,#6067,.T.);
#6065 = VERTEX_POINT('',#6066);
#6066 = CARTESIAN_POINT('',(0.171791080181,1.88493171328,6.5001001));
#6067 = B_SPLINE_CURVE_WITH_KNOTS('',1,(#6068,#6069),.UNSPECIFIED.,.F.,
  .F.,(2,2),(-0.,9.999999999089E-05),.PIECEWISE_BEZIER_KNOTS.);
#6068 = CARTESIAN_POINT('',(0.171791080181,1.88493171328,6.5001001));
#6069 = CARTESIAN_POINT('',(0.171791080181,1.88493171328,6.5000001));
#6070 = ORIENTED_EDGE('',*,*,#6071,.F.);
#6071 = EDGE_CURVE('',#6043,#6065,#6072,.T.);
#6072 = B_SPLINE_CURVE_WITH_KNOTS('',1,(#6073,#6074),.UNSPECIFIED.,.F.,
  .F.,(2,2),(-2.32905773253E-02,0.),.PIECEWISE_BEZIER_KNOTS.);
#6073 = CARTESIAN_POINT('',(0.171791080181,1.861641135955,6.5001001));
#6074 = CARTESIAN_POINT('',(0.171791080181,1.88493171328,6.5001001));
#6075 = ORIENTED_EDGE('',*,*,#6042,.T.);
#6076 = B_SPLINE_SURFACE_WITH_KNOTS('',1,1,(
    (#6077,#6078)
    ,(#6079,#6080
    )),.UNSPECIFIED.,.F.,.F.,.F.,(2,2),(2,2),(-9.999999999977E-05,0.),(
    -2.32905773253E-02,0.),.PIECEWISE_BEZIER_KNOTS.);
#6077 = CARTESIAN_POINT('',(0.171791080181,1.861641135955,6.5000001));
#6078 = CARTESIAN_POINT('',(0.171791080181,1.88493171328,6.5000001));
#6079 = CARTESIAN_POINT('',(0.171791080181,1.861641135955,6.5001001));
#6080 = CARTESIAN_POINT('',(0.171791080181,1.88493171328,6.5001001));
#6081 = ADVANCED_FACE('',(#6082),#6098,.F.);
#6082 = FACE_BOUND('',#6083,.T.);
#6083 = EDGE_LOOP('',(#6084,#6085,#6092,#6097));
#6084 = ORIENTED_EDGE('',*,*,#1348,.T.);
#6085 = ORIENTED_EDGE('',*,*,#6086,.F.);
#6086 = EDGE_CURVE('',#6087,#1342,#6089,.T.);
#6087 = VERTEX_POINT('',#6088);
#6088 = CARTESIAN_POINT('',(9.906001393423E-02,1.88493171328,6.5001001)
  );
#6089 = B_SPLINE_CURVE_WITH_KNOTS('',1,(#6090,#6091),.UNSPECIFIED.,.F.,
  .F.,(2,2),(-0.,9.999999999089E-05),.PIECEWISE_BEZIER_KNOTS.);
#6090 = CARTESIAN_POINT('',(9.906001393423E-02,1.88493171328,6.5001001)
  );
#6091 = CARTESIAN_POINT('',(9.906001393423E-02,1.88493171328,6.5000001)
  );
#6092 = ORIENTED_EDGE('',*,*,#6093,.F.);
#6093 = EDGE_CURVE('',#6065,#6087,#6094,.T.);
#6094 = B_SPLINE_CURVE_WITH_KNOTS('',1,(#6095,#6096),.UNSPECIFIED.,.F.,
  .F.,(2,2),(-7.273106624666E-02,-0.),.PIECEWISE_BEZIER_KNOTS.);
#6095 = CARTESIAN_POINT('',(0.171791080181,1.88493171328,6.5001001));
#6096 = CARTESIAN_POINT('',(9.906001393423E-02,1.88493171328,6.5001001)
  );
#6097 = ORIENTED_EDGE('',*,*,#6064,.T.);
#6098 = B_SPLINE_SURFACE_WITH_KNOTS('',1,1,(
    (#6099,#6100)
    ,(#6101,#6102
    )),.UNSPECIFIED.,.F.,.F.,.F.,(2,2),(2,2),(0.,9.999999999977E-05),(0.
    ,7.273106624666E-02),.PIECEWISE_BEZIER_KNOTS.);
#6099 = CARTESIAN_POINT('',(9.906001393423E-02,1.88493171328,6.5001001)
  );
#6100 = CARTESIAN_POINT('',(0.171791080181,1.88493171328,6.5001001));
#6101 = CARTESIAN_POINT('',(9.906001393423E-02,1.88493171328,6.5000001)
  );
#6102 = CARTESIAN_POINT('',(0.171791080181,1.88493171328,6.5000001));
#6103 = ADVANCED_FACE('',(#6104),#6120,.F.);
#6104 = FACE_BOUND('',#6105,.T.);
#6105 = EDGE_LOOP('',(#6106,#6107,#6114,#6119));
#6106 = ORIENTED_EDGE('',*,*,#1341,.T.);
#6107 = ORIENTED_EDGE('',*,*,#6108,.F.);
#6108 = EDGE_CURVE('',#6109,#1335,#6111,.T.);
#6109 = VERTEX_POINT('',#6110);
#6110 = CARTESIAN_POINT('',(9.906001393423E-02,1.950020558842,6.5001001)
  );
#6111 = B_SPLINE_CURVE_WITH_KNOTS('',1,(#6112,#6113),.UNSPECIFIED.,.F.,
  .F.,(2,2),(-0.,9.999999999177E-05),.PIECEWISE_BEZIER_KNOTS.);
#6112 = CARTESIAN_POINT('',(9.906001393423E-02,1.950020558842,6.5001001)
  );
#6113 = CARTESIAN_POINT('',(9.906001393423E-02,1.950020558842,6.5000001)
  );
#6114 = ORIENTED_EDGE('',*,*,#6115,.F.);
#6115 = EDGE_CURVE('',#6087,#6109,#6116,.T.);
#6116 = B_SPLINE_CURVE_WITH_KNOTS('',1,(#6117,#6118),.UNSPECIFIED.,.F.,
  .F.,(2,2),(-6.508884556213E-02,0.),.PIECEWISE_BEZIER_KNOTS.);
#6117 = CARTESIAN_POINT('',(9.906001393423E-02,1.88493171328,6.5001001)
  );
#6118 = CARTESIAN_POINT('',(9.906001393423E-02,1.950020558842,6.5001001)
  );
#6119 = ORIENTED_EDGE('',*,*,#6086,.T.);
#6120 = B_SPLINE_SURFACE_WITH_KNOTS('',1,1,(
    (#6121,#6122)
    ,(#6123,#6124
    )),.UNSPECIFIED.,.F.,.F.,.F.,(2,2),(2,2),(-9.999999999977E-05,0.),(
    -6.508884556213E-02,0.),.PIECEWISE_BEZIER_KNOTS.);
#6121 = CARTESIAN_POINT('',(9.906001393423E-02,1.88493171328,6.5000001)
  );
#6122 = CARTESIAN_POINT('',(9.906001393423E-02,1.950020558842,6.5000001)
  );
#6123 = CARTESIAN_POINT('',(9.906001393423E-02,1.88493171328,6.5001001)
  );
#6124 = CARTESIAN_POINT('',(9.906001393423E-02,1.950020558842,6.5001001)
  );
#6125 = ADVANCED_FACE('',(#6126),#6142,.F.);
#6126 = FACE_BOUND('',#6127,.T.);
#6127 = EDGE_LOOP('',(#6128,#6129,#6136,#6141));
#6128 = ORIENTED_EDGE('',*,*,#1334,.T.);
#6129 = ORIENTED_EDGE('',*,*,#6130,.F.);
#6130 = EDGE_CURVE('',#6131,#1328,#6133,.T.);
#6131 = VERTEX_POINT('',#6132);
#6132 = CARTESIAN_POINT('',(0.177561736616,1.950020558842,6.5001001));
#6133 = B_SPLINE_CURVE_WITH_KNOTS('',1,(#6134,#6135),.UNSPECIFIED.,.F.,
  .F.,(2,2),(-0.,9.999999999177E-05),.PIECEWISE_BEZIER_KNOTS.);
#6134 = CARTESIAN_POINT('',(0.177561736616,1.950020558842,6.5001001));
#6135 = CARTESIAN_POINT('',(0.177561736616,1.950020558842,6.5000001));
#6136 = ORIENTED_EDGE('',*,*,#6137,.F.);
#6137 = EDGE_CURVE('',#6109,#6131,#6138,.T.);
#6138 = B_SPLINE_CURVE_WITH_KNOTS('',1,(#6139,#6140),.UNSPECIFIED.,.F.,
  .F.,(2,2),(-7.850172268188E-02,0.),.PIECEWISE_BEZIER_KNOTS.);
#6139 = CARTESIAN_POINT('',(9.906001393423E-02,1.950020558842,6.5001001)
  );
#6140 = CARTESIAN_POINT('',(0.177561736616,1.950020558842,6.5001001));
#6141 = ORIENTED_EDGE('',*,*,#6108,.T.);
#6142 = B_SPLINE_SURFACE_WITH_KNOTS('',1,1,(
    (#6143,#6144)
    ,(#6145,#6146
    )),.UNSPECIFIED.,.F.,.F.,.F.,(2,2),(2,2),(-9.999999999977E-05,0.),(
    -7.850172268188E-02,0.),.PIECEWISE_BEZIER_KNOTS.);
#6143 = CARTESIAN_POINT('',(9.906001393423E-02,1.950020558842,6.5000001)
  );
#6144 = CARTESIAN_POINT('',(0.177561736616,1.950020558842,6.5000001));
#6145 = CARTESIAN_POINT('',(9.906001393423E-02,1.950020558842,6.5001001)
  );
#6146 = CARTESIAN_POINT('',(0.177561736616,1.950020558842,6.5001001));
#6147 = ADVANCED_FACE('',(#6148),#6164,.F.);
#6148 = FACE_BOUND('',#6149,.T.);
#6149 = EDGE_LOOP('',(#6150,#6151,#6158,#6163));
#6150 = ORIENTED_EDGE('',*,*,#1327,.T.);
#6151 = ORIENTED_EDGE('',*,*,#6152,.F.);
#6152 = EDGE_CURVE('',#6153,#1321,#6155,.T.);
#6153 = VERTEX_POINT('',#6154);
#6154 = CARTESIAN_POINT('',(0.177561736616,1.973415111959,6.5001001));
#6155 = B_SPLINE_CURVE_WITH_KNOTS('',1,(#6156,#6157),.UNSPECIFIED.,.F.,
  .F.,(2,2),(-0.,9.999999999177E-05),.PIECEWISE_BEZIER_KNOTS.);
#6156 = CARTESIAN_POINT('',(0.177561736616,1.973415111959,6.5001001));
#6157 = CARTESIAN_POINT('',(0.177561736616,1.973415111959,6.5000001));
#6158 = ORIENTED_EDGE('',*,*,#6159,.F.);
#6159 = EDGE_CURVE('',#6131,#6153,#6160,.T.);
#6160 = B_SPLINE_CURVE_WITH_KNOTS('',1,(#6161,#6162),.UNSPECIFIED.,.F.,
  .F.,(2,2),(-2.339455311681E-02,0.),.PIECEWISE_BEZIER_KNOTS.);
#6161 = CARTESIAN_POINT('',(0.177561736616,1.950020558842,6.5001001));
#6162 = CARTESIAN_POINT('',(0.177561736616,1.973415111959,6.5001001));
#6163 = ORIENTED_EDGE('',*,*,#6130,.T.);
#6164 = B_SPLINE_SURFACE_WITH_KNOTS('',1,1,(
    (#6165,#6166)
    ,(#6167,#6168
    )),.UNSPECIFIED.,.F.,.F.,.F.,(2,2),(2,2),(-9.999999999977E-05,0.),(
    -2.339455311681E-02,0.),.PIECEWISE_BEZIER_KNOTS.);
#6165 = CARTESIAN_POINT('',(0.177561736616,1.950020558842,6.5000001));
#6166 = CARTESIAN_POINT('',(0.177561736616,1.973415111959,6.5000001));
#6167 = CARTESIAN_POINT('',(0.177561736616,1.950020558842,6.5001001));
#6168 = CARTESIAN_POINT('',(0.177561736616,1.973415111959,6.5001001));
#6169 = ADVANCED_FACE('',(#6170),#6186,.F.);
#6170 = FACE_BOUND('',#6171,.T.);
#6171 = EDGE_LOOP('',(#6172,#6173,#6180,#6185));
#6172 = ORIENTED_EDGE('',*,*,#1320,.T.);
#6173 = ORIENTED_EDGE('',*,*,#6174,.F.);
#6174 = EDGE_CURVE('',#6175,#1314,#6177,.T.);
#6175 = VERTEX_POINT('',#6176);
#6176 = CARTESIAN_POINT('',(7.280612654734E-02,1.973415111959,6.5001001)
  );
#6177 = B_SPLINE_CURVE_WITH_KNOTS('',1,(#6178,#6179),.UNSPECIFIED.,.F.,
  .F.,(2,2),(-0.,9.999999999177E-05),.PIECEWISE_BEZIER_KNOTS.);
#6178 = CARTESIAN_POINT('',(7.280612654734E-02,1.973415111959,6.5001001)
  );
#6179 = CARTESIAN_POINT('',(7.280612654734E-02,1.973415111959,6.5000001)
  );
#6180 = ORIENTED_EDGE('',*,*,#6181,.F.);
#6181 = EDGE_CURVE('',#6153,#6175,#6182,.T.);
#6182 = B_SPLINE_CURVE_WITH_KNOTS('',1,(#6183,#6184),.UNSPECIFIED.,.F.,
  .F.,(2,2),(-0.104755610069,-0.),.PIECEWISE_BEZIER_KNOTS.);
#6183 = CARTESIAN_POINT('',(0.177561736616,1.973415111959,6.5001001));
#6184 = CARTESIAN_POINT('',(7.280612654734E-02,1.973415111959,6.5001001)
  );
#6185 = ORIENTED_EDGE('',*,*,#6152,.T.);
#6186 = B_SPLINE_SURFACE_WITH_KNOTS('',1,1,(
    (#6187,#6188)
    ,(#6189,#6190
    )),.UNSPECIFIED.,.F.,.F.,.F.,(2,2),(2,2),(0.,9.999999999977E-05),(0.
    ,0.104755610069),.PIECEWISE_BEZIER_KNOTS.);
#6187 = CARTESIAN_POINT('',(7.280612654734E-02,1.973415111959,6.5001001)
  );
#6188 = CARTESIAN_POINT('',(0.177561736616,1.973415111959,6.5001001));
#6189 = CARTESIAN_POINT('',(7.280612654734E-02,1.973415111959,6.5000001)
  );
#6190 = CARTESIAN_POINT('',(0.177561736616,1.973415111959,6.5000001));
#6191 = ADVANCED_FACE('',(#6192),#6208,.F.);
#6192 = FACE_BOUND('',#6193,.T.);
#6193 = EDGE_LOOP('',(#6194,#6195,#6202,#6207));
#6194 = ORIENTED_EDGE('',*,*,#1313,.T.);
#6195 = ORIENTED_EDGE('',*,*,#6196,.F.);
#6196 = EDGE_CURVE('',#6197,#1307,#6199,.T.);
#6197 = VERTEX_POINT('',#6198);
#6198 = CARTESIAN_POINT('',(7.280612654734E-02,1.770038463527,6.5001001)
  );
#6199 = B_SPLINE_CURVE_WITH_KNOTS('',1,(#6200,#6201),.UNSPECIFIED.,.F.,
  .F.,(2,2),(-0.,9.999999999E-05),.PIECEWISE_BEZIER_KNOTS.);
#6200 = CARTESIAN_POINT('',(7.280612654734E-02,1.770038463527,6.5001001)
  );
#6201 = CARTESIAN_POINT('',(7.280612654734E-02,1.770038463527,6.5000001)
  );
#6202 = ORIENTED_EDGE('',*,*,#6203,.F.);
#6203 = EDGE_CURVE('',#6175,#6197,#6204,.T.);
#6204 = B_SPLINE_CURVE_WITH_KNOTS('',1,(#6205,#6206),.UNSPECIFIED.,.F.,
  .F.,(2,2),(-0.203376648431,-0.),.PIECEWISE_BEZIER_KNOTS.);
#6205 = CARTESIAN_POINT('',(7.280612654734E-02,1.973415111959,6.5001001)
  );
#6206 = CARTESIAN_POINT('',(7.280612654734E-02,1.770038463527,6.5001001)
  );
#6207 = ORIENTED_EDGE('',*,*,#6174,.T.);
#6208 = B_SPLINE_SURFACE_WITH_KNOTS('',1,1,(
    (#6209,#6210)
    ,(#6211,#6212
    )),.UNSPECIFIED.,.F.,.F.,.F.,(2,2),(2,2),(0.,9.999999999977E-05),(0.
    ,0.203376648431),.PIECEWISE_BEZIER_KNOTS.);
#6209 = CARTESIAN_POINT('',(7.280612654734E-02,1.770038463527,6.5001001)
  );
#6210 = CARTESIAN_POINT('',(7.280612654734E-02,1.973415111959,6.5001001)
  );
#6211 = CARTESIAN_POINT('',(7.280612654734E-02,1.770038463527,6.5000001)
  );
#6212 = CARTESIAN_POINT('',(7.280612654734E-02,1.973415111959,6.5000001)
  );
#6213 = ADVANCED_FACE('',(#6214),#6224,.F.);
#6214 = FACE_BOUND('',#6215,.T.);
#6215 = EDGE_LOOP('',(#6216,#6217,#6218,#6223));
#6216 = ORIENTED_EDGE('',*,*,#1306,.T.);
#6217 = ORIENTED_EDGE('',*,*,#5984,.F.);
#6218 = ORIENTED_EDGE('',*,*,#6219,.F.);
#6219 = EDGE_CURVE('',#6197,#5978,#6220,.T.);
#6220 = B_SPLINE_CURVE_WITH_KNOTS('',1,(#6221,#6222),.UNSPECIFIED.,.F.,
  .F.,(2,2),(-0.109382532797,0.),.PIECEWISE_BEZIER_KNOTS.);
#6221 = CARTESIAN_POINT('',(7.280612654734E-02,1.770038463527,6.5001001)
  );
#6222 = CARTESIAN_POINT('',(0.182188659344,1.770038463527,6.5001001));
#6223 = ORIENTED_EDGE('',*,*,#6196,.T.);
#6224 = B_SPLINE_SURFACE_WITH_KNOTS('',1,1,(
    (#6225,#6226)
    ,(#6227,#6228
    )),.UNSPECIFIED.,.F.,.F.,.F.,(2,2),(2,2),(-9.999999999977E-05,0.),(
    -0.109382532797,0.),.PIECEWISE_BEZIER_KNOTS.);
#6225 = CARTESIAN_POINT('',(7.280612654734E-02,1.770038463527,6.5000001)
  );
#6226 = CARTESIAN_POINT('',(0.182188659344,1.770038463527,6.5000001));
#6227 = CARTESIAN_POINT('',(7.280612654734E-02,1.770038463527,6.5001001)
  );
#6228 = CARTESIAN_POINT('',(0.182188659344,1.770038463527,6.5001001));
#6229 = ADVANCED_FACE('',(#6230),#6244,.F.);
#6230 = FACE_BOUND('',#6231,.T.);
#6231 = EDGE_LOOP('',(#6232,#6233,#6234,#6235,#6236,#6237,#6238,#6239,
    #6240,#6241,#6242,#6243));
#6232 = ORIENTED_EDGE('',*,*,#5977,.T.);
#6233 = ORIENTED_EDGE('',*,*,#6005,.T.);
#6234 = ORIENTED_EDGE('',*,*,#6027,.T.);
#6235 = ORIENTED_EDGE('',*,*,#6049,.T.);
#6236 = ORIENTED_EDGE('',*,*,#6071,.T.);
#6237 = ORIENTED_EDGE('',*,*,#6093,.T.);
#6238 = ORIENTED_EDGE('',*,*,#6115,.T.);
#6239 = ORIENTED_EDGE('',*,*,#6137,.T.);
#6240 = ORIENTED_EDGE('',*,*,#6159,.T.);
#6241 = ORIENTED_EDGE('',*,*,#6181,.T.);
#6242 = ORIENTED_EDGE('',*,*,#6203,.T.);
#6243 = ORIENTED_EDGE('',*,*,#6219,.T.);
#6244 = B_SPLINE_SURFACE_WITH_KNOTS('',1,1,(
    (#6245,#6246)
    ,(#6247,#6248
    )),.UNSPECIFIED.,.F.,.F.,.F.,(2,2),(2,2),(-0.182188659344,
    -7.280612654735E-02),(-0.979961536473,-0.776584888041),
  .PIECEWISE_BEZIER_KNOTS.);
#6245 = CARTESIAN_POINT('',(0.182188659344,1.770038463527,6.5001001));
#6246 = CARTESIAN_POINT('',(0.182188659344,1.973415111959,6.5001001));
#6247 = CARTESIAN_POINT('',(7.280612654734E-02,1.770038463527,6.5001001)
  );
#6248 = CARTESIAN_POINT('',(7.280612654734E-02,1.973415111959,6.5001001)
  );
#6249 = ADVANCED_FACE('',(#6250,#6366),#6436,.T.);
#6250 = FACE_BOUND('',#6251,.T.);
#6251 = EDGE_LOOP('',(#6252,#6263,#6270,#6279,#6288,#6295,#6304,#6313,
    #6322,#6331,#6338,#6345,#6352,#6359));
#6252 = ORIENTED_EDGE('',*,*,#6253,.T.);
#6253 = EDGE_CURVE('',#6254,#6256,#6258,.T.);
#6254 = VERTEX_POINT('',#6255);
#6255 = CARTESIAN_POINT('',(0.270776033814,1.918619869769,6.5001001));
#6256 = VERTEX_POINT('',#6257);
#6257 = CARTESIAN_POINT('',(0.220763678039,1.905103016857,6.5001001));
#6258 = B_SPLINE_CURVE_WITH_KNOTS('',3,(#6259,#6260,#6261,#6262),
  .UNSPECIFIED.,.F.,.F.,(4,4),(0.,1.),.PIECEWISE_BEZIER_KNOTS.);
#6259 = CARTESIAN_POINT('',(0.270776033814,1.918619869769,6.5001001));
#6260 = CARTESIAN_POINT('',(0.251852439738,1.918619869769,6.5001001));
#6261 = CARTESIAN_POINT('',(0.23516432518,1.914148910728,6.5001001));
#6262 = CARTESIAN_POINT('',(0.220763678039,1.905103016857,6.5001001));
#6263 = ORIENTED_EDGE('',*,*,#6264,.T.);
#6264 = EDGE_CURVE('',#6256,#6265,#6267,.T.);
#6265 = VERTEX_POINT('',#6266);
#6266 = CARTESIAN_POINT('',(0.220763678039,1.880356778448,6.5001001));
#6267 = B_SPLINE_CURVE_WITH_KNOTS('',1,(#6268,#6269),.UNSPECIFIED.,.F.,
  .F.,(2,2),(-2.474623840926E-02,-0.),.PIECEWISE_BEZIER_KNOTS.);
#6268 = CARTESIAN_POINT('',(0.220763678039,1.905103016857,6.5001001));
#6269 = CARTESIAN_POINT('',(0.220763678039,1.880356778448,6.5001001));
#6270 = ORIENTED_EDGE('',*,*,#6271,.T.);
#6271 = EDGE_CURVE('',#6265,#6272,#6274,.T.);
#6272 = VERTEX_POINT('',#6273);
#6273 = CARTESIAN_POINT('',(0.268384590607,1.897928687234,6.5001001));
#6274 = B_SPLINE_CURVE_WITH_KNOTS('',3,(#6275,#6276,#6277,#6278),
  .UNSPECIFIED.,.F.,.F.,(4,4),(12.,13.),.PIECEWISE_BEZIER_KNOTS.);
#6275 = CARTESIAN_POINT('',(0.220763678039,1.880356778448,6.5001001));
#6276 = CARTESIAN_POINT('',(0.235112337285,1.892002067111,6.5001001));
#6277 = CARTESIAN_POINT('',(0.250968645508,1.897928687234,6.5001001));
#6278 = CARTESIAN_POINT('',(0.268384590607,1.897928687234,6.5001001));
#6279 = ORIENTED_EDGE('',*,*,#6280,.T.);
#6280 = EDGE_CURVE('',#6272,#6281,#6283,.T.);
#6281 = VERTEX_POINT('',#6282);
#6282 = CARTESIAN_POINT('',(0.297809739638,1.862368966497,6.5001001));
#6283 = B_SPLINE_CURVE_WITH_KNOTS('',3,(#6284,#6285,#6286,#6287),
  .UNSPECIFIED.,.F.,.F.,(4,4),(11.,12.),.PIECEWISE_BEZIER_KNOTS.);
#6284 = CARTESIAN_POINT('',(0.268384590607,1.897928687234,6.5001001));
#6285 = CARTESIAN_POINT('',(0.287984027329,1.897928687234,6.5001001));
#6286 = CARTESIAN_POINT('',(0.297809739638,1.886075446988,6.5001001));
#6287 = CARTESIAN_POINT('',(0.297809739638,1.862368966497,6.5001001));
#6288 = ORIENTED_EDGE('',*,*,#6289,.T.);
#6289 = EDGE_CURVE('',#6281,#6290,#6292,.T.);
#6290 = VERTEX_POINT('',#6291);
#6291 = CARTESIAN_POINT('',(0.254763761903,1.856338370582,6.5001001));
#6292 = B_SPLINE_CURVE_WITH_KNOTS('',1,(#6293,#6294),.UNSPECIFIED.,.F.,
  .F.,(2,2),(-4.346635809804E-02,-0.),.PIECEWISE_BEZIER_KNOTS.);
#6293 = CARTESIAN_POINT('',(0.297809739638,1.862368966497,6.5001001));
#6294 = CARTESIAN_POINT('',(0.254763761903,1.856338370582,6.5001001));
#6295 = ORIENTED_EDGE('',*,*,#6296,.T.);
#6296 = EDGE_CURVE('',#6290,#6297,#6299,.T.);
#6297 = VERTEX_POINT('',#6298);
#6298 = CARTESIAN_POINT('',(0.206570982482,1.808925409598,6.5001001));
#6299 = B_SPLINE_CURVE_WITH_KNOTS('',3,(#6300,#6301,#6302,#6303),
  .UNSPECIFIED.,.F.,.F.,(4,4),(9.,10.),.PIECEWISE_BEZIER_KNOTS.);
#6300 = CARTESIAN_POINT('',(0.254763761903,1.856338370582,6.5001001));
#6301 = CARTESIAN_POINT('',(0.222635242289,1.851867411541,6.5001001));
#6302 = CARTESIAN_POINT('',(0.206570982482,1.836063091213,6.5001001));
#6303 = CARTESIAN_POINT('',(0.206570982482,1.808925409598,6.5001001));
#6304 = ORIENTED_EDGE('',*,*,#6305,.T.);
#6305 = EDGE_CURVE('',#6297,#6306,#6308,.T.);
#6306 = VERTEX_POINT('',#6307);
#6307 = CARTESIAN_POINT('',(0.219048077478,1.778044599482,6.5001001));
#6308 = B_SPLINE_CURVE_WITH_KNOTS('',3,(#6309,#6310,#6311,#6312),
  .UNSPECIFIED.,.F.,.F.,(4,4),(8.,9.),.PIECEWISE_BEZIER_KNOTS.);
#6309 = CARTESIAN_POINT('',(0.206570982482,1.808925409598,6.5001001));
#6310 = CARTESIAN_POINT('',(0.206570982482,1.795928435643,6.5001001));
#6311 = CARTESIAN_POINT('',(0.210730014147,1.785634832271,6.5001001));
#6312 = CARTESIAN_POINT('',(0.219048077478,1.778044599482,6.5001001));
#6313 = ORIENTED_EDGE('',*,*,#6314,.T.);
#6314 = EDGE_CURVE('',#6306,#6315,#6317,.T.);
#6315 = VERTEX_POINT('',#6316);
#6316 = CARTESIAN_POINT('',(0.252632258175,1.766607262403,6.5001001));
#6317 = B_SPLINE_CURVE_WITH_KNOTS('',3,(#6318,#6319,#6320,#6321),
  .UNSPECIFIED.,.F.,.F.,(4,4),(7.,8.),.PIECEWISE_BEZIER_KNOTS.);
#6318 = CARTESIAN_POINT('',(0.219048077478,1.778044599482,6.5001001));
#6319 = CARTESIAN_POINT('',(0.227366140808,1.770454366693,6.5001001));
#6320 = CARTESIAN_POINT('',(0.238543538409,1.766607262403,6.5001001));
#6321 = CARTESIAN_POINT('',(0.252632258175,1.766607262403,6.5001001));
#6322 = ORIENTED_EDGE('',*,*,#6323,.T.);
#6323 = EDGE_CURVE('',#6315,#6324,#6326,.T.);
#6324 = VERTEX_POINT('',#6325);
#6325 = CARTESIAN_POINT('',(0.297133896993,1.792497234519,6.5001001));
#6326 = B_SPLINE_CURVE_WITH_KNOTS('',3,(#6327,#6328,#6329,#6330),
  .UNSPECIFIED.,.F.,.F.,(4,4),(6.,7.),.PIECEWISE_BEZIER_KNOTS.);
#6327 = CARTESIAN_POINT('',(0.252632258175,1.766607262403,6.5001001));
#6328 = CARTESIAN_POINT('',(0.272231694897,1.766607262403,6.5001001));
#6329 = CARTESIAN_POINT('',(0.287100233101,1.775237253109,6.5001001));
#6330 = CARTESIAN_POINT('',(0.297133896993,1.792497234519,6.5001001));
#6331 = ORIENTED_EDGE('',*,*,#6332,.T.);
#6332 = EDGE_CURVE('',#6324,#6333,#6335,.T.);
#6333 = VERTEX_POINT('',#6334);
#6334 = CARTESIAN_POINT('',(0.297809739638,1.792497234519,6.5001001));
#6335 = B_SPLINE_CURVE_WITH_KNOTS('',1,(#6336,#6337),.UNSPECIFIED.,.F.,
  .F.,(2,2),(-6.758426455277E-04,0.),.PIECEWISE_BEZIER_KNOTS.);
#6336 = CARTESIAN_POINT('',(0.297133896993,1.792497234519,6.5001001));
#6337 = CARTESIAN_POINT('',(0.297809739638,1.792497234519,6.5001001));
#6338 = ORIENTED_EDGE('',*,*,#6339,.T.);
#6339 = EDGE_CURVE('',#6333,#6340,#6342,.T.);
#6340 = VERTEX_POINT('',#6341);
#6341 = CARTESIAN_POINT('',(0.297809739638,1.770038463527,6.5001001));
#6342 = B_SPLINE_CURVE_WITH_KNOTS('',1,(#6343,#6344),.UNSPECIFIED.,.F.,
  .F.,(2,2),(-2.24587709918E-02,-0.),.PIECEWISE_BEZIER_KNOTS.);
#6343 = CARTESIAN_POINT('',(0.297809739638,1.792497234519,6.5001001));
#6344 = CARTESIAN_POINT('',(0.297809739638,1.770038463527,6.5001001));
#6345 = ORIENTED_EDGE('',*,*,#6346,.T.);
#6346 = EDGE_CURVE('',#6340,#6347,#6349,.T.);
#6347 = VERTEX_POINT('',#6348);
#6348 = CARTESIAN_POINT('',(0.323283808588,1.770038463527,6.5001001));
#6349 = B_SPLINE_CURVE_WITH_KNOTS('',1,(#6350,#6351),.UNSPECIFIED.,.F.,
  .F.,(2,2),(-2.547406894985E-02,0.),.PIECEWISE_BEZIER_KNOTS.);
#6350 = CARTESIAN_POINT('',(0.297809739638,1.770038463527,6.5001001));
#6351 = CARTESIAN_POINT('',(0.323283808588,1.770038463527,6.5001001));
#6352 = ORIENTED_EDGE('',*,*,#6353,.T.);
#6353 = EDGE_CURVE('',#6347,#6354,#6356,.T.);
#6354 = VERTEX_POINT('',#6355);
#6355 = CARTESIAN_POINT('',(0.323283808588,1.863512700203,6.5001001));
#6356 = B_SPLINE_CURVE_WITH_KNOTS('',1,(#6357,#6358),.UNSPECIFIED.,.F.,
  .F.,(2,2),(-9.347423667573E-02,0.),.PIECEWISE_BEZIER_KNOTS.);
#6357 = CARTESIAN_POINT('',(0.323283808588,1.770038463527,6.5001001));
#6358 = CARTESIAN_POINT('',(0.323283808588,1.863512700203,6.5001001));
#6359 = ORIENTED_EDGE('',*,*,#6360,.T.);
#6360 = EDGE_CURVE('',#6354,#6254,#6361,.T.);
#6361 = B_SPLINE_CURVE_WITH_KNOTS('',3,(#6362,#6363,#6364,#6365),
  .UNSPECIFIED.,.F.,.F.,(4,4),(1.,2.),.PIECEWISE_BEZIER_KNOTS.);
#6362 = CARTESIAN_POINT('',(0.323283808588,1.863512700203,6.5001001));
#6363 = CARTESIAN_POINT('',(0.323283808588,1.900320130442,6.5001001));
#6364 = CARTESIAN_POINT('',(0.305763887698,1.918619869769,6.5001001));
#6365 = CARTESIAN_POINT('',(0.270776033814,1.918619869769,6.5001001));
#6366 = FACE_BOUND('',#6367,.T.);
#6367 = EDGE_LOOP('',(#6368,#6379,#6388,#6395,#6402,#6411,#6420,#6429));
#6368 = ORIENTED_EDGE('',*,*,#6369,.F.);
#6369 = EDGE_CURVE('',#6370,#6372,#6374,.T.);
#6370 = VERTEX_POINT('',#6371);
#6371 = CARTESIAN_POINT('',(0.239167393158,1.829408640548,6.5001001));
#6372 = VERTEX_POINT('',#6373);
#6373 = CARTESIAN_POINT('',(0.232408966702,1.811004925429,6.5001001));
#6374 = B_SPLINE_CURVE_WITH_KNOTS('',3,(#6375,#6376,#6377,#6378),
  .UNSPECIFIED.,.F.,.F.,(4,4),(1.,2.),.PIECEWISE_BEZIER_KNOTS.);
#6375 = CARTESIAN_POINT('',(0.239167393158,1.829408640548,6.5001001));
#6376 = CARTESIAN_POINT('',(0.234696434118,1.8250416573,6.5001001));
#6377 = CARTESIAN_POINT('',(0.232408966702,1.818907085594,6.5001001));
#6378 = CARTESIAN_POINT('',(0.232408966702,1.811004925429,6.5001001));
#6379 = ORIENTED_EDGE('',*,*,#6380,.F.);
#6380 = EDGE_CURVE('',#6381,#6370,#6383,.T.);
#6381 = VERTEX_POINT('',#6382);
#6382 = CARTESIAN_POINT('',(0.263809655775,1.838350558629,6.5001001));
#6383 = B_SPLINE_CURVE_WITH_KNOTS('',3,(#6384,#6385,#6386,#6387),
  .UNSPECIFIED.,.F.,.F.,(4,4),(0.,1.),.PIECEWISE_BEZIER_KNOTS.);
#6384 = CARTESIAN_POINT('',(0.263809655775,1.838350558629,6.5001001));
#6385 = CARTESIAN_POINT('',(0.251904427633,1.836686945962,6.5001001));
#6386 = CARTESIAN_POINT('',(0.243690340094,1.833775623797,6.5001001));
#6387 = CARTESIAN_POINT('',(0.239167393158,1.829408640548,6.5001001));
#6388 = ORIENTED_EDGE('',*,*,#6389,.F.);
#6389 = EDGE_CURVE('',#6390,#6381,#6392,.T.);
#6390 = VERTEX_POINT('',#6391);
#6391 = CARTESIAN_POINT('',(0.297809739638,1.842925493461,6.5001001));
#6392 = B_SPLINE_CURVE_WITH_KNOTS('',1,(#6393,#6394),.UNSPECIFIED.,.F.,
  .F.,(2,2),(0.,3.430649692773E-02),.PIECEWISE_BEZIER_KNOTS.);
#6393 = CARTESIAN_POINT('',(0.297809739638,1.842925493461,6.5001001));
#6394 = CARTESIAN_POINT('',(0.263809655775,1.838350558629,6.5001001));
#6395 = ORIENTED_EDGE('',*,*,#6396,.F.);
#6396 = EDGE_CURVE('',#6397,#6390,#6399,.T.);
#6397 = VERTEX_POINT('',#6398);
#6398 = CARTESIAN_POINT('',(0.297809739638,1.828992737382,6.5001001));
#6399 = B_SPLINE_CURVE_WITH_KNOTS('',1,(#6400,#6401),.UNSPECIFIED.,.F.,
  .F.,(2,2),(0.,1.39327560794E-02),.PIECEWISE_BEZIER_KNOTS.);
#6400 = CARTESIAN_POINT('',(0.297809739638,1.828992737382,6.5001001));
#6401 = CARTESIAN_POINT('',(0.297809739638,1.842925493461,6.5001001));
#6402 = ORIENTED_EDGE('',*,*,#6403,.F.);
#6403 = EDGE_CURVE('',#6404,#6397,#6406,.T.);
#6404 = VERTEX_POINT('',#6405);
#6405 = CARTESIAN_POINT('',(0.286892281517,1.799359636767,6.5001001));
#6406 = B_SPLINE_CURVE_WITH_KNOTS('',3,(#6407,#6408,#6409,#6410),
  .UNSPECIFIED.,.F.,.F.,(4,4),(5.,6.),.PIECEWISE_BEZIER_KNOTS.);
#6407 = CARTESIAN_POINT('',(0.286892281517,1.799359636767,6.5001001));
#6408 = CARTESIAN_POINT('',(0.294170586931,1.807157821139,6.5001001));
#6409 = CARTESIAN_POINT('',(0.297809739638,1.817035521344,6.5001001));
#6410 = CARTESIAN_POINT('',(0.297809739638,1.828992737382,6.5001001));
#6411 = ORIENTED_EDGE('',*,*,#6412,.F.);
#6412 = EDGE_CURVE('',#6413,#6404,#6415,.T.);
#6413 = VERTEX_POINT('',#6414);
#6414 = CARTESIAN_POINT('',(0.259234720943,1.787506396521,6.5001001));
#6415 = B_SPLINE_CURVE_WITH_KNOTS('',3,(#6416,#6417,#6418,#6419),
  .UNSPECIFIED.,.F.,.F.,(4,4),(4.,5.),.PIECEWISE_BEZIER_KNOTS.);
#6416 = CARTESIAN_POINT('',(0.259234720943,1.787506396521,6.5001001));
#6417 = CARTESIAN_POINT('',(0.270412118543,1.787506396521,6.5001001));
#6418 = CARTESIAN_POINT('',(0.279665963999,1.791457476603,6.5001001));
#6419 = CARTESIAN_POINT('',(0.286892281517,1.799359636767,6.5001001));
#6420 = ORIENTED_EDGE('',*,*,#6421,.F.);
#6421 = EDGE_CURVE('',#6422,#6413,#6424,.T.);
#6422 = VERTEX_POINT('',#6423);
#6423 = CARTESIAN_POINT('',(0.239791247908,1.794056871393,6.5001001));
#6424 = B_SPLINE_CURVE_WITH_KNOTS('',3,(#6425,#6426,#6427,#6428),
  .UNSPECIFIED.,.F.,.F.,(4,4),(3.,4.),.PIECEWISE_BEZIER_KNOTS.);
#6425 = CARTESIAN_POINT('',(0.239791247908,1.794056871393,6.5001001));
#6426 = CARTESIAN_POINT('',(0.244678110115,1.789689888146,6.5001001));
#6427 = CARTESIAN_POINT('',(0.251176597091,1.787506396521,6.5001001));
#6428 = CARTESIAN_POINT('',(0.259234720943,1.787506396521,6.5001001));
#6429 = ORIENTED_EDGE('',*,*,#6430,.F.);
#6430 = EDGE_CURVE('',#6372,#6422,#6431,.T.);
#6431 = B_SPLINE_CURVE_WITH_KNOTS('',3,(#6432,#6433,#6434,#6435),
  .UNSPECIFIED.,.F.,.F.,(4,4),(2.,3.),.PIECEWISE_BEZIER_KNOTS.);
#6432 = CARTESIAN_POINT('',(0.232408966702,1.811004925429,6.5001001));
#6433 = CARTESIAN_POINT('',(0.232408966702,1.804038547391,6.5001001));
#6434 = CARTESIAN_POINT('',(0.234852397806,1.798423854642,6.5001001));
#6435 = CARTESIAN_POINT('',(0.239791247908,1.794056871393,6.5001001));
#6436 = B_SPLINE_SURFACE_WITH_KNOTS('',1,1,(
    (#6437,#6438)
    ,(#6439,#6440
    )),.UNSPECIFIED.,.F.,.F.,.F.,(2,2),(2,2),(-3.750276834431E-02,
    7.921005776235E-02),(-0.148646391111,3.366216254227E-03),
  .PIECEWISE_BEZIER_KNOTS.);
#6437 = CARTESIAN_POINT('',(0.206570982482,1.766607262403,6.5001001));
#6438 = CARTESIAN_POINT('',(0.206570982482,1.918619869769,6.5001001));
#6439 = CARTESIAN_POINT('',(0.323283808588,1.766607262403,6.5001001));
#6440 = CARTESIAN_POINT('',(0.323283808588,1.918619869769,6.5001001));
#6441 = ADVANCED_FACE('',(#6442),#6456,.F.);
#6442 = FACE_BOUND('',#6443,.F.);
#6443 = EDGE_LOOP('',(#6444,#6449,#6450,#6455));
#6444 = ORIENTED_EDGE('',*,*,#6445,.F.);
#6445 = EDGE_CURVE('',#6254,#1182,#6446,.T.);
#6446 = B_SPLINE_CURVE_WITH_KNOTS('',1,(#6447,#6448),.UNSPECIFIED.,.F.,
  .F.,(2,2),(-0.,9.999999999977E-05),.PIECEWISE_BEZIER_KNOTS.);
#6447 = CARTESIAN_POINT('',(0.270776033814,1.918619869769,6.5001001));
#6448 = CARTESIAN_POINT('',(0.270776033814,1.918619869769,6.5000001));
#6449 = ORIENTED_EDGE('',*,*,#6253,.T.);
#6450 = ORIENTED_EDGE('',*,*,#6451,.T.);
#6451 = EDGE_CURVE('',#6256,#1184,#6452,.T.);
#6452 = B_SPLINE_CURVE_WITH_KNOTS('',1,(#6453,#6454),.UNSPECIFIED.,.F.,
  .F.,(2,2),(-0.,9.999999999133E-05),.PIECEWISE_BEZIER_KNOTS.);
#6453 = CARTESIAN_POINT('',(0.220763678039,1.905103016857,6.5001001));
#6454 = CARTESIAN_POINT('',(0.220763678039,1.905103016857,6.5000001));
#6455 = ORIENTED_EDGE('',*,*,#1181,.F.);
#6456 = B_SPLINE_SURFACE_WITH_KNOTS('',3,1,(
    (#6457,#6458)
    ,(#6459,#6460)
    ,(#6461,#6462)
    ,(#6463,#6464
    )),.UNSPECIFIED.,.F.,.F.,.F.,(4,4),(2,2),(0.,1.),(0.,1.),
  .PIECEWISE_BEZIER_KNOTS.);
#6457 = CARTESIAN_POINT('',(0.270776033814,1.918619869769,6.5001001));
#6458 = CARTESIAN_POINT('',(0.270776033814,1.918619869769,6.5000001));
#6459 = CARTESIAN_POINT('',(0.251852439738,1.918619869769,6.5001001));
#6460 = CARTESIAN_POINT('',(0.251852439738,1.918619869769,6.5000001));
#6461 = CARTESIAN_POINT('',(0.23516432518,1.914148910728,6.5001001));
#6462 = CARTESIAN_POINT('',(0.23516432518,1.914148910728,6.5000001));
#6463 = CARTESIAN_POINT('',(0.220763678039,1.905103016857,6.5001001));
#6464 = CARTESIAN_POINT('',(0.220763678039,1.905103016857,6.5000001));
#6465 = ADVANCED_FACE('',(#6466),#6476,.F.);
#6466 = FACE_BOUND('',#6467,.T.);
#6467 = EDGE_LOOP('',(#6468,#6469,#6474,#6475));
#6468 = ORIENTED_EDGE('',*,*,#1290,.T.);
#6469 = ORIENTED_EDGE('',*,*,#6470,.F.);
#6470 = EDGE_CURVE('',#6265,#1282,#6471,.T.);
#6471 = B_SPLINE_CURVE_WITH_KNOTS('',1,(#6472,#6473),.UNSPECIFIED.,.F.,
  .F.,(2,2),(-0.,9.999999998422E-05),.PIECEWISE_BEZIER_KNOTS.);
#6472 = CARTESIAN_POINT('',(0.220763678039,1.880356778448,6.5001001));
#6473 = CARTESIAN_POINT('',(0.220763678039,1.880356778448,6.5000001));
#6474 = ORIENTED_EDGE('',*,*,#6264,.F.);
#6475 = ORIENTED_EDGE('',*,*,#6451,.T.);
#6476 = B_SPLINE_SURFACE_WITH_KNOTS('',1,1,(
    (#6477,#6478)
    ,(#6479,#6480
    )),.UNSPECIFIED.,.F.,.F.,.F.,(2,2),(2,2),(0.,9.999999999977E-05),(0.
    ,2.474623840926E-02),.PIECEWISE_BEZIER_KNOTS.);
#6477 = CARTESIAN_POINT('',(0.220763678039,1.880356778448,6.5001001));
#6478 = CARTESIAN_POINT('',(0.220763678039,1.905103016857,6.5001001));
#6479 = CARTESIAN_POINT('',(0.220763678039,1.880356778448,6.5000001));
#6480 = CARTESIAN_POINT('',(0.220763678039,1.905103016857,6.5000001));
#6481 = ADVANCED_FACE('',(#6482),#6492,.F.);
#6482 = FACE_BOUND('',#6483,.F.);
#6483 = EDGE_LOOP('',(#6484,#6485,#6486,#6491));
#6484 = ORIENTED_EDGE('',*,*,#6470,.F.);
#6485 = ORIENTED_EDGE('',*,*,#6271,.T.);
#6486 = ORIENTED_EDGE('',*,*,#6487,.T.);
#6487 = EDGE_CURVE('',#6272,#1273,#6488,.T.);
#6488 = B_SPLINE_CURVE_WITH_KNOTS('',1,(#6489,#6490),.UNSPECIFIED.,.F.,
  .F.,(2,2),(-0.,9.999999998422E-05),.PIECEWISE_BEZIER_KNOTS.);
#6489 = CARTESIAN_POINT('',(0.268384590607,1.897928687234,6.5001001));
#6490 = CARTESIAN_POINT('',(0.268384590607,1.897928687234,6.5000001));
#6491 = ORIENTED_EDGE('',*,*,#1281,.F.);
#6492 = B_SPLINE_SURFACE_WITH_KNOTS('',3,1,(
    (#6493,#6494)
    ,(#6495,#6496)
    ,(#6497,#6498)
    ,(#6499,#6500
    )),.UNSPECIFIED.,.F.,.F.,.F.,(4,4),(2,2),(12.,13.),(0.,1.),
  .PIECEWISE_BEZIER_KNOTS.);
#6493 = CARTESIAN_POINT('',(0.220763678039,1.880356778448,6.5001001));
#6494 = CARTESIAN_POINT('',(0.220763678039,1.880356778448,6.5000001));
#6495 = CARTESIAN_POINT('',(0.235112337285,1.892002067111,6.5001001));
#6496 = CARTESIAN_POINT('',(0.235112337285,1.892002067111,6.5000001));
#6497 = CARTESIAN_POINT('',(0.250968645508,1.897928687234,6.5001001));
#6498 = CARTESIAN_POINT('',(0.250968645508,1.897928687234,6.5000001));
#6499 = CARTESIAN_POINT('',(0.268384590607,1.897928687234,6.5001001));
#6500 = CARTESIAN_POINT('',(0.268384590607,1.897928687234,6.5000001));
#6501 = ADVANCED_FACE('',(#6502),#6512,.F.);
#6502 = FACE_BOUND('',#6503,.F.);
#6503 = EDGE_LOOP('',(#6504,#6505,#6506,#6511));
#6504 = ORIENTED_EDGE('',*,*,#6487,.F.);
#6505 = ORIENTED_EDGE('',*,*,#6280,.T.);
#6506 = ORIENTED_EDGE('',*,*,#6507,.T.);
#6507 = EDGE_CURVE('',#6281,#1266,#6508,.T.);
#6508 = B_SPLINE_CURVE_WITH_KNOTS('',1,(#6509,#6510),.UNSPECIFIED.,.F.,
  .F.,(2,2),(-0.,9.999999999044E-05),.PIECEWISE_BEZIER_KNOTS.);
#6509 = CARTESIAN_POINT('',(0.297809739638,1.862368966497,6.5001001));
#6510 = CARTESIAN_POINT('',(0.297809739638,1.862368966497,6.5000001));
#6511 = ORIENTED_EDGE('',*,*,#1272,.F.);
#6512 = B_SPLINE_SURFACE_WITH_KNOTS('',3,1,(
    (#6513,#6514)
    ,(#6515,#6516)
    ,(#6517,#6518)
    ,(#6519,#6520
    )),.UNSPECIFIED.,.F.,.F.,.F.,(4,4),(2,2),(11.,12.),(0.,1.),
  .PIECEWISE_BEZIER_KNOTS.);
#6513 = CARTESIAN_POINT('',(0.268384590607,1.897928687234,6.5001001));
#6514 = CARTESIAN_POINT('',(0.268384590607,1.897928687234,6.5000001));
#6515 = CARTESIAN_POINT('',(0.287984027329,1.897928687234,6.5001001));
#6516 = CARTESIAN_POINT('',(0.287984027329,1.897928687234,6.5000001));
#6517 = CARTESIAN_POINT('',(0.297809739638,1.886075446988,6.5001001));
#6518 = CARTESIAN_POINT('',(0.297809739638,1.886075446988,6.5000001));
#6519 = CARTESIAN_POINT('',(0.297809739638,1.862368966497,6.5001001));
#6520 = CARTESIAN_POINT('',(0.297809739638,1.862368966497,6.5000001));
#6521 = ADVANCED_FACE('',(#6522),#6532,.F.);
#6522 = FACE_BOUND('',#6523,.T.);
#6523 = EDGE_LOOP('',(#6524,#6525,#6530,#6531));
#6524 = ORIENTED_EDGE('',*,*,#1265,.T.);
#6525 = ORIENTED_EDGE('',*,*,#6526,.F.);
#6526 = EDGE_CURVE('',#6290,#1257,#6527,.T.);
#6527 = B_SPLINE_CURVE_WITH_KNOTS('',1,(#6528,#6529),.UNSPECIFIED.,.F.,
  .F.,(2,2),(-0.,9.999999998422E-05),.PIECEWISE_BEZIER_KNOTS.);
#6528 = CARTESIAN_POINT('',(0.254763761903,1.856338370582,6.5001001));
#6529 = CARTESIAN_POINT('',(0.254763761903,1.856338370582,6.5000001));
#6530 = ORIENTED_EDGE('',*,*,#6289,.F.);
#6531 = ORIENTED_EDGE('',*,*,#6507,.T.);
#6532 = B_SPLINE_SURFACE_WITH_KNOTS('',1,1,(
    (#6533,#6534)
    ,(#6535,#6536
    )),.UNSPECIFIED.,.F.,.F.,.F.,(2,2),(2,2),(-2.198971236185E-16,
    4.346635809804E-02),(-9.999999999977E-05,0.),
  .PIECEWISE_BEZIER_KNOTS.);
#6533 = CARTESIAN_POINT('',(0.254763761903,1.856338370582,6.5000001));
#6534 = CARTESIAN_POINT('',(0.254763761903,1.856338370582,6.5001001));
#6535 = CARTESIAN_POINT('',(0.297809739638,1.862368966497,6.5000001));
#6536 = CARTESIAN_POINT('',(0.297809739638,1.862368966497,6.5001001));
#6537 = ADVANCED_FACE('',(#6538),#6548,.F.);
#6538 = FACE_BOUND('',#6539,.F.);
#6539 = EDGE_LOOP('',(#6540,#6541,#6542,#6547));
#6540 = ORIENTED_EDGE('',*,*,#6526,.F.);
#6541 = ORIENTED_EDGE('',*,*,#6296,.T.);
#6542 = ORIENTED_EDGE('',*,*,#6543,.T.);
#6543 = EDGE_CURVE('',#6297,#1248,#6544,.T.);
#6544 = B_SPLINE_CURVE_WITH_KNOTS('',1,(#6545,#6546),.UNSPECIFIED.,.F.,
  .F.,(2,2),(-0.,9.999999998422E-05),.PIECEWISE_BEZIER_KNOTS.);
#6545 = CARTESIAN_POINT('',(0.206570982482,1.808925409598,6.5001001));
#6546 = CARTESIAN_POINT('',(0.206570982482,1.808925409598,6.5000001));
#6547 = ORIENTED_EDGE('',*,*,#1256,.F.);
#6548 = B_SPLINE_SURFACE_WITH_KNOTS('',3,1,(
    (#6549,#6550)
    ,(#6551,#6552)
    ,(#6553,#6554)
    ,(#6555,#6556
    )),.UNSPECIFIED.,.F.,.F.,.F.,(4,4),(2,2),(9.,10.),(0.,1.),
  .PIECEWISE_BEZIER_KNOTS.);
#6549 = CARTESIAN_POINT('',(0.254763761903,1.856338370582,6.5001001));
#6550 = CARTESIAN_POINT('',(0.254763761903,1.856338370582,6.5000001));
#6551 = CARTESIAN_POINT('',(0.222635242289,1.851867411541,6.5001001));
#6552 = CARTESIAN_POINT('',(0.222635242289,1.851867411541,6.5000001));
#6553 = CARTESIAN_POINT('',(0.206570982482,1.836063091213,6.5001001));
#6554 = CARTESIAN_POINT('',(0.206570982482,1.836063091213,6.5000001));
#6555 = CARTESIAN_POINT('',(0.206570982482,1.808925409598,6.5001001));
#6556 = CARTESIAN_POINT('',(0.206570982482,1.808925409598,6.5000001));
#6557 = ADVANCED_FACE('',(#6558),#6568,.F.);
#6558 = FACE_BOUND('',#6559,.F.);
#6559 = EDGE_LOOP('',(#6560,#6561,#6562,#6567));
#6560 = ORIENTED_EDGE('',*,*,#6543,.F.);
#6561 = ORIENTED_EDGE('',*,*,#6305,.T.);
#6562 = ORIENTED_EDGE('',*,*,#6563,.T.);
#6563 = EDGE_CURVE('',#6306,#1239,#6564,.T.);
#6564 = B_SPLINE_CURVE_WITH_KNOTS('',1,(#6565,#6566),.UNSPECIFIED.,.F.,
  .F.,(2,2),(-0.,9.999999998422E-05),.PIECEWISE_BEZIER_KNOTS.);
#6565 = CARTESIAN_POINT('',(0.219048077478,1.778044599482,6.5001001));
#6566 = CARTESIAN_POINT('',(0.219048077478,1.778044599482,6.5000001));
#6567 = ORIENTED_EDGE('',*,*,#1247,.F.);
#6568 = B_SPLINE_SURFACE_WITH_KNOTS('',3,1,(
    (#6569,#6570)
    ,(#6571,#6572)
    ,(#6573,#6574)
    ,(#6575,#6576
    )),.UNSPECIFIED.,.F.,.F.,.F.,(4,4),(2,2),(8.,9.),(0.,1.),
  .PIECEWISE_BEZIER_KNOTS.);
#6569 = CARTESIAN_POINT('',(0.206570982482,1.808925409598,6.5001001));
#6570 = CARTESIAN_POINT('',(0.206570982482,1.808925409598,6.5000001));
#6571 = CARTESIAN_POINT('',(0.206570982482,1.795928435643,6.5001001));
#6572 = CARTESIAN_POINT('',(0.206570982482,1.795928435643,6.5000001));
#6573 = CARTESIAN_POINT('',(0.210730014147,1.785634832271,6.5001001));
#6574 = CARTESIAN_POINT('',(0.210730014147,1.785634832271,6.5000001));
#6575 = CARTESIAN_POINT('',(0.219048077478,1.778044599482,6.5001001));
#6576 = CARTESIAN_POINT('',(0.219048077478,1.778044599482,6.5000001));
#6577 = ADVANCED_FACE('',(#6578),#6588,.F.);
#6578 = FACE_BOUND('',#6579,.F.);
#6579 = EDGE_LOOP('',(#6580,#6581,#6582,#6587));
#6580 = ORIENTED_EDGE('',*,*,#6563,.F.);
#6581 = ORIENTED_EDGE('',*,*,#6314,.T.);
#6582 = ORIENTED_EDGE('',*,*,#6583,.T.);
#6583 = EDGE_CURVE('',#6315,#1230,#6584,.T.);
#6584 = B_SPLINE_CURVE_WITH_KNOTS('',1,(#6585,#6586),.UNSPECIFIED.,.F.,
  .F.,(2,2),(-0.,9.999999998422E-05),.PIECEWISE_BEZIER_KNOTS.);
#6585 = CARTESIAN_POINT('',(0.252632258175,1.766607262403,6.5001001));
#6586 = CARTESIAN_POINT('',(0.252632258175,1.766607262403,6.5000001));
#6587 = ORIENTED_EDGE('',*,*,#1238,.F.);
#6588 = B_SPLINE_SURFACE_WITH_KNOTS('',3,1,(
    (#6589,#6590)
    ,(#6591,#6592)
    ,(#6593,#6594)
    ,(#6595,#6596
    )),.UNSPECIFIED.,.F.,.F.,.F.,(4,4),(2,2),(7.,8.),(0.,1.),
  .PIECEWISE_BEZIER_KNOTS.);
#6589 = CARTESIAN_POINT('',(0.219048077478,1.778044599482,6.5001001));
#6590 = CARTESIAN_POINT('',(0.219048077478,1.778044599482,6.5000001));
#6591 = CARTESIAN_POINT('',(0.227366140808,1.770454366693,6.5001001));
#6592 = CARTESIAN_POINT('',(0.227366140808,1.770454366693,6.5000001));
#6593 = CARTESIAN_POINT('',(0.238543538409,1.766607262403,6.5001001));
#6594 = CARTESIAN_POINT('',(0.238543538409,1.766607262403,6.5000001));
#6595 = CARTESIAN_POINT('',(0.252632258175,1.766607262403,6.5001001));
#6596 = CARTESIAN_POINT('',(0.252632258175,1.766607262403,6.5000001));
#6597 = ADVANCED_FACE('',(#6598),#6608,.F.);
#6598 = FACE_BOUND('',#6599,.F.);
#6599 = EDGE_LOOP('',(#6600,#6601,#6602,#6607));
#6600 = ORIENTED_EDGE('',*,*,#6583,.F.);
#6601 = ORIENTED_EDGE('',*,*,#6323,.T.);
#6602 = ORIENTED_EDGE('',*,*,#6603,.T.);
#6603 = EDGE_CURVE('',#6324,#1223,#6604,.T.);
#6604 = B_SPLINE_CURVE_WITH_KNOTS('',1,(#6605,#6606),.UNSPECIFIED.,.F.,
  .F.,(2,2),(-0.,9.999999999E-05),.PIECEWISE_BEZIER_KNOTS.);
#6605 = CARTESIAN_POINT('',(0.297133896993,1.792497234519,6.5001001));
#6606 = CARTESIAN_POINT('',(0.297133896993,1.792497234519,6.5000001));
#6607 = ORIENTED_EDGE('',*,*,#1229,.F.);
#6608 = B_SPLINE_SURFACE_WITH_KNOTS('',3,1,(
    (#6609,#6610)
    ,(#6611,#6612)
    ,(#6613,#6614)
    ,(#6615,#6616
    )),.UNSPECIFIED.,.F.,.F.,.F.,(4,4),(2,2),(6.,7.),(0.,1.),
  .PIECEWISE_BEZIER_KNOTS.);
#6609 = CARTESIAN_POINT('',(0.252632258175,1.766607262403,6.5001001));
#6610 = CARTESIAN_POINT('',(0.252632258175,1.766607262403,6.5000001));
#6611 = CARTESIAN_POINT('',(0.272231694897,1.766607262403,6.5001001));
#6612 = CARTESIAN_POINT('',(0.272231694897,1.766607262403,6.5000001));
#6613 = CARTESIAN_POINT('',(0.287100233101,1.775237253109,6.5001001));
#6614 = CARTESIAN_POINT('',(0.287100233101,1.775237253109,6.5000001));
#6615 = CARTESIAN_POINT('',(0.297133896993,1.792497234519,6.5001001));
#6616 = CARTESIAN_POINT('',(0.297133896993,1.792497234519,6.5000001));
#6617 = ADVANCED_FACE('',(#6618),#6628,.F.);
#6618 = FACE_BOUND('',#6619,.T.);
#6619 = EDGE_LOOP('',(#6620,#6621,#6626,#6627));
#6620 = ORIENTED_EDGE('',*,*,#1222,.T.);
#6621 = ORIENTED_EDGE('',*,*,#6622,.F.);
#6622 = EDGE_CURVE('',#6333,#1216,#6623,.T.);
#6623 = B_SPLINE_CURVE_WITH_KNOTS('',1,(#6624,#6625),.UNSPECIFIED.,.F.,
  .F.,(2,2),(-0.,9.999999999E-05),.PIECEWISE_BEZIER_KNOTS.);
#6624 = CARTESIAN_POINT('',(0.297809739638,1.792497234519,6.5001001));
#6625 = CARTESIAN_POINT('',(0.297809739638,1.792497234519,6.5000001));
#6626 = ORIENTED_EDGE('',*,*,#6332,.F.);
#6627 = ORIENTED_EDGE('',*,*,#6603,.T.);
#6628 = B_SPLINE_SURFACE_WITH_KNOTS('',1,1,(
    (#6629,#6630)
    ,(#6631,#6632
    )),.UNSPECIFIED.,.F.,.F.,.F.,(2,2),(2,2),(-9.999999999977E-05,0.),(
    -6.758426455277E-04,0.),.PIECEWISE_BEZIER_KNOTS.);
#6629 = CARTESIAN_POINT('',(0.297133896993,1.792497234519,6.5000001));
#6630 = CARTESIAN_POINT('',(0.297809739638,1.792497234519,6.5000001));
#6631 = CARTESIAN_POINT('',(0.297133896993,1.792497234519,6.5001001));
#6632 = CARTESIAN_POINT('',(0.297809739638,1.792497234519,6.5001001));
#6633 = ADVANCED_FACE('',(#6634),#6644,.F.);
#6634 = FACE_BOUND('',#6635,.T.);
#6635 = EDGE_LOOP('',(#6636,#6637,#6642,#6643));
#6636 = ORIENTED_EDGE('',*,*,#1215,.T.);
#6637 = ORIENTED_EDGE('',*,*,#6638,.F.);
#6638 = EDGE_CURVE('',#6340,#1209,#6639,.T.);
#6639 = B_SPLINE_CURVE_WITH_KNOTS('',1,(#6640,#6641),.UNSPECIFIED.,.F.,
  .F.,(2,2),(-0.,9.999999999E-05),.PIECEWISE_BEZIER_KNOTS.);
#6640 = CARTESIAN_POINT('',(0.297809739638,1.770038463527,6.5001001));
#6641 = CARTESIAN_POINT('',(0.297809739638,1.770038463527,6.5000001));
#6642 = ORIENTED_EDGE('',*,*,#6339,.F.);
#6643 = ORIENTED_EDGE('',*,*,#6622,.T.);
#6644 = B_SPLINE_SURFACE_WITH_KNOTS('',1,1,(
    (#6645,#6646)
    ,(#6647,#6648
    )),.UNSPECIFIED.,.F.,.F.,.F.,(2,2),(2,2),(0.,9.999999999977E-05),(0.
    ,2.24587709918E-02),.PIECEWISE_BEZIER_KNOTS.);
#6645 = CARTESIAN_POINT('',(0.297809739638,1.770038463527,6.5001001));
#6646 = CARTESIAN_POINT('',(0.297809739638,1.792497234519,6.5001001));
#6647 = CARTESIAN_POINT('',(0.297809739638,1.770038463527,6.5000001));
#6648 = CARTESIAN_POINT('',(0.297809739638,1.792497234519,6.5000001));
#6649 = ADVANCED_FACE('',(#6650),#6660,.F.);
#6650 = FACE_BOUND('',#6651,.T.);
#6651 = EDGE_LOOP('',(#6652,#6653,#6658,#6659));
#6652 = ORIENTED_EDGE('',*,*,#1208,.T.);
#6653 = ORIENTED_EDGE('',*,*,#6654,.F.);
#6654 = EDGE_CURVE('',#6347,#1202,#6655,.T.);
#6655 = B_SPLINE_CURVE_WITH_KNOTS('',1,(#6656,#6657),.UNSPECIFIED.,.F.,
  .F.,(2,2),(-0.,9.999999999E-05),.PIECEWISE_BEZIER_KNOTS.);
#6656 = CARTESIAN_POINT('',(0.323283808588,1.770038463527,6.5001001));
#6657 = CARTESIAN_POINT('',(0.323283808588,1.770038463527,6.5000001));
#6658 = ORIENTED_EDGE('',*,*,#6346,.F.);
#6659 = ORIENTED_EDGE('',*,*,#6638,.T.);
#6660 = B_SPLINE_SURFACE_WITH_KNOTS('',1,1,(
    (#6661,#6662)
    ,(#6663,#6664
    )),.UNSPECIFIED.,.F.,.F.,.F.,(2,2),(2,2),(-9.999999999977E-05,0.),(
    -2.547406894985E-02,0.),.PIECEWISE_BEZIER_KNOTS.);
#6661 = CARTESIAN_POINT('',(0.297809739638,1.770038463527,6.5000001));
#6662 = CARTESIAN_POINT('',(0.323283808588,1.770038463527,6.5000001));
#6663 = CARTESIAN_POINT('',(0.297809739638,1.770038463527,6.5001001));
#6664 = CARTESIAN_POINT('',(0.323283808588,1.770038463527,6.5001001));
#6665 = ADVANCED_FACE('',(#6666),#6676,.F.);
#6666 = FACE_BOUND('',#6667,.T.);
#6667 = EDGE_LOOP('',(#6668,#6669,#6674,#6675));
#6668 = ORIENTED_EDGE('',*,*,#1201,.T.);
#6669 = ORIENTED_EDGE('',*,*,#6670,.F.);
#6670 = EDGE_CURVE('',#6354,#1193,#6671,.T.);
#6671 = B_SPLINE_CURVE_WITH_KNOTS('',1,(#6672,#6673),.UNSPECIFIED.,.F.,
  .F.,(2,2),(-0.,9.999999998422E-05),.PIECEWISE_BEZIER_KNOTS.);
#6672 = CARTESIAN_POINT('',(0.323283808588,1.863512700203,6.5001001));
#6673 = CARTESIAN_POINT('',(0.323283808588,1.863512700203,6.5000001));
#6674 = ORIENTED_EDGE('',*,*,#6353,.F.);
#6675 = ORIENTED_EDGE('',*,*,#6654,.T.);
#6676 = B_SPLINE_SURFACE_WITH_KNOTS('',1,1,(
    (#6677,#6678)
    ,(#6679,#6680
    )),.UNSPECIFIED.,.F.,.F.,.F.,(2,2),(2,2),(-9.999999999977E-05,0.),(
    -9.347423667573E-02,0.),.PIECEWISE_BEZIER_KNOTS.);
#6677 = CARTESIAN_POINT('',(0.323283808588,1.770038463527,6.5000001));
#6678 = CARTESIAN_POINT('',(0.323283808588,1.863512700203,6.5000001));
#6679 = CARTESIAN_POINT('',(0.323283808588,1.770038463527,6.5001001));
#6680 = CARTESIAN_POINT('',(0.323283808588,1.863512700203,6.5001001));
#6681 = ADVANCED_FACE('',(#6682),#6688,.F.);
#6682 = FACE_BOUND('',#6683,.F.);
#6683 = EDGE_LOOP('',(#6684,#6685,#6686,#6687));
#6684 = ORIENTED_EDGE('',*,*,#6670,.F.);
#6685 = ORIENTED_EDGE('',*,*,#6360,.T.);
#6686 = ORIENTED_EDGE('',*,*,#6445,.T.);
#6687 = ORIENTED_EDGE('',*,*,#1192,.F.);
#6688 = B_SPLINE_SURFACE_WITH_KNOTS('',3,1,(
    (#6689,#6690)
    ,(#6691,#6692)
    ,(#6693,#6694)
    ,(#6695,#6696
    )),.UNSPECIFIED.,.F.,.F.,.F.,(4,4),(2,2),(1.,2.),(0.,1.),
  .PIECEWISE_BEZIER_KNOTS.);
#6689 = CARTESIAN_POINT('',(0.323283808588,1.863512700203,6.5001001));
#6690 = CARTESIAN_POINT('',(0.323283808588,1.863512700203,6.5000001));
#6691 = CARTESIAN_POINT('',(0.323283808588,1.900320130442,6.5001001));
#6692 = CARTESIAN_POINT('',(0.323283808588,1.900320130442,6.5000001));
#6693 = CARTESIAN_POINT('',(0.305763887698,1.918619869769,6.5001001));
#6694 = CARTESIAN_POINT('',(0.305763887698,1.918619869769,6.5000001));
#6695 = CARTESIAN_POINT('',(0.270776033814,1.918619869769,6.5001001));
#6696 = CARTESIAN_POINT('',(0.270776033814,1.918619869769,6.5000001));
#6697 = ADVANCED_FACE('',(#6698),#6722,.T.);
#6698 = FACE_BOUND('',#6699,.T.);
#6699 = EDGE_LOOP('',(#6700,#6711,#6716,#6717));
#6700 = ORIENTED_EDGE('',*,*,#6701,.F.);
#6701 = EDGE_CURVE('',#6702,#6704,#6706,.T.);
#6702 = VERTEX_POINT('',#6703);
#6703 = CARTESIAN_POINT('',(0.263809655775,1.838350558629,6.5000001));
#6704 = VERTEX_POINT('',#6705);
#6705 = CARTESIAN_POINT('',(0.239167393158,1.829408640548,6.5000001));
#6706 = B_SPLINE_CURVE_WITH_KNOTS('',3,(#6707,#6708,#6709,#6710),
  .UNSPECIFIED.,.F.,.F.,(4,4),(0.,1.),.PIECEWISE_BEZIER_KNOTS.);
#6707 = CARTESIAN_POINT('',(0.263809655775,1.838350558629,6.5000001));
#6708 = CARTESIAN_POINT('',(0.251904427633,1.836686945962,6.5000001));
#6709 = CARTESIAN_POINT('',(0.243690340094,1.833775623797,6.5000001));
#6710 = CARTESIAN_POINT('',(0.239167393158,1.829408640548,6.5000001));
#6711 = ORIENTED_EDGE('',*,*,#6712,.F.);
#6712 = EDGE_CURVE('',#6381,#6702,#6713,.T.);
#6713 = B_SPLINE_CURVE_WITH_KNOTS('',1,(#6714,#6715),.UNSPECIFIED.,.F.,
  .F.,(2,2),(-0.,9.999999999044E-05),.PIECEWISE_BEZIER_KNOTS.);
#6714 = CARTESIAN_POINT('',(0.263809655775,1.838350558629,6.5001001));
#6715 = CARTESIAN_POINT('',(0.263809655775,1.838350558629,6.5000001));
#6716 = ORIENTED_EDGE('',*,*,#6380,.T.);
#6717 = ORIENTED_EDGE('',*,*,#6718,.T.);
#6718 = EDGE_CURVE('',#6370,#6704,#6719,.T.);
#6719 = B_SPLINE_CURVE_WITH_KNOTS('',1,(#6720,#6721),.UNSPECIFIED.,.F.,
  .F.,(2,2),(-0.,9.999999999977E-05),.PIECEWISE_BEZIER_KNOTS.);
#6720 = CARTESIAN_POINT('',(0.239167393158,1.829408640548,6.5001001));
#6721 = CARTESIAN_POINT('',(0.239167393158,1.829408640548,6.5000001));
#6722 = B_SPLINE_SURFACE_WITH_KNOTS('',3,1,(
    (#6723,#6724)
    ,(#6725,#6726)
    ,(#6727,#6728)
    ,(#6729,#6730
    )),.UNSPECIFIED.,.F.,.F.,.F.,(4,4),(2,2),(0.,1.),(0.,1.),
  .PIECEWISE_BEZIER_KNOTS.);
#6723 = CARTESIAN_POINT('',(0.263809655775,1.838350558629,6.5001001));
#6724 = CARTESIAN_POINT('',(0.263809655775,1.838350558629,6.5000001));
#6725 = CARTESIAN_POINT('',(0.251904427633,1.836686945962,6.5001001));
#6726 = CARTESIAN_POINT('',(0.251904427633,1.836686945962,6.5000001));
#6727 = CARTESIAN_POINT('',(0.243690340094,1.833775623797,6.5001001));
#6728 = CARTESIAN_POINT('',(0.243690340094,1.833775623797,6.5000001));
#6729 = CARTESIAN_POINT('',(0.239167393158,1.829408640548,6.5001001));
#6730 = CARTESIAN_POINT('',(0.239167393158,1.829408640548,6.5000001));
#6731 = ADVANCED_FACE('',(#6732),#6750,.T.);
#6732 = FACE_BOUND('',#6733,.T.);
#6733 = EDGE_LOOP('',(#6734,#6743,#6744,#6745));
#6734 = ORIENTED_EDGE('',*,*,#6735,.F.);
#6735 = EDGE_CURVE('',#6704,#6736,#6738,.T.);
#6736 = VERTEX_POINT('',#6737);
#6737 = CARTESIAN_POINT('',(0.232408966702,1.811004925429,6.5000001));
#6738 = B_SPLINE_CURVE_WITH_KNOTS('',3,(#6739,#6740,#6741,#6742),
  .UNSPECIFIED.,.F.,.F.,(4,4),(1.,2.),.PIECEWISE_BEZIER_KNOTS.);
#6739 = CARTESIAN_POINT('',(0.239167393158,1.829408640548,6.5000001));
#6740 = CARTESIAN_POINT('',(0.234696434118,1.8250416573,6.5000001));
#6741 = CARTESIAN_POINT('',(0.232408966702,1.818907085594,6.5000001));
#6742 = CARTESIAN_POINT('',(0.232408966702,1.811004925429,6.5000001));
#6743 = ORIENTED_EDGE('',*,*,#6718,.F.);
#6744 = ORIENTED_EDGE('',*,*,#6369,.T.);
#6745 = ORIENTED_EDGE('',*,*,#6746,.T.);
#6746 = EDGE_CURVE('',#6372,#6736,#6747,.T.);
#6747 = B_SPLINE_CURVE_WITH_KNOTS('',1,(#6748,#6749),.UNSPECIFIED.,.F.,
  .F.,(2,2),(-0.,9.999999999977E-05),.PIECEWISE_BEZIER_KNOTS.);
#6748 = CARTESIAN_POINT('',(0.232408966702,1.811004925429,6.5001001));
#6749 = CARTESIAN_POINT('',(0.232408966702,1.811004925429,6.5000001));
#6750 = B_SPLINE_SURFACE_WITH_KNOTS('',3,1,(
    (#6751,#6752)
    ,(#6753,#6754)
    ,(#6755,#6756)
    ,(#6757,#6758
    )),.UNSPECIFIED.,.F.,.F.,.F.,(4,4),(2,2),(1.,2.),(0.,1.),
  .PIECEWISE_BEZIER_KNOTS.);
#6751 = CARTESIAN_POINT('',(0.239167393158,1.829408640548,6.5001001));
#6752 = CARTESIAN_POINT('',(0.239167393158,1.829408640548,6.5000001));
#6753 = CARTESIAN_POINT('',(0.234696434118,1.8250416573,6.5001001));
#6754 = CARTESIAN_POINT('',(0.234696434118,1.8250416573,6.5000001));
#6755 = CARTESIAN_POINT('',(0.232408966702,1.818907085594,6.5001001));
#6756 = CARTESIAN_POINT('',(0.232408966702,1.818907085594,6.5000001));
#6757 = CARTESIAN_POINT('',(0.232408966702,1.811004925429,6.5001001));
#6758 = CARTESIAN_POINT('',(0.232408966702,1.811004925429,6.5000001));
#6759 = ADVANCED_FACE('',(#6760),#6778,.T.);
#6760 = FACE_BOUND('',#6761,.T.);
#6761 = EDGE_LOOP('',(#6762,#6771,#6772,#6773));
#6762 = ORIENTED_EDGE('',*,*,#6763,.F.);
#6763 = EDGE_CURVE('',#6736,#6764,#6766,.T.);
#6764 = VERTEX_POINT('',#6765);
#6765 = CARTESIAN_POINT('',(0.239791247908,1.794056871393,6.5000001));
#6766 = B_SPLINE_CURVE_WITH_KNOTS('',3,(#6767,#6768,#6769,#6770),
  .UNSPECIFIED.,.F.,.F.,(4,4),(2.,3.),.PIECEWISE_BEZIER_KNOTS.);
#6767 = CARTESIAN_POINT('',(0.232408966702,1.811004925429,6.5000001));
#6768 = CARTESIAN_POINT('',(0.232408966702,1.804038547391,6.5000001));
#6769 = CARTESIAN_POINT('',(0.234852397806,1.798423854642,6.5000001));
#6770 = CARTESIAN_POINT('',(0.239791247908,1.794056871393,6.5000001));
#6771 = ORIENTED_EDGE('',*,*,#6746,.F.);
#6772 = ORIENTED_EDGE('',*,*,#6430,.T.);
#6773 = ORIENTED_EDGE('',*,*,#6774,.T.);
#6774 = EDGE_CURVE('',#6422,#6764,#6775,.T.);
#6775 = B_SPLINE_CURVE_WITH_KNOTS('',1,(#6776,#6777),.UNSPECIFIED.,.F.,
  .F.,(2,2),(-0.,9.999999999977E-05),.PIECEWISE_BEZIER_KNOTS.);
#6776 = CARTESIAN_POINT('',(0.239791247908,1.794056871393,6.5001001));
#6777 = CARTESIAN_POINT('',(0.239791247908,1.794056871393,6.5000001));
#6778 = B_SPLINE_SURFACE_WITH_KNOTS('',3,1,(
    (#6779,#6780)
    ,(#6781,#6782)
    ,(#6783,#6784)
    ,(#6785,#6786
    )),.UNSPECIFIED.,.F.,.F.,.F.,(4,4),(2,2),(2.,3.),(0.,1.),
  .PIECEWISE_BEZIER_KNOTS.);
#6779 = CARTESIAN_POINT('',(0.232408966702,1.811004925429,6.5001001));
#6780 = CARTESIAN_POINT('',(0.232408966702,1.811004925429,6.5000001));
#6781 = CARTESIAN_POINT('',(0.232408966702,1.804038547391,6.5001001));
#6782 = CARTESIAN_POINT('',(0.232408966702,1.804038547391,6.5000001));
#6783 = CARTESIAN_POINT('',(0.234852397806,1.798423854642,6.5001001));
#6784 = CARTESIAN_POINT('',(0.234852397806,1.798423854642,6.5000001));
#6785 = CARTESIAN_POINT('',(0.239791247908,1.794056871393,6.5001001));
#6786 = CARTESIAN_POINT('',(0.239791247908,1.794056871393,6.5000001));
#6787 = ADVANCED_FACE('',(#6788),#6806,.T.);
#6788 = FACE_BOUND('',#6789,.T.);
#6789 = EDGE_LOOP('',(#6790,#6799,#6800,#6801));
#6790 = ORIENTED_EDGE('',*,*,#6791,.F.);
#6791 = EDGE_CURVE('',#6764,#6792,#6794,.T.);
#6792 = VERTEX_POINT('',#6793);
#6793 = CARTESIAN_POINT('',(0.259234720943,1.787506396521,6.5000001));
#6794 = B_SPLINE_CURVE_WITH_KNOTS('',3,(#6795,#6796,#6797,#6798),
  .UNSPECIFIED.,.F.,.F.,(4,4),(3.,4.),.PIECEWISE_BEZIER_KNOTS.);
#6795 = CARTESIAN_POINT('',(0.239791247908,1.794056871393,6.5000001));
#6796 = CARTESIAN_POINT('',(0.244678110115,1.789689888146,6.5000001));
#6797 = CARTESIAN_POINT('',(0.251176597091,1.787506396521,6.5000001));
#6798 = CARTESIAN_POINT('',(0.259234720943,1.787506396521,6.5000001));
#6799 = ORIENTED_EDGE('',*,*,#6774,.F.);
#6800 = ORIENTED_EDGE('',*,*,#6421,.T.);
#6801 = ORIENTED_EDGE('',*,*,#6802,.T.);
#6802 = EDGE_CURVE('',#6413,#6792,#6803,.T.);
#6803 = B_SPLINE_CURVE_WITH_KNOTS('',1,(#6804,#6805),.UNSPECIFIED.,.F.,
  .F.,(2,2),(-0.,9.999999999977E-05),.PIECEWISE_BEZIER_KNOTS.);
#6804 = CARTESIAN_POINT('',(0.259234720943,1.787506396521,6.5001001));
#6805 = CARTESIAN_POINT('',(0.259234720943,1.787506396521,6.5000001));
#6806 = B_SPLINE_SURFACE_WITH_KNOTS('',3,1,(
    (#6807,#6808)
    ,(#6809,#6810)
    ,(#6811,#6812)
    ,(#6813,#6814
    )),.UNSPECIFIED.,.F.,.F.,.F.,(4,4),(2,2),(3.,4.),(0.,1.),
  .PIECEWISE_BEZIER_KNOTS.);
#6807 = CARTESIAN_POINT('',(0.239791247908,1.794056871393,6.5001001));
#6808 = CARTESIAN_POINT('',(0.239791247908,1.794056871393,6.5000001));
#6809 = CARTESIAN_POINT('',(0.244678110115,1.789689888146,6.5001001));
#6810 = CARTESIAN_POINT('',(0.244678110115,1.789689888146,6.5000001));
#6811 = CARTESIAN_POINT('',(0.251176597091,1.787506396521,6.5001001));
#6812 = CARTESIAN_POINT('',(0.251176597091,1.787506396521,6.5000001));
#6813 = CARTESIAN_POINT('',(0.259234720943,1.787506396521,6.5001001));
#6814 = CARTESIAN_POINT('',(0.259234720943,1.787506396521,6.5000001));
#6815 = ADVANCED_FACE('',(#6816),#6834,.T.);
#6816 = FACE_BOUND('',#6817,.T.);
#6817 = EDGE_LOOP('',(#6818,#6827,#6828,#6829));
#6818 = ORIENTED_EDGE('',*,*,#6819,.F.);
#6819 = EDGE_CURVE('',#6792,#6820,#6822,.T.);
#6820 = VERTEX_POINT('',#6821);
#6821 = CARTESIAN_POINT('',(0.286892281517,1.799359636767,6.5000001));
#6822 = B_SPLINE_CURVE_WITH_KNOTS('',3,(#6823,#6824,#6825,#6826),
  .UNSPECIFIED.,.F.,.F.,(4,4),(4.,5.),.PIECEWISE_BEZIER_KNOTS.);
#6823 = CARTESIAN_POINT('',(0.259234720943,1.787506396521,6.5000001));
#6824 = CARTESIAN_POINT('',(0.270412118543,1.787506396521,6.5000001));
#6825 = CARTESIAN_POINT('',(0.279665963999,1.791457476603,6.5000001));
#6826 = CARTESIAN_POINT('',(0.286892281517,1.799359636767,6.5000001));
#6827 = ORIENTED_EDGE('',*,*,#6802,.F.);
#6828 = ORIENTED_EDGE('',*,*,#6412,.T.);
#6829 = ORIENTED_EDGE('',*,*,#6830,.T.);
#6830 = EDGE_CURVE('',#6404,#6820,#6831,.T.);
#6831 = B_SPLINE_CURVE_WITH_KNOTS('',1,(#6832,#6833),.UNSPECIFIED.,.F.,
  .F.,(2,2),(-0.,9.999999999977E-05),.PIECEWISE_BEZIER_KNOTS.);
#6832 = CARTESIAN_POINT('',(0.286892281517,1.799359636767,6.5001001));
#6833 = CARTESIAN_POINT('',(0.286892281517,1.799359636767,6.5000001));
#6834 = B_SPLINE_SURFACE_WITH_KNOTS('',3,1,(
    (#6835,#6836)
    ,(#6837,#6838)
    ,(#6839,#6840)
    ,(#6841,#6842
    )),.UNSPECIFIED.,.F.,.F.,.F.,(4,4),(2,2),(4.,5.),(0.,1.),
  .PIECEWISE_BEZIER_KNOTS.);
#6835 = CARTESIAN_POINT('',(0.259234720943,1.787506396521,6.5001001));
#6836 = CARTESIAN_POINT('',(0.259234720943,1.787506396521,6.5000001));
#6837 = CARTESIAN_POINT('',(0.270412118543,1.787506396521,6.5001001));
#6838 = CARTESIAN_POINT('',(0.270412118543,1.787506396521,6.5000001));
#6839 = CARTESIAN_POINT('',(0.279665963999,1.791457476603,6.5001001));
#6840 = CARTESIAN_POINT('',(0.279665963999,1.791457476603,6.5000001));
#6841 = CARTESIAN_POINT('',(0.286892281517,1.799359636767,6.5001001));
#6842 = CARTESIAN_POINT('',(0.286892281517,1.799359636767,6.5000001));
#6843 = ADVANCED_FACE('',(#6844),#6862,.T.);
#6844 = FACE_BOUND('',#6845,.T.);
#6845 = EDGE_LOOP('',(#6846,#6855,#6856,#6857));
#6846 = ORIENTED_EDGE('',*,*,#6847,.F.);
#6847 = EDGE_CURVE('',#6820,#6848,#6850,.T.);
#6848 = VERTEX_POINT('',#6849);
#6849 = CARTESIAN_POINT('',(0.297809739638,1.828992737382,6.5000001));
#6850 = B_SPLINE_CURVE_WITH_KNOTS('',3,(#6851,#6852,#6853,#6854),
  .UNSPECIFIED.,.F.,.F.,(4,4),(5.,6.),.PIECEWISE_BEZIER_KNOTS.);
#6851 = CARTESIAN_POINT('',(0.286892281517,1.799359636767,6.5000001));
#6852 = CARTESIAN_POINT('',(0.294170586931,1.807157821139,6.5000001));
#6853 = CARTESIAN_POINT('',(0.297809739638,1.817035521344,6.5000001));
#6854 = CARTESIAN_POINT('',(0.297809739638,1.828992737382,6.5000001));
#6855 = ORIENTED_EDGE('',*,*,#6830,.F.);
#6856 = ORIENTED_EDGE('',*,*,#6403,.T.);
#6857 = ORIENTED_EDGE('',*,*,#6858,.T.);
#6858 = EDGE_CURVE('',#6397,#6848,#6859,.T.);
#6859 = B_SPLINE_CURVE_WITH_KNOTS('',1,(#6860,#6861),.UNSPECIFIED.,.F.,
  .F.,(2,2),(-0.,9.999999999977E-05),.PIECEWISE_BEZIER_KNOTS.);
#6860 = CARTESIAN_POINT('',(0.297809739638,1.828992737382,6.5001001));
#6861 = CARTESIAN_POINT('',(0.297809739638,1.828992737382,6.5000001));
#6862 = B_SPLINE_SURFACE_WITH_KNOTS('',3,1,(
    (#6863,#6864)
    ,(#6865,#6866)
    ,(#6867,#6868)
    ,(#6869,#6870
    )),.UNSPECIFIED.,.F.,.F.,.F.,(4,4),(2,2),(5.,6.),(0.,1.),
  .PIECEWISE_BEZIER_KNOTS.);
#6863 = CARTESIAN_POINT('',(0.286892281517,1.799359636767,6.5001001));
#6864 = CARTESIAN_POINT('',(0.286892281517,1.799359636767,6.5000001));
#6865 = CARTESIAN_POINT('',(0.294170586931,1.807157821139,6.5001001));
#6866 = CARTESIAN_POINT('',(0.294170586931,1.807157821139,6.5000001));
#6867 = CARTESIAN_POINT('',(0.297809739638,1.817035521344,6.5001001));
#6868 = CARTESIAN_POINT('',(0.297809739638,1.817035521344,6.5000001));
#6869 = CARTESIAN_POINT('',(0.297809739638,1.828992737382,6.5001001));
#6870 = CARTESIAN_POINT('',(0.297809739638,1.828992737382,6.5000001));
#6871 = ADVANCED_FACE('',(#6872),#6888,.T.);
#6872 = FACE_BOUND('',#6873,.T.);
#6873 = EDGE_LOOP('',(#6874,#6881,#6882,#6883));
#6874 = ORIENTED_EDGE('',*,*,#6875,.F.);
#6875 = EDGE_CURVE('',#6848,#6876,#6878,.T.);
#6876 = VERTEX_POINT('',#6877);
#6877 = CARTESIAN_POINT('',(0.297809739638,1.842925493461,6.5000001));
#6878 = B_SPLINE_CURVE_WITH_KNOTS('',1,(#6879,#6880),.UNSPECIFIED.,.F.,
  .F.,(2,2),(0.,1.39327560794E-02),.PIECEWISE_BEZIER_KNOTS.);
#6879 = CARTESIAN_POINT('',(0.297809739638,1.828992737382,6.5000001));
#6880 = CARTESIAN_POINT('',(0.297809739638,1.842925493461,6.5000001));
#6881 = ORIENTED_EDGE('',*,*,#6858,.F.);
#6882 = ORIENTED_EDGE('',*,*,#6396,.T.);
#6883 = ORIENTED_EDGE('',*,*,#6884,.T.);
#6884 = EDGE_CURVE('',#6390,#6876,#6885,.T.);
#6885 = B_SPLINE_CURVE_WITH_KNOTS('',1,(#6886,#6887),.UNSPECIFIED.,.F.,
  .F.,(2,2),(-0.,9.999999999977E-05),.PIECEWISE_BEZIER_KNOTS.);
#6886 = CARTESIAN_POINT('',(0.297809739638,1.842925493461,6.5001001));
#6887 = CARTESIAN_POINT('',(0.297809739638,1.842925493461,6.5000001));
#6888 = B_SPLINE_SURFACE_WITH_KNOTS('',1,1,(
    (#6889,#6890)
    ,(#6891,#6892
    )),.UNSPECIFIED.,.F.,.F.,.F.,(2,2),(2,2),(-9.999999999977E-05,0.),(
    0.,1.39327560794E-02),.PIECEWISE_BEZIER_KNOTS.);
#6889 = CARTESIAN_POINT('',(0.297809739638,1.828992737382,6.5000001));
#6890 = CARTESIAN_POINT('',(0.297809739638,1.842925493461,6.5000001));
#6891 = CARTESIAN_POINT('',(0.297809739638,1.828992737382,6.5001001));
#6892 = CARTESIAN_POINT('',(0.297809739638,1.842925493461,6.5001001));
#6893 = ADVANCED_FACE('',(#6894),#6904,.T.);
#6894 = FACE_BOUND('',#6895,.T.);
#6895 = EDGE_LOOP('',(#6896,#6901,#6902,#6903));
#6896 = ORIENTED_EDGE('',*,*,#6897,.F.);
#6897 = EDGE_CURVE('',#6876,#6702,#6898,.T.);
#6898 = B_SPLINE_CURVE_WITH_KNOTS('',1,(#6899,#6900),.UNSPECIFIED.,.F.,
  .F.,(2,2),(0.,3.430649692773E-02),.PIECEWISE_BEZIER_KNOTS.);
#6899 = CARTESIAN_POINT('',(0.297809739638,1.842925493461,6.5000001));
#6900 = CARTESIAN_POINT('',(0.263809655775,1.838350558629,6.5000001));
#6901 = ORIENTED_EDGE('',*,*,#6884,.F.);
#6902 = ORIENTED_EDGE('',*,*,#6389,.T.);
#6903 = ORIENTED_EDGE('',*,*,#6712,.T.);
#6904 = B_SPLINE_SURFACE_WITH_KNOTS('',1,1,(
    (#6905,#6906)
    ,(#6907,#6908
    )),.UNSPECIFIED.,.F.,.F.,.F.,(2,2),(2,2),(-3.430649692773E-02,0.),(
    -9.999999999977E-05,0.),.PIECEWISE_BEZIER_KNOTS.);
#6905 = CARTESIAN_POINT('',(0.263809655775,1.838350558629,6.5000001));
#6906 = CARTESIAN_POINT('',(0.263809655775,1.838350558629,6.5001001));
#6907 = CARTESIAN_POINT('',(0.297809739638,1.842925493461,6.5000001));
#6908 = CARTESIAN_POINT('',(0.297809739638,1.842925493461,6.5001001));
#6909 = ADVANCED_FACE('',(#6910),#6920,.F.);
#6910 = FACE_BOUND('',#6911,.T.);
#6911 = EDGE_LOOP('',(#6912,#6913,#6914,#6915,#6916,#6917,#6918,#6919));
#6912 = ORIENTED_EDGE('',*,*,#6897,.T.);
#6913 = ORIENTED_EDGE('',*,*,#6701,.T.);
#6914 = ORIENTED_EDGE('',*,*,#6735,.T.);
#6915 = ORIENTED_EDGE('',*,*,#6763,.T.);
#6916 = ORIENTED_EDGE('',*,*,#6791,.T.);
#6917 = ORIENTED_EDGE('',*,*,#6819,.T.);
#6918 = ORIENTED_EDGE('',*,*,#6847,.T.);
#6919 = ORIENTED_EDGE('',*,*,#6875,.T.);
#6920 = B_SPLINE_SURFACE_WITH_KNOTS('',1,1,(
    (#6921,#6922)
    ,(#6923,#6924
    )),.UNSPECIFIED.,.F.,.F.,.F.,(2,2),(2,2),(-0.592925493461,
    -0.537506396521),(2.952190260362,3.017591033298),
  .PIECEWISE_BEZIER_KNOTS.);
#6921 = CARTESIAN_POINT('',(0.297809739638,1.842925493461,6.5000001));
#6922 = CARTESIAN_POINT('',(0.232408966702,1.842925493461,6.5000001));
#6923 = CARTESIAN_POINT('',(0.297809739638,1.787506396521,6.5000001));
#6924 = CARTESIAN_POINT('',(0.232408966702,1.787506396521,6.5000001));
#6925 = ADVANCED_FACE('',(#6926),#6950,.F.);
#6926 = FACE_BOUND('',#6927,.F.);
#6927 = EDGE_LOOP('',(#6928,#6935,#6944,#6949));
#6928 = ORIENTED_EDGE('',*,*,#6929,.F.);
#6929 = EDGE_CURVE('',#6930,#1785,#6932,.T.);
#6930 = VERTEX_POINT('',#6931);
#6931 = CARTESIAN_POINT('',(0.399706015438,1.78740242073,6.5001001));
#6932 = B_SPLINE_CURVE_WITH_KNOTS('',1,(#6933,#6934),.UNSPECIFIED.,.F.,
  .F.,(2,2),(-0.,9.999999999977E-05),.PIECEWISE_BEZIER_KNOTS.);
#6933 = CARTESIAN_POINT('',(0.399706015438,1.78740242073,6.5001001));
#6934 = CARTESIAN_POINT('',(0.399706015438,1.78740242073,6.5000001));
#6935 = ORIENTED_EDGE('',*,*,#6936,.T.);
#6936 = EDGE_CURVE('',#6930,#6937,#6939,.T.);
#6937 = VERTEX_POINT('',#6938);
#6938 = CARTESIAN_POINT('',(0.35780377141,1.801439152599,6.5001001));
#6939 = B_SPLINE_CURVE_WITH_KNOTS('',3,(#6940,#6941,#6942,#6943),
  .UNSPECIFIED.,.F.,.F.,(4,4),(0.,1.),.PIECEWISE_BEZIER_KNOTS.);
#6940 = CARTESIAN_POINT('',(0.399706015438,1.78740242073,6.5001001));
#6941 = CARTESIAN_POINT('',(0.384733501443,1.78740242073,6.5001001));
#6942 = CARTESIAN_POINT('',(0.370800745364,1.792081331353,6.5001001));
#6943 = CARTESIAN_POINT('',(0.35780377141,1.801439152599,6.5001001));
#6944 = ORIENTED_EDGE('',*,*,#6945,.T.);
#6945 = EDGE_CURVE('',#6937,#1787,#6946,.T.);
#6946 = B_SPLINE_CURVE_WITH_KNOTS('',1,(#6947,#6948),.UNSPECIFIED.,.F.,
  .F.,(2,2),(-0.,9.999999999E-05),.PIECEWISE_BEZIER_KNOTS.);
#6947 = CARTESIAN_POINT('',(0.35780377141,1.801439152599,6.5001001));
#6948 = CARTESIAN_POINT('',(0.35780377141,1.801439152599,6.5000001));
#6949 = ORIENTED_EDGE('',*,*,#1784,.F.);
#6950 = B_SPLINE_SURFACE_WITH_KNOTS('',3,1,(
    (#6951,#6952)
    ,(#6953,#6954)
    ,(#6955,#6956)
    ,(#6957,#6958
    )),.UNSPECIFIED.,.F.,.F.,.F.,(4,4),(2,2),(0.,1.),(0.,1.),
  .PIECEWISE_BEZIER_KNOTS.);
#6951 = CARTESIAN_POINT('',(0.399706015438,1.78740242073,6.5001001));
#6952 = CARTESIAN_POINT('',(0.399706015438,1.78740242073,6.5000001));
#6953 = CARTESIAN_POINT('',(0.384733501443,1.78740242073,6.5001001));
#6954 = CARTESIAN_POINT('',(0.384733501443,1.78740242073,6.5000001));
#6955 = CARTESIAN_POINT('',(0.370800745364,1.792081331353,6.5001001));
#6956 = CARTESIAN_POINT('',(0.370800745364,1.792081331353,6.5000001));
#6957 = CARTESIAN_POINT('',(0.35780377141,1.801439152599,6.5001001));
#6958 = CARTESIAN_POINT('',(0.35780377141,1.801439152599,6.5000001));
#6959 = ADVANCED_FACE('',(#6960),#6976,.F.);
#6960 = FACE_BOUND('',#6961,.T.);
#6961 = EDGE_LOOP('',(#6962,#6963,#6970,#6975));
#6962 = ORIENTED_EDGE('',*,*,#1964,.T.);
#6963 = ORIENTED_EDGE('',*,*,#6964,.F.);
#6964 = EDGE_CURVE('',#6965,#1956,#6967,.T.);
#6965 = VERTEX_POINT('',#6966);
#6966 = CARTESIAN_POINT('',(0.35780377141,1.775133277317,6.5001001));
#6967 = B_SPLINE_CURVE_WITH_KNOTS('',1,(#6968,#6969),.UNSPECIFIED.,.F.,
  .F.,(2,2),(-0.,9.999999998422E-05),.PIECEWISE_BEZIER_KNOTS.);
#6968 = CARTESIAN_POINT('',(0.35780377141,1.775133277317,6.5001001));
#6969 = CARTESIAN_POINT('',(0.35780377141,1.775133277317,6.5000001));
#6970 = ORIENTED_EDGE('',*,*,#6971,.F.);
#6971 = EDGE_CURVE('',#6937,#6965,#6972,.T.);
#6972 = B_SPLINE_CURVE_WITH_KNOTS('',1,(#6973,#6974),.UNSPECIFIED.,.F.,
  .F.,(2,2),(-2.630587528195E-02,-0.),.PIECEWISE_BEZIER_KNOTS.);
#6973 = CARTESIAN_POINT('',(0.35780377141,1.801439152599,6.5001001));
#6974 = CARTESIAN_POINT('',(0.35780377141,1.775133277317,6.5001001));
#6975 = ORIENTED_EDGE('',*,*,#6945,.T.);
#6976 = B_SPLINE_SURFACE_WITH_KNOTS('',1,1,(
    (#6977,#6978)
    ,(#6979,#6980
    )),.UNSPECIFIED.,.F.,.F.,.F.,(2,2),(2,2),(0.,9.999999999977E-05),(0.
    ,2.630587528195E-02),.PIECEWISE_BEZIER_KNOTS.);
#6977 = CARTESIAN_POINT('',(0.35780377141,1.775133277317,6.5001001));
#6978 = CARTESIAN_POINT('',(0.35780377141,1.801439152599,6.5001001));
#6979 = CARTESIAN_POINT('',(0.35780377141,1.775133277317,6.5000001));
#6980 = CARTESIAN_POINT('',(0.35780377141,1.801439152599,6.5000001));
#6981 = ADVANCED_FACE('',(#6982),#7000,.F.);
#6982 = FACE_BOUND('',#6983,.F.);
#6983 = EDGE_LOOP('',(#6984,#6985,#6994,#6999));
#6984 = ORIENTED_EDGE('',*,*,#6964,.F.);
#6985 = ORIENTED_EDGE('',*,*,#6986,.T.);
#6986 = EDGE_CURVE('',#6965,#6987,#6989,.T.);
#6987 = VERTEX_POINT('',#6988);
#6988 = CARTESIAN_POINT('',(0.397210596439,1.766607262403,6.5001001));
#6989 = B_SPLINE_CURVE_WITH_KNOTS('',3,(#6990,#6991,#6992,#6993),
  .UNSPECIFIED.,.F.,.F.,(4,4),(19.,20.),.PIECEWISE_BEZIER_KNOTS.);
#6990 = CARTESIAN_POINT('',(0.35780377141,1.775133277317,6.5001001));
#6991 = CARTESIAN_POINT('',(0.369033156906,1.769518584568,6.5001001));
#6992 = CARTESIAN_POINT('',(0.382134106652,1.766607262403,6.5001001));
#6993 = CARTESIAN_POINT('',(0.397210596439,1.766607262403,6.5001001));
#6994 = ORIENTED_EDGE('',*,*,#6995,.T.);
#6995 = EDGE_CURVE('',#6987,#1947,#6996,.T.);
#6996 = B_SPLINE_CURVE_WITH_KNOTS('',1,(#6997,#6998),.UNSPECIFIED.,.F.,
  .F.,(2,2),(-0.,9.999999998422E-05),.PIECEWISE_BEZIER_KNOTS.);
#6997 = CARTESIAN_POINT('',(0.397210596439,1.766607262403,6.5001001));
#6998 = CARTESIAN_POINT('',(0.397210596439,1.766607262403,6.5000001));
#6999 = ORIENTED_EDGE('',*,*,#1955,.F.);
#7000 = B_SPLINE_SURFACE_WITH_KNOTS('',3,1,(
    (#7001,#7002)
    ,(#7003,#7004)
    ,(#7005,#7006)
    ,(#7007,#7008
    )),.UNSPECIFIED.,.F.,.F.,.F.,(4,4),(2,2),(19.,20.),(0.,1.),
  .PIECEWISE_BEZIER_KNOTS.);
#7001 = CARTESIAN_POINT('',(0.35780377141,1.775133277317,6.5001001));
#7002 = CARTESIAN_POINT('',(0.35780377141,1.775133277317,6.5000001));
#7003 = CARTESIAN_POINT('',(0.369033156906,1.769518584568,6.5001001));
#7004 = CARTESIAN_POINT('',(0.369033156906,1.769518584568,6.5000001));
#7005 = CARTESIAN_POINT('',(0.382134106652,1.766607262403,6.5001001));
#7006 = CARTESIAN_POINT('',(0.382134106652,1.766607262403,6.5000001));
#7007 = CARTESIAN_POINT('',(0.397210596439,1.766607262403,6.5001001));
#7008 = CARTESIAN_POINT('',(0.397210596439,1.766607262403,6.5000001));
#7009 = ADVANCED_FACE('',(#7010),#7028,.F.);
#7010 = FACE_BOUND('',#7011,.F.);
#7011 = EDGE_LOOP('',(#7012,#7013,#7022,#7027));
#7012 = ORIENTED_EDGE('',*,*,#6995,.F.);
#7013 = ORIENTED_EDGE('',*,*,#7014,.T.);
#7014 = EDGE_CURVE('',#6987,#7015,#7017,.T.);
#7015 = VERTEX_POINT('',#7016);
#7016 = CARTESIAN_POINT('',(0.439528743632,1.778148575274,6.5001001));
#7017 = B_SPLINE_CURVE_WITH_KNOTS('',3,(#7018,#7019,#7020,#7021),
  .UNSPECIFIED.,.F.,.F.,(4,4),(18.,19.),.PIECEWISE_BEZIER_KNOTS.);
#7018 = CARTESIAN_POINT('',(0.397210596439,1.766607262403,6.5001001));
#7019 = CARTESIAN_POINT('',(0.414522565745,1.766607262403,6.5001001));
#7020 = CARTESIAN_POINT('',(0.428663273407,1.770454366693,6.5001001));
#7021 = CARTESIAN_POINT('',(0.439528743632,1.778148575274,6.5001001));
#7022 = ORIENTED_EDGE('',*,*,#7023,.T.);
#7023 = EDGE_CURVE('',#7015,#1938,#7024,.T.);
#7024 = B_SPLINE_CURVE_WITH_KNOTS('',1,(#7025,#7026),.UNSPECIFIED.,.F.,
  .F.,(2,2),(-0.,9.999999998422E-05),.PIECEWISE_BEZIER_KNOTS.);
#7025 = CARTESIAN_POINT('',(0.439528743632,1.778148575274,6.5001001));
#7026 = CARTESIAN_POINT('',(0.439528743632,1.778148575274,6.5000001));
#7027 = ORIENTED_EDGE('',*,*,#1946,.F.);
#7028 = B_SPLINE_SURFACE_WITH_KNOTS('',3,1,(
    (#7029,#7030)
    ,(#7031,#7032)
    ,(#7033,#7034)
    ,(#7035,#7036
    )),.UNSPECIFIED.,.F.,.F.,.F.,(4,4),(2,2),(18.,19.),(0.,1.),
  .PIECEWISE_BEZIER_KNOTS.);
#7029 = CARTESIAN_POINT('',(0.397210596439,1.766607262403,6.5001001));
#7030 = CARTESIAN_POINT('',(0.397210596439,1.766607262403,6.5000001));
#7031 = CARTESIAN_POINT('',(0.414522565745,1.766607262403,6.5001001));
#7032 = CARTESIAN_POINT('',(0.414522565745,1.766607262403,6.5000001));
#7033 = CARTESIAN_POINT('',(0.428663273407,1.770454366693,6.5001001));
#7034 = CARTESIAN_POINT('',(0.428663273407,1.770454366693,6.5000001));
#7035 = CARTESIAN_POINT('',(0.439528743632,1.778148575274,6.5001001));
#7036 = CARTESIAN_POINT('',(0.439528743632,1.778148575274,6.5000001));
#7037 = ADVANCED_FACE('',(#7038),#7056,.F.);
#7038 = FACE_BOUND('',#7039,.F.);
#7039 = EDGE_LOOP('',(#7040,#7041,#7050,#7055));
#7040 = ORIENTED_EDGE('',*,*,#7023,.F.);
#7041 = ORIENTED_EDGE('',*,*,#7042,.T.);
#7042 = EDGE_CURVE('',#7015,#7043,#7045,.T.);
#7043 = VERTEX_POINT('',#7044);
#7044 = CARTESIAN_POINT('',(0.455904930814,1.809549264347,6.5001001));
#7045 = B_SPLINE_CURVE_WITH_KNOTS('',3,(#7046,#7047,#7048,#7049),
  .UNSPECIFIED.,.F.,.F.,(4,4),(17.,18.),.PIECEWISE_BEZIER_KNOTS.);
#7046 = CARTESIAN_POINT('',(0.439528743632,1.778148575274,6.5001001));
#7047 = CARTESIAN_POINT('',(0.450446201754,1.785738808064,6.5001001));
#7048 = CARTESIAN_POINT('',(0.455904930814,1.796240363018,6.5001001));
#7049 = CARTESIAN_POINT('',(0.455904930814,1.809549264347,6.5001001));
#7050 = ORIENTED_EDGE('',*,*,#7051,.T.);
#7051 = EDGE_CURVE('',#7043,#1929,#7052,.T.);
#7052 = B_SPLINE_CURVE_WITH_KNOTS('',1,(#7053,#7054),.UNSPECIFIED.,.F.,
  .F.,(2,2),(-0.,9.999999998422E-05),.PIECEWISE_BEZIER_KNOTS.);
#7053 = CARTESIAN_POINT('',(0.455904930814,1.809549264347,6.5001001));
#7054 = CARTESIAN_POINT('',(0.455904930814,1.809549264347,6.5000001));
#7055 = ORIENTED_EDGE('',*,*,#1937,.F.);
#7056 = B_SPLINE_SURFACE_WITH_KNOTS('',3,1,(
    (#7057,#7058)
    ,(#7059,#7060)
    ,(#7061,#7062)
    ,(#7063,#7064
    )),.UNSPECIFIED.,.F.,.F.,.F.,(4,4),(2,2),(17.,18.),(0.,1.),
  .PIECEWISE_BEZIER_KNOTS.);
#7057 = CARTESIAN_POINT('',(0.439528743632,1.778148575274,6.5001001));
#7058 = CARTESIAN_POINT('',(0.439528743632,1.778148575274,6.5000001));
#7059 = CARTESIAN_POINT('',(0.450446201754,1.785738808064,6.5001001));
#7060 = CARTESIAN_POINT('',(0.450446201754,1.785738808064,6.5000001));
#7061 = CARTESIAN_POINT('',(0.455904930814,1.796240363018,6.5001001));
#7062 = CARTESIAN_POINT('',(0.455904930814,1.796240363018,6.5000001));
#7063 = CARTESIAN_POINT('',(0.455904930814,1.809549264347,6.5001001));
#7064 = CARTESIAN_POINT('',(0.455904930814,1.809549264347,6.5000001));
#7065 = ADVANCED_FACE('',(#7066),#7084,.F.);
#7066 = FACE_BOUND('',#7067,.F.);
#7067 = EDGE_LOOP('',(#7068,#7069,#7078,#7083));
#7068 = ORIENTED_EDGE('',*,*,#7051,.F.);
#7069 = ORIENTED_EDGE('',*,*,#7070,.T.);
#7070 = EDGE_CURVE('',#7043,#7071,#7073,.T.);
#7071 = VERTEX_POINT('',#7072);
#7072 = CARTESIAN_POINT('',(0.447378915901,1.833567672214,6.5001001));
#7073 = B_SPLINE_CURVE_WITH_KNOTS('',3,(#7074,#7075,#7076,#7077),
  .UNSPECIFIED.,.F.,.F.,(4,4),(16.,17.),.PIECEWISE_BEZIER_KNOTS.);
#7074 = CARTESIAN_POINT('',(0.455904930814,1.809549264347,6.5001001));
#7075 = CARTESIAN_POINT('',(0.455904930814,1.819115037177,6.5001001));
#7076 = CARTESIAN_POINT('',(0.453045596544,1.827121173133,6.5001001));
#7077 = CARTESIAN_POINT('',(0.447378915901,1.833567672214,6.5001001));
#7078 = ORIENTED_EDGE('',*,*,#7079,.T.);
#7079 = EDGE_CURVE('',#7071,#1920,#7080,.T.);
#7080 = B_SPLINE_CURVE_WITH_KNOTS('',1,(#7081,#7082),.UNSPECIFIED.,.F.,
  .F.,(2,2),(-0.,9.999999998422E-05),.PIECEWISE_BEZIER_KNOTS.);
#7081 = CARTESIAN_POINT('',(0.447378915901,1.833567672214,6.5001001));
#7082 = CARTESIAN_POINT('',(0.447378915901,1.833567672214,6.5000001));
#7083 = ORIENTED_EDGE('',*,*,#1928,.F.);
#7084 = B_SPLINE_SURFACE_WITH_KNOTS('',3,1,(
    (#7085,#7086)
    ,(#7087,#7088)
    ,(#7089,#7090)
    ,(#7091,#7092
    )),.UNSPECIFIED.,.F.,.F.,.F.,(4,4),(2,2),(16.,17.),(0.,1.),
  .PIECEWISE_BEZIER_KNOTS.);
#7085 = CARTESIAN_POINT('',(0.455904930814,1.809549264347,6.5001001));
#7086 = CARTESIAN_POINT('',(0.455904930814,1.809549264347,6.5000001));
#7087 = CARTESIAN_POINT('',(0.455904930814,1.819115037177,6.5001001));
#7088 = CARTESIAN_POINT('',(0.455904930814,1.819115037177,6.5000001));
#7089 = CARTESIAN_POINT('',(0.453045596544,1.827121173133,6.5001001));
#7090 = CARTESIAN_POINT('',(0.453045596544,1.827121173133,6.5000001));
#7091 = CARTESIAN_POINT('',(0.447378915901,1.833567672214,6.5001001));
#7092 = CARTESIAN_POINT('',(0.447378915901,1.833567672214,6.5000001));
#7093 = ADVANCED_FACE('',(#7094),#7112,.F.);
#7094 = FACE_BOUND('',#7095,.F.);
#7095 = EDGE_LOOP('',(#7096,#7097,#7106,#7111));
#7096 = ORIENTED_EDGE('',*,*,#7079,.F.);
#7097 = ORIENTED_EDGE('',*,*,#7098,.T.);
#7098 = EDGE_CURVE('',#7071,#7099,#7101,.T.);
#7099 = VERTEX_POINT('',#7100);
#7100 = CARTESIAN_POINT('',(0.414522565745,1.852387290499,6.5001001));
#7101 = B_SPLINE_CURVE_WITH_KNOTS('',3,(#7102,#7103,#7104,#7105),
  .UNSPECIFIED.,.F.,.F.,(4,4),(15.,16.),.PIECEWISE_BEZIER_KNOTS.);
#7102 = CARTESIAN_POINT('',(0.447378915901,1.833567672214,6.5001001));
#7103 = CARTESIAN_POINT('',(0.441660247361,1.840014171295,6.5001001));
#7104 = CARTESIAN_POINT('',(0.43074278924,1.846356694584,6.5001001));
#7105 = CARTESIAN_POINT('',(0.414522565745,1.852387290499,6.5001001));
#7106 = ORIENTED_EDGE('',*,*,#7107,.T.);
#7107 = EDGE_CURVE('',#7099,#1911,#7108,.T.);
#7108 = B_SPLINE_CURVE_WITH_KNOTS('',1,(#7109,#7110),.UNSPECIFIED.,.F.,
  .F.,(2,2),(-0.,9.999999998422E-05),.PIECEWISE_BEZIER_KNOTS.);
#7109 = CARTESIAN_POINT('',(0.414522565745,1.852387290499,6.5001001));
#7110 = CARTESIAN_POINT('',(0.414522565745,1.852387290499,6.5000001));
#7111 = ORIENTED_EDGE('',*,*,#1919,.F.);
#7112 = B_SPLINE_SURFACE_WITH_KNOTS('',3,1,(
    (#7113,#7114)
    ,(#7115,#7116)
    ,(#7117,#7118)
    ,(#7119,#7120
    )),.UNSPECIFIED.,.F.,.F.,.F.,(4,4),(2,2),(15.,16.),(0.,1.),
  .PIECEWISE_BEZIER_KNOTS.);
#7113 = CARTESIAN_POINT('',(0.447378915901,1.833567672214,6.5001001));
#7114 = CARTESIAN_POINT('',(0.447378915901,1.833567672214,6.5000001));
#7115 = CARTESIAN_POINT('',(0.441660247361,1.840014171295,6.5001001));
#7116 = CARTESIAN_POINT('',(0.441660247361,1.840014171295,6.5000001));
#7117 = CARTESIAN_POINT('',(0.43074278924,1.846356694584,6.5001001));
#7118 = CARTESIAN_POINT('',(0.43074278924,1.846356694584,6.5000001));
#7119 = CARTESIAN_POINT('',(0.414522565745,1.852387290499,6.5001001));
#7120 = CARTESIAN_POINT('',(0.414522565745,1.852387290499,6.5000001));
#7121 = ADVANCED_FACE('',(#7122),#7140,.F.);
#7122 = FACE_BOUND('',#7123,.F.);
#7123 = EDGE_LOOP('',(#7124,#7125,#7134,#7139));
#7124 = ORIENTED_EDGE('',*,*,#7107,.F.);
#7125 = ORIENTED_EDGE('',*,*,#7126,.T.);
#7126 = EDGE_CURVE('',#7099,#7127,#7129,.T.);
#7127 = VERTEX_POINT('',#7128);
#7128 = CARTESIAN_POINT('',(0.389776327336,1.864864385496,6.5001001));
#7129 = B_SPLINE_CURVE_WITH_KNOTS('',3,(#7130,#7131,#7132,#7133),
  .UNSPECIFIED.,.F.,.F.,(4,4),(14.,15.),.PIECEWISE_BEZIER_KNOTS.);
#7130 = CARTESIAN_POINT('',(0.414522565745,1.852387290499,6.5001001));
#7131 = CARTESIAN_POINT('',(0.401733543374,1.857378128497,6.5001001));
#7132 = CARTESIAN_POINT('',(0.393519455836,1.861537160163,6.5001001));
#7133 = CARTESIAN_POINT('',(0.389776327336,1.864864385496,6.5001001));
#7134 = ORIENTED_EDGE('',*,*,#7135,.T.);
#7135 = EDGE_CURVE('',#7127,#1902,#7136,.T.);
#7136 = B_SPLINE_CURVE_WITH_KNOTS('',1,(#7137,#7138),.UNSPECIFIED.,.F.,
  .F.,(2,2),(-0.,9.999999998422E-05),.PIECEWISE_BEZIER_KNOTS.);
#7137 = CARTESIAN_POINT('',(0.389776327336,1.864864385496,6.5001001));
#7138 = CARTESIAN_POINT('',(0.389776327336,1.864864385496,6.5000001));
#7139 = ORIENTED_EDGE('',*,*,#1910,.F.);
#7140 = B_SPLINE_SURFACE_WITH_KNOTS('',3,1,(
    (#7141,#7142)
    ,(#7143,#7144)
    ,(#7145,#7146)
    ,(#7147,#7148
    )),.UNSPECIFIED.,.F.,.F.,.F.,(4,4),(2,2),(14.,15.),(0.,1.),
  .PIECEWISE_BEZIER_KNOTS.);
#7141 = CARTESIAN_POINT('',(0.414522565745,1.852387290499,6.5001001));
#7142 = CARTESIAN_POINT('',(0.414522565745,1.852387290499,6.5000001));
#7143 = CARTESIAN_POINT('',(0.401733543374,1.857378128497,6.5001001));
#7144 = CARTESIAN_POINT('',(0.401733543374,1.857378128497,6.5000001));
#7145 = CARTESIAN_POINT('',(0.393519455836,1.861537160163,6.5001001));
#7146 = CARTESIAN_POINT('',(0.393519455836,1.861537160163,6.5000001));
#7147 = CARTESIAN_POINT('',(0.389776327336,1.864864385496,6.5001001));
#7148 = CARTESIAN_POINT('',(0.389776327336,1.864864385496,6.5000001));
#7149 = ADVANCED_FACE('',(#7150),#7168,.F.);
#7150 = FACE_BOUND('',#7151,.F.);
#7151 = EDGE_LOOP('',(#7152,#7153,#7162,#7167));
#7152 = ORIENTED_EDGE('',*,*,#7135,.F.);
#7153 = ORIENTED_EDGE('',*,*,#7154,.T.);
#7154 = EDGE_CURVE('',#7127,#7155,#7157,.T.);
#7155 = VERTEX_POINT('',#7156);
#7156 = CARTESIAN_POINT('',(0.384213622484,1.878381238408,6.5001001));
#7157 = B_SPLINE_CURVE_WITH_KNOTS('',3,(#7158,#7159,#7160,#7161),
  .UNSPECIFIED.,.F.,.F.,(4,4),(13.,14.),.PIECEWISE_BEZIER_KNOTS.);
#7158 = CARTESIAN_POINT('',(0.389776327336,1.864864385496,6.5001001));
#7159 = CARTESIAN_POINT('',(0.386085186734,1.868087635035,6.5001001));
#7160 = CARTESIAN_POINT('',(0.384213622484,1.872558594076,6.5001001));
#7161 = CARTESIAN_POINT('',(0.384213622484,1.878381238408,6.5001001));
#7162 = ORIENTED_EDGE('',*,*,#7163,.T.);
#7163 = EDGE_CURVE('',#7155,#1893,#7164,.T.);
#7164 = B_SPLINE_CURVE_WITH_KNOTS('',1,(#7165,#7166),.UNSPECIFIED.,.F.,
  .F.,(2,2),(-0.,9.999999998422E-05),.PIECEWISE_BEZIER_KNOTS.);
#7165 = CARTESIAN_POINT('',(0.384213622484,1.878381238408,6.5001001));
#7166 = CARTESIAN_POINT('',(0.384213622484,1.878381238408,6.5000001));
#7167 = ORIENTED_EDGE('',*,*,#1901,.F.);
#7168 = B_SPLINE_SURFACE_WITH_KNOTS('',3,1,(
    (#7169,#7170)
    ,(#7171,#7172)
    ,(#7173,#7174)
    ,(#7175,#7176
    )),.UNSPECIFIED.,.F.,.F.,.F.,(4,4),(2,2),(13.,14.),(0.,1.),
  .PIECEWISE_BEZIER_KNOTS.);
#7169 = CARTESIAN_POINT('',(0.389776327336,1.864864385496,6.5001001));
#7170 = CARTESIAN_POINT('',(0.389776327336,1.864864385496,6.5000001));
#7171 = CARTESIAN_POINT('',(0.386085186734,1.868087635035,6.5001001));
#7172 = CARTESIAN_POINT('',(0.386085186734,1.868087635035,6.5000001));
#7173 = CARTESIAN_POINT('',(0.384213622484,1.872558594076,6.5001001));
#7174 = CARTESIAN_POINT('',(0.384213622484,1.872558594076,6.5000001));
#7175 = CARTESIAN_POINT('',(0.384213622484,1.878381238408,6.5001001));
#7176 = CARTESIAN_POINT('',(0.384213622484,1.878381238408,6.5000001));
#7177 = ADVANCED_FACE('',(#7178),#7196,.F.);
#7178 = FACE_BOUND('',#7179,.F.);
#7179 = EDGE_LOOP('',(#7180,#7181,#7190,#7195));
#7180 = ORIENTED_EDGE('',*,*,#7163,.F.);
#7181 = ORIENTED_EDGE('',*,*,#7182,.T.);
#7182 = EDGE_CURVE('',#7155,#7183,#7185,.T.);
#7183 = VERTEX_POINT('',#7184);
#7184 = CARTESIAN_POINT('',(0.391959818961,1.892521946069,6.5001001));
#7185 = B_SPLINE_CURVE_WITH_KNOTS('',3,(#7186,#7187,#7188,#7189),
  .UNSPECIFIED.,.F.,.F.,(4,4),(12.,13.),.PIECEWISE_BEZIER_KNOTS.);
#7186 = CARTESIAN_POINT('',(0.384213622484,1.878381238408,6.5001001));
#7187 = CARTESIAN_POINT('',(0.384213622484,1.884203882738,6.5001001));
#7188 = CARTESIAN_POINT('',(0.386813017276,1.888986769153,6.5001001));
#7189 = CARTESIAN_POINT('',(0.391959818961,1.892521946069,6.5001001));
#7190 = ORIENTED_EDGE('',*,*,#7191,.T.);
#7191 = EDGE_CURVE('',#7183,#1884,#7192,.T.);
#7192 = B_SPLINE_CURVE_WITH_KNOTS('',1,(#7193,#7194),.UNSPECIFIED.,.F.,
  .F.,(2,2),(-0.,9.999999998422E-05),.PIECEWISE_BEZIER_KNOTS.);
#7193 = CARTESIAN_POINT('',(0.391959818961,1.892521946069,6.5001001));
#7194 = CARTESIAN_POINT('',(0.391959818961,1.892521946069,6.5000001));
#7195 = ORIENTED_EDGE('',*,*,#1892,.F.);
#7196 = B_SPLINE_SURFACE_WITH_KNOTS('',3,1,(
    (#7197,#7198)
    ,(#7199,#7200)
    ,(#7201,#7202)
    ,(#7203,#7204
    )),.UNSPECIFIED.,.F.,.F.,.F.,(4,4),(2,2),(12.,13.),(0.,1.),
  .PIECEWISE_BEZIER_KNOTS.);
#7197 = CARTESIAN_POINT('',(0.384213622484,1.878381238408,6.5001001));
#7198 = CARTESIAN_POINT('',(0.384213622484,1.878381238408,6.5000001));
#7199 = CARTESIAN_POINT('',(0.384213622484,1.884203882738,6.5001001));
#7200 = CARTESIAN_POINT('',(0.384213622484,1.884203882738,6.5000001));
#7201 = CARTESIAN_POINT('',(0.386813017276,1.888986769153,6.5001001));
#7202 = CARTESIAN_POINT('',(0.386813017276,1.888986769153,6.5000001));
#7203 = CARTESIAN_POINT('',(0.391959818961,1.892521946069,6.5001001));
#7204 = CARTESIAN_POINT('',(0.391959818961,1.892521946069,6.5000001));
#7205 = ADVANCED_FACE('',(#7206),#7224,.F.);
#7206 = FACE_BOUND('',#7207,.F.);
#7207 = EDGE_LOOP('',(#7208,#7209,#7218,#7223));
#7208 = ORIENTED_EDGE('',*,*,#7191,.F.);
#7209 = ORIENTED_EDGE('',*,*,#7210,.T.);
#7210 = EDGE_CURVE('',#7183,#7211,#7213,.T.);
#7211 = VERTEX_POINT('',#7212);
#7212 = CARTESIAN_POINT('',(0.412027146746,1.897928687234,6.5001001));
#7213 = B_SPLINE_CURVE_WITH_KNOTS('',3,(#7214,#7215,#7216,#7217),
  .UNSPECIFIED.,.F.,.F.,(4,4),(11.,12.),.PIECEWISE_BEZIER_KNOTS.);
#7214 = CARTESIAN_POINT('',(0.391959818961,1.892521946069,6.5001001));
#7215 = CARTESIAN_POINT('',(0.397106620646,1.896161098776,6.5001001));
#7216 = CARTESIAN_POINT('',(0.403813059207,1.897928687234,6.5001001));
#7217 = CARTESIAN_POINT('',(0.412027146746,1.897928687234,6.5001001));
#7218 = ORIENTED_EDGE('',*,*,#7219,.T.);
#7219 = EDGE_CURVE('',#7211,#1875,#7220,.T.);
#7220 = B_SPLINE_CURVE_WITH_KNOTS('',1,(#7221,#7222),.UNSPECIFIED.,.F.,
  .F.,(2,2),(-0.,9.999999998422E-05),.PIECEWISE_BEZIER_KNOTS.);
#7221 = CARTESIAN_POINT('',(0.412027146746,1.897928687234,6.5001001));
#7222 = CARTESIAN_POINT('',(0.412027146746,1.897928687234,6.5000001));
#7223 = ORIENTED_EDGE('',*,*,#1883,.F.);
#7224 = B_SPLINE_SURFACE_WITH_KNOTS('',3,1,(
    (#7225,#7226)
    ,(#7227,#7228)
    ,(#7229,#7230)
    ,(#7231,#7232
    )),.UNSPECIFIED.,.F.,.F.,.F.,(4,4),(2,2),(11.,12.),(0.,1.),
  .PIECEWISE_BEZIER_KNOTS.);
#7225 = CARTESIAN_POINT('',(0.391959818961,1.892521946069,6.5001001));
#7226 = CARTESIAN_POINT('',(0.391959818961,1.892521946069,6.5000001));
#7227 = CARTESIAN_POINT('',(0.397106620646,1.896161098776,6.5001001));
#7228 = CARTESIAN_POINT('',(0.397106620646,1.896161098776,6.5000001));
#7229 = CARTESIAN_POINT('',(0.403813059207,1.897928687234,6.5001001));
#7230 = CARTESIAN_POINT('',(0.403813059207,1.897928687234,6.5000001));
#7231 = CARTESIAN_POINT('',(0.412027146746,1.897928687234,6.5001001));
#7232 = CARTESIAN_POINT('',(0.412027146746,1.897928687234,6.5000001));
#7233 = ADVANCED_FACE('',(#7234),#7252,.F.);
#7234 = FACE_BOUND('',#7235,.F.);
#7235 = EDGE_LOOP('',(#7236,#7237,#7246,#7251));
#7236 = ORIENTED_EDGE('',*,*,#7219,.F.);
#7237 = ORIENTED_EDGE('',*,*,#7238,.T.);
#7238 = EDGE_CURVE('',#7211,#7239,#7241,.T.);
#7239 = VERTEX_POINT('',#7240);
#7240 = CARTESIAN_POINT('',(0.448938552775,1.887427132279,6.5001001));
#7241 = B_SPLINE_CURVE_WITH_KNOTS('',3,(#7242,#7243,#7244,#7245),
  .UNSPECIFIED.,.F.,.F.,(4,4),(10.,11.),.PIECEWISE_BEZIER_KNOTS.);
#7242 = CARTESIAN_POINT('',(0.412027146746,1.897928687234,6.5001001));
#7243 = CARTESIAN_POINT('',(0.425803939137,1.897928687234,6.5001001));
#7244 = CARTESIAN_POINT('',(0.43807308255,1.894393510319,6.5001001));
#7245 = CARTESIAN_POINT('',(0.448938552775,1.887427132279,6.5001001));
#7246 = ORIENTED_EDGE('',*,*,#7247,.T.);
#7247 = EDGE_CURVE('',#7239,#1868,#7248,.T.);
#7248 = B_SPLINE_CURVE_WITH_KNOTS('',1,(#7249,#7250),.UNSPECIFIED.,.F.,
  .F.,(2,2),(-0.,9.999999999089E-05),.PIECEWISE_BEZIER_KNOTS.);
#7249 = CARTESIAN_POINT('',(0.448938552775,1.887427132279,6.5001001));
#7250 = CARTESIAN_POINT('',(0.448938552775,1.887427132279,6.5000001));
#7251 = ORIENTED_EDGE('',*,*,#1874,.F.);
#7252 = B_SPLINE_SURFACE_WITH_KNOTS('',3,1,(
    (#7253,#7254)
    ,(#7255,#7256)
    ,(#7257,#7258)
    ,(#7259,#7260
    )),.UNSPECIFIED.,.F.,.F.,.F.,(4,4),(2,2),(10.,11.),(0.,1.),
  .PIECEWISE_BEZIER_KNOTS.);
#7253 = CARTESIAN_POINT('',(0.412027146746,1.897928687234,6.5001001));
#7254 = CARTESIAN_POINT('',(0.412027146746,1.897928687234,6.5000001));
#7255 = CARTESIAN_POINT('',(0.425803939137,1.897928687234,6.5001001));
#7256 = CARTESIAN_POINT('',(0.425803939137,1.897928687234,6.5000001));
#7257 = CARTESIAN_POINT('',(0.43807308255,1.894393510319,6.5001001));
#7258 = CARTESIAN_POINT('',(0.43807308255,1.894393510319,6.5000001));
#7259 = CARTESIAN_POINT('',(0.448938552775,1.887427132279,6.5001001));
#7260 = CARTESIAN_POINT('',(0.448938552775,1.887427132279,6.5000001));
#7261 = ADVANCED_FACE('',(#7262),#7278,.F.);
#7262 = FACE_BOUND('',#7263,.T.);
#7263 = EDGE_LOOP('',(#7264,#7265,#7272,#7277));
#7264 = ORIENTED_EDGE('',*,*,#1867,.T.);
#7265 = ORIENTED_EDGE('',*,*,#7266,.F.);
#7266 = EDGE_CURVE('',#7267,#1859,#7269,.T.);
#7267 = VERTEX_POINT('',#7268);
#7268 = CARTESIAN_POINT('',(0.448938552775,1.912173370687,6.5001001));
#7269 = B_SPLINE_CURVE_WITH_KNOTS('',1,(#7270,#7271),.UNSPECIFIED.,.F.,
  .F.,(2,2),(-0.,9.999999998422E-05),.PIECEWISE_BEZIER_KNOTS.);
#7270 = CARTESIAN_POINT('',(0.448938552775,1.912173370687,6.5001001));
#7271 = CARTESIAN_POINT('',(0.448938552775,1.912173370687,6.5000001));
#7272 = ORIENTED_EDGE('',*,*,#7273,.F.);
#7273 = EDGE_CURVE('',#7239,#7267,#7274,.T.);
#7274 = B_SPLINE_CURVE_WITH_KNOTS('',1,(#7275,#7276),.UNSPECIFIED.,.F.,
  .F.,(2,2),(-2.474623840786E-02,0.),.PIECEWISE_BEZIER_KNOTS.);
#7275 = CARTESIAN_POINT('',(0.448938552775,1.887427132279,6.5001001));
#7276 = CARTESIAN_POINT('',(0.448938552775,1.912173370687,6.5001001));
#7277 = ORIENTED_EDGE('',*,*,#7247,.T.);
#7278 = B_SPLINE_SURFACE_WITH_KNOTS('',1,1,(
    (#7279,#7280)
    ,(#7281,#7282
    )),.UNSPECIFIED.,.F.,.F.,.F.,(2,2),(2,2),(-9.999999999977E-05,0.),(
    -2.474623840786E-02,0.),.PIECEWISE_BEZIER_KNOTS.);
#7279 = CARTESIAN_POINT('',(0.448938552775,1.887427132279,6.5000001));
#7280 = CARTESIAN_POINT('',(0.448938552775,1.912173370687,6.5000001));
#7281 = CARTESIAN_POINT('',(0.448938552775,1.887427132279,6.5001001));
#7282 = CARTESIAN_POINT('',(0.448938552775,1.912173370687,6.5001001));
#7283 = ADVANCED_FACE('',(#7284),#7302,.F.);
#7284 = FACE_BOUND('',#7285,.F.);
#7285 = EDGE_LOOP('',(#7286,#7287,#7296,#7301));
#7286 = ORIENTED_EDGE('',*,*,#7266,.F.);
#7287 = ORIENTED_EDGE('',*,*,#7288,.T.);
#7288 = EDGE_CURVE('',#7267,#7289,#7291,.T.);
#7289 = VERTEX_POINT('',#7290);
#7290 = CARTESIAN_POINT('',(0.414522565745,1.918619869769,6.5001001));
#7291 = B_SPLINE_CURVE_WITH_KNOTS('',3,(#7292,#7293,#7294,#7295),
  .UNSPECIFIED.,.F.,.F.,(4,4),(8.,9.),.PIECEWISE_BEZIER_KNOTS.);
#7292 = CARTESIAN_POINT('',(0.448938552775,1.912173370687,6.5001001));
#7293 = CARTESIAN_POINT('',(0.438333022029,1.916540353936,6.5001001));
#7294 = CARTESIAN_POINT('',(0.426895684949,1.918619869769,6.5001001));
#7295 = CARTESIAN_POINT('',(0.414522565745,1.918619869769,6.5001001));
#7296 = ORIENTED_EDGE('',*,*,#7297,.T.);
#7297 = EDGE_CURVE('',#7289,#1850,#7298,.T.);
#7298 = B_SPLINE_CURVE_WITH_KNOTS('',1,(#7299,#7300),.UNSPECIFIED.,.F.,
  .F.,(2,2),(-0.,9.999999998422E-05),.PIECEWISE_BEZIER_KNOTS.);
#7299 = CARTESIAN_POINT('',(0.414522565745,1.918619869769,6.5001001));
#7300 = CARTESIAN_POINT('',(0.414522565745,1.918619869769,6.5000001));
#7301 = ORIENTED_EDGE('',*,*,#1858,.F.);
#7302 = B_SPLINE_SURFACE_WITH_KNOTS('',3,1,(
    (#7303,#7304)
    ,(#7305,#7306)
    ,(#7307,#7308)
    ,(#7309,#7310
    )),.UNSPECIFIED.,.F.,.F.,.F.,(4,4),(2,2),(8.,9.),(0.,1.),
  .PIECEWISE_BEZIER_KNOTS.);
#7303 = CARTESIAN_POINT('',(0.448938552775,1.912173370687,6.5001001));
#7304 = CARTESIAN_POINT('',(0.448938552775,1.912173370687,6.5000001));
#7305 = CARTESIAN_POINT('',(0.438333022029,1.916540353936,6.5001001));
#7306 = CARTESIAN_POINT('',(0.438333022029,1.916540353936,6.5000001));
#7307 = CARTESIAN_POINT('',(0.426895684949,1.918619869769,6.5001001));
#7308 = CARTESIAN_POINT('',(0.426895684949,1.918619869769,6.5000001));
#7309 = CARTESIAN_POINT('',(0.414522565745,1.918619869769,6.5001001));
#7310 = CARTESIAN_POINT('',(0.414522565745,1.918619869769,6.5000001));
#7311 = ADVANCED_FACE('',(#7312),#7330,.F.);
#7312 = FACE_BOUND('',#7313,.F.);
#7313 = EDGE_LOOP('',(#7314,#7315,#7324,#7329));
#7314 = ORIENTED_EDGE('',*,*,#7297,.F.);
#7315 = ORIENTED_EDGE('',*,*,#7316,.T.);
#7316 = EDGE_CURVE('',#7289,#7317,#7319,.T.);
#7317 = VERTEX_POINT('',#7318);
#7318 = CARTESIAN_POINT('',(0.374283934384,1.907078556897,6.5001001));
#7319 = B_SPLINE_CURVE_WITH_KNOTS('',3,(#7320,#7321,#7322,#7323),
  .UNSPECIFIED.,.F.,.F.,(4,4),(7.,8.),.PIECEWISE_BEZIER_KNOTS.);
#7320 = CARTESIAN_POINT('',(0.414522565745,1.918619869769,6.5001001));
#7321 = CARTESIAN_POINT('',(0.398614269625,1.918619869769,6.5001001));
#7322 = CARTESIAN_POINT('',(0.385201392505,1.914772765479,6.5001001));
#7323 = CARTESIAN_POINT('',(0.374283934384,1.907078556897,6.5001001));
#7324 = ORIENTED_EDGE('',*,*,#7325,.T.);
#7325 = EDGE_CURVE('',#7317,#1841,#7326,.T.);
#7326 = B_SPLINE_CURVE_WITH_KNOTS('',1,(#7327,#7328),.UNSPECIFIED.,.F.,
  .F.,(2,2),(-0.,9.999999998422E-05),.PIECEWISE_BEZIER_KNOTS.);
#7327 = CARTESIAN_POINT('',(0.374283934384,1.907078556897,6.5001001));
#7328 = CARTESIAN_POINT('',(0.374283934384,1.907078556897,6.5000001));
#7329 = ORIENTED_EDGE('',*,*,#1849,.F.);
#7330 = B_SPLINE_SURFACE_WITH_KNOTS('',3,1,(
    (#7331,#7332)
    ,(#7333,#7334)
    ,(#7335,#7336)
    ,(#7337,#7338
    )),.UNSPECIFIED.,.F.,.F.,.F.,(4,4),(2,2),(7.,8.),(0.,1.),
  .PIECEWISE_BEZIER_KNOTS.);
#7331 = CARTESIAN_POINT('',(0.414522565745,1.918619869769,6.5001001));
#7332 = CARTESIAN_POINT('',(0.414522565745,1.918619869769,6.5000001));
#7333 = CARTESIAN_POINT('',(0.398614269625,1.918619869769,6.5001001));
#7334 = CARTESIAN_POINT('',(0.398614269625,1.918619869769,6.5000001));
#7335 = CARTESIAN_POINT('',(0.385201392505,1.914772765479,6.5001001));
#7336 = CARTESIAN_POINT('',(0.385201392505,1.914772765479,6.5000001));
#7337 = CARTESIAN_POINT('',(0.374283934384,1.907078556897,6.5001001));
#7338 = CARTESIAN_POINT('',(0.374283934384,1.907078556897,6.5000001));
#7339 = ADVANCED_FACE('',(#7340),#7358,.F.);
#7340 = FACE_BOUND('',#7341,.F.);
#7341 = EDGE_LOOP('',(#7342,#7343,#7352,#7357));
#7342 = ORIENTED_EDGE('',*,*,#7325,.F.);
#7343 = ORIENTED_EDGE('',*,*,#7344,.T.);
#7344 = EDGE_CURVE('',#7317,#7345,#7347,.T.);
#7345 = VERTEX_POINT('',#7346);
#7346 = CARTESIAN_POINT('',(0.357959735097,1.876093770991,6.5001001));
#7347 = B_SPLINE_CURVE_WITH_KNOTS('',3,(#7348,#7349,#7350,#7351),
  .UNSPECIFIED.,.F.,.F.,(4,4),(6.,7.),.PIECEWISE_BEZIER_KNOTS.);
#7348 = CARTESIAN_POINT('',(0.374283934384,1.907078556897,6.5001001));
#7349 = CARTESIAN_POINT('',(0.363418464158,1.899280372525,6.5001001));
#7350 = CARTESIAN_POINT('',(0.357959735097,1.888986769153,6.5001001));
#7351 = CARTESIAN_POINT('',(0.357959735097,1.876093770991,6.5001001));
#7352 = ORIENTED_EDGE('',*,*,#7353,.T.);
#7353 = EDGE_CURVE('',#7345,#1832,#7354,.T.);
#7354 = B_SPLINE_CURVE_WITH_KNOTS('',1,(#7355,#7356),.UNSPECIFIED.,.F.,
  .F.,(2,2),(-0.,9.999999998422E-05),.PIECEWISE_BEZIER_KNOTS.);
#7355 = CARTESIAN_POINT('',(0.357959735097,1.876093770991,6.5001001));
#7356 = CARTESIAN_POINT('',(0.357959735097,1.876093770991,6.5000001));
#7357 = ORIENTED_EDGE('',*,*,#1840,.F.);
#7358 = B_SPLINE_SURFACE_WITH_KNOTS('',3,1,(
    (#7359,#7360)
    ,(#7361,#7362)
    ,(#7363,#7364)
    ,(#7365,#7366
    )),.UNSPECIFIED.,.F.,.F.,.F.,(4,4),(2,2),(6.,7.),(0.,1.),
  .PIECEWISE_BEZIER_KNOTS.);
#7359 = CARTESIAN_POINT('',(0.374283934384,1.907078556897,6.5001001));
#7360 = CARTESIAN_POINT('',(0.374283934384,1.907078556897,6.5000001));
#7361 = CARTESIAN_POINT('',(0.363418464158,1.899280372525,6.5001001));
#7362 = CARTESIAN_POINT('',(0.363418464158,1.899280372525,6.5000001));
#7363 = CARTESIAN_POINT('',(0.357959735097,1.888986769153,6.5001001));
#7364 = CARTESIAN_POINT('',(0.357959735097,1.888986769153,6.5000001));
#7365 = CARTESIAN_POINT('',(0.357959735097,1.876093770991,6.5001001));
#7366 = CARTESIAN_POINT('',(0.357959735097,1.876093770991,6.5000001));
#7367 = ADVANCED_FACE('',(#7368),#7386,.F.);
#7368 = FACE_BOUND('',#7369,.F.);
#7369 = EDGE_LOOP('',(#7370,#7371,#7380,#7385));
#7370 = ORIENTED_EDGE('',*,*,#7353,.F.);
#7371 = ORIENTED_EDGE('',*,*,#7372,.T.);
#7372 = EDGE_CURVE('',#7345,#7373,#7375,.T.);
#7373 = VERTEX_POINT('',#7374);
#7374 = CARTESIAN_POINT('',(0.365186052616,1.853115121041,6.5001001));
#7375 = B_SPLINE_CURVE_WITH_KNOTS('',3,(#7376,#7377,#7378,#7379),
  .UNSPECIFIED.,.F.,.F.,(4,4),(5.,6.),.PIECEWISE_BEZIER_KNOTS.);
#7376 = CARTESIAN_POINT('',(0.357959735097,1.876093770991,6.5001001));
#7377 = CARTESIAN_POINT('',(0.357959735097,1.86715185291,6.5001001));
#7378 = CARTESIAN_POINT('',(0.360351178305,1.85945764433,6.5001001));
#7379 = CARTESIAN_POINT('',(0.365186052616,1.853115121041,6.5001001));
#7380 = ORIENTED_EDGE('',*,*,#7381,.T.);
#7381 = EDGE_CURVE('',#7373,#1823,#7382,.T.);
#7382 = B_SPLINE_CURVE_WITH_KNOTS('',1,(#7383,#7384),.UNSPECIFIED.,.F.,
  .F.,(2,2),(-0.,9.999999998422E-05),.PIECEWISE_BEZIER_KNOTS.);
#7383 = CARTESIAN_POINT('',(0.365186052616,1.853115121041,6.5001001));
#7384 = CARTESIAN_POINT('',(0.365186052616,1.853115121041,6.5000001));
#7385 = ORIENTED_EDGE('',*,*,#1831,.F.);
#7386 = B_SPLINE_SURFACE_WITH_KNOTS('',3,1,(
    (#7387,#7388)
    ,(#7389,#7390)
    ,(#7391,#7392)
    ,(#7393,#7394
    )),.UNSPECIFIED.,.F.,.F.,.F.,(4,4),(2,2),(5.,6.),(0.,1.),
  .PIECEWISE_BEZIER_KNOTS.);
#7387 = CARTESIAN_POINT('',(0.357959735097,1.876093770991,6.5001001));
#7388 = CARTESIAN_POINT('',(0.357959735097,1.876093770991,6.5000001));
#7389 = CARTESIAN_POINT('',(0.357959735097,1.86715185291,6.5001001));
#7390 = CARTESIAN_POINT('',(0.357959735097,1.86715185291,6.5000001));
#7391 = CARTESIAN_POINT('',(0.360351178305,1.85945764433,6.5001001));
#7392 = CARTESIAN_POINT('',(0.360351178305,1.85945764433,6.5000001));
#7393 = CARTESIAN_POINT('',(0.365186052616,1.853115121041,6.5001001));
#7394 = CARTESIAN_POINT('',(0.365186052616,1.853115121041,6.5000001));
#7395 = ADVANCED_FACE('',(#7396),#7414,.F.);
#7396 = FACE_BOUND('',#7397,.F.);
#7397 = EDGE_LOOP('',(#7398,#7399,#7408,#7413));
#7398 = ORIENTED_EDGE('',*,*,#7381,.F.);
#7399 = ORIENTED_EDGE('',*,*,#7400,.T.);
#7400 = EDGE_CURVE('',#7373,#7401,#7403,.T.);
#7401 = VERTEX_POINT('',#7402);
#7402 = CARTESIAN_POINT('',(0.396534753793,1.833879599589,6.5001001));
#7403 = B_SPLINE_CURVE_WITH_KNOTS('',3,(#7404,#7405,#7406,#7407),
  .UNSPECIFIED.,.F.,.F.,(4,4),(4.,5.),.PIECEWISE_BEZIER_KNOTS.);
#7404 = CARTESIAN_POINT('',(0.365186052616,1.853115121041,6.5001001));
#7405 = CARTESIAN_POINT('',(0.369968939031,1.846772597751,6.5001001));
#7406 = CARTESIAN_POINT('',(0.380470493986,1.840326098669,6.5001001));
#7407 = CARTESIAN_POINT('',(0.396534753793,1.833879599589,6.5001001));
#7408 = ORIENTED_EDGE('',*,*,#7409,.T.);
#7409 = EDGE_CURVE('',#7401,#1814,#7410,.T.);
#7410 = B_SPLINE_CURVE_WITH_KNOTS('',1,(#7411,#7412),.UNSPECIFIED.,.F.,
  .F.,(2,2),(-0.,9.999999998422E-05),.PIECEWISE_BEZIER_KNOTS.);
#7411 = CARTESIAN_POINT('',(0.396534753793,1.833879599589,6.5001001));
#7412 = CARTESIAN_POINT('',(0.396534753793,1.833879599589,6.5000001));
#7413 = ORIENTED_EDGE('',*,*,#1822,.F.);
#7414 = B_SPLINE_SURFACE_WITH_KNOTS('',3,1,(
    (#7415,#7416)
    ,(#7417,#7418)
    ,(#7419,#7420)
    ,(#7421,#7422
    )),.UNSPECIFIED.,.F.,.F.,.F.,(4,4),(2,2),(4.,5.),(0.,1.),
  .PIECEWISE_BEZIER_KNOTS.);
#7415 = CARTESIAN_POINT('',(0.365186052616,1.853115121041,6.5001001));
#7416 = CARTESIAN_POINT('',(0.365186052616,1.853115121041,6.5000001));
#7417 = CARTESIAN_POINT('',(0.369968939031,1.846772597751,6.5001001));
#7418 = CARTESIAN_POINT('',(0.369968939031,1.846772597751,6.5000001));
#7419 = CARTESIAN_POINT('',(0.380470493986,1.840326098669,6.5001001));
#7420 = CARTESIAN_POINT('',(0.380470493986,1.840326098669,6.5000001));
#7421 = CARTESIAN_POINT('',(0.396534753793,1.833879599589,6.5001001));
#7422 = CARTESIAN_POINT('',(0.396534753793,1.833879599589,6.5000001));
#7423 = ADVANCED_FACE('',(#7424),#7442,.F.);
#7424 = FACE_BOUND('',#7425,.F.);
#7425 = EDGE_LOOP('',(#7426,#7427,#7436,#7441));
#7426 = ORIENTED_EDGE('',*,*,#7409,.F.);
#7427 = ORIENTED_EDGE('',*,*,#7428,.T.);
#7428 = EDGE_CURVE('',#7401,#7429,#7431,.T.);
#7429 = VERTEX_POINT('',#7430);
#7430 = CARTESIAN_POINT('',(0.423204544346,1.820882625634,6.5001001));
#7431 = B_SPLINE_CURVE_WITH_KNOTS('',3,(#7432,#7433,#7434,#7435),
  .UNSPECIFIED.,.F.,.F.,(4,4),(3.,4.),.PIECEWISE_BEZIER_KNOTS.);
#7432 = CARTESIAN_POINT('',(0.396534753793,1.833879599589,6.5001001));
#7433 = CARTESIAN_POINT('',(0.409947630914,1.82888876159,6.5001001));
#7434 = CARTESIAN_POINT('',(0.418837561098,1.824521778341,6.5001001));
#7435 = CARTESIAN_POINT('',(0.423204544346,1.820882625634,6.5001001));
#7436 = ORIENTED_EDGE('',*,*,#7437,.T.);
#7437 = EDGE_CURVE('',#7429,#1805,#7438,.T.);
#7438 = B_SPLINE_CURVE_WITH_KNOTS('',1,(#7439,#7440),.UNSPECIFIED.,.F.,
  .F.,(2,2),(-0.,9.999999998422E-05),.PIECEWISE_BEZIER_KNOTS.);
#7439 = CARTESIAN_POINT('',(0.423204544346,1.820882625634,6.5001001));
#7440 = CARTESIAN_POINT('',(0.423204544346,1.820882625634,6.5000001));
#7441 = ORIENTED_EDGE('',*,*,#1813,.F.);
#7442 = B_SPLINE_SURFACE_WITH_KNOTS('',3,1,(
    (#7443,#7444)
    ,(#7445,#7446)
    ,(#7447,#7448)
    ,(#7449,#7450
    )),.UNSPECIFIED.,.F.,.F.,.F.,(4,4),(2,2),(3.,4.),(0.,1.),
  .PIECEWISE_BEZIER_KNOTS.);
#7443 = CARTESIAN_POINT('',(0.396534753793,1.833879599589,6.5001001));
#7444 = CARTESIAN_POINT('',(0.396534753793,1.833879599589,6.5000001));
#7445 = CARTESIAN_POINT('',(0.409947630914,1.82888876159,6.5001001));
#7446 = CARTESIAN_POINT('',(0.409947630914,1.82888876159,6.5000001));
#7447 = CARTESIAN_POINT('',(0.418837561098,1.824521778341,6.5001001));
#7448 = CARTESIAN_POINT('',(0.418837561098,1.824521778341,6.5000001));
#7449 = CARTESIAN_POINT('',(0.423204544346,1.820882625634,6.5001001));
#7450 = CARTESIAN_POINT('',(0.423204544346,1.820882625634,6.5000001));
#7451 = ADVANCED_FACE('',(#7452),#7470,.F.);
#7452 = FACE_BOUND('',#7453,.F.);
#7453 = EDGE_LOOP('',(#7454,#7455,#7464,#7469));
#7454 = ORIENTED_EDGE('',*,*,#7437,.F.);
#7455 = ORIENTED_EDGE('',*,*,#7456,.T.);
#7456 = EDGE_CURVE('',#7429,#7457,#7459,.T.);
#7457 = VERTEX_POINT('',#7458);
#7458 = CARTESIAN_POINT('',(0.429755019219,1.807053845348,6.5001001));
#7459 = B_SPLINE_CURVE_WITH_KNOTS('',3,(#7460,#7461,#7462,#7463),
  .UNSPECIFIED.,.F.,.F.,(4,4),(2.,3.),.PIECEWISE_BEZIER_KNOTS.);
#7460 = CARTESIAN_POINT('',(0.423204544346,1.820882625634,6.5001001));
#7461 = CARTESIAN_POINT('',(0.427571527595,1.817243472927,6.5001001));
#7462 = CARTESIAN_POINT('',(0.429755019219,1.812668538096,6.5001001));
#7463 = CARTESIAN_POINT('',(0.429755019219,1.807053845348,6.5001001));
#7464 = ORIENTED_EDGE('',*,*,#7465,.T.);
#7465 = EDGE_CURVE('',#7457,#1796,#7466,.T.);
#7466 = B_SPLINE_CURVE_WITH_KNOTS('',1,(#7467,#7468),.UNSPECIFIED.,.F.,
  .F.,(2,2),(-0.,9.999999998422E-05),.PIECEWISE_BEZIER_KNOTS.);
#7467 = CARTESIAN_POINT('',(0.429755019219,1.807053845348,6.5001001));
#7468 = CARTESIAN_POINT('',(0.429755019219,1.807053845348,6.5000001));
#7469 = ORIENTED_EDGE('',*,*,#1804,.F.);
#7470 = B_SPLINE_SURFACE_WITH_KNOTS('',3,1,(
    (#7471,#7472)
    ,(#7473,#7474)
    ,(#7475,#7476)
    ,(#7477,#7478
    )),.UNSPECIFIED.,.F.,.F.,.F.,(4,4),(2,2),(2.,3.),(0.,1.),
  .PIECEWISE_BEZIER_KNOTS.);
#7471 = CARTESIAN_POINT('',(0.423204544346,1.820882625634,6.5001001));
#7472 = CARTESIAN_POINT('',(0.423204544346,1.820882625634,6.5000001));
#7473 = CARTESIAN_POINT('',(0.427571527595,1.817243472927,6.5001001));
#7474 = CARTESIAN_POINT('',(0.427571527595,1.817243472927,6.5000001));
#7475 = CARTESIAN_POINT('',(0.429755019219,1.812668538096,6.5001001));
#7476 = CARTESIAN_POINT('',(0.429755019219,1.812668538096,6.5000001));
#7477 = CARTESIAN_POINT('',(0.429755019219,1.807053845348,6.5001001));
#7478 = CARTESIAN_POINT('',(0.429755019219,1.807053845348,6.5000001));
#7479 = ADVANCED_FACE('',(#7480),#7492,.F.);
#7480 = FACE_BOUND('',#7481,.F.);
#7481 = EDGE_LOOP('',(#7482,#7483,#7490,#7491));
#7482 = ORIENTED_EDGE('',*,*,#7465,.F.);
#7483 = ORIENTED_EDGE('',*,*,#7484,.T.);
#7484 = EDGE_CURVE('',#7457,#6930,#7485,.T.);
#7485 = B_SPLINE_CURVE_WITH_KNOTS('',3,(#7486,#7487,#7488,#7489),
  .UNSPECIFIED.,.F.,.F.,(4,4),(1.,2.),.PIECEWISE_BEZIER_KNOTS.);
#7486 = CARTESIAN_POINT('',(0.429755019219,1.807053845348,6.5001001));
#7487 = CARTESIAN_POINT('',(0.429755019219,1.793952895602,6.5001001));
#7488 = CARTESIAN_POINT('',(0.419721355327,1.78740242073,6.5001001));
#7489 = CARTESIAN_POINT('',(0.399706015438,1.78740242073,6.5001001));
#7490 = ORIENTED_EDGE('',*,*,#6929,.T.);
#7491 = ORIENTED_EDGE('',*,*,#1795,.F.);
#7492 = B_SPLINE_SURFACE_WITH_KNOTS('',3,1,(
    (#7493,#7494)
    ,(#7495,#7496)
    ,(#7497,#7498)
    ,(#7499,#7500
    )),.UNSPECIFIED.,.F.,.F.,.F.,(4,4),(2,2),(1.,2.),(0.,1.),
  .PIECEWISE_BEZIER_KNOTS.);
#7493 = CARTESIAN_POINT('',(0.429755019219,1.807053845348,6.5001001));
#7494 = CARTESIAN_POINT('',(0.429755019219,1.807053845348,6.5000001));
#7495 = CARTESIAN_POINT('',(0.429755019219,1.793952895602,6.5001001));
#7496 = CARTESIAN_POINT('',(0.429755019219,1.793952895602,6.5000001));
#7497 = CARTESIAN_POINT('',(0.419721355327,1.78740242073,6.5001001));
#7498 = CARTESIAN_POINT('',(0.419721355327,1.78740242073,6.5000001));
#7499 = CARTESIAN_POINT('',(0.399706015438,1.78740242073,6.5001001));
#7500 = CARTESIAN_POINT('',(0.399706015438,1.78740242073,6.5000001));
#7501 = ADVANCED_FACE('',(#7502),#7525,.F.);
#7502 = FACE_BOUND('',#7503,.T.);
#7503 = EDGE_LOOP('',(#7504,#7505,#7506,#7507,#7508,#7509,#7510,#7511,
    #7512,#7513,#7514,#7515,#7516,#7517,#7518,#7519,#7520,#7521,#7522,
    #7523,#7524));
#7504 = ORIENTED_EDGE('',*,*,#6936,.T.);
#7505 = ORIENTED_EDGE('',*,*,#6971,.T.);
#7506 = ORIENTED_EDGE('',*,*,#6986,.T.);
#7507 = ORIENTED_EDGE('',*,*,#7014,.T.);
#7508 = ORIENTED_EDGE('',*,*,#7042,.T.);
#7509 = ORIENTED_EDGE('',*,*,#7070,.T.);
#7510 = ORIENTED_EDGE('',*,*,#7098,.T.);
#7511 = ORIENTED_EDGE('',*,*,#7126,.T.);
#7512 = ORIENTED_EDGE('',*,*,#7154,.T.);
#7513 = ORIENTED_EDGE('',*,*,#7182,.T.);
#7514 = ORIENTED_EDGE('',*,*,#7210,.T.);
#7515 = ORIENTED_EDGE('',*,*,#7238,.T.);
#7516 = ORIENTED_EDGE('',*,*,#7273,.T.);
#7517 = ORIENTED_EDGE('',*,*,#7288,.T.);
#7518 = ORIENTED_EDGE('',*,*,#7316,.T.);
#7519 = ORIENTED_EDGE('',*,*,#7344,.T.);
#7520 = ORIENTED_EDGE('',*,*,#7372,.T.);
#7521 = ORIENTED_EDGE('',*,*,#7400,.T.);
#7522 = ORIENTED_EDGE('',*,*,#7428,.T.);
#7523 = ORIENTED_EDGE('',*,*,#7456,.T.);
#7524 = ORIENTED_EDGE('',*,*,#7484,.T.);
#7525 = B_SPLINE_SURFACE_WITH_KNOTS('',1,1,(
    (#7526,#7527)
    ,(#7528,#7529
    )),.UNSPECIFIED.,.F.,.F.,.F.,(2,2),(2,2),(-7.789086490605E-02,
    2.021029449825E-02),(-2.430434129377E-02,0.127708266072),
  .PIECEWISE_BEZIER_KNOTS.);
#7526 = CARTESIAN_POINT('',(0.455904930814,1.766607262403,6.5001001));
#7527 = CARTESIAN_POINT('',(0.455904930814,1.918619869769,6.5001001));
#7528 = CARTESIAN_POINT('',(0.35780377141,1.766607262403,6.5001001));
#7529 = CARTESIAN_POINT('',(0.35780377141,1.918619869769,6.5001001));
#7530 = ADVANCED_FACE('',(#7531),#7553,.F.);
#7531 = FACE_BOUND('',#7532,.T.);
#7532 = EDGE_LOOP('',(#7533,#7534,#7541,#7548));
#7533 = ORIENTED_EDGE('',*,*,#1064,.T.);
#7534 = ORIENTED_EDGE('',*,*,#7535,.F.);
#7535 = EDGE_CURVE('',#7536,#1067,#7538,.T.);
#7536 = VERTEX_POINT('',#7537);
#7537 = CARTESIAN_POINT('',(0.582183529752,1.915292644436,6.5001001));
#7538 = B_SPLINE_CURVE_WITH_KNOTS('',1,(#7539,#7540),.UNSPECIFIED.,.F.,
  .F.,(2,2),(-0.,9.999999999177E-05),.PIECEWISE_BEZIER_KNOTS.);
#7539 = CARTESIAN_POINT('',(0.582183529752,1.915292644436,6.5001001));
#7540 = CARTESIAN_POINT('',(0.582183529752,1.915292644436,6.5000001));
#7541 = ORIENTED_EDGE('',*,*,#7542,.F.);
#7542 = EDGE_CURVE('',#7543,#7536,#7545,.T.);
#7543 = VERTEX_POINT('',#7544);
#7544 = CARTESIAN_POINT('',(0.608593380826,1.915292644436,6.5001001));
#7545 = B_SPLINE_CURVE_WITH_KNOTS('',1,(#7546,#7547),.UNSPECIFIED.,.F.,
  .F.,(2,2),(-2.640985107347E-02,-0.),.PIECEWISE_BEZIER_KNOTS.);
#7546 = CARTESIAN_POINT('',(0.608593380826,1.915292644436,6.5001001));
#7547 = CARTESIAN_POINT('',(0.582183529752,1.915292644436,6.5001001));
#7548 = ORIENTED_EDGE('',*,*,#7549,.T.);
#7549 = EDGE_CURVE('',#7543,#1065,#7550,.T.);
#7550 = B_SPLINE_CURVE_WITH_KNOTS('',1,(#7551,#7552),.UNSPECIFIED.,.F.,
  .F.,(2,2),(-0.,9.999999999977E-05),.PIECEWISE_BEZIER_KNOTS.);
#7551 = CARTESIAN_POINT('',(0.608593380826,1.915292644436,6.5001001));
#7552 = CARTESIAN_POINT('',(0.608593380826,1.915292644436,6.5000001));
#7553 = B_SPLINE_SURFACE_WITH_KNOTS('',1,1,(
    (#7554,#7555)
    ,(#7556,#7557
    )),.UNSPECIFIED.,.F.,.F.,.F.,(2,2),(2,2),(0.,9.999999999977E-05),(
    -5.551115123126E-16,2.640985107347E-02),.PIECEWISE_BEZIER_KNOTS.);
#7554 = CARTESIAN_POINT('',(0.582183529752,1.915292644436,6.5001001));
#7555 = CARTESIAN_POINT('',(0.608593380826,1.915292644436,6.5001001));
#7556 = CARTESIAN_POINT('',(0.582183529752,1.915292644436,6.5000001));
#7557 = CARTESIAN_POINT('',(0.608593380826,1.915292644436,6.5000001));
#7558 = ADVANCED_FACE('',(#7559),#7575,.F.);
#7559 = FACE_BOUND('',#7560,.T.);
#7560 = EDGE_LOOP('',(#7561,#7562,#7569,#7574));
#7561 = ORIENTED_EDGE('',*,*,#1174,.T.);
#7562 = ORIENTED_EDGE('',*,*,#7563,.F.);
#7563 = EDGE_CURVE('',#7564,#1166,#7566,.T.);
#7564 = VERTEX_POINT('',#7565);
#7565 = CARTESIAN_POINT('',(0.542516765244,1.80591011164,6.5001001));
#7566 = B_SPLINE_CURVE_WITH_KNOTS('',1,(#7567,#7568),.UNSPECIFIED.,.F.,
  .F.,(2,2),(-0.,9.999999998422E-05),.PIECEWISE_BEZIER_KNOTS.);
#7567 = CARTESIAN_POINT('',(0.542516765244,1.80591011164,6.5001001));
#7568 = CARTESIAN_POINT('',(0.542516765244,1.80591011164,6.5000001));
#7569 = ORIENTED_EDGE('',*,*,#7570,.F.);
#7570 = EDGE_CURVE('',#7536,#7564,#7571,.T.);
#7571 = B_SPLINE_CURVE_WITH_KNOTS('',1,(#7572,#7573),.UNSPECIFIED.,.F.,
  .F.,(2,2),(-0.116352871419,3.784947868665E-17),
  .PIECEWISE_BEZIER_KNOTS.);
#7572 = CARTESIAN_POINT('',(0.582183529752,1.915292644436,6.5001001));
#7573 = CARTESIAN_POINT('',(0.542516765244,1.80591011164,6.5001001));
#7574 = ORIENTED_EDGE('',*,*,#7535,.T.);
#7575 = B_SPLINE_SURFACE_WITH_KNOTS('',1,1,(
    (#7576,#7577)
    ,(#7578,#7579
    )),.UNSPECIFIED.,.F.,.F.,.F.,(2,2),(2,2),(-3.784947868665E-17,
    0.116352871419),(-9.999999999977E-05,0.),.PIECEWISE_BEZIER_KNOTS.);
#7576 = CARTESIAN_POINT('',(0.542516765244,1.80591011164,6.5000001));
#7577 = CARTESIAN_POINT('',(0.542516765244,1.80591011164,6.5001001));
#7578 = CARTESIAN_POINT('',(0.582183529752,1.915292644436,6.5000001));
#7579 = CARTESIAN_POINT('',(0.582183529752,1.915292644436,6.5001001));
#7580 = ADVANCED_FACE('',(#7581),#7599,.F.);
#7581 = FACE_BOUND('',#7582,.F.);
#7582 = EDGE_LOOP('',(#7583,#7584,#7593,#7598));
#7583 = ORIENTED_EDGE('',*,*,#7563,.F.);
#7584 = ORIENTED_EDGE('',*,*,#7585,.T.);
#7585 = EDGE_CURVE('',#7564,#7586,#7588,.T.);
#7586 = VERTEX_POINT('',#7587);
#7587 = CARTESIAN_POINT('',(0.539397491494,1.794160847185,6.5001001));
#7588 = B_SPLINE_CURVE_WITH_KNOTS('',3,(#7589,#7590,#7591,#7592),
  .UNSPECIFIED.,.F.,.F.,(4,4),(12.,13.),.PIECEWISE_BEZIER_KNOTS.);
#7589 = CARTESIAN_POINT('',(0.542516765244,1.80591011164,6.5001001));
#7590 = CARTESIAN_POINT('',(0.54095712837,1.80081529785,6.5001001));
#7591 = CARTESIAN_POINT('',(0.539917370452,1.796864217768,6.5001001));
#7592 = CARTESIAN_POINT('',(0.539397491494,1.794160847185,6.5001001));
#7593 = ORIENTED_EDGE('',*,*,#7594,.T.);
#7594 = EDGE_CURVE('',#7586,#1159,#7595,.T.);
#7595 = B_SPLINE_CURVE_WITH_KNOTS('',1,(#7596,#7597),.UNSPECIFIED.,.F.,
  .F.,(2,2),(-0.,9.999999999E-05),.PIECEWISE_BEZIER_KNOTS.);
#7596 = CARTESIAN_POINT('',(0.539397491494,1.794160847185,6.5001001));
#7597 = CARTESIAN_POINT('',(0.539397491494,1.794160847185,6.5000001));
#7598 = ORIENTED_EDGE('',*,*,#1165,.F.);
#7599 = B_SPLINE_SURFACE_WITH_KNOTS('',3,1,(
    (#7600,#7601)
    ,(#7602,#7603)
    ,(#7604,#7605)
    ,(#7606,#7607
    )),.UNSPECIFIED.,.F.,.F.,.F.,(4,4),(2,2),(12.,13.),(0.,1.),
  .PIECEWISE_BEZIER_KNOTS.);
#7600 = CARTESIAN_POINT('',(0.542516765244,1.80591011164,6.5001001));
#7601 = CARTESIAN_POINT('',(0.542516765244,1.80591011164,6.5000001));
#7602 = CARTESIAN_POINT('',(0.54095712837,1.80081529785,6.5001001));
#7603 = CARTESIAN_POINT('',(0.54095712837,1.80081529785,6.5000001));
#7604 = CARTESIAN_POINT('',(0.539917370452,1.796864217768,6.5001001));
#7605 = CARTESIAN_POINT('',(0.539917370452,1.796864217768,6.5000001));
#7606 = CARTESIAN_POINT('',(0.539397491494,1.794160847185,6.5001001));
#7607 = CARTESIAN_POINT('',(0.539397491494,1.794160847185,6.5000001));
#7608 = ADVANCED_FACE('',(#7609),#7625,.F.);
#7609 = FACE_BOUND('',#7610,.T.);
#7610 = EDGE_LOOP('',(#7611,#7612,#7619,#7624));
#7611 = ORIENTED_EDGE('',*,*,#1158,.T.);
#7612 = ORIENTED_EDGE('',*,*,#7613,.F.);
#7613 = EDGE_CURVE('',#7614,#1152,#7616,.T.);
#7614 = VERTEX_POINT('',#7615);
#7615 = CARTESIAN_POINT('',(0.53872164885,1.794160847185,6.5001001));
#7616 = B_SPLINE_CURVE_WITH_KNOTS('',1,(#7617,#7618),.UNSPECIFIED.,.F.,
  .F.,(2,2),(-0.,9.999999999E-05),.PIECEWISE_BEZIER_KNOTS.);
#7617 = CARTESIAN_POINT('',(0.53872164885,1.794160847185,6.5001001));
#7618 = CARTESIAN_POINT('',(0.53872164885,1.794160847185,6.5000001));
#7619 = ORIENTED_EDGE('',*,*,#7620,.F.);
#7620 = EDGE_CURVE('',#7586,#7614,#7621,.T.);
#7621 = B_SPLINE_CURVE_WITH_KNOTS('',1,(#7622,#7623),.UNSPECIFIED.,.F.,
  .F.,(2,2),(-6.758426448344E-04,-0.),.PIECEWISE_BEZIER_KNOTS.);
#7622 = CARTESIAN_POINT('',(0.539397491494,1.794160847185,6.5001001));
#7623 = CARTESIAN_POINT('',(0.53872164885,1.794160847185,6.5001001));
#7624 = ORIENTED_EDGE('',*,*,#7594,.T.);
#7625 = B_SPLINE_SURFACE_WITH_KNOTS('',1,1,(
    (#7626,#7627)
    ,(#7628,#7629
    )),.UNSPECIFIED.,.F.,.F.,.F.,(2,2),(2,2),(0.,9.999999999977E-05),(0.
    ,6.758426448344E-04),.PIECEWISE_BEZIER_KNOTS.);
#7626 = CARTESIAN_POINT('',(0.53872164885,1.794160847185,6.5001001));
#7627 = CARTESIAN_POINT('',(0.539397491494,1.794160847185,6.5001001));
#7628 = CARTESIAN_POINT('',(0.53872164885,1.794160847185,6.5000001));
#7629 = CARTESIAN_POINT('',(0.539397491494,1.794160847185,6.5000001));
#7630 = ADVANCED_FACE('',(#7631),#7647,.F.);
#7631 = FACE_BOUND('',#7632,.T.);
#7632 = EDGE_LOOP('',(#7633,#7634,#7641,#7646));
#7633 = ORIENTED_EDGE('',*,*,#1151,.T.);
#7634 = ORIENTED_EDGE('',*,*,#7635,.F.);
#7635 = EDGE_CURVE('',#7636,#1145,#7638,.T.);
#7636 = VERTEX_POINT('',#7637);
#7637 = CARTESIAN_POINT('',(0.5356023751,1.806118063223,6.5001001));
#7638 = B_SPLINE_CURVE_WITH_KNOTS('',1,(#7639,#7640),.UNSPECIFIED.,.F.,
  .F.,(2,2),(-0.,9.999999999E-05),.PIECEWISE_BEZIER_KNOTS.);
#7639 = CARTESIAN_POINT('',(0.5356023751,1.806118063223,6.5001001));
#7640 = CARTESIAN_POINT('',(0.5356023751,1.806118063223,6.5000001));
#7641 = ORIENTED_EDGE('',*,*,#7642,.F.);
#7642 = EDGE_CURVE('',#7614,#7636,#7643,.T.);
#7643 = B_SPLINE_CURVE_WITH_KNOTS('',1,(#7644,#7645),.UNSPECIFIED.,.F.,
  .F.,(2,2),(-1.235738176562E-02,0.),.PIECEWISE_BEZIER_KNOTS.);
#7644 = CARTESIAN_POINT('',(0.53872164885,1.794160847185,6.5001001));
#7645 = CARTESIAN_POINT('',(0.5356023751,1.806118063223,6.5001001));
#7646 = ORIENTED_EDGE('',*,*,#7613,.T.);
#7647 = B_SPLINE_SURFACE_WITH_KNOTS('',1,1,(
    (#7648,#7649)
    ,(#7650,#7651
    )),.UNSPECIFIED.,.F.,.F.,.F.,(2,2),(2,2),(-5.604892043551E-17,
    1.235738176562E-02),(-9.999999999977E-05,0.),
  .PIECEWISE_BEZIER_KNOTS.);
#7648 = CARTESIAN_POINT('',(0.5356023751,1.806118063223,6.5000001));
#7649 = CARTESIAN_POINT('',(0.5356023751,1.806118063223,6.5001001));
#7650 = CARTESIAN_POINT('',(0.53872164885,1.794160847185,6.5000001));
#7651 = CARTESIAN_POINT('',(0.53872164885,1.794160847185,6.5001001));
#7652 = ADVANCED_FACE('',(#7653),#7669,.F.);
#7653 = FACE_BOUND('',#7654,.T.);
#7654 = EDGE_LOOP('',(#7655,#7656,#7663,#7668));
#7655 = ORIENTED_EDGE('',*,*,#1144,.T.);
#7656 = ORIENTED_EDGE('',*,*,#7657,.F.);
#7657 = EDGE_CURVE('',#7658,#1138,#7660,.T.);
#7658 = VERTEX_POINT('',#7659);
#7659 = CARTESIAN_POINT('',(0.497651211155,1.915292644436,6.5001001));
#7660 = B_SPLINE_CURVE_WITH_KNOTS('',1,(#7661,#7662),.UNSPECIFIED.,.F.,
  .F.,(2,2),(-0.,9.999999999133E-05),.PIECEWISE_BEZIER_KNOTS.);
#7661 = CARTESIAN_POINT('',(0.497651211155,1.915292644436,6.5001001));
#7662 = CARTESIAN_POINT('',(0.497651211155,1.915292644436,6.5000001));
#7663 = ORIENTED_EDGE('',*,*,#7664,.F.);
#7664 = EDGE_CURVE('',#7636,#7658,#7665,.T.);
#7665 = B_SPLINE_CURVE_WITH_KNOTS('',1,(#7666,#7667),.UNSPECIFIED.,.F.,
  .F.,(2,2),(-0.115582784306,0.),.PIECEWISE_BEZIER_KNOTS.);
#7666 = CARTESIAN_POINT('',(0.5356023751,1.806118063223,6.5001001));
#7667 = CARTESIAN_POINT('',(0.497651211155,1.915292644436,6.5001001));
#7668 = ORIENTED_EDGE('',*,*,#7635,.T.);
#7669 = B_SPLINE_SURFACE_WITH_KNOTS('',1,1,(
    (#7670,#7671)
    ,(#7672,#7673
    )),.UNSPECIFIED.,.F.,.F.,.F.,(2,2),(2,2),(0.,0.115582784306),(
    -9.999999999977E-05,0.),.PIECEWISE_BEZIER_KNOTS.);
#7670 = CARTESIAN_POINT('',(0.497651211155,1.915292644436,6.5000001));
#7671 = CARTESIAN_POINT('',(0.497651211155,1.915292644436,6.5001001));
#7672 = CARTESIAN_POINT('',(0.5356023751,1.806118063223,6.5000001));
#7673 = CARTESIAN_POINT('',(0.5356023751,1.806118063223,6.5001001));
#7674 = ADVANCED_FACE('',(#7675),#7691,.F.);
#7675 = FACE_BOUND('',#7676,.T.);
#7676 = EDGE_LOOP('',(#7677,#7678,#7685,#7690));
#7677 = ORIENTED_EDGE('',*,*,#1137,.T.);
#7678 = ORIENTED_EDGE('',*,*,#7679,.F.);
#7679 = EDGE_CURVE('',#7680,#1131,#7682,.T.);
#7680 = VERTEX_POINT('',#7681);
#7681 = CARTESIAN_POINT('',(0.469161844248,1.915292644436,6.5001001));
#7682 = B_SPLINE_CURVE_WITH_KNOTS('',1,(#7683,#7684),.UNSPECIFIED.,.F.,
  .F.,(2,2),(-0.,9.999999999133E-05),.PIECEWISE_BEZIER_KNOTS.);
#7683 = CARTESIAN_POINT('',(0.469161844248,1.915292644436,6.5001001));
#7684 = CARTESIAN_POINT('',(0.469161844248,1.915292644436,6.5000001));
#7685 = ORIENTED_EDGE('',*,*,#7686,.F.);
#7686 = EDGE_CURVE('',#7658,#7680,#7687,.T.);
#7687 = B_SPLINE_CURVE_WITH_KNOTS('',1,(#7688,#7689),.UNSPECIFIED.,.F.,
  .F.,(2,2),(-2.84893669072E-02,-0.),.PIECEWISE_BEZIER_KNOTS.);
#7688 = CARTESIAN_POINT('',(0.497651211155,1.915292644436,6.5001001));
#7689 = CARTESIAN_POINT('',(0.469161844248,1.915292644436,6.5001001));
#7690 = ORIENTED_EDGE('',*,*,#7657,.T.);
#7691 = B_SPLINE_SURFACE_WITH_KNOTS('',1,1,(
    (#7692,#7693)
    ,(#7694,#7695
    )),.UNSPECIFIED.,.F.,.F.,.F.,(2,2),(2,2),(0.,9.999999999977E-05),(
    -7.771561172376E-16,2.84893669072E-02),.PIECEWISE_BEZIER_KNOTS.);
#7692 = CARTESIAN_POINT('',(0.469161844248,1.915292644436,6.5001001));
#7693 = CARTESIAN_POINT('',(0.497651211155,1.915292644436,6.5001001));
#7694 = CARTESIAN_POINT('',(0.469161844248,1.915292644436,6.5000001));
#7695 = CARTESIAN_POINT('',(0.497651211155,1.915292644436,6.5000001));
#7696 = ADVANCED_FACE('',(#7697),#7713,.F.);
#7697 = FACE_BOUND('',#7698,.T.);
#7698 = EDGE_LOOP('',(#7699,#7700,#7707,#7712));
#7699 = ORIENTED_EDGE('',*,*,#1130,.T.);
#7700 = ORIENTED_EDGE('',*,*,#7701,.F.);
#7701 = EDGE_CURVE('',#7702,#1124,#7704,.T.);
#7702 = VERTEX_POINT('',#7703);
#7703 = CARTESIAN_POINT('',(0.526140578062,1.770350390902,6.5001001));
#7704 = B_SPLINE_CURVE_WITH_KNOTS('',1,(#7705,#7706),.UNSPECIFIED.,.F.,
  .F.,(2,2),(-0.,9.999999999E-05),.PIECEWISE_BEZIER_KNOTS.);
#7705 = CARTESIAN_POINT('',(0.526140578062,1.770350390902,6.5001001));
#7706 = CARTESIAN_POINT('',(0.526140578062,1.770350390902,6.5000001));
#7707 = ORIENTED_EDGE('',*,*,#7708,.F.);
#7708 = EDGE_CURVE('',#7680,#7702,#7709,.T.);
#7709 = B_SPLINE_CURVE_WITH_KNOTS('',1,(#7710,#7711),.UNSPECIFIED.,.F.,
  .F.,(2,2),(-0.155739631972,0.),.PIECEWISE_BEZIER_KNOTS.);
#7710 = CARTESIAN_POINT('',(0.469161844248,1.915292644436,6.5001001));
#7711 = CARTESIAN_POINT('',(0.526140578062,1.770350390902,6.5001001));
#7712 = ORIENTED_EDGE('',*,*,#7679,.T.);
#7713 = B_SPLINE_SURFACE_WITH_KNOTS('',1,1,(
    (#7714,#7715)
    ,(#7716,#7717
    )),.UNSPECIFIED.,.F.,.F.,.F.,(2,2),(2,2),(0.,0.155739631972),(
    -9.999999999977E-05,0.),.PIECEWISE_BEZIER_KNOTS.);
#7714 = CARTESIAN_POINT('',(0.526140578062,1.770350390902,6.5000001));
#7715 = CARTESIAN_POINT('',(0.526140578062,1.770350390902,6.5001001));
#7716 = CARTESIAN_POINT('',(0.469161844248,1.915292644436,6.5000001));
#7717 = CARTESIAN_POINT('',(0.469161844248,1.915292644436,6.5001001));
#7718 = ADVANCED_FACE('',(#7719),#7735,.F.);
#7719 = FACE_BOUND('',#7720,.T.);
#7720 = EDGE_LOOP('',(#7721,#7722,#7729,#7734));
#7721 = ORIENTED_EDGE('',*,*,#1123,.T.);
#7722 = ORIENTED_EDGE('',*,*,#7723,.F.);
#7723 = EDGE_CURVE('',#7724,#1115,#7726,.T.);
#7724 = VERTEX_POINT('',#7725);
#7725 = CARTESIAN_POINT('',(0.514963180461,1.743940539827,6.5001001));
#7726 = B_SPLINE_CURVE_WITH_KNOTS('',1,(#7727,#7728),.UNSPECIFIED.,.F.,
  .F.,(2,2),(-0.,9.999999998422E-05),.PIECEWISE_BEZIER_KNOTS.);
#7727 = CARTESIAN_POINT('',(0.514963180461,1.743940539827,6.5001001));
#7728 = CARTESIAN_POINT('',(0.514963180461,1.743940539827,6.5000001));
#7729 = ORIENTED_EDGE('',*,*,#7730,.F.);
#7730 = EDGE_CURVE('',#7702,#7724,#7731,.T.);
#7731 = B_SPLINE_CURVE_WITH_KNOTS('',1,(#7732,#7733),.UNSPECIFIED.,.F.,
  .F.,(2,2),(-2.867776928081E-02,4.327185999136E-17),
  .PIECEWISE_BEZIER_KNOTS.);
#7732 = CARTESIAN_POINT('',(0.526140578062,1.770350390902,6.5001001));
#7733 = CARTESIAN_POINT('',(0.514963180461,1.743940539827,6.5001001));
#7734 = ORIENTED_EDGE('',*,*,#7701,.T.);
#7735 = B_SPLINE_SURFACE_WITH_KNOTS('',1,1,(
    (#7736,#7737)
    ,(#7738,#7739
    )),.UNSPECIFIED.,.F.,.F.,.F.,(2,2),(2,2),(-4.327185999136E-17,
    2.867776928081E-02),(-9.999999999977E-05,0.),
  .PIECEWISE_BEZIER_KNOTS.);
#7736 = CARTESIAN_POINT('',(0.514963180461,1.743940539827,6.5000001));
#7737 = CARTESIAN_POINT('',(0.514963180461,1.743940539827,6.5001001));
#7738 = CARTESIAN_POINT('',(0.526140578062,1.770350390902,6.5000001));
#7739 = CARTESIAN_POINT('',(0.526140578062,1.770350390902,6.5001001));
#7740 = ADVANCED_FACE('',(#7741),#7759,.F.);
#7741 = FACE_BOUND('',#7742,.F.);
#7742 = EDGE_LOOP('',(#7743,#7744,#7753,#7758));
#7743 = ORIENTED_EDGE('',*,*,#7723,.F.);
#7744 = ORIENTED_EDGE('',*,*,#7745,.T.);
#7745 = EDGE_CURVE('',#7724,#7746,#7748,.T.);
#7746 = VERTEX_POINT('',#7747);
#7747 = CARTESIAN_POINT('',(0.488865256762,1.723457308875,6.5001001));
#7748 = B_SPLINE_CURVE_WITH_KNOTS('',3,(#7749,#7750,#7751,#7752),
  .UNSPECIFIED.,.F.,.F.,(4,4),(5.,6.),.PIECEWISE_BEZIER_KNOTS.);
#7749 = CARTESIAN_POINT('',(0.514963180461,1.743940539827,6.5001001));
#7750 = CARTESIAN_POINT('',(0.509192524026,1.730215735332,6.5001001));
#7751 = CARTESIAN_POINT('',(0.500510545425,1.723457308875,6.5001001));
#7752 = CARTESIAN_POINT('',(0.488865256762,1.723457308875,6.5001001));
#7753 = ORIENTED_EDGE('',*,*,#7754,.T.);
#7754 = EDGE_CURVE('',#7746,#1106,#7755,.T.);
#7755 = B_SPLINE_CURVE_WITH_KNOTS('',1,(#7756,#7757),.UNSPECIFIED.,.F.,
  .F.,(2,2),(-0.,9.999999998422E-05),.PIECEWISE_BEZIER_KNOTS.);
#7756 = CARTESIAN_POINT('',(0.488865256762,1.723457308875,6.5001001));
#7757 = CARTESIAN_POINT('',(0.488865256762,1.723457308875,6.5000001));
#7758 = ORIENTED_EDGE('',*,*,#1114,.F.);
#7759 = B_SPLINE_SURFACE_WITH_KNOTS('',3,1,(
    (#7760,#7761)
    ,(#7762,#7763)
    ,(#7764,#7765)
    ,(#7766,#7767
    )),.UNSPECIFIED.,.F.,.F.,.F.,(4,4),(2,2),(5.,6.),(0.,1.),
  .PIECEWISE_BEZIER_KNOTS.);
#7760 = CARTESIAN_POINT('',(0.514963180461,1.743940539827,6.5001001));
#7761 = CARTESIAN_POINT('',(0.514963180461,1.743940539827,6.5000001));
#7762 = CARTESIAN_POINT('',(0.509192524026,1.730215735332,6.5001001));
#7763 = CARTESIAN_POINT('',(0.509192524026,1.730215735332,6.5000001));
#7764 = CARTESIAN_POINT('',(0.500510545425,1.723457308875,6.5001001));
#7765 = CARTESIAN_POINT('',(0.500510545425,1.723457308875,6.5000001));
#7766 = CARTESIAN_POINT('',(0.488865256762,1.723457308875,6.5001001));
#7767 = CARTESIAN_POINT('',(0.488865256762,1.723457308875,6.5000001));
#7768 = ADVANCED_FACE('',(#7769),#7787,.F.);
#7769 = FACE_BOUND('',#7770,.F.);
#7770 = EDGE_LOOP('',(#7771,#7772,#7781,#7786));
#7771 = ORIENTED_EDGE('',*,*,#7754,.F.);
#7772 = ORIENTED_EDGE('',*,*,#7773,.T.);
#7773 = EDGE_CURVE('',#7746,#7774,#7776,.T.);
#7774 = VERTEX_POINT('',#7775);
#7775 = CARTESIAN_POINT('',(0.474412621725,1.726368631042,6.5001001));
#7776 = B_SPLINE_CURVE_WITH_KNOTS('',3,(#7777,#7778,#7779,#7780),
  .UNSPECIFIED.,.F.,.F.,(4,4),(4.,5.),.PIECEWISE_BEZIER_KNOTS.);
#7777 = CARTESIAN_POINT('',(0.488865256762,1.723457308875,6.5001001));
#7778 = CARTESIAN_POINT('',(0.484186346139,1.723457308875,6.5001001));
#7779 = CARTESIAN_POINT('',(0.479403459723,1.724393091,6.5001001));
#7780 = CARTESIAN_POINT('',(0.474412621725,1.726368631042,6.5001001));
#7781 = ORIENTED_EDGE('',*,*,#7782,.T.);
#7782 = EDGE_CURVE('',#7774,#1099,#7783,.T.);
#7783 = B_SPLINE_CURVE_WITH_KNOTS('',1,(#7784,#7785),.UNSPECIFIED.,.F.,
  .F.,(2,2),(-0.,9.999999998955E-05),.PIECEWISE_BEZIER_KNOTS.);
#7784 = CARTESIAN_POINT('',(0.474412621725,1.726368631042,6.5001001));
#7785 = CARTESIAN_POINT('',(0.474412621725,1.726368631042,6.5000001));
#7786 = ORIENTED_EDGE('',*,*,#1105,.F.);
#7787 = B_SPLINE_SURFACE_WITH_KNOTS('',3,1,(
    (#7788,#7789)
    ,(#7790,#7791)
    ,(#7792,#7793)
    ,(#7794,#7795
    )),.UNSPECIFIED.,.F.,.F.,.F.,(4,4),(2,2),(4.,5.),(0.,1.),
  .PIECEWISE_BEZIER_KNOTS.);
#7788 = CARTESIAN_POINT('',(0.488865256762,1.723457308875,6.5001001));
#7789 = CARTESIAN_POINT('',(0.488865256762,1.723457308875,6.5000001));
#7790 = CARTESIAN_POINT('',(0.484186346139,1.723457308875,6.5001001));
#7791 = CARTESIAN_POINT('',(0.484186346139,1.723457308875,6.5000001));
#7792 = CARTESIAN_POINT('',(0.479403459723,1.724393091,6.5001001));
#7793 = CARTESIAN_POINT('',(0.479403459723,1.724393091,6.5000001));
#7794 = CARTESIAN_POINT('',(0.474412621725,1.726368631042,6.5001001));
#7795 = CARTESIAN_POINT('',(0.474412621725,1.726368631042,6.5000001));
#7796 = ADVANCED_FACE('',(#7797),#7813,.F.);
#7797 = FACE_BOUND('',#7798,.T.);
#7798 = EDGE_LOOP('',(#7799,#7800,#7807,#7812));
#7799 = ORIENTED_EDGE('',*,*,#1098,.T.);
#7800 = ORIENTED_EDGE('',*,*,#7801,.F.);
#7801 = EDGE_CURVE('',#7802,#1090,#7804,.T.);
#7802 = VERTEX_POINT('',#7803);
#7803 = CARTESIAN_POINT('',(0.474412621725,1.703701908466,6.5001001));
#7804 = B_SPLINE_CURVE_WITH_KNOTS('',1,(#7805,#7806),.UNSPECIFIED.,.F.,
  .F.,(2,2),(-0.,9.999999998422E-05),.PIECEWISE_BEZIER_KNOTS.);
#7805 = CARTESIAN_POINT('',(0.474412621725,1.703701908466,6.5001001));
#7806 = CARTESIAN_POINT('',(0.474412621725,1.703701908466,6.5000001));
#7807 = ORIENTED_EDGE('',*,*,#7808,.F.);
#7808 = EDGE_CURVE('',#7774,#7802,#7809,.T.);
#7809 = B_SPLINE_CURVE_WITH_KNOTS('',1,(#7810,#7811),.UNSPECIFIED.,.F.,
  .F.,(2,2),(-2.266672257622E-02,0.),.PIECEWISE_BEZIER_KNOTS.);
#7810 = CARTESIAN_POINT('',(0.474412621725,1.726368631042,6.5001001));
#7811 = CARTESIAN_POINT('',(0.474412621725,1.703701908466,6.5001001));
#7812 = ORIENTED_EDGE('',*,*,#7782,.T.);
#7813 = B_SPLINE_SURFACE_WITH_KNOTS('',1,1,(
    (#7814,#7815)
    ,(#7816,#7817
    )),.UNSPECIFIED.,.F.,.F.,.F.,(2,2),(2,2),(0.,9.999999999977E-05),(0.
    ,2.266672257622E-02),.PIECEWISE_BEZIER_KNOTS.);
#7814 = CARTESIAN_POINT('',(0.474412621725,1.703701908466,6.5001001));
#7815 = CARTESIAN_POINT('',(0.474412621725,1.726368631042,6.5001001));
#7816 = CARTESIAN_POINT('',(0.474412621725,1.703701908466,6.5000001));
#7817 = CARTESIAN_POINT('',(0.474412621725,1.726368631042,6.5000001));
#7818 = ADVANCED_FACE('',(#7819),#7837,.F.);
#7819 = FACE_BOUND('',#7820,.F.);
#7820 = EDGE_LOOP('',(#7821,#7822,#7831,#7836));
#7821 = ORIENTED_EDGE('',*,*,#7801,.F.);
#7822 = ORIENTED_EDGE('',*,*,#7823,.T.);
#7823 = EDGE_CURVE('',#7802,#7824,#7826,.T.);
#7824 = VERTEX_POINT('',#7825);
#7825 = CARTESIAN_POINT('',(0.490840796803,1.701622392633,6.5001001));
#7826 = B_SPLINE_CURVE_WITH_KNOTS('',3,(#7827,#7828,#7829,#7830),
  .UNSPECIFIED.,.F.,.F.,(4,4),(2.,3.),.PIECEWISE_BEZIER_KNOTS.);
#7827 = CARTESIAN_POINT('',(0.474412621725,1.703701908466,6.5001001));
#7828 = CARTESIAN_POINT('',(0.478935568661,1.702350223175,6.5001001));
#7829 = CARTESIAN_POINT('',(0.484446285617,1.701622392633,6.5001001));
#7830 = CARTESIAN_POINT('',(0.490840796803,1.701622392633,6.5001001));
#7831 = ORIENTED_EDGE('',*,*,#7832,.T.);
#7832 = EDGE_CURVE('',#7824,#1081,#7833,.T.);
#7833 = B_SPLINE_CURVE_WITH_KNOTS('',1,(#7834,#7835),.UNSPECIFIED.,.F.,
  .F.,(2,2),(-0.,9.999999998422E-05),.PIECEWISE_BEZIER_KNOTS.);
#7834 = CARTESIAN_POINT('',(0.490840796803,1.701622392633,6.5001001));
#7835 = CARTESIAN_POINT('',(0.490840796803,1.701622392633,6.5000001));
#7836 = ORIENTED_EDGE('',*,*,#1089,.F.);
#7837 = B_SPLINE_SURFACE_WITH_KNOTS('',3,1,(
    (#7838,#7839)
    ,(#7840,#7841)
    ,(#7842,#7843)
    ,(#7844,#7845
    )),.UNSPECIFIED.,.F.,.F.,.F.,(4,4),(2,2),(2.,3.),(0.,1.),
  .PIECEWISE_BEZIER_KNOTS.);
#7838 = CARTESIAN_POINT('',(0.474412621725,1.703701908466,6.5001001));
#7839 = CARTESIAN_POINT('',(0.474412621725,1.703701908466,6.5000001));
#7840 = CARTESIAN_POINT('',(0.478935568661,1.702350223175,6.5001001));
#7841 = CARTESIAN_POINT('',(0.478935568661,1.702350223175,6.5000001));
#7842 = CARTESIAN_POINT('',(0.484446285617,1.701622392633,6.5001001));
#7843 = CARTESIAN_POINT('',(0.484446285617,1.701622392633,6.5000001));
#7844 = CARTESIAN_POINT('',(0.490840796803,1.701622392633,6.5001001));
#7845 = CARTESIAN_POINT('',(0.490840796803,1.701622392633,6.5000001));
#7846 = ADVANCED_FACE('',(#7847),#7865,.F.);
#7847 = FACE_BOUND('',#7848,.F.);
#7848 = EDGE_LOOP('',(#7849,#7850,#7859,#7864));
#7849 = ORIENTED_EDGE('',*,*,#7832,.F.);
#7850 = ORIENTED_EDGE('',*,*,#7851,.T.);
#7851 = EDGE_CURVE('',#7824,#7852,#7854,.T.);
#7852 = VERTEX_POINT('',#7853);
#7853 = CARTESIAN_POINT('',(0.542672728931,1.748099571493,6.5001001));
#7854 = B_SPLINE_CURVE_WITH_KNOTS('',3,(#7855,#7856,#7857,#7858),
  .UNSPECIFIED.,.F.,.F.,(4,4),(1.,2.),.PIECEWISE_BEZIER_KNOTS.);
#7855 = CARTESIAN_POINT('',(0.490840796803,1.701622392633,6.5001001));
#7856 = CARTESIAN_POINT('',(0.513143604108,1.701622392633,6.5001001));
#7857 = CARTESIAN_POINT('',(0.530403585519,1.717114785586,6.5001001));
#7858 = CARTESIAN_POINT('',(0.542672728931,1.748099571493,6.5001001));
#7859 = ORIENTED_EDGE('',*,*,#7860,.T.);
#7860 = EDGE_CURVE('',#7852,#1074,#7861,.T.);
#7861 = B_SPLINE_CURVE_WITH_KNOTS('',1,(#7862,#7863),.UNSPECIFIED.,.F.,
  .F.,(2,2),(-0.,9.999999998955E-05),.PIECEWISE_BEZIER_KNOTS.);
#7862 = CARTESIAN_POINT('',(0.542672728931,1.748099571493,6.5001001));
#7863 = CARTESIAN_POINT('',(0.542672728931,1.748099571493,6.5000001));
#7864 = ORIENTED_EDGE('',*,*,#1080,.F.);
#7865 = B_SPLINE_SURFACE_WITH_KNOTS('',3,1,(
    (#7866,#7867)
    ,(#7868,#7869)
    ,(#7870,#7871)
    ,(#7872,#7873
    )),.UNSPECIFIED.,.F.,.F.,.F.,(4,4),(2,2),(1.,2.),(0.,1.),
  .PIECEWISE_BEZIER_KNOTS.);
#7866 = CARTESIAN_POINT('',(0.490840796803,1.701622392633,6.5001001));
#7867 = CARTESIAN_POINT('',(0.490840796803,1.701622392633,6.5000001));
#7868 = CARTESIAN_POINT('',(0.513143604108,1.701622392633,6.5001001));
#7869 = CARTESIAN_POINT('',(0.513143604108,1.701622392633,6.5000001));
#7870 = CARTESIAN_POINT('',(0.530403585519,1.717114785586,6.5001001));
#7871 = CARTESIAN_POINT('',(0.530403585519,1.717114785586,6.5000001));
#7872 = CARTESIAN_POINT('',(0.542672728931,1.748099571493,6.5001001));
#7873 = CARTESIAN_POINT('',(0.542672728931,1.748099571493,6.5000001));
#7874 = ADVANCED_FACE('',(#7875),#7885,.F.);
#7875 = FACE_BOUND('',#7876,.T.);
#7876 = EDGE_LOOP('',(#7877,#7878,#7879,#7884));
#7877 = ORIENTED_EDGE('',*,*,#1073,.T.);
#7878 = ORIENTED_EDGE('',*,*,#7549,.F.);
#7879 = ORIENTED_EDGE('',*,*,#7880,.F.);
#7880 = EDGE_CURVE('',#7852,#7543,#7881,.T.);
#7881 = B_SPLINE_CURVE_WITH_KNOTS('',1,(#7882,#7883),.UNSPECIFIED.,.F.,
  .F.,(2,2),(-0.179719381221,0.),.PIECEWISE_BEZIER_KNOTS.);
#7882 = CARTESIAN_POINT('',(0.542672728931,1.748099571493,6.5001001));
#7883 = CARTESIAN_POINT('',(0.608593380826,1.915292644436,6.5001001));
#7884 = ORIENTED_EDGE('',*,*,#7860,.T.);
#7885 = B_SPLINE_SURFACE_WITH_KNOTS('',1,1,(
    (#7886,#7887)
    ,(#7888,#7889
    )),.UNSPECIFIED.,.F.,.F.,.F.,(2,2),(2,2),(-0.,0.179719381221),(
    -9.999999999977E-05,0.),.PIECEWISE_BEZIER_KNOTS.);
#7886 = CARTESIAN_POINT('',(0.608593380826,1.915292644436,6.5000001));
#7887 = CARTESIAN_POINT('',(0.608593380826,1.915292644436,6.5001001));
#7888 = CARTESIAN_POINT('',(0.542672728931,1.748099571493,6.5000001));
#7889 = CARTESIAN_POINT('',(0.542672728931,1.748099571493,6.5001001));
#7890 = ADVANCED_FACE('',(#7891),#7908,.T.);
#7891 = FACE_BOUND('',#7892,.T.);
#7892 = EDGE_LOOP('',(#7893,#7894,#7895,#7896,#7897,#7898,#7899,#7900,
    #7901,#7902,#7903,#7904,#7905,#7906,#7907));
#7893 = ORIENTED_EDGE('',*,*,#7542,.T.);
#7894 = ORIENTED_EDGE('',*,*,#7570,.T.);
#7895 = ORIENTED_EDGE('',*,*,#7585,.T.);
#7896 = ORIENTED_EDGE('',*,*,#7620,.T.);
#7897 = ORIENTED_EDGE('',*,*,#7642,.T.);
#7898 = ORIENTED_EDGE('',*,*,#7664,.T.);
#7899 = ORIENTED_EDGE('',*,*,#7686,.T.);
#7900 = ORIENTED_EDGE('',*,*,#7708,.T.);
#7901 = ORIENTED_EDGE('',*,*,#7730,.T.);
#7902 = ORIENTED_EDGE('',*,*,#7745,.T.);
#7903 = ORIENTED_EDGE('',*,*,#7773,.T.);
#7904 = ORIENTED_EDGE('',*,*,#7808,.T.);
#7905 = ORIENTED_EDGE('',*,*,#7823,.T.);
#7906 = ORIENTED_EDGE('',*,*,#7851,.T.);
#7907 = ORIENTED_EDGE('',*,*,#7880,.T.);
#7908 = B_SPLINE_SURFACE_WITH_KNOTS('',1,1,(
    (#7909,#7910)
    ,(#7911,#7912
    )),.UNSPECIFIED.,.F.,.F.,.F.,(2,2),(2,2),(-5.135754257912E-02,
    8.807399399881E-02),(-1.161929471512E-02,0.202050957089),
  .PIECEWISE_BEZIER_KNOTS.);
#7909 = CARTESIAN_POINT('',(0.469161844248,1.701622392633,6.5001001));
#7910 = CARTESIAN_POINT('',(0.469161844248,1.915292644436,6.5001001));
#7911 = CARTESIAN_POINT('',(0.608593380826,1.701622392633,6.5001001));
#7912 = CARTESIAN_POINT('',(0.608593380826,1.915292644436,6.5001001));
#7913 = ADVANCED_FACE('',(#7914),#7936,.F.);
#7914 = FACE_BOUND('',#7915,.T.);
#7915 = EDGE_LOOP('',(#7916,#7917,#7924,#7931));
#7916 = ORIENTED_EDGE('',*,*,#1971,.T.);
#7917 = ORIENTED_EDGE('',*,*,#7918,.F.);
#7918 = EDGE_CURVE('',#7919,#1974,#7921,.T.);
#7919 = VERTEX_POINT('',#7920);
#7920 = CARTESIAN_POINT('',(0.745425522614,1.793225065061,6.5001001));
#7921 = B_SPLINE_CURVE_WITH_KNOTS('',1,(#7922,#7923),.UNSPECIFIED.,.F.,
  .F.,(2,2),(-0.,9.999999999E-05),.PIECEWISE_BEZIER_KNOTS.);
#7922 = CARTESIAN_POINT('',(0.745425522614,1.793225065061,6.5001001));
#7923 = CARTESIAN_POINT('',(0.745425522614,1.793225065061,6.5000001));
#7924 = ORIENTED_EDGE('',*,*,#7925,.F.);
#7925 = EDGE_CURVE('',#7926,#7919,#7928,.T.);
#7926 = VERTEX_POINT('',#7927);
#7927 = CARTESIAN_POINT('',(0.745425522614,1.770038463527,6.5001001));
#7928 = B_SPLINE_CURVE_WITH_KNOTS('',1,(#7929,#7930),.UNSPECIFIED.,.F.,
  .F.,(2,2),(-2.318660153379E-02,0.),.PIECEWISE_BEZIER_KNOTS.);
#7929 = CARTESIAN_POINT('',(0.745425522614,1.770038463527,6.5001001));
#7930 = CARTESIAN_POINT('',(0.745425522614,1.793225065061,6.5001001));
#7931 = ORIENTED_EDGE('',*,*,#7932,.T.);
#7932 = EDGE_CURVE('',#7926,#1972,#7933,.T.);
#7933 = B_SPLINE_CURVE_WITH_KNOTS('',1,(#7934,#7935),.UNSPECIFIED.,.F.,
  .F.,(2,2),(-0.,9.999999999977E-05),.PIECEWISE_BEZIER_KNOTS.);
#7934 = CARTESIAN_POINT('',(0.745425522614,1.770038463527,6.5001001));
#7935 = CARTESIAN_POINT('',(0.745425522614,1.770038463527,6.5000001));
#7936 = B_SPLINE_SURFACE_WITH_KNOTS('',1,1,(
    (#7937,#7938)
    ,(#7939,#7940
    )),.UNSPECIFIED.,.F.,.F.,.F.,(2,2),(2,2),(-9.999999999977E-05,0.),(
    -2.318660153379E-02,0.),.PIECEWISE_BEZIER_KNOTS.);
#7937 = CARTESIAN_POINT('',(0.745425522614,1.770038463527,6.5000001));
#7938 = CARTESIAN_POINT('',(0.745425522614,1.793225065061,6.5000001));
#7939 = CARTESIAN_POINT('',(0.745425522614,1.770038463527,6.5001001));
#7940 = CARTESIAN_POINT('',(0.745425522614,1.793225065061,6.5001001));
#7941 = ADVANCED_FACE('',(#7942),#7958,.F.);
#7942 = FACE_BOUND('',#7943,.T.);
#7943 = EDGE_LOOP('',(#7944,#7945,#7952,#7957));
#7944 = ORIENTED_EDGE('',*,*,#2050,.T.);
#7945 = ORIENTED_EDGE('',*,*,#7946,.F.);
#7946 = EDGE_CURVE('',#7947,#2044,#7949,.T.);
#7947 = VERTEX_POINT('',#7948);
#7948 = CARTESIAN_POINT('',(0.662296877204,1.793225065061,6.5001001));
#7949 = B_SPLINE_CURVE_WITH_KNOTS('',1,(#7950,#7951),.UNSPECIFIED.,.F.,
  .F.,(2,2),(-0.,9.999999999E-05),.PIECEWISE_BEZIER_KNOTS.);
#7950 = CARTESIAN_POINT('',(0.662296877204,1.793225065061,6.5001001));
#7951 = CARTESIAN_POINT('',(0.662296877204,1.793225065061,6.5000001));
#7952 = ORIENTED_EDGE('',*,*,#7953,.F.);
#7953 = EDGE_CURVE('',#7919,#7947,#7954,.T.);
#7954 = B_SPLINE_CURVE_WITH_KNOTS('',1,(#7955,#7956),.UNSPECIFIED.,.F.,
  .F.,(2,2),(-8.312864540908E-02,-0.),.PIECEWISE_BEZIER_KNOTS.);
#7955 = CARTESIAN_POINT('',(0.745425522614,1.793225065061,6.5001001));
#7956 = CARTESIAN_POINT('',(0.662296877204,1.793225065061,6.5001001));
#7957 = ORIENTED_EDGE('',*,*,#7918,.T.);
#7958 = B_SPLINE_SURFACE_WITH_KNOTS('',1,1,(
    (#7959,#7960)
    ,(#7961,#7962
    )),.UNSPECIFIED.,.F.,.F.,.F.,(2,2),(2,2),(0.,9.999999999977E-05),(
    -2.22044604925E-16,8.312864540908E-02),.PIECEWISE_BEZIER_KNOTS.);
#7959 = CARTESIAN_POINT('',(0.662296877204,1.793225065061,6.5001001));
#7960 = CARTESIAN_POINT('',(0.745425522614,1.793225065061,6.5001001));
#7961 = CARTESIAN_POINT('',(0.662296877204,1.793225065061,6.5000001));
#7962 = CARTESIAN_POINT('',(0.745425522614,1.793225065061,6.5000001));
#7963 = ADVANCED_FACE('',(#7964),#7980,.F.);
#7964 = FACE_BOUND('',#7965,.T.);
#7965 = EDGE_LOOP('',(#7966,#7967,#7974,#7979));
#7966 = ORIENTED_EDGE('',*,*,#2043,.T.);
#7967 = ORIENTED_EDGE('',*,*,#7968,.F.);
#7968 = EDGE_CURVE('',#7969,#2037,#7971,.T.);
#7969 = VERTEX_POINT('',#7970);
#7970 = CARTESIAN_POINT('',(0.662296877204,1.861641135955,6.5001001));
#7971 = B_SPLINE_CURVE_WITH_KNOTS('',1,(#7972,#7973),.UNSPECIFIED.,.F.,
  .F.,(2,2),(-0.,9.999999999089E-05),.PIECEWISE_BEZIER_KNOTS.);
#7972 = CARTESIAN_POINT('',(0.662296877204,1.861641135955,6.5001001));
#7973 = CARTESIAN_POINT('',(0.662296877204,1.861641135955,6.5000001));
#7974 = ORIENTED_EDGE('',*,*,#7975,.F.);
#7975 = EDGE_CURVE('',#7947,#7969,#7976,.T.);
#7976 = B_SPLINE_CURVE_WITH_KNOTS('',1,(#7977,#7978),.UNSPECIFIED.,.F.,
  .F.,(2,2),(-6.841607089331E-02,0.),.PIECEWISE_BEZIER_KNOTS.);
#7977 = CARTESIAN_POINT('',(0.662296877204,1.793225065061,6.5001001));
#7978 = CARTESIAN_POINT('',(0.662296877204,1.861641135955,6.5001001));
#7979 = ORIENTED_EDGE('',*,*,#7946,.T.);
#7980 = B_SPLINE_SURFACE_WITH_KNOTS('',1,1,(
    (#7981,#7982)
    ,(#7983,#7984
    )),.UNSPECIFIED.,.F.,.F.,.F.,(2,2),(2,2),(-9.999999999977E-05,0.),(
    -6.841607089331E-02,0.),.PIECEWISE_BEZIER_KNOTS.);
#7981 = CARTESIAN_POINT('',(0.662296877204,1.793225065061,6.5000001));
#7982 = CARTESIAN_POINT('',(0.662296877204,1.861641135955,6.5000001));
#7983 = CARTESIAN_POINT('',(0.662296877204,1.793225065061,6.5001001));
#7984 = CARTESIAN_POINT('',(0.662296877204,1.861641135955,6.5001001));
#7985 = ADVANCED_FACE('',(#7986),#8002,.F.);
#7986 = FACE_BOUND('',#7987,.T.);
#7987 = EDGE_LOOP('',(#7988,#7989,#7996,#8001));
#7988 = ORIENTED_EDGE('',*,*,#2036,.T.);
#7989 = ORIENTED_EDGE('',*,*,#7990,.F.);
#7990 = EDGE_CURVE('',#7991,#2030,#7993,.T.);
#7991 = VERTEX_POINT('',#7992);
#7992 = CARTESIAN_POINT('',(0.73502794345,1.861641135955,6.5001001));
#7993 = B_SPLINE_CURVE_WITH_KNOTS('',1,(#7994,#7995),.UNSPECIFIED.,.F.,
  .F.,(2,2),(-0.,9.999999999089E-05),.PIECEWISE_BEZIER_KNOTS.);
#7994 = CARTESIAN_POINT('',(0.73502794345,1.861641135955,6.5001001));
#7995 = CARTESIAN_POINT('',(0.73502794345,1.861641135955,6.5000001));
#7996 = ORIENTED_EDGE('',*,*,#7997,.F.);
#7997 = EDGE_CURVE('',#7969,#7991,#7998,.T.);
#7998 = B_SPLINE_CURVE_WITH_KNOTS('',1,(#7999,#8000),.UNSPECIFIED.,.F.,
  .F.,(2,2),(-7.273106624528E-02,0.),.PIECEWISE_BEZIER_KNOTS.);
#7999 = CARTESIAN_POINT('',(0.662296877204,1.861641135955,6.5001001));
#8000 = CARTESIAN_POINT('',(0.73502794345,1.861641135955,6.5001001));
#8001 = ORIENTED_EDGE('',*,*,#7968,.T.);
#8002 = B_SPLINE_SURFACE_WITH_KNOTS('',1,1,(
    (#8003,#8004)
    ,(#8005,#8006
    )),.UNSPECIFIED.,.F.,.F.,.F.,(2,2),(2,2),(-9.999999999977E-05,0.),(
    -7.273106624528E-02,0.),.PIECEWISE_BEZIER_KNOTS.);
#8003 = CARTESIAN_POINT('',(0.662296877204,1.861641135955,6.5000001));
#8004 = CARTESIAN_POINT('',(0.73502794345,1.861641135955,6.5000001));
#8005 = CARTESIAN_POINT('',(0.662296877204,1.861641135955,6.5001001));
#8006 = CARTESIAN_POINT('',(0.73502794345,1.861641135955,6.5001001));
#8007 = ADVANCED_FACE('',(#8008),#8024,.F.);
#8008 = FACE_BOUND('',#8009,.T.);
#8009 = EDGE_LOOP('',(#8010,#8011,#8018,#8023));
#8010 = ORIENTED_EDGE('',*,*,#2029,.T.);
#8011 = ORIENTED_EDGE('',*,*,#8012,.F.);
#8012 = EDGE_CURVE('',#8013,#2023,#8015,.T.);
#8013 = VERTEX_POINT('',#8014);
#8014 = CARTESIAN_POINT('',(0.73502794345,1.88493171328,6.5001001));
#8015 = B_SPLINE_CURVE_WITH_KNOTS('',1,(#8016,#8017),.UNSPECIFIED.,.F.,
  .F.,(2,2),(-0.,9.999999999089E-05),.PIECEWISE_BEZIER_KNOTS.);
#8016 = CARTESIAN_POINT('',(0.73502794345,1.88493171328,6.5001001));
#8017 = CARTESIAN_POINT('',(0.73502794345,1.88493171328,6.5000001));
#8018 = ORIENTED_EDGE('',*,*,#8019,.F.);
#8019 = EDGE_CURVE('',#7991,#8013,#8020,.T.);
#8020 = B_SPLINE_CURVE_WITH_KNOTS('',1,(#8021,#8022),.UNSPECIFIED.,.F.,
  .F.,(2,2),(-2.32905773253E-02,0.),.PIECEWISE_BEZIER_KNOTS.);
#8021 = CARTESIAN_POINT('',(0.73502794345,1.861641135955,6.5001001));
#8022 = CARTESIAN_POINT('',(0.73502794345,1.88493171328,6.5001001));
#8023 = ORIENTED_EDGE('',*,*,#7990,.T.);
#8024 = B_SPLINE_SURFACE_WITH_KNOTS('',1,1,(
    (#8025,#8026)
    ,(#8027,#8028
    )),.UNSPECIFIED.,.F.,.F.,.F.,(2,2),(2,2),(-9.999999999977E-05,0.),(
    -2.32905773253E-02,0.),.PIECEWISE_BEZIER_KNOTS.);
#8025 = CARTESIAN_POINT('',(0.73502794345,1.861641135955,6.5000001));
#8026 = CARTESIAN_POINT('',(0.73502794345,1.88493171328,6.5000001));
#8027 = CARTESIAN_POINT('',(0.73502794345,1.861641135955,6.5001001));
#8028 = CARTESIAN_POINT('',(0.73502794345,1.88493171328,6.5001001));
#8029 = ADVANCED_FACE('',(#8030),#8046,.F.);
#8030 = FACE_BOUND('',#8031,.T.);
#8031 = EDGE_LOOP('',(#8032,#8033,#8040,#8045));
#8032 = ORIENTED_EDGE('',*,*,#2022,.T.);
#8033 = ORIENTED_EDGE('',*,*,#8034,.F.);
#8034 = EDGE_CURVE('',#8035,#2016,#8037,.T.);
#8035 = VERTEX_POINT('',#8036);
#8036 = CARTESIAN_POINT('',(0.662296877204,1.88493171328,6.5001001));
#8037 = B_SPLINE_CURVE_WITH_KNOTS('',1,(#8038,#8039),.UNSPECIFIED.,.F.,
  .F.,(2,2),(-0.,9.999999999089E-05),.PIECEWISE_BEZIER_KNOTS.);
#8038 = CARTESIAN_POINT('',(0.662296877204,1.88493171328,6.5001001));
#8039 = CARTESIAN_POINT('',(0.662296877204,1.88493171328,6.5000001));
#8040 = ORIENTED_EDGE('',*,*,#8041,.F.);
#8041 = EDGE_CURVE('',#8013,#8035,#8042,.T.);
#8042 = B_SPLINE_CURVE_WITH_KNOTS('',1,(#8043,#8044),.UNSPECIFIED.,.F.,
  .F.,(2,2),(-7.273106624528E-02,-0.),.PIECEWISE_BEZIER_KNOTS.);
#8043 = CARTESIAN_POINT('',(0.73502794345,1.88493171328,6.5001001));
#8044 = CARTESIAN_POINT('',(0.662296877204,1.88493171328,6.5001001));
#8045 = ORIENTED_EDGE('',*,*,#8012,.T.);
#8046 = B_SPLINE_SURFACE_WITH_KNOTS('',1,1,(
    (#8047,#8048)
    ,(#8049,#8050
    )),.UNSPECIFIED.,.F.,.F.,.F.,(2,2),(2,2),(0.,9.999999999977E-05),(
    -2.22044604925E-16,7.273106624528E-02),.PIECEWISE_BEZIER_KNOTS.);
#8047 = CARTESIAN_POINT('',(0.662296877204,1.88493171328,6.5001001));
#8048 = CARTESIAN_POINT('',(0.73502794345,1.88493171328,6.5001001));
#8049 = CARTESIAN_POINT('',(0.662296877204,1.88493171328,6.5000001));
#8050 = CARTESIAN_POINT('',(0.73502794345,1.88493171328,6.5000001));
#8051 = ADVANCED_FACE('',(#8052),#8068,.F.);
#8052 = FACE_BOUND('',#8053,.T.);
#8053 = EDGE_LOOP('',(#8054,#8055,#8062,#8067));
#8054 = ORIENTED_EDGE('',*,*,#2015,.T.);
#8055 = ORIENTED_EDGE('',*,*,#8056,.F.);
#8056 = EDGE_CURVE('',#8057,#2009,#8059,.T.);
#8057 = VERTEX_POINT('',#8058);
#8058 = CARTESIAN_POINT('',(0.662296877204,1.950020558842,6.5001001));
#8059 = B_SPLINE_CURVE_WITH_KNOTS('',1,(#8060,#8061),.UNSPECIFIED.,.F.,
  .F.,(2,2),(-0.,9.999999999177E-05),.PIECEWISE_BEZIER_KNOTS.);
#8060 = CARTESIAN_POINT('',(0.662296877204,1.950020558842,6.5001001));
#8061 = CARTESIAN_POINT('',(0.662296877204,1.950020558842,6.5000001));
#8062 = ORIENTED_EDGE('',*,*,#8063,.F.);
#8063 = EDGE_CURVE('',#8035,#8057,#8064,.T.);
#8064 = B_SPLINE_CURVE_WITH_KNOTS('',1,(#8065,#8066),.UNSPECIFIED.,.F.,
  .F.,(2,2),(-6.508884556213E-02,0.),.PIECEWISE_BEZIER_KNOTS.);
#8065 = CARTESIAN_POINT('',(0.662296877204,1.88493171328,6.5001001));
#8066 = CARTESIAN_POINT('',(0.662296877204,1.950020558842,6.5001001));
#8067 = ORIENTED_EDGE('',*,*,#8034,.T.);
#8068 = B_SPLINE_SURFACE_WITH_KNOTS('',1,1,(
    (#8069,#8070)
    ,(#8071,#8072
    )),.UNSPECIFIED.,.F.,.F.,.F.,(2,2),(2,2),(-9.999999999977E-05,0.),(
    -6.508884556213E-02,0.),.PIECEWISE_BEZIER_KNOTS.);
#8069 = CARTESIAN_POINT('',(0.662296877204,1.88493171328,6.5000001));
#8070 = CARTESIAN_POINT('',(0.662296877204,1.950020558842,6.5000001));
#8071 = CARTESIAN_POINT('',(0.662296877204,1.88493171328,6.5001001));
#8072 = CARTESIAN_POINT('',(0.662296877204,1.950020558842,6.5001001));
#8073 = ADVANCED_FACE('',(#8074),#8090,.F.);
#8074 = FACE_BOUND('',#8075,.T.);
#8075 = EDGE_LOOP('',(#8076,#8077,#8084,#8089));
#8076 = ORIENTED_EDGE('',*,*,#2008,.T.);
#8077 = ORIENTED_EDGE('',*,*,#8078,.F.);
#8078 = EDGE_CURVE('',#8079,#2002,#8081,.T.);
#8079 = VERTEX_POINT('',#8080);
#8080 = CARTESIAN_POINT('',(0.740798599886,1.950020558842,6.5001001));
#8081 = B_SPLINE_CURVE_WITH_KNOTS('',1,(#8082,#8083),.UNSPECIFIED.,.F.,
  .F.,(2,2),(-0.,9.999999999177E-05),.PIECEWISE_BEZIER_KNOTS.);
#8082 = CARTESIAN_POINT('',(0.740798599886,1.950020558842,6.5001001));
#8083 = CARTESIAN_POINT('',(0.740798599886,1.950020558842,6.5000001));
#8084 = ORIENTED_EDGE('',*,*,#8085,.F.);
#8085 = EDGE_CURVE('',#8057,#8079,#8086,.T.);
#8086 = B_SPLINE_CURVE_WITH_KNOTS('',1,(#8087,#8088),.UNSPECIFIED.,.F.,
  .F.,(2,2),(-7.850172268119E-02,0.),.PIECEWISE_BEZIER_KNOTS.);
#8087 = CARTESIAN_POINT('',(0.662296877204,1.950020558842,6.5001001));
#8088 = CARTESIAN_POINT('',(0.740798599886,1.950020558842,6.5001001));
#8089 = ORIENTED_EDGE('',*,*,#8056,.T.);
#8090 = B_SPLINE_SURFACE_WITH_KNOTS('',1,1,(
    (#8091,#8092)
    ,(#8093,#8094
    )),.UNSPECIFIED.,.F.,.F.,.F.,(2,2),(2,2),(-9.999999999977E-05,0.),(
    -7.850172268119E-02,0.),.PIECEWISE_BEZIER_KNOTS.);
#8091 = CARTESIAN_POINT('',(0.662296877204,1.950020558842,6.5000001));
#8092 = CARTESIAN_POINT('',(0.740798599886,1.950020558842,6.5000001));
#8093 = CARTESIAN_POINT('',(0.662296877204,1.950020558842,6.5001001));
#8094 = CARTESIAN_POINT('',(0.740798599886,1.950020558842,6.5001001));
#8095 = ADVANCED_FACE('',(#8096),#8112,.F.);
#8096 = FACE_BOUND('',#8097,.T.);
#8097 = EDGE_LOOP('',(#8098,#8099,#8106,#8111));
#8098 = ORIENTED_EDGE('',*,*,#2001,.T.);
#8099 = ORIENTED_EDGE('',*,*,#8100,.F.);
#8100 = EDGE_CURVE('',#8101,#1995,#8103,.T.);
#8101 = VERTEX_POINT('',#8102);
#8102 = CARTESIAN_POINT('',(0.740798599886,1.973415111959,6.5001001));
#8103 = B_SPLINE_CURVE_WITH_KNOTS('',1,(#8104,#8105),.UNSPECIFIED.,.F.,
  .F.,(2,2),(-0.,9.999999999177E-05),.PIECEWISE_BEZIER_KNOTS.);
#8104 = CARTESIAN_POINT('',(0.740798599886,1.973415111959,6.5001001));
#8105 = CARTESIAN_POINT('',(0.740798599886,1.973415111959,6.5000001));
#8106 = ORIENTED_EDGE('',*,*,#8107,.F.);
#8107 = EDGE_CURVE('',#8079,#8101,#8108,.T.);
#8108 = B_SPLINE_CURVE_WITH_KNOTS('',1,(#8109,#8110),.UNSPECIFIED.,.F.,
  .F.,(2,2),(-2.339455311681E-02,0.),.PIECEWISE_BEZIER_KNOTS.);
#8109 = CARTESIAN_POINT('',(0.740798599886,1.950020558842,6.5001001));
#8110 = CARTESIAN_POINT('',(0.740798599886,1.973415111959,6.5001001));
#8111 = ORIENTED_EDGE('',*,*,#8078,.T.);
#8112 = B_SPLINE_SURFACE_WITH_KNOTS('',1,1,(
    (#8113,#8114)
    ,(#8115,#8116
    )),.UNSPECIFIED.,.F.,.F.,.F.,(2,2),(2,2),(-9.999999999977E-05,0.),(
    -2.339455311681E-02,0.),.PIECEWISE_BEZIER_KNOTS.);
#8113 = CARTESIAN_POINT('',(0.740798599886,1.950020558842,6.5000001));
#8114 = CARTESIAN_POINT('',(0.740798599886,1.973415111959,6.5000001));
#8115 = CARTESIAN_POINT('',(0.740798599886,1.950020558842,6.5001001));
#8116 = CARTESIAN_POINT('',(0.740798599886,1.973415111959,6.5001001));
#8117 = ADVANCED_FACE('',(#8118),#8134,.F.);
#8118 = FACE_BOUND('',#8119,.T.);
#8119 = EDGE_LOOP('',(#8120,#8121,#8128,#8133));
#8120 = ORIENTED_EDGE('',*,*,#1994,.T.);
#8121 = ORIENTED_EDGE('',*,*,#8122,.F.);
#8122 = EDGE_CURVE('',#8123,#1988,#8125,.T.);
#8123 = VERTEX_POINT('',#8124);
#8124 = CARTESIAN_POINT('',(0.636042989817,1.973415111959,6.5001001));
#8125 = B_SPLINE_CURVE_WITH_KNOTS('',1,(#8126,#8127),.UNSPECIFIED.,.F.,
  .F.,(2,2),(-0.,9.999999999177E-05),.PIECEWISE_BEZIER_KNOTS.);
#8126 = CARTESIAN_POINT('',(0.636042989817,1.973415111959,6.5001001));
#8127 = CARTESIAN_POINT('',(0.636042989817,1.973415111959,6.5000001));
#8128 = ORIENTED_EDGE('',*,*,#8129,.F.);
#8129 = EDGE_CURVE('',#8101,#8123,#8130,.T.);
#8130 = B_SPLINE_CURVE_WITH_KNOTS('',1,(#8131,#8132),.UNSPECIFIED.,.F.,
  .F.,(2,2),(-0.104755610069,-0.),.PIECEWISE_BEZIER_KNOTS.);
#8131 = CARTESIAN_POINT('',(0.740798599886,1.973415111959,6.5001001));
#8132 = CARTESIAN_POINT('',(0.636042989817,1.973415111959,6.5001001));
#8133 = ORIENTED_EDGE('',*,*,#8100,.T.);
#8134 = B_SPLINE_SURFACE_WITH_KNOTS('',1,1,(
    (#8135,#8136)
    ,(#8137,#8138
    )),.UNSPECIFIED.,.F.,.F.,.F.,(2,2),(2,2),(0.,9.999999999977E-05),(
    -2.22044604925E-16,0.104755610069),.PIECEWISE_BEZIER_KNOTS.);
#8135 = CARTESIAN_POINT('',(0.636042989817,1.973415111959,6.5001001));
#8136 = CARTESIAN_POINT('',(0.740798599886,1.973415111959,6.5001001));
#8137 = CARTESIAN_POINT('',(0.636042989817,1.973415111959,6.5000001));
#8138 = CARTESIAN_POINT('',(0.740798599886,1.973415111959,6.5000001));
#8139 = ADVANCED_FACE('',(#8140),#8156,.F.);
#8140 = FACE_BOUND('',#8141,.T.);
#8141 = EDGE_LOOP('',(#8142,#8143,#8150,#8155));
#8142 = ORIENTED_EDGE('',*,*,#1987,.T.);
#8143 = ORIENTED_EDGE('',*,*,#8144,.F.);
#8144 = EDGE_CURVE('',#8145,#1981,#8147,.T.);
#8145 = VERTEX_POINT('',#8146);
#8146 = CARTESIAN_POINT('',(0.636042989817,1.770038463527,6.5001001));
#8147 = B_SPLINE_CURVE_WITH_KNOTS('',1,(#8148,#8149),.UNSPECIFIED.,.F.,
  .F.,(2,2),(-0.,9.999999999E-05),.PIECEWISE_BEZIER_KNOTS.);
#8148 = CARTESIAN_POINT('',(0.636042989817,1.770038463527,6.5001001));
#8149 = CARTESIAN_POINT('',(0.636042989817,1.770038463527,6.5000001));
#8150 = ORIENTED_EDGE('',*,*,#8151,.F.);
#8151 = EDGE_CURVE('',#8123,#8145,#8152,.T.);
#8152 = B_SPLINE_CURVE_WITH_KNOTS('',1,(#8153,#8154),.UNSPECIFIED.,.F.,
  .F.,(2,2),(-0.203376648431,-0.),.PIECEWISE_BEZIER_KNOTS.);
#8153 = CARTESIAN_POINT('',(0.636042989817,1.973415111959,6.5001001));
#8154 = CARTESIAN_POINT('',(0.636042989817,1.770038463527,6.5001001));
#8155 = ORIENTED_EDGE('',*,*,#8122,.T.);
#8156 = B_SPLINE_SURFACE_WITH_KNOTS('',1,1,(
    (#8157,#8158)
    ,(#8159,#8160
    )),.UNSPECIFIED.,.F.,.F.,.F.,(2,2),(2,2),(0.,9.999999999977E-05),(0.
    ,0.203376648431),.PIECEWISE_BEZIER_KNOTS.);
#8157 = CARTESIAN_POINT('',(0.636042989817,1.770038463527,6.5001001));
#8158 = CARTESIAN_POINT('',(0.636042989817,1.973415111959,6.5001001));
#8159 = CARTESIAN_POINT('',(0.636042989817,1.770038463527,6.5000001));
#8160 = CARTESIAN_POINT('',(0.636042989817,1.973415111959,6.5000001));
#8161 = ADVANCED_FACE('',(#8162),#8172,.F.);
#8162 = FACE_BOUND('',#8163,.T.);
#8163 = EDGE_LOOP('',(#8164,#8165,#8166,#8171));
#8164 = ORIENTED_EDGE('',*,*,#1980,.T.);
#8165 = ORIENTED_EDGE('',*,*,#7932,.F.);
#8166 = ORIENTED_EDGE('',*,*,#8167,.F.);
#8167 = EDGE_CURVE('',#8145,#7926,#8168,.T.);
#8168 = B_SPLINE_CURVE_WITH_KNOTS('',1,(#8169,#8170),.UNSPECIFIED.,.F.,
  .F.,(2,2),(-0.109382532797,0.),.PIECEWISE_BEZIER_KNOTS.);
#8169 = CARTESIAN_POINT('',(0.636042989817,1.770038463527,6.5001001));
#8170 = CARTESIAN_POINT('',(0.745425522614,1.770038463527,6.5001001));
#8171 = ORIENTED_EDGE('',*,*,#8144,.T.);
#8172 = B_SPLINE_SURFACE_WITH_KNOTS('',1,1,(
    (#8173,#8174)
    ,(#8175,#8176
    )),.UNSPECIFIED.,.F.,.F.,.F.,(2,2),(2,2),(-9.999999999977E-05,0.),(
    -0.109382532797,0.),.PIECEWISE_BEZIER_KNOTS.);
#8173 = CARTESIAN_POINT('',(0.636042989817,1.770038463527,6.5000001));
#8174 = CARTESIAN_POINT('',(0.745425522614,1.770038463527,6.5000001));
#8175 = CARTESIAN_POINT('',(0.636042989817,1.770038463527,6.5001001));
#8176 = CARTESIAN_POINT('',(0.745425522614,1.770038463527,6.5001001));
#8177 = ADVANCED_FACE('',(#8178),#8192,.F.);
#8178 = FACE_BOUND('',#8179,.T.);
#8179 = EDGE_LOOP('',(#8180,#8181,#8182,#8183,#8184,#8185,#8186,#8187,
    #8188,#8189,#8190,#8191));
#8180 = ORIENTED_EDGE('',*,*,#7925,.T.);
#8181 = ORIENTED_EDGE('',*,*,#7953,.T.);
#8182 = ORIENTED_EDGE('',*,*,#7975,.T.);
#8183 = ORIENTED_EDGE('',*,*,#7997,.T.);
#8184 = ORIENTED_EDGE('',*,*,#8019,.T.);
#8185 = ORIENTED_EDGE('',*,*,#8041,.T.);
#8186 = ORIENTED_EDGE('',*,*,#8063,.T.);
#8187 = ORIENTED_EDGE('',*,*,#8085,.T.);
#8188 = ORIENTED_EDGE('',*,*,#8107,.T.);
#8189 = ORIENTED_EDGE('',*,*,#8129,.T.);
#8190 = ORIENTED_EDGE('',*,*,#8151,.T.);
#8191 = ORIENTED_EDGE('',*,*,#8167,.T.);
#8192 = B_SPLINE_SURFACE_WITH_KNOTS('',1,1,(
    (#8193,#8194)
    ,(#8195,#8196
    )),.UNSPECIFIED.,.F.,.F.,.F.,(2,2),(2,2),(-0.745425522614,
    -0.636042989817),(-0.979961536473,-0.776584888041),
  .PIECEWISE_BEZIER_KNOTS.);
#8193 = CARTESIAN_POINT('',(0.745425522614,1.770038463527,6.5001001));
#8194 = CARTESIAN_POINT('',(0.745425522614,1.973415111959,6.5001001));
#8195 = CARTESIAN_POINT('',(0.636042989817,1.770038463527,6.5001001));
#8196 = CARTESIAN_POINT('',(0.636042989817,1.973415111959,6.5001001));
#8197 = ADVANCED_FACE('',(#8198,#8257),#8316,.T.);
#8198 = FACE_BOUND('',#8199,.T.);
#8199 = EDGE_LOOP('',(#8200,#8209,#8218,#8227,#8236,#8245,#8252));
#8200 = ORIENTED_EDGE('',*,*,#8201,.T.);
#8201 = EDGE_CURVE('',#8202,#8204,#8206,.T.);
#8202 = VERTEX_POINT('',#8203);
#8203 = CARTESIAN_POINT('',(0.783844577622,1.770038463527,6.5001001));
#8204 = VERTEX_POINT('',#8205);
#8205 = CARTESIAN_POINT('',(0.83978355352,1.770038463527,6.5001001));
#8206 = B_SPLINE_CURVE_WITH_KNOTS('',1,(#8207,#8208),.UNSPECIFIED.,.F.,
  .F.,(2,2),(-5.593897589787E-02,-1.110223024625E-16),
  .PIECEWISE_BEZIER_KNOTS.);
#8207 = CARTESIAN_POINT('',(0.783844577622,1.770038463527,6.5001001));
#8208 = CARTESIAN_POINT('',(0.83978355352,1.770038463527,6.5001001));
#8209 = ORIENTED_EDGE('',*,*,#8210,.T.);
#8210 = EDGE_CURVE('',#8204,#8211,#8213,.T.);
#8211 = VERTEX_POINT('',#8212);
#8212 = CARTESIAN_POINT('',(0.918753167263,1.798527830434,6.5001001));
#8213 = B_SPLINE_CURVE_WITH_KNOTS('',3,(#8214,#8215,#8216,#8217),
  .UNSPECIFIED.,.F.,.F.,(4,4),(5.,6.),.PIECEWISE_BEZIER_KNOTS.);
#8214 = CARTESIAN_POINT('',(0.83978355352,1.770038463527,6.5001001));
#8215 = CARTESIAN_POINT('',(0.871964061029,1.770038463527,6.5001001));
#8216 = CARTESIAN_POINT('',(0.898321924208,1.779500260565,6.5001001));
#8217 = CARTESIAN_POINT('',(0.918753167263,1.798527830434,6.5001001));
#8218 = ORIENTED_EDGE('',*,*,#8219,.T.);
#8219 = EDGE_CURVE('',#8211,#8220,#8222,.T.);
#8220 = VERTEX_POINT('',#8221);
#8221 = CARTESIAN_POINT('',(0.949426025795,1.874326182533,6.5001001));
#8222 = B_SPLINE_CURVE_WITH_KNOTS('',3,(#8223,#8224,#8225,#8226),
  .UNSPECIFIED.,.F.,.F.,(4,4),(4.,5.),.PIECEWISE_BEZIER_KNOTS.);
#8223 = CARTESIAN_POINT('',(0.918753167263,1.798527830434,6.5001001));
#8224 = CARTESIAN_POINT('',(0.939184410319,1.817555400303,6.5001001));
#8225 = CARTESIAN_POINT('',(0.949426025795,1.842821517668,6.5001001));
#8226 = CARTESIAN_POINT('',(0.949426025795,1.874326182533,6.5001001));
#8227 = ORIENTED_EDGE('',*,*,#8228,.T.);
#8228 = EDGE_CURVE('',#8220,#8229,#8231,.T.);
#8229 = VERTEX_POINT('',#8230);
#8230 = CARTESIAN_POINT('',(0.918753167263,1.946485381926,6.5001001));
#8231 = B_SPLINE_CURVE_WITH_KNOTS('',3,(#8232,#8233,#8234,#8235),
  .UNSPECIFIED.,.F.,.F.,(4,4),(3.,4.),.PIECEWISE_BEZIER_KNOTS.);
#8232 = CARTESIAN_POINT('',(0.949426025795,1.874326182533,6.5001001));
#8233 = CARTESIAN_POINT('',(0.949426025795,1.904479162106,6.5001001));
#8234 = CARTESIAN_POINT('',(0.939184410319,1.928497569974,6.5001001));
#8235 = CARTESIAN_POINT('',(0.918753167263,1.946485381926,6.5001001));
#8236 = ORIENTED_EDGE('',*,*,#8237,.T.);
#8237 = EDGE_CURVE('',#8229,#8238,#8240,.T.);
#8238 = VERTEX_POINT('',#8239);
#8239 = CARTESIAN_POINT('',(0.841863069352,1.973415111959,6.5001001));
#8240 = B_SPLINE_CURVE_WITH_KNOTS('',3,(#8241,#8242,#8243,#8244),
  .UNSPECIFIED.,.F.,.F.,(4,4),(2.,3.),.PIECEWISE_BEZIER_KNOTS.);
#8241 = CARTESIAN_POINT('',(0.918753167263,1.946485381926,6.5001001));
#8242 = CARTESIAN_POINT('',(0.898321924208,1.964473193878,6.5001001));
#8243 = CARTESIAN_POINT('',(0.87269189157,1.973415111959,6.5001001));
#8244 = CARTESIAN_POINT('',(0.841863069352,1.973415111959,6.5001001));
#8245 = ORIENTED_EDGE('',*,*,#8246,.T.);
#8246 = EDGE_CURVE('',#8238,#8247,#8249,.T.);
#8247 = VERTEX_POINT('',#8248);
#8248 = CARTESIAN_POINT('',(0.783844577622,1.973415111959,6.5001001));
#8249 = B_SPLINE_CURVE_WITH_KNOTS('',1,(#8250,#8251),.UNSPECIFIED.,.F.,
  .F.,(2,2),(-5.801849172952E-02,-0.),.PIECEWISE_BEZIER_KNOTS.);
#8250 = CARTESIAN_POINT('',(0.841863069352,1.973415111959,6.5001001));
#8251 = CARTESIAN_POINT('',(0.783844577622,1.973415111959,6.5001001));
#8252 = ORIENTED_EDGE('',*,*,#8253,.T.);
#8253 = EDGE_CURVE('',#8247,#8202,#8254,.T.);
#8254 = B_SPLINE_CURVE_WITH_KNOTS('',1,(#8255,#8256),.UNSPECIFIED.,.F.,
  .F.,(2,2),(-0.203376648431,-0.),.PIECEWISE_BEZIER_KNOTS.);
#8255 = CARTESIAN_POINT('',(0.783844577622,1.973415111959,6.5001001));
#8256 = CARTESIAN_POINT('',(0.783844577622,1.770038463527,6.5001001));
#8257 = FACE_BOUND('',#8258,.T.);
#8258 = EDGE_LOOP('',(#8259,#8268,#8275,#8284,#8293,#8302,#8311));
#8259 = ORIENTED_EDGE('',*,*,#8260,.F.);
#8260 = EDGE_CURVE('',#8261,#8263,#8265,.T.);
#8261 = VERTEX_POINT('',#8262);
#8262 = CARTESIAN_POINT('',(0.810098465008,1.950020558842,6.5001001));
#8263 = VERTEX_POINT('',#8264);
#8264 = CARTESIAN_POINT('',(0.810098465008,1.793225065061,6.5001001));
#8265 = B_SPLINE_CURVE_WITH_KNOTS('',1,(#8266,#8267),.UNSPECIFIED.,.F.,
  .F.,(2,2),(0.,0.156795493781),.PIECEWISE_BEZIER_KNOTS.);
#8266 = CARTESIAN_POINT('',(0.810098465008,1.950020558842,6.5001001));
#8267 = CARTESIAN_POINT('',(0.810098465008,1.793225065061,6.5001001));
#8268 = ORIENTED_EDGE('',*,*,#8269,.F.);
#8269 = EDGE_CURVE('',#8270,#8261,#8272,.T.);
#8270 = VERTEX_POINT('',#8271);
#8271 = CARTESIAN_POINT('',(0.840823311435,1.950020558842,6.5001001));
#8272 = B_SPLINE_CURVE_WITH_KNOTS('',1,(#8273,#8274),.UNSPECIFIED.,.F.,
  .F.,(2,2),(1.110223024625E-16,3.072484642681E-02),
  .PIECEWISE_BEZIER_KNOTS.);
#8273 = CARTESIAN_POINT('',(0.840823311435,1.950020558842,6.5001001));
#8274 = CARTESIAN_POINT('',(0.810098465008,1.950020558842,6.5001001));
#8275 = ORIENTED_EDGE('',*,*,#8276,.F.);
#8276 = EDGE_CURVE('',#8277,#8270,#8279,.T.);
#8277 = VERTEX_POINT('',#8278);
#8278 = CARTESIAN_POINT('',(0.899517645811,1.930889013181,6.5001001));
#8279 = B_SPLINE_CURVE_WITH_KNOTS('',3,(#8280,#8281,#8282,#8283),
  .UNSPECIFIED.,.F.,.F.,(4,4),(5.,6.),.PIECEWISE_BEZIER_KNOTS.);
#8280 = CARTESIAN_POINT('',(0.899517645811,1.930889013181,6.5001001));
#8281 = CARTESIAN_POINT('',(0.884649107608,1.943678035551,6.5001001));
#8282 = CARTESIAN_POINT('',(0.865049670885,1.950020558842,6.5001001));
#8283 = CARTESIAN_POINT('',(0.840823311435,1.950020558842,6.5001001));
#8284 = ORIENTED_EDGE('',*,*,#8285,.F.);
#8285 = EDGE_CURVE('',#8286,#8277,#8288,.T.);
#8286 = VERTEX_POINT('',#8287);
#8287 = CARTESIAN_POINT('',(0.921820453115,1.873598351992,6.5001001));
#8288 = B_SPLINE_CURVE_WITH_KNOTS('',3,(#8289,#8290,#8291,#8292),
  .UNSPECIFIED.,.F.,.F.,(4,4),(4.,5.),.PIECEWISE_BEZIER_KNOTS.);
#8289 = CARTESIAN_POINT('',(0.921820453115,1.873598351992,6.5001001));
#8290 = CARTESIAN_POINT('',(0.921820453115,1.898968445151,6.5001001));
#8291 = CARTESIAN_POINT('',(0.914386184014,1.91809999081,6.5001001));
#8292 = CARTESIAN_POINT('',(0.899517645811,1.930889013181,6.5001001));
#8293 = ORIENTED_EDGE('',*,*,#8294,.F.);
#8294 = EDGE_CURVE('',#8295,#8286,#8297,.T.);
#8295 = VERTEX_POINT('',#8296);
#8296 = CARTESIAN_POINT('',(0.900089512666,1.814436126553,6.5001001));
#8297 = B_SPLINE_CURVE_WITH_KNOTS('',3,(#8298,#8299,#8300,#8301),
  .UNSPECIFIED.,.F.,.F.,(4,4),(3.,4.),.PIECEWISE_BEZIER_KNOTS.);
#8298 = CARTESIAN_POINT('',(0.900089512666,1.814436126553,6.5001001));
#8299 = CARTESIAN_POINT('',(0.914594135598,1.828472858424,6.5001001));
#8300 = CARTESIAN_POINT('',(0.921820453115,1.848228258834,6.5001001));
#8301 = CARTESIAN_POINT('',(0.921820453115,1.873598351992,6.5001001));
#8302 = ORIENTED_EDGE('',*,*,#8303,.F.);
#8303 = EDGE_CURVE('',#8304,#8295,#8306,.T.);
#8304 = VERTEX_POINT('',#8305);
#8305 = CARTESIAN_POINT('',(0.839627589831,1.793225065061,6.5001001));
#8306 = B_SPLINE_CURVE_WITH_KNOTS('',3,(#8307,#8308,#8309,#8310),
  .UNSPECIFIED.,.F.,.F.,(4,4),(2.,3.),.PIECEWISE_BEZIER_KNOTS.);
#8307 = CARTESIAN_POINT('',(0.839627589831,1.793225065061,6.5001001));
#8308 = CARTESIAN_POINT('',(0.865465574051,1.793225065061,6.5001001));
#8309 = CARTESIAN_POINT('',(0.885636877629,1.800295418891,6.5001001));
#8310 = CARTESIAN_POINT('',(0.900089512666,1.814436126553,6.5001001));
#8311 = ORIENTED_EDGE('',*,*,#8312,.F.);
#8312 = EDGE_CURVE('',#8263,#8304,#8313,.T.);
#8313 = B_SPLINE_CURVE_WITH_KNOTS('',1,(#8314,#8315),.UNSPECIFIED.,.F.,
  .F.,(2,2),(0.,2.952912482302E-02),.PIECEWISE_BEZIER_KNOTS.);
#8314 = CARTESIAN_POINT('',(0.810098465008,1.793225065061,6.5001001));
#8315 = CARTESIAN_POINT('',(0.839627589831,1.793225065061,6.5001001));
#8316 = B_SPLINE_SURFACE_WITH_KNOTS('',1,1,(
    (#8317,#8318)
    ,(#8319,#8320
    )),.UNSPECIFIED.,.F.,.F.,.F.,(2,2),(2,2),(-0.100362632872,
    6.521881530169E-02),(-0.196657212897,6.719435534512E-03),
  .PIECEWISE_BEZIER_KNOTS.);
#8317 = CARTESIAN_POINT('',(0.783844577622,1.770038463527,6.5001001));
#8318 = CARTESIAN_POINT('',(0.783844577622,1.973415111959,6.5001001));
#8319 = CARTESIAN_POINT('',(0.949426025795,1.770038463527,6.5001001));
#8320 = CARTESIAN_POINT('',(0.949426025795,1.973415111959,6.5001001));
#8321 = ADVANCED_FACE('',(#8322),#8336,.F.);
#8322 = FACE_BOUND('',#8323,.T.);
#8323 = EDGE_LOOP('',(#8324,#8325,#8330,#8331));
#8324 = ORIENTED_EDGE('',*,*,#2057,.T.);
#8325 = ORIENTED_EDGE('',*,*,#8326,.F.);
#8326 = EDGE_CURVE('',#8204,#2060,#8327,.T.);
#8327 = B_SPLINE_CURVE_WITH_KNOTS('',1,(#8328,#8329),.UNSPECIFIED.,.F.,
  .F.,(2,2),(-0.,9.999999998422E-05),.PIECEWISE_BEZIER_KNOTS.);
#8328 = CARTESIAN_POINT('',(0.83978355352,1.770038463527,6.5001001));
#8329 = CARTESIAN_POINT('',(0.83978355352,1.770038463527,6.5000001));
#8330 = ORIENTED_EDGE('',*,*,#8201,.F.);
#8331 = ORIENTED_EDGE('',*,*,#8332,.T.);
#8332 = EDGE_CURVE('',#8202,#2058,#8333,.T.);
#8333 = B_SPLINE_CURVE_WITH_KNOTS('',1,(#8334,#8335),.UNSPECIFIED.,.F.,
  .F.,(2,2),(-0.,9.999999999977E-05),.PIECEWISE_BEZIER_KNOTS.);
#8334 = CARTESIAN_POINT('',(0.783844577622,1.770038463527,6.5001001));
#8335 = CARTESIAN_POINT('',(0.783844577622,1.770038463527,6.5000001));
#8336 = B_SPLINE_SURFACE_WITH_KNOTS('',1,1,(
    (#8337,#8338)
    ,(#8339,#8340
    )),.UNSPECIFIED.,.F.,.F.,.F.,(2,2),(2,2),(-9.999999999977E-05,0.),(
    -5.593897589787E-02,-1.110223024625E-16),.PIECEWISE_BEZIER_KNOTS.);
#8337 = CARTESIAN_POINT('',(0.783844577622,1.770038463527,6.5000001));
#8338 = CARTESIAN_POINT('',(0.83978355352,1.770038463527,6.5000001));
#8339 = CARTESIAN_POINT('',(0.783844577622,1.770038463527,6.5001001));
#8340 = CARTESIAN_POINT('',(0.83978355352,1.770038463527,6.5001001));
#8341 = ADVANCED_FACE('',(#8342),#8352,.F.);
#8342 = FACE_BOUND('',#8343,.F.);
#8343 = EDGE_LOOP('',(#8344,#8345,#8346,#8351));
#8344 = ORIENTED_EDGE('',*,*,#8326,.F.);
#8345 = ORIENTED_EDGE('',*,*,#8210,.T.);
#8346 = ORIENTED_EDGE('',*,*,#8347,.T.);
#8347 = EDGE_CURVE('',#8211,#2099,#8348,.T.);
#8348 = B_SPLINE_CURVE_WITH_KNOTS('',1,(#8349,#8350),.UNSPECIFIED.,.F.,
  .F.,(2,2),(-0.,9.999999998422E-05),.PIECEWISE_BEZIER_KNOTS.);
#8349 = CARTESIAN_POINT('',(0.918753167263,1.798527830434,6.5001001));
#8350 = CARTESIAN_POINT('',(0.918753167263,1.798527830434,6.5000001));
#8351 = ORIENTED_EDGE('',*,*,#2107,.F.);
#8352 = B_SPLINE_SURFACE_WITH_KNOTS('',3,1,(
    (#8353,#8354)
    ,(#8355,#8356)
    ,(#8357,#8358)
    ,(#8359,#8360
    )),.UNSPECIFIED.,.F.,.F.,.F.,(4,4),(2,2),(5.,6.),(0.,1.),
  .PIECEWISE_BEZIER_KNOTS.);
#8353 = CARTESIAN_POINT('',(0.83978355352,1.770038463527,6.5001001));
#8354 = CARTESIAN_POINT('',(0.83978355352,1.770038463527,6.5000001));
#8355 = CARTESIAN_POINT('',(0.871964061029,1.770038463527,6.5001001));
#8356 = CARTESIAN_POINT('',(0.871964061029,1.770038463527,6.5000001));
#8357 = CARTESIAN_POINT('',(0.898321924208,1.779500260565,6.5001001));
#8358 = CARTESIAN_POINT('',(0.898321924208,1.779500260565,6.5000001));
#8359 = CARTESIAN_POINT('',(0.918753167263,1.798527830434,6.5001001));
#8360 = CARTESIAN_POINT('',(0.918753167263,1.798527830434,6.5000001));
#8361 = ADVANCED_FACE('',(#8362),#8372,.F.);
#8362 = FACE_BOUND('',#8363,.F.);
#8363 = EDGE_LOOP('',(#8364,#8365,#8366,#8371));
#8364 = ORIENTED_EDGE('',*,*,#8347,.F.);
#8365 = ORIENTED_EDGE('',*,*,#8219,.T.);
#8366 = ORIENTED_EDGE('',*,*,#8367,.T.);
#8367 = EDGE_CURVE('',#8220,#2090,#8368,.T.);
#8368 = B_SPLINE_CURVE_WITH_KNOTS('',1,(#8369,#8370),.UNSPECIFIED.,.F.,
  .F.,(2,2),(-0.,9.999999998422E-05),.PIECEWISE_BEZIER_KNOTS.);
#8369 = CARTESIAN_POINT('',(0.949426025795,1.874326182533,6.5001001));
#8370 = CARTESIAN_POINT('',(0.949426025795,1.874326182533,6.5000001));
#8371 = ORIENTED_EDGE('',*,*,#2098,.F.);
#8372 = B_SPLINE_SURFACE_WITH_KNOTS('',3,1,(
    (#8373,#8374)
    ,(#8375,#8376)
    ,(#8377,#8378)
    ,(#8379,#8380
    )),.UNSPECIFIED.,.F.,.F.,.F.,(4,4),(2,2),(4.,5.),(0.,1.),
  .PIECEWISE_BEZIER_KNOTS.);
#8373 = CARTESIAN_POINT('',(0.918753167263,1.798527830434,6.5001001));
#8374 = CARTESIAN_POINT('',(0.918753167263,1.798527830434,6.5000001));
#8375 = CARTESIAN_POINT('',(0.939184410319,1.817555400303,6.5001001));
#8376 = CARTESIAN_POINT('',(0.939184410319,1.817555400303,6.5000001));
#8377 = CARTESIAN_POINT('',(0.949426025795,1.842821517668,6.5001001));
#8378 = CARTESIAN_POINT('',(0.949426025795,1.842821517668,6.5000001));
#8379 = CARTESIAN_POINT('',(0.949426025795,1.874326182533,6.5001001));
#8380 = CARTESIAN_POINT('',(0.949426025795,1.874326182533,6.5000001));
#8381 = ADVANCED_FACE('',(#8382),#8392,.F.);
#8382 = FACE_BOUND('',#8383,.F.);
#8383 = EDGE_LOOP('',(#8384,#8385,#8386,#8391));
#8384 = ORIENTED_EDGE('',*,*,#8367,.F.);
#8385 = ORIENTED_EDGE('',*,*,#8228,.T.);
#8386 = ORIENTED_EDGE('',*,*,#8387,.T.);
#8387 = EDGE_CURVE('',#8229,#2081,#8388,.T.);
#8388 = B_SPLINE_CURVE_WITH_KNOTS('',1,(#8389,#8390),.UNSPECIFIED.,.F.,
  .F.,(2,2),(-0.,9.999999998422E-05),.PIECEWISE_BEZIER_KNOTS.);
#8389 = CARTESIAN_POINT('',(0.918753167263,1.946485381926,6.5001001));
#8390 = CARTESIAN_POINT('',(0.918753167263,1.946485381926,6.5000001));
#8391 = ORIENTED_EDGE('',*,*,#2089,.F.);
#8392 = B_SPLINE_SURFACE_WITH_KNOTS('',3,1,(
    (#8393,#8394)
    ,(#8395,#8396)
    ,(#8397,#8398)
    ,(#8399,#8400
    )),.UNSPECIFIED.,.F.,.F.,.F.,(4,4),(2,2),(3.,4.),(0.,1.),
  .PIECEWISE_BEZIER_KNOTS.);
#8393 = CARTESIAN_POINT('',(0.949426025795,1.874326182533,6.5001001));
#8394 = CARTESIAN_POINT('',(0.949426025795,1.874326182533,6.5000001));
#8395 = CARTESIAN_POINT('',(0.949426025795,1.904479162106,6.5001001));
#8396 = CARTESIAN_POINT('',(0.949426025795,1.904479162106,6.5000001));
#8397 = CARTESIAN_POINT('',(0.939184410319,1.928497569974,6.5001001));
#8398 = CARTESIAN_POINT('',(0.939184410319,1.928497569974,6.5000001));
#8399 = CARTESIAN_POINT('',(0.918753167263,1.946485381926,6.5001001));
#8400 = CARTESIAN_POINT('',(0.918753167263,1.946485381926,6.5000001));
#8401 = ADVANCED_FACE('',(#8402),#8412,.F.);
#8402 = FACE_BOUND('',#8403,.F.);
#8403 = EDGE_LOOP('',(#8404,#8405,#8406,#8411));
#8404 = ORIENTED_EDGE('',*,*,#8387,.F.);
#8405 = ORIENTED_EDGE('',*,*,#8237,.T.);
#8406 = ORIENTED_EDGE('',*,*,#8407,.T.);
#8407 = EDGE_CURVE('',#8238,#2074,#8408,.T.);
#8408 = B_SPLINE_CURVE_WITH_KNOTS('',1,(#8409,#8410),.UNSPECIFIED.,.F.,
  .F.,(2,2),(-0.,9.999999999177E-05),.PIECEWISE_BEZIER_KNOTS.);
#8409 = CARTESIAN_POINT('',(0.841863069352,1.973415111959,6.5001001));
#8410 = CARTESIAN_POINT('',(0.841863069352,1.973415111959,6.5000001));
#8411 = ORIENTED_EDGE('',*,*,#2080,.F.);
#8412 = B_SPLINE_SURFACE_WITH_KNOTS('',3,1,(
    (#8413,#8414)
    ,(#8415,#8416)
    ,(#8417,#8418)
    ,(#8419,#8420
    )),.UNSPECIFIED.,.F.,.F.,.F.,(4,4),(2,2),(2.,3.),(0.,1.),
  .PIECEWISE_BEZIER_KNOTS.);
#8413 = CARTESIAN_POINT('',(0.918753167263,1.946485381926,6.5001001));
#8414 = CARTESIAN_POINT('',(0.918753167263,1.946485381926,6.5000001));
#8415 = CARTESIAN_POINT('',(0.898321924208,1.964473193878,6.5001001));
#8416 = CARTESIAN_POINT('',(0.898321924208,1.964473193878,6.5000001));
#8417 = CARTESIAN_POINT('',(0.87269189157,1.973415111959,6.5001001));
#8418 = CARTESIAN_POINT('',(0.87269189157,1.973415111959,6.5000001));
#8419 = CARTESIAN_POINT('',(0.841863069352,1.973415111959,6.5001001));
#8420 = CARTESIAN_POINT('',(0.841863069352,1.973415111959,6.5000001));
#8421 = ADVANCED_FACE('',(#8422),#8432,.F.);
#8422 = FACE_BOUND('',#8423,.T.);
#8423 = EDGE_LOOP('',(#8424,#8425,#8430,#8431));
#8424 = ORIENTED_EDGE('',*,*,#2073,.T.);
#8425 = ORIENTED_EDGE('',*,*,#8426,.F.);
#8426 = EDGE_CURVE('',#8247,#2067,#8427,.T.);
#8427 = B_SPLINE_CURVE_WITH_KNOTS('',1,(#8428,#8429),.UNSPECIFIED.,.F.,
  .F.,(2,2),(-0.,9.999999999177E-05),.PIECEWISE_BEZIER_KNOTS.);
#8428 = CARTESIAN_POINT('',(0.783844577622,1.973415111959,6.5001001));
#8429 = CARTESIAN_POINT('',(0.783844577622,1.973415111959,6.5000001));
#8430 = ORIENTED_EDGE('',*,*,#8246,.F.);
#8431 = ORIENTED_EDGE('',*,*,#8407,.T.);
#8432 = B_SPLINE_SURFACE_WITH_KNOTS('',1,1,(
    (#8433,#8434)
    ,(#8435,#8436
    )),.UNSPECIFIED.,.F.,.F.,.F.,(2,2),(2,2),(0.,9.999999999977E-05),(0.
    ,5.801849172952E-02),.PIECEWISE_BEZIER_KNOTS.);
#8433 = CARTESIAN_POINT('',(0.783844577622,1.973415111959,6.5001001));
#8434 = CARTESIAN_POINT('',(0.841863069352,1.973415111959,6.5001001));
#8435 = CARTESIAN_POINT('',(0.783844577622,1.973415111959,6.5000001));
#8436 = CARTESIAN_POINT('',(0.841863069352,1.973415111959,6.5000001));
#8437 = ADVANCED_FACE('',(#8438),#8444,.F.);
#8438 = FACE_BOUND('',#8439,.T.);
#8439 = EDGE_LOOP('',(#8440,#8441,#8442,#8443));
#8440 = ORIENTED_EDGE('',*,*,#2066,.T.);
#8441 = ORIENTED_EDGE('',*,*,#8332,.F.);
#8442 = ORIENTED_EDGE('',*,*,#8253,.F.);
#8443 = ORIENTED_EDGE('',*,*,#8426,.T.);
#8444 = B_SPLINE_SURFACE_WITH_KNOTS('',1,1,(
    (#8445,#8446)
    ,(#8447,#8448
    )),.UNSPECIFIED.,.F.,.F.,.F.,(2,2),(2,2),(0.,9.999999999977E-05),(0.
    ,0.203376648431),.PIECEWISE_BEZIER_KNOTS.);
#8445 = CARTESIAN_POINT('',(0.783844577622,1.770038463527,6.5001001));
#8446 = CARTESIAN_POINT('',(0.783844577622,1.973415111959,6.5001001));
#8447 = CARTESIAN_POINT('',(0.783844577622,1.770038463527,6.5000001));
#8448 = CARTESIAN_POINT('',(0.783844577622,1.973415111959,6.5000001));
#8449 = ADVANCED_FACE('',(#8450),#8472,.T.);
#8450 = FACE_BOUND('',#8451,.T.);
#8451 = EDGE_LOOP('',(#8452,#8461,#8466,#8467));
#8452 = ORIENTED_EDGE('',*,*,#8453,.F.);
#8453 = EDGE_CURVE('',#8454,#8456,#8458,.T.);
#8454 = VERTEX_POINT('',#8455);
#8455 = CARTESIAN_POINT('',(0.840823311435,1.950020558842,6.5000001));
#8456 = VERTEX_POINT('',#8457);
#8457 = CARTESIAN_POINT('',(0.810098465008,1.950020558842,6.5000001));
#8458 = B_SPLINE_CURVE_WITH_KNOTS('',1,(#8459,#8460),.UNSPECIFIED.,.F.,
  .F.,(2,2),(1.110223024625E-16,3.072484642681E-02),
  .PIECEWISE_BEZIER_KNOTS.);
#8459 = CARTESIAN_POINT('',(0.840823311435,1.950020558842,6.5000001));
#8460 = CARTESIAN_POINT('',(0.810098465008,1.950020558842,6.5000001));
#8461 = ORIENTED_EDGE('',*,*,#8462,.F.);
#8462 = EDGE_CURVE('',#8270,#8454,#8463,.T.);
#8463 = B_SPLINE_CURVE_WITH_KNOTS('',1,(#8464,#8465),.UNSPECIFIED.,.F.,
  .F.,(2,2),(-0.,9.999999998422E-05),.PIECEWISE_BEZIER_KNOTS.);
#8464 = CARTESIAN_POINT('',(0.840823311435,1.950020558842,6.5001001));
#8465 = CARTESIAN_POINT('',(0.840823311435,1.950020558842,6.5000001));
#8466 = ORIENTED_EDGE('',*,*,#8269,.T.);
#8467 = ORIENTED_EDGE('',*,*,#8468,.T.);
#8468 = EDGE_CURVE('',#8261,#8456,#8469,.T.);
#8469 = B_SPLINE_CURVE_WITH_KNOTS('',1,(#8470,#8471),.UNSPECIFIED.,.F.,
  .F.,(2,2),(-0.,9.999999999977E-05),.PIECEWISE_BEZIER_KNOTS.);
#8470 = CARTESIAN_POINT('',(0.810098465008,1.950020558842,6.5001001));
#8471 = CARTESIAN_POINT('',(0.810098465008,1.950020558842,6.5000001));
#8472 = B_SPLINE_SURFACE_WITH_KNOTS('',1,1,(
    (#8473,#8474)
    ,(#8475,#8476
    )),.UNSPECIFIED.,.F.,.F.,.F.,(2,2),(2,2),(-0.,9.999999999977E-05),(
    -3.072484642681E-02,-1.110223024625E-16),.PIECEWISE_BEZIER_KNOTS.);
#8473 = CARTESIAN_POINT('',(0.810098465008,1.950020558842,6.5001001));
#8474 = CARTESIAN_POINT('',(0.840823311435,1.950020558842,6.5001001));
#8475 = CARTESIAN_POINT('',(0.810098465008,1.950020558842,6.5000001));
#8476 = CARTESIAN_POINT('',(0.840823311435,1.950020558842,6.5000001));
#8477 = ADVANCED_FACE('',(#8478),#8494,.T.);
#8478 = FACE_BOUND('',#8479,.T.);
#8479 = EDGE_LOOP('',(#8480,#8487,#8488,#8489));
#8480 = ORIENTED_EDGE('',*,*,#8481,.F.);
#8481 = EDGE_CURVE('',#8456,#8482,#8484,.T.);
#8482 = VERTEX_POINT('',#8483);
#8483 = CARTESIAN_POINT('',(0.810098465008,1.793225065061,6.5000001));
#8484 = B_SPLINE_CURVE_WITH_KNOTS('',1,(#8485,#8486),.UNSPECIFIED.,.F.,
  .F.,(2,2),(0.,0.156795493781),.PIECEWISE_BEZIER_KNOTS.);
#8485 = CARTESIAN_POINT('',(0.810098465008,1.950020558842,6.5000001));
#8486 = CARTESIAN_POINT('',(0.810098465008,1.793225065061,6.5000001));
#8487 = ORIENTED_EDGE('',*,*,#8468,.F.);
#8488 = ORIENTED_EDGE('',*,*,#8260,.T.);
#8489 = ORIENTED_EDGE('',*,*,#8490,.T.);
#8490 = EDGE_CURVE('',#8263,#8482,#8491,.T.);
#8491 = B_SPLINE_CURVE_WITH_KNOTS('',1,(#8492,#8493),.UNSPECIFIED.,.F.,
  .F.,(2,2),(-0.,9.999999999977E-05),.PIECEWISE_BEZIER_KNOTS.);
#8492 = CARTESIAN_POINT('',(0.810098465008,1.793225065061,6.5001001));
#8493 = CARTESIAN_POINT('',(0.810098465008,1.793225065061,6.5000001));
#8494 = B_SPLINE_SURFACE_WITH_KNOTS('',1,1,(
    (#8495,#8496)
    ,(#8497,#8498
    )),.UNSPECIFIED.,.F.,.F.,.F.,(2,2),(2,2),(0.,9.999999999977E-05),(
    -0.156795493781,0.),.PIECEWISE_BEZIER_KNOTS.);
#8495 = CARTESIAN_POINT('',(0.810098465008,1.793225065061,6.5001001));
#8496 = CARTESIAN_POINT('',(0.810098465008,1.950020558842,6.5001001));
#8497 = CARTESIAN_POINT('',(0.810098465008,1.793225065061,6.5000001));
#8498 = CARTESIAN_POINT('',(0.810098465008,1.950020558842,6.5000001));
#8499 = ADVANCED_FACE('',(#8500),#8516,.T.);
#8500 = FACE_BOUND('',#8501,.T.);
#8501 = EDGE_LOOP('',(#8502,#8509,#8510,#8511));
#8502 = ORIENTED_EDGE('',*,*,#8503,.F.);
#8503 = EDGE_CURVE('',#8482,#8504,#8506,.T.);
#8504 = VERTEX_POINT('',#8505);
#8505 = CARTESIAN_POINT('',(0.839627589831,1.793225065061,6.5000001));
#8506 = B_SPLINE_CURVE_WITH_KNOTS('',1,(#8507,#8508),.UNSPECIFIED.,.F.,
  .F.,(2,2),(0.,2.952912482302E-02),.PIECEWISE_BEZIER_KNOTS.);
#8507 = CARTESIAN_POINT('',(0.810098465008,1.793225065061,6.5000001));
#8508 = CARTESIAN_POINT('',(0.839627589831,1.793225065061,6.5000001));
#8509 = ORIENTED_EDGE('',*,*,#8490,.F.);
#8510 = ORIENTED_EDGE('',*,*,#8312,.T.);
#8511 = ORIENTED_EDGE('',*,*,#8512,.T.);
#8512 = EDGE_CURVE('',#8304,#8504,#8513,.T.);
#8513 = B_SPLINE_CURVE_WITH_KNOTS('',1,(#8514,#8515),.UNSPECIFIED.,.F.,
  .F.,(2,2),(-0.,9.999999999977E-05),.PIECEWISE_BEZIER_KNOTS.);
#8514 = CARTESIAN_POINT('',(0.839627589831,1.793225065061,6.5001001));
#8515 = CARTESIAN_POINT('',(0.839627589831,1.793225065061,6.5000001));
#8516 = B_SPLINE_SURFACE_WITH_KNOTS('',1,1,(
    (#8517,#8518)
    ,(#8519,#8520
    )),.UNSPECIFIED.,.F.,.F.,.F.,(2,2),(2,2),(-9.999999999977E-05,0.),(
    0.,2.952912482302E-02),.PIECEWISE_BEZIER_KNOTS.);
#8517 = CARTESIAN_POINT('',(0.810098465008,1.793225065061,6.5000001));
#8518 = CARTESIAN_POINT('',(0.839627589831,1.793225065061,6.5000001));
#8519 = CARTESIAN_POINT('',(0.810098465008,1.793225065061,6.5001001));
#8520 = CARTESIAN_POINT('',(0.839627589831,1.793225065061,6.5001001));
#8521 = ADVANCED_FACE('',(#8522),#8540,.T.);
#8522 = FACE_BOUND('',#8523,.T.);
#8523 = EDGE_LOOP('',(#8524,#8533,#8534,#8535));
#8524 = ORIENTED_EDGE('',*,*,#8525,.F.);
#8525 = EDGE_CURVE('',#8504,#8526,#8528,.T.);
#8526 = VERTEX_POINT('',#8527);
#8527 = CARTESIAN_POINT('',(0.900089512666,1.814436126553,6.5000001));
#8528 = B_SPLINE_CURVE_WITH_KNOTS('',3,(#8529,#8530,#8531,#8532),
  .UNSPECIFIED.,.F.,.F.,(4,4),(2.,3.),.PIECEWISE_BEZIER_KNOTS.);
#8529 = CARTESIAN_POINT('',(0.839627589831,1.793225065061,6.5000001));
#8530 = CARTESIAN_POINT('',(0.865465574051,1.793225065061,6.5000001));
#8531 = CARTESIAN_POINT('',(0.885636877629,1.800295418891,6.5000001));
#8532 = CARTESIAN_POINT('',(0.900089512666,1.814436126553,6.5000001));
#8533 = ORIENTED_EDGE('',*,*,#8512,.F.);
#8534 = ORIENTED_EDGE('',*,*,#8303,.T.);
#8535 = ORIENTED_EDGE('',*,*,#8536,.T.);
#8536 = EDGE_CURVE('',#8295,#8526,#8537,.T.);
#8537 = B_SPLINE_CURVE_WITH_KNOTS('',1,(#8538,#8539),.UNSPECIFIED.,.F.,
  .F.,(2,2),(-0.,9.999999999977E-05),.PIECEWISE_BEZIER_KNOTS.);
#8538 = CARTESIAN_POINT('',(0.900089512666,1.814436126553,6.5001001));
#8539 = CARTESIAN_POINT('',(0.900089512666,1.814436126553,6.5000001));
#8540 = B_SPLINE_SURFACE_WITH_KNOTS('',3,1,(
    (#8541,#8542)
    ,(#8543,#8544)
    ,(#8545,#8546)
    ,(#8547,#8548
    )),.UNSPECIFIED.,.F.,.F.,.F.,(4,4),(2,2),(2.,3.),(0.,1.),
  .PIECEWISE_BEZIER_KNOTS.);
#8541 = CARTESIAN_POINT('',(0.839627589831,1.793225065061,6.5001001));
#8542 = CARTESIAN_POINT('',(0.839627589831,1.793225065061,6.5000001));
#8543 = CARTESIAN_POINT('',(0.865465574051,1.793225065061,6.5001001));
#8544 = CARTESIAN_POINT('',(0.865465574051,1.793225065061,6.5000001));
#8545 = CARTESIAN_POINT('',(0.885636877629,1.800295418891,6.5001001));
#8546 = CARTESIAN_POINT('',(0.885636877629,1.800295418891,6.5000001));
#8547 = CARTESIAN_POINT('',(0.900089512666,1.814436126553,6.5001001));
#8548 = CARTESIAN_POINT('',(0.900089512666,1.814436126553,6.5000001));
#8549 = ADVANCED_FACE('',(#8550),#8568,.T.);
#8550 = FACE_BOUND('',#8551,.T.);
#8551 = EDGE_LOOP('',(#8552,#8561,#8562,#8563));
#8552 = ORIENTED_EDGE('',*,*,#8553,.F.);
#8553 = EDGE_CURVE('',#8526,#8554,#8556,.T.);
#8554 = VERTEX_POINT('',#8555);
#8555 = CARTESIAN_POINT('',(0.921820453115,1.873598351992,6.5000001));
#8556 = B_SPLINE_CURVE_WITH_KNOTS('',3,(#8557,#8558,#8559,#8560),
  .UNSPECIFIED.,.F.,.F.,(4,4),(3.,4.),.PIECEWISE_BEZIER_KNOTS.);
#8557 = CARTESIAN_POINT('',(0.900089512666,1.814436126553,6.5000001));
#8558 = CARTESIAN_POINT('',(0.914594135598,1.828472858424,6.5000001));
#8559 = CARTESIAN_POINT('',(0.921820453115,1.848228258834,6.5000001));
#8560 = CARTESIAN_POINT('',(0.921820453115,1.873598351992,6.5000001));
#8561 = ORIENTED_EDGE('',*,*,#8536,.F.);
#8562 = ORIENTED_EDGE('',*,*,#8294,.T.);
#8563 = ORIENTED_EDGE('',*,*,#8564,.T.);
#8564 = EDGE_CURVE('',#8286,#8554,#8565,.T.);
#8565 = B_SPLINE_CURVE_WITH_KNOTS('',1,(#8566,#8567),.UNSPECIFIED.,.F.,
  .F.,(2,2),(-0.,9.999999999977E-05),.PIECEWISE_BEZIER_KNOTS.);
#8566 = CARTESIAN_POINT('',(0.921820453115,1.873598351992,6.5001001));
#8567 = CARTESIAN_POINT('',(0.921820453115,1.873598351992,6.5000001));
#8568 = B_SPLINE_SURFACE_WITH_KNOTS('',3,1,(
    (#8569,#8570)
    ,(#8571,#8572)
    ,(#8573,#8574)
    ,(#8575,#8576
    )),.UNSPECIFIED.,.F.,.F.,.F.,(4,4),(2,2),(3.,4.),(0.,1.),
  .PIECEWISE_BEZIER_KNOTS.);
#8569 = CARTESIAN_POINT('',(0.900089512666,1.814436126553,6.5001001));
#8570 = CARTESIAN_POINT('',(0.900089512666,1.814436126553,6.5000001));
#8571 = CARTESIAN_POINT('',(0.914594135598,1.828472858424,6.5001001));
#8572 = CARTESIAN_POINT('',(0.914594135598,1.828472858424,6.5000001));
#8573 = CARTESIAN_POINT('',(0.921820453115,1.848228258834,6.5001001));
#8574 = CARTESIAN_POINT('',(0.921820453115,1.848228258834,6.5000001));
#8575 = CARTESIAN_POINT('',(0.921820453115,1.873598351992,6.5001001));
#8576 = CARTESIAN_POINT('',(0.921820453115,1.873598351992,6.5000001));
#8577 = ADVANCED_FACE('',(#8578),#8596,.T.);
#8578 = FACE_BOUND('',#8579,.T.);
#8579 = EDGE_LOOP('',(#8580,#8589,#8590,#8591));
#8580 = ORIENTED_EDGE('',*,*,#8581,.F.);
#8581 = EDGE_CURVE('',#8554,#8582,#8584,.T.);
#8582 = VERTEX_POINT('',#8583);
#8583 = CARTESIAN_POINT('',(0.899517645811,1.930889013181,6.5000001));
#8584 = B_SPLINE_CURVE_WITH_KNOTS('',3,(#8585,#8586,#8587,#8588),
  .UNSPECIFIED.,.F.,.F.,(4,4),(4.,5.),.PIECEWISE_BEZIER_KNOTS.);
#8585 = CARTESIAN_POINT('',(0.921820453115,1.873598351992,6.5000001));
#8586 = CARTESIAN_POINT('',(0.921820453115,1.898968445151,6.5000001));
#8587 = CARTESIAN_POINT('',(0.914386184014,1.91809999081,6.5000001));
#8588 = CARTESIAN_POINT('',(0.899517645811,1.930889013181,6.5000001));
#8589 = ORIENTED_EDGE('',*,*,#8564,.F.);
#8590 = ORIENTED_EDGE('',*,*,#8285,.T.);
#8591 = ORIENTED_EDGE('',*,*,#8592,.T.);
#8592 = EDGE_CURVE('',#8277,#8582,#8593,.T.);
#8593 = B_SPLINE_CURVE_WITH_KNOTS('',1,(#8594,#8595),.UNSPECIFIED.,.F.,
  .F.,(2,2),(-0.,9.999999999977E-05),.PIECEWISE_BEZIER_KNOTS.);
#8594 = CARTESIAN_POINT('',(0.899517645811,1.930889013181,6.5001001));
#8595 = CARTESIAN_POINT('',(0.899517645811,1.930889013181,6.5000001));
#8596 = B_SPLINE_SURFACE_WITH_KNOTS('',3,1,(
    (#8597,#8598)
    ,(#8599,#8600)
    ,(#8601,#8602)
    ,(#8603,#8604
    )),.UNSPECIFIED.,.F.,.F.,.F.,(4,4),(2,2),(4.,5.),(0.,1.),
  .PIECEWISE_BEZIER_KNOTS.);
#8597 = CARTESIAN_POINT('',(0.921820453115,1.873598351992,6.5001001));
#8598 = CARTESIAN_POINT('',(0.921820453115,1.873598351992,6.5000001));
#8599 = CARTESIAN_POINT('',(0.921820453115,1.898968445151,6.5001001));
#8600 = CARTESIAN_POINT('',(0.921820453115,1.898968445151,6.5000001));
#8601 = CARTESIAN_POINT('',(0.914386184014,1.91809999081,6.5001001));
#8602 = CARTESIAN_POINT('',(0.914386184014,1.91809999081,6.5000001));
#8603 = CARTESIAN_POINT('',(0.899517645811,1.930889013181,6.5001001));
#8604 = CARTESIAN_POINT('',(0.899517645811,1.930889013181,6.5000001));
#8605 = ADVANCED_FACE('',(#8606),#8618,.T.);
#8606 = FACE_BOUND('',#8607,.T.);
#8607 = EDGE_LOOP('',(#8608,#8615,#8616,#8617));
#8608 = ORIENTED_EDGE('',*,*,#8609,.F.);
#8609 = EDGE_CURVE('',#8582,#8454,#8610,.T.);
#8610 = B_SPLINE_CURVE_WITH_KNOTS('',3,(#8611,#8612,#8613,#8614),
  .UNSPECIFIED.,.F.,.F.,(4,4),(5.,6.),.PIECEWISE_BEZIER_KNOTS.);
#8611 = CARTESIAN_POINT('',(0.899517645811,1.930889013181,6.5000001));
#8612 = CARTESIAN_POINT('',(0.884649107608,1.943678035551,6.5000001));
#8613 = CARTESIAN_POINT('',(0.865049670885,1.950020558842,6.5000001));
#8614 = CARTESIAN_POINT('',(0.840823311435,1.950020558842,6.5000001));
#8615 = ORIENTED_EDGE('',*,*,#8592,.F.);
#8616 = ORIENTED_EDGE('',*,*,#8276,.T.);
#8617 = ORIENTED_EDGE('',*,*,#8462,.T.);
#8618 = B_SPLINE_SURFACE_WITH_KNOTS('',3,1,(
    (#8619,#8620)
    ,(#8621,#8622)
    ,(#8623,#8624)
    ,(#8625,#8626
    )),.UNSPECIFIED.,.F.,.F.,.F.,(4,4),(2,2),(5.,6.),(0.,1.),
  .PIECEWISE_BEZIER_KNOTS.);
#8619 = CARTESIAN_POINT('',(0.899517645811,1.930889013181,6.5001001));
#8620 = CARTESIAN_POINT('',(0.899517645811,1.930889013181,6.5000001));
#8621 = CARTESIAN_POINT('',(0.884649107608,1.943678035551,6.5001001));
#8622 = CARTESIAN_POINT('',(0.884649107608,1.943678035551,6.5000001));
#8623 = CARTESIAN_POINT('',(0.865049670885,1.950020558842,6.5001001));
#8624 = CARTESIAN_POINT('',(0.865049670885,1.950020558842,6.5000001));
#8625 = CARTESIAN_POINT('',(0.840823311435,1.950020558842,6.5001001));
#8626 = CARTESIAN_POINT('',(0.840823311435,1.950020558842,6.5000001));
#8627 = ADVANCED_FACE('',(#8628),#8637,.F.);
#8628 = FACE_BOUND('',#8629,.T.);
#8629 = EDGE_LOOP('',(#8630,#8631,#8632,#8633,#8634,#8635,#8636));
#8630 = ORIENTED_EDGE('',*,*,#8609,.T.);
#8631 = ORIENTED_EDGE('',*,*,#8453,.T.);
#8632 = ORIENTED_EDGE('',*,*,#8481,.T.);
#8633 = ORIENTED_EDGE('',*,*,#8503,.T.);
#8634 = ORIENTED_EDGE('',*,*,#8525,.T.);
#8635 = ORIENTED_EDGE('',*,*,#8553,.T.);
#8636 = ORIENTED_EDGE('',*,*,#8581,.T.);
#8637 = B_SPLINE_SURFACE_WITH_KNOTS('',1,1,(
    (#8638,#8639)
    ,(#8640,#8641
    )),.UNSPECIFIED.,.F.,.F.,.F.,(2,2),(2,2),(-0.700020558842,
    -0.543225065061),(2.328179546885,2.439901534992),
  .PIECEWISE_BEZIER_KNOTS.);
#8638 = CARTESIAN_POINT('',(0.921820453115,1.950020558842,6.5000001));
#8639 = CARTESIAN_POINT('',(0.810098465008,1.950020558842,6.5000001));
#8640 = CARTESIAN_POINT('',(0.921820453115,1.793225065061,6.5000001));
#8641 = CARTESIAN_POINT('',(0.810098465008,1.793225065061,6.5000001));
#8642 = ADVANCED_FACE('',(#8643,#8701),#8749,.F.);
#8643 = FACE_BOUND('',#8644,.T.);
#8644 = EDGE_LOOP('',(#8645,#8654,#8661,#8668,#8675,#8682,#8689,#8696));
#8645 = ORIENTED_EDGE('',*,*,#8646,.T.);
#8646 = EDGE_CURVE('',#8647,#8649,#8651,.T.);
#8647 = VERTEX_POINT('',#8648);
#8648 = CARTESIAN_POINT('',(1.143704792458,1.770038463527,6.5001001));
#8649 = VERTEX_POINT('',#8650);
#8650 = CARTESIAN_POINT('',(1.066242827694,1.973415111959,6.5001001));
#8651 = B_SPLINE_CURVE_WITH_KNOTS('',1,(#8652,#8653),.UNSPECIFIED.,.F.,
  .F.,(2,2),(-0.217629081495,0.),.PIECEWISE_BEZIER_KNOTS.);
#8652 = CARTESIAN_POINT('',(1.143704792458,1.770038463527,6.5001001));
#8653 = CARTESIAN_POINT('',(1.066242827694,1.973415111959,6.5001001));
#8654 = ORIENTED_EDGE('',*,*,#8655,.T.);
#8655 = EDGE_CURVE('',#8649,#8656,#8658,.T.);
#8656 = VERTEX_POINT('',#8657);
#8657 = CARTESIAN_POINT('',(1.038169363952,1.973415111959,6.5001001));
#8658 = B_SPLINE_CURVE_WITH_KNOTS('',1,(#8659,#8660),.UNSPECIFIED.,.F.,
  .F.,(2,2),(-2.807346374184E-02,-0.),.PIECEWISE_BEZIER_KNOTS.);
#8659 = CARTESIAN_POINT('',(1.066242827694,1.973415111959,6.5001001));
#8660 = CARTESIAN_POINT('',(1.038169363952,1.973415111959,6.5001001));
#8661 = ORIENTED_EDGE('',*,*,#8662,.T.);
#8662 = EDGE_CURVE('',#8656,#8663,#8665,.T.);
#8663 = VERTEX_POINT('',#8664);
#8664 = CARTESIAN_POINT('',(0.960707399186,1.770038463527,6.5001001));
#8665 = B_SPLINE_CURVE_WITH_KNOTS('',1,(#8666,#8667),.UNSPECIFIED.,.F.,
  .F.,(2,2),(-0.217629081496,-0.),.PIECEWISE_BEZIER_KNOTS.);
#8666 = CARTESIAN_POINT('',(1.038169363952,1.973415111959,6.5001001));
#8667 = CARTESIAN_POINT('',(0.960707399186,1.770038463527,6.5001001));
#8668 = ORIENTED_EDGE('',*,*,#8669,.T.);
#8669 = EDGE_CURVE('',#8663,#8670,#8672,.T.);
#8670 = VERTEX_POINT('',#8671);
#8671 = CARTESIAN_POINT('',(0.989716645051,1.770038463527,6.5001001));
#8672 = B_SPLINE_CURVE_WITH_KNOTS('',1,(#8673,#8674),.UNSPECIFIED.,.F.,
  .F.,(2,2),(-2.900924586545E-02,0.),.PIECEWISE_BEZIER_KNOTS.);
#8673 = CARTESIAN_POINT('',(0.960707399186,1.770038463527,6.5001001));
#8674 = CARTESIAN_POINT('',(0.989716645051,1.770038463527,6.5001001));
#8675 = ORIENTED_EDGE('',*,*,#8676,.T.);
#8676 = EDGE_CURVE('',#8670,#8677,#8679,.T.);
#8677 = VERTEX_POINT('',#8678);
#8678 = CARTESIAN_POINT('',(1.009264093878,1.825665512049,6.5001001));
#8679 = B_SPLINE_CURVE_WITH_KNOTS('',1,(#8680,#8681),.UNSPECIFIED.,.F.,
  .F.,(2,2),(-5.896160855076E-02,0.),.PIECEWISE_BEZIER_KNOTS.);
#8680 = CARTESIAN_POINT('',(0.989716645051,1.770038463527,6.5001001));
#8681 = CARTESIAN_POINT('',(1.009264093878,1.825665512049,6.5001001));
#8682 = ORIENTED_EDGE('',*,*,#8683,.T.);
#8683 = EDGE_CURVE('',#8677,#8684,#8686,.T.);
#8684 = VERTEX_POINT('',#8685);
#8685 = CARTESIAN_POINT('',(1.093952376162,1.825665512049,6.5001001));
#8686 = B_SPLINE_CURVE_WITH_KNOTS('',1,(#8687,#8688),.UNSPECIFIED.,.F.,
  .F.,(2,2),(-8.468828228455E-02,0.),.PIECEWISE_BEZIER_KNOTS.);
#8687 = CARTESIAN_POINT('',(1.009264093878,1.825665512049,6.5001001));
#8688 = CARTESIAN_POINT('',(1.093952376162,1.825665512049,6.5001001));
#8689 = ORIENTED_EDGE('',*,*,#8690,.T.);
#8690 = EDGE_CURVE('',#8684,#8691,#8693,.T.);
#8691 = VERTEX_POINT('',#8692);
#8692 = CARTESIAN_POINT('',(1.114695546594,1.770038463527,6.5001001));
#8693 = B_SPLINE_CURVE_WITH_KNOTS('',1,(#8694,#8695),.UNSPECIFIED.,.F.,
  .F.,(2,2),(-5.936874301202E-02,0.),.PIECEWISE_BEZIER_KNOTS.);
#8694 = CARTESIAN_POINT('',(1.093952376162,1.825665512049,6.5001001));
#8695 = CARTESIAN_POINT('',(1.114695546594,1.770038463527,6.5001001));
#8696 = ORIENTED_EDGE('',*,*,#8697,.T.);
#8697 = EDGE_CURVE('',#8691,#8647,#8698,.T.);
#8698 = B_SPLINE_CURVE_WITH_KNOTS('',1,(#8699,#8700),.UNSPECIFIED.,.F.,
  .F.,(2,2),(-2.900924586407E-02,0.),.PIECEWISE_BEZIER_KNOTS.);
#8699 = CARTESIAN_POINT('',(1.114695546594,1.770038463527,6.5001001));
#8700 = CARTESIAN_POINT('',(1.143704792458,1.770038463527,6.5001001));
#8701 = FACE_BOUND('',#8702,.T.);
#8702 = EDGE_LOOP('',(#8703,#8712,#8719,#8728,#8735,#8744));
#8703 = ORIENTED_EDGE('',*,*,#8704,.F.);
#8704 = EDGE_CURVE('',#8705,#8707,#8709,.T.);
#8705 = VERTEX_POINT('',#8706);
#8706 = CARTESIAN_POINT('',(1.01758215721,1.848644162,6.5001001));
#8707 = VERTEX_POINT('',#8708);
#8708 = CARTESIAN_POINT('',(1.085842264416,1.848644162,6.5001001));
#8709 = B_SPLINE_CURVE_WITH_KNOTS('',1,(#8710,#8711),.UNSPECIFIED.,.F.,
  .F.,(2,2),(0.,6.826010720606E-02),.PIECEWISE_BEZIER_KNOTS.);
#8710 = CARTESIAN_POINT('',(1.01758215721,1.848644162,6.5001001));
#8711 = CARTESIAN_POINT('',(1.085842264416,1.848644162,6.5001001));
#8712 = ORIENTED_EDGE('',*,*,#8713,.F.);
#8713 = EDGE_CURVE('',#8714,#8705,#8716,.T.);
#8714 = VERTEX_POINT('',#8715);
#8715 = CARTESIAN_POINT('',(1.047995076261,1.933176480597,6.5001001));
#8716 = B_SPLINE_CURVE_WITH_KNOTS('',1,(#8717,#8718),.UNSPECIFIED.,.F.,
  .F.,(2,2),(1.044668560194E-16,8.983684395963E-02),
  .PIECEWISE_BEZIER_KNOTS.);
#8717 = CARTESIAN_POINT('',(1.047995076261,1.933176480597,6.5001001));
#8718 = CARTESIAN_POINT('',(1.01758215721,1.848644162,6.5001001));
#8719 = ORIENTED_EDGE('',*,*,#8720,.F.);
#8720 = EDGE_CURVE('',#8721,#8714,#8723,.T.);
#8721 = VERTEX_POINT('',#8722);
#8722 = CARTESIAN_POINT('',(1.051322301593,1.94742116405,6.5001001));
#8723 = B_SPLINE_CURVE_WITH_KNOTS('',3,(#8724,#8725,#8726,#8727),
  .UNSPECIFIED.,.F.,.F.,(4,4),(3.,4.),.PIECEWISE_BEZIER_KNOTS.);
#8724 = CARTESIAN_POINT('',(1.051322301593,1.94742116405,6.5001001));
#8725 = CARTESIAN_POINT('',(1.050334531573,1.941286592344,6.5001001));
#8726 = CARTESIAN_POINT('',(1.049242785762,1.936503705929,6.5001001));
#8727 = CARTESIAN_POINT('',(1.047995076261,1.933176480597,6.5001001));
#8728 = ORIENTED_EDGE('',*,*,#8729,.F.);
#8729 = EDGE_CURVE('',#8730,#8721,#8732,.T.);
#8730 = VERTEX_POINT('',#8731);
#8731 = CARTESIAN_POINT('',(1.051946156344,1.94742116405,6.5001001));
#8732 = B_SPLINE_CURVE_WITH_KNOTS('',1,(#8733,#8734),.UNSPECIFIED.,.F.,
  .F.,(2,2),(2.22044604925E-16,6.238547504669E-04),
  .PIECEWISE_BEZIER_KNOTS.);
#8733 = CARTESIAN_POINT('',(1.051946156344,1.94742116405,6.5001001));
#8734 = CARTESIAN_POINT('',(1.051322301593,1.94742116405,6.5001001));
#8735 = ORIENTED_EDGE('',*,*,#8736,.F.);
#8736 = EDGE_CURVE('',#8737,#8730,#8739,.T.);
#8737 = VERTEX_POINT('',#8738);
#8738 = CARTESIAN_POINT('',(1.055117417988,1.933176480597,6.5001001));
#8739 = B_SPLINE_CURVE_WITH_KNOTS('',3,(#8740,#8741,#8742,#8743),
  .UNSPECIFIED.,.F.,.F.,(4,4),(1.,2.),.PIECEWISE_BEZIER_KNOTS.);
#8740 = CARTESIAN_POINT('',(1.055117417988,1.933176480597,6.5001001));
#8741 = CARTESIAN_POINT('',(1.054129647968,1.935983826971,6.5001001));
#8742 = CARTESIAN_POINT('',(1.05308989005,1.940662737595,6.5001001));
#8743 = CARTESIAN_POINT('',(1.051946156344,1.94742116405,6.5001001));
#8744 = ORIENTED_EDGE('',*,*,#8745,.F.);
#8745 = EDGE_CURVE('',#8707,#8737,#8746,.T.);
#8746 = B_SPLINE_CURVE_WITH_KNOTS('',1,(#8747,#8748),.UNSPECIFIED.,.F.,
  .F.,(2,2),(0.,8.994292120821E-02),.PIECEWISE_BEZIER_KNOTS.);
#8747 = CARTESIAN_POINT('',(1.085842264416,1.848644162,6.5001001));
#8748 = CARTESIAN_POINT('',(1.055117417988,1.933176480597,6.5001001));
#8749 = B_SPLINE_SURFACE_WITH_KNOTS('',1,1,(
    (#8750,#8751)
    ,(#8752,#8753
    )),.UNSPECIFIED.,.F.,.F.,.F.,(2,2),(2,2),(-1.143704792458,
    -0.960707399186),(-0.979961536473,-0.776584888041),
  .PIECEWISE_BEZIER_KNOTS.);
#8750 = CARTESIAN_POINT('',(1.143704792458,1.770038463527,6.5001001));
#8751 = CARTESIAN_POINT('',(1.143704792458,1.973415111959,6.5001001));
#8752 = CARTESIAN_POINT('',(0.960707399186,1.770038463527,6.5001001));
#8753 = CARTESIAN_POINT('',(0.960707399186,1.973415111959,6.5001001));
#8754 = ADVANCED_FACE('',(#8755),#8769,.F.);
#8755 = FACE_BOUND('',#8756,.T.);
#8756 = EDGE_LOOP('',(#8757,#8758,#8763,#8764));
#8757 = ORIENTED_EDGE('',*,*,#2116,.T.);
#8758 = ORIENTED_EDGE('',*,*,#8759,.F.);
#8759 = EDGE_CURVE('',#8649,#2119,#8760,.T.);
#8760 = B_SPLINE_CURVE_WITH_KNOTS('',1,(#8761,#8762),.UNSPECIFIED.,.F.,
  .F.,(2,2),(-0.,9.999999999177E-05),.PIECEWISE_BEZIER_KNOTS.);
#8761 = CARTESIAN_POINT('',(1.066242827694,1.973415111959,6.5001001));
#8762 = CARTESIAN_POINT('',(1.066242827694,1.973415111959,6.5000001));
#8763 = ORIENTED_EDGE('',*,*,#8646,.F.);
#8764 = ORIENTED_EDGE('',*,*,#8765,.T.);
#8765 = EDGE_CURVE('',#8647,#2117,#8766,.T.);
#8766 = B_SPLINE_CURVE_WITH_KNOTS('',1,(#8767,#8768),.UNSPECIFIED.,.F.,
  .F.,(2,2),(-0.,9.999999999977E-05),.PIECEWISE_BEZIER_KNOTS.);
#8767 = CARTESIAN_POINT('',(1.143704792458,1.770038463527,6.5001001));
#8768 = CARTESIAN_POINT('',(1.143704792458,1.770038463527,6.5000001));
#8769 = B_SPLINE_SURFACE_WITH_KNOTS('',1,1,(
    (#8770,#8771)
    ,(#8772,#8773
    )),.UNSPECIFIED.,.F.,.F.,.F.,(2,2),(2,2),(-1.580672145904E-16,
    0.217629081495),(-9.999999999977E-05,0.),.PIECEWISE_BEZIER_KNOTS.);
#8770 = CARTESIAN_POINT('',(1.066242827694,1.973415111959,6.5000001));
#8771 = CARTESIAN_POINT('',(1.066242827694,1.973415111959,6.5001001));
#8772 = CARTESIAN_POINT('',(1.143704792458,1.770038463527,6.5000001));
#8773 = CARTESIAN_POINT('',(1.143704792458,1.770038463527,6.5001001));
#8774 = ADVANCED_FACE('',(#8775),#8785,.F.);
#8775 = FACE_BOUND('',#8776,.T.);
#8776 = EDGE_LOOP('',(#8777,#8778,#8783,#8784));
#8777 = ORIENTED_EDGE('',*,*,#2167,.T.);
#8778 = ORIENTED_EDGE('',*,*,#8779,.F.);
#8779 = EDGE_CURVE('',#8656,#2161,#8780,.T.);
#8780 = B_SPLINE_CURVE_WITH_KNOTS('',1,(#8781,#8782),.UNSPECIFIED.,.F.,
  .F.,(2,2),(-0.,9.999999999177E-05),.PIECEWISE_BEZIER_KNOTS.);
#8781 = CARTESIAN_POINT('',(1.038169363952,1.973415111959,6.5001001));
#8782 = CARTESIAN_POINT('',(1.038169363952,1.973415111959,6.5000001));
#8783 = ORIENTED_EDGE('',*,*,#8655,.F.);
#8784 = ORIENTED_EDGE('',*,*,#8759,.T.);
#8785 = B_SPLINE_SURFACE_WITH_KNOTS('',1,1,(
    (#8786,#8787)
    ,(#8788,#8789
    )),.UNSPECIFIED.,.F.,.F.,.F.,(2,2),(2,2),(0.,9.999999999977E-05),(
    -2.22044604925E-16,2.807346374184E-02),.PIECEWISE_BEZIER_KNOTS.);
#8786 = CARTESIAN_POINT('',(1.038169363952,1.973415111959,6.5001001));
#8787 = CARTESIAN_POINT('',(1.066242827694,1.973415111959,6.5001001));
#8788 = CARTESIAN_POINT('',(1.038169363952,1.973415111959,6.5000001));
#8789 = CARTESIAN_POINT('',(1.066242827694,1.973415111959,6.5000001));
#8790 = ADVANCED_FACE('',(#8791),#8801,.F.);
#8791 = FACE_BOUND('',#8792,.T.);
#8792 = EDGE_LOOP('',(#8793,#8794,#8799,#8800));
#8793 = ORIENTED_EDGE('',*,*,#2160,.T.);
#8794 = ORIENTED_EDGE('',*,*,#8795,.F.);
#8795 = EDGE_CURVE('',#8663,#2154,#8796,.T.);
#8796 = B_SPLINE_CURVE_WITH_KNOTS('',1,(#8797,#8798),.UNSPECIFIED.,.F.,
  .F.,(2,2),(-0.,9.999999999E-05),.PIECEWISE_BEZIER_KNOTS.);
#8797 = CARTESIAN_POINT('',(0.960707399186,1.770038463527,6.5001001));
#8798 = CARTESIAN_POINT('',(0.960707399186,1.770038463527,6.5000001));
#8799 = ORIENTED_EDGE('',*,*,#8662,.F.);
#8800 = ORIENTED_EDGE('',*,*,#8779,.T.);
#8801 = B_SPLINE_SURFACE_WITH_KNOTS('',1,1,(
    (#8802,#8803)
    ,(#8804,#8805
    )),.UNSPECIFIED.,.F.,.F.,.F.,(2,2),(2,2),(0.,0.217629081496),(
    -9.999999999977E-05,0.),.PIECEWISE_BEZIER_KNOTS.);
#8802 = CARTESIAN_POINT('',(0.960707399186,1.770038463527,6.5000001));
#8803 = CARTESIAN_POINT('',(0.960707399186,1.770038463527,6.5001001));
#8804 = CARTESIAN_POINT('',(1.038169363952,1.973415111959,6.5000001));
#8805 = CARTESIAN_POINT('',(1.038169363952,1.973415111959,6.5001001));
#8806 = ADVANCED_FACE('',(#8807),#8817,.F.);
#8807 = FACE_BOUND('',#8808,.T.);
#8808 = EDGE_LOOP('',(#8809,#8810,#8815,#8816));
#8809 = ORIENTED_EDGE('',*,*,#2153,.T.);
#8810 = ORIENTED_EDGE('',*,*,#8811,.F.);
#8811 = EDGE_CURVE('',#8670,#2147,#8812,.T.);
#8812 = B_SPLINE_CURVE_WITH_KNOTS('',1,(#8813,#8814),.UNSPECIFIED.,.F.,
  .F.,(2,2),(-0.,9.999999998955E-05),.PIECEWISE_BEZIER_KNOTS.);
#8813 = CARTESIAN_POINT('',(0.989716645051,1.770038463527,6.5001001));
#8814 = CARTESIAN_POINT('',(0.989716645051,1.770038463527,6.5000001));
#8815 = ORIENTED_EDGE('',*,*,#8669,.F.);
#8816 = ORIENTED_EDGE('',*,*,#8795,.T.);
#8817 = B_SPLINE_SURFACE_WITH_KNOTS('',1,1,(
    (#8818,#8819)
    ,(#8820,#8821
    )),.UNSPECIFIED.,.F.,.F.,.F.,(2,2),(2,2),(-9.999999999977E-05,0.),(
    -2.900924586545E-02,2.22044604925E-16),.PIECEWISE_BEZIER_KNOTS.);
#8818 = CARTESIAN_POINT('',(0.960707399186,1.770038463527,6.5000001));
#8819 = CARTESIAN_POINT('',(0.989716645051,1.770038463527,6.5000001));
#8820 = CARTESIAN_POINT('',(0.960707399186,1.770038463527,6.5001001));
#8821 = CARTESIAN_POINT('',(0.989716645051,1.770038463527,6.5001001));
#8822 = ADVANCED_FACE('',(#8823),#8833,.F.);
#8823 = FACE_BOUND('',#8824,.T.);
#8824 = EDGE_LOOP('',(#8825,#8826,#8831,#8832));
#8825 = ORIENTED_EDGE('',*,*,#2146,.T.);
#8826 = ORIENTED_EDGE('',*,*,#8827,.F.);
#8827 = EDGE_CURVE('',#8677,#2140,#8828,.T.);
#8828 = B_SPLINE_CURVE_WITH_KNOTS('',1,(#8829,#8830),.UNSPECIFIED.,.F.,
  .F.,(2,2),(-0.,9.999999999044E-05),.PIECEWISE_BEZIER_KNOTS.);
#8829 = CARTESIAN_POINT('',(1.009264093878,1.825665512049,6.5001001));
#8830 = CARTESIAN_POINT('',(1.009264093878,1.825665512049,6.5000001));
#8831 = ORIENTED_EDGE('',*,*,#8676,.F.);
#8832 = ORIENTED_EDGE('',*,*,#8811,.T.);
#8833 = B_SPLINE_SURFACE_WITH_KNOTS('',1,1,(
    (#8834,#8835)
    ,(#8836,#8837
    )),.UNSPECIFIED.,.F.,.F.,.F.,(2,2),(2,2),(-0.,5.896160855076E-02),(
    -9.999999999977E-05,0.),.PIECEWISE_BEZIER_KNOTS.);
#8834 = CARTESIAN_POINT('',(1.009264093878,1.825665512049,6.5000001));
#8835 = CARTESIAN_POINT('',(1.009264093878,1.825665512049,6.5001001));
#8836 = CARTESIAN_POINT('',(0.989716645051,1.770038463527,6.5000001));
#8837 = CARTESIAN_POINT('',(0.989716645051,1.770038463527,6.5001001));
#8838 = ADVANCED_FACE('',(#8839),#8849,.F.);
#8839 = FACE_BOUND('',#8840,.T.);
#8840 = EDGE_LOOP('',(#8841,#8842,#8847,#8848));
#8841 = ORIENTED_EDGE('',*,*,#2139,.T.);
#8842 = ORIENTED_EDGE('',*,*,#8843,.F.);
#8843 = EDGE_CURVE('',#8684,#2133,#8844,.T.);
#8844 = B_SPLINE_CURVE_WITH_KNOTS('',1,(#8845,#8846),.UNSPECIFIED.,.F.,
  .F.,(2,2),(-0.,9.999999999044E-05),.PIECEWISE_BEZIER_KNOTS.);
#8845 = CARTESIAN_POINT('',(1.093952376162,1.825665512049,6.5001001));
#8846 = CARTESIAN_POINT('',(1.093952376162,1.825665512049,6.5000001));
#8847 = ORIENTED_EDGE('',*,*,#8683,.F.);
#8848 = ORIENTED_EDGE('',*,*,#8827,.T.);
#8849 = B_SPLINE_SURFACE_WITH_KNOTS('',1,1,(
    (#8850,#8851)
    ,(#8852,#8853
    )),.UNSPECIFIED.,.F.,.F.,.F.,(2,2),(2,2),(-9.999999999977E-05,0.),(
    -8.468828228455E-02,2.22044604925E-16),.PIECEWISE_BEZIER_KNOTS.);
#8850 = CARTESIAN_POINT('',(1.009264093878,1.825665512049,6.5000001));
#8851 = CARTESIAN_POINT('',(1.093952376162,1.825665512049,6.5000001));
#8852 = CARTESIAN_POINT('',(1.009264093878,1.825665512049,6.5001001));
#8853 = CARTESIAN_POINT('',(1.093952376162,1.825665512049,6.5001001));
#8854 = ADVANCED_FACE('',(#8855),#8865,.F.);
#8855 = FACE_BOUND('',#8856,.T.);
#8856 = EDGE_LOOP('',(#8857,#8858,#8863,#8864));
#8857 = ORIENTED_EDGE('',*,*,#2132,.T.);
#8858 = ORIENTED_EDGE('',*,*,#8859,.F.);
#8859 = EDGE_CURVE('',#8691,#2126,#8860,.T.);
#8860 = B_SPLINE_CURVE_WITH_KNOTS('',1,(#8861,#8862),.UNSPECIFIED.,.F.,
  .F.,(2,2),(-0.,9.999999999E-05),.PIECEWISE_BEZIER_KNOTS.);
#8861 = CARTESIAN_POINT('',(1.114695546594,1.770038463527,6.5001001));
#8862 = CARTESIAN_POINT('',(1.114695546594,1.770038463527,6.5000001));
#8863 = ORIENTED_EDGE('',*,*,#8690,.F.);
#8864 = ORIENTED_EDGE('',*,*,#8843,.T.);
#8865 = B_SPLINE_SURFACE_WITH_KNOTS('',1,1,(
    (#8866,#8867)
    ,(#8868,#8869
    )),.UNSPECIFIED.,.F.,.F.,.F.,(2,2),(2,2),(0.,5.936874301202E-02),(
    -9.999999999977E-05,0.),.PIECEWISE_BEZIER_KNOTS.);
#8866 = CARTESIAN_POINT('',(1.114695546594,1.770038463527,6.5000001));
#8867 = CARTESIAN_POINT('',(1.114695546594,1.770038463527,6.5001001));
#8868 = CARTESIAN_POINT('',(1.093952376162,1.825665512049,6.5000001));
#8869 = CARTESIAN_POINT('',(1.093952376162,1.825665512049,6.5001001));
#8870 = ADVANCED_FACE('',(#8871),#8877,.F.);
#8871 = FACE_BOUND('',#8872,.T.);
#8872 = EDGE_LOOP('',(#8873,#8874,#8875,#8876));
#8873 = ORIENTED_EDGE('',*,*,#2125,.T.);
#8874 = ORIENTED_EDGE('',*,*,#8765,.F.);
#8875 = ORIENTED_EDGE('',*,*,#8697,.F.);
#8876 = ORIENTED_EDGE('',*,*,#8859,.T.);
#8877 = B_SPLINE_SURFACE_WITH_KNOTS('',1,1,(
    (#8878,#8879)
    ,(#8880,#8881
    )),.UNSPECIFIED.,.F.,.F.,.F.,(2,2),(2,2),(-9.999999999977E-05,0.),(
    -2.900924586407E-02,0.),.PIECEWISE_BEZIER_KNOTS.);
#8878 = CARTESIAN_POINT('',(1.114695546594,1.770038463527,6.5000001));
#8879 = CARTESIAN_POINT('',(1.143704792458,1.770038463527,6.5000001));
#8880 = CARTESIAN_POINT('',(1.114695546594,1.770038463527,6.5001001));
#8881 = CARTESIAN_POINT('',(1.143704792458,1.770038463527,6.5001001));
#8882 = ADVANCED_FACE('',(#8883),#8905,.T.);
#8883 = FACE_BOUND('',#8884,.T.);
#8884 = EDGE_LOOP('',(#8885,#8894,#8899,#8900));
#8885 = ORIENTED_EDGE('',*,*,#8886,.F.);
#8886 = EDGE_CURVE('',#8887,#8889,#8891,.T.);
#8887 = VERTEX_POINT('',#8888);
#8888 = CARTESIAN_POINT('',(1.01758215721,1.848644162,6.5000001));
#8889 = VERTEX_POINT('',#8890);
#8890 = CARTESIAN_POINT('',(1.085842264416,1.848644162,6.5000001));
#8891 = B_SPLINE_CURVE_WITH_KNOTS('',1,(#8892,#8893),.UNSPECIFIED.,.F.,
  .F.,(2,2),(-2.22044604925E-16,6.826010720606E-02),
  .PIECEWISE_BEZIER_KNOTS.);
#8892 = CARTESIAN_POINT('',(1.01758215721,1.848644162,6.5000001));
#8893 = CARTESIAN_POINT('',(1.085842264416,1.848644162,6.5000001));
#8894 = ORIENTED_EDGE('',*,*,#8895,.F.);
#8895 = EDGE_CURVE('',#8705,#8887,#8896,.T.);
#8896 = B_SPLINE_CURVE_WITH_KNOTS('',1,(#8897,#8898),.UNSPECIFIED.,.F.,
  .F.,(2,2),(-0.,9.999999999089E-05),.PIECEWISE_BEZIER_KNOTS.);
#8897 = CARTESIAN_POINT('',(1.01758215721,1.848644162,6.5001001));
#8898 = CARTESIAN_POINT('',(1.01758215721,1.848644162,6.5000001));
#8899 = ORIENTED_EDGE('',*,*,#8704,.T.);
#8900 = ORIENTED_EDGE('',*,*,#8901,.T.);
#8901 = EDGE_CURVE('',#8707,#8889,#8902,.T.);
#8902 = B_SPLINE_CURVE_WITH_KNOTS('',1,(#8903,#8904),.UNSPECIFIED.,.F.,
  .F.,(2,2),(-0.,9.999999999977E-05),.PIECEWISE_BEZIER_KNOTS.);
#8903 = CARTESIAN_POINT('',(1.085842264416,1.848644162,6.5001001));
#8904 = CARTESIAN_POINT('',(1.085842264416,1.848644162,6.5000001));
#8905 = B_SPLINE_SURFACE_WITH_KNOTS('',1,1,(
    (#8906,#8907)
    ,(#8908,#8909
    )),.UNSPECIFIED.,.F.,.F.,.F.,(2,2),(2,2),(-9.999999999977E-05,0.),(
    -2.22044604925E-16,6.826010720606E-02),.PIECEWISE_BEZIER_KNOTS.);
#8906 = CARTESIAN_POINT('',(1.01758215721,1.848644162,6.5000001));
#8907 = CARTESIAN_POINT('',(1.085842264416,1.848644162,6.5000001));
#8908 = CARTESIAN_POINT('',(1.01758215721,1.848644162,6.5001001));
#8909 = CARTESIAN_POINT('',(1.085842264416,1.848644162,6.5001001));
#8910 = ADVANCED_FACE('',(#8911),#8927,.T.);
#8911 = FACE_BOUND('',#8912,.T.);
#8912 = EDGE_LOOP('',(#8913,#8920,#8921,#8922));
#8913 = ORIENTED_EDGE('',*,*,#8914,.F.);
#8914 = EDGE_CURVE('',#8889,#8915,#8917,.T.);
#8915 = VERTEX_POINT('',#8916);
#8916 = CARTESIAN_POINT('',(1.055117417988,1.933176480597,6.5000001));
#8917 = B_SPLINE_CURVE_WITH_KNOTS('',1,(#8918,#8919),.UNSPECIFIED.,.F.,
  .F.,(2,2),(0.,8.994292120821E-02),.PIECEWISE_BEZIER_KNOTS.);
#8918 = CARTESIAN_POINT('',(1.085842264416,1.848644162,6.5000001));
#8919 = CARTESIAN_POINT('',(1.055117417988,1.933176480597,6.5000001));
#8920 = ORIENTED_EDGE('',*,*,#8901,.F.);
#8921 = ORIENTED_EDGE('',*,*,#8745,.T.);
#8922 = ORIENTED_EDGE('',*,*,#8923,.T.);
#8923 = EDGE_CURVE('',#8737,#8915,#8924,.T.);
#8924 = B_SPLINE_CURVE_WITH_KNOTS('',1,(#8925,#8926),.UNSPECIFIED.,.F.,
  .F.,(2,2),(-0.,9.999999999977E-05),.PIECEWISE_BEZIER_KNOTS.);
#8925 = CARTESIAN_POINT('',(1.055117417988,1.933176480597,6.5001001));
#8926 = CARTESIAN_POINT('',(1.055117417988,1.933176480597,6.5000001));
#8927 = B_SPLINE_SURFACE_WITH_KNOTS('',1,1,(
    (#8928,#8929)
    ,(#8930,#8931
    )),.UNSPECIFIED.,.F.,.F.,.F.,(2,2),(2,2),(-8.994292120821E-02,0.),(
    -9.999999999977E-05,0.),.PIECEWISE_BEZIER_KNOTS.);
#8928 = CARTESIAN_POINT('',(1.055117417988,1.933176480597,6.5000001));
#8929 = CARTESIAN_POINT('',(1.055117417988,1.933176480597,6.5001001));
#8930 = CARTESIAN_POINT('',(1.085842264416,1.848644162,6.5000001));
#8931 = CARTESIAN_POINT('',(1.085842264416,1.848644162,6.5001001));
#8932 = ADVANCED_FACE('',(#8933),#8951,.T.);
#8933 = FACE_BOUND('',#8934,.T.);
#8934 = EDGE_LOOP('',(#8935,#8944,#8945,#8946));
#8935 = ORIENTED_EDGE('',*,*,#8936,.F.);
#8936 = EDGE_CURVE('',#8915,#8937,#8939,.T.);
#8937 = VERTEX_POINT('',#8938);
#8938 = CARTESIAN_POINT('',(1.051946156344,1.94742116405,6.5000001));
#8939 = B_SPLINE_CURVE_WITH_KNOTS('',3,(#8940,#8941,#8942,#8943),
  .UNSPECIFIED.,.F.,.F.,(4,4),(1.,2.),.PIECEWISE_BEZIER_KNOTS.);
#8940 = CARTESIAN_POINT('',(1.055117417988,1.933176480597,6.5000001));
#8941 = CARTESIAN_POINT('',(1.054129647968,1.935983826971,6.5000001));
#8942 = CARTESIAN_POINT('',(1.05308989005,1.940662737595,6.5000001));
#8943 = CARTESIAN_POINT('',(1.051946156344,1.94742116405,6.5000001));
#8944 = ORIENTED_EDGE('',*,*,#8923,.F.);
#8945 = ORIENTED_EDGE('',*,*,#8736,.T.);
#8946 = ORIENTED_EDGE('',*,*,#8947,.T.);
#8947 = EDGE_CURVE('',#8730,#8937,#8948,.T.);
#8948 = B_SPLINE_CURVE_WITH_KNOTS('',1,(#8949,#8950),.UNSPECIFIED.,.F.,
  .F.,(2,2),(-0.,9.999999999977E-05),.PIECEWISE_BEZIER_KNOTS.);
#8949 = CARTESIAN_POINT('',(1.051946156344,1.94742116405,6.5001001));
#8950 = CARTESIAN_POINT('',(1.051946156344,1.94742116405,6.5000001));
#8951 = B_SPLINE_SURFACE_WITH_KNOTS('',3,1,(
    (#8952,#8953)
    ,(#8954,#8955)
    ,(#8956,#8957)
    ,(#8958,#8959
    )),.UNSPECIFIED.,.F.,.F.,.F.,(4,4),(2,2),(1.,2.),(0.,1.),
  .PIECEWISE_BEZIER_KNOTS.);
#8952 = CARTESIAN_POINT('',(1.055117417988,1.933176480597,6.5001001));
#8953 = CARTESIAN_POINT('',(1.055117417988,1.933176480597,6.5000001));
#8954 = CARTESIAN_POINT('',(1.054129647968,1.935983826971,6.5001001));
#8955 = CARTESIAN_POINT('',(1.054129647968,1.935983826971,6.5000001));
#8956 = CARTESIAN_POINT('',(1.05308989005,1.940662737595,6.5001001));
#8957 = CARTESIAN_POINT('',(1.05308989005,1.940662737595,6.5000001));
#8958 = CARTESIAN_POINT('',(1.051946156344,1.94742116405,6.5001001));
#8959 = CARTESIAN_POINT('',(1.051946156344,1.94742116405,6.5000001));
#8960 = ADVANCED_FACE('',(#8961),#8977,.T.);
#8961 = FACE_BOUND('',#8962,.T.);
#8962 = EDGE_LOOP('',(#8963,#8970,#8971,#8972));
#8963 = ORIENTED_EDGE('',*,*,#8964,.F.);
#8964 = EDGE_CURVE('',#8937,#8965,#8967,.T.);
#8965 = VERTEX_POINT('',#8966);
#8966 = CARTESIAN_POINT('',(1.051322301593,1.94742116405,6.5000001));
#8967 = B_SPLINE_CURVE_WITH_KNOTS('',1,(#8968,#8969),.UNSPECIFIED.,.F.,
  .F.,(2,2),(2.22044604925E-16,6.238547504669E-04),
  .PIECEWISE_BEZIER_KNOTS.);
#8968 = CARTESIAN_POINT('',(1.051946156344,1.94742116405,6.5000001));
#8969 = CARTESIAN_POINT('',(1.051322301593,1.94742116405,6.5000001));
#8970 = ORIENTED_EDGE('',*,*,#8947,.F.);
#8971 = ORIENTED_EDGE('',*,*,#8729,.T.);
#8972 = ORIENTED_EDGE('',*,*,#8973,.T.);
#8973 = EDGE_CURVE('',#8721,#8965,#8974,.T.);
#8974 = B_SPLINE_CURVE_WITH_KNOTS('',1,(#8975,#8976),.UNSPECIFIED.,.F.,
  .F.,(2,2),(-0.,9.999999999977E-05),.PIECEWISE_BEZIER_KNOTS.);
#8975 = CARTESIAN_POINT('',(1.051322301593,1.94742116405,6.5001001));
#8976 = CARTESIAN_POINT('',(1.051322301593,1.94742116405,6.5000001));
#8977 = B_SPLINE_SURFACE_WITH_KNOTS('',1,1,(
    (#8978,#8979)
    ,(#8980,#8981
    )),.UNSPECIFIED.,.F.,.F.,.F.,(2,2),(2,2),(-0.,9.999999999977E-05),(
    -6.238547504669E-04,-2.22044604925E-16),.PIECEWISE_BEZIER_KNOTS.);
#8978 = CARTESIAN_POINT('',(1.051322301593,1.94742116405,6.5001001));
#8979 = CARTESIAN_POINT('',(1.051946156344,1.94742116405,6.5001001));
#8980 = CARTESIAN_POINT('',(1.051322301593,1.94742116405,6.5000001));
#8981 = CARTESIAN_POINT('',(1.051946156344,1.94742116405,6.5000001));
#8982 = ADVANCED_FACE('',(#8983),#9001,.T.);
#8983 = FACE_BOUND('',#8984,.T.);
#8984 = EDGE_LOOP('',(#8985,#8994,#8995,#8996));
#8985 = ORIENTED_EDGE('',*,*,#8986,.F.);
#8986 = EDGE_CURVE('',#8965,#8987,#8989,.T.);
#8987 = VERTEX_POINT('',#8988);
#8988 = CARTESIAN_POINT('',(1.047995076261,1.933176480597,6.5000001));
#8989 = B_SPLINE_CURVE_WITH_KNOTS('',3,(#8990,#8991,#8992,#8993),
  .UNSPECIFIED.,.F.,.F.,(4,4),(3.,4.),.PIECEWISE_BEZIER_KNOTS.);
#8990 = CARTESIAN_POINT('',(1.051322301593,1.94742116405,6.5000001));
#8991 = CARTESIAN_POINT('',(1.050334531573,1.941286592344,6.5000001));
#8992 = CARTESIAN_POINT('',(1.049242785762,1.936503705929,6.5000001));
#8993 = CARTESIAN_POINT('',(1.047995076261,1.933176480597,6.5000001));
#8994 = ORIENTED_EDGE('',*,*,#8973,.F.);
#8995 = ORIENTED_EDGE('',*,*,#8720,.T.);
#8996 = ORIENTED_EDGE('',*,*,#8997,.T.);
#8997 = EDGE_CURVE('',#8714,#8987,#8998,.T.);
#8998 = B_SPLINE_CURVE_WITH_KNOTS('',1,(#8999,#9000),.UNSPECIFIED.,.F.,
  .F.,(2,2),(-0.,9.999999999977E-05),.PIECEWISE_BEZIER_KNOTS.);
#8999 = CARTESIAN_POINT('',(1.047995076261,1.933176480597,6.5001001));
#9000 = CARTESIAN_POINT('',(1.047995076261,1.933176480597,6.5000001));
#9001 = B_SPLINE_SURFACE_WITH_KNOTS('',3,1,(
    (#9002,#9003)
    ,(#9004,#9005)
    ,(#9006,#9007)
    ,(#9008,#9009
    )),.UNSPECIFIED.,.F.,.F.,.F.,(4,4),(2,2),(3.,4.),(0.,1.),
  .PIECEWISE_BEZIER_KNOTS.);
#9002 = CARTESIAN_POINT('',(1.051322301593,1.94742116405,6.5001001));
#9003 = CARTESIAN_POINT('',(1.051322301593,1.94742116405,6.5000001));
#9004 = CARTESIAN_POINT('',(1.050334531573,1.941286592344,6.5001001));
#9005 = CARTESIAN_POINT('',(1.050334531573,1.941286592344,6.5000001));
#9006 = CARTESIAN_POINT('',(1.049242785762,1.936503705929,6.5001001));
#9007 = CARTESIAN_POINT('',(1.049242785762,1.936503705929,6.5000001));
#9008 = CARTESIAN_POINT('',(1.047995076261,1.933176480597,6.5001001));
#9009 = CARTESIAN_POINT('',(1.047995076261,1.933176480597,6.5000001));
#9010 = ADVANCED_FACE('',(#9011),#9021,.T.);
#9011 = FACE_BOUND('',#9012,.T.);
#9012 = EDGE_LOOP('',(#9013,#9018,#9019,#9020));
#9013 = ORIENTED_EDGE('',*,*,#9014,.F.);
#9014 = EDGE_CURVE('',#8987,#8887,#9015,.T.);
#9015 = B_SPLINE_CURVE_WITH_KNOTS('',1,(#9016,#9017),.UNSPECIFIED.,.F.,
  .F.,(2,2),(1.796367339628E-16,8.983684395963E-02),
  .PIECEWISE_BEZIER_KNOTS.);
#9016 = CARTESIAN_POINT('',(1.047995076261,1.933176480597,6.5000001));
#9017 = CARTESIAN_POINT('',(1.01758215721,1.848644162,6.5000001));
#9018 = ORIENTED_EDGE('',*,*,#8997,.F.);
#9019 = ORIENTED_EDGE('',*,*,#8713,.T.);
#9020 = ORIENTED_EDGE('',*,*,#8895,.T.);
#9021 = B_SPLINE_SURFACE_WITH_KNOTS('',1,1,(
    (#9022,#9023)
    ,(#9024,#9025
    )),.UNSPECIFIED.,.F.,.F.,.F.,(2,2),(2,2),(-8.983684395963E-02,
    -1.044668560194E-16),(-9.999999999977E-05,0.),
  .PIECEWISE_BEZIER_KNOTS.);
#9022 = CARTESIAN_POINT('',(1.01758215721,1.848644162,6.5000001));
#9023 = CARTESIAN_POINT('',(1.01758215721,1.848644162,6.5001001));
#9024 = CARTESIAN_POINT('',(1.047995076261,1.933176480597,6.5000001));
#9025 = CARTESIAN_POINT('',(1.047995076261,1.933176480597,6.5001001));
#9026 = ADVANCED_FACE('',(#9027),#9035,.F.);
#9027 = FACE_BOUND('',#9028,.T.);
#9028 = EDGE_LOOP('',(#9029,#9030,#9031,#9032,#9033,#9034));
#9029 = ORIENTED_EDGE('',*,*,#9014,.T.);
#9030 = ORIENTED_EDGE('',*,*,#8886,.T.);
#9031 = ORIENTED_EDGE('',*,*,#8914,.T.);
#9032 = ORIENTED_EDGE('',*,*,#8936,.T.);
#9033 = ORIENTED_EDGE('',*,*,#8964,.T.);
#9034 = ORIENTED_EDGE('',*,*,#8986,.T.);
#9035 = B_SPLINE_SURFACE_WITH_KNOTS('',1,1,(
    (#9036,#9037)
    ,(#9038,#9039
    )),.UNSPECIFIED.,.F.,.F.,.F.,(2,2),(2,2),(-0.69742116405,
    -0.598644162),(2.164157735584,2.23241784279),
  .PIECEWISE_BEZIER_KNOTS.);
#9036 = CARTESIAN_POINT('',(1.085842264416,1.94742116405,6.5000001));
#9037 = CARTESIAN_POINT('',(1.01758215721,1.94742116405,6.5000001));
#9038 = CARTESIAN_POINT('',(1.085842264416,1.848644162,6.5000001));
#9039 = CARTESIAN_POINT('',(1.01758215721,1.848644162,6.5000001));
#9040 = ADVANCED_FACE('',(#9041,#9330),#9355,.F.);
#9041 = FACE_BOUND('',#9042,.T.);
#9042 = EDGE_LOOP('',(#9043,#9054,#9063,#9072,#9081,#9090,#9099,#9108,
    #9117,#9126,#9135,#9144,#9153,#9162,#9169,#9176,#9183,#9192,#9201,
    #9210,#9219,#9228,#9237,#9246,#9255,#9264,#9273,#9280,#9289,#9298,
    #9307,#9314,#9323));
#9043 = ORIENTED_EDGE('',*,*,#9044,.T.);
#9044 = EDGE_CURVE('',#9045,#9047,#9049,.T.);
#9045 = VERTEX_POINT('',#9046);
#9046 = CARTESIAN_POINT('',(-9.375540374752E-02,1.971771323966,6.5001001
    ));
#9047 = VERTEX_POINT('',#9048);
#9048 = CARTESIAN_POINT('',(-0.236908100538,2.161195593668,6.5001001));
#9049 = B_SPLINE_CURVE_WITH_KNOTS('',3,(#9050,#9051,#9052,#9053),
  .UNSPECIFIED.,.F.,.F.,(4,4),(35.,36.),.PIECEWISE_BEZIER_KNOTS.);
#9050 = CARTESIAN_POINT('',(-9.375540374752E-02,1.971771323966,6.5001001
    ));
#9051 = CARTESIAN_POINT('',(-9.520136885444E-02,2.05853049904,6.5001001)
  );
#9052 = CARTESIAN_POINT('',(-0.154486875944,2.135167835628,6.5001001));
#9053 = CARTESIAN_POINT('',(-0.236908100538,2.161195593668,6.5001001));
#9054 = ORIENTED_EDGE('',*,*,#9055,.T.);
#9055 = EDGE_CURVE('',#9047,#9056,#9058,.T.);
#9056 = VERTEX_POINT('',#9057);
#9057 = CARTESIAN_POINT('',(-0.314991429813,2.275428581521,6.5001001));
#9058 = B_SPLINE_CURVE_WITH_KNOTS('',3,(#9059,#9060,#9061,#9062),
  .UNSPECIFIED.,.F.,.F.,(4,4),(0.,1.),.PIECEWISE_BEZIER_KNOTS.);
#9059 = CARTESIAN_POINT('',(-0.236908100538,2.161195593668,6.5001001));
#9060 = CARTESIAN_POINT('',(-0.25281393735,2.204575208783,6.5001001));
#9061 = CARTESIAN_POINT('',(-0.280287715655,2.243616859632,6.5001001));
#9062 = CARTESIAN_POINT('',(-0.314991429813,2.275428581521,6.5001001));
#9063 = ORIENTED_EDGE('',*,*,#9064,.T.);
#9064 = EDGE_CURVE('',#9056,#9065,#9067,.T.);
#9065 = VERTEX_POINT('',#9066);
#9066 = CARTESIAN_POINT('',(-0.511645662948,2.350619918528,6.5001001));
#9067 = B_SPLINE_CURVE_WITH_KNOTS('',3,(#9068,#9069,#9070,#9071),
  .UNSPECIFIED.,.F.,.F.,(4,4),(1.,2.),.PIECEWISE_BEZIER_KNOTS.);
#9068 = CARTESIAN_POINT('',(-0.314991429813,2.275428581521,6.5001001));
#9069 = CARTESIAN_POINT('',(-0.369938931263,2.323146162632,6.5001001));
#9070 = CARTESIAN_POINT('',(-0.439346304419,2.350619918528,6.5001001));
#9071 = CARTESIAN_POINT('',(-0.511645662948,2.350619918528,6.5001001));
#9072 = ORIENTED_EDGE('',*,*,#9073,.T.);
#9073 = EDGE_CURVE('',#9065,#9074,#9076,.T.);
#9074 = VERTEX_POINT('',#9075);
#9075 = CARTESIAN_POINT('',(-0.685164123416,2.294226417496,6.5001001));
#9076 = B_SPLINE_CURVE_WITH_KNOTS('',3,(#9077,#9078,#9079,#9080),
  .UNSPECIFIED.,.F.,.F.,(4,4),(2.,3.),.PIECEWISE_BEZIER_KNOTS.);
#9077 = CARTESIAN_POINT('',(-0.511645662948,2.350619918528,6.5001001));
#9078 = CARTESIAN_POINT('',(-0.575269092936,2.350619918528,6.5001001));
#9079 = CARTESIAN_POINT('',(-0.634554572446,2.330376098485,6.5001001));
#9080 = CARTESIAN_POINT('',(-0.685164123416,2.294226417496,6.5001001));
#9081 = ORIENTED_EDGE('',*,*,#9082,.T.);
#9082 = EDGE_CURVE('',#9074,#9083,#9085,.T.);
#9083 = VERTEX_POINT('',#9084);
#9084 = CARTESIAN_POINT('',(-0.748787553405,2.230602980613,6.5001001));
#9085 = B_SPLINE_CURVE_WITH_KNOTS('',3,(#9086,#9087,#9088,#9089),
  .UNSPECIFIED.,.F.,.F.,(4,4),(3.,4.),.PIECEWISE_BEZIER_KNOTS.);
#9086 = CARTESIAN_POINT('',(-0.685164123416,2.294226417496,6.5001001));
#9087 = CARTESIAN_POINT('',(-0.709745916348,2.276874567313,6.5001001));
#9088 = CARTESIAN_POINT('',(-0.72998973122,2.255184759755,6.5001001));
#9089 = CARTESIAN_POINT('',(-0.748787553405,2.230602980613,6.5001001));
#9090 = ORIENTED_EDGE('',*,*,#9091,.T.);
#9091 = EDGE_CURVE('',#9083,#9092,#9094,.T.);
#9092 = VERTEX_POINT('',#9093);
#9093 = CARTESIAN_POINT('',(-0.782045247297,2.233494952195,6.5001001));
#9094 = B_SPLINE_CURVE_WITH_KNOTS('',3,(#9095,#9096,#9097,#9098),
  .UNSPECIFIED.,.F.,.F.,(4,4),(4.,5.),.PIECEWISE_BEZIER_KNOTS.);
#9095 = CARTESIAN_POINT('',(-0.748787553405,2.230602980613,6.5001001));
#9096 = CARTESIAN_POINT('',(-0.760355439738,2.232048973299,6.5001001));
#9097 = CARTESIAN_POINT('',(-0.770477360964,2.233494952195,6.5001001));
#9098 = CARTESIAN_POINT('',(-0.782045247297,2.233494952195,6.5001001));
#9099 = ORIENTED_EDGE('',*,*,#9100,.T.);
#9100 = EDGE_CURVE('',#9092,#9101,#9103,.T.);
#9101 = VERTEX_POINT('',#9102);
#9102 = CARTESIAN_POINT('',(-0.948333771912,2.16408756525,6.5001001));
#9103 = B_SPLINE_CURVE_WITH_KNOTS('',3,(#9104,#9105,#9106,#9107),
  .UNSPECIFIED.,.F.,.F.,(4,4),(5.,6.),.PIECEWISE_BEZIER_KNOTS.);
#9104 = CARTESIAN_POINT('',(-0.782045247297,2.233494952195,6.5001001));
#9105 = CARTESIAN_POINT('',(-0.844222698389,2.233494952195,6.5001001));
#9106 = CARTESIAN_POINT('',(-0.903508164109,2.208913173055,6.5001001));
#9107 = CARTESIAN_POINT('',(-0.948333771912,2.16408756525,6.5001001));
#9108 = ORIENTED_EDGE('',*,*,#9109,.T.);
#9109 = EDGE_CURVE('',#9101,#9110,#9112,.T.);
#9110 = VERTEX_POINT('',#9111);
#9111 = CARTESIAN_POINT('',(-1.016295207541,1.999245047111,6.5001001));
#9112 = B_SPLINE_CURVE_WITH_KNOTS('',3,(#9113,#9114,#9115,#9116),
  .UNSPECIFIED.,.F.,.F.,(4,4),(6.,7.),.PIECEWISE_BEZIER_KNOTS.);
#9113 = CARTESIAN_POINT('',(-0.948333771912,2.16408756525,6.5001001));
#9114 = CARTESIAN_POINT('',(-0.991713424952,2.120707963923,6.5001001));
#9115 = CARTESIAN_POINT('',(-1.016295207541,2.061422484413,6.5001001));
#9116 = CARTESIAN_POINT('',(-1.016295207541,1.999245047111,6.5001001));
#9117 = ORIENTED_EDGE('',*,*,#9118,.T.);
#9118 = EDGE_CURVE('',#9110,#9119,#9121,.T.);
#9119 = VERTEX_POINT('',#9120);
#9120 = CARTESIAN_POINT('',(-0.955563749135,1.841632478614,6.5001001));
#9121 = B_SPLINE_CURVE_WITH_KNOTS('',3,(#9122,#9123,#9124,#9125),
  .UNSPECIFIED.,.F.,.F.,(4,4),(7.,8.),.PIECEWISE_BEZIER_KNOTS.);
#9122 = CARTESIAN_POINT('',(-1.016295207541,1.999245047111,6.5001001));
#9123 = CARTESIAN_POINT('',(-1.016295207541,1.941405560288,6.5001001));
#9124 = CARTESIAN_POINT('',(-0.994605399983,1.885012038571,6.5001001));
#9125 = CARTESIAN_POINT('',(-0.955563749135,1.841632478614,6.5001001));
#9126 = ORIENTED_EDGE('',*,*,#9127,.T.);
#9127 = EDGE_CURVE('',#9119,#9128,#9130,.T.);
#9128 = VERTEX_POINT('',#9129);
#9129 = CARTESIAN_POINT('',(-0.83988477549,1.772225105459,6.5001001));
#9130 = B_SPLINE_CURVE_WITH_KNOTS('',3,(#9131,#9132,#9133,#9134),
  .UNSPECIFIED.,.F.,.F.,(4,4),(8.,9.),.PIECEWISE_BEZIER_KNOTS.);
#9131 = CARTESIAN_POINT('',(-0.955563749135,1.841632478614,6.5001001));
#9132 = CARTESIAN_POINT('',(-0.923752034141,1.806928764456,6.5001001));
#9133 = CARTESIAN_POINT('',(-0.884710369503,1.783792991792,6.5001001));
#9134 = CARTESIAN_POINT('',(-0.83988477549,1.772225105459,6.5001001));
#9135 = ORIENTED_EDGE('',*,*,#9136,.T.);
#9136 = EDGE_CURVE('',#9128,#9137,#9139,.T.);
#9137 = VERTEX_POINT('',#9138);
#9138 = CARTESIAN_POINT('',(-0.702515980495,1.673897988892,6.5001001));
#9139 = B_SPLINE_CURVE_WITH_KNOTS('',3,(#9140,#9141,#9142,#9143),
  .UNSPECIFIED.,.F.,.F.,(4,4),(9.,10.),.PIECEWISE_BEZIER_KNOTS.);
#9140 = CARTESIAN_POINT('',(-0.83988477549,1.772225105459,6.5001001));
#9141 = CARTESIAN_POINT('',(-0.821086939514,1.714385618635,6.5001001));
#9142 = CARTESIAN_POINT('',(-0.766139438064,1.673897988892,6.5001001));
#9143 = CARTESIAN_POINT('',(-0.702515980495,1.673897988892,6.5001001));
#9144 = ORIENTED_EDGE('',*,*,#9145,.T.);
#9145 = EDGE_CURVE('',#9137,#9146,#9148,.T.);
#9146 = VERTEX_POINT('',#9147);
#9147 = CARTESIAN_POINT('',(-0.557917263437,1.818496705949,6.5001001));
#9148 = B_SPLINE_CURVE_WITH_KNOTS('',3,(#9149,#9150,#9151,#9152),
  .UNSPECIFIED.,.F.,.F.,(4,4),(10.,11.),.PIECEWISE_BEZIER_KNOTS.);
#9149 = CARTESIAN_POINT('',(-0.702515980495,1.673897988892,6.5001001));
#9150 = CARTESIAN_POINT('',(-0.622986686114,1.673897988892,6.5001001));
#9151 = CARTESIAN_POINT('',(-0.557917263437,1.738967411567,6.5001001));
#9152 = CARTESIAN_POINT('',(-0.557917263437,1.818496705949,6.5001001));
#9153 = ORIENTED_EDGE('',*,*,#9154,.T.);
#9154 = EDGE_CURVE('',#9146,#9155,#9157,.T.);
#9155 = VERTEX_POINT('',#9156);
#9156 = CARTESIAN_POINT('',(-0.557917263437,1.832956577655,6.5001001));
#9157 = B_SPLINE_CURVE_WITH_KNOTS('',3,(#9158,#9159,#9160,#9161),
  .UNSPECIFIED.,.F.,.F.,(4,4),(11.,12.),.PIECEWISE_BEZIER_KNOTS.);
#9158 = CARTESIAN_POINT('',(-0.557917263437,1.818496705949,6.5001001));
#9159 = CARTESIAN_POINT('',(-0.557917263437,1.822834656429,6.5001001));
#9160 = CARTESIAN_POINT('',(-0.557917263437,1.827172606909,6.5001001));
#9161 = CARTESIAN_POINT('',(-0.557917263437,1.832956577655,6.5001001));
#9162 = ORIENTED_EDGE('',*,*,#9163,.T.);
#9163 = EDGE_CURVE('',#9155,#9164,#9166,.T.);
#9164 = VERTEX_POINT('',#9165);
#9165 = CARTESIAN_POINT('',(-0.355479059557,1.939959622761,6.5001001));
#9166 = B_SPLINE_CURVE_WITH_KNOTS('',1,(#9167,#9168),.UNSPECIFIED.,.F.,
  .F.,(2,2),(-9.8154256972E-17,0.228977898611),
  .PIECEWISE_BEZIER_KNOTS.);
#9167 = CARTESIAN_POINT('',(-0.557917263437,1.832956577655,6.5001001));
#9168 = CARTESIAN_POINT('',(-0.355479059557,1.939959622761,6.5001001));
#9169 = ORIENTED_EDGE('',*,*,#9170,.T.);
#9170 = EDGE_CURVE('',#9164,#9171,#9173,.T.);
#9171 = VERTEX_POINT('',#9172);
#9172 = CARTESIAN_POINT('',(-0.400304639781,2.016596959349,6.5001001));
#9173 = B_SPLINE_CURVE_WITH_KNOTS('',1,(#9174,#9175),.UNSPECIFIED.,.F.,
  .F.,(2,2),(0.,8.878408642163E-02),.PIECEWISE_BEZIER_KNOTS.);
#9174 = CARTESIAN_POINT('',(-0.355479059557,1.939959622761,6.5001001));
#9175 = CARTESIAN_POINT('',(-0.400304639781,2.016596959349,6.5001001));
#9176 = ORIENTED_EDGE('',*,*,#9177,.T.);
#9177 = EDGE_CURVE('',#9171,#9178,#9180,.T.);
#9178 = VERTEX_POINT('',#9179);
#9179 = CARTESIAN_POINT('',(-0.594066915122,1.91537785741,6.5001001));
#9180 = B_SPLINE_CURVE_WITH_KNOTS('',1,(#9181,#9182),.UNSPECIFIED.,.F.,
  .F.,(2,2),(0.,0.218607241286),.PIECEWISE_BEZIER_KNOTS.);
#9181 = CARTESIAN_POINT('',(-0.400304639781,2.016596959349,6.5001001));
#9182 = CARTESIAN_POINT('',(-0.594066915122,1.91537785741,6.5001001));
#9183 = ORIENTED_EDGE('',*,*,#9184,.T.);
#9184 = EDGE_CURVE('',#9178,#9185,#9187,.T.);
#9185 = VERTEX_POINT('',#9186);
#9186 = CARTESIAN_POINT('',(-0.702515952915,1.964541415693,6.5001001));
#9187 = B_SPLINE_CURVE_WITH_KNOTS('',3,(#9188,#9189,#9190,#9191),
  .UNSPECIFIED.,.F.,.F.,(4,4),(15.,16.),.PIECEWISE_BEZIER_KNOTS.);
#9188 = CARTESIAN_POINT('',(-0.594066915122,1.91537785741,6.5001001));
#9189 = CARTESIAN_POINT('',(-0.620094673161,1.945743593508,6.5001001));
#9190 = CARTESIAN_POINT('',(-0.659136337798,1.964541415693,6.5001001));
#9191 = CARTESIAN_POINT('',(-0.702515952915,1.964541415693,6.5001001));
#9192 = ORIENTED_EDGE('',*,*,#9193,.T.);
#9193 = EDGE_CURVE('',#9185,#9194,#9196,.T.);
#9194 = VERTEX_POINT('',#9195);
#9195 = CARTESIAN_POINT('',(-0.838438741433,1.86910625692,6.5001001));
#9196 = B_SPLINE_CURVE_WITH_KNOTS('',3,(#9197,#9198,#9199,#9200),
  .UNSPECIFIED.,.F.,.F.,(4,4),(16.,17.),.PIECEWISE_BEZIER_KNOTS.);
#9197 = CARTESIAN_POINT('',(-0.702515952915,1.964541415693,6.5001001));
#9198 = CARTESIAN_POINT('',(-0.764693417798,1.964541415693,6.5001001));
#9199 = CARTESIAN_POINT('',(-0.818194926561,1.92405378595,6.5001001));
#9200 = CARTESIAN_POINT('',(-0.838438741433,1.86910625692,6.5001001));
#9201 = ORIENTED_EDGE('',*,*,#9202,.T.);
#9202 = EDGE_CURVE('',#9194,#9203,#9205,.T.);
#9203 = VERTEX_POINT('',#9204);
#9204 = CARTESIAN_POINT('',(-0.925197971667,2.002137087644,6.5001001));
#9205 = B_SPLINE_CURVE_WITH_KNOTS('',3,(#9206,#9207,#9208,#9209),
  .UNSPECIFIED.,.F.,.F.,(4,4),(17.,18.),.PIECEWISE_BEZIER_KNOTS.);
#9206 = CARTESIAN_POINT('',(-0.838438741433,1.86910625692,6.5001001));
#9207 = CARTESIAN_POINT('',(-0.889048292403,1.892242057164,6.5001001));
#9208 = CARTESIAN_POINT('',(-0.925197971667,1.942851608134,6.5001001));
#9209 = CARTESIAN_POINT('',(-0.925197971667,2.002137087644,6.5001001));
#9210 = ORIENTED_EDGE('',*,*,#9211,.T.);
#9211 = EDGE_CURVE('',#9203,#9212,#9214,.T.);
#9212 = VERTEX_POINT('',#9213);
#9213 = CARTESIAN_POINT('',(-0.78059925461,2.146735804701,6.5001001));
#9214 = B_SPLINE_CURVE_WITH_KNOTS('',3,(#9215,#9216,#9217,#9218),
  .UNSPECIFIED.,.F.,.F.,(4,4),(18.,19.),.PIECEWISE_BEZIER_KNOTS.);
#9215 = CARTESIAN_POINT('',(-0.925197971667,2.002137087644,6.5001001));
#9216 = CARTESIAN_POINT('',(-0.925197971667,2.081666382026,6.5001001));
#9217 = CARTESIAN_POINT('',(-0.860128548992,2.146735804701,6.5001001));
#9218 = CARTESIAN_POINT('',(-0.78059925461,2.146735804701,6.5001001));
#9219 = ORIENTED_EDGE('',*,*,#9220,.T.);
#9220 = EDGE_CURVE('',#9212,#9221,#9223,.T.);
#9221 = VERTEX_POINT('',#9222);
#9222 = CARTESIAN_POINT('',(-0.703961945602,2.125045997142,6.5001001));
#9223 = B_SPLINE_CURVE_WITH_KNOTS('',3,(#9224,#9225,#9226,#9227),
  .UNSPECIFIED.,.F.,.F.,(4,4),(19.,20.),.PIECEWISE_BEZIER_KNOTS.);
#9224 = CARTESIAN_POINT('',(-0.78059925461,2.146735804701,6.5001001));
#9225 = CARTESIAN_POINT('',(-0.753125503885,2.146735804701,6.5001001));
#9226 = CARTESIAN_POINT('',(-0.72565175316,2.138059876162,6.5001001));
#9227 = CARTESIAN_POINT('',(-0.703961945602,2.125045997142,6.5001001));
#9228 = ORIENTED_EDGE('',*,*,#9229,.T.);
#9229 = EDGE_CURVE('',#9221,#9230,#9232,.T.);
#9230 = VERTEX_POINT('',#9231);
#9231 = CARTESIAN_POINT('',(-0.510199697841,2.263860688294,6.5001001));
#9232 = B_SPLINE_CURVE_WITH_KNOTS('',3,(#9233,#9234,#9235,#9236),
  .UNSPECIFIED.,.F.,.F.,(4,4),(20.,21.),.PIECEWISE_BEZIER_KNOTS.);
#9233 = CARTESIAN_POINT('',(-0.703961945602,2.125045997142,6.5001001));
#9234 = CARTESIAN_POINT('',(-0.676488222457,2.206021201471,6.5001001));
#9235 = CARTESIAN_POINT('',(-0.601296878555,2.263860688294,6.5001001));
#9236 = CARTESIAN_POINT('',(-0.510199697841,2.263860688294,6.5001001));
#9237 = ORIENTED_EDGE('',*,*,#9238,.T.);
#9238 = EDGE_CURVE('',#9230,#9239,#9241,.T.);
#9239 = VERTEX_POINT('',#9240);
#9240 = CARTESIAN_POINT('',(-0.30776149396,2.083112291972,6.5001001));
#9241 = B_SPLINE_CURVE_WITH_KNOTS('',3,(#9242,#9243,#9244,#9245),
  .UNSPECIFIED.,.F.,.F.,(4,4),(21.,22.),.PIECEWISE_BEZIER_KNOTS.);
#9242 = CARTESIAN_POINT('',(-0.510199697841,2.263860688294,6.5001001));
#9243 = CARTESIAN_POINT('',(-0.406088610527,2.263860688294,6.5001001));
#9244 = CARTESIAN_POINT('',(-0.319329380293,2.184331393912,6.5001001));
#9245 = CARTESIAN_POINT('',(-0.30776149396,2.083112291972,6.5001001));
#9246 = ORIENTED_EDGE('',*,*,#9247,.T.);
#9247 = EDGE_CURVE('',#9239,#9248,#9250,.T.);
#9248 = VERTEX_POINT('',#9249);
#9249 = CARTESIAN_POINT('',(-0.296193607628,2.083112291972,6.5001001));
#9250 = B_SPLINE_CURVE_WITH_KNOTS('',3,(#9251,#9252,#9253,#9254),
  .UNSPECIFIED.,.F.,.F.,(4,4),(22.,23.),.PIECEWISE_BEZIER_KNOTS.);
#9251 = CARTESIAN_POINT('',(-0.30776149396,2.083112291972,6.5001001));
#9252 = CARTESIAN_POINT('',(-0.303423543481,2.083112291972,6.5001001));
#9253 = CARTESIAN_POINT('',(-0.300531558108,2.083112291972,6.5001001));
#9254 = CARTESIAN_POINT('',(-0.296193607628,2.083112291972,6.5001001));
#9255 = ORIENTED_EDGE('',*,*,#9256,.T.);
#9256 = EDGE_CURVE('',#9248,#9257,#9259,.T.);
#9257 = VERTEX_POINT('',#9258);
#9258 = CARTESIAN_POINT('',(-0.183406619355,1.970325303699,6.5001001));
#9259 = B_SPLINE_CURVE_WITH_KNOTS('',3,(#9260,#9261,#9262,#9263),
  .UNSPECIFIED.,.F.,.F.,(4,4),(23.,24.),.PIECEWISE_BEZIER_KNOTS.);
#9260 = CARTESIAN_POINT('',(-0.296193607628,2.083112291972,6.5001001));
#9261 = CARTESIAN_POINT('',(-0.234016170325,2.083112291972,6.5001001));
#9262 = CARTESIAN_POINT('',(-0.183406619355,2.032502741002,6.5001001));
#9263 = CARTESIAN_POINT('',(-0.183406619355,1.970325303699,6.5001001));
#9264 = ORIENTED_EDGE('',*,*,#9265,.T.);
#9265 = EDGE_CURVE('',#9257,#9266,#9268,.T.);
#9266 = VERTEX_POINT('',#9267);
#9267 = CARTESIAN_POINT('',(-0.287517706668,1.857538315427,6.5001001));
#9268 = B_SPLINE_CURVE_WITH_KNOTS('',3,(#9269,#9270,#9271,#9272),
  .UNSPECIFIED.,.F.,.F.,(4,4),(24.,25.),.PIECEWISE_BEZIER_KNOTS.);
#9269 = CARTESIAN_POINT('',(-0.183406619355,1.970325303699,6.5001001));
#9270 = CARTESIAN_POINT('',(-0.183406619355,1.911039824189,6.5001001));
#9271 = CARTESIAN_POINT('',(-0.228232199579,1.861876265907,6.5001001));
#9272 = CARTESIAN_POINT('',(-0.287517706668,1.857538315427,6.5001001));
#9273 = ORIENTED_EDGE('',*,*,#9274,.T.);
#9274 = EDGE_CURVE('',#9266,#9275,#9277,.T.);
#9275 = VERTEX_POINT('',#9276);
#9276 = CARTESIAN_POINT('',(-0.352587129344,1.857538315427,6.5001001));
#9277 = B_SPLINE_CURVE_WITH_KNOTS('',1,(#9278,#9279),.UNSPECIFIED.,.F.,
  .F.,(2,2),(1.110223024625E-16,6.506942267584E-02),
  .PIECEWISE_BEZIER_KNOTS.);
#9278 = CARTESIAN_POINT('',(-0.287517706668,1.857538315427,6.5001001));
#9279 = CARTESIAN_POINT('',(-0.352587129344,1.857538315427,6.5001001));
#9280 = ORIENTED_EDGE('',*,*,#9281,.T.);
#9281 = EDGE_CURVE('',#9275,#9282,#9284,.T.);
#9282 = VERTEX_POINT('',#9283);
#9283 = CARTESIAN_POINT('',(-0.361263030304,1.858984280533,6.5001001));
#9284 = B_SPLINE_CURVE_WITH_KNOTS('',3,(#9285,#9286,#9287,#9288),
  .UNSPECIFIED.,.F.,.F.,(4,4),(26.,27.),.PIECEWISE_BEZIER_KNOTS.);
#9285 = CARTESIAN_POINT('',(-0.352587129344,1.857538315427,6.5001001));
#9286 = CARTESIAN_POINT('',(-0.355479114717,1.857538315427,6.5001001));
#9287 = CARTESIAN_POINT('',(-0.35837110009,1.858984280533,6.5001001));
#9288 = CARTESIAN_POINT('',(-0.361263030304,1.858984280533,6.5001001));
#9289 = ORIENTED_EDGE('',*,*,#9290,.T.);
#9290 = EDGE_CURVE('',#9282,#9291,#9293,.T.);
#9291 = VERTEX_POINT('',#9292);
#9292 = CARTESIAN_POINT('',(-0.406088610527,1.81415870031,6.5001001));
#9293 = B_SPLINE_CURVE_WITH_KNOTS('',3,(#9294,#9295,#9296,#9297),
  .UNSPECIFIED.,.F.,.F.,(4,4),(27.,28.),.PIECEWISE_BEZIER_KNOTS.);
#9294 = CARTESIAN_POINT('',(-0.361263030304,1.858984280533,6.5001001));
#9295 = CARTESIAN_POINT('',(-0.385844823235,1.858984280533,6.5001001));
#9296 = CARTESIAN_POINT('',(-0.406088610527,1.838740438082,6.5001001));
#9297 = CARTESIAN_POINT('',(-0.406088610527,1.81415870031,6.5001001));
#9298 = ORIENTED_EDGE('',*,*,#9299,.T.);
#9299 = EDGE_CURVE('',#9291,#9300,#9302,.T.);
#9300 = VERTEX_POINT('',#9301);
#9301 = CARTESIAN_POINT('',(-0.364154960517,1.769333120085,6.5001001));
#9302 = B_SPLINE_CURVE_WITH_KNOTS('',3,(#9303,#9304,#9305,#9306),
  .UNSPECIFIED.,.F.,.F.,(4,4),(28.,29.),.PIECEWISE_BEZIER_KNOTS.);
#9303 = CARTESIAN_POINT('',(-0.406088610527,1.81415870031,6.5001001));
#9304 = CARTESIAN_POINT('',(-0.406088610527,1.791022927644,6.5001001));
#9305 = CARTESIAN_POINT('',(-0.387290788342,1.770779085191,6.5001001));
#9306 = CARTESIAN_POINT('',(-0.364154960517,1.769333120085,6.5001001));
#9307 = ORIENTED_EDGE('',*,*,#9308,.T.);
#9308 = EDGE_CURVE('',#9300,#9309,#9311,.T.);
#9309 = VERTEX_POINT('',#9310);
#9310 = CARTESIAN_POINT('',(-0.278841750548,1.769333120085,6.5001001));
#9311 = B_SPLINE_CURVE_WITH_KNOTS('',1,(#9312,#9313),.UNSPECIFIED.,.F.,
  .F.,(2,2),(-1.110223024625E-16,8.531320996817E-02),
  .PIECEWISE_BEZIER_KNOTS.);
#9312 = CARTESIAN_POINT('',(-0.364154960517,1.769333120085,6.5001001));
#9313 = CARTESIAN_POINT('',(-0.278841750548,1.769333120085,6.5001001));
#9314 = ORIENTED_EDGE('',*,*,#9315,.T.);
#9315 = EDGE_CURVE('',#9309,#9316,#9318,.T.);
#9316 = VERTEX_POINT('',#9317);
#9317 = CARTESIAN_POINT('',(-0.147256940091,1.834402542761,6.5001001));
#9318 = B_SPLINE_CURVE_WITH_KNOTS('',3,(#9319,#9320,#9321,#9322),
  .UNSPECIFIED.,.F.,.F.,(4,4),(33.,34.),.PIECEWISE_BEZIER_KNOTS.);
#9319 = CARTESIAN_POINT('',(-0.278841750548,1.769333120085,6.5001001));
#9320 = CARTESIAN_POINT('',(-0.228232199579,1.773671070565,6.5001001));
#9321 = CARTESIAN_POINT('',(-0.181960599088,1.796806898391,6.5001001));
#9322 = CARTESIAN_POINT('',(-0.147256940091,1.834402542761,6.5001001));
#9323 = ORIENTED_EDGE('',*,*,#9324,.T.);
#9324 = EDGE_CURVE('',#9316,#9045,#9325,.T.);
#9325 = B_SPLINE_CURVE_WITH_KNOTS('',3,(#9326,#9327,#9328,#9329),
  .UNSPECIFIED.,.F.,.F.,(4,4),(34.,35.),.PIECEWISE_BEZIER_KNOTS.);
#9326 = CARTESIAN_POINT('',(-0.147256940091,1.834402542761,6.5001001));
#9327 = CARTESIAN_POINT('',(-0.112553225933,1.871998187132,6.5001001));
#9328 = CARTESIAN_POINT('',(-9.375540374752E-02,1.921161772996,6.5001001
    ));
#9329 = CARTESIAN_POINT('',(-9.375540374752E-02,1.971771323966,6.5001001
    ));
#9330 = FACE_BOUND('',#9331,.T.);
#9331 = EDGE_LOOP('',(#9332,#9346));
#9332 = ORIENTED_EDGE('',*,*,#9333,.F.);
#9333 = EDGE_CURVE('',#9334,#9336,#9338,.T.);
#9334 = VERTEX_POINT('',#9335);
#9335 = CARTESIAN_POINT('',(-0.703961973182,1.760657108806,6.5001001));
#9336 = VERTEX_POINT('',#9337);
#9337 = CARTESIAN_POINT('',(-0.703961973182,1.873444152239,6.5001001));
#9338 = B_SPLINE_CURVE_WITH_KNOTS('',3,(#9339,#9340,#9341,#9342,#9343,
    #9344,#9345),.UNSPECIFIED.,.F.,.F.,(4,3,4),(0.,1.,2.),
  .PIECEWISE_BEZIER_KNOTS.);
#9339 = CARTESIAN_POINT('',(-0.703961973182,1.760657108806,6.5001001));
#9340 = CARTESIAN_POINT('',(-0.672150271977,1.760657108806,6.5001001));
#9341 = CARTESIAN_POINT('',(-0.647568479046,1.786684922004,6.5001001));
#9342 = CARTESIAN_POINT('',(-0.647568479046,1.817050630522,6.5001001));
#9343 = CARTESIAN_POINT('',(-0.647568479046,1.848862359307,6.5001001));
#9344 = CARTESIAN_POINT('',(-0.673596237084,1.873444152239,6.5001001));
#9345 = CARTESIAN_POINT('',(-0.703961973182,1.873444152239,6.5001001));
#9346 = ORIENTED_EDGE('',*,*,#9347,.F.);
#9347 = EDGE_CURVE('',#9336,#9334,#9348,.T.);
#9348 = B_SPLINE_CURVE_WITH_KNOTS('',3,(#9349,#9350,#9351,#9352,#9353,
    #9354),.UNSPECIFIED.,.F.,.F.,(4,2,4),(2.,3.,4.),.UNSPECIFIED.);
#9349 = CARTESIAN_POINT('',(-0.703961973182,1.873444152239,6.5001001));
#9350 = CARTESIAN_POINT('',(-0.734327709279,1.873444152239,6.5001001));
#9351 = CARTESIAN_POINT('',(-0.760355467318,1.848862359307,6.5001001));
#9352 = CARTESIAN_POINT('',(-0.760355467318,1.785238901738,6.5001001));
#9353 = CARTESIAN_POINT('',(-0.734327709279,1.760657108806,6.5001001));
#9354 = CARTESIAN_POINT('',(-0.703961973182,1.760657108806,6.5001001));
#9355 = B_SPLINE_SURFACE_WITH_KNOTS('',1,1,(
    (#9356,#9357)
    ,(#9358,#9359
    )),.UNSPECIFIED.,.F.,.F.,.F.,(2,2),(2,2),(-4.121062608758E-02,
    0.881329177706),(-0.415359751313,0.261362178323),
  .PIECEWISE_BEZIER_KNOTS.);
#9356 = CARTESIAN_POINT('',(-9.375540374752E-02,1.673897988892,6.5001001
    ));
#9357 = CARTESIAN_POINT('',(-9.375540374752E-02,2.350619918528,6.5001001
    ));
#9358 = CARTESIAN_POINT('',(-1.016295207541,1.673897988892,6.5001001));
#9359 = CARTESIAN_POINT('',(-1.016295207541,2.350619918528,6.5001001));
#9360 = ADVANCED_FACE('',(#9361),#9375,.F.);
#9361 = FACE_BOUND('',#9362,.F.);
#9362 = EDGE_LOOP('',(#9363,#9368,#9369,#9374));
#9363 = ORIENTED_EDGE('',*,*,#9364,.F.);
#9364 = EDGE_CURVE('',#9045,#2175,#9365,.T.);
#9365 = B_SPLINE_CURVE_WITH_KNOTS('',1,(#9366,#9367),.UNSPECIFIED.,.F.,
  .F.,(2,2),(-0.,9.999999999977E-05),.PIECEWISE_BEZIER_KNOTS.);
#9366 = CARTESIAN_POINT('',(-9.375540374752E-02,1.971771323966,6.5001001
    ));
#9367 = CARTESIAN_POINT('',(-9.375540374752E-02,1.971771323966,6.5000001
    ));
#9368 = ORIENTED_EDGE('',*,*,#9044,.T.);
#9369 = ORIENTED_EDGE('',*,*,#9370,.T.);
#9370 = EDGE_CURVE('',#9047,#2177,#9371,.T.);
#9371 = B_SPLINE_CURVE_WITH_KNOTS('',1,(#9372,#9373),.UNSPECIFIED.,.F.,
  .F.,(2,2),(-0.,9.999999998422E-05),.PIECEWISE_BEZIER_KNOTS.);
#9372 = CARTESIAN_POINT('',(-0.236908100538,2.161195593668,6.5001001));
#9373 = CARTESIAN_POINT('',(-0.236908100538,2.161195593668,6.5000001));
#9374 = ORIENTED_EDGE('',*,*,#2174,.F.);
#9375 = B_SPLINE_SURFACE_WITH_KNOTS('',3,1,(
    (#9376,#9377)
    ,(#9378,#9379)
    ,(#9380,#9381)
    ,(#9382,#9383
    )),.UNSPECIFIED.,.F.,.F.,.F.,(4,4),(2,2),(35.,36.),(0.,1.),
  .PIECEWISE_BEZIER_KNOTS.);
#9376 = CARTESIAN_POINT('',(-9.375540374752E-02,1.971771323966,6.5001001
    ));
#9377 = CARTESIAN_POINT('',(-9.375540374752E-02,1.971771323966,6.5000001
    ));
#9378 = CARTESIAN_POINT('',(-9.520136885444E-02,2.05853049904,6.5001001)
  );
#9379 = CARTESIAN_POINT('',(-9.520136885444E-02,2.05853049904,6.5000001)
  );
#9380 = CARTESIAN_POINT('',(-0.154486875944,2.135167835628,6.5001001));
#9381 = CARTESIAN_POINT('',(-0.154486875944,2.135167835628,6.5000001));
#9382 = CARTESIAN_POINT('',(-0.236908100538,2.161195593668,6.5001001));
#9383 = CARTESIAN_POINT('',(-0.236908100538,2.161195593668,6.5000001));
#9384 = ADVANCED_FACE('',(#9385),#9395,.F.);
#9385 = FACE_BOUND('',#9386,.F.);
#9386 = EDGE_LOOP('',(#9387,#9388,#9389,#9394));
#9387 = ORIENTED_EDGE('',*,*,#9370,.F.);
#9388 = ORIENTED_EDGE('',*,*,#9055,.T.);
#9389 = ORIENTED_EDGE('',*,*,#9390,.T.);
#9390 = EDGE_CURVE('',#9056,#2446,#9391,.T.);
#9391 = B_SPLINE_CURVE_WITH_KNOTS('',1,(#9392,#9393),.UNSPECIFIED.,.F.,
  .F.,(2,2),(-0.,9.999999998422E-05),.PIECEWISE_BEZIER_KNOTS.);
#9392 = CARTESIAN_POINT('',(-0.314991429813,2.275428581521,6.5001001));
#9393 = CARTESIAN_POINT('',(-0.314991429813,2.275428581521,6.5000001));
#9394 = ORIENTED_EDGE('',*,*,#2454,.F.);
#9395 = B_SPLINE_SURFACE_WITH_KNOTS('',3,1,(
    (#9396,#9397)
    ,(#9398,#9399)
    ,(#9400,#9401)
    ,(#9402,#9403
    )),.UNSPECIFIED.,.F.,.F.,.F.,(4,4),(2,2),(0.,1.),(0.,1.),
  .PIECEWISE_BEZIER_KNOTS.);
#9396 = CARTESIAN_POINT('',(-0.236908100538,2.161195593668,6.5001001));
#9397 = CARTESIAN_POINT('',(-0.236908100538,2.161195593668,6.5000001));
#9398 = CARTESIAN_POINT('',(-0.25281393735,2.204575208783,6.5001001));
#9399 = CARTESIAN_POINT('',(-0.25281393735,2.204575208783,6.5000001));
#9400 = CARTESIAN_POINT('',(-0.280287715655,2.243616859632,6.5001001));
#9401 = CARTESIAN_POINT('',(-0.280287715655,2.243616859632,6.5000001));
#9402 = CARTESIAN_POINT('',(-0.314991429813,2.275428581521,6.5001001));
#9403 = CARTESIAN_POINT('',(-0.314991429813,2.275428581521,6.5000001));
#9404 = ADVANCED_FACE('',(#9405),#9415,.F.);
#9405 = FACE_BOUND('',#9406,.F.);
#9406 = EDGE_LOOP('',(#9407,#9408,#9409,#9414));
#9407 = ORIENTED_EDGE('',*,*,#9390,.F.);
#9408 = ORIENTED_EDGE('',*,*,#9064,.T.);
#9409 = ORIENTED_EDGE('',*,*,#9410,.T.);
#9410 = EDGE_CURVE('',#9065,#2437,#9411,.T.);
#9411 = B_SPLINE_CURVE_WITH_KNOTS('',1,(#9412,#9413),.UNSPECIFIED.,.F.,
  .F.,(2,2),(-0.,9.999999998422E-05),.PIECEWISE_BEZIER_KNOTS.);
#9412 = CARTESIAN_POINT('',(-0.511645662948,2.350619918528,6.5001001));
#9413 = CARTESIAN_POINT('',(-0.511645662948,2.350619918528,6.5000001));
#9414 = ORIENTED_EDGE('',*,*,#2445,.F.);
#9415 = B_SPLINE_SURFACE_WITH_KNOTS('',3,1,(
    (#9416,#9417)
    ,(#9418,#9419)
    ,(#9420,#9421)
    ,(#9422,#9423
    )),.UNSPECIFIED.,.F.,.F.,.F.,(4,4),(2,2),(1.,2.),(0.,1.),
  .PIECEWISE_BEZIER_KNOTS.);
#9416 = CARTESIAN_POINT('',(-0.314991429813,2.275428581521,6.5001001));
#9417 = CARTESIAN_POINT('',(-0.314991429813,2.275428581521,6.5000001));
#9418 = CARTESIAN_POINT('',(-0.369938931263,2.323146162632,6.5001001));
#9419 = CARTESIAN_POINT('',(-0.369938931263,2.323146162632,6.5000001));
#9420 = CARTESIAN_POINT('',(-0.439346304419,2.350619918528,6.5001001));
#9421 = CARTESIAN_POINT('',(-0.439346304419,2.350619918528,6.5000001));
#9422 = CARTESIAN_POINT('',(-0.511645662948,2.350619918528,6.5001001));
#9423 = CARTESIAN_POINT('',(-0.511645662948,2.350619918528,6.5000001));
#9424 = ADVANCED_FACE('',(#9425),#9435,.F.);
#9425 = FACE_BOUND('',#9426,.F.);
#9426 = EDGE_LOOP('',(#9427,#9428,#9429,#9434));
#9427 = ORIENTED_EDGE('',*,*,#9410,.F.);
#9428 = ORIENTED_EDGE('',*,*,#9073,.T.);
#9429 = ORIENTED_EDGE('',*,*,#9430,.T.);
#9430 = EDGE_CURVE('',#9074,#2428,#9431,.T.);
#9431 = B_SPLINE_CURVE_WITH_KNOTS('',1,(#9432,#9433),.UNSPECIFIED.,.F.,
  .F.,(2,2),(-0.,9.999999998422E-05),.PIECEWISE_BEZIER_KNOTS.);
#9432 = CARTESIAN_POINT('',(-0.685164123416,2.294226417496,6.5001001));
#9433 = CARTESIAN_POINT('',(-0.685164123416,2.294226417496,6.5000001));
#9434 = ORIENTED_EDGE('',*,*,#2436,.F.);
#9435 = B_SPLINE_SURFACE_WITH_KNOTS('',3,1,(
    (#9436,#9437)
    ,(#9438,#9439)
    ,(#9440,#9441)
    ,(#9442,#9443
    )),.UNSPECIFIED.,.F.,.F.,.F.,(4,4),(2,2),(2.,3.),(0.,1.),
  .PIECEWISE_BEZIER_KNOTS.);
#9436 = CARTESIAN_POINT('',(-0.511645662948,2.350619918528,6.5001001));
#9437 = CARTESIAN_POINT('',(-0.511645662948,2.350619918528,6.5000001));
#9438 = CARTESIAN_POINT('',(-0.575269092936,2.350619918528,6.5001001));
#9439 = CARTESIAN_POINT('',(-0.575269092936,2.350619918528,6.5000001));
#9440 = CARTESIAN_POINT('',(-0.634554572446,2.330376098485,6.5001001));
#9441 = CARTESIAN_POINT('',(-0.634554572446,2.330376098485,6.5000001));
#9442 = CARTESIAN_POINT('',(-0.685164123416,2.294226417496,6.5001001));
#9443 = CARTESIAN_POINT('',(-0.685164123416,2.294226417496,6.5000001));
#9444 = ADVANCED_FACE('',(#9445),#9455,.F.);
#9445 = FACE_BOUND('',#9446,.F.);
#9446 = EDGE_LOOP('',(#9447,#9448,#9449,#9454));
#9447 = ORIENTED_EDGE('',*,*,#9430,.F.);
#9448 = ORIENTED_EDGE('',*,*,#9082,.T.);
#9449 = ORIENTED_EDGE('',*,*,#9450,.T.);
#9450 = EDGE_CURVE('',#9083,#2419,#9451,.T.);
#9451 = B_SPLINE_CURVE_WITH_KNOTS('',1,(#9452,#9453),.UNSPECIFIED.,.F.,
  .F.,(2,2),(-0.,9.999999998422E-05),.PIECEWISE_BEZIER_KNOTS.);
#9452 = CARTESIAN_POINT('',(-0.748787553405,2.230602980613,6.5001001));
#9453 = CARTESIAN_POINT('',(-0.748787553405,2.230602980613,6.5000001));
#9454 = ORIENTED_EDGE('',*,*,#2427,.F.);
#9455 = B_SPLINE_SURFACE_WITH_KNOTS('',3,1,(
    (#9456,#9457)
    ,(#9458,#9459)
    ,(#9460,#9461)
    ,(#9462,#9463
    )),.UNSPECIFIED.,.F.,.F.,.F.,(4,4),(2,2),(3.,4.),(0.,1.),
  .PIECEWISE_BEZIER_KNOTS.);
#9456 = CARTESIAN_POINT('',(-0.685164123416,2.294226417496,6.5001001));
#9457 = CARTESIAN_POINT('',(-0.685164123416,2.294226417496,6.5000001));
#9458 = CARTESIAN_POINT('',(-0.709745916348,2.276874567313,6.5001001));
#9459 = CARTESIAN_POINT('',(-0.709745916348,2.276874567313,6.5000001));
#9460 = CARTESIAN_POINT('',(-0.72998973122,2.255184759755,6.5001001));
#9461 = CARTESIAN_POINT('',(-0.72998973122,2.255184759755,6.5000001));
#9462 = CARTESIAN_POINT('',(-0.748787553405,2.230602980613,6.5001001));
#9463 = CARTESIAN_POINT('',(-0.748787553405,2.230602980613,6.5000001));
#9464 = ADVANCED_FACE('',(#9465),#9475,.F.);
#9465 = FACE_BOUND('',#9466,.F.);
#9466 = EDGE_LOOP('',(#9467,#9468,#9469,#9474));
#9467 = ORIENTED_EDGE('',*,*,#9450,.F.);
#9468 = ORIENTED_EDGE('',*,*,#9091,.T.);
#9469 = ORIENTED_EDGE('',*,*,#9470,.T.);
#9470 = EDGE_CURVE('',#9092,#2410,#9471,.T.);
#9471 = B_SPLINE_CURVE_WITH_KNOTS('',1,(#9472,#9473),.UNSPECIFIED.,.F.,
  .F.,(2,2),(-0.,9.999999998422E-05),.PIECEWISE_BEZIER_KNOTS.);
#9472 = CARTESIAN_POINT('',(-0.782045247297,2.233494952195,6.5001001));
#9473 = CARTESIAN_POINT('',(-0.782045247297,2.233494952195,6.5000001));
#9474 = ORIENTED_EDGE('',*,*,#2418,.F.);
#9475 = B_SPLINE_SURFACE_WITH_KNOTS('',3,1,(
    (#9476,#9477)
    ,(#9478,#9479)
    ,(#9480,#9481)
    ,(#9482,#9483
    )),.UNSPECIFIED.,.F.,.F.,.F.,(4,4),(2,2),(4.,5.),(0.,1.),
  .PIECEWISE_BEZIER_KNOTS.);
#9476 = CARTESIAN_POINT('',(-0.748787553405,2.230602980613,6.5001001));
#9477 = CARTESIAN_POINT('',(-0.748787553405,2.230602980613,6.5000001));
#9478 = CARTESIAN_POINT('',(-0.760355439738,2.232048973299,6.5001001));
#9479 = CARTESIAN_POINT('',(-0.760355439738,2.232048973299,6.5000001));
#9480 = CARTESIAN_POINT('',(-0.770477360964,2.233494952195,6.5001001));
#9481 = CARTESIAN_POINT('',(-0.770477360964,2.233494952195,6.5000001));
#9482 = CARTESIAN_POINT('',(-0.782045247297,2.233494952195,6.5001001));
#9483 = CARTESIAN_POINT('',(-0.782045247297,2.233494952195,6.5000001));
#9484 = ADVANCED_FACE('',(#9485),#9495,.F.);
#9485 = FACE_BOUND('',#9486,.F.);
#9486 = EDGE_LOOP('',(#9487,#9488,#9489,#9494));
#9487 = ORIENTED_EDGE('',*,*,#9470,.F.);
#9488 = ORIENTED_EDGE('',*,*,#9100,.T.);
#9489 = ORIENTED_EDGE('',*,*,#9490,.T.);
#9490 = EDGE_CURVE('',#9101,#2401,#9491,.T.);
#9491 = B_SPLINE_CURVE_WITH_KNOTS('',1,(#9492,#9493),.UNSPECIFIED.,.F.,
  .F.,(2,2),(-0.,9.999999998422E-05),.PIECEWISE_BEZIER_KNOTS.);
#9492 = CARTESIAN_POINT('',(-0.948333771912,2.16408756525,6.5001001));
#9493 = CARTESIAN_POINT('',(-0.948333771912,2.16408756525,6.5000001));
#9494 = ORIENTED_EDGE('',*,*,#2409,.F.);
#9495 = B_SPLINE_SURFACE_WITH_KNOTS('',3,1,(
    (#9496,#9497)
    ,(#9498,#9499)
    ,(#9500,#9501)
    ,(#9502,#9503
    )),.UNSPECIFIED.,.F.,.F.,.F.,(4,4),(2,2),(5.,6.),(0.,1.),
  .PIECEWISE_BEZIER_KNOTS.);
#9496 = CARTESIAN_POINT('',(-0.782045247297,2.233494952195,6.5001001));
#9497 = CARTESIAN_POINT('',(-0.782045247297,2.233494952195,6.5000001));
#9498 = CARTESIAN_POINT('',(-0.844222698389,2.233494952195,6.5001001));
#9499 = CARTESIAN_POINT('',(-0.844222698389,2.233494952195,6.5000001));
#9500 = CARTESIAN_POINT('',(-0.903508164109,2.208913173055,6.5001001));
#9501 = CARTESIAN_POINT('',(-0.903508164109,2.208913173055,6.5000001));
#9502 = CARTESIAN_POINT('',(-0.948333771912,2.16408756525,6.5001001));
#9503 = CARTESIAN_POINT('',(-0.948333771912,2.16408756525,6.5000001));
#9504 = ADVANCED_FACE('',(#9505),#9515,.F.);
#9505 = FACE_BOUND('',#9506,.F.);
#9506 = EDGE_LOOP('',(#9507,#9508,#9509,#9514));
#9507 = ORIENTED_EDGE('',*,*,#9490,.F.);
#9508 = ORIENTED_EDGE('',*,*,#9109,.T.);
#9509 = ORIENTED_EDGE('',*,*,#9510,.T.);
#9510 = EDGE_CURVE('',#9110,#2392,#9511,.T.);
#9511 = B_SPLINE_CURVE_WITH_KNOTS('',1,(#9512,#9513),.UNSPECIFIED.,.F.,
  .F.,(2,2),(-0.,9.999999998422E-05),.PIECEWISE_BEZIER_KNOTS.);
#9512 = CARTESIAN_POINT('',(-1.016295207541,1.999245047111,6.5001001));
#9513 = CARTESIAN_POINT('',(-1.016295207541,1.999245047111,6.5000001));
#9514 = ORIENTED_EDGE('',*,*,#2400,.F.);
#9515 = B_SPLINE_SURFACE_WITH_KNOTS('',3,1,(
    (#9516,#9517)
    ,(#9518,#9519)
    ,(#9520,#9521)
    ,(#9522,#9523
    )),.UNSPECIFIED.,.F.,.F.,.F.,(4,4),(2,2),(6.,7.),(0.,1.),
  .PIECEWISE_BEZIER_KNOTS.);
#9516 = CARTESIAN_POINT('',(-0.948333771912,2.16408756525,6.5001001));
#9517 = CARTESIAN_POINT('',(-0.948333771912,2.16408756525,6.5000001));
#9518 = CARTESIAN_POINT('',(-0.991713424952,2.120707963923,6.5001001));
#9519 = CARTESIAN_POINT('',(-0.991713424952,2.120707963923,6.5000001));
#9520 = CARTESIAN_POINT('',(-1.016295207541,2.061422484413,6.5001001));
#9521 = CARTESIAN_POINT('',(-1.016295207541,2.061422484413,6.5000001));
#9522 = CARTESIAN_POINT('',(-1.016295207541,1.999245047111,6.5001001));
#9523 = CARTESIAN_POINT('',(-1.016295207541,1.999245047111,6.5000001));
#9524 = ADVANCED_FACE('',(#9525),#9535,.F.);
#9525 = FACE_BOUND('',#9526,.F.);
#9526 = EDGE_LOOP('',(#9527,#9528,#9529,#9534));
#9527 = ORIENTED_EDGE('',*,*,#9510,.F.);
#9528 = ORIENTED_EDGE('',*,*,#9118,.T.);
#9529 = ORIENTED_EDGE('',*,*,#9530,.T.);
#9530 = EDGE_CURVE('',#9119,#2383,#9531,.T.);
#9531 = B_SPLINE_CURVE_WITH_KNOTS('',1,(#9532,#9533),.UNSPECIFIED.,.F.,
  .F.,(2,2),(-0.,9.999999998422E-05),.PIECEWISE_BEZIER_KNOTS.);
#9532 = CARTESIAN_POINT('',(-0.955563749135,1.841632478614,6.5001001));
#9533 = CARTESIAN_POINT('',(-0.955563749135,1.841632478614,6.5000001));
#9534 = ORIENTED_EDGE('',*,*,#2391,.F.);
#9535 = B_SPLINE_SURFACE_WITH_KNOTS('',3,1,(
    (#9536,#9537)
    ,(#9538,#9539)
    ,(#9540,#9541)
    ,(#9542,#9543
    )),.UNSPECIFIED.,.F.,.F.,.F.,(4,4),(2,2),(7.,8.),(0.,1.),
  .PIECEWISE_BEZIER_KNOTS.);
#9536 = CARTESIAN_POINT('',(-1.016295207541,1.999245047111,6.5001001));
#9537 = CARTESIAN_POINT('',(-1.016295207541,1.999245047111,6.5000001));
#9538 = CARTESIAN_POINT('',(-1.016295207541,1.941405560288,6.5001001));
#9539 = CARTESIAN_POINT('',(-1.016295207541,1.941405560288,6.5000001));
#9540 = CARTESIAN_POINT('',(-0.994605399983,1.885012038571,6.5001001));
#9541 = CARTESIAN_POINT('',(-0.994605399983,1.885012038571,6.5000001));
#9542 = CARTESIAN_POINT('',(-0.955563749135,1.841632478614,6.5001001));
#9543 = CARTESIAN_POINT('',(-0.955563749135,1.841632478614,6.5000001));
#9544 = ADVANCED_FACE('',(#9545),#9555,.F.);
#9545 = FACE_BOUND('',#9546,.F.);
#9546 = EDGE_LOOP('',(#9547,#9548,#9549,#9554));
#9547 = ORIENTED_EDGE('',*,*,#9530,.F.);
#9548 = ORIENTED_EDGE('',*,*,#9127,.T.);
#9549 = ORIENTED_EDGE('',*,*,#9550,.T.);
#9550 = EDGE_CURVE('',#9128,#2374,#9551,.T.);
#9551 = B_SPLINE_CURVE_WITH_KNOTS('',1,(#9552,#9553),.UNSPECIFIED.,.F.,
  .F.,(2,2),(-0.,9.999999998422E-05),.PIECEWISE_BEZIER_KNOTS.);
#9552 = CARTESIAN_POINT('',(-0.83988477549,1.772225105459,6.5001001));
#9553 = CARTESIAN_POINT('',(-0.83988477549,1.772225105459,6.5000001));
#9554 = ORIENTED_EDGE('',*,*,#2382,.F.);
#9555 = B_SPLINE_SURFACE_WITH_KNOTS('',3,1,(
    (#9556,#9557)
    ,(#9558,#9559)
    ,(#9560,#9561)
    ,(#9562,#9563
    )),.UNSPECIFIED.,.F.,.F.,.F.,(4,4),(2,2),(8.,9.),(0.,1.),
  .PIECEWISE_BEZIER_KNOTS.);
#9556 = CARTESIAN_POINT('',(-0.955563749135,1.841632478614,6.5001001));
#9557 = CARTESIAN_POINT('',(-0.955563749135,1.841632478614,6.5000001));
#9558 = CARTESIAN_POINT('',(-0.923752034141,1.806928764456,6.5001001));
#9559 = CARTESIAN_POINT('',(-0.923752034141,1.806928764456,6.5000001));
#9560 = CARTESIAN_POINT('',(-0.884710369503,1.783792991792,6.5001001));
#9561 = CARTESIAN_POINT('',(-0.884710369503,1.783792991792,6.5000001));
#9562 = CARTESIAN_POINT('',(-0.83988477549,1.772225105459,6.5001001));
#9563 = CARTESIAN_POINT('',(-0.83988477549,1.772225105459,6.5000001));
#9564 = ADVANCED_FACE('',(#9565),#9575,.F.);
#9565 = FACE_BOUND('',#9566,.F.);
#9566 = EDGE_LOOP('',(#9567,#9568,#9569,#9574));
#9567 = ORIENTED_EDGE('',*,*,#9550,.F.);
#9568 = ORIENTED_EDGE('',*,*,#9136,.T.);
#9569 = ORIENTED_EDGE('',*,*,#9570,.T.);
#9570 = EDGE_CURVE('',#9137,#2365,#9571,.T.);
#9571 = B_SPLINE_CURVE_WITH_KNOTS('',1,(#9572,#9573),.UNSPECIFIED.,.F.,
  .F.,(2,2),(-0.,9.999999998422E-05),.PIECEWISE_BEZIER_KNOTS.);
#9572 = CARTESIAN_POINT('',(-0.702515980495,1.673897988892,6.5001001));
#9573 = CARTESIAN_POINT('',(-0.702515980495,1.673897988892,6.5000001));
#9574 = ORIENTED_EDGE('',*,*,#2373,.F.);
#9575 = B_SPLINE_SURFACE_WITH_KNOTS('',3,1,(
    (#9576,#9577)
    ,(#9578,#9579)
    ,(#9580,#9581)
    ,(#9582,#9583
    )),.UNSPECIFIED.,.F.,.F.,.F.,(4,4),(2,2),(9.,10.),(0.,1.),
  .PIECEWISE_BEZIER_KNOTS.);
#9576 = CARTESIAN_POINT('',(-0.83988477549,1.772225105459,6.5001001));
#9577 = CARTESIAN_POINT('',(-0.83988477549,1.772225105459,6.5000001));
#9578 = CARTESIAN_POINT('',(-0.821086939514,1.714385618635,6.5001001));
#9579 = CARTESIAN_POINT('',(-0.821086939514,1.714385618635,6.5000001));
#9580 = CARTESIAN_POINT('',(-0.766139438064,1.673897988892,6.5001001));
#9581 = CARTESIAN_POINT('',(-0.766139438064,1.673897988892,6.5000001));
#9582 = CARTESIAN_POINT('',(-0.702515980495,1.673897988892,6.5001001));
#9583 = CARTESIAN_POINT('',(-0.702515980495,1.673897988892,6.5000001));
#9584 = ADVANCED_FACE('',(#9585),#9595,.F.);
#9585 = FACE_BOUND('',#9586,.F.);
#9586 = EDGE_LOOP('',(#9587,#9588,#9589,#9594));
#9587 = ORIENTED_EDGE('',*,*,#9570,.F.);
#9588 = ORIENTED_EDGE('',*,*,#9145,.T.);
#9589 = ORIENTED_EDGE('',*,*,#9590,.T.);
#9590 = EDGE_CURVE('',#9146,#2356,#9591,.T.);
#9591 = B_SPLINE_CURVE_WITH_KNOTS('',1,(#9592,#9593),.UNSPECIFIED.,.F.,
  .F.,(2,2),(-0.,9.999999999044E-05),.PIECEWISE_BEZIER_KNOTS.);
#9592 = CARTESIAN_POINT('',(-0.557917263437,1.818496705949,6.5001001));
#9593 = CARTESIAN_POINT('',(-0.557917263437,1.818496705949,6.5000001));
#9594 = ORIENTED_EDGE('',*,*,#2364,.F.);
#9595 = B_SPLINE_SURFACE_WITH_KNOTS('',3,1,(
    (#9596,#9597)
    ,(#9598,#9599)
    ,(#9600,#9601)
    ,(#9602,#9603
    )),.UNSPECIFIED.,.F.,.F.,.F.,(4,4),(2,2),(10.,11.),(0.,1.),
  .PIECEWISE_BEZIER_KNOTS.);
#9596 = CARTESIAN_POINT('',(-0.702515980495,1.673897988892,6.5001001));
#9597 = CARTESIAN_POINT('',(-0.702515980495,1.673897988892,6.5000001));
#9598 = CARTESIAN_POINT('',(-0.622986686114,1.673897988892,6.5001001));
#9599 = CARTESIAN_POINT('',(-0.622986686114,1.673897988892,6.5000001));
#9600 = CARTESIAN_POINT('',(-0.557917263437,1.738967411567,6.5001001));
#9601 = CARTESIAN_POINT('',(-0.557917263437,1.738967411567,6.5000001));
#9602 = CARTESIAN_POINT('',(-0.557917263437,1.818496705949,6.5001001));
#9603 = CARTESIAN_POINT('',(-0.557917263437,1.818496705949,6.5000001));
#9604 = ADVANCED_FACE('',(#9605),#9615,.F.);
#9605 = FACE_BOUND('',#9606,.T.);
#9606 = EDGE_LOOP('',(#9607,#9608,#9613,#9614));
#9607 = ORIENTED_EDGE('',*,*,#2355,.T.);
#9608 = ORIENTED_EDGE('',*,*,#9609,.F.);
#9609 = EDGE_CURVE('',#9155,#2349,#9610,.T.);
#9610 = B_SPLINE_CURVE_WITH_KNOTS('',1,(#9611,#9612),.UNSPECIFIED.,.F.,
  .F.,(2,2),(-0.,9.999999999044E-05),.PIECEWISE_BEZIER_KNOTS.);
#9611 = CARTESIAN_POINT('',(-0.557917263437,1.832956577655,6.5001001));
#9612 = CARTESIAN_POINT('',(-0.557917263437,1.832956577655,6.5000001));
#9613 = ORIENTED_EDGE('',*,*,#9154,.F.);
#9614 = ORIENTED_EDGE('',*,*,#9590,.T.);
#9615 = B_SPLINE_SURFACE_WITH_KNOTS('',1,1,(
    (#9616,#9617)
    ,(#9618,#9619
    )),.UNSPECIFIED.,.F.,.F.,.F.,(2,2),(2,2),(-9.999999999977E-05,0.),(
    0.,1.445987170667E-02),.PIECEWISE_BEZIER_KNOTS.);
#9616 = CARTESIAN_POINT('',(-0.557917263437,1.818496705949,6.5000001));
#9617 = CARTESIAN_POINT('',(-0.557917263437,1.832956577655,6.5000001));
#9618 = CARTESIAN_POINT('',(-0.557917263437,1.818496705949,6.5001001));
#9619 = CARTESIAN_POINT('',(-0.557917263437,1.832956577655,6.5001001));
#9620 = ADVANCED_FACE('',(#9621),#9631,.F.);
#9621 = FACE_BOUND('',#9622,.T.);
#9622 = EDGE_LOOP('',(#9623,#9624,#9629,#9630));
#9623 = ORIENTED_EDGE('',*,*,#2348,.T.);
#9624 = ORIENTED_EDGE('',*,*,#9625,.F.);
#9625 = EDGE_CURVE('',#9164,#2342,#9626,.T.);
#9626 = B_SPLINE_CURVE_WITH_KNOTS('',1,(#9627,#9628),.UNSPECIFIED.,.F.,
  .F.,(2,2),(-0.,9.999999999133E-05),.PIECEWISE_BEZIER_KNOTS.);
#9627 = CARTESIAN_POINT('',(-0.355479059557,1.939959622761,6.5001001));
#9628 = CARTESIAN_POINT('',(-0.355479059557,1.939959622761,6.5000001));
#9629 = ORIENTED_EDGE('',*,*,#9163,.F.);
#9630 = ORIENTED_EDGE('',*,*,#9609,.T.);
#9631 = B_SPLINE_SURFACE_WITH_KNOTS('',1,1,(
    (#9632,#9633)
    ,(#9634,#9635
    )),.UNSPECIFIED.,.F.,.F.,.F.,(2,2),(2,2),(-0.228977898611,
    9.8154256972E-17),(-9.999999999977E-05,0.),
  .PIECEWISE_BEZIER_KNOTS.);
#9632 = CARTESIAN_POINT('',(-0.355479059557,1.939959622761,6.5000001));
#9633 = CARTESIAN_POINT('',(-0.355479059557,1.939959622761,6.5001001));
#9634 = CARTESIAN_POINT('',(-0.557917263437,1.832956577655,6.5000001));
#9635 = CARTESIAN_POINT('',(-0.557917263437,1.832956577655,6.5001001));
#9636 = ADVANCED_FACE('',(#9637),#9647,.F.);
#9637 = FACE_BOUND('',#9638,.T.);
#9638 = EDGE_LOOP('',(#9639,#9640,#9645,#9646));
#9639 = ORIENTED_EDGE('',*,*,#2341,.T.);
#9640 = ORIENTED_EDGE('',*,*,#9641,.F.);
#9641 = EDGE_CURVE('',#9171,#2335,#9642,.T.);
#9642 = B_SPLINE_CURVE_WITH_KNOTS('',1,(#9643,#9644),.UNSPECIFIED.,.F.,
  .F.,(2,2),(-0.,9.999999999266E-05),.PIECEWISE_BEZIER_KNOTS.);
#9643 = CARTESIAN_POINT('',(-0.400304639781,2.016596959349,6.5001001));
#9644 = CARTESIAN_POINT('',(-0.400304639781,2.016596959349,6.5000001));
#9645 = ORIENTED_EDGE('',*,*,#9170,.F.);
#9646 = ORIENTED_EDGE('',*,*,#9625,.T.);
#9647 = B_SPLINE_SURFACE_WITH_KNOTS('',1,1,(
    (#9648,#9649)
    ,(#9650,#9651
    )),.UNSPECIFIED.,.F.,.F.,.F.,(2,2),(2,2),(-8.878408642163E-02,
    1.681598356062E-16),(-9.999999999977E-05,0.),
  .PIECEWISE_BEZIER_KNOTS.);
#9648 = CARTESIAN_POINT('',(-0.400304639781,2.016596959349,6.5000001));
#9649 = CARTESIAN_POINT('',(-0.400304639781,2.016596959349,6.5001001));
#9650 = CARTESIAN_POINT('',(-0.355479059557,1.939959622761,6.5000001));
#9651 = CARTESIAN_POINT('',(-0.355479059557,1.939959622761,6.5001001));
#9652 = ADVANCED_FACE('',(#9653),#9663,.F.);
#9653 = FACE_BOUND('',#9654,.T.);
#9654 = EDGE_LOOP('',(#9655,#9656,#9661,#9662));
#9655 = ORIENTED_EDGE('',*,*,#2334,.T.);
#9656 = ORIENTED_EDGE('',*,*,#9657,.F.);
#9657 = EDGE_CURVE('',#9178,#2326,#9658,.T.);
#9658 = B_SPLINE_CURVE_WITH_KNOTS('',1,(#9659,#9660),.UNSPECIFIED.,.F.,
  .F.,(2,2),(-0.,9.999999998422E-05),.PIECEWISE_BEZIER_KNOTS.);
#9659 = CARTESIAN_POINT('',(-0.594066915122,1.91537785741,6.5001001));
#9660 = CARTESIAN_POINT('',(-0.594066915122,1.91537785741,6.5000001));
#9661 = ORIENTED_EDGE('',*,*,#9177,.F.);
#9662 = ORIENTED_EDGE('',*,*,#9641,.T.);
#9663 = B_SPLINE_SURFACE_WITH_KNOTS('',1,1,(
    (#9664,#9665)
    ,(#9666,#9667
    )),.UNSPECIFIED.,.F.,.F.,.F.,(2,2),(2,2),(-0.218607241286,0.),(
    -9.999999999977E-05,0.),.PIECEWISE_BEZIER_KNOTS.);
#9664 = CARTESIAN_POINT('',(-0.594066915122,1.91537785741,6.5000001));
#9665 = CARTESIAN_POINT('',(-0.594066915122,1.91537785741,6.5001001));
#9666 = CARTESIAN_POINT('',(-0.400304639781,2.016596959349,6.5000001));
#9667 = CARTESIAN_POINT('',(-0.400304639781,2.016596959349,6.5001001));
#9668 = ADVANCED_FACE('',(#9669),#9679,.F.);
#9669 = FACE_BOUND('',#9670,.F.);
#9670 = EDGE_LOOP('',(#9671,#9672,#9673,#9678));
#9671 = ORIENTED_EDGE('',*,*,#9657,.F.);
#9672 = ORIENTED_EDGE('',*,*,#9184,.T.);
#9673 = ORIENTED_EDGE('',*,*,#9674,.T.);
#9674 = EDGE_CURVE('',#9185,#2317,#9675,.T.);
#9675 = B_SPLINE_CURVE_WITH_KNOTS('',1,(#9676,#9677),.UNSPECIFIED.,.F.,
  .F.,(2,2),(-0.,9.999999998422E-05),.PIECEWISE_BEZIER_KNOTS.);
#9676 = CARTESIAN_POINT('',(-0.702515952915,1.964541415693,6.5001001));
#9677 = CARTESIAN_POINT('',(-0.702515952915,1.964541415693,6.5000001));
#9678 = ORIENTED_EDGE('',*,*,#2325,.F.);
#9679 = B_SPLINE_SURFACE_WITH_KNOTS('',3,1,(
    (#9680,#9681)
    ,(#9682,#9683)
    ,(#9684,#9685)
    ,(#9686,#9687
    )),.UNSPECIFIED.,.F.,.F.,.F.,(4,4),(2,2),(15.,16.),(0.,1.),
  .PIECEWISE_BEZIER_KNOTS.);
#9680 = CARTESIAN_POINT('',(-0.594066915122,1.91537785741,6.5001001));
#9681 = CARTESIAN_POINT('',(-0.594066915122,1.91537785741,6.5000001));
#9682 = CARTESIAN_POINT('',(-0.620094673161,1.945743593508,6.5001001));
#9683 = CARTESIAN_POINT('',(-0.620094673161,1.945743593508,6.5000001));
#9684 = CARTESIAN_POINT('',(-0.659136337798,1.964541415693,6.5001001));
#9685 = CARTESIAN_POINT('',(-0.659136337798,1.964541415693,6.5000001));
#9686 = CARTESIAN_POINT('',(-0.702515952915,1.964541415693,6.5001001));
#9687 = CARTESIAN_POINT('',(-0.702515952915,1.964541415693,6.5000001));
#9688 = ADVANCED_FACE('',(#9689),#9699,.F.);
#9689 = FACE_BOUND('',#9690,.F.);
#9690 = EDGE_LOOP('',(#9691,#9692,#9693,#9698));
#9691 = ORIENTED_EDGE('',*,*,#9674,.F.);
#9692 = ORIENTED_EDGE('',*,*,#9193,.T.);
#9693 = ORIENTED_EDGE('',*,*,#9694,.T.);
#9694 = EDGE_CURVE('',#9194,#2308,#9695,.T.);
#9695 = B_SPLINE_CURVE_WITH_KNOTS('',1,(#9696,#9697),.UNSPECIFIED.,.F.,
  .F.,(2,2),(-0.,9.999999998422E-05),.PIECEWISE_BEZIER_KNOTS.);
#9696 = CARTESIAN_POINT('',(-0.838438741433,1.86910625692,6.5001001));
#9697 = CARTESIAN_POINT('',(-0.838438741433,1.86910625692,6.5000001));
#9698 = ORIENTED_EDGE('',*,*,#2316,.F.);
#9699 = B_SPLINE_SURFACE_WITH_KNOTS('',3,1,(
    (#9700,#9701)
    ,(#9702,#9703)
    ,(#9704,#9705)
    ,(#9706,#9707
    )),.UNSPECIFIED.,.F.,.F.,.F.,(4,4),(2,2),(16.,17.),(0.,1.),
  .PIECEWISE_BEZIER_KNOTS.);
#9700 = CARTESIAN_POINT('',(-0.702515952915,1.964541415693,6.5001001));
#9701 = CARTESIAN_POINT('',(-0.702515952915,1.964541415693,6.5000001));
#9702 = CARTESIAN_POINT('',(-0.764693417798,1.964541415693,6.5001001));
#9703 = CARTESIAN_POINT('',(-0.764693417798,1.964541415693,6.5000001));
#9704 = CARTESIAN_POINT('',(-0.818194926561,1.92405378595,6.5001001));
#9705 = CARTESIAN_POINT('',(-0.818194926561,1.92405378595,6.5000001));
#9706 = CARTESIAN_POINT('',(-0.838438741433,1.86910625692,6.5001001));
#9707 = CARTESIAN_POINT('',(-0.838438741433,1.86910625692,6.5000001));
#9708 = ADVANCED_FACE('',(#9709),#9719,.F.);
#9709 = FACE_BOUND('',#9710,.F.);
#9710 = EDGE_LOOP('',(#9711,#9712,#9713,#9718));
#9711 = ORIENTED_EDGE('',*,*,#9694,.F.);
#9712 = ORIENTED_EDGE('',*,*,#9202,.T.);
#9713 = ORIENTED_EDGE('',*,*,#9714,.T.);
#9714 = EDGE_CURVE('',#9203,#2299,#9715,.T.);
#9715 = B_SPLINE_CURVE_WITH_KNOTS('',1,(#9716,#9717),.UNSPECIFIED.,.F.,
  .F.,(2,2),(-0.,9.999999998422E-05),.PIECEWISE_BEZIER_KNOTS.);
#9716 = CARTESIAN_POINT('',(-0.925197971667,2.002137087644,6.5001001));
#9717 = CARTESIAN_POINT('',(-0.925197971667,2.002137087644,6.5000001));
#9718 = ORIENTED_EDGE('',*,*,#2307,.F.);
#9719 = B_SPLINE_SURFACE_WITH_KNOTS('',3,1,(
    (#9720,#9721)
    ,(#9722,#9723)
    ,(#9724,#9725)
    ,(#9726,#9727
    )),.UNSPECIFIED.,.F.,.F.,.F.,(4,4),(2,2),(17.,18.),(0.,1.),
  .PIECEWISE_BEZIER_KNOTS.);
#9720 = CARTESIAN_POINT('',(-0.838438741433,1.86910625692,6.5001001));
#9721 = CARTESIAN_POINT('',(-0.838438741433,1.86910625692,6.5000001));
#9722 = CARTESIAN_POINT('',(-0.889048292403,1.892242057164,6.5001001));
#9723 = CARTESIAN_POINT('',(-0.889048292403,1.892242057164,6.5000001));
#9724 = CARTESIAN_POINT('',(-0.925197971667,1.942851608134,6.5001001));
#9725 = CARTESIAN_POINT('',(-0.925197971667,1.942851608134,6.5000001));
#9726 = CARTESIAN_POINT('',(-0.925197971667,2.002137087644,6.5001001));
#9727 = CARTESIAN_POINT('',(-0.925197971667,2.002137087644,6.5000001));
#9728 = ADVANCED_FACE('',(#9729),#9739,.F.);
#9729 = FACE_BOUND('',#9730,.F.);
#9730 = EDGE_LOOP('',(#9731,#9732,#9733,#9738));
#9731 = ORIENTED_EDGE('',*,*,#9714,.F.);
#9732 = ORIENTED_EDGE('',*,*,#9211,.T.);
#9733 = ORIENTED_EDGE('',*,*,#9734,.T.);
#9734 = EDGE_CURVE('',#9212,#2290,#9735,.T.);
#9735 = B_SPLINE_CURVE_WITH_KNOTS('',1,(#9736,#9737),.UNSPECIFIED.,.F.,
  .F.,(2,2),(-0.,9.999999998422E-05),.PIECEWISE_BEZIER_KNOTS.);
#9736 = CARTESIAN_POINT('',(-0.78059925461,2.146735804701,6.5001001));
#9737 = CARTESIAN_POINT('',(-0.78059925461,2.146735804701,6.5000001));
#9738 = ORIENTED_EDGE('',*,*,#2298,.F.);
#9739 = B_SPLINE_SURFACE_WITH_KNOTS('',3,1,(
    (#9740,#9741)
    ,(#9742,#9743)
    ,(#9744,#9745)
    ,(#9746,#9747
    )),.UNSPECIFIED.,.F.,.F.,.F.,(4,4),(2,2),(18.,19.),(0.,1.),
  .PIECEWISE_BEZIER_KNOTS.);
#9740 = CARTESIAN_POINT('',(-0.925197971667,2.002137087644,6.5001001));
#9741 = CARTESIAN_POINT('',(-0.925197971667,2.002137087644,6.5000001));
#9742 = CARTESIAN_POINT('',(-0.925197971667,2.081666382026,6.5001001));
#9743 = CARTESIAN_POINT('',(-0.925197971667,2.081666382026,6.5000001));
#9744 = CARTESIAN_POINT('',(-0.860128548992,2.146735804701,6.5001001));
#9745 = CARTESIAN_POINT('',(-0.860128548992,2.146735804701,6.5000001));
#9746 = CARTESIAN_POINT('',(-0.78059925461,2.146735804701,6.5001001));
#9747 = CARTESIAN_POINT('',(-0.78059925461,2.146735804701,6.5000001));
#9748 = ADVANCED_FACE('',(#9749),#9759,.F.);
#9749 = FACE_BOUND('',#9750,.F.);
#9750 = EDGE_LOOP('',(#9751,#9752,#9753,#9758));
#9751 = ORIENTED_EDGE('',*,*,#9734,.F.);
#9752 = ORIENTED_EDGE('',*,*,#9220,.T.);
#9753 = ORIENTED_EDGE('',*,*,#9754,.T.);
#9754 = EDGE_CURVE('',#9221,#2281,#9755,.T.);
#9755 = B_SPLINE_CURVE_WITH_KNOTS('',1,(#9756,#9757),.UNSPECIFIED.,.F.,
  .F.,(2,2),(-0.,9.999999998422E-05),.PIECEWISE_BEZIER_KNOTS.);
#9756 = CARTESIAN_POINT('',(-0.703961945602,2.125045997142,6.5001001));
#9757 = CARTESIAN_POINT('',(-0.703961945602,2.125045997142,6.5000001));
#9758 = ORIENTED_EDGE('',*,*,#2289,.F.);
#9759 = B_SPLINE_SURFACE_WITH_KNOTS('',3,1,(
    (#9760,#9761)
    ,(#9762,#9763)
    ,(#9764,#9765)
    ,(#9766,#9767
    )),.UNSPECIFIED.,.F.,.F.,.F.,(4,4),(2,2),(19.,20.),(0.,1.),
  .PIECEWISE_BEZIER_KNOTS.);
#9760 = CARTESIAN_POINT('',(-0.78059925461,2.146735804701,6.5001001));
#9761 = CARTESIAN_POINT('',(-0.78059925461,2.146735804701,6.5000001));
#9762 = CARTESIAN_POINT('',(-0.753125503885,2.146735804701,6.5001001));
#9763 = CARTESIAN_POINT('',(-0.753125503885,2.146735804701,6.5000001));
#9764 = CARTESIAN_POINT('',(-0.72565175316,2.138059876162,6.5001001));
#9765 = CARTESIAN_POINT('',(-0.72565175316,2.138059876162,6.5000001));
#9766 = CARTESIAN_POINT('',(-0.703961945602,2.125045997142,6.5001001));
#9767 = CARTESIAN_POINT('',(-0.703961945602,2.125045997142,6.5000001));
#9768 = ADVANCED_FACE('',(#9769),#9779,.F.);
#9769 = FACE_BOUND('',#9770,.F.);
#9770 = EDGE_LOOP('',(#9771,#9772,#9773,#9778));
#9771 = ORIENTED_EDGE('',*,*,#9754,.F.);
#9772 = ORIENTED_EDGE('',*,*,#9229,.T.);
#9773 = ORIENTED_EDGE('',*,*,#9774,.T.);
#9774 = EDGE_CURVE('',#9230,#2272,#9775,.T.);
#9775 = B_SPLINE_CURVE_WITH_KNOTS('',1,(#9776,#9777),.UNSPECIFIED.,.F.,
  .F.,(2,2),(-0.,9.999999998422E-05),.PIECEWISE_BEZIER_KNOTS.);
#9776 = CARTESIAN_POINT('',(-0.510199697841,2.263860688294,6.5001001));
#9777 = CARTESIAN_POINT('',(-0.510199697841,2.263860688294,6.5000001));
#9778 = ORIENTED_EDGE('',*,*,#2280,.F.);
#9779 = B_SPLINE_SURFACE_WITH_KNOTS('',3,1,(
    (#9780,#9781)
    ,(#9782,#9783)
    ,(#9784,#9785)
    ,(#9786,#9787
    )),.UNSPECIFIED.,.F.,.F.,.F.,(4,4),(2,2),(20.,21.),(0.,1.),
  .PIECEWISE_BEZIER_KNOTS.);
#9780 = CARTESIAN_POINT('',(-0.703961945602,2.125045997142,6.5001001));
#9781 = CARTESIAN_POINT('',(-0.703961945602,2.125045997142,6.5000001));
#9782 = CARTESIAN_POINT('',(-0.676488222457,2.206021201471,6.5001001));
#9783 = CARTESIAN_POINT('',(-0.676488222457,2.206021201471,6.5000001));
#9784 = CARTESIAN_POINT('',(-0.601296878555,2.263860688294,6.5001001));
#9785 = CARTESIAN_POINT('',(-0.601296878555,2.263860688294,6.5000001));
#9786 = CARTESIAN_POINT('',(-0.510199697841,2.263860688294,6.5001001));
#9787 = CARTESIAN_POINT('',(-0.510199697841,2.263860688294,6.5000001));
#9788 = ADVANCED_FACE('',(#9789),#9799,.F.);
#9789 = FACE_BOUND('',#9790,.F.);
#9790 = EDGE_LOOP('',(#9791,#9792,#9793,#9798));
#9791 = ORIENTED_EDGE('',*,*,#9774,.F.);
#9792 = ORIENTED_EDGE('',*,*,#9238,.T.);
#9793 = ORIENTED_EDGE('',*,*,#9794,.T.);
#9794 = EDGE_CURVE('',#9239,#2263,#9795,.T.);
#9795 = B_SPLINE_CURVE_WITH_KNOTS('',1,(#9796,#9797),.UNSPECIFIED.,.F.,
  .F.,(2,2),(-0.,9.999999999311E-05),.PIECEWISE_BEZIER_KNOTS.);
#9796 = CARTESIAN_POINT('',(-0.30776149396,2.083112291972,6.5001001));
#9797 = CARTESIAN_POINT('',(-0.30776149396,2.083112291972,6.5000001));
#9798 = ORIENTED_EDGE('',*,*,#2271,.F.);
#9799 = B_SPLINE_SURFACE_WITH_KNOTS('',3,1,(
    (#9800,#9801)
    ,(#9802,#9803)
    ,(#9804,#9805)
    ,(#9806,#9807
    )),.UNSPECIFIED.,.F.,.F.,.F.,(4,4),(2,2),(21.,22.),(0.,1.),
  .PIECEWISE_BEZIER_KNOTS.);
#9800 = CARTESIAN_POINT('',(-0.510199697841,2.263860688294,6.5001001));
#9801 = CARTESIAN_POINT('',(-0.510199697841,2.263860688294,6.5000001));
#9802 = CARTESIAN_POINT('',(-0.406088610527,2.263860688294,6.5001001));
#9803 = CARTESIAN_POINT('',(-0.406088610527,2.263860688294,6.5000001));
#9804 = CARTESIAN_POINT('',(-0.319329380293,2.184331393912,6.5001001));
#9805 = CARTESIAN_POINT('',(-0.319329380293,2.184331393912,6.5000001));
#9806 = CARTESIAN_POINT('',(-0.30776149396,2.083112291972,6.5001001));
#9807 = CARTESIAN_POINT('',(-0.30776149396,2.083112291972,6.5000001));
#9808 = ADVANCED_FACE('',(#9809),#9819,.F.);
#9809 = FACE_BOUND('',#9810,.T.);
#9810 = EDGE_LOOP('',(#9811,#9812,#9817,#9818));
#9811 = ORIENTED_EDGE('',*,*,#2262,.T.);
#9812 = ORIENTED_EDGE('',*,*,#9813,.F.);
#9813 = EDGE_CURVE('',#9248,#2254,#9814,.T.);
#9814 = B_SPLINE_CURVE_WITH_KNOTS('',1,(#9815,#9816),.UNSPECIFIED.,.F.,
  .F.,(2,2),(-0.,9.999999998422E-05),.PIECEWISE_BEZIER_KNOTS.);
#9815 = CARTESIAN_POINT('',(-0.296193607628,2.083112291972,6.5001001));
#9816 = CARTESIAN_POINT('',(-0.296193607628,2.083112291972,6.5000001));
#9817 = ORIENTED_EDGE('',*,*,#9247,.F.);
#9818 = ORIENTED_EDGE('',*,*,#9794,.T.);
#9819 = B_SPLINE_SURFACE_WITH_KNOTS('',1,1,(
    (#9820,#9821)
    ,(#9822,#9823
    )),.UNSPECIFIED.,.F.,.F.,.F.,(2,2),(2,2),(-9.999999999977E-05,0.),(
    0.,1.156788633277E-02),.PIECEWISE_BEZIER_KNOTS.);
#9820 = CARTESIAN_POINT('',(-0.30776149396,2.083112291972,6.5000001));
#9821 = CARTESIAN_POINT('',(-0.296193607628,2.083112291972,6.5000001));
#9822 = CARTESIAN_POINT('',(-0.30776149396,2.083112291972,6.5001001));
#9823 = CARTESIAN_POINT('',(-0.296193607628,2.083112291972,6.5001001));
#9824 = ADVANCED_FACE('',(#9825),#9835,.F.);
#9825 = FACE_BOUND('',#9826,.F.);
#9826 = EDGE_LOOP('',(#9827,#9828,#9829,#9834));
#9827 = ORIENTED_EDGE('',*,*,#9813,.F.);
#9828 = ORIENTED_EDGE('',*,*,#9256,.T.);
#9829 = ORIENTED_EDGE('',*,*,#9830,.T.);
#9830 = EDGE_CURVE('',#9257,#2245,#9831,.T.);
#9831 = B_SPLINE_CURVE_WITH_KNOTS('',1,(#9832,#9833),.UNSPECIFIED.,.F.,
  .F.,(2,2),(-0.,9.999999998422E-05),.PIECEWISE_BEZIER_KNOTS.);
#9832 = CARTESIAN_POINT('',(-0.183406619355,1.970325303699,6.5001001));
#9833 = CARTESIAN_POINT('',(-0.183406619355,1.970325303699,6.5000001));
#9834 = ORIENTED_EDGE('',*,*,#2253,.F.);
#9835 = B_SPLINE_SURFACE_WITH_KNOTS('',3,1,(
    (#9836,#9837)
    ,(#9838,#9839)
    ,(#9840,#9841)
    ,(#9842,#9843
    )),.UNSPECIFIED.,.F.,.F.,.F.,(4,4),(2,2),(23.,24.),(0.,1.),
  .PIECEWISE_BEZIER_KNOTS.);
#9836 = CARTESIAN_POINT('',(-0.296193607628,2.083112291972,6.5001001));
#9837 = CARTESIAN_POINT('',(-0.296193607628,2.083112291972,6.5000001));
#9838 = CARTESIAN_POINT('',(-0.234016170325,2.083112291972,6.5001001));
#9839 = CARTESIAN_POINT('',(-0.234016170325,2.083112291972,6.5000001));
#9840 = CARTESIAN_POINT('',(-0.183406619355,2.032502741002,6.5001001));
#9841 = CARTESIAN_POINT('',(-0.183406619355,2.032502741002,6.5000001));
#9842 = CARTESIAN_POINT('',(-0.183406619355,1.970325303699,6.5001001));
#9843 = CARTESIAN_POINT('',(-0.183406619355,1.970325303699,6.5000001));
#9844 = ADVANCED_FACE('',(#9845),#9855,.F.);
#9845 = FACE_BOUND('',#9846,.F.);
#9846 = EDGE_LOOP('',(#9847,#9848,#9849,#9854));
#9847 = ORIENTED_EDGE('',*,*,#9830,.F.);
#9848 = ORIENTED_EDGE('',*,*,#9265,.T.);
#9849 = ORIENTED_EDGE('',*,*,#9850,.T.);
#9850 = EDGE_CURVE('',#9266,#2238,#9851,.T.);
#9851 = B_SPLINE_CURVE_WITH_KNOTS('',1,(#9852,#9853),.UNSPECIFIED.,.F.,
  .F.,(2,2),(-0.,9.999999999089E-05),.PIECEWISE_BEZIER_KNOTS.);
#9852 = CARTESIAN_POINT('',(-0.287517706668,1.857538315427,6.5001001));
#9853 = CARTESIAN_POINT('',(-0.287517706668,1.857538315427,6.5000001));
#9854 = ORIENTED_EDGE('',*,*,#2244,.F.);
#9855 = B_SPLINE_SURFACE_WITH_KNOTS('',3,1,(
    (#9856,#9857)
    ,(#9858,#9859)
    ,(#9860,#9861)
    ,(#9862,#9863
    )),.UNSPECIFIED.,.F.,.F.,.F.,(4,4),(2,2),(24.,25.),(0.,1.),
  .PIECEWISE_BEZIER_KNOTS.);
#9856 = CARTESIAN_POINT('',(-0.183406619355,1.970325303699,6.5001001));
#9857 = CARTESIAN_POINT('',(-0.183406619355,1.970325303699,6.5000001));
#9858 = CARTESIAN_POINT('',(-0.183406619355,1.911039824189,6.5001001));
#9859 = CARTESIAN_POINT('',(-0.183406619355,1.911039824189,6.5000001));
#9860 = CARTESIAN_POINT('',(-0.228232199579,1.861876265907,6.5001001));
#9861 = CARTESIAN_POINT('',(-0.228232199579,1.861876265907,6.5000001));
#9862 = CARTESIAN_POINT('',(-0.287517706668,1.857538315427,6.5001001));
#9863 = CARTESIAN_POINT('',(-0.287517706668,1.857538315427,6.5000001));
#9864 = ADVANCED_FACE('',(#9865),#9875,.F.);
#9865 = FACE_BOUND('',#9866,.T.);
#9866 = EDGE_LOOP('',(#9867,#9868,#9873,#9874));
#9867 = ORIENTED_EDGE('',*,*,#2237,.T.);
#9868 = ORIENTED_EDGE('',*,*,#9869,.F.);
#9869 = EDGE_CURVE('',#9275,#2229,#9870,.T.);
#9870 = B_SPLINE_CURVE_WITH_KNOTS('',1,(#9871,#9872),.UNSPECIFIED.,.F.,
  .F.,(2,2),(-0.,9.999999998422E-05),.PIECEWISE_BEZIER_KNOTS.);
#9871 = CARTESIAN_POINT('',(-0.352587129344,1.857538315427,6.5001001));
#9872 = CARTESIAN_POINT('',(-0.352587129344,1.857538315427,6.5000001));
#9873 = ORIENTED_EDGE('',*,*,#9274,.F.);
#9874 = ORIENTED_EDGE('',*,*,#9850,.T.);
#9875 = B_SPLINE_SURFACE_WITH_KNOTS('',1,1,(
    (#9876,#9877)
    ,(#9878,#9879
    )),.UNSPECIFIED.,.F.,.F.,.F.,(2,2),(2,2),(-0.,9.999999999977E-05),(
    -6.506942267584E-02,-1.110223024625E-16),.PIECEWISE_BEZIER_KNOTS.);
#9876 = CARTESIAN_POINT('',(-0.352587129344,1.857538315427,6.5001001));
#9877 = CARTESIAN_POINT('',(-0.287517706668,1.857538315427,6.5001001));
#9878 = CARTESIAN_POINT('',(-0.352587129344,1.857538315427,6.5000001));
#9879 = CARTESIAN_POINT('',(-0.287517706668,1.857538315427,6.5000001));
#9880 = ADVANCED_FACE('',(#9881),#9891,.F.);
#9881 = FACE_BOUND('',#9882,.F.);
#9882 = EDGE_LOOP('',(#9883,#9884,#9885,#9890));
#9883 = ORIENTED_EDGE('',*,*,#9869,.F.);
#9884 = ORIENTED_EDGE('',*,*,#9281,.T.);
#9885 = ORIENTED_EDGE('',*,*,#9886,.T.);
#9886 = EDGE_CURVE('',#9282,#2220,#9887,.T.);
#9887 = B_SPLINE_CURVE_WITH_KNOTS('',1,(#9888,#9889),.UNSPECIFIED.,.F.,
  .F.,(2,2),(-0.,9.999999998422E-05),.PIECEWISE_BEZIER_KNOTS.);
#9888 = CARTESIAN_POINT('',(-0.361263030304,1.858984280533,6.5001001));
#9889 = CARTESIAN_POINT('',(-0.361263030304,1.858984280533,6.5000001));
#9890 = ORIENTED_EDGE('',*,*,#2228,.F.);
#9891 = B_SPLINE_SURFACE_WITH_KNOTS('',3,1,(
    (#9892,#9893)
    ,(#9894,#9895)
    ,(#9896,#9897)
    ,(#9898,#9899
    )),.UNSPECIFIED.,.F.,.F.,.F.,(4,4),(2,2),(26.,27.),(0.,1.),
  .PIECEWISE_BEZIER_KNOTS.);
#9892 = CARTESIAN_POINT('',(-0.352587129344,1.857538315427,6.5001001));
#9893 = CARTESIAN_POINT('',(-0.352587129344,1.857538315427,6.5000001));
#9894 = CARTESIAN_POINT('',(-0.355479114717,1.857538315427,6.5001001));
#9895 = CARTESIAN_POINT('',(-0.355479114717,1.857538315427,6.5000001));
#9896 = CARTESIAN_POINT('',(-0.35837110009,1.858984280533,6.5001001));
#9897 = CARTESIAN_POINT('',(-0.35837110009,1.858984280533,6.5000001));
#9898 = CARTESIAN_POINT('',(-0.361263030304,1.858984280533,6.5001001));
#9899 = CARTESIAN_POINT('',(-0.361263030304,1.858984280533,6.5000001));
#9900 = ADVANCED_FACE('',(#9901),#9911,.F.);
#9901 = FACE_BOUND('',#9902,.F.);
#9902 = EDGE_LOOP('',(#9903,#9904,#9905,#9910));
#9903 = ORIENTED_EDGE('',*,*,#9886,.F.);
#9904 = ORIENTED_EDGE('',*,*,#9290,.T.);
#9905 = ORIENTED_EDGE('',*,*,#9906,.T.);
#9906 = EDGE_CURVE('',#9291,#2211,#9907,.T.);
#9907 = B_SPLINE_CURVE_WITH_KNOTS('',1,(#9908,#9909),.UNSPECIFIED.,.F.,
  .F.,(2,2),(-0.,9.999999998422E-05),.PIECEWISE_BEZIER_KNOTS.);
#9908 = CARTESIAN_POINT('',(-0.406088610527,1.81415870031,6.5001001));
#9909 = CARTESIAN_POINT('',(-0.406088610527,1.81415870031,6.5000001));
#9910 = ORIENTED_EDGE('',*,*,#2219,.F.);
#9911 = B_SPLINE_SURFACE_WITH_KNOTS('',3,1,(
    (#9912,#9913)
    ,(#9914,#9915)
    ,(#9916,#9917)
    ,(#9918,#9919
    )),.UNSPECIFIED.,.F.,.F.,.F.,(4,4),(2,2),(27.,28.),(0.,1.),
  .PIECEWISE_BEZIER_KNOTS.);
#9912 = CARTESIAN_POINT('',(-0.361263030304,1.858984280533,6.5001001));
#9913 = CARTESIAN_POINT('',(-0.361263030304,1.858984280533,6.5000001));
#9914 = CARTESIAN_POINT('',(-0.385844823235,1.858984280533,6.5001001));
#9915 = CARTESIAN_POINT('',(-0.385844823235,1.858984280533,6.5000001));
#9916 = CARTESIAN_POINT('',(-0.406088610527,1.838740438082,6.5001001));
#9917 = CARTESIAN_POINT('',(-0.406088610527,1.838740438082,6.5000001));
#9918 = CARTESIAN_POINT('',(-0.406088610527,1.81415870031,6.5001001));
#9919 = CARTESIAN_POINT('',(-0.406088610527,1.81415870031,6.5000001));
#9920 = ADVANCED_FACE('',(#9921),#9931,.F.);
#9921 = FACE_BOUND('',#9922,.F.);
#9922 = EDGE_LOOP('',(#9923,#9924,#9925,#9930));
#9923 = ORIENTED_EDGE('',*,*,#9906,.F.);
#9924 = ORIENTED_EDGE('',*,*,#9299,.T.);
#9925 = ORIENTED_EDGE('',*,*,#9926,.T.);
#9926 = EDGE_CURVE('',#9300,#2204,#9927,.T.);
#9927 = B_SPLINE_CURVE_WITH_KNOTS('',1,(#9928,#9929),.UNSPECIFIED.,.F.,
  .F.,(2,2),(-0.,9.999999999E-05),.PIECEWISE_BEZIER_KNOTS.);
#9928 = CARTESIAN_POINT('',(-0.364154960517,1.769333120085,6.5001001));
#9929 = CARTESIAN_POINT('',(-0.364154960517,1.769333120085,6.5000001));
#9930 = ORIENTED_EDGE('',*,*,#2210,.F.);
#9931 = B_SPLINE_SURFACE_WITH_KNOTS('',3,1,(
    (#9932,#9933)
    ,(#9934,#9935)
    ,(#9936,#9937)
    ,(#9938,#9939
    )),.UNSPECIFIED.,.F.,.F.,.F.,(4,4),(2,2),(28.,29.),(0.,1.),
  .PIECEWISE_BEZIER_KNOTS.);
#9932 = CARTESIAN_POINT('',(-0.406088610527,1.81415870031,6.5001001));
#9933 = CARTESIAN_POINT('',(-0.406088610527,1.81415870031,6.5000001));
#9934 = CARTESIAN_POINT('',(-0.406088610527,1.791022927644,6.5001001));
#9935 = CARTESIAN_POINT('',(-0.406088610527,1.791022927644,6.5000001));
#9936 = CARTESIAN_POINT('',(-0.387290788342,1.770779085191,6.5001001));
#9937 = CARTESIAN_POINT('',(-0.387290788342,1.770779085191,6.5000001));
#9938 = CARTESIAN_POINT('',(-0.364154960517,1.769333120085,6.5001001));
#9939 = CARTESIAN_POINT('',(-0.364154960517,1.769333120085,6.5000001));
#9940 = ADVANCED_FACE('',(#9941),#9951,.F.);
#9941 = FACE_BOUND('',#9942,.T.);
#9942 = EDGE_LOOP('',(#9943,#9944,#9949,#9950));
#9943 = ORIENTED_EDGE('',*,*,#2203,.T.);
#9944 = ORIENTED_EDGE('',*,*,#9945,.F.);
#9945 = EDGE_CURVE('',#9309,#2195,#9946,.T.);
#9946 = B_SPLINE_CURVE_WITH_KNOTS('',1,(#9947,#9948),.UNSPECIFIED.,.F.,
  .F.,(2,2),(-0.,9.999999998422E-05),.PIECEWISE_BEZIER_KNOTS.);
#9947 = CARTESIAN_POINT('',(-0.278841750548,1.769333120085,6.5001001));
#9948 = CARTESIAN_POINT('',(-0.278841750548,1.769333120085,6.5000001));
#9949 = ORIENTED_EDGE('',*,*,#9308,.F.);
#9950 = ORIENTED_EDGE('',*,*,#9926,.T.);
#9951 = B_SPLINE_SURFACE_WITH_KNOTS('',1,1,(
    (#9952,#9953)
    ,(#9954,#9955
    )),.UNSPECIFIED.,.F.,.F.,.F.,(2,2),(2,2),(-9.999999999977E-05,0.),(
    -8.097525948804E-02,4.337950480129E-03),.PIECEWISE_BEZIER_KNOTS.);
#9952 = CARTESIAN_POINT('',(-0.364154960517,1.769333120085,6.5000001));
#9953 = CARTESIAN_POINT('',(-0.278841750548,1.769333120085,6.5000001));
#9954 = CARTESIAN_POINT('',(-0.364154960517,1.769333120085,6.5001001));
#9955 = CARTESIAN_POINT('',(-0.278841750548,1.769333120085,6.5001001));
#9956 = ADVANCED_FACE('',(#9957),#9967,.F.);
#9957 = FACE_BOUND('',#9958,.F.);
#9958 = EDGE_LOOP('',(#9959,#9960,#9961,#9966));
#9959 = ORIENTED_EDGE('',*,*,#9945,.F.);
#9960 = ORIENTED_EDGE('',*,*,#9315,.T.);
#9961 = ORIENTED_EDGE('',*,*,#9962,.T.);
#9962 = EDGE_CURVE('',#9316,#2186,#9963,.T.);
#9963 = B_SPLINE_CURVE_WITH_KNOTS('',1,(#9964,#9965),.UNSPECIFIED.,.F.,
  .F.,(2,2),(-0.,9.999999998422E-05),.PIECEWISE_BEZIER_KNOTS.);
#9964 = CARTESIAN_POINT('',(-0.147256940091,1.834402542761,6.5001001));
#9965 = CARTESIAN_POINT('',(-0.147256940091,1.834402542761,6.5000001));
#9966 = ORIENTED_EDGE('',*,*,#2194,.F.);
#9967 = B_SPLINE_SURFACE_WITH_KNOTS('',3,1,(
    (#9968,#9969)
    ,(#9970,#9971)
    ,(#9972,#9973)
    ,(#9974,#9975
    )),.UNSPECIFIED.,.F.,.F.,.F.,(4,4),(2,2),(33.,34.),(0.,1.),
  .PIECEWISE_BEZIER_KNOTS.);
#9968 = CARTESIAN_POINT('',(-0.278841750548,1.769333120085,6.5001001));
#9969 = CARTESIAN_POINT('',(-0.278841750548,1.769333120085,6.5000001));
#9970 = CARTESIAN_POINT('',(-0.228232199579,1.773671070565,6.5001001));
#9971 = CARTESIAN_POINT('',(-0.228232199579,1.773671070565,6.5000001));
#9972 = CARTESIAN_POINT('',(-0.181960599088,1.796806898391,6.5001001));
#9973 = CARTESIAN_POINT('',(-0.181960599088,1.796806898391,6.5000001));
#9974 = CARTESIAN_POINT('',(-0.147256940091,1.834402542761,6.5001001));
#9975 = CARTESIAN_POINT('',(-0.147256940091,1.834402542761,6.5000001));
#9976 = ADVANCED_FACE('',(#9977),#9983,.F.);
#9977 = FACE_BOUND('',#9978,.F.);
#9978 = EDGE_LOOP('',(#9979,#9980,#9981,#9982));
#9979 = ORIENTED_EDGE('',*,*,#9962,.F.);
#9980 = ORIENTED_EDGE('',*,*,#9324,.T.);
#9981 = ORIENTED_EDGE('',*,*,#9364,.T.);
#9982 = ORIENTED_EDGE('',*,*,#2185,.F.);
#9983 = B_SPLINE_SURFACE_WITH_KNOTS('',3,1,(
    (#9984,#9985)
    ,(#9986,#9987)
    ,(#9988,#9989)
    ,(#9990,#9991
    )),.UNSPECIFIED.,.F.,.F.,.F.,(4,4),(2,2),(34.,35.),(0.,1.),
  .PIECEWISE_BEZIER_KNOTS.);
#9984 = CARTESIAN_POINT('',(-0.147256940091,1.834402542761,6.5001001));
#9985 = CARTESIAN_POINT('',(-0.147256940091,1.834402542761,6.5000001));
#9986 = CARTESIAN_POINT('',(-0.112553225933,1.871998187132,6.5001001));
#9987 = CARTESIAN_POINT('',(-0.112553225933,1.871998187132,6.5000001));
#9988 = CARTESIAN_POINT('',(-9.375540374752E-02,1.921161772996,6.5001001
    ));
#9989 = CARTESIAN_POINT('',(-9.375540374752E-02,1.921161772996,6.5000001
    ));
#9990 = CARTESIAN_POINT('',(-9.375540374752E-02,1.971771323966,6.5001001
    ));
#9991 = CARTESIAN_POINT('',(-9.375540374752E-02,1.971771323966,6.5000001
    ));
#9992 = ADVANCED_FACE('',(#9993),#10020,.T.);
#9993 = FACE_BOUND('',#9994,.T.);
#9994 = EDGE_LOOP('',(#9995,#10009,#10014,#10015));
#9995 = ORIENTED_EDGE('',*,*,#9996,.F.);
#9996 = EDGE_CURVE('',#9997,#9999,#10001,.T.);
#9997 = VERTEX_POINT('',#9998);
#9998 = CARTESIAN_POINT('',(-0.703961973182,1.760657108806,6.5000001));
#9999 = VERTEX_POINT('',#10000);
#10000 = CARTESIAN_POINT('',(-0.703961973182,1.873444152239,6.5000001));
#10001 = B_SPLINE_CURVE_WITH_KNOTS('',3,(#10002,#10003,#10004,#10005,
    #10006,#10007,#10008),.UNSPECIFIED.,.F.,.F.,(4,3,4),(0.,1.,2.),
  .PIECEWISE_BEZIER_KNOTS.);
#10002 = CARTESIAN_POINT('',(-0.703961973182,1.760657108806,6.5000001));
#10003 = CARTESIAN_POINT('',(-0.672150271977,1.760657108806,6.5000001));
#10004 = CARTESIAN_POINT('',(-0.647568479046,1.786684922004,6.5000001));
#10005 = CARTESIAN_POINT('',(-0.647568479046,1.817050630522,6.5000001));
#10006 = CARTESIAN_POINT('',(-0.647568479046,1.848862359307,6.5000001));
#10007 = CARTESIAN_POINT('',(-0.673596237084,1.873444152239,6.5000001));
#10008 = CARTESIAN_POINT('',(-0.703961973182,1.873444152239,6.5000001));
#10009 = ORIENTED_EDGE('',*,*,#10010,.F.);
#10010 = EDGE_CURVE('',#9334,#9997,#10011,.T.);
#10011 = B_SPLINE_CURVE_WITH_KNOTS('',1,(#10012,#10013),.UNSPECIFIED.,
  .F.,.F.,(2,2),(-0.,9.999999998422E-05),.PIECEWISE_BEZIER_KNOTS.);
#10012 = CARTESIAN_POINT('',(-0.703961973182,1.760657108806,6.5001001));
#10013 = CARTESIAN_POINT('',(-0.703961973182,1.760657108806,6.5000001));
#10014 = ORIENTED_EDGE('',*,*,#9333,.T.);
#10015 = ORIENTED_EDGE('',*,*,#10016,.T.);
#10016 = EDGE_CURVE('',#9336,#9999,#10017,.T.);
#10017 = B_SPLINE_CURVE_WITH_KNOTS('',1,(#10018,#10019),.UNSPECIFIED.,
  .F.,.F.,(2,2),(-0.,9.999999999977E-05),.PIECEWISE_BEZIER_KNOTS.);
#10018 = CARTESIAN_POINT('',(-0.703961973182,1.873444152239,6.5001001));
#10019 = CARTESIAN_POINT('',(-0.703961973182,1.873444152239,6.5000001));
#10020 = B_SPLINE_SURFACE_WITH_KNOTS('',3,1,(
    (#10021,#10022)
    ,(#10023,#10024)
    ,(#10025,#10026)
    ,(#10027,#10028)
    ,(#10029,#10030)
    ,(#10031,#10032)
    ,(#10033,#10034
  )),.UNSPECIFIED.,.F.,.F.,.F.,(4,3,4),(2,2),(0.,1.,2.),(0.,1.),
  .PIECEWISE_BEZIER_KNOTS.);
#10021 = CARTESIAN_POINT('',(-0.703961973182,1.760657108806,6.5001001));
#10022 = CARTESIAN_POINT('',(-0.703961973182,1.760657108806,6.5000001));
#10023 = CARTESIAN_POINT('',(-0.672150271977,1.760657108806,6.5001001));
#10024 = CARTESIAN_POINT('',(-0.672150271977,1.760657108806,6.5000001));
#10025 = CARTESIAN_POINT('',(-0.647568479046,1.786684922004,6.5001001));
#10026 = CARTESIAN_POINT('',(-0.647568479046,1.786684922004,6.5000001));
#10027 = CARTESIAN_POINT('',(-0.647568479046,1.817050630522,6.5001001));
#10028 = CARTESIAN_POINT('',(-0.647568479046,1.817050630522,6.5000001));
#10029 = CARTESIAN_POINT('',(-0.647568479046,1.848862359307,6.5001001));
#10030 = CARTESIAN_POINT('',(-0.647568479046,1.848862359307,6.5000001));
#10031 = CARTESIAN_POINT('',(-0.673596237084,1.873444152239,6.5001001));
#10032 = CARTESIAN_POINT('',(-0.673596237084,1.873444152239,6.5000001));
#10033 = CARTESIAN_POINT('',(-0.703961973182,1.873444152239,6.5001001));
#10034 = CARTESIAN_POINT('',(-0.703961973182,1.873444152239,6.5000001));
#10035 = ADVANCED_FACE('',(#10036),#10050,.T.);
#10036 = FACE_BOUND('',#10037,.T.);
#10037 = EDGE_LOOP('',(#10038,#10047,#10048,#10049));
#10038 = ORIENTED_EDGE('',*,*,#10039,.F.);
#10039 = EDGE_CURVE('',#9999,#9997,#10040,.T.);
#10040 = B_SPLINE_CURVE_WITH_KNOTS('',3,(#10041,#10042,#10043,#10044,
    #10045,#10046),.UNSPECIFIED.,.F.,.F.,(4,2,4),(2.,3.,4.),
  .UNSPECIFIED.);
#10041 = CARTESIAN_POINT('',(-0.703961973182,1.873444152239,6.5000001));
#10042 = CARTESIAN_POINT('',(-0.734327709279,1.873444152239,6.5000001));
#10043 = CARTESIAN_POINT('',(-0.760355467318,1.848862359307,6.5000001));
#10044 = CARTESIAN_POINT('',(-0.760355467318,1.785238901738,6.5000001));
#10045 = CARTESIAN_POINT('',(-0.734327709279,1.760657108806,6.5000001));
#10046 = CARTESIAN_POINT('',(-0.703961973182,1.760657108806,6.5000001));
#10047 = ORIENTED_EDGE('',*,*,#10016,.F.);
#10048 = ORIENTED_EDGE('',*,*,#9347,.T.);
#10049 = ORIENTED_EDGE('',*,*,#10010,.T.);
#10050 = B_SPLINE_SURFACE_WITH_KNOTS('',3,1,(
    (#10051,#10052)
    ,(#10053,#10054)
    ,(#10055,#10056)
    ,(#10057,#10058)
    ,(#10059,#10060)
    ,(#10061,#10062
  )),.UNSPECIFIED.,.F.,.F.,.F.,(4,2,4),(2,2),(2.,3.,4.),(0.,1.),
  .UNSPECIFIED.);
#10051 = CARTESIAN_POINT('',(-0.703961973182,1.873444152239,6.5001001));
#10052 = CARTESIAN_POINT('',(-0.703961973182,1.873444152239,6.5000001));
#10053 = CARTESIAN_POINT('',(-0.734327709279,1.873444152239,6.5001001));
#10054 = CARTESIAN_POINT('',(-0.734327709279,1.873444152239,6.5000001));
#10055 = CARTESIAN_POINT('',(-0.760355467318,1.848862359307,6.5001001));
#10056 = CARTESIAN_POINT('',(-0.760355467318,1.848862359307,6.5000001));
#10057 = CARTESIAN_POINT('',(-0.760355467318,1.785238901738,6.5001001));
#10058 = CARTESIAN_POINT('',(-0.760355467318,1.785238901738,6.5000001));
#10059 = CARTESIAN_POINT('',(-0.734327709279,1.760657108806,6.5001001));
#10060 = CARTESIAN_POINT('',(-0.734327709279,1.760657108806,6.5000001));
#10061 = CARTESIAN_POINT('',(-0.703961973182,1.760657108806,6.5001001));
#10062 = CARTESIAN_POINT('',(-0.703961973182,1.760657108806,6.5000001));
#10063 = ADVANCED_FACE('',(#10064),#10068,.F.);
#10064 = FACE_BOUND('',#10065,.T.);
#10065 = EDGE_LOOP('',(#10066,#10067));
#10066 = ORIENTED_EDGE('',*,*,#10039,.T.);
#10067 = ORIENTED_EDGE('',*,*,#9996,.T.);
#10068 = B_SPLINE_SURFACE_WITH_KNOTS('',1,1,(
    (#10069,#10070)
    ,(#10071,#10072
    )),.UNSPECIFIED.,.F.,.F.,.F.,(2,2),(2,2),(-0.623444152238,
    -0.510657108806),(3.897568479046,4.010355467318),
  .PIECEWISE_BEZIER_KNOTS.);
#10069 = CARTESIAN_POINT('',(-0.647568479046,1.873444152239,6.5000001));
#10070 = CARTESIAN_POINT('',(-0.760355467318,1.873444152239,6.5000001));
#10071 = CARTESIAN_POINT('',(-0.647568479046,1.760657108806,6.5000001));
#10072 = CARTESIAN_POINT('',(-0.760355467318,1.760657108806,6.5000001));
#10073 = ( GEOMETRIC_REPRESENTATION_CONTEXT(3) 
GLOBAL_UNCERTAINTY_ASSIGNED_CONTEXT((#10077)) 
GLOBAL_UNIT_ASSIGNED_CONTEXT((#10074,#10075,#10076)) 
REPRESENTATION_CONTEXT('Context #1',
  '3D Context with UNIT and UNCERTAINTY') );
#10074 = ( LENGTH_UNIT() NAMED_UNIT(*) SI_UNIT(.MILLI.,.METRE.) );
#10075 = ( NAMED_UNIT(*) PLANE_ANGLE_UNIT() SI_UNIT($,.RADIAN.) );
#10076 = ( NAMED_UNIT(*) SI_UNIT($,.STERADIAN.) SOLID_ANGLE_UNIT() );
#10077 = UNCERTAINTY_MEASURE_WITH_UNIT(LENGTH_MEASURE(2.E-04),#10074,
  'distance_accuracy_value','confusion accuracy');
#10078 = PRODUCT_RELATED_PRODUCT_CATEGORY('part',$,(#7));
#10079 = MECHANICAL_DESIGN_GEOMETRIC_PRESENTATION_REPRESENTATION('',(
    #10080,#10090,#10098,#10105,#10112,#10119,#10126,#10133,#10140,
    #10147,#10154,#10161,#10168,#10175,#10182,#10189,#10196,#10203,
    #10210,#10217,#10224,#10231,#10238,#10245,#10252,#10259,#10266,
    #10273,#10280,#10287,#10294,#10301,#10308,#10315,#10322,#10329,
    #10336,#10343,#10350,#10357,#10364,#10371,#10378,#10385,#10392,
    #10399,#10406,#10413,#10420,#10427,#10434,#10441,#10448,#10455,
    #10462,#10469,#10476,#10483,#10490,#10497,#10504,#10511,#10518,
    #10525,#10532,#10539,#10546,#10553,#10560,#10567,#10574,#10581,
    #10588,#10595,#10602,#10610,#10617,#10624,#10631,#10638,#10645,
    #10652,#10659,#10666,#10673,#10680,#10687,#10694,#10701,#10708,
    #10715,#10722,#10729,#10736,#10743,#10750,#10757,#10764,#10771,
    #10778,#10785,#10792,#10799,#10806,#10813,#10820,#10827,#10834,
    #10841,#10848,#10855,#10862,#10869,#10876,#10883,#10890,#10897,
    #10904,#10911,#10918,#10925,#10932,#10939,#10946,#10953,#10960,
    #10967,#10974,#10981,#10988,#10995,#11002,#11009,#11016,#11023,
    #11030,#11037,#11044,#11051,#11058,#11065,#11072,#11079,#11086,
    #11093,#11100,#11107,#11114,#11121,#11128,#11135,#11142,#11149,
    #11156,#11163,#11170,#11177,#11184,#11191,#11198,#11205,#11212,
    #11219,#11226,#11233,#11240,#11247,#11254,#11261,#11268,#11275,
    #11282,#11289,#11296,#11303,#11310,#11317,#11324,#11331,#11338,
    #11345,#11352,#11359,#11366,#11373,#11380,#11387,#11394,#11401,
    #11408,#11415,#11422,#11429,#11436,#11443,#11450,#11457,#11464,
    #11471,#11478,#11485,#11492,#11499,#11506,#11513,#11520,#11527,
    #11534,#11541,#11548,#11555,#11562,#11569,#11576,#11583,#11590,
    #11597,#11604,#11611,#11618,#11625,#11632,#11639,#11646,#11653,
    #11660,#11667,#11674,#11681,#11688,#11695,#11702,#11709,#11716,
    #11723,#11730,#11737,#11744,#11751,#11758,#11765,#11772,#11779,
    #11786,#11793,#11800,#11807,#11814,#11821,#11828,#11835,#11842,
    #11849,#11856,#11863,#11870,#11877,#11884,#11891,#11898,#11905,
    #11912,#11919,#11926,#11933,#11940,#11947,#11954,#11961,#11968,
    #11975,#11982,#11989,#11996,#12003,#12010,#12017,#12024,#12031,
    #12038,#12045,#12052,#12059,#12066,#12073,#12080,#12087,#12094,
    #12101,#12108,#12115,#12122,#12129,#12136,#12143,#12150,#12157,
    #12164),#10073);
#10080 = STYLED_ITEM('color',(#10081),#15);
#10081 = PRESENTATION_STYLE_ASSIGNMENT((#10082,#10088));
#10082 = SURFACE_STYLE_USAGE(.BOTH.,#10083);
#10083 = SURFACE_SIDE_STYLE('',(#10084));
#10084 = SURFACE_STYLE_FILL_AREA(#10085);
#10085 = FILL_AREA_STYLE('',(#10086));
#10086 = FILL_AREA_STYLE_COLOUR('',#10087);
#10087 = DRAUGHTING_PRE_DEFINED_COLOUR('white');
#10088 = CURVE_STYLE('',#10089,POSITIVE_LENGTH_MEASURE(0.1),#10087);
#10089 = DRAUGHTING_PRE_DEFINED_CURVE_FONT('continuous');
#10090 = OVER_RIDING_STYLED_ITEM('overriding color',(#10091),#17,#10080
  );
#10091 = PRESENTATION_STYLE_ASSIGNMENT((#10092));
#10092 = SURFACE_STYLE_USAGE(.BOTH.,#10093);
#10093 = SURFACE_SIDE_STYLE('',(#10094));
#10094 = SURFACE_STYLE_FILL_AREA(#10095);
#10095 = FILL_AREA_STYLE('',(#10096));
#10096 = FILL_AREA_STYLE_COLOUR('',#10097);
#10097 = COLOUR_RGB('',0.827450977613,0.666666664908,0.129411764627);
#10098 = OVER_RIDING_STYLED_ITEM('overriding color',(#10099),#65,#10080
  );
#10099 = PRESENTATION_STYLE_ASSIGNMENT((#10100));
#10100 = SURFACE_STYLE_USAGE(.BOTH.,#10101);
#10101 = SURFACE_SIDE_STYLE('',(#10102));
#10102 = SURFACE_STYLE_FILL_AREA(#10103);
#10103 = FILL_AREA_STYLE('',(#10104));
#10104 = FILL_AREA_STYLE_COLOUR('',#10097);
#10105 = OVER_RIDING_STYLED_ITEM('overriding color',(#10106),#113,#10080
  );
#10106 = PRESENTATION_STYLE_ASSIGNMENT((#10107));
#10107 = SURFACE_STYLE_USAGE(.BOTH.,#10108);
#10108 = SURFACE_SIDE_STYLE('',(#10109));
#10109 = SURFACE_STYLE_FILL_AREA(#10110);
#10110 = FILL_AREA_STYLE('',(#10111));
#10111 = FILL_AREA_STYLE_COLOUR('',#10097);
#10112 = OVER_RIDING_STYLED_ITEM('overriding color',(#10113),#150,#10080
  );
#10113 = PRESENTATION_STYLE_ASSIGNMENT((#10114));
#10114 = SURFACE_STYLE_USAGE(.BOTH.,#10115);
#10115 = SURFACE_SIDE_STYLE('',(#10116));
#10116 = SURFACE_STYLE_FILL_AREA(#10117);
#10117 = FILL_AREA_STYLE('',(#10118));
#10118 = FILL_AREA_STYLE_COLOUR('',#10097);
#10119 = OVER_RIDING_STYLED_ITEM('overriding color',(#10120),#187,#10080
  );
#10120 = PRESENTATION_STYLE_ASSIGNMENT((#10121));
#10121 = SURFACE_STYLE_USAGE(.BOTH.,#10122);
#10122 = SURFACE_SIDE_STYLE('',(#10123));
#10123 = SURFACE_STYLE_FILL_AREA(#10124);
#10124 = FILL_AREA_STYLE('',(#10125));
#10125 = FILL_AREA_STYLE_COLOUR('',#10087);
#10126 = OVER_RIDING_STYLED_ITEM('overriding color',(#10127),#235,#10080
  );
#10127 = PRESENTATION_STYLE_ASSIGNMENT((#10128));
#10128 = SURFACE_STYLE_USAGE(.BOTH.,#10129);
#10129 = SURFACE_SIDE_STYLE('',(#10130));
#10130 = SURFACE_STYLE_FILL_AREA(#10131);
#10131 = FILL_AREA_STYLE('',(#10132));
#10132 = FILL_AREA_STYLE_COLOUR('',#10097);
#10133 = OVER_RIDING_STYLED_ITEM('overriding color',(#10134),#283,#10080
  );
#10134 = PRESENTATION_STYLE_ASSIGNMENT((#10135));
#10135 = SURFACE_STYLE_USAGE(.BOTH.,#10136);
#10136 = SURFACE_SIDE_STYLE('',(#10137));
#10137 = SURFACE_STYLE_FILL_AREA(#10138);
#10138 = FILL_AREA_STYLE('',(#10139));
#10139 = FILL_AREA_STYLE_COLOUR('',#10097);
#10140 = OVER_RIDING_STYLED_ITEM('overriding color',(#10141),#320,#10080
  );
#10141 = PRESENTATION_STYLE_ASSIGNMENT((#10142));
#10142 = SURFACE_STYLE_USAGE(.BOTH.,#10143);
#10143 = SURFACE_SIDE_STYLE('',(#10144));
#10144 = SURFACE_STYLE_FILL_AREA(#10145);
#10145 = FILL_AREA_STYLE('',(#10146));
#10146 = FILL_AREA_STYLE_COLOUR('',#10097);
#10147 = OVER_RIDING_STYLED_ITEM('overriding color',(#10148),#357,#10080
  );
#10148 = PRESENTATION_STYLE_ASSIGNMENT((#10149));
#10149 = SURFACE_STYLE_USAGE(.BOTH.,#10150);
#10150 = SURFACE_SIDE_STYLE('',(#10151));
#10151 = SURFACE_STYLE_FILL_AREA(#10152);
#10152 = FILL_AREA_STYLE('',(#10153));
#10153 = FILL_AREA_STYLE_COLOUR('',#10097);
#10154 = OVER_RIDING_STYLED_ITEM('overriding color',(#10155),#394,#10080
  );
#10155 = PRESENTATION_STYLE_ASSIGNMENT((#10156));
#10156 = SURFACE_STYLE_USAGE(.BOTH.,#10157);
#10157 = SURFACE_SIDE_STYLE('',(#10158));
#10158 = SURFACE_STYLE_FILL_AREA(#10159);
#10159 = FILL_AREA_STYLE('',(#10160));
#10160 = FILL_AREA_STYLE_COLOUR('',#10097);
#10161 = OVER_RIDING_STYLED_ITEM('overriding color',(#10162),#431,#10080
  );
#10162 = PRESENTATION_STYLE_ASSIGNMENT((#10163));
#10163 = SURFACE_STYLE_USAGE(.BOTH.,#10164);
#10164 = SURFACE_SIDE_STYLE('',(#10165));
#10165 = SURFACE_STYLE_FILL_AREA(#10166);
#10166 = FILL_AREA_STYLE('',(#10167));
#10167 = FILL_AREA_STYLE_COLOUR('',#10097);
#10168 = OVER_RIDING_STYLED_ITEM('overriding color',(#10169),#468,#10080
  );
#10169 = PRESENTATION_STYLE_ASSIGNMENT((#10170));
#10170 = SURFACE_STYLE_USAGE(.BOTH.,#10171);
#10171 = SURFACE_SIDE_STYLE('',(#10172));
#10172 = SURFACE_STYLE_FILL_AREA(#10173);
#10173 = FILL_AREA_STYLE('',(#10174));
#10174 = FILL_AREA_STYLE_COLOUR('',#10097);
#10175 = OVER_RIDING_STYLED_ITEM('overriding color',(#10176),#516,#10080
  );
#10176 = PRESENTATION_STYLE_ASSIGNMENT((#10177));
#10177 = SURFACE_STYLE_USAGE(.BOTH.,#10178);
#10178 = SURFACE_SIDE_STYLE('',(#10179));
#10179 = SURFACE_STYLE_FILL_AREA(#10180);
#10180 = FILL_AREA_STYLE('',(#10181));
#10181 = FILL_AREA_STYLE_COLOUR('',#10097);
#10182 = OVER_RIDING_STYLED_ITEM('overriding color',(#10183),#582,#10080
  );
#10183 = PRESENTATION_STYLE_ASSIGNMENT((#10184));
#10184 = SURFACE_STYLE_USAGE(.BOTH.,#10185);
#10185 = SURFACE_SIDE_STYLE('',(#10186));
#10186 = SURFACE_STYLE_FILL_AREA(#10187);
#10187 = FILL_AREA_STYLE('',(#10188));
#10188 = FILL_AREA_STYLE_COLOUR('',#10097);
#10189 = OVER_RIDING_STYLED_ITEM('overriding color',(#10190),#634,#10080
  );
#10190 = PRESENTATION_STYLE_ASSIGNMENT((#10191));
#10191 = SURFACE_STYLE_USAGE(.BOTH.,#10192);
#10192 = SURFACE_SIDE_STYLE('',(#10193));
#10193 = SURFACE_STYLE_FILL_AREA(#10194);
#10194 = FILL_AREA_STYLE('',(#10195));
#10195 = FILL_AREA_STYLE_COLOUR('',#10097);
#10196 = OVER_RIDING_STYLED_ITEM('overriding color',(#10197),#690,#10080
  );
#10197 = PRESENTATION_STYLE_ASSIGNMENT((#10198));
#10198 = SURFACE_STYLE_USAGE(.BOTH.,#10199);
#10199 = SURFACE_SIDE_STYLE('',(#10200));
#10200 = SURFACE_STYLE_FILL_AREA(#10201);
#10201 = FILL_AREA_STYLE('',(#10202));
#10202 = FILL_AREA_STYLE_COLOUR('',#10097);
#10203 = OVER_RIDING_STYLED_ITEM('overriding color',(#10204),#746,#10080
  );
#10204 = PRESENTATION_STYLE_ASSIGNMENT((#10205));
#10205 = SURFACE_STYLE_USAGE(.BOTH.,#10206);
#10206 = SURFACE_SIDE_STYLE('',(#10207));
#10207 = SURFACE_STYLE_FILL_AREA(#10208);
#10208 = FILL_AREA_STYLE('',(#10209));
#10209 = FILL_AREA_STYLE_COLOUR('',#10097);
#10210 = OVER_RIDING_STYLED_ITEM('overriding color',(#10211),#802,#10080
  );
#10211 = PRESENTATION_STYLE_ASSIGNMENT((#10212));
#10212 = SURFACE_STYLE_USAGE(.BOTH.,#10213);
#10213 = SURFACE_SIDE_STYLE('',(#10214));
#10214 = SURFACE_STYLE_FILL_AREA(#10215);
#10215 = FILL_AREA_STYLE('',(#10216));
#10216 = FILL_AREA_STYLE_COLOUR('',#10097);
#10217 = OVER_RIDING_STYLED_ITEM('overriding color',(#10218),#858,#10080
  );
#10218 = PRESENTATION_STYLE_ASSIGNMENT((#10219));
#10219 = SURFACE_STYLE_USAGE(.BOTH.,#10220);
#10220 = SURFACE_SIDE_STYLE('',(#10221));
#10221 = SURFACE_STYLE_FILL_AREA(#10222);
#10222 = FILL_AREA_STYLE('',(#10223));
#10223 = FILL_AREA_STYLE_COLOUR('',#10097);
#10224 = OVER_RIDING_STYLED_ITEM('overriding color',(#10225),#900,#10080
  );
#10225 = PRESENTATION_STYLE_ASSIGNMENT((#10226));
#10226 = SURFACE_STYLE_USAGE(.BOTH.,#10227);
#10227 = SURFACE_SIDE_STYLE('',(#10228));
#10228 = SURFACE_STYLE_FILL_AREA(#10229);
#10229 = FILL_AREA_STYLE('',(#10230));
#10230 = FILL_AREA_STYLE_COLOUR('',#10097);
#10231 = OVER_RIDING_STYLED_ITEM('overriding color',(#10232),#940,#10080
  );
#10232 = PRESENTATION_STYLE_ASSIGNMENT((#10233));
#10233 = SURFACE_STYLE_USAGE(.BOTH.,#10234);
#10234 = SURFACE_SIDE_STYLE('',(#10235));
#10235 = SURFACE_STYLE_FILL_AREA(#10236);
#10236 = FILL_AREA_STYLE('',(#10237));
#10237 = FILL_AREA_STYLE_COLOUR('',#10097);
#10238 = OVER_RIDING_STYLED_ITEM('overriding color',(#10239),#980,#10080
  );
#10239 = PRESENTATION_STYLE_ASSIGNMENT((#10240));
#10240 = SURFACE_STYLE_USAGE(.BOTH.,#10241);
#10241 = SURFACE_SIDE_STYLE('',(#10242));
#10242 = SURFACE_STYLE_FILL_AREA(#10243);
#10243 = FILL_AREA_STYLE('',(#10244));
#10244 = FILL_AREA_STYLE_COLOUR('',#10097);
#10245 = OVER_RIDING_STYLED_ITEM('overriding color',(#10246),#1020,
  #10080);
#10246 = PRESENTATION_STYLE_ASSIGNMENT((#10247));
#10247 = SURFACE_STYLE_USAGE(.BOTH.,#10248);
#10248 = SURFACE_SIDE_STYLE('',(#10249));
#10249 = SURFACE_STYLE_FILL_AREA(#10250);
#10250 = FILL_AREA_STYLE('',(#10251));
#10251 = FILL_AREA_STYLE_COLOUR('',#10097);
#10252 = OVER_RIDING_STYLED_ITEM('overriding color',(#10253),#1060,
  #10080);
#10253 = PRESENTATION_STYLE_ASSIGNMENT((#10254));
#10254 = SURFACE_STYLE_USAGE(.BOTH.,#10255);
#10255 = SURFACE_SIDE_STYLE('',(#10256));
#10256 = SURFACE_STYLE_FILL_AREA(#10257);
#10257 = FILL_AREA_STYLE('',(#10258));
#10258 = FILL_AREA_STYLE_COLOUR('',#10097);
#10259 = OVER_RIDING_STYLED_ITEM('overriding color',(#10260),#2465,
  #10080);
#10260 = PRESENTATION_STYLE_ASSIGNMENT((#10261));
#10261 = SURFACE_STYLE_USAGE(.BOTH.,#10262);
#10262 = SURFACE_SIDE_STYLE('',(#10263));
#10263 = SURFACE_STYLE_FILL_AREA(#10264);
#10264 = FILL_AREA_STYLE('',(#10265));
#10265 = FILL_AREA_STYLE_COLOUR('',#10097);
#10266 = OVER_RIDING_STYLED_ITEM('overriding color',(#10267),#2501,
  #10080);
#10267 = PRESENTATION_STYLE_ASSIGNMENT((#10268));
#10268 = SURFACE_STYLE_USAGE(.BOTH.,#10269);
#10269 = SURFACE_SIDE_STYLE('',(#10270));
#10270 = SURFACE_STYLE_FILL_AREA(#10271);
#10271 = FILL_AREA_STYLE('',(#10272));
#10272 = FILL_AREA_STYLE_COLOUR('',#10097);
#10273 = OVER_RIDING_STYLED_ITEM('overriding color',(#10274),#2533,
  #10080);
#10274 = PRESENTATION_STYLE_ASSIGNMENT((#10275));
#10275 = SURFACE_STYLE_USAGE(.BOTH.,#10276);
#10276 = SURFACE_SIDE_STYLE('',(#10277));
#10277 = SURFACE_STYLE_FILL_AREA(#10278);
#10278 = FILL_AREA_STYLE('',(#10279));
#10279 = FILL_AREA_STYLE_COLOUR('',#10097);
#10280 = OVER_RIDING_STYLED_ITEM('overriding color',(#10281),#2565,
  #10080);
#10281 = PRESENTATION_STYLE_ASSIGNMENT((#10282));
#10282 = SURFACE_STYLE_USAGE(.BOTH.,#10283);
#10283 = SURFACE_SIDE_STYLE('',(#10284));
#10284 = SURFACE_STYLE_FILL_AREA(#10285);
#10285 = FILL_AREA_STYLE('',(#10286));
#10286 = FILL_AREA_STYLE_COLOUR('',#10097);
#10287 = OVER_RIDING_STYLED_ITEM('overriding color',(#10288),#2724,
  #10080);
#10288 = PRESENTATION_STYLE_ASSIGNMENT((#10289));
#10289 = SURFACE_STYLE_USAGE(.BOTH.,#10290);
#10290 = SURFACE_SIDE_STYLE('',(#10291));
#10291 = SURFACE_STYLE_FILL_AREA(#10292);
#10292 = FILL_AREA_STYLE('',(#10293));
#10293 = FILL_AREA_STYLE_COLOUR('',#10097);
#10294 = OVER_RIDING_STYLED_ITEM('overriding color',(#10295),#2740,
  #10080);
#10295 = PRESENTATION_STYLE_ASSIGNMENT((#10296));
#10296 = SURFACE_STYLE_USAGE(.BOTH.,#10297);
#10297 = SURFACE_SIDE_STYLE('',(#10298));
#10298 = SURFACE_STYLE_FILL_AREA(#10299);
#10299 = FILL_AREA_STYLE('',(#10300));
#10300 = FILL_AREA_STYLE_COLOUR('',#10097);
#10301 = OVER_RIDING_STYLED_ITEM('overriding color',(#10302),#2756,
  #10080);
#10302 = PRESENTATION_STYLE_ASSIGNMENT((#10303));
#10303 = SURFACE_STYLE_USAGE(.BOTH.,#10304);
#10304 = SURFACE_SIDE_STYLE('',(#10305));
#10305 = SURFACE_STYLE_FILL_AREA(#10306);
#10306 = FILL_AREA_STYLE('',(#10307));
#10307 = FILL_AREA_STYLE_COLOUR('',#10097);
#10308 = OVER_RIDING_STYLED_ITEM('overriding color',(#10309),#2768,
  #10080);
#10309 = PRESENTATION_STYLE_ASSIGNMENT((#10310));
#10310 = SURFACE_STYLE_USAGE(.BOTH.,#10311);
#10311 = SURFACE_SIDE_STYLE('',(#10312));
#10312 = SURFACE_STYLE_FILL_AREA(#10313);
#10313 = FILL_AREA_STYLE('',(#10314));
#10314 = FILL_AREA_STYLE_COLOUR('',#10097);
#10315 = OVER_RIDING_STYLED_ITEM('overriding color',(#10316),#2796,
  #10080);
#10316 = PRESENTATION_STYLE_ASSIGNMENT((#10317));
#10317 = SURFACE_STYLE_USAGE(.BOTH.,#10318);
#10318 = SURFACE_SIDE_STYLE('',(#10319));
#10319 = SURFACE_STYLE_FILL_AREA(#10320);
#10320 = FILL_AREA_STYLE('',(#10321));
#10321 = FILL_AREA_STYLE_COLOUR('',#10097);
#10322 = OVER_RIDING_STYLED_ITEM('overriding color',(#10323),#2818,
  #10080);
#10323 = PRESENTATION_STYLE_ASSIGNMENT((#10324));
#10324 = SURFACE_STYLE_USAGE(.BOTH.,#10325);
#10325 = SURFACE_SIDE_STYLE('',(#10326));
#10326 = SURFACE_STYLE_FILL_AREA(#10327);
#10327 = FILL_AREA_STYLE('',(#10328));
#10328 = FILL_AREA_STYLE_COLOUR('',#10097);
#10329 = OVER_RIDING_STYLED_ITEM('overriding color',(#10330),#2840,
  #10080);
#10330 = PRESENTATION_STYLE_ASSIGNMENT((#10331));
#10331 = SURFACE_STYLE_USAGE(.BOTH.,#10332);
#10332 = SURFACE_SIDE_STYLE('',(#10333));
#10333 = SURFACE_STYLE_FILL_AREA(#10334);
#10334 = FILL_AREA_STYLE('',(#10335));
#10335 = FILL_AREA_STYLE_COLOUR('',#10097);
#10336 = OVER_RIDING_STYLED_ITEM('overriding color',(#10337),#2856,
  #10080);
#10337 = PRESENTATION_STYLE_ASSIGNMENT((#10338));
#10338 = SURFACE_STYLE_USAGE(.BOTH.,#10339);
#10339 = SURFACE_SIDE_STYLE('',(#10340));
#10340 = SURFACE_STYLE_FILL_AREA(#10341);
#10341 = FILL_AREA_STYLE('',(#10342));
#10342 = FILL_AREA_STYLE_COLOUR('',#10097);
#10343 = OVER_RIDING_STYLED_ITEM('overriding color',(#10344),#2868,
  #10080);
#10344 = PRESENTATION_STYLE_ASSIGNMENT((#10345));
#10345 = SURFACE_STYLE_USAGE(.BOTH.,#10346);
#10346 = SURFACE_SIDE_STYLE('',(#10347));
#10347 = SURFACE_STYLE_FILL_AREA(#10348);
#10348 = FILL_AREA_STYLE('',(#10349));
#10349 = FILL_AREA_STYLE_COLOUR('',#10097);
#10350 = OVER_RIDING_STYLED_ITEM('overriding color',(#10351),#2896,
  #10080);
#10351 = PRESENTATION_STYLE_ASSIGNMENT((#10352));
#10352 = SURFACE_STYLE_USAGE(.BOTH.,#10353);
#10353 = SURFACE_SIDE_STYLE('',(#10354));
#10354 = SURFACE_STYLE_FILL_AREA(#10355);
#10355 = FILL_AREA_STYLE('',(#10356));
#10356 = FILL_AREA_STYLE_COLOUR('',#10097);
#10357 = OVER_RIDING_STYLED_ITEM('overriding color',(#10358),#2918,
  #10080);
#10358 = PRESENTATION_STYLE_ASSIGNMENT((#10359));
#10359 = SURFACE_STYLE_USAGE(.BOTH.,#10360);
#10360 = SURFACE_SIDE_STYLE('',(#10361));
#10361 = SURFACE_STYLE_FILL_AREA(#10362);
#10362 = FILL_AREA_STYLE('',(#10363));
#10363 = FILL_AREA_STYLE_COLOUR('',#10097);
#10364 = OVER_RIDING_STYLED_ITEM('overriding color',(#10365),#2940,
  #10080);
#10365 = PRESENTATION_STYLE_ASSIGNMENT((#10366));
#10366 = SURFACE_STYLE_USAGE(.BOTH.,#10367);
#10367 = SURFACE_SIDE_STYLE('',(#10368));
#10368 = SURFACE_STYLE_FILL_AREA(#10369);
#10369 = FILL_AREA_STYLE('',(#10370));
#10370 = FILL_AREA_STYLE_COLOUR('',#10097);
#10371 = OVER_RIDING_STYLED_ITEM('overriding color',(#10372),#2956,
  #10080);
#10372 = PRESENTATION_STYLE_ASSIGNMENT((#10373));
#10373 = SURFACE_STYLE_USAGE(.BOTH.,#10374);
#10374 = SURFACE_SIDE_STYLE('',(#10375));
#10375 = SURFACE_STYLE_FILL_AREA(#10376);
#10376 = FILL_AREA_STYLE('',(#10377));
#10377 = FILL_AREA_STYLE_COLOUR('',#10097);
#10378 = OVER_RIDING_STYLED_ITEM('overriding color',(#10379),#2968,
  #10080);
#10379 = PRESENTATION_STYLE_ASSIGNMENT((#10380));
#10380 = SURFACE_STYLE_USAGE(.BOTH.,#10381);
#10381 = SURFACE_SIDE_STYLE('',(#10382));
#10382 = SURFACE_STYLE_FILL_AREA(#10383);
#10383 = FILL_AREA_STYLE('',(#10384));
#10384 = FILL_AREA_STYLE_COLOUR('',#10097);
#10385 = OVER_RIDING_STYLED_ITEM('overriding color',(#10386),#2996,
  #10080);
#10386 = PRESENTATION_STYLE_ASSIGNMENT((#10387));
#10387 = SURFACE_STYLE_USAGE(.BOTH.,#10388);
#10388 = SURFACE_SIDE_STYLE('',(#10389));
#10389 = SURFACE_STYLE_FILL_AREA(#10390);
#10390 = FILL_AREA_STYLE('',(#10391));
#10391 = FILL_AREA_STYLE_COLOUR('',#10097);
#10392 = OVER_RIDING_STYLED_ITEM('overriding color',(#10393),#3018,
  #10080);
#10393 = PRESENTATION_STYLE_ASSIGNMENT((#10394));
#10394 = SURFACE_STYLE_USAGE(.BOTH.,#10395);
#10395 = SURFACE_SIDE_STYLE('',(#10396));
#10396 = SURFACE_STYLE_FILL_AREA(#10397);
#10397 = FILL_AREA_STYLE('',(#10398));
#10398 = FILL_AREA_STYLE_COLOUR('',#10097);
#10399 = OVER_RIDING_STYLED_ITEM('overriding color',(#10400),#3040,
  #10080);
#10400 = PRESENTATION_STYLE_ASSIGNMENT((#10401));
#10401 = SURFACE_STYLE_USAGE(.BOTH.,#10402);
#10402 = SURFACE_SIDE_STYLE('',(#10403));
#10403 = SURFACE_STYLE_FILL_AREA(#10404);
#10404 = FILL_AREA_STYLE('',(#10405));
#10405 = FILL_AREA_STYLE_COLOUR('',#10097);
#10406 = OVER_RIDING_STYLED_ITEM('overriding color',(#10407),#3056,
  #10080);
#10407 = PRESENTATION_STYLE_ASSIGNMENT((#10408));
#10408 = SURFACE_STYLE_USAGE(.BOTH.,#10409);
#10409 = SURFACE_SIDE_STYLE('',(#10410));
#10410 = SURFACE_STYLE_FILL_AREA(#10411);
#10411 = FILL_AREA_STYLE('',(#10412));
#10412 = FILL_AREA_STYLE_COLOUR('',#10097);
#10413 = OVER_RIDING_STYLED_ITEM('overriding color',(#10414),#3068,
  #10080);
#10414 = PRESENTATION_STYLE_ASSIGNMENT((#10415));
#10415 = SURFACE_STYLE_USAGE(.BOTH.,#10416);
#10416 = SURFACE_SIDE_STYLE('',(#10417));
#10417 = SURFACE_STYLE_FILL_AREA(#10418);
#10418 = FILL_AREA_STYLE('',(#10419));
#10419 = FILL_AREA_STYLE_COLOUR('',#10097);
#10420 = OVER_RIDING_STYLED_ITEM('overriding color',(#10421),#3096,
  #10080);
#10421 = PRESENTATION_STYLE_ASSIGNMENT((#10422));
#10422 = SURFACE_STYLE_USAGE(.BOTH.,#10423);
#10423 = SURFACE_SIDE_STYLE('',(#10424));
#10424 = SURFACE_STYLE_FILL_AREA(#10425);
#10425 = FILL_AREA_STYLE('',(#10426));
#10426 = FILL_AREA_STYLE_COLOUR('',#10097);
#10427 = OVER_RIDING_STYLED_ITEM('overriding color',(#10428),#3118,
  #10080);
#10428 = PRESENTATION_STYLE_ASSIGNMENT((#10429));
#10429 = SURFACE_STYLE_USAGE(.BOTH.,#10430);
#10430 = SURFACE_SIDE_STYLE('',(#10431));
#10431 = SURFACE_STYLE_FILL_AREA(#10432);
#10432 = FILL_AREA_STYLE('',(#10433));
#10433 = FILL_AREA_STYLE_COLOUR('',#10097);
#10434 = OVER_RIDING_STYLED_ITEM('overriding color',(#10435),#3140,
  #10080);
#10435 = PRESENTATION_STYLE_ASSIGNMENT((#10436));
#10436 = SURFACE_STYLE_USAGE(.BOTH.,#10437);
#10437 = SURFACE_SIDE_STYLE('',(#10438));
#10438 = SURFACE_STYLE_FILL_AREA(#10439);
#10439 = FILL_AREA_STYLE('',(#10440));
#10440 = FILL_AREA_STYLE_COLOUR('',#10097);
#10441 = OVER_RIDING_STYLED_ITEM('overriding color',(#10442),#3156,
  #10080);
#10442 = PRESENTATION_STYLE_ASSIGNMENT((#10443));
#10443 = SURFACE_STYLE_USAGE(.BOTH.,#10444);
#10444 = SURFACE_SIDE_STYLE('',(#10445));
#10445 = SURFACE_STYLE_FILL_AREA(#10446);
#10446 = FILL_AREA_STYLE('',(#10447));
#10447 = FILL_AREA_STYLE_COLOUR('',#10097);
#10448 = OVER_RIDING_STYLED_ITEM('overriding color',(#10449),#3168,
  #10080);
#10449 = PRESENTATION_STYLE_ASSIGNMENT((#10450));
#10450 = SURFACE_STYLE_USAGE(.BOTH.,#10451);
#10451 = SURFACE_SIDE_STYLE('',(#10452));
#10452 = SURFACE_STYLE_FILL_AREA(#10453);
#10453 = FILL_AREA_STYLE('',(#10454));
#10454 = FILL_AREA_STYLE_COLOUR('',#10097);
#10455 = OVER_RIDING_STYLED_ITEM('overriding color',(#10456),#3189,
  #10080);
#10456 = PRESENTATION_STYLE_ASSIGNMENT((#10457));
#10457 = SURFACE_STYLE_USAGE(.BOTH.,#10458);
#10458 = SURFACE_SIDE_STYLE('',(#10459));
#10459 = SURFACE_STYLE_FILL_AREA(#10460);
#10460 = FILL_AREA_STYLE('',(#10461));
#10461 = FILL_AREA_STYLE_COLOUR('',#10097);
#10462 = OVER_RIDING_STYLED_ITEM('overriding color',(#10463),#3214,
  #10080);
#10463 = PRESENTATION_STYLE_ASSIGNMENT((#10464));
#10464 = SURFACE_STYLE_USAGE(.BOTH.,#10465);
#10465 = SURFACE_SIDE_STYLE('',(#10466));
#10466 = SURFACE_STYLE_FILL_AREA(#10467);
#10467 = FILL_AREA_STYLE('',(#10468));
#10468 = FILL_AREA_STYLE_COLOUR('',#10097);
#10469 = OVER_RIDING_STYLED_ITEM('overriding color',(#10470),#3239,
  #10080);
#10470 = PRESENTATION_STYLE_ASSIGNMENT((#10471));
#10471 = SURFACE_STYLE_USAGE(.BOTH.,#10472);
#10472 = SURFACE_SIDE_STYLE('',(#10473));
#10473 = SURFACE_STYLE_FILL_AREA(#10474);
#10474 = FILL_AREA_STYLE('',(#10475));
#10475 = FILL_AREA_STYLE_COLOUR('',#10097);
#10476 = OVER_RIDING_STYLED_ITEM('overriding color',(#10477),#3264,
  #10080);
#10477 = PRESENTATION_STYLE_ASSIGNMENT((#10478));
#10478 = SURFACE_STYLE_USAGE(.BOTH.,#10479);
#10479 = SURFACE_SIDE_STYLE('',(#10480));
#10480 = SURFACE_STYLE_FILL_AREA(#10481);
#10481 = FILL_AREA_STYLE('',(#10482));
#10482 = FILL_AREA_STYLE_COLOUR('',#10097);
#10483 = OVER_RIDING_STYLED_ITEM('overriding color',(#10484),#3289,
  #10080);
#10484 = PRESENTATION_STYLE_ASSIGNMENT((#10485));
#10485 = SURFACE_STYLE_USAGE(.BOTH.,#10486);
#10486 = SURFACE_SIDE_STYLE('',(#10487));
#10487 = SURFACE_STYLE_FILL_AREA(#10488);
#10488 = FILL_AREA_STYLE('',(#10489));
#10489 = FILL_AREA_STYLE_COLOUR('',#10097);
#10490 = OVER_RIDING_STYLED_ITEM('overriding color',(#10491),#3314,
  #10080);
#10491 = PRESENTATION_STYLE_ASSIGNMENT((#10492));
#10492 = SURFACE_STYLE_USAGE(.BOTH.,#10493);
#10493 = SURFACE_SIDE_STYLE('',(#10494));
#10494 = SURFACE_STYLE_FILL_AREA(#10495);
#10495 = FILL_AREA_STYLE('',(#10496));
#10496 = FILL_AREA_STYLE_COLOUR('',#10097);
#10497 = OVER_RIDING_STYLED_ITEM('overriding color',(#10498),#3339,
  #10080);
#10498 = PRESENTATION_STYLE_ASSIGNMENT((#10499));
#10499 = SURFACE_STYLE_USAGE(.BOTH.,#10500);
#10500 = SURFACE_SIDE_STYLE('',(#10501));
#10501 = SURFACE_STYLE_FILL_AREA(#10502);
#10502 = FILL_AREA_STYLE('',(#10503));
#10503 = FILL_AREA_STYLE_COLOUR('',#10097);
#10504 = OVER_RIDING_STYLED_ITEM('overriding color',(#10505),#3353,
  #10080);
#10505 = PRESENTATION_STYLE_ASSIGNMENT((#10506));
#10506 = SURFACE_STYLE_USAGE(.BOTH.,#10507);
#10507 = SURFACE_SIDE_STYLE('',(#10508));
#10508 = SURFACE_STYLE_FILL_AREA(#10509);
#10509 = FILL_AREA_STYLE('',(#10510));
#10510 = FILL_AREA_STYLE_COLOUR('',#10087);
#10511 = OVER_RIDING_STYLED_ITEM('overriding color',(#10512),#3374,
  #10080);
#10512 = PRESENTATION_STYLE_ASSIGNMENT((#10513));
#10513 = SURFACE_STYLE_USAGE(.BOTH.,#10514);
#10514 = SURFACE_SIDE_STYLE('',(#10515));
#10515 = SURFACE_STYLE_FILL_AREA(#10516);
#10516 = FILL_AREA_STYLE('',(#10517));
#10517 = FILL_AREA_STYLE_COLOUR('',#10087);
#10518 = OVER_RIDING_STYLED_ITEM('overriding color',(#10519),#3399,
  #10080);
#10519 = PRESENTATION_STYLE_ASSIGNMENT((#10520));
#10520 = SURFACE_STYLE_USAGE(.BOTH.,#10521);
#10521 = SURFACE_SIDE_STYLE('',(#10522));
#10522 = SURFACE_STYLE_FILL_AREA(#10523);
#10523 = FILL_AREA_STYLE('',(#10524));
#10524 = FILL_AREA_STYLE_COLOUR('',#10087);
#10525 = OVER_RIDING_STYLED_ITEM('overriding color',(#10526),#3420,
  #10080);
#10526 = PRESENTATION_STYLE_ASSIGNMENT((#10527));
#10527 = SURFACE_STYLE_USAGE(.BOTH.,#10528);
#10528 = SURFACE_SIDE_STYLE('',(#10529));
#10529 = SURFACE_STYLE_FILL_AREA(#10530);
#10530 = FILL_AREA_STYLE('',(#10531));
#10531 = FILL_AREA_STYLE_COLOUR('',#10097);
#10532 = OVER_RIDING_STYLED_ITEM('overriding color',(#10533),#3437,
  #10080);
#10533 = PRESENTATION_STYLE_ASSIGNMENT((#10534));
#10534 = SURFACE_STYLE_USAGE(.BOTH.,#10535);
#10535 = SURFACE_SIDE_STYLE('',(#10536));
#10536 = SURFACE_STYLE_FILL_AREA(#10537);
#10537 = FILL_AREA_STYLE('',(#10538));
#10538 = FILL_AREA_STYLE_COLOUR('',#10097);
#10539 = OVER_RIDING_STYLED_ITEM('overriding color',(#10540),#3462,
  #10080);
#10540 = PRESENTATION_STYLE_ASSIGNMENT((#10541));
#10541 = SURFACE_STYLE_USAGE(.BOTH.,#10542);
#10542 = SURFACE_SIDE_STYLE('',(#10543));
#10543 = SURFACE_STYLE_FILL_AREA(#10544);
#10544 = FILL_AREA_STYLE('',(#10545));
#10545 = FILL_AREA_STYLE_COLOUR('',#10097);
#10546 = OVER_RIDING_STYLED_ITEM('overriding color',(#10547),#3487,
  #10080);
#10547 = PRESENTATION_STYLE_ASSIGNMENT((#10548));
#10548 = SURFACE_STYLE_USAGE(.BOTH.,#10549);
#10549 = SURFACE_SIDE_STYLE('',(#10550));
#10550 = SURFACE_STYLE_FILL_AREA(#10551);
#10551 = FILL_AREA_STYLE('',(#10552));
#10552 = FILL_AREA_STYLE_COLOUR('',#10097);
#10553 = OVER_RIDING_STYLED_ITEM('overriding color',(#10554),#3504,
  #10080);
#10554 = PRESENTATION_STYLE_ASSIGNMENT((#10555));
#10555 = SURFACE_STYLE_USAGE(.BOTH.,#10556);
#10556 = SURFACE_SIDE_STYLE('',(#10557));
#10557 = SURFACE_STYLE_FILL_AREA(#10558);
#10558 = FILL_AREA_STYLE('',(#10559));
#10559 = FILL_AREA_STYLE_COLOUR('',#10097);
#10560 = OVER_RIDING_STYLED_ITEM('overriding color',(#10561),#3522,
  #10080);
#10561 = PRESENTATION_STYLE_ASSIGNMENT((#10562));
#10562 = SURFACE_STYLE_USAGE(.BOTH.,#10563);
#10563 = SURFACE_SIDE_STYLE('',(#10564));
#10564 = SURFACE_STYLE_FILL_AREA(#10565);
#10565 = FILL_AREA_STYLE('',(#10566));
#10566 = FILL_AREA_STYLE_COLOUR('',#10097);
#10567 = OVER_RIDING_STYLED_ITEM('overriding color',(#10568),#3540,
  #10080);
#10568 = PRESENTATION_STYLE_ASSIGNMENT((#10569));
#10569 = SURFACE_STYLE_USAGE(.BOTH.,#10570);
#10570 = SURFACE_SIDE_STYLE('',(#10571));
#10571 = SURFACE_STYLE_FILL_AREA(#10572);
#10572 = FILL_AREA_STYLE('',(#10573));
#10573 = FILL_AREA_STYLE_COLOUR('',#10097);
#10574 = OVER_RIDING_STYLED_ITEM('overriding color',(#10575),#3568,
  #10080);
#10575 = PRESENTATION_STYLE_ASSIGNMENT((#10576));
#10576 = SURFACE_STYLE_USAGE(.BOTH.,#10577);
#10577 = SURFACE_SIDE_STYLE('',(#10578));
#10578 = SURFACE_STYLE_FILL_AREA(#10579);
#10579 = FILL_AREA_STYLE('',(#10580));
#10580 = FILL_AREA_STYLE_COLOUR('',#10097);
#10581 = OVER_RIDING_STYLED_ITEM('overriding color',(#10582),#3596,
  #10080);
#10582 = PRESENTATION_STYLE_ASSIGNMENT((#10583));
#10583 = SURFACE_STYLE_USAGE(.BOTH.,#10584);
#10584 = SURFACE_SIDE_STYLE('',(#10585));
#10585 = SURFACE_STYLE_FILL_AREA(#10586);
#10586 = FILL_AREA_STYLE('',(#10587));
#10587 = FILL_AREA_STYLE_COLOUR('',#10097);
#10588 = OVER_RIDING_STYLED_ITEM('overriding color',(#10589),#3932,
  #10080);
#10589 = PRESENTATION_STYLE_ASSIGNMENT((#10590));
#10590 = SURFACE_STYLE_USAGE(.BOTH.,#10591);
#10591 = SURFACE_SIDE_STYLE('',(#10592));
#10592 = SURFACE_STYLE_FILL_AREA(#10593);
#10593 = FILL_AREA_STYLE('',(#10594));
#10594 = FILL_AREA_STYLE_COLOUR('',#10097);
#10595 = OVER_RIDING_STYLED_ITEM('overriding color',(#10596),#4111,
  #10080);
#10596 = PRESENTATION_STYLE_ASSIGNMENT((#10597));
#10597 = SURFACE_STYLE_USAGE(.BOTH.,#10598);
#10598 = SURFACE_SIDE_STYLE('',(#10599));
#10599 = SURFACE_STYLE_FILL_AREA(#10600);
#10600 = FILL_AREA_STYLE('',(#10601));
#10601 = FILL_AREA_STYLE_COLOUR('',#10097);
#10602 = OVER_RIDING_STYLED_ITEM('overriding color',(#10603),#4290,
  #10080);
#10603 = PRESENTATION_STYLE_ASSIGNMENT((#10604));
#10604 = SURFACE_STYLE_USAGE(.BOTH.,#10605);
#10605 = SURFACE_SIDE_STYLE('',(#10606));
#10606 = SURFACE_STYLE_FILL_AREA(#10607);
#10607 = FILL_AREA_STYLE('',(#10608));
#10608 = FILL_AREA_STYLE_COLOUR('',#10609);
#10609 = DRAUGHTING_PRE_DEFINED_COLOUR('black');
#10610 = OVER_RIDING_STYLED_ITEM('overriding color',(#10611),#4318,
  #10080);
#10611 = PRESENTATION_STYLE_ASSIGNMENT((#10612));
#10612 = SURFACE_STYLE_USAGE(.BOTH.,#10613);
#10613 = SURFACE_SIDE_STYLE('',(#10614));
#10614 = SURFACE_STYLE_FILL_AREA(#10615);
#10615 = FILL_AREA_STYLE('',(#10616));
#10616 = FILL_AREA_STYLE_COLOUR('',#10609);
#10617 = OVER_RIDING_STYLED_ITEM('overriding color',(#10618),#4340,
  #10080);
#10618 = PRESENTATION_STYLE_ASSIGNMENT((#10619));
#10619 = SURFACE_STYLE_USAGE(.BOTH.,#10620);
#10620 = SURFACE_SIDE_STYLE('',(#10621));
#10621 = SURFACE_STYLE_FILL_AREA(#10622);
#10622 = FILL_AREA_STYLE('',(#10623));
#10623 = FILL_AREA_STYLE_COLOUR('',#10609);
#10624 = OVER_RIDING_STYLED_ITEM('overriding color',(#10625),#4362,
  #10080);
#10625 = PRESENTATION_STYLE_ASSIGNMENT((#10626));
#10626 = SURFACE_STYLE_USAGE(.BOTH.,#10627);
#10627 = SURFACE_SIDE_STYLE('',(#10628));
#10628 = SURFACE_STYLE_FILL_AREA(#10629);
#10629 = FILL_AREA_STYLE('',(#10630));
#10630 = FILL_AREA_STYLE_COLOUR('',#10609);
#10631 = OVER_RIDING_STYLED_ITEM('overriding color',(#10632),#4384,
  #10080);
#10632 = PRESENTATION_STYLE_ASSIGNMENT((#10633));
#10633 = SURFACE_STYLE_USAGE(.BOTH.,#10634);
#10634 = SURFACE_SIDE_STYLE('',(#10635));
#10635 = SURFACE_STYLE_FILL_AREA(#10636);
#10636 = FILL_AREA_STYLE('',(#10637));
#10637 = FILL_AREA_STYLE_COLOUR('',#10609);
#10638 = OVER_RIDING_STYLED_ITEM('overriding color',(#10639),#4406,
  #10080);
#10639 = PRESENTATION_STYLE_ASSIGNMENT((#10640));
#10640 = SURFACE_STYLE_USAGE(.BOTH.,#10641);
#10641 = SURFACE_SIDE_STYLE('',(#10642));
#10642 = SURFACE_STYLE_FILL_AREA(#10643);
#10643 = FILL_AREA_STYLE('',(#10644));
#10644 = FILL_AREA_STYLE_COLOUR('',#10609);
#10645 = OVER_RIDING_STYLED_ITEM('overriding color',(#10646),#4422,
  #10080);
#10646 = PRESENTATION_STYLE_ASSIGNMENT((#10647));
#10647 = SURFACE_STYLE_USAGE(.BOTH.,#10648);
#10648 = SURFACE_SIDE_STYLE('',(#10649));
#10649 = SURFACE_STYLE_FILL_AREA(#10650);
#10650 = FILL_AREA_STYLE('',(#10651));
#10651 = FILL_AREA_STYLE_COLOUR('',#10609);
#10652 = OVER_RIDING_STYLED_ITEM('overriding color',(#10653),#4436,
  #10080);
#10653 = PRESENTATION_STYLE_ASSIGNMENT((#10654));
#10654 = SURFACE_STYLE_USAGE(.BOTH.,#10655);
#10655 = SURFACE_SIDE_STYLE('',(#10656));
#10656 = SURFACE_STYLE_FILL_AREA(#10657);
#10657 = FILL_AREA_STYLE('',(#10658));
#10658 = FILL_AREA_STYLE_COLOUR('',#10609);
#10659 = OVER_RIDING_STYLED_ITEM('overriding color',(#10660),#4470,
  #10080);
#10660 = PRESENTATION_STYLE_ASSIGNMENT((#10661));
#10661 = SURFACE_STYLE_USAGE(.BOTH.,#10662);
#10662 = SURFACE_SIDE_STYLE('',(#10663));
#10663 = SURFACE_STYLE_FILL_AREA(#10664);
#10664 = FILL_AREA_STYLE('',(#10665));
#10665 = FILL_AREA_STYLE_COLOUR('',#10609);
#10666 = OVER_RIDING_STYLED_ITEM('overriding color',(#10667),#4492,
  #10080);
#10667 = PRESENTATION_STYLE_ASSIGNMENT((#10668));
#10668 = SURFACE_STYLE_USAGE(.BOTH.,#10669);
#10669 = SURFACE_SIDE_STYLE('',(#10670));
#10670 = SURFACE_STYLE_FILL_AREA(#10671);
#10671 = FILL_AREA_STYLE('',(#10672));
#10672 = FILL_AREA_STYLE_COLOUR('',#10609);
#10673 = OVER_RIDING_STYLED_ITEM('overriding color',(#10674),#4520,
  #10080);
#10674 = PRESENTATION_STYLE_ASSIGNMENT((#10675));
#10675 = SURFACE_STYLE_USAGE(.BOTH.,#10676);
#10676 = SURFACE_SIDE_STYLE('',(#10677));
#10677 = SURFACE_STYLE_FILL_AREA(#10678);
#10678 = FILL_AREA_STYLE('',(#10679));
#10679 = FILL_AREA_STYLE_COLOUR('',#10609);
#10680 = OVER_RIDING_STYLED_ITEM('overriding color',(#10681),#4548,
  #10080);
#10681 = PRESENTATION_STYLE_ASSIGNMENT((#10682));
#10682 = SURFACE_STYLE_USAGE(.BOTH.,#10683);
#10683 = SURFACE_SIDE_STYLE('',(#10684));
#10684 = SURFACE_STYLE_FILL_AREA(#10685);
#10685 = FILL_AREA_STYLE('',(#10686));
#10686 = FILL_AREA_STYLE_COLOUR('',#10609);
#10687 = OVER_RIDING_STYLED_ITEM('overriding color',(#10688),#4576,
  #10080);
#10688 = PRESENTATION_STYLE_ASSIGNMENT((#10689));
#10689 = SURFACE_STYLE_USAGE(.BOTH.,#10690);
#10690 = SURFACE_SIDE_STYLE('',(#10691));
#10691 = SURFACE_STYLE_FILL_AREA(#10692);
#10692 = FILL_AREA_STYLE('',(#10693));
#10693 = FILL_AREA_STYLE_COLOUR('',#10609);
#10694 = OVER_RIDING_STYLED_ITEM('overriding color',(#10695),#4604,
  #10080);
#10695 = PRESENTATION_STYLE_ASSIGNMENT((#10696));
#10696 = SURFACE_STYLE_USAGE(.BOTH.,#10697);
#10697 = SURFACE_SIDE_STYLE('',(#10698));
#10698 = SURFACE_STYLE_FILL_AREA(#10699);
#10699 = FILL_AREA_STYLE('',(#10700));
#10700 = FILL_AREA_STYLE_COLOUR('',#10609);
#10701 = OVER_RIDING_STYLED_ITEM('overriding color',(#10702),#4632,
  #10080);
#10702 = PRESENTATION_STYLE_ASSIGNMENT((#10703));
#10703 = SURFACE_STYLE_USAGE(.BOTH.,#10704);
#10704 = SURFACE_SIDE_STYLE('',(#10705));
#10705 = SURFACE_STYLE_FILL_AREA(#10706);
#10706 = FILL_AREA_STYLE('',(#10707));
#10707 = FILL_AREA_STYLE_COLOUR('',#10609);
#10708 = OVER_RIDING_STYLED_ITEM('overriding color',(#10709),#4660,
  #10080);
#10709 = PRESENTATION_STYLE_ASSIGNMENT((#10710));
#10710 = SURFACE_STYLE_USAGE(.BOTH.,#10711);
#10711 = SURFACE_SIDE_STYLE('',(#10712));
#10712 = SURFACE_STYLE_FILL_AREA(#10713);
#10713 = FILL_AREA_STYLE('',(#10714));
#10714 = FILL_AREA_STYLE_COLOUR('',#10609);
#10715 = OVER_RIDING_STYLED_ITEM('overriding color',(#10716),#4682,
  #10080);
#10716 = PRESENTATION_STYLE_ASSIGNMENT((#10717));
#10717 = SURFACE_STYLE_USAGE(.BOTH.,#10718);
#10718 = SURFACE_SIDE_STYLE('',(#10719));
#10719 = SURFACE_STYLE_FILL_AREA(#10720);
#10720 = FILL_AREA_STYLE('',(#10721));
#10721 = FILL_AREA_STYLE_COLOUR('',#10609);
#10722 = OVER_RIDING_STYLED_ITEM('overriding color',(#10723),#4710,
  #10080);
#10723 = PRESENTATION_STYLE_ASSIGNMENT((#10724));
#10724 = SURFACE_STYLE_USAGE(.BOTH.,#10725);
#10725 = SURFACE_SIDE_STYLE('',(#10726));
#10726 = SURFACE_STYLE_FILL_AREA(#10727);
#10727 = FILL_AREA_STYLE('',(#10728));
#10728 = FILL_AREA_STYLE_COLOUR('',#10609);
#10729 = OVER_RIDING_STYLED_ITEM('overriding color',(#10730),#4738,
  #10080);
#10730 = PRESENTATION_STYLE_ASSIGNMENT((#10731));
#10731 = SURFACE_STYLE_USAGE(.BOTH.,#10732);
#10732 = SURFACE_SIDE_STYLE('',(#10733));
#10733 = SURFACE_STYLE_FILL_AREA(#10734);
#10734 = FILL_AREA_STYLE('',(#10735));
#10735 = FILL_AREA_STYLE_COLOUR('',#10609);
#10736 = OVER_RIDING_STYLED_ITEM('overriding color',(#10737),#4766,
  #10080);
#10737 = PRESENTATION_STYLE_ASSIGNMENT((#10738));
#10738 = SURFACE_STYLE_USAGE(.BOTH.,#10739);
#10739 = SURFACE_SIDE_STYLE('',(#10740));
#10740 = SURFACE_STYLE_FILL_AREA(#10741);
#10741 = FILL_AREA_STYLE('',(#10742));
#10742 = FILL_AREA_STYLE_COLOUR('',#10609);
#10743 = OVER_RIDING_STYLED_ITEM('overriding color',(#10744),#4794,
  #10080);
#10744 = PRESENTATION_STYLE_ASSIGNMENT((#10745));
#10745 = SURFACE_STYLE_USAGE(.BOTH.,#10746);
#10746 = SURFACE_SIDE_STYLE('',(#10747));
#10747 = SURFACE_STYLE_FILL_AREA(#10748);
#10748 = FILL_AREA_STYLE('',(#10749));
#10749 = FILL_AREA_STYLE_COLOUR('',#10609);
#10750 = OVER_RIDING_STYLED_ITEM('overriding color',(#10751),#4816,
  #10080);
#10751 = PRESENTATION_STYLE_ASSIGNMENT((#10752));
#10752 = SURFACE_STYLE_USAGE(.BOTH.,#10753);
#10753 = SURFACE_SIDE_STYLE('',(#10754));
#10754 = SURFACE_STYLE_FILL_AREA(#10755);
#10755 = FILL_AREA_STYLE('',(#10756));
#10756 = FILL_AREA_STYLE_COLOUR('',#10609);
#10757 = OVER_RIDING_STYLED_ITEM('overriding color',(#10758),#4838,
  #10080);
#10758 = PRESENTATION_STYLE_ASSIGNMENT((#10759));
#10759 = SURFACE_STYLE_USAGE(.BOTH.,#10760);
#10760 = SURFACE_SIDE_STYLE('',(#10761));
#10761 = SURFACE_STYLE_FILL_AREA(#10762);
#10762 = FILL_AREA_STYLE('',(#10763));
#10763 = FILL_AREA_STYLE_COLOUR('',#10609);
#10764 = OVER_RIDING_STYLED_ITEM('overriding color',(#10765),#4866,
  #10080);
#10765 = PRESENTATION_STYLE_ASSIGNMENT((#10766));
#10766 = SURFACE_STYLE_USAGE(.BOTH.,#10767);
#10767 = SURFACE_SIDE_STYLE('',(#10768));
#10768 = SURFACE_STYLE_FILL_AREA(#10769);
#10769 = FILL_AREA_STYLE('',(#10770));
#10770 = FILL_AREA_STYLE_COLOUR('',#10609);
#10771 = OVER_RIDING_STYLED_ITEM('overriding color',(#10772),#4888,
  #10080);
#10772 = PRESENTATION_STYLE_ASSIGNMENT((#10773));
#10773 = SURFACE_STYLE_USAGE(.BOTH.,#10774);
#10774 = SURFACE_SIDE_STYLE('',(#10775));
#10775 = SURFACE_STYLE_FILL_AREA(#10776);
#10776 = FILL_AREA_STYLE('',(#10777));
#10777 = FILL_AREA_STYLE_COLOUR('',#10609);
#10778 = OVER_RIDING_STYLED_ITEM('overriding color',(#10779),#4910,
  #10080);
#10779 = PRESENTATION_STYLE_ASSIGNMENT((#10780));
#10780 = SURFACE_STYLE_USAGE(.BOTH.,#10781);
#10781 = SURFACE_SIDE_STYLE('',(#10782));
#10782 = SURFACE_STYLE_FILL_AREA(#10783);
#10783 = FILL_AREA_STYLE('',(#10784));
#10784 = FILL_AREA_STYLE_COLOUR('',#10609);
#10785 = OVER_RIDING_STYLED_ITEM('overriding color',(#10786),#4932,
  #10080);
#10786 = PRESENTATION_STYLE_ASSIGNMENT((#10787));
#10787 = SURFACE_STYLE_USAGE(.BOTH.,#10788);
#10788 = SURFACE_SIDE_STYLE('',(#10789));
#10789 = SURFACE_STYLE_FILL_AREA(#10790);
#10790 = FILL_AREA_STYLE('',(#10791));
#10791 = FILL_AREA_STYLE_COLOUR('',#10609);
#10792 = OVER_RIDING_STYLED_ITEM('overriding color',(#10793),#4954,
  #10080);
#10793 = PRESENTATION_STYLE_ASSIGNMENT((#10794));
#10794 = SURFACE_STYLE_USAGE(.BOTH.,#10795);
#10795 = SURFACE_SIDE_STYLE('',(#10796));
#10796 = SURFACE_STYLE_FILL_AREA(#10797);
#10797 = FILL_AREA_STYLE('',(#10798));
#10798 = FILL_AREA_STYLE_COLOUR('',#10609);
#10799 = OVER_RIDING_STYLED_ITEM('overriding color',(#10800),#4976,
  #10080);
#10800 = PRESENTATION_STYLE_ASSIGNMENT((#10801));
#10801 = SURFACE_STYLE_USAGE(.BOTH.,#10802);
#10802 = SURFACE_SIDE_STYLE('',(#10803));
#10803 = SURFACE_STYLE_FILL_AREA(#10804);
#10804 = FILL_AREA_STYLE('',(#10805));
#10805 = FILL_AREA_STYLE_COLOUR('',#10609);
#10806 = OVER_RIDING_STYLED_ITEM('overriding color',(#10807),#4998,
  #10080);
#10807 = PRESENTATION_STYLE_ASSIGNMENT((#10808));
#10808 = SURFACE_STYLE_USAGE(.BOTH.,#10809);
#10809 = SURFACE_SIDE_STYLE('',(#10810));
#10810 = SURFACE_STYLE_FILL_AREA(#10811);
#10811 = FILL_AREA_STYLE('',(#10812));
#10812 = FILL_AREA_STYLE_COLOUR('',#10609);
#10813 = OVER_RIDING_STYLED_ITEM('overriding color',(#10814),#5020,
  #10080);
#10814 = PRESENTATION_STYLE_ASSIGNMENT((#10815));
#10815 = SURFACE_STYLE_USAGE(.BOTH.,#10816);
#10816 = SURFACE_SIDE_STYLE('',(#10817));
#10817 = SURFACE_STYLE_FILL_AREA(#10818);
#10818 = FILL_AREA_STYLE('',(#10819));
#10819 = FILL_AREA_STYLE_COLOUR('',#10609);
#10820 = OVER_RIDING_STYLED_ITEM('overriding color',(#10821),#5042,
  #10080);
#10821 = PRESENTATION_STYLE_ASSIGNMENT((#10822));
#10822 = SURFACE_STYLE_USAGE(.BOTH.,#10823);
#10823 = SURFACE_SIDE_STYLE('',(#10824));
#10824 = SURFACE_STYLE_FILL_AREA(#10825);
#10825 = FILL_AREA_STYLE('',(#10826));
#10826 = FILL_AREA_STYLE_COLOUR('',#10609);
#10827 = OVER_RIDING_STYLED_ITEM('overriding color',(#10828),#5064,
  #10080);
#10828 = PRESENTATION_STYLE_ASSIGNMENT((#10829));
#10829 = SURFACE_STYLE_USAGE(.BOTH.,#10830);
#10830 = SURFACE_SIDE_STYLE('',(#10831));
#10831 = SURFACE_STYLE_FILL_AREA(#10832);
#10832 = FILL_AREA_STYLE('',(#10833));
#10833 = FILL_AREA_STYLE_COLOUR('',#10609);
#10834 = OVER_RIDING_STYLED_ITEM('overriding color',(#10835),#5086,
  #10080);
#10835 = PRESENTATION_STYLE_ASSIGNMENT((#10836));
#10836 = SURFACE_STYLE_USAGE(.BOTH.,#10837);
#10837 = SURFACE_SIDE_STYLE('',(#10838));
#10838 = SURFACE_STYLE_FILL_AREA(#10839);
#10839 = FILL_AREA_STYLE('',(#10840));
#10840 = FILL_AREA_STYLE_COLOUR('',#10609);
#10841 = OVER_RIDING_STYLED_ITEM('overriding color',(#10842),#5102,
  #10080);
#10842 = PRESENTATION_STYLE_ASSIGNMENT((#10843));
#10843 = SURFACE_STYLE_USAGE(.BOTH.,#10844);
#10844 = SURFACE_SIDE_STYLE('',(#10845));
#10845 = SURFACE_STYLE_FILL_AREA(#10846);
#10846 = FILL_AREA_STYLE('',(#10847));
#10847 = FILL_AREA_STYLE_COLOUR('',#10609);
#10848 = OVER_RIDING_STYLED_ITEM('overriding color',(#10849),#5122,
  #10080);
#10849 = PRESENTATION_STYLE_ASSIGNMENT((#10850));
#10850 = SURFACE_STYLE_USAGE(.BOTH.,#10851);
#10851 = SURFACE_SIDE_STYLE('',(#10852));
#10852 = SURFACE_STYLE_FILL_AREA(#10853);
#10853 = FILL_AREA_STYLE('',(#10854));
#10854 = FILL_AREA_STYLE_COLOUR('',#10609);
#10855 = OVER_RIDING_STYLED_ITEM('overriding color',(#10856),#5246,
  #10080);
#10856 = PRESENTATION_STYLE_ASSIGNMENT((#10857));
#10857 = SURFACE_STYLE_USAGE(.BOTH.,#10858);
#10858 = SURFACE_SIDE_STYLE('',(#10859));
#10859 = SURFACE_STYLE_FILL_AREA(#10860);
#10860 = FILL_AREA_STYLE('',(#10861));
#10861 = FILL_AREA_STYLE_COLOUR('',#10609);
#10862 = OVER_RIDING_STYLED_ITEM('overriding color',(#10863),#5266,
  #10080);
#10863 = PRESENTATION_STYLE_ASSIGNMENT((#10864));
#10864 = SURFACE_STYLE_USAGE(.BOTH.,#10865);
#10865 = SURFACE_SIDE_STYLE('',(#10866));
#10866 = SURFACE_STYLE_FILL_AREA(#10867);
#10867 = FILL_AREA_STYLE('',(#10868));
#10868 = FILL_AREA_STYLE_COLOUR('',#10609);
#10869 = OVER_RIDING_STYLED_ITEM('overriding color',(#10870),#5286,
  #10080);
#10870 = PRESENTATION_STYLE_ASSIGNMENT((#10871));
#10871 = SURFACE_STYLE_USAGE(.BOTH.,#10872);
#10872 = SURFACE_SIDE_STYLE('',(#10873));
#10873 = SURFACE_STYLE_FILL_AREA(#10874);
#10874 = FILL_AREA_STYLE('',(#10875));
#10875 = FILL_AREA_STYLE_COLOUR('',#10609);
#10876 = OVER_RIDING_STYLED_ITEM('overriding color',(#10877),#5306,
  #10080);
#10877 = PRESENTATION_STYLE_ASSIGNMENT((#10878));
#10878 = SURFACE_STYLE_USAGE(.BOTH.,#10879);
#10879 = SURFACE_SIDE_STYLE('',(#10880));
#10880 = SURFACE_STYLE_FILL_AREA(#10881);
#10881 = FILL_AREA_STYLE('',(#10882));
#10882 = FILL_AREA_STYLE_COLOUR('',#10609);
#10883 = OVER_RIDING_STYLED_ITEM('overriding color',(#10884),#5326,
  #10080);
#10884 = PRESENTATION_STYLE_ASSIGNMENT((#10885));
#10885 = SURFACE_STYLE_USAGE(.BOTH.,#10886);
#10886 = SURFACE_SIDE_STYLE('',(#10887));
#10887 = SURFACE_STYLE_FILL_AREA(#10888);
#10888 = FILL_AREA_STYLE('',(#10889));
#10889 = FILL_AREA_STYLE_COLOUR('',#10609);
#10890 = OVER_RIDING_STYLED_ITEM('overriding color',(#10891),#5346,
  #10080);
#10891 = PRESENTATION_STYLE_ASSIGNMENT((#10892));
#10892 = SURFACE_STYLE_USAGE(.BOTH.,#10893);
#10893 = SURFACE_SIDE_STYLE('',(#10894));
#10894 = SURFACE_STYLE_FILL_AREA(#10895);
#10895 = FILL_AREA_STYLE('',(#10896));
#10896 = FILL_AREA_STYLE_COLOUR('',#10609);
#10897 = OVER_RIDING_STYLED_ITEM('overriding color',(#10898),#5362,
  #10080);
#10898 = PRESENTATION_STYLE_ASSIGNMENT((#10899));
#10899 = SURFACE_STYLE_USAGE(.BOTH.,#10900);
#10900 = SURFACE_SIDE_STYLE('',(#10901));
#10901 = SURFACE_STYLE_FILL_AREA(#10902);
#10902 = FILL_AREA_STYLE('',(#10903));
#10903 = FILL_AREA_STYLE_COLOUR('',#10609);
#10904 = OVER_RIDING_STYLED_ITEM('overriding color',(#10905),#5374,
  #10080);
#10905 = PRESENTATION_STYLE_ASSIGNMENT((#10906));
#10906 = SURFACE_STYLE_USAGE(.BOTH.,#10907);
#10907 = SURFACE_SIDE_STYLE('',(#10908));
#10908 = SURFACE_STYLE_FILL_AREA(#10909);
#10909 = FILL_AREA_STYLE('',(#10910));
#10910 = FILL_AREA_STYLE_COLOUR('',#10609);
#10911 = OVER_RIDING_STYLED_ITEM('overriding color',(#10912),#5402,
  #10080);
#10912 = PRESENTATION_STYLE_ASSIGNMENT((#10913));
#10913 = SURFACE_STYLE_USAGE(.BOTH.,#10914);
#10914 = SURFACE_SIDE_STYLE('',(#10915));
#10915 = SURFACE_STYLE_FILL_AREA(#10916);
#10916 = FILL_AREA_STYLE('',(#10917));
#10917 = FILL_AREA_STYLE_COLOUR('',#10609);
#10918 = OVER_RIDING_STYLED_ITEM('overriding color',(#10919),#5424,
  #10080);
#10919 = PRESENTATION_STYLE_ASSIGNMENT((#10920));
#10920 = SURFACE_STYLE_USAGE(.BOTH.,#10921);
#10921 = SURFACE_SIDE_STYLE('',(#10922));
#10922 = SURFACE_STYLE_FILL_AREA(#10923);
#10923 = FILL_AREA_STYLE('',(#10924));
#10924 = FILL_AREA_STYLE_COLOUR('',#10609);
#10925 = OVER_RIDING_STYLED_ITEM('overriding color',(#10926),#5446,
  #10080);
#10926 = PRESENTATION_STYLE_ASSIGNMENT((#10927));
#10927 = SURFACE_STYLE_USAGE(.BOTH.,#10928);
#10928 = SURFACE_SIDE_STYLE('',(#10929));
#10929 = SURFACE_STYLE_FILL_AREA(#10930);
#10930 = FILL_AREA_STYLE('',(#10931));
#10931 = FILL_AREA_STYLE_COLOUR('',#10609);
#10932 = OVER_RIDING_STYLED_ITEM('overriding color',(#10933),#5474,
  #10080);
#10933 = PRESENTATION_STYLE_ASSIGNMENT((#10934));
#10934 = SURFACE_STYLE_USAGE(.BOTH.,#10935);
#10935 = SURFACE_SIDE_STYLE('',(#10936));
#10936 = SURFACE_STYLE_FILL_AREA(#10937);
#10937 = FILL_AREA_STYLE('',(#10938));
#10938 = FILL_AREA_STYLE_COLOUR('',#10609);
#10939 = OVER_RIDING_STYLED_ITEM('overriding color',(#10940),#5502,
  #10080);
#10940 = PRESENTATION_STYLE_ASSIGNMENT((#10941));
#10941 = SURFACE_STYLE_USAGE(.BOTH.,#10942);
#10942 = SURFACE_SIDE_STYLE('',(#10943));
#10943 = SURFACE_STYLE_FILL_AREA(#10944);
#10944 = FILL_AREA_STYLE('',(#10945));
#10945 = FILL_AREA_STYLE_COLOUR('',#10609);
#10946 = OVER_RIDING_STYLED_ITEM('overriding color',(#10947),#5530,
  #10080);
#10947 = PRESENTATION_STYLE_ASSIGNMENT((#10948));
#10948 = SURFACE_STYLE_USAGE(.BOTH.,#10949);
#10949 = SURFACE_SIDE_STYLE('',(#10950));
#10950 = SURFACE_STYLE_FILL_AREA(#10951);
#10951 = FILL_AREA_STYLE('',(#10952));
#10952 = FILL_AREA_STYLE_COLOUR('',#10609);
#10953 = OVER_RIDING_STYLED_ITEM('overriding color',(#10954),#5552,
  #10080);
#10954 = PRESENTATION_STYLE_ASSIGNMENT((#10955));
#10955 = SURFACE_STYLE_USAGE(.BOTH.,#10956);
#10956 = SURFACE_SIDE_STYLE('',(#10957));
#10957 = SURFACE_STYLE_FILL_AREA(#10958);
#10958 = FILL_AREA_STYLE('',(#10959));
#10959 = FILL_AREA_STYLE_COLOUR('',#10097);
#10960 = OVER_RIDING_STYLED_ITEM('overriding color',(#10961),#5567,
  #10080);
#10961 = PRESENTATION_STYLE_ASSIGNMENT((#10962));
#10962 = SURFACE_STYLE_USAGE(.BOTH.,#10963);
#10963 = SURFACE_SIDE_STYLE('',(#10964));
#10964 = SURFACE_STYLE_FILL_AREA(#10965);
#10965 = FILL_AREA_STYLE('',(#10966));
#10966 = FILL_AREA_STYLE_COLOUR('',#10609);
#10967 = OVER_RIDING_STYLED_ITEM('overriding color',(#10968),#5679,
  #10080);
#10968 = PRESENTATION_STYLE_ASSIGNMENT((#10969));
#10969 = SURFACE_STYLE_USAGE(.BOTH.,#10970);
#10970 = SURFACE_SIDE_STYLE('',(#10971));
#10971 = SURFACE_STYLE_FILL_AREA(#10972);
#10972 = FILL_AREA_STYLE('',(#10973));
#10973 = FILL_AREA_STYLE_COLOUR('',#10609);
#10974 = OVER_RIDING_STYLED_ITEM('overriding color',(#10975),#5699,
  #10080);
#10975 = PRESENTATION_STYLE_ASSIGNMENT((#10976));
#10976 = SURFACE_STYLE_USAGE(.BOTH.,#10977);
#10977 = SURFACE_SIDE_STYLE('',(#10978));
#10978 = SURFACE_STYLE_FILL_AREA(#10979);
#10979 = FILL_AREA_STYLE('',(#10980));
#10980 = FILL_AREA_STYLE_COLOUR('',#10609);
#10981 = OVER_RIDING_STYLED_ITEM('overriding color',(#10982),#5715,
  #10080);
#10982 = PRESENTATION_STYLE_ASSIGNMENT((#10983));
#10983 = SURFACE_STYLE_USAGE(.BOTH.,#10984);
#10984 = SURFACE_SIDE_STYLE('',(#10985));
#10985 = SURFACE_STYLE_FILL_AREA(#10986);
#10986 = FILL_AREA_STYLE('',(#10987));
#10987 = FILL_AREA_STYLE_COLOUR('',#10609);
#10988 = OVER_RIDING_STYLED_ITEM('overriding color',(#10989),#5731,
  #10080);
#10989 = PRESENTATION_STYLE_ASSIGNMENT((#10990));
#10990 = SURFACE_STYLE_USAGE(.BOTH.,#10991);
#10991 = SURFACE_SIDE_STYLE('',(#10992));
#10992 = SURFACE_STYLE_FILL_AREA(#10993);
#10993 = FILL_AREA_STYLE('',(#10994));
#10994 = FILL_AREA_STYLE_COLOUR('',#10609);
#10995 = OVER_RIDING_STYLED_ITEM('overriding color',(#10996),#5747,
  #10080);
#10996 = PRESENTATION_STYLE_ASSIGNMENT((#10997));
#10997 = SURFACE_STYLE_USAGE(.BOTH.,#10998);
#10998 = SURFACE_SIDE_STYLE('',(#10999));
#10999 = SURFACE_STYLE_FILL_AREA(#11000);
#11000 = FILL_AREA_STYLE('',(#11001));
#11001 = FILL_AREA_STYLE_COLOUR('',#10609);
#11002 = OVER_RIDING_STYLED_ITEM('overriding color',(#11003),#5763,
  #10080);
#11003 = PRESENTATION_STYLE_ASSIGNMENT((#11004));
#11004 = SURFACE_STYLE_USAGE(.BOTH.,#11005);
#11005 = SURFACE_SIDE_STYLE('',(#11006));
#11006 = SURFACE_STYLE_FILL_AREA(#11007);
#11007 = FILL_AREA_STYLE('',(#11008));
#11008 = FILL_AREA_STYLE_COLOUR('',#10609);
#11009 = OVER_RIDING_STYLED_ITEM('overriding color',(#11010),#5779,
  #10080);
#11010 = PRESENTATION_STYLE_ASSIGNMENT((#11011));
#11011 = SURFACE_STYLE_USAGE(.BOTH.,#11012);
#11012 = SURFACE_SIDE_STYLE('',(#11013));
#11013 = SURFACE_STYLE_FILL_AREA(#11014);
#11014 = FILL_AREA_STYLE('',(#11015));
#11015 = FILL_AREA_STYLE_COLOUR('',#10609);
#11016 = OVER_RIDING_STYLED_ITEM('overriding color',(#11017),#5795,
  #10080);
#11017 = PRESENTATION_STYLE_ASSIGNMENT((#11018));
#11018 = SURFACE_STYLE_USAGE(.BOTH.,#11019);
#11019 = SURFACE_SIDE_STYLE('',(#11020));
#11020 = SURFACE_STYLE_FILL_AREA(#11021);
#11021 = FILL_AREA_STYLE('',(#11022));
#11022 = FILL_AREA_STYLE_COLOUR('',#10609);
#11023 = OVER_RIDING_STYLED_ITEM('overriding color',(#11024),#5807,
  #10080);
#11024 = PRESENTATION_STYLE_ASSIGNMENT((#11025));
#11025 = SURFACE_STYLE_USAGE(.BOTH.,#11026);
#11026 = SURFACE_SIDE_STYLE('',(#11027));
#11027 = SURFACE_STYLE_FILL_AREA(#11028);
#11028 = FILL_AREA_STYLE('',(#11029));
#11029 = FILL_AREA_STYLE_COLOUR('',#10609);
#11030 = OVER_RIDING_STYLED_ITEM('overriding color',(#11031),#5835,
  #10080);
#11031 = PRESENTATION_STYLE_ASSIGNMENT((#11032));
#11032 = SURFACE_STYLE_USAGE(.BOTH.,#11033);
#11033 = SURFACE_SIDE_STYLE('',(#11034));
#11034 = SURFACE_STYLE_FILL_AREA(#11035);
#11035 = FILL_AREA_STYLE('',(#11036));
#11036 = FILL_AREA_STYLE_COLOUR('',#10609);
#11037 = OVER_RIDING_STYLED_ITEM('overriding color',(#11038),#5857,
  #10080);
#11038 = PRESENTATION_STYLE_ASSIGNMENT((#11039));
#11039 = SURFACE_STYLE_USAGE(.BOTH.,#11040);
#11040 = SURFACE_SIDE_STYLE('',(#11041));
#11041 = SURFACE_STYLE_FILL_AREA(#11042);
#11042 = FILL_AREA_STYLE('',(#11043));
#11043 = FILL_AREA_STYLE_COLOUR('',#10609);
#11044 = OVER_RIDING_STYLED_ITEM('overriding color',(#11045),#5885,
  #10080);
#11045 = PRESENTATION_STYLE_ASSIGNMENT((#11046));
#11046 = SURFACE_STYLE_USAGE(.BOTH.,#11047);
#11047 = SURFACE_SIDE_STYLE('',(#11048));
#11048 = SURFACE_STYLE_FILL_AREA(#11049);
#11049 = FILL_AREA_STYLE('',(#11050));
#11050 = FILL_AREA_STYLE_COLOUR('',#10609);
#11051 = OVER_RIDING_STYLED_ITEM('overriding color',(#11052),#5907,
  #10080);
#11052 = PRESENTATION_STYLE_ASSIGNMENT((#11053));
#11053 = SURFACE_STYLE_USAGE(.BOTH.,#11054);
#11054 = SURFACE_SIDE_STYLE('',(#11055));
#11055 = SURFACE_STYLE_FILL_AREA(#11056);
#11056 = FILL_AREA_STYLE('',(#11057));
#11057 = FILL_AREA_STYLE_COLOUR('',#10609);
#11058 = OVER_RIDING_STYLED_ITEM('overriding color',(#11059),#5935,
  #10080);
#11059 = PRESENTATION_STYLE_ASSIGNMENT((#11060));
#11060 = SURFACE_STYLE_USAGE(.BOTH.,#11061);
#11061 = SURFACE_SIDE_STYLE('',(#11062));
#11062 = SURFACE_STYLE_FILL_AREA(#11063);
#11063 = FILL_AREA_STYLE('',(#11064));
#11064 = FILL_AREA_STYLE_COLOUR('',#10609);
#11065 = OVER_RIDING_STYLED_ITEM('overriding color',(#11066),#5951,
  #10080);
#11066 = PRESENTATION_STYLE_ASSIGNMENT((#11067));
#11067 = SURFACE_STYLE_USAGE(.BOTH.,#11068);
#11068 = SURFACE_SIDE_STYLE('',(#11069));
#11069 = SURFACE_STYLE_FILL_AREA(#11070);
#11070 = FILL_AREA_STYLE('',(#11071));
#11071 = FILL_AREA_STYLE_COLOUR('',#10097);
#11072 = OVER_RIDING_STYLED_ITEM('overriding color',(#11073),#5965,
  #10080);
#11073 = PRESENTATION_STYLE_ASSIGNMENT((#11074));
#11074 = SURFACE_STYLE_USAGE(.BOTH.,#11075);
#11075 = SURFACE_SIDE_STYLE('',(#11076));
#11076 = SURFACE_STYLE_FILL_AREA(#11077);
#11077 = FILL_AREA_STYLE('',(#11078));
#11078 = FILL_AREA_STYLE_COLOUR('',#10609);
#11079 = OVER_RIDING_STYLED_ITEM('overriding color',(#11080),#5993,
  #10080);
#11080 = PRESENTATION_STYLE_ASSIGNMENT((#11081));
#11081 = SURFACE_STYLE_USAGE(.BOTH.,#11082);
#11082 = SURFACE_SIDE_STYLE('',(#11083));
#11083 = SURFACE_STYLE_FILL_AREA(#11084);
#11084 = FILL_AREA_STYLE('',(#11085));
#11085 = FILL_AREA_STYLE_COLOUR('',#10609);
#11086 = OVER_RIDING_STYLED_ITEM('overriding color',(#11087),#6015,
  #10080);
#11087 = PRESENTATION_STYLE_ASSIGNMENT((#11088));
#11088 = SURFACE_STYLE_USAGE(.BOTH.,#11089);
#11089 = SURFACE_SIDE_STYLE('',(#11090));
#11090 = SURFACE_STYLE_FILL_AREA(#11091);
#11091 = FILL_AREA_STYLE('',(#11092));
#11092 = FILL_AREA_STYLE_COLOUR('',#10609);
#11093 = OVER_RIDING_STYLED_ITEM('overriding color',(#11094),#6037,
  #10080);
#11094 = PRESENTATION_STYLE_ASSIGNMENT((#11095));
#11095 = SURFACE_STYLE_USAGE(.BOTH.,#11096);
#11096 = SURFACE_SIDE_STYLE('',(#11097));
#11097 = SURFACE_STYLE_FILL_AREA(#11098);
#11098 = FILL_AREA_STYLE('',(#11099));
#11099 = FILL_AREA_STYLE_COLOUR('',#10609);
#11100 = OVER_RIDING_STYLED_ITEM('overriding color',(#11101),#6059,
  #10080);
#11101 = PRESENTATION_STYLE_ASSIGNMENT((#11102));
#11102 = SURFACE_STYLE_USAGE(.BOTH.,#11103);
#11103 = SURFACE_SIDE_STYLE('',(#11104));
#11104 = SURFACE_STYLE_FILL_AREA(#11105);
#11105 = FILL_AREA_STYLE('',(#11106));
#11106 = FILL_AREA_STYLE_COLOUR('',#10609);
#11107 = OVER_RIDING_STYLED_ITEM('overriding color',(#11108),#6081,
  #10080);
#11108 = PRESENTATION_STYLE_ASSIGNMENT((#11109));
#11109 = SURFACE_STYLE_USAGE(.BOTH.,#11110);
#11110 = SURFACE_SIDE_STYLE('',(#11111));
#11111 = SURFACE_STYLE_FILL_AREA(#11112);
#11112 = FILL_AREA_STYLE('',(#11113));
#11113 = FILL_AREA_STYLE_COLOUR('',#10609);
#11114 = OVER_RIDING_STYLED_ITEM('overriding color',(#11115),#6103,
  #10080);
#11115 = PRESENTATION_STYLE_ASSIGNMENT((#11116));
#11116 = SURFACE_STYLE_USAGE(.BOTH.,#11117);
#11117 = SURFACE_SIDE_STYLE('',(#11118));
#11118 = SURFACE_STYLE_FILL_AREA(#11119);
#11119 = FILL_AREA_STYLE('',(#11120));
#11120 = FILL_AREA_STYLE_COLOUR('',#10609);
#11121 = OVER_RIDING_STYLED_ITEM('overriding color',(#11122),#6125,
  #10080);
#11122 = PRESENTATION_STYLE_ASSIGNMENT((#11123));
#11123 = SURFACE_STYLE_USAGE(.BOTH.,#11124);
#11124 = SURFACE_SIDE_STYLE('',(#11125));
#11125 = SURFACE_STYLE_FILL_AREA(#11126);
#11126 = FILL_AREA_STYLE('',(#11127));
#11127 = FILL_AREA_STYLE_COLOUR('',#10609);
#11128 = OVER_RIDING_STYLED_ITEM('overriding color',(#11129),#6147,
  #10080);
#11129 = PRESENTATION_STYLE_ASSIGNMENT((#11130));
#11130 = SURFACE_STYLE_USAGE(.BOTH.,#11131);
#11131 = SURFACE_SIDE_STYLE('',(#11132));
#11132 = SURFACE_STYLE_FILL_AREA(#11133);
#11133 = FILL_AREA_STYLE('',(#11134));
#11134 = FILL_AREA_STYLE_COLOUR('',#10609);
#11135 = OVER_RIDING_STYLED_ITEM('overriding color',(#11136),#6169,
  #10080);
#11136 = PRESENTATION_STYLE_ASSIGNMENT((#11137));
#11137 = SURFACE_STYLE_USAGE(.BOTH.,#11138);
#11138 = SURFACE_SIDE_STYLE('',(#11139));
#11139 = SURFACE_STYLE_FILL_AREA(#11140);
#11140 = FILL_AREA_STYLE('',(#11141));
#11141 = FILL_AREA_STYLE_COLOUR('',#10609);
#11142 = OVER_RIDING_STYLED_ITEM('overriding color',(#11143),#6191,
  #10080);
#11143 = PRESENTATION_STYLE_ASSIGNMENT((#11144));
#11144 = SURFACE_STYLE_USAGE(.BOTH.,#11145);
#11145 = SURFACE_SIDE_STYLE('',(#11146));
#11146 = SURFACE_STYLE_FILL_AREA(#11147);
#11147 = FILL_AREA_STYLE('',(#11148));
#11148 = FILL_AREA_STYLE_COLOUR('',#10609);
#11149 = OVER_RIDING_STYLED_ITEM('overriding color',(#11150),#6213,
  #10080);
#11150 = PRESENTATION_STYLE_ASSIGNMENT((#11151));
#11151 = SURFACE_STYLE_USAGE(.BOTH.,#11152);
#11152 = SURFACE_SIDE_STYLE('',(#11153));
#11153 = SURFACE_STYLE_FILL_AREA(#11154);
#11154 = FILL_AREA_STYLE('',(#11155));
#11155 = FILL_AREA_STYLE_COLOUR('',#10609);
#11156 = OVER_RIDING_STYLED_ITEM('overriding color',(#11157),#6229,
  #10080);
#11157 = PRESENTATION_STYLE_ASSIGNMENT((#11158));
#11158 = SURFACE_STYLE_USAGE(.BOTH.,#11159);
#11159 = SURFACE_SIDE_STYLE('',(#11160));
#11160 = SURFACE_STYLE_FILL_AREA(#11161);
#11161 = FILL_AREA_STYLE('',(#11162));
#11162 = FILL_AREA_STYLE_COLOUR('',#10609);
#11163 = OVER_RIDING_STYLED_ITEM('overriding color',(#11164),#6249,
  #10080);
#11164 = PRESENTATION_STYLE_ASSIGNMENT((#11165));
#11165 = SURFACE_STYLE_USAGE(.BOTH.,#11166);
#11166 = SURFACE_SIDE_STYLE('',(#11167));
#11167 = SURFACE_STYLE_FILL_AREA(#11168);
#11168 = FILL_AREA_STYLE('',(#11169));
#11169 = FILL_AREA_STYLE_COLOUR('',#10609);
#11170 = OVER_RIDING_STYLED_ITEM('overriding color',(#11171),#6441,
  #10080);
#11171 = PRESENTATION_STYLE_ASSIGNMENT((#11172));
#11172 = SURFACE_STYLE_USAGE(.BOTH.,#11173);
#11173 = SURFACE_SIDE_STYLE('',(#11174));
#11174 = SURFACE_STYLE_FILL_AREA(#11175);
#11175 = FILL_AREA_STYLE('',(#11176));
#11176 = FILL_AREA_STYLE_COLOUR('',#10609);
#11177 = OVER_RIDING_STYLED_ITEM('overriding color',(#11178),#6465,
  #10080);
#11178 = PRESENTATION_STYLE_ASSIGNMENT((#11179));
#11179 = SURFACE_STYLE_USAGE(.BOTH.,#11180);
#11180 = SURFACE_SIDE_STYLE('',(#11181));
#11181 = SURFACE_STYLE_FILL_AREA(#11182);
#11182 = FILL_AREA_STYLE('',(#11183));
#11183 = FILL_AREA_STYLE_COLOUR('',#10609);
#11184 = OVER_RIDING_STYLED_ITEM('overriding color',(#11185),#6481,
  #10080);
#11185 = PRESENTATION_STYLE_ASSIGNMENT((#11186));
#11186 = SURFACE_STYLE_USAGE(.BOTH.,#11187);
#11187 = SURFACE_SIDE_STYLE('',(#11188));
#11188 = SURFACE_STYLE_FILL_AREA(#11189);
#11189 = FILL_AREA_STYLE('',(#11190));
#11190 = FILL_AREA_STYLE_COLOUR('',#10609);
#11191 = OVER_RIDING_STYLED_ITEM('overriding color',(#11192),#6501,
  #10080);
#11192 = PRESENTATION_STYLE_ASSIGNMENT((#11193));
#11193 = SURFACE_STYLE_USAGE(.BOTH.,#11194);
#11194 = SURFACE_SIDE_STYLE('',(#11195));
#11195 = SURFACE_STYLE_FILL_AREA(#11196);
#11196 = FILL_AREA_STYLE('',(#11197));
#11197 = FILL_AREA_STYLE_COLOUR('',#10609);
#11198 = OVER_RIDING_STYLED_ITEM('overriding color',(#11199),#6521,
  #10080);
#11199 = PRESENTATION_STYLE_ASSIGNMENT((#11200));
#11200 = SURFACE_STYLE_USAGE(.BOTH.,#11201);
#11201 = SURFACE_SIDE_STYLE('',(#11202));
#11202 = SURFACE_STYLE_FILL_AREA(#11203);
#11203 = FILL_AREA_STYLE('',(#11204));
#11204 = FILL_AREA_STYLE_COLOUR('',#10609);
#11205 = OVER_RIDING_STYLED_ITEM('overriding color',(#11206),#6537,
  #10080);
#11206 = PRESENTATION_STYLE_ASSIGNMENT((#11207));
#11207 = SURFACE_STYLE_USAGE(.BOTH.,#11208);
#11208 = SURFACE_SIDE_STYLE('',(#11209));
#11209 = SURFACE_STYLE_FILL_AREA(#11210);
#11210 = FILL_AREA_STYLE('',(#11211));
#11211 = FILL_AREA_STYLE_COLOUR('',#10609);
#11212 = OVER_RIDING_STYLED_ITEM('overriding color',(#11213),#6557,
  #10080);
#11213 = PRESENTATION_STYLE_ASSIGNMENT((#11214));
#11214 = SURFACE_STYLE_USAGE(.BOTH.,#11215);
#11215 = SURFACE_SIDE_STYLE('',(#11216));
#11216 = SURFACE_STYLE_FILL_AREA(#11217);
#11217 = FILL_AREA_STYLE('',(#11218));
#11218 = FILL_AREA_STYLE_COLOUR('',#10609);
#11219 = OVER_RIDING_STYLED_ITEM('overriding color',(#11220),#6577,
  #10080);
#11220 = PRESENTATION_STYLE_ASSIGNMENT((#11221));
#11221 = SURFACE_STYLE_USAGE(.BOTH.,#11222);
#11222 = SURFACE_SIDE_STYLE('',(#11223));
#11223 = SURFACE_STYLE_FILL_AREA(#11224);
#11224 = FILL_AREA_STYLE('',(#11225));
#11225 = FILL_AREA_STYLE_COLOUR('',#10609);
#11226 = OVER_RIDING_STYLED_ITEM('overriding color',(#11227),#6597,
  #10080);
#11227 = PRESENTATION_STYLE_ASSIGNMENT((#11228));
#11228 = SURFACE_STYLE_USAGE(.BOTH.,#11229);
#11229 = SURFACE_SIDE_STYLE('',(#11230));
#11230 = SURFACE_STYLE_FILL_AREA(#11231);
#11231 = FILL_AREA_STYLE('',(#11232));
#11232 = FILL_AREA_STYLE_COLOUR('',#10609);
#11233 = OVER_RIDING_STYLED_ITEM('overriding color',(#11234),#6617,
  #10080);
#11234 = PRESENTATION_STYLE_ASSIGNMENT((#11235));
#11235 = SURFACE_STYLE_USAGE(.BOTH.,#11236);
#11236 = SURFACE_SIDE_STYLE('',(#11237));
#11237 = SURFACE_STYLE_FILL_AREA(#11238);
#11238 = FILL_AREA_STYLE('',(#11239));
#11239 = FILL_AREA_STYLE_COLOUR('',#10609);
#11240 = OVER_RIDING_STYLED_ITEM('overriding color',(#11241),#6633,
  #10080);
#11241 = PRESENTATION_STYLE_ASSIGNMENT((#11242));
#11242 = SURFACE_STYLE_USAGE(.BOTH.,#11243);
#11243 = SURFACE_SIDE_STYLE('',(#11244));
#11244 = SURFACE_STYLE_FILL_AREA(#11245);
#11245 = FILL_AREA_STYLE('',(#11246));
#11246 = FILL_AREA_STYLE_COLOUR('',#10609);
#11247 = OVER_RIDING_STYLED_ITEM('overriding color',(#11248),#6649,
  #10080);
#11248 = PRESENTATION_STYLE_ASSIGNMENT((#11249));
#11249 = SURFACE_STYLE_USAGE(.BOTH.,#11250);
#11250 = SURFACE_SIDE_STYLE('',(#11251));
#11251 = SURFACE_STYLE_FILL_AREA(#11252);
#11252 = FILL_AREA_STYLE('',(#11253));
#11253 = FILL_AREA_STYLE_COLOUR('',#10609);
#11254 = OVER_RIDING_STYLED_ITEM('overriding color',(#11255),#6665,
  #10080);
#11255 = PRESENTATION_STYLE_ASSIGNMENT((#11256));
#11256 = SURFACE_STYLE_USAGE(.BOTH.,#11257);
#11257 = SURFACE_SIDE_STYLE('',(#11258));
#11258 = SURFACE_STYLE_FILL_AREA(#11259);
#11259 = FILL_AREA_STYLE('',(#11260));
#11260 = FILL_AREA_STYLE_COLOUR('',#10609);
#11261 = OVER_RIDING_STYLED_ITEM('overriding color',(#11262),#6681,
  #10080);
#11262 = PRESENTATION_STYLE_ASSIGNMENT((#11263));
#11263 = SURFACE_STYLE_USAGE(.BOTH.,#11264);
#11264 = SURFACE_SIDE_STYLE('',(#11265));
#11265 = SURFACE_STYLE_FILL_AREA(#11266);
#11266 = FILL_AREA_STYLE('',(#11267));
#11267 = FILL_AREA_STYLE_COLOUR('',#10609);
#11268 = OVER_RIDING_STYLED_ITEM('overriding color',(#11269),#6697,
  #10080);
#11269 = PRESENTATION_STYLE_ASSIGNMENT((#11270));
#11270 = SURFACE_STYLE_USAGE(.BOTH.,#11271);
#11271 = SURFACE_SIDE_STYLE('',(#11272));
#11272 = SURFACE_STYLE_FILL_AREA(#11273);
#11273 = FILL_AREA_STYLE('',(#11274));
#11274 = FILL_AREA_STYLE_COLOUR('',#10609);
#11275 = OVER_RIDING_STYLED_ITEM('overriding color',(#11276),#6731,
  #10080);
#11276 = PRESENTATION_STYLE_ASSIGNMENT((#11277));
#11277 = SURFACE_STYLE_USAGE(.BOTH.,#11278);
#11278 = SURFACE_SIDE_STYLE('',(#11279));
#11279 = SURFACE_STYLE_FILL_AREA(#11280);
#11280 = FILL_AREA_STYLE('',(#11281));
#11281 = FILL_AREA_STYLE_COLOUR('',#10609);
#11282 = OVER_RIDING_STYLED_ITEM('overriding color',(#11283),#6759,
  #10080);
#11283 = PRESENTATION_STYLE_ASSIGNMENT((#11284));
#11284 = SURFACE_STYLE_USAGE(.BOTH.,#11285);
#11285 = SURFACE_SIDE_STYLE('',(#11286));
#11286 = SURFACE_STYLE_FILL_AREA(#11287);
#11287 = FILL_AREA_STYLE('',(#11288));
#11288 = FILL_AREA_STYLE_COLOUR('',#10609);
#11289 = OVER_RIDING_STYLED_ITEM('overriding color',(#11290),#6787,
  #10080);
#11290 = PRESENTATION_STYLE_ASSIGNMENT((#11291));
#11291 = SURFACE_STYLE_USAGE(.BOTH.,#11292);
#11292 = SURFACE_SIDE_STYLE('',(#11293));
#11293 = SURFACE_STYLE_FILL_AREA(#11294);
#11294 = FILL_AREA_STYLE('',(#11295));
#11295 = FILL_AREA_STYLE_COLOUR('',#10609);
#11296 = OVER_RIDING_STYLED_ITEM('overriding color',(#11297),#6815,
  #10080);
#11297 = PRESENTATION_STYLE_ASSIGNMENT((#11298));
#11298 = SURFACE_STYLE_USAGE(.BOTH.,#11299);
#11299 = SURFACE_SIDE_STYLE('',(#11300));
#11300 = SURFACE_STYLE_FILL_AREA(#11301);
#11301 = FILL_AREA_STYLE('',(#11302));
#11302 = FILL_AREA_STYLE_COLOUR('',#10609);
#11303 = OVER_RIDING_STYLED_ITEM('overriding color',(#11304),#6843,
  #10080);
#11304 = PRESENTATION_STYLE_ASSIGNMENT((#11305));
#11305 = SURFACE_STYLE_USAGE(.BOTH.,#11306);
#11306 = SURFACE_SIDE_STYLE('',(#11307));
#11307 = SURFACE_STYLE_FILL_AREA(#11308);
#11308 = FILL_AREA_STYLE('',(#11309));
#11309 = FILL_AREA_STYLE_COLOUR('',#10609);
#11310 = OVER_RIDING_STYLED_ITEM('overriding color',(#11311),#6871,
  #10080);
#11311 = PRESENTATION_STYLE_ASSIGNMENT((#11312));
#11312 = SURFACE_STYLE_USAGE(.BOTH.,#11313);
#11313 = SURFACE_SIDE_STYLE('',(#11314));
#11314 = SURFACE_STYLE_FILL_AREA(#11315);
#11315 = FILL_AREA_STYLE('',(#11316));
#11316 = FILL_AREA_STYLE_COLOUR('',#10609);
#11317 = OVER_RIDING_STYLED_ITEM('overriding color',(#11318),#6893,
  #10080);
#11318 = PRESENTATION_STYLE_ASSIGNMENT((#11319));
#11319 = SURFACE_STYLE_USAGE(.BOTH.,#11320);
#11320 = SURFACE_SIDE_STYLE('',(#11321));
#11321 = SURFACE_STYLE_FILL_AREA(#11322);
#11322 = FILL_AREA_STYLE('',(#11323));
#11323 = FILL_AREA_STYLE_COLOUR('',#10609);
#11324 = OVER_RIDING_STYLED_ITEM('overriding color',(#11325),#6909,
  #10080);
#11325 = PRESENTATION_STYLE_ASSIGNMENT((#11326));
#11326 = SURFACE_STYLE_USAGE(.BOTH.,#11327);
#11327 = SURFACE_SIDE_STYLE('',(#11328));
#11328 = SURFACE_STYLE_FILL_AREA(#11329);
#11329 = FILL_AREA_STYLE('',(#11330));
#11330 = FILL_AREA_STYLE_COLOUR('',#10097);
#11331 = OVER_RIDING_STYLED_ITEM('overriding color',(#11332),#6925,
  #10080);
#11332 = PRESENTATION_STYLE_ASSIGNMENT((#11333));
#11333 = SURFACE_STYLE_USAGE(.BOTH.,#11334);
#11334 = SURFACE_SIDE_STYLE('',(#11335));
#11335 = SURFACE_STYLE_FILL_AREA(#11336);
#11336 = FILL_AREA_STYLE('',(#11337));
#11337 = FILL_AREA_STYLE_COLOUR('',#10609);
#11338 = OVER_RIDING_STYLED_ITEM('overriding color',(#11339),#6959,
  #10080);
#11339 = PRESENTATION_STYLE_ASSIGNMENT((#11340));
#11340 = SURFACE_STYLE_USAGE(.BOTH.,#11341);
#11341 = SURFACE_SIDE_STYLE('',(#11342));
#11342 = SURFACE_STYLE_FILL_AREA(#11343);
#11343 = FILL_AREA_STYLE('',(#11344));
#11344 = FILL_AREA_STYLE_COLOUR('',#10609);
#11345 = OVER_RIDING_STYLED_ITEM('overriding color',(#11346),#6981,
  #10080);
#11346 = PRESENTATION_STYLE_ASSIGNMENT((#11347));
#11347 = SURFACE_STYLE_USAGE(.BOTH.,#11348);
#11348 = SURFACE_SIDE_STYLE('',(#11349));
#11349 = SURFACE_STYLE_FILL_AREA(#11350);
#11350 = FILL_AREA_STYLE('',(#11351));
#11351 = FILL_AREA_STYLE_COLOUR('',#10609);
#11352 = OVER_RIDING_STYLED_ITEM('overriding color',(#11353),#7009,
  #10080);
#11353 = PRESENTATION_STYLE_ASSIGNMENT((#11354));
#11354 = SURFACE_STYLE_USAGE(.BOTH.,#11355);
#11355 = SURFACE_SIDE_STYLE('',(#11356));
#11356 = SURFACE_STYLE_FILL_AREA(#11357);
#11357 = FILL_AREA_STYLE('',(#11358));
#11358 = FILL_AREA_STYLE_COLOUR('',#10609);
#11359 = OVER_RIDING_STYLED_ITEM('overriding color',(#11360),#7037,
  #10080);
#11360 = PRESENTATION_STYLE_ASSIGNMENT((#11361));
#11361 = SURFACE_STYLE_USAGE(.BOTH.,#11362);
#11362 = SURFACE_SIDE_STYLE('',(#11363));
#11363 = SURFACE_STYLE_FILL_AREA(#11364);
#11364 = FILL_AREA_STYLE('',(#11365));
#11365 = FILL_AREA_STYLE_COLOUR('',#10609);
#11366 = OVER_RIDING_STYLED_ITEM('overriding color',(#11367),#7065,
  #10080);
#11367 = PRESENTATION_STYLE_ASSIGNMENT((#11368));
#11368 = SURFACE_STYLE_USAGE(.BOTH.,#11369);
#11369 = SURFACE_SIDE_STYLE('',(#11370));
#11370 = SURFACE_STYLE_FILL_AREA(#11371);
#11371 = FILL_AREA_STYLE('',(#11372));
#11372 = FILL_AREA_STYLE_COLOUR('',#10609);
#11373 = OVER_RIDING_STYLED_ITEM('overriding color',(#11374),#7093,
  #10080);
#11374 = PRESENTATION_STYLE_ASSIGNMENT((#11375));
#11375 = SURFACE_STYLE_USAGE(.BOTH.,#11376);
#11376 = SURFACE_SIDE_STYLE('',(#11377));
#11377 = SURFACE_STYLE_FILL_AREA(#11378);
#11378 = FILL_AREA_STYLE('',(#11379));
#11379 = FILL_AREA_STYLE_COLOUR('',#10609);
#11380 = OVER_RIDING_STYLED_ITEM('overriding color',(#11381),#7121,
  #10080);
#11381 = PRESENTATION_STYLE_ASSIGNMENT((#11382));
#11382 = SURFACE_STYLE_USAGE(.BOTH.,#11383);
#11383 = SURFACE_SIDE_STYLE('',(#11384));
#11384 = SURFACE_STYLE_FILL_AREA(#11385);
#11385 = FILL_AREA_STYLE('',(#11386));
#11386 = FILL_AREA_STYLE_COLOUR('',#10609);
#11387 = OVER_RIDING_STYLED_ITEM('overriding color',(#11388),#7149,
  #10080);
#11388 = PRESENTATION_STYLE_ASSIGNMENT((#11389));
#11389 = SURFACE_STYLE_USAGE(.BOTH.,#11390);
#11390 = SURFACE_SIDE_STYLE('',(#11391));
#11391 = SURFACE_STYLE_FILL_AREA(#11392);
#11392 = FILL_AREA_STYLE('',(#11393));
#11393 = FILL_AREA_STYLE_COLOUR('',#10609);
#11394 = OVER_RIDING_STYLED_ITEM('overriding color',(#11395),#7177,
  #10080);
#11395 = PRESENTATION_STYLE_ASSIGNMENT((#11396));
#11396 = SURFACE_STYLE_USAGE(.BOTH.,#11397);
#11397 = SURFACE_SIDE_STYLE('',(#11398));
#11398 = SURFACE_STYLE_FILL_AREA(#11399);
#11399 = FILL_AREA_STYLE('',(#11400));
#11400 = FILL_AREA_STYLE_COLOUR('',#10609);
#11401 = OVER_RIDING_STYLED_ITEM('overriding color',(#11402),#7205,
  #10080);
#11402 = PRESENTATION_STYLE_ASSIGNMENT((#11403));
#11403 = SURFACE_STYLE_USAGE(.BOTH.,#11404);
#11404 = SURFACE_SIDE_STYLE('',(#11405));
#11405 = SURFACE_STYLE_FILL_AREA(#11406);
#11406 = FILL_AREA_STYLE('',(#11407));
#11407 = FILL_AREA_STYLE_COLOUR('',#10609);
#11408 = OVER_RIDING_STYLED_ITEM('overriding color',(#11409),#7233,
  #10080);
#11409 = PRESENTATION_STYLE_ASSIGNMENT((#11410));
#11410 = SURFACE_STYLE_USAGE(.BOTH.,#11411);
#11411 = SURFACE_SIDE_STYLE('',(#11412));
#11412 = SURFACE_STYLE_FILL_AREA(#11413);
#11413 = FILL_AREA_STYLE('',(#11414));
#11414 = FILL_AREA_STYLE_COLOUR('',#10609);
#11415 = OVER_RIDING_STYLED_ITEM('overriding color',(#11416),#7261,
  #10080);
#11416 = PRESENTATION_STYLE_ASSIGNMENT((#11417));
#11417 = SURFACE_STYLE_USAGE(.BOTH.,#11418);
#11418 = SURFACE_SIDE_STYLE('',(#11419));
#11419 = SURFACE_STYLE_FILL_AREA(#11420);
#11420 = FILL_AREA_STYLE('',(#11421));
#11421 = FILL_AREA_STYLE_COLOUR('',#10609);
#11422 = OVER_RIDING_STYLED_ITEM('overriding color',(#11423),#7283,
  #10080);
#11423 = PRESENTATION_STYLE_ASSIGNMENT((#11424));
#11424 = SURFACE_STYLE_USAGE(.BOTH.,#11425);
#11425 = SURFACE_SIDE_STYLE('',(#11426));
#11426 = SURFACE_STYLE_FILL_AREA(#11427);
#11427 = FILL_AREA_STYLE('',(#11428));
#11428 = FILL_AREA_STYLE_COLOUR('',#10609);
#11429 = OVER_RIDING_STYLED_ITEM('overriding color',(#11430),#7311,
  #10080);
#11430 = PRESENTATION_STYLE_ASSIGNMENT((#11431));
#11431 = SURFACE_STYLE_USAGE(.BOTH.,#11432);
#11432 = SURFACE_SIDE_STYLE('',(#11433));
#11433 = SURFACE_STYLE_FILL_AREA(#11434);
#11434 = FILL_AREA_STYLE('',(#11435));
#11435 = FILL_AREA_STYLE_COLOUR('',#10609);
#11436 = OVER_RIDING_STYLED_ITEM('overriding color',(#11437),#7339,
  #10080);
#11437 = PRESENTATION_STYLE_ASSIGNMENT((#11438));
#11438 = SURFACE_STYLE_USAGE(.BOTH.,#11439);
#11439 = SURFACE_SIDE_STYLE('',(#11440));
#11440 = SURFACE_STYLE_FILL_AREA(#11441);
#11441 = FILL_AREA_STYLE('',(#11442));
#11442 = FILL_AREA_STYLE_COLOUR('',#10609);
#11443 = OVER_RIDING_STYLED_ITEM('overriding color',(#11444),#7367,
  #10080);
#11444 = PRESENTATION_STYLE_ASSIGNMENT((#11445));
#11445 = SURFACE_STYLE_USAGE(.BOTH.,#11446);
#11446 = SURFACE_SIDE_STYLE('',(#11447));
#11447 = SURFACE_STYLE_FILL_AREA(#11448);
#11448 = FILL_AREA_STYLE('',(#11449));
#11449 = FILL_AREA_STYLE_COLOUR('',#10609);
#11450 = OVER_RIDING_STYLED_ITEM('overriding color',(#11451),#7395,
  #10080);
#11451 = PRESENTATION_STYLE_ASSIGNMENT((#11452));
#11452 = SURFACE_STYLE_USAGE(.BOTH.,#11453);
#11453 = SURFACE_SIDE_STYLE('',(#11454));
#11454 = SURFACE_STYLE_FILL_AREA(#11455);
#11455 = FILL_AREA_STYLE('',(#11456));
#11456 = FILL_AREA_STYLE_COLOUR('',#10609);
#11457 = OVER_RIDING_STYLED_ITEM('overriding color',(#11458),#7423,
  #10080);
#11458 = PRESENTATION_STYLE_ASSIGNMENT((#11459));
#11459 = SURFACE_STYLE_USAGE(.BOTH.,#11460);
#11460 = SURFACE_SIDE_STYLE('',(#11461));
#11461 = SURFACE_STYLE_FILL_AREA(#11462);
#11462 = FILL_AREA_STYLE('',(#11463));
#11463 = FILL_AREA_STYLE_COLOUR('',#10609);
#11464 = OVER_RIDING_STYLED_ITEM('overriding color',(#11465),#7451,
  #10080);
#11465 = PRESENTATION_STYLE_ASSIGNMENT((#11466));
#11466 = SURFACE_STYLE_USAGE(.BOTH.,#11467);
#11467 = SURFACE_SIDE_STYLE('',(#11468));
#11468 = SURFACE_STYLE_FILL_AREA(#11469);
#11469 = FILL_AREA_STYLE('',(#11470));
#11470 = FILL_AREA_STYLE_COLOUR('',#10609);
#11471 = OVER_RIDING_STYLED_ITEM('overriding color',(#11472),#7479,
  #10080);
#11472 = PRESENTATION_STYLE_ASSIGNMENT((#11473));
#11473 = SURFACE_STYLE_USAGE(.BOTH.,#11474);
#11474 = SURFACE_SIDE_STYLE('',(#11475));
#11475 = SURFACE_STYLE_FILL_AREA(#11476);
#11476 = FILL_AREA_STYLE('',(#11477));
#11477 = FILL_AREA_STYLE_COLOUR('',#10609);
#11478 = OVER_RIDING_STYLED_ITEM('overriding color',(#11479),#7501,
  #10080);
#11479 = PRESENTATION_STYLE_ASSIGNMENT((#11480));
#11480 = SURFACE_STYLE_USAGE(.BOTH.,#11481);
#11481 = SURFACE_SIDE_STYLE('',(#11482));
#11482 = SURFACE_STYLE_FILL_AREA(#11483);
#11483 = FILL_AREA_STYLE('',(#11484));
#11484 = FILL_AREA_STYLE_COLOUR('',#10609);
#11485 = OVER_RIDING_STYLED_ITEM('overriding color',(#11486),#7530,
  #10080);
#11486 = PRESENTATION_STYLE_ASSIGNMENT((#11487));
#11487 = SURFACE_STYLE_USAGE(.BOTH.,#11488);
#11488 = SURFACE_SIDE_STYLE('',(#11489));
#11489 = SURFACE_STYLE_FILL_AREA(#11490);
#11490 = FILL_AREA_STYLE('',(#11491));
#11491 = FILL_AREA_STYLE_COLOUR('',#10609);
#11492 = OVER_RIDING_STYLED_ITEM('overriding color',(#11493),#7558,
  #10080);
#11493 = PRESENTATION_STYLE_ASSIGNMENT((#11494));
#11494 = SURFACE_STYLE_USAGE(.BOTH.,#11495);
#11495 = SURFACE_SIDE_STYLE('',(#11496));
#11496 = SURFACE_STYLE_FILL_AREA(#11497);
#11497 = FILL_AREA_STYLE('',(#11498));
#11498 = FILL_AREA_STYLE_COLOUR('',#10609);
#11499 = OVER_RIDING_STYLED_ITEM('overriding color',(#11500),#7580,
  #10080);
#11500 = PRESENTATION_STYLE_ASSIGNMENT((#11501));
#11501 = SURFACE_STYLE_USAGE(.BOTH.,#11502);
#11502 = SURFACE_SIDE_STYLE('',(#11503));
#11503 = SURFACE_STYLE_FILL_AREA(#11504);
#11504 = FILL_AREA_STYLE('',(#11505));
#11505 = FILL_AREA_STYLE_COLOUR('',#10609);
#11506 = OVER_RIDING_STYLED_ITEM('overriding color',(#11507),#7608,
  #10080);
#11507 = PRESENTATION_STYLE_ASSIGNMENT((#11508));
#11508 = SURFACE_STYLE_USAGE(.BOTH.,#11509);
#11509 = SURFACE_SIDE_STYLE('',(#11510));
#11510 = SURFACE_STYLE_FILL_AREA(#11511);
#11511 = FILL_AREA_STYLE('',(#11512));
#11512 = FILL_AREA_STYLE_COLOUR('',#10609);
#11513 = OVER_RIDING_STYLED_ITEM('overriding color',(#11514),#7630,
  #10080);
#11514 = PRESENTATION_STYLE_ASSIGNMENT((#11515));
#11515 = SURFACE_STYLE_USAGE(.BOTH.,#11516);
#11516 = SURFACE_SIDE_STYLE('',(#11517));
#11517 = SURFACE_STYLE_FILL_AREA(#11518);
#11518 = FILL_AREA_STYLE('',(#11519));
#11519 = FILL_AREA_STYLE_COLOUR('',#10609);
#11520 = OVER_RIDING_STYLED_ITEM('overriding color',(#11521),#7652,
  #10080);
#11521 = PRESENTATION_STYLE_ASSIGNMENT((#11522));
#11522 = SURFACE_STYLE_USAGE(.BOTH.,#11523);
#11523 = SURFACE_SIDE_STYLE('',(#11524));
#11524 = SURFACE_STYLE_FILL_AREA(#11525);
#11525 = FILL_AREA_STYLE('',(#11526));
#11526 = FILL_AREA_STYLE_COLOUR('',#10609);
#11527 = OVER_RIDING_STYLED_ITEM('overriding color',(#11528),#7674,
  #10080);
#11528 = PRESENTATION_STYLE_ASSIGNMENT((#11529));
#11529 = SURFACE_STYLE_USAGE(.BOTH.,#11530);
#11530 = SURFACE_SIDE_STYLE('',(#11531));
#11531 = SURFACE_STYLE_FILL_AREA(#11532);
#11532 = FILL_AREA_STYLE('',(#11533));
#11533 = FILL_AREA_STYLE_COLOUR('',#10609);
#11534 = OVER_RIDING_STYLED_ITEM('overriding color',(#11535),#7696,
  #10080);
#11535 = PRESENTATION_STYLE_ASSIGNMENT((#11536));
#11536 = SURFACE_STYLE_USAGE(.BOTH.,#11537);
#11537 = SURFACE_SIDE_STYLE('',(#11538));
#11538 = SURFACE_STYLE_FILL_AREA(#11539);
#11539 = FILL_AREA_STYLE('',(#11540));
#11540 = FILL_AREA_STYLE_COLOUR('',#10609);
#11541 = OVER_RIDING_STYLED_ITEM('overriding color',(#11542),#7718,
  #10080);
#11542 = PRESENTATION_STYLE_ASSIGNMENT((#11543));
#11543 = SURFACE_STYLE_USAGE(.BOTH.,#11544);
#11544 = SURFACE_SIDE_STYLE('',(#11545));
#11545 = SURFACE_STYLE_FILL_AREA(#11546);
#11546 = FILL_AREA_STYLE('',(#11547));
#11547 = FILL_AREA_STYLE_COLOUR('',#10609);
#11548 = OVER_RIDING_STYLED_ITEM('overriding color',(#11549),#7740,
  #10080);
#11549 = PRESENTATION_STYLE_ASSIGNMENT((#11550));
#11550 = SURFACE_STYLE_USAGE(.BOTH.,#11551);
#11551 = SURFACE_SIDE_STYLE('',(#11552));
#11552 = SURFACE_STYLE_FILL_AREA(#11553);
#11553 = FILL_AREA_STYLE('',(#11554));
#11554 = FILL_AREA_STYLE_COLOUR('',#10609);
#11555 = OVER_RIDING_STYLED_ITEM('overriding color',(#11556),#7768,
  #10080);
#11556 = PRESENTATION_STYLE_ASSIGNMENT((#11557));
#11557 = SURFACE_STYLE_USAGE(.BOTH.,#11558);
#11558 = SURFACE_SIDE_STYLE('',(#11559));
#11559 = SURFACE_STYLE_FILL_AREA(#11560);
#11560 = FILL_AREA_STYLE('',(#11561));
#11561 = FILL_AREA_STYLE_COLOUR('',#10609);
#11562 = OVER_RIDING_STYLED_ITEM('overriding color',(#11563),#7796,
  #10080);
#11563 = PRESENTATION_STYLE_ASSIGNMENT((#11564));
#11564 = SURFACE_STYLE_USAGE(.BOTH.,#11565);
#11565 = SURFACE_SIDE_STYLE('',(#11566));
#11566 = SURFACE_STYLE_FILL_AREA(#11567);
#11567 = FILL_AREA_STYLE('',(#11568));
#11568 = FILL_AREA_STYLE_COLOUR('',#10609);
#11569 = OVER_RIDING_STYLED_ITEM('overriding color',(#11570),#7818,
  #10080);
#11570 = PRESENTATION_STYLE_ASSIGNMENT((#11571));
#11571 = SURFACE_STYLE_USAGE(.BOTH.,#11572);
#11572 = SURFACE_SIDE_STYLE('',(#11573));
#11573 = SURFACE_STYLE_FILL_AREA(#11574);
#11574 = FILL_AREA_STYLE('',(#11575));
#11575 = FILL_AREA_STYLE_COLOUR('',#10609);
#11576 = OVER_RIDING_STYLED_ITEM('overriding color',(#11577),#7846,
  #10080);
#11577 = PRESENTATION_STYLE_ASSIGNMENT((#11578));
#11578 = SURFACE_STYLE_USAGE(.BOTH.,#11579);
#11579 = SURFACE_SIDE_STYLE('',(#11580));
#11580 = SURFACE_STYLE_FILL_AREA(#11581);
#11581 = FILL_AREA_STYLE('',(#11582));
#11582 = FILL_AREA_STYLE_COLOUR('',#10609);
#11583 = OVER_RIDING_STYLED_ITEM('overriding color',(#11584),#7874,
  #10080);
#11584 = PRESENTATION_STYLE_ASSIGNMENT((#11585));
#11585 = SURFACE_STYLE_USAGE(.BOTH.,#11586);
#11586 = SURFACE_SIDE_STYLE('',(#11587));
#11587 = SURFACE_STYLE_FILL_AREA(#11588);
#11588 = FILL_AREA_STYLE('',(#11589));
#11589 = FILL_AREA_STYLE_COLOUR('',#10609);
#11590 = OVER_RIDING_STYLED_ITEM('overriding color',(#11591),#7890,
  #10080);
#11591 = PRESENTATION_STYLE_ASSIGNMENT((#11592));
#11592 = SURFACE_STYLE_USAGE(.BOTH.,#11593);
#11593 = SURFACE_SIDE_STYLE('',(#11594));
#11594 = SURFACE_STYLE_FILL_AREA(#11595);
#11595 = FILL_AREA_STYLE('',(#11596));
#11596 = FILL_AREA_STYLE_COLOUR('',#10609);
#11597 = OVER_RIDING_STYLED_ITEM('overriding color',(#11598),#7913,
  #10080);
#11598 = PRESENTATION_STYLE_ASSIGNMENT((#11599));
#11599 = SURFACE_STYLE_USAGE(.BOTH.,#11600);
#11600 = SURFACE_SIDE_STYLE('',(#11601));
#11601 = SURFACE_STYLE_FILL_AREA(#11602);
#11602 = FILL_AREA_STYLE('',(#11603));
#11603 = FILL_AREA_STYLE_COLOUR('',#10609);
#11604 = OVER_RIDING_STYLED_ITEM('overriding color',(#11605),#7941,
  #10080);
#11605 = PRESENTATION_STYLE_ASSIGNMENT((#11606));
#11606 = SURFACE_STYLE_USAGE(.BOTH.,#11607);
#11607 = SURFACE_SIDE_STYLE('',(#11608));
#11608 = SURFACE_STYLE_FILL_AREA(#11609);
#11609 = FILL_AREA_STYLE('',(#11610));
#11610 = FILL_AREA_STYLE_COLOUR('',#10609);
#11611 = OVER_RIDING_STYLED_ITEM('overriding color',(#11612),#7963,
  #10080);
#11612 = PRESENTATION_STYLE_ASSIGNMENT((#11613));
#11613 = SURFACE_STYLE_USAGE(.BOTH.,#11614);
#11614 = SURFACE_SIDE_STYLE('',(#11615));
#11615 = SURFACE_STYLE_FILL_AREA(#11616);
#11616 = FILL_AREA_STYLE('',(#11617));
#11617 = FILL_AREA_STYLE_COLOUR('',#10609);
#11618 = OVER_RIDING_STYLED_ITEM('overriding color',(#11619),#7985,
  #10080);
#11619 = PRESENTATION_STYLE_ASSIGNMENT((#11620));
#11620 = SURFACE_STYLE_USAGE(.BOTH.,#11621);
#11621 = SURFACE_SIDE_STYLE('',(#11622));
#11622 = SURFACE_STYLE_FILL_AREA(#11623);
#11623 = FILL_AREA_STYLE('',(#11624));
#11624 = FILL_AREA_STYLE_COLOUR('',#10609);
#11625 = OVER_RIDING_STYLED_ITEM('overriding color',(#11626),#8007,
  #10080);
#11626 = PRESENTATION_STYLE_ASSIGNMENT((#11627));
#11627 = SURFACE_STYLE_USAGE(.BOTH.,#11628);
#11628 = SURFACE_SIDE_STYLE('',(#11629));
#11629 = SURFACE_STYLE_FILL_AREA(#11630);
#11630 = FILL_AREA_STYLE('',(#11631));
#11631 = FILL_AREA_STYLE_COLOUR('',#10609);
#11632 = OVER_RIDING_STYLED_ITEM('overriding color',(#11633),#8029,
  #10080);
#11633 = PRESENTATION_STYLE_ASSIGNMENT((#11634));
#11634 = SURFACE_STYLE_USAGE(.BOTH.,#11635);
#11635 = SURFACE_SIDE_STYLE('',(#11636));
#11636 = SURFACE_STYLE_FILL_AREA(#11637);
#11637 = FILL_AREA_STYLE('',(#11638));
#11638 = FILL_AREA_STYLE_COLOUR('',#10609);
#11639 = OVER_RIDING_STYLED_ITEM('overriding color',(#11640),#8051,
  #10080);
#11640 = PRESENTATION_STYLE_ASSIGNMENT((#11641));
#11641 = SURFACE_STYLE_USAGE(.BOTH.,#11642);
#11642 = SURFACE_SIDE_STYLE('',(#11643));
#11643 = SURFACE_STYLE_FILL_AREA(#11644);
#11644 = FILL_AREA_STYLE('',(#11645));
#11645 = FILL_AREA_STYLE_COLOUR('',#10609);
#11646 = OVER_RIDING_STYLED_ITEM('overriding color',(#11647),#8073,
  #10080);
#11647 = PRESENTATION_STYLE_ASSIGNMENT((#11648));
#11648 = SURFACE_STYLE_USAGE(.BOTH.,#11649);
#11649 = SURFACE_SIDE_STYLE('',(#11650));
#11650 = SURFACE_STYLE_FILL_AREA(#11651);
#11651 = FILL_AREA_STYLE('',(#11652));
#11652 = FILL_AREA_STYLE_COLOUR('',#10609);
#11653 = OVER_RIDING_STYLED_ITEM('overriding color',(#11654),#8095,
  #10080);
#11654 = PRESENTATION_STYLE_ASSIGNMENT((#11655));
#11655 = SURFACE_STYLE_USAGE(.BOTH.,#11656);
#11656 = SURFACE_SIDE_STYLE('',(#11657));
#11657 = SURFACE_STYLE_FILL_AREA(#11658);
#11658 = FILL_AREA_STYLE('',(#11659));
#11659 = FILL_AREA_STYLE_COLOUR('',#10609);
#11660 = OVER_RIDING_STYLED_ITEM('overriding color',(#11661),#8117,
  #10080);
#11661 = PRESENTATION_STYLE_ASSIGNMENT((#11662));
#11662 = SURFACE_STYLE_USAGE(.BOTH.,#11663);
#11663 = SURFACE_SIDE_STYLE('',(#11664));
#11664 = SURFACE_STYLE_FILL_AREA(#11665);
#11665 = FILL_AREA_STYLE('',(#11666));
#11666 = FILL_AREA_STYLE_COLOUR('',#10609);
#11667 = OVER_RIDING_STYLED_ITEM('overriding color',(#11668),#8139,
  #10080);
#11668 = PRESENTATION_STYLE_ASSIGNMENT((#11669));
#11669 = SURFACE_STYLE_USAGE(.BOTH.,#11670);
#11670 = SURFACE_SIDE_STYLE('',(#11671));
#11671 = SURFACE_STYLE_FILL_AREA(#11672);
#11672 = FILL_AREA_STYLE('',(#11673));
#11673 = FILL_AREA_STYLE_COLOUR('',#10609);
#11674 = OVER_RIDING_STYLED_ITEM('overriding color',(#11675),#8161,
  #10080);
#11675 = PRESENTATION_STYLE_ASSIGNMENT((#11676));
#11676 = SURFACE_STYLE_USAGE(.BOTH.,#11677);
#11677 = SURFACE_SIDE_STYLE('',(#11678));
#11678 = SURFACE_STYLE_FILL_AREA(#11679);
#11679 = FILL_AREA_STYLE('',(#11680));
#11680 = FILL_AREA_STYLE_COLOUR('',#10609);
#11681 = OVER_RIDING_STYLED_ITEM('overriding color',(#11682),#8177,
  #10080);
#11682 = PRESENTATION_STYLE_ASSIGNMENT((#11683));
#11683 = SURFACE_STYLE_USAGE(.BOTH.,#11684);
#11684 = SURFACE_SIDE_STYLE('',(#11685));
#11685 = SURFACE_STYLE_FILL_AREA(#11686);
#11686 = FILL_AREA_STYLE('',(#11687));
#11687 = FILL_AREA_STYLE_COLOUR('',#10609);
#11688 = OVER_RIDING_STYLED_ITEM('overriding color',(#11689),#8197,
  #10080);
#11689 = PRESENTATION_STYLE_ASSIGNMENT((#11690));
#11690 = SURFACE_STYLE_USAGE(.BOTH.,#11691);
#11691 = SURFACE_SIDE_STYLE('',(#11692));
#11692 = SURFACE_STYLE_FILL_AREA(#11693);
#11693 = FILL_AREA_STYLE('',(#11694));
#11694 = FILL_AREA_STYLE_COLOUR('',#10609);
#11695 = OVER_RIDING_STYLED_ITEM('overriding color',(#11696),#8321,
  #10080);
#11696 = PRESENTATION_STYLE_ASSIGNMENT((#11697));
#11697 = SURFACE_STYLE_USAGE(.BOTH.,#11698);
#11698 = SURFACE_SIDE_STYLE('',(#11699));
#11699 = SURFACE_STYLE_FILL_AREA(#11700);
#11700 = FILL_AREA_STYLE('',(#11701));
#11701 = FILL_AREA_STYLE_COLOUR('',#10609);
#11702 = OVER_RIDING_STYLED_ITEM('overriding color',(#11703),#8341,
  #10080);
#11703 = PRESENTATION_STYLE_ASSIGNMENT((#11704));
#11704 = SURFACE_STYLE_USAGE(.BOTH.,#11705);
#11705 = SURFACE_SIDE_STYLE('',(#11706));
#11706 = SURFACE_STYLE_FILL_AREA(#11707);
#11707 = FILL_AREA_STYLE('',(#11708));
#11708 = FILL_AREA_STYLE_COLOUR('',#10609);
#11709 = OVER_RIDING_STYLED_ITEM('overriding color',(#11710),#8361,
  #10080);
#11710 = PRESENTATION_STYLE_ASSIGNMENT((#11711));
#11711 = SURFACE_STYLE_USAGE(.BOTH.,#11712);
#11712 = SURFACE_SIDE_STYLE('',(#11713));
#11713 = SURFACE_STYLE_FILL_AREA(#11714);
#11714 = FILL_AREA_STYLE('',(#11715));
#11715 = FILL_AREA_STYLE_COLOUR('',#10609);
#11716 = OVER_RIDING_STYLED_ITEM('overriding color',(#11717),#8381,
  #10080);
#11717 = PRESENTATION_STYLE_ASSIGNMENT((#11718));
#11718 = SURFACE_STYLE_USAGE(.BOTH.,#11719);
#11719 = SURFACE_SIDE_STYLE('',(#11720));
#11720 = SURFACE_STYLE_FILL_AREA(#11721);
#11721 = FILL_AREA_STYLE('',(#11722));
#11722 = FILL_AREA_STYLE_COLOUR('',#10609);
#11723 = OVER_RIDING_STYLED_ITEM('overriding color',(#11724),#8401,
  #10080);
#11724 = PRESENTATION_STYLE_ASSIGNMENT((#11725));
#11725 = SURFACE_STYLE_USAGE(.BOTH.,#11726);
#11726 = SURFACE_SIDE_STYLE('',(#11727));
#11727 = SURFACE_STYLE_FILL_AREA(#11728);
#11728 = FILL_AREA_STYLE('',(#11729));
#11729 = FILL_AREA_STYLE_COLOUR('',#10609);
#11730 = OVER_RIDING_STYLED_ITEM('overriding color',(#11731),#8421,
  #10080);
#11731 = PRESENTATION_STYLE_ASSIGNMENT((#11732));
#11732 = SURFACE_STYLE_USAGE(.BOTH.,#11733);
#11733 = SURFACE_SIDE_STYLE('',(#11734));
#11734 = SURFACE_STYLE_FILL_AREA(#11735);
#11735 = FILL_AREA_STYLE('',(#11736));
#11736 = FILL_AREA_STYLE_COLOUR('',#10609);
#11737 = OVER_RIDING_STYLED_ITEM('overriding color',(#11738),#8437,
  #10080);
#11738 = PRESENTATION_STYLE_ASSIGNMENT((#11739));
#11739 = SURFACE_STYLE_USAGE(.BOTH.,#11740);
#11740 = SURFACE_SIDE_STYLE('',(#11741));
#11741 = SURFACE_STYLE_FILL_AREA(#11742);
#11742 = FILL_AREA_STYLE('',(#11743));
#11743 = FILL_AREA_STYLE_COLOUR('',#10609);
#11744 = OVER_RIDING_STYLED_ITEM('overriding color',(#11745),#8449,
  #10080);
#11745 = PRESENTATION_STYLE_ASSIGNMENT((#11746));
#11746 = SURFACE_STYLE_USAGE(.BOTH.,#11747);
#11747 = SURFACE_SIDE_STYLE('',(#11748));
#11748 = SURFACE_STYLE_FILL_AREA(#11749);
#11749 = FILL_AREA_STYLE('',(#11750));
#11750 = FILL_AREA_STYLE_COLOUR('',#10609);
#11751 = OVER_RIDING_STYLED_ITEM('overriding color',(#11752),#8477,
  #10080);
#11752 = PRESENTATION_STYLE_ASSIGNMENT((#11753));
#11753 = SURFACE_STYLE_USAGE(.BOTH.,#11754);
#11754 = SURFACE_SIDE_STYLE('',(#11755));
#11755 = SURFACE_STYLE_FILL_AREA(#11756);
#11756 = FILL_AREA_STYLE('',(#11757));
#11757 = FILL_AREA_STYLE_COLOUR('',#10609);
#11758 = OVER_RIDING_STYLED_ITEM('overriding color',(#11759),#8499,
  #10080);
#11759 = PRESENTATION_STYLE_ASSIGNMENT((#11760));
#11760 = SURFACE_STYLE_USAGE(.BOTH.,#11761);
#11761 = SURFACE_SIDE_STYLE('',(#11762));
#11762 = SURFACE_STYLE_FILL_AREA(#11763);
#11763 = FILL_AREA_STYLE('',(#11764));
#11764 = FILL_AREA_STYLE_COLOUR('',#10609);
#11765 = OVER_RIDING_STYLED_ITEM('overriding color',(#11766),#8521,
  #10080);
#11766 = PRESENTATION_STYLE_ASSIGNMENT((#11767));
#11767 = SURFACE_STYLE_USAGE(.BOTH.,#11768);
#11768 = SURFACE_SIDE_STYLE('',(#11769));
#11769 = SURFACE_STYLE_FILL_AREA(#11770);
#11770 = FILL_AREA_STYLE('',(#11771));
#11771 = FILL_AREA_STYLE_COLOUR('',#10609);
#11772 = OVER_RIDING_STYLED_ITEM('overriding color',(#11773),#8549,
  #10080);
#11773 = PRESENTATION_STYLE_ASSIGNMENT((#11774));
#11774 = SURFACE_STYLE_USAGE(.BOTH.,#11775);
#11775 = SURFACE_SIDE_STYLE('',(#11776));
#11776 = SURFACE_STYLE_FILL_AREA(#11777);
#11777 = FILL_AREA_STYLE('',(#11778));
#11778 = FILL_AREA_STYLE_COLOUR('',#10609);
#11779 = OVER_RIDING_STYLED_ITEM('overriding color',(#11780),#8577,
  #10080);
#11780 = PRESENTATION_STYLE_ASSIGNMENT((#11781));
#11781 = SURFACE_STYLE_USAGE(.BOTH.,#11782);
#11782 = SURFACE_SIDE_STYLE('',(#11783));
#11783 = SURFACE_STYLE_FILL_AREA(#11784);
#11784 = FILL_AREA_STYLE('',(#11785));
#11785 = FILL_AREA_STYLE_COLOUR('',#10609);
#11786 = OVER_RIDING_STYLED_ITEM('overriding color',(#11787),#8605,
  #10080);
#11787 = PRESENTATION_STYLE_ASSIGNMENT((#11788));
#11788 = SURFACE_STYLE_USAGE(.BOTH.,#11789);
#11789 = SURFACE_SIDE_STYLE('',(#11790));
#11790 = SURFACE_STYLE_FILL_AREA(#11791);
#11791 = FILL_AREA_STYLE('',(#11792));
#11792 = FILL_AREA_STYLE_COLOUR('',#10609);
#11793 = OVER_RIDING_STYLED_ITEM('overriding color',(#11794),#8627,
  #10080);
#11794 = PRESENTATION_STYLE_ASSIGNMENT((#11795));
#11795 = SURFACE_STYLE_USAGE(.BOTH.,#11796);
#11796 = SURFACE_SIDE_STYLE('',(#11797));
#11797 = SURFACE_STYLE_FILL_AREA(#11798);
#11798 = FILL_AREA_STYLE('',(#11799));
#11799 = FILL_AREA_STYLE_COLOUR('',#10097);
#11800 = OVER_RIDING_STYLED_ITEM('overriding color',(#11801),#8642,
  #10080);
#11801 = PRESENTATION_STYLE_ASSIGNMENT((#11802));
#11802 = SURFACE_STYLE_USAGE(.BOTH.,#11803);
#11803 = SURFACE_SIDE_STYLE('',(#11804));
#11804 = SURFACE_STYLE_FILL_AREA(#11805);
#11805 = FILL_AREA_STYLE('',(#11806));
#11806 = FILL_AREA_STYLE_COLOUR('',#10609);
#11807 = OVER_RIDING_STYLED_ITEM('overriding color',(#11808),#8754,
  #10080);
#11808 = PRESENTATION_STYLE_ASSIGNMENT((#11809));
#11809 = SURFACE_STYLE_USAGE(.BOTH.,#11810);
#11810 = SURFACE_SIDE_STYLE('',(#11811));
#11811 = SURFACE_STYLE_FILL_AREA(#11812);
#11812 = FILL_AREA_STYLE('',(#11813));
#11813 = FILL_AREA_STYLE_COLOUR('',#10609);
#11814 = OVER_RIDING_STYLED_ITEM('overriding color',(#11815),#8774,
  #10080);
#11815 = PRESENTATION_STYLE_ASSIGNMENT((#11816));
#11816 = SURFACE_STYLE_USAGE(.BOTH.,#11817);
#11817 = SURFACE_SIDE_STYLE('',(#11818));
#11818 = SURFACE_STYLE_FILL_AREA(#11819);
#11819 = FILL_AREA_STYLE('',(#11820));
#11820 = FILL_AREA_STYLE_COLOUR('',#10609);
#11821 = OVER_RIDING_STYLED_ITEM('overriding color',(#11822),#8790,
  #10080);
#11822 = PRESENTATION_STYLE_ASSIGNMENT((#11823));
#11823 = SURFACE_STYLE_USAGE(.BOTH.,#11824);
#11824 = SURFACE_SIDE_STYLE('',(#11825));
#11825 = SURFACE_STYLE_FILL_AREA(#11826);
#11826 = FILL_AREA_STYLE('',(#11827));
#11827 = FILL_AREA_STYLE_COLOUR('',#10609);
#11828 = OVER_RIDING_STYLED_ITEM('overriding color',(#11829),#8806,
  #10080);
#11829 = PRESENTATION_STYLE_ASSIGNMENT((#11830));
#11830 = SURFACE_STYLE_USAGE(.BOTH.,#11831);
#11831 = SURFACE_SIDE_STYLE('',(#11832));
#11832 = SURFACE_STYLE_FILL_AREA(#11833);
#11833 = FILL_AREA_STYLE('',(#11834));
#11834 = FILL_AREA_STYLE_COLOUR('',#10609);
#11835 = OVER_RIDING_STYLED_ITEM('overriding color',(#11836),#8822,
  #10080);
#11836 = PRESENTATION_STYLE_ASSIGNMENT((#11837));
#11837 = SURFACE_STYLE_USAGE(.BOTH.,#11838);
#11838 = SURFACE_SIDE_STYLE('',(#11839));
#11839 = SURFACE_STYLE_FILL_AREA(#11840);
#11840 = FILL_AREA_STYLE('',(#11841));
#11841 = FILL_AREA_STYLE_COLOUR('',#10609);
#11842 = OVER_RIDING_STYLED_ITEM('overriding color',(#11843),#8838,
  #10080);
#11843 = PRESENTATION_STYLE_ASSIGNMENT((#11844));
#11844 = SURFACE_STYLE_USAGE(.BOTH.,#11845);
#11845 = SURFACE_SIDE_STYLE('',(#11846));
#11846 = SURFACE_STYLE_FILL_AREA(#11847);
#11847 = FILL_AREA_STYLE('',(#11848));
#11848 = FILL_AREA_STYLE_COLOUR('',#10609);
#11849 = OVER_RIDING_STYLED_ITEM('overriding color',(#11850),#8854,
  #10080);
#11850 = PRESENTATION_STYLE_ASSIGNMENT((#11851));
#11851 = SURFACE_STYLE_USAGE(.BOTH.,#11852);
#11852 = SURFACE_SIDE_STYLE('',(#11853));
#11853 = SURFACE_STYLE_FILL_AREA(#11854);
#11854 = FILL_AREA_STYLE('',(#11855));
#11855 = FILL_AREA_STYLE_COLOUR('',#10609);
#11856 = OVER_RIDING_STYLED_ITEM('overriding color',(#11857),#8870,
  #10080);
#11857 = PRESENTATION_STYLE_ASSIGNMENT((#11858));
#11858 = SURFACE_STYLE_USAGE(.BOTH.,#11859);
#11859 = SURFACE_SIDE_STYLE('',(#11860));
#11860 = SURFACE_STYLE_FILL_AREA(#11861);
#11861 = FILL_AREA_STYLE('',(#11862));
#11862 = FILL_AREA_STYLE_COLOUR('',#10609);
#11863 = OVER_RIDING_STYLED_ITEM('overriding color',(#11864),#8882,
  #10080);
#11864 = PRESENTATION_STYLE_ASSIGNMENT((#11865));
#11865 = SURFACE_STYLE_USAGE(.BOTH.,#11866);
#11866 = SURFACE_SIDE_STYLE('',(#11867));
#11867 = SURFACE_STYLE_FILL_AREA(#11868);
#11868 = FILL_AREA_STYLE('',(#11869));
#11869 = FILL_AREA_STYLE_COLOUR('',#10609);
#11870 = OVER_RIDING_STYLED_ITEM('overriding color',(#11871),#8910,
  #10080);
#11871 = PRESENTATION_STYLE_ASSIGNMENT((#11872));
#11872 = SURFACE_STYLE_USAGE(.BOTH.,#11873);
#11873 = SURFACE_SIDE_STYLE('',(#11874));
#11874 = SURFACE_STYLE_FILL_AREA(#11875);
#11875 = FILL_AREA_STYLE('',(#11876));
#11876 = FILL_AREA_STYLE_COLOUR('',#10609);
#11877 = OVER_RIDING_STYLED_ITEM('overriding color',(#11878),#8932,
  #10080);
#11878 = PRESENTATION_STYLE_ASSIGNMENT((#11879));
#11879 = SURFACE_STYLE_USAGE(.BOTH.,#11880);
#11880 = SURFACE_SIDE_STYLE('',(#11881));
#11881 = SURFACE_STYLE_FILL_AREA(#11882);
#11882 = FILL_AREA_STYLE('',(#11883));
#11883 = FILL_AREA_STYLE_COLOUR('',#10609);
#11884 = OVER_RIDING_STYLED_ITEM('overriding color',(#11885),#8960,
  #10080);
#11885 = PRESENTATION_STYLE_ASSIGNMENT((#11886));
#11886 = SURFACE_STYLE_USAGE(.BOTH.,#11887);
#11887 = SURFACE_SIDE_STYLE('',(#11888));
#11888 = SURFACE_STYLE_FILL_AREA(#11889);
#11889 = FILL_AREA_STYLE('',(#11890));
#11890 = FILL_AREA_STYLE_COLOUR('',#10609);
#11891 = OVER_RIDING_STYLED_ITEM('overriding color',(#11892),#8982,
  #10080);
#11892 = PRESENTATION_STYLE_ASSIGNMENT((#11893));
#11893 = SURFACE_STYLE_USAGE(.BOTH.,#11894);
#11894 = SURFACE_SIDE_STYLE('',(#11895));
#11895 = SURFACE_STYLE_FILL_AREA(#11896);
#11896 = FILL_AREA_STYLE('',(#11897));
#11897 = FILL_AREA_STYLE_COLOUR('',#10609);
#11898 = OVER_RIDING_STYLED_ITEM('overriding color',(#11899),#9010,
  #10080);
#11899 = PRESENTATION_STYLE_ASSIGNMENT((#11900));
#11900 = SURFACE_STYLE_USAGE(.BOTH.,#11901);
#11901 = SURFACE_SIDE_STYLE('',(#11902));
#11902 = SURFACE_STYLE_FILL_AREA(#11903);
#11903 = FILL_AREA_STYLE('',(#11904));
#11904 = FILL_AREA_STYLE_COLOUR('',#10609);
#11905 = OVER_RIDING_STYLED_ITEM('overriding color',(#11906),#9026,
  #10080);
#11906 = PRESENTATION_STYLE_ASSIGNMENT((#11907));
#11907 = SURFACE_STYLE_USAGE(.BOTH.,#11908);
#11908 = SURFACE_SIDE_STYLE('',(#11909));
#11909 = SURFACE_STYLE_FILL_AREA(#11910);
#11910 = FILL_AREA_STYLE('',(#11911));
#11911 = FILL_AREA_STYLE_COLOUR('',#10097);
#11912 = OVER_RIDING_STYLED_ITEM('overriding color',(#11913),#9040,
  #10080);
#11913 = PRESENTATION_STYLE_ASSIGNMENT((#11914));
#11914 = SURFACE_STYLE_USAGE(.BOTH.,#11915);
#11915 = SURFACE_SIDE_STYLE('',(#11916));
#11916 = SURFACE_STYLE_FILL_AREA(#11917);
#11917 = FILL_AREA_STYLE('',(#11918));
#11918 = FILL_AREA_STYLE_COLOUR('',#10609);
#11919 = OVER_RIDING_STYLED_ITEM('overriding color',(#11920),#9360,
  #10080);
#11920 = PRESENTATION_STYLE_ASSIGNMENT((#11921));
#11921 = SURFACE_STYLE_USAGE(.BOTH.,#11922);
#11922 = SURFACE_SIDE_STYLE('',(#11923));
#11923 = SURFACE_STYLE_FILL_AREA(#11924);
#11924 = FILL_AREA_STYLE('',(#11925));
#11925 = FILL_AREA_STYLE_COLOUR('',#10609);
#11926 = OVER_RIDING_STYLED_ITEM('overriding color',(#11927),#9384,
  #10080);
#11927 = PRESENTATION_STYLE_ASSIGNMENT((#11928));
#11928 = SURFACE_STYLE_USAGE(.BOTH.,#11929);
#11929 = SURFACE_SIDE_STYLE('',(#11930));
#11930 = SURFACE_STYLE_FILL_AREA(#11931);
#11931 = FILL_AREA_STYLE('',(#11932));
#11932 = FILL_AREA_STYLE_COLOUR('',#10609);
#11933 = OVER_RIDING_STYLED_ITEM('overriding color',(#11934),#9404,
  #10080);
#11934 = PRESENTATION_STYLE_ASSIGNMENT((#11935));
#11935 = SURFACE_STYLE_USAGE(.BOTH.,#11936);
#11936 = SURFACE_SIDE_STYLE('',(#11937));
#11937 = SURFACE_STYLE_FILL_AREA(#11938);
#11938 = FILL_AREA_STYLE('',(#11939));
#11939 = FILL_AREA_STYLE_COLOUR('',#10609);
#11940 = OVER_RIDING_STYLED_ITEM('overriding color',(#11941),#9424,
  #10080);
#11941 = PRESENTATION_STYLE_ASSIGNMENT((#11942));
#11942 = SURFACE_STYLE_USAGE(.BOTH.,#11943);
#11943 = SURFACE_SIDE_STYLE('',(#11944));
#11944 = SURFACE_STYLE_FILL_AREA(#11945);
#11945 = FILL_AREA_STYLE('',(#11946));
#11946 = FILL_AREA_STYLE_COLOUR('',#10609);
#11947 = OVER_RIDING_STYLED_ITEM('overriding color',(#11948),#9444,
  #10080);
#11948 = PRESENTATION_STYLE_ASSIGNMENT((#11949));
#11949 = SURFACE_STYLE_USAGE(.BOTH.,#11950);
#11950 = SURFACE_SIDE_STYLE('',(#11951));
#11951 = SURFACE_STYLE_FILL_AREA(#11952);
#11952 = FILL_AREA_STYLE('',(#11953));
#11953 = FILL_AREA_STYLE_COLOUR('',#10609);
#11954 = OVER_RIDING_STYLED_ITEM('overriding color',(#11955),#9464,
  #10080);
#11955 = PRESENTATION_STYLE_ASSIGNMENT((#11956));
#11956 = SURFACE_STYLE_USAGE(.BOTH.,#11957);
#11957 = SURFACE_SIDE_STYLE('',(#11958));
#11958 = SURFACE_STYLE_FILL_AREA(#11959);
#11959 = FILL_AREA_STYLE('',(#11960));
#11960 = FILL_AREA_STYLE_COLOUR('',#10609);
#11961 = OVER_RIDING_STYLED_ITEM('overriding color',(#11962),#9484,
  #10080);
#11962 = PRESENTATION_STYLE_ASSIGNMENT((#11963));
#11963 = SURFACE_STYLE_USAGE(.BOTH.,#11964);
#11964 = SURFACE_SIDE_STYLE('',(#11965));
#11965 = SURFACE_STYLE_FILL_AREA(#11966);
#11966 = FILL_AREA_STYLE('',(#11967));
#11967 = FILL_AREA_STYLE_COLOUR('',#10609);
#11968 = OVER_RIDING_STYLED_ITEM('overriding color',(#11969),#9504,
  #10080);
#11969 = PRESENTATION_STYLE_ASSIGNMENT((#11970));
#11970 = SURFACE_STYLE_USAGE(.BOTH.,#11971);
#11971 = SURFACE_SIDE_STYLE('',(#11972));
#11972 = SURFACE_STYLE_FILL_AREA(#11973);
#11973 = FILL_AREA_STYLE('',(#11974));
#11974 = FILL_AREA_STYLE_COLOUR('',#10609);
#11975 = OVER_RIDING_STYLED_ITEM('overriding color',(#11976),#9524,
  #10080);
#11976 = PRESENTATION_STYLE_ASSIGNMENT((#11977));
#11977 = SURFACE_STYLE_USAGE(.BOTH.,#11978);
#11978 = SURFACE_SIDE_STYLE('',(#11979));
#11979 = SURFACE_STYLE_FILL_AREA(#11980);
#11980 = FILL_AREA_STYLE('',(#11981));
#11981 = FILL_AREA_STYLE_COLOUR('',#10609);
#11982 = OVER_RIDING_STYLED_ITEM('overriding color',(#11983),#9544,
  #10080);
#11983 = PRESENTATION_STYLE_ASSIGNMENT((#11984));
#11984 = SURFACE_STYLE_USAGE(.BOTH.,#11985);
#11985 = SURFACE_SIDE_STYLE('',(#11986));
#11986 = SURFACE_STYLE_FILL_AREA(#11987);
#11987 = FILL_AREA_STYLE('',(#11988));
#11988 = FILL_AREA_STYLE_COLOUR('',#10609);
#11989 = OVER_RIDING_STYLED_ITEM('overriding color',(#11990),#9564,
  #10080);
#11990 = PRESENTATION_STYLE_ASSIGNMENT((#11991));
#11991 = SURFACE_STYLE_USAGE(.BOTH.,#11992);
#11992 = SURFACE_SIDE_STYLE('',(#11993));
#11993 = SURFACE_STYLE_FILL_AREA(#11994);
#11994 = FILL_AREA_STYLE('',(#11995));
#11995 = FILL_AREA_STYLE_COLOUR('',#10609);
#11996 = OVER_RIDING_STYLED_ITEM('overriding color',(#11997),#9584,
  #10080);
#11997 = PRESENTATION_STYLE_ASSIGNMENT((#11998));
#11998 = SURFACE_STYLE_USAGE(.BOTH.,#11999);
#11999 = SURFACE_SIDE_STYLE('',(#12000));
#12000 = SURFACE_STYLE_FILL_AREA(#12001);
#12001 = FILL_AREA_STYLE('',(#12002));
#12002 = FILL_AREA_STYLE_COLOUR('',#10609);
#12003 = OVER_RIDING_STYLED_ITEM('overriding color',(#12004),#9604,
  #10080);
#12004 = PRESENTATION_STYLE_ASSIGNMENT((#12005));
#12005 = SURFACE_STYLE_USAGE(.BOTH.,#12006);
#12006 = SURFACE_SIDE_STYLE('',(#12007));
#12007 = SURFACE_STYLE_FILL_AREA(#12008);
#12008 = FILL_AREA_STYLE('',(#12009));
#12009 = FILL_AREA_STYLE_COLOUR('',#10609);
#12010 = OVER_RIDING_STYLED_ITEM('overriding color',(#12011),#9620,
  #10080);
#12011 = PRESENTATION_STYLE_ASSIGNMENT((#12012));
#12012 = SURFACE_STYLE_USAGE(.BOTH.,#12013);
#12013 = SURFACE_SIDE_STYLE('',(#12014));
#12014 = SURFACE_STYLE_FILL_AREA(#12015);
#12015 = FILL_AREA_STYLE('',(#12016));
#12016 = FILL_AREA_STYLE_COLOUR('',#10609);
#12017 = OVER_RIDING_STYLED_ITEM('overriding color',(#12018),#9636,
  #10080);
#12018 = PRESENTATION_STYLE_ASSIGNMENT((#12019));
#12019 = SURFACE_STYLE_USAGE(.BOTH.,#12020);
#12020 = SURFACE_SIDE_STYLE('',(#12021));
#12021 = SURFACE_STYLE_FILL_AREA(#12022);
#12022 = FILL_AREA_STYLE('',(#12023));
#12023 = FILL_AREA_STYLE_COLOUR('',#10609);
#12024 = OVER_RIDING_STYLED_ITEM('overriding color',(#12025),#9652,
  #10080);
#12025 = PRESENTATION_STYLE_ASSIGNMENT((#12026));
#12026 = SURFACE_STYLE_USAGE(.BOTH.,#12027);
#12027 = SURFACE_SIDE_STYLE('',(#12028));
#12028 = SURFACE_STYLE_FILL_AREA(#12029);
#12029 = FILL_AREA_STYLE('',(#12030));
#12030 = FILL_AREA_STYLE_COLOUR('',#10609);
#12031 = OVER_RIDING_STYLED_ITEM('overriding color',(#12032),#9668,
  #10080);
#12032 = PRESENTATION_STYLE_ASSIGNMENT((#12033));
#12033 = SURFACE_STYLE_USAGE(.BOTH.,#12034);
#12034 = SURFACE_SIDE_STYLE('',(#12035));
#12035 = SURFACE_STYLE_FILL_AREA(#12036);
#12036 = FILL_AREA_STYLE('',(#12037));
#12037 = FILL_AREA_STYLE_COLOUR('',#10609);
#12038 = OVER_RIDING_STYLED_ITEM('overriding color',(#12039),#9688,
  #10080);
#12039 = PRESENTATION_STYLE_ASSIGNMENT((#12040));
#12040 = SURFACE_STYLE_USAGE(.BOTH.,#12041);
#12041 = SURFACE_SIDE_STYLE('',(#12042));
#12042 = SURFACE_STYLE_FILL_AREA(#12043);
#12043 = FILL_AREA_STYLE('',(#12044));
#12044 = FILL_AREA_STYLE_COLOUR('',#10609);
#12045 = OVER_RIDING_STYLED_ITEM('overriding color',(#12046),#9708,
  #10080);
#12046 = PRESENTATION_STYLE_ASSIGNMENT((#12047));
#12047 = SURFACE_STYLE_USAGE(.BOTH.,#12048);
#12048 = SURFACE_SIDE_STYLE('',(#12049));
#12049 = SURFACE_STYLE_FILL_AREA(#12050);
#12050 = FILL_AREA_STYLE('',(#12051));
#12051 = FILL_AREA_STYLE_COLOUR('',#10609);
#12052 = OVER_RIDING_STYLED_ITEM('overriding color',(#12053),#9728,
  #10080);
#12053 = PRESENTATION_STYLE_ASSIGNMENT((#12054));
#12054 = SURFACE_STYLE_USAGE(.BOTH.,#12055);
#12055 = SURFACE_SIDE_STYLE('',(#12056));
#12056 = SURFACE_STYLE_FILL_AREA(#12057);
#12057 = FILL_AREA_STYLE('',(#12058));
#12058 = FILL_AREA_STYLE_COLOUR('',#10609);
#12059 = OVER_RIDING_STYLED_ITEM('overriding color',(#12060),#9748,
  #10080);
#12060 = PRESENTATION_STYLE_ASSIGNMENT((#12061));
#12061 = SURFACE_STYLE_USAGE(.BOTH.,#12062);
#12062 = SURFACE_SIDE_STYLE('',(#12063));
#12063 = SURFACE_STYLE_FILL_AREA(#12064);
#12064 = FILL_AREA_STYLE('',(#12065));
#12065 = FILL_AREA_STYLE_COLOUR('',#10609);
#12066 = OVER_RIDING_STYLED_ITEM('overriding color',(#12067),#9768,
  #10080);
#12067 = PRESENTATION_STYLE_ASSIGNMENT((#12068));
#12068 = SURFACE_STYLE_USAGE(.BOTH.,#12069);
#12069 = SURFACE_SIDE_STYLE('',(#12070));
#12070 = SURFACE_STYLE_FILL_AREA(#12071);
#12071 = FILL_AREA_STYLE('',(#12072));
#12072 = FILL_AREA_STYLE_COLOUR('',#10609);
#12073 = OVER_RIDING_STYLED_ITEM('overriding color',(#12074),#9788,
  #10080);
#12074 = PRESENTATION_STYLE_ASSIGNMENT((#12075));
#12075 = SURFACE_STYLE_USAGE(.BOTH.,#12076);
#12076 = SURFACE_SIDE_STYLE('',(#12077));
#12077 = SURFACE_STYLE_FILL_AREA(#12078);
#12078 = FILL_AREA_STYLE('',(#12079));
#12079 = FILL_AREA_STYLE_COLOUR('',#10609);
#12080 = OVER_RIDING_STYLED_ITEM('overriding color',(#12081),#9808,
  #10080);
#12081 = PRESENTATION_STYLE_ASSIGNMENT((#12082));
#12082 = SURFACE_STYLE_USAGE(.BOTH.,#12083);
#12083 = SURFACE_SIDE_STYLE('',(#12084));
#12084 = SURFACE_STYLE_FILL_AREA(#12085);
#12085 = FILL_AREA_STYLE('',(#12086));
#12086 = FILL_AREA_STYLE_COLOUR('',#10609);
#12087 = OVER_RIDING_STYLED_ITEM('overriding color',(#12088),#9824,
  #10080);
#12088 = PRESENTATION_STYLE_ASSIGNMENT((#12089));
#12089 = SURFACE_STYLE_USAGE(.BOTH.,#12090);
#12090 = SURFACE_SIDE_STYLE('',(#12091));
#12091 = SURFACE_STYLE_FILL_AREA(#12092);
#12092 = FILL_AREA_STYLE('',(#12093));
#12093 = FILL_AREA_STYLE_COLOUR('',#10609);
#12094 = OVER_RIDING_STYLED_ITEM('overriding color',(#12095),#9844,
  #10080);
#12095 = PRESENTATION_STYLE_ASSIGNMENT((#12096));
#12096 = SURFACE_STYLE_USAGE(.BOTH.,#12097);
#12097 = SURFACE_SIDE_STYLE('',(#12098));
#12098 = SURFACE_STYLE_FILL_AREA(#12099);
#12099 = FILL_AREA_STYLE('',(#12100));
#12100 = FILL_AREA_STYLE_COLOUR('',#10609);
#12101 = OVER_RIDING_STYLED_ITEM('overriding color',(#12102),#9864,
  #10080);
#12102 = PRESENTATION_STYLE_ASSIGNMENT((#12103));
#12103 = SURFACE_STYLE_USAGE(.BOTH.,#12104);
#12104 = SURFACE_SIDE_STYLE('',(#12105));
#12105 = SURFACE_STYLE_FILL_AREA(#12106);
#12106 = FILL_AREA_STYLE('',(#12107));
#12107 = FILL_AREA_STYLE_COLOUR('',#10609);
#12108 = OVER_RIDING_STYLED_ITEM('overriding color',(#12109),#9880,
  #10080);
#12109 = PRESENTATION_STYLE_ASSIGNMENT((#12110));
#12110 = SURFACE_STYLE_USAGE(.BOTH.,#12111);
#12111 = SURFACE_SIDE_STYLE('',(#12112));
#12112 = SURFACE_STYLE_FILL_AREA(#12113);
#12113 = FILL_AREA_STYLE('',(#12114));
#12114 = FILL_AREA_STYLE_COLOUR('',#10609);
#12115 = OVER_RIDING_STYLED_ITEM('overriding color',(#12116),#9900,
  #10080);
#12116 = PRESENTATION_STYLE_ASSIGNMENT((#12117));
#12117 = SURFACE_STYLE_USAGE(.BOTH.,#12118);
#12118 = SURFACE_SIDE_STYLE('',(#12119));
#12119 = SURFACE_STYLE_FILL_AREA(#12120);
#12120 = FILL_AREA_STYLE('',(#12121));
#12121 = FILL_AREA_STYLE_COLOUR('',#10609);
#12122 = OVER_RIDING_STYLED_ITEM('overriding color',(#12123),#9920,
  #10080);
#12123 = PRESENTATION_STYLE_ASSIGNMENT((#12124));
#12124 = SURFACE_STYLE_USAGE(.BOTH.,#12125);
#12125 = SURFACE_SIDE_STYLE('',(#12126));
#12126 = SURFACE_STYLE_FILL_AREA(#12127);
#12127 = FILL_AREA_STYLE('',(#12128));
#12128 = FILL_AREA_STYLE_COLOUR('',#10609);
#12129 = OVER_RIDING_STYLED_ITEM('overriding color',(#12130),#9940,
  #10080);
#12130 = PRESENTATION_STYLE_ASSIGNMENT((#12131));
#12131 = SURFACE_STYLE_USAGE(.BOTH.,#12132);
#12132 = SURFACE_SIDE_STYLE('',(#12133));
#12133 = SURFACE_STYLE_FILL_AREA(#12134);
#12134 = FILL_AREA_STYLE('',(#12135));
#12135 = FILL_AREA_STYLE_COLOUR('',#10609);
#12136 = OVER_RIDING_STYLED_ITEM('overriding color',(#12137),#9956,
  #10080);
#12137 = PRESENTATION_STYLE_ASSIGNMENT((#12138));
#12138 = SURFACE_STYLE_USAGE(.BOTH.,#12139);
#12139 = SURFACE_SIDE_STYLE('',(#12140));
#12140 = SURFACE_STYLE_FILL_AREA(#12141);
#12141 = FILL_AREA_STYLE('',(#12142));
#12142 = FILL_AREA_STYLE_COLOUR('',#10609);
#12143 = OVER_RIDING_STYLED_ITEM('overriding color',(#12144),#9976,
  #10080);
#12144 = PRESENTATION_STYLE_ASSIGNMENT((#12145));
#12145 = SURFACE_STYLE_USAGE(.BOTH.,#12146);
#12146 = SURFACE_SIDE_STYLE('',(#12147));
#12147 = SURFACE_STYLE_FILL_AREA(#12148);
#12148 = FILL_AREA_STYLE('',(#12149));
#12149 = FILL_AREA_STYLE_COLOUR('',#10609);
#12150 = OVER_RIDING_STYLED_ITEM('overriding color',(#12151),#9992,
  #10080);
#12151 = PRESENTATION_STYLE_ASSIGNMENT((#12152));
#12152 = SURFACE_STYLE_USAGE(.BOTH.,#12153);
#12153 = SURFACE_SIDE_STYLE('',(#12154));
#12154 = SURFACE_STYLE_FILL_AREA(#12155);
#12155 = FILL_AREA_STYLE('',(#12156));
#12156 = FILL_AREA_STYLE_COLOUR('',#10609);
#12157 = OVER_RIDING_STYLED_ITEM('overriding color',(#12158),#10035,
  #10080);
#12158 = PRESENTATION_STYLE_ASSIGNMENT((#12159));
#12159 = SURFACE_STYLE_USAGE(.BOTH.,#12160);
#12160 = SURFACE_SIDE_STYLE('',(#12161));
#12161 = SURFACE_STYLE_FILL_AREA(#12162);
#12162 = FILL_AREA_STYLE('',(#12163));
#12163 = FILL_AREA_STYLE_COLOUR('',#10609);
#12164 = OVER_RIDING_STYLED_ITEM('overriding color',(#12165),#10063,
  #10080);
#12165 = PRESENTATION_STYLE_ASSIGNMENT((#12166));
#12166 = SURFACE_STYLE_USAGE(.BOTH.,#12167);
#12167 = SURFACE_SIDE_STYLE('',(#12168));
#12168 = SURFACE_STYLE_FILL_AREA(#12169);
#12169 = FILL_AREA_STYLE('',(#12170));
#12170 = FILL_AREA_STYLE_COLOUR('',#10097);
ENDSEC;
END-ISO-10303-21;
