ISO-10303-21;
HEADER;
FILE_DESCRIPTION(('Open CASCADE Model'),'2;1');
FILE_NAME('Open CASCADE Shape Model','2026-04-12T18:41:50',('Author'),(
    'Open CASCADE'),'Open CASCADE STEP processor 7.9','Open CASCADE 7.9'
  ,'Unknown');
FILE_SCHEMA(('AUTOMOTIVE_DESIGN { 1 0 10303 214 1 1 1 1 }'));
ENDSEC;
DATA;
#1 = APPLICATION_PROTOCOL_DEFINITION('international standard',
  'automotive_design',2000,#2);
#2 = APPLICATION_CONTEXT(
  'core data for automotive mechanical design processes');
#3 = SHAPE_DEFINITION_REPRESENTATION(#4,#10);
#4 = PRODUCT_DEFINITION_SHAPE('','',#5);
#5 = PRODUCT_DEFINITION('design','',#6,#9);
#6 = PRODUCT_DEFINITION_FORMATION('','',#7);
#7 = PRODUCT('COMPOUND','COMPOUND','',(#8));
#8 = PRODUCT_CONTEXT('',#2,'mechanical');
#9 = PRODUCT_DEFINITION_CONTEXT('part definition',#2,'design');
#10 = SHAPE_REPRESENTATION('',(#11,#15,#153,#255,#393,#531,#669,#3437,
    #3627,#3825,#4359,#4737,#5243,#5701,#6079,#6873,#7673,#8181,#8559,
    #9065,#9523),#10847);
#11 = AXIS2_PLACEMENT_3D('',#12,#13,#14);
#12 = CARTESIAN_POINT('',(0.,0.,0.));
#13 = DIRECTION('',(0.,0.,1.));
#14 = DIRECTION('',(1.,0.,-0.));
#15 = MANIFOLD_SOLID_BREP('',#16);
#16 = CLOSED_SHELL('',(#17,#53,#81,#109,#129,#141));
#17 = ADVANCED_FACE('',(#18),#48,.T.);
#18 = FACE_BOUND('',#19,.T.);
#19 = EDGE_LOOP('',(#20,#29,#36,#43));
#20 = ORIENTED_EDGE('',*,*,#21,.F.);
#21 = EDGE_CURVE('',#22,#24,#26,.T.);
#22 = VERTEX_POINT('',#23);
#23 = CARTESIAN_POINT('',(3.,2.1,3.9080669181));
#24 = VERTEX_POINT('',#25);
#25 = CARTESIAN_POINT('',(3.,3.,3.9080669181));
#26 = B_SPLINE_CURVE_WITH_KNOTS('',1,(#27,#28),.UNSPECIFIED.,.F.,.F.,(2,
    2),(-0.9,0.),.PIECEWISE_BEZIER_KNOTS.);
#27 = CARTESIAN_POINT('',(3.,2.1,3.9080669181));
#28 = CARTESIAN_POINT('',(3.,3.,3.9080669181));
#29 = ORIENTED_EDGE('',*,*,#30,.F.);
#30 = EDGE_CURVE('',#31,#22,#33,.T.);
#31 = VERTEX_POINT('',#32);
#32 = CARTESIAN_POINT('',(3.,2.1,0.1080669181));
#33 = B_SPLINE_CURVE_WITH_KNOTS('',1,(#34,#35),.UNSPECIFIED.,.F.,.F.,(2,
    2),(0.,3.8),.PIECEWISE_BEZIER_KNOTS.);
#34 = CARTESIAN_POINT('',(3.,2.1,0.1080669181));
#35 = CARTESIAN_POINT('',(3.,2.1,3.9080669181));
#36 = ORIENTED_EDGE('',*,*,#37,.T.);
#37 = EDGE_CURVE('',#31,#38,#40,.T.);
#38 = VERTEX_POINT('',#39);
#39 = CARTESIAN_POINT('',(3.,3.,0.1080669181));
#40 = B_SPLINE_CURVE_WITH_KNOTS('',1,(#41,#42),.UNSPECIFIED.,.F.,.F.,(2,
    2),(-0.9,0.),.PIECEWISE_BEZIER_KNOTS.);
#41 = CARTESIAN_POINT('',(3.,2.1,0.1080669181));
#42 = CARTESIAN_POINT('',(3.,3.,0.1080669181));
#43 = ORIENTED_EDGE('',*,*,#44,.T.);
#44 = EDGE_CURVE('',#38,#24,#45,.T.);
#45 = B_SPLINE_CURVE_WITH_KNOTS('',1,(#46,#47),.UNSPECIFIED.,.F.,.F.,(2,
    2),(0.,3.8),.PIECEWISE_BEZIER_KNOTS.);
#46 = CARTESIAN_POINT('',(3.,3.,0.1080669181));
#47 = CARTESIAN_POINT('',(3.,3.,3.9080669181));
#48 = B_SPLINE_SURFACE_WITH_KNOTS('',1,1,(
    (#49,#50)
    ,(#51,#52
  )),.UNSPECIFIED.,.F.,.F.,.F.,(2,2),(2,2),(-0.9,0.),(0.,3.8),
  .PIECEWISE_BEZIER_KNOTS.);
#49 = CARTESIAN_POINT('',(3.,2.1,0.1080669181));
#50 = CARTESIAN_POINT('',(3.,2.1,3.9080669181));
#51 = CARTESIAN_POINT('',(3.,3.,0.1080669181));
#52 = CARTESIAN_POINT('',(3.,3.,3.9080669181));
#53 = ADVANCED_FACE('',(#54),#76,.T.);
#54 = FACE_BOUND('',#55,.T.);
#55 = EDGE_LOOP('',(#56,#63,#70,#75));
#56 = ORIENTED_EDGE('',*,*,#57,.F.);
#57 = EDGE_CURVE('',#58,#22,#60,.T.);
#58 = VERTEX_POINT('',#59);
#59 = CARTESIAN_POINT('',(2.1,2.1,3.9080669181));
#60 = B_SPLINE_CURVE_WITH_KNOTS('',1,(#61,#62),.UNSPECIFIED.,.F.,.F.,(2,
    2),(0.,0.9),.PIECEWISE_BEZIER_KNOTS.);
#61 = CARTESIAN_POINT('',(2.1,2.1,3.9080669181));
#62 = CARTESIAN_POINT('',(3.,2.1,3.9080669181));
#63 = ORIENTED_EDGE('',*,*,#64,.F.);
#64 = EDGE_CURVE('',#65,#58,#67,.T.);
#65 = VERTEX_POINT('',#66);
#66 = CARTESIAN_POINT('',(2.1,2.1,0.1080669181));
#67 = B_SPLINE_CURVE_WITH_KNOTS('',1,(#68,#69),.UNSPECIFIED.,.F.,.F.,(2,
    2),(0.,3.8),.PIECEWISE_BEZIER_KNOTS.);
#68 = CARTESIAN_POINT('',(2.1,2.1,0.1080669181));
#69 = CARTESIAN_POINT('',(2.1,2.1,3.9080669181));
#70 = ORIENTED_EDGE('',*,*,#71,.T.);
#71 = EDGE_CURVE('',#65,#31,#72,.T.);
#72 = B_SPLINE_CURVE_WITH_KNOTS('',1,(#73,#74),.UNSPECIFIED.,.F.,.F.,(2,
    2),(0.,0.9),.PIECEWISE_BEZIER_KNOTS.);
#73 = CARTESIAN_POINT('',(2.1,2.1,0.1080669181));
#74 = CARTESIAN_POINT('',(3.,2.1,0.1080669181));
#75 = ORIENTED_EDGE('',*,*,#30,.T.);
#76 = B_SPLINE_SURFACE_WITH_KNOTS('',1,1,(
    (#77,#78)
    ,(#79,#80)),.UNSPECIFIED.,.F.,.F.,.F.,(2,2),(2,2),(0.,0.9),(0.,3.8),
  .PIECEWISE_BEZIER_KNOTS.);
#77 = CARTESIAN_POINT('',(2.1,2.1,0.1080669181));
#78 = CARTESIAN_POINT('',(2.1,2.1,3.9080669181));
#79 = CARTESIAN_POINT('',(3.,2.1,0.1080669181));
#80 = CARTESIAN_POINT('',(3.,2.1,3.9080669181));
#81 = ADVANCED_FACE('',(#82),#104,.T.);
#82 = FACE_BOUND('',#83,.T.);
#83 = EDGE_LOOP('',(#84,#91,#98,#103));
#84 = ORIENTED_EDGE('',*,*,#85,.F.);
#85 = EDGE_CURVE('',#86,#58,#88,.T.);
#86 = VERTEX_POINT('',#87);
#87 = CARTESIAN_POINT('',(2.1,3.,3.9080669181));
#88 = B_SPLINE_CURVE_WITH_KNOTS('',1,(#89,#90),.UNSPECIFIED.,.F.,.F.,(2,
    2),(0.,0.9),.PIECEWISE_BEZIER_KNOTS.);
#89 = CARTESIAN_POINT('',(2.1,3.,3.9080669181));
#90 = CARTESIAN_POINT('',(2.1,2.1,3.9080669181));
#91 = ORIENTED_EDGE('',*,*,#92,.F.);
#92 = EDGE_CURVE('',#93,#86,#95,.T.);
#93 = VERTEX_POINT('',#94);
#94 = CARTESIAN_POINT('',(2.1,3.,0.1080669181));
#95 = B_SPLINE_CURVE_WITH_KNOTS('',1,(#96,#97),.UNSPECIFIED.,.F.,.F.,(2,
    2),(0.,3.8),.PIECEWISE_BEZIER_KNOTS.);
#96 = CARTESIAN_POINT('',(2.1,3.,0.1080669181));
#97 = CARTESIAN_POINT('',(2.1,3.,3.9080669181));
#98 = ORIENTED_EDGE('',*,*,#99,.T.);
#99 = EDGE_CURVE('',#93,#65,#100,.T.);
#100 = B_SPLINE_CURVE_WITH_KNOTS('',1,(#101,#102),.UNSPECIFIED.,.F.,.F.,
  (2,2),(0.,0.9),.PIECEWISE_BEZIER_KNOTS.);
#101 = CARTESIAN_POINT('',(2.1,3.,0.1080669181));
#102 = CARTESIAN_POINT('',(2.1,2.1,0.1080669181));
#103 = ORIENTED_EDGE('',*,*,#64,.T.);
#104 = B_SPLINE_SURFACE_WITH_KNOTS('',1,1,(
    (#105,#106)
    ,(#107,#108
    )),.UNSPECIFIED.,.F.,.F.,.F.,(2,2),(2,2),(0.,0.9),(0.,3.8),
  .PIECEWISE_BEZIER_KNOTS.);
#105 = CARTESIAN_POINT('',(2.1,3.,0.1080669181));
#106 = CARTESIAN_POINT('',(2.1,3.,3.9080669181));
#107 = CARTESIAN_POINT('',(2.1,2.1,0.1080669181));
#108 = CARTESIAN_POINT('',(2.1,2.1,3.9080669181));
#109 = ADVANCED_FACE('',(#110),#124,.T.);
#110 = FACE_BOUND('',#111,.T.);
#111 = EDGE_LOOP('',(#112,#117,#118,#123));
#112 = ORIENTED_EDGE('',*,*,#113,.F.);
#113 = EDGE_CURVE('',#24,#86,#114,.T.);
#114 = B_SPLINE_CURVE_WITH_KNOTS('',1,(#115,#116),.UNSPECIFIED.,.F.,.F.,
  (2,2),(-0.9,-0.),.PIECEWISE_BEZIER_KNOTS.);
#115 = CARTESIAN_POINT('',(3.,3.,3.9080669181));
#116 = CARTESIAN_POINT('',(2.1,3.,3.9080669181));
#117 = ORIENTED_EDGE('',*,*,#44,.F.);
#118 = ORIENTED_EDGE('',*,*,#119,.T.);
#119 = EDGE_CURVE('',#38,#93,#120,.T.);
#120 = B_SPLINE_CURVE_WITH_KNOTS('',1,(#121,#122),.UNSPECIFIED.,.F.,.F.,
  (2,2),(-0.9,-0.),.PIECEWISE_BEZIER_KNOTS.);
#121 = CARTESIAN_POINT('',(3.,3.,0.1080669181));
#122 = CARTESIAN_POINT('',(2.1,3.,0.1080669181));
#123 = ORIENTED_EDGE('',*,*,#92,.T.);
#124 = B_SPLINE_SURFACE_WITH_KNOTS('',1,1,(
    (#125,#126)
    ,(#127,#128
    )),.UNSPECIFIED.,.F.,.F.,.F.,(2,2),(2,2),(-0.9,0.),(0.,3.8),
  .PIECEWISE_BEZIER_KNOTS.);
#125 = CARTESIAN_POINT('',(3.,3.,0.1080669181));
#126 = CARTESIAN_POINT('',(3.,3.,3.9080669181));
#127 = CARTESIAN_POINT('',(2.1,3.,0.1080669181));
#128 = CARTESIAN_POINT('',(2.1,3.,3.9080669181));
#129 = ADVANCED_FACE('',(#130),#136,.F.);
#130 = FACE_BOUND('',#131,.T.);
#131 = EDGE_LOOP('',(#132,#133,#134,#135));
#132 = ORIENTED_EDGE('',*,*,#37,.F.);
#133 = ORIENTED_EDGE('',*,*,#71,.F.);
#134 = ORIENTED_EDGE('',*,*,#99,.F.);
#135 = ORIENTED_EDGE('',*,*,#119,.F.);
#136 = B_SPLINE_SURFACE_WITH_KNOTS('',1,1,(
    (#137,#138)
    ,(#139,#140
    )),.UNSPECIFIED.,.F.,.F.,.F.,(2,2),(2,2),(2.1,3.),(2.1,3.),
  .PIECEWISE_BEZIER_KNOTS.);
#137 = CARTESIAN_POINT('',(2.1,2.1,0.1080669181));
#138 = CARTESIAN_POINT('',(2.1,3.,0.1080669181));
#139 = CARTESIAN_POINT('',(3.,2.1,0.1080669181));
#140 = CARTESIAN_POINT('',(3.,3.,0.1080669181));
#141 = ADVANCED_FACE('',(#142),#148,.T.);
#142 = FACE_BOUND('',#143,.T.);
#143 = EDGE_LOOP('',(#144,#145,#146,#147));
#144 = ORIENTED_EDGE('',*,*,#21,.T.);
#145 = ORIENTED_EDGE('',*,*,#113,.T.);
#146 = ORIENTED_EDGE('',*,*,#85,.T.);
#147 = ORIENTED_EDGE('',*,*,#57,.T.);
#148 = B_SPLINE_SURFACE_WITH_KNOTS('',1,1,(
    (#149,#150)
    ,(#151,#152
    )),.UNSPECIFIED.,.F.,.F.,.F.,(2,2),(2,2),(2.1,3.),(2.1,3.),
  .PIECEWISE_BEZIER_KNOTS.);
#149 = CARTESIAN_POINT('',(2.1,2.1,3.9080669181));
#150 = CARTESIAN_POINT('',(2.1,3.,3.9080669181));
#151 = CARTESIAN_POINT('',(3.,2.1,3.9080669181));
#152 = CARTESIAN_POINT('',(3.,3.,3.9080669181));
#153 = MANIFOLD_SOLID_BREP('',#154);
#154 = CLOSED_SHELL('',(#155,#203,#235,#245));
#155 = ADVANCED_FACE('',(#156),#192,.T.);
#156 = FACE_BOUND('',#157,.T.);
#157 = EDGE_LOOP('',(#158,#170,#177,#187));
#158 = ORIENTED_EDGE('',*,*,#159,.T.);
#159 = EDGE_CURVE('',#160,#162,#164,.T.);
#160 = VERTEX_POINT('',#161);
#161 = CARTESIAN_POINT('',(0.45,0.,0.1080669181));
#162 = VERTEX_POINT('',#163);
#163 = CARTESIAN_POINT('',(-0.45,5.510910596163E-17,0.1080669181));
#164 = ( BOUNDED_CURVE() B_SPLINE_CURVE(2,(#165,#166,#167,#168,#169),
.UNSPECIFIED.,.F.,.F.) B_SPLINE_CURVE_WITH_KNOTS((3,2,3),(0.,
1.570796326795,3.14159265359),.PIECEWISE_BEZIER_KNOTS.) CURVE() 
GEOMETRIC_REPRESENTATION_ITEM() RATIONAL_B_SPLINE_CURVE((1.,
0.707106781187,1.,0.707106781187,1.)) REPRESENTATION_ITEM('') );
#165 = CARTESIAN_POINT('',(0.45,0.,0.1080669181));
#166 = CARTESIAN_POINT('',(0.45,0.45,0.1080669181));
#167 = CARTESIAN_POINT('',(-4.165346568692E-16,0.45,0.1080669181));
#168 = CARTESIAN_POINT('',(-0.45,0.45,0.1080669181));
#169 = CARTESIAN_POINT('',(-0.45,5.510910596163E-17,0.1080669181));
#170 = ORIENTED_EDGE('',*,*,#171,.T.);
#171 = EDGE_CURVE('',#162,#172,#174,.T.);
#172 = VERTEX_POINT('',#173);
#173 = CARTESIAN_POINT('',(-0.45,5.510910596163E-17,3.9080669181));
#174 = B_SPLINE_CURVE_WITH_KNOTS('',1,(#175,#176),.UNSPECIFIED.,.F.,.F.,
  (2,2),(0.,3.8),.PIECEWISE_BEZIER_KNOTS.);
#175 = CARTESIAN_POINT('',(-0.45,5.510910596163E-17,0.1080669181));
#176 = CARTESIAN_POINT('',(-0.45,5.510910596163E-17,3.9080669181));
#177 = ORIENTED_EDGE('',*,*,#178,.F.);
#178 = EDGE_CURVE('',#179,#172,#181,.T.);
#179 = VERTEX_POINT('',#180);
#180 = CARTESIAN_POINT('',(0.45,0.,3.9080669181));
#181 = ( BOUNDED_CURVE() B_SPLINE_CURVE(2,(#182,#183,#184,#185,#186),
.UNSPECIFIED.,.F.,.F.) B_SPLINE_CURVE_WITH_KNOTS((3,2,3),(0.,
1.570796326795,3.14159265359),.PIECEWISE_BEZIER_KNOTS.) CURVE() 
GEOMETRIC_REPRESENTATION_ITEM() RATIONAL_B_SPLINE_CURVE((1.,
0.707106781187,1.,0.707106781187,1.)) REPRESENTATION_ITEM('') );
#182 = CARTESIAN_POINT('',(0.45,0.,3.9080669181));
#183 = CARTESIAN_POINT('',(0.45,0.45,3.9080669181));
#184 = CARTESIAN_POINT('',(-4.165346568692E-16,0.45,3.9080669181));
#185 = CARTESIAN_POINT('',(-0.45,0.45,3.9080669181));
#186 = CARTESIAN_POINT('',(-0.45,5.510910596163E-17,3.9080669181));
#187 = ORIENTED_EDGE('',*,*,#188,.F.);
#188 = EDGE_CURVE('',#160,#179,#189,.T.);
#189 = B_SPLINE_CURVE_WITH_KNOTS('',1,(#190,#191),.UNSPECIFIED.,.F.,.F.,
  (2,2),(0.,3.8),.PIECEWISE_BEZIER_KNOTS.);
#190 = CARTESIAN_POINT('',(0.45,0.,0.1080669181));
#191 = CARTESIAN_POINT('',(0.45,0.,3.9080669181));
#192 = ( BOUNDED_SURFACE() B_SPLINE_SURFACE(2,1,(
    (#193,#194)
    ,(#195,#196)
    ,(#197,#198)
    ,(#199,#200)
,(#201,#202
    )),.UNSPECIFIED.,.F.,.F.,.F.) B_SPLINE_SURFACE_WITH_KNOTS((3,2,3),(2
    ,2),(0.,1.570796326795,3.14159265359),(0.,3.8),
.PIECEWISE_BEZIER_KNOTS.) GEOMETRIC_REPRESENTATION_ITEM() 
RATIONAL_B_SPLINE_SURFACE((
    (1.,1.)
    ,(0.707106781187,0.707106781187)
    ,(1.,1.)
    ,(0.707106781187,0.707106781187)
,(1.,1.))) REPRESENTATION_ITEM('') SURFACE() );
#193 = CARTESIAN_POINT('',(0.45,0.,0.1080669181));
#194 = CARTESIAN_POINT('',(0.45,0.,3.9080669181));
#195 = CARTESIAN_POINT('',(0.45,0.45,0.1080669181));
#196 = CARTESIAN_POINT('',(0.45,0.45,3.9080669181));
#197 = CARTESIAN_POINT('',(-4.165346568692E-16,0.45,0.1080669181));
#198 = CARTESIAN_POINT('',(-4.165346568692E-16,0.45,3.9080669181));
#199 = CARTESIAN_POINT('',(-0.45,0.45,0.1080669181));
#200 = CARTESIAN_POINT('',(-0.45,0.45,3.9080669181));
#201 = CARTESIAN_POINT('',(-0.45,5.510910596163E-17,0.1080669181));
#202 = CARTESIAN_POINT('',(-0.45,5.510910596163E-17,3.9080669181));
#203 = ADVANCED_FACE('',(#204),#224,.T.);
#204 = FACE_BOUND('',#205,.T.);
#205 = EDGE_LOOP('',(#206,#207,#215,#216));
#206 = ORIENTED_EDGE('',*,*,#171,.F.);
#207 = ORIENTED_EDGE('',*,*,#208,.T.);
#208 = EDGE_CURVE('',#162,#160,#209,.T.);
#209 = ( BOUNDED_CURVE() B_SPLINE_CURVE(2,(#210,#211,#212,#213,#214),
.UNSPECIFIED.,.F.,.F.) B_SPLINE_CURVE_WITH_KNOTS((3,2,3),(3.14159265359,
4.712388980385,6.28318530718),.PIECEWISE_BEZIER_KNOTS.) CURVE() 
GEOMETRIC_REPRESENTATION_ITEM() RATIONAL_B_SPLINE_CURVE((1.,
0.707106781187,1.,0.707106781187,1.)) REPRESENTATION_ITEM('') );
#210 = CARTESIAN_POINT('',(-0.45,5.510910596163E-17,0.1080669181));
#211 = CARTESIAN_POINT('',(-0.45,-0.45,0.1080669181));
#212 = CARTESIAN_POINT('',(-5.267528687925E-16,-0.45,0.1080669181));
#213 = CARTESIAN_POINT('',(0.45,-0.45,0.1080669181));
#214 = CARTESIAN_POINT('',(0.45,-1.102182119233E-16,0.1080669181));
#215 = ORIENTED_EDGE('',*,*,#188,.T.);
#216 = ORIENTED_EDGE('',*,*,#217,.F.);
#217 = EDGE_CURVE('',#172,#179,#218,.T.);
#218 = ( BOUNDED_CURVE() B_SPLINE_CURVE(2,(#219,#220,#221,#222,#223),
.UNSPECIFIED.,.F.,.F.) B_SPLINE_CURVE_WITH_KNOTS((3,2,3),(3.14159265359,
4.712388980385,6.28318530718),.PIECEWISE_BEZIER_KNOTS.) CURVE() 
GEOMETRIC_REPRESENTATION_ITEM() RATIONAL_B_SPLINE_CURVE((1.,
0.707106781187,1.,0.707106781187,1.)) REPRESENTATION_ITEM('') );
#219 = CARTESIAN_POINT('',(-0.45,5.510910596163E-17,3.9080669181));
#220 = CARTESIAN_POINT('',(-0.45,-0.45,3.9080669181));
#221 = CARTESIAN_POINT('',(-5.267528687925E-16,-0.45,3.9080669181));
#222 = CARTESIAN_POINT('',(0.45,-0.45,3.9080669181));
#223 = CARTESIAN_POINT('',(0.45,-1.102182119233E-16,3.9080669181));
#224 = ( BOUNDED_SURFACE() B_SPLINE_SURFACE(2,1,(
    (#225,#226)
    ,(#227,#228)
    ,(#229,#230)
    ,(#231,#232)
,(#233,#234
    )),.UNSPECIFIED.,.F.,.F.,.F.) B_SPLINE_SURFACE_WITH_KNOTS((3,2,3),(2
    ,2),(3.14159265359,4.712388980385,6.28318530718),(0.,3.8),
.PIECEWISE_BEZIER_KNOTS.) GEOMETRIC_REPRESENTATION_ITEM() 
RATIONAL_B_SPLINE_SURFACE((
    (1.,1.)
    ,(0.707106781187,0.707106781187)
    ,(1.,1.)
    ,(0.707106781187,0.707106781187)
,(1.,1.))) REPRESENTATION_ITEM('') SURFACE() );
#225 = CARTESIAN_POINT('',(-0.45,5.510910596163E-17,0.1080669181));
#226 = CARTESIAN_POINT('',(-0.45,5.510910596163E-17,3.9080669181));
#227 = CARTESIAN_POINT('',(-0.45,-0.45,0.1080669181));
#228 = CARTESIAN_POINT('',(-0.45,-0.45,3.9080669181));
#229 = CARTESIAN_POINT('',(-5.267528687925E-16,-0.45,0.1080669181));
#230 = CARTESIAN_POINT('',(-5.267528687925E-16,-0.45,3.9080669181));
#231 = CARTESIAN_POINT('',(0.45,-0.45,0.1080669181));
#232 = CARTESIAN_POINT('',(0.45,-0.45,3.9080669181));
#233 = CARTESIAN_POINT('',(0.45,-1.102182119233E-16,0.1080669181));
#234 = CARTESIAN_POINT('',(0.45,-1.102182119233E-16,3.9080669181));
#235 = ADVANCED_FACE('',(#236),#240,.F.);
#236 = FACE_BOUND('',#237,.T.);
#237 = EDGE_LOOP('',(#238,#239));
#238 = ORIENTED_EDGE('',*,*,#159,.F.);
#239 = ORIENTED_EDGE('',*,*,#208,.F.);
#240 = B_SPLINE_SURFACE_WITH_KNOTS('',1,1,(
    (#241,#242)
    ,(#243,#244
    )),.UNSPECIFIED.,.F.,.F.,.F.,(2,2),(2,2),(-0.45,0.45),(-0.45,0.45),
  .PIECEWISE_BEZIER_KNOTS.);
#241 = CARTESIAN_POINT('',(-0.45,-0.45,0.1080669181));
#242 = CARTESIAN_POINT('',(-0.45,0.45,0.1080669181));
#243 = CARTESIAN_POINT('',(0.45,-0.45,0.1080669181));
#244 = CARTESIAN_POINT('',(0.45,0.45,0.1080669181));
#245 = ADVANCED_FACE('',(#246),#250,.T.);
#246 = FACE_BOUND('',#247,.T.);
#247 = EDGE_LOOP('',(#248,#249));
#248 = ORIENTED_EDGE('',*,*,#178,.T.);
#249 = ORIENTED_EDGE('',*,*,#217,.T.);
#250 = B_SPLINE_SURFACE_WITH_KNOTS('',1,1,(
    (#251,#252)
    ,(#253,#254
    )),.UNSPECIFIED.,.F.,.F.,.F.,(2,2),(2,2),(-0.45,0.45),(-0.45,0.45),
  .PIECEWISE_BEZIER_KNOTS.);
#251 = CARTESIAN_POINT('',(-0.45,-0.45,3.9080669181));
#252 = CARTESIAN_POINT('',(-0.45,0.45,3.9080669181));
#253 = CARTESIAN_POINT('',(0.45,-0.45,3.9080669181));
#254 = CARTESIAN_POINT('',(0.45,0.45,3.9080669181));
#255 = MANIFOLD_SOLID_BREP('',#256);
#256 = CLOSED_SHELL('',(#257,#293,#321,#349,#369,#381));
#257 = ADVANCED_FACE('',(#258),#288,.T.);
#258 = FACE_BOUND('',#259,.T.);
#259 = EDGE_LOOP('',(#260,#269,#276,#283));
#260 = ORIENTED_EDGE('',*,*,#261,.F.);
#261 = EDGE_CURVE('',#262,#264,#266,.T.);
#262 = VERTEX_POINT('',#263);
#263 = CARTESIAN_POINT('',(-3.,2.1,3.9080669181));
#264 = VERTEX_POINT('',#265);
#265 = CARTESIAN_POINT('',(-2.1,2.1,3.9080669181));
#266 = B_SPLINE_CURVE_WITH_KNOTS('',1,(#267,#268),.UNSPECIFIED.,.F.,.F.,
  (2,2),(0.,0.9),.PIECEWISE_BEZIER_KNOTS.);
#267 = CARTESIAN_POINT('',(-3.,2.1,3.9080669181));
#268 = CARTESIAN_POINT('',(-2.1,2.1,3.9080669181));
#269 = ORIENTED_EDGE('',*,*,#270,.F.);
#270 = EDGE_CURVE('',#271,#262,#273,.T.);
#271 = VERTEX_POINT('',#272);
#272 = CARTESIAN_POINT('',(-3.,2.1,0.1080669181));
#273 = B_SPLINE_CURVE_WITH_KNOTS('',1,(#274,#275),.UNSPECIFIED.,.F.,.F.,
  (2,2),(0.,3.8),.PIECEWISE_BEZIER_KNOTS.);
#274 = CARTESIAN_POINT('',(-3.,2.1,0.1080669181));
#275 = CARTESIAN_POINT('',(-3.,2.1,3.9080669181));
#276 = ORIENTED_EDGE('',*,*,#277,.T.);
#277 = EDGE_CURVE('',#271,#278,#280,.T.);
#278 = VERTEX_POINT('',#279);
#279 = CARTESIAN_POINT('',(-2.1,2.1,0.1080669181));
#280 = B_SPLINE_CURVE_WITH_KNOTS('',1,(#281,#282),.UNSPECIFIED.,.F.,.F.,
  (2,2),(0.,0.9),.PIECEWISE_BEZIER_KNOTS.);
#281 = CARTESIAN_POINT('',(-3.,2.1,0.1080669181));
#282 = CARTESIAN_POINT('',(-2.1,2.1,0.1080669181));
#283 = ORIENTED_EDGE('',*,*,#284,.T.);
#284 = EDGE_CURVE('',#278,#264,#285,.T.);
#285 = B_SPLINE_CURVE_WITH_KNOTS('',1,(#286,#287),.UNSPECIFIED.,.F.,.F.,
  (2,2),(0.,3.8),.PIECEWISE_BEZIER_KNOTS.);
#286 = CARTESIAN_POINT('',(-2.1,2.1,0.1080669181));
#287 = CARTESIAN_POINT('',(-2.1,2.1,3.9080669181));
#288 = B_SPLINE_SURFACE_WITH_KNOTS('',1,1,(
    (#289,#290)
    ,(#291,#292
    )),.UNSPECIFIED.,.F.,.F.,.F.,(2,2),(2,2),(0.,0.9),(0.,3.8),
  .PIECEWISE_BEZIER_KNOTS.);
#289 = CARTESIAN_POINT('',(-3.,2.1,0.1080669181));
#290 = CARTESIAN_POINT('',(-3.,2.1,3.9080669181));
#291 = CARTESIAN_POINT('',(-2.1,2.1,0.1080669181));
#292 = CARTESIAN_POINT('',(-2.1,2.1,3.9080669181));
#293 = ADVANCED_FACE('',(#294),#316,.T.);
#294 = FACE_BOUND('',#295,.T.);
#295 = EDGE_LOOP('',(#296,#303,#310,#315));
#296 = ORIENTED_EDGE('',*,*,#297,.F.);
#297 = EDGE_CURVE('',#298,#262,#300,.T.);
#298 = VERTEX_POINT('',#299);
#299 = CARTESIAN_POINT('',(-3.,3.,3.9080669181));
#300 = B_SPLINE_CURVE_WITH_KNOTS('',1,(#301,#302),.UNSPECIFIED.,.F.,.F.,
  (2,2),(0.,0.9),.PIECEWISE_BEZIER_KNOTS.);
#301 = CARTESIAN_POINT('',(-3.,3.,3.9080669181));
#302 = CARTESIAN_POINT('',(-3.,2.1,3.9080669181));
#303 = ORIENTED_EDGE('',*,*,#304,.F.);
#304 = EDGE_CURVE('',#305,#298,#307,.T.);
#305 = VERTEX_POINT('',#306);
#306 = CARTESIAN_POINT('',(-3.,3.,0.1080669181));
#307 = B_SPLINE_CURVE_WITH_KNOTS('',1,(#308,#309),.UNSPECIFIED.,.F.,.F.,
  (2,2),(0.,3.8),.PIECEWISE_BEZIER_KNOTS.);
#308 = CARTESIAN_POINT('',(-3.,3.,0.1080669181));
#309 = CARTESIAN_POINT('',(-3.,3.,3.9080669181));
#310 = ORIENTED_EDGE('',*,*,#311,.T.);
#311 = EDGE_CURVE('',#305,#271,#312,.T.);
#312 = B_SPLINE_CURVE_WITH_KNOTS('',1,(#313,#314),.UNSPECIFIED.,.F.,.F.,
  (2,2),(0.,0.9),.PIECEWISE_BEZIER_KNOTS.);
#313 = CARTESIAN_POINT('',(-3.,3.,0.1080669181));
#314 = CARTESIAN_POINT('',(-3.,2.1,0.1080669181));
#315 = ORIENTED_EDGE('',*,*,#270,.T.);
#316 = B_SPLINE_SURFACE_WITH_KNOTS('',1,1,(
    (#317,#318)
    ,(#319,#320
    )),.UNSPECIFIED.,.F.,.F.,.F.,(2,2),(2,2),(0.,0.9),(0.,3.8),
  .PIECEWISE_BEZIER_KNOTS.);
#317 = CARTESIAN_POINT('',(-3.,3.,0.1080669181));
#318 = CARTESIAN_POINT('',(-3.,3.,3.9080669181));
#319 = CARTESIAN_POINT('',(-3.,2.1,0.1080669181));
#320 = CARTESIAN_POINT('',(-3.,2.1,3.9080669181));
#321 = ADVANCED_FACE('',(#322),#344,.T.);
#322 = FACE_BOUND('',#323,.T.);
#323 = EDGE_LOOP('',(#324,#331,#338,#343));
#324 = ORIENTED_EDGE('',*,*,#325,.F.);
#325 = EDGE_CURVE('',#326,#298,#328,.T.);
#326 = VERTEX_POINT('',#327);
#327 = CARTESIAN_POINT('',(-2.1,3.,3.9080669181));
#328 = B_SPLINE_CURVE_WITH_KNOTS('',1,(#329,#330),.UNSPECIFIED.,.F.,.F.,
  (2,2),(-0.9,-0.),.PIECEWISE_BEZIER_KNOTS.);
#329 = CARTESIAN_POINT('',(-2.1,3.,3.9080669181));
#330 = CARTESIAN_POINT('',(-3.,3.,3.9080669181));
#331 = ORIENTED_EDGE('',*,*,#332,.F.);
#332 = EDGE_CURVE('',#333,#326,#335,.T.);
#333 = VERTEX_POINT('',#334);
#334 = CARTESIAN_POINT('',(-2.1,3.,0.1080669181));
#335 = B_SPLINE_CURVE_WITH_KNOTS('',1,(#336,#337),.UNSPECIFIED.,.F.,.F.,
  (2,2),(0.,3.8),.PIECEWISE_BEZIER_KNOTS.);
#336 = CARTESIAN_POINT('',(-2.1,3.,0.1080669181));
#337 = CARTESIAN_POINT('',(-2.1,3.,3.9080669181));
#338 = ORIENTED_EDGE('',*,*,#339,.T.);
#339 = EDGE_CURVE('',#333,#305,#340,.T.);
#340 = B_SPLINE_CURVE_WITH_KNOTS('',1,(#341,#342),.UNSPECIFIED.,.F.,.F.,
  (2,2),(-0.9,-0.),.PIECEWISE_BEZIER_KNOTS.);
#341 = CARTESIAN_POINT('',(-2.1,3.,0.1080669181));
#342 = CARTESIAN_POINT('',(-3.,3.,0.1080669181));
#343 = ORIENTED_EDGE('',*,*,#304,.T.);
#344 = B_SPLINE_SURFACE_WITH_KNOTS('',1,1,(
    (#345,#346)
    ,(#347,#348
    )),.UNSPECIFIED.,.F.,.F.,.F.,(2,2),(2,2),(-0.9,0.),(0.,3.8),
  .PIECEWISE_BEZIER_KNOTS.);
#345 = CARTESIAN_POINT('',(-2.1,3.,0.1080669181));
#346 = CARTESIAN_POINT('',(-2.1,3.,3.9080669181));
#347 = CARTESIAN_POINT('',(-3.,3.,0.1080669181));
#348 = CARTESIAN_POINT('',(-3.,3.,3.9080669181));
#349 = ADVANCED_FACE('',(#350),#364,.T.);
#350 = FACE_BOUND('',#351,.T.);
#351 = EDGE_LOOP('',(#352,#357,#358,#363));
#352 = ORIENTED_EDGE('',*,*,#353,.F.);
#353 = EDGE_CURVE('',#264,#326,#354,.T.);
#354 = B_SPLINE_CURVE_WITH_KNOTS('',1,(#355,#356),.UNSPECIFIED.,.F.,.F.,
  (2,2),(-0.9,0.),.PIECEWISE_BEZIER_KNOTS.);
#355 = CARTESIAN_POINT('',(-2.1,2.1,3.9080669181));
#356 = CARTESIAN_POINT('',(-2.1,3.,3.9080669181));
#357 = ORIENTED_EDGE('',*,*,#284,.F.);
#358 = ORIENTED_EDGE('',*,*,#359,.T.);
#359 = EDGE_CURVE('',#278,#333,#360,.T.);
#360 = B_SPLINE_CURVE_WITH_KNOTS('',1,(#361,#362),.UNSPECIFIED.,.F.,.F.,
  (2,2),(-0.9,0.),.PIECEWISE_BEZIER_KNOTS.);
#361 = CARTESIAN_POINT('',(-2.1,2.1,0.1080669181));
#362 = CARTESIAN_POINT('',(-2.1,3.,0.1080669181));
#363 = ORIENTED_EDGE('',*,*,#332,.T.);
#364 = B_SPLINE_SURFACE_WITH_KNOTS('',1,1,(
    (#365,#366)
    ,(#367,#368
    )),.UNSPECIFIED.,.F.,.F.,.F.,(2,2),(2,2),(-0.9,0.),(0.,3.8),
  .PIECEWISE_BEZIER_KNOTS.);
#365 = CARTESIAN_POINT('',(-2.1,2.1,0.1080669181));
#366 = CARTESIAN_POINT('',(-2.1,2.1,3.9080669181));
#367 = CARTESIAN_POINT('',(-2.1,3.,0.1080669181));
#368 = CARTESIAN_POINT('',(-2.1,3.,3.9080669181));
#369 = ADVANCED_FACE('',(#370),#376,.T.);
#370 = FACE_BOUND('',#371,.T.);
#371 = EDGE_LOOP('',(#372,#373,#374,#375));
#372 = ORIENTED_EDGE('',*,*,#277,.F.);
#373 = ORIENTED_EDGE('',*,*,#311,.F.);
#374 = ORIENTED_EDGE('',*,*,#339,.F.);
#375 = ORIENTED_EDGE('',*,*,#359,.F.);
#376 = B_SPLINE_SURFACE_WITH_KNOTS('',1,1,(
    (#377,#378)
    ,(#379,#380
    )),.UNSPECIFIED.,.F.,.F.,.F.,(2,2),(2,2),(2.1,3.),(2.1,3.),
  .PIECEWISE_BEZIER_KNOTS.);
#377 = CARTESIAN_POINT('',(-2.1,2.1,0.1080669181));
#378 = CARTESIAN_POINT('',(-2.1,3.,0.1080669181));
#379 = CARTESIAN_POINT('',(-3.,2.1,0.1080669181));
#380 = CARTESIAN_POINT('',(-3.,3.,0.1080669181));
#381 = ADVANCED_FACE('',(#382),#388,.F.);
#382 = FACE_BOUND('',#383,.T.);
#383 = EDGE_LOOP('',(#384,#385,#386,#387));
#384 = ORIENTED_EDGE('',*,*,#261,.T.);
#385 = ORIENTED_EDGE('',*,*,#353,.T.);
#386 = ORIENTED_EDGE('',*,*,#325,.T.);
#387 = ORIENTED_EDGE('',*,*,#297,.T.);
#388 = B_SPLINE_SURFACE_WITH_KNOTS('',1,1,(
    (#389,#390)
    ,(#391,#392
    )),.UNSPECIFIED.,.F.,.F.,.F.,(2,2),(2,2),(2.1,3.),(2.1,3.),
  .PIECEWISE_BEZIER_KNOTS.);
#389 = CARTESIAN_POINT('',(-2.1,2.1,3.9080669181));
#390 = CARTESIAN_POINT('',(-2.1,3.,3.9080669181));
#391 = CARTESIAN_POINT('',(-3.,2.1,3.9080669181));
#392 = CARTESIAN_POINT('',(-3.,3.,3.9080669181));
#393 = MANIFOLD_SOLID_BREP('',#394);
#394 = CLOSED_SHELL('',(#395,#431,#459,#487,#507,#519));
#395 = ADVANCED_FACE('',(#396),#426,.T.);
#396 = FACE_BOUND('',#397,.T.);
#397 = EDGE_LOOP('',(#398,#407,#414,#421));
#398 = ORIENTED_EDGE('',*,*,#399,.F.);
#399 = EDGE_CURVE('',#400,#402,#404,.T.);
#400 = VERTEX_POINT('',#401);
#401 = CARTESIAN_POINT('',(-3.,-3.,3.9080669181));
#402 = VERTEX_POINT('',#403);
#403 = CARTESIAN_POINT('',(-2.1,-3.,3.9080669181));
#404 = B_SPLINE_CURVE_WITH_KNOTS('',1,(#405,#406),.UNSPECIFIED.,.F.,.F.,
  (2,2),(0.,0.9),.PIECEWISE_BEZIER_KNOTS.);
#405 = CARTESIAN_POINT('',(-3.,-3.,3.9080669181));
#406 = CARTESIAN_POINT('',(-2.1,-3.,3.9080669181));
#407 = ORIENTED_EDGE('',*,*,#408,.F.);
#408 = EDGE_CURVE('',#409,#400,#411,.T.);
#409 = VERTEX_POINT('',#410);
#410 = CARTESIAN_POINT('',(-3.,-3.,0.1080669181));
#411 = B_SPLINE_CURVE_WITH_KNOTS('',1,(#412,#413),.UNSPECIFIED.,.F.,.F.,
  (2,2),(0.,3.8),.PIECEWISE_BEZIER_KNOTS.);
#412 = CARTESIAN_POINT('',(-3.,-3.,0.1080669181));
#413 = CARTESIAN_POINT('',(-3.,-3.,3.9080669181));
#414 = ORIENTED_EDGE('',*,*,#415,.T.);
#415 = EDGE_CURVE('',#409,#416,#418,.T.);
#416 = VERTEX_POINT('',#417);
#417 = CARTESIAN_POINT('',(-2.1,-3.,0.1080669181));
#418 = B_SPLINE_CURVE_WITH_KNOTS('',1,(#419,#420),.UNSPECIFIED.,.F.,.F.,
  (2,2),(0.,0.9),.PIECEWISE_BEZIER_KNOTS.);
#419 = CARTESIAN_POINT('',(-3.,-3.,0.1080669181));
#420 = CARTESIAN_POINT('',(-2.1,-3.,0.1080669181));
#421 = ORIENTED_EDGE('',*,*,#422,.T.);
#422 = EDGE_CURVE('',#416,#402,#423,.T.);
#423 = B_SPLINE_CURVE_WITH_KNOTS('',1,(#424,#425),.UNSPECIFIED.,.F.,.F.,
  (2,2),(0.,3.8),.PIECEWISE_BEZIER_KNOTS.);
#424 = CARTESIAN_POINT('',(-2.1,-3.,0.1080669181));
#425 = CARTESIAN_POINT('',(-2.1,-3.,3.9080669181));
#426 = B_SPLINE_SURFACE_WITH_KNOTS('',1,1,(
    (#427,#428)
    ,(#429,#430
    )),.UNSPECIFIED.,.F.,.F.,.F.,(2,2),(2,2),(0.,0.9),(0.,3.8),
  .PIECEWISE_BEZIER_KNOTS.);
#427 = CARTESIAN_POINT('',(-3.,-3.,0.1080669181));
#428 = CARTESIAN_POINT('',(-3.,-3.,3.9080669181));
#429 = CARTESIAN_POINT('',(-2.1,-3.,0.1080669181));
#430 = CARTESIAN_POINT('',(-2.1,-3.,3.9080669181));
#431 = ADVANCED_FACE('',(#432),#454,.T.);
#432 = FACE_BOUND('',#433,.T.);
#433 = EDGE_LOOP('',(#434,#441,#448,#453));
#434 = ORIENTED_EDGE('',*,*,#435,.F.);
#435 = EDGE_CURVE('',#436,#400,#438,.T.);
#436 = VERTEX_POINT('',#437);
#437 = CARTESIAN_POINT('',(-3.,-2.1,3.9080669181));
#438 = B_SPLINE_CURVE_WITH_KNOTS('',1,(#439,#440),.UNSPECIFIED.,.F.,.F.,
  (2,2),(0.,0.9),.PIECEWISE_BEZIER_KNOTS.);
#439 = CARTESIAN_POINT('',(-3.,-2.1,3.9080669181));
#440 = CARTESIAN_POINT('',(-3.,-3.,3.9080669181));
#441 = ORIENTED_EDGE('',*,*,#442,.F.);
#442 = EDGE_CURVE('',#443,#436,#445,.T.);
#443 = VERTEX_POINT('',#444);
#444 = CARTESIAN_POINT('',(-3.,-2.1,0.1080669181));
#445 = B_SPLINE_CURVE_WITH_KNOTS('',1,(#446,#447),.UNSPECIFIED.,.F.,.F.,
  (2,2),(0.,3.8),.PIECEWISE_BEZIER_KNOTS.);
#446 = CARTESIAN_POINT('',(-3.,-2.1,0.1080669181));
#447 = CARTESIAN_POINT('',(-3.,-2.1,3.9080669181));
#448 = ORIENTED_EDGE('',*,*,#449,.T.);
#449 = EDGE_CURVE('',#443,#409,#450,.T.);
#450 = B_SPLINE_CURVE_WITH_KNOTS('',1,(#451,#452),.UNSPECIFIED.,.F.,.F.,
  (2,2),(0.,0.9),.PIECEWISE_BEZIER_KNOTS.);
#451 = CARTESIAN_POINT('',(-3.,-2.1,0.1080669181));
#452 = CARTESIAN_POINT('',(-3.,-3.,0.1080669181));
#453 = ORIENTED_EDGE('',*,*,#408,.T.);
#454 = B_SPLINE_SURFACE_WITH_KNOTS('',1,1,(
    (#455,#456)
    ,(#457,#458
    )),.UNSPECIFIED.,.F.,.F.,.F.,(2,2),(2,2),(0.,0.9),(0.,3.8),
  .PIECEWISE_BEZIER_KNOTS.);
#455 = CARTESIAN_POINT('',(-3.,-2.1,0.1080669181));
#456 = CARTESIAN_POINT('',(-3.,-2.1,3.9080669181));
#457 = CARTESIAN_POINT('',(-3.,-3.,0.1080669181));
#458 = CARTESIAN_POINT('',(-3.,-3.,3.9080669181));
#459 = ADVANCED_FACE('',(#460),#482,.T.);
#460 = FACE_BOUND('',#461,.T.);
#461 = EDGE_LOOP('',(#462,#469,#476,#481));
#462 = ORIENTED_EDGE('',*,*,#463,.F.);
#463 = EDGE_CURVE('',#464,#436,#466,.T.);
#464 = VERTEX_POINT('',#465);
#465 = CARTESIAN_POINT('',(-2.1,-2.1,3.9080669181));
#466 = B_SPLINE_CURVE_WITH_KNOTS('',1,(#467,#468),.UNSPECIFIED.,.F.,.F.,
  (2,2),(-0.9,-0.),.PIECEWISE_BEZIER_KNOTS.);
#467 = CARTESIAN_POINT('',(-2.1,-2.1,3.9080669181));
#468 = CARTESIAN_POINT('',(-3.,-2.1,3.9080669181));
#469 = ORIENTED_EDGE('',*,*,#470,.F.);
#470 = EDGE_CURVE('',#471,#464,#473,.T.);
#471 = VERTEX_POINT('',#472);
#472 = CARTESIAN_POINT('',(-2.1,-2.1,0.1080669181));
#473 = B_SPLINE_CURVE_WITH_KNOTS('',1,(#474,#475),.UNSPECIFIED.,.F.,.F.,
  (2,2),(0.,3.8),.PIECEWISE_BEZIER_KNOTS.);
#474 = CARTESIAN_POINT('',(-2.1,-2.1,0.1080669181));
#475 = CARTESIAN_POINT('',(-2.1,-2.1,3.9080669181));
#476 = ORIENTED_EDGE('',*,*,#477,.T.);
#477 = EDGE_CURVE('',#471,#443,#478,.T.);
#478 = B_SPLINE_CURVE_WITH_KNOTS('',1,(#479,#480),.UNSPECIFIED.,.F.,.F.,
  (2,2),(-0.9,-0.),.PIECEWISE_BEZIER_KNOTS.);
#479 = CARTESIAN_POINT('',(-2.1,-2.1,0.1080669181));
#480 = CARTESIAN_POINT('',(-3.,-2.1,0.1080669181));
#481 = ORIENTED_EDGE('',*,*,#442,.T.);
#482 = B_SPLINE_SURFACE_WITH_KNOTS('',1,1,(
    (#483,#484)
    ,(#485,#486
    )),.UNSPECIFIED.,.F.,.F.,.F.,(2,2),(2,2),(-0.9,0.),(0.,3.8),
  .PIECEWISE_BEZIER_KNOTS.);
#483 = CARTESIAN_POINT('',(-2.1,-2.1,0.1080669181));
#484 = CARTESIAN_POINT('',(-2.1,-2.1,3.9080669181));
#485 = CARTESIAN_POINT('',(-3.,-2.1,0.1080669181));
#486 = CARTESIAN_POINT('',(-3.,-2.1,3.9080669181));
#487 = ADVANCED_FACE('',(#488),#502,.T.);
#488 = FACE_BOUND('',#489,.T.);
#489 = EDGE_LOOP('',(#490,#495,#496,#501));
#490 = ORIENTED_EDGE('',*,*,#491,.F.);
#491 = EDGE_CURVE('',#402,#464,#492,.T.);
#492 = B_SPLINE_CURVE_WITH_KNOTS('',1,(#493,#494),.UNSPECIFIED.,.F.,.F.,
  (2,2),(-0.9,0.),.PIECEWISE_BEZIER_KNOTS.);
#493 = CARTESIAN_POINT('',(-2.1,-3.,3.9080669181));
#494 = CARTESIAN_POINT('',(-2.1,-2.1,3.9080669181));
#495 = ORIENTED_EDGE('',*,*,#422,.F.);
#496 = ORIENTED_EDGE('',*,*,#497,.T.);
#497 = EDGE_CURVE('',#416,#471,#498,.T.);
#498 = B_SPLINE_CURVE_WITH_KNOTS('',1,(#499,#500),.UNSPECIFIED.,.F.,.F.,
  (2,2),(-0.9,0.),.PIECEWISE_BEZIER_KNOTS.);
#499 = CARTESIAN_POINT('',(-2.1,-3.,0.1080669181));
#500 = CARTESIAN_POINT('',(-2.1,-2.1,0.1080669181));
#501 = ORIENTED_EDGE('',*,*,#470,.T.);
#502 = B_SPLINE_SURFACE_WITH_KNOTS('',1,1,(
    (#503,#504)
    ,(#505,#506
    )),.UNSPECIFIED.,.F.,.F.,.F.,(2,2),(2,2),(-0.9,0.),(0.,3.8),
  .PIECEWISE_BEZIER_KNOTS.);
#503 = CARTESIAN_POINT('',(-2.1,-3.,0.1080669181));
#504 = CARTESIAN_POINT('',(-2.1,-3.,3.9080669181));
#505 = CARTESIAN_POINT('',(-2.1,-2.1,0.1080669181));
#506 = CARTESIAN_POINT('',(-2.1,-2.1,3.9080669181));
#507 = ADVANCED_FACE('',(#508),#514,.T.);
#508 = FACE_BOUND('',#509,.T.);
#509 = EDGE_LOOP('',(#510,#511,#512,#513));
#510 = ORIENTED_EDGE('',*,*,#415,.F.);
#511 = ORIENTED_EDGE('',*,*,#449,.F.);
#512 = ORIENTED_EDGE('',*,*,#477,.F.);
#513 = ORIENTED_EDGE('',*,*,#497,.F.);
#514 = B_SPLINE_SURFACE_WITH_KNOTS('',1,1,(
    (#515,#516)
    ,(#517,#518
    )),.UNSPECIFIED.,.F.,.F.,.F.,(2,2),(2,2),(2.1,3.),(-3.,-2.1),
  .PIECEWISE_BEZIER_KNOTS.);
#515 = CARTESIAN_POINT('',(-2.1,-3.,0.1080669181));
#516 = CARTESIAN_POINT('',(-2.1,-2.1,0.1080669181));
#517 = CARTESIAN_POINT('',(-3.,-3.,0.1080669181));
#518 = CARTESIAN_POINT('',(-3.,-2.1,0.1080669181));
#519 = ADVANCED_FACE('',(#520),#526,.F.);
#520 = FACE_BOUND('',#521,.T.);
#521 = EDGE_LOOP('',(#522,#523,#524,#525));
#522 = ORIENTED_EDGE('',*,*,#399,.T.);
#523 = ORIENTED_EDGE('',*,*,#491,.T.);
#524 = ORIENTED_EDGE('',*,*,#463,.T.);
#525 = ORIENTED_EDGE('',*,*,#435,.T.);
#526 = B_SPLINE_SURFACE_WITH_KNOTS('',1,1,(
    (#527,#528)
    ,(#529,#530
    )),.UNSPECIFIED.,.F.,.F.,.F.,(2,2),(2,2),(2.1,3.),(-3.,-2.1),
  .PIECEWISE_BEZIER_KNOTS.);
#527 = CARTESIAN_POINT('',(-2.1,-3.,3.9080669181));
#528 = CARTESIAN_POINT('',(-2.1,-2.1,3.9080669181));
#529 = CARTESIAN_POINT('',(-3.,-3.,3.9080669181));
#530 = CARTESIAN_POINT('',(-3.,-2.1,3.9080669181));
#531 = MANIFOLD_SOLID_BREP('',#532);
#532 = CLOSED_SHELL('',(#533,#569,#597,#625,#645,#657));
#533 = ADVANCED_FACE('',(#534),#564,.T.);
#534 = FACE_BOUND('',#535,.T.);
#535 = EDGE_LOOP('',(#536,#545,#552,#559));
#536 = ORIENTED_EDGE('',*,*,#537,.F.);
#537 = EDGE_CURVE('',#538,#540,#542,.T.);
#538 = VERTEX_POINT('',#539);
#539 = CARTESIAN_POINT('',(2.1,-3.,3.9080669181));
#540 = VERTEX_POINT('',#541);
#541 = CARTESIAN_POINT('',(3.,-3.,3.9080669181));
#542 = B_SPLINE_CURVE_WITH_KNOTS('',1,(#543,#544),.UNSPECIFIED.,.F.,.F.,
  (2,2),(0.,0.9),.PIECEWISE_BEZIER_KNOTS.);
#543 = CARTESIAN_POINT('',(2.1,-3.,3.9080669181));
#544 = CARTESIAN_POINT('',(3.,-3.,3.9080669181));
#545 = ORIENTED_EDGE('',*,*,#546,.F.);
#546 = EDGE_CURVE('',#547,#538,#549,.T.);
#547 = VERTEX_POINT('',#548);
#548 = CARTESIAN_POINT('',(2.1,-3.,0.1080669181));
#549 = B_SPLINE_CURVE_WITH_KNOTS('',1,(#550,#551),.UNSPECIFIED.,.F.,.F.,
  (2,2),(0.,3.8),.PIECEWISE_BEZIER_KNOTS.);
#550 = CARTESIAN_POINT('',(2.1,-3.,0.1080669181));
#551 = CARTESIAN_POINT('',(2.1,-3.,3.9080669181));
#552 = ORIENTED_EDGE('',*,*,#553,.T.);
#553 = EDGE_CURVE('',#547,#554,#556,.T.);
#554 = VERTEX_POINT('',#555);
#555 = CARTESIAN_POINT('',(3.,-3.,0.1080669181));
#556 = B_SPLINE_CURVE_WITH_KNOTS('',1,(#557,#558),.UNSPECIFIED.,.F.,.F.,
  (2,2),(0.,0.9),.PIECEWISE_BEZIER_KNOTS.);
#557 = CARTESIAN_POINT('',(2.1,-3.,0.1080669181));
#558 = CARTESIAN_POINT('',(3.,-3.,0.1080669181));
#559 = ORIENTED_EDGE('',*,*,#560,.T.);
#560 = EDGE_CURVE('',#554,#540,#561,.T.);
#561 = B_SPLINE_CURVE_WITH_KNOTS('',1,(#562,#563),.UNSPECIFIED.,.F.,.F.,
  (2,2),(0.,3.8),.PIECEWISE_BEZIER_KNOTS.);
#562 = CARTESIAN_POINT('',(3.,-3.,0.1080669181));
#563 = CARTESIAN_POINT('',(3.,-3.,3.9080669181));
#564 = B_SPLINE_SURFACE_WITH_KNOTS('',1,1,(
    (#565,#566)
    ,(#567,#568
    )),.UNSPECIFIED.,.F.,.F.,.F.,(2,2),(2,2),(0.,0.9),(0.,3.8),
  .PIECEWISE_BEZIER_KNOTS.);
#565 = CARTESIAN_POINT('',(2.1,-3.,0.1080669181));
#566 = CARTESIAN_POINT('',(2.1,-3.,3.9080669181));
#567 = CARTESIAN_POINT('',(3.,-3.,0.1080669181));
#568 = CARTESIAN_POINT('',(3.,-3.,3.9080669181));
#569 = ADVANCED_FACE('',(#570),#592,.T.);
#570 = FACE_BOUND('',#571,.T.);
#571 = EDGE_LOOP('',(#572,#579,#586,#591));
#572 = ORIENTED_EDGE('',*,*,#573,.F.);
#573 = EDGE_CURVE('',#574,#538,#576,.T.);
#574 = VERTEX_POINT('',#575);
#575 = CARTESIAN_POINT('',(2.1,-2.1,3.9080669181));
#576 = B_SPLINE_CURVE_WITH_KNOTS('',1,(#577,#578),.UNSPECIFIED.,.F.,.F.,
  (2,2),(0.,0.9),.PIECEWISE_BEZIER_KNOTS.);
#577 = CARTESIAN_POINT('',(2.1,-2.1,3.9080669181));
#578 = CARTESIAN_POINT('',(2.1,-3.,3.9080669181));
#579 = ORIENTED_EDGE('',*,*,#580,.F.);
#580 = EDGE_CURVE('',#581,#574,#583,.T.);
#581 = VERTEX_POINT('',#582);
#582 = CARTESIAN_POINT('',(2.1,-2.1,0.1080669181));
#583 = B_SPLINE_CURVE_WITH_KNOTS('',1,(#584,#585),.UNSPECIFIED.,.F.,.F.,
  (2,2),(0.,3.8),.PIECEWISE_BEZIER_KNOTS.);
#584 = CARTESIAN_POINT('',(2.1,-2.1,0.1080669181));
#585 = CARTESIAN_POINT('',(2.1,-2.1,3.9080669181));
#586 = ORIENTED_EDGE('',*,*,#587,.T.);
#587 = EDGE_CURVE('',#581,#547,#588,.T.);
#588 = B_SPLINE_CURVE_WITH_KNOTS('',1,(#589,#590),.UNSPECIFIED.,.F.,.F.,
  (2,2),(0.,0.9),.PIECEWISE_BEZIER_KNOTS.);
#589 = CARTESIAN_POINT('',(2.1,-2.1,0.1080669181));
#590 = CARTESIAN_POINT('',(2.1,-3.,0.1080669181));
#591 = ORIENTED_EDGE('',*,*,#546,.T.);
#592 = B_SPLINE_SURFACE_WITH_KNOTS('',1,1,(
    (#593,#594)
    ,(#595,#596
    )),.UNSPECIFIED.,.F.,.F.,.F.,(2,2),(2,2),(0.,0.9),(0.,3.8),
  .PIECEWISE_BEZIER_KNOTS.);
#593 = CARTESIAN_POINT('',(2.1,-2.1,0.1080669181));
#594 = CARTESIAN_POINT('',(2.1,-2.1,3.9080669181));
#595 = CARTESIAN_POINT('',(2.1,-3.,0.1080669181));
#596 = CARTESIAN_POINT('',(2.1,-3.,3.9080669181));
#597 = ADVANCED_FACE('',(#598),#620,.T.);
#598 = FACE_BOUND('',#599,.T.);
#599 = EDGE_LOOP('',(#600,#607,#614,#619));
#600 = ORIENTED_EDGE('',*,*,#601,.F.);
#601 = EDGE_CURVE('',#602,#574,#604,.T.);
#602 = VERTEX_POINT('',#603);
#603 = CARTESIAN_POINT('',(3.,-2.1,3.9080669181));
#604 = B_SPLINE_CURVE_WITH_KNOTS('',1,(#605,#606),.UNSPECIFIED.,.F.,.F.,
  (2,2),(-0.9,-0.),.PIECEWISE_BEZIER_KNOTS.);
#605 = CARTESIAN_POINT('',(3.,-2.1,3.9080669181));
#606 = CARTESIAN_POINT('',(2.1,-2.1,3.9080669181));
#607 = ORIENTED_EDGE('',*,*,#608,.F.);
#608 = EDGE_CURVE('',#609,#602,#611,.T.);
#609 = VERTEX_POINT('',#610);
#610 = CARTESIAN_POINT('',(3.,-2.1,0.1080669181));
#611 = B_SPLINE_CURVE_WITH_KNOTS('',1,(#612,#613),.UNSPECIFIED.,.F.,.F.,
  (2,2),(0.,3.8),.PIECEWISE_BEZIER_KNOTS.);
#612 = CARTESIAN_POINT('',(3.,-2.1,0.1080669181));
#613 = CARTESIAN_POINT('',(3.,-2.1,3.9080669181));
#614 = ORIENTED_EDGE('',*,*,#615,.T.);
#615 = EDGE_CURVE('',#609,#581,#616,.T.);
#616 = B_SPLINE_CURVE_WITH_KNOTS('',1,(#617,#618),.UNSPECIFIED.,.F.,.F.,
  (2,2),(-0.9,-0.),.PIECEWISE_BEZIER_KNOTS.);
#617 = CARTESIAN_POINT('',(3.,-2.1,0.1080669181));
#618 = CARTESIAN_POINT('',(2.1,-2.1,0.1080669181));
#619 = ORIENTED_EDGE('',*,*,#580,.T.);
#620 = B_SPLINE_SURFACE_WITH_KNOTS('',1,1,(
    (#621,#622)
    ,(#623,#624
    )),.UNSPECIFIED.,.F.,.F.,.F.,(2,2),(2,2),(-0.9,0.),(0.,3.8),
  .PIECEWISE_BEZIER_KNOTS.);
#621 = CARTESIAN_POINT('',(3.,-2.1,0.1080669181));
#622 = CARTESIAN_POINT('',(3.,-2.1,3.9080669181));
#623 = CARTESIAN_POINT('',(2.1,-2.1,0.1080669181));
#624 = CARTESIAN_POINT('',(2.1,-2.1,3.9080669181));
#625 = ADVANCED_FACE('',(#626),#640,.T.);
#626 = FACE_BOUND('',#627,.T.);
#627 = EDGE_LOOP('',(#628,#633,#634,#639));
#628 = ORIENTED_EDGE('',*,*,#629,.F.);
#629 = EDGE_CURVE('',#540,#602,#630,.T.);
#630 = B_SPLINE_CURVE_WITH_KNOTS('',1,(#631,#632),.UNSPECIFIED.,.F.,.F.,
  (2,2),(-0.9,0.),.PIECEWISE_BEZIER_KNOTS.);
#631 = CARTESIAN_POINT('',(3.,-3.,3.9080669181));
#632 = CARTESIAN_POINT('',(3.,-2.1,3.9080669181));
#633 = ORIENTED_EDGE('',*,*,#560,.F.);
#634 = ORIENTED_EDGE('',*,*,#635,.T.);
#635 = EDGE_CURVE('',#554,#609,#636,.T.);
#636 = B_SPLINE_CURVE_WITH_KNOTS('',1,(#637,#638),.UNSPECIFIED.,.F.,.F.,
  (2,2),(-0.9,0.),.PIECEWISE_BEZIER_KNOTS.);
#637 = CARTESIAN_POINT('',(3.,-3.,0.1080669181));
#638 = CARTESIAN_POINT('',(3.,-2.1,0.1080669181));
#639 = ORIENTED_EDGE('',*,*,#608,.T.);
#640 = B_SPLINE_SURFACE_WITH_KNOTS('',1,1,(
    (#641,#642)
    ,(#643,#644
    )),.UNSPECIFIED.,.F.,.F.,.F.,(2,2),(2,2),(-0.9,0.),(0.,3.8),
  .PIECEWISE_BEZIER_KNOTS.);
#641 = CARTESIAN_POINT('',(3.,-3.,0.1080669181));
#642 = CARTESIAN_POINT('',(3.,-3.,3.9080669181));
#643 = CARTESIAN_POINT('',(3.,-2.1,0.1080669181));
#644 = CARTESIAN_POINT('',(3.,-2.1,3.9080669181));
#645 = ADVANCED_FACE('',(#646),#652,.T.);
#646 = FACE_BOUND('',#647,.T.);
#647 = EDGE_LOOP('',(#648,#649,#650,#651));
#648 = ORIENTED_EDGE('',*,*,#553,.F.);
#649 = ORIENTED_EDGE('',*,*,#587,.F.);
#650 = ORIENTED_EDGE('',*,*,#615,.F.);
#651 = ORIENTED_EDGE('',*,*,#635,.F.);
#652 = B_SPLINE_SURFACE_WITH_KNOTS('',1,1,(
    (#653,#654)
    ,(#655,#656
    )),.UNSPECIFIED.,.F.,.F.,.F.,(2,2),(2,2),(-3.,-2.1),(-3.,-2.1),
  .PIECEWISE_BEZIER_KNOTS.);
#653 = CARTESIAN_POINT('',(3.,-3.,0.1080669181));
#654 = CARTESIAN_POINT('',(3.,-2.1,0.1080669181));
#655 = CARTESIAN_POINT('',(2.1,-3.,0.1080669181));
#656 = CARTESIAN_POINT('',(2.1,-2.1,0.1080669181));
#657 = ADVANCED_FACE('',(#658),#664,.F.);
#658 = FACE_BOUND('',#659,.T.);
#659 = EDGE_LOOP('',(#660,#661,#662,#663));
#660 = ORIENTED_EDGE('',*,*,#537,.T.);
#661 = ORIENTED_EDGE('',*,*,#629,.T.);
#662 = ORIENTED_EDGE('',*,*,#601,.T.);
#663 = ORIENTED_EDGE('',*,*,#573,.T.);
#664 = B_SPLINE_SURFACE_WITH_KNOTS('',1,1,(
    (#665,#666)
    ,(#667,#668
    )),.UNSPECIFIED.,.F.,.F.,.F.,(2,2),(2,2),(-3.,-2.1),(-3.,-2.1),
  .PIECEWISE_BEZIER_KNOTS.);
#665 = CARTESIAN_POINT('',(3.,-3.,3.9080669181));
#666 = CARTESIAN_POINT('',(3.,-2.1,3.9080669181));
#667 = CARTESIAN_POINT('',(2.1,-3.,3.9080669181));
#668 = CARTESIAN_POINT('',(2.1,-2.1,3.9080669181));
#669 = MANIFOLD_SOLID_BREP('',#670);
#670 = CLOSED_SHELL('',(#671,#719,#767,#822,#859,#907,#955,#988,#1040,
    #1092,#1144,#1196,#1248,#1292,#1328,#1364,#1400,#1436,#1480,#1540,
    #1992,#2069,#2093,#2113,#2133,#2151,#2186,#2271,#2357,#2393,#2421,
    #2449,#2469,#2492,#2515,#2533,#2547,#2565,#2590,#2618,#2885,#3140,
    #3333,#3356,#3381,#3402,#3427));
#671 = ADVANCED_FACE('',(#672),#708,.F.);
#672 = FACE_BOUND('',#673,.F.);
#673 = EDGE_LOOP('',(#674,#683,#693,#700));
#674 = ORIENTED_EDGE('',*,*,#675,.T.);
#675 = EDGE_CURVE('',#676,#678,#680,.T.);
#676 = VERTEX_POINT('',#677);
#677 = CARTESIAN_POINT('',(0.6,0.,9.7080669181));
#678 = VERTEX_POINT('',#679);
#679 = CARTESIAN_POINT('',(0.6,0.,11.7080669181));
#680 = B_SPLINE_CURVE_WITH_KNOTS('',1,(#681,#682),.UNSPECIFIED.,.F.,.F.,
  (2,2),(0.,2.),.PIECEWISE_BEZIER_KNOTS.);
#681 = CARTESIAN_POINT('',(0.6,0.,9.7080669181));
#682 = CARTESIAN_POINT('',(0.6,0.,11.7080669181));
#683 = ORIENTED_EDGE('',*,*,#684,.F.);
#684 = EDGE_CURVE('',#685,#678,#687,.T.);
#685 = VERTEX_POINT('',#686);
#686 = CARTESIAN_POINT('',(-0.6,7.347880794884E-17,11.7080669181));
#687 = ( BOUNDED_CURVE() B_SPLINE_CURVE(2,(#688,#689,#690,#691,#692),
.UNSPECIFIED.,.F.,.F.) B_SPLINE_CURVE_WITH_KNOTS((3,2,3),(3.14159265359,
4.712388980385,6.28318530718),.PIECEWISE_BEZIER_KNOTS.) CURVE() 
GEOMETRIC_REPRESENTATION_ITEM() RATIONAL_B_SPLINE_CURVE((1.,
0.707106781187,1.,0.707106781187,1.)) REPRESENTATION_ITEM('') );
#688 = CARTESIAN_POINT('',(-0.6,7.347880794884E-17,11.7080669181));
#689 = CARTESIAN_POINT('',(-0.6,-0.6,11.7080669181));
#690 = CARTESIAN_POINT('',(-5.543074217733E-16,-0.6,11.7080669181));
#691 = CARTESIAN_POINT('',(0.6,-0.6,11.7080669181));
#692 = CARTESIAN_POINT('',(0.6,-1.469576158977E-16,11.7080669181));
#693 = ORIENTED_EDGE('',*,*,#694,.F.);
#694 = EDGE_CURVE('',#695,#685,#697,.T.);
#695 = VERTEX_POINT('',#696);
#696 = CARTESIAN_POINT('',(-0.6,7.347880794884E-17,9.7080669181));
#697 = B_SPLINE_CURVE_WITH_KNOTS('',1,(#698,#699),.UNSPECIFIED.,.F.,.F.,
  (2,2),(0.,2.),.PIECEWISE_BEZIER_KNOTS.);
#698 = CARTESIAN_POINT('',(-0.6,7.347880794884E-17,9.7080669181));
#699 = CARTESIAN_POINT('',(-0.6,7.347880794884E-17,11.7080669181));
#700 = ORIENTED_EDGE('',*,*,#701,.T.);
#701 = EDGE_CURVE('',#695,#676,#702,.T.);
#702 = ( BOUNDED_CURVE() B_SPLINE_CURVE(2,(#703,#704,#705,#706,#707),
.UNSPECIFIED.,.F.,.F.) B_SPLINE_CURVE_WITH_KNOTS((3,2,3),(3.14159265359,
4.712388980385,6.28318530718),.PIECEWISE_BEZIER_KNOTS.) CURVE() 
GEOMETRIC_REPRESENTATION_ITEM() RATIONAL_B_SPLINE_CURVE((1.,
0.707106781187,1.,0.707106781187,1.)) REPRESENTATION_ITEM('') );
#703 = CARTESIAN_POINT('',(-0.6,7.347880794884E-17,9.7080669181));
#704 = CARTESIAN_POINT('',(-0.6,-0.6,9.7080669181));
#705 = CARTESIAN_POINT('',(-5.543074217733E-16,-0.6,9.7080669181));
#706 = CARTESIAN_POINT('',(0.6,-0.6,9.7080669181));
#707 = CARTESIAN_POINT('',(0.6,-1.469576158977E-16,9.7080669181));
#708 = ( BOUNDED_SURFACE() B_SPLINE_SURFACE(2,1,(
    (#709,#710)
    ,(#711,#712)
    ,(#713,#714)
    ,(#715,#716)
,(#717,#718
    )),.UNSPECIFIED.,.F.,.F.,.F.) B_SPLINE_SURFACE_WITH_KNOTS((3,2,3),(2
    ,2),(3.14159265359,4.712388980385,6.28318530718),(0.,2.),
.PIECEWISE_BEZIER_KNOTS.) GEOMETRIC_REPRESENTATION_ITEM() 
RATIONAL_B_SPLINE_SURFACE((
    (1.,1.)
    ,(0.707106781187,0.707106781187)
    ,(1.,1.)
    ,(0.707106781187,0.707106781187)
,(1.,1.))) REPRESENTATION_ITEM('') SURFACE() );
#709 = CARTESIAN_POINT('',(-0.6,7.347880794884E-17,9.7080669181));
#710 = CARTESIAN_POINT('',(-0.6,7.347880794884E-17,11.7080669181));
#711 = CARTESIAN_POINT('',(-0.6,-0.6,9.7080669181));
#712 = CARTESIAN_POINT('',(-0.6,-0.6,11.7080669181));
#713 = CARTESIAN_POINT('',(-5.543074217733E-16,-0.6,9.7080669181));
#714 = CARTESIAN_POINT('',(-5.543074217733E-16,-0.6,11.7080669181));
#715 = CARTESIAN_POINT('',(0.6,-0.6,9.7080669181));
#716 = CARTESIAN_POINT('',(0.6,-0.6,11.7080669181));
#717 = CARTESIAN_POINT('',(0.6,-1.469576158977E-16,9.7080669181));
#718 = CARTESIAN_POINT('',(0.6,-1.469576158977E-16,11.7080669181));
#719 = ADVANCED_FACE('',(#720),#756,.F.);
#720 = FACE_BOUND('',#721,.F.);
#721 = EDGE_LOOP('',(#722,#731,#741,#748));
#722 = ORIENTED_EDGE('',*,*,#723,.T.);
#723 = EDGE_CURVE('',#724,#726,#728,.T.);
#724 = VERTEX_POINT('',#725);
#725 = CARTESIAN_POINT('',(2.283378977801,0.,11.7080669181));
#726 = VERTEX_POINT('',#727);
#727 = CARTESIAN_POINT('',(2.283378977801,0.,13.7080669181));
#728 = B_SPLINE_CURVE_WITH_KNOTS('',1,(#729,#730),.UNSPECIFIED.,.F.,.F.,
  (2,2),(0.,2.),.PIECEWISE_BEZIER_KNOTS.);
#729 = CARTESIAN_POINT('',(2.283378977801,0.,11.7080669181));
#730 = CARTESIAN_POINT('',(2.283378977801,0.,13.7080669181));
#731 = ORIENTED_EDGE('',*,*,#732,.F.);
#732 = EDGE_CURVE('',#733,#726,#735,.T.);
#733 = VERTEX_POINT('',#734);
#734 = CARTESIAN_POINT('',(-2.283378977801,2.796332756404E-16,
    13.7080669181));
#735 = ( BOUNDED_CURVE() B_SPLINE_CURVE(2,(#736,#737,#738,#739,#740),
.UNSPECIFIED.,.F.,.F.) B_SPLINE_CURVE_WITH_KNOTS((3,2,3),(3.14159265359,
4.712388980385,6.28318530718),.PIECEWISE_BEZIER_KNOTS.) CURVE() 
GEOMETRIC_REPRESENTATION_ITEM() RATIONAL_B_SPLINE_CURVE((1.,
0.707106781187,1.,0.707106781187,1.)) REPRESENTATION_ITEM('') );
#736 = CARTESIAN_POINT('',(-2.283378977801,2.796332756404E-16,
    13.7080669181));
#737 = CARTESIAN_POINT('',(-2.283378977801,-2.283378977801,13.7080669181
    ));
#738 = CARTESIAN_POINT('',(-8.635391233107E-16,-2.283378977801,
    13.7080669181));
#739 = CARTESIAN_POINT('',(2.283378977801,-2.283378977801,13.7080669181)
  );
#740 = CARTESIAN_POINT('',(2.283378977801,-5.592665512808E-16,
    13.7080669181));
#741 = ORIENTED_EDGE('',*,*,#742,.F.);
#742 = EDGE_CURVE('',#743,#733,#745,.T.);
#743 = VERTEX_POINT('',#744);
#744 = CARTESIAN_POINT('',(-2.283378977801,2.796332756404E-16,
    11.7080669181));
#745 = B_SPLINE_CURVE_WITH_KNOTS('',1,(#746,#747),.UNSPECIFIED.,.F.,.F.,
  (2,2),(0.,2.),.PIECEWISE_BEZIER_KNOTS.);
#746 = CARTESIAN_POINT('',(-2.283378977801,2.796332756404E-16,
    11.7080669181));
#747 = CARTESIAN_POINT('',(-2.283378977801,2.796332756404E-16,
    13.7080669181));
#748 = ORIENTED_EDGE('',*,*,#749,.T.);
#749 = EDGE_CURVE('',#743,#724,#750,.T.);
#750 = ( BOUNDED_CURVE() B_SPLINE_CURVE(2,(#751,#752,#753,#754,#755),
.UNSPECIFIED.,.F.,.F.) B_SPLINE_CURVE_WITH_KNOTS((3,2,3),(3.14159265359,
4.712388980385,6.28318530718),.PIECEWISE_BEZIER_KNOTS.) CURVE() 
GEOMETRIC_REPRESENTATION_ITEM() RATIONAL_B_SPLINE_CURVE((1.,
0.707106781187,1.,0.707106781187,1.)) REPRESENTATION_ITEM('') );
#751 = CARTESIAN_POINT('',(-2.283378977801,2.796332756404E-16,
    11.7080669181));
#752 = CARTESIAN_POINT('',(-2.283378977801,-2.283378977801,11.7080669181
    ));
#753 = CARTESIAN_POINT('',(-8.635391233107E-16,-2.283378977801,
    11.7080669181));
#754 = CARTESIAN_POINT('',(2.283378977801,-2.283378977801,11.7080669181)
  );
#755 = CARTESIAN_POINT('',(2.283378977801,-5.592665512808E-16,
    11.7080669181));
#756 = ( BOUNDED_SURFACE() B_SPLINE_SURFACE(2,1,(
    (#757,#758)
    ,(#759,#760)
    ,(#761,#762)
    ,(#763,#764)
,(#765,#766
    )),.UNSPECIFIED.,.F.,.F.,.F.) B_SPLINE_SURFACE_WITH_KNOTS((3,2,3),(2
    ,2),(3.14159265359,4.712388980385,6.28318530718),(0.,2.),
.PIECEWISE_BEZIER_KNOTS.) GEOMETRIC_REPRESENTATION_ITEM() 
RATIONAL_B_SPLINE_SURFACE((
    (1.,1.)
    ,(0.707106781187,0.707106781187)
    ,(1.,1.)
    ,(0.707106781187,0.707106781187)
,(1.,1.))) REPRESENTATION_ITEM('') SURFACE() );
#757 = CARTESIAN_POINT('',(-2.283378977801,2.796332756404E-16,
    11.7080669181));
#758 = CARTESIAN_POINT('',(-2.283378977801,2.796332756404E-16,
    13.7080669181));
#759 = CARTESIAN_POINT('',(-2.283378977801,-2.283378977801,11.7080669181
    ));
#760 = CARTESIAN_POINT('',(-2.283378977801,-2.283378977801,13.7080669181
    ));
#761 = CARTESIAN_POINT('',(-8.635391233107E-16,-2.283378977801,
    11.7080669181));
#762 = CARTESIAN_POINT('',(-8.635391233107E-16,-2.283378977801,
    13.7080669181));
#763 = CARTESIAN_POINT('',(2.283378977801,-2.283378977801,11.7080669181)
  );
#764 = CARTESIAN_POINT('',(2.283378977801,-2.283378977801,13.7080669181)
  );
#765 = CARTESIAN_POINT('',(2.283378977801,-5.592665512808E-16,
    11.7080669181));
#766 = CARTESIAN_POINT('',(2.283378977801,-5.592665512808E-16,
    13.7080669181));
#767 = ADVANCED_FACE('',(#768),#806,.T.);
#768 = FACE_BOUND('',#769,.T.);
#769 = EDGE_LOOP('',(#770,#782,#790,#800));
#770 = ORIENTED_EDGE('',*,*,#771,.F.);
#771 = EDGE_CURVE('',#772,#774,#776,.T.);
#772 = VERTEX_POINT('',#773);
#773 = CARTESIAN_POINT('',(-2.6,3.184081677783E-16,13.5080669181));
#774 = VERTEX_POINT('',#775);
#775 = CARTESIAN_POINT('',(2.6,0.,13.5080669181));
#776 = ( BOUNDED_CURVE() B_SPLINE_CURVE(2,(#777,#778,#779,#780,#781),
.UNSPECIFIED.,.F.,.F.) B_SPLINE_CURVE_WITH_KNOTS((3,2,3),(3.14159265359,
4.712388980385,6.28318530718),.PIECEWISE_BEZIER_KNOTS.) CURVE() 
GEOMETRIC_REPRESENTATION_ITEM() RATIONAL_B_SPLINE_CURVE((1.,
0.707106781187,1.,0.707106781187,1.)) REPRESENTATION_ITEM('') );
#777 = CARTESIAN_POINT('',(-2.6,-3.184081677783E-16,13.5080669181));
#778 = CARTESIAN_POINT('',(-2.6,2.6,13.5080669181));
#779 = CARTESIAN_POINT('',(-9.217014615175E-16,2.6,13.5080669181));
#780 = CARTESIAN_POINT('',(2.6,2.6,13.5080669181));
#781 = CARTESIAN_POINT('',(2.6,6.368163355566E-16,13.5080669181));
#782 = ORIENTED_EDGE('',*,*,#783,.T.);
#783 = EDGE_CURVE('',#772,#784,#786,.T.);
#784 = VERTEX_POINT('',#785);
#785 = CARTESIAN_POINT('',(-2.4,3.061616997868E-16,13.7080669181));
#786 = ( BOUNDED_CURVE() B_SPLINE_CURVE(2,(#787,#788,#789),
.UNSPECIFIED.,.F.,.F.) B_SPLINE_CURVE_WITH_KNOTS((3,3),(0.,
1.570796326795),.PIECEWISE_BEZIER_KNOTS.) CURVE() 
GEOMETRIC_REPRESENTATION_ITEM() RATIONAL_B_SPLINE_CURVE((1.,
0.707106781187,1.)) REPRESENTATION_ITEM('') );
#787 = CARTESIAN_POINT('',(-2.6,3.184081677783E-16,13.5080669181));
#788 = CARTESIAN_POINT('',(-2.6,3.184081677783E-16,13.7080669181));
#789 = CARTESIAN_POINT('',(-2.4,2.939152317954E-16,13.7080669181));
#790 = ORIENTED_EDGE('',*,*,#791,.F.);
#791 = EDGE_CURVE('',#792,#784,#794,.T.);
#792 = VERTEX_POINT('',#793);
#793 = CARTESIAN_POINT('',(2.4,0.,13.7080669181));
#794 = ( BOUNDED_CURVE() B_SPLINE_CURVE(2,(#795,#796,#797,#798,#799),
.UNSPECIFIED.,.F.,.F.) B_SPLINE_CURVE_WITH_KNOTS((3,2,3),(0.,
1.570796326795,3.14159265359),.PIECEWISE_BEZIER_KNOTS.) CURVE() 
GEOMETRIC_REPRESENTATION_ITEM() RATIONAL_B_SPLINE_CURVE((1.,
0.707106781187,1.,0.707106781187,1.)) REPRESENTATION_ITEM('') );
#795 = CARTESIAN_POINT('',(2.4,0.,13.7080669181));
#796 = CARTESIAN_POINT('',(2.4,2.4,13.7080669181));
#797 = CARTESIAN_POINT('',(-2.971315939524E-16,2.4,13.7080669181));
#798 = CARTESIAN_POINT('',(-2.4,2.4,13.7080669181));
#799 = CARTESIAN_POINT('',(-2.4,2.939152317954E-16,13.7080669181));
#800 = ORIENTED_EDGE('',*,*,#801,.F.);
#801 = EDGE_CURVE('',#774,#792,#802,.T.);
#802 = ( BOUNDED_CURVE() B_SPLINE_CURVE(2,(#803,#804,#805),
.UNSPECIFIED.,.F.,.F.) B_SPLINE_CURVE_WITH_KNOTS((3,3),(1.570796326795,
3.14159265359),.PIECEWISE_BEZIER_KNOTS.) CURVE() 
GEOMETRIC_REPRESENTATION_ITEM() RATIONAL_B_SPLINE_CURVE((1.,
0.707106781187,1.)) REPRESENTATION_ITEM('') );
#803 = CARTESIAN_POINT('',(2.6,0.,13.5080669181));
#804 = CARTESIAN_POINT('',(2.6,0.,13.7080669181));
#805 = CARTESIAN_POINT('',(2.4,0.,13.7080669181));
#806 = ( BOUNDED_SURFACE() B_SPLINE_SURFACE(2,2,(
    (#807,#808,#809)
    ,(#810,#811,#812)
    ,(#813,#814,#815)
    ,(#816,#817,#818)
    ,(#819,#820,#821
)),.UNSPECIFIED.,.F.,.F.,.F.) B_SPLINE_SURFACE_WITH_KNOTS((3,2,3),(3,3),
  (0.,1.570796326795,3.14159265359),(0.,1.570796326795),
.PIECEWISE_BEZIER_KNOTS.) GEOMETRIC_REPRESENTATION_ITEM() 
RATIONAL_B_SPLINE_SURFACE((
    (1.,0.707106781187,1.)
    ,(0.707106781187,0.5,0.707106781187)
    ,(1.,0.707106781187,1.)
    ,(0.707106781187,0.5,0.707106781187)
,(1.,0.707106781187,1.))) REPRESENTATION_ITEM('') SURFACE() );
#807 = CARTESIAN_POINT('',(2.6,0.,13.5080669181));
#808 = CARTESIAN_POINT('',(2.6,0.,13.7080669181));
#809 = CARTESIAN_POINT('',(2.4,0.,13.7080669181));
#810 = CARTESIAN_POINT('',(2.6,2.6,13.5080669181));
#811 = CARTESIAN_POINT('',(2.6,2.6,13.7080669181));
#812 = CARTESIAN_POINT('',(2.4,2.4,13.7080669181));
#813 = CARTESIAN_POINT('',(-2.848851259609E-16,2.6,13.5080669181));
#814 = CARTESIAN_POINT('',(-2.848851259609E-16,2.6,13.7080669181));
#815 = CARTESIAN_POINT('',(-2.971315939524E-16,2.4,13.7080669181));
#816 = CARTESIAN_POINT('',(-2.6,2.6,13.5080669181));
#817 = CARTESIAN_POINT('',(-2.6,2.6,13.7080669181));
#818 = CARTESIAN_POINT('',(-2.4,2.4,13.7080669181));
#819 = CARTESIAN_POINT('',(-2.6,3.184081677783E-16,13.5080669181));
#820 = CARTESIAN_POINT('',(-2.6,3.184081677783E-16,13.7080669181));
#821 = CARTESIAN_POINT('',(-2.4,2.939152317954E-16,13.7080669181));
#822 = ADVANCED_FACE('',(#823),#848,.T.);
#823 = FACE_BOUND('',#824,.T.);
#824 = EDGE_LOOP('',(#825,#837,#842,#843));
#825 = ORIENTED_EDGE('',*,*,#826,.T.);
#826 = EDGE_CURVE('',#827,#829,#831,.T.);
#827 = VERTEX_POINT('',#828);
#828 = CARTESIAN_POINT('',(2.6,0.,12.7080669181));
#829 = VERTEX_POINT('',#830);
#830 = CARTESIAN_POINT('',(-2.6,3.184081677783E-16,12.7080669181));
#831 = ( BOUNDED_CURVE() B_SPLINE_CURVE(2,(#832,#833,#834,#835,#836),
.UNSPECIFIED.,.F.,.F.) B_SPLINE_CURVE_WITH_KNOTS((3,2,3),(0.,
1.570796326795,3.14159265359),.PIECEWISE_BEZIER_KNOTS.) CURVE() 
GEOMETRIC_REPRESENTATION_ITEM() RATIONAL_B_SPLINE_CURVE((1.,
0.707106781187,1.,0.707106781187,1.)) REPRESENTATION_ITEM('') );
#832 = CARTESIAN_POINT('',(2.6,0.,12.7080669181));
#833 = CARTESIAN_POINT('',(2.6,2.6,12.7080669181));
#834 = CARTESIAN_POINT('',(-2.848851259609E-16,2.6,12.7080669181));
#835 = CARTESIAN_POINT('',(-2.6,2.6,12.7080669181));
#836 = CARTESIAN_POINT('',(-2.6,3.184081677783E-16,12.7080669181));
#837 = ORIENTED_EDGE('',*,*,#838,.T.);
#838 = EDGE_CURVE('',#829,#772,#839,.T.);
#839 = B_SPLINE_CURVE_WITH_KNOTS('',1,(#840,#841),.UNSPECIFIED.,.F.,.F.,
  (2,2),(0.,0.8),.PIECEWISE_BEZIER_KNOTS.);
#840 = CARTESIAN_POINT('',(-2.6,3.184081677783E-16,12.7080669181));
#841 = CARTESIAN_POINT('',(-2.6,3.184081677783E-16,13.5080669181));
#842 = ORIENTED_EDGE('',*,*,#771,.T.);
#843 = ORIENTED_EDGE('',*,*,#844,.F.);
#844 = EDGE_CURVE('',#827,#774,#845,.T.);
#845 = B_SPLINE_CURVE_WITH_KNOTS('',1,(#846,#847),.UNSPECIFIED.,.F.,.F.,
  (2,2),(0.,0.8),.PIECEWISE_BEZIER_KNOTS.);
#846 = CARTESIAN_POINT('',(2.6,0.,12.7080669181));
#847 = CARTESIAN_POINT('',(2.6,0.,13.5080669181));
#848 = ( BOUNDED_SURFACE() B_SPLINE_SURFACE(2,1,(
    (#849,#850)
    ,(#851,#852)
    ,(#853,#854)
    ,(#855,#856)
,(#857,#858
    )),.UNSPECIFIED.,.F.,.F.,.F.) B_SPLINE_SURFACE_WITH_KNOTS((3,2,3),(2
    ,2),(0.,1.570796326795,3.14159265359),(0.,0.8),
.PIECEWISE_BEZIER_KNOTS.) GEOMETRIC_REPRESENTATION_ITEM() 
RATIONAL_B_SPLINE_SURFACE((
    (1.,1.)
    ,(0.707106781187,0.707106781187)
    ,(1.,1.)
    ,(0.707106781187,0.707106781187)
,(1.,1.))) REPRESENTATION_ITEM('') SURFACE() );
#849 = CARTESIAN_POINT('',(2.6,0.,12.7080669181));
#850 = CARTESIAN_POINT('',(2.6,0.,13.5080669181));
#851 = CARTESIAN_POINT('',(2.6,2.6,12.7080669181));
#852 = CARTESIAN_POINT('',(2.6,2.6,13.5080669181));
#853 = CARTESIAN_POINT('',(-2.848851259609E-16,2.6,12.7080669181));
#854 = CARTESIAN_POINT('',(-2.848851259609E-16,2.6,13.5080669181));
#855 = CARTESIAN_POINT('',(-2.6,2.6,12.7080669181));
#856 = CARTESIAN_POINT('',(-2.6,2.6,13.5080669181));
#857 = CARTESIAN_POINT('',(-2.6,3.184081677783E-16,12.7080669181));
#858 = CARTESIAN_POINT('',(-2.6,3.184081677783E-16,13.5080669181));
#859 = ADVANCED_FACE('',(#860),#896,.T.);
#860 = FACE_BOUND('',#861,.T.);
#861 = EDGE_LOOP('',(#862,#874,#881,#891));
#862 = ORIENTED_EDGE('',*,*,#863,.F.);
#863 = EDGE_CURVE('',#864,#866,#868,.T.);
#864 = VERTEX_POINT('',#865);
#865 = CARTESIAN_POINT('',(2.65,3.24531401774E-16,8.7080669181));
#866 = VERTEX_POINT('',#867);
#867 = CARTESIAN_POINT('',(-2.65,0.,8.7080669181));
#868 = ( BOUNDED_CURVE() B_SPLINE_CURVE(2,(#869,#870,#871,#872,#873),
.UNSPECIFIED.,.F.,.F.) B_SPLINE_CURVE_WITH_KNOTS((3,2,3),(0.,
1.570796326795,3.14159265359),.PIECEWISE_BEZIER_KNOTS.) CURVE() 
GEOMETRIC_REPRESENTATION_ITEM() RATIONAL_B_SPLINE_CURVE((1.,
0.707106781187,1.,0.707106781187,1.)) REPRESENTATION_ITEM('') );
#869 = CARTESIAN_POINT('',(2.65,0.,8.7080669181));
#870 = CARTESIAN_POINT('',(2.65,2.65,8.7080669181));
#871 = CARTESIAN_POINT('',(-2.81823508963E-16,2.65,8.7080669181));
#872 = CARTESIAN_POINT('',(-2.65,2.65,8.7080669181));
#873 = CARTESIAN_POINT('',(-2.65,3.24531401774E-16,8.7080669181));
#874 = ORIENTED_EDGE('',*,*,#875,.T.);
#875 = EDGE_CURVE('',#864,#876,#878,.T.);
#876 = VERTEX_POINT('',#877);
#877 = CARTESIAN_POINT('',(2.65,3.24531401774E-16,5.7080669181));
#878 = B_SPLINE_CURVE_WITH_KNOTS('',1,(#879,#880),.UNSPECIFIED.,.F.,.F.,
  (2,2),(-0.,3.),.PIECEWISE_BEZIER_KNOTS.);
#879 = CARTESIAN_POINT('',(2.65,3.24531401774E-16,8.7080669181));
#880 = CARTESIAN_POINT('',(2.65,3.24531401774E-16,5.7080669181));
#881 = ORIENTED_EDGE('',*,*,#882,.T.);
#882 = EDGE_CURVE('',#876,#883,#885,.T.);
#883 = VERTEX_POINT('',#884);
#884 = CARTESIAN_POINT('',(-2.65,0.,5.7080669181));
#885 = ( BOUNDED_CURVE() B_SPLINE_CURVE(2,(#886,#887,#888,#889,#890),
.UNSPECIFIED.,.F.,.F.) B_SPLINE_CURVE_WITH_KNOTS((3,2,3),(0.,
1.570796326795,3.14159265359),.PIECEWISE_BEZIER_KNOTS.) CURVE() 
GEOMETRIC_REPRESENTATION_ITEM() RATIONAL_B_SPLINE_CURVE((1.,
0.707106781187,1.,0.707106781187,1.)) REPRESENTATION_ITEM('') );
#886 = CARTESIAN_POINT('',(2.65,0.,5.7080669181));
#887 = CARTESIAN_POINT('',(2.65,2.65,5.7080669181));
#888 = CARTESIAN_POINT('',(-2.81823508963E-16,2.65,5.7080669181));
#889 = CARTESIAN_POINT('',(-2.65,2.65,5.7080669181));
#890 = CARTESIAN_POINT('',(-2.65,3.24531401774E-16,5.7080669181));
#891 = ORIENTED_EDGE('',*,*,#892,.F.);
#892 = EDGE_CURVE('',#866,#883,#893,.T.);
#893 = B_SPLINE_CURVE_WITH_KNOTS('',1,(#894,#895),.UNSPECIFIED.,.F.,.F.,
  (2,2),(-0.,3.),.PIECEWISE_BEZIER_KNOTS.);
#894 = CARTESIAN_POINT('',(-2.65,0.,8.7080669181));
#895 = CARTESIAN_POINT('',(-2.65,0.,5.7080669181));
#896 = ( BOUNDED_SURFACE() B_SPLINE_SURFACE(2,1,(
    (#897,#898)
    ,(#899,#900)
    ,(#901,#902)
    ,(#903,#904)
,(#905,#906
    )),.UNSPECIFIED.,.F.,.F.,.F.) B_SPLINE_SURFACE_WITH_KNOTS((3,2,3),(2
    ,2),(0.,1.570796326795,3.14159265359),(0.,3.),
.PIECEWISE_BEZIER_KNOTS.) GEOMETRIC_REPRESENTATION_ITEM() 
RATIONAL_B_SPLINE_SURFACE((
    (1.,1.)
    ,(0.707106781187,0.707106781187)
    ,(1.,1.)
    ,(0.707106781187,0.707106781187)
,(1.,1.))) REPRESENTATION_ITEM('') SURFACE() );
#897 = CARTESIAN_POINT('',(-2.65,0.,8.7080669181));
#898 = CARTESIAN_POINT('',(-2.65,0.,5.7080669181));
#899 = CARTESIAN_POINT('',(-2.65,2.65,8.7080669181));
#900 = CARTESIAN_POINT('',(-2.65,2.65,5.7080669181));
#901 = CARTESIAN_POINT('',(-6.063549107371E-16,2.65,8.7080669181));
#902 = CARTESIAN_POINT('',(-6.063549107371E-16,2.65,5.7080669181));
#903 = CARTESIAN_POINT('',(2.65,2.65,8.7080669181));
#904 = CARTESIAN_POINT('',(2.65,2.65,5.7080669181));
#905 = CARTESIAN_POINT('',(2.65,3.24531401774E-16,8.7080669181));
#906 = CARTESIAN_POINT('',(2.65,3.24531401774E-16,5.7080669181));
#907 = ADVANCED_FACE('',(#908),#944,.F.);
#908 = FACE_BOUND('',#909,.F.);
#909 = EDGE_LOOP('',(#910,#919,#929,#936));
#910 = ORIENTED_EDGE('',*,*,#911,.T.);
#911 = EDGE_CURVE('',#912,#914,#916,.T.);
#912 = VERTEX_POINT('',#913);
#913 = CARTESIAN_POINT('',(-2.,0.,4.1080669181));
#914 = VERTEX_POINT('',#915);
#915 = CARTESIAN_POINT('',(-2.,0.,3.9080669181));
#916 = B_SPLINE_CURVE_WITH_KNOTS('',1,(#917,#918),.UNSPECIFIED.,.F.,.F.,
  (2,2),(-0.,0.2),.PIECEWISE_BEZIER_KNOTS.);
#917 = CARTESIAN_POINT('',(-2.,0.,4.1080669181));
#918 = CARTESIAN_POINT('',(-2.,0.,3.9080669181));
#919 = ORIENTED_EDGE('',*,*,#920,.F.);
#920 = EDGE_CURVE('',#921,#914,#923,.T.);
#921 = VERTEX_POINT('',#922);
#922 = CARTESIAN_POINT('',(2.,2.449293598295E-16,3.9080669181));
#923 = ( BOUNDED_CURVE() B_SPLINE_CURVE(2,(#924,#925,#926,#927,#928),
.UNSPECIFIED.,.F.,.F.) B_SPLINE_CURVE_WITH_KNOTS((3,2,3),(3.14159265359,
4.712388980385,6.28318530718),.PIECEWISE_BEZIER_KNOTS.) CURVE() 
GEOMETRIC_REPRESENTATION_ITEM() RATIONAL_B_SPLINE_CURVE((1.,
0.707106781187,1.,0.707106781187,1.)) REPRESENTATION_ITEM('') );
#924 = CARTESIAN_POINT('',(2.,2.449293598295E-16,3.9080669181));
#925 = CARTESIAN_POINT('',(2.,-2.,3.9080669181));
#926 = CARTESIAN_POINT('',(-7.669517010586E-17,-2.,3.9080669181));
#927 = CARTESIAN_POINT('',(-2.,-2.,3.9080669181));
#928 = CARTESIAN_POINT('',(-2.,-4.898587196589E-16,3.9080669181));
#929 = ORIENTED_EDGE('',*,*,#930,.F.);
#930 = EDGE_CURVE('',#931,#921,#933,.T.);
#931 = VERTEX_POINT('',#932);
#932 = CARTESIAN_POINT('',(2.,2.449293598295E-16,4.1080669181));
#933 = B_SPLINE_CURVE_WITH_KNOTS('',1,(#934,#935),.UNSPECIFIED.,.F.,.F.,
  (2,2),(-0.,0.2),.PIECEWISE_BEZIER_KNOTS.);
#934 = CARTESIAN_POINT('',(2.,2.449293598295E-16,4.1080669181));
#935 = CARTESIAN_POINT('',(2.,2.449293598295E-16,3.9080669181));
#936 = ORIENTED_EDGE('',*,*,#937,.T.);
#937 = EDGE_CURVE('',#931,#912,#938,.T.);
#938 = ( BOUNDED_CURVE() B_SPLINE_CURVE(2,(#939,#940,#941,#942,#943),
.UNSPECIFIED.,.F.,.F.) B_SPLINE_CURVE_WITH_KNOTS((3,2,3),(3.14159265359,
4.712388980385,6.28318530718),.PIECEWISE_BEZIER_KNOTS.) CURVE() 
GEOMETRIC_REPRESENTATION_ITEM() RATIONAL_B_SPLINE_CURVE((1.,
0.707106781187,1.,0.707106781187,1.)) REPRESENTATION_ITEM('') );
#939 = CARTESIAN_POINT('',(2.,2.449293598295E-16,4.1080669181));
#940 = CARTESIAN_POINT('',(2.,-2.,4.1080669181));
#941 = CARTESIAN_POINT('',(-7.669517010586E-17,-2.,4.1080669181));
#942 = CARTESIAN_POINT('',(-2.,-2.,4.1080669181));
#943 = CARTESIAN_POINT('',(-2.,-4.898587196589E-16,4.1080669181));
#944 = ( BOUNDED_SURFACE() B_SPLINE_SURFACE(2,1,(
    (#945,#946)
    ,(#947,#948)
    ,(#949,#950)
    ,(#951,#952)
,(#953,#954
    )),.UNSPECIFIED.,.F.,.F.,.F.) B_SPLINE_SURFACE_WITH_KNOTS((3,2,3),(2
    ,2),(3.14159265359,4.712388980385,6.28318530718),(0.,0.2),
.PIECEWISE_BEZIER_KNOTS.) GEOMETRIC_REPRESENTATION_ITEM() 
RATIONAL_B_SPLINE_SURFACE((
    (1.,1.)
    ,(0.707106781187,0.707106781187)
    ,(1.,1.)
    ,(0.707106781187,0.707106781187)
,(1.,1.))) REPRESENTATION_ITEM('') SURFACE() );
#945 = CARTESIAN_POINT('',(2.,2.449293598295E-16,4.1080669181));
#946 = CARTESIAN_POINT('',(2.,2.449293598295E-16,3.9080669181));
#947 = CARTESIAN_POINT('',(2.,-2.,4.1080669181));
#948 = CARTESIAN_POINT('',(2.,-2.,3.9080669181));
#949 = CARTESIAN_POINT('',(-7.669517010586E-17,-2.,4.1080669181));
#950 = CARTESIAN_POINT('',(-7.669517010586E-17,-2.,3.9080669181));
#951 = CARTESIAN_POINT('',(-2.,-2.,4.1080669181));
#952 = CARTESIAN_POINT('',(-2.,-2.,3.9080669181));
#953 = CARTESIAN_POINT('',(-2.,-4.898587196589E-16,4.1080669181));
#954 = CARTESIAN_POINT('',(-2.,-4.898587196589E-16,3.9080669181));
#955 = ADVANCED_FACE('',(#956),#981,.T.);
#956 = FACE_BOUND('',#957,.T.);
#957 = EDGE_LOOP('',(#958,#968,#975));
#958 = ORIENTED_EDGE('',*,*,#959,.F.);
#959 = EDGE_CURVE('',#960,#962,#964,.T.);
#960 = VERTEX_POINT('',#961);
#961 = CARTESIAN_POINT('',(3.175,3.888253587293E-16,12.7080669181));
#962 = VERTEX_POINT('',#963);
#963 = CARTESIAN_POINT('',(2.755859347253,1.576662379255,12.7080669181)
  );
#964 = ( BOUNDED_CURVE() B_SPLINE_CURVE(2,(#965,#966,#967),
.UNSPECIFIED.,.F.,.F.) B_SPLINE_CURVE_WITH_KNOTS((3,3),(0.,
0.519661757554),.PIECEWISE_BEZIER_KNOTS.) CURVE() 
GEOMETRIC_REPRESENTATION_ITEM() RATIONAL_B_SPLINE_CURVE((1.,
0.966433442091,1.)) REPRESENTATION_ITEM('') );
#965 = CARTESIAN_POINT('',(3.175,0.,12.7080669181));
#966 = CARTESIAN_POINT('',(3.175,0.84404346167,12.7080669181));
#967 = CARTESIAN_POINT('',(2.755859347253,1.576662379255,12.7080669181)
  );
#968 = ORIENTED_EDGE('',*,*,#969,.T.);
#969 = EDGE_CURVE('',#960,#970,#972,.T.);
#970 = VERTEX_POINT('',#971);
#971 = CARTESIAN_POINT('',(3.175,3.888253587293E-16,12.649733584767));
#972 = B_SPLINE_CURVE_WITH_KNOTS('',1,(#973,#974),.UNSPECIFIED.,.F.,.F.,
  (2,2),(1.,1.058333333333),.PIECEWISE_BEZIER_KNOTS.);
#973 = CARTESIAN_POINT('',(3.175,3.888253587293E-16,12.7080669181));
#974 = CARTESIAN_POINT('',(3.175,3.888253587293E-16,12.649733584767));
#975 = ORIENTED_EDGE('',*,*,#976,.F.);
#976 = EDGE_CURVE('',#962,#970,#977,.T.);
#977 = ( BOUNDED_CURVE() B_SPLINE_CURVE(2,(#978,#979,#980),
.UNSPECIFIED.,.F.,.F.) B_SPLINE_CURVE_WITH_KNOTS((3,3),(0.177159860262,
0.1875),.PIECEWISE_BEZIER_KNOTS.) CURVE() GEOMETRIC_REPRESENTATION_ITEM(
) RATIONAL_B_SPLINE_CURVE((0.933016317352,0.933504829783,1.)) 
REPRESENTATION_ITEM('') );
#978 = CARTESIAN_POINT('',(2.755859347253,1.576662379255,12.7080669181)
  );
#979 = CARTESIAN_POINT('',(3.175,0.84404346167,12.676806291423));
#980 = CARTESIAN_POINT('',(3.175,3.888253587293E-16,12.649733584767));
#981 = ( BOUNDED_SURFACE() B_SPLINE_SURFACE(2,1,(
    (#982,#983)
    ,(#984,#985)
,(#986,#987
    )),.UNSPECIFIED.,.F.,.F.,.F.) B_SPLINE_SURFACE_WITH_KNOTS((3,3),(2,2
    ),(2.621930896036,3.14159265359),(1.,1.058333333333),
.PIECEWISE_BEZIER_KNOTS.) GEOMETRIC_REPRESENTATION_ITEM() 
RATIONAL_B_SPLINE_SURFACE((
    (1.,1.)
    ,(0.966433442091,0.966433442091)
,(1.,1.))) REPRESENTATION_ITEM('') SURFACE() );
#982 = CARTESIAN_POINT('',(2.755859347253,1.576662379255,12.7080669181)
  );
#983 = CARTESIAN_POINT('',(2.755859347253,1.576662379255,12.649733584767
    ));
#984 = CARTESIAN_POINT('',(3.175,0.84404346167,12.7080669181));
#985 = CARTESIAN_POINT('',(3.175,0.84404346167,12.649733584767));
#986 = CARTESIAN_POINT('',(3.175,3.888253587293E-16,12.7080669181));
#987 = CARTESIAN_POINT('',(3.175,3.888253587293E-16,12.649733584767));
#988 = ADVANCED_FACE('',(#989),#1029,.T.);
#989 = FACE_BOUND('',#990,.T.);
#990 = EDGE_LOOP('',(#991,#1005,#1012,#1024));
#991 = ORIENTED_EDGE('',*,*,#992,.T.);
#992 = EDGE_CURVE('',#993,#995,#997,.T.);
#993 = VERTEX_POINT('',#994);
#994 = CARTESIAN_POINT('',(-3.175,0.,12.385150253361));
#995 = VERTEX_POINT('',#996);
#996 = CARTESIAN_POINT('',(3.175,3.888253587293E-16,12.032372475583));
#997 = ( BOUNDED_CURVE() B_SPLINE_CURVE(2,(#998,#999,#1000,#1001,#1002,
#1003,#1004),.UNSPECIFIED.,.F.,.F.) B_SPLINE_CURVE_WITH_KNOTS((3,2,2,3),
  (0.125,0.145833333333,0.166666666667,0.1875),
.PIECEWISE_BEZIER_KNOTS.) CURVE() GEOMETRIC_REPRESENTATION_ITEM() 
RATIONAL_B_SPLINE_CURVE((1.,0.866025403784,1.,0.866025403784,1.,
0.866025403784,1.)) REPRESENTATION_ITEM('') );
#998 = CARTESIAN_POINT('',(-3.175,0.,12.385150253361));
#999 = CARTESIAN_POINT('',(-3.175,1.833087104677,12.326353957064));
#1000 = CARTESIAN_POINT('',(-1.5875,2.749630657016,12.267557660768));
#1001 = CARTESIAN_POINT('',(-6.685776353802E-16,3.666174209354,
    12.208761364472));
#1002 = CARTESIAN_POINT('',(1.5875,2.749630657016,12.149965068175));
#1003 = CARTESIAN_POINT('',(3.175,1.833087104677,12.091168771879));
#1004 = CARTESIAN_POINT('',(3.175,3.888253587293E-16,12.032372475583));
#1005 = ORIENTED_EDGE('',*,*,#1006,.T.);
#1006 = EDGE_CURVE('',#995,#1007,#1009,.T.);
#1007 = VERTEX_POINT('',#1008);
#1008 = CARTESIAN_POINT('',(3.175,3.888253587293E-16,11.944178029211));
#1009 = B_SPLINE_CURVE_WITH_KNOTS('',1,(#1010,#1011),.UNSPECIFIED.,.F.,
  .F.,(2,2),(1.675694442517,1.763888888889),.PIECEWISE_BEZIER_KNOTS.);
#1010 = CARTESIAN_POINT('',(3.175,3.888253587293E-16,12.032372475583));
#1011 = CARTESIAN_POINT('',(3.175,3.888253587293E-16,11.944178029211));
#1012 = ORIENTED_EDGE('',*,*,#1013,.F.);
#1013 = EDGE_CURVE('',#1014,#1007,#1016,.T.);
#1014 = VERTEX_POINT('',#1015);
#1015 = CARTESIAN_POINT('',(-3.175,0.,12.296955806989));
#1016 = ( BOUNDED_CURVE() B_SPLINE_CURVE(2,(#1017,#1018,#1019,#1020,
#1021,#1022,#1023),.UNSPECIFIED.,.F.,.F.) B_SPLINE_CURVE_WITH_KNOTS((3,2
    ,2,3),(0.25,0.270833333333,0.291666666667,0.3125),
.PIECEWISE_BEZIER_KNOTS.) CURVE() GEOMETRIC_REPRESENTATION_ITEM() 
RATIONAL_B_SPLINE_CURVE((1.,0.866025403784,1.,0.866025403784,1.,
0.866025403784,1.)) REPRESENTATION_ITEM('') );
#1017 = CARTESIAN_POINT('',(-3.175,0.,12.296955806989));
#1018 = CARTESIAN_POINT('',(-3.175,1.833087104677,12.238159510693));
#1019 = CARTESIAN_POINT('',(-1.5875,2.749630657016,12.179363214397));
#1020 = CARTESIAN_POINT('',(-6.685776353802E-16,3.666174209354,
    12.1205669181));
#1021 = CARTESIAN_POINT('',(1.5875,2.749630657016,12.061770621804));
#1022 = CARTESIAN_POINT('',(3.175,1.833087104677,12.002974325508));
#1023 = CARTESIAN_POINT('',(3.175,3.888253587293E-16,11.944178029211));
#1024 = ORIENTED_EDGE('',*,*,#1025,.F.);
#1025 = EDGE_CURVE('',#993,#1014,#1026,.T.);
#1026 = B_SPLINE_CURVE_WITH_KNOTS('',1,(#1027,#1028),.UNSPECIFIED.,.F.,
  .F.,(2,2),(1.32291666474,1.411111111111),.PIECEWISE_BEZIER_KNOTS.);
#1027 = CARTESIAN_POINT('',(-3.175,0.,12.385150253361));
#1028 = CARTESIAN_POINT('',(-3.175,0.,12.296955806989));
#1029 = ( BOUNDED_SURFACE() B_SPLINE_SURFACE(2,1,(
    (#1030,#1031)
    ,(#1032,#1033)
    ,(#1034,#1035)
    ,(#1036,#1037)
    ,(#1038,#1039
)),.UNSPECIFIED.,.F.,.F.,.F.) B_SPLINE_SURFACE_WITH_KNOTS((3,2,3),(2,2),
  (0.,1.570796326795,3.14159265359),(1.32291666474,1.763888888889),
.PIECEWISE_BEZIER_KNOTS.) GEOMETRIC_REPRESENTATION_ITEM() 
RATIONAL_B_SPLINE_SURFACE((
    (1.,1.)
    ,(0.707106781187,0.707106781187)
    ,(1.,1.)
    ,(0.707106781187,0.707106781187)
,(1.,1.))) REPRESENTATION_ITEM('') SURFACE() );
#1030 = CARTESIAN_POINT('',(-3.175,0.,12.385150253361));
#1031 = CARTESIAN_POINT('',(-3.175,0.,11.944178029211));
#1032 = CARTESIAN_POINT('',(-3.175,3.175,12.385150253361));
#1033 = CARTESIAN_POINT('',(-3.175,3.175,11.944178029211));
#1034 = CARTESIAN_POINT('',(-6.385018892147E-16,3.175,12.385150253361));
#1035 = CARTESIAN_POINT('',(-6.385018892147E-16,3.175,11.944178029211));
#1036 = CARTESIAN_POINT('',(3.175,3.175,12.385150253361));
#1037 = CARTESIAN_POINT('',(3.175,3.175,11.944178029211));
#1038 = CARTESIAN_POINT('',(3.175,3.888253587293E-16,12.385150253361));
#1039 = CARTESIAN_POINT('',(3.175,3.888253587293E-16,11.944178029211));
#1040 = ADVANCED_FACE('',(#1041),#1081,.T.);
#1041 = FACE_BOUND('',#1042,.T.);
#1042 = EDGE_LOOP('',(#1043,#1057,#1064,#1076));
#1043 = ORIENTED_EDGE('',*,*,#1044,.T.);
#1044 = EDGE_CURVE('',#1045,#1047,#1049,.T.);
#1045 = VERTEX_POINT('',#1046);
#1046 = CARTESIAN_POINT('',(-3.175,0.,11.679594697805));
#1047 = VERTEX_POINT('',#1048);
#1048 = CARTESIAN_POINT('',(3.175,3.888253587293E-16,11.326816920027));
#1049 = ( BOUNDED_CURVE() B_SPLINE_CURVE(2,(#1050,#1051,#1052,#1053,
#1054,#1055,#1056),.UNSPECIFIED.,.F.,.F.) B_SPLINE_CURVE_WITH_KNOTS((3,2
    ,2,3),(0.25,0.270833333333,0.291666666667,0.3125),
.PIECEWISE_BEZIER_KNOTS.) CURVE() GEOMETRIC_REPRESENTATION_ITEM() 
RATIONAL_B_SPLINE_CURVE((1.,0.866025403784,1.,0.866025403784,1.,
0.866025403784,1.)) REPRESENTATION_ITEM('') );
#1050 = CARTESIAN_POINT('',(-3.175,0.,11.679594697805));
#1051 = CARTESIAN_POINT('',(-3.175,1.833087104677,11.620798401509));
#1052 = CARTESIAN_POINT('',(-1.5875,2.749630657016,11.562002105212));
#1053 = CARTESIAN_POINT('',(-6.685776353802E-16,3.666174209354,
    11.503205808916));
#1054 = CARTESIAN_POINT('',(1.5875,2.749630657016,11.44440951262));
#1055 = CARTESIAN_POINT('',(3.175,1.833087104677,11.385613216324));
#1056 = CARTESIAN_POINT('',(3.175,3.888253587293E-16,11.326816920027));
#1057 = ORIENTED_EDGE('',*,*,#1058,.T.);
#1058 = EDGE_CURVE('',#1047,#1059,#1061,.T.);
#1059 = VERTEX_POINT('',#1060);
#1060 = CARTESIAN_POINT('',(3.175,3.888253587293E-16,11.238622473656));
#1061 = B_SPLINE_CURVE_WITH_KNOTS('',1,(#1062,#1063),.UNSPECIFIED.,.F.,
  .F.,(2,2),(2.381249998073,2.469444444444),.PIECEWISE_BEZIER_KNOTS.);
#1062 = CARTESIAN_POINT('',(3.175,3.888253587293E-16,11.326816920027));
#1063 = CARTESIAN_POINT('',(3.175,3.888253587293E-16,11.238622473656));
#1064 = ORIENTED_EDGE('',*,*,#1065,.F.);
#1065 = EDGE_CURVE('',#1066,#1059,#1068,.T.);
#1066 = VERTEX_POINT('',#1067);
#1067 = CARTESIAN_POINT('',(-3.175,0.,11.591400251434));
#1068 = ( BOUNDED_CURVE() B_SPLINE_CURVE(2,(#1069,#1070,#1071,#1072,
#1073,#1074,#1075),.UNSPECIFIED.,.F.,.F.) B_SPLINE_CURVE_WITH_KNOTS((3,2
    ,2,3),(0.375,0.395833333333,0.416666666667,0.4375),
.PIECEWISE_BEZIER_KNOTS.) CURVE() GEOMETRIC_REPRESENTATION_ITEM() 
RATIONAL_B_SPLINE_CURVE((1.,0.866025403784,1.,0.866025403784,1.,
0.866025403784,1.)) REPRESENTATION_ITEM('') );
#1069 = CARTESIAN_POINT('',(-3.175,0.,11.591400251434));
#1070 = CARTESIAN_POINT('',(-3.175,1.833087104677,11.532603955137));
#1071 = CARTESIAN_POINT('',(-1.5875,2.749630657016,11.473807658841));
#1072 = CARTESIAN_POINT('',(-6.685776353802E-16,3.666174209354,
    11.415011362545));
#1073 = CARTESIAN_POINT('',(1.5875,2.749630657016,11.356215066248));
#1074 = CARTESIAN_POINT('',(3.175,1.833087104677,11.297418769952));
#1075 = CARTESIAN_POINT('',(3.175,3.888253587293E-16,11.238622473656));
#1076 = ORIENTED_EDGE('',*,*,#1077,.F.);
#1077 = EDGE_CURVE('',#1045,#1066,#1078,.T.);
#1078 = B_SPLINE_CURVE_WITH_KNOTS('',1,(#1079,#1080),.UNSPECIFIED.,.F.,
  .F.,(2,2),(2.028472220295,2.116666666667),.PIECEWISE_BEZIER_KNOTS.);
#1079 = CARTESIAN_POINT('',(-3.175,0.,11.679594697805));
#1080 = CARTESIAN_POINT('',(-3.175,0.,11.591400251434));
#1081 = ( BOUNDED_SURFACE() B_SPLINE_SURFACE(2,1,(
    (#1082,#1083)
    ,(#1084,#1085)
    ,(#1086,#1087)
    ,(#1088,#1089)
    ,(#1090,#1091
)),.UNSPECIFIED.,.F.,.F.,.F.) B_SPLINE_SURFACE_WITH_KNOTS((3,2,3),(2,2),
  (0.,1.570796326795,3.14159265359),(2.028472220295,2.469444444444),
.PIECEWISE_BEZIER_KNOTS.) GEOMETRIC_REPRESENTATION_ITEM() 
RATIONAL_B_SPLINE_SURFACE((
    (1.,1.)
    ,(0.707106781187,0.707106781187)
    ,(1.,1.)
    ,(0.707106781187,0.707106781187)
,(1.,1.))) REPRESENTATION_ITEM('') SURFACE() );
#1082 = CARTESIAN_POINT('',(-3.175,0.,11.679594697805));
#1083 = CARTESIAN_POINT('',(-3.175,0.,11.238622473656));
#1084 = CARTESIAN_POINT('',(-3.175,3.175,11.679594697805));
#1085 = CARTESIAN_POINT('',(-3.175,3.175,11.238622473656));
#1086 = CARTESIAN_POINT('',(-6.385018892147E-16,3.175,11.679594697805));
#1087 = CARTESIAN_POINT('',(-6.385018892147E-16,3.175,11.238622473656));
#1088 = CARTESIAN_POINT('',(3.175,3.175,11.679594697805));
#1089 = CARTESIAN_POINT('',(3.175,3.175,11.238622473656));
#1090 = CARTESIAN_POINT('',(3.175,3.888253587293E-16,11.679594697805));
#1091 = CARTESIAN_POINT('',(3.175,3.888253587293E-16,11.238622473656));
#1092 = ADVANCED_FACE('',(#1093),#1133,.T.);
#1093 = FACE_BOUND('',#1094,.T.);
#1094 = EDGE_LOOP('',(#1095,#1109,#1116,#1128));
#1095 = ORIENTED_EDGE('',*,*,#1096,.T.);
#1096 = EDGE_CURVE('',#1097,#1099,#1101,.T.);
#1097 = VERTEX_POINT('',#1098);
#1098 = CARTESIAN_POINT('',(-3.175,0.,10.97403914225));
#1099 = VERTEX_POINT('',#1100);
#1100 = CARTESIAN_POINT('',(3.175,3.888253587293E-16,10.621261364472));
#1101 = ( BOUNDED_CURVE() B_SPLINE_CURVE(2,(#1102,#1103,#1104,#1105,
#1106,#1107,#1108),.UNSPECIFIED.,.F.,.F.) B_SPLINE_CURVE_WITH_KNOTS((3,2
    ,2,3),(0.375,0.395833333333,0.416666666667,0.4375),
.PIECEWISE_BEZIER_KNOTS.) CURVE() GEOMETRIC_REPRESENTATION_ITEM() 
RATIONAL_B_SPLINE_CURVE((1.,0.866025403784,1.,0.866025403784,1.,
0.866025403784,1.)) REPRESENTATION_ITEM('') );
#1102 = CARTESIAN_POINT('',(-3.175,0.,10.97403914225));
#1103 = CARTESIAN_POINT('',(-3.175,1.833087104677,10.915242845953));
#1104 = CARTESIAN_POINT('',(-1.5875,2.749630657016,10.856446549657));
#1105 = CARTESIAN_POINT('',(-6.685776353802E-16,3.666174209354,
    10.797650253361));
#1106 = CARTESIAN_POINT('',(1.5875,2.749630657016,10.738853957064));
#1107 = CARTESIAN_POINT('',(3.175,1.833087104677,10.680057660768));
#1108 = CARTESIAN_POINT('',(3.175,3.888253587293E-16,10.621261364472));
#1109 = ORIENTED_EDGE('',*,*,#1110,.T.);
#1110 = EDGE_CURVE('',#1099,#1111,#1113,.T.);
#1111 = VERTEX_POINT('',#1112);
#1112 = CARTESIAN_POINT('',(3.175,3.888253587293E-16,10.5330669181));
#1113 = B_SPLINE_CURVE_WITH_KNOTS('',1,(#1114,#1115),.UNSPECIFIED.,.F.,
  .F.,(2,2),(3.086805553629,3.175),.PIECEWISE_BEZIER_KNOTS.);
#1114 = CARTESIAN_POINT('',(3.175,3.888253587293E-16,10.621261364472));
#1115 = CARTESIAN_POINT('',(3.175,3.888253587293E-16,10.5330669181));
#1116 = ORIENTED_EDGE('',*,*,#1117,.F.);
#1117 = EDGE_CURVE('',#1118,#1111,#1120,.T.);
#1118 = VERTEX_POINT('',#1119);
#1119 = CARTESIAN_POINT('',(-3.175,0.,10.885844695878));
#1120 = ( BOUNDED_CURVE() B_SPLINE_CURVE(2,(#1121,#1122,#1123,#1124,
#1125,#1126,#1127),.UNSPECIFIED.,.F.,.F.) B_SPLINE_CURVE_WITH_KNOTS((3,2
    ,2,3),(0.5,0.520833333333,0.541666666667,0.5625),
.PIECEWISE_BEZIER_KNOTS.) CURVE() GEOMETRIC_REPRESENTATION_ITEM() 
RATIONAL_B_SPLINE_CURVE((1.,0.866025403784,1.,0.866025403784,1.,
0.866025403784,1.)) REPRESENTATION_ITEM('') );
#1121 = CARTESIAN_POINT('',(-3.175,0.,10.885844695878));
#1122 = CARTESIAN_POINT('',(-3.175,1.833087104677,10.827048399582));
#1123 = CARTESIAN_POINT('',(-1.5875,2.749630657016,10.768252103285));
#1124 = CARTESIAN_POINT('',(-6.685776353802E-16,3.666174209354,
    10.709455806989));
#1125 = CARTESIAN_POINT('',(1.5875,2.749630657016,10.650659510693));
#1126 = CARTESIAN_POINT('',(3.175,1.833087104677,10.591863214397));
#1127 = CARTESIAN_POINT('',(3.175,3.888253587293E-16,10.5330669181));
#1128 = ORIENTED_EDGE('',*,*,#1129,.F.);
#1129 = EDGE_CURVE('',#1097,#1118,#1130,.T.);
#1130 = B_SPLINE_CURVE_WITH_KNOTS('',1,(#1131,#1132),.UNSPECIFIED.,.F.,
  .F.,(2,2),(2.734027775851,2.822222222222),.PIECEWISE_BEZIER_KNOTS.);
#1131 = CARTESIAN_POINT('',(-3.175,0.,10.97403914225));
#1132 = CARTESIAN_POINT('',(-3.175,0.,10.885844695878));
#1133 = ( BOUNDED_SURFACE() B_SPLINE_SURFACE(2,1,(
    (#1134,#1135)
    ,(#1136,#1137)
    ,(#1138,#1139)
    ,(#1140,#1141)
    ,(#1142,#1143
)),.UNSPECIFIED.,.F.,.F.,.F.) B_SPLINE_SURFACE_WITH_KNOTS((3,2,3),(2,2),
  (0.,1.570796326795,3.14159265359),(2.734027775851,3.175),
.PIECEWISE_BEZIER_KNOTS.) GEOMETRIC_REPRESENTATION_ITEM() 
RATIONAL_B_SPLINE_SURFACE((
    (1.,1.)
    ,(0.707106781187,0.707106781187)
    ,(1.,1.)
    ,(0.707106781187,0.707106781187)
,(1.,1.))) REPRESENTATION_ITEM('') SURFACE() );
#1134 = CARTESIAN_POINT('',(-3.175,0.,10.97403914225));
#1135 = CARTESIAN_POINT('',(-3.175,0.,10.5330669181));
#1136 = CARTESIAN_POINT('',(-3.175,3.175,10.97403914225));
#1137 = CARTESIAN_POINT('',(-3.175,3.175,10.5330669181));
#1138 = CARTESIAN_POINT('',(-6.385018892147E-16,3.175,10.97403914225));
#1139 = CARTESIAN_POINT('',(-6.385018892147E-16,3.175,10.5330669181));
#1140 = CARTESIAN_POINT('',(3.175,3.175,10.97403914225));
#1141 = CARTESIAN_POINT('',(3.175,3.175,10.5330669181));
#1142 = CARTESIAN_POINT('',(3.175,3.888253587293E-16,10.97403914225));
#1143 = CARTESIAN_POINT('',(3.175,3.888253587293E-16,10.5330669181));
#1144 = ADVANCED_FACE('',(#1145),#1185,.T.);
#1145 = FACE_BOUND('',#1146,.T.);
#1146 = EDGE_LOOP('',(#1147,#1161,#1168,#1180));
#1147 = ORIENTED_EDGE('',*,*,#1148,.T.);
#1148 = EDGE_CURVE('',#1149,#1151,#1153,.T.);
#1149 = VERTEX_POINT('',#1150);
#1150 = CARTESIAN_POINT('',(-3.175,0.,10.268483586694));
#1151 = VERTEX_POINT('',#1152);
#1152 = CARTESIAN_POINT('',(3.175,3.888253587293E-16,9.915705808916));
#1153 = ( BOUNDED_CURVE() B_SPLINE_CURVE(2,(#1154,#1155,#1156,#1157,
#1158,#1159,#1160),.UNSPECIFIED.,.F.,.F.) B_SPLINE_CURVE_WITH_KNOTS((3,2
    ,2,3),(0.5,0.520833333333,0.541666666667,0.5625),
.PIECEWISE_BEZIER_KNOTS.) CURVE() GEOMETRIC_REPRESENTATION_ITEM() 
RATIONAL_B_SPLINE_CURVE((1.,0.866025403784,1.,0.866025403784,1.,
0.866025403784,1.)) REPRESENTATION_ITEM('') );
#1154 = CARTESIAN_POINT('',(-3.175,0.,10.268483586694));
#1155 = CARTESIAN_POINT('',(-3.175,1.833087104677,10.209687290398));
#1156 = CARTESIAN_POINT('',(-1.5875,2.749630657016,10.150890994101));
#1157 = CARTESIAN_POINT('',(-6.685776353802E-16,3.666174209354,
    10.092094697805));
#1158 = CARTESIAN_POINT('',(1.5875,2.749630657016,10.033298401509));
#1159 = CARTESIAN_POINT('',(3.175,1.833087104677,9.974502105212));
#1160 = CARTESIAN_POINT('',(3.175,3.888253587293E-16,9.915705808916));
#1161 = ORIENTED_EDGE('',*,*,#1162,.T.);
#1162 = EDGE_CURVE('',#1151,#1163,#1165,.T.);
#1163 = VERTEX_POINT('',#1164);
#1164 = CARTESIAN_POINT('',(3.175,3.888253587293E-16,9.827511362545));
#1165 = B_SPLINE_CURVE_WITH_KNOTS('',1,(#1166,#1167),.UNSPECIFIED.,.F.,
  .F.,(2,2),(3.792361109184,3.880555555556),.PIECEWISE_BEZIER_KNOTS.);
#1166 = CARTESIAN_POINT('',(3.175,3.888253587293E-16,9.915705808916));
#1167 = CARTESIAN_POINT('',(3.175,3.888253587293E-16,9.827511362545));
#1168 = ORIENTED_EDGE('',*,*,#1169,.F.);
#1169 = EDGE_CURVE('',#1170,#1163,#1172,.T.);
#1170 = VERTEX_POINT('',#1171);
#1171 = CARTESIAN_POINT('',(-3.175,0.,10.180289140323));
#1172 = ( BOUNDED_CURVE() B_SPLINE_CURVE(2,(#1173,#1174,#1175,#1176,
#1177,#1178,#1179),.UNSPECIFIED.,.F.,.F.) B_SPLINE_CURVE_WITH_KNOTS((3,2
    ,2,3),(0.625,0.645833333333,0.666666666667,0.6875),
.PIECEWISE_BEZIER_KNOTS.) CURVE() GEOMETRIC_REPRESENTATION_ITEM() 
RATIONAL_B_SPLINE_CURVE((1.,0.866025403784,1.,0.866025403784,1.,
0.866025403784,1.)) REPRESENTATION_ITEM('') );
#1173 = CARTESIAN_POINT('',(-3.175,0.,10.180289140323));
#1174 = CARTESIAN_POINT('',(-3.175,1.833087104677,10.121492844026));
#1175 = CARTESIAN_POINT('',(-1.5875,2.749630657016,10.06269654773));
#1176 = CARTESIAN_POINT('',(-6.685776353802E-16,3.666174209354,
    10.003900251434));
#1177 = CARTESIAN_POINT('',(1.5875,2.749630657016,9.945103955137));
#1178 = CARTESIAN_POINT('',(3.175,1.833087104677,9.886307658841));
#1179 = CARTESIAN_POINT('',(3.175,3.888253587293E-16,9.827511362545));
#1180 = ORIENTED_EDGE('',*,*,#1181,.F.);
#1181 = EDGE_CURVE('',#1149,#1170,#1182,.T.);
#1182 = B_SPLINE_CURVE_WITH_KNOTS('',1,(#1183,#1184),.UNSPECIFIED.,.F.,
  .F.,(2,2),(3.439583331406,3.527777777778),.PIECEWISE_BEZIER_KNOTS.);
#1183 = CARTESIAN_POINT('',(-3.175,0.,10.268483586694));
#1184 = CARTESIAN_POINT('',(-3.175,0.,10.180289140323));
#1185 = ( BOUNDED_SURFACE() B_SPLINE_SURFACE(2,1,(
    (#1186,#1187)
    ,(#1188,#1189)
    ,(#1190,#1191)
    ,(#1192,#1193)
    ,(#1194,#1195
)),.UNSPECIFIED.,.F.,.F.,.F.) B_SPLINE_SURFACE_WITH_KNOTS((3,2,3),(2,2),
  (0.,1.570796326795,3.14159265359),(3.439583331406,3.880555555556),
.PIECEWISE_BEZIER_KNOTS.) GEOMETRIC_REPRESENTATION_ITEM() 
RATIONAL_B_SPLINE_SURFACE((
    (1.,1.)
    ,(0.707106781187,0.707106781187)
    ,(1.,1.)
    ,(0.707106781187,0.707106781187)
,(1.,1.))) REPRESENTATION_ITEM('') SURFACE() );
#1186 = CARTESIAN_POINT('',(-3.175,0.,10.268483586694));
#1187 = CARTESIAN_POINT('',(-3.175,0.,9.827511362545));
#1188 = CARTESIAN_POINT('',(-3.175,3.175,10.268483586694));
#1189 = CARTESIAN_POINT('',(-3.175,3.175,9.827511362545));
#1190 = CARTESIAN_POINT('',(-6.385018892147E-16,3.175,10.268483586694));
#1191 = CARTESIAN_POINT('',(-6.385018892147E-16,3.175,9.827511362545));
#1192 = CARTESIAN_POINT('',(3.175,3.175,10.268483586694));
#1193 = CARTESIAN_POINT('',(3.175,3.175,9.827511362545));
#1194 = CARTESIAN_POINT('',(3.175,3.888253587293E-16,10.268483586694));
#1195 = CARTESIAN_POINT('',(3.175,3.888253587293E-16,9.827511362545));
#1196 = ADVANCED_FACE('',(#1197),#1237,.T.);
#1197 = FACE_BOUND('',#1198,.T.);
#1198 = EDGE_LOOP('',(#1199,#1213,#1220,#1232));
#1199 = ORIENTED_EDGE('',*,*,#1200,.T.);
#1200 = EDGE_CURVE('',#1201,#1203,#1205,.T.);
#1201 = VERTEX_POINT('',#1202);
#1202 = CARTESIAN_POINT('',(-3.175,0.,9.562928031138));
#1203 = VERTEX_POINT('',#1204);
#1204 = CARTESIAN_POINT('',(3.175,3.888253587293E-16,9.210150253361));
#1205 = ( BOUNDED_CURVE() B_SPLINE_CURVE(2,(#1206,#1207,#1208,#1209,
#1210,#1211,#1212),.UNSPECIFIED.,.F.,.F.) B_SPLINE_CURVE_WITH_KNOTS((3,2
    ,2,3),(0.625,0.645833333333,0.666666666667,0.6875),
.PIECEWISE_BEZIER_KNOTS.) CURVE() GEOMETRIC_REPRESENTATION_ITEM() 
RATIONAL_B_SPLINE_CURVE((1.,0.866025403784,1.,0.866025403784,1.,
0.866025403784,1.)) REPRESENTATION_ITEM('') );
#1206 = CARTESIAN_POINT('',(-3.175,0.,9.562928031138));
#1207 = CARTESIAN_POINT('',(-3.175,1.833087104677,9.504131734842));
#1208 = CARTESIAN_POINT('',(-1.5875,2.749630657016,9.445335438546));
#1209 = CARTESIAN_POINT('',(-6.685776353802E-16,3.666174209354,
    9.38653914225));
#1210 = CARTESIAN_POINT('',(1.5875,2.749630657016,9.327742845953));
#1211 = CARTESIAN_POINT('',(3.175,1.833087104677,9.268946549657));
#1212 = CARTESIAN_POINT('',(3.175,3.888253587293E-16,9.210150253361));
#1213 = ORIENTED_EDGE('',*,*,#1214,.T.);
#1214 = EDGE_CURVE('',#1203,#1215,#1217,.T.);
#1215 = VERTEX_POINT('',#1216);
#1216 = CARTESIAN_POINT('',(3.175,3.888253587293E-16,9.121955806989));
#1217 = B_SPLINE_CURVE_WITH_KNOTS('',1,(#1218,#1219),.UNSPECIFIED.,.F.,
  .F.,(2,2),(4.49791666474,4.586111111111),.PIECEWISE_BEZIER_KNOTS.);
#1218 = CARTESIAN_POINT('',(3.175,3.888253587293E-16,9.210150253361));
#1219 = CARTESIAN_POINT('',(3.175,3.888253587293E-16,9.121955806989));
#1220 = ORIENTED_EDGE('',*,*,#1221,.F.);
#1221 = EDGE_CURVE('',#1222,#1215,#1224,.T.);
#1222 = VERTEX_POINT('',#1223);
#1223 = CARTESIAN_POINT('',(-3.175,0.,9.474733584767));
#1224 = ( BOUNDED_CURVE() B_SPLINE_CURVE(2,(#1225,#1226,#1227,#1228,
#1229,#1230,#1231),.UNSPECIFIED.,.F.,.F.) B_SPLINE_CURVE_WITH_KNOTS((3,2
    ,2,3),(0.75,0.770833333333,0.791666666667,0.8125),
.PIECEWISE_BEZIER_KNOTS.) CURVE() GEOMETRIC_REPRESENTATION_ITEM() 
RATIONAL_B_SPLINE_CURVE((1.,0.866025403784,1.,0.866025403784,1.,
0.866025403784,1.)) REPRESENTATION_ITEM('') );
#1225 = CARTESIAN_POINT('',(-3.175,0.,9.474733584767));
#1226 = CARTESIAN_POINT('',(-3.175,1.833087104677,9.415937288471));
#1227 = CARTESIAN_POINT('',(-1.5875,2.749630657016,9.357140992174));
#1228 = CARTESIAN_POINT('',(-6.685776353802E-16,3.666174209354,
    9.298344695878));
#1229 = CARTESIAN_POINT('',(1.5875,2.749630657016,9.239548399582));
#1230 = CARTESIAN_POINT('',(3.175,1.833087104677,9.180752103285));
#1231 = CARTESIAN_POINT('',(3.175,3.888253587293E-16,9.121955806989));
#1232 = ORIENTED_EDGE('',*,*,#1233,.F.);
#1233 = EDGE_CURVE('',#1201,#1222,#1234,.T.);
#1234 = B_SPLINE_CURVE_WITH_KNOTS('',1,(#1235,#1236),.UNSPECIFIED.,.F.,
  .F.,(2,2),(4.145138886962,4.233333333333),.PIECEWISE_BEZIER_KNOTS.);
#1235 = CARTESIAN_POINT('',(-3.175,0.,9.562928031138));
#1236 = CARTESIAN_POINT('',(-3.175,0.,9.474733584767));
#1237 = ( BOUNDED_SURFACE() B_SPLINE_SURFACE(2,1,(
    (#1238,#1239)
    ,(#1240,#1241)
    ,(#1242,#1243)
    ,(#1244,#1245)
    ,(#1246,#1247
)),.UNSPECIFIED.,.F.,.F.,.F.) B_SPLINE_SURFACE_WITH_KNOTS((3,2,3),(2,2),
  (0.,1.570796326795,3.14159265359),(4.145138886962,4.586111111111),
.PIECEWISE_BEZIER_KNOTS.) GEOMETRIC_REPRESENTATION_ITEM() 
RATIONAL_B_SPLINE_SURFACE((
    (1.,1.)
    ,(0.707106781187,0.707106781187)
    ,(1.,1.)
    ,(0.707106781187,0.707106781187)
,(1.,1.))) REPRESENTATION_ITEM('') SURFACE() );
#1238 = CARTESIAN_POINT('',(-3.175,0.,9.562928031138));
#1239 = CARTESIAN_POINT('',(-3.175,0.,9.121955806989));
#1240 = CARTESIAN_POINT('',(-3.175,3.175,9.562928031138));
#1241 = CARTESIAN_POINT('',(-3.175,3.175,9.121955806989));
#1242 = CARTESIAN_POINT('',(-6.385018892147E-16,3.175,9.562928031138));
#1243 = CARTESIAN_POINT('',(-6.385018892147E-16,3.175,9.121955806989));
#1244 = CARTESIAN_POINT('',(3.175,3.175,9.562928031138));
#1245 = CARTESIAN_POINT('',(3.175,3.175,9.121955806989));
#1246 = CARTESIAN_POINT('',(3.175,3.888253587293E-16,9.562928031138));
#1247 = CARTESIAN_POINT('',(3.175,3.888253587293E-16,9.121955806989));
#1248 = ADVANCED_FACE('',(#1249),#1281,.T.);
#1249 = FACE_BOUND('',#1250,.T.);
#1250 = EDGE_LOOP('',(#1251,#1252,#1260,#1270,#1271));
#1251 = ORIENTED_EDGE('',*,*,#969,.F.);
#1252 = ORIENTED_EDGE('',*,*,#1253,.F.);
#1253 = EDGE_CURVE('',#1254,#960,#1256,.T.);
#1254 = VERTEX_POINT('',#1255);
#1255 = CARTESIAN_POINT('',(3.055715054845,-0.862108173951,12.7080669181
    ));
#1256 = ( BOUNDED_CURVE() B_SPLINE_CURVE(2,(#1257,#1258,#1259),
.UNSPECIFIED.,.F.,.F.) B_SPLINE_CURVE_WITH_KNOTS((3,3),(6.008202766601,
6.28318530718),.PIECEWISE_BEZIER_KNOTS.) CURVE() 
GEOMETRIC_REPRESENTATION_ITEM() RATIONAL_B_SPLINE_CURVE((1.,
0.990562955731,1.)) REPRESENTATION_ITEM('') );
#1257 = CARTESIAN_POINT('',(3.055715054845,-0.862108173951,12.7080669181
    ));
#1258 = CARTESIAN_POINT('',(3.175,-0.439306472564,12.7080669181));
#1259 = CARTESIAN_POINT('',(3.175,-7.776507174586E-16,12.7080669181));
#1260 = ORIENTED_EDGE('',*,*,#1261,.T.);
#1261 = EDGE_CURVE('',#1254,#993,#1262,.T.);
#1262 = ( BOUNDED_CURVE() B_SPLINE_CURVE(2,(#1263,#1264,#1265,#1266,
#1267,#1268,#1269),.UNSPECIFIED.,.F.,.F.) B_SPLINE_CURVE_WITH_KNOTS((3,2
    ,2,3),(6.805907634428E-02,8.333333333333E-02,0.104166666667,0.125),
.UNSPECIFIED.) CURVE() GEOMETRIC_REPRESENTATION_ITEM() 
RATIONAL_B_SPLINE_CURVE((0.947579922474,0.901774604195,1.,0.866025403784
,1.,0.866025403784,1.)) REPRESENTATION_ITEM('') );
#1263 = CARTESIAN_POINT('',(3.055715054845,-0.862108173951,12.7080669181
    ));
#1264 = CARTESIAN_POINT('',(2.705257765673,-2.104292910116,
    12.661733874311));
#1265 = CARTESIAN_POINT('',(1.5875,-2.749630657016,12.620335438546));
#1266 = CARTESIAN_POINT('',(2.293760667403E-16,-3.666174209354,
    12.56153914225));
#1267 = CARTESIAN_POINT('',(-1.5875,-2.749630657016,12.502742845953));
#1268 = CARTESIAN_POINT('',(-3.175,-1.833087104677,12.443946549657));
#1269 = CARTESIAN_POINT('',(-3.175,0.,12.385150253361));
#1270 = ORIENTED_EDGE('',*,*,#1025,.T.);
#1271 = ORIENTED_EDGE('',*,*,#1272,.F.);
#1272 = EDGE_CURVE('',#970,#1014,#1273,.T.);
#1273 = ( BOUNDED_CURVE() B_SPLINE_CURVE(2,(#1274,#1275,#1276,#1277,
#1278,#1279,#1280),.UNSPECIFIED.,.F.,.F.) B_SPLINE_CURVE_WITH_KNOTS((3,2
    ,2,3),(0.1875,0.208333333333,0.229166666667,0.25),
.PIECEWISE_BEZIER_KNOTS.) CURVE() GEOMETRIC_REPRESENTATION_ITEM() 
RATIONAL_B_SPLINE_CURVE((1.,0.866025403784,1.,0.866025403784,1.,
0.866025403784,1.)) REPRESENTATION_ITEM('') );
#1274 = CARTESIAN_POINT('',(3.175,3.888253587293E-16,12.649733584767));
#1275 = CARTESIAN_POINT('',(3.175,-1.833087104677,12.590937288471));
#1276 = CARTESIAN_POINT('',(1.5875,-2.749630657016,12.532140992174));
#1277 = CARTESIAN_POINT('',(2.293760667403E-16,-3.666174209354,
    12.473344695878));
#1278 = CARTESIAN_POINT('',(-1.5875,-2.749630657016,12.414548399582));
#1279 = CARTESIAN_POINT('',(-3.175,-1.833087104677,12.355752103285));
#1280 = CARTESIAN_POINT('',(-3.175,0.,12.296955806989));
#1281 = ( BOUNDED_SURFACE() B_SPLINE_SURFACE(2,1,(
    (#1282,#1283)
    ,(#1284,#1285)
    ,(#1286,#1287)
    ,(#1288,#1289)
    ,(#1290,#1291
)),.UNSPECIFIED.,.F.,.F.,.F.) B_SPLINE_SURFACE_WITH_KNOTS((3,2,3),(2,2),
  (3.14159265359,4.712388980385,6.28318530718),(1.,1.411111111111),
.PIECEWISE_BEZIER_KNOTS.) GEOMETRIC_REPRESENTATION_ITEM() 
RATIONAL_B_SPLINE_SURFACE((
    (1.,1.)
    ,(0.707106781187,0.707106781187)
    ,(1.,1.)
    ,(0.707106781187,0.707106781187)
,(1.,1.))) REPRESENTATION_ITEM('') SURFACE() );
#1282 = CARTESIAN_POINT('',(3.175,3.888253587293E-16,12.7080669181));
#1283 = CARTESIAN_POINT('',(3.175,3.888253587293E-16,12.296955806989));
#1284 = CARTESIAN_POINT('',(3.175,-3.175,12.7080669181));
#1285 = CARTESIAN_POINT('',(3.175,-3.175,12.296955806989));
#1286 = CARTESIAN_POINT('',(1.391488282439E-16,-3.175,12.7080669181));
#1287 = CARTESIAN_POINT('',(1.391488282439E-16,-3.175,12.296955806989));
#1288 = CARTESIAN_POINT('',(-3.175,-3.175,12.7080669181));
#1289 = CARTESIAN_POINT('',(-3.175,-3.175,12.296955806989));
#1290 = CARTESIAN_POINT('',(-3.175,-7.776507174586E-16,12.7080669181));
#1291 = CARTESIAN_POINT('',(-3.175,-7.776507174586E-16,12.296955806989)
  );
#1292 = ADVANCED_FACE('',(#1293),#1317,.T.);
#1293 = FACE_BOUND('',#1294,.T.);
#1294 = EDGE_LOOP('',(#1295,#1296,#1306,#1307));
#1295 = ORIENTED_EDGE('',*,*,#1006,.F.);
#1296 = ORIENTED_EDGE('',*,*,#1297,.T.);
#1297 = EDGE_CURVE('',#995,#1045,#1298,.T.);
#1298 = ( BOUNDED_CURVE() B_SPLINE_CURVE(2,(#1299,#1300,#1301,#1302,
#1303,#1304,#1305),.UNSPECIFIED.,.F.,.F.) B_SPLINE_CURVE_WITH_KNOTS((3,2
    ,2,3),(0.1875,0.208333333333,0.229166666667,0.25),
.PIECEWISE_BEZIER_KNOTS.) CURVE() GEOMETRIC_REPRESENTATION_ITEM() 
RATIONAL_B_SPLINE_CURVE((1.,0.866025403784,1.,0.866025403784,1.,
0.866025403784,1.)) REPRESENTATION_ITEM('') );
#1299 = CARTESIAN_POINT('',(3.175,3.888253587293E-16,12.032372475583));
#1300 = CARTESIAN_POINT('',(3.175,-1.833087104677,11.973576179287));
#1301 = CARTESIAN_POINT('',(1.5875,-2.749630657016,11.91477988299));
#1302 = CARTESIAN_POINT('',(2.293760667403E-16,-3.666174209354,
    11.855983586694));
#1303 = CARTESIAN_POINT('',(-1.5875,-2.749630657016,11.797187290398));
#1304 = CARTESIAN_POINT('',(-3.175,-1.833087104677,11.738390994101));
#1305 = CARTESIAN_POINT('',(-3.175,0.,11.679594697805));
#1306 = ORIENTED_EDGE('',*,*,#1077,.T.);
#1307 = ORIENTED_EDGE('',*,*,#1308,.F.);
#1308 = EDGE_CURVE('',#1007,#1066,#1309,.T.);
#1309 = ( BOUNDED_CURVE() B_SPLINE_CURVE(2,(#1310,#1311,#1312,#1313,
#1314,#1315,#1316),.UNSPECIFIED.,.F.,.F.) B_SPLINE_CURVE_WITH_KNOTS((3,2
    ,2,3),(0.3125,0.333333333333,0.354166666667,0.375),
.PIECEWISE_BEZIER_KNOTS.) CURVE() GEOMETRIC_REPRESENTATION_ITEM() 
RATIONAL_B_SPLINE_CURVE((1.,0.866025403784,1.,0.866025403784,1.,
0.866025403784,1.)) REPRESENTATION_ITEM('') );
#1310 = CARTESIAN_POINT('',(3.175,3.888253587293E-16,11.944178029211));
#1311 = CARTESIAN_POINT('',(3.175,-1.833087104677,11.885381732915));
#1312 = CARTESIAN_POINT('',(1.5875,-2.749630657016,11.826585436619));
#1313 = CARTESIAN_POINT('',(2.293760667403E-16,-3.666174209354,
    11.767789140323));
#1314 = CARTESIAN_POINT('',(-1.5875,-2.749630657016,11.708992844026));
#1315 = CARTESIAN_POINT('',(-3.175,-1.833087104677,11.65019654773));
#1316 = CARTESIAN_POINT('',(-3.175,0.,11.591400251434));
#1317 = ( BOUNDED_SURFACE() B_SPLINE_SURFACE(2,1,(
    (#1318,#1319)
    ,(#1320,#1321)
    ,(#1322,#1323)
    ,(#1324,#1325)
    ,(#1326,#1327
)),.UNSPECIFIED.,.F.,.F.,.F.) B_SPLINE_SURFACE_WITH_KNOTS((3,2,3),(2,2),
  (3.14159265359,4.712388980385,6.28318530718),(1.675694442517,
    2.116666666667),.PIECEWISE_BEZIER_KNOTS.) 
GEOMETRIC_REPRESENTATION_ITEM() RATIONAL_B_SPLINE_SURFACE((
    (1.,1.)
    ,(0.707106781187,0.707106781187)
    ,(1.,1.)
    ,(0.707106781187,0.707106781187)
,(1.,1.))) REPRESENTATION_ITEM('') SURFACE() );
#1318 = CARTESIAN_POINT('',(3.175,3.888253587293E-16,12.032372475583));
#1319 = CARTESIAN_POINT('',(3.175,3.888253587293E-16,11.591400251434));
#1320 = CARTESIAN_POINT('',(3.175,-3.175,12.032372475583));
#1321 = CARTESIAN_POINT('',(3.175,-3.175,11.591400251434));
#1322 = CARTESIAN_POINT('',(1.391488282439E-16,-3.175,12.032372475583));
#1323 = CARTESIAN_POINT('',(1.391488282439E-16,-3.175,11.591400251434));
#1324 = CARTESIAN_POINT('',(-3.175,-3.175,12.032372475583));
#1325 = CARTESIAN_POINT('',(-3.175,-3.175,11.591400251434));
#1326 = CARTESIAN_POINT('',(-3.175,-7.776507174586E-16,12.032372475583)
  );
#1327 = CARTESIAN_POINT('',(-3.175,-7.776507174586E-16,11.591400251434)
  );
#1328 = ADVANCED_FACE('',(#1329),#1353,.T.);
#1329 = FACE_BOUND('',#1330,.T.);
#1330 = EDGE_LOOP('',(#1331,#1332,#1342,#1343));
#1331 = ORIENTED_EDGE('',*,*,#1058,.F.);
#1332 = ORIENTED_EDGE('',*,*,#1333,.T.);
#1333 = EDGE_CURVE('',#1047,#1097,#1334,.T.);
#1334 = ( BOUNDED_CURVE() B_SPLINE_CURVE(2,(#1335,#1336,#1337,#1338,
#1339,#1340,#1341),.UNSPECIFIED.,.F.,.F.) B_SPLINE_CURVE_WITH_KNOTS((3,2
    ,2,3),(0.3125,0.333333333333,0.354166666667,0.375),
.PIECEWISE_BEZIER_KNOTS.) CURVE() GEOMETRIC_REPRESENTATION_ITEM() 
RATIONAL_B_SPLINE_CURVE((1.,0.866025403784,1.,0.866025403784,1.,
0.866025403784,1.)) REPRESENTATION_ITEM('') );
#1335 = CARTESIAN_POINT('',(3.175,3.888253587293E-16,11.326816920027));
#1336 = CARTESIAN_POINT('',(3.175,-1.833087104677,11.268020623731));
#1337 = CARTESIAN_POINT('',(1.5875,-2.749630657016,11.209224327435));
#1338 = CARTESIAN_POINT('',(2.293760667403E-16,-3.666174209354,
    11.150428031138));
#1339 = CARTESIAN_POINT('',(-1.5875,-2.749630657016,11.091631734842));
#1340 = CARTESIAN_POINT('',(-3.175,-1.833087104677,11.032835438546));
#1341 = CARTESIAN_POINT('',(-3.175,0.,10.97403914225));
#1342 = ORIENTED_EDGE('',*,*,#1129,.T.);
#1343 = ORIENTED_EDGE('',*,*,#1344,.F.);
#1344 = EDGE_CURVE('',#1059,#1118,#1345,.T.);
#1345 = ( BOUNDED_CURVE() B_SPLINE_CURVE(2,(#1346,#1347,#1348,#1349,
#1350,#1351,#1352),.UNSPECIFIED.,.F.,.F.) B_SPLINE_CURVE_WITH_KNOTS((3,2
    ,2,3),(0.4375,0.458333333333,0.479166666667,0.5),
.PIECEWISE_BEZIER_KNOTS.) CURVE() GEOMETRIC_REPRESENTATION_ITEM() 
RATIONAL_B_SPLINE_CURVE((1.,0.866025403784,1.,0.866025403784,1.,
0.866025403784,1.)) REPRESENTATION_ITEM('') );
#1346 = CARTESIAN_POINT('',(3.175,3.888253587293E-16,11.238622473656));
#1347 = CARTESIAN_POINT('',(3.175,-1.833087104677,11.17982617736));
#1348 = CARTESIAN_POINT('',(1.5875,-2.749630657016,11.121029881063));
#1349 = CARTESIAN_POINT('',(2.293760667403E-16,-3.666174209354,
    11.062233584767));
#1350 = CARTESIAN_POINT('',(-1.5875,-2.749630657016,11.003437288471));
#1351 = CARTESIAN_POINT('',(-3.175,-1.833087104677,10.944640992174));
#1352 = CARTESIAN_POINT('',(-3.175,0.,10.885844695878));
#1353 = ( BOUNDED_SURFACE() B_SPLINE_SURFACE(2,1,(
    (#1354,#1355)
    ,(#1356,#1357)
    ,(#1358,#1359)
    ,(#1360,#1361)
    ,(#1362,#1363
)),.UNSPECIFIED.,.F.,.F.,.F.) B_SPLINE_SURFACE_WITH_KNOTS((3,2,3),(2,2),
  (3.14159265359,4.712388980385,6.28318530718),(2.381249998073,
    2.822222222222),.PIECEWISE_BEZIER_KNOTS.) 
GEOMETRIC_REPRESENTATION_ITEM() RATIONAL_B_SPLINE_SURFACE((
    (1.,1.)
    ,(0.707106781187,0.707106781187)
    ,(1.,1.)
    ,(0.707106781187,0.707106781187)
,(1.,1.))) REPRESENTATION_ITEM('') SURFACE() );
#1354 = CARTESIAN_POINT('',(3.175,3.888253587293E-16,11.326816920027));
#1355 = CARTESIAN_POINT('',(3.175,3.888253587293E-16,10.885844695878));
#1356 = CARTESIAN_POINT('',(3.175,-3.175,11.326816920027));
#1357 = CARTESIAN_POINT('',(3.175,-3.175,10.885844695878));
#1358 = CARTESIAN_POINT('',(1.391488282439E-16,-3.175,11.326816920027));
#1359 = CARTESIAN_POINT('',(1.391488282439E-16,-3.175,10.885844695878));
#1360 = CARTESIAN_POINT('',(-3.175,-3.175,11.326816920027));
#1361 = CARTESIAN_POINT('',(-3.175,-3.175,10.885844695878));
#1362 = CARTESIAN_POINT('',(-3.175,-7.776507174586E-16,11.326816920027)
  );
#1363 = CARTESIAN_POINT('',(-3.175,-7.776507174586E-16,10.885844695878)
  );
#1364 = ADVANCED_FACE('',(#1365),#1389,.T.);
#1365 = FACE_BOUND('',#1366,.T.);
#1366 = EDGE_LOOP('',(#1367,#1368,#1378,#1379));
#1367 = ORIENTED_EDGE('',*,*,#1110,.F.);
#1368 = ORIENTED_EDGE('',*,*,#1369,.T.);
#1369 = EDGE_CURVE('',#1099,#1149,#1370,.T.);
#1370 = ( BOUNDED_CURVE() B_SPLINE_CURVE(2,(#1371,#1372,#1373,#1374,
#1375,#1376,#1377),.UNSPECIFIED.,.F.,.F.) B_SPLINE_CURVE_WITH_KNOTS((3,2
    ,2,3),(0.4375,0.458333333333,0.479166666667,0.5),
.PIECEWISE_BEZIER_KNOTS.) CURVE() GEOMETRIC_REPRESENTATION_ITEM() 
RATIONAL_B_SPLINE_CURVE((1.,0.866025403784,1.,0.866025403784,1.,
0.866025403784,1.)) REPRESENTATION_ITEM('') );
#1371 = CARTESIAN_POINT('',(3.175,3.888253587293E-16,10.621261364472));
#1372 = CARTESIAN_POINT('',(3.175,-1.833087104677,10.562465068175));
#1373 = CARTESIAN_POINT('',(1.5875,-2.749630657016,10.503668771879));
#1374 = CARTESIAN_POINT('',(2.293760667403E-16,-3.666174209354,
    10.444872475583));
#1375 = CARTESIAN_POINT('',(-1.5875,-2.749630657016,10.386076179287));
#1376 = CARTESIAN_POINT('',(-3.175,-1.833087104677,10.32727988299));
#1377 = CARTESIAN_POINT('',(-3.175,0.,10.268483586694));
#1378 = ORIENTED_EDGE('',*,*,#1181,.T.);
#1379 = ORIENTED_EDGE('',*,*,#1380,.F.);
#1380 = EDGE_CURVE('',#1111,#1170,#1381,.T.);
#1381 = ( BOUNDED_CURVE() B_SPLINE_CURVE(2,(#1382,#1383,#1384,#1385,
#1386,#1387,#1388),.UNSPECIFIED.,.F.,.F.) B_SPLINE_CURVE_WITH_KNOTS((3,2
    ,2,3),(0.5625,0.583333333333,0.604166666667,0.625),
.PIECEWISE_BEZIER_KNOTS.) CURVE() GEOMETRIC_REPRESENTATION_ITEM() 
RATIONAL_B_SPLINE_CURVE((1.,0.866025403784,1.,0.866025403784,1.,
0.866025403784,1.)) REPRESENTATION_ITEM('') );
#1382 = CARTESIAN_POINT('',(3.175,3.888253587293E-16,10.5330669181));
#1383 = CARTESIAN_POINT('',(3.175,-1.833087104677,10.474270621804));
#1384 = CARTESIAN_POINT('',(1.5875,-2.749630657016,10.415474325508));
#1385 = CARTESIAN_POINT('',(2.293760667403E-16,-3.666174209354,
    10.356678029211));
#1386 = CARTESIAN_POINT('',(-1.5875,-2.749630657016,10.297881732915));
#1387 = CARTESIAN_POINT('',(-3.175,-1.833087104677,10.239085436619));
#1388 = CARTESIAN_POINT('',(-3.175,0.,10.180289140323));
#1389 = ( BOUNDED_SURFACE() B_SPLINE_SURFACE(2,1,(
    (#1390,#1391)
    ,(#1392,#1393)
    ,(#1394,#1395)
    ,(#1396,#1397)
    ,(#1398,#1399
)),.UNSPECIFIED.,.F.,.F.,.F.) B_SPLINE_SURFACE_WITH_KNOTS((3,2,3),(2,2),
  (3.14159265359,4.712388980385,6.28318530718),(3.086805553629,
    3.527777777778),.PIECEWISE_BEZIER_KNOTS.) 
GEOMETRIC_REPRESENTATION_ITEM() RATIONAL_B_SPLINE_SURFACE((
    (1.,1.)
    ,(0.707106781187,0.707106781187)
    ,(1.,1.)
    ,(0.707106781187,0.707106781187)
,(1.,1.))) REPRESENTATION_ITEM('') SURFACE() );
#1390 = CARTESIAN_POINT('',(3.175,3.888253587293E-16,10.621261364472));
#1391 = CARTESIAN_POINT('',(3.175,3.888253587293E-16,10.180289140323));
#1392 = CARTESIAN_POINT('',(3.175,-3.175,10.621261364472));
#1393 = CARTESIAN_POINT('',(3.175,-3.175,10.180289140323));
#1394 = CARTESIAN_POINT('',(1.391488282439E-16,-3.175,10.621261364472));
#1395 = CARTESIAN_POINT('',(1.391488282439E-16,-3.175,10.180289140323));
#1396 = CARTESIAN_POINT('',(-3.175,-3.175,10.621261364472));
#1397 = CARTESIAN_POINT('',(-3.175,-3.175,10.180289140323));
#1398 = CARTESIAN_POINT('',(-3.175,-7.776507174586E-16,10.621261364472)
  );
#1399 = CARTESIAN_POINT('',(-3.175,-7.776507174586E-16,10.180289140323)
  );
#1400 = ADVANCED_FACE('',(#1401),#1425,.T.);
#1401 = FACE_BOUND('',#1402,.T.);
#1402 = EDGE_LOOP('',(#1403,#1404,#1414,#1415));
#1403 = ORIENTED_EDGE('',*,*,#1162,.F.);
#1404 = ORIENTED_EDGE('',*,*,#1405,.T.);
#1405 = EDGE_CURVE('',#1151,#1201,#1406,.T.);
#1406 = ( BOUNDED_CURVE() B_SPLINE_CURVE(2,(#1407,#1408,#1409,#1410,
#1411,#1412,#1413),.UNSPECIFIED.,.F.,.F.) B_SPLINE_CURVE_WITH_KNOTS((3,2
    ,2,3),(0.5625,0.583333333333,0.604166666667,0.625),
.PIECEWISE_BEZIER_KNOTS.) CURVE() GEOMETRIC_REPRESENTATION_ITEM() 
RATIONAL_B_SPLINE_CURVE((1.,0.866025403784,1.,0.866025403784,1.,
0.866025403784,1.)) REPRESENTATION_ITEM('') );
#1407 = CARTESIAN_POINT('',(3.175,3.888253587293E-16,9.915705808916));
#1408 = CARTESIAN_POINT('',(3.175,-1.833087104677,9.85690951262));
#1409 = CARTESIAN_POINT('',(1.5875,-2.749630657016,9.798113216324));
#1410 = CARTESIAN_POINT('',(2.293760667403E-16,-3.666174209354,
    9.739316920027));
#1411 = CARTESIAN_POINT('',(-1.5875,-2.749630657016,9.680520623731));
#1412 = CARTESIAN_POINT('',(-3.175,-1.833087104677,9.621724327435));
#1413 = CARTESIAN_POINT('',(-3.175,0.,9.562928031138));
#1414 = ORIENTED_EDGE('',*,*,#1233,.T.);
#1415 = ORIENTED_EDGE('',*,*,#1416,.F.);
#1416 = EDGE_CURVE('',#1163,#1222,#1417,.T.);
#1417 = ( BOUNDED_CURVE() B_SPLINE_CURVE(2,(#1418,#1419,#1420,#1421,
#1422,#1423,#1424),.UNSPECIFIED.,.F.,.F.) B_SPLINE_CURVE_WITH_KNOTS((3,2
    ,2,3),(0.6875,0.708333333333,0.729166666667,0.75),
.PIECEWISE_BEZIER_KNOTS.) CURVE() GEOMETRIC_REPRESENTATION_ITEM() 
RATIONAL_B_SPLINE_CURVE((1.,0.866025403784,1.,0.866025403784,1.,
0.866025403784,1.)) REPRESENTATION_ITEM('') );
#1418 = CARTESIAN_POINT('',(3.175,3.888253587293E-16,9.827511362545));
#1419 = CARTESIAN_POINT('',(3.175,-1.833087104677,9.768715066248));
#1420 = CARTESIAN_POINT('',(1.5875,-2.749630657016,9.709918769952));
#1421 = CARTESIAN_POINT('',(2.293760667403E-16,-3.666174209354,
    9.651122473656));
#1422 = CARTESIAN_POINT('',(-1.5875,-2.749630657016,9.59232617736));
#1423 = CARTESIAN_POINT('',(-3.175,-1.833087104677,9.533529881063));
#1424 = CARTESIAN_POINT('',(-3.175,0.,9.474733584767));
#1425 = ( BOUNDED_SURFACE() B_SPLINE_SURFACE(2,1,(
    (#1426,#1427)
    ,(#1428,#1429)
    ,(#1430,#1431)
    ,(#1432,#1433)
    ,(#1434,#1435
)),.UNSPECIFIED.,.F.,.F.,.F.) B_SPLINE_SURFACE_WITH_KNOTS((3,2,3),(2,2),
  (3.14159265359,4.712388980385,6.28318530718),(3.792361109184,
    4.233333333333),.PIECEWISE_BEZIER_KNOTS.) 
GEOMETRIC_REPRESENTATION_ITEM() RATIONAL_B_SPLINE_SURFACE((
    (1.,1.)
    ,(0.707106781187,0.707106781187)
    ,(1.,1.)
    ,(0.707106781187,0.707106781187)
,(1.,1.))) REPRESENTATION_ITEM('') SURFACE() );
#1426 = CARTESIAN_POINT('',(3.175,3.888253587293E-16,9.915705808916));
#1427 = CARTESIAN_POINT('',(3.175,3.888253587293E-16,9.474733584767));
#1428 = CARTESIAN_POINT('',(3.175,-3.175,9.915705808916));
#1429 = CARTESIAN_POINT('',(3.175,-3.175,9.474733584767));
#1430 = CARTESIAN_POINT('',(1.391488282439E-16,-3.175,9.915705808916));
#1431 = CARTESIAN_POINT('',(1.391488282439E-16,-3.175,9.474733584767));
#1432 = CARTESIAN_POINT('',(-3.175,-3.175,9.915705808916));
#1433 = CARTESIAN_POINT('',(-3.175,-3.175,9.474733584767));
#1434 = CARTESIAN_POINT('',(-3.175,-7.776507174586E-16,9.915705808916));
#1435 = CARTESIAN_POINT('',(-3.175,-7.776507174586E-16,9.474733584767));
#1436 = ADVANCED_FACE('',(#1437),#1469,.T.);
#1437 = FACE_BOUND('',#1438,.T.);
#1438 = EDGE_LOOP('',(#1439,#1440,#1452,#1459));
#1439 = ORIENTED_EDGE('',*,*,#1214,.F.);
#1440 = ORIENTED_EDGE('',*,*,#1441,.T.);
#1441 = EDGE_CURVE('',#1203,#1442,#1444,.T.);
#1442 = VERTEX_POINT('',#1443);
#1443 = CARTESIAN_POINT('',(-3.175,0.,8.857372475583));
#1444 = ( BOUNDED_CURVE() B_SPLINE_CURVE(2,(#1445,#1446,#1447,#1448,
#1449,#1450,#1451),.UNSPECIFIED.,.F.,.F.) B_SPLINE_CURVE_WITH_KNOTS((3,2
    ,2,3),(0.6875,0.708333333333,0.729166666667,0.75),
.PIECEWISE_BEZIER_KNOTS.) CURVE() GEOMETRIC_REPRESENTATION_ITEM() 
RATIONAL_B_SPLINE_CURVE((1.,0.866025403784,1.,0.866025403784,1.,
0.866025403784,1.)) REPRESENTATION_ITEM('') );
#1445 = CARTESIAN_POINT('',(3.175,3.888253587293E-16,9.210150253361));
#1446 = CARTESIAN_POINT('',(3.175,-1.833087104677,9.151353957064));
#1447 = CARTESIAN_POINT('',(1.5875,-2.749630657016,9.092557660768));
#1448 = CARTESIAN_POINT('',(2.293760667403E-16,-3.666174209354,
    9.033761364472));
#1449 = CARTESIAN_POINT('',(-1.5875,-2.749630657016,8.974965068175));
#1450 = CARTESIAN_POINT('',(-3.175,-1.833087104677,8.916168771879));
#1451 = CARTESIAN_POINT('',(-3.175,0.,8.857372475583));
#1452 = ORIENTED_EDGE('',*,*,#1453,.T.);
#1453 = EDGE_CURVE('',#1442,#1454,#1456,.T.);
#1454 = VERTEX_POINT('',#1455);
#1455 = CARTESIAN_POINT('',(-3.175,0.,8.769178029211));
#1456 = B_SPLINE_CURVE_WITH_KNOTS('',1,(#1457,#1458),.UNSPECIFIED.,.F.,
  .F.,(2,2),(4.850694442517,4.938888888889),.PIECEWISE_BEZIER_KNOTS.);
#1457 = CARTESIAN_POINT('',(-3.175,0.,8.857372475583));
#1458 = CARTESIAN_POINT('',(-3.175,0.,8.769178029211));
#1459 = ORIENTED_EDGE('',*,*,#1460,.F.);
#1460 = EDGE_CURVE('',#1215,#1454,#1461,.T.);
#1461 = ( BOUNDED_CURVE() B_SPLINE_CURVE(2,(#1462,#1463,#1464,#1465,
#1466,#1467,#1468),.UNSPECIFIED.,.F.,.F.) B_SPLINE_CURVE_WITH_KNOTS((3,2
    ,2,3),(0.8125,0.833333333333,0.854166666667,0.875),
.PIECEWISE_BEZIER_KNOTS.) CURVE() GEOMETRIC_REPRESENTATION_ITEM() 
RATIONAL_B_SPLINE_CURVE((1.,0.866025403784,1.,0.866025403784,1.,
0.866025403784,1.)) REPRESENTATION_ITEM('') );
#1462 = CARTESIAN_POINT('',(3.175,3.888253587293E-16,9.121955806989));
#1463 = CARTESIAN_POINT('',(3.175,-1.833087104677,9.063159510693));
#1464 = CARTESIAN_POINT('',(1.5875,-2.749630657016,9.004363214397));
#1465 = CARTESIAN_POINT('',(2.293760667403E-16,-3.666174209354,
    8.9455669181));
#1466 = CARTESIAN_POINT('',(-1.5875,-2.749630657016,8.886770621804));
#1467 = CARTESIAN_POINT('',(-3.175,-1.833087104677,8.827974325508));
#1468 = CARTESIAN_POINT('',(-3.175,0.,8.769178029211));
#1469 = ( BOUNDED_SURFACE() B_SPLINE_SURFACE(2,1,(
    (#1470,#1471)
    ,(#1472,#1473)
    ,(#1474,#1475)
    ,(#1476,#1477)
    ,(#1478,#1479
)),.UNSPECIFIED.,.F.,.F.,.F.) B_SPLINE_SURFACE_WITH_KNOTS((3,2,3),(2,2),
  (3.14159265359,4.712388980385,6.28318530718),(4.49791666474,
    4.938888888889),.PIECEWISE_BEZIER_KNOTS.) 
GEOMETRIC_REPRESENTATION_ITEM() RATIONAL_B_SPLINE_SURFACE((
    (1.,1.)
    ,(0.707106781187,0.707106781187)
    ,(1.,1.)
    ,(0.707106781187,0.707106781187)
,(1.,1.))) REPRESENTATION_ITEM('') SURFACE() );
#1470 = CARTESIAN_POINT('',(3.175,3.888253587293E-16,9.210150253361));
#1471 = CARTESIAN_POINT('',(3.175,3.888253587293E-16,8.769178029211));
#1472 = CARTESIAN_POINT('',(3.175,-3.175,9.210150253361));
#1473 = CARTESIAN_POINT('',(3.175,-3.175,8.769178029211));
#1474 = CARTESIAN_POINT('',(1.391488282439E-16,-3.175,9.210150253361));
#1475 = CARTESIAN_POINT('',(1.391488282439E-16,-3.175,8.769178029211));
#1476 = CARTESIAN_POINT('',(-3.175,-3.175,9.210150253361));
#1477 = CARTESIAN_POINT('',(-3.175,-3.175,8.769178029211));
#1478 = CARTESIAN_POINT('',(-3.175,-7.776507174586E-16,9.210150253361));
#1479 = CARTESIAN_POINT('',(-3.175,-7.776507174586E-16,8.769178029211));
#1480 = ADVANCED_FACE('',(#1481),#1535,.T.);
#1481 = FACE_BOUND('',#1482,.T.);
#1482 = EDGE_LOOP('',(#1483,#1492,#1499,#1506,#1518,#1525));
#1483 = ORIENTED_EDGE('',*,*,#1484,.T.);
#1484 = EDGE_CURVE('',#1485,#1487,#1489,.T.);
#1485 = VERTEX_POINT('',#1486);
#1486 = CARTESIAN_POINT('',(-1.255354141701,-0.579911950312,4.1080669181
    ));
#1487 = VERTEX_POINT('',#1488);
#1488 = CARTESIAN_POINT('',(-1.109165117311,-0.527692057019,4.1080669181
    ));
#1489 = B_SPLINE_CURVE_WITH_KNOTS('',1,(#1490,#1491),.UNSPECIFIED.,.F.,
  .F.,(2,2),(-2.464512780808E-16,0.155235782304),
  .PIECEWISE_BEZIER_KNOTS.);
#1490 = CARTESIAN_POINT('',(-1.255354141701,-0.579911950312,4.1080669181
    ));
#1491 = CARTESIAN_POINT('',(-1.109165117311,-0.527692057019,4.1080669181
    ));
#1492 = ORIENTED_EDGE('',*,*,#1493,.T.);
#1493 = EDGE_CURVE('',#1487,#1494,#1496,.T.);
#1494 = VERTEX_POINT('',#1495);
#1495 = CARTESIAN_POINT('',(-1.109165117311,-0.644736645434,4.1080669181
    ));
#1496 = B_SPLINE_CURVE_WITH_KNOTS('',1,(#1497,#1498),.UNSPECIFIED.,.F.,
  .F.,(2,2),(0.,0.117044588415),.PIECEWISE_BEZIER_KNOTS.);
#1497 = CARTESIAN_POINT('',(-1.109165117311,-0.527692057019,4.1080669181
    ));
#1498 = CARTESIAN_POINT('',(-1.109165117311,-0.644736645434,4.1080669181
    ));
#1499 = ORIENTED_EDGE('',*,*,#1500,.T.);
#1500 = EDGE_CURVE('',#1494,#1501,#1503,.T.);
#1501 = VERTEX_POINT('',#1502);
#1502 = CARTESIAN_POINT('',(-1.255354141701,-0.592049907629,4.1080669181
    ));
#1503 = B_SPLINE_CURVE_WITH_KNOTS('',1,(#1504,#1505),.UNSPECIFIED.,.F.,
  .F.,(2,2),(0.,0.155393446428),.PIECEWISE_BEZIER_KNOTS.);
#1504 = CARTESIAN_POINT('',(-1.109165117311,-0.644736645434,4.1080669181
    ));
#1505 = CARTESIAN_POINT('',(-1.255354141701,-0.592049907629,4.1080669181
    ));
#1506 = ORIENTED_EDGE('',*,*,#1507,.T.);
#1507 = EDGE_CURVE('',#1501,#1508,#1510,.T.);
#1508 = VERTEX_POINT('',#1509);
#1509 = CARTESIAN_POINT('',(-1.279896824628,-0.586647849702,4.1080669181
    ));
#1510 = B_SPLINE_CURVE_WITH_KNOTS('',3,(#1511,#1512,#1513,#1514,#1515,
    #1516,#1517),.UNSPECIFIED.,.F.,.F.,(4,1,1,1,4),(0.,0.174481715317,
    0.398285759128,0.673897847399,1.),.UNSPECIFIED.);
#1511 = CARTESIAN_POINT('',(-1.255354141701,-0.592049907629,4.1080669181
    ));
#1512 = CARTESIAN_POINT('',(-1.25675058376,-0.591613140836,4.1080669181)
  );
#1513 = CARTESIAN_POINT('',(-1.259938212815,-0.59061614242,4.1080669181)
  );
#1514 = CARTESIAN_POINT('',(-1.265439883666,-0.58930965963,4.1080669181)
  );
#1515 = CARTESIAN_POINT('',(-1.272241661859,-0.588028735249,4.1080669181
    ));
#1516 = CARTESIAN_POINT('',(-1.277206243738,-0.587133193303,4.1080669181
    ));
#1517 = CARTESIAN_POINT('',(-1.279896824628,-0.586647849702,4.1080669181
    ));
#1518 = ORIENTED_EDGE('',*,*,#1519,.T.);
#1519 = EDGE_CURVE('',#1508,#1520,#1522,.T.);
#1520 = VERTEX_POINT('',#1521);
#1521 = CARTESIAN_POINT('',(-1.279896824628,-0.585514084458,4.1080669181
    ));
#1522 = B_SPLINE_CURVE_WITH_KNOTS('',1,(#1523,#1524),.UNSPECIFIED.,.F.,
  .F.,(2,2),(0.,1.133765243903E-03),.PIECEWISE_BEZIER_KNOTS.);
#1523 = CARTESIAN_POINT('',(-1.279896824628,-0.586647849702,4.1080669181
    ));
#1524 = CARTESIAN_POINT('',(-1.279896824628,-0.585514084458,4.1080669181
    ));
#1525 = ORIENTED_EDGE('',*,*,#1526,.T.);
#1526 = EDGE_CURVE('',#1520,#1485,#1527,.T.);
#1527 = B_SPLINE_CURVE_WITH_KNOTS('',3,(#1528,#1529,#1530,#1531,#1532,
    #1533,#1534),.UNSPECIFIED.,.F.,.F.,(4,1,1,1,4),(0.,0.30057486777,
    0.568347412612,0.800011154954,1.),.UNSPECIFIED.);
#1528 = CARTESIAN_POINT('',(-1.279896824628,-0.585514084458,4.1080669181
    ));
#1529 = CARTESIAN_POINT('',(-1.277402006404,-0.58511744114,4.1080669181)
  );
#1530 = CARTESIAN_POINT('',(-1.272684634345,-0.584367440963,4.1080669181
    ));
#1531 = CARTESIAN_POINT('',(-1.266119618762,-0.582923108241,4.1080669181
    ));
#1532 = CARTESIAN_POINT('',(-1.260387300586,-0.581604267937,4.1080669181
    ));
#1533 = CARTESIAN_POINT('',(-1.256947728791,-0.580447767992,4.1080669181
    ));
#1534 = CARTESIAN_POINT('',(-1.255354141701,-0.579911950312,4.1080669181
    ));
#1535 = B_SPLINE_SURFACE_WITH_KNOTS('',1,1,(
    (#1536,#1537)
    ,(#1538,#1539
    )),.UNSPECIFIED.,.F.,.F.,.F.,(2,2),(2,2),(1.109165117311,
    1.279896824628),(-0.644736645434,-0.527692057019),
  .PIECEWISE_BEZIER_KNOTS.);
#1536 = CARTESIAN_POINT('',(-1.109165117311,-0.644736645434,4.1080669181
    ));
#1537 = CARTESIAN_POINT('',(-1.109165117311,-0.527692057019,4.1080669181
    ));
#1538 = CARTESIAN_POINT('',(-1.279896824628,-0.644736645434,4.1080669181
    ));
#1539 = CARTESIAN_POINT('',(-1.279896824628,-0.527692057019,4.1080669181
    ));
#1540 = ADVANCED_FACE('',(#1541,#1552,#1596,#1772,#1858,#1929),#1987,.T.
  );
#1541 = FACE_BOUND('',#1542,.T.);
#1542 = EDGE_LOOP('',(#1543,#1551));
#1543 = ORIENTED_EDGE('',*,*,#1544,.T.);
#1544 = EDGE_CURVE('',#912,#931,#1545,.T.);
#1545 = ( BOUNDED_CURVE() B_SPLINE_CURVE(2,(#1546,#1547,#1548,#1549,
#1550),.UNSPECIFIED.,.F.,.F.) B_SPLINE_CURVE_WITH_KNOTS((3,2,3),(0.,
1.570796326795,3.14159265359),.PIECEWISE_BEZIER_KNOTS.) CURVE() 
GEOMETRIC_REPRESENTATION_ITEM() RATIONAL_B_SPLINE_CURVE((1.,
0.707106781187,1.,0.707106781187,1.)) REPRESENTATION_ITEM('') );
#1546 = CARTESIAN_POINT('',(-2.,0.,4.1080669181));
#1547 = CARTESIAN_POINT('',(-2.,2.,4.1080669181));
#1548 = CARTESIAN_POINT('',(-5.665538897648E-16,2.,4.1080669181));
#1549 = CARTESIAN_POINT('',(2.,2.,4.1080669181));
#1550 = CARTESIAN_POINT('',(2.,2.449293598295E-16,4.1080669181));
#1551 = ORIENTED_EDGE('',*,*,#937,.T.);
#1552 = FACE_BOUND('',#1553,.T.);
#1553 = EDGE_LOOP('',(#1554,#1563,#1570,#1577,#1584,#1591));
#1554 = ORIENTED_EDGE('',*,*,#1555,.T.);
#1555 = EDGE_CURVE('',#1556,#1558,#1560,.T.);
#1556 = VERTEX_POINT('',#1557);
#1557 = CARTESIAN_POINT('',(-1.010994385604,0.623012973469,4.1080669181)
  );
#1558 = VERTEX_POINT('',#1559);
#1559 = CARTESIAN_POINT('',(-1.010994385604,0.490695900298,4.1080669181)
  );
#1560 = B_SPLINE_CURVE_WITH_KNOTS('',1,(#1561,#1562),.UNSPECIFIED.,.F.,
  .F.,(2,2),(0.,0.132317073171),.PIECEWISE_BEZIER_KNOTS.);
#1561 = CARTESIAN_POINT('',(-1.010994385604,0.623012973469,4.1080669181)
  );
#1562 = CARTESIAN_POINT('',(-1.010994385604,0.490695900298,4.1080669181)
  );
#1563 = ORIENTED_EDGE('',*,*,#1564,.T.);
#1564 = EDGE_CURVE('',#1558,#1565,#1567,.T.);
#1565 = VERTEX_POINT('',#1566);
#1566 = CARTESIAN_POINT('',(-0.972579751457,0.490695900298,4.1080669181)
  );
#1567 = B_SPLINE_CURVE_WITH_KNOTS('',1,(#1568,#1569),.UNSPECIFIED.,.F.,
  .F.,(2,2),(0.,3.841463414634E-02),.PIECEWISE_BEZIER_KNOTS.);
#1568 = CARTESIAN_POINT('',(-1.010994385604,0.490695900298,4.1080669181)
  );
#1569 = CARTESIAN_POINT('',(-0.972579751457,0.490695900298,4.1080669181)
  );
#1570 = ORIENTED_EDGE('',*,*,#1571,.T.);
#1571 = EDGE_CURVE('',#1565,#1572,#1574,.T.);
#1572 = VERTEX_POINT('',#1573);
#1573 = CARTESIAN_POINT('',(-0.972579751457,0.669964192981,4.1080669181)
  );
#1574 = B_SPLINE_CURVE_WITH_KNOTS('',1,(#1575,#1576),.UNSPECIFIED.,.F.,
  .F.,(2,2),(0.,0.179268292683),.PIECEWISE_BEZIER_KNOTS.);
#1575 = CARTESIAN_POINT('',(-0.972579751457,0.490695900298,4.1080669181)
  );
#1576 = CARTESIAN_POINT('',(-0.972579751457,0.669964192981,4.1080669181)
  );
#1577 = ORIENTED_EDGE('',*,*,#1578,.T.);
#1578 = EDGE_CURVE('',#1572,#1579,#1581,.T.);
#1579 = VERTEX_POINT('',#1580);
#1580 = CARTESIAN_POINT('',(-1.322579751457,0.669964192981,4.1080669181)
  );
#1581 = B_SPLINE_CURVE_WITH_KNOTS('',1,(#1582,#1583),.UNSPECIFIED.,.F.,
  .F.,(2,2),(0.,0.35),.PIECEWISE_BEZIER_KNOTS.);
#1582 = CARTESIAN_POINT('',(-0.972579751457,0.669964192981,4.1080669181)
  );
#1583 = CARTESIAN_POINT('',(-1.322579751457,0.669964192981,4.1080669181)
  );
#1584 = ORIENTED_EDGE('',*,*,#1585,.T.);
#1585 = EDGE_CURVE('',#1579,#1586,#1588,.T.);
#1586 = VERTEX_POINT('',#1587);
#1587 = CARTESIAN_POINT('',(-1.322579751457,0.623012973469,4.1080669181)
  );
#1588 = B_SPLINE_CURVE_WITH_KNOTS('',1,(#1589,#1590),.UNSPECIFIED.,.F.,
  .F.,(2,2),(0.,4.69512195122E-02),.PIECEWISE_BEZIER_KNOTS.);
#1589 = CARTESIAN_POINT('',(-1.322579751457,0.669964192981,4.1080669181)
  );
#1590 = CARTESIAN_POINT('',(-1.322579751457,0.623012973469,4.1080669181)
  );
#1591 = ORIENTED_EDGE('',*,*,#1592,.T.);
#1592 = EDGE_CURVE('',#1586,#1556,#1593,.T.);
#1593 = B_SPLINE_CURVE_WITH_KNOTS('',1,(#1594,#1595),.UNSPECIFIED.,.F.,
  .F.,(2,2),(0.,0.311585365854),.PIECEWISE_BEZIER_KNOTS.);
#1594 = CARTESIAN_POINT('',(-1.322579751457,0.623012973469,4.1080669181)
  );
#1595 = CARTESIAN_POINT('',(-1.010994385604,0.623012973469,4.1080669181)
  );
#1596 = FACE_BOUND('',#1597,.T.);
#1597 = EDGE_LOOP('',(#1598,#1616,#1623,#1639,#1663,#1687,#1703,#1710,
    #1726,#1750));
#1598 = ORIENTED_EDGE('',*,*,#1599,.T.);
#1599 = EDGE_CURVE('',#1600,#1602,#1604,.T.);
#1600 = VERTEX_POINT('',#1601);
#1601 = CARTESIAN_POINT('',(-1.006726092921,0.29028622042,4.1080669181)
  );
#1602 = VERTEX_POINT('',#1603);
#1603 = CARTESIAN_POINT('',(-1.029134629506,0.200451997859,4.1080669181)
  );
#1604 = B_SPLINE_CURVE_WITH_KNOTS('',3,(#1605,#1606,#1607,#1608,#1609,
    #1610,#1611,#1612,#1613,#1614,#1615),.UNSPECIFIED.,.F.,.F.,(4,1,1,1,
    1,1,1,1,4),(0.,0.135294604763,0.266765657925,0.394816018836,
    0.520051654434,0.642175702971,0.762651820558,0.881834004381,1.),
  .UNSPECIFIED.);
#1605 = CARTESIAN_POINT('',(-1.006726092921,0.29028622042,4.1080669181)
  );
#1606 = CARTESIAN_POINT('',(-1.006781582112,0.286059823222,4.1080669181)
  );
#1607 = CARTESIAN_POINT('',(-1.006890992319,0.277726470749,4.1080669181)
  );
#1608 = CARTESIAN_POINT('',(-1.008013783552,0.265437312105,4.1080669181)
  );
#1609 = CARTESIAN_POINT('',(-1.009703660312,0.253533732031,4.1080669181)
  );
#1610 = CARTESIAN_POINT('',(-1.012191010464,0.242067469232,4.1080669181)
  );
#1611 = CARTESIAN_POINT('',(-1.015304611462,0.23099921134,4.1080669181)
  );
#1612 = CARTESIAN_POINT('',(-1.01921553285,0.220391707795,4.1080669181)
  );
#1613 = CARTESIAN_POINT('',(-1.023682613785,0.210131612336,4.1080669181)
  );
#1614 = CARTESIAN_POINT('',(-1.027322485544,0.203669313404,4.1080669181)
  );
#1615 = CARTESIAN_POINT('',(-1.029134629506,0.200451997859,4.1080669181)
  );
#1616 = ORIENTED_EDGE('',*,*,#1617,.T.);
#1617 = EDGE_CURVE('',#1602,#1618,#1620,.T.);
#1618 = VERTEX_POINT('',#1619);
#1619 = CARTESIAN_POINT('',(-0.99071999536,0.200451997859,4.1080669181)
  );
#1620 = B_SPLINE_CURVE_WITH_KNOTS('',1,(#1621,#1622),.UNSPECIFIED.,.F.,
  .F.,(2,2),(0.,3.841463414634E-02),.PIECEWISE_BEZIER_KNOTS.);
#1621 = CARTESIAN_POINT('',(-1.029134629506,0.200451997859,4.1080669181)
  );
#1622 = CARTESIAN_POINT('',(-0.99071999536,0.200451997859,4.1080669181)
  );
#1623 = ORIENTED_EDGE('',*,*,#1624,.T.);
#1624 = EDGE_CURVE('',#1618,#1625,#1627,.T.);
#1625 = VERTEX_POINT('',#1626);
#1626 = CARTESIAN_POINT('',(-0.968311458775,0.296755351517,4.1080669181)
  );
#1627 = B_SPLINE_CURVE_WITH_KNOTS('',3,(#1628,#1629,#1630,#1631,#1632,
    #1633,#1634,#1635,#1636,#1637,#1638),.UNSPECIFIED.,.F.,.F.,(4,1,1,1,
    1,1,1,1,4),(0.,0.112448389909,0.226527675213,0.344401949326,
    0.465864972487,0.591659449352,0.722168487025,0.858606387555,1.),
  .UNSPECIFIED.);
#1628 = CARTESIAN_POINT('',(-0.99071999536,0.200451997859,4.1080669181)
  );
#1629 = CARTESIAN_POINT('',(-0.988907257975,0.20373618463,4.1080669181)
  );
#1630 = CARTESIAN_POINT('',(-0.985255492167,0.210352190381,4.1080669181)
  );
#1631 = CARTESIAN_POINT('',(-0.980749560628,0.22093257295,4.1080669181)
  );
#1632 = CARTESIAN_POINT('',(-0.976862982614,0.232065699473,4.1080669181)
  );
#1633 = CARTESIAN_POINT('',(-0.973763785268,0.243849013841,4.1080669181)
  );
#1634 = CARTESIAN_POINT('',(-0.971273039756,0.25620418405,4.1080669181)
  );
#1635 = CARTESIAN_POINT('',(-0.96958596857,0.269196677283,4.1080669181)
  );
#1636 = CARTESIAN_POINT('',(-0.968475424516,0.282775021409,4.1080669181)
  );
#1637 = CARTESIAN_POINT('',(-0.968366760108,0.292040153746,4.1080669181)
  );
#1638 = CARTESIAN_POINT('',(-0.968311458775,0.296755351517,4.1080669181)
  );
#1639 = ORIENTED_EDGE('',*,*,#1640,.T.);
#1640 = EDGE_CURVE('',#1625,#1641,#1643,.T.);
#1641 = VERTEX_POINT('',#1642);
#1642 = CARTESIAN_POINT('',(-1.140977236214,0.460817851517,4.1080669181)
  );
#1643 = B_SPLINE_CURVE_WITH_KNOTS('',3,(#1644,#1645,#1646,#1647,#1648,
    #1649,#1650,#1651,#1652,#1653,#1654,#1655,#1656,#1657,#1658,#1659,
    #1660,#1661,#1662),.UNSPECIFIED.,.F.,.F.,(4,1,1,1,1,1,1,1,1,1,1,1,1,
    1,1,1,4),(0.,6.784007953421E-02,0.132668895449,0.195070526452,
    0.255608671289,0.314831535745,0.373425415132,0.432573279624,
    0.492284445125,0.552531138275,0.612378952807,0.672482211004,
    0.733811565777,0.796573754797,0.861435846733,0.929191812402,1.),
  .UNSPECIFIED.);
#1644 = CARTESIAN_POINT('',(-0.968311458775,0.296755351517,4.1080669181)
  );
#1645 = CARTESIAN_POINT('',(-0.96844693304,0.302831043159,4.1080669181)
  );
#1646 = CARTESIAN_POINT('',(-0.968711868183,0.314712740597,4.1080669181)
  );
#1647 = CARTESIAN_POINT('',(-0.970941291299,0.332069820982,4.1080669181)
  );
#1648 = CARTESIAN_POINT('',(-0.974661127603,0.348491528155,4.1080669181)
  );
#1649 = CARTESIAN_POINT('',(-0.979895323351,0.363966244845,4.1080669181)
  );
#1650 = CARTESIAN_POINT('',(-0.986474455054,0.378552050474,4.1080669181)
  );
#1651 = CARTESIAN_POINT('',(-0.9947113793,0.392130420062,4.1080669181));
#1652 = CARTESIAN_POINT('',(-1.004407265824,0.404754453705,4.1080669181)
  );
#1653 = CARTESIAN_POINT('',(-1.015504538093,0.416372535369,4.1080669181)
  );
#1654 = CARTESIAN_POINT('',(-1.027803502225,0.426804128318,4.1080669181)
  );
#1655 = CARTESIAN_POINT('',(-1.041143325151,0.435932168943,4.1080669181)
  );
#1656 = CARTESIAN_POINT('',(-1.055462843893,0.443631978009,4.1080669181)
  );
#1657 = CARTESIAN_POINT('',(-1.070706084646,0.449998200011,4.1080669181)
  );
#1658 = CARTESIAN_POINT('',(-1.086943362579,0.454855701655,4.1080669181)
  );
#1659 = CARTESIAN_POINT('',(-1.1041149893,0.458277366221,4.1080669181));
#1660 = CARTESIAN_POINT('',(-1.122223279241,0.460493942679,4.1080669181)
  );
#1661 = CARTESIAN_POINT('',(-1.134634785735,0.460708307928,4.1080669181)
  );
#1662 = CARTESIAN_POINT('',(-1.140977236214,0.460817851517,4.1080669181)
  );
#1663 = ORIENTED_EDGE('',*,*,#1664,.T.);
#1664 = EDGE_CURVE('',#1641,#1665,#1667,.T.);
#1665 = VERTEX_POINT('',#1666);
#1666 = CARTESIAN_POINT('',(-1.32684804414,0.282816708225,4.1080669181)
  );
#1667 = B_SPLINE_CURVE_WITH_KNOTS('',3,(#1668,#1669,#1670,#1671,#1672,
    #1673,#1674,#1675,#1676,#1677,#1678,#1679,#1680,#1681,#1682,#1683,
    #1684,#1685,#1686),.UNSPECIFIED.,.F.,.F.,(4,1,1,1,1,1,1,1,1,1,1,1,1,
    1,1,1,4),(0.,7.0642150723E-02,0.138253647067,0.203359610795,
    0.266248414883,0.327919677888,0.388751281404,0.449435747492,
    0.510871867311,0.572088893231,0.631742601943,0.691124065861,
    0.750365569949,0.810037116623,0.871365305784,0.934428596542,1.),
  .UNSPECIFIED.);
#1668 = CARTESIAN_POINT('',(-1.140977236214,0.460817851517,4.1080669181)
  );
#1669 = CARTESIAN_POINT('',(-1.14778641615,0.460664689246,4.1080669181)
  );
#1670 = CARTESIAN_POINT('',(-1.161112651975,0.460364935595,4.1080669181)
  );
#1671 = CARTESIAN_POINT('',(-1.180603078496,0.458003868844,4.1080669181)
  );
#1672 = CARTESIAN_POINT('',(-1.199061857265,0.454077657319,4.1080669181)
  );
#1673 = CARTESIAN_POINT('',(-1.21654961954,0.448640365983,4.1080669181)
  );
#1674 = CARTESIAN_POINT('',(-1.23292787478,0.441423801581,4.1080669181)
  );
#1675 = CARTESIAN_POINT('',(-1.248384819696,0.43283314323,4.1080669181)
  );
#1676 = CARTESIAN_POINT('',(-1.262745663292,0.422536309174,4.1080669181)
  );
#1677 = CARTESIAN_POINT('',(-1.275942281283,0.410745948869,4.1080669181)
  );
#1678 = CARTESIAN_POINT('',(-1.287902747485,0.397838027086,4.1080669181)
  );
#1679 = CARTESIAN_POINT('',(-1.298339963543,0.383911288337,4.1080669181)
  );
#1680 = CARTESIAN_POINT('',(-1.307160207662,0.369132711426,4.1080669181)
  );
#1681 = CARTESIAN_POINT('',(-1.314421752214,0.353523480536,4.1080669181)
  );
#1682 = CARTESIAN_POINT('',(-1.319964792913,0.337026142885,4.1080669181)
  );
#1683 = CARTESIAN_POINT('',(-1.323945658795,0.319717903943,4.1080669181)
  );
#1684 = CARTESIAN_POINT('',(-1.326412433632,0.301539149357,4.1080669181)
  );
#1685 = CARTESIAN_POINT('',(-1.326700965379,0.289138120147,4.1080669181)
  );
#1686 = CARTESIAN_POINT('',(-1.32684804414,0.282816708225,4.1080669181)
  );
#1687 = ORIENTED_EDGE('',*,*,#1688,.T.);
#1688 = EDGE_CURVE('',#1665,#1689,#1691,.T.);
#1689 = VERTEX_POINT('',#1690);
#1690 = CARTESIAN_POINT('',(-1.312976092921,0.200451997859,4.1080669181)
  );
#1691 = B_SPLINE_CURVE_WITH_KNOTS('',3,(#1692,#1693,#1694,#1695,#1696,
    #1697,#1698,#1699,#1700,#1701,#1702),.UNSPECIFIED.,.F.,.F.,(4,1,1,1,
    1,1,1,1,4),(0.,0.145186866472,0.28344261092,0.416524365929,
    0.543181123535,0.665153082638,0.781360206313,0.892756655642,1.),
  .UNSPECIFIED.);
#1692 = CARTESIAN_POINT('',(-1.32684804414,0.282816708225,4.1080669181)
  );
#1693 = CARTESIAN_POINT('',(-1.326818873588,0.278747307006,4.1080669181)
  );
#1694 = CARTESIAN_POINT('',(-1.326761925065,0.27080277501,4.1080669181)
  );
#1695 = CARTESIAN_POINT('',(-1.326047785322,0.259148039271,4.1080669181)
  );
#1696 = CARTESIAN_POINT('',(-1.325038487271,0.248036492276,4.1080669181)
  );
#1697 = CARTESIAN_POINT('',(-1.323464669663,0.237452054307,4.1080669181)
  );
#1698 = CARTESIAN_POINT('',(-1.321591203876,0.227395269988,4.1080669181)
  );
#1699 = CARTESIAN_POINT('',(-1.319149051392,0.217903813552,4.1080669181)
  );
#1700 = CARTESIAN_POINT('',(-1.316412637892,0.208918019835,4.1080669181)
  );
#1701 = CARTESIAN_POINT('',(-1.314107009292,0.203238041088,4.1080669181)
  );
#1702 = CARTESIAN_POINT('',(-1.312976092921,0.200451997859,4.1080669181)
  );
#1703 = ORIENTED_EDGE('',*,*,#1704,.T.);
#1704 = EDGE_CURVE('',#1689,#1705,#1707,.T.);
#1705 = VERTEX_POINT('',#1706);
#1706 = CARTESIAN_POINT('',(-1.266024873409,0.200451997859,4.1080669181)
  );
#1707 = B_SPLINE_CURVE_WITH_KNOTS('',1,(#1708,#1709),.UNSPECIFIED.,.F.,
  .F.,(2,2),(0.,4.69512195122E-02),.PIECEWISE_BEZIER_KNOTS.);
#1708 = CARTESIAN_POINT('',(-1.312976092921,0.200451997859,4.1080669181)
  );
#1709 = CARTESIAN_POINT('',(-1.266024873409,0.200451997859,4.1080669181)
  );
#1710 = ORIENTED_EDGE('',*,*,#1711,.T.);
#1711 = EDGE_CURVE('',#1705,#1712,#1714,.T.);
#1712 = VERTEX_POINT('',#1713);
#1713 = CARTESIAN_POINT('',(-1.288433409994,0.282416555786,4.1080669181)
  );
#1714 = B_SPLINE_CURVE_WITH_KNOTS('',3,(#1715,#1716,#1717,#1718,#1719,
    #1720,#1721,#1722,#1723,#1724,#1725),.UNSPECIFIED.,.F.,.F.,(4,1,1,1,
    1,1,1,1,4),(0.,0.125279696736,0.249419970742,0.373356799493,
    0.496681278782,0.620202915744,0.745086320161,0.871269195019,1.),
  .UNSPECIFIED.);
#1715 = CARTESIAN_POINT('',(-1.266024873409,0.200451997859,4.1080669181)
  );
#1716 = CARTESIAN_POINT('',(-1.267830933956,0.203560132829,4.1080669181)
  );
#1717 = CARTESIAN_POINT('',(-1.271426628873,0.209748134184,4.1080669181)
  );
#1718 = CARTESIAN_POINT('',(-1.275921955172,0.219480735249,4.1080669181)
  );
#1719 = CARTESIAN_POINT('',(-1.279821003533,0.229400870352,4.1080669181)
  );
#1720 = CARTESIAN_POINT('',(-1.282933553823,0.239577985396,4.1080669181)
  );
#1721 = CARTESIAN_POINT('',(-1.285446962071,0.249948028644,4.1080669181)
  );
#1722 = CARTESIAN_POINT('',(-1.28713277582,0.260565378513,4.1080669181)
  );
#1723 = CARTESIAN_POINT('',(-1.288266997577,0.271409918887,4.1080669181)
  );
#1724 = CARTESIAN_POINT('',(-1.288377570785,0.278723310387,4.1080669181)
  );
#1725 = CARTESIAN_POINT('',(-1.288433409994,0.282416555786,4.1080669181)
  );
#1726 = ORIENTED_EDGE('',*,*,#1727,.T.);
#1727 = EDGE_CURVE('',#1712,#1728,#1730,.T.);
#1728 = VERTEX_POINT('',#1729);
#1729 = CARTESIAN_POINT('',(-1.14384499536,0.413866632005,4.1080669181)
  );
#1730 = B_SPLINE_CURVE_WITH_KNOTS('',3,(#1731,#1732,#1733,#1734,#1735,
    #1736,#1737,#1738,#1739,#1740,#1741,#1742,#1743,#1744,#1745,#1746,
    #1747,#1748,#1749),.UNSPECIFIED.,.F.,.F.,(4,1,1,1,1,1,1,1,1,1,1,1,1,
    1,1,1,4),(0.,6.460397028839E-02,0.126702413963,0.186756814036,
    0.245505687365,0.30365202445,0.361503073971,0.420240222928,
    0.480033340777,0.540678134776,0.601191806381,0.662333502477,
    0.724739510297,0.789467736173,0.856504860044,0.926312095839,1.),
  .UNSPECIFIED.);
#1731 = CARTESIAN_POINT('',(-1.288433409994,0.282416555786,4.1080669181)
  );
#1732 = CARTESIAN_POINT('',(-1.288331442364,0.287158832438,4.1080669181)
  );
#1733 = CARTESIAN_POINT('',(-1.2881314617,0.296459466701,4.1080669181));
#1734 = CARTESIAN_POINT('',(-1.28616802131,0.3100469839,4.1080669181));
#1735 = CARTESIAN_POINT('',(-1.283230492579,0.323006571514,4.1080669181)
  );
#1736 = CARTESIAN_POINT('',(-1.278931191531,0.335286262475,4.1080669181)
  );
#1737 = CARTESIAN_POINT('',(-1.27338228091,0.346872113138,4.1080669181)
  );
#1738 = CARTESIAN_POINT('',(-1.266562948351,0.357754076538,4.1080669181)
  );
#1739 = CARTESIAN_POINT('',(-1.25861940002,0.367998982908,4.1080669181)
  );
#1740 = CARTESIAN_POINT('',(-1.249452536981,0.377450549683,4.1080669181)
  );
#1741 = CARTESIAN_POINT('',(-1.239315450659,0.386063556104,4.1080669181)
  );
#1742 = CARTESIAN_POINT('',(-1.228141101925,0.393456546722,4.1080669181)
  );
#1743 = CARTESIAN_POINT('',(-1.216231938894,0.399867391799,4.1080669181)
  );
#1744 = CARTESIAN_POINT('',(-1.203379018312,0.405001184072,4.1080669181)
  );
#1745 = CARTESIAN_POINT('',(-1.189680954958,0.408977008808,4.1080669181)
  );
#1746 = CARTESIAN_POINT('',(-1.175156439825,0.411846716218,4.1080669181)
  );
#1747 = CARTESIAN_POINT('',(-1.159778684628,0.413509385157,4.1080669181)
  );
#1748 = CARTESIAN_POINT('',(-1.14925112719,0.413745421937,4.1080669181)
  );
#1749 = CARTESIAN_POINT('',(-1.14384499536,0.413866632005,4.1080669181)
  );
#1750 = ORIENTED_EDGE('',*,*,#1751,.T.);
#1751 = EDGE_CURVE('',#1728,#1600,#1752,.T.);
#1752 = B_SPLINE_CURVE_WITH_KNOTS('',3,(#1753,#1754,#1755,#1756,#1757,
    #1758,#1759,#1760,#1761,#1762,#1763,#1764,#1765,#1766,#1767,#1768,
    #1769,#1770,#1771),.UNSPECIFIED.,.F.,.F.,(4,1,1,1,1,1,1,1,1,1,1,1,1,
    1,1,1,4),(0.,7.377411937406E-02,0.144079114726,0.211348518309,
    0.27607688574,0.33852091582,0.399885116693,0.460254067465,
    0.520588964391,0.580207684563,0.638632908553,0.696364549491,
    0.75400177466,0.812805681374,0.872754425526,0.935181996978,1.),
  .UNSPECIFIED.);
#1753 = CARTESIAN_POINT('',(-1.14384499536,0.413866632005,4.1080669181)
  );
#1754 = CARTESIAN_POINT('',(-1.138727573366,0.413769395058,4.1080669181)
  );
#1755 = CARTESIAN_POINT('',(-1.128733368939,0.413579493593,4.1080669181)
  );
#1756 = CARTESIAN_POINT('',(-1.114146181666,0.411947938275,4.1080669181)
  );
#1757 = CARTESIAN_POINT('',(-1.10035382902,0.40930500279,4.1080669181));
#1758 = CARTESIAN_POINT('',(-1.087368468107,0.405590683196,4.1080669181)
  );
#1759 = CARTESIAN_POINT('',(-1.07520211598,0.400747346379,4.1080669181)
  );
#1760 = CARTESIAN_POINT('',(-1.063822446682,0.394896765249,4.1080669181)
  );
#1761 = CARTESIAN_POINT('',(-1.05328084861,0.387901659036,4.1080669181)
  );
#1762 = CARTESIAN_POINT('',(-1.043626672873,0.379916444107,4.1080669181)
  );
#1763 = CARTESIAN_POINT('',(-1.034969194635,0.371050752183,4.1080669181)
  );
#1764 = CARTESIAN_POINT('',(-1.027365983522,0.361490236904,4.1080669181)
  );
#1765 = CARTESIAN_POINT('',(-1.021019669131,0.351214068856,4.1080669181)
  );
#1766 = CARTESIAN_POINT('',(-1.015757103822,0.340318071619,4.1080669181)
  );
#1767 = CARTESIAN_POINT('',(-1.011688415005,0.328753014951,4.1080669181)
  );
#1768 = CARTESIAN_POINT('',(-1.008836121453,0.316497250342,4.1080669181)
  );
#1769 = CARTESIAN_POINT('',(-1.007069472196,0.303609408212,4.1080669181)
  );
#1770 = CARTESIAN_POINT('',(-1.00684197725,0.294782556674,4.1080669181)
  );
#1771 = CARTESIAN_POINT('',(-1.006726092921,0.29028622042,4.1080669181)
  );
#1772 = FACE_BOUND('',#1773,.T.);
#1773 = EDGE_LOOP('',(#1774,#1783,#1790,#1797,#1804,#1811,#1818,#1825,
    #1832,#1839,#1846,#1853));
#1774 = ORIENTED_EDGE('',*,*,#1775,.T.);
#1775 = EDGE_CURVE('',#1776,#1778,#1780,.T.);
#1776 = VERTEX_POINT('',#1777);
#1777 = CARTESIAN_POINT('',(-1.010994385604,8.520809541991E-02,
    4.1080669181));
#1778 = VERTEX_POINT('',#1779);
#1779 = CARTESIAN_POINT('',(-1.010994385604,-5.564556311668E-02,
    4.1080669181));
#1780 = B_SPLINE_CURVE_WITH_KNOTS('',1,(#1781,#1782),.UNSPECIFIED.,.F.,
  .F.,(2,2),(0.,0.140853658537),.PIECEWISE_BEZIER_KNOTS.);
#1781 = CARTESIAN_POINT('',(-1.010994385604,8.520809541991E-02,
    4.1080669181));
#1782 = CARTESIAN_POINT('',(-1.010994385604,-5.564556311668E-02,
    4.1080669181));
#1783 = ORIENTED_EDGE('',*,*,#1784,.T.);
#1784 = EDGE_CURVE('',#1778,#1785,#1787,.T.);
#1785 = VERTEX_POINT('',#1786);
#1786 = CARTESIAN_POINT('',(-0.972579751457,-5.564556311668E-02,
    4.1080669181));
#1787 = B_SPLINE_CURVE_WITH_KNOTS('',1,(#1788,#1789),.UNSPECIFIED.,.F.,
  .F.,(2,2),(0.,3.841463414634E-02),.PIECEWISE_BEZIER_KNOTS.);
#1788 = CARTESIAN_POINT('',(-1.010994385604,-5.564556311668E-02,
    4.1080669181));
#1789 = CARTESIAN_POINT('',(-0.972579751457,-5.564556311668E-02,
    4.1080669181));
#1790 = ORIENTED_EDGE('',*,*,#1791,.T.);
#1791 = EDGE_CURVE('',#1785,#1792,#1794,.T.);
#1792 = VERTEX_POINT('',#1793);
#1793 = CARTESIAN_POINT('',(-0.972579751457,0.132159314932,4.1080669181)
  );
#1794 = B_SPLINE_CURVE_WITH_KNOTS('',1,(#1795,#1796),.UNSPECIFIED.,.F.,
  .F.,(2,2),(0.,0.187804878049),.PIECEWISE_BEZIER_KNOTS.);
#1795 = CARTESIAN_POINT('',(-0.972579751457,-5.564556311668E-02,
    4.1080669181));
#1796 = CARTESIAN_POINT('',(-0.972579751457,0.132159314932,4.1080669181)
  );
#1797 = ORIENTED_EDGE('',*,*,#1798,.T.);
#1798 = EDGE_CURVE('',#1792,#1799,#1801,.T.);
#1799 = VERTEX_POINT('',#1800);
#1800 = CARTESIAN_POINT('',(-1.322579751457,0.132159314932,4.1080669181)
  );
#1801 = B_SPLINE_CURVE_WITH_KNOTS('',1,(#1802,#1803),.UNSPECIFIED.,.F.,
  .F.,(2,2),(0.,0.35),.PIECEWISE_BEZIER_KNOTS.);
#1802 = CARTESIAN_POINT('',(-0.972579751457,0.132159314932,4.1080669181)
  );
#1803 = CARTESIAN_POINT('',(-1.322579751457,0.132159314932,4.1080669181)
  );
#1804 = ORIENTED_EDGE('',*,*,#1805,.T.);
#1805 = EDGE_CURVE('',#1799,#1806,#1808,.T.);
#1806 = VERTEX_POINT('',#1807);
#1807 = CARTESIAN_POINT('',(-1.322579751457,-4.710897775082E-02,
    4.1080669181));
#1808 = B_SPLINE_CURVE_WITH_KNOTS('',1,(#1809,#1810),.UNSPECIFIED.,.F.,
  .F.,(2,2),(0.,0.179268292683),.PIECEWISE_BEZIER_KNOTS.);
#1809 = CARTESIAN_POINT('',(-1.322579751457,0.132159314932,4.1080669181)
  );
#1810 = CARTESIAN_POINT('',(-1.322579751457,-4.710897775082E-02,
    4.1080669181));
#1811 = ORIENTED_EDGE('',*,*,#1812,.T.);
#1812 = EDGE_CURVE('',#1806,#1813,#1815,.T.);
#1813 = VERTEX_POINT('',#1814);
#1814 = CARTESIAN_POINT('',(-1.284165117311,-4.710897775082E-02,
    4.1080669181));
#1815 = B_SPLINE_CURVE_WITH_KNOTS('',1,(#1816,#1817),.UNSPECIFIED.,.F.,
  .F.,(2,2),(0.,3.841463414634E-02),.PIECEWISE_BEZIER_KNOTS.);
#1816 = CARTESIAN_POINT('',(-1.322579751457,-4.710897775082E-02,
    4.1080669181));
#1817 = CARTESIAN_POINT('',(-1.284165117311,-4.710897775082E-02,
    4.1080669181));
#1818 = ORIENTED_EDGE('',*,*,#1819,.T.);
#1819 = EDGE_CURVE('',#1813,#1820,#1822,.T.);
#1820 = VERTEX_POINT('',#1821);
#1821 = CARTESIAN_POINT('',(-1.284165117311,8.520809541991E-02,
    4.1080669181));
#1822 = B_SPLINE_CURVE_WITH_KNOTS('',1,(#1823,#1824),.UNSPECIFIED.,.F.,
  .F.,(2,2),(0.,0.132317073171),.PIECEWISE_BEZIER_KNOTS.);
#1823 = CARTESIAN_POINT('',(-1.284165117311,-4.710897775082E-02,
    4.1080669181));
#1824 = CARTESIAN_POINT('',(-1.284165117311,8.520809541991E-02,
    4.1080669181));
#1825 = ORIENTED_EDGE('',*,*,#1826,.T.);
#1826 = EDGE_CURVE('',#1820,#1827,#1829,.T.);
#1827 = VERTEX_POINT('',#1828);
#1828 = CARTESIAN_POINT('',(-1.168921214872,8.520809541991E-02,
    4.1080669181));
#1829 = B_SPLINE_CURVE_WITH_KNOTS('',1,(#1830,#1831),.UNSPECIFIED.,.F.,
  .F.,(2,2),(0.,0.115243902439),.PIECEWISE_BEZIER_KNOTS.);
#1830 = CARTESIAN_POINT('',(-1.284165117311,8.520809541991E-02,
    4.1080669181));
#1831 = CARTESIAN_POINT('',(-1.168921214872,8.520809541991E-02,
    4.1080669181));
#1832 = ORIENTED_EDGE('',*,*,#1833,.T.);
#1833 = EDGE_CURVE('',#1827,#1834,#1836,.T.);
#1834 = VERTEX_POINT('',#1835);
#1835 = CARTESIAN_POINT('',(-1.168921214872,-3.857239238497E-02,
    4.1080669181));
#1836 = B_SPLINE_CURVE_WITH_KNOTS('',1,(#1837,#1838),.UNSPECIFIED.,.F.,
  .F.,(2,2),(0.,0.123780487805),.PIECEWISE_BEZIER_KNOTS.);
#1837 = CARTESIAN_POINT('',(-1.168921214872,8.520809541991E-02,
    4.1080669181));
#1838 = CARTESIAN_POINT('',(-1.168921214872,-3.857239238497E-02,
    4.1080669181));
#1839 = ORIENTED_EDGE('',*,*,#1840,.T.);
#1840 = EDGE_CURVE('',#1834,#1841,#1843,.T.);
#1841 = VERTEX_POINT('',#1842);
#1842 = CARTESIAN_POINT('',(-1.130506580726,-3.857239238497E-02,
    4.1080669181));
#1843 = B_SPLINE_CURVE_WITH_KNOTS('',1,(#1844,#1845),.UNSPECIFIED.,.F.,
  .F.,(2,2),(0.,3.841463414634E-02),.PIECEWISE_BEZIER_KNOTS.);
#1844 = CARTESIAN_POINT('',(-1.168921214872,-3.857239238497E-02,
    4.1080669181));
#1845 = CARTESIAN_POINT('',(-1.130506580726,-3.857239238497E-02,
    4.1080669181));
#1846 = ORIENTED_EDGE('',*,*,#1847,.T.);
#1847 = EDGE_CURVE('',#1841,#1848,#1850,.T.);
#1848 = VERTEX_POINT('',#1849);
#1849 = CARTESIAN_POINT('',(-1.130506580726,8.520809541991E-02,
    4.1080669181));
#1850 = B_SPLINE_CURVE_WITH_KNOTS('',1,(#1851,#1852),.UNSPECIFIED.,.F.,
  .F.,(2,2),(0.,0.123780487805),.PIECEWISE_BEZIER_KNOTS.);
#1851 = CARTESIAN_POINT('',(-1.130506580726,-3.857239238497E-02,
    4.1080669181));
#1852 = CARTESIAN_POINT('',(-1.130506580726,8.520809541991E-02,
    4.1080669181));
#1853 = ORIENTED_EDGE('',*,*,#1854,.T.);
#1854 = EDGE_CURVE('',#1848,#1776,#1855,.T.);
#1855 = B_SPLINE_CURVE_WITH_KNOTS('',1,(#1856,#1857),.UNSPECIFIED.,.F.,
  .F.,(2,2),(0.,0.119512195122),.PIECEWISE_BEZIER_KNOTS.);
#1856 = CARTESIAN_POINT('',(-1.130506580726,8.520809541991E-02,
    4.1080669181));
#1857 = CARTESIAN_POINT('',(-1.010994385604,8.520809541991E-02,
    4.1080669181));
#1858 = FACE_BOUND('',#1859,.T.);
#1859 = EDGE_LOOP('',(#1860,#1886,#1893,#1900,#1907));
#1860 = ORIENTED_EDGE('',*,*,#1861,.T.);
#1861 = EDGE_CURVE('',#1862,#1864,#1866,.T.);
#1862 = VERTEX_POINT('',#1863);
#1863 = CARTESIAN_POINT('',(-1.151981428287,-0.405645563117,4.1080669181
    ));
#1864 = VERTEX_POINT('',#1865);
#1865 = CARTESIAN_POINT('',(-0.972579751457,-0.219107834458,4.1080669181
    ));
#1866 = B_SPLINE_CURVE_WITH_KNOTS('',3,(#1867,#1868,#1869,#1870,#1871,
    #1872,#1873,#1874,#1875,#1876,#1877,#1878,#1879,#1880,#1881,#1882,
    #1883,#1884,#1885),.UNSPECIFIED.,.F.,.F.,(4,1,1,1,1,1,1,1,1,1,1,1,1,
    1,1,1,4),(0.,6.807022544602E-02,0.133430431124,0.196150441495,
    0.257127947319,0.316867312535,0.3761731907,0.435947660585,
    0.496523923289,0.557455399094,0.617678272287,0.67793640363,
    0.738799415387,0.800944863813,0.864811629662,0.931023231107,1.),
  .UNSPECIFIED.);
#1867 = CARTESIAN_POINT('',(-1.151981428287,-0.405645563117,4.1080669181
    ));
#1868 = CARTESIAN_POINT('',(-1.145370514376,-0.405504921246,4.1080669181
    ));
#1869 = CARTESIAN_POINT('',(-1.132411881033,-0.405229236757,4.1080669181
    ));
#1870 = CARTESIAN_POINT('',(-1.113504259959,-0.402686705736,4.1080669181
    ));
#1871 = CARTESIAN_POINT('',(-1.095565237047,-0.398678295016,4.1080669181
    ));
#1872 = CARTESIAN_POINT('',(-1.078697984763,-0.392874525547,4.1080669181
    ));
#1873 = CARTESIAN_POINT('',(-1.062744929997,-0.385650787568,4.1080669181
    ));
#1874 = CARTESIAN_POINT('',(-1.047938190667,-0.376513380641,4.1080669181
    ));
#1875 = CARTESIAN_POINT('',(-1.034065044167,-0.365896053973,4.1080669181
    ));
#1876 = CARTESIAN_POINT('',(-1.02134655168,-0.35367792072,4.1080669181)
  );
#1877 = CARTESIAN_POINT('',(-1.009962320041,-0.340168869959,4.1080669181
    ));
#1878 = CARTESIAN_POINT('',(-0.999838011188,-0.325722504109,4.1080669181
    ));
#1879 = CARTESIAN_POINT('',(-0.991425977022,-0.310215738396,4.1080669181
    ));
#1880 = CARTESIAN_POINT('',(-0.984552966842,-0.293780737846,4.1080669181
    ));
#1881 = CARTESIAN_POINT('',(-0.979096201757,-0.276446322267,4.1080669181
    ));
#1882 = CARTESIAN_POINT('',(-0.975380959719,-0.258137346093,4.1080669181
    ));
#1883 = CARTESIAN_POINT('',(-0.972938513089,-0.238937025174,4.1080669181
    ));
#1884 = CARTESIAN_POINT('',(-0.972700958331,-0.22580708542,4.1080669181)
  );
#1885 = CARTESIAN_POINT('',(-0.972579751457,-0.219107834458,4.1080669181
    ));
#1886 = ORIENTED_EDGE('',*,*,#1887,.T.);
#1887 = EDGE_CURVE('',#1864,#1888,#1890,.T.);
#1888 = VERTEX_POINT('',#1889);
#1889 = CARTESIAN_POINT('',(-0.972579751457,-0.123938246044,4.1080669181
    ));
#1890 = B_SPLINE_CURVE_WITH_KNOTS('',1,(#1891,#1892),.UNSPECIFIED.,.F.,
  .F.,(2,2),(-2.775557561563E-17,9.516958841463E-02),
  .PIECEWISE_BEZIER_KNOTS.);
#1891 = CARTESIAN_POINT('',(-0.972579751457,-0.219107834458,4.1080669181
    ));
#1892 = CARTESIAN_POINT('',(-0.972579751457,-0.123938246044,4.1080669181
    ));
#1893 = ORIENTED_EDGE('',*,*,#1894,.T.);
#1894 = EDGE_CURVE('',#1888,#1895,#1897,.T.);
#1895 = VERTEX_POINT('',#1896);
#1896 = CARTESIAN_POINT('',(-1.322579751457,-0.123938246044,4.1080669181
    ));
#1897 = B_SPLINE_CURVE_WITH_KNOTS('',1,(#1898,#1899),.UNSPECIFIED.,.F.,
  .F.,(2,2),(0.,0.35),.PIECEWISE_BEZIER_KNOTS.);
#1898 = CARTESIAN_POINT('',(-0.972579751457,-0.123938246044,4.1080669181
    ));
#1899 = CARTESIAN_POINT('',(-1.322579751457,-0.123938246044,4.1080669181
    ));
#1900 = ORIENTED_EDGE('',*,*,#1901,.T.);
#1901 = EDGE_CURVE('',#1895,#1902,#1904,.T.);
#1902 = VERTEX_POINT('',#1903);
#1903 = CARTESIAN_POINT('',(-1.322579751457,-0.222709206409,4.1080669181
    ));
#1904 = B_SPLINE_CURVE_WITH_KNOTS('',1,(#1905,#1906),.UNSPECIFIED.,.F.,
  .F.,(2,2),(0.,9.877096036585E-02),.PIECEWISE_BEZIER_KNOTS.);
#1905 = CARTESIAN_POINT('',(-1.322579751457,-0.123938246044,4.1080669181
    ));
#1906 = CARTESIAN_POINT('',(-1.322579751457,-0.222709206409,4.1080669181
    ));
#1907 = ORIENTED_EDGE('',*,*,#1908,.T.);
#1908 = EDGE_CURVE('',#1902,#1862,#1909,.T.);
#1909 = B_SPLINE_CURVE_WITH_KNOTS('',3,(#1910,#1911,#1912,#1913,#1914,
    #1915,#1916,#1917,#1918,#1919,#1920,#1921,#1922,#1923,#1924,#1925,
    #1926,#1927,#1928),.UNSPECIFIED.,.F.,.F.,(4,1,1,1,1,1,1,1,1,1,1,1,1,
    1,1,1,4),(0.,6.863281452251E-02,0.134569673473,0.198332881225,
    0.260795982648,0.322006826436,0.382730868797,0.443548045892,
    0.5051454695,0.566227370652,0.626120788049,0.685365657679,
    0.744910152778,0.805411203839,0.867633111414,0.932306168837,1.),
  .UNSPECIFIED.);
#1910 = CARTESIAN_POINT('',(-1.322579751457,-0.222709206409,4.1080669181
    ));
#1911 = CARTESIAN_POINT('',(-1.322436429283,-0.229139358851,4.1080669181
    ));
#1912 = CARTESIAN_POINT('',(-1.32215541475,-0.241747081856,4.1080669181)
  );
#1913 = CARTESIAN_POINT('',(-1.320020780294,-0.260235532056,4.1080669181
    ));
#1914 = CARTESIAN_POINT('',(-1.3163164963,-0.277874078069,4.1080669181)
  );
#1915 = CARTESIAN_POINT('',(-1.311263020161,-0.294711219062,4.1080669181
    ));
#1916 = CARTESIAN_POINT('',(-1.304807267327,-0.310766478585,4.1080669181
    ));
#1917 = CARTESIAN_POINT('',(-1.296719903977,-0.325888527801,4.1080669181
    ));
#1918 = CARTESIAN_POINT('',(-1.287282132599,-0.340243568561,4.1080669181
    ));
#1919 = CARTESIAN_POINT('',(-1.276473003539,-0.353643750771,4.1080669181
    ));
#1920 = CARTESIAN_POINT('',(-1.264455756368,-0.36586057059,4.1080669181)
  );
#1921 = CARTESIAN_POINT('',(-1.251307589349,-0.376499487181,4.1080669181
    ));
#1922 = CARTESIAN_POINT('',(-1.237236481263,-0.385642846873,4.1080669181
    ));
#1923 = CARTESIAN_POINT('',(-1.22202796642,-0.392857185737,4.1080669181)
  );
#1924 = CARTESIAN_POINT('',(-1.20594361245,-0.398680728553,4.1080669181)
  );
#1925 = CARTESIAN_POINT('',(-1.188819462401,-0.402680779219,4.1080669181
    ));
#1926 = CARTESIAN_POINT('',(-1.170732423253,-0.405234750016,4.1080669181
    ));
#1927 = CARTESIAN_POINT('',(-1.158326135479,-0.405506557755,4.1080669181
    ));
#1928 = CARTESIAN_POINT('',(-1.151981428287,-0.405645563117,4.1080669181
    ));
#1929 = FACE_BOUND('',#1930,.T.);
#1930 = EDGE_LOOP('',(#1931,#1940,#1947,#1954,#1961,#1968,#1975,#1982));
#1931 = ORIENTED_EDGE('',*,*,#1932,.T.);
#1932 = EDGE_CURVE('',#1933,#1935,#1937,.T.);
#1933 = VERTEX_POINT('',#1934);
#1934 = CARTESIAN_POINT('',(-1.322579751457,-0.563572392385,4.1080669181
    ));
#1935 = VERTEX_POINT('',#1936);
#1936 = CARTESIAN_POINT('',(-1.322579751457,-0.610523611897,4.1080669181
    ));
#1937 = B_SPLINE_CURVE_WITH_KNOTS('',1,(#1938,#1939),.UNSPECIFIED.,.F.,
  .F.,(2,2),(0.,4.69512195122E-02),.PIECEWISE_BEZIER_KNOTS.);
#1938 = CARTESIAN_POINT('',(-1.322579751457,-0.563572392385,4.1080669181
    ));
#1939 = CARTESIAN_POINT('',(-1.322579751457,-0.610523611897,4.1080669181
    ));
#1940 = ORIENTED_EDGE('',*,*,#1941,.T.);
#1941 = EDGE_CURVE('',#1935,#1942,#1944,.T.);
#1942 = VERTEX_POINT('',#1943);
#1943 = CARTESIAN_POINT('',(-0.972579751457,-0.747108977751,4.1080669181
    ));
#1944 = B_SPLINE_CURVE_WITH_KNOTS('',1,(#1945,#1946),.UNSPECIFIED.,.F.,
  .F.,(2,2),(0.,0.375706750226),.PIECEWISE_BEZIER_KNOTS.);
#1945 = CARTESIAN_POINT('',(-1.322579751457,-0.610523611897,4.1080669181
    ));
#1946 = CARTESIAN_POINT('',(-0.972579751457,-0.747108977751,4.1080669181
    ));
#1947 = ORIENTED_EDGE('',*,*,#1948,.T.);
#1948 = EDGE_CURVE('',#1942,#1949,#1951,.T.);
#1949 = VERTEX_POINT('',#1950);
#1950 = CARTESIAN_POINT('',(-0.972579751457,-0.695889465556,4.1080669181
    ));
#1951 = B_SPLINE_CURVE_WITH_KNOTS('',1,(#1952,#1953),.UNSPECIFIED.,.F.,
  .F.,(2,2),(0.,5.121951219512E-02),.PIECEWISE_BEZIER_KNOTS.);
#1952 = CARTESIAN_POINT('',(-0.972579751457,-0.747108977751,4.1080669181
    ));
#1953 = CARTESIAN_POINT('',(-0.972579751457,-0.695889465556,4.1080669181
    ));
#1954 = ORIENTED_EDGE('',*,*,#1955,.T.);
#1955 = EDGE_CURVE('',#1949,#1956,#1958,.T.);
#1956 = VERTEX_POINT('',#1957);
#1957 = CARTESIAN_POINT('',(-1.070750483165,-0.660475974702,4.1080669181
    ));
#1958 = B_SPLINE_CURVE_WITH_KNOTS('',1,(#1959,#1960),.UNSPECIFIED.,.F.,
  .F.,(2,2),(0.,0.104362866473),.PIECEWISE_BEZIER_KNOTS.);
#1959 = CARTESIAN_POINT('',(-0.972579751457,-0.695889465556,4.1080669181
    ));
#1960 = CARTESIAN_POINT('',(-1.070750483165,-0.660475974702,4.1080669181
    ));
#1961 = ORIENTED_EDGE('',*,*,#1962,.T.);
#1962 = EDGE_CURVE('',#1956,#1963,#1965,.T.);
#1963 = VERTEX_POINT('',#1964);
#1964 = CARTESIAN_POINT('',(-1.070750483165,-0.515887560068,4.1080669181
    ));
#1965 = B_SPLINE_CURVE_WITH_KNOTS('',1,(#1966,#1967),.UNSPECIFIED.,.F.,
  .F.,(2,2),(0.,0.144588414634),.PIECEWISE_BEZIER_KNOTS.);
#1966 = CARTESIAN_POINT('',(-1.070750483165,-0.660475974702,4.1080669181
    ));
#1967 = CARTESIAN_POINT('',(-1.070750483165,-0.515887560068,4.1080669181
    ));
#1968 = ORIENTED_EDGE('',*,*,#1969,.T.);
#1969 = EDGE_CURVE('',#1963,#1970,#1972,.T.);
#1970 = VERTEX_POINT('',#1971);
#1971 = CARTESIAN_POINT('',(-0.972579751457,-0.482474831409,4.1080669181
    ));
#1972 = B_SPLINE_CURVE_WITH_KNOTS('',1,(#1973,#1974),.UNSPECIFIED.,.F.,
  .F.,(2,2),(0.,0.103701026998),.PIECEWISE_BEZIER_KNOTS.);
#1973 = CARTESIAN_POINT('',(-1.070750483165,-0.515887560068,4.1080669181
    ));
#1974 = CARTESIAN_POINT('',(-0.972579751457,-0.482474831409,4.1080669181
    ));
#1975 = ORIENTED_EDGE('',*,*,#1976,.T.);
#1976 = EDGE_CURVE('',#1970,#1977,#1979,.T.);
#1977 = VERTEX_POINT('',#1978);
#1978 = CARTESIAN_POINT('',(-0.972579751457,-0.431255319214,4.1080669181
    ));
#1979 = B_SPLINE_CURVE_WITH_KNOTS('',1,(#1980,#1981),.UNSPECIFIED.,.F.,
  .F.,(2,2),(0.,5.121951219512E-02),.PIECEWISE_BEZIER_KNOTS.);
#1980 = CARTESIAN_POINT('',(-0.972579751457,-0.482474831409,4.1080669181
    ));
#1981 = CARTESIAN_POINT('',(-0.972579751457,-0.431255319214,4.1080669181
    ));
#1982 = ORIENTED_EDGE('',*,*,#1983,.T.);
#1983 = EDGE_CURVE('',#1977,#1933,#1984,.T.);
#1984 = B_SPLINE_CURVE_WITH_KNOTS('',1,(#1985,#1986),.UNSPECIFIED.,.F.,
  .F.,(2,2),(0.,0.374176172214),.PIECEWISE_BEZIER_KNOTS.);
#1985 = CARTESIAN_POINT('',(-0.972579751457,-0.431255319214,4.1080669181
    ));
#1986 = CARTESIAN_POINT('',(-1.322579751457,-0.563572392385,4.1080669181
    ));
#1987 = B_SPLINE_SURFACE_WITH_KNOTS('',1,1,(
    (#1988,#1989)
    ,(#1990,#1991
    )),.UNSPECIFIED.,.F.,.F.,.F.,(2,2),(2,2),(-2.,2.),(-2.,2.),
  .PIECEWISE_BEZIER_KNOTS.);
#1988 = CARTESIAN_POINT('',(2.,-2.,4.1080669181));
#1989 = CARTESIAN_POINT('',(2.,2.,4.1080669181));
#1990 = CARTESIAN_POINT('',(-2.,-2.,4.1080669181));
#1991 = CARTESIAN_POINT('',(-2.,2.,4.1080669181));
#1992 = ADVANCED_FACE('',(#1993),#2064,.T.);
#1993 = FACE_BOUND('',#1994,.T.);
#1994 = EDGE_LOOP('',(#1995,#2021,#2028,#2035,#2042));
#1995 = ORIENTED_EDGE('',*,*,#1996,.T.);
#1996 = EDGE_CURVE('',#1997,#1999,#2001,.T.);
#1997 = VERTEX_POINT('',#1998);
#1998 = CARTESIAN_POINT('',(-1.150981047189,-0.358694343604,4.1080669181
    ));
#1999 = VERTEX_POINT('',#2000);
#2000 = CARTESIAN_POINT('',(-1.284165117311,-0.22250913019,4.1080669181)
  );
#2001 = B_SPLINE_CURVE_WITH_KNOTS('',3,(#2002,#2003,#2004,#2005,#2006,
    #2007,#2008,#2009,#2010,#2011,#2012,#2013,#2014,#2015,#2016,#2017,
    #2018,#2019,#2020),.UNSPECIFIED.,.F.,.F.,(4,1,1,1,1,1,1,1,1,1,1,1,1,
    1,1,1,4),(0.,7.429619169028E-02,0.144378832147,0.210477952163,
    0.273514610305,0.333790578699,0.392333266512,0.449885157851,
    0.507612406006,0.56525080752,0.623187291839,0.681329810989,
    0.74094001482,0.801876031617,0.865255029843,0.930948724944,1.),
  .UNSPECIFIED.);
#2002 = CARTESIAN_POINT('',(-1.150981047189,-0.358694343604,4.1080669181
    ));
#2003 = CARTESIAN_POINT('',(-1.156343333322,-0.358579580115,4.1080669181
    ));
#2004 = CARTESIAN_POINT('',(-1.16676379488,-0.358356561704,4.1080669181)
  );
#2005 = CARTESIAN_POINT('',(-1.181877471446,-0.356622437956,4.1080669181
    ));
#2006 = CARTESIAN_POINT('',(-1.195976781499,-0.353713417486,4.1080669181
    ));
#2007 = CARTESIAN_POINT('',(-1.209035274941,-0.349587027245,4.1080669181
    ));
#2008 = CARTESIAN_POINT('',(-1.221070154006,-0.344292697106,4.1080669181
    ));
#2009 = CARTESIAN_POINT('',(-1.232105026577,-0.337888234447,4.1080669181
    ));
#2010 = CARTESIAN_POINT('',(-1.242067193187,-0.330206718695,4.1080669181
    ));
#2011 = CARTESIAN_POINT('',(-1.250925541164,-0.321375260364,4.1080669181
    ));
#2012 = CARTESIAN_POINT('',(-1.258737447147,-0.311580285158,4.1080669181
    ));
#2013 = CARTESIAN_POINT('',(-1.265548853175,-0.301031933202,4.1080669181
    ));
#2014 = CARTESIAN_POINT('',(-1.271326806443,-0.289723257991,4.1080669181
    ));
#2015 = CARTESIAN_POINT('',(-1.276051519268,-0.277704972412,4.1080669181
    ));
#2016 = CARTESIAN_POINT('',(-1.279742556625,-0.264935299738,4.1080669181
    ));
#2017 = CARTESIAN_POINT('',(-1.282303394477,-0.251449112168,4.1080669181
    ));
#2018 = CARTESIAN_POINT('',(-1.283862478828,-0.2372180505,4.1080669181)
  );
#2019 = CARTESIAN_POINT('',(-1.284062575809,-0.227492881,4.1080669181));
#2020 = CARTESIAN_POINT('',(-1.284165117311,-0.22250913019,4.1080669181)
  );
#2021 = ORIENTED_EDGE('',*,*,#2022,.T.);
#2022 = EDGE_CURVE('',#1999,#2023,#2025,.T.);
#2023 = VERTEX_POINT('',#2024);
#2024 = CARTESIAN_POINT('',(-1.284165117311,-0.170889465556,4.1080669181
    ));
#2025 = B_SPLINE_CURVE_WITH_KNOTS('',1,(#2026,#2027),.UNSPECIFIED.,.F.,
  .F.,(2,2),(0.,5.161966463415E-02),.PIECEWISE_BEZIER_KNOTS.);
#2026 = CARTESIAN_POINT('',(-1.284165117311,-0.22250913019,4.1080669181)
  );
#2027 = CARTESIAN_POINT('',(-1.284165117311,-0.170889465556,4.1080669181
    ));
#2028 = ORIENTED_EDGE('',*,*,#2029,.T.);
#2029 = EDGE_CURVE('',#2023,#2030,#2032,.T.);
#2030 = VERTEX_POINT('',#2031);
#2031 = CARTESIAN_POINT('',(-1.010994385604,-0.170889465556,4.1080669181
    ));
#2032 = B_SPLINE_CURVE_WITH_KNOTS('',1,(#2033,#2034),.UNSPECIFIED.,.F.,
  .F.,(2,2),(0.,0.273170731707),.PIECEWISE_BEZIER_KNOTS.);
#2033 = CARTESIAN_POINT('',(-1.284165117311,-0.170889465556,4.1080669181
    ));
#2034 = CARTESIAN_POINT('',(-1.010994385604,-0.170889465556,4.1080669181
    ));
#2035 = ORIENTED_EDGE('',*,*,#2036,.T.);
#2036 = EDGE_CURVE('',#2030,#2037,#2039,.T.);
#2037 = VERTEX_POINT('',#2038);
#2038 = CARTESIAN_POINT('',(-1.010994385604,-0.220575060068,4.1080669181
    ));
#2039 = B_SPLINE_CURVE_WITH_KNOTS('',1,(#2040,#2041),.UNSPECIFIED.,.F.,
  .F.,(2,2),(0.,4.96855945122E-02),.PIECEWISE_BEZIER_KNOTS.);
#2040 = CARTESIAN_POINT('',(-1.010994385604,-0.170889465556,4.1080669181
    ));
#2041 = CARTESIAN_POINT('',(-1.010994385604,-0.220575060068,4.1080669181
    ));
#2042 = ORIENTED_EDGE('',*,*,#2043,.T.);
#2043 = EDGE_CURVE('',#2037,#1997,#2044,.T.);
#2044 = B_SPLINE_CURVE_WITH_KNOTS('',3,(#2045,#2046,#2047,#2048,#2049,
    #2050,#2051,#2052,#2053,#2054,#2055,#2056,#2057,#2058,#2059,#2060,
    #2061,#2062,#2063),.UNSPECIFIED.,.F.,.F.,(4,1,1,1,1,1,1,1,1,1,1,1,1,
    1,1,1,4),(0.,7.08219982341E-02,0.138160109658,0.202462254702,
    0.263956705717,0.323634249907,0.381786926327,0.439375658535,
    0.497106665548,0.554862380228,0.612766889486,0.671560049995,
    0.731673053056,0.794311096852,0.859491280295,0.927685996141,1.),
  .UNSPECIFIED.);
#2045 = CARTESIAN_POINT('',(-1.010994385604,-0.220575060068,4.1080669181
    ));
#2046 = CARTESIAN_POINT('',(-1.011108289328,-0.225848751317,4.1080669181
    ));
#2047 = CARTESIAN_POINT('',(-1.011330493607,-0.23613670957,4.1080669181)
  );
#2048 = CARTESIAN_POINT('',(-1.013097833627,-0.251128919263,4.1080669181
    ));
#2049 = CARTESIAN_POINT('',(-1.015929100475,-0.265241895883,4.1080669181
    ));
#2050 = CARTESIAN_POINT('',(-1.019923964899,-0.278485126853,4.1080669181
    ));
#2051 = CARTESIAN_POINT('',(-1.025135513943,-0.29080438566,4.1080669181)
  );
#2052 = CARTESIAN_POINT('',(-1.031510640564,-0.302232420393,4.1080669181
    ));
#2053 = CARTESIAN_POINT('',(-1.039029087225,-0.312763627082,4.1080669181
    ));
#2054 = CARTESIAN_POINT('',(-1.047626908972,-0.322398890662,4.1080669181
    ));
#2055 = CARTESIAN_POINT('',(-1.057338277614,-0.330947822496,4.1080669181
    ));
#2056 = CARTESIAN_POINT('',(-1.06800930735,-0.338399105772,4.1080669181)
  );
#2057 = CARTESIAN_POINT('',(-1.079611297936,-0.344671294753,4.1080669181
    ));
#2058 = CARTESIAN_POINT('',(-1.092122394861,-0.349848443831,4.1080669181
    ));
#2059 = CARTESIAN_POINT('',(-1.10556440057,-0.353810249585,4.1080669181)
  );
#2060 = CARTESIAN_POINT('',(-1.119889629274,-0.35668060605,4.1080669181)
  );
#2061 = CARTESIAN_POINT('',(-1.13513604776,-0.358338879107,4.1080669181)
  );
#2062 = CARTESIAN_POINT('',(-1.145597151472,-0.358573562042,4.1080669181
    ));
#2063 = CARTESIAN_POINT('',(-1.150981047189,-0.358694343604,4.1080669181
    ));
#2064 = B_SPLINE_SURFACE_WITH_KNOTS('',1,1,(
    (#2065,#2066)
    ,(#2067,#2068
    )),.UNSPECIFIED.,.F.,.F.,.F.,(2,2),(2,2),(1.010994385604,
    1.284165117311),(-0.358694343604,-0.170889465556),
  .PIECEWISE_BEZIER_KNOTS.);
#2065 = CARTESIAN_POINT('',(-1.010994385604,-0.358694343604,4.1080669181
    ));
#2066 = CARTESIAN_POINT('',(-1.010994385604,-0.170889465556,4.1080669181
    ));
#2067 = CARTESIAN_POINT('',(-1.284165117311,-0.358694343604,4.1080669181
    ));
#2068 = CARTESIAN_POINT('',(-1.284165117311,-0.170889465556,4.1080669181
    ));
#2069 = ADVANCED_FACE('',(#2070,#2078),#2088,.T.);
#2070 = FACE_BOUND('',#2071,.T.);
#2071 = EDGE_LOOP('',(#2072,#2073,#2074,#2075,#2076,#2077));
#2072 = ORIENTED_EDGE('',*,*,#1493,.F.);
#2073 = ORIENTED_EDGE('',*,*,#1484,.F.);
#2074 = ORIENTED_EDGE('',*,*,#1526,.F.);
#2075 = ORIENTED_EDGE('',*,*,#1519,.F.);
#2076 = ORIENTED_EDGE('',*,*,#1507,.F.);
#2077 = ORIENTED_EDGE('',*,*,#1500,.F.);
#2078 = FACE_BOUND('',#2079,.T.);
#2079 = EDGE_LOOP('',(#2080,#2081,#2082,#2083,#2084,#2085,#2086,#2087));
#2080 = ORIENTED_EDGE('',*,*,#1941,.F.);
#2081 = ORIENTED_EDGE('',*,*,#1932,.F.);
#2082 = ORIENTED_EDGE('',*,*,#1983,.F.);
#2083 = ORIENTED_EDGE('',*,*,#1976,.F.);
#2084 = ORIENTED_EDGE('',*,*,#1969,.F.);
#2085 = ORIENTED_EDGE('',*,*,#1962,.F.);
#2086 = ORIENTED_EDGE('',*,*,#1955,.F.);
#2087 = ORIENTED_EDGE('',*,*,#1948,.F.);
#2088 = B_SPLINE_SURFACE_WITH_KNOTS('',1,1,(
    (#2089,#2090)
    ,(#2091,#2092
    )),.UNSPECIFIED.,.F.,.F.,.F.,(2,2),(2,2),(0.972579751457,
    1.322579751457),(-0.747108977751,-0.431255319214),
  .PIECEWISE_BEZIER_KNOTS.);
#2089 = CARTESIAN_POINT('',(-0.972579751457,-0.747108977751,4.1080669181
    ));
#2090 = CARTESIAN_POINT('',(-0.972579751457,-0.431255319214,4.1080669181
    ));
#2091 = CARTESIAN_POINT('',(-1.322579751457,-0.747108977751,4.1080669181
    ));
#2092 = CARTESIAN_POINT('',(-1.322579751457,-0.431255319214,4.1080669181
    ));
#2093 = ADVANCED_FACE('',(#2094,#2101),#2108,.T.);
#2094 = FACE_BOUND('',#2095,.T.);
#2095 = EDGE_LOOP('',(#2096,#2097,#2098,#2099,#2100));
#2096 = ORIENTED_EDGE('',*,*,#2022,.F.);
#2097 = ORIENTED_EDGE('',*,*,#1996,.F.);
#2098 = ORIENTED_EDGE('',*,*,#2043,.F.);
#2099 = ORIENTED_EDGE('',*,*,#2036,.F.);
#2100 = ORIENTED_EDGE('',*,*,#2029,.F.);
#2101 = FACE_BOUND('',#2102,.T.);
#2102 = EDGE_LOOP('',(#2103,#2104,#2105,#2106,#2107));
#2103 = ORIENTED_EDGE('',*,*,#1887,.F.);
#2104 = ORIENTED_EDGE('',*,*,#1861,.F.);
#2105 = ORIENTED_EDGE('',*,*,#1908,.F.);
#2106 = ORIENTED_EDGE('',*,*,#1901,.F.);
#2107 = ORIENTED_EDGE('',*,*,#1894,.F.);
#2108 = B_SPLINE_SURFACE_WITH_KNOTS('',1,1,(
    (#2109,#2110)
    ,(#2111,#2112
    )),.UNSPECIFIED.,.F.,.F.,.F.,(2,2),(2,2),(0.972579751457,
    1.322579751457),(-0.405645563117,-0.123938246044),
  .PIECEWISE_BEZIER_KNOTS.);
#2109 = CARTESIAN_POINT('',(-0.972579751457,-0.405645563117,4.1080669181
    ));
#2110 = CARTESIAN_POINT('',(-0.972579751457,-0.123938246044,4.1080669181
    ));
#2111 = CARTESIAN_POINT('',(-1.322579751457,-0.405645563117,4.1080669181
    ));
#2112 = CARTESIAN_POINT('',(-1.322579751457,-0.123938246044,4.1080669181
    ));
#2113 = ADVANCED_FACE('',(#2114),#2128,.T.);
#2114 = FACE_BOUND('',#2115,.T.);
#2115 = EDGE_LOOP('',(#2116,#2117,#2118,#2119,#2120,#2121,#2122,#2123,
    #2124,#2125,#2126,#2127));
#2116 = ORIENTED_EDGE('',*,*,#1784,.F.);
#2117 = ORIENTED_EDGE('',*,*,#1775,.F.);
#2118 = ORIENTED_EDGE('',*,*,#1854,.F.);
#2119 = ORIENTED_EDGE('',*,*,#1847,.F.);
#2120 = ORIENTED_EDGE('',*,*,#1840,.F.);
#2121 = ORIENTED_EDGE('',*,*,#1833,.F.);
#2122 = ORIENTED_EDGE('',*,*,#1826,.F.);
#2123 = ORIENTED_EDGE('',*,*,#1819,.F.);
#2124 = ORIENTED_EDGE('',*,*,#1812,.F.);
#2125 = ORIENTED_EDGE('',*,*,#1805,.F.);
#2126 = ORIENTED_EDGE('',*,*,#1798,.F.);
#2127 = ORIENTED_EDGE('',*,*,#1791,.F.);
#2128 = B_SPLINE_SURFACE_WITH_KNOTS('',1,1,(
    (#2129,#2130)
    ,(#2131,#2132
    )),.UNSPECIFIED.,.F.,.F.,.F.,(2,2),(2,2),(0.972579751457,
    1.322579751457),(-5.564556311668E-02,0.132159314932),
  .PIECEWISE_BEZIER_KNOTS.);
#2129 = CARTESIAN_POINT('',(-0.972579751457,-5.564556311668E-02,
    4.1080669181));
#2130 = CARTESIAN_POINT('',(-0.972579751457,0.132159314932,4.1080669181)
  );
#2131 = CARTESIAN_POINT('',(-1.322579751457,-5.564556311668E-02,
    4.1080669181));
#2132 = CARTESIAN_POINT('',(-1.322579751457,0.132159314932,4.1080669181)
  );
#2133 = ADVANCED_FACE('',(#2134),#2146,.T.);
#2134 = FACE_BOUND('',#2135,.T.);
#2135 = EDGE_LOOP('',(#2136,#2137,#2138,#2139,#2140,#2141,#2142,#2143,
    #2144,#2145));
#2136 = ORIENTED_EDGE('',*,*,#1617,.F.);
#2137 = ORIENTED_EDGE('',*,*,#1599,.F.);
#2138 = ORIENTED_EDGE('',*,*,#1751,.F.);
#2139 = ORIENTED_EDGE('',*,*,#1727,.F.);
#2140 = ORIENTED_EDGE('',*,*,#1711,.F.);
#2141 = ORIENTED_EDGE('',*,*,#1704,.F.);
#2142 = ORIENTED_EDGE('',*,*,#1688,.F.);
#2143 = ORIENTED_EDGE('',*,*,#1664,.F.);
#2144 = ORIENTED_EDGE('',*,*,#1640,.F.);
#2145 = ORIENTED_EDGE('',*,*,#1624,.F.);
#2146 = B_SPLINE_SURFACE_WITH_KNOTS('',1,1,(
    (#2147,#2148)
    ,(#2149,#2150
    )),.UNSPECIFIED.,.F.,.F.,.F.,(2,2),(2,2),(0.968311458775,
    1.32684804414),(0.200451997859,0.460817851517),
  .PIECEWISE_BEZIER_KNOTS.);
#2147 = CARTESIAN_POINT('',(-0.968311458775,0.200451997859,4.1080669181)
  );
#2148 = CARTESIAN_POINT('',(-0.968311458775,0.460817851517,4.1080669181)
  );
#2149 = CARTESIAN_POINT('',(-1.32684804414,0.200451997859,4.1080669181)
  );
#2150 = CARTESIAN_POINT('',(-1.32684804414,0.460817851517,4.1080669181)
  );
#2151 = ADVANCED_FACE('',(#2152),#2179,.T.);
#2152 = FACE_BOUND('',#2153,.T.);
#2153 = EDGE_LOOP('',(#2154,#2155,#2165,#2173));
#2154 = ORIENTED_EDGE('',*,*,#1453,.F.);
#2155 = ORIENTED_EDGE('',*,*,#2156,.T.);
#2156 = EDGE_CURVE('',#1442,#2157,#2159,.T.);
#2157 = VERTEX_POINT('',#2158);
#2158 = CARTESIAN_POINT('',(-0.731249947971,3.08964375189,8.7080669181)
  );
#2159 = ( BOUNDED_CURVE() B_SPLINE_CURVE(2,(#2160,#2161,#2162,#2163,
#2164),.UNSPECIFIED.,.F.,.F.) B_SPLINE_CURVE_WITH_KNOTS((3,2,3),(0.75,
0.770833333333,0.776712195479),.UNSPECIFIED.) CURVE() 
GEOMETRIC_REPRESENTATION_ITEM() RATIONAL_B_SPLINE_CURVE((1.,
    0.866025403784,1.,0.962194327254,0.945725070995)) 
REPRESENTATION_ITEM('') );
#2160 = CARTESIAN_POINT('',(-3.175,0.,8.857372475583));
#2161 = CARTESIAN_POINT('',(-3.175,1.833087104677,8.798576179287));
#2162 = CARTESIAN_POINT('',(-1.5875,2.749630657016,8.73977988299));
#2163 = CARTESIAN_POINT('',(-1.184304118412,2.982415907786,
    8.724846702191));
#2164 = CARTESIAN_POINT('',(-0.731249947971,3.08964375189,8.7080669181)
  );
#2165 = ORIENTED_EDGE('',*,*,#2166,.T.);
#2166 = EDGE_CURVE('',#2157,#2167,#2169,.T.);
#2167 = VERTEX_POINT('',#2168);
#2168 = CARTESIAN_POINT('',(-2.717847863391,1.641318979194,8.7080669181)
  );
#2169 = ( BOUNDED_CURVE() B_SPLINE_CURVE(2,(#2170,#2171,#2172),
.UNSPECIFIED.,.F.,.F.) B_SPLINE_CURVE_WITH_KNOTS((3,3),(1.803197642339,
2.598307567072),.PIECEWISE_BEZIER_KNOTS.) CURVE() 
GEOMETRIC_REPRESENTATION_ITEM() RATIONAL_B_SPLINE_CURVE((1.,
0.92201038241,1.)) REPRESENTATION_ITEM('') );
#2170 = CARTESIAN_POINT('',(-0.731249947971,3.08964375189,8.7080669181)
  );
#2171 = CARTESIAN_POINT('',(-2.028634895979,2.782581594595,8.7080669181)
  );
#2172 = CARTESIAN_POINT('',(-2.717847863391,1.641318979194,8.7080669181)
  );
#2173 = ORIENTED_EDGE('',*,*,#2174,.F.);
#2174 = EDGE_CURVE('',#1454,#2167,#2175,.T.);
#2175 = ( BOUNDED_CURVE() B_SPLINE_CURVE(2,(#2176,#2177,#2178),
.UNSPECIFIED.,.F.,.F.) B_SPLINE_CURVE_WITH_KNOTS((3,3),(0.875,
0.885799336903),.PIECEWISE_BEZIER_KNOTS.) CURVE() 
GEOMETRIC_REPRESENTATION_ITEM() RATIONAL_B_SPLINE_CURVE((1.,
0.930551833551,0.933103105195)) REPRESENTATION_ITEM('') );
#2176 = CARTESIAN_POINT('',(-3.175,0.,8.769178029211));
#2177 = CARTESIAN_POINT('',(-3.175,0.884324163757,8.740813318434));
#2178 = CARTESIAN_POINT('',(-2.717847863391,1.641318979194,8.7080669181)
  );
#2179 = ( BOUNDED_SURFACE() B_SPLINE_SURFACE(2,1,(
    (#2180,#2181)
    ,(#2182,#2183)
    ,(#2184,#2185
)),.UNSPECIFIED.,.F.,.F.,.F.) B_SPLINE_SURFACE_WITH_KNOTS((3,3),(2,2),(
    0.,1.33839501125),(4.850694442517,5.),.PIECEWISE_BEZIER_KNOTS.) 
GEOMETRIC_REPRESENTATION_ITEM() RATIONAL_B_SPLINE_SURFACE((
    (1.,1.)
    ,(0.784319751199,0.784319751199)
,(1.,1.))) REPRESENTATION_ITEM('') SURFACE() );
#2180 = CARTESIAN_POINT('',(-3.175,0.,8.857372475583));
#2181 = CARTESIAN_POINT('',(-3.175,0.,8.7080669181));
#2182 = CARTESIAN_POINT('',(-3.175,2.511262474985,8.857372475583));
#2183 = CARTESIAN_POINT('',(-3.175,2.511262474985,8.7080669181));
#2184 = CARTESIAN_POINT('',(-0.731249947971,3.08964375189,8.857372475583
    ));
#2185 = CARTESIAN_POINT('',(-0.731249947971,3.08964375189,8.7080669181)
  );
#2186 = ADVANCED_FACE('',(#2187,#2198),#2266,.F.);
#2187 = FACE_BOUND('',#2188,.T.);
#2188 = EDGE_LOOP('',(#2189,#2197));
#2189 = ORIENTED_EDGE('',*,*,#2190,.T.);
#2190 = EDGE_CURVE('',#866,#864,#2191,.T.);
#2191 = ( BOUNDED_CURVE() B_SPLINE_CURVE(2,(#2192,#2193,#2194,#2195,
#2196),.UNSPECIFIED.,.F.,.F.) B_SPLINE_CURVE_WITH_KNOTS((3,2,3),(
    3.14159265359,4.712388980385,6.28318530718),
.PIECEWISE_BEZIER_KNOTS.) CURVE() GEOMETRIC_REPRESENTATION_ITEM() 
RATIONAL_B_SPLINE_CURVE((1.,0.707106781187,1.,0.707106781187,1.)) 
REPRESENTATION_ITEM('') );
#2192 = CARTESIAN_POINT('',(-2.65,3.24531401774E-16,8.7080669181));
#2193 = CARTESIAN_POINT('',(-2.65,-2.65,8.7080669181));
#2194 = CARTESIAN_POINT('',(-9.308863125111E-16,-2.65,8.7080669181));
#2195 = CARTESIAN_POINT('',(2.65,-2.65,8.7080669181));
#2196 = CARTESIAN_POINT('',(2.65,-6.490628035481E-16,8.7080669181));
#2197 = ORIENTED_EDGE('',*,*,#863,.T.);
#2198 = FACE_BOUND('',#2199,.T.);
#2199 = EDGE_LOOP('',(#2200,#2225,#2226,#2249));
#2200 = ORIENTED_EDGE('',*,*,#2201,.F.);
#2201 = EDGE_CURVE('',#2167,#2202,#2204,.T.);
#2202 = VERTEX_POINT('',#2203);
#2203 = CARTESIAN_POINT('',(-0.404120798146,-2.76371711345,8.7080669181)
  );
#2204 = B_SPLINE_CURVE_WITH_KNOTS('',3,(#2205,#2206,#2207,#2208,#2209,
    #2210,#2211,#2212,#2213,#2214,#2215,#2216,#2217,#2218,#2219,#2220,
    #2221,#2222,#2223,#2224),.UNSPECIFIED.,.F.,.F.,(4,2,2,2,2,2,2,2,2,4)
  ,(6.037746532569E-04,1.345784632706E-03,2.087794612154E-03,
    2.829804591603E-03,3.571814571052E-03,4.3138245505E-03,
    5.055834529949E-03,5.426839519673E-03,5.797844509398E-03,
    6.539854488846E-03),.UNSPECIFIED.);
#2205 = CARTESIAN_POINT('',(-2.717847863391,1.641318979194,8.7080669181)
  );
#2206 = CARTESIAN_POINT('',(-2.831892213762,1.421850628301,8.7080669181)
  );
#2207 = CARTESIAN_POINT('',(-2.918363992429,1.193409455804,8.7080669181)
  );
#2208 = CARTESIAN_POINT('',(-3.038010974893,0.71918303919,8.7080669181)
  );
#2209 = CARTESIAN_POINT('',(-3.070509579623,0.471826322571,8.7080669181)
  );
#2210 = CARTESIAN_POINT('',(-3.077572204435,-1.67018262984E-02,
    8.7080669181));
#2211 = CARTESIAN_POINT('',(-3.052392478745,-0.263727140125,8.7080669181
    ));
#2212 = CARTESIAN_POINT('',(-2.940912900737,-0.742040884724,8.7080669181
    ));
#2213 = CARTESIAN_POINT('',(-2.856670384305,-0.971077699967,8.7080669181
    ));
#2214 = CARTESIAN_POINT('',(-2.630626863901,-1.408714858911,8.7080669181
    ));
#2215 = CARTESIAN_POINT('',(-2.490782353525,-1.612264795864,8.7080669181
    ));
#2216 = CARTESIAN_POINT('',(-2.166557111145,-1.978016289881,8.7080669181
    ));
#2217 = CARTESIAN_POINT('',(-1.97882009573,-2.143044324632,8.7080669181)
  );
#2218 = CARTESIAN_POINT('',(-1.675338594239,-2.349161772983,8.7080669181
    ));
#2219 = CARTESIAN_POINT('',(-1.570104373474,-2.411516550167,8.7080669181
    ));
#2220 = CARTESIAN_POINT('',(-1.351385170278,-2.523362946265,8.7080669181
    ));
#2221 = CARTESIAN_POINT('',(-1.237086230281,-2.572652845645,8.7080669181
    ));
#2222 = CARTESIAN_POINT('',(-0.890138039471,-2.695229733418,8.7080669181
    ));
#2223 = CARTESIAN_POINT('',(-0.651110502756,-2.745613620804,8.7080669181
    ));
#2224 = CARTESIAN_POINT('',(-0.404120798146,-2.76371711345,8.7080669181)
  );
#2225 = ORIENTED_EDGE('',*,*,#2166,.F.);
#2226 = ORIENTED_EDGE('',*,*,#2227,.F.);
#2227 = EDGE_CURVE('',#2228,#2157,#2230,.T.);
#2228 = VERTEX_POINT('',#2229);
#2229 = CARTESIAN_POINT('',(2.757276361225,-0.445951758043,8.7080669181)
  );
#2230 = B_SPLINE_CURVE_WITH_KNOTS('',3,(#2231,#2232,#2233,#2234,#2235,
    #2236,#2237,#2238,#2239,#2240,#2241,#2242,#2243,#2244,#2245,#2246,
    #2247,#2248),.UNSPECIFIED.,.F.,.F.,(4,2,2,2,2,2,2,2,4),(
    4.612439305431E-17,7.308402918371E-04,1.461680583674E-03,
    2.192520875511E-03,2.923361167348E-03,3.654201459186E-03,
    4.385041751023E-03,5.11588204286E-03,5.846722334697E-03),
  .UNSPECIFIED.);
#2231 = CARTESIAN_POINT('',(2.757276361225,-0.445951758043,8.7080669181)
  );
#2232 = CARTESIAN_POINT('',(2.813210606404,-0.205334831728,8.7080669181)
  );
#2233 = CARTESIAN_POINT('',(2.834921825824,3.740087167486E-02,
    8.7080669181));
#2234 = CARTESIAN_POINT('',(2.818193136193,0.526596286802,8.7080669181)
  );
#2235 = CARTESIAN_POINT('',(2.778581683566,0.771367271338,8.7080669181)
  );
#2236 = CARTESIAN_POINT('',(2.641056002214,1.239241783141,8.7080669181)
  );
#2237 = CARTESIAN_POINT('',(2.54124827172,1.467655156094,8.7080669181));
#2238 = CARTESIAN_POINT('',(2.29177295235,1.885999228791,8.7080669181));
#2239 = CARTESIAN_POINT('',(2.140189046436,2.080320366989,8.7080669181)
  );
#2240 = CARTESIAN_POINT('',(1.791869273637,2.426133246228,8.7080669181)
  );
#2241 = CARTESIAN_POINT('',(1.598741267485,2.574171894171,8.7080669181)
  );
#2242 = CARTESIAN_POINT('',(1.177079454202,2.823831089881,8.7080669181)
  );
#2243 = CARTESIAN_POINT('',(0.951233474812,2.92372739898,8.7080669181));
#2244 = CARTESIAN_POINT('',(0.485871687943,3.067489419814,8.7080669181)
  );
#2245 = CARTESIAN_POINT('',(0.24111489972,3.112547154036,8.7080669181));
#2246 = CARTESIAN_POINT('',(-0.245121029664,3.143892987716,8.7080669181)
  );
#2247 = CARTESIAN_POINT('',(-0.48820375442,3.13137849758,8.7080669181));
#2248 = CARTESIAN_POINT('',(-0.731249947971,3.08964375189,8.7080669181)
  );
#2249 = ORIENTED_EDGE('',*,*,#2250,.F.);
#2250 = EDGE_CURVE('',#2202,#2228,#2251,.T.);
#2251 = B_SPLINE_CURVE_WITH_KNOTS('',3,(#2252,#2253,#2254,#2255,#2256,
    #2257,#2258,#2259,#2260,#2261,#2262,#2263,#2264,#2265),
  .UNSPECIFIED.,.F.,.F.,(4,2,2,2,2,2,4),(1.582870192625E-17,
    1.090499328868E-03,1.635748993302E-03,2.180998657736E-03,
    3.271497986604E-03,3.816747651038E-03,4.361997315472E-03),
  .UNSPECIFIED.);
#2252 = CARTESIAN_POINT('',(-0.404120798146,-2.76371711345,8.7080669181)
  );
#2253 = CARTESIAN_POINT('',(-4.37235887233E-02,-2.816415708112,
    8.7080669181));
#2254 = CARTESIAN_POINT('',(0.327725828606,-2.79707503518,8.7080669181)
  );
#2255 = CARTESIAN_POINT('',(0.851598556978,-2.666200023919,8.7080669181)
  );
#2256 = CARTESIAN_POINT('',(1.020846141433,-2.606152607898,8.7080669181)
  );
#2257 = CARTESIAN_POINT('',(1.348430480367,-2.45273184424,8.7080669181)
  );
#2258 = CARTESIAN_POINT('',(1.505822070506,-2.359453710688,8.7080669181)
  );
#2259 = CARTESIAN_POINT('',(1.945699044352,-2.036665216572,8.7080669181)
  );
#2260 = CARTESIAN_POINT('',(2.191557805691,-1.769353086068,8.7080669181)
  );
#2261 = CARTESIAN_POINT('',(2.476420257336,-1.304534831185,8.7080669181)
  );
#2262 = CARTESIAN_POINT('',(2.556300278779,-1.13997716423,8.7080669181)
  );
#2263 = CARTESIAN_POINT('',(2.682068259484,-0.800455433936,8.7080669181)
  );
#2264 = CARTESIAN_POINT('',(2.728199620998,-0.625730415808,8.7080669181)
  );
#2265 = CARTESIAN_POINT('',(2.757276361225,-0.445951758043,8.7080669181)
  );
#2266 = B_SPLINE_SURFACE_WITH_KNOTS('',1,1,(
    (#2267,#2268)
    ,(#2269,#2270
    )),.UNSPECIFIED.,.F.,.F.,.F.,(2,2),(2,2),(-3.077572204435,
    2.834921825824),(-2.816415708112,3.143892987716),
  .PIECEWISE_BEZIER_KNOTS.);
#2267 = CARTESIAN_POINT('',(-3.077572204435,-2.816415708112,8.7080669181
    ));
#2268 = CARTESIAN_POINT('',(-3.077572204435,3.143892987716,8.7080669181)
  );
#2269 = CARTESIAN_POINT('',(2.834921825824,-2.816415708112,8.7080669181)
  );
#2270 = CARTESIAN_POINT('',(2.834921825824,3.143892987716,8.7080669181)
  );
#2271 = ADVANCED_FACE('',(#2272,#2283),#2352,.T.);
#2272 = FACE_BOUND('',#2273,.T.);
#2273 = EDGE_LOOP('',(#2274,#2275));
#2274 = ORIENTED_EDGE('',*,*,#826,.F.);
#2275 = ORIENTED_EDGE('',*,*,#2276,.F.);
#2276 = EDGE_CURVE('',#829,#827,#2277,.T.);
#2277 = ( BOUNDED_CURVE() B_SPLINE_CURVE(2,(#2278,#2279,#2280,#2281,
#2282),.UNSPECIFIED.,.F.,.F.) B_SPLINE_CURVE_WITH_KNOTS((3,2,3),(
    3.14159265359,4.712388980385,6.28318530718),
.PIECEWISE_BEZIER_KNOTS.) CURVE() GEOMETRIC_REPRESENTATION_ITEM() 
RATIONAL_B_SPLINE_CURVE((1.,0.707106781187,1.,0.707106781187,1.)) 
REPRESENTATION_ITEM('') );
#2278 = CARTESIAN_POINT('',(-2.6,3.184081677783E-16,12.7080669181));
#2279 = CARTESIAN_POINT('',(-2.6,-2.6,12.7080669181));
#2280 = CARTESIAN_POINT('',(-9.217014615175E-16,-2.6,12.7080669181));
#2281 = CARTESIAN_POINT('',(2.6,-2.6,12.7080669181));
#2282 = CARTESIAN_POINT('',(2.6,-6.368163355566E-16,12.7080669181));
#2283 = FACE_BOUND('',#2284,.T.);
#2284 = EDGE_LOOP('',(#2285,#2286,#2287,#2312,#2331));
#2285 = ORIENTED_EDGE('',*,*,#1253,.T.);
#2286 = ORIENTED_EDGE('',*,*,#959,.T.);
#2287 = ORIENTED_EDGE('',*,*,#2288,.T.);
#2288 = EDGE_CURVE('',#962,#2289,#2291,.T.);
#2289 = VERTEX_POINT('',#2290);
#2290 = CARTESIAN_POINT('',(-2.218642969132,1.696782036148,12.7080669181
    ));
#2291 = B_SPLINE_CURVE_WITH_KNOTS('',3,(#2292,#2293,#2294,#2295,#2296,
    #2297,#2298,#2299,#2300,#2301,#2302,#2303,#2304,#2305,#2306,#2307,
    #2308,#2309,#2310,#2311),.UNSPECIFIED.,.F.,.F.,(4,2,2,2,2,2,2,2,2,4)
  ,(3.575237834165E-17,7.328034003995E-04,1.465606800799E-03,
    1.832008500999E-03,2.198410201199E-03,2.931213601598E-03,
    3.664017001998E-03,4.396820402397E-03,5.129623802797E-03,
    5.862427203196E-03),.UNSPECIFIED.);
#2292 = CARTESIAN_POINT('',(2.755859347253,1.576662379255,12.7080669181)
  );
#2293 = CARTESIAN_POINT('',(2.619531078957,1.783062965134,12.7080669181)
  );
#2294 = CARTESIAN_POINT('',(2.461866833198,1.969903945105,12.7080669181)
  );
#2295 = CARTESIAN_POINT('',(2.105114990606,2.305611341951,12.7080669181)
  );
#2296 = CARTESIAN_POINT('',(1.904996402304,2.454116114179,12.7080669181)
  );
#2297 = CARTESIAN_POINT('',(1.587538942407,2.636961983941,12.7080669181)
  );
#2298 = CARTESIAN_POINT('',(1.478339392949,2.691881532295,12.7080669181)
  );
#2299 = CARTESIAN_POINT('',(1.2523470041,2.788177685641,12.7080669181));
#2300 = CARTESIAN_POINT('',(1.13508032845,2.829715912136,12.7080669181)
  );
#2301 = CARTESIAN_POINT('',(0.781506269503,2.930725403434,12.7080669181)
  );
#2302 = CARTESIAN_POINT('',(0.540694974754,2.968398691784,12.7080669181)
  );
#2303 = CARTESIAN_POINT('',(4.875495142132E-02,2.983673533415,
    12.7080669181));
#2304 = CARTESIAN_POINT('',(-0.197465499073,2.960460592278,12.7080669181
    ));
#2305 = CARTESIAN_POINT('',(-0.674500338265,2.855176139267,12.7080669181
    ));
#2306 = CARTESIAN_POINT('',(-0.910148860951,2.771416150146,12.7080669181
    ));
#2307 = CARTESIAN_POINT('',(-1.346683336936,2.552001333382,12.7080669181
    ));
#2308 = CARTESIAN_POINT('',(-1.552324867159,2.415351865638,12.7080669181
    ));
#2309 = CARTESIAN_POINT('',(-1.92210791491,2.088953303951,12.7080669181)
  );
#2310 = CARTESIAN_POINT('',(-2.082708322426,1.903941924502,12.7080669181
    ));
#2311 = CARTESIAN_POINT('',(-2.218642969132,1.696782036148,12.7080669181
    ));
#2312 = ORIENTED_EDGE('',*,*,#2313,.T.);
#2313 = EDGE_CURVE('',#2289,#2314,#2316,.T.);
#2314 = VERTEX_POINT('',#2315);
#2315 = CARTESIAN_POINT('',(-1.728001270714,-2.194415072652,
    12.7080669181));
#2316 = B_SPLINE_CURVE_WITH_KNOTS('',3,(#2317,#2318,#2319,#2320,#2321,
    #2322,#2323,#2324,#2325,#2326,#2327,#2328,#2329,#2330),
  .UNSPECIFIED.,.F.,.F.,(4,2,2,2,2,2,4),(2.754471045037E-17,
    1.091211140881E-03,1.636816711321E-03,2.182422281761E-03,
    3.273633422641E-03,3.819238993082E-03,4.364844563522E-03),
  .UNSPECIFIED.);
#2317 = CARTESIAN_POINT('',(-2.218642969132,1.696782036148,12.7080669181
    ));
#2318 = CARTESIAN_POINT('',(-2.44005299268,1.407275321924,12.7080669181)
  );
#2319 = CARTESIAN_POINT('',(-2.603806367958,1.073028382421,12.7080669181
    ));
#2320 = CARTESIAN_POINT('',(-2.744087711289,0.551240816325,12.7080669181
    ));
#2321 = CARTESIAN_POINT('',(-2.773862218873,0.374021951908,12.7080669181
    ));
#2322 = CARTESIAN_POINT('',(-2.798935053533,1.29072035725E-02,
    12.7080669181));
#2323 = CARTESIAN_POINT('',(-2.793856900911,-0.170090960296,
    12.7080669181));
#2324 = CARTESIAN_POINT('',(-2.725315240283,-0.711750239371,
    12.7080669181));
#2325 = CARTESIAN_POINT('',(-2.610946176214,-1.056720541929,
    12.7080669181));
#2326 = CARTESIAN_POINT('',(-2.342721919301,-1.531718967544,
    12.7080669181));
#2327 = CARTESIAN_POINT('',(-2.237555853887,-1.681546824903,
    12.7080669181));
#2328 = CARTESIAN_POINT('',(-2.001627904327,-1.956461514118,
    12.7080669181));
#2329 = CARTESIAN_POINT('',(-1.871173900598,-2.081673190109,
    12.7080669181));
#2330 = CARTESIAN_POINT('',(-1.728001270714,-2.194415072652,
    12.7080669181));
#2331 = ORIENTED_EDGE('',*,*,#2332,.T.);
#2332 = EDGE_CURVE('',#2314,#1254,#2333,.T.);
#2333 = B_SPLINE_CURVE_WITH_KNOTS('',3,(#2334,#2335,#2336,#2337,#2338,
    #2339,#2340,#2341,#2342,#2343,#2344,#2345,#2346,#2347,#2348,#2349,
    #2350,#2351),.UNSPECIFIED.,.F.,.F.,(4,2,2,2,2,2,2,2,4),(0.,
    7.305426425581E-04,1.461085285116E-03,2.191627927674E-03,
    2.922170570232E-03,3.65271321279E-03,4.383255855348E-03,
    5.113798497907E-03,5.844341140465E-03),.UNSPECIFIED.);
#2334 = CARTESIAN_POINT('',(-1.728001270714,-2.194415072652,
    12.7080669181));
#2335 = CARTESIAN_POINT('',(-1.544748801387,-2.359953890559,
    12.7080669181));
#2336 = CARTESIAN_POINT('',(-1.343092672514,-2.496630644828,
    12.7080669181));
#2337 = CARTESIAN_POINT('',(-0.907613171623,-2.719536957447,
    12.7080669181));
#2338 = CARTESIAN_POINT('',(-0.674415596388,-2.803797913198,
    12.7080669181));
#2339 = CARTESIAN_POINT('',(-0.198905944824,-2.910728410159,
    12.7080669181));
#2340 = CARTESIAN_POINT('',(4.91570326881E-02,-2.934385473378,
    12.7080669181));
#2341 = CARTESIAN_POINT('',(0.535938489945,-2.919373213153,12.7080669181
    ));
#2342 = CARTESIAN_POINT('',(0.77909132832,-2.881227061648,12.7080669181)
  );
#2343 = CARTESIAN_POINT('',(1.250577021801,-2.744491123875,12.7080669181
    ));
#2344 = CARTESIAN_POINT('',(1.473638269862,-2.647386516088,12.7080669181
    ));
#2345 = CARTESIAN_POINT('',(1.896489763561,-2.400444958931,12.7080669181
    ));
#2346 = CARTESIAN_POINT('',(2.093610548411,-2.25159548959,12.7080669181)
  );
#2347 = CARTESIAN_POINT('',(2.445197397711,-1.914952300178,12.7080669181
    ));
#2348 = CARTESIAN_POINT('',(2.603419787304,-1.72306503085,12.7080669181)
  );
#2349 = CARTESIAN_POINT('',(2.867076221862,-1.313267596745,12.7080669181
    ));
#2350 = CARTESIAN_POINT('',(2.974187691451,-1.094740960153,12.7080669181
    ));
#2351 = CARTESIAN_POINT('',(3.055715054845,-0.862108173951,12.7080669181
    ));
#2352 = B_SPLINE_SURFACE_WITH_KNOTS('',1,1,(
    (#2353,#2354)
    ,(#2355,#2356
    )),.UNSPECIFIED.,.F.,.F.,.F.,(2,2),(2,2),(-2.798935053533,3.175),(
    -2.934385473378,2.983673533415),.PIECEWISE_BEZIER_KNOTS.);
#2353 = CARTESIAN_POINT('',(-2.798935053533,-2.934385473378,
    12.7080669181));
#2354 = CARTESIAN_POINT('',(-2.798935053533,2.983673533415,12.7080669181
    ));
#2355 = CARTESIAN_POINT('',(3.175,-2.934385473378,12.7080669181));
#2356 = CARTESIAN_POINT('',(3.175,2.983673533415,12.7080669181));
#2357 = ADVANCED_FACE('',(#2358),#2388,.F.);
#2358 = FACE_BOUND('',#2359,.T.);
#2359 = EDGE_LOOP('',(#2360,#2369,#2376,#2383));
#2360 = ORIENTED_EDGE('',*,*,#2361,.T.);
#2361 = EDGE_CURVE('',#2362,#2364,#2366,.T.);
#2362 = VERTEX_POINT('',#2363);
#2363 = CARTESIAN_POINT('',(3.25,-3.25,3.9080669181));
#2364 = VERTEX_POINT('',#2365);
#2365 = CARTESIAN_POINT('',(3.25,3.25,3.9080669181));
#2366 = B_SPLINE_CURVE_WITH_KNOTS('',1,(#2367,#2368),.UNSPECIFIED.,.F.,
  .F.,(2,2),(-6.5,0.),.PIECEWISE_BEZIER_KNOTS.);
#2367 = CARTESIAN_POINT('',(3.25,-3.25,3.9080669181));
#2368 = CARTESIAN_POINT('',(3.25,3.25,3.9080669181));
#2369 = ORIENTED_EDGE('',*,*,#2370,.F.);
#2370 = EDGE_CURVE('',#2371,#2364,#2373,.T.);
#2371 = VERTEX_POINT('',#2372);
#2372 = CARTESIAN_POINT('',(3.25,3.25,5.7080669181));
#2373 = B_SPLINE_CURVE_WITH_KNOTS('',1,(#2374,#2375),.UNSPECIFIED.,.F.,
  .F.,(2,2),(-0.,1.8),.PIECEWISE_BEZIER_KNOTS.);
#2374 = CARTESIAN_POINT('',(3.25,3.25,5.7080669181));
#2375 = CARTESIAN_POINT('',(3.25,3.25,3.9080669181));
#2376 = ORIENTED_EDGE('',*,*,#2377,.F.);
#2377 = EDGE_CURVE('',#2378,#2371,#2380,.T.);
#2378 = VERTEX_POINT('',#2379);
#2379 = CARTESIAN_POINT('',(3.25,-3.25,5.7080669181));
#2380 = B_SPLINE_CURVE_WITH_KNOTS('',1,(#2381,#2382),.UNSPECIFIED.,.F.,
  .F.,(2,2),(-6.5,0.),.PIECEWISE_BEZIER_KNOTS.);
#2381 = CARTESIAN_POINT('',(3.25,-3.25,5.7080669181));
#2382 = CARTESIAN_POINT('',(3.25,3.25,5.7080669181));
#2383 = ORIENTED_EDGE('',*,*,#2384,.T.);
#2384 = EDGE_CURVE('',#2378,#2362,#2385,.T.);
#2385 = B_SPLINE_CURVE_WITH_KNOTS('',1,(#2386,#2387),.UNSPECIFIED.,.F.,
  .F.,(2,2),(-0.,1.8),.PIECEWISE_BEZIER_KNOTS.);
#2386 = CARTESIAN_POINT('',(3.25,-3.25,5.7080669181));
#2387 = CARTESIAN_POINT('',(3.25,-3.25,3.9080669181));
#2388 = B_SPLINE_SURFACE_WITH_KNOTS('',1,1,(
    (#2389,#2390)
    ,(#2391,#2392
    )),.UNSPECIFIED.,.F.,.F.,.F.,(2,2),(2,2),(0.,6.5),(-1.8,0.),
  .PIECEWISE_BEZIER_KNOTS.);
#2389 = CARTESIAN_POINT('',(3.25,3.25,3.9080669181));
#2390 = CARTESIAN_POINT('',(3.25,3.25,5.7080669181));
#2391 = CARTESIAN_POINT('',(3.25,-3.25,3.9080669181));
#2392 = CARTESIAN_POINT('',(3.25,-3.25,5.7080669181));
#2393 = ADVANCED_FACE('',(#2394),#2416,.F.);
#2394 = FACE_BOUND('',#2395,.T.);
#2395 = EDGE_LOOP('',(#2396,#2403,#2410,#2415));
#2396 = ORIENTED_EDGE('',*,*,#2397,.T.);
#2397 = EDGE_CURVE('',#2364,#2398,#2400,.T.);
#2398 = VERTEX_POINT('',#2399);
#2399 = CARTESIAN_POINT('',(-3.25,3.25,3.9080669181));
#2400 = B_SPLINE_CURVE_WITH_KNOTS('',1,(#2401,#2402),.UNSPECIFIED.,.F.,
  .F.,(2,2),(-6.5,-0.),.PIECEWISE_BEZIER_KNOTS.);
#2401 = CARTESIAN_POINT('',(3.25,3.25,3.9080669181));
#2402 = CARTESIAN_POINT('',(-3.25,3.25,3.9080669181));
#2403 = ORIENTED_EDGE('',*,*,#2404,.F.);
#2404 = EDGE_CURVE('',#2405,#2398,#2407,.T.);
#2405 = VERTEX_POINT('',#2406);
#2406 = CARTESIAN_POINT('',(-3.25,3.25,5.7080669181));
#2407 = B_SPLINE_CURVE_WITH_KNOTS('',1,(#2408,#2409),.UNSPECIFIED.,.F.,
  .F.,(2,2),(-0.,1.8),.PIECEWISE_BEZIER_KNOTS.);
#2408 = CARTESIAN_POINT('',(-3.25,3.25,5.7080669181));
#2409 = CARTESIAN_POINT('',(-3.25,3.25,3.9080669181));
#2410 = ORIENTED_EDGE('',*,*,#2411,.F.);
#2411 = EDGE_CURVE('',#2371,#2405,#2412,.T.);
#2412 = B_SPLINE_CURVE_WITH_KNOTS('',1,(#2413,#2414),.UNSPECIFIED.,.F.,
  .F.,(2,2),(-6.5,-0.),.PIECEWISE_BEZIER_KNOTS.);
#2413 = CARTESIAN_POINT('',(3.25,3.25,5.7080669181));
#2414 = CARTESIAN_POINT('',(-3.25,3.25,5.7080669181));
#2415 = ORIENTED_EDGE('',*,*,#2370,.T.);
#2416 = B_SPLINE_SURFACE_WITH_KNOTS('',1,1,(
    (#2417,#2418)
    ,(#2419,#2420
    )),.UNSPECIFIED.,.F.,.F.,.F.,(2,2),(2,2),(0.,1.8),(0.,6.5),
  .PIECEWISE_BEZIER_KNOTS.);
#2417 = CARTESIAN_POINT('',(-3.25,3.25,5.7080669181));
#2418 = CARTESIAN_POINT('',(3.25,3.25,5.7080669181));
#2419 = CARTESIAN_POINT('',(-3.25,3.25,3.9080669181));
#2420 = CARTESIAN_POINT('',(3.25,3.25,3.9080669181));
#2421 = ADVANCED_FACE('',(#2422),#2444,.F.);
#2422 = FACE_BOUND('',#2423,.T.);
#2423 = EDGE_LOOP('',(#2424,#2431,#2438,#2443));
#2424 = ORIENTED_EDGE('',*,*,#2425,.T.);
#2425 = EDGE_CURVE('',#2398,#2426,#2428,.T.);
#2426 = VERTEX_POINT('',#2427);
#2427 = CARTESIAN_POINT('',(-3.25,-3.25,3.9080669181));
#2428 = B_SPLINE_CURVE_WITH_KNOTS('',1,(#2429,#2430),.UNSPECIFIED.,.F.,
  .F.,(2,2),(0.,6.5),.PIECEWISE_BEZIER_KNOTS.);
#2429 = CARTESIAN_POINT('',(-3.25,3.25,3.9080669181));
#2430 = CARTESIAN_POINT('',(-3.25,-3.25,3.9080669181));
#2431 = ORIENTED_EDGE('',*,*,#2432,.F.);
#2432 = EDGE_CURVE('',#2433,#2426,#2435,.T.);
#2433 = VERTEX_POINT('',#2434);
#2434 = CARTESIAN_POINT('',(-3.25,-3.25,5.7080669181));
#2435 = B_SPLINE_CURVE_WITH_KNOTS('',1,(#2436,#2437),.UNSPECIFIED.,.F.,
  .F.,(2,2),(-0.,1.8),.PIECEWISE_BEZIER_KNOTS.);
#2436 = CARTESIAN_POINT('',(-3.25,-3.25,5.7080669181));
#2437 = CARTESIAN_POINT('',(-3.25,-3.25,3.9080669181));
#2438 = ORIENTED_EDGE('',*,*,#2439,.F.);
#2439 = EDGE_CURVE('',#2405,#2433,#2440,.T.);
#2440 = B_SPLINE_CURVE_WITH_KNOTS('',1,(#2441,#2442),.UNSPECIFIED.,.F.,
  .F.,(2,2),(0.,6.5),.PIECEWISE_BEZIER_KNOTS.);
#2441 = CARTESIAN_POINT('',(-3.25,3.25,5.7080669181));
#2442 = CARTESIAN_POINT('',(-3.25,-3.25,5.7080669181));
#2443 = ORIENTED_EDGE('',*,*,#2404,.T.);
#2444 = B_SPLINE_SURFACE_WITH_KNOTS('',1,1,(
    (#2445,#2446)
    ,(#2447,#2448
    )),.UNSPECIFIED.,.F.,.F.,.F.,(2,2),(2,2),(-6.5,0.),(-1.8,0.),
  .PIECEWISE_BEZIER_KNOTS.);
#2445 = CARTESIAN_POINT('',(-3.25,-3.25,3.9080669181));
#2446 = CARTESIAN_POINT('',(-3.25,-3.25,5.7080669181));
#2447 = CARTESIAN_POINT('',(-3.25,3.25,3.9080669181));
#2448 = CARTESIAN_POINT('',(-3.25,3.25,5.7080669181));
#2449 = ADVANCED_FACE('',(#2450),#2464,.F.);
#2450 = FACE_BOUND('',#2451,.T.);
#2451 = EDGE_LOOP('',(#2452,#2457,#2458,#2463));
#2452 = ORIENTED_EDGE('',*,*,#2453,.T.);
#2453 = EDGE_CURVE('',#2426,#2362,#2454,.T.);
#2454 = B_SPLINE_CURVE_WITH_KNOTS('',1,(#2455,#2456),.UNSPECIFIED.,.F.,
  .F.,(2,2),(0.,6.5),.PIECEWISE_BEZIER_KNOTS.);
#2455 = CARTESIAN_POINT('',(-3.25,-3.25,3.9080669181));
#2456 = CARTESIAN_POINT('',(3.25,-3.25,3.9080669181));
#2457 = ORIENTED_EDGE('',*,*,#2384,.F.);
#2458 = ORIENTED_EDGE('',*,*,#2459,.F.);
#2459 = EDGE_CURVE('',#2433,#2378,#2460,.T.);
#2460 = B_SPLINE_CURVE_WITH_KNOTS('',1,(#2461,#2462),.UNSPECIFIED.,.F.,
  .F.,(2,2),(0.,6.5),.PIECEWISE_BEZIER_KNOTS.);
#2461 = CARTESIAN_POINT('',(-3.25,-3.25,5.7080669181));
#2462 = CARTESIAN_POINT('',(3.25,-3.25,5.7080669181));
#2463 = ORIENTED_EDGE('',*,*,#2432,.T.);
#2464 = B_SPLINE_SURFACE_WITH_KNOTS('',1,1,(
    (#2465,#2466)
    ,(#2467,#2468
    )),.UNSPECIFIED.,.F.,.F.,.F.,(2,2),(2,2),(-1.8,0.),(0.,6.5),
  .PIECEWISE_BEZIER_KNOTS.);
#2465 = CARTESIAN_POINT('',(-3.25,-3.25,3.9080669181));
#2466 = CARTESIAN_POINT('',(3.25,-3.25,3.9080669181));
#2467 = CARTESIAN_POINT('',(-3.25,-3.25,5.7080669181));
#2468 = CARTESIAN_POINT('',(3.25,-3.25,5.7080669181));
#2469 = ADVANCED_FACE('',(#2470,#2481),#2487,.T.);
#2470 = FACE_BOUND('',#2471,.T.);
#2471 = EDGE_LOOP('',(#2472,#2480));
#2472 = ORIENTED_EDGE('',*,*,#2473,.F.);
#2473 = EDGE_CURVE('',#883,#876,#2474,.T.);
#2474 = ( BOUNDED_CURVE() B_SPLINE_CURVE(2,(#2475,#2476,#2477,#2478,
#2479),.UNSPECIFIED.,.F.,.F.) B_SPLINE_CURVE_WITH_KNOTS((3,2,3),(
    3.14159265359,4.712388980385,6.28318530718),
.PIECEWISE_BEZIER_KNOTS.) CURVE() GEOMETRIC_REPRESENTATION_ITEM() 
RATIONAL_B_SPLINE_CURVE((1.,0.707106781187,1.,0.707106781187,1.)) 
REPRESENTATION_ITEM('') );
#2475 = CARTESIAN_POINT('',(-2.65,3.24531401774E-16,5.7080669181));
#2476 = CARTESIAN_POINT('',(-2.65,-2.65,5.7080669181));
#2477 = CARTESIAN_POINT('',(-9.308863125111E-16,-2.65,5.7080669181));
#2478 = CARTESIAN_POINT('',(2.65,-2.65,5.7080669181));
#2479 = CARTESIAN_POINT('',(2.65,-6.490628035481E-16,5.7080669181));
#2480 = ORIENTED_EDGE('',*,*,#882,.F.);
#2481 = FACE_BOUND('',#2482,.T.);
#2482 = EDGE_LOOP('',(#2483,#2484,#2485,#2486));
#2483 = ORIENTED_EDGE('',*,*,#2377,.T.);
#2484 = ORIENTED_EDGE('',*,*,#2411,.T.);
#2485 = ORIENTED_EDGE('',*,*,#2439,.T.);
#2486 = ORIENTED_EDGE('',*,*,#2459,.T.);
#2487 = B_SPLINE_SURFACE_WITH_KNOTS('',1,1,(
    (#2488,#2489)
    ,(#2490,#2491
    )),.UNSPECIFIED.,.F.,.F.,.F.,(2,2),(2,2),(-3.25,3.25),(-3.25,3.25),
  .PIECEWISE_BEZIER_KNOTS.);
#2488 = CARTESIAN_POINT('',(-3.25,-3.25,5.7080669181));
#2489 = CARTESIAN_POINT('',(-3.25,3.25,5.7080669181));
#2490 = CARTESIAN_POINT('',(3.25,-3.25,5.7080669181));
#2491 = CARTESIAN_POINT('',(3.25,3.25,5.7080669181));
#2492 = ADVANCED_FACE('',(#2493,#2504),#2510,.F.);
#2493 = FACE_BOUND('',#2494,.T.);
#2494 = EDGE_LOOP('',(#2495,#2503));
#2495 = ORIENTED_EDGE('',*,*,#2496,.F.);
#2496 = EDGE_CURVE('',#914,#921,#2497,.T.);
#2497 = ( BOUNDED_CURVE() B_SPLINE_CURVE(2,(#2498,#2499,#2500,#2501,
#2502),.UNSPECIFIED.,.F.,.F.) B_SPLINE_CURVE_WITH_KNOTS((3,2,3),(0.,
1.570796326795,3.14159265359),.PIECEWISE_BEZIER_KNOTS.) CURVE() 
GEOMETRIC_REPRESENTATION_ITEM() RATIONAL_B_SPLINE_CURVE((1.,
0.707106781187,1.,0.707106781187,1.)) REPRESENTATION_ITEM('') );
#2498 = CARTESIAN_POINT('',(-2.,0.,3.9080669181));
#2499 = CARTESIAN_POINT('',(-2.,2.,3.9080669181));
#2500 = CARTESIAN_POINT('',(-5.665538897648E-16,2.,3.9080669181));
#2501 = CARTESIAN_POINT('',(2.,2.,3.9080669181));
#2502 = CARTESIAN_POINT('',(2.,2.449293598295E-16,3.9080669181));
#2503 = ORIENTED_EDGE('',*,*,#920,.F.);
#2504 = FACE_BOUND('',#2505,.T.);
#2505 = EDGE_LOOP('',(#2506,#2507,#2508,#2509));
#2506 = ORIENTED_EDGE('',*,*,#2361,.F.);
#2507 = ORIENTED_EDGE('',*,*,#2453,.F.);
#2508 = ORIENTED_EDGE('',*,*,#2425,.F.);
#2509 = ORIENTED_EDGE('',*,*,#2397,.F.);
#2510 = B_SPLINE_SURFACE_WITH_KNOTS('',1,1,(
    (#2511,#2512)
    ,(#2513,#2514
    )),.UNSPECIFIED.,.F.,.F.,.F.,(2,2),(2,2),(-3.25,3.25),(-3.25,3.25),
  .PIECEWISE_BEZIER_KNOTS.);
#2511 = CARTESIAN_POINT('',(-3.25,-3.25,3.9080669181));
#2512 = CARTESIAN_POINT('',(-3.25,3.25,3.9080669181));
#2513 = CARTESIAN_POINT('',(3.25,-3.25,3.9080669181));
#2514 = CARTESIAN_POINT('',(3.25,3.25,3.9080669181));
#2515 = ADVANCED_FACE('',(#2516),#2522,.F.);
#2516 = FACE_BOUND('',#2517,.F.);
#2517 = EDGE_LOOP('',(#2518,#2519,#2520,#2521));
#2518 = ORIENTED_EDGE('',*,*,#2496,.F.);
#2519 = ORIENTED_EDGE('',*,*,#911,.F.);
#2520 = ORIENTED_EDGE('',*,*,#1544,.T.);
#2521 = ORIENTED_EDGE('',*,*,#930,.T.);
#2522 = ( BOUNDED_SURFACE() B_SPLINE_SURFACE(2,1,(
    (#2523,#2524)
    ,(#2525,#2526)
    ,(#2527,#2528)
    ,(#2529,#2530)
    ,(#2531,#2532
)),.UNSPECIFIED.,.F.,.F.,.F.) B_SPLINE_SURFACE_WITH_KNOTS((3,2,3),(2,2),
  (0.,1.570796326795,3.14159265359),(0.,0.2),.PIECEWISE_BEZIER_KNOTS.) 
GEOMETRIC_REPRESENTATION_ITEM() RATIONAL_B_SPLINE_SURFACE((
    (1.,1.)
    ,(0.707106781187,0.707106781187)
    ,(1.,1.)
    ,(0.707106781187,0.707106781187)
,(1.,1.))) REPRESENTATION_ITEM('') SURFACE() );
#2523 = CARTESIAN_POINT('',(-2.,0.,4.1080669181));
#2524 = CARTESIAN_POINT('',(-2.,0.,3.9080669181));
#2525 = CARTESIAN_POINT('',(-2.,2.,4.1080669181));
#2526 = CARTESIAN_POINT('',(-2.,2.,3.9080669181));
#2527 = CARTESIAN_POINT('',(-5.665538897648E-16,2.,4.1080669181));
#2528 = CARTESIAN_POINT('',(-5.665538897648E-16,2.,3.9080669181));
#2529 = CARTESIAN_POINT('',(2.,2.,4.1080669181));
#2530 = CARTESIAN_POINT('',(2.,2.,3.9080669181));
#2531 = CARTESIAN_POINT('',(2.,2.449293598295E-16,4.1080669181));
#2532 = CARTESIAN_POINT('',(2.,2.449293598295E-16,3.9080669181));
#2533 = ADVANCED_FACE('',(#2534),#2542,.T.);
#2534 = FACE_BOUND('',#2535,.T.);
#2535 = EDGE_LOOP('',(#2536,#2537,#2538,#2539,#2540,#2541));
#2536 = ORIENTED_EDGE('',*,*,#1564,.F.);
#2537 = ORIENTED_EDGE('',*,*,#1555,.F.);
#2538 = ORIENTED_EDGE('',*,*,#1592,.F.);
#2539 = ORIENTED_EDGE('',*,*,#1585,.F.);
#2540 = ORIENTED_EDGE('',*,*,#1578,.F.);
#2541 = ORIENTED_EDGE('',*,*,#1571,.F.);
#2542 = B_SPLINE_SURFACE_WITH_KNOTS('',1,1,(
    (#2543,#2544)
    ,(#2545,#2546
    )),.UNSPECIFIED.,.F.,.F.,.F.,(2,2),(2,2),(0.972579751457,
    1.322579751457),(0.490695900298,0.669964192981),
  .PIECEWISE_BEZIER_KNOTS.);
#2543 = CARTESIAN_POINT('',(-0.972579751457,0.490695900298,4.1080669181)
  );
#2544 = CARTESIAN_POINT('',(-0.972579751457,0.669964192981,4.1080669181)
  );
#2545 = CARTESIAN_POINT('',(-1.322579751457,0.490695900298,4.1080669181)
  );
#2546 = CARTESIAN_POINT('',(-1.322579751457,0.669964192981,4.1080669181)
  );
#2547 = ADVANCED_FACE('',(#2548),#2554,.T.);
#2548 = FACE_BOUND('',#2549,.T.);
#2549 = EDGE_LOOP('',(#2550,#2551,#2552,#2553));
#2550 = ORIENTED_EDGE('',*,*,#875,.F.);
#2551 = ORIENTED_EDGE('',*,*,#2190,.F.);
#2552 = ORIENTED_EDGE('',*,*,#892,.T.);
#2553 = ORIENTED_EDGE('',*,*,#2473,.T.);
#2554 = ( BOUNDED_SURFACE() B_SPLINE_SURFACE(2,1,(
    (#2555,#2556)
    ,(#2557,#2558)
    ,(#2559,#2560)
    ,(#2561,#2562)
    ,(#2563,#2564
)),.UNSPECIFIED.,.F.,.F.,.F.) B_SPLINE_SURFACE_WITH_KNOTS((3,2,3),(2,2),
  (3.14159265359,4.712388980385,6.28318530718),(0.,3.),
.PIECEWISE_BEZIER_KNOTS.) GEOMETRIC_REPRESENTATION_ITEM() 
RATIONAL_B_SPLINE_SURFACE((
    (1.,1.)
    ,(0.707106781187,0.707106781187)
    ,(1.,1.)
    ,(0.707106781187,0.707106781187)
,(1.,1.))) REPRESENTATION_ITEM('') SURFACE() );
#2555 = CARTESIAN_POINT('',(2.65,3.24531401774E-16,8.7080669181));
#2556 = CARTESIAN_POINT('',(2.65,3.24531401774E-16,5.7080669181));
#2557 = CARTESIAN_POINT('',(2.65,-2.65,8.7080669181));
#2558 = CARTESIAN_POINT('',(2.65,-2.65,5.7080669181));
#2559 = CARTESIAN_POINT('',(4.270789281101E-17,-2.65,8.7080669181));
#2560 = CARTESIAN_POINT('',(4.270789281101E-17,-2.65,5.7080669181));
#2561 = CARTESIAN_POINT('',(-2.65,-2.65,8.7080669181));
#2562 = CARTESIAN_POINT('',(-2.65,-2.65,5.7080669181));
#2563 = CARTESIAN_POINT('',(-2.65,-6.490628035481E-16,8.7080669181));
#2564 = CARTESIAN_POINT('',(-2.65,-6.490628035481E-16,5.7080669181));
#2565 = ADVANCED_FACE('',(#2566),#2579,.T.);
#2566 = FACE_BOUND('',#2567,.T.);
#2567 = EDGE_LOOP('',(#2568,#2569,#2570,#2571));
#2568 = ORIENTED_EDGE('',*,*,#838,.F.);
#2569 = ORIENTED_EDGE('',*,*,#2276,.T.);
#2570 = ORIENTED_EDGE('',*,*,#844,.T.);
#2571 = ORIENTED_EDGE('',*,*,#2572,.T.);
#2572 = EDGE_CURVE('',#774,#772,#2573,.T.);
#2573 = ( BOUNDED_CURVE() B_SPLINE_CURVE(2,(#2574,#2575,#2576,#2577,
#2578),.UNSPECIFIED.,.F.,.F.) B_SPLINE_CURVE_WITH_KNOTS((3,2,3),(0.,
1.570796326795,3.14159265359),.PIECEWISE_BEZIER_KNOTS.) CURVE() 
GEOMETRIC_REPRESENTATION_ITEM() RATIONAL_B_SPLINE_CURVE((1.,
0.707106781187,1.,0.707106781187,1.)) REPRESENTATION_ITEM('') );
#2574 = CARTESIAN_POINT('',(2.6,0.,13.5080669181));
#2575 = CARTESIAN_POINT('',(2.6,-2.6,13.5080669181));
#2576 = CARTESIAN_POINT('',(-2.848851259609E-16,-2.6,13.5080669181));
#2577 = CARTESIAN_POINT('',(-2.6,-2.6,13.5080669181));
#2578 = CARTESIAN_POINT('',(-2.6,-3.184081677783E-16,13.5080669181));
#2579 = ( BOUNDED_SURFACE() B_SPLINE_SURFACE(2,1,(
    (#2580,#2581)
    ,(#2582,#2583)
    ,(#2584,#2585)
    ,(#2586,#2587)
    ,(#2588,#2589
)),.UNSPECIFIED.,.F.,.F.,.F.) B_SPLINE_SURFACE_WITH_KNOTS((3,2,3),(2,2),
  (3.14159265359,4.712388980385,6.28318530718),(0.,0.8),
.PIECEWISE_BEZIER_KNOTS.) GEOMETRIC_REPRESENTATION_ITEM() 
RATIONAL_B_SPLINE_SURFACE((
    (1.,1.)
    ,(0.707106781187,0.707106781187)
    ,(1.,1.)
    ,(0.707106781187,0.707106781187)
,(1.,1.))) REPRESENTATION_ITEM('') SURFACE() );
#2580 = CARTESIAN_POINT('',(-2.6,3.184081677783E-16,12.7080669181));
#2581 = CARTESIAN_POINT('',(-2.6,3.184081677783E-16,13.5080669181));
#2582 = CARTESIAN_POINT('',(-2.6,-2.6,12.7080669181));
#2583 = CARTESIAN_POINT('',(-2.6,-2.6,13.5080669181));
#2584 = CARTESIAN_POINT('',(-9.217014615175E-16,-2.6,12.7080669181));
#2585 = CARTESIAN_POINT('',(-9.217014615175E-16,-2.6,13.5080669181));
#2586 = CARTESIAN_POINT('',(2.6,-2.6,12.7080669181));
#2587 = CARTESIAN_POINT('',(2.6,-2.6,13.5080669181));
#2588 = CARTESIAN_POINT('',(2.6,-6.368163355566E-16,12.7080669181));
#2589 = CARTESIAN_POINT('',(2.6,-6.368163355566E-16,13.5080669181));
#2590 = ADVANCED_FACE('',(#2591,#2602),#2613,.T.);
#2591 = FACE_BOUND('',#2592,.T.);
#2592 = EDGE_LOOP('',(#2593,#2601));
#2593 = ORIENTED_EDGE('',*,*,#2594,.F.);
#2594 = EDGE_CURVE('',#726,#733,#2595,.T.);
#2595 = ( BOUNDED_CURVE() B_SPLINE_CURVE(2,(#2596,#2597,#2598,#2599,
#2600),.UNSPECIFIED.,.F.,.F.) B_SPLINE_CURVE_WITH_KNOTS((3,2,3),(0.,
1.570796326795,3.14159265359),.PIECEWISE_BEZIER_KNOTS.) CURVE() 
GEOMETRIC_REPRESENTATION_ITEM() RATIONAL_B_SPLINE_CURVE((1.,
0.707106781187,1.,0.707106781187,1.)) REPRESENTATION_ITEM('') );
#2596 = CARTESIAN_POINT('',(2.283378977801,0.,13.7080669181));
#2597 = CARTESIAN_POINT('',(2.283378977801,2.283378977801,13.7080669181)
  );
#2598 = CARTESIAN_POINT('',(-3.042725720299E-16,2.283378977801,
    13.7080669181));
#2599 = CARTESIAN_POINT('',(-2.283378977801,2.283378977801,13.7080669181
    ));
#2600 = CARTESIAN_POINT('',(-2.283378977801,2.796332756404E-16,
    13.7080669181));
#2601 = ORIENTED_EDGE('',*,*,#732,.F.);
#2602 = FACE_BOUND('',#2603,.T.);
#2603 = EDGE_LOOP('',(#2604,#2605));
#2604 = ORIENTED_EDGE('',*,*,#791,.T.);
#2605 = ORIENTED_EDGE('',*,*,#2606,.T.);
#2606 = EDGE_CURVE('',#784,#792,#2607,.T.);
#2607 = ( BOUNDED_CURVE() B_SPLINE_CURVE(2,(#2608,#2609,#2610,#2611,
#2612),.UNSPECIFIED.,.F.,.F.) B_SPLINE_CURVE_WITH_KNOTS((3,2,3),(
    3.14159265359,4.712388980385,6.28318530718),
.PIECEWISE_BEZIER_KNOTS.) CURVE() GEOMETRIC_REPRESENTATION_ITEM() 
RATIONAL_B_SPLINE_CURVE((1.,0.707106781187,1.,0.707106781187,1.)) 
REPRESENTATION_ITEM('') );
#2608 = CARTESIAN_POINT('',(-2.4,2.939152317954E-16,13.7080669181));
#2609 = CARTESIAN_POINT('',(-2.4,-2.4,13.7080669181));
#2610 = CARTESIAN_POINT('',(-8.849620575431E-16,-2.4,13.7080669181));
#2611 = CARTESIAN_POINT('',(2.4,-2.4,13.7080669181));
#2612 = CARTESIAN_POINT('',(2.4,-5.878304635907E-16,13.7080669181));
#2613 = B_SPLINE_SURFACE_WITH_KNOTS('',1,1,(
    (#2614,#2615)
    ,(#2616,#2617
    )),.UNSPECIFIED.,.F.,.F.,.F.,(2,2),(2,2),(-2.4,2.4),(-2.4,2.4),
  .PIECEWISE_BEZIER_KNOTS.);
#2614 = CARTESIAN_POINT('',(-2.4,-2.4,13.7080669181));
#2615 = CARTESIAN_POINT('',(-2.4,2.4,13.7080669181));
#2616 = CARTESIAN_POINT('',(2.4,-2.4,13.7080669181));
#2617 = CARTESIAN_POINT('',(2.4,2.4,13.7080669181));
#2618 = ADVANCED_FACE('',(#2619),#2710,.T.);
#2619 = FACE_BOUND('',#2620,.T.);
#2620 = EDGE_LOOP('',(#2621,#2622,#2696,#2697,#2698,#2699,#2700,#2701,
    #2702,#2703,#2704,#2705,#2706,#2707,#2708,#2709));
#2621 = ORIENTED_EDGE('',*,*,#2201,.T.);
#2622 = ORIENTED_EDGE('',*,*,#2623,.F.);
#2623 = EDGE_CURVE('',#2289,#2202,#2624,.T.);
#2624 = ( BOUNDED_CURVE() B_SPLINE_CURVE(2,(#2625,#2626,#2627,#2628,
    #2629,#2630,#2631,#2632,#2633,#2634,#2635,#2636,#2637,#2638,#2639,
    #2640,#2641,#2642,#2643,#2644,#2645,#2646,#2647,#2648,#2649,#2650,
    #2651,#2652,#2653,#2654,#2655,#2656,#2657,#2658,#2659,#2660,#2661,
    #2662,#2663,#2664,#2665,#2666,#2667,#2668,#2669,#2670,#2671,#2672,
    #2673,#2674,#2675,#2676,#2677,#2678,#2679,#2680,#2681,#2682,#2683,
    #2684,#2685,#2686,#2687,#2688,#2689,#2690,#2691,#2692,#2693,#2694,
#2695),.UNSPECIFIED.,.F.,.F.) B_SPLINE_CURVE_WITH_KNOTS((3,2,2,2,2,2,2,2
    ,2,2,2,2,2,2,2,2,2,2,2,2,2,2,2,2,2,2,2,2,2,2,2,2,2,2,2,3),(
    0.137933417968,0.145833333333,0.166666666667,0.1875,0.208333333333,
    0.229166666667,0.25,0.270833333333,0.291666666667,0.3125,
    0.333333333333,0.354166666667,0.375,0.395833333333,0.416666666667,
    0.4375,0.458333333333,0.479166666667,0.5,0.520833333333,
    0.541666666667,0.5625,0.583333333333,0.604166666667,0.625,
    0.645833333333,0.666666666667,0.6875,0.708333333333,0.729166666667,
    0.75,0.770833333333,0.791666666667,0.8125,0.833333333333,
0.846577228287),.UNSPECIFIED.) CURVE() GEOMETRIC_REPRESENTATION_ITEM() 
RATIONAL_B_SPLINE_CURVE((0.936923050991,0.949197377384,1.,0.866025403784
    ,1.,0.866025403784,1.,0.866025403784,1.,0.866025403784,1.,
    0.866025403784,1.,0.866025403784,1.,0.866025403784,1.,0.866025403784
    ,1.,0.866025403784,1.,0.866025403784,1.,0.866025403784,1.,
    0.866025403784,1.,0.866025403784,1.,0.866025403784,1.,0.866025403784
    ,1.,0.866025403784,1.,0.866025403784,1.,0.866025403784,1.,
    0.866025403784,1.,0.866025403784,1.,0.866025403784,1.,0.866025403784
    ,1.,0.866025403784,1.,0.866025403784,1.,0.866025403784,1.,
    0.866025403784,1.,0.866025403784,1.,0.866025403784,1.,0.866025403784
    ,1.,0.866025403784,1.,0.866025403784,1.,0.866025403784,1.,
    0.866025403784,1.,0.914831417023,0.937947355608)) 
REPRESENTATION_ITEM('') );
#2625 = CARTESIAN_POINT('',(-2.218642969132,1.696782036148,12.7080669181
    ));
#2626 = CARTESIAN_POINT('',(-1.879718278496,2.139946134969,
    12.684774383354));
#2627 = CARTESIAN_POINT('',(-1.396553427431,2.418901491794,
    12.664432659805));
#2628 = CARTESIAN_POINT('',(-6.415758744753E-16,3.225201989059,
    12.605636363508));
#2629 = CARTESIAN_POINT('',(1.396553427431,2.418901491794,
    12.546840067212));
#2630 = CARTESIAN_POINT('',(2.793106854861,1.612600994529,
    12.488043770916));
#2631 = CARTESIAN_POINT('',(2.793106854861,3.420569369482E-16,
    12.429247474619));
#2632 = CARTESIAN_POINT('',(2.793106854861,-1.612600994529,
    12.370451178323));
#2633 = CARTESIAN_POINT('',(1.396553427431,-2.418901491794,
    12.311654882027));
#2634 = CARTESIAN_POINT('',(1.483707840256E-16,-3.225201989059,
    12.25285858573));
#2635 = CARTESIAN_POINT('',(-1.396553427431,-2.418901491794,
    12.194062289434));
#2636 = CARTESIAN_POINT('',(-2.793106854861,-1.612600994529,
    12.135265993138));
#2637 = CARTESIAN_POINT('',(-2.793106854861,0.,12.076469696842));
#2638 = CARTESIAN_POINT('',(-2.793106854861,1.612600994529,
    12.017673400545));
#2639 = CARTESIAN_POINT('',(-1.396553427431,2.418901491794,
    11.958877104249));
#2640 = CARTESIAN_POINT('',(-6.415758744753E-16,3.225201989059,
    11.900080807953));
#2641 = CARTESIAN_POINT('',(1.396553427431,2.418901491794,
    11.841284511656));
#2642 = CARTESIAN_POINT('',(2.793106854861,1.612600994529,11.78248821536
    ));
#2643 = CARTESIAN_POINT('',(2.793106854861,3.420569369482E-16,
    11.723691919064));
#2644 = CARTESIAN_POINT('',(2.793106854861,-1.612600994529,
    11.664895622768));
#2645 = CARTESIAN_POINT('',(1.396553427431,-2.418901491794,
    11.606099326471));
#2646 = CARTESIAN_POINT('',(1.483707840256E-16,-3.225201989059,
    11.547303030175));
#2647 = CARTESIAN_POINT('',(-1.396553427431,-2.418901491794,
    11.488506733879));
#2648 = CARTESIAN_POINT('',(-2.793106854861,-1.612600994529,
    11.429710437582));
#2649 = CARTESIAN_POINT('',(-2.793106854861,0.,11.370914141286));
#2650 = CARTESIAN_POINT('',(-2.793106854861,1.612600994529,
    11.31211784499));
#2651 = CARTESIAN_POINT('',(-1.396553427431,2.418901491794,
    11.253321548693));
#2652 = CARTESIAN_POINT('',(-6.415758744753E-16,3.225201989059,
    11.194525252397));
#2653 = CARTESIAN_POINT('',(1.396553427431,2.418901491794,
    11.135728956101));
#2654 = CARTESIAN_POINT('',(2.793106854861,1.612600994529,
    11.076932659805));
#2655 = CARTESIAN_POINT('',(2.793106854861,3.420569369482E-16,
    11.018136363508));
#2656 = CARTESIAN_POINT('',(2.793106854861,-1.612600994529,
    10.959340067212));
#2657 = CARTESIAN_POINT('',(1.396553427431,-2.418901491794,
    10.900543770916));
#2658 = CARTESIAN_POINT('',(1.483707840256E-16,-3.225201989059,
    10.841747474619));
#2659 = CARTESIAN_POINT('',(-1.396553427431,-2.418901491794,
    10.782951178323));
#2660 = CARTESIAN_POINT('',(-2.793106854861,-1.612600994529,
    10.724154882027));
#2661 = CARTESIAN_POINT('',(-2.793106854861,0.,10.66535858573));
#2662 = CARTESIAN_POINT('',(-2.793106854861,1.612600994529,
    10.606562289434));
#2663 = CARTESIAN_POINT('',(-1.396553427431,2.418901491794,
    10.547765993138));
#2664 = CARTESIAN_POINT('',(-6.415758744753E-16,3.225201989059,
    10.488969696842));
#2665 = CARTESIAN_POINT('',(1.396553427431,2.418901491794,
    10.430173400545));
#2666 = CARTESIAN_POINT('',(2.793106854861,1.612600994529,
    10.371377104249));
#2667 = CARTESIAN_POINT('',(2.793106854861,3.420569369482E-16,
    10.312580807953));
#2668 = CARTESIAN_POINT('',(2.793106854861,-1.612600994529,
    10.253784511656));
#2669 = CARTESIAN_POINT('',(1.396553427431,-2.418901491794,
    10.19498821536));
#2670 = CARTESIAN_POINT('',(1.483707840256E-16,-3.225201989059,
    10.136191919064));
#2671 = CARTESIAN_POINT('',(-1.396553427431,-2.418901491794,
    10.077395622768));
#2672 = CARTESIAN_POINT('',(-2.793106854861,-1.612600994529,
    10.018599326471));
#2673 = CARTESIAN_POINT('',(-2.793106854861,0.,9.959803030175));
#2674 = CARTESIAN_POINT('',(-2.793106854861,1.612600994529,
    9.901006733879));
#2675 = CARTESIAN_POINT('',(-1.396553427431,2.418901491794,
    9.842210437582));
#2676 = CARTESIAN_POINT('',(-6.415758744753E-16,3.225201989059,
    9.783414141286));
#2677 = CARTESIAN_POINT('',(1.396553427431,2.418901491794,9.72461784499)
  );
#2678 = CARTESIAN_POINT('',(2.793106854861,1.612600994529,9.665821548693
    ));
#2679 = CARTESIAN_POINT('',(2.793106854861,3.420569369482E-16,
    9.607025252397));
#2680 = CARTESIAN_POINT('',(2.793106854861,-1.612600994529,
    9.548228956101));
#2681 = CARTESIAN_POINT('',(1.396553427431,-2.418901491794,
    9.489432659805));
#2682 = CARTESIAN_POINT('',(1.483707840256E-16,-3.225201989059,
    9.430636363508));
#2683 = CARTESIAN_POINT('',(-1.396553427431,-2.418901491794,
    9.371840067212));
#2684 = CARTESIAN_POINT('',(-2.793106854861,-1.612600994529,
    9.313043770916));
#2685 = CARTESIAN_POINT('',(-2.793106854861,0.,9.254247474619));
#2686 = CARTESIAN_POINT('',(-2.793106854861,1.612600994529,
    9.195451178323));
#2687 = CARTESIAN_POINT('',(-1.396553427431,2.418901491794,
    9.136654882027));
#2688 = CARTESIAN_POINT('',(-6.415758744753E-16,3.225201989059,
    9.07785858573));
#2689 = CARTESIAN_POINT('',(1.396553427431,2.418901491794,9.019062289434
    ));
#2690 = CARTESIAN_POINT('',(2.793106854861,1.612600994529,8.960265993138
    ));
#2691 = CARTESIAN_POINT('',(2.793106854861,3.420569369482E-16,
    8.901469696842));
#2692 = CARTESIAN_POINT('',(2.793106854861,-1.612600994529,
    8.842673400545));
#2693 = CARTESIAN_POINT('',(1.396553427431,-2.418901491794,
    8.783877104249));
#2694 = CARTESIAN_POINT('',(0.556118523331,-2.904126809912,
    8.748493954082));
#2695 = CARTESIAN_POINT('',(-0.404120798146,-2.76371711345,8.7080669181)
  );
#2696 = ORIENTED_EDGE('',*,*,#2288,.F.);
#2697 = ORIENTED_EDGE('',*,*,#976,.T.);
#2698 = ORIENTED_EDGE('',*,*,#1272,.T.);
#2699 = ORIENTED_EDGE('',*,*,#1013,.T.);
#2700 = ORIENTED_EDGE('',*,*,#1308,.T.);
#2701 = ORIENTED_EDGE('',*,*,#1065,.T.);
#2702 = ORIENTED_EDGE('',*,*,#1344,.T.);
#2703 = ORIENTED_EDGE('',*,*,#1117,.T.);
#2704 = ORIENTED_EDGE('',*,*,#1380,.T.);
#2705 = ORIENTED_EDGE('',*,*,#1169,.T.);
#2706 = ORIENTED_EDGE('',*,*,#1416,.T.);
#2707 = ORIENTED_EDGE('',*,*,#1221,.T.);
#2708 = ORIENTED_EDGE('',*,*,#1460,.T.);
#2709 = ORIENTED_EDGE('',*,*,#2174,.T.);
#2710 = ( BOUNDED_SURFACE() B_SPLINE_SURFACE(1,2,(
    (#2711,#2712,#2713,#2714,#2715,#2716,#2717,#2718,#2719,#2720,#2721
      ,#2722,#2723,#2724,#2725,#2726,#2727,#2728,#2729,#2730,#2731,#2732
      ,#2733,#2734,#2735,#2736,#2737,#2738,#2739,#2740,#2741,#2742,#2743
      ,#2744,#2745,#2746,#2747,#2748,#2749,#2750,#2751,#2752,#2753,#2754
      ,#2755,#2756,#2757,#2758,#2759,#2760,#2761,#2762,#2763,#2764,#2765
      ,#2766,#2767,#2768,#2769,#2770,#2771,#2772,#2773,#2774,#2775,#2776
      ,#2777,#2778,#2779,#2780,#2781,#2782,#2783,#2784,#2785,#2786,#2787
      ,#2788,#2789,#2790,#2791,#2792,#2793,#2794,#2795,#2796,#2797)
    ,(#2798,#2799,#2800,#2801,#2802,#2803,#2804,#2805,#2806,#2807,#2808
      ,#2809,#2810,#2811,#2812,#2813,#2814,#2815,#2816,#2817,#2818,#2819
      ,#2820,#2821,#2822,#2823,#2824,#2825,#2826,#2827,#2828,#2829,#2830
      ,#2831,#2832,#2833,#2834,#2835,#2836,#2837,#2838,#2839,#2840,#2841
      ,#2842,#2843,#2844,#2845,#2846,#2847,#2848,#2849,#2850,#2851,#2852
      ,#2853,#2854,#2855,#2856,#2857,#2858,#2859,#2860,#2861,#2862,#2863
      ,#2864,#2865,#2866,#2867,#2868,#2869,#2870,#2871,#2872,#2873,#2874
      ,#2875,#2876,#2877,#2878,#2879,#2880,#2881,#2882,#2883,#2884
)),.UNSPECIFIED.,.F.,.F.,.F.) B_SPLINE_SURFACE_WITH_KNOTS((2,2),(3,2,2,2
    ,2,2,2,2,2,2,2,2,2,2,2,2,2,2,2,2,2,2,2,2,2,2,2,2,2,2,2,2,2,2,2,2,2,2
    ,2,2,2,2,2,3),(0.,1.),(0.,2.083333333333E-02,4.166666666667E-02,
    6.25E-02,8.333333333333E-02,0.104166666667,0.125,0.145833333333,
    0.166666666667,0.1875,0.208333333333,0.229166666667,0.25,
    0.270833333333,0.291666666667,0.3125,0.333333333333,0.354166666667,
    0.375,0.395833333333,0.416666666667,0.4375,0.458333333333,
    0.479166666667,0.5,0.520833333333,0.541666666667,0.5625,
    0.583333333333,0.604166666667,0.625,0.645833333333,0.666666666667,
    0.6875,0.708333333333,0.729166666667,0.75,0.770833333333,
    0.791666666667,0.8125,0.833333333333,0.854166666667,0.875,
0.885817349432),.UNSPECIFIED.) GEOMETRIC_REPRESENTATION_ITEM() 
RATIONAL_B_SPLINE_SURFACE((
    (1.,0.866025403784,1.,0.866025403784,1.,0.866025403784,1.
      ,0.866025403784,1.,0.866025403784,1.,0.866025403784,1.
      ,0.866025403784,1.,0.866025403784,1.,0.866025403784,1.
      ,0.866025403784,1.,0.866025403784,1.,0.866025403784,1.
      ,0.866025403784,1.,0.866025403784,1.,0.866025403784,1.
      ,0.866025403784,1.,0.866025403784,1.,0.866025403784,1.
      ,0.866025403784,1.,0.866025403784,1.,0.866025403784,1.
      ,0.866025403784,1.,0.866025403784,1.,0.866025403784,1.
      ,0.866025403784,1.,0.866025403784,1.,0.866025403784,1.
      ,0.866025403784,1.,0.866025403784,1.,0.866025403784,1.
      ,0.866025403784,1.,0.866025403784,1.,0.866025403784,1.
      ,0.866025403784,1.,0.866025403784,1.,0.866025403784,1.
      ,0.866025403784,1.,0.866025403784,1.,0.866025403784,1.
      ,0.866025403784,1.,0.866025403784,1.,0.866025403784,1.
      ,0.930435998934,0.933111816177)
    ,(1.,0.866025403784,1.,0.866025403784,1.,0.866025403784,1.
      ,0.866025403784,1.,0.866025403784,1.,0.866025403784,1.
      ,0.866025403784,1.,0.866025403784,1.,0.866025403784,1.
      ,0.866025403784,1.,0.866025403784,1.,0.866025403784,1.
      ,0.866025403784,1.,0.866025403784,1.,0.866025403784,1.
      ,0.866025403784,1.,0.866025403784,1.,0.866025403784,1.
      ,0.866025403784,1.,0.866025403784,1.,0.866025403784,1.
      ,0.866025403784,1.,0.866025403784,1.,0.866025403784,1.
      ,0.866025403784,1.,0.866025403784,1.,0.866025403784,1.
      ,0.866025403784,1.,0.866025403784,1.,0.866025403784,1.
      ,0.866025403784,1.,0.866025403784,1.,0.866025403784,1.
      ,0.866025403784,1.,0.866025403784,1.,0.866025403784,1.
      ,0.866025403784,1.,0.866025403784,1.,0.866025403784,1.
      ,0.866025403784,1.,0.866025403784,1.,0.866025403784,1.
,0.930435998934,0.933111816177))) REPRESENTATION_ITEM('') SURFACE() );
#2711 = CARTESIAN_POINT('',(-2.793106854861,0.,13.487580807953));
#2712 = CARTESIAN_POINT('',(-2.793106854861,1.612600994529,
    13.428784511656));
#2713 = CARTESIAN_POINT('',(-1.396553427431,2.418901491794,
    13.36998821536));
#2714 = CARTESIAN_POINT('',(-6.415758744753E-16,3.225201989059,
    13.311191919064));
#2715 = CARTESIAN_POINT('',(1.396553427431,2.418901491794,
    13.252395622768));
#2716 = CARTESIAN_POINT('',(2.793106854861,1.612600994529,
    13.193599326471));
#2717 = CARTESIAN_POINT('',(2.793106854861,3.420569369482E-16,
    13.134803030175));
#2718 = CARTESIAN_POINT('',(2.793106854861,-1.612600994529,
    13.076006733879));
#2719 = CARTESIAN_POINT('',(1.396553427431,-2.418901491794,
    13.017210437582));
#2720 = CARTESIAN_POINT('',(1.483707840256E-16,-3.225201989059,
    12.958414141286));
#2721 = CARTESIAN_POINT('',(-1.396553427431,-2.418901491794,
    12.89961784499));
#2722 = CARTESIAN_POINT('',(-2.793106854861,-1.612600994529,
    12.840821548693));
#2723 = CARTESIAN_POINT('',(-2.793106854861,0.,12.782025252397));
#2724 = CARTESIAN_POINT('',(-2.793106854861,1.612600994529,
    12.723228956101));
#2725 = CARTESIAN_POINT('',(-1.396553427431,2.418901491794,
    12.664432659805));
#2726 = CARTESIAN_POINT('',(-6.415758744753E-16,3.225201989059,
    12.605636363508));
#2727 = CARTESIAN_POINT('',(1.396553427431,2.418901491794,
    12.546840067212));
#2728 = CARTESIAN_POINT('',(2.793106854861,1.612600994529,
    12.488043770916));
#2729 = CARTESIAN_POINT('',(2.793106854861,3.420569369482E-16,
    12.429247474619));
#2730 = CARTESIAN_POINT('',(2.793106854861,-1.612600994529,
    12.370451178323));
#2731 = CARTESIAN_POINT('',(1.396553427431,-2.418901491794,
    12.311654882027));
#2732 = CARTESIAN_POINT('',(1.483707840256E-16,-3.225201989059,
    12.25285858573));
#2733 = CARTESIAN_POINT('',(-1.396553427431,-2.418901491794,
    12.194062289434));
#2734 = CARTESIAN_POINT('',(-2.793106854861,-1.612600994529,
    12.135265993138));
#2735 = CARTESIAN_POINT('',(-2.793106854861,0.,12.076469696842));
#2736 = CARTESIAN_POINT('',(-2.793106854861,1.612600994529,
    12.017673400545));
#2737 = CARTESIAN_POINT('',(-1.396553427431,2.418901491794,
    11.958877104249));
#2738 = CARTESIAN_POINT('',(-6.415758744753E-16,3.225201989059,
    11.900080807953));
#2739 = CARTESIAN_POINT('',(1.396553427431,2.418901491794,
    11.841284511656));
#2740 = CARTESIAN_POINT('',(2.793106854861,1.612600994529,11.78248821536
    ));
#2741 = CARTESIAN_POINT('',(2.793106854861,3.420569369482E-16,
    11.723691919064));
#2742 = CARTESIAN_POINT('',(2.793106854861,-1.612600994529,
    11.664895622768));
#2743 = CARTESIAN_POINT('',(1.396553427431,-2.418901491794,
    11.606099326471));
#2744 = CARTESIAN_POINT('',(1.483707840256E-16,-3.225201989059,
    11.547303030175));
#2745 = CARTESIAN_POINT('',(-1.396553427431,-2.418901491794,
    11.488506733879));
#2746 = CARTESIAN_POINT('',(-2.793106854861,-1.612600994529,
    11.429710437582));
#2747 = CARTESIAN_POINT('',(-2.793106854861,0.,11.370914141286));
#2748 = CARTESIAN_POINT('',(-2.793106854861,1.612600994529,
    11.31211784499));
#2749 = CARTESIAN_POINT('',(-1.396553427431,2.418901491794,
    11.253321548693));
#2750 = CARTESIAN_POINT('',(-6.415758744753E-16,3.225201989059,
    11.194525252397));
#2751 = CARTESIAN_POINT('',(1.396553427431,2.418901491794,
    11.135728956101));
#2752 = CARTESIAN_POINT('',(2.793106854861,1.612600994529,
    11.076932659805));
#2753 = CARTESIAN_POINT('',(2.793106854861,3.420569369482E-16,
    11.018136363508));
#2754 = CARTESIAN_POINT('',(2.793106854861,-1.612600994529,
    10.959340067212));
#2755 = CARTESIAN_POINT('',(1.396553427431,-2.418901491794,
    10.900543770916));
#2756 = CARTESIAN_POINT('',(1.483707840256E-16,-3.225201989059,
    10.841747474619));
#2757 = CARTESIAN_POINT('',(-1.396553427431,-2.418901491794,
    10.782951178323));
#2758 = CARTESIAN_POINT('',(-2.793106854861,-1.612600994529,
    10.724154882027));
#2759 = CARTESIAN_POINT('',(-2.793106854861,0.,10.66535858573));
#2760 = CARTESIAN_POINT('',(-2.793106854861,1.612600994529,
    10.606562289434));
#2761 = CARTESIAN_POINT('',(-1.396553427431,2.418901491794,
    10.547765993138));
#2762 = CARTESIAN_POINT('',(-6.415758744753E-16,3.225201989059,
    10.488969696842));
#2763 = CARTESIAN_POINT('',(1.396553427431,2.418901491794,
    10.430173400545));
#2764 = CARTESIAN_POINT('',(2.793106854861,1.612600994529,
    10.371377104249));
#2765 = CARTESIAN_POINT('',(2.793106854861,3.420569369482E-16,
    10.312580807953));
#2766 = CARTESIAN_POINT('',(2.793106854861,-1.612600994529,
    10.253784511656));
#2767 = CARTESIAN_POINT('',(1.396553427431,-2.418901491794,
    10.19498821536));
#2768 = CARTESIAN_POINT('',(1.483707840256E-16,-3.225201989059,
    10.136191919064));
#2769 = CARTESIAN_POINT('',(-1.396553427431,-2.418901491794,
    10.077395622768));
#2770 = CARTESIAN_POINT('',(-2.793106854861,-1.612600994529,
    10.018599326471));
#2771 = CARTESIAN_POINT('',(-2.793106854861,0.,9.959803030175));
#2772 = CARTESIAN_POINT('',(-2.793106854861,1.612600994529,
    9.901006733879));
#2773 = CARTESIAN_POINT('',(-1.396553427431,2.418901491794,
    9.842210437582));
#2774 = CARTESIAN_POINT('',(-6.415758744753E-16,3.225201989059,
    9.783414141286));
#2775 = CARTESIAN_POINT('',(1.396553427431,2.418901491794,9.72461784499)
  );
#2776 = CARTESIAN_POINT('',(2.793106854861,1.612600994529,9.665821548693
    ));
#2777 = CARTESIAN_POINT('',(2.793106854861,3.420569369482E-16,
    9.607025252397));
#2778 = CARTESIAN_POINT('',(2.793106854861,-1.612600994529,
    9.548228956101));
#2779 = CARTESIAN_POINT('',(1.396553427431,-2.418901491794,
    9.489432659805));
#2780 = CARTESIAN_POINT('',(1.483707840256E-16,-3.225201989059,
    9.430636363508));
#2781 = CARTESIAN_POINT('',(-1.396553427431,-2.418901491794,
    9.371840067212));
#2782 = CARTESIAN_POINT('',(-2.793106854861,-1.612600994529,
    9.313043770916));
#2783 = CARTESIAN_POINT('',(-2.793106854861,0.,9.254247474619));
#2784 = CARTESIAN_POINT('',(-2.793106854861,1.612600994529,
    9.195451178323));
#2785 = CARTESIAN_POINT('',(-1.396553427431,2.418901491794,
    9.136654882027));
#2786 = CARTESIAN_POINT('',(-6.415758744753E-16,3.225201989059,
    9.07785858573));
#2787 = CARTESIAN_POINT('',(1.396553427431,2.418901491794,9.019062289434
    ));
#2788 = CARTESIAN_POINT('',(2.793106854861,1.612600994529,8.960265993138
    ));
#2789 = CARTESIAN_POINT('',(2.793106854861,3.420569369482E-16,
    8.901469696842));
#2790 = CARTESIAN_POINT('',(2.793106854861,-1.612600994529,
    8.842673400545));
#2791 = CARTESIAN_POINT('',(1.396553427431,-2.418901491794,
    8.783877104249));
#2792 = CARTESIAN_POINT('',(1.483707840256E-16,-3.225201989059,
    8.725080807953));
#2793 = CARTESIAN_POINT('',(-1.396553427431,-2.418901491794,
    8.666284511656));
#2794 = CARTESIAN_POINT('',(-2.793106854861,-1.612600994529,
    8.60748821536));
#2795 = CARTESIAN_POINT('',(-2.793106854861,0.,8.548691919064));
#2796 = CARTESIAN_POINT('',(-2.793106854861,0.779351088307,
    8.520276360806));
#2797 = CARTESIAN_POINT('',(-2.389602655833,1.446113774884,
    8.487471870794));
#2798 = CARTESIAN_POINT('',(-3.175,0.,13.7080669181));
#2799 = CARTESIAN_POINT('',(-3.175,1.833087104677,13.649270621804));
#2800 = CARTESIAN_POINT('',(-1.5875,2.749630657016,13.590474325508));
#2801 = CARTESIAN_POINT('',(-6.685776353802E-16,3.666174209354,
    13.531678029211));
#2802 = CARTESIAN_POINT('',(1.5875,2.749630657016,13.472881732915));
#2803 = CARTESIAN_POINT('',(3.175,1.833087104677,13.414085436619));
#2804 = CARTESIAN_POINT('',(3.175,3.888253587293E-16,13.355289140323));
#2805 = CARTESIAN_POINT('',(3.175,-1.833087104677,13.296492844026));
#2806 = CARTESIAN_POINT('',(1.5875,-2.749630657016,13.23769654773));
#2807 = CARTESIAN_POINT('',(2.293760667403E-16,-3.666174209354,
    13.178900251434));
#2808 = CARTESIAN_POINT('',(-1.5875,-2.749630657016,13.120103955137));
#2809 = CARTESIAN_POINT('',(-3.175,-1.833087104677,13.061307658841));
#2810 = CARTESIAN_POINT('',(-3.175,0.,13.002511362545));
#2811 = CARTESIAN_POINT('',(-3.175,1.833087104677,12.943715066248));
#2812 = CARTESIAN_POINT('',(-1.5875,2.749630657016,12.884918769952));
#2813 = CARTESIAN_POINT('',(-6.685776353802E-16,3.666174209354,
    12.826122473656));
#2814 = CARTESIAN_POINT('',(1.5875,2.749630657016,12.76732617736));
#2815 = CARTESIAN_POINT('',(3.175,1.833087104677,12.708529881063));
#2816 = CARTESIAN_POINT('',(3.175,3.888253587293E-16,12.649733584767));
#2817 = CARTESIAN_POINT('',(3.175,-1.833087104677,12.590937288471));
#2818 = CARTESIAN_POINT('',(1.5875,-2.749630657016,12.532140992174));
#2819 = CARTESIAN_POINT('',(2.293760667403E-16,-3.666174209354,
    12.473344695878));
#2820 = CARTESIAN_POINT('',(-1.5875,-2.749630657016,12.414548399582));
#2821 = CARTESIAN_POINT('',(-3.175,-1.833087104677,12.355752103285));
#2822 = CARTESIAN_POINT('',(-3.175,0.,12.296955806989));
#2823 = CARTESIAN_POINT('',(-3.175,1.833087104677,12.238159510693));
#2824 = CARTESIAN_POINT('',(-1.5875,2.749630657016,12.179363214397));
#2825 = CARTESIAN_POINT('',(-6.685776353802E-16,3.666174209354,
    12.1205669181));
#2826 = CARTESIAN_POINT('',(1.5875,2.749630657016,12.061770621804));
#2827 = CARTESIAN_POINT('',(3.175,1.833087104677,12.002974325508));
#2828 = CARTESIAN_POINT('',(3.175,3.888253587293E-16,11.944178029211));
#2829 = CARTESIAN_POINT('',(3.175,-1.833087104677,11.885381732915));
#2830 = CARTESIAN_POINT('',(1.5875,-2.749630657016,11.826585436619));
#2831 = CARTESIAN_POINT('',(2.293760667403E-16,-3.666174209354,
    11.767789140323));
#2832 = CARTESIAN_POINT('',(-1.5875,-2.749630657016,11.708992844026));
#2833 = CARTESIAN_POINT('',(-3.175,-1.833087104677,11.65019654773));
#2834 = CARTESIAN_POINT('',(-3.175,0.,11.591400251434));
#2835 = CARTESIAN_POINT('',(-3.175,1.833087104677,11.532603955137));
#2836 = CARTESIAN_POINT('',(-1.5875,2.749630657016,11.473807658841));
#2837 = CARTESIAN_POINT('',(-6.685776353802E-16,3.666174209354,
    11.415011362545));
#2838 = CARTESIAN_POINT('',(1.5875,2.749630657016,11.356215066248));
#2839 = CARTESIAN_POINT('',(3.175,1.833087104677,11.297418769952));
#2840 = CARTESIAN_POINT('',(3.175,3.888253587293E-16,11.238622473656));
#2841 = CARTESIAN_POINT('',(3.175,-1.833087104677,11.17982617736));
#2842 = CARTESIAN_POINT('',(1.5875,-2.749630657016,11.121029881063));
#2843 = CARTESIAN_POINT('',(2.293760667403E-16,-3.666174209354,
    11.062233584767));
#2844 = CARTESIAN_POINT('',(-1.5875,-2.749630657016,11.003437288471));
#2845 = CARTESIAN_POINT('',(-3.175,-1.833087104677,10.944640992174));
#2846 = CARTESIAN_POINT('',(-3.175,0.,10.885844695878));
#2847 = CARTESIAN_POINT('',(-3.175,1.833087104677,10.827048399582));
#2848 = CARTESIAN_POINT('',(-1.5875,2.749630657016,10.768252103285));
#2849 = CARTESIAN_POINT('',(-6.685776353802E-16,3.666174209354,
    10.709455806989));
#2850 = CARTESIAN_POINT('',(1.5875,2.749630657016,10.650659510693));
#2851 = CARTESIAN_POINT('',(3.175,1.833087104677,10.591863214397));
#2852 = CARTESIAN_POINT('',(3.175,3.888253587293E-16,10.5330669181));
#2853 = CARTESIAN_POINT('',(3.175,-1.833087104677,10.474270621804));
#2854 = CARTESIAN_POINT('',(1.5875,-2.749630657016,10.415474325508));
#2855 = CARTESIAN_POINT('',(2.293760667403E-16,-3.666174209354,
    10.356678029211));
#2856 = CARTESIAN_POINT('',(-1.5875,-2.749630657016,10.297881732915));
#2857 = CARTESIAN_POINT('',(-3.175,-1.833087104677,10.239085436619));
#2858 = CARTESIAN_POINT('',(-3.175,0.,10.180289140323));
#2859 = CARTESIAN_POINT('',(-3.175,1.833087104677,10.121492844026));
#2860 = CARTESIAN_POINT('',(-1.5875,2.749630657016,10.06269654773));
#2861 = CARTESIAN_POINT('',(-6.685776353802E-16,3.666174209354,
    10.003900251434));
#2862 = CARTESIAN_POINT('',(1.5875,2.749630657016,9.945103955137));
#2863 = CARTESIAN_POINT('',(3.175,1.833087104677,9.886307658841));
#2864 = CARTESIAN_POINT('',(3.175,3.888253587293E-16,9.827511362545));
#2865 = CARTESIAN_POINT('',(3.175,-1.833087104677,9.768715066248));
#2866 = CARTESIAN_POINT('',(1.5875,-2.749630657016,9.709918769952));
#2867 = CARTESIAN_POINT('',(2.293760667403E-16,-3.666174209354,
    9.651122473656));
#2868 = CARTESIAN_POINT('',(-1.5875,-2.749630657016,9.59232617736));
#2869 = CARTESIAN_POINT('',(-3.175,-1.833087104677,9.533529881063));
#2870 = CARTESIAN_POINT('',(-3.175,0.,9.474733584767));
#2871 = CARTESIAN_POINT('',(-3.175,1.833087104677,9.415937288471));
#2872 = CARTESIAN_POINT('',(-1.5875,2.749630657016,9.357140992174));
#2873 = CARTESIAN_POINT('',(-6.685776353802E-16,3.666174209354,
    9.298344695878));
#2874 = CARTESIAN_POINT('',(1.5875,2.749630657016,9.239548399582));
#2875 = CARTESIAN_POINT('',(3.175,1.833087104677,9.180752103285));
#2876 = CARTESIAN_POINT('',(3.175,3.888253587293E-16,9.121955806989));
#2877 = CARTESIAN_POINT('',(3.175,-1.833087104677,9.063159510693));
#2878 = CARTESIAN_POINT('',(1.5875,-2.749630657016,9.004363214397));
#2879 = CARTESIAN_POINT('',(2.293760667403E-16,-3.666174209354,
    8.9455669181));
#2880 = CARTESIAN_POINT('',(-1.5875,-2.749630657016,8.886770621804));
#2881 = CARTESIAN_POINT('',(-3.175,-1.833087104677,8.827974325508));
#2882 = CARTESIAN_POINT('',(-3.175,0.,8.769178029211));
#2883 = CARTESIAN_POINT('',(-3.175,0.885909431309,8.740762470953));
#2884 = CARTESIAN_POINT('',(-2.716325878856,1.643836585509,
    8.707957980941));
#2885 = ADVANCED_FACE('',(#2886),#2965,.T.);
#2886 = FACE_BOUND('',#2887,.T.);
#2887 = EDGE_LOOP('',(#2888,#2889,#2963,#2964));
#2888 = ORIENTED_EDGE('',*,*,#2250,.T.);
#2889 = ORIENTED_EDGE('',*,*,#2890,.F.);
#2890 = EDGE_CURVE('',#2314,#2228,#2891,.T.);
#2891 = ( BOUNDED_CURVE() B_SPLINE_CURVE(2,(#2892,#2893,#2894,#2895,
    #2896,#2897,#2898,#2899,#2900,#2901,#2902,#2903,#2904,#2905,#2906,
    #2907,#2908,#2909,#2910,#2911,#2912,#2913,#2914,#2915,#2916,#2917,
    #2918,#2919,#2920,#2921,#2922,#2923,#2924,#2925,#2926,#2927,#2928,
    #2929,#2930,#2931,#2932,#2933,#2934,#2935,#2936,#2937,#2938,#2939,
    #2940,#2941,#2942,#2943,#2944,#2945,#2946,#2947,#2948,#2949,#2950,
    #2951,#2952,#2953,#2954,#2955,#2956,#2957,#2958,#2959,#2960,#2961,
#2962),.UNSPECIFIED.,.F.,.F.) B_SPLINE_CURVE_WITH_KNOTS((3,2,2,2,2,2,2,2
    ,2,2,2,2,2,2,2,2,2,2,2,2,2,2,2,2,2,2,2,2,2,2,2,2,2,2,2,3),(
    0.107103704439,0.125,0.145833333333,0.166666666667,0.1875,
    0.208333333333,0.229166666667,0.25,0.270833333333,0.291666666667,
    0.3125,0.333333333333,0.354166666667,0.375,0.395833333333,
    0.416666666667,0.4375,0.458333333333,0.479166666667,0.5,
    0.520833333333,0.541666666667,0.5625,0.583333333333,0.604166666667,
    0.625,0.645833333333,0.666666666667,0.6875,0.708333333333,
    0.729166666667,0.75,0.770833333333,0.791666666667,0.8125,
0.815777201206),.UNSPECIFIED.) CURVE() GEOMETRIC_REPRESENTATION_ITEM() 
RATIONAL_B_SPLINE_CURVE((0.967550530378,0.884912849369,1.,0.866025403784
    ,1.,0.866025403784,1.,0.866025403784,1.,0.866025403784,1.,
    0.866025403784,1.,0.866025403784,1.,0.866025403784,1.,0.866025403784
    ,1.,0.866025403784,1.,0.866025403784,1.,0.866025403784,1.,
    0.866025403784,1.,0.866025403784,1.,0.866025403784,1.,0.866025403784
    ,1.,0.866025403784,1.,0.866025403784,1.,0.866025403784,1.,
    0.866025403784,1.,0.866025403784,1.,0.866025403784,1.,0.866025403784
    ,1.,0.866025403784,1.,0.866025403784,1.,0.866025403784,1.,
    0.866025403784,1.,0.866025403784,1.,0.866025403784,1.,0.866025403784
    ,1.,0.866025403784,1.,0.866025403784,1.,0.866025403784,1.,
    0.866025403784,1.,0.978925038001,0.964480497527)) 
REPRESENTATION_ITEM('') );
#2892 = CARTESIAN_POINT('',(-1.728001270714,-2.194415072652,
    12.7080669181));
#2893 = CARTESIAN_POINT('',(-2.793106854861,-1.35569325298,
    12.655065665896));
#2894 = CARTESIAN_POINT('',(-2.793106854861,0.,12.605636363508));
#2895 = CARTESIAN_POINT('',(-2.793106854861,1.612600994529,
    12.546840067212));
#2896 = CARTESIAN_POINT('',(-1.396553427431,2.418901491794,
    12.488043770916));
#2897 = CARTESIAN_POINT('',(-6.415758744753E-16,3.225201989059,
    12.429247474619));
#2898 = CARTESIAN_POINT('',(1.396553427431,2.418901491794,
    12.370451178323));
#2899 = CARTESIAN_POINT('',(2.793106854861,1.612600994529,
    12.311654882027));
#2900 = CARTESIAN_POINT('',(2.793106854861,3.420569369482E-16,
    12.25285858573));
#2901 = CARTESIAN_POINT('',(2.793106854861,-1.612600994529,
    12.194062289434));
#2902 = CARTESIAN_POINT('',(1.396553427431,-2.418901491794,
    12.135265993138));
#2903 = CARTESIAN_POINT('',(1.483707840256E-16,-3.225201989059,
    12.076469696842));
#2904 = CARTESIAN_POINT('',(-1.396553427431,-2.418901491794,
    12.017673400545));
#2905 = CARTESIAN_POINT('',(-2.793106854861,-1.612600994529,
    11.958877104249));
#2906 = CARTESIAN_POINT('',(-2.793106854861,0.,11.900080807953));
#2907 = CARTESIAN_POINT('',(-2.793106854861,1.612600994529,
    11.841284511656));
#2908 = CARTESIAN_POINT('',(-1.396553427431,2.418901491794,
    11.78248821536));
#2909 = CARTESIAN_POINT('',(-6.415758744753E-16,3.225201989059,
    11.723691919064));
#2910 = CARTESIAN_POINT('',(1.396553427431,2.418901491794,
    11.664895622768));
#2911 = CARTESIAN_POINT('',(2.793106854861,1.612600994529,
    11.606099326471));
#2912 = CARTESIAN_POINT('',(2.793106854861,3.420569369482E-16,
    11.547303030175));
#2913 = CARTESIAN_POINT('',(2.793106854861,-1.612600994529,
    11.488506733879));
#2914 = CARTESIAN_POINT('',(1.396553427431,-2.418901491794,
    11.429710437582));
#2915 = CARTESIAN_POINT('',(1.483707840256E-16,-3.225201989059,
    11.370914141286));
#2916 = CARTESIAN_POINT('',(-1.396553427431,-2.418901491794,
    11.31211784499));
#2917 = CARTESIAN_POINT('',(-2.793106854861,-1.612600994529,
    11.253321548693));
#2918 = CARTESIAN_POINT('',(-2.793106854861,0.,11.194525252397));
#2919 = CARTESIAN_POINT('',(-2.793106854861,1.612600994529,
    11.135728956101));
#2920 = CARTESIAN_POINT('',(-1.396553427431,2.418901491794,
    11.076932659805));
#2921 = CARTESIAN_POINT('',(-6.415758744753E-16,3.225201989059,
    11.018136363508));
#2922 = CARTESIAN_POINT('',(1.396553427431,2.418901491794,
    10.959340067212));
#2923 = CARTESIAN_POINT('',(2.793106854861,1.612600994529,
    10.900543770916));
#2924 = CARTESIAN_POINT('',(2.793106854861,3.420569369482E-16,
    10.841747474619));
#2925 = CARTESIAN_POINT('',(2.793106854861,-1.612600994529,
    10.782951178323));
#2926 = CARTESIAN_POINT('',(1.396553427431,-2.418901491794,
    10.724154882027));
#2927 = CARTESIAN_POINT('',(1.483707840256E-16,-3.225201989059,
    10.66535858573));
#2928 = CARTESIAN_POINT('',(-1.396553427431,-2.418901491794,
    10.606562289434));
#2929 = CARTESIAN_POINT('',(-2.793106854861,-1.612600994529,
    10.547765993138));
#2930 = CARTESIAN_POINT('',(-2.793106854861,0.,10.488969696842));
#2931 = CARTESIAN_POINT('',(-2.793106854861,1.612600994529,
    10.430173400545));
#2932 = CARTESIAN_POINT('',(-1.396553427431,2.418901491794,
    10.371377104249));
#2933 = CARTESIAN_POINT('',(-6.415758744753E-16,3.225201989059,
    10.312580807953));
#2934 = CARTESIAN_POINT('',(1.396553427431,2.418901491794,
    10.253784511656));
#2935 = CARTESIAN_POINT('',(2.793106854861,1.612600994529,10.19498821536
    ));
#2936 = CARTESIAN_POINT('',(2.793106854861,3.420569369482E-16,
    10.136191919064));
#2937 = CARTESIAN_POINT('',(2.793106854861,-1.612600994529,
    10.077395622768));
#2938 = CARTESIAN_POINT('',(1.396553427431,-2.418901491794,
    10.018599326471));
#2939 = CARTESIAN_POINT('',(1.483707840256E-16,-3.225201989059,
    9.959803030175));
#2940 = CARTESIAN_POINT('',(-1.396553427431,-2.418901491794,
    9.901006733879));
#2941 = CARTESIAN_POINT('',(-2.793106854861,-1.612600994529,
    9.842210437582));
#2942 = CARTESIAN_POINT('',(-2.793106854861,0.,9.783414141286));
#2943 = CARTESIAN_POINT('',(-2.793106854861,1.612600994529,9.72461784499
    ));
#2944 = CARTESIAN_POINT('',(-1.396553427431,2.418901491794,
    9.665821548693));
#2945 = CARTESIAN_POINT('',(-6.415758744753E-16,3.225201989059,
    9.607025252397));
#2946 = CARTESIAN_POINT('',(1.396553427431,2.418901491794,9.548228956101
    ));
#2947 = CARTESIAN_POINT('',(2.793106854861,1.612600994529,9.489432659805
    ));
#2948 = CARTESIAN_POINT('',(2.793106854861,3.420569369482E-16,
    9.430636363508));
#2949 = CARTESIAN_POINT('',(2.793106854861,-1.612600994529,
    9.371840067212));
#2950 = CARTESIAN_POINT('',(1.396553427431,-2.418901491794,
    9.313043770916));
#2951 = CARTESIAN_POINT('',(1.483707840256E-16,-3.225201989059,
    9.254247474619));
#2952 = CARTESIAN_POINT('',(-1.396553427431,-2.418901491794,
    9.195451178323));
#2953 = CARTESIAN_POINT('',(-2.793106854861,-1.612600994529,
    9.136654882027));
#2954 = CARTESIAN_POINT('',(-2.793106854861,0.,9.07785858573));
#2955 = CARTESIAN_POINT('',(-2.793106854861,1.612600994529,
    9.019062289434));
#2956 = CARTESIAN_POINT('',(-1.396553427431,2.418901491794,
    8.960265993138));
#2957 = CARTESIAN_POINT('',(-6.415758744753E-16,3.225201989059,
    8.901469696842));
#2958 = CARTESIAN_POINT('',(1.396553427431,2.418901491794,8.842673400545
    ));
#2959 = CARTESIAN_POINT('',(2.793106854861,1.612600994529,8.783877104249
    ));
#2960 = CARTESIAN_POINT('',(2.793106854861,3.420569369482E-16,
    8.725080807953));
#2961 = CARTESIAN_POINT('',(2.793106854861,-0.224415299599,
    8.716898505887));
#2962 = CARTESIAN_POINT('',(2.757276361225,-0.445951758043,8.7080669181)
  );
#2963 = ORIENTED_EDGE('',*,*,#2313,.F.);
#2964 = ORIENTED_EDGE('',*,*,#2623,.T.);
#2965 = ( BOUNDED_SURFACE() B_SPLINE_SURFACE(1,2,(
    (#2966,#2967,#2968,#2969,#2970,#2971,#2972,#2973,#2974,#2975,#2976
      ,#2977,#2978,#2979,#2980,#2981,#2982,#2983,#2984,#2985,#2986,#2987
      ,#2988,#2989,#2990,#2991,#2992,#2993,#2994,#2995,#2996,#2997,#2998
      ,#2999,#3000,#3001,#3002,#3003,#3004,#3005,#3006,#3007,#3008,#3009
      ,#3010,#3011,#3012,#3013,#3014,#3015,#3016,#3017,#3018,#3019,#3020
      ,#3021,#3022,#3023,#3024,#3025,#3026,#3027,#3028,#3029,#3030,#3031
      ,#3032,#3033,#3034,#3035,#3036,#3037,#3038,#3039,#3040,#3041,#3042
      ,#3043,#3044,#3045,#3046,#3047,#3048,#3049,#3050,#3051,#3052)
    ,(#3053,#3054,#3055,#3056,#3057,#3058,#3059,#3060,#3061,#3062,#3063
      ,#3064,#3065,#3066,#3067,#3068,#3069,#3070,#3071,#3072,#3073,#3074
      ,#3075,#3076,#3077,#3078,#3079,#3080,#3081,#3082,#3083,#3084,#3085
      ,#3086,#3087,#3088,#3089,#3090,#3091,#3092,#3093,#3094,#3095,#3096
      ,#3097,#3098,#3099,#3100,#3101,#3102,#3103,#3104,#3105,#3106,#3107
      ,#3108,#3109,#3110,#3111,#3112,#3113,#3114,#3115,#3116,#3117,#3118
      ,#3119,#3120,#3121,#3122,#3123,#3124,#3125,#3126,#3127,#3128,#3129
      ,#3130,#3131,#3132,#3133,#3134,#3135,#3136,#3137,#3138,#3139
)),.UNSPECIFIED.,.F.,.F.,.F.) B_SPLINE_SURFACE_WITH_KNOTS((2,2),(3,2,2,2
    ,2,2,2,2,2,2,2,2,2,2,2,2,2,2,2,2,2,2,2,2,2,2,2,2,2,2,2,2,2,2,2,2,2,2
    ,2,2,2,2,2,3),(0.,1.),(0.,2.083333333333E-02,4.166666666667E-02,
    6.25E-02,8.333333333333E-02,0.104166666667,0.125,0.145833333333,
    0.166666666667,0.1875,0.208333333333,0.229166666667,0.25,
    0.270833333333,0.291666666667,0.3125,0.333333333333,0.354166666667,
    0.375,0.395833333333,0.416666666667,0.4375,0.458333333333,
    0.479166666667,0.5,0.520833333333,0.541666666667,0.5625,
    0.583333333333,0.604166666667,0.625,0.645833333333,0.666666666667,
    0.6875,0.708333333333,0.729166666667,0.75,0.770833333333,
    0.791666666667,0.8125,0.833333333333,0.854166666667,0.875,
0.885817373367),.UNSPECIFIED.) GEOMETRIC_REPRESENTATION_ITEM() 
RATIONAL_B_SPLINE_SURFACE((
    (1.,0.866025403784,1.,0.866025403784,1.,0.866025403784,1.
      ,0.866025403784,1.,0.866025403784,1.,0.866025403784,1.
      ,0.866025403784,1.,0.866025403784,1.,0.866025403784,1.
      ,0.866025403784,1.,0.866025403784,1.,0.866025403784,1.
      ,0.866025403784,1.,0.866025403784,1.,0.866025403784,1.
      ,0.866025403784,1.,0.866025403784,1.,0.866025403784,1.
      ,0.866025403784,1.,0.866025403784,1.,0.866025403784,1.
      ,0.866025403784,1.,0.866025403784,1.,0.866025403784,1.
      ,0.866025403784,1.,0.866025403784,1.,0.866025403784,1.
      ,0.866025403784,1.,0.866025403784,1.,0.866025403784,1.
      ,0.866025403784,1.,0.866025403784,1.,0.866025403784,1.
      ,0.866025403784,1.,0.866025403784,1.,0.866025403784,1.
      ,0.866025403784,1.,0.866025403784,1.,0.866025403784,1.
      ,0.866025403784,1.,0.866025403784,1.,0.866025403784,1.
      ,0.930435845012,0.933111828019)
    ,(1.,0.866025403784,1.,0.866025403784,1.,0.866025403784,1.
      ,0.866025403784,1.,0.866025403784,1.,0.866025403784,1.
      ,0.866025403784,1.,0.866025403784,1.,0.866025403784,1.
      ,0.866025403784,1.,0.866025403784,1.,0.866025403784,1.
      ,0.866025403784,1.,0.866025403784,1.,0.866025403784,1.
      ,0.866025403784,1.,0.866025403784,1.,0.866025403784,1.
      ,0.866025403784,1.,0.866025403784,1.,0.866025403784,1.
      ,0.866025403784,1.,0.866025403784,1.,0.866025403784,1.
      ,0.866025403784,1.,0.866025403784,1.,0.866025403784,1.
      ,0.866025403784,1.,0.866025403784,1.,0.866025403784,1.
      ,0.866025403784,1.,0.866025403784,1.,0.866025403784,1.
      ,0.866025403784,1.,0.866025403784,1.,0.866025403784,1.
      ,0.866025403784,1.,0.866025403784,1.,0.866025403784,1.
      ,0.866025403784,1.,0.866025403784,1.,0.866025403784,1.
,0.930435845012,0.933111828019))) REPRESENTATION_ITEM('') SURFACE() );
#2966 = CARTESIAN_POINT('',(-2.793106854861,0.,13.311191919064));
#2967 = CARTESIAN_POINT('',(-2.793106854861,1.612600994529,
    13.252395622768));
#2968 = CARTESIAN_POINT('',(-1.396553427431,2.418901491794,
    13.193599326471));
#2969 = CARTESIAN_POINT('',(-6.415758744753E-16,3.225201989059,
    13.134803030175));
#2970 = CARTESIAN_POINT('',(1.396553427431,2.418901491794,
    13.076006733879));
#2971 = CARTESIAN_POINT('',(2.793106854861,1.612600994529,
    13.017210437582));
#2972 = CARTESIAN_POINT('',(2.793106854861,3.420569369482E-16,
    12.958414141286));
#2973 = CARTESIAN_POINT('',(2.793106854861,-1.612600994529,
    12.89961784499));
#2974 = CARTESIAN_POINT('',(1.396553427431,-2.418901491794,
    12.840821548693));
#2975 = CARTESIAN_POINT('',(1.483707840256E-16,-3.225201989059,
    12.782025252397));
#2976 = CARTESIAN_POINT('',(-1.396553427431,-2.418901491794,
    12.723228956101));
#2977 = CARTESIAN_POINT('',(-2.793106854861,-1.612600994529,
    12.664432659805));
#2978 = CARTESIAN_POINT('',(-2.793106854861,0.,12.605636363508));
#2979 = CARTESIAN_POINT('',(-2.793106854861,1.612600994529,
    12.546840067212));
#2980 = CARTESIAN_POINT('',(-1.396553427431,2.418901491794,
    12.488043770916));
#2981 = CARTESIAN_POINT('',(-6.415758744753E-16,3.225201989059,
    12.429247474619));
#2982 = CARTESIAN_POINT('',(1.396553427431,2.418901491794,
    12.370451178323));
#2983 = CARTESIAN_POINT('',(2.793106854861,1.612600994529,
    12.311654882027));
#2984 = CARTESIAN_POINT('',(2.793106854861,3.420569369482E-16,
    12.25285858573));
#2985 = CARTESIAN_POINT('',(2.793106854861,-1.612600994529,
    12.194062289434));
#2986 = CARTESIAN_POINT('',(1.396553427431,-2.418901491794,
    12.135265993138));
#2987 = CARTESIAN_POINT('',(1.483707840256E-16,-3.225201989059,
    12.076469696842));
#2988 = CARTESIAN_POINT('',(-1.396553427431,-2.418901491794,
    12.017673400545));
#2989 = CARTESIAN_POINT('',(-2.793106854861,-1.612600994529,
    11.958877104249));
#2990 = CARTESIAN_POINT('',(-2.793106854861,0.,11.900080807953));
#2991 = CARTESIAN_POINT('',(-2.793106854861,1.612600994529,
    11.841284511656));
#2992 = CARTESIAN_POINT('',(-1.396553427431,2.418901491794,
    11.78248821536));
#2993 = CARTESIAN_POINT('',(-6.415758744753E-16,3.225201989059,
    11.723691919064));
#2994 = CARTESIAN_POINT('',(1.396553427431,2.418901491794,
    11.664895622768));
#2995 = CARTESIAN_POINT('',(2.793106854861,1.612600994529,
    11.606099326471));
#2996 = CARTESIAN_POINT('',(2.793106854861,3.420569369482E-16,
    11.547303030175));
#2997 = CARTESIAN_POINT('',(2.793106854861,-1.612600994529,
    11.488506733879));
#2998 = CARTESIAN_POINT('',(1.396553427431,-2.418901491794,
    11.429710437582));
#2999 = CARTESIAN_POINT('',(1.483707840256E-16,-3.225201989059,
    11.370914141286));
#3000 = CARTESIAN_POINT('',(-1.396553427431,-2.418901491794,
    11.31211784499));
#3001 = CARTESIAN_POINT('',(-2.793106854861,-1.612600994529,
    11.253321548693));
#3002 = CARTESIAN_POINT('',(-2.793106854861,0.,11.194525252397));
#3003 = CARTESIAN_POINT('',(-2.793106854861,1.612600994529,
    11.135728956101));
#3004 = CARTESIAN_POINT('',(-1.396553427431,2.418901491794,
    11.076932659805));
#3005 = CARTESIAN_POINT('',(-6.415758744753E-16,3.225201989059,
    11.018136363508));
#3006 = CARTESIAN_POINT('',(1.396553427431,2.418901491794,
    10.959340067212));
#3007 = CARTESIAN_POINT('',(2.793106854861,1.612600994529,
    10.900543770916));
#3008 = CARTESIAN_POINT('',(2.793106854861,3.420569369482E-16,
    10.841747474619));
#3009 = CARTESIAN_POINT('',(2.793106854861,-1.612600994529,
    10.782951178323));
#3010 = CARTESIAN_POINT('',(1.396553427431,-2.418901491794,
    10.724154882027));
#3011 = CARTESIAN_POINT('',(1.483707840256E-16,-3.225201989059,
    10.66535858573));
#3012 = CARTESIAN_POINT('',(-1.396553427431,-2.418901491794,
    10.606562289434));
#3013 = CARTESIAN_POINT('',(-2.793106854861,-1.612600994529,
    10.547765993138));
#3014 = CARTESIAN_POINT('',(-2.793106854861,0.,10.488969696842));
#3015 = CARTESIAN_POINT('',(-2.793106854861,1.612600994529,
    10.430173400545));
#3016 = CARTESIAN_POINT('',(-1.396553427431,2.418901491794,
    10.371377104249));
#3017 = CARTESIAN_POINT('',(-6.415758744753E-16,3.225201989059,
    10.312580807953));
#3018 = CARTESIAN_POINT('',(1.396553427431,2.418901491794,
    10.253784511656));
#3019 = CARTESIAN_POINT('',(2.793106854861,1.612600994529,10.19498821536
    ));
#3020 = CARTESIAN_POINT('',(2.793106854861,3.420569369482E-16,
    10.136191919064));
#3021 = CARTESIAN_POINT('',(2.793106854861,-1.612600994529,
    10.077395622768));
#3022 = CARTESIAN_POINT('',(1.396553427431,-2.418901491794,
    10.018599326471));
#3023 = CARTESIAN_POINT('',(1.483707840256E-16,-3.225201989059,
    9.959803030175));
#3024 = CARTESIAN_POINT('',(-1.396553427431,-2.418901491794,
    9.901006733879));
#3025 = CARTESIAN_POINT('',(-2.793106854861,-1.612600994529,
    9.842210437582));
#3026 = CARTESIAN_POINT('',(-2.793106854861,0.,9.783414141286));
#3027 = CARTESIAN_POINT('',(-2.793106854861,1.612600994529,9.72461784499
    ));
#3028 = CARTESIAN_POINT('',(-1.396553427431,2.418901491794,
    9.665821548693));
#3029 = CARTESIAN_POINT('',(-6.415758744753E-16,3.225201989059,
    9.607025252397));
#3030 = CARTESIAN_POINT('',(1.396553427431,2.418901491794,9.548228956101
    ));
#3031 = CARTESIAN_POINT('',(2.793106854861,1.612600994529,9.489432659805
    ));
#3032 = CARTESIAN_POINT('',(2.793106854861,3.420569369482E-16,
    9.430636363508));
#3033 = CARTESIAN_POINT('',(2.793106854861,-1.612600994529,
    9.371840067212));
#3034 = CARTESIAN_POINT('',(1.396553427431,-2.418901491794,
    9.313043770916));
#3035 = CARTESIAN_POINT('',(1.483707840256E-16,-3.225201989059,
    9.254247474619));
#3036 = CARTESIAN_POINT('',(-1.396553427431,-2.418901491794,
    9.195451178323));
#3037 = CARTESIAN_POINT('',(-2.793106854861,-1.612600994529,
    9.136654882027));
#3038 = CARTESIAN_POINT('',(-2.793106854861,0.,9.07785858573));
#3039 = CARTESIAN_POINT('',(-2.793106854861,1.612600994529,
    9.019062289434));
#3040 = CARTESIAN_POINT('',(-1.396553427431,2.418901491794,
    8.960265993138));
#3041 = CARTESIAN_POINT('',(-6.415758744753E-16,3.225201989059,
    8.901469696842));
#3042 = CARTESIAN_POINT('',(1.396553427431,2.418901491794,8.842673400545
    ));
#3043 = CARTESIAN_POINT('',(2.793106854861,1.612600994529,8.783877104249
    ));
#3044 = CARTESIAN_POINT('',(2.793106854861,3.420569369482E-16,
    8.725080807953));
#3045 = CARTESIAN_POINT('',(2.793106854861,-1.612600994529,
    8.666284511656));
#3046 = CARTESIAN_POINT('',(1.396553427431,-2.418901491794,8.60748821536
    ));
#3047 = CARTESIAN_POINT('',(1.483707840256E-16,-3.225201989059,
    8.548691919064));
#3048 = CARTESIAN_POINT('',(-1.396553427431,-2.418901491794,
    8.489895622768));
#3049 = CARTESIAN_POINT('',(-2.793106854861,-1.612600994529,
    8.431099326471));
#3050 = CARTESIAN_POINT('',(-2.793106854861,0.,8.372303030175));
#3051 = CARTESIAN_POINT('',(-2.793106854861,0.779352941672,
    8.343887404342));
#3052 = CARTESIAN_POINT('',(-2.389600875318,1.446116717057,
    8.311082837151));
#3053 = CARTESIAN_POINT('',(-2.793106854861,0.,13.487580807953));
#3054 = CARTESIAN_POINT('',(-2.793106854861,1.612600994529,
    13.428784511656));
#3055 = CARTESIAN_POINT('',(-1.396553427431,2.418901491794,
    13.36998821536));
#3056 = CARTESIAN_POINT('',(-6.415758744753E-16,3.225201989059,
    13.311191919064));
#3057 = CARTESIAN_POINT('',(1.396553427431,2.418901491794,
    13.252395622768));
#3058 = CARTESIAN_POINT('',(2.793106854861,1.612600994529,
    13.193599326471));
#3059 = CARTESIAN_POINT('',(2.793106854861,3.420569369482E-16,
    13.134803030175));
#3060 = CARTESIAN_POINT('',(2.793106854861,-1.612600994529,
    13.076006733879));
#3061 = CARTESIAN_POINT('',(1.396553427431,-2.418901491794,
    13.017210437582));
#3062 = CARTESIAN_POINT('',(1.483707840256E-16,-3.225201989059,
    12.958414141286));
#3063 = CARTESIAN_POINT('',(-1.396553427431,-2.418901491794,
    12.89961784499));
#3064 = CARTESIAN_POINT('',(-2.793106854861,-1.612600994529,
    12.840821548693));
#3065 = CARTESIAN_POINT('',(-2.793106854861,0.,12.782025252397));
#3066 = CARTESIAN_POINT('',(-2.793106854861,1.612600994529,
    12.723228956101));
#3067 = CARTESIAN_POINT('',(-1.396553427431,2.418901491794,
    12.664432659805));
#3068 = CARTESIAN_POINT('',(-6.415758744753E-16,3.225201989059,
    12.605636363508));
#3069 = CARTESIAN_POINT('',(1.396553427431,2.418901491794,
    12.546840067212));
#3070 = CARTESIAN_POINT('',(2.793106854861,1.612600994529,
    12.488043770916));
#3071 = CARTESIAN_POINT('',(2.793106854861,3.420569369482E-16,
    12.429247474619));
#3072 = CARTESIAN_POINT('',(2.793106854861,-1.612600994529,
    12.370451178323));
#3073 = CARTESIAN_POINT('',(1.396553427431,-2.418901491794,
    12.311654882027));
#3074 = CARTESIAN_POINT('',(1.483707840256E-16,-3.225201989059,
    12.25285858573));
#3075 = CARTESIAN_POINT('',(-1.396553427431,-2.418901491794,
    12.194062289434));
#3076 = CARTESIAN_POINT('',(-2.793106854861,-1.612600994529,
    12.135265993138));
#3077 = CARTESIAN_POINT('',(-2.793106854861,0.,12.076469696842));
#3078 = CARTESIAN_POINT('',(-2.793106854861,1.612600994529,
    12.017673400545));
#3079 = CARTESIAN_POINT('',(-1.396553427431,2.418901491794,
    11.958877104249));
#3080 = CARTESIAN_POINT('',(-6.415758744753E-16,3.225201989059,
    11.900080807953));
#3081 = CARTESIAN_POINT('',(1.396553427431,2.418901491794,
    11.841284511656));
#3082 = CARTESIAN_POINT('',(2.793106854861,1.612600994529,11.78248821536
    ));
#3083 = CARTESIAN_POINT('',(2.793106854861,3.420569369482E-16,
    11.723691919064));
#3084 = CARTESIAN_POINT('',(2.793106854861,-1.612600994529,
    11.664895622768));
#3085 = CARTESIAN_POINT('',(1.396553427431,-2.418901491794,
    11.606099326471));
#3086 = CARTESIAN_POINT('',(1.483707840256E-16,-3.225201989059,
    11.547303030175));
#3087 = CARTESIAN_POINT('',(-1.396553427431,-2.418901491794,
    11.488506733879));
#3088 = CARTESIAN_POINT('',(-2.793106854861,-1.612600994529,
    11.429710437582));
#3089 = CARTESIAN_POINT('',(-2.793106854861,0.,11.370914141286));
#3090 = CARTESIAN_POINT('',(-2.793106854861,1.612600994529,
    11.31211784499));
#3091 = CARTESIAN_POINT('',(-1.396553427431,2.418901491794,
    11.253321548693));
#3092 = CARTESIAN_POINT('',(-6.415758744753E-16,3.225201989059,
    11.194525252397));
#3093 = CARTESIAN_POINT('',(1.396553427431,2.418901491794,
    11.135728956101));
#3094 = CARTESIAN_POINT('',(2.793106854861,1.612600994529,
    11.076932659805));
#3095 = CARTESIAN_POINT('',(2.793106854861,3.420569369482E-16,
    11.018136363508));
#3096 = CARTESIAN_POINT('',(2.793106854861,-1.612600994529,
    10.959340067212));
#3097 = CARTESIAN_POINT('',(1.396553427431,-2.418901491794,
    10.900543770916));
#3098 = CARTESIAN_POINT('',(1.483707840256E-16,-3.225201989059,
    10.841747474619));
#3099 = CARTESIAN_POINT('',(-1.396553427431,-2.418901491794,
    10.782951178323));
#3100 = CARTESIAN_POINT('',(-2.793106854861,-1.612600994529,
    10.724154882027));
#3101 = CARTESIAN_POINT('',(-2.793106854861,0.,10.66535858573));
#3102 = CARTESIAN_POINT('',(-2.793106854861,1.612600994529,
    10.606562289434));
#3103 = CARTESIAN_POINT('',(-1.396553427431,2.418901491794,
    10.547765993138));
#3104 = CARTESIAN_POINT('',(-6.415758744753E-16,3.225201989059,
    10.488969696842));
#3105 = CARTESIAN_POINT('',(1.396553427431,2.418901491794,
    10.430173400545));
#3106 = CARTESIAN_POINT('',(2.793106854861,1.612600994529,
    10.371377104249));
#3107 = CARTESIAN_POINT('',(2.793106854861,3.420569369482E-16,
    10.312580807953));
#3108 = CARTESIAN_POINT('',(2.793106854861,-1.612600994529,
    10.253784511656));
#3109 = CARTESIAN_POINT('',(1.396553427431,-2.418901491794,
    10.19498821536));
#3110 = CARTESIAN_POINT('',(1.483707840256E-16,-3.225201989059,
    10.136191919064));
#3111 = CARTESIAN_POINT('',(-1.396553427431,-2.418901491794,
    10.077395622768));
#3112 = CARTESIAN_POINT('',(-2.793106854861,-1.612600994529,
    10.018599326471));
#3113 = CARTESIAN_POINT('',(-2.793106854861,0.,9.959803030175));
#3114 = CARTESIAN_POINT('',(-2.793106854861,1.612600994529,
    9.901006733879));
#3115 = CARTESIAN_POINT('',(-1.396553427431,2.418901491794,
    9.842210437582));
#3116 = CARTESIAN_POINT('',(-6.415758744753E-16,3.225201989059,
    9.783414141286));
#3117 = CARTESIAN_POINT('',(1.396553427431,2.418901491794,9.72461784499)
  );
#3118 = CARTESIAN_POINT('',(2.793106854861,1.612600994529,9.665821548693
    ));
#3119 = CARTESIAN_POINT('',(2.793106854861,3.420569369482E-16,
    9.607025252397));
#3120 = CARTESIAN_POINT('',(2.793106854861,-1.612600994529,
    9.548228956101));
#3121 = CARTESIAN_POINT('',(1.396553427431,-2.418901491794,
    9.489432659805));
#3122 = CARTESIAN_POINT('',(1.483707840256E-16,-3.225201989059,
    9.430636363508));
#3123 = CARTESIAN_POINT('',(-1.396553427431,-2.418901491794,
    9.371840067212));
#3124 = CARTESIAN_POINT('',(-2.793106854861,-1.612600994529,
    9.313043770916));
#3125 = CARTESIAN_POINT('',(-2.793106854861,0.,9.254247474619));
#3126 = CARTESIAN_POINT('',(-2.793106854861,1.612600994529,
    9.195451178323));
#3127 = CARTESIAN_POINT('',(-1.396553427431,2.418901491794,
    9.136654882027));
#3128 = CARTESIAN_POINT('',(-6.415758744753E-16,3.225201989059,
    9.07785858573));
#3129 = CARTESIAN_POINT('',(1.396553427431,2.418901491794,9.019062289434
    ));
#3130 = CARTESIAN_POINT('',(2.793106854861,1.612600994529,8.960265993138
    ));
#3131 = CARTESIAN_POINT('',(2.793106854861,3.420569369482E-16,
    8.901469696842));
#3132 = CARTESIAN_POINT('',(2.793106854861,-1.612600994529,
    8.842673400545));
#3133 = CARTESIAN_POINT('',(1.396553427431,-2.418901491794,
    8.783877104249));
#3134 = CARTESIAN_POINT('',(1.483707840256E-16,-3.225201989059,
    8.725080807953));
#3135 = CARTESIAN_POINT('',(-1.396553427431,-2.418901491794,
    8.666284511656));
#3136 = CARTESIAN_POINT('',(-2.793106854861,-1.612600994529,
    8.60748821536));
#3137 = CARTESIAN_POINT('',(-2.793106854861,0.,8.548691919064));
#3138 = CARTESIAN_POINT('',(-2.793106854861,0.779352941672,
    8.520276293231));
#3139 = CARTESIAN_POINT('',(-2.389600875318,1.446116717057,8.48747172604
    ));
#3140 = ADVANCED_FACE('',(#3141),#3158,.T.);
#3141 = FACE_BOUND('',#3142,.T.);
#3142 = EDGE_LOOP('',(#3143,#3144,#3145,#3146,#3147,#3148,#3149,#3150,
    #3151,#3152,#3153,#3154,#3155,#3156,#3157));
#3143 = ORIENTED_EDGE('',*,*,#2227,.T.);
#3144 = ORIENTED_EDGE('',*,*,#2156,.F.);
#3145 = ORIENTED_EDGE('',*,*,#1441,.F.);
#3146 = ORIENTED_EDGE('',*,*,#1200,.F.);
#3147 = ORIENTED_EDGE('',*,*,#1405,.F.);
#3148 = ORIENTED_EDGE('',*,*,#1148,.F.);
#3149 = ORIENTED_EDGE('',*,*,#1369,.F.);
#3150 = ORIENTED_EDGE('',*,*,#1096,.F.);
#3151 = ORIENTED_EDGE('',*,*,#1333,.F.);
#3152 = ORIENTED_EDGE('',*,*,#1044,.F.);
#3153 = ORIENTED_EDGE('',*,*,#1297,.F.);
#3154 = ORIENTED_EDGE('',*,*,#992,.F.);
#3155 = ORIENTED_EDGE('',*,*,#1261,.F.);
#3156 = ORIENTED_EDGE('',*,*,#2332,.F.);
#3157 = ORIENTED_EDGE('',*,*,#2890,.T.);
#3158 = ( BOUNDED_SURFACE() B_SPLINE_SURFACE(1,2,(
    (#3159,#3160,#3161,#3162,#3163,#3164,#3165,#3166,#3167,#3168,#3169
      ,#3170,#3171,#3172,#3173,#3174,#3175,#3176,#3177,#3178,#3179,#3180
      ,#3181,#3182,#3183,#3184,#3185,#3186,#3187,#3188,#3189,#3190,#3191
      ,#3192,#3193,#3194,#3195,#3196,#3197,#3198,#3199,#3200,#3201,#3202
      ,#3203,#3204,#3205,#3206,#3207,#3208,#3209,#3210,#3211,#3212,#3213
      ,#3214,#3215,#3216,#3217,#3218,#3219,#3220,#3221,#3222,#3223,#3224
      ,#3225,#3226,#3227,#3228,#3229,#3230,#3231,#3232,#3233,#3234,#3235
      ,#3236,#3237,#3238,#3239,#3240,#3241,#3242,#3243,#3244,#3245)
    ,(#3246,#3247,#3248,#3249,#3250,#3251,#3252,#3253,#3254,#3255,#3256
      ,#3257,#3258,#3259,#3260,#3261,#3262,#3263,#3264,#3265,#3266,#3267
      ,#3268,#3269,#3270,#3271,#3272,#3273,#3274,#3275,#3276,#3277,#3278
      ,#3279,#3280,#3281,#3282,#3283,#3284,#3285,#3286,#3287,#3288,#3289
      ,#3290,#3291,#3292,#3293,#3294,#3295,#3296,#3297,#3298,#3299,#3300
      ,#3301,#3302,#3303,#3304,#3305,#3306,#3307,#3308,#3309,#3310,#3311
      ,#3312,#3313,#3314,#3315,#3316,#3317,#3318,#3319,#3320,#3321,#3322
      ,#3323,#3324,#3325,#3326,#3327,#3328,#3329,#3330,#3331,#3332
)),.UNSPECIFIED.,.F.,.F.,.F.) B_SPLINE_SURFACE_WITH_KNOTS((2,2),(3,2,2,2
    ,2,2,2,2,2,2,2,2,2,2,2,2,2,2,2,2,2,2,2,2,2,2,2,2,2,2,2,2,2,2,2,2,2,2
    ,2,2,2,2,2,3),(0.,1.),(0.,2.083333333333E-02,4.166666666667E-02,
    6.25E-02,8.333333333333E-02,0.104166666667,0.125,0.145833333333,
    0.166666666667,0.1875,0.208333333333,0.229166666667,0.25,
    0.270833333333,0.291666666667,0.3125,0.333333333333,0.354166666667,
    0.375,0.395833333333,0.416666666667,0.4375,0.458333333333,
    0.479166666667,0.5,0.520833333333,0.541666666667,0.5625,
    0.583333333333,0.604166666667,0.625,0.645833333333,0.666666666667,
    0.6875,0.708333333333,0.729166666667,0.75,0.770833333333,
    0.791666666667,0.8125,0.833333333333,0.854166666667,0.875,
0.885817354837),.UNSPECIFIED.) GEOMETRIC_REPRESENTATION_ITEM() 
RATIONAL_B_SPLINE_SURFACE((
    (1.,0.866025403784,1.,0.866025403784,1.,0.866025403784,1.
      ,0.866025403784,1.,0.866025403784,1.,0.866025403784,1.
      ,0.866025403784,1.,0.866025403784,1.,0.866025403784,1.
      ,0.866025403784,1.,0.866025403784,1.,0.866025403784,1.
      ,0.866025403784,1.,0.866025403784,1.,0.866025403784,1.
      ,0.866025403784,1.,0.866025403784,1.,0.866025403784,1.
      ,0.866025403784,1.,0.866025403784,1.,0.866025403784,1.
      ,0.866025403784,1.,0.866025403784,1.,0.866025403784,1.
      ,0.866025403784,1.,0.866025403784,1.,0.866025403784,1.
      ,0.866025403784,1.,0.866025403784,1.,0.866025403784,1.
      ,0.866025403784,1.,0.866025403784,1.,0.866025403784,1.
      ,0.866025403784,1.,0.866025403784,1.,0.866025403784,1.
      ,0.866025403784,1.,0.866025403784,1.,0.866025403784,1.
      ,0.866025403784,1.,0.866025403784,1.,0.866025403784,1.
      ,0.930435964172,0.933111818851)
    ,(1.,0.866025403784,1.,0.866025403784,1.,0.866025403784,1.
      ,0.866025403784,1.,0.866025403784,1.,0.866025403784,1.
      ,0.866025403784,1.,0.866025403784,1.,0.866025403784,1.
      ,0.866025403784,1.,0.866025403784,1.,0.866025403784,1.
      ,0.866025403784,1.,0.866025403784,1.,0.866025403784,1.
      ,0.866025403784,1.,0.866025403784,1.,0.866025403784,1.
      ,0.866025403784,1.,0.866025403784,1.,0.866025403784,1.
      ,0.866025403784,1.,0.866025403784,1.,0.866025403784,1.
      ,0.866025403784,1.,0.866025403784,1.,0.866025403784,1.
      ,0.866025403784,1.,0.866025403784,1.,0.866025403784,1.
      ,0.866025403784,1.,0.866025403784,1.,0.866025403784,1.
      ,0.866025403784,1.,0.866025403784,1.,0.866025403784,1.
      ,0.866025403784,1.,0.866025403784,1.,0.866025403784,1.
      ,0.866025403784,1.,0.866025403784,1.,0.866025403784,1.
,0.930435964172,0.933111818851))) REPRESENTATION_ITEM('') SURFACE() );
#3159 = CARTESIAN_POINT('',(-3.175,0.,13.090705808916));
#3160 = CARTESIAN_POINT('',(-3.175,1.833087104677,13.03190951262));
#3161 = CARTESIAN_POINT('',(-1.5875,2.749630657016,12.973113216324));
#3162 = CARTESIAN_POINT('',(-6.685776353802E-16,3.666174209354,
    12.914316920027));
#3163 = CARTESIAN_POINT('',(1.5875,2.749630657016,12.855520623731));
#3164 = CARTESIAN_POINT('',(3.175,1.833087104677,12.796724327435));
#3165 = CARTESIAN_POINT('',(3.175,3.888253587293E-16,12.737928031138));
#3166 = CARTESIAN_POINT('',(3.175,-1.833087104677,12.679131734842));
#3167 = CARTESIAN_POINT('',(1.5875,-2.749630657016,12.620335438546));
#3168 = CARTESIAN_POINT('',(2.293760667403E-16,-3.666174209354,
    12.56153914225));
#3169 = CARTESIAN_POINT('',(-1.5875,-2.749630657016,12.502742845953));
#3170 = CARTESIAN_POINT('',(-3.175,-1.833087104677,12.443946549657));
#3171 = CARTESIAN_POINT('',(-3.175,0.,12.385150253361));
#3172 = CARTESIAN_POINT('',(-3.175,1.833087104677,12.326353957064));
#3173 = CARTESIAN_POINT('',(-1.5875,2.749630657016,12.267557660768));
#3174 = CARTESIAN_POINT('',(-6.685776353802E-16,3.666174209354,
    12.208761364472));
#3175 = CARTESIAN_POINT('',(1.5875,2.749630657016,12.149965068175));
#3176 = CARTESIAN_POINT('',(3.175,1.833087104677,12.091168771879));
#3177 = CARTESIAN_POINT('',(3.175,3.888253587293E-16,12.032372475583));
#3178 = CARTESIAN_POINT('',(3.175,-1.833087104677,11.973576179287));
#3179 = CARTESIAN_POINT('',(1.5875,-2.749630657016,11.91477988299));
#3180 = CARTESIAN_POINT('',(2.293760667403E-16,-3.666174209354,
    11.855983586694));
#3181 = CARTESIAN_POINT('',(-1.5875,-2.749630657016,11.797187290398));
#3182 = CARTESIAN_POINT('',(-3.175,-1.833087104677,11.738390994101));
#3183 = CARTESIAN_POINT('',(-3.175,0.,11.679594697805));
#3184 = CARTESIAN_POINT('',(-3.175,1.833087104677,11.620798401509));
#3185 = CARTESIAN_POINT('',(-1.5875,2.749630657016,11.562002105212));
#3186 = CARTESIAN_POINT('',(-6.685776353802E-16,3.666174209354,
    11.503205808916));
#3187 = CARTESIAN_POINT('',(1.5875,2.749630657016,11.44440951262));
#3188 = CARTESIAN_POINT('',(3.175,1.833087104677,11.385613216324));
#3189 = CARTESIAN_POINT('',(3.175,3.888253587293E-16,11.326816920027));
#3190 = CARTESIAN_POINT('',(3.175,-1.833087104677,11.268020623731));
#3191 = CARTESIAN_POINT('',(1.5875,-2.749630657016,11.209224327435));
#3192 = CARTESIAN_POINT('',(2.293760667403E-16,-3.666174209354,
    11.150428031138));
#3193 = CARTESIAN_POINT('',(-1.5875,-2.749630657016,11.091631734842));
#3194 = CARTESIAN_POINT('',(-3.175,-1.833087104677,11.032835438546));
#3195 = CARTESIAN_POINT('',(-3.175,0.,10.97403914225));
#3196 = CARTESIAN_POINT('',(-3.175,1.833087104677,10.915242845953));
#3197 = CARTESIAN_POINT('',(-1.5875,2.749630657016,10.856446549657));
#3198 = CARTESIAN_POINT('',(-6.685776353802E-16,3.666174209354,
    10.797650253361));
#3199 = CARTESIAN_POINT('',(1.5875,2.749630657016,10.738853957064));
#3200 = CARTESIAN_POINT('',(3.175,1.833087104677,10.680057660768));
#3201 = CARTESIAN_POINT('',(3.175,3.888253587293E-16,10.621261364472));
#3202 = CARTESIAN_POINT('',(3.175,-1.833087104677,10.562465068175));
#3203 = CARTESIAN_POINT('',(1.5875,-2.749630657016,10.503668771879));
#3204 = CARTESIAN_POINT('',(2.293760667403E-16,-3.666174209354,
    10.444872475583));
#3205 = CARTESIAN_POINT('',(-1.5875,-2.749630657016,10.386076179287));
#3206 = CARTESIAN_POINT('',(-3.175,-1.833087104677,10.32727988299));
#3207 = CARTESIAN_POINT('',(-3.175,0.,10.268483586694));
#3208 = CARTESIAN_POINT('',(-3.175,1.833087104677,10.209687290398));
#3209 = CARTESIAN_POINT('',(-1.5875,2.749630657016,10.150890994101));
#3210 = CARTESIAN_POINT('',(-6.685776353802E-16,3.666174209354,
    10.092094697805));
#3211 = CARTESIAN_POINT('',(1.5875,2.749630657016,10.033298401509));
#3212 = CARTESIAN_POINT('',(3.175,1.833087104677,9.974502105212));
#3213 = CARTESIAN_POINT('',(3.175,3.888253587293E-16,9.915705808916));
#3214 = CARTESIAN_POINT('',(3.175,-1.833087104677,9.85690951262));
#3215 = CARTESIAN_POINT('',(1.5875,-2.749630657016,9.798113216324));
#3216 = CARTESIAN_POINT('',(2.293760667403E-16,-3.666174209354,
    9.739316920027));
#3217 = CARTESIAN_POINT('',(-1.5875,-2.749630657016,9.680520623731));
#3218 = CARTESIAN_POINT('',(-3.175,-1.833087104677,9.621724327435));
#3219 = CARTESIAN_POINT('',(-3.175,0.,9.562928031138));
#3220 = CARTESIAN_POINT('',(-3.175,1.833087104677,9.504131734842));
#3221 = CARTESIAN_POINT('',(-1.5875,2.749630657016,9.445335438546));
#3222 = CARTESIAN_POINT('',(-6.685776353802E-16,3.666174209354,
    9.38653914225));
#3223 = CARTESIAN_POINT('',(1.5875,2.749630657016,9.327742845953));
#3224 = CARTESIAN_POINT('',(3.175,1.833087104677,9.268946549657));
#3225 = CARTESIAN_POINT('',(3.175,3.888253587293E-16,9.210150253361));
#3226 = CARTESIAN_POINT('',(3.175,-1.833087104677,9.151353957064));
#3227 = CARTESIAN_POINT('',(1.5875,-2.749630657016,9.092557660768));
#3228 = CARTESIAN_POINT('',(2.293760667403E-16,-3.666174209354,
    9.033761364472));
#3229 = CARTESIAN_POINT('',(-1.5875,-2.749630657016,8.974965068175));
#3230 = CARTESIAN_POINT('',(-3.175,-1.833087104677,8.916168771879));
#3231 = CARTESIAN_POINT('',(-3.175,0.,8.857372475583));
#3232 = CARTESIAN_POINT('',(-3.175,1.833087104677,8.798576179287));
#3233 = CARTESIAN_POINT('',(-1.5875,2.749630657016,8.73977988299));
#3234 = CARTESIAN_POINT('',(-6.685776353802E-16,3.666174209354,
    8.680983586694));
#3235 = CARTESIAN_POINT('',(1.5875,2.749630657016,8.622187290398));
#3236 = CARTESIAN_POINT('',(3.175,1.833087104677,8.563390994101));
#3237 = CARTESIAN_POINT('',(3.175,3.888253587293E-16,8.504594697805));
#3238 = CARTESIAN_POINT('',(3.175,-1.833087104677,8.445798401509));
#3239 = CARTESIAN_POINT('',(1.5875,-2.749630657016,8.387002105212));
#3240 = CARTESIAN_POINT('',(2.293760667403E-16,-3.666174209354,
    8.328205808916));
#3241 = CARTESIAN_POINT('',(-1.5875,-2.749630657016,8.26940951262));
#3242 = CARTESIAN_POINT('',(-3.175,-1.833087104677,8.210613216324));
#3243 = CARTESIAN_POINT('',(-3.175,0.,8.151816920027));
#3244 = CARTESIAN_POINT('',(-3.175,0.885909907098,8.123401346508));
#3245 = CARTESIAN_POINT('',(-2.716325421769,1.643837340814,
    8.090596839066));
#3246 = CARTESIAN_POINT('',(-2.793106854861,0.,13.311191919064));
#3247 = CARTESIAN_POINT('',(-2.793106854861,1.612600994529,
    13.252395622768));
#3248 = CARTESIAN_POINT('',(-1.396553427431,2.418901491794,
    13.193599326471));
#3249 = CARTESIAN_POINT('',(-6.415758744753E-16,3.225201989059,
    13.134803030175));
#3250 = CARTESIAN_POINT('',(1.396553427431,2.418901491794,
    13.076006733879));
#3251 = CARTESIAN_POINT('',(2.793106854861,1.612600994529,
    13.017210437582));
#3252 = CARTESIAN_POINT('',(2.793106854861,3.420569369482E-16,
    12.958414141286));
#3253 = CARTESIAN_POINT('',(2.793106854861,-1.612600994529,
    12.89961784499));
#3254 = CARTESIAN_POINT('',(1.396553427431,-2.418901491794,
    12.840821548693));
#3255 = CARTESIAN_POINT('',(1.483707840256E-16,-3.225201989059,
    12.782025252397));
#3256 = CARTESIAN_POINT('',(-1.396553427431,-2.418901491794,
    12.723228956101));
#3257 = CARTESIAN_POINT('',(-2.793106854861,-1.612600994529,
    12.664432659805));
#3258 = CARTESIAN_POINT('',(-2.793106854861,0.,12.605636363508));
#3259 = CARTESIAN_POINT('',(-2.793106854861,1.612600994529,
    12.546840067212));
#3260 = CARTESIAN_POINT('',(-1.396553427431,2.418901491794,
    12.488043770916));
#3261 = CARTESIAN_POINT('',(-6.415758744753E-16,3.225201989059,
    12.429247474619));
#3262 = CARTESIAN_POINT('',(1.396553427431,2.418901491794,
    12.370451178323));
#3263 = CARTESIAN_POINT('',(2.793106854861,1.612600994529,
    12.311654882027));
#3264 = CARTESIAN_POINT('',(2.793106854861,3.420569369482E-16,
    12.25285858573));
#3265 = CARTESIAN_POINT('',(2.793106854861,-1.612600994529,
    12.194062289434));
#3266 = CARTESIAN_POINT('',(1.396553427431,-2.418901491794,
    12.135265993138));
#3267 = CARTESIAN_POINT('',(1.483707840256E-16,-3.225201989059,
    12.076469696842));
#3268 = CARTESIAN_POINT('',(-1.396553427431,-2.418901491794,
    12.017673400545));
#3269 = CARTESIAN_POINT('',(-2.793106854861,-1.612600994529,
    11.958877104249));
#3270 = CARTESIAN_POINT('',(-2.793106854861,0.,11.900080807953));
#3271 = CARTESIAN_POINT('',(-2.793106854861,1.612600994529,
    11.841284511656));
#3272 = CARTESIAN_POINT('',(-1.396553427431,2.418901491794,
    11.78248821536));
#3273 = CARTESIAN_POINT('',(-6.415758744753E-16,3.225201989059,
    11.723691919064));
#3274 = CARTESIAN_POINT('',(1.396553427431,2.418901491794,
    11.664895622768));
#3275 = CARTESIAN_POINT('',(2.793106854861,1.612600994529,
    11.606099326471));
#3276 = CARTESIAN_POINT('',(2.793106854861,3.420569369482E-16,
    11.547303030175));
#3277 = CARTESIAN_POINT('',(2.793106854861,-1.612600994529,
    11.488506733879));
#3278 = CARTESIAN_POINT('',(1.396553427431,-2.418901491794,
    11.429710437582));
#3279 = CARTESIAN_POINT('',(1.483707840256E-16,-3.225201989059,
    11.370914141286));
#3280 = CARTESIAN_POINT('',(-1.396553427431,-2.418901491794,
    11.31211784499));
#3281 = CARTESIAN_POINT('',(-2.793106854861,-1.612600994529,
    11.253321548693));
#3282 = CARTESIAN_POINT('',(-2.793106854861,0.,11.194525252397));
#3283 = CARTESIAN_POINT('',(-2.793106854861,1.612600994529,
    11.135728956101));
#3284 = CARTESIAN_POINT('',(-1.396553427431,2.418901491794,
    11.076932659805));
#3285 = CARTESIAN_POINT('',(-6.415758744753E-16,3.225201989059,
    11.018136363508));
#3286 = CARTESIAN_POINT('',(1.396553427431,2.418901491794,
    10.959340067212));
#3287 = CARTESIAN_POINT('',(2.793106854861,1.612600994529,
    10.900543770916));
#3288 = CARTESIAN_POINT('',(2.793106854861,3.420569369482E-16,
    10.841747474619));
#3289 = CARTESIAN_POINT('',(2.793106854861,-1.612600994529,
    10.782951178323));
#3290 = CARTESIAN_POINT('',(1.396553427431,-2.418901491794,
    10.724154882027));
#3291 = CARTESIAN_POINT('',(1.483707840256E-16,-3.225201989059,
    10.66535858573));
#3292 = CARTESIAN_POINT('',(-1.396553427431,-2.418901491794,
    10.606562289434));
#3293 = CARTESIAN_POINT('',(-2.793106854861,-1.612600994529,
    10.547765993138));
#3294 = CARTESIAN_POINT('',(-2.793106854861,0.,10.488969696842));
#3295 = CARTESIAN_POINT('',(-2.793106854861,1.612600994529,
    10.430173400545));
#3296 = CARTESIAN_POINT('',(-1.396553427431,2.418901491794,
    10.371377104249));
#3297 = CARTESIAN_POINT('',(-6.415758744753E-16,3.225201989059,
    10.312580807953));
#3298 = CARTESIAN_POINT('',(1.396553427431,2.418901491794,
    10.253784511656));
#3299 = CARTESIAN_POINT('',(2.793106854861,1.612600994529,10.19498821536
    ));
#3300 = CARTESIAN_POINT('',(2.793106854861,3.420569369482E-16,
    10.136191919064));
#3301 = CARTESIAN_POINT('',(2.793106854861,-1.612600994529,
    10.077395622768));
#3302 = CARTESIAN_POINT('',(1.396553427431,-2.418901491794,
    10.018599326471));
#3303 = CARTESIAN_POINT('',(1.483707840256E-16,-3.225201989059,
    9.959803030175));
#3304 = CARTESIAN_POINT('',(-1.396553427431,-2.418901491794,
    9.901006733879));
#3305 = CARTESIAN_POINT('',(-2.793106854861,-1.612600994529,
    9.842210437582));
#3306 = CARTESIAN_POINT('',(-2.793106854861,0.,9.783414141286));
#3307 = CARTESIAN_POINT('',(-2.793106854861,1.612600994529,9.72461784499
    ));
#3308 = CARTESIAN_POINT('',(-1.396553427431,2.418901491794,
    9.665821548693));
#3309 = CARTESIAN_POINT('',(-6.415758744753E-16,3.225201989059,
    9.607025252397));
#3310 = CARTESIAN_POINT('',(1.396553427431,2.418901491794,9.548228956101
    ));
#3311 = CARTESIAN_POINT('',(2.793106854861,1.612600994529,9.489432659805
    ));
#3312 = CARTESIAN_POINT('',(2.793106854861,3.420569369482E-16,
    9.430636363508));
#3313 = CARTESIAN_POINT('',(2.793106854861,-1.612600994529,
    9.371840067212));
#3314 = CARTESIAN_POINT('',(1.396553427431,-2.418901491794,
    9.313043770916));
#3315 = CARTESIAN_POINT('',(1.483707840256E-16,-3.225201989059,
    9.254247474619));
#3316 = CARTESIAN_POINT('',(-1.396553427431,-2.418901491794,
    9.195451178323));
#3317 = CARTESIAN_POINT('',(-2.793106854861,-1.612600994529,
    9.136654882027));
#3318 = CARTESIAN_POINT('',(-2.793106854861,0.,9.07785858573));
#3319 = CARTESIAN_POINT('',(-2.793106854861,1.612600994529,
    9.019062289434));
#3320 = CARTESIAN_POINT('',(-1.396553427431,2.418901491794,
    8.960265993138));
#3321 = CARTESIAN_POINT('',(-6.415758744753E-16,3.225201989059,
    8.901469696842));
#3322 = CARTESIAN_POINT('',(1.396553427431,2.418901491794,8.842673400545
    ));
#3323 = CARTESIAN_POINT('',(2.793106854861,1.612600994529,8.783877104249
    ));
#3324 = CARTESIAN_POINT('',(2.793106854861,3.420569369482E-16,
    8.725080807953));
#3325 = CARTESIAN_POINT('',(2.793106854861,-1.612600994529,
    8.666284511656));
#3326 = CARTESIAN_POINT('',(1.396553427431,-2.418901491794,8.60748821536
    ));
#3327 = CARTESIAN_POINT('',(1.483707840256E-16,-3.225201989059,
    8.548691919064));
#3328 = CARTESIAN_POINT('',(-1.396553427431,-2.418901491794,
    8.489895622768));
#3329 = CARTESIAN_POINT('',(-2.793106854861,-1.612600994529,
    8.431099326471));
#3330 = CARTESIAN_POINT('',(-2.793106854861,0.,8.372303030175));
#3331 = CARTESIAN_POINT('',(-2.793106854861,0.779351506868,
    8.343887456656));
#3332 = CARTESIAN_POINT('',(-2.389602253725,1.446114439339,
    8.311082949214));
#3333 = ADVANCED_FACE('',(#3334),#3340,.T.);
#3334 = FACE_BOUND('',#3335,.T.);
#3335 = EDGE_LOOP('',(#3336,#3337,#3338,#3339));
#3336 = ORIENTED_EDGE('',*,*,#783,.F.);
#3337 = ORIENTED_EDGE('',*,*,#2572,.F.);
#3338 = ORIENTED_EDGE('',*,*,#801,.T.);
#3339 = ORIENTED_EDGE('',*,*,#2606,.F.);
#3340 = ( BOUNDED_SURFACE() B_SPLINE_SURFACE(2,2,(
    (#3341,#3342,#3343)
    ,(#3344,#3345,#3346)
    ,(#3347,#3348,#3349)
    ,(#3350,#3351,#3352)
    ,(#3353,#3354,#3355
)),.UNSPECIFIED.,.F.,.F.,.F.) B_SPLINE_SURFACE_WITH_KNOTS((3,2,3),(3,3),
  (3.14159265359,4.712388980385,6.28318530718),(0.,1.570796326795),
.PIECEWISE_BEZIER_KNOTS.) GEOMETRIC_REPRESENTATION_ITEM() 
RATIONAL_B_SPLINE_SURFACE((
    (1.,0.707106781187,1.)
    ,(0.707106781187,0.5,0.707106781187)
    ,(1.,0.707106781187,1.)
    ,(0.707106781187,0.5,0.707106781187)
,(1.,0.707106781187,1.))) REPRESENTATION_ITEM('') SURFACE() );
#3341 = CARTESIAN_POINT('',(-2.6,3.184081677783E-16,13.5080669181));
#3342 = CARTESIAN_POINT('',(-2.6,3.184081677783E-16,13.7080669181));
#3343 = CARTESIAN_POINT('',(-2.4,2.939152317954E-16,13.7080669181));
#3344 = CARTESIAN_POINT('',(-2.6,-2.6,13.5080669181));
#3345 = CARTESIAN_POINT('',(-2.6,-2.6,13.7080669181));
#3346 = CARTESIAN_POINT('',(-2.4,-2.4,13.7080669181));
#3347 = CARTESIAN_POINT('',(-9.217014615175E-16,-2.6,13.5080669181));
#3348 = CARTESIAN_POINT('',(-9.217014615175E-16,-2.6,13.7080669181));
#3349 = CARTESIAN_POINT('',(-8.849620575431E-16,-2.4,13.7080669181));
#3350 = CARTESIAN_POINT('',(2.6,-2.6,13.5080669181));
#3351 = CARTESIAN_POINT('',(2.6,-2.6,13.7080669181));
#3352 = CARTESIAN_POINT('',(2.4,-2.4,13.7080669181));
#3353 = CARTESIAN_POINT('',(2.6,-6.368163355566E-16,13.5080669181));
#3354 = CARTESIAN_POINT('',(2.6,-6.368163355566E-16,13.7080669181));
#3355 = CARTESIAN_POINT('',(2.4,-5.878304635907E-16,13.7080669181));
#3356 = ADVANCED_FACE('',(#3357),#3370,.F.);
#3357 = FACE_BOUND('',#3358,.F.);
#3358 = EDGE_LOOP('',(#3359,#3360,#3361,#3369));
#3359 = ORIENTED_EDGE('',*,*,#2594,.F.);
#3360 = ORIENTED_EDGE('',*,*,#723,.F.);
#3361 = ORIENTED_EDGE('',*,*,#3362,.T.);
#3362 = EDGE_CURVE('',#724,#743,#3363,.T.);
#3363 = ( BOUNDED_CURVE() B_SPLINE_CURVE(2,(#3364,#3365,#3366,#3367,
#3368),.UNSPECIFIED.,.F.,.F.) B_SPLINE_CURVE_WITH_KNOTS((3,2,3),(0.,
1.570796326795,3.14159265359),.PIECEWISE_BEZIER_KNOTS.) CURVE() 
GEOMETRIC_REPRESENTATION_ITEM() RATIONAL_B_SPLINE_CURVE((1.,
0.707106781187,1.,0.707106781187,1.)) REPRESENTATION_ITEM('') );
#3364 = CARTESIAN_POINT('',(2.283378977801,0.,11.7080669181));
#3365 = CARTESIAN_POINT('',(2.283378977801,2.283378977801,11.7080669181)
  );
#3366 = CARTESIAN_POINT('',(-3.042725720299E-16,2.283378977801,
    11.7080669181));
#3367 = CARTESIAN_POINT('',(-2.283378977801,2.283378977801,11.7080669181
    ));
#3368 = CARTESIAN_POINT('',(-2.283378977801,2.796332756404E-16,
    11.7080669181));
#3369 = ORIENTED_EDGE('',*,*,#742,.T.);
#3370 = ( BOUNDED_SURFACE() B_SPLINE_SURFACE(2,1,(
    (#3371,#3372)
    ,(#3373,#3374)
    ,(#3375,#3376)
    ,(#3377,#3378)
    ,(#3379,#3380
)),.UNSPECIFIED.,.F.,.F.,.F.) B_SPLINE_SURFACE_WITH_KNOTS((3,2,3),(2,2),
  (0.,1.570796326795,3.14159265359),(0.,2.),.PIECEWISE_BEZIER_KNOTS.) 
GEOMETRIC_REPRESENTATION_ITEM() RATIONAL_B_SPLINE_SURFACE((
    (1.,1.)
    ,(0.707106781187,0.707106781187)
    ,(1.,1.)
    ,(0.707106781187,0.707106781187)
,(1.,1.))) REPRESENTATION_ITEM('') SURFACE() );
#3371 = CARTESIAN_POINT('',(2.283378977801,0.,11.7080669181));
#3372 = CARTESIAN_POINT('',(2.283378977801,0.,13.7080669181));
#3373 = CARTESIAN_POINT('',(2.283378977801,2.283378977801,11.7080669181)
  );
#3374 = CARTESIAN_POINT('',(2.283378977801,2.283378977801,13.7080669181)
  );
#3375 = CARTESIAN_POINT('',(-3.042725720299E-16,2.283378977801,
    11.7080669181));
#3376 = CARTESIAN_POINT('',(-3.042725720299E-16,2.283378977801,
    13.7080669181));
#3377 = CARTESIAN_POINT('',(-2.283378977801,2.283378977801,11.7080669181
    ));
#3378 = CARTESIAN_POINT('',(-2.283378977801,2.283378977801,13.7080669181
    ));
#3379 = CARTESIAN_POINT('',(-2.283378977801,2.796332756404E-16,
    11.7080669181));
#3380 = CARTESIAN_POINT('',(-2.283378977801,2.796332756404E-16,
    13.7080669181));
#3381 = ADVANCED_FACE('',(#3382,#3393),#3397,.T.);
#3382 = FACE_BOUND('',#3383,.T.);
#3383 = EDGE_LOOP('',(#3384,#3392));
#3384 = ORIENTED_EDGE('',*,*,#3385,.F.);
#3385 = EDGE_CURVE('',#678,#685,#3386,.T.);
#3386 = ( BOUNDED_CURVE() B_SPLINE_CURVE(2,(#3387,#3388,#3389,#3390,
#3391),.UNSPECIFIED.,.F.,.F.) B_SPLINE_CURVE_WITH_KNOTS((3,2,3),(0.,
1.570796326795,3.14159265359),.PIECEWISE_BEZIER_KNOTS.) CURVE() 
GEOMETRIC_REPRESENTATION_ITEM() RATIONAL_B_SPLINE_CURVE((1.,
0.707106781187,1.,0.707106781187,1.)) REPRESENTATION_ITEM('') );
#3387 = CARTESIAN_POINT('',(0.6,0.,11.7080669181));
#3388 = CARTESIAN_POINT('',(0.6,0.6,11.7080669181));
#3389 = CARTESIAN_POINT('',(-4.073498058756E-16,0.6,11.7080669181));
#3390 = CARTESIAN_POINT('',(-0.6,0.6,11.7080669181));
#3391 = CARTESIAN_POINT('',(-0.6,7.347880794884E-17,11.7080669181));
#3392 = ORIENTED_EDGE('',*,*,#684,.F.);
#3393 = FACE_BOUND('',#3394,.T.);
#3394 = EDGE_LOOP('',(#3395,#3396));
#3395 = ORIENTED_EDGE('',*,*,#3362,.T.);
#3396 = ORIENTED_EDGE('',*,*,#749,.T.);
#3397 = B_SPLINE_SURFACE_WITH_KNOTS('',1,1,(
    (#3398,#3399)
    ,(#3400,#3401
    )),.UNSPECIFIED.,.F.,.F.,.F.,(2,2),(2,2),(-2.283378977801,
    2.283378977801),(-2.283378977801,2.283378977801),
  .PIECEWISE_BEZIER_KNOTS.);
#3398 = CARTESIAN_POINT('',(-2.283378977801,-2.283378977801,
    11.7080669181));
#3399 = CARTESIAN_POINT('',(-2.283378977801,2.283378977801,11.7080669181
    ));
#3400 = CARTESIAN_POINT('',(2.283378977801,-2.283378977801,11.7080669181
    ));
#3401 = CARTESIAN_POINT('',(2.283378977801,2.283378977801,11.7080669181)
  );
#3402 = ADVANCED_FACE('',(#3403),#3416,.F.);
#3403 = FACE_BOUND('',#3404,.F.);
#3404 = EDGE_LOOP('',(#3405,#3406,#3407,#3415));
#3405 = ORIENTED_EDGE('',*,*,#3385,.F.);
#3406 = ORIENTED_EDGE('',*,*,#675,.F.);
#3407 = ORIENTED_EDGE('',*,*,#3408,.T.);
#3408 = EDGE_CURVE('',#676,#695,#3409,.T.);
#3409 = ( BOUNDED_CURVE() B_SPLINE_CURVE(2,(#3410,#3411,#3412,#3413,
#3414),.UNSPECIFIED.,.F.,.F.) B_SPLINE_CURVE_WITH_KNOTS((3,2,3),(0.,
1.570796326795,3.14159265359),.PIECEWISE_BEZIER_KNOTS.) CURVE() 
GEOMETRIC_REPRESENTATION_ITEM() RATIONAL_B_SPLINE_CURVE((1.,
0.707106781187,1.,0.707106781187,1.)) REPRESENTATION_ITEM('') );
#3410 = CARTESIAN_POINT('',(0.6,0.,9.7080669181));
#3411 = CARTESIAN_POINT('',(0.6,0.6,9.7080669181));
#3412 = CARTESIAN_POINT('',(-4.073498058756E-16,0.6,9.7080669181));
#3413 = CARTESIAN_POINT('',(-0.6,0.6,9.7080669181));
#3414 = CARTESIAN_POINT('',(-0.6,7.347880794884E-17,9.7080669181));
#3415 = ORIENTED_EDGE('',*,*,#694,.T.);
#3416 = ( BOUNDED_SURFACE() B_SPLINE_SURFACE(2,1,(
    (#3417,#3418)
    ,(#3419,#3420)
    ,(#3421,#3422)
    ,(#3423,#3424)
    ,(#3425,#3426
)),.UNSPECIFIED.,.F.,.F.,.F.) B_SPLINE_SURFACE_WITH_KNOTS((3,2,3),(2,2),
  (0.,1.570796326795,3.14159265359),(0.,2.),.PIECEWISE_BEZIER_KNOTS.) 
GEOMETRIC_REPRESENTATION_ITEM() RATIONAL_B_SPLINE_SURFACE((
    (1.,1.)
    ,(0.707106781187,0.707106781187)
    ,(1.,1.)
    ,(0.707106781187,0.707106781187)
,(1.,1.))) REPRESENTATION_ITEM('') SURFACE() );
#3417 = CARTESIAN_POINT('',(0.6,0.,9.7080669181));
#3418 = CARTESIAN_POINT('',(0.6,0.,11.7080669181));
#3419 = CARTESIAN_POINT('',(0.6,0.6,9.7080669181));
#3420 = CARTESIAN_POINT('',(0.6,0.6,11.7080669181));
#3421 = CARTESIAN_POINT('',(-4.073498058756E-16,0.6,9.7080669181));
#3422 = CARTESIAN_POINT('',(-4.073498058756E-16,0.6,11.7080669181));
#3423 = CARTESIAN_POINT('',(-0.6,0.6,9.7080669181));
#3424 = CARTESIAN_POINT('',(-0.6,0.6,11.7080669181));
#3425 = CARTESIAN_POINT('',(-0.6,7.347880794884E-17,9.7080669181));
#3426 = CARTESIAN_POINT('',(-0.6,7.347880794884E-17,11.7080669181));
#3427 = ADVANCED_FACE('',(#3428),#3432,.T.);
#3428 = FACE_BOUND('',#3429,.T.);
#3429 = EDGE_LOOP('',(#3430,#3431));
#3430 = ORIENTED_EDGE('',*,*,#3408,.T.);
#3431 = ORIENTED_EDGE('',*,*,#701,.T.);
#3432 = B_SPLINE_SURFACE_WITH_KNOTS('',1,1,(
    (#3433,#3434)
    ,(#3435,#3436
    )),.UNSPECIFIED.,.F.,.F.,.F.,(2,2),(2,2),(-0.6,0.6),(-0.6,0.6),
  .PIECEWISE_BEZIER_KNOTS.);
#3433 = CARTESIAN_POINT('',(-0.6,-0.6,9.7080669181));
#3434 = CARTESIAN_POINT('',(-0.6,0.6,9.7080669181));
#3435 = CARTESIAN_POINT('',(0.6,-0.6,9.7080669181));
#3436 = CARTESIAN_POINT('',(0.6,0.6,9.7080669181));
#3437 = MANIFOLD_SOLID_BREP('',#3438);
#3438 = CLOSED_SHELL('',(#3439,#3487,#3535,#3563,#3591,#3609));
#3439 = ADVANCED_FACE('',(#3440),#3476,.F.);
#3440 = FACE_BOUND('',#3441,.F.);
#3441 = EDGE_LOOP('',(#3442,#3451,#3461,#3468));
#3442 = ORIENTED_EDGE('',*,*,#3443,.T.);
#3443 = EDGE_CURVE('',#3444,#3446,#3448,.T.);
#3444 = VERTEX_POINT('',#3445);
#3445 = CARTESIAN_POINT('',(-0.6,0.,11.8080669181));
#3446 = VERTEX_POINT('',#3447);
#3447 = CARTESIAN_POINT('',(-0.6,0.,11.7080669181));
#3448 = B_SPLINE_CURVE_WITH_KNOTS('',1,(#3449,#3450),.UNSPECIFIED.,.F.,
  .F.,(2,2),(-0.,1.E-01),.PIECEWISE_BEZIER_KNOTS.);
#3449 = CARTESIAN_POINT('',(-0.6,0.,11.8080669181));
#3450 = CARTESIAN_POINT('',(-0.6,0.,11.7080669181));
#3451 = ORIENTED_EDGE('',*,*,#3452,.T.);
#3452 = EDGE_CURVE('',#3446,#3453,#3455,.T.);
#3453 = VERTEX_POINT('',#3454);
#3454 = CARTESIAN_POINT('',(0.6,7.347880794884E-17,11.7080669181));
#3455 = ( BOUNDED_CURVE() B_SPLINE_CURVE(2,(#3456,#3457,#3458,#3459,
#3460),.UNSPECIFIED.,.F.,.F.) B_SPLINE_CURVE_WITH_KNOTS((3,2,3),(
    3.14159265359,4.712388980385,6.28318530718),
.PIECEWISE_BEZIER_KNOTS.) CURVE() GEOMETRIC_REPRESENTATION_ITEM() 
RATIONAL_B_SPLINE_CURVE((1.,0.707106781187,1.,0.707106781187,1.)) 
REPRESENTATION_ITEM('') );
#3456 = CARTESIAN_POINT('',(-0.6,7.347880794884E-17,11.7080669181));
#3457 = CARTESIAN_POINT('',(-0.6,-0.6,11.7080669181));
#3458 = CARTESIAN_POINT('',(-5.543074217733E-16,-0.6,11.7080669181));
#3459 = CARTESIAN_POINT('',(0.6,-0.6,11.7080669181));
#3460 = CARTESIAN_POINT('',(0.6,-1.469576158977E-16,11.7080669181));
#3461 = ORIENTED_EDGE('',*,*,#3462,.F.);
#3462 = EDGE_CURVE('',#3463,#3453,#3465,.T.);
#3463 = VERTEX_POINT('',#3464);
#3464 = CARTESIAN_POINT('',(0.6,7.347880794884E-17,11.8080669181));
#3465 = B_SPLINE_CURVE_WITH_KNOTS('',1,(#3466,#3467),.UNSPECIFIED.,.F.,
  .F.,(2,2),(-0.,1.E-01),.PIECEWISE_BEZIER_KNOTS.);
#3466 = CARTESIAN_POINT('',(0.6,7.347880794884E-17,11.8080669181));
#3467 = CARTESIAN_POINT('',(0.6,7.347880794884E-17,11.7080669181));
#3468 = ORIENTED_EDGE('',*,*,#3469,.F.);
#3469 = EDGE_CURVE('',#3444,#3463,#3470,.T.);
#3470 = ( BOUNDED_CURVE() B_SPLINE_CURVE(2,(#3471,#3472,#3473,#3474,
#3475),.UNSPECIFIED.,.F.,.F.) B_SPLINE_CURVE_WITH_KNOTS((3,2,3),(
    3.14159265359,4.712388980385,6.28318530718),
.PIECEWISE_BEZIER_KNOTS.) CURVE() GEOMETRIC_REPRESENTATION_ITEM() 
RATIONAL_B_SPLINE_CURVE((1.,0.707106781187,1.,0.707106781187,1.)) 
REPRESENTATION_ITEM('') );
#3471 = CARTESIAN_POINT('',(-0.6,7.347880794884E-17,11.8080669181));
#3472 = CARTESIAN_POINT('',(-0.6,-0.6,11.8080669181));
#3473 = CARTESIAN_POINT('',(-5.543074217733E-16,-0.6,11.8080669181));
#3474 = CARTESIAN_POINT('',(0.6,-0.6,11.8080669181));
#3475 = CARTESIAN_POINT('',(0.6,-1.469576158977E-16,11.8080669181));
#3476 = ( BOUNDED_SURFACE() B_SPLINE_SURFACE(2,1,(
    (#3477,#3478)
    ,(#3479,#3480)
    ,(#3481,#3482)
    ,(#3483,#3484)
    ,(#3485,#3486
)),.UNSPECIFIED.,.F.,.F.,.F.) B_SPLINE_SURFACE_WITH_KNOTS((3,2,3),(2,2),
  (3.14159265359,4.712388980385,6.28318530718),(0.,1.E-01),
.PIECEWISE_BEZIER_KNOTS.) GEOMETRIC_REPRESENTATION_ITEM() 
RATIONAL_B_SPLINE_SURFACE((
    (1.,1.)
    ,(0.707106781187,0.707106781187)
    ,(1.,1.)
    ,(0.707106781187,0.707106781187)
,(1.,1.))) REPRESENTATION_ITEM('') SURFACE() );
#3477 = CARTESIAN_POINT('',(0.6,7.347880794884E-17,11.8080669181));
#3478 = CARTESIAN_POINT('',(0.6,7.347880794884E-17,11.7080669181));
#3479 = CARTESIAN_POINT('',(0.6,-0.6,11.8080669181));
#3480 = CARTESIAN_POINT('',(0.6,-0.6,11.7080669181));
#3481 = CARTESIAN_POINT('',(-3.338709979268E-16,-0.6,11.8080669181));
#3482 = CARTESIAN_POINT('',(-3.338709979268E-16,-0.6,11.7080669181));
#3483 = CARTESIAN_POINT('',(-0.6,-0.6,11.8080669181));
#3484 = CARTESIAN_POINT('',(-0.6,-0.6,11.7080669181));
#3485 = CARTESIAN_POINT('',(-0.6,-1.469576158977E-16,11.8080669181));
#3486 = CARTESIAN_POINT('',(-0.6,-1.469576158977E-16,11.7080669181));
#3487 = ADVANCED_FACE('',(#3488),#3524,.T.);
#3488 = FACE_BOUND('',#3489,.T.);
#3489 = EDGE_LOOP('',(#3490,#3502,#3509,#3519));
#3490 = ORIENTED_EDGE('',*,*,#3491,.F.);
#3491 = EDGE_CURVE('',#3492,#3494,#3496,.T.);
#3492 = VERTEX_POINT('',#3493);
#3493 = CARTESIAN_POINT('',(0.8,9.797174393179E-17,11.8080669181));
#3494 = VERTEX_POINT('',#3495);
#3495 = CARTESIAN_POINT('',(-0.8,0.,11.8080669181));
#3496 = ( BOUNDED_CURVE() B_SPLINE_CURVE(2,(#3497,#3498,#3499,#3500,
#3501),.UNSPECIFIED.,.F.,.F.) B_SPLINE_CURVE_WITH_KNOTS((3,2,3),(0.,
1.570796326795,3.14159265359),.PIECEWISE_BEZIER_KNOTS.) CURVE() 
GEOMETRIC_REPRESENTATION_ITEM() RATIONAL_B_SPLINE_CURVE((1.,
0.707106781187,1.,0.707106781187,1.)) REPRESENTATION_ITEM('') );
#3497 = CARTESIAN_POINT('',(0.8,0.,11.8080669181));
#3498 = CARTESIAN_POINT('',(0.8,0.8,11.8080669181));
#3499 = CARTESIAN_POINT('',(-3.951033378842E-16,0.8,11.8080669181));
#3500 = CARTESIAN_POINT('',(-0.8,0.8,11.8080669181));
#3501 = CARTESIAN_POINT('',(-0.8,9.797174393179E-17,11.8080669181));
#3502 = ORIENTED_EDGE('',*,*,#3503,.T.);
#3503 = EDGE_CURVE('',#3492,#3504,#3506,.T.);
#3504 = VERTEX_POINT('',#3505);
#3505 = CARTESIAN_POINT('',(0.8,9.797174393179E-17,11.7080669181));
#3506 = B_SPLINE_CURVE_WITH_KNOTS('',1,(#3507,#3508),.UNSPECIFIED.,.F.,
  .F.,(2,2),(-0.,1.E-01),.PIECEWISE_BEZIER_KNOTS.);
#3507 = CARTESIAN_POINT('',(0.8,9.797174393179E-17,11.8080669181));
#3508 = CARTESIAN_POINT('',(0.8,9.797174393179E-17,11.7080669181));
#3509 = ORIENTED_EDGE('',*,*,#3510,.T.);
#3510 = EDGE_CURVE('',#3504,#3511,#3513,.T.);
#3511 = VERTEX_POINT('',#3512);
#3512 = CARTESIAN_POINT('',(-0.8,0.,11.7080669181));
#3513 = ( BOUNDED_CURVE() B_SPLINE_CURVE(2,(#3514,#3515,#3516,#3517,
#3518),.UNSPECIFIED.,.F.,.F.) B_SPLINE_CURVE_WITH_KNOTS((3,2,3),(0.,
1.570796326795,3.14159265359),.PIECEWISE_BEZIER_KNOTS.) CURVE() 
GEOMETRIC_REPRESENTATION_ITEM() RATIONAL_B_SPLINE_CURVE((1.,
0.707106781187,1.,0.707106781187,1.)) REPRESENTATION_ITEM('') );
#3514 = CARTESIAN_POINT('',(0.8,0.,11.7080669181));
#3515 = CARTESIAN_POINT('',(0.8,0.8,11.7080669181));
#3516 = CARTESIAN_POINT('',(-3.951033378842E-16,0.8,11.7080669181));
#3517 = CARTESIAN_POINT('',(-0.8,0.8,11.7080669181));
#3518 = CARTESIAN_POINT('',(-0.8,9.797174393179E-17,11.7080669181));
#3519 = ORIENTED_EDGE('',*,*,#3520,.F.);
#3520 = EDGE_CURVE('',#3494,#3511,#3521,.T.);
#3521 = B_SPLINE_CURVE_WITH_KNOTS('',1,(#3522,#3523),.UNSPECIFIED.,.F.,
  .F.,(2,2),(-0.,1.E-01),.PIECEWISE_BEZIER_KNOTS.);
#3522 = CARTESIAN_POINT('',(-0.8,0.,11.8080669181));
#3523 = CARTESIAN_POINT('',(-0.8,0.,11.7080669181));
#3524 = ( BOUNDED_SURFACE() B_SPLINE_SURFACE(2,1,(
    (#3525,#3526)
    ,(#3527,#3528)
    ,(#3529,#3530)
    ,(#3531,#3532)
    ,(#3533,#3534
)),.UNSPECIFIED.,.F.,.F.,.F.) B_SPLINE_SURFACE_WITH_KNOTS((3,2,3),(2,2),
  (0.,1.570796326795,3.14159265359),(0.,1.E-01),
.PIECEWISE_BEZIER_KNOTS.) GEOMETRIC_REPRESENTATION_ITEM() 
RATIONAL_B_SPLINE_SURFACE((
    (1.,1.)
    ,(0.707106781187,0.707106781187)
    ,(1.,1.)
    ,(0.707106781187,0.707106781187)
,(1.,1.))) REPRESENTATION_ITEM('') SURFACE() );
#3525 = CARTESIAN_POINT('',(-0.8,0.,11.8080669181));
#3526 = CARTESIAN_POINT('',(-0.8,0.,11.7080669181));
#3527 = CARTESIAN_POINT('',(-0.8,0.8,11.8080669181));
#3528 = CARTESIAN_POINT('',(-0.8,0.8,11.7080669181));
#3529 = CARTESIAN_POINT('',(-4.93075081816E-16,0.8,11.8080669181));
#3530 = CARTESIAN_POINT('',(-4.93075081816E-16,0.8,11.7080669181));
#3531 = CARTESIAN_POINT('',(0.8,0.8,11.8080669181));
#3532 = CARTESIAN_POINT('',(0.8,0.8,11.7080669181));
#3533 = CARTESIAN_POINT('',(0.8,9.797174393179E-17,11.8080669181));
#3534 = CARTESIAN_POINT('',(0.8,9.797174393179E-17,11.7080669181));
#3535 = ADVANCED_FACE('',(#3536,#3547),#3558,.T.);
#3536 = FACE_BOUND('',#3537,.T.);
#3537 = EDGE_LOOP('',(#3538,#3546));
#3538 = ORIENTED_EDGE('',*,*,#3539,.T.);
#3539 = EDGE_CURVE('',#3494,#3492,#3540,.T.);
#3540 = ( BOUNDED_CURVE() B_SPLINE_CURVE(2,(#3541,#3542,#3543,#3544,
#3545),.UNSPECIFIED.,.F.,.F.) B_SPLINE_CURVE_WITH_KNOTS((3,2,3),(
    3.14159265359,4.712388980385,6.28318530718),
.PIECEWISE_BEZIER_KNOTS.) CURVE() GEOMETRIC_REPRESENTATION_ITEM() 
RATIONAL_B_SPLINE_CURVE((1.,0.707106781187,1.,0.707106781187,1.)) 
REPRESENTATION_ITEM('') );
#3541 = CARTESIAN_POINT('',(-0.8,9.797174393179E-17,11.8080669181));
#3542 = CARTESIAN_POINT('',(-0.8,-0.8,11.8080669181));
#3543 = CARTESIAN_POINT('',(-5.910468257477E-16,-0.8,11.8080669181));
#3544 = CARTESIAN_POINT('',(0.8,-0.8,11.8080669181));
#3545 = CARTESIAN_POINT('',(0.8,-1.959434878636E-16,11.8080669181));
#3546 = ORIENTED_EDGE('',*,*,#3491,.T.);
#3547 = FACE_BOUND('',#3548,.T.);
#3548 = EDGE_LOOP('',(#3549,#3550));
#3549 = ORIENTED_EDGE('',*,*,#3469,.F.);
#3550 = ORIENTED_EDGE('',*,*,#3551,.F.);
#3551 = EDGE_CURVE('',#3463,#3444,#3552,.T.);
#3552 = ( BOUNDED_CURVE() B_SPLINE_CURVE(2,(#3553,#3554,#3555,#3556,
#3557),.UNSPECIFIED.,.F.,.F.) B_SPLINE_CURVE_WITH_KNOTS((3,2,3),(0.,
1.570796326795,3.14159265359),.PIECEWISE_BEZIER_KNOTS.) CURVE() 
GEOMETRIC_REPRESENTATION_ITEM() RATIONAL_B_SPLINE_CURVE((1.,
0.707106781187,1.,0.707106781187,1.)) REPRESENTATION_ITEM('') );
#3553 = CARTESIAN_POINT('',(0.6,0.,11.8080669181));
#3554 = CARTESIAN_POINT('',(0.6,0.6,11.8080669181));
#3555 = CARTESIAN_POINT('',(-4.073498058756E-16,0.6,11.8080669181));
#3556 = CARTESIAN_POINT('',(-0.6,0.6,11.8080669181));
#3557 = CARTESIAN_POINT('',(-0.6,7.347880794884E-17,11.8080669181));
#3558 = B_SPLINE_SURFACE_WITH_KNOTS('',1,1,(
    (#3559,#3560)
    ,(#3561,#3562
    )),.UNSPECIFIED.,.F.,.F.,.F.,(2,2),(2,2),(-0.8,0.8),(-0.8,0.8),
  .PIECEWISE_BEZIER_KNOTS.);
#3559 = CARTESIAN_POINT('',(-0.8,-0.8,11.8080669181));
#3560 = CARTESIAN_POINT('',(-0.8,0.8,11.8080669181));
#3561 = CARTESIAN_POINT('',(0.8,-0.8,11.8080669181));
#3562 = CARTESIAN_POINT('',(0.8,0.8,11.8080669181));
#3563 = ADVANCED_FACE('',(#3564,#3575),#3586,.F.);
#3564 = FACE_BOUND('',#3565,.T.);
#3565 = EDGE_LOOP('',(#3566,#3574));
#3566 = ORIENTED_EDGE('',*,*,#3567,.F.);
#3567 = EDGE_CURVE('',#3511,#3504,#3568,.T.);
#3568 = ( BOUNDED_CURVE() B_SPLINE_CURVE(2,(#3569,#3570,#3571,#3572,
#3573),.UNSPECIFIED.,.F.,.F.) B_SPLINE_CURVE_WITH_KNOTS((3,2,3),(
    3.14159265359,4.712388980385,6.28318530718),
.PIECEWISE_BEZIER_KNOTS.) CURVE() GEOMETRIC_REPRESENTATION_ITEM() 
RATIONAL_B_SPLINE_CURVE((1.,0.707106781187,1.,0.707106781187,1.)) 
REPRESENTATION_ITEM('') );
#3569 = CARTESIAN_POINT('',(-0.8,9.797174393179E-17,11.7080669181));
#3570 = CARTESIAN_POINT('',(-0.8,-0.8,11.7080669181));
#3571 = CARTESIAN_POINT('',(-5.910468257477E-16,-0.8,11.7080669181));
#3572 = CARTESIAN_POINT('',(0.8,-0.8,11.7080669181));
#3573 = CARTESIAN_POINT('',(0.8,-1.959434878636E-16,11.7080669181));
#3574 = ORIENTED_EDGE('',*,*,#3510,.F.);
#3575 = FACE_BOUND('',#3576,.T.);
#3576 = EDGE_LOOP('',(#3577,#3578));
#3577 = ORIENTED_EDGE('',*,*,#3452,.T.);
#3578 = ORIENTED_EDGE('',*,*,#3579,.T.);
#3579 = EDGE_CURVE('',#3453,#3446,#3580,.T.);
#3580 = ( BOUNDED_CURVE() B_SPLINE_CURVE(2,(#3581,#3582,#3583,#3584,
#3585),.UNSPECIFIED.,.F.,.F.) B_SPLINE_CURVE_WITH_KNOTS((3,2,3),(0.,
1.570796326795,3.14159265359),.PIECEWISE_BEZIER_KNOTS.) CURVE() 
GEOMETRIC_REPRESENTATION_ITEM() RATIONAL_B_SPLINE_CURVE((1.,
0.707106781187,1.,0.707106781187,1.)) REPRESENTATION_ITEM('') );
#3581 = CARTESIAN_POINT('',(0.6,0.,11.7080669181));
#3582 = CARTESIAN_POINT('',(0.6,0.6,11.7080669181));
#3583 = CARTESIAN_POINT('',(-4.073498058756E-16,0.6,11.7080669181));
#3584 = CARTESIAN_POINT('',(-0.6,0.6,11.7080669181));
#3585 = CARTESIAN_POINT('',(-0.6,7.347880794884E-17,11.7080669181));
#3586 = B_SPLINE_SURFACE_WITH_KNOTS('',1,1,(
    (#3587,#3588)
    ,(#3589,#3590
    )),.UNSPECIFIED.,.F.,.F.,.F.,(2,2),(2,2),(-0.8,0.8),(-0.8,0.8),
  .PIECEWISE_BEZIER_KNOTS.);
#3587 = CARTESIAN_POINT('',(-0.8,-0.8,11.7080669181));
#3588 = CARTESIAN_POINT('',(-0.8,0.8,11.7080669181));
#3589 = CARTESIAN_POINT('',(0.8,-0.8,11.7080669181));
#3590 = CARTESIAN_POINT('',(0.8,0.8,11.7080669181));
#3591 = ADVANCED_FACE('',(#3592),#3598,.T.);
#3592 = FACE_BOUND('',#3593,.T.);
#3593 = EDGE_LOOP('',(#3594,#3595,#3596,#3597));
#3594 = ORIENTED_EDGE('',*,*,#3503,.F.);
#3595 = ORIENTED_EDGE('',*,*,#3539,.F.);
#3596 = ORIENTED_EDGE('',*,*,#3520,.T.);
#3597 = ORIENTED_EDGE('',*,*,#3567,.T.);
#3598 = ( BOUNDED_SURFACE() B_SPLINE_SURFACE(2,1,(
    (#3599,#3600)
    ,(#3601,#3602)
    ,(#3603,#3604)
    ,(#3605,#3606)
    ,(#3607,#3608
)),.UNSPECIFIED.,.F.,.F.,.F.) B_SPLINE_SURFACE_WITH_KNOTS((3,2,3),(2,2),
  (3.14159265359,4.712388980385,6.28318530718),(0.,1.E-01),
.PIECEWISE_BEZIER_KNOTS.) GEOMETRIC_REPRESENTATION_ITEM() 
RATIONAL_B_SPLINE_SURFACE((
    (1.,1.)
    ,(0.707106781187,0.707106781187)
    ,(1.,1.)
    ,(0.707106781187,0.707106781187)
,(1.,1.))) REPRESENTATION_ITEM('') SURFACE() );
#3599 = CARTESIAN_POINT('',(0.8,9.797174393179E-17,11.8080669181));
#3600 = CARTESIAN_POINT('',(0.8,9.797174393179E-17,11.7080669181));
#3601 = CARTESIAN_POINT('',(0.8,-0.8,11.8080669181));
#3602 = CARTESIAN_POINT('',(0.8,-0.8,11.7080669181));
#3603 = CARTESIAN_POINT('',(-2.971315939524E-16,-0.8,11.8080669181));
#3604 = CARTESIAN_POINT('',(-2.971315939524E-16,-0.8,11.7080669181));
#3605 = CARTESIAN_POINT('',(-0.8,-0.8,11.8080669181));
#3606 = CARTESIAN_POINT('',(-0.8,-0.8,11.7080669181));
#3607 = CARTESIAN_POINT('',(-0.8,-1.959434878636E-16,11.8080669181));
#3608 = CARTESIAN_POINT('',(-0.8,-1.959434878636E-16,11.7080669181));
#3609 = ADVANCED_FACE('',(#3610),#3616,.F.);
#3610 = FACE_BOUND('',#3611,.F.);
#3611 = EDGE_LOOP('',(#3612,#3613,#3614,#3615));
#3612 = ORIENTED_EDGE('',*,*,#3579,.T.);
#3613 = ORIENTED_EDGE('',*,*,#3443,.F.);
#3614 = ORIENTED_EDGE('',*,*,#3551,.F.);
#3615 = ORIENTED_EDGE('',*,*,#3462,.T.);
#3616 = ( BOUNDED_SURFACE() B_SPLINE_SURFACE(2,1,(
    (#3617,#3618)
    ,(#3619,#3620)
    ,(#3621,#3622)
    ,(#3623,#3624)
    ,(#3625,#3626
)),.UNSPECIFIED.,.F.,.F.,.F.) B_SPLINE_SURFACE_WITH_KNOTS((3,2,3),(2,2),
  (0.,1.570796326795,3.14159265359),(0.,1.E-01),
.PIECEWISE_BEZIER_KNOTS.) GEOMETRIC_REPRESENTATION_ITEM() 
RATIONAL_B_SPLINE_SURFACE((
    (1.,1.)
    ,(0.707106781187,0.707106781187)
    ,(1.,1.)
    ,(0.707106781187,0.707106781187)
,(1.,1.))) REPRESENTATION_ITEM('') SURFACE() );
#3617 = CARTESIAN_POINT('',(-0.6,0.,11.8080669181));
#3618 = CARTESIAN_POINT('',(-0.6,0.,11.7080669181));
#3619 = CARTESIAN_POINT('',(-0.6,0.6,11.8080669181));
#3620 = CARTESIAN_POINT('',(-0.6,0.6,11.7080669181));
#3621 = CARTESIAN_POINT('',(-4.808286138245E-16,0.6,11.8080669181));
#3622 = CARTESIAN_POINT('',(-4.808286138245E-16,0.6,11.7080669181));
#3623 = CARTESIAN_POINT('',(0.6,0.6,11.8080669181));
#3624 = CARTESIAN_POINT('',(0.6,0.6,11.7080669181));
#3625 = CARTESIAN_POINT('',(0.6,7.347880794884E-17,11.8080669181));
#3626 = CARTESIAN_POINT('',(0.6,7.347880794884E-17,11.7080669181));
#3627 = MANIFOLD_SOLID_BREP('',#3628);
#3628 = CLOSED_SHELL('',(#3629,#3665,#3693,#3721,#3749,#3777,#3797,#3811
    ));
#3629 = ADVANCED_FACE('',(#3630),#3660,.F.);
#3630 = FACE_BOUND('',#3631,.T.);
#3631 = EDGE_LOOP('',(#3632,#3641,#3648,#3655));
#3632 = ORIENTED_EDGE('',*,*,#3633,.T.);
#3633 = EDGE_CURVE('',#3634,#3636,#3638,.T.);
#3634 = VERTEX_POINT('',#3635);
#3635 = CARTESIAN_POINT('',(-7.492203152495E-02,3.25,4.923025929903));
#3636 = VERTEX_POINT('',#3637);
#3637 = CARTESIAN_POINT('',(-7.492203152495E-02,3.25,4.953168511897));
#3638 = B_SPLINE_CURVE_WITH_KNOTS('',1,(#3639,#3640),.UNSPECIFIED.,.F.,
  .F.,(2,2),(-3.014258199392E-02,0.),.PIECEWISE_BEZIER_KNOTS.);
#3639 = CARTESIAN_POINT('',(-7.492203152495E-02,3.25,4.923025929903));
#3640 = CARTESIAN_POINT('',(-7.492203152495E-02,3.25,4.953168511897));
#3641 = ORIENTED_EDGE('',*,*,#3642,.F.);
#3642 = EDGE_CURVE('',#3643,#3636,#3645,.T.);
#3643 = VERTEX_POINT('',#3644);
#3644 = CARTESIAN_POINT('',(-7.492203152495E-02,3.251,4.953168511897));
#3645 = B_SPLINE_CURVE_WITH_KNOTS('',1,(#3646,#3647),.UNSPECIFIED.,.F.,
  .F.,(2,2),(-0.,9.999999999999E-04),.PIECEWISE_BEZIER_KNOTS.);
#3646 = CARTESIAN_POINT('',(-7.492203152495E-02,3.251,4.953168511897));
#3647 = CARTESIAN_POINT('',(-7.492203152495E-02,3.25,4.953168511897));
#3648 = ORIENTED_EDGE('',*,*,#3649,.F.);
#3649 = EDGE_CURVE('',#3650,#3643,#3652,.T.);
#3650 = VERTEX_POINT('',#3651);
#3651 = CARTESIAN_POINT('',(-7.492203152495E-02,3.251,4.923025929903));
#3652 = B_SPLINE_CURVE_WITH_KNOTS('',1,(#3653,#3654),.UNSPECIFIED.,.F.,
  .F.,(2,2),(-3.014258199392E-02,0.),.PIECEWISE_BEZIER_KNOTS.);
#3653 = CARTESIAN_POINT('',(-7.492203152495E-02,3.251,4.923025929903));
#3654 = CARTESIAN_POINT('',(-7.492203152495E-02,3.251,4.953168511897));
#3655 = ORIENTED_EDGE('',*,*,#3656,.T.);
#3656 = EDGE_CURVE('',#3650,#3634,#3657,.T.);
#3657 = B_SPLINE_CURVE_WITH_KNOTS('',1,(#3658,#3659),.UNSPECIFIED.,.F.,
  .F.,(2,2),(-0.,9.999999999999E-04),.PIECEWISE_BEZIER_KNOTS.);
#3658 = CARTESIAN_POINT('',(-7.492203152495E-02,3.251,4.923025929903));
#3659 = CARTESIAN_POINT('',(-7.492203152495E-02,3.25,4.923025929903));
#3660 = B_SPLINE_SURFACE_WITH_KNOTS('',1,1,(
    (#3661,#3662)
    ,(#3663,#3664
    )),.UNSPECIFIED.,.F.,.F.,.F.,(2,2),(2,2),(-0.,3.014258199392E-02),(
    -9.999999999999E-04,0.),.PIECEWISE_BEZIER_KNOTS.);
#3661 = CARTESIAN_POINT('',(-7.492203152495E-02,3.25,4.953168511897));
#3662 = CARTESIAN_POINT('',(-7.492203152495E-02,3.251,4.953168511897));
#3663 = CARTESIAN_POINT('',(-7.492203152495E-02,3.25,4.923025929903));
#3664 = CARTESIAN_POINT('',(-7.492203152495E-02,3.251,4.923025929903));
#3665 = ADVANCED_FACE('',(#3666),#3688,.F.);
#3666 = FACE_BOUND('',#3667,.T.);
#3667 = EDGE_LOOP('',(#3668,#3675,#3682,#3687));
#3668 = ORIENTED_EDGE('',*,*,#3669,.T.);
#3669 = EDGE_CURVE('',#3636,#3670,#3672,.T.);
#3670 = VERTEX_POINT('',#3671);
#3671 = CARTESIAN_POINT('',(3.037425266121E-02,3.25,4.953168511897));
#3672 = B_SPLINE_CURVE_WITH_KNOTS('',1,(#3673,#3674),.UNSPECIFIED.,.F.,
  .F.,(2,2),(-0.105296284186,0.),.PIECEWISE_BEZIER_KNOTS.);
#3673 = CARTESIAN_POINT('',(-7.492203152495E-02,3.25,4.953168511897));
#3674 = CARTESIAN_POINT('',(3.037425266121E-02,3.25,4.953168511897));
#3675 = ORIENTED_EDGE('',*,*,#3676,.F.);
#3676 = EDGE_CURVE('',#3677,#3670,#3679,.T.);
#3677 = VERTEX_POINT('',#3678);
#3678 = CARTESIAN_POINT('',(3.037425266121E-02,3.251,4.953168511897));
#3679 = B_SPLINE_CURVE_WITH_KNOTS('',1,(#3680,#3681),.UNSPECIFIED.,.F.,
  .F.,(2,2),(-0.,9.999999999999E-04),.PIECEWISE_BEZIER_KNOTS.);
#3680 = CARTESIAN_POINT('',(3.037425266121E-02,3.251,4.953168511897));
#3681 = CARTESIAN_POINT('',(3.037425266121E-02,3.25,4.953168511897));
#3682 = ORIENTED_EDGE('',*,*,#3683,.F.);
#3683 = EDGE_CURVE('',#3643,#3677,#3684,.T.);
#3684 = B_SPLINE_CURVE_WITH_KNOTS('',1,(#3685,#3686),.UNSPECIFIED.,.F.,
  .F.,(2,2),(-0.105296284186,0.),.PIECEWISE_BEZIER_KNOTS.);
#3685 = CARTESIAN_POINT('',(-7.492203152495E-02,3.251,4.953168511897));
#3686 = CARTESIAN_POINT('',(3.037425266121E-02,3.251,4.953168511897));
#3687 = ORIENTED_EDGE('',*,*,#3642,.T.);
#3688 = B_SPLINE_SURFACE_WITH_KNOTS('',1,1,(
    (#3689,#3690)
    ,(#3691,#3692
    )),.UNSPECIFIED.,.F.,.F.,.F.,(2,2),(2,2),(0.,0.105296284186),(
    -9.999999999999E-04,0.),.PIECEWISE_BEZIER_KNOTS.);
#3689 = CARTESIAN_POINT('',(3.037425266121E-02,3.25,4.953168511897));
#3690 = CARTESIAN_POINT('',(3.037425266121E-02,3.251,4.953168511897));
#3691 = CARTESIAN_POINT('',(-7.492203152495E-02,3.25,4.953168511897));
#3692 = CARTESIAN_POINT('',(-7.492203152495E-02,3.251,4.953168511897));
#3693 = ADVANCED_FACE('',(#3694),#3716,.F.);
#3694 = FACE_BOUND('',#3695,.T.);
#3695 = EDGE_LOOP('',(#3696,#3703,#3710,#3715));
#3696 = ORIENTED_EDGE('',*,*,#3697,.T.);
#3697 = EDGE_CURVE('',#3670,#3698,#3700,.T.);
#3698 = VERTEX_POINT('',#3699);
#3699 = CARTESIAN_POINT('',(3.037425266121E-02,3.25,5.187415572864));
#3700 = B_SPLINE_CURVE_WITH_KNOTS('',1,(#3701,#3702),.UNSPECIFIED.,.F.,
  .F.,(2,2),(-0.234247060967,0.),.PIECEWISE_BEZIER_KNOTS.);
#3701 = CARTESIAN_POINT('',(3.037425266121E-02,3.25,4.953168511897));
#3702 = CARTESIAN_POINT('',(3.037425266121E-02,3.25,5.187415572864));
#3703 = ORIENTED_EDGE('',*,*,#3704,.F.);
#3704 = EDGE_CURVE('',#3705,#3698,#3707,.T.);
#3705 = VERTEX_POINT('',#3706);
#3706 = CARTESIAN_POINT('',(3.037425266121E-02,3.251,5.187415572864));
#3707 = B_SPLINE_CURVE_WITH_KNOTS('',1,(#3708,#3709),.UNSPECIFIED.,.F.,
  .F.,(2,2),(-0.,9.999999999999E-04),.PIECEWISE_BEZIER_KNOTS.);
#3708 = CARTESIAN_POINT('',(3.037425266121E-02,3.251,5.187415572864));
#3709 = CARTESIAN_POINT('',(3.037425266121E-02,3.25,5.187415572864));
#3710 = ORIENTED_EDGE('',*,*,#3711,.F.);
#3711 = EDGE_CURVE('',#3677,#3705,#3712,.T.);
#3712 = B_SPLINE_CURVE_WITH_KNOTS('',1,(#3713,#3714),.UNSPECIFIED.,.F.,
  .F.,(2,2),(-0.234247060967,0.),.PIECEWISE_BEZIER_KNOTS.);
#3713 = CARTESIAN_POINT('',(3.037425266121E-02,3.251,4.953168511897));
#3714 = CARTESIAN_POINT('',(3.037425266121E-02,3.251,5.187415572864));
#3715 = ORIENTED_EDGE('',*,*,#3676,.T.);
#3716 = B_SPLINE_SURFACE_WITH_KNOTS('',1,1,(
    (#3717,#3718)
    ,(#3719,#3720
    )),.UNSPECIFIED.,.F.,.F.,.F.,(2,2),(2,2),(-0.,0.234247060967),(
    -9.999999999999E-04,0.),.PIECEWISE_BEZIER_KNOTS.);
#3717 = CARTESIAN_POINT('',(3.037425266121E-02,3.25,5.187415572864));
#3718 = CARTESIAN_POINT('',(3.037425266121E-02,3.251,5.187415572864));
#3719 = CARTESIAN_POINT('',(3.037425266121E-02,3.25,4.953168511897));
#3720 = CARTESIAN_POINT('',(3.037425266121E-02,3.251,4.953168511897));
#3721 = ADVANCED_FACE('',(#3722),#3744,.F.);
#3722 = FACE_BOUND('',#3723,.T.);
#3723 = EDGE_LOOP('',(#3724,#3731,#3738,#3743));
#3724 = ORIENTED_EDGE('',*,*,#3725,.T.);
#3725 = EDGE_CURVE('',#3698,#3726,#3728,.T.);
#3726 = VERTEX_POINT('',#3727);
#3727 = CARTESIAN_POINT('',(6.450430626417E-02,3.25,5.187415572864));
#3728 = B_SPLINE_CURVE_WITH_KNOTS('',1,(#3729,#3730),.UNSPECIFIED.,.F.,
  .F.,(2,2),(-3.413005360296E-02,0.),.PIECEWISE_BEZIER_KNOTS.);
#3729 = CARTESIAN_POINT('',(3.037425266121E-02,3.25,5.187415572864));
#3730 = CARTESIAN_POINT('',(6.450430626417E-02,3.25,5.187415572864));
#3731 = ORIENTED_EDGE('',*,*,#3732,.F.);
#3732 = EDGE_CURVE('',#3733,#3726,#3735,.T.);
#3733 = VERTEX_POINT('',#3734);
#3734 = CARTESIAN_POINT('',(6.450430626417E-02,3.251,5.187415572864));
#3735 = B_SPLINE_CURVE_WITH_KNOTS('',1,(#3736,#3737),.UNSPECIFIED.,.F.,
  .F.,(2,2),(-0.,9.999999999999E-04),.PIECEWISE_BEZIER_KNOTS.);
#3736 = CARTESIAN_POINT('',(6.450430626417E-02,3.251,5.187415572864));
#3737 = CARTESIAN_POINT('',(6.450430626417E-02,3.25,5.187415572864));
#3738 = ORIENTED_EDGE('',*,*,#3739,.F.);
#3739 = EDGE_CURVE('',#3705,#3733,#3740,.T.);
#3740 = B_SPLINE_CURVE_WITH_KNOTS('',1,(#3741,#3742),.UNSPECIFIED.,.F.,
  .F.,(2,2),(-3.413005360296E-02,0.),.PIECEWISE_BEZIER_KNOTS.);
#3741 = CARTESIAN_POINT('',(3.037425266121E-02,3.251,5.187415572864));
#3742 = CARTESIAN_POINT('',(6.450430626417E-02,3.251,5.187415572864));
#3743 = ORIENTED_EDGE('',*,*,#3704,.T.);
#3744 = B_SPLINE_SURFACE_WITH_KNOTS('',1,1,(
    (#3745,#3746)
    ,(#3747,#3748
    )),.UNSPECIFIED.,.F.,.F.,.F.,(2,2),(2,2),(0.,3.413005360296E-02),(
    -9.999999999999E-04,0.),.PIECEWISE_BEZIER_KNOTS.);
#3745 = CARTESIAN_POINT('',(6.450430626417E-02,3.25,5.187415572864));
#3746 = CARTESIAN_POINT('',(6.450430626417E-02,3.251,5.187415572864));
#3747 = CARTESIAN_POINT('',(3.037425266121E-02,3.25,5.187415572864));
#3748 = CARTESIAN_POINT('',(3.037425266121E-02,3.251,5.187415572864));
#3749 = ADVANCED_FACE('',(#3750),#3772,.F.);
#3750 = FACE_BOUND('',#3751,.T.);
#3751 = EDGE_LOOP('',(#3752,#3759,#3766,#3771));
#3752 = ORIENTED_EDGE('',*,*,#3753,.T.);
#3753 = EDGE_CURVE('',#3726,#3754,#3756,.T.);
#3754 = VERTEX_POINT('',#3755);
#3755 = CARTESIAN_POINT('',(6.450430626417E-02,3.25,4.923025929903));
#3756 = B_SPLINE_CURVE_WITH_KNOTS('',1,(#3757,#3758),.UNSPECIFIED.,.F.,
  .F.,(2,2),(-0.264389642961,-0.),.PIECEWISE_BEZIER_KNOTS.);
#3757 = CARTESIAN_POINT('',(6.450430626417E-02,3.25,5.187415572864));
#3758 = CARTESIAN_POINT('',(6.450430626417E-02,3.25,4.923025929903));
#3759 = ORIENTED_EDGE('',*,*,#3760,.F.);
#3760 = EDGE_CURVE('',#3761,#3754,#3763,.T.);
#3761 = VERTEX_POINT('',#3762);
#3762 = CARTESIAN_POINT('',(6.450430626417E-02,3.251,4.923025929903));
#3763 = B_SPLINE_CURVE_WITH_KNOTS('',1,(#3764,#3765),.UNSPECIFIED.,.F.,
  .F.,(2,2),(-0.,9.999999999999E-04),.PIECEWISE_BEZIER_KNOTS.);
#3764 = CARTESIAN_POINT('',(6.450430626417E-02,3.251,4.923025929903));
#3765 = CARTESIAN_POINT('',(6.450430626417E-02,3.25,4.923025929903));
#3766 = ORIENTED_EDGE('',*,*,#3767,.F.);
#3767 = EDGE_CURVE('',#3733,#3761,#3768,.T.);
#3768 = B_SPLINE_CURVE_WITH_KNOTS('',1,(#3769,#3770),.UNSPECIFIED.,.F.,
  .F.,(2,2),(-0.264389642961,-0.),.PIECEWISE_BEZIER_KNOTS.);
#3769 = CARTESIAN_POINT('',(6.450430626417E-02,3.251,5.187415572864));
#3770 = CARTESIAN_POINT('',(6.450430626417E-02,3.251,4.923025929903));
#3771 = ORIENTED_EDGE('',*,*,#3732,.T.);
#3772 = B_SPLINE_SURFACE_WITH_KNOTS('',1,1,(
    (#3773,#3774)
    ,(#3775,#3776
    )),.UNSPECIFIED.,.F.,.F.,.F.,(2,2),(2,2),(0.,0.264389642961),(
    -9.999999999999E-04,0.),.PIECEWISE_BEZIER_KNOTS.);
#3773 = CARTESIAN_POINT('',(6.450430626417E-02,3.25,4.923025929903));
#3774 = CARTESIAN_POINT('',(6.450430626417E-02,3.251,4.923025929903));
#3775 = CARTESIAN_POINT('',(6.450430626417E-02,3.25,5.187415572864));
#3776 = CARTESIAN_POINT('',(6.450430626417E-02,3.251,5.187415572864));
#3777 = ADVANCED_FACE('',(#3778),#3792,.F.);
#3778 = FACE_BOUND('',#3779,.T.);
#3779 = EDGE_LOOP('',(#3780,#3785,#3786,#3791));
#3780 = ORIENTED_EDGE('',*,*,#3781,.T.);
#3781 = EDGE_CURVE('',#3754,#3634,#3782,.T.);
#3782 = B_SPLINE_CURVE_WITH_KNOTS('',1,(#3783,#3784),.UNSPECIFIED.,.F.,
  .F.,(2,2),(-0.139426337789,0.),.PIECEWISE_BEZIER_KNOTS.);
#3783 = CARTESIAN_POINT('',(6.450430626417E-02,3.25,4.923025929903));
#3784 = CARTESIAN_POINT('',(-7.492203152495E-02,3.25,4.923025929903));
#3785 = ORIENTED_EDGE('',*,*,#3656,.F.);
#3786 = ORIENTED_EDGE('',*,*,#3787,.F.);
#3787 = EDGE_CURVE('',#3761,#3650,#3788,.T.);
#3788 = B_SPLINE_CURVE_WITH_KNOTS('',1,(#3789,#3790),.UNSPECIFIED.,.F.,
  .F.,(2,2),(-0.139426337789,0.),.PIECEWISE_BEZIER_KNOTS.);
#3789 = CARTESIAN_POINT('',(6.450430626417E-02,3.251,4.923025929903));
#3790 = CARTESIAN_POINT('',(-7.492203152495E-02,3.251,4.923025929903));
#3791 = ORIENTED_EDGE('',*,*,#3760,.T.);
#3792 = B_SPLINE_SURFACE_WITH_KNOTS('',1,1,(
    (#3793,#3794)
    ,(#3795,#3796
    )),.UNSPECIFIED.,.F.,.F.,.F.,(2,2),(2,2),(0.,0.139426337789),(
    -9.999999999999E-04,0.),.PIECEWISE_BEZIER_KNOTS.);
#3793 = CARTESIAN_POINT('',(-7.492203152495E-02,3.25,4.923025929903));
#3794 = CARTESIAN_POINT('',(-7.492203152495E-02,3.251,4.923025929903));
#3795 = CARTESIAN_POINT('',(6.450430626417E-02,3.25,4.923025929903));
#3796 = CARTESIAN_POINT('',(6.450430626417E-02,3.251,4.923025929903));
#3797 = ADVANCED_FACE('',(#3798),#3806,.F.);
#3798 = FACE_BOUND('',#3799,.T.);
#3799 = EDGE_LOOP('',(#3800,#3801,#3802,#3803,#3804,#3805));
#3800 = ORIENTED_EDGE('',*,*,#3649,.T.);
#3801 = ORIENTED_EDGE('',*,*,#3683,.T.);
#3802 = ORIENTED_EDGE('',*,*,#3711,.T.);
#3803 = ORIENTED_EDGE('',*,*,#3739,.T.);
#3804 = ORIENTED_EDGE('',*,*,#3767,.T.);
#3805 = ORIENTED_EDGE('',*,*,#3787,.T.);
#3806 = B_SPLINE_SURFACE_WITH_KNOTS('',1,1,(
    (#3807,#3808)
    ,(#3809,#3810
    )),.UNSPECIFIED.,.F.,.F.,.F.,(2,2),(2,2),(-1.279348654764,
    -1.014959011803),(-7.492203152495E-02,6.450430626417E-02),
  .PIECEWISE_BEZIER_KNOTS.);
#3807 = CARTESIAN_POINT('',(-7.492203152495E-02,3.251,5.187415572864));
#3808 = CARTESIAN_POINT('',(6.450430626417E-02,3.251,5.187415572864));
#3809 = CARTESIAN_POINT('',(-7.492203152495E-02,3.251,4.923025929903));
#3810 = CARTESIAN_POINT('',(6.450430626417E-02,3.251,4.923025929903));
#3811 = ADVANCED_FACE('',(#3812),#3820,.T.);
#3812 = FACE_BOUND('',#3813,.T.);
#3813 = EDGE_LOOP('',(#3814,#3815,#3816,#3817,#3818,#3819));
#3814 = ORIENTED_EDGE('',*,*,#3633,.F.);
#3815 = ORIENTED_EDGE('',*,*,#3781,.F.);
#3816 = ORIENTED_EDGE('',*,*,#3753,.F.);
#3817 = ORIENTED_EDGE('',*,*,#3725,.F.);
#3818 = ORIENTED_EDGE('',*,*,#3697,.F.);
#3819 = ORIENTED_EDGE('',*,*,#3669,.F.);
#3820 = B_SPLINE_SURFACE_WITH_KNOTS('',1,1,(
    (#3821,#3822)
    ,(#3823,#3824
    )),.UNSPECIFIED.,.F.,.F.,.F.,(2,2),(2,2),(-1.279348654764,
    -1.014959011803),(-7.492203152495E-02,6.450430626417E-02),
  .PIECEWISE_BEZIER_KNOTS.);
#3821 = CARTESIAN_POINT('',(-7.492203152495E-02,3.25,5.187415572864));
#3822 = CARTESIAN_POINT('',(6.450430626417E-02,3.25,5.187415572864));
#3823 = CARTESIAN_POINT('',(-7.492203152495E-02,3.25,4.923025929903));
#3824 = CARTESIAN_POINT('',(6.450430626417E-02,3.25,4.923025929903));
#3825 = MANIFOLD_SOLID_BREP('',#3826);
#3826 = CLOSED_SHELL('',(#3827,#3871,#3899,#3935,#3971,#4007,#4043,#4079
    ,#4115,#4143,#4179,#4215,#4251,#4287,#4315,#4337));
#3827 = ADVANCED_FACE('',(#3828),#3862,.F.);
#3828 = FACE_BOUND('',#3829,.F.);
#3829 = EDGE_LOOP('',(#3830,#3839,#3848,#3855));
#3830 = ORIENTED_EDGE('',*,*,#3831,.F.);
#3831 = EDGE_CURVE('',#3832,#3834,#3836,.T.);
#3832 = VERTEX_POINT('',#3833);
#3833 = CARTESIAN_POINT('',(-0.210496066233,3.251,4.918565368442));
#3834 = VERTEX_POINT('',#3835);
#3835 = CARTESIAN_POINT('',(-0.210496066233,3.25,4.918565368442));
#3836 = B_SPLINE_CURVE_WITH_KNOTS('',1,(#3837,#3838),.UNSPECIFIED.,.F.,
  .F.,(2,2),(-0.,9.999999999999E-04),.PIECEWISE_BEZIER_KNOTS.);
#3837 = CARTESIAN_POINT('',(-0.210496066233,3.251,4.918565368442));
#3838 = CARTESIAN_POINT('',(-0.210496066233,3.25,4.918565368442));
#3839 = ORIENTED_EDGE('',*,*,#3840,.T.);
#3840 = EDGE_CURVE('',#3832,#3841,#3843,.T.);
#3841 = VERTEX_POINT('',#3842);
#3842 = CARTESIAN_POINT('',(-0.283689824753,3.251,4.933974580762));
#3843 = B_SPLINE_CURVE_WITH_KNOTS('',3,(#3844,#3845,#3846,#3847),
  .UNSPECIFIED.,.F.,.F.,(4,4),(0.,1.),.PIECEWISE_BEZIER_KNOTS.);
#3844 = CARTESIAN_POINT('',(-0.210496066233,3.251,4.918565368442));
#3845 = CARTESIAN_POINT('',(-0.239827637052,3.251,4.918565368442));
#3846 = CARTESIAN_POINT('',(-0.264225556559,3.251,4.923701772548));
#3847 = CARTESIAN_POINT('',(-0.283689824753,3.251,4.933974580762));
#3848 = ORIENTED_EDGE('',*,*,#3849,.T.);
#3849 = EDGE_CURVE('',#3841,#3850,#3852,.T.);
#3850 = VERTEX_POINT('',#3851);
#3851 = CARTESIAN_POINT('',(-0.283689824753,3.25,4.933974580762));
#3852 = B_SPLINE_CURVE_WITH_KNOTS('',1,(#3853,#3854),.UNSPECIFIED.,.F.,
  .F.,(2,2),(-0.,9.999999999999E-04),.PIECEWISE_BEZIER_KNOTS.);
#3853 = CARTESIAN_POINT('',(-0.283689824753,3.251,4.933974580762));
#3854 = CARTESIAN_POINT('',(-0.283689824753,3.25,4.933974580762));
#3855 = ORIENTED_EDGE('',*,*,#3856,.F.);
#3856 = EDGE_CURVE('',#3834,#3850,#3857,.T.);
#3857 = B_SPLINE_CURVE_WITH_KNOTS('',3,(#3858,#3859,#3860,#3861),
  .UNSPECIFIED.,.F.,.F.,(4,4),(0.,1.),.PIECEWISE_BEZIER_KNOTS.);
#3858 = CARTESIAN_POINT('',(-0.210496066233,3.25,4.918565368442));
#3859 = CARTESIAN_POINT('',(-0.239827637052,3.25,4.918565368442));
#3860 = CARTESIAN_POINT('',(-0.264225556559,3.25,4.923701772548));
#3861 = CARTESIAN_POINT('',(-0.283689824753,3.25,4.933974580762));
#3862 = B_SPLINE_SURFACE_WITH_KNOTS('',3,1,(
    (#3863,#3864)
    ,(#3865,#3866)
    ,(#3867,#3868)
    ,(#3869,#3870
    )),.UNSPECIFIED.,.F.,.F.,.F.,(4,4),(2,2),(0.,1.),(0.,1.),
  .PIECEWISE_BEZIER_KNOTS.);
#3863 = CARTESIAN_POINT('',(-0.210496066233,3.251,4.918565368442));
#3864 = CARTESIAN_POINT('',(-0.210496066233,3.25,4.918565368442));
#3865 = CARTESIAN_POINT('',(-0.239827637052,3.251,4.918565368442));
#3866 = CARTESIAN_POINT('',(-0.239827637052,3.25,4.918565368442));
#3867 = CARTESIAN_POINT('',(-0.264225556559,3.251,4.923701772548));
#3868 = CARTESIAN_POINT('',(-0.264225556559,3.25,4.923701772548));
#3869 = CARTESIAN_POINT('',(-0.283689824753,3.251,4.933974580762));
#3870 = CARTESIAN_POINT('',(-0.283689824753,3.25,4.933974580762));
#3871 = ADVANCED_FACE('',(#3872),#3894,.F.);
#3872 = FACE_BOUND('',#3873,.T.);
#3873 = EDGE_LOOP('',(#3874,#3881,#3888,#3893));
#3874 = ORIENTED_EDGE('',*,*,#3875,.T.);
#3875 = EDGE_CURVE('',#3850,#3876,#3878,.T.);
#3876 = VERTEX_POINT('',#3877);
#3877 = CARTESIAN_POINT('',(-0.283689824753,3.25,4.96668536481));
#3878 = B_SPLINE_CURVE_WITH_KNOTS('',1,(#3879,#3880),.UNSPECIFIED.,.F.,
  .F.,(2,2),(-3.27107840479E-02,0.),.PIECEWISE_BEZIER_KNOTS.);
#3879 = CARTESIAN_POINT('',(-0.283689824753,3.25,4.933974580762));
#3880 = CARTESIAN_POINT('',(-0.283689824753,3.25,4.96668536481));
#3881 = ORIENTED_EDGE('',*,*,#3882,.F.);
#3882 = EDGE_CURVE('',#3883,#3876,#3885,.T.);
#3883 = VERTEX_POINT('',#3884);
#3884 = CARTESIAN_POINT('',(-0.283689824753,3.251,4.96668536481));
#3885 = B_SPLINE_CURVE_WITH_KNOTS('',1,(#3886,#3887),.UNSPECIFIED.,.F.,
  .F.,(2,2),(-0.,9.999999999999E-04),.PIECEWISE_BEZIER_KNOTS.);
#3886 = CARTESIAN_POINT('',(-0.283689824753,3.251,4.96668536481));
#3887 = CARTESIAN_POINT('',(-0.283689824753,3.25,4.96668536481));
#3888 = ORIENTED_EDGE('',*,*,#3889,.F.);
#3889 = EDGE_CURVE('',#3841,#3883,#3890,.T.);
#3890 = B_SPLINE_CURVE_WITH_KNOTS('',1,(#3891,#3892),.UNSPECIFIED.,.F.,
  .F.,(2,2),(-3.27107840479E-02,0.),.PIECEWISE_BEZIER_KNOTS.);
#3891 = CARTESIAN_POINT('',(-0.283689824753,3.251,4.933974580762));
#3892 = CARTESIAN_POINT('',(-0.283689824753,3.251,4.96668536481));
#3893 = ORIENTED_EDGE('',*,*,#3849,.T.);
#3894 = B_SPLINE_SURFACE_WITH_KNOTS('',1,1,(
    (#3895,#3896)
    ,(#3897,#3898
    )),.UNSPECIFIED.,.F.,.F.,.F.,(2,2),(2,2),(-0.,3.27107840479E-02),(
    -9.999999999999E-04,0.),.PIECEWISE_BEZIER_KNOTS.);
#3895 = CARTESIAN_POINT('',(-0.283689824753,3.25,4.96668536481));
#3896 = CARTESIAN_POINT('',(-0.283689824753,3.251,4.96668536481));
#3897 = CARTESIAN_POINT('',(-0.283689824753,3.25,4.933974580762));
#3898 = CARTESIAN_POINT('',(-0.283689824753,3.251,4.933974580762));
#3899 = ADVANCED_FACE('',(#3900),#3926,.F.);
#3900 = FACE_BOUND('',#3901,.F.);
#3901 = EDGE_LOOP('',(#3902,#3903,#3912,#3919));
#3902 = ORIENTED_EDGE('',*,*,#3882,.F.);
#3903 = ORIENTED_EDGE('',*,*,#3904,.T.);
#3904 = EDGE_CURVE('',#3883,#3905,#3907,.T.);
#3905 = VERTEX_POINT('',#3906);
#3906 = CARTESIAN_POINT('',(-0.215429717546,3.251,4.948978287494));
#3907 = B_SPLINE_CURVE_WITH_KNOTS('',3,(#3908,#3909,#3910,#3911),
  .UNSPECIFIED.,.F.,.F.,(4,4),(12.,13.),.PIECEWISE_BEZIER_KNOTS.);
#3908 = CARTESIAN_POINT('',(-0.283689824753,3.251,4.96668536481));
#3909 = CARTESIAN_POINT('',(-0.264360725088,3.251,4.954925702776));
#3910 = CARTESIAN_POINT('',(-0.241584827931,3.251,4.948978287494));
#3911 = CARTESIAN_POINT('',(-0.215429717546,3.251,4.948978287494));
#3912 = ORIENTED_EDGE('',*,*,#3913,.T.);
#3913 = EDGE_CURVE('',#3905,#3914,#3916,.T.);
#3914 = VERTEX_POINT('',#3915);
#3915 = CARTESIAN_POINT('',(-0.215429717546,3.25,4.948978287494));
#3916 = B_SPLINE_CURVE_WITH_KNOTS('',1,(#3917,#3918),.UNSPECIFIED.,.F.,
  .F.,(2,2),(-0.,9.999999999999E-04),.PIECEWISE_BEZIER_KNOTS.);
#3917 = CARTESIAN_POINT('',(-0.215429717546,3.251,4.948978287494));
#3918 = CARTESIAN_POINT('',(-0.215429717546,3.25,4.948978287494));
#3919 = ORIENTED_EDGE('',*,*,#3920,.F.);
#3920 = EDGE_CURVE('',#3876,#3914,#3921,.T.);
#3921 = B_SPLINE_CURVE_WITH_KNOTS('',3,(#3922,#3923,#3924,#3925),
  .UNSPECIFIED.,.F.,.F.,(4,4),(12.,13.),.PIECEWISE_BEZIER_KNOTS.);
#3922 = CARTESIAN_POINT('',(-0.283689824753,3.25,4.96668536481));
#3923 = CARTESIAN_POINT('',(-0.264360725088,3.25,4.954925702776));
#3924 = CARTESIAN_POINT('',(-0.241584827931,3.25,4.948978287494));
#3925 = CARTESIAN_POINT('',(-0.215429717546,3.25,4.948978287494));
#3926 = B_SPLINE_SURFACE_WITH_KNOTS('',3,1,(
    (#3927,#3928)
    ,(#3929,#3930)
    ,(#3931,#3932)
    ,(#3933,#3934
    )),.UNSPECIFIED.,.F.,.F.,.F.,(4,4),(2,2),(12.,13.),(0.,1.),
  .PIECEWISE_BEZIER_KNOTS.);
#3927 = CARTESIAN_POINT('',(-0.283689824753,3.251,4.96668536481));
#3928 = CARTESIAN_POINT('',(-0.283689824753,3.25,4.96668536481));
#3929 = CARTESIAN_POINT('',(-0.264360725088,3.251,4.954925702776));
#3930 = CARTESIAN_POINT('',(-0.264360725088,3.25,4.954925702776));
#3931 = CARTESIAN_POINT('',(-0.241584827931,3.251,4.948978287494));
#3932 = CARTESIAN_POINT('',(-0.241584827931,3.25,4.948978287494));
#3933 = CARTESIAN_POINT('',(-0.215429717546,3.251,4.948978287494));
#3934 = CARTESIAN_POINT('',(-0.215429717546,3.25,4.948978287494));
#3935 = ADVANCED_FACE('',(#3936),#3962,.F.);
#3936 = FACE_BOUND('',#3937,.F.);
#3937 = EDGE_LOOP('',(#3938,#3939,#3948,#3955));
#3938 = ORIENTED_EDGE('',*,*,#3913,.F.);
#3939 = ORIENTED_EDGE('',*,*,#3940,.T.);
#3940 = EDGE_CURVE('',#3905,#3941,#3943,.T.);
#3941 = VERTEX_POINT('',#3942);
#3942 = CARTESIAN_POINT('',(-0.147507531662,3.251,4.976823004494));
#3943 = B_SPLINE_CURVE_WITH_KNOTS('',3,(#3944,#3945,#3946,#3947),
  .UNSPECIFIED.,.F.,.F.,(4,4),(11.,12.),.PIECEWISE_BEZIER_KNOTS.);
#3944 = CARTESIAN_POINT('',(-0.215429717546,3.251,4.948978287494));
#3945 = CARTESIAN_POINT('',(-0.187449832018,3.251,4.948978287494));
#3946 = CARTESIAN_POINT('',(-0.16480910339,3.251,4.958304916003));
#3947 = CARTESIAN_POINT('',(-0.147507531662,3.251,4.976823004494));
#3948 = ORIENTED_EDGE('',*,*,#3949,.T.);
#3949 = EDGE_CURVE('',#3941,#3950,#3952,.T.);
#3950 = VERTEX_POINT('',#3951);
#3951 = CARTESIAN_POINT('',(-0.147507531662,3.25,4.976823004494));
#3952 = B_SPLINE_CURVE_WITH_KNOTS('',1,(#3953,#3954),.UNSPECIFIED.,.F.,
  .F.,(2,2),(-0.,9.999999999999E-04),.PIECEWISE_BEZIER_KNOTS.);
#3953 = CARTESIAN_POINT('',(-0.147507531662,3.251,4.976823004494));
#3954 = CARTESIAN_POINT('',(-0.147507531662,3.25,4.976823004494));
#3955 = ORIENTED_EDGE('',*,*,#3956,.F.);
#3956 = EDGE_CURVE('',#3914,#3950,#3957,.T.);
#3957 = B_SPLINE_CURVE_WITH_KNOTS('',3,(#3958,#3959,#3960,#3961),
  .UNSPECIFIED.,.F.,.F.,(4,4),(11.,12.),.PIECEWISE_BEZIER_KNOTS.);
#3958 = CARTESIAN_POINT('',(-0.215429717546,3.25,4.948978287494));
#3959 = CARTESIAN_POINT('',(-0.187449832018,3.25,4.948978287494));
#3960 = CARTESIAN_POINT('',(-0.16480910339,3.25,4.958304916003));
#3961 = CARTESIAN_POINT('',(-0.147507531662,3.25,4.976823004494));
#3962 = B_SPLINE_SURFACE_WITH_KNOTS('',3,1,(
    (#3963,#3964)
    ,(#3965,#3966)
    ,(#3967,#3968)
    ,(#3969,#3970
    )),.UNSPECIFIED.,.F.,.F.,.F.,(4,4),(2,2),(11.,12.),(0.,1.),
  .PIECEWISE_BEZIER_KNOTS.);
#3963 = CARTESIAN_POINT('',(-0.215429717546,3.251,4.948978287494));
#3964 = CARTESIAN_POINT('',(-0.215429717546,3.25,4.948978287494));
#3965 = CARTESIAN_POINT('',(-0.187449832018,3.251,4.948978287494));
#3966 = CARTESIAN_POINT('',(-0.187449832018,3.25,4.948978287494));
#3967 = CARTESIAN_POINT('',(-0.16480910339,3.251,4.958304916003));
#3968 = CARTESIAN_POINT('',(-0.16480910339,3.25,4.958304916003));
#3969 = CARTESIAN_POINT('',(-0.147507531662,3.251,4.976823004494));
#3970 = CARTESIAN_POINT('',(-0.147507531662,3.25,4.976823004494));
#3971 = ADVANCED_FACE('',(#3972),#3998,.F.);
#3972 = FACE_BOUND('',#3973,.F.);
#3973 = EDGE_LOOP('',(#3974,#3975,#3984,#3991));
#3974 = ORIENTED_EDGE('',*,*,#3949,.F.);
#3975 = ORIENTED_EDGE('',*,*,#3976,.T.);
#3976 = EDGE_CURVE('',#3941,#3977,#3979,.T.);
#3977 = VERTEX_POINT('',#3978);
#3978 = CARTESIAN_POINT('',(-0.121555174072,3.251,5.052247043744));
#3979 = B_SPLINE_CURVE_WITH_KNOTS('',3,(#3980,#3981,#3982,#3983),
  .UNSPECIFIED.,.F.,.F.,(4,4),(10.,11.),.PIECEWISE_BEZIER_KNOTS.);
#3980 = CARTESIAN_POINT('',(-0.147507531662,3.251,4.976823004494));
#3981 = CARTESIAN_POINT('',(-0.130205959935,3.251,4.995476261513));
#3982 = CARTESIAN_POINT('',(-0.121555174072,3.251,5.020617607929));
#3983 = CARTESIAN_POINT('',(-0.121555174072,3.251,5.052247043744));
#3984 = ORIENTED_EDGE('',*,*,#3985,.T.);
#3985 = EDGE_CURVE('',#3977,#3986,#3988,.T.);
#3986 = VERTEX_POINT('',#3987);
#3987 = CARTESIAN_POINT('',(-0.121555174072,3.25,5.052247043744));
#3988 = B_SPLINE_CURVE_WITH_KNOTS('',1,(#3989,#3990),.UNSPECIFIED.,.F.,
  .F.,(2,2),(-0.,9.999999999999E-04),.PIECEWISE_BEZIER_KNOTS.);
#3989 = CARTESIAN_POINT('',(-0.121555174072,3.251,5.052247043744));
#3990 = CARTESIAN_POINT('',(-0.121555174072,3.25,5.052247043744));
#3991 = ORIENTED_EDGE('',*,*,#3992,.F.);
#3992 = EDGE_CURVE('',#3950,#3986,#3993,.T.);
#3993 = B_SPLINE_CURVE_WITH_KNOTS('',3,(#3994,#3995,#3996,#3997),
  .UNSPECIFIED.,.F.,.F.,(4,4),(10.,11.),.PIECEWISE_BEZIER_KNOTS.);
#3994 = CARTESIAN_POINT('',(-0.147507531662,3.25,4.976823004494));
#3995 = CARTESIAN_POINT('',(-0.130205959935,3.25,4.995476261513));
#3996 = CARTESIAN_POINT('',(-0.121555174072,3.25,5.020617607929));
#3997 = CARTESIAN_POINT('',(-0.121555174072,3.25,5.052247043744));
#3998 = B_SPLINE_SURFACE_WITH_KNOTS('',3,1,(
    (#3999,#4000)
    ,(#4001,#4002)
    ,(#4003,#4004)
    ,(#4005,#4006
    )),.UNSPECIFIED.,.F.,.F.,.F.,(4,4),(2,2),(10.,11.),(0.,1.),
  .PIECEWISE_BEZIER_KNOTS.);
#3999 = CARTESIAN_POINT('',(-0.147507531662,3.251,4.976823004494));
#4000 = CARTESIAN_POINT('',(-0.147507531662,3.25,4.976823004494));
#4001 = CARTESIAN_POINT('',(-0.130205959935,3.251,4.995476261513));
#4002 = CARTESIAN_POINT('',(-0.130205959935,3.25,4.995476261513));
#4003 = CARTESIAN_POINT('',(-0.121555174072,3.251,5.020617607929));
#4004 = CARTESIAN_POINT('',(-0.121555174072,3.25,5.020617607929));
#4005 = CARTESIAN_POINT('',(-0.121555174072,3.251,5.052247043744));
#4006 = CARTESIAN_POINT('',(-0.121555174072,3.25,5.052247043744));
#4007 = ADVANCED_FACE('',(#4008),#4034,.F.);
#4008 = FACE_BOUND('',#4009,.F.);
#4009 = EDGE_LOOP('',(#4010,#4011,#4020,#4027));
#4010 = ORIENTED_EDGE('',*,*,#3985,.F.);
#4011 = ORIENTED_EDGE('',*,*,#4012,.T.);
#4012 = EDGE_CURVE('',#3977,#4013,#4015,.T.);
#4013 = VERTEX_POINT('',#4014);
#4014 = CARTESIAN_POINT('',(-0.149332306806,3.251,5.131726138867));
#4015 = B_SPLINE_CURVE_WITH_KNOTS('',3,(#4016,#4017,#4018,#4019),
  .UNSPECIFIED.,.F.,.F.,(4,4),(9.,10.),.PIECEWISE_BEZIER_KNOTS.);
#4016 = CARTESIAN_POINT('',(-0.121555174072,3.251,5.052247043744));
#4017 = CARTESIAN_POINT('',(-0.121555174072,3.251,5.085498501907));
#4018 = CARTESIAN_POINT('',(-0.130814218316,3.251,5.111991533614));
#4019 = CARTESIAN_POINT('',(-0.149332306806,3.251,5.131726138867));
#4020 = ORIENTED_EDGE('',*,*,#4021,.T.);
#4021 = EDGE_CURVE('',#4013,#4022,#4024,.T.);
#4022 = VERTEX_POINT('',#4023);
#4023 = CARTESIAN_POINT('',(-0.149332306806,3.25,5.131726138867));
#4024 = B_SPLINE_CURVE_WITH_KNOTS('',1,(#4025,#4026),.UNSPECIFIED.,.F.,
  .F.,(2,2),(-0.,9.999999999999E-04),.PIECEWISE_BEZIER_KNOTS.);
#4025 = CARTESIAN_POINT('',(-0.149332306806,3.251,5.131726138867));
#4026 = CARTESIAN_POINT('',(-0.149332306806,3.25,5.131726138867));
#4027 = ORIENTED_EDGE('',*,*,#4028,.F.);
#4028 = EDGE_CURVE('',#3986,#4022,#4029,.T.);
#4029 = B_SPLINE_CURVE_WITH_KNOTS('',3,(#4030,#4031,#4032,#4033),
  .UNSPECIFIED.,.F.,.F.,(4,4),(9.,10.),.PIECEWISE_BEZIER_KNOTS.);
#4030 = CARTESIAN_POINT('',(-0.121555174072,3.25,5.052247043744));
#4031 = CARTESIAN_POINT('',(-0.121555174072,3.25,5.085498501907));
#4032 = CARTESIAN_POINT('',(-0.130814218316,3.25,5.111991533614));
#4033 = CARTESIAN_POINT('',(-0.149332306806,3.25,5.131726138867));
#4034 = B_SPLINE_SURFACE_WITH_KNOTS('',3,1,(
    (#4035,#4036)
    ,(#4037,#4038)
    ,(#4039,#4040)
    ,(#4041,#4042
    )),.UNSPECIFIED.,.F.,.F.,.F.,(4,4),(2,2),(9.,10.),(0.,1.),
  .PIECEWISE_BEZIER_KNOTS.);
#4035 = CARTESIAN_POINT('',(-0.121555174072,3.251,5.052247043744));
#4036 = CARTESIAN_POINT('',(-0.121555174072,3.25,5.052247043744));
#4037 = CARTESIAN_POINT('',(-0.121555174072,3.251,5.085498501907));
#4038 = CARTESIAN_POINT('',(-0.121555174072,3.25,5.085498501907));
#4039 = CARTESIAN_POINT('',(-0.130814218316,3.251,5.111991533614));
#4040 = CARTESIAN_POINT('',(-0.130814218316,3.25,5.111991533614));
#4041 = CARTESIAN_POINT('',(-0.149332306806,3.251,5.131726138867));
#4042 = CARTESIAN_POINT('',(-0.149332306806,3.25,5.131726138867));
#4043 = ADVANCED_FACE('',(#4044),#4070,.F.);
#4044 = FACE_BOUND('',#4045,.F.);
#4045 = EDGE_LOOP('',(#4046,#4047,#4056,#4063));
#4046 = ORIENTED_EDGE('',*,*,#4021,.F.);
#4047 = ORIENTED_EDGE('',*,*,#4048,.T.);
#4048 = EDGE_CURVE('',#4013,#4049,#4051,.T.);
#4049 = VERTEX_POINT('',#4050);
#4050 = CARTESIAN_POINT('',(-0.221377132828,3.251,5.161057709685));
#4051 = B_SPLINE_CURVE_WITH_KNOTS('',3,(#4052,#4053,#4054,#4055),
  .UNSPECIFIED.,.F.,.F.,(4,4),(8.,9.),.PIECEWISE_BEZIER_KNOTS.);
#4052 = CARTESIAN_POINT('',(-0.149332306806,3.251,5.131726138867));
#4053 = CARTESIAN_POINT('',(-0.16791797956,3.251,5.151325575588));
#4054 = CARTESIAN_POINT('',(-0.191910393479,3.251,5.161057709685));
#4055 = CARTESIAN_POINT('',(-0.221377132828,3.251,5.161057709685));
#4056 = ORIENTED_EDGE('',*,*,#4057,.T.);
#4057 = EDGE_CURVE('',#4049,#4058,#4060,.T.);
#4058 = VERTEX_POINT('',#4059);
#4059 = CARTESIAN_POINT('',(-0.221377132828,3.25,5.161057709685));
#4060 = B_SPLINE_CURVE_WITH_KNOTS('',1,(#4061,#4062),.UNSPECIFIED.,.F.,
  .F.,(2,2),(-0.,9.999999999999E-04),.PIECEWISE_BEZIER_KNOTS.);
#4061 = CARTESIAN_POINT('',(-0.221377132828,3.251,5.161057709685));
#4062 = CARTESIAN_POINT('',(-0.221377132828,3.25,5.161057709685));
#4063 = ORIENTED_EDGE('',*,*,#4064,.F.);
#4064 = EDGE_CURVE('',#4022,#4058,#4065,.T.);
#4065 = B_SPLINE_CURVE_WITH_KNOTS('',3,(#4066,#4067,#4068,#4069),
  .UNSPECIFIED.,.F.,.F.,(4,4),(8.,9.),.PIECEWISE_BEZIER_KNOTS.);
#4066 = CARTESIAN_POINT('',(-0.149332306806,3.25,5.131726138867));
#4067 = CARTESIAN_POINT('',(-0.16791797956,3.25,5.151325575588));
#4068 = CARTESIAN_POINT('',(-0.191910393479,3.25,5.161057709685));
#4069 = CARTESIAN_POINT('',(-0.221377132828,3.25,5.161057709685));
#4070 = B_SPLINE_SURFACE_WITH_KNOTS('',3,1,(
    (#4071,#4072)
    ,(#4073,#4074)
    ,(#4075,#4076)
    ,(#4077,#4078
    )),.UNSPECIFIED.,.F.,.F.,.F.,(4,4),(2,2),(8.,9.),(0.,1.),
  .PIECEWISE_BEZIER_KNOTS.);
#4071 = CARTESIAN_POINT('',(-0.149332306806,3.251,5.131726138867));
#4072 = CARTESIAN_POINT('',(-0.149332306806,3.25,5.131726138867));
#4073 = CARTESIAN_POINT('',(-0.16791797956,3.251,5.151325575588));
#4074 = CARTESIAN_POINT('',(-0.16791797956,3.25,5.151325575588));
#4075 = CARTESIAN_POINT('',(-0.191910393479,3.251,5.161057709685));
#4076 = CARTESIAN_POINT('',(-0.191910393479,3.25,5.161057709685));
#4077 = CARTESIAN_POINT('',(-0.221377132828,3.251,5.161057709685));
#4078 = CARTESIAN_POINT('',(-0.221377132828,3.25,5.161057709685));
#4079 = ADVANCED_FACE('',(#4080),#4106,.F.);
#4080 = FACE_BOUND('',#4081,.F.);
#4081 = EDGE_LOOP('',(#4082,#4083,#4092,#4099));
#4082 = ORIENTED_EDGE('',*,*,#4057,.F.);
#4083 = ORIENTED_EDGE('',*,*,#4084,.T.);
#4084 = EDGE_CURVE('',#4049,#4085,#4087,.T.);
#4085 = VERTEX_POINT('',#4086);
#4086 = CARTESIAN_POINT('',(-0.283689824753,3.251,5.145378160308));
#4087 = B_SPLINE_CURVE_WITH_KNOTS('',3,(#4088,#4089,#4090,#4091),
  .UNSPECIFIED.,.F.,.F.,(4,4),(7.,8.),.PIECEWISE_BEZIER_KNOTS.);
#4088 = CARTESIAN_POINT('',(-0.221377132828,3.251,5.161057709685));
#4089 = CARTESIAN_POINT('',(-0.244017861455,3.251,5.161057709685));
#4090 = CARTESIAN_POINT('',(-0.264766230676,3.251,5.155921305579));
#4091 = CARTESIAN_POINT('',(-0.283689824753,3.251,5.145378160308));
#4092 = ORIENTED_EDGE('',*,*,#4093,.T.);
#4093 = EDGE_CURVE('',#4085,#4094,#4096,.T.);
#4094 = VERTEX_POINT('',#4095);
#4095 = CARTESIAN_POINT('',(-0.283689824753,3.25,5.145378160308));
#4096 = B_SPLINE_CURVE_WITH_KNOTS('',1,(#4097,#4098),.UNSPECIFIED.,.F.,
  .F.,(2,2),(-0.,9.999999999999E-04),.PIECEWISE_BEZIER_KNOTS.);
#4097 = CARTESIAN_POINT('',(-0.283689824753,3.251,5.145378160308));
#4098 = CARTESIAN_POINT('',(-0.283689824753,3.25,5.145378160308));
#4099 = ORIENTED_EDGE('',*,*,#4100,.F.);
#4100 = EDGE_CURVE('',#4058,#4094,#4101,.T.);
#4101 = B_SPLINE_CURVE_WITH_KNOTS('',3,(#4102,#4103,#4104,#4105),
  .UNSPECIFIED.,.F.,.F.,(4,4),(7.,8.),.PIECEWISE_BEZIER_KNOTS.);
#4102 = CARTESIAN_POINT('',(-0.221377132828,3.25,5.161057709685));
#4103 = CARTESIAN_POINT('',(-0.244017861455,3.25,5.161057709685));
#4104 = CARTESIAN_POINT('',(-0.264766230676,3.25,5.155921305579));
#4105 = CARTESIAN_POINT('',(-0.283689824753,3.25,5.145378160308));
#4106 = B_SPLINE_SURFACE_WITH_KNOTS('',3,1,(
    (#4107,#4108)
    ,(#4109,#4110)
    ,(#4111,#4112)
    ,(#4113,#4114
    )),.UNSPECIFIED.,.F.,.F.,.F.,(4,4),(2,2),(7.,8.),(0.,1.),
  .PIECEWISE_BEZIER_KNOTS.);
#4107 = CARTESIAN_POINT('',(-0.221377132828,3.251,5.161057709685));
#4108 = CARTESIAN_POINT('',(-0.221377132828,3.25,5.161057709685));
#4109 = CARTESIAN_POINT('',(-0.244017861455,3.251,5.161057709685));
#4110 = CARTESIAN_POINT('',(-0.244017861455,3.25,5.161057709685));
#4111 = CARTESIAN_POINT('',(-0.264766230676,3.251,5.155921305579));
#4112 = CARTESIAN_POINT('',(-0.264766230676,3.25,5.155921305579));
#4113 = CARTESIAN_POINT('',(-0.283689824753,3.251,5.145378160308));
#4114 = CARTESIAN_POINT('',(-0.283689824753,3.25,5.145378160308));
#4115 = ADVANCED_FACE('',(#4116),#4138,.F.);
#4116 = FACE_BOUND('',#4117,.T.);
#4117 = EDGE_LOOP('',(#4118,#4125,#4132,#4137));
#4118 = ORIENTED_EDGE('',*,*,#4119,.T.);
#4119 = EDGE_CURVE('',#4094,#4120,#4122,.T.);
#4120 = VERTEX_POINT('',#4121);
#4121 = CARTESIAN_POINT('',(-0.283689824753,3.25,5.181062651995));
#4122 = B_SPLINE_CURVE_WITH_KNOTS('',1,(#4123,#4124),.UNSPECIFIED.,.F.,
  .F.,(2,2),(-3.568449168698E-02,0.),.PIECEWISE_BEZIER_KNOTS.);
#4123 = CARTESIAN_POINT('',(-0.283689824753,3.25,5.145378160308));
#4124 = CARTESIAN_POINT('',(-0.283689824753,3.25,5.181062651995));
#4125 = ORIENTED_EDGE('',*,*,#4126,.F.);
#4126 = EDGE_CURVE('',#4127,#4120,#4129,.T.);
#4127 = VERTEX_POINT('',#4128);
#4128 = CARTESIAN_POINT('',(-0.283689824753,3.251,5.181062651995));
#4129 = B_SPLINE_CURVE_WITH_KNOTS('',1,(#4130,#4131),.UNSPECIFIED.,.F.,
  .F.,(2,2),(-0.,9.999999999999E-04),.PIECEWISE_BEZIER_KNOTS.);
#4130 = CARTESIAN_POINT('',(-0.283689824753,3.251,5.181062651995));
#4131 = CARTESIAN_POINT('',(-0.283689824753,3.25,5.181062651995));
#4132 = ORIENTED_EDGE('',*,*,#4133,.F.);
#4133 = EDGE_CURVE('',#4085,#4127,#4134,.T.);
#4134 = B_SPLINE_CURVE_WITH_KNOTS('',1,(#4135,#4136),.UNSPECIFIED.,.F.,
  .F.,(2,2),(-3.568449168698E-02,0.),.PIECEWISE_BEZIER_KNOTS.);
#4135 = CARTESIAN_POINT('',(-0.283689824753,3.251,5.145378160308));
#4136 = CARTESIAN_POINT('',(-0.283689824753,3.251,5.181062651995));
#4137 = ORIENTED_EDGE('',*,*,#4093,.T.);
#4138 = B_SPLINE_SURFACE_WITH_KNOTS('',1,1,(
    (#4139,#4140)
    ,(#4141,#4142
    )),.UNSPECIFIED.,.F.,.F.,.F.,(2,2),(2,2),(-0.,3.568449168698E-02),(
    -9.999999999999E-04,0.),.PIECEWISE_BEZIER_KNOTS.);
#4139 = CARTESIAN_POINT('',(-0.283689824753,3.25,5.181062651995));
#4140 = CARTESIAN_POINT('',(-0.283689824753,3.251,5.181062651995));
#4141 = CARTESIAN_POINT('',(-0.283689824753,3.25,5.145378160308));
#4142 = CARTESIAN_POINT('',(-0.283689824753,3.251,5.145378160308));
#4143 = ADVANCED_FACE('',(#4144),#4170,.F.);
#4144 = FACE_BOUND('',#4145,.F.);
#4145 = EDGE_LOOP('',(#4146,#4147,#4156,#4163));
#4146 = ORIENTED_EDGE('',*,*,#4126,.F.);
#4147 = ORIENTED_EDGE('',*,*,#4148,.T.);
#4148 = EDGE_CURVE('',#4127,#4149,#4151,.T.);
#4149 = VERTEX_POINT('',#4150);
#4150 = CARTESIAN_POINT('',(-0.221039211504,3.251,5.191876134325));
#4151 = B_SPLINE_CURVE_WITH_KNOTS('',3,(#4152,#4153,#4154,#4155),
  .UNSPECIFIED.,.F.,.F.,(4,4),(5.,6.),.PIECEWISE_BEZIER_KNOTS.);
#4152 = CARTESIAN_POINT('',(-0.283689824753,3.251,5.181062651995));
#4153 = CARTESIAN_POINT('',(-0.2671992642,3.251,5.18822658404));
#4154 = CARTESIAN_POINT('',(-0.24631572645,3.251,5.191876134325));
#4155 = CARTESIAN_POINT('',(-0.221039211504,3.251,5.191876134325));
#4156 = ORIENTED_EDGE('',*,*,#4157,.T.);
#4157 = EDGE_CURVE('',#4149,#4158,#4160,.T.);
#4158 = VERTEX_POINT('',#4159);
#4159 = CARTESIAN_POINT('',(-0.221039211504,3.25,5.191876134325));
#4160 = B_SPLINE_CURVE_WITH_KNOTS('',1,(#4161,#4162),.UNSPECIFIED.,.F.,
  .F.,(2,2),(-0.,9.999999999999E-04),.PIECEWISE_BEZIER_KNOTS.);
#4161 = CARTESIAN_POINT('',(-0.221039211504,3.251,5.191876134325));
#4162 = CARTESIAN_POINT('',(-0.221039211504,3.25,5.191876134325));
#4163 = ORIENTED_EDGE('',*,*,#4164,.F.);
#4164 = EDGE_CURVE('',#4120,#4158,#4165,.T.);
#4165 = B_SPLINE_CURVE_WITH_KNOTS('',3,(#4166,#4167,#4168,#4169),
  .UNSPECIFIED.,.F.,.F.,(4,4),(5.,6.),.PIECEWISE_BEZIER_KNOTS.);
#4166 = CARTESIAN_POINT('',(-0.283689824753,3.25,5.181062651995));
#4167 = CARTESIAN_POINT('',(-0.2671992642,3.25,5.18822658404));
#4168 = CARTESIAN_POINT('',(-0.24631572645,3.25,5.191876134325));
#4169 = CARTESIAN_POINT('',(-0.221039211504,3.25,5.191876134325));
#4170 = B_SPLINE_SURFACE_WITH_KNOTS('',3,1,(
    (#4171,#4172)
    ,(#4173,#4174)
    ,(#4175,#4176)
    ,(#4177,#4178
    )),.UNSPECIFIED.,.F.,.F.,.F.,(4,4),(2,2),(5.,6.),(0.,1.),
  .PIECEWISE_BEZIER_KNOTS.);
#4171 = CARTESIAN_POINT('',(-0.283689824753,3.251,5.181062651995));
#4172 = CARTESIAN_POINT('',(-0.283689824753,3.25,5.181062651995));
#4173 = CARTESIAN_POINT('',(-0.2671992642,3.251,5.18822658404));
#4174 = CARTESIAN_POINT('',(-0.2671992642,3.25,5.18822658404));
#4175 = CARTESIAN_POINT('',(-0.24631572645,3.251,5.191876134325));
#4176 = CARTESIAN_POINT('',(-0.24631572645,3.25,5.191876134325));
#4177 = CARTESIAN_POINT('',(-0.221039211504,3.251,5.191876134325));
#4178 = CARTESIAN_POINT('',(-0.221039211504,3.25,5.191876134325));
#4179 = ADVANCED_FACE('',(#4180),#4206,.F.);
#4180 = FACE_BOUND('',#4181,.F.);
#4181 = EDGE_LOOP('',(#4182,#4183,#4192,#4199));
#4182 = ORIENTED_EDGE('',*,*,#4157,.F.);
#4183 = ORIENTED_EDGE('',*,*,#4184,.T.);
#4184 = EDGE_CURVE('',#4149,#4185,#4187,.T.);
#4185 = VERTEX_POINT('',#4186);
#4186 = CARTESIAN_POINT('',(-0.123920623331,3.251,5.152947597938));
#4187 = B_SPLINE_CURVE_WITH_KNOTS('',3,(#4188,#4189,#4190,#4191),
  .UNSPECIFIED.,.F.,.F.,(4,4),(4.,5.),.PIECEWISE_BEZIER_KNOTS.);
#4188 = CARTESIAN_POINT('',(-0.221039211504,3.251,5.191876134325));
#4189 = CARTESIAN_POINT('',(-0.181772753795,3.251,5.191876134325));
#4190 = CARTESIAN_POINT('',(-0.149399891071,3.251,5.17889995553));
#4191 = CARTESIAN_POINT('',(-0.123920623331,3.251,5.152947597938));
#4192 = ORIENTED_EDGE('',*,*,#4193,.T.);
#4193 = EDGE_CURVE('',#4185,#4194,#4196,.T.);
#4194 = VERTEX_POINT('',#4195);
#4195 = CARTESIAN_POINT('',(-0.123920623331,3.25,5.152947597938));
#4196 = B_SPLINE_CURVE_WITH_KNOTS('',1,(#4197,#4198),.UNSPECIFIED.,.F.,
  .F.,(2,2),(-0.,9.999999999999E-04),.PIECEWISE_BEZIER_KNOTS.);
#4197 = CARTESIAN_POINT('',(-0.123920623331,3.251,5.152947597938));
#4198 = CARTESIAN_POINT('',(-0.123920623331,3.25,5.152947597938));
#4199 = ORIENTED_EDGE('',*,*,#4200,.F.);
#4200 = EDGE_CURVE('',#4158,#4194,#4201,.T.);
#4201 = B_SPLINE_CURVE_WITH_KNOTS('',3,(#4202,#4203,#4204,#4205),
  .UNSPECIFIED.,.F.,.F.,(4,4),(4.,5.),.PIECEWISE_BEZIER_KNOTS.);
#4202 = CARTESIAN_POINT('',(-0.221039211504,3.25,5.191876134325));
#4203 = CARTESIAN_POINT('',(-0.181772753795,3.25,5.191876134325));
#4204 = CARTESIAN_POINT('',(-0.149399891071,3.25,5.17889995553));
#4205 = CARTESIAN_POINT('',(-0.123920623331,3.25,5.152947597938));
#4206 = B_SPLINE_SURFACE_WITH_KNOTS('',3,1,(
    (#4207,#4208)
    ,(#4209,#4210)
    ,(#4211,#4212)
    ,(#4213,#4214
    )),.UNSPECIFIED.,.F.,.F.,.F.,(4,4),(2,2),(4.,5.),(0.,1.),
  .PIECEWISE_BEZIER_KNOTS.);
#4207 = CARTESIAN_POINT('',(-0.221039211504,3.251,5.191876134325));
#4208 = CARTESIAN_POINT('',(-0.221039211504,3.25,5.191876134325));
#4209 = CARTESIAN_POINT('',(-0.181772753795,3.251,5.191876134325));
#4210 = CARTESIAN_POINT('',(-0.181772753795,3.25,5.191876134325));
#4211 = CARTESIAN_POINT('',(-0.149399891071,3.251,5.17889995553));
#4212 = CARTESIAN_POINT('',(-0.149399891071,3.25,5.17889995553));
#4213 = CARTESIAN_POINT('',(-0.123920623331,3.251,5.152947597938));
#4214 = CARTESIAN_POINT('',(-0.123920623331,3.25,5.152947597938));
#4215 = ADVANCED_FACE('',(#4216),#4242,.F.);
#4216 = FACE_BOUND('',#4217,.F.);
#4217 = EDGE_LOOP('',(#4218,#4219,#4228,#4235));
#4218 = ORIENTED_EDGE('',*,*,#4193,.F.);
#4219 = ORIENTED_EDGE('',*,*,#4220,.T.);
#4220 = EDGE_CURVE('',#4185,#4221,#4223,.T.);
#4221 = VERTEX_POINT('',#4222);
#4222 = CARTESIAN_POINT('',(-8.573551385404E-02,3.251,5.050219515806));
#4223 = B_SPLINE_CURVE_WITH_KNOTS('',3,(#4224,#4225,#4226,#4227),
  .UNSPECIFIED.,.F.,.F.,(4,4),(3.,4.),.PIECEWISE_BEZIER_KNOTS.);
#4224 = CARTESIAN_POINT('',(-0.123920623331,3.251,5.152947597938));
#4225 = CARTESIAN_POINT('',(-9.844135559136E-02,3.251,5.126995240347));
#4226 = CARTESIAN_POINT('',(-8.573551385404E-02,3.251,5.092797602479));
#4227 = CARTESIAN_POINT('',(-8.573551385404E-02,3.251,5.050219515806));
#4228 = ORIENTED_EDGE('',*,*,#4229,.T.);
#4229 = EDGE_CURVE('',#4221,#4230,#4232,.T.);
#4230 = VERTEX_POINT('',#4231);
#4231 = CARTESIAN_POINT('',(-8.573551385404E-02,3.25,5.050219515806));
#4232 = B_SPLINE_CURVE_WITH_KNOTS('',1,(#4233,#4234),.UNSPECIFIED.,.F.,
  .F.,(2,2),(-0.,9.999999999999E-04),.PIECEWISE_BEZIER_KNOTS.);
#4233 = CARTESIAN_POINT('',(-8.573551385404E-02,3.251,5.050219515806));
#4234 = CARTESIAN_POINT('',(-8.573551385404E-02,3.25,5.050219515806));
#4235 = ORIENTED_EDGE('',*,*,#4236,.F.);
#4236 = EDGE_CURVE('',#4194,#4230,#4237,.T.);
#4237 = B_SPLINE_CURVE_WITH_KNOTS('',3,(#4238,#4239,#4240,#4241),
  .UNSPECIFIED.,.F.,.F.,(4,4),(3.,4.),.PIECEWISE_BEZIER_KNOTS.);
#4238 = CARTESIAN_POINT('',(-0.123920623331,3.25,5.152947597938));
#4239 = CARTESIAN_POINT('',(-9.844135559136E-02,3.25,5.126995240347));
#4240 = CARTESIAN_POINT('',(-8.573551385404E-02,3.25,5.092797602479));
#4241 = CARTESIAN_POINT('',(-8.573551385404E-02,3.25,5.050219515806));
#4242 = B_SPLINE_SURFACE_WITH_KNOTS('',3,1,(
    (#4243,#4244)
    ,(#4245,#4246)
    ,(#4247,#4248)
    ,(#4249,#4250
    )),.UNSPECIFIED.,.F.,.F.,.F.,(4,4),(2,2),(3.,4.),(0.,1.),
  .PIECEWISE_BEZIER_KNOTS.);
#4243 = CARTESIAN_POINT('',(-0.123920623331,3.251,5.152947597938));
#4244 = CARTESIAN_POINT('',(-0.123920623331,3.25,5.152947597938));
#4245 = CARTESIAN_POINT('',(-9.844135559136E-02,3.251,5.126995240347));
#4246 = CARTESIAN_POINT('',(-9.844135559136E-02,3.25,5.126995240347));
#4247 = CARTESIAN_POINT('',(-8.573551385404E-02,3.251,5.092797602479));
#4248 = CARTESIAN_POINT('',(-8.573551385404E-02,3.25,5.092797602479));
#4249 = CARTESIAN_POINT('',(-8.573551385404E-02,3.251,5.050219515806));
#4250 = CARTESIAN_POINT('',(-8.573551385404E-02,3.25,5.050219515806));
#4251 = ADVANCED_FACE('',(#4252),#4278,.F.);
#4252 = FACE_BOUND('',#4253,.F.);
#4253 = EDGE_LOOP('',(#4254,#4255,#4264,#4271));
#4254 = ORIENTED_EDGE('',*,*,#4229,.F.);
#4255 = ORIENTED_EDGE('',*,*,#4256,.T.);
#4256 = EDGE_CURVE('',#4221,#4257,#4259,.T.);
#4257 = VERTEX_POINT('',#4258);
#4258 = CARTESIAN_POINT('',(-0.119662814664,3.251,4.954655365718));
#4259 = B_SPLINE_CURVE_WITH_KNOTS('',3,(#4260,#4261,#4262,#4263),
  .UNSPECIFIED.,.F.,.F.,(4,4),(2.,3.),.PIECEWISE_BEZIER_KNOTS.);
#4260 = CARTESIAN_POINT('',(-8.573551385404E-02,3.251,5.050219515806));
#4261 = CARTESIAN_POINT('',(-8.573551385404E-02,3.251,5.010615136773));
#4262 = CARTESIAN_POINT('',(-9.702208603541E-02,3.251,4.978715363901));
#4263 = CARTESIAN_POINT('',(-0.119662814664,3.251,4.954655365718));
#4264 = ORIENTED_EDGE('',*,*,#4265,.T.);
#4265 = EDGE_CURVE('',#4257,#4266,#4268,.T.);
#4266 = VERTEX_POINT('',#4267);
#4267 = CARTESIAN_POINT('',(-0.119662814664,3.25,4.954655365718));
#4268 = B_SPLINE_CURVE_WITH_KNOTS('',1,(#4269,#4270),.UNSPECIFIED.,.F.,
  .F.,(2,2),(-0.,9.999999999999E-04),.PIECEWISE_BEZIER_KNOTS.);
#4269 = CARTESIAN_POINT('',(-0.119662814664,3.251,4.954655365718));
#4270 = CARTESIAN_POINT('',(-0.119662814664,3.25,4.954655365718));
#4271 = ORIENTED_EDGE('',*,*,#4272,.F.);
#4272 = EDGE_CURVE('',#4230,#4266,#4273,.T.);
#4273 = B_SPLINE_CURVE_WITH_KNOTS('',3,(#4274,#4275,#4276,#4277),
  .UNSPECIFIED.,.F.,.F.,(4,4),(2.,3.),.PIECEWISE_BEZIER_KNOTS.);
#4274 = CARTESIAN_POINT('',(-8.573551385404E-02,3.25,5.050219515806));
#4275 = CARTESIAN_POINT('',(-8.573551385404E-02,3.25,5.010615136773));
#4276 = CARTESIAN_POINT('',(-9.702208603541E-02,3.25,4.978715363901));
#4277 = CARTESIAN_POINT('',(-0.119662814664,3.25,4.954655365718));
#4278 = B_SPLINE_SURFACE_WITH_KNOTS('',3,1,(
    (#4279,#4280)
    ,(#4281,#4282)
    ,(#4283,#4284)
    ,(#4285,#4286
    )),.UNSPECIFIED.,.F.,.F.,.F.,(4,4),(2,2),(2.,3.),(0.,1.),
  .PIECEWISE_BEZIER_KNOTS.);
#4279 = CARTESIAN_POINT('',(-8.573551385404E-02,3.251,5.050219515806));
#4280 = CARTESIAN_POINT('',(-8.573551385404E-02,3.25,5.050219515806));
#4281 = CARTESIAN_POINT('',(-8.573551385404E-02,3.251,5.010615136773));
#4282 = CARTESIAN_POINT('',(-8.573551385404E-02,3.25,5.010615136773));
#4283 = CARTESIAN_POINT('',(-9.702208603541E-02,3.251,4.978715363901));
#4284 = CARTESIAN_POINT('',(-9.702208603541E-02,3.25,4.978715363901));
#4285 = CARTESIAN_POINT('',(-0.119662814664,3.251,4.954655365718));
#4286 = CARTESIAN_POINT('',(-0.119662814664,3.25,4.954655365718));
#4287 = ADVANCED_FACE('',(#4288),#4306,.F.);
#4288 = FACE_BOUND('',#4289,.F.);
#4289 = EDGE_LOOP('',(#4290,#4291,#4298,#4299));
#4290 = ORIENTED_EDGE('',*,*,#4265,.F.);
#4291 = ORIENTED_EDGE('',*,*,#4292,.T.);
#4292 = EDGE_CURVE('',#4257,#3832,#4293,.T.);
#4293 = B_SPLINE_CURVE_WITH_KNOTS('',3,(#4294,#4295,#4296,#4297),
  .UNSPECIFIED.,.F.,.F.,(4,4),(1.,2.),.PIECEWISE_BEZIER_KNOTS.);
#4294 = CARTESIAN_POINT('',(-0.119662814664,3.251,4.954655365718));
#4295 = CARTESIAN_POINT('',(-0.142303543292,3.251,4.930595367534));
#4296 = CARTESIAN_POINT('',(-0.172581293815,3.251,4.918565368442));
#4297 = CARTESIAN_POINT('',(-0.210496066233,3.251,4.918565368442));
#4298 = ORIENTED_EDGE('',*,*,#3831,.T.);
#4299 = ORIENTED_EDGE('',*,*,#4300,.F.);
#4300 = EDGE_CURVE('',#4266,#3834,#4301,.T.);
#4301 = B_SPLINE_CURVE_WITH_KNOTS('',3,(#4302,#4303,#4304,#4305),
  .UNSPECIFIED.,.F.,.F.,(4,4),(1.,2.),.PIECEWISE_BEZIER_KNOTS.);
#4302 = CARTESIAN_POINT('',(-0.119662814664,3.25,4.954655365718));
#4303 = CARTESIAN_POINT('',(-0.142303543292,3.25,4.930595367534));
#4304 = CARTESIAN_POINT('',(-0.172581293815,3.25,4.918565368442));
#4305 = CARTESIAN_POINT('',(-0.210496066233,3.25,4.918565368442));
#4306 = B_SPLINE_SURFACE_WITH_KNOTS('',3,1,(
    (#4307,#4308)
    ,(#4309,#4310)
    ,(#4311,#4312)
    ,(#4313,#4314
    )),.UNSPECIFIED.,.F.,.F.,.F.,(4,4),(2,2),(1.,2.),(0.,1.),
  .PIECEWISE_BEZIER_KNOTS.);
#4307 = CARTESIAN_POINT('',(-0.119662814664,3.251,4.954655365718));
#4308 = CARTESIAN_POINT('',(-0.119662814664,3.25,4.954655365718));
#4309 = CARTESIAN_POINT('',(-0.142303543292,3.251,4.930595367534));
#4310 = CARTESIAN_POINT('',(-0.142303543292,3.25,4.930595367534));
#4311 = CARTESIAN_POINT('',(-0.172581293815,3.251,4.918565368442));
#4312 = CARTESIAN_POINT('',(-0.172581293815,3.25,4.918565368442));
#4313 = CARTESIAN_POINT('',(-0.210496066233,3.251,4.918565368442));
#4314 = CARTESIAN_POINT('',(-0.210496066233,3.25,4.918565368442));
#4315 = ADVANCED_FACE('',(#4316),#4332,.T.);
#4316 = FACE_BOUND('',#4317,.T.);
#4317 = EDGE_LOOP('',(#4318,#4319,#4320,#4321,#4322,#4323,#4324,#4325,
    #4326,#4327,#4328,#4329,#4330,#4331));
#4318 = ORIENTED_EDGE('',*,*,#3840,.T.);
#4319 = ORIENTED_EDGE('',*,*,#3889,.T.);
#4320 = ORIENTED_EDGE('',*,*,#3904,.T.);
#4321 = ORIENTED_EDGE('',*,*,#3940,.T.);
#4322 = ORIENTED_EDGE('',*,*,#3976,.T.);
#4323 = ORIENTED_EDGE('',*,*,#4012,.T.);
#4324 = ORIENTED_EDGE('',*,*,#4048,.T.);
#4325 = ORIENTED_EDGE('',*,*,#4084,.T.);
#4326 = ORIENTED_EDGE('',*,*,#4133,.T.);
#4327 = ORIENTED_EDGE('',*,*,#4148,.T.);
#4328 = ORIENTED_EDGE('',*,*,#4184,.T.);
#4329 = ORIENTED_EDGE('',*,*,#4220,.T.);
#4330 = ORIENTED_EDGE('',*,*,#4256,.T.);
#4331 = ORIENTED_EDGE('',*,*,#4292,.T.);
#4332 = B_SPLINE_SURFACE_WITH_KNOTS('',1,1,(
    (#4333,#4334)
    ,(#4335,#4336
    )),.UNSPECIFIED.,.F.,.F.,.F.,(2,2),(2,2),(-3.852303079845E-03,
    0.269458462804),(-3.289664077523E-02,0.165057670123),
  .PIECEWISE_BEZIER_KNOTS.);
#4333 = CARTESIAN_POINT('',(-0.283689824753,3.251,4.918565368442));
#4334 = CARTESIAN_POINT('',(-8.573551385404E-02,3.251,4.918565368442));
#4335 = CARTESIAN_POINT('',(-0.283689824753,3.251,5.191876134325));
#4336 = CARTESIAN_POINT('',(-8.573551385404E-02,3.251,5.191876134325));
#4337 = ADVANCED_FACE('',(#4338),#4354,.F.);
#4338 = FACE_BOUND('',#4339,.T.);
#4339 = EDGE_LOOP('',(#4340,#4341,#4342,#4343,#4344,#4345,#4346,#4347,
    #4348,#4349,#4350,#4351,#4352,#4353));
#4340 = ORIENTED_EDGE('',*,*,#3856,.F.);
#4341 = ORIENTED_EDGE('',*,*,#4300,.F.);
#4342 = ORIENTED_EDGE('',*,*,#4272,.F.);
#4343 = ORIENTED_EDGE('',*,*,#4236,.F.);
#4344 = ORIENTED_EDGE('',*,*,#4200,.F.);
#4345 = ORIENTED_EDGE('',*,*,#4164,.F.);
#4346 = ORIENTED_EDGE('',*,*,#4119,.F.);
#4347 = ORIENTED_EDGE('',*,*,#4100,.F.);
#4348 = ORIENTED_EDGE('',*,*,#4064,.F.);
#4349 = ORIENTED_EDGE('',*,*,#4028,.F.);
#4350 = ORIENTED_EDGE('',*,*,#3992,.F.);
#4351 = ORIENTED_EDGE('',*,*,#3956,.F.);
#4352 = ORIENTED_EDGE('',*,*,#3920,.F.);
#4353 = ORIENTED_EDGE('',*,*,#3875,.F.);
#4354 = B_SPLINE_SURFACE_WITH_KNOTS('',1,1,(
    (#4355,#4356)
    ,(#4357,#4358
    )),.UNSPECIFIED.,.F.,.F.,.F.,(2,2),(2,2),(-3.852303079845E-03,
    0.269458462804),(-3.289664077523E-02,0.165057670123),
  .PIECEWISE_BEZIER_KNOTS.);
#4355 = CARTESIAN_POINT('',(-0.283689824753,3.25,4.918565368442));
#4356 = CARTESIAN_POINT('',(-8.573551385404E-02,3.25,4.918565368442));
#4357 = CARTESIAN_POINT('',(-0.283689824753,3.25,5.191876134325));
#4358 = CARTESIAN_POINT('',(-8.573551385404E-02,3.25,5.191876134325));
#4359 = MANIFOLD_SOLID_BREP('',#4360);
#4360 = CLOSED_SHELL('',(#4361,#4397,#4425,#4453,#4481,#4509,#4537,#4565
    ,#4593,#4621,#4649,#4677,#4697,#4717));
#4361 = ADVANCED_FACE('',(#4362),#4392,.F.);
#4362 = FACE_BOUND('',#4363,.T.);
#4363 = EDGE_LOOP('',(#4364,#4373,#4380,#4387));
#4364 = ORIENTED_EDGE('',*,*,#4365,.T.);
#4365 = EDGE_CURVE('',#4366,#4368,#4370,.T.);
#4366 = VERTEX_POINT('',#4367);
#4367 = CARTESIAN_POINT('',(-0.478805596538,3.25,4.923025929903));
#4368 = VERTEX_POINT('',#4369);
#4369 = CARTESIAN_POINT('',(-0.478805596538,3.25,4.953168511897));
#4370 = B_SPLINE_CURVE_WITH_KNOTS('',1,(#4371,#4372),.UNSPECIFIED.,.F.,
  .F.,(2,2),(-3.014258199392E-02,0.),.PIECEWISE_BEZIER_KNOTS.);
#4371 = CARTESIAN_POINT('',(-0.478805596538,3.25,4.923025929903));
#4372 = CARTESIAN_POINT('',(-0.478805596538,3.25,4.953168511897));
#4373 = ORIENTED_EDGE('',*,*,#4374,.F.);
#4374 = EDGE_CURVE('',#4375,#4368,#4377,.T.);
#4375 = VERTEX_POINT('',#4376);
#4376 = CARTESIAN_POINT('',(-0.478805596538,3.251,4.953168511897));
#4377 = B_SPLINE_CURVE_WITH_KNOTS('',1,(#4378,#4379),.UNSPECIFIED.,.F.,
  .F.,(2,2),(-0.,9.999999999999E-04),.PIECEWISE_BEZIER_KNOTS.);
#4378 = CARTESIAN_POINT('',(-0.478805596538,3.251,4.953168511897));
#4379 = CARTESIAN_POINT('',(-0.478805596538,3.25,4.953168511897));
#4380 = ORIENTED_EDGE('',*,*,#4381,.F.);
#4381 = EDGE_CURVE('',#4382,#4375,#4384,.T.);
#4382 = VERTEX_POINT('',#4383);
#4383 = CARTESIAN_POINT('',(-0.478805596538,3.251,4.923025929903));
#4384 = B_SPLINE_CURVE_WITH_KNOTS('',1,(#4385,#4386),.UNSPECIFIED.,.F.,
  .F.,(2,2),(-3.014258199392E-02,0.),.PIECEWISE_BEZIER_KNOTS.);
#4385 = CARTESIAN_POINT('',(-0.478805596538,3.251,4.923025929903));
#4386 = CARTESIAN_POINT('',(-0.478805596538,3.251,4.953168511897));
#4387 = ORIENTED_EDGE('',*,*,#4388,.T.);
#4388 = EDGE_CURVE('',#4382,#4366,#4389,.T.);
#4389 = B_SPLINE_CURVE_WITH_KNOTS('',1,(#4390,#4391),.UNSPECIFIED.,.F.,
  .F.,(2,2),(-0.,9.999999999999E-04),.PIECEWISE_BEZIER_KNOTS.);
#4390 = CARTESIAN_POINT('',(-0.478805596538,3.251,4.923025929903));
#4391 = CARTESIAN_POINT('',(-0.478805596538,3.25,4.923025929903));
#4392 = B_SPLINE_SURFACE_WITH_KNOTS('',1,1,(
    (#4393,#4394)
    ,(#4395,#4396
    )),.UNSPECIFIED.,.F.,.F.,.F.,(2,2),(2,2),(0.,3.014258199392E-02),(
    -9.999999999999E-04,0.),.PIECEWISE_BEZIER_KNOTS.);
#4393 = CARTESIAN_POINT('',(-0.478805596538,3.25,4.953168511897));
#4394 = CARTESIAN_POINT('',(-0.478805596538,3.251,4.953168511897));
#4395 = CARTESIAN_POINT('',(-0.478805596538,3.25,4.923025929903));
#4396 = CARTESIAN_POINT('',(-0.478805596538,3.251,4.923025929903));
#4397 = ADVANCED_FACE('',(#4398),#4420,.F.);
#4398 = FACE_BOUND('',#4399,.T.);
#4399 = EDGE_LOOP('',(#4400,#4407,#4414,#4419));
#4400 = ORIENTED_EDGE('',*,*,#4401,.T.);
#4401 = EDGE_CURVE('',#4368,#4402,#4404,.T.);
#4402 = VERTEX_POINT('',#4403);
#4403 = CARTESIAN_POINT('',(-0.370738357507,3.25,4.953168511897));
#4404 = B_SPLINE_CURVE_WITH_KNOTS('',1,(#4405,#4406),.UNSPECIFIED.,.F.,
  .F.,(2,2),(-0.108067239032,0.),.PIECEWISE_BEZIER_KNOTS.);
#4405 = CARTESIAN_POINT('',(-0.478805596538,3.25,4.953168511897));
#4406 = CARTESIAN_POINT('',(-0.370738357507,3.25,4.953168511897));
#4407 = ORIENTED_EDGE('',*,*,#4408,.F.);
#4408 = EDGE_CURVE('',#4409,#4402,#4411,.T.);
#4409 = VERTEX_POINT('',#4410);
#4410 = CARTESIAN_POINT('',(-0.370738357507,3.251,4.953168511897));
#4411 = B_SPLINE_CURVE_WITH_KNOTS('',1,(#4412,#4413),.UNSPECIFIED.,.F.,
  .F.,(2,2),(-0.,9.999999999999E-04),.PIECEWISE_BEZIER_KNOTS.);
#4412 = CARTESIAN_POINT('',(-0.370738357507,3.251,4.953168511897));
#4413 = CARTESIAN_POINT('',(-0.370738357507,3.25,4.953168511897));
#4414 = ORIENTED_EDGE('',*,*,#4415,.F.);
#4415 = EDGE_CURVE('',#4375,#4409,#4416,.T.);
#4416 = B_SPLINE_CURVE_WITH_KNOTS('',1,(#4417,#4418),.UNSPECIFIED.,.F.,
  .F.,(2,2),(-0.108067239032,0.),.PIECEWISE_BEZIER_KNOTS.);
#4417 = CARTESIAN_POINT('',(-0.478805596538,3.251,4.953168511897));
#4418 = CARTESIAN_POINT('',(-0.370738357507,3.251,4.953168511897));
#4419 = ORIENTED_EDGE('',*,*,#4374,.T.);
#4420 = B_SPLINE_SURFACE_WITH_KNOTS('',1,1,(
    (#4421,#4422)
    ,(#4423,#4424
    )),.UNSPECIFIED.,.F.,.F.,.F.,(2,2),(2,2),(0.,0.108067239032),(
    -9.999999999999E-04,0.),.PIECEWISE_BEZIER_KNOTS.);
#4421 = CARTESIAN_POINT('',(-0.370738357507,3.25,4.953168511897));
#4422 = CARTESIAN_POINT('',(-0.370738357507,3.251,4.953168511897));
#4423 = CARTESIAN_POINT('',(-0.478805596538,3.25,4.953168511897));
#4424 = CARTESIAN_POINT('',(-0.478805596538,3.251,4.953168511897));
#4425 = ADVANCED_FACE('',(#4426),#4448,.F.);
#4426 = FACE_BOUND('',#4427,.T.);
#4427 = EDGE_LOOP('',(#4428,#4435,#4442,#4447));
#4428 = ORIENTED_EDGE('',*,*,#4429,.T.);
#4429 = EDGE_CURVE('',#4402,#4430,#4432,.T.);
#4430 = VERTEX_POINT('',#4431);
#4431 = CARTESIAN_POINT('',(-0.370738357507,3.25,5.042109404059));
#4432 = B_SPLINE_CURVE_WITH_KNOTS('',1,(#4433,#4434),.UNSPECIFIED.,.F.,
  .F.,(2,2),(-8.894089216132E-02,0.),.PIECEWISE_BEZIER_KNOTS.);
#4433 = CARTESIAN_POINT('',(-0.370738357507,3.25,4.953168511897));
#4434 = CARTESIAN_POINT('',(-0.370738357507,3.25,5.042109404059));
#4435 = ORIENTED_EDGE('',*,*,#4436,.F.);
#4436 = EDGE_CURVE('',#4437,#4430,#4439,.T.);
#4437 = VERTEX_POINT('',#4438);
#4438 = CARTESIAN_POINT('',(-0.370738357507,3.251,5.042109404059));
#4439 = B_SPLINE_CURVE_WITH_KNOTS('',1,(#4440,#4441),.UNSPECIFIED.,.F.,
  .F.,(2,2),(-0.,9.999999999999E-04),.PIECEWISE_BEZIER_KNOTS.);
#4440 = CARTESIAN_POINT('',(-0.370738357507,3.251,5.042109404059));
#4441 = CARTESIAN_POINT('',(-0.370738357507,3.25,5.042109404059));
#4442 = ORIENTED_EDGE('',*,*,#4443,.F.);
#4443 = EDGE_CURVE('',#4409,#4437,#4444,.T.);
#4444 = B_SPLINE_CURVE_WITH_KNOTS('',1,(#4445,#4446),.UNSPECIFIED.,.F.,
  .F.,(2,2),(-8.894089216132E-02,0.),.PIECEWISE_BEZIER_KNOTS.);
#4445 = CARTESIAN_POINT('',(-0.370738357507,3.251,4.953168511897));
#4446 = CARTESIAN_POINT('',(-0.370738357507,3.251,5.042109404059));
#4447 = ORIENTED_EDGE('',*,*,#4408,.T.);
#4448 = B_SPLINE_SURFACE_WITH_KNOTS('',1,1,(
    (#4449,#4450)
    ,(#4451,#4452
    )),.UNSPECIFIED.,.F.,.F.,.F.,(2,2),(2,2),(-0.,8.894089216132E-02),(
    -9.999999999999E-04,0.),.PIECEWISE_BEZIER_KNOTS.);
#4449 = CARTESIAN_POINT('',(-0.370738357507,3.25,5.042109404059));
#4450 = CARTESIAN_POINT('',(-0.370738357507,3.251,5.042109404059));
#4451 = CARTESIAN_POINT('',(-0.370738357507,3.25,4.953168511897));
#4452 = CARTESIAN_POINT('',(-0.370738357507,3.251,4.953168511897));
#4453 = ADVANCED_FACE('',(#4454),#4476,.F.);
#4454 = FACE_BOUND('',#4455,.T.);
#4455 = EDGE_LOOP('',(#4456,#4463,#4470,#4475));
#4456 = ORIENTED_EDGE('',*,*,#4457,.T.);
#4457 = EDGE_CURVE('',#4430,#4458,#4460,.T.);
#4458 = VERTEX_POINT('',#4459);
#4459 = CARTESIAN_POINT('',(-0.465288743626,3.25,5.042109404059));
#4460 = B_SPLINE_CURVE_WITH_KNOTS('',1,(#4461,#4462),.UNSPECIFIED.,.F.,
  .F.,(2,2),(-9.455038611976E-02,0.),.PIECEWISE_BEZIER_KNOTS.);
#4461 = CARTESIAN_POINT('',(-0.370738357507,3.25,5.042109404059));
#4462 = CARTESIAN_POINT('',(-0.465288743626,3.25,5.042109404059));
#4463 = ORIENTED_EDGE('',*,*,#4464,.F.);
#4464 = EDGE_CURVE('',#4465,#4458,#4467,.T.);
#4465 = VERTEX_POINT('',#4466);
#4466 = CARTESIAN_POINT('',(-0.465288743626,3.251,5.042109404059));
#4467 = B_SPLINE_CURVE_WITH_KNOTS('',1,(#4468,#4469),.UNSPECIFIED.,.F.,
  .F.,(2,2),(-0.,9.999999999999E-04),.PIECEWISE_BEZIER_KNOTS.);
#4468 = CARTESIAN_POINT('',(-0.465288743626,3.251,5.042109404059));
#4469 = CARTESIAN_POINT('',(-0.465288743626,3.25,5.042109404059));
#4470 = ORIENTED_EDGE('',*,*,#4471,.F.);
#4471 = EDGE_CURVE('',#4437,#4465,#4472,.T.);
#4472 = B_SPLINE_CURVE_WITH_KNOTS('',1,(#4473,#4474),.UNSPECIFIED.,.F.,
  .F.,(2,2),(-9.455038611976E-02,0.),.PIECEWISE_BEZIER_KNOTS.);
#4473 = CARTESIAN_POINT('',(-0.370738357507,3.251,5.042109404059));
#4474 = CARTESIAN_POINT('',(-0.465288743626,3.251,5.042109404059));
#4475 = ORIENTED_EDGE('',*,*,#4436,.T.);
#4476 = B_SPLINE_SURFACE_WITH_KNOTS('',1,1,(
    (#4477,#4478)
    ,(#4479,#4480
    )),.UNSPECIFIED.,.F.,.F.,.F.,(2,2),(2,2),(0.,9.455038611976E-02),(
    -9.999999999999E-04,0.),.PIECEWISE_BEZIER_KNOTS.);
#4477 = CARTESIAN_POINT('',(-0.465288743626,3.25,5.042109404059));
#4478 = CARTESIAN_POINT('',(-0.465288743626,3.251,5.042109404059));
#4479 = CARTESIAN_POINT('',(-0.370738357507,3.25,5.042109404059));
#4480 = CARTESIAN_POINT('',(-0.370738357507,3.251,5.042109404059));
#4481 = ADVANCED_FACE('',(#4482),#4504,.F.);
#4482 = FACE_BOUND('',#4483,.T.);
#4483 = EDGE_LOOP('',(#4484,#4491,#4498,#4503));
#4484 = ORIENTED_EDGE('',*,*,#4485,.T.);
#4485 = EDGE_CURVE('',#4458,#4486,#4488,.T.);
#4486 = VERTEX_POINT('',#4487);
#4487 = CARTESIAN_POINT('',(-0.465288743626,3.25,5.072387154581));
#4488 = B_SPLINE_CURVE_WITH_KNOTS('',1,(#4489,#4490),.UNSPECIFIED.,.F.,
  .F.,(2,2),(-3.027775052289E-02,0.),.PIECEWISE_BEZIER_KNOTS.);
#4489 = CARTESIAN_POINT('',(-0.465288743626,3.25,5.042109404059));
#4490 = CARTESIAN_POINT('',(-0.465288743626,3.25,5.072387154581));
#4491 = ORIENTED_EDGE('',*,*,#4492,.F.);
#4492 = EDGE_CURVE('',#4493,#4486,#4495,.T.);
#4493 = VERTEX_POINT('',#4494);
#4494 = CARTESIAN_POINT('',(-0.465288743626,3.251,5.072387154581));
#4495 = B_SPLINE_CURVE_WITH_KNOTS('',1,(#4496,#4497),.UNSPECIFIED.,.F.,
  .F.,(2,2),(-0.,9.999999999999E-04),.PIECEWISE_BEZIER_KNOTS.);
#4496 = CARTESIAN_POINT('',(-0.465288743626,3.251,5.072387154581));
#4497 = CARTESIAN_POINT('',(-0.465288743626,3.25,5.072387154581));
#4498 = ORIENTED_EDGE('',*,*,#4499,.F.);
#4499 = EDGE_CURVE('',#4465,#4493,#4500,.T.);
#4500 = B_SPLINE_CURVE_WITH_KNOTS('',1,(#4501,#4502),.UNSPECIFIED.,.F.,
  .F.,(2,2),(-3.027775052289E-02,0.),.PIECEWISE_BEZIER_KNOTS.);
#4501 = CARTESIAN_POINT('',(-0.465288743626,3.251,5.042109404059));
#4502 = CARTESIAN_POINT('',(-0.465288743626,3.251,5.072387154581));
#4503 = ORIENTED_EDGE('',*,*,#4464,.T.);
#4504 = B_SPLINE_SURFACE_WITH_KNOTS('',1,1,(
    (#4505,#4506)
    ,(#4507,#4508
    )),.UNSPECIFIED.,.F.,.F.,.F.,(2,2),(2,2),(-0.,3.027775052289E-02),(
    -9.999999999999E-04,0.),.PIECEWISE_BEZIER_KNOTS.);
#4505 = CARTESIAN_POINT('',(-0.465288743626,3.25,5.072387154581));
#4506 = CARTESIAN_POINT('',(-0.465288743626,3.251,5.072387154581));
#4507 = CARTESIAN_POINT('',(-0.465288743626,3.25,5.042109404059));
#4508 = CARTESIAN_POINT('',(-0.465288743626,3.251,5.042109404059));
#4509 = ADVANCED_FACE('',(#4510),#4532,.F.);
#4510 = FACE_BOUND('',#4511,.T.);
#4511 = EDGE_LOOP('',(#4512,#4519,#4526,#4531));
#4512 = ORIENTED_EDGE('',*,*,#4513,.T.);
#4513 = EDGE_CURVE('',#4486,#4514,#4516,.T.);
#4514 = VERTEX_POINT('',#4515);
#4515 = CARTESIAN_POINT('',(-0.370738357507,3.25,5.072387154581));
#4516 = B_SPLINE_CURVE_WITH_KNOTS('',1,(#4517,#4518),.UNSPECIFIED.,.F.,
  .F.,(2,2),(-9.455038611976E-02,0.),.PIECEWISE_BEZIER_KNOTS.);
#4517 = CARTESIAN_POINT('',(-0.465288743626,3.25,5.072387154581));
#4518 = CARTESIAN_POINT('',(-0.370738357507,3.25,5.072387154581));
#4519 = ORIENTED_EDGE('',*,*,#4520,.F.);
#4520 = EDGE_CURVE('',#4521,#4514,#4523,.T.);
#4521 = VERTEX_POINT('',#4522);
#4522 = CARTESIAN_POINT('',(-0.370738357507,3.251,5.072387154581));
#4523 = B_SPLINE_CURVE_WITH_KNOTS('',1,(#4524,#4525),.UNSPECIFIED.,.F.,
  .F.,(2,2),(-0.,9.999999999999E-04),.PIECEWISE_BEZIER_KNOTS.);
#4524 = CARTESIAN_POINT('',(-0.370738357507,3.251,5.072387154581));
#4525 = CARTESIAN_POINT('',(-0.370738357507,3.25,5.072387154581));
#4526 = ORIENTED_EDGE('',*,*,#4527,.F.);
#4527 = EDGE_CURVE('',#4493,#4521,#4528,.T.);
#4528 = B_SPLINE_CURVE_WITH_KNOTS('',1,(#4529,#4530),.UNSPECIFIED.,.F.,
  .F.,(2,2),(-9.455038611976E-02,0.),.PIECEWISE_BEZIER_KNOTS.);
#4529 = CARTESIAN_POINT('',(-0.465288743626,3.251,5.072387154581));
#4530 = CARTESIAN_POINT('',(-0.370738357507,3.251,5.072387154581));
#4531 = ORIENTED_EDGE('',*,*,#4492,.T.);
#4532 = B_SPLINE_SURFACE_WITH_KNOTS('',1,1,(
    (#4533,#4534)
    ,(#4535,#4536
    )),.UNSPECIFIED.,.F.,.F.,.F.,(2,2),(2,2),(0.,9.455038611976E-02),(
    -9.999999999999E-04,0.),.PIECEWISE_BEZIER_KNOTS.);
#4533 = CARTESIAN_POINT('',(-0.370738357507,3.25,5.072387154581));
#4534 = CARTESIAN_POINT('',(-0.370738357507,3.251,5.072387154581));
#4535 = CARTESIAN_POINT('',(-0.465288743626,3.25,5.072387154581));
#4536 = CARTESIAN_POINT('',(-0.465288743626,3.251,5.072387154581));
#4537 = ADVANCED_FACE('',(#4538),#4560,.F.);
#4538 = FACE_BOUND('',#4539,.T.);
#4539 = EDGE_LOOP('',(#4540,#4547,#4554,#4559));
#4540 = ORIENTED_EDGE('',*,*,#4541,.T.);
#4541 = EDGE_CURVE('',#4514,#4542,#4544,.T.);
#4542 = VERTEX_POINT('',#4543);
#4543 = CARTESIAN_POINT('',(-0.370738357507,3.25,5.157002653812));
#4544 = B_SPLINE_CURVE_WITH_KNOTS('',1,(#4545,#4546),.UNSPECIFIED.,.F.,
  .F.,(2,2),(-8.461549923076E-02,0.),.PIECEWISE_BEZIER_KNOTS.);
#4545 = CARTESIAN_POINT('',(-0.370738357507,3.25,5.072387154581));
#4546 = CARTESIAN_POINT('',(-0.370738357507,3.25,5.157002653812));
#4547 = ORIENTED_EDGE('',*,*,#4548,.F.);
#4548 = EDGE_CURVE('',#4549,#4542,#4551,.T.);
#4549 = VERTEX_POINT('',#4550);
#4550 = CARTESIAN_POINT('',(-0.370738357507,3.251,5.157002653812));
#4551 = B_SPLINE_CURVE_WITH_KNOTS('',1,(#4552,#4553),.UNSPECIFIED.,.F.,
  .F.,(2,2),(-0.,9.999999999999E-04),.PIECEWISE_BEZIER_KNOTS.);
#4552 = CARTESIAN_POINT('',(-0.370738357507,3.251,5.157002653812));
#4553 = CARTESIAN_POINT('',(-0.370738357507,3.25,5.157002653812));
#4554 = ORIENTED_EDGE('',*,*,#4555,.F.);
#4555 = EDGE_CURVE('',#4521,#4549,#4556,.T.);
#4556 = B_SPLINE_CURVE_WITH_KNOTS('',1,(#4557,#4558),.UNSPECIFIED.,.F.,
  .F.,(2,2),(-8.461549923076E-02,0.),.PIECEWISE_BEZIER_KNOTS.);
#4557 = CARTESIAN_POINT('',(-0.370738357507,3.251,5.072387154581));
#4558 = CARTESIAN_POINT('',(-0.370738357507,3.251,5.157002653812));
#4559 = ORIENTED_EDGE('',*,*,#4520,.T.);
#4560 = B_SPLINE_SURFACE_WITH_KNOTS('',1,1,(
    (#4561,#4562)
    ,(#4563,#4564
    )),.UNSPECIFIED.,.F.,.F.,.F.,(2,2),(2,2),(-0.,8.461549923076E-02),(
    -9.999999999999E-04,0.),.PIECEWISE_BEZIER_KNOTS.);
#4561 = CARTESIAN_POINT('',(-0.370738357507,3.25,5.157002653812));
#4562 = CARTESIAN_POINT('',(-0.370738357507,3.251,5.157002653812));
#4563 = CARTESIAN_POINT('',(-0.370738357507,3.25,5.072387154581));
#4564 = CARTESIAN_POINT('',(-0.370738357507,3.251,5.072387154581));
#4565 = ADVANCED_FACE('',(#4566),#4588,.F.);
#4566 = FACE_BOUND('',#4567,.T.);
#4567 = EDGE_LOOP('',(#4568,#4575,#4582,#4587));
#4568 = ORIENTED_EDGE('',*,*,#4569,.T.);
#4569 = EDGE_CURVE('',#4542,#4570,#4572,.T.);
#4570 = VERTEX_POINT('',#4571);
#4571 = CARTESIAN_POINT('',(-0.472790596993,3.25,5.157002653812));
#4572 = B_SPLINE_CURVE_WITH_KNOTS('',1,(#4573,#4574),.UNSPECIFIED.,.F.,
  .F.,(2,2),(-0.102052239486,0.),.PIECEWISE_BEZIER_KNOTS.);
#4573 = CARTESIAN_POINT('',(-0.370738357507,3.25,5.157002653812));
#4574 = CARTESIAN_POINT('',(-0.472790596993,3.25,5.157002653812));
#4575 = ORIENTED_EDGE('',*,*,#4576,.F.);
#4576 = EDGE_CURVE('',#4577,#4570,#4579,.T.);
#4577 = VERTEX_POINT('',#4578);
#4578 = CARTESIAN_POINT('',(-0.472790596993,3.251,5.157002653812));
#4579 = B_SPLINE_CURVE_WITH_KNOTS('',1,(#4580,#4581),.UNSPECIFIED.,.F.,
  .F.,(2,2),(-0.,9.999999999999E-04),.PIECEWISE_BEZIER_KNOTS.);
#4580 = CARTESIAN_POINT('',(-0.472790596993,3.251,5.157002653812));
#4581 = CARTESIAN_POINT('',(-0.472790596993,3.25,5.157002653812));
#4582 = ORIENTED_EDGE('',*,*,#4583,.F.);
#4583 = EDGE_CURVE('',#4549,#4577,#4584,.T.);
#4584 = B_SPLINE_CURVE_WITH_KNOTS('',1,(#4585,#4586),.UNSPECIFIED.,.F.,
  .F.,(2,2),(-0.102052239486,0.),.PIECEWISE_BEZIER_KNOTS.);
#4585 = CARTESIAN_POINT('',(-0.370738357507,3.251,5.157002653812));
#4586 = CARTESIAN_POINT('',(-0.472790596993,3.251,5.157002653812));
#4587 = ORIENTED_EDGE('',*,*,#4548,.T.);
#4588 = B_SPLINE_SURFACE_WITH_KNOTS('',1,1,(
    (#4589,#4590)
    ,(#4591,#4592
    )),.UNSPECIFIED.,.F.,.F.,.F.,(2,2),(2,2),(0.,0.102052239486),(
    -9.999999999999E-04,0.),.PIECEWISE_BEZIER_KNOTS.);
#4589 = CARTESIAN_POINT('',(-0.472790596993,3.25,5.157002653812));
#4590 = CARTESIAN_POINT('',(-0.472790596993,3.251,5.157002653812));
#4591 = CARTESIAN_POINT('',(-0.370738357507,3.25,5.157002653812));
#4592 = CARTESIAN_POINT('',(-0.370738357507,3.251,5.157002653812));
#4593 = ADVANCED_FACE('',(#4594),#4616,.F.);
#4594 = FACE_BOUND('',#4595,.T.);
#4595 = EDGE_LOOP('',(#4596,#4603,#4610,#4615));
#4596 = ORIENTED_EDGE('',*,*,#4597,.T.);
#4597 = EDGE_CURVE('',#4570,#4598,#4600,.T.);
#4598 = VERTEX_POINT('',#4599);
#4599 = CARTESIAN_POINT('',(-0.472790596993,3.25,5.187415572864));
#4600 = B_SPLINE_CURVE_WITH_KNOTS('',1,(#4601,#4602),.UNSPECIFIED.,.F.,
  .F.,(2,2),(-3.041291905185E-02,0.),.PIECEWISE_BEZIER_KNOTS.);
#4601 = CARTESIAN_POINT('',(-0.472790596993,3.25,5.157002653812));
#4602 = CARTESIAN_POINT('',(-0.472790596993,3.25,5.187415572864));
#4603 = ORIENTED_EDGE('',*,*,#4604,.F.);
#4604 = EDGE_CURVE('',#4605,#4598,#4607,.T.);
#4605 = VERTEX_POINT('',#4606);
#4606 = CARTESIAN_POINT('',(-0.472790596993,3.251,5.187415572864));
#4607 = B_SPLINE_CURVE_WITH_KNOTS('',1,(#4608,#4609),.UNSPECIFIED.,.F.,
  .F.,(2,2),(-0.,9.999999999999E-04),.PIECEWISE_BEZIER_KNOTS.);
#4608 = CARTESIAN_POINT('',(-0.472790596993,3.251,5.187415572864));
#4609 = CARTESIAN_POINT('',(-0.472790596993,3.25,5.187415572864));
#4610 = ORIENTED_EDGE('',*,*,#4611,.F.);
#4611 = EDGE_CURVE('',#4577,#4605,#4612,.T.);
#4612 = B_SPLINE_CURVE_WITH_KNOTS('',1,(#4613,#4614),.UNSPECIFIED.,.F.,
  .F.,(2,2),(-3.041291905185E-02,0.),.PIECEWISE_BEZIER_KNOTS.);
#4613 = CARTESIAN_POINT('',(-0.472790596993,3.251,5.157002653812));
#4614 = CARTESIAN_POINT('',(-0.472790596993,3.251,5.187415572864));
#4615 = ORIENTED_EDGE('',*,*,#4576,.T.);
#4616 = B_SPLINE_SURFACE_WITH_KNOTS('',1,1,(
    (#4617,#4618)
    ,(#4619,#4620
    )),.UNSPECIFIED.,.F.,.F.,.F.,(2,2),(2,2),(-0.,3.041291905185E-02),(
    -9.999999999999E-04,0.),.PIECEWISE_BEZIER_KNOTS.);
#4617 = CARTESIAN_POINT('',(-0.472790596993,3.25,5.187415572864));
#4618 = CARTESIAN_POINT('',(-0.472790596993,3.251,5.187415572864));
#4619 = CARTESIAN_POINT('',(-0.472790596993,3.25,5.157002653812));
#4620 = CARTESIAN_POINT('',(-0.472790596993,3.251,5.157002653812));
#4621 = ADVANCED_FACE('',(#4622),#4644,.F.);
#4622 = FACE_BOUND('',#4623,.T.);
#4623 = EDGE_LOOP('',(#4624,#4631,#4638,#4643));
#4624 = ORIENTED_EDGE('',*,*,#4625,.T.);
#4625 = EDGE_CURVE('',#4598,#4626,#4628,.T.);
#4626 = VERTEX_POINT('',#4627);
#4627 = CARTESIAN_POINT('',(-0.336608303904,3.25,5.187415572864));
#4628 = B_SPLINE_CURVE_WITH_KNOTS('',1,(#4629,#4630),.UNSPECIFIED.,.F.,
  .F.,(2,2),(-0.136182293089,0.),.PIECEWISE_BEZIER_KNOTS.);
#4629 = CARTESIAN_POINT('',(-0.472790596993,3.25,5.187415572864));
#4630 = CARTESIAN_POINT('',(-0.336608303904,3.25,5.187415572864));
#4631 = ORIENTED_EDGE('',*,*,#4632,.F.);
#4632 = EDGE_CURVE('',#4633,#4626,#4635,.T.);
#4633 = VERTEX_POINT('',#4634);
#4634 = CARTESIAN_POINT('',(-0.336608303904,3.251,5.187415572864));
#4635 = B_SPLINE_CURVE_WITH_KNOTS('',1,(#4636,#4637),.UNSPECIFIED.,.F.,
  .F.,(2,2),(-0.,9.999999999999E-04),.PIECEWISE_BEZIER_KNOTS.);
#4636 = CARTESIAN_POINT('',(-0.336608303904,3.251,5.187415572864));
#4637 = CARTESIAN_POINT('',(-0.336608303904,3.25,5.187415572864));
#4638 = ORIENTED_EDGE('',*,*,#4639,.F.);
#4639 = EDGE_CURVE('',#4605,#4633,#4640,.T.);
#4640 = B_SPLINE_CURVE_WITH_KNOTS('',1,(#4641,#4642),.UNSPECIFIED.,.F.,
  .F.,(2,2),(-0.136182293089,0.),.PIECEWISE_BEZIER_KNOTS.);
#4641 = CARTESIAN_POINT('',(-0.472790596993,3.251,5.187415572864));
#4642 = CARTESIAN_POINT('',(-0.336608303904,3.251,5.187415572864));
#4643 = ORIENTED_EDGE('',*,*,#4604,.T.);
#4644 = B_SPLINE_SURFACE_WITH_KNOTS('',1,1,(
    (#4645,#4646)
    ,(#4647,#4648
    )),.UNSPECIFIED.,.F.,.F.,.F.,(2,2),(2,2),(0.,0.136182293089),(
    -9.999999999999E-04,0.),.PIECEWISE_BEZIER_KNOTS.);
#4645 = CARTESIAN_POINT('',(-0.336608303904,3.25,5.187415572864));
#4646 = CARTESIAN_POINT('',(-0.336608303904,3.251,5.187415572864));
#4647 = CARTESIAN_POINT('',(-0.472790596993,3.25,5.187415572864));
#4648 = CARTESIAN_POINT('',(-0.472790596993,3.251,5.187415572864));
#4649 = ADVANCED_FACE('',(#4650),#4672,.F.);
#4650 = FACE_BOUND('',#4651,.T.);
#4651 = EDGE_LOOP('',(#4652,#4659,#4666,#4671));
#4652 = ORIENTED_EDGE('',*,*,#4653,.T.);
#4653 = EDGE_CURVE('',#4626,#4654,#4656,.T.);
#4654 = VERTEX_POINT('',#4655);
#4655 = CARTESIAN_POINT('',(-0.336608303904,3.25,4.923025929903));
#4656 = B_SPLINE_CURVE_WITH_KNOTS('',1,(#4657,#4658),.UNSPECIFIED.,.F.,
  .F.,(2,2),(-0.264389642961,-0.),.PIECEWISE_BEZIER_KNOTS.);
#4657 = CARTESIAN_POINT('',(-0.336608303904,3.25,5.187415572864));
#4658 = CARTESIAN_POINT('',(-0.336608303904,3.25,4.923025929903));
#4659 = ORIENTED_EDGE('',*,*,#4660,.F.);
#4660 = EDGE_CURVE('',#4661,#4654,#4663,.T.);
#4661 = VERTEX_POINT('',#4662);
#4662 = CARTESIAN_POINT('',(-0.336608303904,3.251,4.923025929903));
#4663 = B_SPLINE_CURVE_WITH_KNOTS('',1,(#4664,#4665),.UNSPECIFIED.,.F.,
  .F.,(2,2),(-0.,9.999999999999E-04),.PIECEWISE_BEZIER_KNOTS.);
#4664 = CARTESIAN_POINT('',(-0.336608303904,3.251,4.923025929903));
#4665 = CARTESIAN_POINT('',(-0.336608303904,3.25,4.923025929903));
#4666 = ORIENTED_EDGE('',*,*,#4667,.F.);
#4667 = EDGE_CURVE('',#4633,#4661,#4668,.T.);
#4668 = B_SPLINE_CURVE_WITH_KNOTS('',1,(#4669,#4670),.UNSPECIFIED.,.F.,
  .F.,(2,2),(-0.264389642961,-0.),.PIECEWISE_BEZIER_KNOTS.);
#4669 = CARTESIAN_POINT('',(-0.336608303904,3.251,5.187415572864));
#4670 = CARTESIAN_POINT('',(-0.336608303904,3.251,4.923025929903));
#4671 = ORIENTED_EDGE('',*,*,#4632,.T.);
#4672 = B_SPLINE_SURFACE_WITH_KNOTS('',1,1,(
    (#4673,#4674)
    ,(#4675,#4676
    )),.UNSPECIFIED.,.F.,.F.,.F.,(2,2),(2,2),(0.,0.264389642961),(
    -9.999999999999E-04,0.),.PIECEWISE_BEZIER_KNOTS.);
#4673 = CARTESIAN_POINT('',(-0.336608303904,3.25,4.923025929903));
#4674 = CARTESIAN_POINT('',(-0.336608303904,3.251,4.923025929903));
#4675 = CARTESIAN_POINT('',(-0.336608303904,3.25,5.187415572864));
#4676 = CARTESIAN_POINT('',(-0.336608303904,3.251,5.187415572864));
#4677 = ADVANCED_FACE('',(#4678),#4692,.F.);
#4678 = FACE_BOUND('',#4679,.T.);
#4679 = EDGE_LOOP('',(#4680,#4685,#4686,#4691));
#4680 = ORIENTED_EDGE('',*,*,#4681,.T.);
#4681 = EDGE_CURVE('',#4654,#4366,#4682,.T.);
#4682 = B_SPLINE_CURVE_WITH_KNOTS('',1,(#4683,#4684),.UNSPECIFIED.,.F.,
  .F.,(2,2),(-0.142197292635,0.),.PIECEWISE_BEZIER_KNOTS.);
#4683 = CARTESIAN_POINT('',(-0.336608303904,3.25,4.923025929903));
#4684 = CARTESIAN_POINT('',(-0.478805596538,3.25,4.923025929903));
#4685 = ORIENTED_EDGE('',*,*,#4388,.F.);
#4686 = ORIENTED_EDGE('',*,*,#4687,.F.);
#4687 = EDGE_CURVE('',#4661,#4382,#4688,.T.);
#4688 = B_SPLINE_CURVE_WITH_KNOTS('',1,(#4689,#4690),.UNSPECIFIED.,.F.,
  .F.,(2,2),(-0.142197292635,0.),.PIECEWISE_BEZIER_KNOTS.);
#4689 = CARTESIAN_POINT('',(-0.336608303904,3.251,4.923025929903));
#4690 = CARTESIAN_POINT('',(-0.478805596538,3.251,4.923025929903));
#4691 = ORIENTED_EDGE('',*,*,#4660,.T.);
#4692 = B_SPLINE_SURFACE_WITH_KNOTS('',1,1,(
    (#4693,#4694)
    ,(#4695,#4696
    )),.UNSPECIFIED.,.F.,.F.,.F.,(2,2),(2,2),(0.,0.142197292635),(
    -9.999999999999E-04,0.),.PIECEWISE_BEZIER_KNOTS.);
#4693 = CARTESIAN_POINT('',(-0.478805596538,3.25,4.923025929903));
#4694 = CARTESIAN_POINT('',(-0.478805596538,3.251,4.923025929903));
#4695 = CARTESIAN_POINT('',(-0.336608303904,3.25,4.923025929903));
#4696 = CARTESIAN_POINT('',(-0.336608303904,3.251,4.923025929903));
#4697 = ADVANCED_FACE('',(#4698),#4712,.F.);
#4698 = FACE_BOUND('',#4699,.T.);
#4699 = EDGE_LOOP('',(#4700,#4701,#4702,#4703,#4704,#4705,#4706,#4707,
    #4708,#4709,#4710,#4711));
#4700 = ORIENTED_EDGE('',*,*,#4381,.T.);
#4701 = ORIENTED_EDGE('',*,*,#4415,.T.);
#4702 = ORIENTED_EDGE('',*,*,#4443,.T.);
#4703 = ORIENTED_EDGE('',*,*,#4471,.T.);
#4704 = ORIENTED_EDGE('',*,*,#4499,.T.);
#4705 = ORIENTED_EDGE('',*,*,#4527,.T.);
#4706 = ORIENTED_EDGE('',*,*,#4555,.T.);
#4707 = ORIENTED_EDGE('',*,*,#4583,.T.);
#4708 = ORIENTED_EDGE('',*,*,#4611,.T.);
#4709 = ORIENTED_EDGE('',*,*,#4639,.T.);
#4710 = ORIENTED_EDGE('',*,*,#4667,.T.);
#4711 = ORIENTED_EDGE('',*,*,#4687,.T.);
#4712 = B_SPLINE_SURFACE_WITH_KNOTS('',1,1,(
    (#4713,#4714)
    ,(#4715,#4716
    )),.UNSPECIFIED.,.F.,.F.,.F.,(2,2),(2,2),(-1.279348654764,
    -1.014959011803),(-0.478805596538,-0.336608303904),
  .PIECEWISE_BEZIER_KNOTS.);
#4713 = CARTESIAN_POINT('',(-0.478805596538,3.251,5.187415572864));
#4714 = CARTESIAN_POINT('',(-0.336608303904,3.251,5.187415572864));
#4715 = CARTESIAN_POINT('',(-0.478805596538,3.251,4.923025929903));
#4716 = CARTESIAN_POINT('',(-0.336608303904,3.251,4.923025929903));
#4717 = ADVANCED_FACE('',(#4718),#4732,.T.);
#4718 = FACE_BOUND('',#4719,.T.);
#4719 = EDGE_LOOP('',(#4720,#4721,#4722,#4723,#4724,#4725,#4726,#4727,
    #4728,#4729,#4730,#4731));
#4720 = ORIENTED_EDGE('',*,*,#4365,.F.);
#4721 = ORIENTED_EDGE('',*,*,#4681,.F.);
#4722 = ORIENTED_EDGE('',*,*,#4653,.F.);
#4723 = ORIENTED_EDGE('',*,*,#4625,.F.);
#4724 = ORIENTED_EDGE('',*,*,#4597,.F.);
#4725 = ORIENTED_EDGE('',*,*,#4569,.F.);
#4726 = ORIENTED_EDGE('',*,*,#4541,.F.);
#4727 = ORIENTED_EDGE('',*,*,#4513,.F.);
#4728 = ORIENTED_EDGE('',*,*,#4485,.F.);
#4729 = ORIENTED_EDGE('',*,*,#4457,.F.);
#4730 = ORIENTED_EDGE('',*,*,#4429,.F.);
#4731 = ORIENTED_EDGE('',*,*,#4401,.F.);
#4732 = B_SPLINE_SURFACE_WITH_KNOTS('',1,1,(
    (#4733,#4734)
    ,(#4735,#4736
    )),.UNSPECIFIED.,.F.,.F.,.F.,(2,2),(2,2),(-1.279348654764,
    -1.014959011803),(-0.478805596538,-0.336608303904),
  .PIECEWISE_BEZIER_KNOTS.);
#4733 = CARTESIAN_POINT('',(-0.478805596538,3.25,5.187415572864));
#4734 = CARTESIAN_POINT('',(-0.336608303904,3.25,5.187415572864));
#4735 = CARTESIAN_POINT('',(-0.478805596538,3.25,4.923025929903));
#4736 = CARTESIAN_POINT('',(-0.336608303904,3.25,4.923025929903));
#4737 = MANIFOLD_SOLID_BREP('',#4738);
#4738 = CLOSED_SHELL('',(#4739,#4863,#4987,#5007,#5027,#5047,#5067,#5087
    ,#5103,#5115,#5135,#5151,#5167,#5187,#5207,#5227));
#4739 = ADVANCED_FACE('',(#4740,#4799),#4858,.T.);
#4740 = FACE_BOUND('',#4741,.T.);
#4741 = EDGE_LOOP('',(#4742,#4751,#4760,#4769,#4778,#4787,#4794));
#4742 = ORIENTED_EDGE('',*,*,#4743,.T.);
#4743 = EDGE_CURVE('',#4744,#4746,#4748,.T.);
#4744 = VERTEX_POINT('',#4745);
#4745 = CARTESIAN_POINT('',(-0.528750368049,3.251,4.923025929903));
#4746 = VERTEX_POINT('',#4747);
#4747 = CARTESIAN_POINT('',(-0.601471036717,3.251,4.923025929903));
#4748 = B_SPLINE_CURVE_WITH_KNOTS('',1,(#4749,#4750),.UNSPECIFIED.,.F.,
  .F.,(2,2),(-7.272066866724E-02,-1.110223024625E-16),
  .PIECEWISE_BEZIER_KNOTS.);
#4749 = CARTESIAN_POINT('',(-0.528750368049,3.251,4.923025929903));
#4750 = CARTESIAN_POINT('',(-0.601471036717,3.251,4.923025929903));
#4751 = ORIENTED_EDGE('',*,*,#4752,.T.);
#4752 = EDGE_CURVE('',#4746,#4753,#4755,.T.);
#4753 = VERTEX_POINT('',#4754);
#4754 = CARTESIAN_POINT('',(-0.704131534584,3.251,4.960062106882));
#4755 = B_SPLINE_CURVE_WITH_KNOTS('',3,(#4756,#4757,#4758,#4759),
  .UNSPECIFIED.,.F.,.F.,(4,4),(5.,6.),.PIECEWISE_BEZIER_KNOTS.);
#4756 = CARTESIAN_POINT('',(-0.601471036717,3.251,4.923025929903));
#4757 = CARTESIAN_POINT('',(-0.643305696479,3.251,4.923025929903));
#4758 = CARTESIAN_POINT('',(-0.677570918612,3.251,4.935326266054));
#4759 = CARTESIAN_POINT('',(-0.704131534584,3.251,4.960062106882));
#4760 = ORIENTED_EDGE('',*,*,#4761,.T.);
#4761 = EDGE_CURVE('',#4753,#4762,#4764,.T.);
#4762 = VERTEX_POINT('',#4763);
#4763 = CARTESIAN_POINT('',(-0.744006250675,3.251,5.058599964612));
#4764 = B_SPLINE_CURVE_WITH_KNOTS('',3,(#4765,#4766,#4767,#4768),
  .UNSPECIFIED.,.F.,.F.,(4,4),(4.,5.),.PIECEWISE_BEZIER_KNOTS.);
#4765 = CARTESIAN_POINT('',(-0.704131534584,3.251,4.960062106882));
#4766 = CARTESIAN_POINT('',(-0.730692150557,3.251,4.984797947712));
#4767 = CARTESIAN_POINT('',(-0.744006250675,3.251,5.017643900288));
#4768 = CARTESIAN_POINT('',(-0.744006250675,3.251,5.058599964612));
#4769 = ORIENTED_EDGE('',*,*,#4770,.T.);
#4770 = EDGE_CURVE('',#4762,#4771,#4773,.T.);
#4771 = VERTEX_POINT('',#4772);
#4772 = CARTESIAN_POINT('',(-0.704131534584,3.251,5.152406923822));
#4773 = B_SPLINE_CURVE_WITH_KNOTS('',3,(#4774,#4775,#4776,#4777),
  .UNSPECIFIED.,.F.,.F.,(4,4),(3.,4.),.PIECEWISE_BEZIER_KNOTS.);
#4774 = CARTESIAN_POINT('',(-0.744006250675,3.251,5.058599964612));
#4775 = CARTESIAN_POINT('',(-0.744006250675,3.251,5.097798838056));
#4776 = CARTESIAN_POINT('',(-0.730692150557,3.251,5.129022768284));
#4777 = CARTESIAN_POINT('',(-0.704131534584,3.251,5.152406923822));
#4778 = ORIENTED_EDGE('',*,*,#4779,.T.);
#4779 = EDGE_CURVE('',#4771,#4780,#4782,.T.);
#4780 = VERTEX_POINT('',#4781);
#4781 = CARTESIAN_POINT('',(-0.6041744073,3.251,5.187415572864));
#4782 = B_SPLINE_CURVE_WITH_KNOTS('',3,(#4783,#4784,#4785,#4786),
  .UNSPECIFIED.,.F.,.F.,(4,4),(2.,3.),.PIECEWISE_BEZIER_KNOTS.);
#4783 = CARTESIAN_POINT('',(-0.704131534584,3.251,5.152406923822));
#4784 = CARTESIAN_POINT('',(-0.677570918612,3.251,5.17579107936));
#4785 = CARTESIAN_POINT('',(-0.644251876183,3.251,5.187415572864));
#4786 = CARTESIAN_POINT('',(-0.6041744073,3.251,5.187415572864));
#4787 = ORIENTED_EDGE('',*,*,#4788,.T.);
#4788 = EDGE_CURVE('',#4780,#4789,#4791,.T.);
#4789 = VERTEX_POINT('',#4790);
#4790 = CARTESIAN_POINT('',(-0.528750368049,3.251,5.187415572864));
#4791 = B_SPLINE_CURVE_WITH_KNOTS('',1,(#4792,#4793),.UNSPECIFIED.,.F.,
  .F.,(2,2),(-7.542403925018E-02,0.),.PIECEWISE_BEZIER_KNOTS.);
#4792 = CARTESIAN_POINT('',(-0.6041744073,3.251,5.187415572864));
#4793 = CARTESIAN_POINT('',(-0.528750368049,3.251,5.187415572864));
#4794 = ORIENTED_EDGE('',*,*,#4795,.T.);
#4795 = EDGE_CURVE('',#4789,#4744,#4796,.T.);
#4796 = B_SPLINE_CURVE_WITH_KNOTS('',1,(#4797,#4798),.UNSPECIFIED.,.F.,
  .F.,(2,2),(-0.264389642961,-0.),.PIECEWISE_BEZIER_KNOTS.);
#4797 = CARTESIAN_POINT('',(-0.528750368049,3.251,5.187415572864));
#4798 = CARTESIAN_POINT('',(-0.528750368049,3.251,4.923025929903));
#4799 = FACE_BOUND('',#4800,.T.);
#4800 = EDGE_LOOP('',(#4801,#4810,#4817,#4826,#4835,#4844,#4853));
#4801 = ORIENTED_EDGE('',*,*,#4802,.F.);
#4802 = EDGE_CURVE('',#4803,#4805,#4807,.T.);
#4803 = VERTEX_POINT('',#4804);
#4804 = CARTESIAN_POINT('',(-0.562880421653,3.251,5.157002653812));
#4805 = VERTEX_POINT('',#4806);
#4806 = CARTESIAN_POINT('',(-0.562880421653,3.251,4.953168511897));
#4807 = B_SPLINE_CURVE_WITH_KNOTS('',1,(#4808,#4809),.UNSPECIFIED.,.F.,
  .F.,(2,2),(0.,0.203834141915),.PIECEWISE_BEZIER_KNOTS.);
#4808 = CARTESIAN_POINT('',(-0.562880421653,3.251,5.157002653812));
#4809 = CARTESIAN_POINT('',(-0.562880421653,3.251,4.953168511897));
#4810 = ORIENTED_EDGE('',*,*,#4811,.F.);
#4811 = EDGE_CURVE('',#4812,#4803,#4814,.T.);
#4812 = VERTEX_POINT('',#4813);
#4813 = CARTESIAN_POINT('',(-0.602822722006,3.251,5.157002653812));
#4814 = B_SPLINE_CURVE_WITH_KNOTS('',1,(#4815,#4816),.UNSPECIFIED.,.F.,
  .F.,(2,2),(1.110223024625E-16,3.994230035305E-02),
  .PIECEWISE_BEZIER_KNOTS.);
#4815 = CARTESIAN_POINT('',(-0.602822722006,3.251,5.157002653812));
#4816 = CARTESIAN_POINT('',(-0.562880421653,3.251,5.157002653812));
#4817 = ORIENTED_EDGE('',*,*,#4818,.F.);
#4818 = EDGE_CURVE('',#4819,#4812,#4821,.T.);
#4819 = VERTEX_POINT('',#4820);
#4820 = CARTESIAN_POINT('',(-0.679125356697,3.251,5.132131644453));
#4821 = B_SPLINE_CURVE_WITH_KNOTS('',3,(#4822,#4823,#4824,#4825),
  .UNSPECIFIED.,.F.,.F.,(4,4),(5.,6.),.PIECEWISE_BEZIER_KNOTS.);
#4822 = CARTESIAN_POINT('',(-0.679125356697,3.251,5.132131644453));
#4823 = CARTESIAN_POINT('',(-0.659796257031,3.251,5.148757373536));
#4824 = CARTESIAN_POINT('',(-0.634316989292,3.251,5.157002653812));
#4825 = CARTESIAN_POINT('',(-0.602822722006,3.251,5.157002653812));
#4826 = ORIENTED_EDGE('',*,*,#4827,.F.);
#4827 = EDGE_CURVE('',#4828,#4819,#4830,.T.);
#4828 = VERTEX_POINT('',#4829);
#4829 = CARTESIAN_POINT('',(-0.708119006194,3.251,5.057653784908));
#4830 = B_SPLINE_CURVE_WITH_KNOTS('',3,(#4831,#4832,#4833,#4834),
  .UNSPECIFIED.,.F.,.F.,(4,4),(4.,5.),.PIECEWISE_BEZIER_KNOTS.);
#4831 = CARTESIAN_POINT('',(-0.708119006194,3.251,5.057653784908));
#4832 = CARTESIAN_POINT('',(-0.708119006194,3.251,5.090634906014));
#4833 = CARTESIAN_POINT('',(-0.698454456361,3.251,5.115505915372));
#4834 = CARTESIAN_POINT('',(-0.679125356697,3.251,5.132131644453));
#4835 = ORIENTED_EDGE('',*,*,#4836,.F.);
#4836 = EDGE_CURVE('',#4837,#4828,#4839,.T.);
#4837 = VERTEX_POINT('',#4838);
#4838 = CARTESIAN_POINT('',(-0.679868783608,3.251,4.980742891837));
#4839 = B_SPLINE_CURVE_WITH_KNOTS('',3,(#4840,#4841,#4842,#4843),
  .UNSPECIFIED.,.F.,.F.,(4,4),(3.,4.),.PIECEWISE_BEZIER_KNOTS.);
#4840 = CARTESIAN_POINT('',(-0.679868783608,3.251,4.980742891837));
#4841 = CARTESIAN_POINT('',(-0.69872479342,3.251,4.998990643269));
#4842 = CARTESIAN_POINT('',(-0.708119006194,3.251,5.024672663802));
#4843 = CARTESIAN_POINT('',(-0.708119006194,3.251,5.057653784908));
#4844 = ORIENTED_EDGE('',*,*,#4845,.F.);
#4845 = EDGE_CURVE('',#4846,#4837,#4848,.T.);
#4846 = VERTEX_POINT('',#4847);
#4847 = CARTESIAN_POINT('',(-0.601268283923,3.251,4.953168511897));
#4848 = B_SPLINE_CURVE_WITH_KNOTS('',3,(#4849,#4850,#4851,#4852),
  .UNSPECIFIED.,.F.,.F.,(4,4),(2.,3.),.PIECEWISE_BEZIER_KNOTS.);
#4849 = CARTESIAN_POINT('',(-0.601268283923,3.251,4.953168511897));
#4850 = CARTESIAN_POINT('',(-0.634857663409,3.251,4.953168511897));
#4851 = CARTESIAN_POINT('',(-0.66108035806,3.251,4.962359971878));
#4852 = CARTESIAN_POINT('',(-0.679868783608,3.251,4.980742891837));
#4853 = ORIENTED_EDGE('',*,*,#4854,.F.);
#4854 = EDGE_CURVE('',#4805,#4846,#4855,.T.);
#4855 = B_SPLINE_CURVE_WITH_KNOTS('',1,(#4856,#4857),.UNSPECIFIED.,.F.,
  .F.,(2,2),(0.,3.838786226992E-02),.PIECEWISE_BEZIER_KNOTS.);
#4856 = CARTESIAN_POINT('',(-0.562880421653,3.251,4.953168511897));
#4857 = CARTESIAN_POINT('',(-0.601268283923,3.251,4.953168511897));
#4858 = B_SPLINE_SURFACE_WITH_KNOTS('',1,1,(
    (#4859,#4860)
    ,(#4861,#4862
    )),.UNSPECIFIED.,.F.,.F.,.F.,(2,2),(2,2),(-0.255654376767,
    8.73526619419E-03),(-8.478445989107E-02,0.130471422734),
  .PIECEWISE_BEZIER_KNOTS.);
#4859 = CARTESIAN_POINT('',(-0.744006250675,3.251,4.923025929903));
#4860 = CARTESIAN_POINT('',(-0.528750368049,3.251,4.923025929903));
#4861 = CARTESIAN_POINT('',(-0.744006250675,3.251,5.187415572864));
#4862 = CARTESIAN_POINT('',(-0.528750368049,3.251,5.187415572864));
#4863 = ADVANCED_FACE('',(#4864,#4923),#4982,.F.);
#4864 = FACE_BOUND('',#4865,.T.);
#4865 = EDGE_LOOP('',(#4866,#4875,#4882,#4889,#4898,#4907,#4916));
#4866 = ORIENTED_EDGE('',*,*,#4867,.F.);
#4867 = EDGE_CURVE('',#4868,#4870,#4872,.T.);
#4868 = VERTEX_POINT('',#4869);
#4869 = CARTESIAN_POINT('',(-0.528750368049,3.25,4.923025929903));
#4870 = VERTEX_POINT('',#4871);
#4871 = CARTESIAN_POINT('',(-0.601471036717,3.25,4.923025929903));
#4872 = B_SPLINE_CURVE_WITH_KNOTS('',1,(#4873,#4874),.UNSPECIFIED.,.F.,
  .F.,(2,2),(-7.272066866724E-02,-1.110223024625E-16),
  .PIECEWISE_BEZIER_KNOTS.);
#4873 = CARTESIAN_POINT('',(-0.528750368049,3.25,4.923025929903));
#4874 = CARTESIAN_POINT('',(-0.601471036717,3.25,4.923025929903));
#4875 = ORIENTED_EDGE('',*,*,#4876,.F.);
#4876 = EDGE_CURVE('',#4877,#4868,#4879,.T.);
#4877 = VERTEX_POINT('',#4878);
#4878 = CARTESIAN_POINT('',(-0.528750368049,3.25,5.187415572864));
#4879 = B_SPLINE_CURVE_WITH_KNOTS('',1,(#4880,#4881),.UNSPECIFIED.,.F.,
  .F.,(2,2),(-0.264389642961,-0.),.PIECEWISE_BEZIER_KNOTS.);
#4880 = CARTESIAN_POINT('',(-0.528750368049,3.25,5.187415572864));
#4881 = CARTESIAN_POINT('',(-0.528750368049,3.25,4.923025929903));
#4882 = ORIENTED_EDGE('',*,*,#4883,.F.);
#4883 = EDGE_CURVE('',#4884,#4877,#4886,.T.);
#4884 = VERTEX_POINT('',#4885);
#4885 = CARTESIAN_POINT('',(-0.6041744073,3.25,5.187415572864));
#4886 = B_SPLINE_CURVE_WITH_KNOTS('',1,(#4887,#4888),.UNSPECIFIED.,.F.,
  .F.,(2,2),(-7.542403925018E-02,0.),.PIECEWISE_BEZIER_KNOTS.);
#4887 = CARTESIAN_POINT('',(-0.6041744073,3.25,5.187415572864));
#4888 = CARTESIAN_POINT('',(-0.528750368049,3.25,5.187415572864));
#4889 = ORIENTED_EDGE('',*,*,#4890,.F.);
#4890 = EDGE_CURVE('',#4891,#4884,#4893,.T.);
#4891 = VERTEX_POINT('',#4892);
#4892 = CARTESIAN_POINT('',(-0.704131534584,3.25,5.152406923822));
#4893 = B_SPLINE_CURVE_WITH_KNOTS('',3,(#4894,#4895,#4896,#4897),
  .UNSPECIFIED.,.F.,.F.,(4,4),(2.,3.),.PIECEWISE_BEZIER_KNOTS.);
#4894 = CARTESIAN_POINT('',(-0.704131534584,3.25,5.152406923822));
#4895 = CARTESIAN_POINT('',(-0.677570918612,3.25,5.17579107936));
#4896 = CARTESIAN_POINT('',(-0.644251876183,3.25,5.187415572864));
#4897 = CARTESIAN_POINT('',(-0.6041744073,3.25,5.187415572864));
#4898 = ORIENTED_EDGE('',*,*,#4899,.F.);
#4899 = EDGE_CURVE('',#4900,#4891,#4902,.T.);
#4900 = VERTEX_POINT('',#4901);
#4901 = CARTESIAN_POINT('',(-0.744006250675,3.25,5.058599964612));
#4902 = B_SPLINE_CURVE_WITH_KNOTS('',3,(#4903,#4904,#4905,#4906),
  .UNSPECIFIED.,.F.,.F.,(4,4),(3.,4.),.PIECEWISE_BEZIER_KNOTS.);
#4903 = CARTESIAN_POINT('',(-0.744006250675,3.25,5.058599964612));
#4904 = CARTESIAN_POINT('',(-0.744006250675,3.25,5.097798838056));
#4905 = CARTESIAN_POINT('',(-0.730692150557,3.25,5.129022768284));
#4906 = CARTESIAN_POINT('',(-0.704131534584,3.25,5.152406923822));
#4907 = ORIENTED_EDGE('',*,*,#4908,.F.);
#4908 = EDGE_CURVE('',#4909,#4900,#4911,.T.);
#4909 = VERTEX_POINT('',#4910);
#4910 = CARTESIAN_POINT('',(-0.704131534584,3.25,4.960062106882));
#4911 = B_SPLINE_CURVE_WITH_KNOTS('',3,(#4912,#4913,#4914,#4915),
  .UNSPECIFIED.,.F.,.F.,(4,4),(4.,5.),.PIECEWISE_BEZIER_KNOTS.);
#4912 = CARTESIAN_POINT('',(-0.704131534584,3.25,4.960062106882));
#4913 = CARTESIAN_POINT('',(-0.730692150557,3.25,4.984797947712));
#4914 = CARTESIAN_POINT('',(-0.744006250675,3.25,5.017643900288));
#4915 = CARTESIAN_POINT('',(-0.744006250675,3.25,5.058599964612));
#4916 = ORIENTED_EDGE('',*,*,#4917,.F.);
#4917 = EDGE_CURVE('',#4870,#4909,#4918,.T.);
#4918 = B_SPLINE_CURVE_WITH_KNOTS('',3,(#4919,#4920,#4921,#4922),
  .UNSPECIFIED.,.F.,.F.,(4,4),(5.,6.),.PIECEWISE_BEZIER_KNOTS.);
#4919 = CARTESIAN_POINT('',(-0.601471036717,3.25,4.923025929903));
#4920 = CARTESIAN_POINT('',(-0.643305696479,3.25,4.923025929903));
#4921 = CARTESIAN_POINT('',(-0.677570918612,3.25,4.935326266054));
#4922 = CARTESIAN_POINT('',(-0.704131534584,3.25,4.960062106882));
#4923 = FACE_BOUND('',#4924,.T.);
#4924 = EDGE_LOOP('',(#4925,#4934,#4941,#4948,#4957,#4966,#4975));
#4925 = ORIENTED_EDGE('',*,*,#4926,.T.);
#4926 = EDGE_CURVE('',#4927,#4929,#4931,.T.);
#4927 = VERTEX_POINT('',#4928);
#4928 = CARTESIAN_POINT('',(-0.602822722006,3.25,5.157002653812));
#4929 = VERTEX_POINT('',#4930);
#4930 = CARTESIAN_POINT('',(-0.562880421653,3.25,5.157002653812));
#4931 = B_SPLINE_CURVE_WITH_KNOTS('',1,(#4932,#4933),.UNSPECIFIED.,.F.,
  .F.,(2,2),(1.110223024625E-16,3.994230035305E-02),
  .PIECEWISE_BEZIER_KNOTS.);
#4932 = CARTESIAN_POINT('',(-0.602822722006,3.25,5.157002653812));
#4933 = CARTESIAN_POINT('',(-0.562880421653,3.25,5.157002653812));
#4934 = ORIENTED_EDGE('',*,*,#4935,.T.);
#4935 = EDGE_CURVE('',#4929,#4936,#4938,.T.);
#4936 = VERTEX_POINT('',#4937);
#4937 = CARTESIAN_POINT('',(-0.562880421653,3.25,4.953168511897));
#4938 = B_SPLINE_CURVE_WITH_KNOTS('',1,(#4939,#4940),.UNSPECIFIED.,.F.,
  .F.,(2,2),(0.,0.203834141915),.PIECEWISE_BEZIER_KNOTS.);
#4939 = CARTESIAN_POINT('',(-0.562880421653,3.25,5.157002653812));
#4940 = CARTESIAN_POINT('',(-0.562880421653,3.25,4.953168511897));
#4941 = ORIENTED_EDGE('',*,*,#4942,.T.);
#4942 = EDGE_CURVE('',#4936,#4943,#4945,.T.);
#4943 = VERTEX_POINT('',#4944);
#4944 = CARTESIAN_POINT('',(-0.601268283923,3.25,4.953168511897));
#4945 = B_SPLINE_CURVE_WITH_KNOTS('',1,(#4946,#4947),.UNSPECIFIED.,.F.,
  .F.,(2,2),(0.,3.838786226992E-02),.PIECEWISE_BEZIER_KNOTS.);
#4946 = CARTESIAN_POINT('',(-0.562880421653,3.25,4.953168511897));
#4947 = CARTESIAN_POINT('',(-0.601268283923,3.25,4.953168511897));
#4948 = ORIENTED_EDGE('',*,*,#4949,.T.);
#4949 = EDGE_CURVE('',#4943,#4950,#4952,.T.);
#4950 = VERTEX_POINT('',#4951);
#4951 = CARTESIAN_POINT('',(-0.679868783608,3.25,4.980742891837));
#4952 = B_SPLINE_CURVE_WITH_KNOTS('',3,(#4953,#4954,#4955,#4956),
  .UNSPECIFIED.,.F.,.F.,(4,4),(2.,3.),.PIECEWISE_BEZIER_KNOTS.);
#4953 = CARTESIAN_POINT('',(-0.601268283923,3.25,4.953168511897));
#4954 = CARTESIAN_POINT('',(-0.634857663409,3.25,4.953168511897));
#4955 = CARTESIAN_POINT('',(-0.66108035806,3.25,4.962359971878));
#4956 = CARTESIAN_POINT('',(-0.679868783608,3.25,4.980742891837));
#4957 = ORIENTED_EDGE('',*,*,#4958,.T.);
#4958 = EDGE_CURVE('',#4950,#4959,#4961,.T.);
#4959 = VERTEX_POINT('',#4960);
#4960 = CARTESIAN_POINT('',(-0.708119006194,3.25,5.057653784908));
#4961 = B_SPLINE_CURVE_WITH_KNOTS('',3,(#4962,#4963,#4964,#4965),
  .UNSPECIFIED.,.F.,.F.,(4,4),(3.,4.),.PIECEWISE_BEZIER_KNOTS.);
#4962 = CARTESIAN_POINT('',(-0.679868783608,3.25,4.980742891837));
#4963 = CARTESIAN_POINT('',(-0.69872479342,3.25,4.998990643269));
#4964 = CARTESIAN_POINT('',(-0.708119006194,3.25,5.024672663802));
#4965 = CARTESIAN_POINT('',(-0.708119006194,3.25,5.057653784908));
#4966 = ORIENTED_EDGE('',*,*,#4967,.T.);
#4967 = EDGE_CURVE('',#4959,#4968,#4970,.T.);
#4968 = VERTEX_POINT('',#4969);
#4969 = CARTESIAN_POINT('',(-0.679125356697,3.25,5.132131644453));
#4970 = B_SPLINE_CURVE_WITH_KNOTS('',3,(#4971,#4972,#4973,#4974),
  .UNSPECIFIED.,.F.,.F.,(4,4),(4.,5.),.PIECEWISE_BEZIER_KNOTS.);
#4971 = CARTESIAN_POINT('',(-0.708119006194,3.25,5.057653784908));
#4972 = CARTESIAN_POINT('',(-0.708119006194,3.25,5.090634906014));
#4973 = CARTESIAN_POINT('',(-0.698454456361,3.25,5.115505915372));
#4974 = CARTESIAN_POINT('',(-0.679125356697,3.25,5.132131644453));
#4975 = ORIENTED_EDGE('',*,*,#4976,.T.);
#4976 = EDGE_CURVE('',#4968,#4927,#4977,.T.);
#4977 = B_SPLINE_CURVE_WITH_KNOTS('',3,(#4978,#4979,#4980,#4981),
  .UNSPECIFIED.,.F.,.F.,(4,4),(5.,6.),.PIECEWISE_BEZIER_KNOTS.);
#4978 = CARTESIAN_POINT('',(-0.679125356697,3.25,5.132131644453));
#4979 = CARTESIAN_POINT('',(-0.659796257031,3.25,5.148757373536));
#4980 = CARTESIAN_POINT('',(-0.634316989292,3.25,5.157002653812));
#4981 = CARTESIAN_POINT('',(-0.602822722006,3.25,5.157002653812));
#4982 = B_SPLINE_SURFACE_WITH_KNOTS('',1,1,(
    (#4983,#4984)
    ,(#4985,#4986
    )),.UNSPECIFIED.,.F.,.F.,.F.,(2,2),(2,2),(-0.255654376767,
    8.73526619419E-03),(-8.478445989107E-02,0.130471422734),
  .PIECEWISE_BEZIER_KNOTS.);
#4983 = CARTESIAN_POINT('',(-0.744006250675,3.25,4.923025929903));
#4984 = CARTESIAN_POINT('',(-0.528750368049,3.25,4.923025929903));
#4985 = CARTESIAN_POINT('',(-0.744006250675,3.25,5.187415572864));
#4986 = CARTESIAN_POINT('',(-0.528750368049,3.25,5.187415572864));
#4987 = ADVANCED_FACE('',(#4988),#5002,.F.);
#4988 = FACE_BOUND('',#4989,.T.);
#4989 = EDGE_LOOP('',(#4990,#4991,#4996,#4997));
#4990 = ORIENTED_EDGE('',*,*,#4867,.T.);
#4991 = ORIENTED_EDGE('',*,*,#4992,.F.);
#4992 = EDGE_CURVE('',#4746,#4870,#4993,.T.);
#4993 = B_SPLINE_CURVE_WITH_KNOTS('',1,(#4994,#4995),.UNSPECIFIED.,.F.,
  .F.,(2,2),(-0.,9.999999999999E-04),.PIECEWISE_BEZIER_KNOTS.);
#4994 = CARTESIAN_POINT('',(-0.601471036717,3.251,4.923025929903));
#4995 = CARTESIAN_POINT('',(-0.601471036717,3.25,4.923025929903));
#4996 = ORIENTED_EDGE('',*,*,#4743,.F.);
#4997 = ORIENTED_EDGE('',*,*,#4998,.T.);
#4998 = EDGE_CURVE('',#4744,#4868,#4999,.T.);
#4999 = B_SPLINE_CURVE_WITH_KNOTS('',1,(#5000,#5001),.UNSPECIFIED.,.F.,
  .F.,(2,2),(-0.,9.999999999999E-04),.PIECEWISE_BEZIER_KNOTS.);
#5000 = CARTESIAN_POINT('',(-0.528750368049,3.251,4.923025929903));
#5001 = CARTESIAN_POINT('',(-0.528750368049,3.25,4.923025929903));
#5002 = B_SPLINE_SURFACE_WITH_KNOTS('',1,1,(
    (#5003,#5004)
    ,(#5005,#5006
    )),.UNSPECIFIED.,.F.,.F.,.F.,(2,2),(2,2),(1.110223024625E-16,
    7.272066866724E-02),(-9.999999999999E-04,0.),
  .PIECEWISE_BEZIER_KNOTS.);
#5003 = CARTESIAN_POINT('',(-0.601471036717,3.25,4.923025929903));
#5004 = CARTESIAN_POINT('',(-0.601471036717,3.251,4.923025929903));
#5005 = CARTESIAN_POINT('',(-0.528750368049,3.25,4.923025929903));
#5006 = CARTESIAN_POINT('',(-0.528750368049,3.251,4.923025929903));
#5007 = ADVANCED_FACE('',(#5008),#5018,.F.);
#5008 = FACE_BOUND('',#5009,.F.);
#5009 = EDGE_LOOP('',(#5010,#5011,#5012,#5017));
#5010 = ORIENTED_EDGE('',*,*,#4992,.F.);
#5011 = ORIENTED_EDGE('',*,*,#4752,.T.);
#5012 = ORIENTED_EDGE('',*,*,#5013,.T.);
#5013 = EDGE_CURVE('',#4753,#4909,#5014,.T.);
#5014 = B_SPLINE_CURVE_WITH_KNOTS('',1,(#5015,#5016),.UNSPECIFIED.,.F.,
  .F.,(2,2),(-0.,9.999999999999E-04),.PIECEWISE_BEZIER_KNOTS.);
#5015 = CARTESIAN_POINT('',(-0.704131534584,3.251,4.960062106882));
#5016 = CARTESIAN_POINT('',(-0.704131534584,3.25,4.960062106882));
#5017 = ORIENTED_EDGE('',*,*,#4917,.F.);
#5018 = B_SPLINE_SURFACE_WITH_KNOTS('',3,1,(
    (#5019,#5020)
    ,(#5021,#5022)
    ,(#5023,#5024)
    ,(#5025,#5026
    )),.UNSPECIFIED.,.F.,.F.,.F.,(4,4),(2,2),(5.,6.),(0.,1.),
  .PIECEWISE_BEZIER_KNOTS.);
#5019 = CARTESIAN_POINT('',(-0.601471036717,3.251,4.923025929903));
#5020 = CARTESIAN_POINT('',(-0.601471036717,3.25,4.923025929903));
#5021 = CARTESIAN_POINT('',(-0.643305696479,3.251,4.923025929903));
#5022 = CARTESIAN_POINT('',(-0.643305696479,3.25,4.923025929903));
#5023 = CARTESIAN_POINT('',(-0.677570918612,3.251,4.935326266054));
#5024 = CARTESIAN_POINT('',(-0.677570918612,3.25,4.935326266054));
#5025 = CARTESIAN_POINT('',(-0.704131534584,3.251,4.960062106882));
#5026 = CARTESIAN_POINT('',(-0.704131534584,3.25,4.960062106882));
#5027 = ADVANCED_FACE('',(#5028),#5038,.F.);
#5028 = FACE_BOUND('',#5029,.F.);
#5029 = EDGE_LOOP('',(#5030,#5031,#5032,#5037));
#5030 = ORIENTED_EDGE('',*,*,#5013,.F.);
#5031 = ORIENTED_EDGE('',*,*,#4761,.T.);
#5032 = ORIENTED_EDGE('',*,*,#5033,.T.);
#5033 = EDGE_CURVE('',#4762,#4900,#5034,.T.);
#5034 = B_SPLINE_CURVE_WITH_KNOTS('',1,(#5035,#5036),.UNSPECIFIED.,.F.,
  .F.,(2,2),(-0.,9.999999999999E-04),.PIECEWISE_BEZIER_KNOTS.);
#5035 = CARTESIAN_POINT('',(-0.744006250675,3.251,5.058599964612));
#5036 = CARTESIAN_POINT('',(-0.744006250675,3.25,5.058599964612));
#5037 = ORIENTED_EDGE('',*,*,#4908,.F.);
#5038 = B_SPLINE_SURFACE_WITH_KNOTS('',3,1,(
    (#5039,#5040)
    ,(#5041,#5042)
    ,(#5043,#5044)
    ,(#5045,#5046
    )),.UNSPECIFIED.,.F.,.F.,.F.,(4,4),(2,2),(4.,5.),(0.,1.),
  .PIECEWISE_BEZIER_KNOTS.);
#5039 = CARTESIAN_POINT('',(-0.704131534584,3.251,4.960062106882));
#5040 = CARTESIAN_POINT('',(-0.704131534584,3.25,4.960062106882));
#5041 = CARTESIAN_POINT('',(-0.730692150557,3.251,4.984797947712));
#5042 = CARTESIAN_POINT('',(-0.730692150557,3.25,4.984797947712));
#5043 = CARTESIAN_POINT('',(-0.744006250675,3.251,5.017643900288));
#5044 = CARTESIAN_POINT('',(-0.744006250675,3.25,5.017643900288));
#5045 = CARTESIAN_POINT('',(-0.744006250675,3.251,5.058599964612));
#5046 = CARTESIAN_POINT('',(-0.744006250675,3.25,5.058599964612));
#5047 = ADVANCED_FACE('',(#5048),#5058,.F.);
#5048 = FACE_BOUND('',#5049,.F.);
#5049 = EDGE_LOOP('',(#5050,#5051,#5052,#5057));
#5050 = ORIENTED_EDGE('',*,*,#5033,.F.);
#5051 = ORIENTED_EDGE('',*,*,#4770,.T.);
#5052 = ORIENTED_EDGE('',*,*,#5053,.T.);
#5053 = EDGE_CURVE('',#4771,#4891,#5054,.T.);
#5054 = B_SPLINE_CURVE_WITH_KNOTS('',1,(#5055,#5056),.UNSPECIFIED.,.F.,
  .F.,(2,2),(-0.,9.999999999999E-04),.PIECEWISE_BEZIER_KNOTS.);
#5055 = CARTESIAN_POINT('',(-0.704131534584,3.251,5.152406923822));
#5056 = CARTESIAN_POINT('',(-0.704131534584,3.25,5.152406923822));
#5057 = ORIENTED_EDGE('',*,*,#4899,.F.);
#5058 = B_SPLINE_SURFACE_WITH_KNOTS('',3,1,(
    (#5059,#5060)
    ,(#5061,#5062)
    ,(#5063,#5064)
    ,(#5065,#5066
    )),.UNSPECIFIED.,.F.,.F.,.F.,(4,4),(2,2),(3.,4.),(0.,1.),
  .PIECEWISE_BEZIER_KNOTS.);
#5059 = CARTESIAN_POINT('',(-0.744006250675,3.251,5.058599964612));
#5060 = CARTESIAN_POINT('',(-0.744006250675,3.25,5.058599964612));
#5061 = CARTESIAN_POINT('',(-0.744006250675,3.251,5.097798838056));
#5062 = CARTESIAN_POINT('',(-0.744006250675,3.25,5.097798838056));
#5063 = CARTESIAN_POINT('',(-0.730692150557,3.251,5.129022768284));
#5064 = CARTESIAN_POINT('',(-0.730692150557,3.25,5.129022768284));
#5065 = CARTESIAN_POINT('',(-0.704131534584,3.251,5.152406923822));
#5066 = CARTESIAN_POINT('',(-0.704131534584,3.25,5.152406923822));
#5067 = ADVANCED_FACE('',(#5068),#5078,.F.);
#5068 = FACE_BOUND('',#5069,.F.);
#5069 = EDGE_LOOP('',(#5070,#5071,#5072,#5077));
#5070 = ORIENTED_EDGE('',*,*,#5053,.F.);
#5071 = ORIENTED_EDGE('',*,*,#4779,.T.);
#5072 = ORIENTED_EDGE('',*,*,#5073,.T.);
#5073 = EDGE_CURVE('',#4780,#4884,#5074,.T.);
#5074 = B_SPLINE_CURVE_WITH_KNOTS('',1,(#5075,#5076),.UNSPECIFIED.,.F.,
  .F.,(2,2),(-0.,9.999999999999E-04),.PIECEWISE_BEZIER_KNOTS.);
#5075 = CARTESIAN_POINT('',(-0.6041744073,3.251,5.187415572864));
#5076 = CARTESIAN_POINT('',(-0.6041744073,3.25,5.187415572864));
#5077 = ORIENTED_EDGE('',*,*,#4890,.F.);
#5078 = B_SPLINE_SURFACE_WITH_KNOTS('',3,1,(
    (#5079,#5080)
    ,(#5081,#5082)
    ,(#5083,#5084)
    ,(#5085,#5086
    )),.UNSPECIFIED.,.F.,.F.,.F.,(4,4),(2,2),(2.,3.),(0.,1.),
  .PIECEWISE_BEZIER_KNOTS.);
#5079 = CARTESIAN_POINT('',(-0.704131534584,3.251,5.152406923822));
#5080 = CARTESIAN_POINT('',(-0.704131534584,3.25,5.152406923822));
#5081 = CARTESIAN_POINT('',(-0.677570918612,3.251,5.17579107936));
#5082 = CARTESIAN_POINT('',(-0.677570918612,3.25,5.17579107936));
#5083 = CARTESIAN_POINT('',(-0.644251876183,3.251,5.187415572864));
#5084 = CARTESIAN_POINT('',(-0.644251876183,3.25,5.187415572864));
#5085 = CARTESIAN_POINT('',(-0.6041744073,3.251,5.187415572864));
#5086 = CARTESIAN_POINT('',(-0.6041744073,3.25,5.187415572864));
#5087 = ADVANCED_FACE('',(#5088),#5098,.F.);
#5088 = FACE_BOUND('',#5089,.T.);
#5089 = EDGE_LOOP('',(#5090,#5091,#5096,#5097));
#5090 = ORIENTED_EDGE('',*,*,#4883,.T.);
#5091 = ORIENTED_EDGE('',*,*,#5092,.F.);
#5092 = EDGE_CURVE('',#4789,#4877,#5093,.T.);
#5093 = B_SPLINE_CURVE_WITH_KNOTS('',1,(#5094,#5095),.UNSPECIFIED.,.F.,
  .F.,(2,2),(-0.,9.999999999999E-04),.PIECEWISE_BEZIER_KNOTS.);
#5094 = CARTESIAN_POINT('',(-0.528750368049,3.251,5.187415572864));
#5095 = CARTESIAN_POINT('',(-0.528750368049,3.25,5.187415572864));
#5096 = ORIENTED_EDGE('',*,*,#4788,.F.);
#5097 = ORIENTED_EDGE('',*,*,#5073,.T.);
#5098 = B_SPLINE_SURFACE_WITH_KNOTS('',1,1,(
    (#5099,#5100)
    ,(#5101,#5102
    )),.UNSPECIFIED.,.F.,.F.,.F.,(2,2),(2,2),(0.,7.542403925018E-02),(
    -9.999999999999E-04,0.),.PIECEWISE_BEZIER_KNOTS.);
#5099 = CARTESIAN_POINT('',(-0.528750368049,3.25,5.187415572864));
#5100 = CARTESIAN_POINT('',(-0.528750368049,3.251,5.187415572864));
#5101 = CARTESIAN_POINT('',(-0.6041744073,3.25,5.187415572864));
#5102 = CARTESIAN_POINT('',(-0.6041744073,3.251,5.187415572864));
#5103 = ADVANCED_FACE('',(#5104),#5110,.F.);
#5104 = FACE_BOUND('',#5105,.T.);
#5105 = EDGE_LOOP('',(#5106,#5107,#5108,#5109));
#5106 = ORIENTED_EDGE('',*,*,#4876,.T.);
#5107 = ORIENTED_EDGE('',*,*,#4998,.F.);
#5108 = ORIENTED_EDGE('',*,*,#4795,.F.);
#5109 = ORIENTED_EDGE('',*,*,#5092,.T.);
#5110 = B_SPLINE_SURFACE_WITH_KNOTS('',1,1,(
    (#5111,#5112)
    ,(#5113,#5114
    )),.UNSPECIFIED.,.F.,.F.,.F.,(2,2),(2,2),(0.,0.264389642961),(
    -9.999999999999E-04,0.),.PIECEWISE_BEZIER_KNOTS.);
#5111 = CARTESIAN_POINT('',(-0.528750368049,3.25,4.923025929903));
#5112 = CARTESIAN_POINT('',(-0.528750368049,3.251,4.923025929903));
#5113 = CARTESIAN_POINT('',(-0.528750368049,3.25,5.187415572864));
#5114 = CARTESIAN_POINT('',(-0.528750368049,3.251,5.187415572864));
#5115 = ADVANCED_FACE('',(#5116),#5130,.T.);
#5116 = FACE_BOUND('',#5117,.T.);
#5117 = EDGE_LOOP('',(#5118,#5119,#5124,#5125));
#5118 = ORIENTED_EDGE('',*,*,#4926,.F.);
#5119 = ORIENTED_EDGE('',*,*,#5120,.F.);
#5120 = EDGE_CURVE('',#4812,#4927,#5121,.T.);
#5121 = B_SPLINE_CURVE_WITH_KNOTS('',1,(#5122,#5123),.UNSPECIFIED.,.F.,
  .F.,(2,2),(-0.,9.999999999999E-04),.PIECEWISE_BEZIER_KNOTS.);
#5122 = CARTESIAN_POINT('',(-0.602822722006,3.251,5.157002653812));
#5123 = CARTESIAN_POINT('',(-0.602822722006,3.25,5.157002653812));
#5124 = ORIENTED_EDGE('',*,*,#4811,.T.);
#5125 = ORIENTED_EDGE('',*,*,#5126,.T.);
#5126 = EDGE_CURVE('',#4803,#4929,#5127,.T.);
#5127 = B_SPLINE_CURVE_WITH_KNOTS('',1,(#5128,#5129),.UNSPECIFIED.,.F.,
  .F.,(2,2),(-0.,9.999999999999E-04),.PIECEWISE_BEZIER_KNOTS.);
#5128 = CARTESIAN_POINT('',(-0.562880421653,3.251,5.157002653812));
#5129 = CARTESIAN_POINT('',(-0.562880421653,3.25,5.157002653812));
#5130 = B_SPLINE_SURFACE_WITH_KNOTS('',1,1,(
    (#5131,#5132)
    ,(#5133,#5134
    )),.UNSPECIFIED.,.F.,.F.,.F.,(2,2),(2,2),(-3.994230035305E-02,
    -1.110223024625E-16),(-9.999999999999E-04,0.),
  .PIECEWISE_BEZIER_KNOTS.);
#5131 = CARTESIAN_POINT('',(-0.562880421653,3.25,5.157002653812));
#5132 = CARTESIAN_POINT('',(-0.562880421653,3.251,5.157002653812));
#5133 = CARTESIAN_POINT('',(-0.602822722006,3.25,5.157002653812));
#5134 = CARTESIAN_POINT('',(-0.602822722006,3.251,5.157002653812));
#5135 = ADVANCED_FACE('',(#5136),#5146,.T.);
#5136 = FACE_BOUND('',#5137,.T.);
#5137 = EDGE_LOOP('',(#5138,#5139,#5140,#5141));
#5138 = ORIENTED_EDGE('',*,*,#4935,.F.);
#5139 = ORIENTED_EDGE('',*,*,#5126,.F.);
#5140 = ORIENTED_EDGE('',*,*,#4802,.T.);
#5141 = ORIENTED_EDGE('',*,*,#5142,.T.);
#5142 = EDGE_CURVE('',#4805,#4936,#5143,.T.);
#5143 = B_SPLINE_CURVE_WITH_KNOTS('',1,(#5144,#5145),.UNSPECIFIED.,.F.,
  .F.,(2,2),(-0.,9.999999999999E-04),.PIECEWISE_BEZIER_KNOTS.);
#5144 = CARTESIAN_POINT('',(-0.562880421653,3.251,4.953168511897));
#5145 = CARTESIAN_POINT('',(-0.562880421653,3.25,4.953168511897));
#5146 = B_SPLINE_SURFACE_WITH_KNOTS('',1,1,(
    (#5147,#5148)
    ,(#5149,#5150
    )),.UNSPECIFIED.,.F.,.F.,.F.,(2,2),(2,2),(-0.203834141915,0.),(
    -9.999999999999E-04,0.),.PIECEWISE_BEZIER_KNOTS.);
#5147 = CARTESIAN_POINT('',(-0.562880421653,3.25,4.953168511897));
#5148 = CARTESIAN_POINT('',(-0.562880421653,3.251,4.953168511897));
#5149 = CARTESIAN_POINT('',(-0.562880421653,3.25,5.157002653812));
#5150 = CARTESIAN_POINT('',(-0.562880421653,3.251,5.157002653812));
#5151 = ADVANCED_FACE('',(#5152),#5162,.T.);
#5152 = FACE_BOUND('',#5153,.T.);
#5153 = EDGE_LOOP('',(#5154,#5155,#5156,#5157));
#5154 = ORIENTED_EDGE('',*,*,#4942,.F.);
#5155 = ORIENTED_EDGE('',*,*,#5142,.F.);
#5156 = ORIENTED_EDGE('',*,*,#4854,.T.);
#5157 = ORIENTED_EDGE('',*,*,#5158,.T.);
#5158 = EDGE_CURVE('',#4846,#4943,#5159,.T.);
#5159 = B_SPLINE_CURVE_WITH_KNOTS('',1,(#5160,#5161),.UNSPECIFIED.,.F.,
  .F.,(2,2),(-0.,9.999999999999E-04),.PIECEWISE_BEZIER_KNOTS.);
#5160 = CARTESIAN_POINT('',(-0.601268283923,3.251,4.953168511897));
#5161 = CARTESIAN_POINT('',(-0.601268283923,3.25,4.953168511897));
#5162 = B_SPLINE_SURFACE_WITH_KNOTS('',1,1,(
    (#5163,#5164)
    ,(#5165,#5166
    )),.UNSPECIFIED.,.F.,.F.,.F.,(2,2),(2,2),(-3.838786226992E-02,0.),(
    -9.999999999999E-04,0.),.PIECEWISE_BEZIER_KNOTS.);
#5163 = CARTESIAN_POINT('',(-0.601268283923,3.25,4.953168511897));
#5164 = CARTESIAN_POINT('',(-0.601268283923,3.251,4.953168511897));
#5165 = CARTESIAN_POINT('',(-0.562880421653,3.25,4.953168511897));
#5166 = CARTESIAN_POINT('',(-0.562880421653,3.251,4.953168511897));
#5167 = ADVANCED_FACE('',(#5168),#5178,.T.);
#5168 = FACE_BOUND('',#5169,.T.);
#5169 = EDGE_LOOP('',(#5170,#5171,#5172,#5173));
#5170 = ORIENTED_EDGE('',*,*,#4949,.F.);
#5171 = ORIENTED_EDGE('',*,*,#5158,.F.);
#5172 = ORIENTED_EDGE('',*,*,#4845,.T.);
#5173 = ORIENTED_EDGE('',*,*,#5174,.T.);
#5174 = EDGE_CURVE('',#4837,#4950,#5175,.T.);
#5175 = B_SPLINE_CURVE_WITH_KNOTS('',1,(#5176,#5177),.UNSPECIFIED.,.F.,
  .F.,(2,2),(-0.,9.999999999999E-04),.PIECEWISE_BEZIER_KNOTS.);
#5176 = CARTESIAN_POINT('',(-0.679868783608,3.251,4.980742891837));
#5177 = CARTESIAN_POINT('',(-0.679868783608,3.25,4.980742891837));
#5178 = B_SPLINE_SURFACE_WITH_KNOTS('',3,1,(
    (#5179,#5180)
    ,(#5181,#5182)
    ,(#5183,#5184)
    ,(#5185,#5186
    )),.UNSPECIFIED.,.F.,.F.,.F.,(4,4),(2,2),(2.,3.),(0.,1.),
  .PIECEWISE_BEZIER_KNOTS.);
#5179 = CARTESIAN_POINT('',(-0.601268283923,3.251,4.953168511897));
#5180 = CARTESIAN_POINT('',(-0.601268283923,3.25,4.953168511897));
#5181 = CARTESIAN_POINT('',(-0.634857663409,3.251,4.953168511897));
#5182 = CARTESIAN_POINT('',(-0.634857663409,3.25,4.953168511897));
#5183 = CARTESIAN_POINT('',(-0.66108035806,3.251,4.962359971878));
#5184 = CARTESIAN_POINT('',(-0.66108035806,3.25,4.962359971878));
#5185 = CARTESIAN_POINT('',(-0.679868783608,3.251,4.980742891837));
#5186 = CARTESIAN_POINT('',(-0.679868783608,3.25,4.980742891837));
#5187 = ADVANCED_FACE('',(#5188),#5198,.T.);
#5188 = FACE_BOUND('',#5189,.T.);
#5189 = EDGE_LOOP('',(#5190,#5191,#5192,#5193));
#5190 = ORIENTED_EDGE('',*,*,#4958,.F.);
#5191 = ORIENTED_EDGE('',*,*,#5174,.F.);
#5192 = ORIENTED_EDGE('',*,*,#4836,.T.);
#5193 = ORIENTED_EDGE('',*,*,#5194,.T.);
#5194 = EDGE_CURVE('',#4828,#4959,#5195,.T.);
#5195 = B_SPLINE_CURVE_WITH_KNOTS('',1,(#5196,#5197),.UNSPECIFIED.,.F.,
  .F.,(2,2),(-0.,9.999999999999E-04),.PIECEWISE_BEZIER_KNOTS.);
#5196 = CARTESIAN_POINT('',(-0.708119006194,3.251,5.057653784908));
#5197 = CARTESIAN_POINT('',(-0.708119006194,3.25,5.057653784908));
#5198 = B_SPLINE_SURFACE_WITH_KNOTS('',3,1,(
    (#5199,#5200)
    ,(#5201,#5202)
    ,(#5203,#5204)
    ,(#5205,#5206
    )),.UNSPECIFIED.,.F.,.F.,.F.,(4,4),(2,2),(3.,4.),(0.,1.),
  .PIECEWISE_BEZIER_KNOTS.);
#5199 = CARTESIAN_POINT('',(-0.679868783608,3.251,4.980742891837));
#5200 = CARTESIAN_POINT('',(-0.679868783608,3.25,4.980742891837));
#5201 = CARTESIAN_POINT('',(-0.69872479342,3.251,4.998990643269));
#5202 = CARTESIAN_POINT('',(-0.69872479342,3.25,4.998990643269));
#5203 = CARTESIAN_POINT('',(-0.708119006194,3.251,5.024672663802));
#5204 = CARTESIAN_POINT('',(-0.708119006194,3.25,5.024672663802));
#5205 = CARTESIAN_POINT('',(-0.708119006194,3.251,5.057653784908));
#5206 = CARTESIAN_POINT('',(-0.708119006194,3.25,5.057653784908));
#5207 = ADVANCED_FACE('',(#5208),#5218,.T.);
#5208 = FACE_BOUND('',#5209,.T.);
#5209 = EDGE_LOOP('',(#5210,#5211,#5212,#5213));
#5210 = ORIENTED_EDGE('',*,*,#4967,.F.);
#5211 = ORIENTED_EDGE('',*,*,#5194,.F.);
#5212 = ORIENTED_EDGE('',*,*,#4827,.T.);
#5213 = ORIENTED_EDGE('',*,*,#5214,.T.);
#5214 = EDGE_CURVE('',#4819,#4968,#5215,.T.);
#5215 = B_SPLINE_CURVE_WITH_KNOTS('',1,(#5216,#5217),.UNSPECIFIED.,.F.,
  .F.,(2,2),(-0.,9.999999999999E-04),.PIECEWISE_BEZIER_KNOTS.);
#5216 = CARTESIAN_POINT('',(-0.679125356697,3.251,5.132131644453));
#5217 = CARTESIAN_POINT('',(-0.679125356697,3.25,5.132131644453));
#5218 = B_SPLINE_SURFACE_WITH_KNOTS('',3,1,(
    (#5219,#5220)
    ,(#5221,#5222)
    ,(#5223,#5224)
    ,(#5225,#5226
    )),.UNSPECIFIED.,.F.,.F.,.F.,(4,4),(2,2),(4.,5.),(0.,1.),
  .PIECEWISE_BEZIER_KNOTS.);
#5219 = CARTESIAN_POINT('',(-0.708119006194,3.251,5.057653784908));
#5220 = CARTESIAN_POINT('',(-0.708119006194,3.25,5.057653784908));
#5221 = CARTESIAN_POINT('',(-0.708119006194,3.251,5.090634906014));
#5222 = CARTESIAN_POINT('',(-0.708119006194,3.25,5.090634906014));
#5223 = CARTESIAN_POINT('',(-0.698454456361,3.251,5.115505915372));
#5224 = CARTESIAN_POINT('',(-0.698454456361,3.25,5.115505915372));
#5225 = CARTESIAN_POINT('',(-0.679125356697,3.251,5.132131644453));
#5226 = CARTESIAN_POINT('',(-0.679125356697,3.25,5.132131644453));
#5227 = ADVANCED_FACE('',(#5228),#5234,.T.);
#5228 = FACE_BOUND('',#5229,.T.);
#5229 = EDGE_LOOP('',(#5230,#5231,#5232,#5233));
#5230 = ORIENTED_EDGE('',*,*,#4976,.F.);
#5231 = ORIENTED_EDGE('',*,*,#5214,.F.);
#5232 = ORIENTED_EDGE('',*,*,#4818,.T.);
#5233 = ORIENTED_EDGE('',*,*,#5120,.T.);
#5234 = B_SPLINE_SURFACE_WITH_KNOTS('',3,1,(
    (#5235,#5236)
    ,(#5237,#5238)
    ,(#5239,#5240)
    ,(#5241,#5242
    )),.UNSPECIFIED.,.F.,.F.,.F.,(4,4),(2,2),(5.,6.),(0.,1.),
  .PIECEWISE_BEZIER_KNOTS.);
#5235 = CARTESIAN_POINT('',(-0.679125356697,3.251,5.132131644453));
#5236 = CARTESIAN_POINT('',(-0.679125356697,3.25,5.132131644453));
#5237 = CARTESIAN_POINT('',(-0.659796257031,3.251,5.148757373536));
#5238 = CARTESIAN_POINT('',(-0.659796257031,3.25,5.148757373536));
#5239 = CARTESIAN_POINT('',(-0.634316989292,3.251,5.157002653812));
#5240 = CARTESIAN_POINT('',(-0.634316989292,3.25,5.157002653812));
#5241 = CARTESIAN_POINT('',(-0.602822722006,3.251,5.157002653812));
#5242 = CARTESIAN_POINT('',(-0.602822722006,3.25,5.157002653812));
#5243 = MANIFOLD_SOLID_BREP('',#5244);
#5244 = CLOSED_SHELL('',(#5245,#5357,#5469,#5489,#5505,#5521,#5537,#5553
    ,#5569,#5585,#5597,#5617,#5633,#5653,#5669,#5689));
#5245 = ADVANCED_FACE('',(#5246,#5304),#5352,.F.);
#5246 = FACE_BOUND('',#5247,.T.);
#5247 = EDGE_LOOP('',(#5248,#5257,#5264,#5271,#5278,#5285,#5292,#5299));
#5248 = ORIENTED_EDGE('',*,*,#5249,.T.);
#5249 = EDGE_CURVE('',#5250,#5252,#5254,.T.);
#5250 = VERTEX_POINT('',#5251);
#5251 = CARTESIAN_POINT('',(-0.996568647338,3.251,4.923025929903));
#5252 = VERTEX_POINT('',#5253);
#5253 = CARTESIAN_POINT('',(-0.895868093142,3.251,5.187415572864));
#5254 = B_SPLINE_CURVE_WITH_KNOTS('',1,(#5255,#5256),.UNSPECIFIED.,.F.,
  .F.,(2,2),(-0.282917805944,0.),.PIECEWISE_BEZIER_KNOTS.);
#5255 = CARTESIAN_POINT('',(-0.996568647338,3.251,4.923025929903));
#5256 = CARTESIAN_POINT('',(-0.895868093142,3.251,5.187415572864));
#5257 = ORIENTED_EDGE('',*,*,#5258,.T.);
#5258 = EDGE_CURVE('',#5252,#5259,#5261,.T.);
#5259 = VERTEX_POINT('',#5260);
#5260 = CARTESIAN_POINT('',(-0.85937259028,3.251,5.187415572864));
#5261 = B_SPLINE_CURVE_WITH_KNOTS('',1,(#5262,#5263),.UNSPECIFIED.,.F.,
  .F.,(2,2),(-3.649550286259E-02,0.),.PIECEWISE_BEZIER_KNOTS.);
#5262 = CARTESIAN_POINT('',(-0.895868093142,3.251,5.187415572864));
#5263 = CARTESIAN_POINT('',(-0.85937259028,3.251,5.187415572864));
#5264 = ORIENTED_EDGE('',*,*,#5265,.T.);
#5265 = EDGE_CURVE('',#5259,#5266,#5268,.T.);
#5266 = VERTEX_POINT('',#5267);
#5267 = CARTESIAN_POINT('',(-0.758672036086,3.251,4.923025929903));
#5268 = B_SPLINE_CURVE_WITH_KNOTS('',1,(#5269,#5270),.UNSPECIFIED.,.F.,
  .F.,(2,2),(-0.282917805944,0.),.PIECEWISE_BEZIER_KNOTS.);
#5269 = CARTESIAN_POINT('',(-0.85937259028,3.251,5.187415572864));
#5270 = CARTESIAN_POINT('',(-0.758672036086,3.251,4.923025929903));
#5271 = ORIENTED_EDGE('',*,*,#5272,.T.);
#5272 = EDGE_CURVE('',#5266,#5273,#5275,.T.);
#5273 = VERTEX_POINT('',#5274);
#5274 = CARTESIAN_POINT('',(-0.796384055709,3.251,4.923025929903));
#5275 = B_SPLINE_CURVE_WITH_KNOTS('',1,(#5276,#5277),.UNSPECIFIED.,.F.,
  .F.,(2,2),(-3.771201962329E-02,0.),.PIECEWISE_BEZIER_KNOTS.);
#5276 = CARTESIAN_POINT('',(-0.758672036086,3.251,4.923025929903));
#5277 = CARTESIAN_POINT('',(-0.796384055709,3.251,4.923025929903));
#5278 = ORIENTED_EDGE('',*,*,#5279,.T.);
#5279 = EDGE_CURVE('',#5273,#5280,#5282,.T.);
#5280 = VERTEX_POINT('',#5281);
#5281 = CARTESIAN_POINT('',(-0.821795739184,3.251,4.995341092984));
#5282 = B_SPLINE_CURVE_WITH_KNOTS('',1,(#5283,#5284),.UNSPECIFIED.,.F.,
  .F.,(2,2),(-7.66500911177E-02,0.),.PIECEWISE_BEZIER_KNOTS.);
#5283 = CARTESIAN_POINT('',(-0.796384055709,3.251,4.923025929903));
#5284 = CARTESIAN_POINT('',(-0.821795739184,3.251,4.995341092984));
#5285 = ORIENTED_EDGE('',*,*,#5286,.T.);
#5286 = EDGE_CURVE('',#5280,#5287,#5289,.T.);
#5287 = VERTEX_POINT('',#5288);
#5288 = CARTESIAN_POINT('',(-0.931890506154,3.251,4.995341092984));
#5289 = B_SPLINE_CURVE_WITH_KNOTS('',1,(#5290,#5291),.UNSPECIFIED.,.F.,
  .F.,(2,2),(-0.11009476697,0.),.PIECEWISE_BEZIER_KNOTS.);
#5290 = CARTESIAN_POINT('',(-0.821795739184,3.251,4.995341092984));
#5291 = CARTESIAN_POINT('',(-0.931890506154,3.251,4.995341092984));
#5292 = ORIENTED_EDGE('',*,*,#5293,.T.);
#5293 = EDGE_CURVE('',#5287,#5294,#5296,.T.);
#5294 = VERTEX_POINT('',#5295);
#5295 = CARTESIAN_POINT('',(-0.958856627713,3.251,4.923025929903));
#5296 = B_SPLINE_CURVE_WITH_KNOTS('',1,(#5297,#5298),.UNSPECIFIED.,.F.,
  .F.,(2,2),(-7.717936591668E-02,-0.),.PIECEWISE_BEZIER_KNOTS.);
#5297 = CARTESIAN_POINT('',(-0.931890506154,3.251,4.995341092984));
#5298 = CARTESIAN_POINT('',(-0.958856627713,3.251,4.923025929903));
#5299 = ORIENTED_EDGE('',*,*,#5300,.T.);
#5300 = EDGE_CURVE('',#5294,#5250,#5301,.T.);
#5301 = B_SPLINE_CURVE_WITH_KNOTS('',1,(#5302,#5303),.UNSPECIFIED.,.F.,
  .F.,(2,2),(-3.771201962509E-02,0.),.PIECEWISE_BEZIER_KNOTS.);
#5302 = CARTESIAN_POINT('',(-0.958856627713,3.251,4.923025929903));
#5303 = CARTESIAN_POINT('',(-0.996568647338,3.251,4.923025929903));
#5304 = FACE_BOUND('',#5305,.T.);
#5305 = EDGE_LOOP('',(#5306,#5315,#5322,#5331,#5338,#5347));
#5306 = ORIENTED_EDGE('',*,*,#5307,.F.);
#5307 = EDGE_CURVE('',#5308,#5310,#5312,.T.);
#5308 = VERTEX_POINT('',#5309);
#5309 = CARTESIAN_POINT('',(-0.832609221514,3.251,5.02521333792));
#5310 = VERTEX_POINT('',#5311);
#5311 = CARTESIAN_POINT('',(-0.921347360881,3.251,5.02521333792));
#5312 = B_SPLINE_CURVE_WITH_KNOTS('',1,(#5313,#5314),.UNSPECIFIED.,.F.,
  .F.,(2,2),(0.,8.873813936786E-02),.PIECEWISE_BEZIER_KNOTS.);
#5313 = CARTESIAN_POINT('',(-0.832609221514,3.251,5.02521333792));
#5314 = CARTESIAN_POINT('',(-0.921347360881,3.251,5.02521333792));
#5315 = ORIENTED_EDGE('',*,*,#5316,.F.);
#5316 = EDGE_CURVE('',#5317,#5308,#5319,.T.);
#5317 = VERTEX_POINT('',#5318);
#5318 = CARTESIAN_POINT('',(-0.872146016282,3.251,5.135105352094));
#5319 = B_SPLINE_CURVE_WITH_KNOTS('',1,(#5320,#5321),.UNSPECIFIED.,.F.,
  .F.,(2,2),(2.841035899848E-16,0.116787897146),
  .PIECEWISE_BEZIER_KNOTS.);
#5320 = CARTESIAN_POINT('',(-0.872146016282,3.251,5.135105352094));
#5321 = CARTESIAN_POINT('',(-0.832609221514,3.251,5.02521333792));
#5322 = ORIENTED_EDGE('',*,*,#5323,.F.);
#5323 = EDGE_CURVE('',#5324,#5317,#5326,.T.);
#5324 = VERTEX_POINT('',#5325);
#5325 = CARTESIAN_POINT('',(-0.876471409214,3.251,5.153623440584));
#5326 = B_SPLINE_CURVE_WITH_KNOTS('',3,(#5327,#5328,#5329,#5330),
  .UNSPECIFIED.,.F.,.F.,(4,4),(3.,4.),.PIECEWISE_BEZIER_KNOTS.);
#5327 = CARTESIAN_POINT('',(-0.876471409214,3.251,5.153623440584));
#5328 = CARTESIAN_POINT('',(-0.875187308187,3.251,5.145648497366));
#5329 = CARTESIAN_POINT('',(-0.873768038631,3.251,5.139430745027));
#5330 = CARTESIAN_POINT('',(-0.872146016282,3.251,5.135105352094));
#5331 = ORIENTED_EDGE('',*,*,#5332,.F.);
#5332 = EDGE_CURVE('',#5333,#5324,#5335,.T.);
#5333 = VERTEX_POINT('',#5334);
#5334 = CARTESIAN_POINT('',(-0.877282420388,3.251,5.153623440584));
#5335 = B_SPLINE_CURVE_WITH_KNOTS('',1,(#5336,#5337),.UNSPECIFIED.,.F.,
  .F.,(2,2),(-1.110223024625E-16,8.110111738026E-04),
  .PIECEWISE_BEZIER_KNOTS.);
#5336 = CARTESIAN_POINT('',(-0.877282420388,3.251,5.153623440584));
#5337 = CARTESIAN_POINT('',(-0.876471409214,3.251,5.153623440584));
#5338 = ORIENTED_EDGE('',*,*,#5339,.F.);
#5339 = EDGE_CURVE('',#5340,#5333,#5342,.T.);
#5340 = VERTEX_POINT('',#5341);
#5341 = CARTESIAN_POINT('',(-0.881405060527,3.251,5.135105352094));
#5342 = B_SPLINE_CURVE_WITH_KNOTS('',3,(#5343,#5344,#5345,#5346),
  .UNSPECIFIED.,.F.,.F.,(4,4),(1.,2.),.PIECEWISE_BEZIER_KNOTS.);
#5343 = CARTESIAN_POINT('',(-0.881405060527,3.251,5.135105352094));
#5344 = CARTESIAN_POINT('',(-0.8801209595,3.251,5.13875490238));
#5345 = CARTESIAN_POINT('',(-0.878769274208,3.251,5.144837486191));
#5346 = CARTESIAN_POINT('',(-0.877282420388,3.251,5.153623440584));
#5347 = ORIENTED_EDGE('',*,*,#5348,.F.);
#5348 = EDGE_CURVE('',#5310,#5340,#5349,.T.);
#5349 = B_SPLINE_CURVE_WITH_KNOTS('',1,(#5350,#5351),.UNSPECIFIED.,.F.,
  .F.,(2,2),(0.,0.116925797568),.PIECEWISE_BEZIER_KNOTS.);
#5350 = CARTESIAN_POINT('',(-0.921347360881,3.251,5.02521333792));
#5351 = CARTESIAN_POINT('',(-0.881405060527,3.251,5.135105352094));
#5352 = B_SPLINE_SURFACE_WITH_KNOTS('',1,1,(
    (#5353,#5354)
    ,(#5355,#5356
    )),.UNSPECIFIED.,.F.,.F.,.F.,(2,2),(2,2),(-1.279348654764,
    -1.014959011803),(-0.996568647338,-0.758672036086),
  .PIECEWISE_BEZIER_KNOTS.);
#5353 = CARTESIAN_POINT('',(-0.996568647338,3.251,5.187415572864));
#5354 = CARTESIAN_POINT('',(-0.758672036086,3.251,5.187415572864));
#5355 = CARTESIAN_POINT('',(-0.996568647338,3.251,4.923025929903));
#5356 = CARTESIAN_POINT('',(-0.758672036086,3.251,4.923025929903));
#5357 = ADVANCED_FACE('',(#5358,#5416),#5464,.T.);
#5358 = FACE_BOUND('',#5359,.T.);
#5359 = EDGE_LOOP('',(#5360,#5369,#5376,#5383,#5390,#5397,#5404,#5411));
#5360 = ORIENTED_EDGE('',*,*,#5361,.F.);
#5361 = EDGE_CURVE('',#5362,#5364,#5366,.T.);
#5362 = VERTEX_POINT('',#5363);
#5363 = CARTESIAN_POINT('',(-0.996568647338,3.25,4.923025929903));
#5364 = VERTEX_POINT('',#5365);
#5365 = CARTESIAN_POINT('',(-0.895868093142,3.25,5.187415572864));
#5366 = B_SPLINE_CURVE_WITH_KNOTS('',1,(#5367,#5368),.UNSPECIFIED.,.F.,
  .F.,(2,2),(-0.282917805944,0.),.PIECEWISE_BEZIER_KNOTS.);
#5367 = CARTESIAN_POINT('',(-0.996568647338,3.25,4.923025929903));
#5368 = CARTESIAN_POINT('',(-0.895868093142,3.25,5.187415572864));
#5369 = ORIENTED_EDGE('',*,*,#5370,.F.);
#5370 = EDGE_CURVE('',#5371,#5362,#5373,.T.);
#5371 = VERTEX_POINT('',#5372);
#5372 = CARTESIAN_POINT('',(-0.958856627713,3.25,4.923025929903));
#5373 = B_SPLINE_CURVE_WITH_KNOTS('',1,(#5374,#5375),.UNSPECIFIED.,.F.,
  .F.,(2,2),(-3.771201962509E-02,0.),.PIECEWISE_BEZIER_KNOTS.);
#5374 = CARTESIAN_POINT('',(-0.958856627713,3.25,4.923025929903));
#5375 = CARTESIAN_POINT('',(-0.996568647338,3.25,4.923025929903));
#5376 = ORIENTED_EDGE('',*,*,#5377,.F.);
#5377 = EDGE_CURVE('',#5378,#5371,#5380,.T.);
#5378 = VERTEX_POINT('',#5379);
#5379 = CARTESIAN_POINT('',(-0.931890506154,3.25,4.995341092984));
#5380 = B_SPLINE_CURVE_WITH_KNOTS('',1,(#5381,#5382),.UNSPECIFIED.,.F.,
  .F.,(2,2),(-7.717936591668E-02,-0.),.PIECEWISE_BEZIER_KNOTS.);
#5381 = CARTESIAN_POINT('',(-0.931890506154,3.25,4.995341092984));
#5382 = CARTESIAN_POINT('',(-0.958856627713,3.25,4.923025929903));
#5383 = ORIENTED_EDGE('',*,*,#5384,.F.);
#5384 = EDGE_CURVE('',#5385,#5378,#5387,.T.);
#5385 = VERTEX_POINT('',#5386);
#5386 = CARTESIAN_POINT('',(-0.821795739184,3.25,4.995341092984));
#5387 = B_SPLINE_CURVE_WITH_KNOTS('',1,(#5388,#5389),.UNSPECIFIED.,.F.,
  .F.,(2,2),(-0.11009476697,0.),.PIECEWISE_BEZIER_KNOTS.);
#5388 = CARTESIAN_POINT('',(-0.821795739184,3.25,4.995341092984));
#5389 = CARTESIAN_POINT('',(-0.931890506154,3.25,4.995341092984));
#5390 = ORIENTED_EDGE('',*,*,#5391,.F.);
#5391 = EDGE_CURVE('',#5392,#5385,#5394,.T.);
#5392 = VERTEX_POINT('',#5393);
#5393 = CARTESIAN_POINT('',(-0.796384055709,3.25,4.923025929903));
#5394 = B_SPLINE_CURVE_WITH_KNOTS('',1,(#5395,#5396),.UNSPECIFIED.,.F.,
  .F.,(2,2),(-7.66500911177E-02,0.),.PIECEWISE_BEZIER_KNOTS.);
#5395 = CARTESIAN_POINT('',(-0.796384055709,3.25,4.923025929903));
#5396 = CARTESIAN_POINT('',(-0.821795739184,3.25,4.995341092984));
#5397 = ORIENTED_EDGE('',*,*,#5398,.F.);
#5398 = EDGE_CURVE('',#5399,#5392,#5401,.T.);
#5399 = VERTEX_POINT('',#5400);
#5400 = CARTESIAN_POINT('',(-0.758672036086,3.25,4.923025929903));
#5401 = B_SPLINE_CURVE_WITH_KNOTS('',1,(#5402,#5403),.UNSPECIFIED.,.F.,
  .F.,(2,2),(-3.771201962329E-02,0.),.PIECEWISE_BEZIER_KNOTS.);
#5402 = CARTESIAN_POINT('',(-0.758672036086,3.25,4.923025929903));
#5403 = CARTESIAN_POINT('',(-0.796384055709,3.25,4.923025929903));
#5404 = ORIENTED_EDGE('',*,*,#5405,.F.);
#5405 = EDGE_CURVE('',#5406,#5399,#5408,.T.);
#5406 = VERTEX_POINT('',#5407);
#5407 = CARTESIAN_POINT('',(-0.85937259028,3.25,5.187415572864));
#5408 = B_SPLINE_CURVE_WITH_KNOTS('',1,(#5409,#5410),.UNSPECIFIED.,.F.,
  .F.,(2,2),(-0.282917805944,0.),.PIECEWISE_BEZIER_KNOTS.);
#5409 = CARTESIAN_POINT('',(-0.85937259028,3.25,5.187415572864));
#5410 = CARTESIAN_POINT('',(-0.758672036086,3.25,4.923025929903));
#5411 = ORIENTED_EDGE('',*,*,#5412,.F.);
#5412 = EDGE_CURVE('',#5364,#5406,#5413,.T.);
#5413 = B_SPLINE_CURVE_WITH_KNOTS('',1,(#5414,#5415),.UNSPECIFIED.,.F.,
  .F.,(2,2),(-3.649550286259E-02,0.),.PIECEWISE_BEZIER_KNOTS.);
#5414 = CARTESIAN_POINT('',(-0.895868093142,3.25,5.187415572864));
#5415 = CARTESIAN_POINT('',(-0.85937259028,3.25,5.187415572864));
#5416 = FACE_BOUND('',#5417,.T.);
#5417 = EDGE_LOOP('',(#5418,#5427,#5434,#5441,#5450,#5457));
#5418 = ORIENTED_EDGE('',*,*,#5419,.T.);
#5419 = EDGE_CURVE('',#5420,#5422,#5424,.T.);
#5420 = VERTEX_POINT('',#5421);
#5421 = CARTESIAN_POINT('',(-0.872146016282,3.25,5.135105352094));
#5422 = VERTEX_POINT('',#5423);
#5423 = CARTESIAN_POINT('',(-0.832609221514,3.25,5.02521333792));
#5424 = B_SPLINE_CURVE_WITH_KNOTS('',1,(#5425,#5426),.UNSPECIFIED.,.F.,
  .F.,(2,2),(0.,0.116787897146),.PIECEWISE_BEZIER_KNOTS.);
#5425 = CARTESIAN_POINT('',(-0.872146016282,3.25,5.135105352094));
#5426 = CARTESIAN_POINT('',(-0.832609221514,3.25,5.02521333792));
#5427 = ORIENTED_EDGE('',*,*,#5428,.T.);
#5428 = EDGE_CURVE('',#5422,#5429,#5431,.T.);
#5429 = VERTEX_POINT('',#5430);
#5430 = CARTESIAN_POINT('',(-0.921347360881,3.25,5.02521333792));
#5431 = B_SPLINE_CURVE_WITH_KNOTS('',1,(#5432,#5433),.UNSPECIFIED.,.F.,
  .F.,(2,2),(0.,8.873813936786E-02),.PIECEWISE_BEZIER_KNOTS.);
#5432 = CARTESIAN_POINT('',(-0.832609221514,3.25,5.02521333792));
#5433 = CARTESIAN_POINT('',(-0.921347360881,3.25,5.02521333792));
#5434 = ORIENTED_EDGE('',*,*,#5435,.T.);
#5435 = EDGE_CURVE('',#5429,#5436,#5438,.T.);
#5436 = VERTEX_POINT('',#5437);
#5437 = CARTESIAN_POINT('',(-0.881405060527,3.25,5.135105352094));
#5438 = B_SPLINE_CURVE_WITH_KNOTS('',1,(#5439,#5440),.UNSPECIFIED.,.F.,
  .F.,(2,2),(0.,0.116925797568),.PIECEWISE_BEZIER_KNOTS.);
#5439 = CARTESIAN_POINT('',(-0.921347360881,3.25,5.02521333792));
#5440 = CARTESIAN_POINT('',(-0.881405060527,3.25,5.135105352094));
#5441 = ORIENTED_EDGE('',*,*,#5442,.T.);
#5442 = EDGE_CURVE('',#5436,#5443,#5445,.T.);
#5443 = VERTEX_POINT('',#5444);
#5444 = CARTESIAN_POINT('',(-0.877282420388,3.25,5.153623440584));
#5445 = B_SPLINE_CURVE_WITH_KNOTS('',3,(#5446,#5447,#5448,#5449),
  .UNSPECIFIED.,.F.,.F.,(4,4),(1.,2.),.PIECEWISE_BEZIER_KNOTS.);
#5446 = CARTESIAN_POINT('',(-0.881405060527,3.25,5.135105352094));
#5447 = CARTESIAN_POINT('',(-0.8801209595,3.25,5.13875490238));
#5448 = CARTESIAN_POINT('',(-0.878769274208,3.25,5.144837486191));
#5449 = CARTESIAN_POINT('',(-0.877282420388,3.25,5.153623440584));
#5450 = ORIENTED_EDGE('',*,*,#5451,.T.);
#5451 = EDGE_CURVE('',#5443,#5452,#5454,.T.);
#5452 = VERTEX_POINT('',#5453);
#5453 = CARTESIAN_POINT('',(-0.876471409214,3.25,5.153623440584));
#5454 = B_SPLINE_CURVE_WITH_KNOTS('',1,(#5455,#5456),.UNSPECIFIED.,.F.,
  .F.,(2,2),(-1.110223024625E-16,8.110111738026E-04),
  .PIECEWISE_BEZIER_KNOTS.);
#5455 = CARTESIAN_POINT('',(-0.877282420388,3.25,5.153623440584));
#5456 = CARTESIAN_POINT('',(-0.876471409214,3.25,5.153623440584));
#5457 = ORIENTED_EDGE('',*,*,#5458,.T.);
#5458 = EDGE_CURVE('',#5452,#5420,#5459,.T.);
#5459 = B_SPLINE_CURVE_WITH_KNOTS('',3,(#5460,#5461,#5462,#5463),
  .UNSPECIFIED.,.F.,.F.,(4,4),(3.,4.),.PIECEWISE_BEZIER_KNOTS.);
#5460 = CARTESIAN_POINT('',(-0.876471409214,3.25,5.153623440584));
#5461 = CARTESIAN_POINT('',(-0.875187308187,3.25,5.145648497366));
#5462 = CARTESIAN_POINT('',(-0.873768038631,3.25,5.139430745027));
#5463 = CARTESIAN_POINT('',(-0.872146016282,3.25,5.135105352094));
#5464 = B_SPLINE_SURFACE_WITH_KNOTS('',1,1,(
    (#5465,#5466)
    ,(#5467,#5468
    )),.UNSPECIFIED.,.F.,.F.,.F.,(2,2),(2,2),(-1.279348654764,
    -1.014959011803),(-0.996568647338,-0.758672036086),
  .PIECEWISE_BEZIER_KNOTS.);
#5465 = CARTESIAN_POINT('',(-0.996568647338,3.25,5.187415572864));
#5466 = CARTESIAN_POINT('',(-0.758672036086,3.25,5.187415572864));
#5467 = CARTESIAN_POINT('',(-0.996568647338,3.25,4.923025929903));
#5468 = CARTESIAN_POINT('',(-0.758672036086,3.25,4.923025929903));
#5469 = ADVANCED_FACE('',(#5470),#5484,.F.);
#5470 = FACE_BOUND('',#5471,.T.);
#5471 = EDGE_LOOP('',(#5472,#5473,#5478,#5479));
#5472 = ORIENTED_EDGE('',*,*,#5361,.T.);
#5473 = ORIENTED_EDGE('',*,*,#5474,.F.);
#5474 = EDGE_CURVE('',#5252,#5364,#5475,.T.);
#5475 = B_SPLINE_CURVE_WITH_KNOTS('',1,(#5476,#5477),.UNSPECIFIED.,.F.,
  .F.,(2,2),(-0.,9.999999999999E-04),.PIECEWISE_BEZIER_KNOTS.);
#5476 = CARTESIAN_POINT('',(-0.895868093142,3.251,5.187415572864));
#5477 = CARTESIAN_POINT('',(-0.895868093142,3.25,5.187415572864));
#5478 = ORIENTED_EDGE('',*,*,#5249,.F.);
#5479 = ORIENTED_EDGE('',*,*,#5480,.T.);
#5480 = EDGE_CURVE('',#5250,#5362,#5481,.T.);
#5481 = B_SPLINE_CURVE_WITH_KNOTS('',1,(#5482,#5483),.UNSPECIFIED.,.F.,
  .F.,(2,2),(-0.,9.999999999999E-04),.PIECEWISE_BEZIER_KNOTS.);
#5482 = CARTESIAN_POINT('',(-0.996568647338,3.251,4.923025929903));
#5483 = CARTESIAN_POINT('',(-0.996568647338,3.25,4.923025929903));
#5484 = B_SPLINE_SURFACE_WITH_KNOTS('',1,1,(
    (#5485,#5486)
    ,(#5487,#5488
    )),.UNSPECIFIED.,.F.,.F.,.F.,(2,2),(2,2),(-0.,0.282917805944),(
    -9.999999999999E-04,0.),.PIECEWISE_BEZIER_KNOTS.);
#5485 = CARTESIAN_POINT('',(-0.895868093142,3.25,5.187415572864));
#5486 = CARTESIAN_POINT('',(-0.895868093142,3.251,5.187415572864));
#5487 = CARTESIAN_POINT('',(-0.996568647338,3.25,4.923025929903));
#5488 = CARTESIAN_POINT('',(-0.996568647338,3.251,4.923025929903));
#5489 = ADVANCED_FACE('',(#5490),#5500,.F.);
#5490 = FACE_BOUND('',#5491,.T.);
#5491 = EDGE_LOOP('',(#5492,#5493,#5498,#5499));
#5492 = ORIENTED_EDGE('',*,*,#5412,.T.);
#5493 = ORIENTED_EDGE('',*,*,#5494,.F.);
#5494 = EDGE_CURVE('',#5259,#5406,#5495,.T.);
#5495 = B_SPLINE_CURVE_WITH_KNOTS('',1,(#5496,#5497),.UNSPECIFIED.,.F.,
  .F.,(2,2),(-0.,9.999999999999E-04),.PIECEWISE_BEZIER_KNOTS.);
#5496 = CARTESIAN_POINT('',(-0.85937259028,3.251,5.187415572864));
#5497 = CARTESIAN_POINT('',(-0.85937259028,3.25,5.187415572864));
#5498 = ORIENTED_EDGE('',*,*,#5258,.F.);
#5499 = ORIENTED_EDGE('',*,*,#5474,.T.);
#5500 = B_SPLINE_SURFACE_WITH_KNOTS('',1,1,(
    (#5501,#5502)
    ,(#5503,#5504
    )),.UNSPECIFIED.,.F.,.F.,.F.,(2,2),(2,2),(0.,3.649550286259E-02),(
    -9.999999999999E-04,0.),.PIECEWISE_BEZIER_KNOTS.);
#5501 = CARTESIAN_POINT('',(-0.85937259028,3.25,5.187415572864));
#5502 = CARTESIAN_POINT('',(-0.85937259028,3.251,5.187415572864));
#5503 = CARTESIAN_POINT('',(-0.895868093142,3.25,5.187415572864));
#5504 = CARTESIAN_POINT('',(-0.895868093142,3.251,5.187415572864));
#5505 = ADVANCED_FACE('',(#5506),#5516,.F.);
#5506 = FACE_BOUND('',#5507,.T.);
#5507 = EDGE_LOOP('',(#5508,#5509,#5514,#5515));
#5508 = ORIENTED_EDGE('',*,*,#5405,.T.);
#5509 = ORIENTED_EDGE('',*,*,#5510,.F.);
#5510 = EDGE_CURVE('',#5266,#5399,#5511,.T.);
#5511 = B_SPLINE_CURVE_WITH_KNOTS('',1,(#5512,#5513),.UNSPECIFIED.,.F.,
  .F.,(2,2),(-0.,9.999999999999E-04),.PIECEWISE_BEZIER_KNOTS.);
#5512 = CARTESIAN_POINT('',(-0.758672036086,3.251,4.923025929903));
#5513 = CARTESIAN_POINT('',(-0.758672036086,3.25,4.923025929903));
#5514 = ORIENTED_EDGE('',*,*,#5265,.F.);
#5515 = ORIENTED_EDGE('',*,*,#5494,.T.);
#5516 = B_SPLINE_SURFACE_WITH_KNOTS('',1,1,(
    (#5517,#5518)
    ,(#5519,#5520
    )),.UNSPECIFIED.,.F.,.F.,.F.,(2,2),(2,2),(0.,0.282917805944),(
    -9.999999999999E-04,0.),.PIECEWISE_BEZIER_KNOTS.);
#5517 = CARTESIAN_POINT('',(-0.758672036086,3.25,4.923025929903));
#5518 = CARTESIAN_POINT('',(-0.758672036086,3.251,4.923025929903));
#5519 = CARTESIAN_POINT('',(-0.85937259028,3.25,5.187415572864));
#5520 = CARTESIAN_POINT('',(-0.85937259028,3.251,5.187415572864));
#5521 = ADVANCED_FACE('',(#5522),#5532,.F.);
#5522 = FACE_BOUND('',#5523,.T.);
#5523 = EDGE_LOOP('',(#5524,#5525,#5530,#5531));
#5524 = ORIENTED_EDGE('',*,*,#5398,.T.);
#5525 = ORIENTED_EDGE('',*,*,#5526,.F.);
#5526 = EDGE_CURVE('',#5273,#5392,#5527,.T.);
#5527 = B_SPLINE_CURVE_WITH_KNOTS('',1,(#5528,#5529),.UNSPECIFIED.,.F.,
  .F.,(2,2),(-0.,9.999999999999E-04),.PIECEWISE_BEZIER_KNOTS.);
#5528 = CARTESIAN_POINT('',(-0.796384055709,3.251,4.923025929903));
#5529 = CARTESIAN_POINT('',(-0.796384055709,3.25,4.923025929903));
#5530 = ORIENTED_EDGE('',*,*,#5272,.F.);
#5531 = ORIENTED_EDGE('',*,*,#5510,.T.);
#5532 = B_SPLINE_SURFACE_WITH_KNOTS('',1,1,(
    (#5533,#5534)
    ,(#5535,#5536
    )),.UNSPECIFIED.,.F.,.F.,.F.,(2,2),(2,2),(0.,3.771201962329E-02),(
    -9.999999999999E-04,0.),.PIECEWISE_BEZIER_KNOTS.);
#5533 = CARTESIAN_POINT('',(-0.796384055709,3.25,4.923025929903));
#5534 = CARTESIAN_POINT('',(-0.796384055709,3.251,4.923025929903));
#5535 = CARTESIAN_POINT('',(-0.758672036086,3.25,4.923025929903));
#5536 = CARTESIAN_POINT('',(-0.758672036086,3.251,4.923025929903));
#5537 = ADVANCED_FACE('',(#5538),#5548,.F.);
#5538 = FACE_BOUND('',#5539,.T.);
#5539 = EDGE_LOOP('',(#5540,#5541,#5546,#5547));
#5540 = ORIENTED_EDGE('',*,*,#5391,.T.);
#5541 = ORIENTED_EDGE('',*,*,#5542,.F.);
#5542 = EDGE_CURVE('',#5280,#5385,#5543,.T.);
#5543 = B_SPLINE_CURVE_WITH_KNOTS('',1,(#5544,#5545),.UNSPECIFIED.,.F.,
  .F.,(2,2),(-0.,9.999999999999E-04),.PIECEWISE_BEZIER_KNOTS.);
#5544 = CARTESIAN_POINT('',(-0.821795739184,3.251,4.995341092984));
#5545 = CARTESIAN_POINT('',(-0.821795739184,3.25,4.995341092984));
#5546 = ORIENTED_EDGE('',*,*,#5279,.F.);
#5547 = ORIENTED_EDGE('',*,*,#5526,.T.);
#5548 = B_SPLINE_SURFACE_WITH_KNOTS('',1,1,(
    (#5549,#5550)
    ,(#5551,#5552
    )),.UNSPECIFIED.,.F.,.F.,.F.,(2,2),(2,2),(0.,7.66500911177E-02),(
    -9.999999999999E-04,0.),.PIECEWISE_BEZIER_KNOTS.);
#5549 = CARTESIAN_POINT('',(-0.821795739184,3.25,4.995341092984));
#5550 = CARTESIAN_POINT('',(-0.821795739184,3.251,4.995341092984));
#5551 = CARTESIAN_POINT('',(-0.796384055709,3.25,4.923025929903));
#5552 = CARTESIAN_POINT('',(-0.796384055709,3.251,4.923025929903));
#5553 = ADVANCED_FACE('',(#5554),#5564,.F.);
#5554 = FACE_BOUND('',#5555,.T.);
#5555 = EDGE_LOOP('',(#5556,#5557,#5562,#5563));
#5556 = ORIENTED_EDGE('',*,*,#5384,.T.);
#5557 = ORIENTED_EDGE('',*,*,#5558,.F.);
#5558 = EDGE_CURVE('',#5287,#5378,#5559,.T.);
#5559 = B_SPLINE_CURVE_WITH_KNOTS('',1,(#5560,#5561),.UNSPECIFIED.,.F.,
  .F.,(2,2),(-0.,9.999999999999E-04),.PIECEWISE_BEZIER_KNOTS.);
#5560 = CARTESIAN_POINT('',(-0.931890506154,3.251,4.995341092984));
#5561 = CARTESIAN_POINT('',(-0.931890506154,3.25,4.995341092984));
#5562 = ORIENTED_EDGE('',*,*,#5286,.F.);
#5563 = ORIENTED_EDGE('',*,*,#5542,.T.);
#5564 = B_SPLINE_SURFACE_WITH_KNOTS('',1,1,(
    (#5565,#5566)
    ,(#5567,#5568
    )),.UNSPECIFIED.,.F.,.F.,.F.,(2,2),(2,2),(0.,0.11009476697),(
    -9.999999999999E-04,0.),.PIECEWISE_BEZIER_KNOTS.);
#5565 = CARTESIAN_POINT('',(-0.931890506154,3.25,4.995341092984));
#5566 = CARTESIAN_POINT('',(-0.931890506154,3.251,4.995341092984));
#5567 = CARTESIAN_POINT('',(-0.821795739184,3.25,4.995341092984));
#5568 = CARTESIAN_POINT('',(-0.821795739184,3.251,4.995341092984));
#5569 = ADVANCED_FACE('',(#5570),#5580,.F.);
#5570 = FACE_BOUND('',#5571,.T.);
#5571 = EDGE_LOOP('',(#5572,#5573,#5578,#5579));
#5572 = ORIENTED_EDGE('',*,*,#5377,.T.);
#5573 = ORIENTED_EDGE('',*,*,#5574,.F.);
#5574 = EDGE_CURVE('',#5294,#5371,#5575,.T.);
#5575 = B_SPLINE_CURVE_WITH_KNOTS('',1,(#5576,#5577),.UNSPECIFIED.,.F.,
  .F.,(2,2),(-0.,9.999999999999E-04),.PIECEWISE_BEZIER_KNOTS.);
#5576 = CARTESIAN_POINT('',(-0.958856627713,3.251,4.923025929903));
#5577 = CARTESIAN_POINT('',(-0.958856627713,3.25,4.923025929903));
#5578 = ORIENTED_EDGE('',*,*,#5293,.F.);
#5579 = ORIENTED_EDGE('',*,*,#5558,.T.);
#5580 = B_SPLINE_SURFACE_WITH_KNOTS('',1,1,(
    (#5581,#5582)
    ,(#5583,#5584
    )),.UNSPECIFIED.,.F.,.F.,.F.,(2,2),(2,2),(0.,7.717936591668E-02),(
    -9.999999999999E-04,0.),.PIECEWISE_BEZIER_KNOTS.);
#5581 = CARTESIAN_POINT('',(-0.958856627713,3.25,4.923025929903));
#5582 = CARTESIAN_POINT('',(-0.958856627713,3.251,4.923025929903));
#5583 = CARTESIAN_POINT('',(-0.931890506154,3.25,4.995341092984));
#5584 = CARTESIAN_POINT('',(-0.931890506154,3.251,4.995341092984));
#5585 = ADVANCED_FACE('',(#5586),#5592,.F.);
#5586 = FACE_BOUND('',#5587,.T.);
#5587 = EDGE_LOOP('',(#5588,#5589,#5590,#5591));
#5588 = ORIENTED_EDGE('',*,*,#5370,.T.);
#5589 = ORIENTED_EDGE('',*,*,#5480,.F.);
#5590 = ORIENTED_EDGE('',*,*,#5300,.F.);
#5591 = ORIENTED_EDGE('',*,*,#5574,.T.);
#5592 = B_SPLINE_SURFACE_WITH_KNOTS('',1,1,(
    (#5593,#5594)
    ,(#5595,#5596
    )),.UNSPECIFIED.,.F.,.F.,.F.,(2,2),(2,2),(0.,3.771201962509E-02),(
    -9.999999999999E-04,0.),.PIECEWISE_BEZIER_KNOTS.);
#5593 = CARTESIAN_POINT('',(-0.996568647338,3.25,4.923025929903));
#5594 = CARTESIAN_POINT('',(-0.996568647338,3.251,4.923025929903));
#5595 = CARTESIAN_POINT('',(-0.958856627713,3.25,4.923025929903));
#5596 = CARTESIAN_POINT('',(-0.958856627713,3.251,4.923025929903));
#5597 = ADVANCED_FACE('',(#5598),#5612,.T.);
#5598 = FACE_BOUND('',#5599,.T.);
#5599 = EDGE_LOOP('',(#5600,#5601,#5606,#5607));
#5600 = ORIENTED_EDGE('',*,*,#5428,.F.);
#5601 = ORIENTED_EDGE('',*,*,#5602,.F.);
#5602 = EDGE_CURVE('',#5308,#5422,#5603,.T.);
#5603 = B_SPLINE_CURVE_WITH_KNOTS('',1,(#5604,#5605),.UNSPECIFIED.,.F.,
  .F.,(2,2),(-0.,9.999999999999E-04),.PIECEWISE_BEZIER_KNOTS.);
#5604 = CARTESIAN_POINT('',(-0.832609221514,3.251,5.02521333792));
#5605 = CARTESIAN_POINT('',(-0.832609221514,3.25,5.02521333792));
#5606 = ORIENTED_EDGE('',*,*,#5307,.T.);
#5607 = ORIENTED_EDGE('',*,*,#5608,.T.);
#5608 = EDGE_CURVE('',#5310,#5429,#5609,.T.);
#5609 = B_SPLINE_CURVE_WITH_KNOTS('',1,(#5610,#5611),.UNSPECIFIED.,.F.,
  .F.,(2,2),(-0.,9.999999999999E-04),.PIECEWISE_BEZIER_KNOTS.);
#5610 = CARTESIAN_POINT('',(-0.921347360881,3.251,5.02521333792));
#5611 = CARTESIAN_POINT('',(-0.921347360881,3.25,5.02521333792));
#5612 = B_SPLINE_SURFACE_WITH_KNOTS('',1,1,(
    (#5613,#5614)
    ,(#5615,#5616
    )),.UNSPECIFIED.,.F.,.F.,.F.,(2,2),(2,2),(-8.873813936786E-02,0.),(
    -9.999999999999E-04,0.),.PIECEWISE_BEZIER_KNOTS.);
#5613 = CARTESIAN_POINT('',(-0.921347360881,3.25,5.02521333792));
#5614 = CARTESIAN_POINT('',(-0.921347360881,3.251,5.02521333792));
#5615 = CARTESIAN_POINT('',(-0.832609221514,3.25,5.02521333792));
#5616 = CARTESIAN_POINT('',(-0.832609221514,3.251,5.02521333792));
#5617 = ADVANCED_FACE('',(#5618),#5628,.T.);
#5618 = FACE_BOUND('',#5619,.T.);
#5619 = EDGE_LOOP('',(#5620,#5621,#5622,#5623));
#5620 = ORIENTED_EDGE('',*,*,#5435,.F.);
#5621 = ORIENTED_EDGE('',*,*,#5608,.F.);
#5622 = ORIENTED_EDGE('',*,*,#5348,.T.);
#5623 = ORIENTED_EDGE('',*,*,#5624,.T.);
#5624 = EDGE_CURVE('',#5340,#5436,#5625,.T.);
#5625 = B_SPLINE_CURVE_WITH_KNOTS('',1,(#5626,#5627),.UNSPECIFIED.,.F.,
  .F.,(2,2),(-0.,9.999999999999E-04),.PIECEWISE_BEZIER_KNOTS.);
#5626 = CARTESIAN_POINT('',(-0.881405060527,3.251,5.135105352094));
#5627 = CARTESIAN_POINT('',(-0.881405060527,3.25,5.135105352094));
#5628 = B_SPLINE_SURFACE_WITH_KNOTS('',1,1,(
    (#5629,#5630)
    ,(#5631,#5632
    )),.UNSPECIFIED.,.F.,.F.,.F.,(2,2),(2,2),(-0.116925797568,0.),(
    -9.999999999999E-04,0.),.PIECEWISE_BEZIER_KNOTS.);
#5629 = CARTESIAN_POINT('',(-0.881405060527,3.25,5.135105352094));
#5630 = CARTESIAN_POINT('',(-0.881405060527,3.251,5.135105352094));
#5631 = CARTESIAN_POINT('',(-0.921347360881,3.25,5.02521333792));
#5632 = CARTESIAN_POINT('',(-0.921347360881,3.251,5.02521333792));
#5633 = ADVANCED_FACE('',(#5634),#5644,.T.);
#5634 = FACE_BOUND('',#5635,.T.);
#5635 = EDGE_LOOP('',(#5636,#5637,#5638,#5639));
#5636 = ORIENTED_EDGE('',*,*,#5442,.F.);
#5637 = ORIENTED_EDGE('',*,*,#5624,.F.);
#5638 = ORIENTED_EDGE('',*,*,#5339,.T.);
#5639 = ORIENTED_EDGE('',*,*,#5640,.T.);
#5640 = EDGE_CURVE('',#5333,#5443,#5641,.T.);
#5641 = B_SPLINE_CURVE_WITH_KNOTS('',1,(#5642,#5643),.UNSPECIFIED.,.F.,
  .F.,(2,2),(-0.,9.999999999999E-04),.PIECEWISE_BEZIER_KNOTS.);
#5642 = CARTESIAN_POINT('',(-0.877282420388,3.251,5.153623440584));
#5643 = CARTESIAN_POINT('',(-0.877282420388,3.25,5.153623440584));
#5644 = B_SPLINE_SURFACE_WITH_KNOTS('',3,1,(
    (#5645,#5646)
    ,(#5647,#5648)
    ,(#5649,#5650)
    ,(#5651,#5652
    )),.UNSPECIFIED.,.F.,.F.,.F.,(4,4),(2,2),(1.,2.),(0.,1.),
  .PIECEWISE_BEZIER_KNOTS.);
#5645 = CARTESIAN_POINT('',(-0.881405060527,3.251,5.135105352094));
#5646 = CARTESIAN_POINT('',(-0.881405060527,3.25,5.135105352094));
#5647 = CARTESIAN_POINT('',(-0.8801209595,3.251,5.13875490238));
#5648 = CARTESIAN_POINT('',(-0.8801209595,3.25,5.13875490238));
#5649 = CARTESIAN_POINT('',(-0.878769274208,3.251,5.144837486191));
#5650 = CARTESIAN_POINT('',(-0.878769274208,3.25,5.144837486191));
#5651 = CARTESIAN_POINT('',(-0.877282420388,3.251,5.153623440584));
#5652 = CARTESIAN_POINT('',(-0.877282420388,3.25,5.153623440584));
#5653 = ADVANCED_FACE('',(#5654),#5664,.T.);
#5654 = FACE_BOUND('',#5655,.T.);
#5655 = EDGE_LOOP('',(#5656,#5657,#5658,#5659));
#5656 = ORIENTED_EDGE('',*,*,#5451,.F.);
#5657 = ORIENTED_EDGE('',*,*,#5640,.F.);
#5658 = ORIENTED_EDGE('',*,*,#5332,.T.);
#5659 = ORIENTED_EDGE('',*,*,#5660,.T.);
#5660 = EDGE_CURVE('',#5324,#5452,#5661,.T.);
#5661 = B_SPLINE_CURVE_WITH_KNOTS('',1,(#5662,#5663),.UNSPECIFIED.,.F.,
  .F.,(2,2),(-0.,9.999999999999E-04),.PIECEWISE_BEZIER_KNOTS.);
#5662 = CARTESIAN_POINT('',(-0.876471409214,3.251,5.153623440584));
#5663 = CARTESIAN_POINT('',(-0.876471409214,3.25,5.153623440584));
#5664 = B_SPLINE_SURFACE_WITH_KNOTS('',1,1,(
    (#5665,#5666)
    ,(#5667,#5668
    )),.UNSPECIFIED.,.F.,.F.,.F.,(2,2),(2,2),(-8.110111738026E-04,
    1.110223024625E-16),(-9.999999999999E-04,0.),
  .PIECEWISE_BEZIER_KNOTS.);
#5665 = CARTESIAN_POINT('',(-0.876471409214,3.25,5.153623440584));
#5666 = CARTESIAN_POINT('',(-0.876471409214,3.251,5.153623440584));
#5667 = CARTESIAN_POINT('',(-0.877282420388,3.25,5.153623440584));
#5668 = CARTESIAN_POINT('',(-0.877282420388,3.251,5.153623440584));
#5669 = ADVANCED_FACE('',(#5670),#5680,.T.);
#5670 = FACE_BOUND('',#5671,.T.);
#5671 = EDGE_LOOP('',(#5672,#5673,#5674,#5675));
#5672 = ORIENTED_EDGE('',*,*,#5458,.F.);
#5673 = ORIENTED_EDGE('',*,*,#5660,.F.);
#5674 = ORIENTED_EDGE('',*,*,#5323,.T.);
#5675 = ORIENTED_EDGE('',*,*,#5676,.T.);
#5676 = EDGE_CURVE('',#5317,#5420,#5677,.T.);
#5677 = B_SPLINE_CURVE_WITH_KNOTS('',1,(#5678,#5679),.UNSPECIFIED.,.F.,
  .F.,(2,2),(0.,9.999999999999E-04),.PIECEWISE_BEZIER_KNOTS.);
#5678 = CARTESIAN_POINT('',(-0.872146016282,3.251,5.135105352094));
#5679 = CARTESIAN_POINT('',(-0.872146016282,3.25,5.135105352094));
#5680 = B_SPLINE_SURFACE_WITH_KNOTS('',3,1,(
    (#5681,#5682)
    ,(#5683,#5684)
    ,(#5685,#5686)
    ,(#5687,#5688
    )),.UNSPECIFIED.,.F.,.F.,.F.,(4,4),(2,2),(3.,4.),(0.,1.),
  .PIECEWISE_BEZIER_KNOTS.);
#5681 = CARTESIAN_POINT('',(-0.876471409214,3.251,5.153623440584));
#5682 = CARTESIAN_POINT('',(-0.876471409214,3.25,5.153623440584));
#5683 = CARTESIAN_POINT('',(-0.875187308187,3.251,5.145648497366));
#5684 = CARTESIAN_POINT('',(-0.875187308187,3.25,5.145648497366));
#5685 = CARTESIAN_POINT('',(-0.873768038631,3.251,5.139430745027));
#5686 = CARTESIAN_POINT('',(-0.873768038631,3.25,5.139430745027));
#5687 = CARTESIAN_POINT('',(-0.872146016282,3.251,5.135105352094));
#5688 = CARTESIAN_POINT('',(-0.872146016282,3.25,5.135105352094));
#5689 = ADVANCED_FACE('',(#5690),#5696,.T.);
#5690 = FACE_BOUND('',#5691,.T.);
#5691 = EDGE_LOOP('',(#5692,#5693,#5694,#5695));
#5692 = ORIENTED_EDGE('',*,*,#5419,.F.);
#5693 = ORIENTED_EDGE('',*,*,#5676,.F.);
#5694 = ORIENTED_EDGE('',*,*,#5316,.T.);
#5695 = ORIENTED_EDGE('',*,*,#5602,.T.);
#5696 = B_SPLINE_SURFACE_WITH_KNOTS('',1,1,(
    (#5697,#5698)
    ,(#5699,#5700
    )),.UNSPECIFIED.,.F.,.F.,.F.,(2,2),(2,2),(-0.116787897146,0.),(
    -9.999999999999E-04,0.),.PIECEWISE_BEZIER_KNOTS.);
#5697 = CARTESIAN_POINT('',(-0.832609221514,3.25,5.02521333792));
#5698 = CARTESIAN_POINT('',(-0.832609221514,3.251,5.02521333792));
#5699 = CARTESIAN_POINT('',(-0.872146016282,3.25,5.135105352094));
#5700 = CARTESIAN_POINT('',(-0.872146016282,3.251,5.135105352094));
#5701 = MANIFOLD_SOLID_BREP('',#5702);
#5702 = CLOSED_SHELL('',(#5703,#5739,#5767,#5795,#5823,#5851,#5879,#5907
    ,#5935,#5963,#5991,#6019,#6039,#6059));
#5703 = ADVANCED_FACE('',(#5704),#5734,.F.);
#5704 = FACE_BOUND('',#5705,.T.);
#5705 = EDGE_LOOP('',(#5706,#5715,#5722,#5729));
#5706 = ORIENTED_EDGE('',*,*,#5707,.T.);
#5707 = EDGE_CURVE('',#5708,#5710,#5712,.T.);
#5708 = VERTEX_POINT('',#5709);
#5709 = CARTESIAN_POINT('',(-7.769298637148E-02,3.25,4.503597984041));
#5710 = VERTEX_POINT('',#5711);
#5711 = CARTESIAN_POINT('',(-7.769298637148E-02,3.25,4.533740566035));
#5712 = B_SPLINE_CURVE_WITH_KNOTS('',1,(#5713,#5714),.UNSPECIFIED.,.F.,
  .F.,(2,2),(-3.014258199392E-02,0.),.PIECEWISE_BEZIER_KNOTS.);
#5713 = CARTESIAN_POINT('',(-7.769298637148E-02,3.25,4.503597984041));
#5714 = CARTESIAN_POINT('',(-7.769298637148E-02,3.25,4.533740566035));
#5715 = ORIENTED_EDGE('',*,*,#5716,.F.);
#5716 = EDGE_CURVE('',#5717,#5710,#5719,.T.);
#5717 = VERTEX_POINT('',#5718);
#5718 = CARTESIAN_POINT('',(-7.769298637148E-02,3.251,4.533740566035));
#5719 = B_SPLINE_CURVE_WITH_KNOTS('',1,(#5720,#5721),.UNSPECIFIED.,.F.,
  .F.,(2,2),(-0.,9.999999999999E-04),.PIECEWISE_BEZIER_KNOTS.);
#5720 = CARTESIAN_POINT('',(-7.769298637148E-02,3.251,4.533740566035));
#5721 = CARTESIAN_POINT('',(-7.769298637148E-02,3.25,4.533740566035));
#5722 = ORIENTED_EDGE('',*,*,#5723,.F.);
#5723 = EDGE_CURVE('',#5724,#5717,#5726,.T.);
#5724 = VERTEX_POINT('',#5725);
#5725 = CARTESIAN_POINT('',(-7.769298637148E-02,3.251,4.503597984041));
#5726 = B_SPLINE_CURVE_WITH_KNOTS('',1,(#5727,#5728),.UNSPECIFIED.,.F.,
  .F.,(2,2),(-3.014258199392E-02,0.),.PIECEWISE_BEZIER_KNOTS.);
#5727 = CARTESIAN_POINT('',(-7.769298637148E-02,3.251,4.503597984041));
#5728 = CARTESIAN_POINT('',(-7.769298637148E-02,3.251,4.533740566035));
#5729 = ORIENTED_EDGE('',*,*,#5730,.T.);
#5730 = EDGE_CURVE('',#5724,#5708,#5731,.T.);
#5731 = B_SPLINE_CURVE_WITH_KNOTS('',1,(#5732,#5733),.UNSPECIFIED.,.F.,
  .F.,(2,2),(-0.,9.999999999999E-04),.PIECEWISE_BEZIER_KNOTS.);
#5732 = CARTESIAN_POINT('',(-7.769298637148E-02,3.251,4.503597984041));
#5733 = CARTESIAN_POINT('',(-7.769298637148E-02,3.25,4.503597984041));
#5734 = B_SPLINE_SURFACE_WITH_KNOTS('',1,1,(
    (#5735,#5736)
    ,(#5737,#5738
    )),.UNSPECIFIED.,.F.,.F.,.F.,(2,2),(2,2),(-0.,3.014258199392E-02),(
    -9.999999999999E-04,0.),.PIECEWISE_BEZIER_KNOTS.);
#5735 = CARTESIAN_POINT('',(-7.769298637148E-02,3.25,4.533740566035));
#5736 = CARTESIAN_POINT('',(-7.769298637148E-02,3.251,4.533740566035));
#5737 = CARTESIAN_POINT('',(-7.769298637148E-02,3.25,4.503597984041));
#5738 = CARTESIAN_POINT('',(-7.769298637148E-02,3.251,4.503597984041));
#5739 = ADVANCED_FACE('',(#5740),#5762,.F.);
#5740 = FACE_BOUND('',#5741,.T.);
#5741 = EDGE_LOOP('',(#5742,#5749,#5756,#5761));
#5742 = ORIENTED_EDGE('',*,*,#5743,.T.);
#5743 = EDGE_CURVE('',#5710,#5744,#5746,.T.);
#5744 = VERTEX_POINT('',#5745);
#5745 = CARTESIAN_POINT('',(3.037425266121E-02,3.25,4.533740566035));
#5746 = B_SPLINE_CURVE_WITH_KNOTS('',1,(#5747,#5748),.UNSPECIFIED.,.F.,
  .F.,(2,2),(-0.108067239033,0.),.PIECEWISE_BEZIER_KNOTS.);
#5747 = CARTESIAN_POINT('',(-7.769298637148E-02,3.25,4.533740566035));
#5748 = CARTESIAN_POINT('',(3.037425266121E-02,3.25,4.533740566035));
#5749 = ORIENTED_EDGE('',*,*,#5750,.F.);
#5750 = EDGE_CURVE('',#5751,#5744,#5753,.T.);
#5751 = VERTEX_POINT('',#5752);
#5752 = CARTESIAN_POINT('',(3.037425266121E-02,3.251,4.533740566035));
#5753 = B_SPLINE_CURVE_WITH_KNOTS('',1,(#5754,#5755),.UNSPECIFIED.,.F.,
  .F.,(2,2),(-0.,9.999999999999E-04),.PIECEWISE_BEZIER_KNOTS.);
#5754 = CARTESIAN_POINT('',(3.037425266121E-02,3.251,4.533740566035));
#5755 = CARTESIAN_POINT('',(3.037425266121E-02,3.25,4.533740566035));
#5756 = ORIENTED_EDGE('',*,*,#5757,.F.);
#5757 = EDGE_CURVE('',#5717,#5751,#5758,.T.);
#5758 = B_SPLINE_CURVE_WITH_KNOTS('',1,(#5759,#5760),.UNSPECIFIED.,.F.,
  .F.,(2,2),(-0.108067239033,0.),.PIECEWISE_BEZIER_KNOTS.);
#5759 = CARTESIAN_POINT('',(-7.769298637148E-02,3.251,4.533740566035));
#5760 = CARTESIAN_POINT('',(3.037425266121E-02,3.251,4.533740566035));
#5761 = ORIENTED_EDGE('',*,*,#5716,.T.);
#5762 = B_SPLINE_SURFACE_WITH_KNOTS('',1,1,(
    (#5763,#5764)
    ,(#5765,#5766
    )),.UNSPECIFIED.,.F.,.F.,.F.,(2,2),(2,2),(0.,0.108067239033),(
    -9.999999999999E-04,0.),.PIECEWISE_BEZIER_KNOTS.);
#5763 = CARTESIAN_POINT('',(3.037425266121E-02,3.25,4.533740566035));
#5764 = CARTESIAN_POINT('',(3.037425266121E-02,3.251,4.533740566035));
#5765 = CARTESIAN_POINT('',(-7.769298637148E-02,3.25,4.533740566035));
#5766 = CARTESIAN_POINT('',(-7.769298637148E-02,3.251,4.533740566035));
#5767 = ADVANCED_FACE('',(#5768),#5790,.F.);
#5768 = FACE_BOUND('',#5769,.T.);
#5769 = EDGE_LOOP('',(#5770,#5777,#5784,#5789));
#5770 = ORIENTED_EDGE('',*,*,#5771,.T.);
#5771 = EDGE_CURVE('',#5744,#5772,#5774,.T.);
#5772 = VERTEX_POINT('',#5773);
#5773 = CARTESIAN_POINT('',(3.037425266121E-02,3.25,4.622681458196));
#5774 = B_SPLINE_CURVE_WITH_KNOTS('',1,(#5775,#5776),.UNSPECIFIED.,.F.,
  .F.,(2,2),(-8.894089216131E-02,0.),.PIECEWISE_BEZIER_KNOTS.);
#5775 = CARTESIAN_POINT('',(3.037425266121E-02,3.25,4.533740566035));
#5776 = CARTESIAN_POINT('',(3.037425266121E-02,3.25,4.622681458196));
#5777 = ORIENTED_EDGE('',*,*,#5778,.F.);
#5778 = EDGE_CURVE('',#5779,#5772,#5781,.T.);
#5779 = VERTEX_POINT('',#5780);
#5780 = CARTESIAN_POINT('',(3.037425266121E-02,3.251,4.622681458196));
#5781 = B_SPLINE_CURVE_WITH_KNOTS('',1,(#5782,#5783),.UNSPECIFIED.,.F.,
  .F.,(2,2),(-0.,9.999999999999E-04),.PIECEWISE_BEZIER_KNOTS.);
#5782 = CARTESIAN_POINT('',(3.037425266121E-02,3.251,4.622681458196));
#5783 = CARTESIAN_POINT('',(3.037425266121E-02,3.25,4.622681458196));
#5784 = ORIENTED_EDGE('',*,*,#5785,.F.);
#5785 = EDGE_CURVE('',#5751,#5779,#5786,.T.);
#5786 = B_SPLINE_CURVE_WITH_KNOTS('',1,(#5787,#5788),.UNSPECIFIED.,.F.,
  .F.,(2,2),(-8.894089216131E-02,0.),.PIECEWISE_BEZIER_KNOTS.);
#5787 = CARTESIAN_POINT('',(3.037425266121E-02,3.251,4.533740566035));
#5788 = CARTESIAN_POINT('',(3.037425266121E-02,3.251,4.622681458196));
#5789 = ORIENTED_EDGE('',*,*,#5750,.T.);
#5790 = B_SPLINE_SURFACE_WITH_KNOTS('',1,1,(
    (#5791,#5792)
    ,(#5793,#5794
    )),.UNSPECIFIED.,.F.,.F.,.F.,(2,2),(2,2),(-0.,8.894089216131E-02),(
    -9.999999999999E-04,0.),.PIECEWISE_BEZIER_KNOTS.);
#5791 = CARTESIAN_POINT('',(3.037425266121E-02,3.25,4.622681458196));
#5792 = CARTESIAN_POINT('',(3.037425266121E-02,3.251,4.622681458196));
#5793 = CARTESIAN_POINT('',(3.037425266121E-02,3.25,4.533740566035));
#5794 = CARTESIAN_POINT('',(3.037425266121E-02,3.251,4.533740566035));
#5795 = ADVANCED_FACE('',(#5796),#5818,.F.);
#5796 = FACE_BOUND('',#5797,.T.);
#5797 = EDGE_LOOP('',(#5798,#5805,#5812,#5817));
#5798 = ORIENTED_EDGE('',*,*,#5799,.T.);
#5799 = EDGE_CURVE('',#5772,#5800,#5802,.T.);
#5800 = VERTEX_POINT('',#5801);
#5801 = CARTESIAN_POINT('',(-6.417613345944E-02,3.25,4.622681458196));
#5802 = B_SPLINE_CURVE_WITH_KNOTS('',1,(#5803,#5804),.UNSPECIFIED.,.F.,
  .F.,(2,2),(-9.455038612065E-02,0.),.PIECEWISE_BEZIER_KNOTS.);
#5803 = CARTESIAN_POINT('',(3.037425266121E-02,3.25,4.622681458196));
#5804 = CARTESIAN_POINT('',(-6.417613345944E-02,3.25,4.622681458196));
#5805 = ORIENTED_EDGE('',*,*,#5806,.F.);
#5806 = EDGE_CURVE('',#5807,#5800,#5809,.T.);
#5807 = VERTEX_POINT('',#5808);
#5808 = CARTESIAN_POINT('',(-6.417613345944E-02,3.251,4.622681458196));
#5809 = B_SPLINE_CURVE_WITH_KNOTS('',1,(#5810,#5811),.UNSPECIFIED.,.F.,
  .F.,(2,2),(-0.,9.999999999999E-04),.PIECEWISE_BEZIER_KNOTS.);
#5810 = CARTESIAN_POINT('',(-6.417613345944E-02,3.251,4.622681458196));
#5811 = CARTESIAN_POINT('',(-6.417613345944E-02,3.25,4.622681458196));
#5812 = ORIENTED_EDGE('',*,*,#5813,.F.);
#5813 = EDGE_CURVE('',#5779,#5807,#5814,.T.);
#5814 = B_SPLINE_CURVE_WITH_KNOTS('',1,(#5815,#5816),.UNSPECIFIED.,.F.,
  .F.,(2,2),(-9.455038612065E-02,0.),.PIECEWISE_BEZIER_KNOTS.);
#5815 = CARTESIAN_POINT('',(3.037425266121E-02,3.251,4.622681458196));
#5816 = CARTESIAN_POINT('',(-6.417613345944E-02,3.251,4.622681458196));
#5817 = ORIENTED_EDGE('',*,*,#5778,.T.);
#5818 = B_SPLINE_SURFACE_WITH_KNOTS('',1,1,(
    (#5819,#5820)
    ,(#5821,#5822
    )),.UNSPECIFIED.,.F.,.F.,.F.,(2,2),(2,2),(0.,9.455038612065E-02),(
    -9.999999999999E-04,0.),.PIECEWISE_BEZIER_KNOTS.);
#5819 = CARTESIAN_POINT('',(-6.417613345944E-02,3.25,4.622681458196));
#5820 = CARTESIAN_POINT('',(-6.417613345944E-02,3.251,4.622681458196));
#5821 = CARTESIAN_POINT('',(3.037425266121E-02,3.25,4.622681458196));
#5822 = CARTESIAN_POINT('',(3.037425266121E-02,3.251,4.622681458196));
#5823 = ADVANCED_FACE('',(#5824),#5846,.F.);
#5824 = FACE_BOUND('',#5825,.T.);
#5825 = EDGE_LOOP('',(#5826,#5833,#5840,#5845));
#5826 = ORIENTED_EDGE('',*,*,#5827,.T.);
#5827 = EDGE_CURVE('',#5800,#5828,#5830,.T.);
#5828 = VERTEX_POINT('',#5829);
#5829 = CARTESIAN_POINT('',(-6.417613345944E-02,3.25,4.652959208719));
#5830 = B_SPLINE_CURVE_WITH_KNOTS('',1,(#5831,#5832),.UNSPECIFIED.,.F.,
  .F.,(2,2),(-3.027775052289E-02,0.),.PIECEWISE_BEZIER_KNOTS.);
#5831 = CARTESIAN_POINT('',(-6.417613345944E-02,3.25,4.622681458196));
#5832 = CARTESIAN_POINT('',(-6.417613345944E-02,3.25,4.652959208719));
#5833 = ORIENTED_EDGE('',*,*,#5834,.F.);
#5834 = EDGE_CURVE('',#5835,#5828,#5837,.T.);
#5835 = VERTEX_POINT('',#5836);
#5836 = CARTESIAN_POINT('',(-6.417613345944E-02,3.251,4.652959208719));
#5837 = B_SPLINE_CURVE_WITH_KNOTS('',1,(#5838,#5839),.UNSPECIFIED.,.F.,
  .F.,(2,2),(-0.,9.999999999999E-04),.PIECEWISE_BEZIER_KNOTS.);
#5838 = CARTESIAN_POINT('',(-6.417613345944E-02,3.251,4.652959208719));
#5839 = CARTESIAN_POINT('',(-6.417613345944E-02,3.25,4.652959208719));
#5840 = ORIENTED_EDGE('',*,*,#5841,.F.);
#5841 = EDGE_CURVE('',#5807,#5835,#5842,.T.);
#5842 = B_SPLINE_CURVE_WITH_KNOTS('',1,(#5843,#5844),.UNSPECIFIED.,.F.,
  .F.,(2,2),(-3.027775052289E-02,0.),.PIECEWISE_BEZIER_KNOTS.);
#5843 = CARTESIAN_POINT('',(-6.417613345944E-02,3.251,4.622681458196));
#5844 = CARTESIAN_POINT('',(-6.417613345944E-02,3.251,4.652959208719));
#5845 = ORIENTED_EDGE('',*,*,#5806,.T.);
#5846 = B_SPLINE_SURFACE_WITH_KNOTS('',1,1,(
    (#5847,#5848)
    ,(#5849,#5850
    )),.UNSPECIFIED.,.F.,.F.,.F.,(2,2),(2,2),(-0.,3.027775052289E-02),(
    -9.999999999999E-04,0.),.PIECEWISE_BEZIER_KNOTS.);
#5847 = CARTESIAN_POINT('',(-6.417613345944E-02,3.25,4.652959208719));
#5848 = CARTESIAN_POINT('',(-6.417613345944E-02,3.251,4.652959208719));
#5849 = CARTESIAN_POINT('',(-6.417613345944E-02,3.25,4.622681458196));
#5850 = CARTESIAN_POINT('',(-6.417613345944E-02,3.251,4.622681458196));
#5851 = ADVANCED_FACE('',(#5852),#5874,.F.);
#5852 = FACE_BOUND('',#5853,.T.);
#5853 = EDGE_LOOP('',(#5854,#5861,#5868,#5873));
#5854 = ORIENTED_EDGE('',*,*,#5855,.T.);
#5855 = EDGE_CURVE('',#5828,#5856,#5858,.T.);
#5856 = VERTEX_POINT('',#5857);
#5857 = CARTESIAN_POINT('',(3.037425266121E-02,3.25,4.652959208719));
#5858 = B_SPLINE_CURVE_WITH_KNOTS('',1,(#5859,#5860),.UNSPECIFIED.,.F.,
  .F.,(2,2),(-9.455038612065E-02,0.),.PIECEWISE_BEZIER_KNOTS.);
#5859 = CARTESIAN_POINT('',(-6.417613345944E-02,3.25,4.652959208719));
#5860 = CARTESIAN_POINT('',(3.037425266121E-02,3.25,4.652959208719));
#5861 = ORIENTED_EDGE('',*,*,#5862,.F.);
#5862 = EDGE_CURVE('',#5863,#5856,#5865,.T.);
#5863 = VERTEX_POINT('',#5864);
#5864 = CARTESIAN_POINT('',(3.037425266121E-02,3.251,4.652959208719));
#5865 = B_SPLINE_CURVE_WITH_KNOTS('',1,(#5866,#5867),.UNSPECIFIED.,.F.,
  .F.,(2,2),(-0.,9.999999999999E-04),.PIECEWISE_BEZIER_KNOTS.);
#5866 = CARTESIAN_POINT('',(3.037425266121E-02,3.251,4.652959208719));
#5867 = CARTESIAN_POINT('',(3.037425266121E-02,3.25,4.652959208719));
#5868 = ORIENTED_EDGE('',*,*,#5869,.F.);
#5869 = EDGE_CURVE('',#5835,#5863,#5870,.T.);
#5870 = B_SPLINE_CURVE_WITH_KNOTS('',1,(#5871,#5872),.UNSPECIFIED.,.F.,
  .F.,(2,2),(-9.455038612065E-02,0.),.PIECEWISE_BEZIER_KNOTS.);
#5871 = CARTESIAN_POINT('',(-6.417613345944E-02,3.251,4.652959208719));
#5872 = CARTESIAN_POINT('',(3.037425266121E-02,3.251,4.652959208719));
#5873 = ORIENTED_EDGE('',*,*,#5834,.T.);
#5874 = B_SPLINE_SURFACE_WITH_KNOTS('',1,1,(
    (#5875,#5876)
    ,(#5877,#5878
    )),.UNSPECIFIED.,.F.,.F.,.F.,(2,2),(2,2),(0.,9.455038612065E-02),(
    -9.999999999999E-04,0.),.PIECEWISE_BEZIER_KNOTS.);
#5875 = CARTESIAN_POINT('',(3.037425266121E-02,3.25,4.652959208719));
#5876 = CARTESIAN_POINT('',(3.037425266121E-02,3.251,4.652959208719));
#5877 = CARTESIAN_POINT('',(-6.417613345944E-02,3.25,4.652959208719));
#5878 = CARTESIAN_POINT('',(-6.417613345944E-02,3.251,4.652959208719));
#5879 = ADVANCED_FACE('',(#5880),#5902,.F.);
#5880 = FACE_BOUND('',#5881,.T.);
#5881 = EDGE_LOOP('',(#5882,#5889,#5896,#5901));
#5882 = ORIENTED_EDGE('',*,*,#5883,.T.);
#5883 = EDGE_CURVE('',#5856,#5884,#5886,.T.);
#5884 = VERTEX_POINT('',#5885);
#5885 = CARTESIAN_POINT('',(3.037425266121E-02,3.25,4.73757470795));
#5886 = B_SPLINE_CURVE_WITH_KNOTS('',1,(#5887,#5888),.UNSPECIFIED.,.F.,
  .F.,(2,2),(-8.461549923077E-02,0.),.PIECEWISE_BEZIER_KNOTS.);
#5887 = CARTESIAN_POINT('',(3.037425266121E-02,3.25,4.652959208719));
#5888 = CARTESIAN_POINT('',(3.037425266121E-02,3.25,4.73757470795));
#5889 = ORIENTED_EDGE('',*,*,#5890,.F.);
#5890 = EDGE_CURVE('',#5891,#5884,#5893,.T.);
#5891 = VERTEX_POINT('',#5892);
#5892 = CARTESIAN_POINT('',(3.037425266121E-02,3.251,4.73757470795));
#5893 = B_SPLINE_CURVE_WITH_KNOTS('',1,(#5894,#5895),.UNSPECIFIED.,.F.,
  .F.,(2,2),(-0.,9.999999999999E-04),.PIECEWISE_BEZIER_KNOTS.);
#5894 = CARTESIAN_POINT('',(3.037425266121E-02,3.251,4.73757470795));
#5895 = CARTESIAN_POINT('',(3.037425266121E-02,3.25,4.73757470795));
#5896 = ORIENTED_EDGE('',*,*,#5897,.F.);
#5897 = EDGE_CURVE('',#5863,#5891,#5898,.T.);
#5898 = B_SPLINE_CURVE_WITH_KNOTS('',1,(#5899,#5900),.UNSPECIFIED.,.F.,
  .F.,(2,2),(-8.461549923077E-02,0.),.PIECEWISE_BEZIER_KNOTS.);
#5899 = CARTESIAN_POINT('',(3.037425266121E-02,3.251,4.652959208719));
#5900 = CARTESIAN_POINT('',(3.037425266121E-02,3.251,4.73757470795));
#5901 = ORIENTED_EDGE('',*,*,#5862,.T.);
#5902 = B_SPLINE_SURFACE_WITH_KNOTS('',1,1,(
    (#5903,#5904)
    ,(#5905,#5906
    )),.UNSPECIFIED.,.F.,.F.,.F.,(2,2),(2,2),(-0.,8.461549923077E-02),(
    -9.999999999999E-04,0.),.PIECEWISE_BEZIER_KNOTS.);
#5903 = CARTESIAN_POINT('',(3.037425266121E-02,3.25,4.73757470795));
#5904 = CARTESIAN_POINT('',(3.037425266121E-02,3.251,4.73757470795));
#5905 = CARTESIAN_POINT('',(3.037425266121E-02,3.25,4.652959208719));
#5906 = CARTESIAN_POINT('',(3.037425266121E-02,3.251,4.652959208719));
#5907 = ADVANCED_FACE('',(#5908),#5930,.F.);
#5908 = FACE_BOUND('',#5909,.T.);
#5909 = EDGE_LOOP('',(#5910,#5917,#5924,#5929));
#5910 = ORIENTED_EDGE('',*,*,#5911,.T.);
#5911 = EDGE_CURVE('',#5884,#5912,#5914,.T.);
#5912 = VERTEX_POINT('',#5913);
#5913 = CARTESIAN_POINT('',(-7.167798682524E-02,3.25,4.73757470795));
#5914 = B_SPLINE_CURVE_WITH_KNOTS('',1,(#5915,#5916),.UNSPECIFIED.,.F.,
  .F.,(2,2),(-0.102052239486,0.),.PIECEWISE_BEZIER_KNOTS.);
#5915 = CARTESIAN_POINT('',(3.037425266121E-02,3.25,4.73757470795));
#5916 = CARTESIAN_POINT('',(-7.167798682524E-02,3.25,4.73757470795));
#5917 = ORIENTED_EDGE('',*,*,#5918,.F.);
#5918 = EDGE_CURVE('',#5919,#5912,#5921,.T.);
#5919 = VERTEX_POINT('',#5920);
#5920 = CARTESIAN_POINT('',(-7.167798682524E-02,3.251,4.73757470795));
#5921 = B_SPLINE_CURVE_WITH_KNOTS('',1,(#5922,#5923),.UNSPECIFIED.,.F.,
  .F.,(2,2),(-0.,9.999999999999E-04),.PIECEWISE_BEZIER_KNOTS.);
#5922 = CARTESIAN_POINT('',(-7.167798682524E-02,3.251,4.73757470795));
#5923 = CARTESIAN_POINT('',(-7.167798682524E-02,3.25,4.73757470795));
#5924 = ORIENTED_EDGE('',*,*,#5925,.F.);
#5925 = EDGE_CURVE('',#5891,#5919,#5926,.T.);
#5926 = B_SPLINE_CURVE_WITH_KNOTS('',1,(#5927,#5928),.UNSPECIFIED.,.F.,
  .F.,(2,2),(-0.102052239486,0.),.PIECEWISE_BEZIER_KNOTS.);
#5927 = CARTESIAN_POINT('',(3.037425266121E-02,3.251,4.73757470795));
#5928 = CARTESIAN_POINT('',(-7.167798682524E-02,3.251,4.73757470795));
#5929 = ORIENTED_EDGE('',*,*,#5890,.T.);
#5930 = B_SPLINE_SURFACE_WITH_KNOTS('',1,1,(
    (#5931,#5932)
    ,(#5933,#5934
    )),.UNSPECIFIED.,.F.,.F.,.F.,(2,2),(2,2),(0.,0.102052239486),(
    -9.999999999999E-04,0.),.PIECEWISE_BEZIER_KNOTS.);
#5931 = CARTESIAN_POINT('',(-7.167798682524E-02,3.25,4.73757470795));
#5932 = CARTESIAN_POINT('',(-7.167798682524E-02,3.251,4.73757470795));
#5933 = CARTESIAN_POINT('',(3.037425266121E-02,3.25,4.73757470795));
#5934 = CARTESIAN_POINT('',(3.037425266121E-02,3.251,4.73757470795));
#5935 = ADVANCED_FACE('',(#5936),#5958,.F.);
#5936 = FACE_BOUND('',#5937,.T.);
#5937 = EDGE_LOOP('',(#5938,#5945,#5952,#5957));
#5938 = ORIENTED_EDGE('',*,*,#5939,.T.);
#5939 = EDGE_CURVE('',#5912,#5940,#5942,.T.);
#5940 = VERTEX_POINT('',#5941);
#5941 = CARTESIAN_POINT('',(-7.167798682524E-02,3.25,4.767987627001));
#5942 = B_SPLINE_CURVE_WITH_KNOTS('',1,(#5943,#5944),.UNSPECIFIED.,.F.,
  .F.,(2,2),(-3.041291905185E-02,0.),.PIECEWISE_BEZIER_KNOTS.);
#5943 = CARTESIAN_POINT('',(-7.167798682524E-02,3.25,4.73757470795));
#5944 = CARTESIAN_POINT('',(-7.167798682524E-02,3.25,4.767987627001));
#5945 = ORIENTED_EDGE('',*,*,#5946,.F.);
#5946 = EDGE_CURVE('',#5947,#5940,#5949,.T.);
#5947 = VERTEX_POINT('',#5948);
#5948 = CARTESIAN_POINT('',(-7.167798682524E-02,3.251,4.767987627001));
#5949 = B_SPLINE_CURVE_WITH_KNOTS('',1,(#5950,#5951),.UNSPECIFIED.,.F.,
  .F.,(2,2),(-0.,9.999999999999E-04),.PIECEWISE_BEZIER_KNOTS.);
#5950 = CARTESIAN_POINT('',(-7.167798682524E-02,3.251,4.767987627001));
#5951 = CARTESIAN_POINT('',(-7.167798682524E-02,3.25,4.767987627001));
#5952 = ORIENTED_EDGE('',*,*,#5953,.F.);
#5953 = EDGE_CURVE('',#5919,#5947,#5954,.T.);
#5954 = B_SPLINE_CURVE_WITH_KNOTS('',1,(#5955,#5956),.UNSPECIFIED.,.F.,
  .F.,(2,2),(-3.041291905185E-02,0.),.PIECEWISE_BEZIER_KNOTS.);
#5955 = CARTESIAN_POINT('',(-7.167798682524E-02,3.251,4.73757470795));
#5956 = CARTESIAN_POINT('',(-7.167798682524E-02,3.251,4.767987627001));
#5957 = ORIENTED_EDGE('',*,*,#5918,.T.);
#5958 = B_SPLINE_SURFACE_WITH_KNOTS('',1,1,(
    (#5959,#5960)
    ,(#5961,#5962
    )),.UNSPECIFIED.,.F.,.F.,.F.,(2,2),(2,2),(-0.,3.041291905185E-02),(
    -9.999999999999E-04,0.),.PIECEWISE_BEZIER_KNOTS.);
#5959 = CARTESIAN_POINT('',(-7.167798682524E-02,3.25,4.767987627001));
#5960 = CARTESIAN_POINT('',(-7.167798682524E-02,3.251,4.767987627001));
#5961 = CARTESIAN_POINT('',(-7.167798682524E-02,3.25,4.73757470795));
#5962 = CARTESIAN_POINT('',(-7.167798682524E-02,3.251,4.73757470795));
#5963 = ADVANCED_FACE('',(#5964),#5986,.F.);
#5964 = FACE_BOUND('',#5965,.T.);
#5965 = EDGE_LOOP('',(#5966,#5973,#5980,#5985));
#5966 = ORIENTED_EDGE('',*,*,#5967,.T.);
#5967 = EDGE_CURVE('',#5940,#5968,#5970,.T.);
#5968 = VERTEX_POINT('',#5969);
#5969 = CARTESIAN_POINT('',(6.450430626417E-02,3.25,4.767987627001));
#5970 = B_SPLINE_CURVE_WITH_KNOTS('',1,(#5971,#5972),.UNSPECIFIED.,.F.,
  .F.,(2,2),(-0.136182293089,0.),.PIECEWISE_BEZIER_KNOTS.);
#5971 = CARTESIAN_POINT('',(-7.167798682524E-02,3.25,4.767987627001));
#5972 = CARTESIAN_POINT('',(6.450430626417E-02,3.25,4.767987627001));
#5973 = ORIENTED_EDGE('',*,*,#5974,.F.);
#5974 = EDGE_CURVE('',#5975,#5968,#5977,.T.);
#5975 = VERTEX_POINT('',#5976);
#5976 = CARTESIAN_POINT('',(6.450430626417E-02,3.251,4.767987627001));
#5977 = B_SPLINE_CURVE_WITH_KNOTS('',1,(#5978,#5979),.UNSPECIFIED.,.F.,
  .F.,(2,2),(-0.,9.999999999999E-04),.PIECEWISE_BEZIER_KNOTS.);
#5978 = CARTESIAN_POINT('',(6.450430626417E-02,3.251,4.767987627001));
#5979 = CARTESIAN_POINT('',(6.450430626417E-02,3.25,4.767987627001));
#5980 = ORIENTED_EDGE('',*,*,#5981,.F.);
#5981 = EDGE_CURVE('',#5947,#5975,#5982,.T.);
#5982 = B_SPLINE_CURVE_WITH_KNOTS('',1,(#5983,#5984),.UNSPECIFIED.,.F.,
  .F.,(2,2),(-0.136182293089,0.),.PIECEWISE_BEZIER_KNOTS.);
#5983 = CARTESIAN_POINT('',(-7.167798682524E-02,3.251,4.767987627001));
#5984 = CARTESIAN_POINT('',(6.450430626417E-02,3.251,4.767987627001));
#5985 = ORIENTED_EDGE('',*,*,#5946,.T.);
#5986 = B_SPLINE_SURFACE_WITH_KNOTS('',1,1,(
    (#5987,#5988)
    ,(#5989,#5990
    )),.UNSPECIFIED.,.F.,.F.,.F.,(2,2),(2,2),(0.,0.136182293089),(
    -9.999999999999E-04,0.),.PIECEWISE_BEZIER_KNOTS.);
#5987 = CARTESIAN_POINT('',(6.450430626417E-02,3.25,4.767987627001));
#5988 = CARTESIAN_POINT('',(6.450430626417E-02,3.251,4.767987627001));
#5989 = CARTESIAN_POINT('',(-7.167798682524E-02,3.25,4.767987627001));
#5990 = CARTESIAN_POINT('',(-7.167798682524E-02,3.251,4.767987627001));
#5991 = ADVANCED_FACE('',(#5992),#6014,.F.);
#5992 = FACE_BOUND('',#5993,.T.);
#5993 = EDGE_LOOP('',(#5994,#6001,#6008,#6013));
#5994 = ORIENTED_EDGE('',*,*,#5995,.T.);
#5995 = EDGE_CURVE('',#5968,#5996,#5998,.T.);
#5996 = VERTEX_POINT('',#5997);
#5997 = CARTESIAN_POINT('',(6.450430626417E-02,3.25,4.503597984041));
#5998 = B_SPLINE_CURVE_WITH_KNOTS('',1,(#5999,#6000),.UNSPECIFIED.,.F.,
  .F.,(2,2),(-0.264389642961,-0.),.PIECEWISE_BEZIER_KNOTS.);
#5999 = CARTESIAN_POINT('',(6.450430626417E-02,3.25,4.767987627001));
#6000 = CARTESIAN_POINT('',(6.450430626417E-02,3.25,4.503597984041));
#6001 = ORIENTED_EDGE('',*,*,#6002,.F.);
#6002 = EDGE_CURVE('',#6003,#5996,#6005,.T.);
#6003 = VERTEX_POINT('',#6004);
#6004 = CARTESIAN_POINT('',(6.450430626417E-02,3.251,4.503597984041));
#6005 = B_SPLINE_CURVE_WITH_KNOTS('',1,(#6006,#6007),.UNSPECIFIED.,.F.,
  .F.,(2,2),(-0.,9.999999999999E-04),.PIECEWISE_BEZIER_KNOTS.);
#6006 = CARTESIAN_POINT('',(6.450430626417E-02,3.251,4.503597984041));
#6007 = CARTESIAN_POINT('',(6.450430626417E-02,3.25,4.503597984041));
#6008 = ORIENTED_EDGE('',*,*,#6009,.F.);
#6009 = EDGE_CURVE('',#5975,#6003,#6010,.T.);
#6010 = B_SPLINE_CURVE_WITH_KNOTS('',1,(#6011,#6012),.UNSPECIFIED.,.F.,
  .F.,(2,2),(-0.264389642961,-0.),.PIECEWISE_BEZIER_KNOTS.);
#6011 = CARTESIAN_POINT('',(6.450430626417E-02,3.251,4.767987627001));
#6012 = CARTESIAN_POINT('',(6.450430626417E-02,3.251,4.503597984041));
#6013 = ORIENTED_EDGE('',*,*,#5974,.T.);
#6014 = B_SPLINE_SURFACE_WITH_KNOTS('',1,1,(
    (#6015,#6016)
    ,(#6017,#6018
    )),.UNSPECIFIED.,.F.,.F.,.F.,(2,2),(2,2),(0.,0.264389642961),(
    -9.999999999999E-04,0.),.PIECEWISE_BEZIER_KNOTS.);
#6015 = CARTESIAN_POINT('',(6.450430626417E-02,3.25,4.503597984041));
#6016 = CARTESIAN_POINT('',(6.450430626417E-02,3.251,4.503597984041));
#6017 = CARTESIAN_POINT('',(6.450430626417E-02,3.25,4.767987627001));
#6018 = CARTESIAN_POINT('',(6.450430626417E-02,3.251,4.767987627001));
#6019 = ADVANCED_FACE('',(#6020),#6034,.F.);
#6020 = FACE_BOUND('',#6021,.T.);
#6021 = EDGE_LOOP('',(#6022,#6027,#6028,#6033));
#6022 = ORIENTED_EDGE('',*,*,#6023,.T.);
#6023 = EDGE_CURVE('',#5996,#5708,#6024,.T.);
#6024 = B_SPLINE_CURVE_WITH_KNOTS('',1,(#6025,#6026),.UNSPECIFIED.,.F.,
  .F.,(2,2),(-0.142197292636,0.),.PIECEWISE_BEZIER_KNOTS.);
#6025 = CARTESIAN_POINT('',(6.450430626417E-02,3.25,4.503597984041));
#6026 = CARTESIAN_POINT('',(-7.769298637148E-02,3.25,4.503597984041));
#6027 = ORIENTED_EDGE('',*,*,#5730,.F.);
#6028 = ORIENTED_EDGE('',*,*,#6029,.F.);
#6029 = EDGE_CURVE('',#6003,#5724,#6030,.T.);
#6030 = B_SPLINE_CURVE_WITH_KNOTS('',1,(#6031,#6032),.UNSPECIFIED.,.F.,
  .F.,(2,2),(-0.142197292636,0.),.PIECEWISE_BEZIER_KNOTS.);
#6031 = CARTESIAN_POINT('',(6.450430626417E-02,3.251,4.503597984041));
#6032 = CARTESIAN_POINT('',(-7.769298637148E-02,3.251,4.503597984041));
#6033 = ORIENTED_EDGE('',*,*,#6002,.T.);
#6034 = B_SPLINE_SURFACE_WITH_KNOTS('',1,1,(
    (#6035,#6036)
    ,(#6037,#6038
    )),.UNSPECIFIED.,.F.,.F.,.F.,(2,2),(2,2),(0.,0.142197292636),(
    -9.999999999999E-04,0.),.PIECEWISE_BEZIER_KNOTS.);
#6035 = CARTESIAN_POINT('',(-7.769298637148E-02,3.25,4.503597984041));
#6036 = CARTESIAN_POINT('',(-7.769298637148E-02,3.251,4.503597984041));
#6037 = CARTESIAN_POINT('',(6.450430626417E-02,3.25,4.503597984041));
#6038 = CARTESIAN_POINT('',(6.450430626417E-02,3.251,4.503597984041));
#6039 = ADVANCED_FACE('',(#6040),#6054,.F.);
#6040 = FACE_BOUND('',#6041,.T.);
#6041 = EDGE_LOOP('',(#6042,#6043,#6044,#6045,#6046,#6047,#6048,#6049,
    #6050,#6051,#6052,#6053));
#6042 = ORIENTED_EDGE('',*,*,#5723,.T.);
#6043 = ORIENTED_EDGE('',*,*,#5757,.T.);
#6044 = ORIENTED_EDGE('',*,*,#5785,.T.);
#6045 = ORIENTED_EDGE('',*,*,#5813,.T.);
#6046 = ORIENTED_EDGE('',*,*,#5841,.T.);
#6047 = ORIENTED_EDGE('',*,*,#5869,.T.);
#6048 = ORIENTED_EDGE('',*,*,#5897,.T.);
#6049 = ORIENTED_EDGE('',*,*,#5925,.T.);
#6050 = ORIENTED_EDGE('',*,*,#5953,.T.);
#6051 = ORIENTED_EDGE('',*,*,#5981,.T.);
#6052 = ORIENTED_EDGE('',*,*,#6009,.T.);
#6053 = ORIENTED_EDGE('',*,*,#6029,.T.);
#6054 = B_SPLINE_SURFACE_WITH_KNOTS('',1,1,(
    (#6055,#6056)
    ,(#6057,#6058
    )),.UNSPECIFIED.,.F.,.F.,.F.,(2,2),(2,2),(-0.859920708901,
    -0.59553106594),(-7.769298637148E-02,6.450430626417E-02),
  .PIECEWISE_BEZIER_KNOTS.);
#6055 = CARTESIAN_POINT('',(-7.769298637148E-02,3.251,4.767987627001));
#6056 = CARTESIAN_POINT('',(6.450430626417E-02,3.251,4.767987627001));
#6057 = CARTESIAN_POINT('',(-7.769298637148E-02,3.251,4.503597984041));
#6058 = CARTESIAN_POINT('',(6.450430626417E-02,3.251,4.503597984041));
#6059 = ADVANCED_FACE('',(#6060),#6074,.T.);
#6060 = FACE_BOUND('',#6061,.T.);
#6061 = EDGE_LOOP('',(#6062,#6063,#6064,#6065,#6066,#6067,#6068,#6069,
    #6070,#6071,#6072,#6073));
#6062 = ORIENTED_EDGE('',*,*,#5707,.F.);
#6063 = ORIENTED_EDGE('',*,*,#6023,.F.);
#6064 = ORIENTED_EDGE('',*,*,#5995,.F.);
#6065 = ORIENTED_EDGE('',*,*,#5967,.F.);
#6066 = ORIENTED_EDGE('',*,*,#5939,.F.);
#6067 = ORIENTED_EDGE('',*,*,#5911,.F.);
#6068 = ORIENTED_EDGE('',*,*,#5883,.F.);
#6069 = ORIENTED_EDGE('',*,*,#5855,.F.);
#6070 = ORIENTED_EDGE('',*,*,#5827,.F.);
#6071 = ORIENTED_EDGE('',*,*,#5799,.F.);
#6072 = ORIENTED_EDGE('',*,*,#5771,.F.);
#6073 = ORIENTED_EDGE('',*,*,#5743,.F.);
#6074 = B_SPLINE_SURFACE_WITH_KNOTS('',1,1,(
    (#6075,#6076)
    ,(#6077,#6078
    )),.UNSPECIFIED.,.F.,.F.,.F.,(2,2),(2,2),(-0.859920708901,
    -0.59553106594),(-7.769298637148E-02,6.450430626417E-02),
  .PIECEWISE_BEZIER_KNOTS.);
#6075 = CARTESIAN_POINT('',(-7.769298637148E-02,3.25,4.767987627001));
#6076 = CARTESIAN_POINT('',(6.450430626417E-02,3.25,4.767987627001));
#6077 = CARTESIAN_POINT('',(-7.769298637148E-02,3.25,4.503597984041));
#6078 = CARTESIAN_POINT('',(6.450430626417E-02,3.25,4.503597984041));
#6079 = MANIFOLD_SOLID_BREP('',#6080);
#6080 = CLOSED_SHELL('',(#6081,#6273,#6465,#6489,#6505,#6525,#6545,#6561
    ,#6581,#6601,#6621,#6641,#6657,#6673,#6689,#6705,#6721,#6745,#6765,
    #6785,#6805,#6825,#6845,#6861));
#6081 = ADVANCED_FACE('',(#6082,#6198),#6268,.T.);
#6082 = FACE_BOUND('',#6083,.T.);
#6083 = EDGE_LOOP('',(#6084,#6095,#6102,#6111,#6120,#6127,#6136,#6145,
    #6154,#6163,#6170,#6177,#6184,#6191));
#6084 = ORIENTED_EDGE('',*,*,#6085,.T.);
#6085 = EDGE_CURVE('',#6086,#6088,#6090,.T.);
#6086 = VERTEX_POINT('',#6087);
#6087 = CARTESIAN_POINT('',(-0.192856573183,3.251,4.696753812155));
#6088 = VERTEX_POINT('',#6089);
#6089 = CARTESIAN_POINT('',(-0.127840510675,3.251,4.679181903369));
#6090 = B_SPLINE_CURVE_WITH_KNOTS('',3,(#6091,#6092,#6093,#6094),
  .UNSPECIFIED.,.F.,.F.,(4,4),(0.,1.),.PIECEWISE_BEZIER_KNOTS.);
#6091 = CARTESIAN_POINT('',(-0.192856573183,3.251,4.696753812155));
#6092 = CARTESIAN_POINT('',(-0.168255900883,3.251,4.696753812155));
#6093 = CARTESIAN_POINT('',(-0.146561351959,3.251,4.690941565402));
#6094 = CARTESIAN_POINT('',(-0.127840510675,3.251,4.679181903369));
#6095 = ORIENTED_EDGE('',*,*,#6096,.T.);
#6096 = EDGE_CURVE('',#6088,#6097,#6099,.T.);
#6097 = VERTEX_POINT('',#6098);
#6098 = CARTESIAN_POINT('',(-0.127840510675,3.251,4.647011793437));
#6099 = B_SPLINE_CURVE_WITH_KNOTS('',1,(#6100,#6101),.UNSPECIFIED.,.F.,
  .F.,(2,2),(-3.217010993204E-02,-0.),.PIECEWISE_BEZIER_KNOTS.);
#6100 = CARTESIAN_POINT('',(-0.127840510675,3.251,4.679181903369));
#6101 = CARTESIAN_POINT('',(-0.127840510675,3.251,4.647011793437));
#6102 = ORIENTED_EDGE('',*,*,#6103,.T.);
#6103 = EDGE_CURVE('',#6097,#6104,#6106,.T.);
#6104 = VERTEX_POINT('',#6105);
#6105 = CARTESIAN_POINT('',(-0.189747697013,3.251,4.669855274859));
#6106 = B_SPLINE_CURVE_WITH_KNOTS('',3,(#6107,#6108,#6109,#6110),
  .UNSPECIFIED.,.F.,.F.,(4,4),(12.,13.),.PIECEWISE_BEZIER_KNOTS.);
#6107 = CARTESIAN_POINT('',(-0.127840510675,3.251,4.647011793437));
#6108 = CARTESIAN_POINT('',(-0.146493767694,3.251,4.662150668699));
#6109 = CARTESIAN_POINT('',(-0.167106968385,3.251,4.669855274859));
#6110 = CARTESIAN_POINT('',(-0.189747697013,3.251,4.669855274859));
#6111 = ORIENTED_EDGE('',*,*,#6112,.T.);
#6112 = EDGE_CURVE('',#6104,#6113,#6115,.T.);
#6113 = VERTEX_POINT('',#6114);
#6114 = CARTESIAN_POINT('',(-0.228000390754,3.251,4.6236276379));
#6115 = B_SPLINE_CURVE_WITH_KNOTS('',3,(#6116,#6117,#6118,#6119),
  .UNSPECIFIED.,.F.,.F.,(4,4),(11.,12.),.PIECEWISE_BEZIER_KNOTS.);
#6116 = CARTESIAN_POINT('',(-0.189747697013,3.251,4.669855274859));
#6117 = CARTESIAN_POINT('',(-0.215226964752,3.251,4.669855274859));
#6118 = CARTESIAN_POINT('',(-0.228000390754,3.251,4.654446062539));
#6119 = CARTESIAN_POINT('',(-0.228000390754,3.251,4.6236276379));
#6120 = ORIENTED_EDGE('',*,*,#6121,.T.);
#6121 = EDGE_CURVE('',#6113,#6122,#6124,.T.);
#6122 = VERTEX_POINT('',#6123);
#6123 = CARTESIAN_POINT('',(-0.172040619698,3.251,4.615787863211));
#6124 = B_SPLINE_CURVE_WITH_KNOTS('',1,(#6125,#6126),.UNSPECIFIED.,.F.,
  .F.,(2,2),(-5.650626552745E-02,0.),.PIECEWISE_BEZIER_KNOTS.);
#6125 = CARTESIAN_POINT('',(-0.228000390754,3.251,4.6236276379));
#6126 = CARTESIAN_POINT('',(-0.172040619698,3.251,4.615787863211));
#6127 = ORIENTED_EDGE('',*,*,#6128,.T.);
#6128 = EDGE_CURVE('',#6122,#6129,#6131,.T.);
#6129 = VERTEX_POINT('',#6130);
#6130 = CARTESIAN_POINT('',(-0.10939000645,3.251,4.554151013932));
#6131 = B_SPLINE_CURVE_WITH_KNOTS('',3,(#6132,#6133,#6134,#6135),
  .UNSPECIFIED.,.F.,.F.,(4,4),(9.,10.),.PIECEWISE_BEZIER_KNOTS.);
#6132 = CARTESIAN_POINT('',(-0.172040619698,3.251,4.615787863211));
#6133 = CARTESIAN_POINT('',(-0.1302735442,3.251,4.609975616459));
#6134 = CARTESIAN_POINT('',(-0.10939000645,3.251,4.589430000032));
#6135 = CARTESIAN_POINT('',(-0.10939000645,3.251,4.554151013932));
#6136 = ORIENTED_EDGE('',*,*,#6137,.T.);
#6137 = EDGE_CURVE('',#6129,#6138,#6140,.T.);
#6138 = VERTEX_POINT('',#6139);
#6139 = CARTESIAN_POINT('',(-0.125610229945,3.251,4.514005960782));
#6140 = B_SPLINE_CURVE_WITH_KNOTS('',3,(#6141,#6142,#6143,#6144),
  .UNSPECIFIED.,.F.,.F.,(4,4),(8.,9.),.PIECEWISE_BEZIER_KNOTS.);
#6141 = CARTESIAN_POINT('',(-0.10939000645,3.251,4.554151013932));
#6142 = CARTESIAN_POINT('',(-0.10939000645,3.251,4.537254947791));
#6143 = CARTESIAN_POINT('',(-0.114796747615,3.251,4.523873263407));
#6144 = CARTESIAN_POINT('',(-0.125610229945,3.251,4.514005960782));
#6145 = ORIENTED_EDGE('',*,*,#6146,.T.);
#6146 = EDGE_CURVE('',#6138,#6147,#6149,.T.);
#6147 = VERTEX_POINT('',#6148);
#6148 = CARTESIAN_POINT('',(-0.169269664851,3.251,4.499137422579));
#6149 = B_SPLINE_CURVE_WITH_KNOTS('',3,(#6150,#6151,#6152,#6153),
  .UNSPECIFIED.,.F.,.F.,(4,4),(7.,8.),.PIECEWISE_BEZIER_KNOTS.);
#6150 = CARTESIAN_POINT('',(-0.125610229945,3.251,4.514005960782));
#6151 = CARTESIAN_POINT('',(-0.136423712274,3.251,4.504138658157));
#6152 = CARTESIAN_POINT('',(-0.150954329155,3.251,4.499137422579));
#6153 = CARTESIAN_POINT('',(-0.169269664851,3.251,4.499137422579));
#6154 = ORIENTED_EDGE('',*,*,#6155,.T.);
#6155 = EDGE_CURVE('',#6147,#6156,#6158,.T.);
#6156 = VERTEX_POINT('',#6157);
#6157 = CARTESIAN_POINT('',(-0.227121795315,3.251,4.53279438633));
#6158 = B_SPLINE_CURVE_WITH_KNOTS('',3,(#6159,#6160,#6161,#6162),
  .UNSPECIFIED.,.F.,.F.,(4,4),(6.,7.),.PIECEWISE_BEZIER_KNOTS.);
#6159 = CARTESIAN_POINT('',(-0.169269664851,3.251,4.499137422579));
#6160 = CARTESIAN_POINT('',(-0.19474893259,3.251,4.499137422579));
#6161 = CARTESIAN_POINT('',(-0.214078032255,3.251,4.510356410496));
#6162 = CARTESIAN_POINT('',(-0.227121795315,3.251,4.53279438633));
#6163 = ORIENTED_EDGE('',*,*,#6164,.T.);
#6164 = EDGE_CURVE('',#6156,#6165,#6167,.T.);
#6165 = VERTEX_POINT('',#6166);
#6166 = CARTESIAN_POINT('',(-0.228000390754,3.251,4.53279438633));
#6167 = B_SPLINE_CURVE_WITH_KNOTS('',1,(#6168,#6169),.UNSPECIFIED.,.F.,
  .F.,(2,2),(-8.785954391857E-04,-0.),.PIECEWISE_BEZIER_KNOTS.);
#6168 = CARTESIAN_POINT('',(-0.227121795315,3.251,4.53279438633));
#6169 = CARTESIAN_POINT('',(-0.228000390754,3.251,4.53279438633));
#6170 = ORIENTED_EDGE('',*,*,#6171,.T.);
#6171 = EDGE_CURVE('',#6165,#6172,#6174,.T.);
#6172 = VERTEX_POINT('',#6173);
#6173 = CARTESIAN_POINT('',(-0.228000390754,3.251,4.503597984041));
#6174 = B_SPLINE_CURVE_WITH_KNOTS('',1,(#6175,#6176),.UNSPECIFIED.,.F.,
  .F.,(2,2),(-2.919640228934E-02,-0.),.PIECEWISE_BEZIER_KNOTS.);
#6175 = CARTESIAN_POINT('',(-0.228000390754,3.251,4.53279438633));
#6176 = CARTESIAN_POINT('',(-0.228000390754,3.251,4.503597984041));
#6177 = ORIENTED_EDGE('',*,*,#6178,.T.);
#6178 = EDGE_CURVE('',#6172,#6179,#6181,.T.);
#6179 = VERTEX_POINT('',#6180);
#6180 = CARTESIAN_POINT('',(-0.261116680389,3.251,4.503597984041));
#6181 = B_SPLINE_CURVE_WITH_KNOTS('',1,(#6182,#6183),.UNSPECIFIED.,.F.,
  .F.,(2,2),(-3.31162896348E-02,0.),.PIECEWISE_BEZIER_KNOTS.);
#6182 = CARTESIAN_POINT('',(-0.228000390754,3.251,4.503597984041));
#6183 = CARTESIAN_POINT('',(-0.261116680389,3.251,4.503597984041));
#6184 = ORIENTED_EDGE('',*,*,#6185,.T.);
#6185 = EDGE_CURVE('',#6179,#6186,#6188,.T.);
#6186 = VERTEX_POINT('',#6187);
#6187 = CARTESIAN_POINT('',(-0.261116680389,3.251,4.625114491719));
#6188 = B_SPLINE_CURVE_WITH_KNOTS('',1,(#6189,#6190),.UNSPECIFIED.,.F.,
  .F.,(2,2),(-0.121516507678,0.),.PIECEWISE_BEZIER_KNOTS.);
#6189 = CARTESIAN_POINT('',(-0.261116680389,3.251,4.503597984041));
#6190 = CARTESIAN_POINT('',(-0.261116680389,3.251,4.625114491719));
#6191 = ORIENTED_EDGE('',*,*,#6192,.T.);
#6192 = EDGE_CURVE('',#6186,#6086,#6193,.T.);
#6193 = B_SPLINE_CURVE_WITH_KNOTS('',3,(#6194,#6195,#6196,#6197),
  .UNSPECIFIED.,.F.,.F.,(4,4),(1.,2.),.PIECEWISE_BEZIER_KNOTS.);
#6194 = CARTESIAN_POINT('',(-0.261116680389,3.251,4.625114491719));
#6195 = CARTESIAN_POINT('',(-0.261116680389,3.251,4.672964151029));
#6196 = CARTESIAN_POINT('',(-0.238340783232,3.251,4.696753812155));
#6197 = CARTESIAN_POINT('',(-0.192856573183,3.251,4.696753812155));
#6198 = FACE_BOUND('',#6199,.T.);
#6199 = EDGE_LOOP('',(#6200,#6211,#6220,#6227,#6234,#6243,#6252,#6261));
#6200 = ORIENTED_EDGE('',*,*,#6201,.F.);
#6201 = EDGE_CURVE('',#6202,#6204,#6206,.T.);
#6202 = VERTEX_POINT('',#6203);
#6203 = CARTESIAN_POINT('',(-0.15176534033,3.251,4.580779214167));
#6204 = VERTEX_POINT('',#6205);
#6205 = CARTESIAN_POINT('',(-0.142979385937,3.251,4.556854384513));
#6206 = B_SPLINE_CURVE_WITH_KNOTS('',3,(#6207,#6208,#6209,#6210),
  .UNSPECIFIED.,.F.,.F.,(4,4),(1.,2.),.PIECEWISE_BEZIER_KNOTS.);
#6207 = CARTESIAN_POINT('',(-0.15176534033,3.251,4.580779214167));
#6208 = CARTESIAN_POINT('',(-0.145953093577,3.251,4.575102135945));
#6209 = CARTESIAN_POINT('',(-0.142979385937,3.251,4.567127192727));
#6210 = CARTESIAN_POINT('',(-0.142979385937,3.251,4.556854384513));
#6211 = ORIENTED_EDGE('',*,*,#6212,.F.);
#6212 = EDGE_CURVE('',#6213,#6202,#6215,.T.);
#6213 = VERTEX_POINT('',#6214);
#6214 = CARTESIAN_POINT('',(-0.183800281731,3.251,4.592403707673));
#6215 = B_SPLINE_CURVE_WITH_KNOTS('',3,(#6216,#6217,#6218,#6219),
  .UNSPECIFIED.,.F.,.F.,(4,4),(0.,1.),.PIECEWISE_BEZIER_KNOTS.);
#6216 = CARTESIAN_POINT('',(-0.183800281731,3.251,4.592403707673));
#6217 = CARTESIAN_POINT('',(-0.168323485148,3.251,4.590241011206));
#6218 = CARTESIAN_POINT('',(-0.157645171347,3.251,4.586456292391));
#6219 = CARTESIAN_POINT('',(-0.15176534033,3.251,4.580779214167));
#6220 = ORIENTED_EDGE('',*,*,#6221,.F.);
#6221 = EDGE_CURVE('',#6222,#6213,#6224,.T.);
#6222 = VERTEX_POINT('',#6223);
#6223 = CARTESIAN_POINT('',(-0.228000390754,3.251,4.598351122955));
#6224 = B_SPLINE_CURVE_WITH_KNOTS('',1,(#6225,#6226),.UNSPECIFIED.,.F.,
  .F.,(2,2),(0.,4.459844600605E-02),.PIECEWISE_BEZIER_KNOTS.);
#6225 = CARTESIAN_POINT('',(-0.228000390754,3.251,4.598351122955));
#6226 = CARTESIAN_POINT('',(-0.183800281731,3.251,4.592403707673));
#6227 = ORIENTED_EDGE('',*,*,#6228,.F.);
#6228 = EDGE_CURVE('',#6229,#6222,#6231,.T.);
#6229 = VERTEX_POINT('',#6230);
#6230 = CARTESIAN_POINT('',(-0.228000390754,3.251,4.580238540052));
#6231 = B_SPLINE_CURVE_WITH_KNOTS('',1,(#6232,#6233),.UNSPECIFIED.,.F.,
  .F.,(2,2),(0.,1.811258290322E-02),.PIECEWISE_BEZIER_KNOTS.);
#6232 = CARTESIAN_POINT('',(-0.228000390754,3.251,4.580238540052));
#6233 = CARTESIAN_POINT('',(-0.228000390754,3.251,4.598351122955));
#6234 = ORIENTED_EDGE('',*,*,#6235,.F.);
#6235 = EDGE_CURVE('',#6236,#6229,#6238,.T.);
#6236 = VERTEX_POINT('',#6237);
#6237 = CARTESIAN_POINT('',(-0.213807695196,3.251,4.541715509253));
#6238 = B_SPLINE_CURVE_WITH_KNOTS('',3,(#6239,#6240,#6241,#6242),
  .UNSPECIFIED.,.F.,.F.,(4,4),(5.,6.),.PIECEWISE_BEZIER_KNOTS.);
#6239 = CARTESIAN_POINT('',(-0.213807695196,3.251,4.541715509253));
#6240 = CARTESIAN_POINT('',(-0.223269492235,3.251,4.551853148936));
#6241 = CARTESIAN_POINT('',(-0.228000390754,3.251,4.564694159202));
#6242 = CARTESIAN_POINT('',(-0.228000390754,3.251,4.580238540052));
#6243 = ORIENTED_EDGE('',*,*,#6244,.F.);
#6244 = EDGE_CURVE('',#6245,#6236,#6247,.T.);
#6245 = VERTEX_POINT('',#6246);
#6246 = CARTESIAN_POINT('',(-0.177852866451,3.251,4.526306296932));
#6247 = B_SPLINE_CURVE_WITH_KNOTS('',3,(#6248,#6249,#6250,#6251),
  .UNSPECIFIED.,.F.,.F.,(4,4),(4.,5.),.PIECEWISE_BEZIER_KNOTS.);
#6248 = CARTESIAN_POINT('',(-0.177852866451,3.251,4.526306296932));
#6249 = CARTESIAN_POINT('',(-0.192383483331,3.251,4.526306296932));
#6250 = CARTESIAN_POINT('',(-0.204413482422,3.251,4.531442701039));
#6251 = CARTESIAN_POINT('',(-0.213807695196,3.251,4.541715509253));
#6252 = ORIENTED_EDGE('',*,*,#6253,.F.);
#6253 = EDGE_CURVE('',#6254,#6245,#6256,.T.);
#6254 = VERTEX_POINT('',#6255);
#6255 = CARTESIAN_POINT('',(-0.152576351505,3.251,4.534821914266));
#6256 = B_SPLINE_CURVE_WITH_KNOTS('',3,(#6257,#6258,#6259,#6260),
  .UNSPECIFIED.,.F.,.F.,(4,4),(3.,4.),.PIECEWISE_BEZIER_KNOTS.);
#6257 = CARTESIAN_POINT('',(-0.152576351505,3.251,4.534821914266));
#6258 = CARTESIAN_POINT('',(-0.158929272374,3.251,4.529144836044));
#6259 = CARTESIAN_POINT('',(-0.167377305443,3.251,4.526306296932));
#6260 = CARTESIAN_POINT('',(-0.177852866451,3.251,4.526306296932));
#6261 = ORIENTED_EDGE('',*,*,#6262,.F.);
#6262 = EDGE_CURVE('',#6204,#6254,#6263,.T.);
#6263 = B_SPLINE_CURVE_WITH_KNOTS('',3,(#6264,#6265,#6266,#6267),
  .UNSPECIFIED.,.F.,.F.,(4,4),(2.,3.),.PIECEWISE_BEZIER_KNOTS.);
#6264 = CARTESIAN_POINT('',(-0.142979385937,3.251,4.556854384513));
#6265 = CARTESIAN_POINT('',(-0.142979385937,3.251,4.547798093063));
#6266 = CARTESIAN_POINT('',(-0.146155846372,3.251,4.54049899249));
#6267 = CARTESIAN_POINT('',(-0.152576351505,3.251,4.534821914266));
#6268 = B_SPLINE_SURFACE_WITH_KNOTS('',1,1,(
    (#6269,#6270)
    ,(#6271,#6272
    )),.UNSPECIFIED.,.F.,.F.,.F.,(2,2),(2,2),(-0.193240308445,
    4.376081130496E-03),(-0.102973075091,4.87535988476E-02),
  .PIECEWISE_BEZIER_KNOTS.);
#6269 = CARTESIAN_POINT('',(-0.261116680389,3.251,4.499137422579));
#6270 = CARTESIAN_POINT('',(-0.10939000645,3.251,4.499137422579));
#6271 = CARTESIAN_POINT('',(-0.261116680389,3.251,4.696753812155));
#6272 = CARTESIAN_POINT('',(-0.10939000645,3.251,4.696753812155));
#6273 = ADVANCED_FACE('',(#6274,#6390),#6460,.F.);
#6274 = FACE_BOUND('',#6275,.T.);
#6275 = EDGE_LOOP('',(#6276,#6287,#6296,#6303,#6310,#6317,#6324,#6333,
    #6342,#6351,#6360,#6367,#6376,#6385));
#6276 = ORIENTED_EDGE('',*,*,#6277,.F.);
#6277 = EDGE_CURVE('',#6278,#6280,#6282,.T.);
#6278 = VERTEX_POINT('',#6279);
#6279 = CARTESIAN_POINT('',(-0.192856573183,3.25,4.696753812155));
#6280 = VERTEX_POINT('',#6281);
#6281 = CARTESIAN_POINT('',(-0.127840510675,3.25,4.679181903369));
#6282 = B_SPLINE_CURVE_WITH_KNOTS('',3,(#6283,#6284,#6285,#6286),
  .UNSPECIFIED.,.F.,.F.,(4,4),(0.,1.),.PIECEWISE_BEZIER_KNOTS.);
#6283 = CARTESIAN_POINT('',(-0.192856573183,3.25,4.696753812155));
#6284 = CARTESIAN_POINT('',(-0.168255900883,3.25,4.696753812155));
#6285 = CARTESIAN_POINT('',(-0.146561351959,3.25,4.690941565402));
#6286 = CARTESIAN_POINT('',(-0.127840510675,3.25,4.679181903369));
#6287 = ORIENTED_EDGE('',*,*,#6288,.F.);
#6288 = EDGE_CURVE('',#6289,#6278,#6291,.T.);
#6289 = VERTEX_POINT('',#6290);
#6290 = CARTESIAN_POINT('',(-0.261116680389,3.25,4.625114491719));
#6291 = B_SPLINE_CURVE_WITH_KNOTS('',3,(#6292,#6293,#6294,#6295),
  .UNSPECIFIED.,.F.,.F.,(4,4),(1.,2.),.PIECEWISE_BEZIER_KNOTS.);
#6292 = CARTESIAN_POINT('',(-0.261116680389,3.25,4.625114491719));
#6293 = CARTESIAN_POINT('',(-0.261116680389,3.25,4.672964151029));
#6294 = CARTESIAN_POINT('',(-0.238340783232,3.25,4.696753812155));
#6295 = CARTESIAN_POINT('',(-0.192856573183,3.25,4.696753812155));
#6296 = ORIENTED_EDGE('',*,*,#6297,.F.);
#6297 = EDGE_CURVE('',#6298,#6289,#6300,.T.);
#6298 = VERTEX_POINT('',#6299);
#6299 = CARTESIAN_POINT('',(-0.261116680389,3.25,4.503597984041));
#6300 = B_SPLINE_CURVE_WITH_KNOTS('',1,(#6301,#6302),.UNSPECIFIED.,.F.,
  .F.,(2,2),(-0.121516507678,0.),.PIECEWISE_BEZIER_KNOTS.);
#6301 = CARTESIAN_POINT('',(-0.261116680389,3.25,4.503597984041));
#6302 = CARTESIAN_POINT('',(-0.261116680389,3.25,4.625114491719));
#6303 = ORIENTED_EDGE('',*,*,#6304,.F.);
#6304 = EDGE_CURVE('',#6305,#6298,#6307,.T.);
#6305 = VERTEX_POINT('',#6306);
#6306 = CARTESIAN_POINT('',(-0.228000390754,3.25,4.503597984041));
#6307 = B_SPLINE_CURVE_WITH_KNOTS('',1,(#6308,#6309),.UNSPECIFIED.,.F.,
  .F.,(2,2),(-3.31162896348E-02,0.),.PIECEWISE_BEZIER_KNOTS.);
#6308 = CARTESIAN_POINT('',(-0.228000390754,3.25,4.503597984041));
#6309 = CARTESIAN_POINT('',(-0.261116680389,3.25,4.503597984041));
#6310 = ORIENTED_EDGE('',*,*,#6311,.F.);
#6311 = EDGE_CURVE('',#6312,#6305,#6314,.T.);
#6312 = VERTEX_POINT('',#6313);
#6313 = CARTESIAN_POINT('',(-0.228000390754,3.25,4.53279438633));
#6314 = B_SPLINE_CURVE_WITH_KNOTS('',1,(#6315,#6316),.UNSPECIFIED.,.F.,
  .F.,(2,2),(-2.919640228934E-02,-0.),.PIECEWISE_BEZIER_KNOTS.);
#6315 = CARTESIAN_POINT('',(-0.228000390754,3.25,4.53279438633));
#6316 = CARTESIAN_POINT('',(-0.228000390754,3.25,4.503597984041));
#6317 = ORIENTED_EDGE('',*,*,#6318,.F.);
#6318 = EDGE_CURVE('',#6319,#6312,#6321,.T.);
#6319 = VERTEX_POINT('',#6320);
#6320 = CARTESIAN_POINT('',(-0.227121795315,3.25,4.53279438633));
#6321 = B_SPLINE_CURVE_WITH_KNOTS('',1,(#6322,#6323),.UNSPECIFIED.,.F.,
  .F.,(2,2),(-8.785954391857E-04,-0.),.PIECEWISE_BEZIER_KNOTS.);
#6322 = CARTESIAN_POINT('',(-0.227121795315,3.25,4.53279438633));
#6323 = CARTESIAN_POINT('',(-0.228000390754,3.25,4.53279438633));
#6324 = ORIENTED_EDGE('',*,*,#6325,.F.);
#6325 = EDGE_CURVE('',#6326,#6319,#6328,.T.);
#6326 = VERTEX_POINT('',#6327);
#6327 = CARTESIAN_POINT('',(-0.169269664851,3.25,4.499137422579));
#6328 = B_SPLINE_CURVE_WITH_KNOTS('',3,(#6329,#6330,#6331,#6332),
  .UNSPECIFIED.,.F.,.F.,(4,4),(6.,7.),.PIECEWISE_BEZIER_KNOTS.);
#6329 = CARTESIAN_POINT('',(-0.169269664851,3.25,4.499137422579));
#6330 = CARTESIAN_POINT('',(-0.19474893259,3.25,4.499137422579));
#6331 = CARTESIAN_POINT('',(-0.214078032255,3.25,4.510356410496));
#6332 = CARTESIAN_POINT('',(-0.227121795315,3.25,4.53279438633));
#6333 = ORIENTED_EDGE('',*,*,#6334,.F.);
#6334 = EDGE_CURVE('',#6335,#6326,#6337,.T.);
#6335 = VERTEX_POINT('',#6336);
#6336 = CARTESIAN_POINT('',(-0.125610229945,3.25,4.514005960782));
#6337 = B_SPLINE_CURVE_WITH_KNOTS('',3,(#6338,#6339,#6340,#6341),
  .UNSPECIFIED.,.F.,.F.,(4,4),(7.,8.),.PIECEWISE_BEZIER_KNOTS.);
#6338 = CARTESIAN_POINT('',(-0.125610229945,3.25,4.514005960782));
#6339 = CARTESIAN_POINT('',(-0.136423712274,3.25,4.504138658157));
#6340 = CARTESIAN_POINT('',(-0.150954329155,3.25,4.499137422579));
#6341 = CARTESIAN_POINT('',(-0.169269664851,3.25,4.499137422579));
#6342 = ORIENTED_EDGE('',*,*,#6343,.F.);
#6343 = EDGE_CURVE('',#6344,#6335,#6346,.T.);
#6344 = VERTEX_POINT('',#6345);
#6345 = CARTESIAN_POINT('',(-0.10939000645,3.25,4.554151013932));
#6346 = B_SPLINE_CURVE_WITH_KNOTS('',3,(#6347,#6348,#6349,#6350),
  .UNSPECIFIED.,.F.,.F.,(4,4),(8.,9.),.PIECEWISE_BEZIER_KNOTS.);
#6347 = CARTESIAN_POINT('',(-0.10939000645,3.25,4.554151013932));
#6348 = CARTESIAN_POINT('',(-0.10939000645,3.25,4.537254947791));
#6349 = CARTESIAN_POINT('',(-0.114796747615,3.25,4.523873263407));
#6350 = CARTESIAN_POINT('',(-0.125610229945,3.25,4.514005960782));
#6351 = ORIENTED_EDGE('',*,*,#6352,.F.);
#6352 = EDGE_CURVE('',#6353,#6344,#6355,.T.);
#6353 = VERTEX_POINT('',#6354);
#6354 = CARTESIAN_POINT('',(-0.172040619698,3.25,4.615787863211));
#6355 = B_SPLINE_CURVE_WITH_KNOTS('',3,(#6356,#6357,#6358,#6359),
  .UNSPECIFIED.,.F.,.F.,(4,4),(9.,10.),.PIECEWISE_BEZIER_KNOTS.);
#6356 = CARTESIAN_POINT('',(-0.172040619698,3.25,4.615787863211));
#6357 = CARTESIAN_POINT('',(-0.1302735442,3.25,4.609975616459));
#6358 = CARTESIAN_POINT('',(-0.10939000645,3.25,4.589430000032));
#6359 = CARTESIAN_POINT('',(-0.10939000645,3.25,4.554151013932));
#6360 = ORIENTED_EDGE('',*,*,#6361,.F.);
#6361 = EDGE_CURVE('',#6362,#6353,#6364,.T.);
#6362 = VERTEX_POINT('',#6363);
#6363 = CARTESIAN_POINT('',(-0.228000390754,3.25,4.6236276379));
#6364 = B_SPLINE_CURVE_WITH_KNOTS('',1,(#6365,#6366),.UNSPECIFIED.,.F.,
  .F.,(2,2),(-5.650626552745E-02,0.),.PIECEWISE_BEZIER_KNOTS.);
#6365 = CARTESIAN_POINT('',(-0.228000390754,3.25,4.6236276379));
#6366 = CARTESIAN_POINT('',(-0.172040619698,3.25,4.615787863211));
#6367 = ORIENTED_EDGE('',*,*,#6368,.F.);
#6368 = EDGE_CURVE('',#6369,#6362,#6371,.T.);
#6369 = VERTEX_POINT('',#6370);
#6370 = CARTESIAN_POINT('',(-0.189747697013,3.25,4.669855274859));
#6371 = B_SPLINE_CURVE_WITH_KNOTS('',3,(#6372,#6373,#6374,#6375),
  .UNSPECIFIED.,.F.,.F.,(4,4),(11.,12.),.PIECEWISE_BEZIER_KNOTS.);
#6372 = CARTESIAN_POINT('',(-0.189747697013,3.25,4.669855274859));
#6373 = CARTESIAN_POINT('',(-0.215226964752,3.25,4.669855274859));
#6374 = CARTESIAN_POINT('',(-0.228000390754,3.25,4.654446062539));
#6375 = CARTESIAN_POINT('',(-0.228000390754,3.25,4.6236276379));
#6376 = ORIENTED_EDGE('',*,*,#6377,.F.);
#6377 = EDGE_CURVE('',#6378,#6369,#6380,.T.);
#6378 = VERTEX_POINT('',#6379);
#6379 = CARTESIAN_POINT('',(-0.127840510675,3.25,4.647011793437));
#6380 = B_SPLINE_CURVE_WITH_KNOTS('',3,(#6381,#6382,#6383,#6384),
  .UNSPECIFIED.,.F.,.F.,(4,4),(12.,13.),.PIECEWISE_BEZIER_KNOTS.);
#6381 = CARTESIAN_POINT('',(-0.127840510675,3.25,4.647011793437));
#6382 = CARTESIAN_POINT('',(-0.146493767694,3.25,4.662150668699));
#6383 = CARTESIAN_POINT('',(-0.167106968385,3.25,4.669855274859));
#6384 = CARTESIAN_POINT('',(-0.189747697013,3.25,4.669855274859));
#6385 = ORIENTED_EDGE('',*,*,#6386,.F.);
#6386 = EDGE_CURVE('',#6280,#6378,#6387,.T.);
#6387 = B_SPLINE_CURVE_WITH_KNOTS('',1,(#6388,#6389),.UNSPECIFIED.,.F.,
  .F.,(2,2),(-3.217010993204E-02,-0.),.PIECEWISE_BEZIER_KNOTS.);
#6388 = CARTESIAN_POINT('',(-0.127840510675,3.25,4.679181903369));
#6389 = CARTESIAN_POINT('',(-0.127840510675,3.25,4.647011793437));
#6390 = FACE_BOUND('',#6391,.T.);
#6391 = EDGE_LOOP('',(#6392,#6403,#6412,#6421,#6430,#6439,#6448,#6455));
#6392 = ORIENTED_EDGE('',*,*,#6393,.T.);
#6393 = EDGE_CURVE('',#6394,#6396,#6398,.T.);
#6394 = VERTEX_POINT('',#6395);
#6395 = CARTESIAN_POINT('',(-0.183800281731,3.25,4.592403707673));
#6396 = VERTEX_POINT('',#6397);
#6397 = CARTESIAN_POINT('',(-0.15176534033,3.25,4.580779214167));
#6398 = B_SPLINE_CURVE_WITH_KNOTS('',3,(#6399,#6400,#6401,#6402),
  .UNSPECIFIED.,.F.,.F.,(4,4),(0.,1.),.PIECEWISE_BEZIER_KNOTS.);
#6399 = CARTESIAN_POINT('',(-0.183800281731,3.25,4.592403707673));
#6400 = CARTESIAN_POINT('',(-0.168323485148,3.25,4.590241011206));
#6401 = CARTESIAN_POINT('',(-0.157645171347,3.25,4.586456292391));
#6402 = CARTESIAN_POINT('',(-0.15176534033,3.25,4.580779214167));
#6403 = ORIENTED_EDGE('',*,*,#6404,.T.);
#6404 = EDGE_CURVE('',#6396,#6405,#6407,.T.);
#6405 = VERTEX_POINT('',#6406);
#6406 = CARTESIAN_POINT('',(-0.142979385937,3.25,4.556854384513));
#6407 = B_SPLINE_CURVE_WITH_KNOTS('',3,(#6408,#6409,#6410,#6411),
  .UNSPECIFIED.,.F.,.F.,(4,4),(1.,2.),.PIECEWISE_BEZIER_KNOTS.);
#6408 = CARTESIAN_POINT('',(-0.15176534033,3.25,4.580779214167));
#6409 = CARTESIAN_POINT('',(-0.145953093577,3.25,4.575102135945));
#6410 = CARTESIAN_POINT('',(-0.142979385937,3.25,4.567127192727));
#6411 = CARTESIAN_POINT('',(-0.142979385937,3.25,4.556854384513));
#6412 = ORIENTED_EDGE('',*,*,#6413,.T.);
#6413 = EDGE_CURVE('',#6405,#6414,#6416,.T.);
#6414 = VERTEX_POINT('',#6415);
#6415 = CARTESIAN_POINT('',(-0.152576351505,3.25,4.534821914266));
#6416 = B_SPLINE_CURVE_WITH_KNOTS('',3,(#6417,#6418,#6419,#6420),
  .UNSPECIFIED.,.F.,.F.,(4,4),(2.,3.),.PIECEWISE_BEZIER_KNOTS.);
#6417 = CARTESIAN_POINT('',(-0.142979385937,3.25,4.556854384513));
#6418 = CARTESIAN_POINT('',(-0.142979385937,3.25,4.547798093063));
#6419 = CARTESIAN_POINT('',(-0.146155846372,3.25,4.54049899249));
#6420 = CARTESIAN_POINT('',(-0.152576351505,3.25,4.534821914266));
#6421 = ORIENTED_EDGE('',*,*,#6422,.T.);
#6422 = EDGE_CURVE('',#6414,#6423,#6425,.T.);
#6423 = VERTEX_POINT('',#6424);
#6424 = CARTESIAN_POINT('',(-0.177852866451,3.25,4.526306296932));
#6425 = B_SPLINE_CURVE_WITH_KNOTS('',3,(#6426,#6427,#6428,#6429),
  .UNSPECIFIED.,.F.,.F.,(4,4),(3.,4.),.PIECEWISE_BEZIER_KNOTS.);
#6426 = CARTESIAN_POINT('',(-0.152576351505,3.25,4.534821914266));
#6427 = CARTESIAN_POINT('',(-0.158929272374,3.25,4.529144836044));
#6428 = CARTESIAN_POINT('',(-0.167377305443,3.25,4.526306296932));
#6429 = CARTESIAN_POINT('',(-0.177852866451,3.25,4.526306296932));
#6430 = ORIENTED_EDGE('',*,*,#6431,.T.);
#6431 = EDGE_CURVE('',#6423,#6432,#6434,.T.);
#6432 = VERTEX_POINT('',#6433);
#6433 = CARTESIAN_POINT('',(-0.213807695196,3.25,4.541715509253));
#6434 = B_SPLINE_CURVE_WITH_KNOTS('',3,(#6435,#6436,#6437,#6438),
  .UNSPECIFIED.,.F.,.F.,(4,4),(4.,5.),.PIECEWISE_BEZIER_KNOTS.);
#6435 = CARTESIAN_POINT('',(-0.177852866451,3.25,4.526306296932));
#6436 = CARTESIAN_POINT('',(-0.192383483331,3.25,4.526306296932));
#6437 = CARTESIAN_POINT('',(-0.204413482422,3.25,4.531442701039));
#6438 = CARTESIAN_POINT('',(-0.213807695196,3.25,4.541715509253));
#6439 = ORIENTED_EDGE('',*,*,#6440,.T.);
#6440 = EDGE_CURVE('',#6432,#6441,#6443,.T.);
#6441 = VERTEX_POINT('',#6442);
#6442 = CARTESIAN_POINT('',(-0.228000390754,3.25,4.580238540052));
#6443 = B_SPLINE_CURVE_WITH_KNOTS('',3,(#6444,#6445,#6446,#6447),
  .UNSPECIFIED.,.F.,.F.,(4,4),(5.,6.),.PIECEWISE_BEZIER_KNOTS.);
#6444 = CARTESIAN_POINT('',(-0.213807695196,3.25,4.541715509253));
#6445 = CARTESIAN_POINT('',(-0.223269492235,3.25,4.551853148936));
#6446 = CARTESIAN_POINT('',(-0.228000390754,3.25,4.564694159202));
#6447 = CARTESIAN_POINT('',(-0.228000390754,3.25,4.580238540052));
#6448 = ORIENTED_EDGE('',*,*,#6449,.T.);
#6449 = EDGE_CURVE('',#6441,#6450,#6452,.T.);
#6450 = VERTEX_POINT('',#6451);
#6451 = CARTESIAN_POINT('',(-0.228000390754,3.25,4.598351122955));
#6452 = B_SPLINE_CURVE_WITH_KNOTS('',1,(#6453,#6454),.UNSPECIFIED.,.F.,
  .F.,(2,2),(0.,1.811258290322E-02),.PIECEWISE_BEZIER_KNOTS.);
#6453 = CARTESIAN_POINT('',(-0.228000390754,3.25,4.580238540052));
#6454 = CARTESIAN_POINT('',(-0.228000390754,3.25,4.598351122955));
#6455 = ORIENTED_EDGE('',*,*,#6456,.T.);
#6456 = EDGE_CURVE('',#6450,#6394,#6457,.T.);
#6457 = B_SPLINE_CURVE_WITH_KNOTS('',1,(#6458,#6459),.UNSPECIFIED.,.F.,
  .F.,(2,2),(0.,4.459844600605E-02),.PIECEWISE_BEZIER_KNOTS.);
#6458 = CARTESIAN_POINT('',(-0.228000390754,3.25,4.598351122955));
#6459 = CARTESIAN_POINT('',(-0.183800281731,3.25,4.592403707673));
#6460 = B_SPLINE_SURFACE_WITH_KNOTS('',1,1,(
    (#6461,#6462)
    ,(#6463,#6464
    )),.UNSPECIFIED.,.F.,.F.,.F.,(2,2),(2,2),(-0.193240308445,
    4.376081130496E-03),(-0.102973075091,4.87535988476E-02),
  .PIECEWISE_BEZIER_KNOTS.);
#6461 = CARTESIAN_POINT('',(-0.261116680389,3.25,4.499137422579));
#6462 = CARTESIAN_POINT('',(-0.10939000645,3.25,4.499137422579));
#6463 = CARTESIAN_POINT('',(-0.261116680389,3.25,4.696753812155));
#6464 = CARTESIAN_POINT('',(-0.10939000645,3.25,4.696753812155));
#6465 = ADVANCED_FACE('',(#6466),#6480,.F.);
#6466 = FACE_BOUND('',#6467,.F.);
#6467 = EDGE_LOOP('',(#6468,#6473,#6474,#6479));
#6468 = ORIENTED_EDGE('',*,*,#6469,.F.);
#6469 = EDGE_CURVE('',#6086,#6278,#6470,.T.);
#6470 = B_SPLINE_CURVE_WITH_KNOTS('',1,(#6471,#6472),.UNSPECIFIED.,.F.,
  .F.,(2,2),(-0.,9.999999999999E-04),.PIECEWISE_BEZIER_KNOTS.);
#6471 = CARTESIAN_POINT('',(-0.192856573183,3.251,4.696753812155));
#6472 = CARTESIAN_POINT('',(-0.192856573183,3.25,4.696753812155));
#6473 = ORIENTED_EDGE('',*,*,#6085,.T.);
#6474 = ORIENTED_EDGE('',*,*,#6475,.T.);
#6475 = EDGE_CURVE('',#6088,#6280,#6476,.T.);
#6476 = B_SPLINE_CURVE_WITH_KNOTS('',1,(#6477,#6478),.UNSPECIFIED.,.F.,
  .F.,(2,2),(-0.,9.999999999999E-04),.PIECEWISE_BEZIER_KNOTS.);
#6477 = CARTESIAN_POINT('',(-0.127840510675,3.251,4.679181903369));
#6478 = CARTESIAN_POINT('',(-0.127840510675,3.25,4.679181903369));
#6479 = ORIENTED_EDGE('',*,*,#6277,.F.);
#6480 = B_SPLINE_SURFACE_WITH_KNOTS('',3,1,(
    (#6481,#6482)
    ,(#6483,#6484)
    ,(#6485,#6486)
    ,(#6487,#6488
    )),.UNSPECIFIED.,.F.,.F.,.F.,(4,4),(2,2),(0.,1.),(0.,1.),
  .PIECEWISE_BEZIER_KNOTS.);
#6481 = CARTESIAN_POINT('',(-0.192856573183,3.251,4.696753812155));
#6482 = CARTESIAN_POINT('',(-0.192856573183,3.25,4.696753812155));
#6483 = CARTESIAN_POINT('',(-0.168255900883,3.251,4.696753812155));
#6484 = CARTESIAN_POINT('',(-0.168255900883,3.25,4.696753812155));
#6485 = CARTESIAN_POINT('',(-0.146561351959,3.251,4.690941565402));
#6486 = CARTESIAN_POINT('',(-0.146561351959,3.25,4.690941565402));
#6487 = CARTESIAN_POINT('',(-0.127840510675,3.251,4.679181903369));
#6488 = CARTESIAN_POINT('',(-0.127840510675,3.25,4.679181903369));
#6489 = ADVANCED_FACE('',(#6490),#6500,.F.);
#6490 = FACE_BOUND('',#6491,.T.);
#6491 = EDGE_LOOP('',(#6492,#6493,#6498,#6499));
#6492 = ORIENTED_EDGE('',*,*,#6386,.T.);
#6493 = ORIENTED_EDGE('',*,*,#6494,.F.);
#6494 = EDGE_CURVE('',#6097,#6378,#6495,.T.);
#6495 = B_SPLINE_CURVE_WITH_KNOTS('',1,(#6496,#6497),.UNSPECIFIED.,.F.,
  .F.,(2,2),(-0.,9.999999999999E-04),.PIECEWISE_BEZIER_KNOTS.);
#6496 = CARTESIAN_POINT('',(-0.127840510675,3.251,4.647011793437));
#6497 = CARTESIAN_POINT('',(-0.127840510675,3.25,4.647011793437));
#6498 = ORIENTED_EDGE('',*,*,#6096,.F.);
#6499 = ORIENTED_EDGE('',*,*,#6475,.T.);
#6500 = B_SPLINE_SURFACE_WITH_KNOTS('',1,1,(
    (#6501,#6502)
    ,(#6503,#6504
    )),.UNSPECIFIED.,.F.,.F.,.F.,(2,2),(2,2),(0.,3.217010993204E-02),(
    -9.999999999999E-04,0.),.PIECEWISE_BEZIER_KNOTS.);
#6501 = CARTESIAN_POINT('',(-0.127840510675,3.25,4.647011793437));
#6502 = CARTESIAN_POINT('',(-0.127840510675,3.251,4.647011793437));
#6503 = CARTESIAN_POINT('',(-0.127840510675,3.25,4.679181903369));
#6504 = CARTESIAN_POINT('',(-0.127840510675,3.251,4.679181903369));
#6505 = ADVANCED_FACE('',(#6506),#6516,.F.);
#6506 = FACE_BOUND('',#6507,.F.);
#6507 = EDGE_LOOP('',(#6508,#6509,#6510,#6515));
#6508 = ORIENTED_EDGE('',*,*,#6494,.F.);
#6509 = ORIENTED_EDGE('',*,*,#6103,.T.);
#6510 = ORIENTED_EDGE('',*,*,#6511,.T.);
#6511 = EDGE_CURVE('',#6104,#6369,#6512,.T.);
#6512 = B_SPLINE_CURVE_WITH_KNOTS('',1,(#6513,#6514),.UNSPECIFIED.,.F.,
  .F.,(2,2),(-0.,9.999999999999E-04),.PIECEWISE_BEZIER_KNOTS.);
#6513 = CARTESIAN_POINT('',(-0.189747697013,3.251,4.669855274859));
#6514 = CARTESIAN_POINT('',(-0.189747697013,3.25,4.669855274859));
#6515 = ORIENTED_EDGE('',*,*,#6377,.F.);
#6516 = B_SPLINE_SURFACE_WITH_KNOTS('',3,1,(
    (#6517,#6518)
    ,(#6519,#6520)
    ,(#6521,#6522)
    ,(#6523,#6524
    )),.UNSPECIFIED.,.F.,.F.,.F.,(4,4),(2,2),(12.,13.),(0.,1.),
  .PIECEWISE_BEZIER_KNOTS.);
#6517 = CARTESIAN_POINT('',(-0.127840510675,3.251,4.647011793437));
#6518 = CARTESIAN_POINT('',(-0.127840510675,3.25,4.647011793437));
#6519 = CARTESIAN_POINT('',(-0.146493767694,3.251,4.662150668699));
#6520 = CARTESIAN_POINT('',(-0.146493767694,3.25,4.662150668699));
#6521 = CARTESIAN_POINT('',(-0.167106968385,3.251,4.669855274859));
#6522 = CARTESIAN_POINT('',(-0.167106968385,3.25,4.669855274859));
#6523 = CARTESIAN_POINT('',(-0.189747697013,3.251,4.669855274859));
#6524 = CARTESIAN_POINT('',(-0.189747697013,3.25,4.669855274859));
#6525 = ADVANCED_FACE('',(#6526),#6536,.F.);
#6526 = FACE_BOUND('',#6527,.F.);
#6527 = EDGE_LOOP('',(#6528,#6529,#6530,#6535));
#6528 = ORIENTED_EDGE('',*,*,#6511,.F.);
#6529 = ORIENTED_EDGE('',*,*,#6112,.T.);
#6530 = ORIENTED_EDGE('',*,*,#6531,.T.);
#6531 = EDGE_CURVE('',#6113,#6362,#6532,.T.);
#6532 = B_SPLINE_CURVE_WITH_KNOTS('',1,(#6533,#6534),.UNSPECIFIED.,.F.,
  .F.,(2,2),(-0.,9.999999999999E-04),.PIECEWISE_BEZIER_KNOTS.);
#6533 = CARTESIAN_POINT('',(-0.228000390754,3.251,4.6236276379));
#6534 = CARTESIAN_POINT('',(-0.228000390754,3.25,4.6236276379));
#6535 = ORIENTED_EDGE('',*,*,#6368,.F.);
#6536 = B_SPLINE_SURFACE_WITH_KNOTS('',3,1,(
    (#6537,#6538)
    ,(#6539,#6540)
    ,(#6541,#6542)
    ,(#6543,#6544
    )),.UNSPECIFIED.,.F.,.F.,.F.,(4,4),(2,2),(11.,12.),(0.,1.),
  .PIECEWISE_BEZIER_KNOTS.);
#6537 = CARTESIAN_POINT('',(-0.189747697013,3.251,4.669855274859));
#6538 = CARTESIAN_POINT('',(-0.189747697013,3.25,4.669855274859));
#6539 = CARTESIAN_POINT('',(-0.215226964752,3.251,4.669855274859));
#6540 = CARTESIAN_POINT('',(-0.215226964752,3.25,4.669855274859));
#6541 = CARTESIAN_POINT('',(-0.228000390754,3.251,4.654446062539));
#6542 = CARTESIAN_POINT('',(-0.228000390754,3.25,4.654446062539));
#6543 = CARTESIAN_POINT('',(-0.228000390754,3.251,4.6236276379));
#6544 = CARTESIAN_POINT('',(-0.228000390754,3.25,4.6236276379));
#6545 = ADVANCED_FACE('',(#6546),#6556,.F.);
#6546 = FACE_BOUND('',#6547,.T.);
#6547 = EDGE_LOOP('',(#6548,#6549,#6554,#6555));
#6548 = ORIENTED_EDGE('',*,*,#6361,.T.);
#6549 = ORIENTED_EDGE('',*,*,#6550,.F.);
#6550 = EDGE_CURVE('',#6122,#6353,#6551,.T.);
#6551 = B_SPLINE_CURVE_WITH_KNOTS('',1,(#6552,#6553),.UNSPECIFIED.,.F.,
  .F.,(2,2),(-0.,9.999999999999E-04),.PIECEWISE_BEZIER_KNOTS.);
#6552 = CARTESIAN_POINT('',(-0.172040619698,3.251,4.615787863211));
#6553 = CARTESIAN_POINT('',(-0.172040619698,3.25,4.615787863211));
#6554 = ORIENTED_EDGE('',*,*,#6121,.F.);
#6555 = ORIENTED_EDGE('',*,*,#6531,.T.);
#6556 = B_SPLINE_SURFACE_WITH_KNOTS('',1,1,(
    (#6557,#6558)
    ,(#6559,#6560
    )),.UNSPECIFIED.,.F.,.F.,.F.,(2,2),(2,2),(0.,5.650626552745E-02),(
    -9.999999999999E-04,0.),.PIECEWISE_BEZIER_KNOTS.);
#6557 = CARTESIAN_POINT('',(-0.172040619698,3.25,4.615787863211));
#6558 = CARTESIAN_POINT('',(-0.172040619698,3.251,4.615787863211));
#6559 = CARTESIAN_POINT('',(-0.228000390754,3.25,4.6236276379));
#6560 = CARTESIAN_POINT('',(-0.228000390754,3.251,4.6236276379));
#6561 = ADVANCED_FACE('',(#6562),#6572,.F.);
#6562 = FACE_BOUND('',#6563,.F.);
#6563 = EDGE_LOOP('',(#6564,#6565,#6566,#6571));
#6564 = ORIENTED_EDGE('',*,*,#6550,.F.);
#6565 = ORIENTED_EDGE('',*,*,#6128,.T.);
#6566 = ORIENTED_EDGE('',*,*,#6567,.T.);
#6567 = EDGE_CURVE('',#6129,#6344,#6568,.T.);
#6568 = B_SPLINE_CURVE_WITH_KNOTS('',1,(#6569,#6570),.UNSPECIFIED.,.F.,
  .F.,(2,2),(-0.,9.999999999999E-04),.PIECEWISE_BEZIER_KNOTS.);
#6569 = CARTESIAN_POINT('',(-0.10939000645,3.251,4.554151013932));
#6570 = CARTESIAN_POINT('',(-0.10939000645,3.25,4.554151013932));
#6571 = ORIENTED_EDGE('',*,*,#6352,.F.);
#6572 = B_SPLINE_SURFACE_WITH_KNOTS('',3,1,(
    (#6573,#6574)
    ,(#6575,#6576)
    ,(#6577,#6578)
    ,(#6579,#6580
    )),.UNSPECIFIED.,.F.,.F.,.F.,(4,4),(2,2),(9.,10.),(0.,1.),
  .PIECEWISE_BEZIER_KNOTS.);
#6573 = CARTESIAN_POINT('',(-0.172040619698,3.251,4.615787863211));
#6574 = CARTESIAN_POINT('',(-0.172040619698,3.25,4.615787863211));
#6575 = CARTESIAN_POINT('',(-0.1302735442,3.251,4.609975616459));
#6576 = CARTESIAN_POINT('',(-0.1302735442,3.25,4.609975616459));
#6577 = CARTESIAN_POINT('',(-0.10939000645,3.251,4.589430000032));
#6578 = CARTESIAN_POINT('',(-0.10939000645,3.25,4.589430000032));
#6579 = CARTESIAN_POINT('',(-0.10939000645,3.251,4.554151013932));
#6580 = CARTESIAN_POINT('',(-0.10939000645,3.25,4.554151013932));
#6581 = ADVANCED_FACE('',(#6582),#6592,.F.);
#6582 = FACE_BOUND('',#6583,.F.);
#6583 = EDGE_LOOP('',(#6584,#6585,#6586,#6591));
#6584 = ORIENTED_EDGE('',*,*,#6567,.F.);
#6585 = ORIENTED_EDGE('',*,*,#6137,.T.);
#6586 = ORIENTED_EDGE('',*,*,#6587,.T.);
#6587 = EDGE_CURVE('',#6138,#6335,#6588,.T.);
#6588 = B_SPLINE_CURVE_WITH_KNOTS('',1,(#6589,#6590),.UNSPECIFIED.,.F.,
  .F.,(2,2),(-0.,9.999999999999E-04),.PIECEWISE_BEZIER_KNOTS.);
#6589 = CARTESIAN_POINT('',(-0.125610229945,3.251,4.514005960782));
#6590 = CARTESIAN_POINT('',(-0.125610229945,3.25,4.514005960782));
#6591 = ORIENTED_EDGE('',*,*,#6343,.F.);
#6592 = B_SPLINE_SURFACE_WITH_KNOTS('',3,1,(
    (#6593,#6594)
    ,(#6595,#6596)
    ,(#6597,#6598)
    ,(#6599,#6600
    )),.UNSPECIFIED.,.F.,.F.,.F.,(4,4),(2,2),(8.,9.),(0.,1.),
  .PIECEWISE_BEZIER_KNOTS.);
#6593 = CARTESIAN_POINT('',(-0.10939000645,3.251,4.554151013932));
#6594 = CARTESIAN_POINT('',(-0.10939000645,3.25,4.554151013932));
#6595 = CARTESIAN_POINT('',(-0.10939000645,3.251,4.537254947791));
#6596 = CARTESIAN_POINT('',(-0.10939000645,3.25,4.537254947791));
#6597 = CARTESIAN_POINT('',(-0.114796747615,3.251,4.523873263407));
#6598 = CARTESIAN_POINT('',(-0.114796747615,3.25,4.523873263407));
#6599 = CARTESIAN_POINT('',(-0.125610229945,3.251,4.514005960782));
#6600 = CARTESIAN_POINT('',(-0.125610229945,3.25,4.514005960782));
#6601 = ADVANCED_FACE('',(#6602),#6612,.F.);
#6602 = FACE_BOUND('',#6603,.F.);
#6603 = EDGE_LOOP('',(#6604,#6605,#6606,#6611));
#6604 = ORIENTED_EDGE('',*,*,#6587,.F.);
#6605 = ORIENTED_EDGE('',*,*,#6146,.T.);
#6606 = ORIENTED_EDGE('',*,*,#6607,.T.);
#6607 = EDGE_CURVE('',#6147,#6326,#6608,.T.);
#6608 = B_SPLINE_CURVE_WITH_KNOTS('',1,(#6609,#6610),.UNSPECIFIED.,.F.,
  .F.,(2,2),(-0.,9.999999999999E-04),.PIECEWISE_BEZIER_KNOTS.);
#6609 = CARTESIAN_POINT('',(-0.169269664851,3.251,4.499137422579));
#6610 = CARTESIAN_POINT('',(-0.169269664851,3.25,4.499137422579));
#6611 = ORIENTED_EDGE('',*,*,#6334,.F.);
#6612 = B_SPLINE_SURFACE_WITH_KNOTS('',3,1,(
    (#6613,#6614)
    ,(#6615,#6616)
    ,(#6617,#6618)
    ,(#6619,#6620
    )),.UNSPECIFIED.,.F.,.F.,.F.,(4,4),(2,2),(7.,8.),(0.,1.),
  .PIECEWISE_BEZIER_KNOTS.);
#6613 = CARTESIAN_POINT('',(-0.125610229945,3.251,4.514005960782));
#6614 = CARTESIAN_POINT('',(-0.125610229945,3.25,4.514005960782));
#6615 = CARTESIAN_POINT('',(-0.136423712274,3.251,4.504138658157));
#6616 = CARTESIAN_POINT('',(-0.136423712274,3.25,4.504138658157));
#6617 = CARTESIAN_POINT('',(-0.150954329155,3.251,4.499137422579));
#6618 = CARTESIAN_POINT('',(-0.150954329155,3.25,4.499137422579));
#6619 = CARTESIAN_POINT('',(-0.169269664851,3.251,4.499137422579));
#6620 = CARTESIAN_POINT('',(-0.169269664851,3.25,4.499137422579));
#6621 = ADVANCED_FACE('',(#6622),#6632,.F.);
#6622 = FACE_BOUND('',#6623,.F.);
#6623 = EDGE_LOOP('',(#6624,#6625,#6626,#6631));
#6624 = ORIENTED_EDGE('',*,*,#6607,.F.);
#6625 = ORIENTED_EDGE('',*,*,#6155,.T.);
#6626 = ORIENTED_EDGE('',*,*,#6627,.T.);
#6627 = EDGE_CURVE('',#6156,#6319,#6628,.T.);
#6628 = B_SPLINE_CURVE_WITH_KNOTS('',1,(#6629,#6630),.UNSPECIFIED.,.F.,
  .F.,(2,2),(-0.,9.999999999999E-04),.PIECEWISE_BEZIER_KNOTS.);
#6629 = CARTESIAN_POINT('',(-0.227121795315,3.251,4.53279438633));
#6630 = CARTESIAN_POINT('',(-0.227121795315,3.25,4.53279438633));
#6631 = ORIENTED_EDGE('',*,*,#6325,.F.);
#6632 = B_SPLINE_SURFACE_WITH_KNOTS('',3,1,(
    (#6633,#6634)
    ,(#6635,#6636)
    ,(#6637,#6638)
    ,(#6639,#6640
    )),.UNSPECIFIED.,.F.,.F.,.F.,(4,4),(2,2),(6.,7.),(0.,1.),
  .PIECEWISE_BEZIER_KNOTS.);
#6633 = CARTESIAN_POINT('',(-0.169269664851,3.251,4.499137422579));
#6634 = CARTESIAN_POINT('',(-0.169269664851,3.25,4.499137422579));
#6635 = CARTESIAN_POINT('',(-0.19474893259,3.251,4.499137422579));
#6636 = CARTESIAN_POINT('',(-0.19474893259,3.25,4.499137422579));
#6637 = CARTESIAN_POINT('',(-0.214078032255,3.251,4.510356410496));
#6638 = CARTESIAN_POINT('',(-0.214078032255,3.25,4.510356410496));
#6639 = CARTESIAN_POINT('',(-0.227121795315,3.251,4.53279438633));
#6640 = CARTESIAN_POINT('',(-0.227121795315,3.25,4.53279438633));
#6641 = ADVANCED_FACE('',(#6642),#6652,.F.);
#6642 = FACE_BOUND('',#6643,.T.);
#6643 = EDGE_LOOP('',(#6644,#6645,#6650,#6651));
#6644 = ORIENTED_EDGE('',*,*,#6318,.T.);
#6645 = ORIENTED_EDGE('',*,*,#6646,.F.);
#6646 = EDGE_CURVE('',#6165,#6312,#6647,.T.);
#6647 = B_SPLINE_CURVE_WITH_KNOTS('',1,(#6648,#6649),.UNSPECIFIED.,.F.,
  .F.,(2,2),(-0.,9.999999999999E-04),.PIECEWISE_BEZIER_KNOTS.);
#6648 = CARTESIAN_POINT('',(-0.228000390754,3.251,4.53279438633));
#6649 = CARTESIAN_POINT('',(-0.228000390754,3.25,4.53279438633));
#6650 = ORIENTED_EDGE('',*,*,#6164,.F.);
#6651 = ORIENTED_EDGE('',*,*,#6627,.T.);
#6652 = B_SPLINE_SURFACE_WITH_KNOTS('',1,1,(
    (#6653,#6654)
    ,(#6655,#6656
    )),.UNSPECIFIED.,.F.,.F.,.F.,(2,2),(2,2),(0.,8.785954391857E-04),(
    -9.999999999999E-04,0.),.PIECEWISE_BEZIER_KNOTS.);
#6653 = CARTESIAN_POINT('',(-0.228000390754,3.25,4.53279438633));
#6654 = CARTESIAN_POINT('',(-0.228000390754,3.251,4.53279438633));
#6655 = CARTESIAN_POINT('',(-0.227121795315,3.25,4.53279438633));
#6656 = CARTESIAN_POINT('',(-0.227121795315,3.251,4.53279438633));
#6657 = ADVANCED_FACE('',(#6658),#6668,.F.);
#6658 = FACE_BOUND('',#6659,.T.);
#6659 = EDGE_LOOP('',(#6660,#6661,#6666,#6667));
#6660 = ORIENTED_EDGE('',*,*,#6311,.T.);
#6661 = ORIENTED_EDGE('',*,*,#6662,.F.);
#6662 = EDGE_CURVE('',#6172,#6305,#6663,.T.);
#6663 = B_SPLINE_CURVE_WITH_KNOTS('',1,(#6664,#6665),.UNSPECIFIED.,.F.,
  .F.,(2,2),(-0.,9.999999999999E-04),.PIECEWISE_BEZIER_KNOTS.);
#6664 = CARTESIAN_POINT('',(-0.228000390754,3.251,4.503597984041));
#6665 = CARTESIAN_POINT('',(-0.228000390754,3.25,4.503597984041));
#6666 = ORIENTED_EDGE('',*,*,#6171,.F.);
#6667 = ORIENTED_EDGE('',*,*,#6646,.T.);
#6668 = B_SPLINE_SURFACE_WITH_KNOTS('',1,1,(
    (#6669,#6670)
    ,(#6671,#6672
    )),.UNSPECIFIED.,.F.,.F.,.F.,(2,2),(2,2),(0.,2.919640228934E-02),(
    -9.999999999999E-04,0.),.PIECEWISE_BEZIER_KNOTS.);
#6669 = CARTESIAN_POINT('',(-0.228000390754,3.25,4.503597984041));
#6670 = CARTESIAN_POINT('',(-0.228000390754,3.251,4.503597984041));
#6671 = CARTESIAN_POINT('',(-0.228000390754,3.25,4.53279438633));
#6672 = CARTESIAN_POINT('',(-0.228000390754,3.251,4.53279438633));
#6673 = ADVANCED_FACE('',(#6674),#6684,.F.);
#6674 = FACE_BOUND('',#6675,.T.);
#6675 = EDGE_LOOP('',(#6676,#6677,#6682,#6683));
#6676 = ORIENTED_EDGE('',*,*,#6304,.T.);
#6677 = ORIENTED_EDGE('',*,*,#6678,.F.);
#6678 = EDGE_CURVE('',#6179,#6298,#6679,.T.);
#6679 = B_SPLINE_CURVE_WITH_KNOTS('',1,(#6680,#6681),.UNSPECIFIED.,.F.,
  .F.,(2,2),(-0.,9.999999999999E-04),.PIECEWISE_BEZIER_KNOTS.);
#6680 = CARTESIAN_POINT('',(-0.261116680389,3.251,4.503597984041));
#6681 = CARTESIAN_POINT('',(-0.261116680389,3.25,4.503597984041));
#6682 = ORIENTED_EDGE('',*,*,#6178,.F.);
#6683 = ORIENTED_EDGE('',*,*,#6662,.T.);
#6684 = B_SPLINE_SURFACE_WITH_KNOTS('',1,1,(
    (#6685,#6686)
    ,(#6687,#6688
    )),.UNSPECIFIED.,.F.,.F.,.F.,(2,2),(2,2),(0.,3.31162896348E-02),(
    -9.999999999999E-04,0.),.PIECEWISE_BEZIER_KNOTS.);
#6685 = CARTESIAN_POINT('',(-0.261116680389,3.25,4.503597984041));
#6686 = CARTESIAN_POINT('',(-0.261116680389,3.251,4.503597984041));
#6687 = CARTESIAN_POINT('',(-0.228000390754,3.25,4.503597984041));
#6688 = CARTESIAN_POINT('',(-0.228000390754,3.251,4.503597984041));
#6689 = ADVANCED_FACE('',(#6690),#6700,.F.);
#6690 = FACE_BOUND('',#6691,.T.);
#6691 = EDGE_LOOP('',(#6692,#6693,#6698,#6699));
#6692 = ORIENTED_EDGE('',*,*,#6297,.T.);
#6693 = ORIENTED_EDGE('',*,*,#6694,.F.);
#6694 = EDGE_CURVE('',#6186,#6289,#6695,.T.);
#6695 = B_SPLINE_CURVE_WITH_KNOTS('',1,(#6696,#6697),.UNSPECIFIED.,.F.,
  .F.,(2,2),(-0.,9.999999999999E-04),.PIECEWISE_BEZIER_KNOTS.);
#6696 = CARTESIAN_POINT('',(-0.261116680389,3.251,4.625114491719));
#6697 = CARTESIAN_POINT('',(-0.261116680389,3.25,4.625114491719));
#6698 = ORIENTED_EDGE('',*,*,#6185,.F.);
#6699 = ORIENTED_EDGE('',*,*,#6678,.T.);
#6700 = B_SPLINE_SURFACE_WITH_KNOTS('',1,1,(
    (#6701,#6702)
    ,(#6703,#6704
    )),.UNSPECIFIED.,.F.,.F.,.F.,(2,2),(2,2),(-0.,0.121516507678),(
    -9.999999999999E-04,0.),.PIECEWISE_BEZIER_KNOTS.);
#6701 = CARTESIAN_POINT('',(-0.261116680389,3.25,4.625114491719));
#6702 = CARTESIAN_POINT('',(-0.261116680389,3.251,4.625114491719));
#6703 = CARTESIAN_POINT('',(-0.261116680389,3.25,4.503597984041));
#6704 = CARTESIAN_POINT('',(-0.261116680389,3.251,4.503597984041));
#6705 = ADVANCED_FACE('',(#6706),#6712,.F.);
#6706 = FACE_BOUND('',#6707,.F.);
#6707 = EDGE_LOOP('',(#6708,#6709,#6710,#6711));
#6708 = ORIENTED_EDGE('',*,*,#6694,.F.);
#6709 = ORIENTED_EDGE('',*,*,#6192,.T.);
#6710 = ORIENTED_EDGE('',*,*,#6469,.T.);
#6711 = ORIENTED_EDGE('',*,*,#6288,.F.);
#6712 = B_SPLINE_SURFACE_WITH_KNOTS('',3,1,(
    (#6713,#6714)
    ,(#6715,#6716)
    ,(#6717,#6718)
    ,(#6719,#6720
    )),.UNSPECIFIED.,.F.,.F.,.F.,(4,4),(2,2),(1.,2.),(0.,1.),
  .PIECEWISE_BEZIER_KNOTS.);
#6713 = CARTESIAN_POINT('',(-0.261116680389,3.251,4.625114491719));
#6714 = CARTESIAN_POINT('',(-0.261116680389,3.25,4.625114491719));
#6715 = CARTESIAN_POINT('',(-0.261116680389,3.251,4.672964151029));
#6716 = CARTESIAN_POINT('',(-0.261116680389,3.25,4.672964151029));
#6717 = CARTESIAN_POINT('',(-0.238340783232,3.251,4.696753812155));
#6718 = CARTESIAN_POINT('',(-0.238340783232,3.25,4.696753812155));
#6719 = CARTESIAN_POINT('',(-0.192856573183,3.251,4.696753812155));
#6720 = CARTESIAN_POINT('',(-0.192856573183,3.25,4.696753812155));
#6721 = ADVANCED_FACE('',(#6722),#6736,.T.);
#6722 = FACE_BOUND('',#6723,.T.);
#6723 = EDGE_LOOP('',(#6724,#6725,#6730,#6731));
#6724 = ORIENTED_EDGE('',*,*,#6393,.F.);
#6725 = ORIENTED_EDGE('',*,*,#6726,.F.);
#6726 = EDGE_CURVE('',#6213,#6394,#6727,.T.);
#6727 = B_SPLINE_CURVE_WITH_KNOTS('',1,(#6728,#6729),.UNSPECIFIED.,.F.,
  .F.,(2,2),(-0.,9.999999999999E-04),.PIECEWISE_BEZIER_KNOTS.);
#6728 = CARTESIAN_POINT('',(-0.183800281731,3.251,4.592403707673));
#6729 = CARTESIAN_POINT('',(-0.183800281731,3.25,4.592403707673));
#6730 = ORIENTED_EDGE('',*,*,#6212,.T.);
#6731 = ORIENTED_EDGE('',*,*,#6732,.T.);
#6732 = EDGE_CURVE('',#6202,#6396,#6733,.T.);
#6733 = B_SPLINE_CURVE_WITH_KNOTS('',1,(#6734,#6735),.UNSPECIFIED.,.F.,
  .F.,(2,2),(-0.,9.999999999999E-04),.PIECEWISE_BEZIER_KNOTS.);
#6734 = CARTESIAN_POINT('',(-0.15176534033,3.251,4.580779214167));
#6735 = CARTESIAN_POINT('',(-0.15176534033,3.25,4.580779214167));
#6736 = B_SPLINE_SURFACE_WITH_KNOTS('',3,1,(
    (#6737,#6738)
    ,(#6739,#6740)
    ,(#6741,#6742)
    ,(#6743,#6744
    )),.UNSPECIFIED.,.F.,.F.,.F.,(4,4),(2,2),(0.,1.),(0.,1.),
  .PIECEWISE_BEZIER_KNOTS.);
#6737 = CARTESIAN_POINT('',(-0.183800281731,3.251,4.592403707673));
#6738 = CARTESIAN_POINT('',(-0.183800281731,3.25,4.592403707673));
#6739 = CARTESIAN_POINT('',(-0.168323485148,3.251,4.590241011206));
#6740 = CARTESIAN_POINT('',(-0.168323485148,3.25,4.590241011206));
#6741 = CARTESIAN_POINT('',(-0.157645171347,3.251,4.586456292391));
#6742 = CARTESIAN_POINT('',(-0.157645171347,3.25,4.586456292391));
#6743 = CARTESIAN_POINT('',(-0.15176534033,3.251,4.580779214167));
#6744 = CARTESIAN_POINT('',(-0.15176534033,3.25,4.580779214167));
#6745 = ADVANCED_FACE('',(#6746),#6756,.T.);
#6746 = FACE_BOUND('',#6747,.T.);
#6747 = EDGE_LOOP('',(#6748,#6749,#6750,#6751));
#6748 = ORIENTED_EDGE('',*,*,#6404,.F.);
#6749 = ORIENTED_EDGE('',*,*,#6732,.F.);
#6750 = ORIENTED_EDGE('',*,*,#6201,.T.);
#6751 = ORIENTED_EDGE('',*,*,#6752,.T.);
#6752 = EDGE_CURVE('',#6204,#6405,#6753,.T.);
#6753 = B_SPLINE_CURVE_WITH_KNOTS('',1,(#6754,#6755),.UNSPECIFIED.,.F.,
  .F.,(2,2),(-0.,9.999999999999E-04),.PIECEWISE_BEZIER_KNOTS.);
#6754 = CARTESIAN_POINT('',(-0.142979385937,3.251,4.556854384513));
#6755 = CARTESIAN_POINT('',(-0.142979385937,3.25,4.556854384513));
#6756 = B_SPLINE_SURFACE_WITH_KNOTS('',3,1,(
    (#6757,#6758)
    ,(#6759,#6760)
    ,(#6761,#6762)
    ,(#6763,#6764
    )),.UNSPECIFIED.,.F.,.F.,.F.,(4,4),(2,2),(1.,2.),(0.,1.),
  .PIECEWISE_BEZIER_KNOTS.);
#6757 = CARTESIAN_POINT('',(-0.15176534033,3.251,4.580779214167));
#6758 = CARTESIAN_POINT('',(-0.15176534033,3.25,4.580779214167));
#6759 = CARTESIAN_POINT('',(-0.145953093577,3.251,4.575102135945));
#6760 = CARTESIAN_POINT('',(-0.145953093577,3.25,4.575102135945));
#6761 = CARTESIAN_POINT('',(-0.142979385937,3.251,4.567127192727));
#6762 = CARTESIAN_POINT('',(-0.142979385937,3.25,4.567127192727));
#6763 = CARTESIAN_POINT('',(-0.142979385937,3.251,4.556854384513));
#6764 = CARTESIAN_POINT('',(-0.142979385937,3.25,4.556854384513));
#6765 = ADVANCED_FACE('',(#6766),#6776,.T.);
#6766 = FACE_BOUND('',#6767,.T.);
#6767 = EDGE_LOOP('',(#6768,#6769,#6770,#6771));
#6768 = ORIENTED_EDGE('',*,*,#6413,.F.);
#6769 = ORIENTED_EDGE('',*,*,#6752,.F.);
#6770 = ORIENTED_EDGE('',*,*,#6262,.T.);
#6771 = ORIENTED_EDGE('',*,*,#6772,.T.);
#6772 = EDGE_CURVE('',#6254,#6414,#6773,.T.);
#6773 = B_SPLINE_CURVE_WITH_KNOTS('',1,(#6774,#6775),.UNSPECIFIED.,.F.,
  .F.,(2,2),(-0.,9.999999999999E-04),.PIECEWISE_BEZIER_KNOTS.);
#6774 = CARTESIAN_POINT('',(-0.152576351505,3.251,4.534821914266));
#6775 = CARTESIAN_POINT('',(-0.152576351505,3.25,4.534821914266));
#6776 = B_SPLINE_SURFACE_WITH_KNOTS('',3,1,(
    (#6777,#6778)
    ,(#6779,#6780)
    ,(#6781,#6782)
    ,(#6783,#6784
    )),.UNSPECIFIED.,.F.,.F.,.F.,(4,4),(2,2),(2.,3.),(0.,1.),
  .PIECEWISE_BEZIER_KNOTS.);
#6777 = CARTESIAN_POINT('',(-0.142979385937,3.251,4.556854384513));
#6778 = CARTESIAN_POINT('',(-0.142979385937,3.25,4.556854384513));
#6779 = CARTESIAN_POINT('',(-0.142979385937,3.251,4.547798093063));
#6780 = CARTESIAN_POINT('',(-0.142979385937,3.25,4.547798093063));
#6781 = CARTESIAN_POINT('',(-0.146155846372,3.251,4.54049899249));
#6782 = CARTESIAN_POINT('',(-0.146155846372,3.25,4.54049899249));
#6783 = CARTESIAN_POINT('',(-0.152576351505,3.251,4.534821914266));
#6784 = CARTESIAN_POINT('',(-0.152576351505,3.25,4.534821914266));
#6785 = ADVANCED_FACE('',(#6786),#6796,.T.);
#6786 = FACE_BOUND('',#6787,.T.);
#6787 = EDGE_LOOP('',(#6788,#6789,#6790,#6791));
#6788 = ORIENTED_EDGE('',*,*,#6422,.F.);
#6789 = ORIENTED_EDGE('',*,*,#6772,.F.);
#6790 = ORIENTED_EDGE('',*,*,#6253,.T.);
#6791 = ORIENTED_EDGE('',*,*,#6792,.T.);
#6792 = EDGE_CURVE('',#6245,#6423,#6793,.T.);
#6793 = B_SPLINE_CURVE_WITH_KNOTS('',1,(#6794,#6795),.UNSPECIFIED.,.F.,
  .F.,(2,2),(-0.,9.999999999999E-04),.PIECEWISE_BEZIER_KNOTS.);
#6794 = CARTESIAN_POINT('',(-0.177852866451,3.251,4.526306296932));
#6795 = CARTESIAN_POINT('',(-0.177852866451,3.25,4.526306296932));
#6796 = B_SPLINE_SURFACE_WITH_KNOTS('',3,1,(
    (#6797,#6798)
    ,(#6799,#6800)
    ,(#6801,#6802)
    ,(#6803,#6804
    )),.UNSPECIFIED.,.F.,.F.,.F.,(4,4),(2,2),(3.,4.),(0.,1.),
  .PIECEWISE_BEZIER_KNOTS.);
#6797 = CARTESIAN_POINT('',(-0.152576351505,3.251,4.534821914266));
#6798 = CARTESIAN_POINT('',(-0.152576351505,3.25,4.534821914266));
#6799 = CARTESIAN_POINT('',(-0.158929272374,3.251,4.529144836044));
#6800 = CARTESIAN_POINT('',(-0.158929272374,3.25,4.529144836044));
#6801 = CARTESIAN_POINT('',(-0.167377305443,3.251,4.526306296932));
#6802 = CARTESIAN_POINT('',(-0.167377305443,3.25,4.526306296932));
#6803 = CARTESIAN_POINT('',(-0.177852866451,3.251,4.526306296932));
#6804 = CARTESIAN_POINT('',(-0.177852866451,3.25,4.526306296932));
#6805 = ADVANCED_FACE('',(#6806),#6816,.T.);
#6806 = FACE_BOUND('',#6807,.T.);
#6807 = EDGE_LOOP('',(#6808,#6809,#6810,#6811));
#6808 = ORIENTED_EDGE('',*,*,#6431,.F.);
#6809 = ORIENTED_EDGE('',*,*,#6792,.F.);
#6810 = ORIENTED_EDGE('',*,*,#6244,.T.);
#6811 = ORIENTED_EDGE('',*,*,#6812,.T.);
#6812 = EDGE_CURVE('',#6236,#6432,#6813,.T.);
#6813 = B_SPLINE_CURVE_WITH_KNOTS('',1,(#6814,#6815),.UNSPECIFIED.,.F.,
  .F.,(2,2),(-0.,9.999999999999E-04),.PIECEWISE_BEZIER_KNOTS.);
#6814 = CARTESIAN_POINT('',(-0.213807695196,3.251,4.541715509253));
#6815 = CARTESIAN_POINT('',(-0.213807695196,3.25,4.541715509253));
#6816 = B_SPLINE_SURFACE_WITH_KNOTS('',3,1,(
    (#6817,#6818)
    ,(#6819,#6820)
    ,(#6821,#6822)
    ,(#6823,#6824
    )),.UNSPECIFIED.,.F.,.F.,.F.,(4,4),(2,2),(4.,5.),(0.,1.),
  .PIECEWISE_BEZIER_KNOTS.);
#6817 = CARTESIAN_POINT('',(-0.177852866451,3.251,4.526306296932));
#6818 = CARTESIAN_POINT('',(-0.177852866451,3.25,4.526306296932));
#6819 = CARTESIAN_POINT('',(-0.192383483331,3.251,4.526306296932));
#6820 = CARTESIAN_POINT('',(-0.192383483331,3.25,4.526306296932));
#6821 = CARTESIAN_POINT('',(-0.204413482422,3.251,4.531442701039));
#6822 = CARTESIAN_POINT('',(-0.204413482422,3.25,4.531442701039));
#6823 = CARTESIAN_POINT('',(-0.213807695196,3.251,4.541715509253));
#6824 = CARTESIAN_POINT('',(-0.213807695196,3.25,4.541715509253));
#6825 = ADVANCED_FACE('',(#6826),#6836,.T.);
#6826 = FACE_BOUND('',#6827,.T.);
#6827 = EDGE_LOOP('',(#6828,#6829,#6830,#6831));
#6828 = ORIENTED_EDGE('',*,*,#6440,.F.);
#6829 = ORIENTED_EDGE('',*,*,#6812,.F.);
#6830 = ORIENTED_EDGE('',*,*,#6235,.T.);
#6831 = ORIENTED_EDGE('',*,*,#6832,.T.);
#6832 = EDGE_CURVE('',#6229,#6441,#6833,.T.);
#6833 = B_SPLINE_CURVE_WITH_KNOTS('',1,(#6834,#6835),.UNSPECIFIED.,.F.,
  .F.,(2,2),(-0.,9.999999999999E-04),.PIECEWISE_BEZIER_KNOTS.);
#6834 = CARTESIAN_POINT('',(-0.228000390754,3.251,4.580238540052));
#6835 = CARTESIAN_POINT('',(-0.228000390754,3.25,4.580238540052));
#6836 = B_SPLINE_SURFACE_WITH_KNOTS('',3,1,(
    (#6837,#6838)
    ,(#6839,#6840)
    ,(#6841,#6842)
    ,(#6843,#6844
    )),.UNSPECIFIED.,.F.,.F.,.F.,(4,4),(2,2),(5.,6.),(0.,1.),
  .PIECEWISE_BEZIER_KNOTS.);
#6837 = CARTESIAN_POINT('',(-0.213807695196,3.251,4.541715509253));
#6838 = CARTESIAN_POINT('',(-0.213807695196,3.25,4.541715509253));
#6839 = CARTESIAN_POINT('',(-0.223269492235,3.251,4.551853148936));
#6840 = CARTESIAN_POINT('',(-0.223269492235,3.25,4.551853148936));
#6841 = CARTESIAN_POINT('',(-0.228000390754,3.251,4.564694159202));
#6842 = CARTESIAN_POINT('',(-0.228000390754,3.25,4.564694159202));
#6843 = CARTESIAN_POINT('',(-0.228000390754,3.251,4.580238540052));
#6844 = CARTESIAN_POINT('',(-0.228000390754,3.25,4.580238540052));
#6845 = ADVANCED_FACE('',(#6846),#6856,.T.);
#6846 = FACE_BOUND('',#6847,.T.);
#6847 = EDGE_LOOP('',(#6848,#6849,#6850,#6851));
#6848 = ORIENTED_EDGE('',*,*,#6449,.F.);
#6849 = ORIENTED_EDGE('',*,*,#6832,.F.);
#6850 = ORIENTED_EDGE('',*,*,#6228,.T.);
#6851 = ORIENTED_EDGE('',*,*,#6852,.T.);
#6852 = EDGE_CURVE('',#6222,#6450,#6853,.T.);
#6853 = B_SPLINE_CURVE_WITH_KNOTS('',1,(#6854,#6855),.UNSPECIFIED.,.F.,
  .F.,(2,2),(-0.,9.999999999999E-04),.PIECEWISE_BEZIER_KNOTS.);
#6854 = CARTESIAN_POINT('',(-0.228000390754,3.251,4.598351122955));
#6855 = CARTESIAN_POINT('',(-0.228000390754,3.25,4.598351122955));
#6856 = B_SPLINE_SURFACE_WITH_KNOTS('',1,1,(
    (#6857,#6858)
    ,(#6859,#6860
    )),.UNSPECIFIED.,.F.,.F.,.F.,(2,2),(2,2),(-1.811258290322E-02,0.),(
    -9.999999999999E-04,0.),.PIECEWISE_BEZIER_KNOTS.);
#6857 = CARTESIAN_POINT('',(-0.228000390754,3.25,4.598351122955));
#6858 = CARTESIAN_POINT('',(-0.228000390754,3.251,4.598351122955));
#6859 = CARTESIAN_POINT('',(-0.228000390754,3.25,4.580238540052));
#6860 = CARTESIAN_POINT('',(-0.228000390754,3.251,4.580238540052));
#6861 = ADVANCED_FACE('',(#6862),#6868,.T.);
#6862 = FACE_BOUND('',#6863,.T.);
#6863 = EDGE_LOOP('',(#6864,#6865,#6866,#6867));
#6864 = ORIENTED_EDGE('',*,*,#6456,.F.);
#6865 = ORIENTED_EDGE('',*,*,#6852,.F.);
#6866 = ORIENTED_EDGE('',*,*,#6221,.T.);
#6867 = ORIENTED_EDGE('',*,*,#6726,.T.);
#6868 = B_SPLINE_SURFACE_WITH_KNOTS('',1,1,(
    (#6869,#6870)
    ,(#6871,#6872
    )),.UNSPECIFIED.,.F.,.F.,.F.,(2,2),(2,2),(-4.459844600605E-02,0.),(
    -9.999999999999E-04,0.),.PIECEWISE_BEZIER_KNOTS.);
#6869 = CARTESIAN_POINT('',(-0.183800281731,3.25,4.592403707673));
#6870 = CARTESIAN_POINT('',(-0.183800281731,3.251,4.592403707673));
#6871 = CARTESIAN_POINT('',(-0.228000390754,3.25,4.598351122955));
#6872 = CARTESIAN_POINT('',(-0.228000390754,3.251,4.598351122955));
#6873 = MANIFOLD_SOLID_BREP('',#6874);
#6874 = CLOSED_SHELL('',(#6875,#6919,#6947,#6983,#7019,#7055,#7091,#7127
    ,#7163,#7199,#7235,#7271,#7307,#7335,#7371,#7407,#7443,#7479,#7515,
    #7551,#7587,#7615,#7644));
#6875 = ADVANCED_FACE('',(#6876),#6910,.F.);
#6876 = FACE_BOUND('',#6877,.F.);
#6877 = EDGE_LOOP('',(#6878,#6887,#6896,#6903));
#6878 = ORIENTED_EDGE('',*,*,#6879,.F.);
#6879 = EDGE_CURVE('',#6880,#6882,#6884,.T.);
#6880 = VERTEX_POINT('',#6881);
#6881 = CARTESIAN_POINT('',(-0.360465549293,3.251,4.526171128403));
#6882 = VERTEX_POINT('',#6883);
#6883 = CARTESIAN_POINT('',(-0.360465549293,3.25,4.526171128403));
#6884 = B_SPLINE_CURVE_WITH_KNOTS('',1,(#6885,#6886),.UNSPECIFIED.,.F.,
  .F.,(2,2),(-0.,9.999999999999E-04),.PIECEWISE_BEZIER_KNOTS.);
#6885 = CARTESIAN_POINT('',(-0.360465549293,3.251,4.526171128403));
#6886 = CARTESIAN_POINT('',(-0.360465549293,3.25,4.526171128403));
#6887 = ORIENTED_EDGE('',*,*,#6888,.T.);
#6888 = EDGE_CURVE('',#6880,#6889,#6891,.T.);
#6889 = VERTEX_POINT('',#6890);
#6890 = CARTESIAN_POINT('',(-0.305992632057,3.251,4.544418879834));
#6891 = B_SPLINE_CURVE_WITH_KNOTS('',3,(#6892,#6893,#6894,#6895),
  .UNSPECIFIED.,.F.,.F.,(4,4),(0.,1.),.PIECEWISE_BEZIER_KNOTS.);
#6892 = CARTESIAN_POINT('',(-0.360465549293,3.251,4.526171128403));
#6893 = CARTESIAN_POINT('',(-0.3410012811,3.251,4.526171128403));
#6894 = CARTESIAN_POINT('',(-0.322888698197,3.251,4.532253712214));
#6895 = CARTESIAN_POINT('',(-0.305992632057,3.251,4.544418879834));
#6896 = ORIENTED_EDGE('',*,*,#6897,.T.);
#6897 = EDGE_CURVE('',#6889,#6898,#6900,.T.);
#6898 = VERTEX_POINT('',#6899);
#6899 = CARTESIAN_POINT('',(-0.305992632057,3.25,4.544418879834));
#6900 = B_SPLINE_CURVE_WITH_KNOTS('',1,(#6901,#6902),.UNSPECIFIED.,.F.,
  .F.,(2,2),(-0.,9.999999999999E-04),.PIECEWISE_BEZIER_KNOTS.);
#6901 = CARTESIAN_POINT('',(-0.305992632057,3.251,4.544418879834));
#6902 = CARTESIAN_POINT('',(-0.305992632057,3.25,4.544418879834));
#6903 = ORIENTED_EDGE('',*,*,#6904,.F.);
#6904 = EDGE_CURVE('',#6882,#6898,#6905,.T.);
#6905 = B_SPLINE_CURVE_WITH_KNOTS('',3,(#6906,#6907,#6908,#6909),
  .UNSPECIFIED.,.F.,.F.,(4,4),(0.,1.),.PIECEWISE_BEZIER_KNOTS.);
#6906 = CARTESIAN_POINT('',(-0.360465549293,3.25,4.526171128403));
#6907 = CARTESIAN_POINT('',(-0.3410012811,3.25,4.526171128403));
#6908 = CARTESIAN_POINT('',(-0.322888698197,3.25,4.532253712214));
#6909 = CARTESIAN_POINT('',(-0.305992632057,3.25,4.544418879834));
#6910 = B_SPLINE_SURFACE_WITH_KNOTS('',3,1,(
    (#6911,#6912)
    ,(#6913,#6914)
    ,(#6915,#6916)
    ,(#6917,#6918
    )),.UNSPECIFIED.,.F.,.F.,.F.,(4,4),(2,2),(0.,1.),(0.,1.),
  .PIECEWISE_BEZIER_KNOTS.);
#6911 = CARTESIAN_POINT('',(-0.360465549293,3.251,4.526171128403));
#6912 = CARTESIAN_POINT('',(-0.360465549293,3.25,4.526171128403));
#6913 = CARTESIAN_POINT('',(-0.3410012811,3.251,4.526171128403));
#6914 = CARTESIAN_POINT('',(-0.3410012811,3.25,4.526171128403));
#6915 = CARTESIAN_POINT('',(-0.322888698197,3.251,4.532253712214));
#6916 = CARTESIAN_POINT('',(-0.322888698197,3.25,4.532253712214));
#6917 = CARTESIAN_POINT('',(-0.305992632057,3.251,4.544418879834));
#6918 = CARTESIAN_POINT('',(-0.305992632057,3.25,4.544418879834));
#6919 = ADVANCED_FACE('',(#6920),#6942,.F.);
#6920 = FACE_BOUND('',#6921,.T.);
#6921 = EDGE_LOOP('',(#6922,#6929,#6936,#6941));
#6922 = ORIENTED_EDGE('',*,*,#6923,.T.);
#6923 = EDGE_CURVE('',#6898,#6924,#6926,.T.);
#6924 = VERTEX_POINT('',#6925);
#6925 = CARTESIAN_POINT('',(-0.305992632057,3.25,4.510221241967));
#6926 = B_SPLINE_CURVE_WITH_KNOTS('',1,(#6927,#6928),.UNSPECIFIED.,.F.,
  .F.,(2,2),(-3.419763786653E-02,-0.),.PIECEWISE_BEZIER_KNOTS.);
#6927 = CARTESIAN_POINT('',(-0.305992632057,3.25,4.544418879834));
#6928 = CARTESIAN_POINT('',(-0.305992632057,3.25,4.510221241967));
#6929 = ORIENTED_EDGE('',*,*,#6930,.F.);
#6930 = EDGE_CURVE('',#6931,#6924,#6933,.T.);
#6931 = VERTEX_POINT('',#6932);
#6932 = CARTESIAN_POINT('',(-0.305992632057,3.251,4.510221241967));
#6933 = B_SPLINE_CURVE_WITH_KNOTS('',1,(#6934,#6935),.UNSPECIFIED.,.F.,
  .F.,(2,2),(-0.,9.999999999999E-04),.PIECEWISE_BEZIER_KNOTS.);
#6934 = CARTESIAN_POINT('',(-0.305992632057,3.251,4.510221241967));
#6935 = CARTESIAN_POINT('',(-0.305992632057,3.25,4.510221241967));
#6936 = ORIENTED_EDGE('',*,*,#6937,.F.);
#6937 = EDGE_CURVE('',#6889,#6931,#6938,.T.);
#6938 = B_SPLINE_CURVE_WITH_KNOTS('',1,(#6939,#6940),.UNSPECIFIED.,.F.,
  .F.,(2,2),(-3.419763786653E-02,-0.),.PIECEWISE_BEZIER_KNOTS.);
#6939 = CARTESIAN_POINT('',(-0.305992632057,3.251,4.544418879834));
#6940 = CARTESIAN_POINT('',(-0.305992632057,3.251,4.510221241967));
#6941 = ORIENTED_EDGE('',*,*,#6897,.T.);
#6942 = B_SPLINE_SURFACE_WITH_KNOTS('',1,1,(
    (#6943,#6944)
    ,(#6945,#6946
    )),.UNSPECIFIED.,.F.,.F.,.F.,(2,2),(2,2),(0.,3.419763786653E-02),(
    -9.999999999999E-04,0.),.PIECEWISE_BEZIER_KNOTS.);
#6943 = CARTESIAN_POINT('',(-0.305992632057,3.25,4.510221241967));
#6944 = CARTESIAN_POINT('',(-0.305992632057,3.251,4.510221241967));
#6945 = CARTESIAN_POINT('',(-0.305992632057,3.25,4.544418879834));
#6946 = CARTESIAN_POINT('',(-0.305992632057,3.251,4.544418879834));
#6947 = ADVANCED_FACE('',(#6948),#6974,.F.);
#6948 = FACE_BOUND('',#6949,.F.);
#6949 = EDGE_LOOP('',(#6950,#6951,#6960,#6967));
#6950 = ORIENTED_EDGE('',*,*,#6930,.F.);
#6951 = ORIENTED_EDGE('',*,*,#6952,.T.);
#6952 = EDGE_CURVE('',#6931,#6953,#6955,.T.);
#6953 = VERTEX_POINT('',#6954);
#6954 = CARTESIAN_POINT('',(-0.357221504595,3.251,4.499137422579));
#6955 = B_SPLINE_CURVE_WITH_KNOTS('',3,(#6956,#6957,#6958,#6959),
  .UNSPECIFIED.,.F.,.F.,(4,4),(19.,20.),.PIECEWISE_BEZIER_KNOTS.);
#6956 = CARTESIAN_POINT('',(-0.305992632057,3.251,4.510221241967));
#6957 = CARTESIAN_POINT('',(-0.320590833202,3.251,4.502922141394));
#6958 = CARTESIAN_POINT('',(-0.337622067872,3.251,4.499137422579));
#6959 = CARTESIAN_POINT('',(-0.357221504595,3.251,4.499137422579));
#6960 = ORIENTED_EDGE('',*,*,#6961,.T.);
#6961 = EDGE_CURVE('',#6953,#6962,#6964,.T.);
#6962 = VERTEX_POINT('',#6963);
#6963 = CARTESIAN_POINT('',(-0.357221504595,3.25,4.499137422579));
#6964 = B_SPLINE_CURVE_WITH_KNOTS('',1,(#6965,#6966),.UNSPECIFIED.,.F.,
  .F.,(2,2),(-0.,9.999999999999E-04),.PIECEWISE_BEZIER_KNOTS.);
#6965 = CARTESIAN_POINT('',(-0.357221504595,3.251,4.499137422579));
#6966 = CARTESIAN_POINT('',(-0.357221504595,3.25,4.499137422579));
#6967 = ORIENTED_EDGE('',*,*,#6968,.F.);
#6968 = EDGE_CURVE('',#6924,#6962,#6969,.T.);
#6969 = B_SPLINE_CURVE_WITH_KNOTS('',3,(#6970,#6971,#6972,#6973),
  .UNSPECIFIED.,.F.,.F.,(4,4),(19.,20.),.PIECEWISE_BEZIER_KNOTS.);
#6970 = CARTESIAN_POINT('',(-0.305992632057,3.25,4.510221241967));
#6971 = CARTESIAN_POINT('',(-0.320590833202,3.25,4.502922141394));
#6972 = CARTESIAN_POINT('',(-0.337622067872,3.25,4.499137422579));
#6973 = CARTESIAN_POINT('',(-0.357221504595,3.25,4.499137422579));
#6974 = B_SPLINE_SURFACE_WITH_KNOTS('',3,1,(
    (#6975,#6976)
    ,(#6977,#6978)
    ,(#6979,#6980)
    ,(#6981,#6982
    )),.UNSPECIFIED.,.F.,.F.,.F.,(4,4),(2,2),(19.,20.),(0.,1.),
  .PIECEWISE_BEZIER_KNOTS.);
#6975 = CARTESIAN_POINT('',(-0.305992632057,3.251,4.510221241967));
#6976 = CARTESIAN_POINT('',(-0.305992632057,3.25,4.510221241967));
#6977 = CARTESIAN_POINT('',(-0.320590833202,3.251,4.502922141394));
#6978 = CARTESIAN_POINT('',(-0.320590833202,3.25,4.502922141394));
#6979 = CARTESIAN_POINT('',(-0.337622067872,3.251,4.499137422579));
#6980 = CARTESIAN_POINT('',(-0.337622067872,3.25,4.499137422579));
#6981 = CARTESIAN_POINT('',(-0.357221504595,3.251,4.499137422579));
#6982 = CARTESIAN_POINT('',(-0.357221504595,3.25,4.499137422579));
#6983 = ADVANCED_FACE('',(#6984),#7010,.F.);
#6984 = FACE_BOUND('',#6985,.F.);
#6985 = EDGE_LOOP('',(#6986,#6987,#6996,#7003));
#6986 = ORIENTED_EDGE('',*,*,#6961,.F.);
#6987 = ORIENTED_EDGE('',*,*,#6988,.T.);
#6988 = EDGE_CURVE('',#6953,#6989,#6991,.T.);
#6989 = VERTEX_POINT('',#6990);
#6990 = CARTESIAN_POINT('',(-0.412235095946,3.251,4.514141129311));
#6991 = B_SPLINE_CURVE_WITH_KNOTS('',3,(#6992,#6993,#6994,#6995),
  .UNSPECIFIED.,.F.,.F.,(4,4),(18.,19.),.PIECEWISE_BEZIER_KNOTS.);
#6992 = CARTESIAN_POINT('',(-0.357221504595,3.251,4.499137422579));
#6993 = CARTESIAN_POINT('',(-0.379727064693,3.251,4.499137422579));
#6994 = CARTESIAN_POINT('',(-0.398109984653,3.251,4.504138658157));
#6995 = CARTESIAN_POINT('',(-0.412235095946,3.251,4.514141129311));
#6996 = ORIENTED_EDGE('',*,*,#6997,.T.);
#6997 = EDGE_CURVE('',#6989,#6998,#7000,.T.);
#6998 = VERTEX_POINT('',#6999);
#6999 = CARTESIAN_POINT('',(-0.412235095946,3.25,4.514141129311));
#7000 = B_SPLINE_CURVE_WITH_KNOTS('',1,(#7001,#7002),.UNSPECIFIED.,.F.,
  .F.,(2,2),(-0.,9.999999999999E-04),.PIECEWISE_BEZIER_KNOTS.);
#7001 = CARTESIAN_POINT('',(-0.412235095946,3.251,4.514141129311));
#7002 = CARTESIAN_POINT('',(-0.412235095946,3.25,4.514141129311));
#7003 = ORIENTED_EDGE('',*,*,#7004,.F.);
#7004 = EDGE_CURVE('',#6962,#6998,#7005,.T.);
#7005 = B_SPLINE_CURVE_WITH_KNOTS('',3,(#7006,#7007,#7008,#7009),
  .UNSPECIFIED.,.F.,.F.,(4,4),(18.,19.),.PIECEWISE_BEZIER_KNOTS.);
#7006 = CARTESIAN_POINT('',(-0.357221504595,3.25,4.499137422579));
#7007 = CARTESIAN_POINT('',(-0.379727064693,3.25,4.499137422579));
#7008 = CARTESIAN_POINT('',(-0.398109984653,3.25,4.504138658157));
#7009 = CARTESIAN_POINT('',(-0.412235095946,3.25,4.514141129311));
#7010 = B_SPLINE_SURFACE_WITH_KNOTS('',3,1,(
    (#7011,#7012)
    ,(#7013,#7014)
    ,(#7015,#7016)
    ,(#7017,#7018
    )),.UNSPECIFIED.,.F.,.F.,.F.,(4,4),(2,2),(18.,19.),(0.,1.),
  .PIECEWISE_BEZIER_KNOTS.);
#7011 = CARTESIAN_POINT('',(-0.357221504595,3.251,4.499137422579));
#7012 = CARTESIAN_POINT('',(-0.357221504595,3.25,4.499137422579));
#7013 = CARTESIAN_POINT('',(-0.379727064693,3.251,4.499137422579));
#7014 = CARTESIAN_POINT('',(-0.379727064693,3.25,4.499137422579));
#7015 = CARTESIAN_POINT('',(-0.398109984653,3.251,4.504138658157));
#7016 = CARTESIAN_POINT('',(-0.398109984653,3.25,4.504138658157));
#7017 = CARTESIAN_POINT('',(-0.412235095946,3.251,4.514141129311));
#7018 = CARTESIAN_POINT('',(-0.412235095946,3.25,4.514141129311));
#7019 = ADVANCED_FACE('',(#7020),#7046,.F.);
#7020 = FACE_BOUND('',#7021,.F.);
#7021 = EDGE_LOOP('',(#7022,#7023,#7032,#7039));
#7022 = ORIENTED_EDGE('',*,*,#6997,.F.);
#7023 = ORIENTED_EDGE('',*,*,#7024,.T.);
#7024 = EDGE_CURVE('',#6989,#7025,#7027,.T.);
#7025 = VERTEX_POINT('',#7026);
#7026 = CARTESIAN_POINT('',(-0.433524139283,3.251,4.554962025106));
#7027 = B_SPLINE_CURVE_WITH_KNOTS('',3,(#7028,#7029,#7030,#7031),
  .UNSPECIFIED.,.F.,.F.,(4,4),(17.,18.),.PIECEWISE_BEZIER_KNOTS.);
#7028 = CARTESIAN_POINT('',(-0.412235095946,3.251,4.514141129311));
#7029 = CARTESIAN_POINT('',(-0.426427791504,3.251,4.524008431938));
#7030 = CARTESIAN_POINT('',(-0.433524139283,3.251,4.537660453378));
#7031 = CARTESIAN_POINT('',(-0.433524139283,3.251,4.554962025106));
#7032 = ORIENTED_EDGE('',*,*,#7033,.T.);
#7033 = EDGE_CURVE('',#7025,#7034,#7036,.T.);
#7034 = VERTEX_POINT('',#7035);
#7035 = CARTESIAN_POINT('',(-0.433524139283,3.25,4.554962025106));
#7036 = B_SPLINE_CURVE_WITH_KNOTS('',1,(#7037,#7038),.UNSPECIFIED.,.F.,
  .F.,(2,2),(-0.,9.999999999999E-04),.PIECEWISE_BEZIER_KNOTS.);
#7037 = CARTESIAN_POINT('',(-0.433524139283,3.251,4.554962025106));
#7038 = CARTESIAN_POINT('',(-0.433524139283,3.25,4.554962025106));
#7039 = ORIENTED_EDGE('',*,*,#7040,.F.);
#7040 = EDGE_CURVE('',#6998,#7034,#7041,.T.);
#7041 = B_SPLINE_CURVE_WITH_KNOTS('',3,(#7042,#7043,#7044,#7045),
  .UNSPECIFIED.,.F.,.F.,(4,4),(17.,18.),.PIECEWISE_BEZIER_KNOTS.);
#7042 = CARTESIAN_POINT('',(-0.412235095946,3.25,4.514141129311));
#7043 = CARTESIAN_POINT('',(-0.426427791504,3.25,4.524008431938));
#7044 = CARTESIAN_POINT('',(-0.433524139283,3.25,4.537660453378));
#7045 = CARTESIAN_POINT('',(-0.433524139283,3.25,4.554962025106));
#7046 = B_SPLINE_SURFACE_WITH_KNOTS('',3,1,(
    (#7047,#7048)
    ,(#7049,#7050)
    ,(#7051,#7052)
    ,(#7053,#7054
    )),.UNSPECIFIED.,.F.,.F.,.F.,(4,4),(2,2),(17.,18.),(0.,1.),
  .PIECEWISE_BEZIER_KNOTS.);
#7047 = CARTESIAN_POINT('',(-0.412235095946,3.251,4.514141129311));
#7048 = CARTESIAN_POINT('',(-0.412235095946,3.25,4.514141129311));
#7049 = CARTESIAN_POINT('',(-0.426427791504,3.251,4.524008431938));
#7050 = CARTESIAN_POINT('',(-0.426427791504,3.25,4.524008431938));
#7051 = CARTESIAN_POINT('',(-0.433524139283,3.251,4.537660453378));
#7052 = CARTESIAN_POINT('',(-0.433524139283,3.25,4.537660453378));
#7053 = CARTESIAN_POINT('',(-0.433524139283,3.251,4.554962025106));
#7054 = CARTESIAN_POINT('',(-0.433524139283,3.25,4.554962025106));
#7055 = ADVANCED_FACE('',(#7056),#7082,.F.);
#7056 = FACE_BOUND('',#7057,.F.);
#7057 = EDGE_LOOP('',(#7058,#7059,#7068,#7075));
#7058 = ORIENTED_EDGE('',*,*,#7033,.F.);
#7059 = ORIENTED_EDGE('',*,*,#7060,.T.);
#7060 = EDGE_CURVE('',#7025,#7061,#7063,.T.);
#7061 = VERTEX_POINT('',#7062);
#7062 = CARTESIAN_POINT('',(-0.422440319895,3.251,4.586185955333));
#7063 = B_SPLINE_CURVE_WITH_KNOTS('',3,(#7064,#7065,#7066,#7067),
  .UNSPECIFIED.,.F.,.F.,(4,4),(16.,17.),.PIECEWISE_BEZIER_KNOTS.);
#7064 = CARTESIAN_POINT('',(-0.433524139283,3.251,4.554962025106));
#7065 = CARTESIAN_POINT('',(-0.433524139283,3.251,4.567397529785));
#7066 = CARTESIAN_POINT('',(-0.429807004732,3.251,4.577805506528));
#7067 = CARTESIAN_POINT('',(-0.422440319895,3.251,4.586185955333));
#7068 = ORIENTED_EDGE('',*,*,#7069,.T.);
#7069 = EDGE_CURVE('',#7061,#7070,#7072,.T.);
#7070 = VERTEX_POINT('',#7071);
#7071 = CARTESIAN_POINT('',(-0.422440319895,3.25,4.586185955333));
#7072 = B_SPLINE_CURVE_WITH_KNOTS('',1,(#7073,#7074),.UNSPECIFIED.,.F.,
  .F.,(2,2),(-0.,9.999999999999E-04),.PIECEWISE_BEZIER_KNOTS.);
#7073 = CARTESIAN_POINT('',(-0.422440319895,3.251,4.586185955333));
#7074 = CARTESIAN_POINT('',(-0.422440319895,3.25,4.586185955333));
#7075 = ORIENTED_EDGE('',*,*,#7076,.F.);
#7076 = EDGE_CURVE('',#7034,#7070,#7077,.T.);
#7077 = B_SPLINE_CURVE_WITH_KNOTS('',3,(#7078,#7079,#7080,#7081),
  .UNSPECIFIED.,.F.,.F.,(4,4),(16.,17.),.PIECEWISE_BEZIER_KNOTS.);
#7078 = CARTESIAN_POINT('',(-0.433524139283,3.25,4.554962025106));
#7079 = CARTESIAN_POINT('',(-0.433524139283,3.25,4.567397529785));
#7080 = CARTESIAN_POINT('',(-0.429807004732,3.25,4.577805506528));
#7081 = CARTESIAN_POINT('',(-0.422440319895,3.25,4.586185955333));
#7082 = B_SPLINE_SURFACE_WITH_KNOTS('',3,1,(
    (#7083,#7084)
    ,(#7085,#7086)
    ,(#7087,#7088)
    ,(#7089,#7090
    )),.UNSPECIFIED.,.F.,.F.,.F.,(4,4),(2,2),(16.,17.),(0.,1.),
  .PIECEWISE_BEZIER_KNOTS.);
#7083 = CARTESIAN_POINT('',(-0.433524139283,3.251,4.554962025106));
#7084 = CARTESIAN_POINT('',(-0.433524139283,3.25,4.554962025106));
#7085 = CARTESIAN_POINT('',(-0.433524139283,3.251,4.567397529785));
#7086 = CARTESIAN_POINT('',(-0.433524139283,3.25,4.567397529785));
#7087 = CARTESIAN_POINT('',(-0.429807004732,3.251,4.577805506528));
#7088 = CARTESIAN_POINT('',(-0.429807004732,3.25,4.577805506528));
#7089 = CARTESIAN_POINT('',(-0.422440319895,3.251,4.586185955333));
#7090 = CARTESIAN_POINT('',(-0.422440319895,3.25,4.586185955333));
#7091 = ADVANCED_FACE('',(#7092),#7118,.F.);
#7092 = FACE_BOUND('',#7093,.F.);
#7093 = EDGE_LOOP('',(#7094,#7095,#7104,#7111));
#7094 = ORIENTED_EDGE('',*,*,#7069,.F.);
#7095 = ORIENTED_EDGE('',*,*,#7096,.T.);
#7096 = EDGE_CURVE('',#7061,#7097,#7099,.T.);
#7097 = VERTEX_POINT('',#7098);
#7098 = CARTESIAN_POINT('',(-0.379727064693,3.251,4.610651459103));
#7099 = B_SPLINE_CURVE_WITH_KNOTS('',3,(#7100,#7101,#7102,#7103),
  .UNSPECIFIED.,.F.,.F.,(4,4),(15.,16.),.PIECEWISE_BEZIER_KNOTS.);
#7100 = CARTESIAN_POINT('',(-0.422440319895,3.251,4.586185955333));
#7101 = CARTESIAN_POINT('',(-0.415006050794,3.251,4.594566404138));
#7102 = CARTESIAN_POINT('',(-0.400813355236,3.251,4.602811684414));
#7103 = CARTESIAN_POINT('',(-0.379727064693,3.251,4.610651459103));
#7104 = ORIENTED_EDGE('',*,*,#7105,.T.);
#7105 = EDGE_CURVE('',#7097,#7106,#7108,.T.);
#7106 = VERTEX_POINT('',#7107);
#7107 = CARTESIAN_POINT('',(-0.379727064693,3.25,4.610651459103));
#7108 = B_SPLINE_CURVE_WITH_KNOTS('',1,(#7109,#7110),.UNSPECIFIED.,.F.,
  .F.,(2,2),(-0.,9.999999999999E-04),.PIECEWISE_BEZIER_KNOTS.);
#7109 = CARTESIAN_POINT('',(-0.379727064693,3.251,4.610651459103));
#7110 = CARTESIAN_POINT('',(-0.379727064693,3.25,4.610651459103));
#7111 = ORIENTED_EDGE('',*,*,#7112,.F.);
#7112 = EDGE_CURVE('',#7070,#7106,#7113,.T.);
#7113 = B_SPLINE_CURVE_WITH_KNOTS('',3,(#7114,#7115,#7116,#7117),
  .UNSPECIFIED.,.F.,.F.,(4,4),(15.,16.),.PIECEWISE_BEZIER_KNOTS.);
#7114 = CARTESIAN_POINT('',(-0.422440319895,3.25,4.586185955333));
#7115 = CARTESIAN_POINT('',(-0.415006050794,3.25,4.594566404138));
#7116 = CARTESIAN_POINT('',(-0.400813355236,3.25,4.602811684414));
#7117 = CARTESIAN_POINT('',(-0.379727064693,3.25,4.610651459103));
#7118 = B_SPLINE_SURFACE_WITH_KNOTS('',3,1,(
    (#7119,#7120)
    ,(#7121,#7122)
    ,(#7123,#7124)
    ,(#7125,#7126
    )),.UNSPECIFIED.,.F.,.F.,.F.,(4,4),(2,2),(15.,16.),(0.,1.),
  .PIECEWISE_BEZIER_KNOTS.);
#7119 = CARTESIAN_POINT('',(-0.422440319895,3.251,4.586185955333));
#7120 = CARTESIAN_POINT('',(-0.422440319895,3.25,4.586185955333));
#7121 = CARTESIAN_POINT('',(-0.415006050794,3.251,4.594566404138));
#7122 = CARTESIAN_POINT('',(-0.415006050794,3.25,4.594566404138));
#7123 = CARTESIAN_POINT('',(-0.400813355236,3.251,4.602811684414));
#7124 = CARTESIAN_POINT('',(-0.400813355236,3.25,4.602811684414));
#7125 = CARTESIAN_POINT('',(-0.379727064693,3.251,4.610651459103));
#7126 = CARTESIAN_POINT('',(-0.379727064693,3.25,4.610651459103));
#7127 = ADVANCED_FACE('',(#7128),#7154,.F.);
#7128 = FACE_BOUND('',#7129,.F.);
#7129 = EDGE_LOOP('',(#7130,#7131,#7140,#7147));
#7130 = ORIENTED_EDGE('',*,*,#7105,.F.);
#7131 = ORIENTED_EDGE('',*,*,#7132,.T.);
#7132 = EDGE_CURVE('',#7097,#7133,#7135,.T.);
#7133 = VERTEX_POINT('',#7134);
#7134 = CARTESIAN_POINT('',(-0.347556954762,3.251,4.626871682599));
#7135 = B_SPLINE_CURVE_WITH_KNOTS('',3,(#7136,#7137,#7138,#7139),
  .UNSPECIFIED.,.F.,.F.,(4,4),(14.,15.),.PIECEWISE_BEZIER_KNOTS.);
#7136 = CARTESIAN_POINT('',(-0.379727064693,3.251,4.610651459103));
#7137 = CARTESIAN_POINT('',(-0.363101335611,3.251,4.617139548501));
#7138 = CARTESIAN_POINT('',(-0.352423021811,3.251,4.622546289667));
#7139 = CARTESIAN_POINT('',(-0.347556954762,3.251,4.626871682599));
#7140 = ORIENTED_EDGE('',*,*,#7141,.T.);
#7141 = EDGE_CURVE('',#7133,#7142,#7144,.T.);
#7142 = VERTEX_POINT('',#7143);
#7143 = CARTESIAN_POINT('',(-0.347556954762,3.25,4.626871682599));
#7144 = B_SPLINE_CURVE_WITH_KNOTS('',1,(#7145,#7146),.UNSPECIFIED.,.F.,
  .F.,(2,2),(-0.,9.999999999999E-04),.PIECEWISE_BEZIER_KNOTS.);
#7145 = CARTESIAN_POINT('',(-0.347556954762,3.251,4.626871682599));
#7146 = CARTESIAN_POINT('',(-0.347556954762,3.25,4.626871682599));
#7147 = ORIENTED_EDGE('',*,*,#7148,.F.);
#7148 = EDGE_CURVE('',#7106,#7142,#7149,.T.);
#7149 = B_SPLINE_CURVE_WITH_KNOTS('',3,(#7150,#7151,#7152,#7153),
  .UNSPECIFIED.,.F.,.F.,(4,4),(14.,15.),.PIECEWISE_BEZIER_KNOTS.);
#7150 = CARTESIAN_POINT('',(-0.379727064693,3.25,4.610651459103));
#7151 = CARTESIAN_POINT('',(-0.363101335611,3.25,4.617139548501));
#7152 = CARTESIAN_POINT('',(-0.352423021811,3.25,4.622546289667));
#7153 = CARTESIAN_POINT('',(-0.347556954762,3.25,4.626871682599));
#7154 = B_SPLINE_SURFACE_WITH_KNOTS('',3,1,(
    (#7155,#7156)
    ,(#7157,#7158)
    ,(#7159,#7160)
    ,(#7161,#7162
    )),.UNSPECIFIED.,.F.,.F.,.F.,(4,4),(2,2),(14.,15.),(0.,1.),
  .PIECEWISE_BEZIER_KNOTS.);
#7155 = CARTESIAN_POINT('',(-0.379727064693,3.251,4.610651459103));
#7156 = CARTESIAN_POINT('',(-0.379727064693,3.25,4.610651459103));
#7157 = CARTESIAN_POINT('',(-0.363101335611,3.251,4.617139548501));
#7158 = CARTESIAN_POINT('',(-0.363101335611,3.25,4.617139548501));
#7159 = CARTESIAN_POINT('',(-0.352423021811,3.251,4.622546289667));
#7160 = CARTESIAN_POINT('',(-0.352423021811,3.25,4.622546289667));
#7161 = CARTESIAN_POINT('',(-0.347556954762,3.251,4.626871682599));
#7162 = CARTESIAN_POINT('',(-0.347556954762,3.25,4.626871682599));
#7163 = ADVANCED_FACE('',(#7164),#7190,.F.);
#7164 = FACE_BOUND('',#7165,.F.);
#7165 = EDGE_LOOP('',(#7166,#7167,#7176,#7183));
#7166 = ORIENTED_EDGE('',*,*,#7141,.F.);
#7167 = ORIENTED_EDGE('',*,*,#7168,.T.);
#7168 = EDGE_CURVE('',#7133,#7169,#7171,.T.);
#7169 = VERTEX_POINT('',#7170);
#7170 = CARTESIAN_POINT('',(-0.340325438454,3.251,4.644443591385));
#7171 = B_SPLINE_CURVE_WITH_KNOTS('',3,(#7172,#7173,#7174,#7175),
  .UNSPECIFIED.,.F.,.F.,(4,4),(13.,14.),.PIECEWISE_BEZIER_KNOTS.);
#7172 = CARTESIAN_POINT('',(-0.347556954762,3.251,4.626871682599));
#7173 = CARTESIAN_POINT('',(-0.342758471978,3.251,4.631061907001));
#7174 = CARTESIAN_POINT('',(-0.340325438454,3.251,4.636874153754));
#7175 = CARTESIAN_POINT('',(-0.340325438454,3.251,4.644443591385));
#7176 = ORIENTED_EDGE('',*,*,#7177,.T.);
#7177 = EDGE_CURVE('',#7169,#7178,#7180,.T.);
#7178 = VERTEX_POINT('',#7179);
#7179 = CARTESIAN_POINT('',(-0.340325438454,3.25,4.644443591385));
#7180 = B_SPLINE_CURVE_WITH_KNOTS('',1,(#7181,#7182),.UNSPECIFIED.,.F.,
  .F.,(2,2),(-0.,9.999999999999E-04),.PIECEWISE_BEZIER_KNOTS.);
#7181 = CARTESIAN_POINT('',(-0.340325438454,3.251,4.644443591385));
#7182 = CARTESIAN_POINT('',(-0.340325438454,3.25,4.644443591385));
#7183 = ORIENTED_EDGE('',*,*,#7184,.F.);
#7184 = EDGE_CURVE('',#7142,#7178,#7185,.T.);
#7185 = B_SPLINE_CURVE_WITH_KNOTS('',3,(#7186,#7187,#7188,#7189),
  .UNSPECIFIED.,.F.,.F.,(4,4),(13.,14.),.PIECEWISE_BEZIER_KNOTS.);
#7186 = CARTESIAN_POINT('',(-0.347556954762,3.25,4.626871682599));
#7187 = CARTESIAN_POINT('',(-0.342758471978,3.25,4.631061907001));
#7188 = CARTESIAN_POINT('',(-0.340325438454,3.25,4.636874153754));
#7189 = CARTESIAN_POINT('',(-0.340325438454,3.25,4.644443591385));
#7190 = B_SPLINE_SURFACE_WITH_KNOTS('',3,1,(
    (#7191,#7192)
    ,(#7193,#7194)
    ,(#7195,#7196)
    ,(#7197,#7198
    )),.UNSPECIFIED.,.F.,.F.,.F.,(4,4),(2,2),(13.,14.),(0.,1.),
  .PIECEWISE_BEZIER_KNOTS.);
#7191 = CARTESIAN_POINT('',(-0.347556954762,3.251,4.626871682599));
#7192 = CARTESIAN_POINT('',(-0.347556954762,3.25,4.626871682599));
#7193 = CARTESIAN_POINT('',(-0.342758471978,3.251,4.631061907001));
#7194 = CARTESIAN_POINT('',(-0.342758471978,3.25,4.631061907001));
#7195 = CARTESIAN_POINT('',(-0.340325438454,3.251,4.636874153754));
#7196 = CARTESIAN_POINT('',(-0.340325438454,3.25,4.636874153754));
#7197 = CARTESIAN_POINT('',(-0.340325438454,3.251,4.644443591385));
#7198 = CARTESIAN_POINT('',(-0.340325438454,3.25,4.644443591385));
#7199 = ADVANCED_FACE('',(#7200),#7226,.F.);
#7200 = FACE_BOUND('',#7201,.F.);
#7201 = EDGE_LOOP('',(#7202,#7203,#7212,#7219));
#7202 = ORIENTED_EDGE('',*,*,#7177,.F.);
#7203 = ORIENTED_EDGE('',*,*,#7204,.T.);
#7204 = EDGE_CURVE('',#7169,#7205,#7207,.T.);
#7205 = VERTEX_POINT('',#7206);
#7206 = CARTESIAN_POINT('',(-0.350395493874,3.251,4.662826511344));
#7207 = B_SPLINE_CURVE_WITH_KNOTS('',3,(#7208,#7209,#7210,#7211),
  .UNSPECIFIED.,.F.,.F.,(4,4),(12.,13.),.PIECEWISE_BEZIER_KNOTS.);
#7208 = CARTESIAN_POINT('',(-0.340325438454,3.251,4.644443591385));
#7209 = CARTESIAN_POINT('',(-0.340325438454,3.251,4.652013029014));
#7210 = CARTESIAN_POINT('',(-0.343704651683,3.251,4.658230781354));
#7211 = CARTESIAN_POINT('',(-0.350395493874,3.251,4.662826511344));
#7212 = ORIENTED_EDGE('',*,*,#7213,.T.);
#7213 = EDGE_CURVE('',#7205,#7214,#7216,.T.);
#7214 = VERTEX_POINT('',#7215);
#7215 = CARTESIAN_POINT('',(-0.350395493874,3.25,4.662826511344));
#7216 = B_SPLINE_CURVE_WITH_KNOTS('',1,(#7217,#7218),.UNSPECIFIED.,.F.,
  .F.,(2,2),(-0.,9.999999999999E-04),.PIECEWISE_BEZIER_KNOTS.);
#7217 = CARTESIAN_POINT('',(-0.350395493874,3.251,4.662826511344));
#7218 = CARTESIAN_POINT('',(-0.350395493874,3.25,4.662826511344));
#7219 = ORIENTED_EDGE('',*,*,#7220,.F.);
#7220 = EDGE_CURVE('',#7178,#7214,#7221,.T.);
#7221 = B_SPLINE_CURVE_WITH_KNOTS('',3,(#7222,#7223,#7224,#7225),
  .UNSPECIFIED.,.F.,.F.,(4,4),(12.,13.),.PIECEWISE_BEZIER_KNOTS.);
#7222 = CARTESIAN_POINT('',(-0.340325438454,3.25,4.644443591385));
#7223 = CARTESIAN_POINT('',(-0.340325438454,3.25,4.652013029014));
#7224 = CARTESIAN_POINT('',(-0.343704651683,3.25,4.658230781354));
#7225 = CARTESIAN_POINT('',(-0.350395493874,3.25,4.662826511344));
#7226 = B_SPLINE_SURFACE_WITH_KNOTS('',3,1,(
    (#7227,#7228)
    ,(#7229,#7230)
    ,(#7231,#7232)
    ,(#7233,#7234
    )),.UNSPECIFIED.,.F.,.F.,.F.,(4,4),(2,2),(12.,13.),(0.,1.),
  .PIECEWISE_BEZIER_KNOTS.);
#7227 = CARTESIAN_POINT('',(-0.340325438454,3.251,4.644443591385));
#7228 = CARTESIAN_POINT('',(-0.340325438454,3.25,4.644443591385));
#7229 = CARTESIAN_POINT('',(-0.340325438454,3.251,4.652013029014));
#7230 = CARTESIAN_POINT('',(-0.340325438454,3.25,4.652013029014));
#7231 = CARTESIAN_POINT('',(-0.343704651683,3.251,4.658230781354));
#7232 = CARTESIAN_POINT('',(-0.343704651683,3.25,4.658230781354));
#7233 = CARTESIAN_POINT('',(-0.350395493874,3.251,4.662826511344));
#7234 = CARTESIAN_POINT('',(-0.350395493874,3.25,4.662826511344));
#7235 = ADVANCED_FACE('',(#7236),#7262,.F.);
#7236 = FACE_BOUND('',#7237,.F.);
#7237 = EDGE_LOOP('',(#7238,#7239,#7248,#7255));
#7238 = ORIENTED_EDGE('',*,*,#7213,.F.);
#7239 = ORIENTED_EDGE('',*,*,#7240,.T.);
#7240 = EDGE_CURVE('',#7205,#7241,#7243,.T.);
#7241 = VERTEX_POINT('',#7242);
#7242 = CARTESIAN_POINT('',(-0.376483019994,3.251,4.669855274859));
#7243 = B_SPLINE_CURVE_WITH_KNOTS('',3,(#7244,#7245,#7246,#7247),
  .UNSPECIFIED.,.F.,.F.,(4,4),(11.,12.),.PIECEWISE_BEZIER_KNOTS.);
#7244 = CARTESIAN_POINT('',(-0.350395493874,3.251,4.662826511344));
#7245 = CARTESIAN_POINT('',(-0.357086336065,3.251,4.667557409863));
#7246 = CARTESIAN_POINT('',(-0.365804706194,3.251,4.669855274859));
#7247 = CARTESIAN_POINT('',(-0.376483019994,3.251,4.669855274859));
#7248 = ORIENTED_EDGE('',*,*,#7249,.T.);
#7249 = EDGE_CURVE('',#7241,#7250,#7252,.T.);
#7250 = VERTEX_POINT('',#7251);
#7251 = CARTESIAN_POINT('',(-0.376483019994,3.25,4.669855274859));
#7252 = B_SPLINE_CURVE_WITH_KNOTS('',1,(#7253,#7254),.UNSPECIFIED.,.F.,
  .F.,(2,2),(-0.,9.999999999999E-04),.PIECEWISE_BEZIER_KNOTS.);
#7253 = CARTESIAN_POINT('',(-0.376483019994,3.251,4.669855274859));
#7254 = CARTESIAN_POINT('',(-0.376483019994,3.25,4.669855274859));
#7255 = ORIENTED_EDGE('',*,*,#7256,.F.);
#7256 = EDGE_CURVE('',#7214,#7250,#7257,.T.);
#7257 = B_SPLINE_CURVE_WITH_KNOTS('',3,(#7258,#7259,#7260,#7261),
  .UNSPECIFIED.,.F.,.F.,(4,4),(11.,12.),.PIECEWISE_BEZIER_KNOTS.);
#7258 = CARTESIAN_POINT('',(-0.350395493874,3.25,4.662826511344));
#7259 = CARTESIAN_POINT('',(-0.357086336065,3.25,4.667557409863));
#7260 = CARTESIAN_POINT('',(-0.365804706194,3.25,4.669855274859));
#7261 = CARTESIAN_POINT('',(-0.376483019994,3.25,4.669855274859));
#7262 = B_SPLINE_SURFACE_WITH_KNOTS('',3,1,(
    (#7263,#7264)
    ,(#7265,#7266)
    ,(#7267,#7268)
    ,(#7269,#7270
    )),.UNSPECIFIED.,.F.,.F.,.F.,(4,4),(2,2),(11.,12.),(0.,1.),
  .PIECEWISE_BEZIER_KNOTS.);
#7263 = CARTESIAN_POINT('',(-0.350395493874,3.251,4.662826511344));
#7264 = CARTESIAN_POINT('',(-0.350395493874,3.25,4.662826511344));
#7265 = CARTESIAN_POINT('',(-0.357086336065,3.251,4.667557409863));
#7266 = CARTESIAN_POINT('',(-0.357086336065,3.25,4.667557409863));
#7267 = CARTESIAN_POINT('',(-0.365804706194,3.251,4.669855274859));
#7268 = CARTESIAN_POINT('',(-0.365804706194,3.25,4.669855274859));
#7269 = CARTESIAN_POINT('',(-0.376483019994,3.251,4.669855274859));
#7270 = CARTESIAN_POINT('',(-0.376483019994,3.25,4.669855274859));
#7271 = ADVANCED_FACE('',(#7272),#7298,.F.);
#7272 = FACE_BOUND('',#7273,.F.);
#7273 = EDGE_LOOP('',(#7274,#7275,#7284,#7291));
#7274 = ORIENTED_EDGE('',*,*,#7249,.F.);
#7275 = ORIENTED_EDGE('',*,*,#7276,.T.);
#7276 = EDGE_CURVE('',#7241,#7277,#7279,.T.);
#7277 = VERTEX_POINT('',#7278);
#7278 = CARTESIAN_POINT('',(-0.424467847832,3.251,4.656203253418));
#7279 = B_SPLINE_CURVE_WITH_KNOTS('',3,(#7280,#7281,#7282,#7283),
  .UNSPECIFIED.,.F.,.F.,(4,4),(10.,11.),.PIECEWISE_BEZIER_KNOTS.);
#7280 = CARTESIAN_POINT('',(-0.376483019994,3.251,4.669855274859));
#7281 = CARTESIAN_POINT('',(-0.394392850103,3.251,4.669855274859));
#7282 = CARTESIAN_POINT('',(-0.410342736539,3.251,4.665259544869));
#7283 = CARTESIAN_POINT('',(-0.424467847832,3.251,4.656203253418));
#7284 = ORIENTED_EDGE('',*,*,#7285,.T.);
#7285 = EDGE_CURVE('',#7277,#7286,#7288,.T.);
#7286 = VERTEX_POINT('',#7287);
#7287 = CARTESIAN_POINT('',(-0.424467847832,3.25,4.656203253418));
#7288 = B_SPLINE_CURVE_WITH_KNOTS('',1,(#7289,#7290),.UNSPECIFIED.,.F.,
  .F.,(2,2),(-0.,9.999999999999E-04),.PIECEWISE_BEZIER_KNOTS.);
#7289 = CARTESIAN_POINT('',(-0.424467847832,3.251,4.656203253418));
#7290 = CARTESIAN_POINT('',(-0.424467847832,3.25,4.656203253418));
#7291 = ORIENTED_EDGE('',*,*,#7292,.F.);
#7292 = EDGE_CURVE('',#7250,#7286,#7293,.T.);
#7293 = B_SPLINE_CURVE_WITH_KNOTS('',3,(#7294,#7295,#7296,#7297),
  .UNSPECIFIED.,.F.,.F.,(4,4),(10.,11.),.PIECEWISE_BEZIER_KNOTS.);
#7294 = CARTESIAN_POINT('',(-0.376483019994,3.25,4.669855274859));
#7295 = CARTESIAN_POINT('',(-0.394392850103,3.25,4.669855274859));
#7296 = CARTESIAN_POINT('',(-0.410342736539,3.25,4.665259544869));
#7297 = CARTESIAN_POINT('',(-0.424467847832,3.25,4.656203253418));
#7298 = B_SPLINE_SURFACE_WITH_KNOTS('',3,1,(
    (#7299,#7300)
    ,(#7301,#7302)
    ,(#7303,#7304)
    ,(#7305,#7306
    )),.UNSPECIFIED.,.F.,.F.,.F.,(4,4),(2,2),(10.,11.),(0.,1.),
  .PIECEWISE_BEZIER_KNOTS.);
#7299 = CARTESIAN_POINT('',(-0.376483019994,3.251,4.669855274859));
#7300 = CARTESIAN_POINT('',(-0.376483019994,3.25,4.669855274859));
#7301 = CARTESIAN_POINT('',(-0.394392850103,3.251,4.669855274859));
#7302 = CARTESIAN_POINT('',(-0.394392850103,3.25,4.669855274859));
#7303 = CARTESIAN_POINT('',(-0.410342736539,3.251,4.665259544869));
#7304 = CARTESIAN_POINT('',(-0.410342736539,3.25,4.665259544869));
#7305 = CARTESIAN_POINT('',(-0.424467847832,3.251,4.656203253418));
#7306 = CARTESIAN_POINT('',(-0.424467847832,3.25,4.656203253418));
#7307 = ADVANCED_FACE('',(#7308),#7330,.F.);
#7308 = FACE_BOUND('',#7309,.T.);
#7309 = EDGE_LOOP('',(#7310,#7317,#7324,#7329));
#7310 = ORIENTED_EDGE('',*,*,#7311,.T.);
#7311 = EDGE_CURVE('',#7286,#7312,#7314,.T.);
#7312 = VERTEX_POINT('',#7313);
#7313 = CARTESIAN_POINT('',(-0.424467847832,3.25,4.688373363348));
#7314 = B_SPLINE_CURVE_WITH_KNOTS('',1,(#7315,#7316),.UNSPECIFIED.,.F.,
  .F.,(2,2),(-3.217010993022E-02,0.),.PIECEWISE_BEZIER_KNOTS.);
#7315 = CARTESIAN_POINT('',(-0.424467847832,3.25,4.656203253418));
#7316 = CARTESIAN_POINT('',(-0.424467847832,3.25,4.688373363348));
#7317 = ORIENTED_EDGE('',*,*,#7318,.F.);
#7318 = EDGE_CURVE('',#7319,#7312,#7321,.T.);
#7319 = VERTEX_POINT('',#7320);
#7320 = CARTESIAN_POINT('',(-0.424467847832,3.251,4.688373363348));
#7321 = B_SPLINE_CURVE_WITH_KNOTS('',1,(#7322,#7323),.UNSPECIFIED.,.F.,
  .F.,(2,2),(-0.,9.999999999999E-04),.PIECEWISE_BEZIER_KNOTS.);
#7322 = CARTESIAN_POINT('',(-0.424467847832,3.251,4.688373363348));
#7323 = CARTESIAN_POINT('',(-0.424467847832,3.25,4.688373363348));
#7324 = ORIENTED_EDGE('',*,*,#7325,.F.);
#7325 = EDGE_CURVE('',#7277,#7319,#7326,.T.);
#7326 = B_SPLINE_CURVE_WITH_KNOTS('',1,(#7327,#7328),.UNSPECIFIED.,.F.,
  .F.,(2,2),(-3.217010993022E-02,0.),.PIECEWISE_BEZIER_KNOTS.);
#7327 = CARTESIAN_POINT('',(-0.424467847832,3.251,4.656203253418));
#7328 = CARTESIAN_POINT('',(-0.424467847832,3.251,4.688373363348));
#7329 = ORIENTED_EDGE('',*,*,#7285,.T.);
#7330 = B_SPLINE_SURFACE_WITH_KNOTS('',1,1,(
    (#7331,#7332)
    ,(#7333,#7334
    )),.UNSPECIFIED.,.F.,.F.,.F.,(2,2),(2,2),(-0.,3.217010993022E-02),(
    -9.999999999999E-04,0.),.PIECEWISE_BEZIER_KNOTS.);
#7331 = CARTESIAN_POINT('',(-0.424467847832,3.25,4.688373363348));
#7332 = CARTESIAN_POINT('',(-0.424467847832,3.251,4.688373363348));
#7333 = CARTESIAN_POINT('',(-0.424467847832,3.25,4.656203253418));
#7334 = CARTESIAN_POINT('',(-0.424467847832,3.251,4.656203253418));
#7335 = ADVANCED_FACE('',(#7336),#7362,.F.);
#7336 = FACE_BOUND('',#7337,.F.);
#7337 = EDGE_LOOP('',(#7338,#7339,#7348,#7355));
#7338 = ORIENTED_EDGE('',*,*,#7318,.F.);
#7339 = ORIENTED_EDGE('',*,*,#7340,.T.);
#7340 = EDGE_CURVE('',#7319,#7341,#7343,.T.);
#7341 = VERTEX_POINT('',#7342);
#7342 = CARTESIAN_POINT('',(-0.379727064693,3.251,4.696753812155));
#7343 = B_SPLINE_CURVE_WITH_KNOTS('',3,(#7344,#7345,#7346,#7347),
  .UNSPECIFIED.,.F.,.F.,(4,4),(8.,9.),.PIECEWISE_BEZIER_KNOTS.);
#7344 = CARTESIAN_POINT('',(-0.424467847832,3.251,4.688373363348));
#7345 = CARTESIAN_POINT('',(-0.410680657861,3.251,4.694050441572));
#7346 = CARTESIAN_POINT('',(-0.395812119658,3.251,4.696753812155));
#7347 = CARTESIAN_POINT('',(-0.379727064693,3.251,4.696753812155));
#7348 = ORIENTED_EDGE('',*,*,#7349,.T.);
#7349 = EDGE_CURVE('',#7341,#7350,#7352,.T.);
#7350 = VERTEX_POINT('',#7351);
#7351 = CARTESIAN_POINT('',(-0.379727064693,3.25,4.696753812155));
#7352 = B_SPLINE_CURVE_WITH_KNOTS('',1,(#7353,#7354),.UNSPECIFIED.,.F.,
  .F.,(2,2),(-0.,9.999999999999E-04),.PIECEWISE_BEZIER_KNOTS.);
#7353 = CARTESIAN_POINT('',(-0.379727064693,3.251,4.696753812155));
#7354 = CARTESIAN_POINT('',(-0.379727064693,3.25,4.696753812155));
#7355 = ORIENTED_EDGE('',*,*,#7356,.F.);
#7356 = EDGE_CURVE('',#7312,#7350,#7357,.T.);
#7357 = B_SPLINE_CURVE_WITH_KNOTS('',3,(#7358,#7359,#7360,#7361),
  .UNSPECIFIED.,.F.,.F.,(4,4),(8.,9.),.PIECEWISE_BEZIER_KNOTS.);
#7358 = CARTESIAN_POINT('',(-0.424467847832,3.25,4.688373363348));
#7359 = CARTESIAN_POINT('',(-0.410680657861,3.25,4.694050441572));
#7360 = CARTESIAN_POINT('',(-0.395812119658,3.25,4.696753812155));
#7361 = CARTESIAN_POINT('',(-0.379727064693,3.25,4.696753812155));
#7362 = B_SPLINE_SURFACE_WITH_KNOTS('',3,1,(
    (#7363,#7364)
    ,(#7365,#7366)
    ,(#7367,#7368)
    ,(#7369,#7370
    )),.UNSPECIFIED.,.F.,.F.,.F.,(4,4),(2,2),(8.,9.),(0.,1.),
  .PIECEWISE_BEZIER_KNOTS.);
#7363 = CARTESIAN_POINT('',(-0.424467847832,3.251,4.688373363348));
#7364 = CARTESIAN_POINT('',(-0.424467847832,3.25,4.688373363348));
#7365 = CARTESIAN_POINT('',(-0.410680657861,3.251,4.694050441572));
#7366 = CARTESIAN_POINT('',(-0.410680657861,3.25,4.694050441572));
#7367 = CARTESIAN_POINT('',(-0.395812119658,3.251,4.696753812155));
#7368 = CARTESIAN_POINT('',(-0.395812119658,3.25,4.696753812155));
#7369 = CARTESIAN_POINT('',(-0.379727064693,3.251,4.696753812155));
#7370 = CARTESIAN_POINT('',(-0.379727064693,3.25,4.696753812155));
#7371 = ADVANCED_FACE('',(#7372),#7398,.F.);
#7372 = FACE_BOUND('',#7373,.F.);
#7373 = EDGE_LOOP('',(#7374,#7375,#7384,#7391));
#7374 = ORIENTED_EDGE('',*,*,#7349,.F.);
#7375 = ORIENTED_EDGE('',*,*,#7376,.T.);
#7376 = EDGE_CURVE('',#7341,#7377,#7379,.T.);
#7377 = VERTEX_POINT('',#7378);
#7378 = CARTESIAN_POINT('',(-0.327416843923,3.251,4.681750105421));
#7379 = B_SPLINE_CURVE_WITH_KNOTS('',3,(#7380,#7381,#7382,#7383),
  .UNSPECIFIED.,.F.,.F.,(4,4),(7.,8.),.PIECEWISE_BEZIER_KNOTS.);
#7380 = CARTESIAN_POINT('',(-0.379727064693,3.251,4.696753812155));
#7381 = CARTESIAN_POINT('',(-0.359046279737,3.251,4.696753812155));
#7382 = CARTESIAN_POINT('',(-0.341609539481,3.251,4.691752576577));
#7383 = CARTESIAN_POINT('',(-0.327416843923,3.251,4.681750105421));
#7384 = ORIENTED_EDGE('',*,*,#7385,.T.);
#7385 = EDGE_CURVE('',#7377,#7386,#7388,.T.);
#7386 = VERTEX_POINT('',#7387);
#7387 = CARTESIAN_POINT('',(-0.327416843923,3.25,4.681750105421));
#7388 = B_SPLINE_CURVE_WITH_KNOTS('',1,(#7389,#7390),.UNSPECIFIED.,.F.,
  .F.,(2,2),(-0.,9.999999999999E-04),.PIECEWISE_BEZIER_KNOTS.);
#7389 = CARTESIAN_POINT('',(-0.327416843923,3.251,4.681750105421));
#7390 = CARTESIAN_POINT('',(-0.327416843923,3.25,4.681750105421));
#7391 = ORIENTED_EDGE('',*,*,#7392,.F.);
#7392 = EDGE_CURVE('',#7350,#7386,#7393,.T.);
#7393 = B_SPLINE_CURVE_WITH_KNOTS('',3,(#7394,#7395,#7396,#7397),
  .UNSPECIFIED.,.F.,.F.,(4,4),(7.,8.),.PIECEWISE_BEZIER_KNOTS.);
#7394 = CARTESIAN_POINT('',(-0.379727064693,3.25,4.696753812155));
#7395 = CARTESIAN_POINT('',(-0.359046279737,3.25,4.696753812155));
#7396 = CARTESIAN_POINT('',(-0.341609539481,3.25,4.691752576577));
#7397 = CARTESIAN_POINT('',(-0.327416843923,3.25,4.681750105421));
#7398 = B_SPLINE_SURFACE_WITH_KNOTS('',3,1,(
    (#7399,#7400)
    ,(#7401,#7402)
    ,(#7403,#7404)
    ,(#7405,#7406
    )),.UNSPECIFIED.,.F.,.F.,.F.,(4,4),(2,2),(7.,8.),(0.,1.),
  .PIECEWISE_BEZIER_KNOTS.);
#7399 = CARTESIAN_POINT('',(-0.379727064693,3.251,4.696753812155));
#7400 = CARTESIAN_POINT('',(-0.379727064693,3.25,4.696753812155));
#7401 = CARTESIAN_POINT('',(-0.359046279737,3.251,4.696753812155));
#7402 = CARTESIAN_POINT('',(-0.359046279737,3.25,4.696753812155));
#7403 = CARTESIAN_POINT('',(-0.341609539481,3.251,4.691752576577));
#7404 = CARTESIAN_POINT('',(-0.341609539481,3.25,4.691752576577));
#7405 = CARTESIAN_POINT('',(-0.327416843923,3.251,4.681750105421));
#7406 = CARTESIAN_POINT('',(-0.327416843923,3.25,4.681750105421));
#7407 = ADVANCED_FACE('',(#7408),#7434,.F.);
#7408 = FACE_BOUND('',#7409,.F.);
#7409 = EDGE_LOOP('',(#7410,#7411,#7420,#7427));
#7410 = ORIENTED_EDGE('',*,*,#7385,.F.);
#7411 = ORIENTED_EDGE('',*,*,#7412,.T.);
#7412 = EDGE_CURVE('',#7377,#7413,#7415,.T.);
#7413 = VERTEX_POINT('',#7414);
#7414 = CARTESIAN_POINT('',(-0.306195384851,3.251,4.641469883744));
#7415 = B_SPLINE_CURVE_WITH_KNOTS('',3,(#7416,#7417,#7418,#7419),
  .UNSPECIFIED.,.F.,.F.,(4,4),(6.,7.),.PIECEWISE_BEZIER_KNOTS.);
#7416 = CARTESIAN_POINT('',(-0.327416843923,3.251,4.681750105421));
#7417 = CARTESIAN_POINT('',(-0.31329173263,3.251,4.671612465738));
#7418 = CARTESIAN_POINT('',(-0.306195384851,3.251,4.658230781354));
#7419 = CARTESIAN_POINT('',(-0.306195384851,3.251,4.641469883744));
#7420 = ORIENTED_EDGE('',*,*,#7421,.T.);
#7421 = EDGE_CURVE('',#7413,#7422,#7424,.T.);
#7422 = VERTEX_POINT('',#7423);
#7423 = CARTESIAN_POINT('',(-0.306195384851,3.25,4.641469883744));
#7424 = B_SPLINE_CURVE_WITH_KNOTS('',1,(#7425,#7426),.UNSPECIFIED.,.F.,
  .F.,(2,2),(-0.,9.999999999999E-04),.PIECEWISE_BEZIER_KNOTS.);
#7425 = CARTESIAN_POINT('',(-0.306195384851,3.251,4.641469883744));
#7426 = CARTESIAN_POINT('',(-0.306195384851,3.25,4.641469883744));
#7427 = ORIENTED_EDGE('',*,*,#7428,.F.);
#7428 = EDGE_CURVE('',#7386,#7422,#7429,.T.);
#7429 = B_SPLINE_CURVE_WITH_KNOTS('',3,(#7430,#7431,#7432,#7433),
  .UNSPECIFIED.,.F.,.F.,(4,4),(6.,7.),.PIECEWISE_BEZIER_KNOTS.);
#7430 = CARTESIAN_POINT('',(-0.327416843923,3.25,4.681750105421));
#7431 = CARTESIAN_POINT('',(-0.31329173263,3.25,4.671612465738));
#7432 = CARTESIAN_POINT('',(-0.306195384851,3.25,4.658230781354));
#7433 = CARTESIAN_POINT('',(-0.306195384851,3.25,4.641469883744));
#7434 = B_SPLINE_SURFACE_WITH_KNOTS('',3,1,(
    (#7435,#7436)
    ,(#7437,#7438)
    ,(#7439,#7440)
    ,(#7441,#7442
    )),.UNSPECIFIED.,.F.,.F.,.F.,(4,4),(2,2),(6.,7.),(0.,1.),
  .PIECEWISE_BEZIER_KNOTS.);
#7435 = CARTESIAN_POINT('',(-0.327416843923,3.251,4.681750105421));
#7436 = CARTESIAN_POINT('',(-0.327416843923,3.25,4.681750105421));
#7437 = CARTESIAN_POINT('',(-0.31329173263,3.251,4.671612465738));
#7438 = CARTESIAN_POINT('',(-0.31329173263,3.25,4.671612465738));
#7439 = CARTESIAN_POINT('',(-0.306195384851,3.251,4.658230781354));
#7440 = CARTESIAN_POINT('',(-0.306195384851,3.25,4.658230781354));
#7441 = CARTESIAN_POINT('',(-0.306195384851,3.251,4.641469883744));
#7442 = CARTESIAN_POINT('',(-0.306195384851,3.25,4.641469883744));
#7443 = ADVANCED_FACE('',(#7444),#7470,.F.);
#7444 = FACE_BOUND('',#7445,.F.);
#7445 = EDGE_LOOP('',(#7446,#7447,#7456,#7463));
#7446 = ORIENTED_EDGE('',*,*,#7421,.F.);
#7447 = ORIENTED_EDGE('',*,*,#7448,.T.);
#7448 = EDGE_CURVE('',#7413,#7449,#7451,.T.);
#7449 = VERTEX_POINT('',#7450);
#7450 = CARTESIAN_POINT('',(-0.315589597625,3.251,4.611597638808));
#7451 = B_SPLINE_CURVE_WITH_KNOTS('',3,(#7452,#7453,#7454,#7455),
  .UNSPECIFIED.,.F.,.F.,(4,4),(5.,6.),.PIECEWISE_BEZIER_KNOTS.);
#7452 = CARTESIAN_POINT('',(-0.306195384851,3.251,4.641469883744));
#7453 = CARTESIAN_POINT('',(-0.306195384851,3.251,4.629845390238));
#7454 = CARTESIAN_POINT('',(-0.309304261021,3.251,4.619842919084));
#7455 = CARTESIAN_POINT('',(-0.315589597625,3.251,4.611597638808));
#7456 = ORIENTED_EDGE('',*,*,#7457,.T.);
#7457 = EDGE_CURVE('',#7449,#7458,#7460,.T.);
#7458 = VERTEX_POINT('',#7459);
#7459 = CARTESIAN_POINT('',(-0.315589597625,3.25,4.611597638808));
#7460 = B_SPLINE_CURVE_WITH_KNOTS('',1,(#7461,#7462),.UNSPECIFIED.,.F.,
  .F.,(2,2),(-0.,9.999999999999E-04),.PIECEWISE_BEZIER_KNOTS.);
#7461 = CARTESIAN_POINT('',(-0.315589597625,3.251,4.611597638808));
#7462 = CARTESIAN_POINT('',(-0.315589597625,3.25,4.611597638808));
#7463 = ORIENTED_EDGE('',*,*,#7464,.F.);
#7464 = EDGE_CURVE('',#7422,#7458,#7465,.T.);
#7465 = B_SPLINE_CURVE_WITH_KNOTS('',3,(#7466,#7467,#7468,#7469),
  .UNSPECIFIED.,.F.,.F.,(4,4),(5.,6.),.PIECEWISE_BEZIER_KNOTS.);
#7466 = CARTESIAN_POINT('',(-0.306195384851,3.25,4.641469883744));
#7467 = CARTESIAN_POINT('',(-0.306195384851,3.25,4.629845390238));
#7468 = CARTESIAN_POINT('',(-0.309304261021,3.25,4.619842919084));
#7469 = CARTESIAN_POINT('',(-0.315589597625,3.25,4.611597638808));
#7470 = B_SPLINE_SURFACE_WITH_KNOTS('',3,1,(
    (#7471,#7472)
    ,(#7473,#7474)
    ,(#7475,#7476)
    ,(#7477,#7478
    )),.UNSPECIFIED.,.F.,.F.,.F.,(4,4),(2,2),(5.,6.),(0.,1.),
  .PIECEWISE_BEZIER_KNOTS.);
#7471 = CARTESIAN_POINT('',(-0.306195384851,3.251,4.641469883744));
#7472 = CARTESIAN_POINT('',(-0.306195384851,3.25,4.641469883744));
#7473 = CARTESIAN_POINT('',(-0.306195384851,3.251,4.629845390238));
#7474 = CARTESIAN_POINT('',(-0.306195384851,3.25,4.629845390238));
#7475 = CARTESIAN_POINT('',(-0.309304261021,3.251,4.619842919084));
#7476 = CARTESIAN_POINT('',(-0.309304261021,3.25,4.619842919084));
#7477 = CARTESIAN_POINT('',(-0.315589597625,3.251,4.611597638808));
#7478 = CARTESIAN_POINT('',(-0.315589597625,3.25,4.611597638808));
#7479 = ADVANCED_FACE('',(#7480),#7506,.F.);
#7480 = FACE_BOUND('',#7481,.F.);
#7481 = EDGE_LOOP('',(#7482,#7483,#7492,#7499));
#7482 = ORIENTED_EDGE('',*,*,#7457,.F.);
#7483 = ORIENTED_EDGE('',*,*,#7484,.T.);
#7484 = EDGE_CURVE('',#7449,#7485,#7487,.T.);
#7485 = VERTEX_POINT('',#7486);
#7486 = CARTESIAN_POINT('',(-0.356342909155,3.251,4.58659146092));
#7487 = B_SPLINE_CURVE_WITH_KNOTS('',3,(#7488,#7489,#7490,#7491),
  .UNSPECIFIED.,.F.,.F.,(4,4),(4.,5.),.PIECEWISE_BEZIER_KNOTS.);
#7488 = CARTESIAN_POINT('',(-0.315589597625,3.251,4.611597638808));
#7489 = CARTESIAN_POINT('',(-0.321807349965,3.251,4.603352358532));
#7490 = CARTESIAN_POINT('',(-0.335459371406,3.251,4.594971909725));
#7491 = CARTESIAN_POINT('',(-0.356342909155,3.251,4.58659146092));
#7492 = ORIENTED_EDGE('',*,*,#7493,.T.);
#7493 = EDGE_CURVE('',#7485,#7494,#7496,.T.);
#7494 = VERTEX_POINT('',#7495);
#7495 = CARTESIAN_POINT('',(-0.356342909155,3.25,4.58659146092));
#7496 = B_SPLINE_CURVE_WITH_KNOTS('',1,(#7497,#7498),.UNSPECIFIED.,.F.,
  .F.,(2,2),(-0.,9.999999999999E-04),.PIECEWISE_BEZIER_KNOTS.);
#7497 = CARTESIAN_POINT('',(-0.356342909155,3.251,4.58659146092));
#7498 = CARTESIAN_POINT('',(-0.356342909155,3.25,4.58659146092));
#7499 = ORIENTED_EDGE('',*,*,#7500,.F.);
#7500 = EDGE_CURVE('',#7458,#7494,#7501,.T.);
#7501 = B_SPLINE_CURVE_WITH_KNOTS('',3,(#7502,#7503,#7504,#7505),
  .UNSPECIFIED.,.F.,.F.,(4,4),(4.,5.),.PIECEWISE_BEZIER_KNOTS.);
#7502 = CARTESIAN_POINT('',(-0.315589597625,3.25,4.611597638808));
#7503 = CARTESIAN_POINT('',(-0.321807349965,3.25,4.603352358532));
#7504 = CARTESIAN_POINT('',(-0.335459371406,3.25,4.594971909725));
#7505 = CARTESIAN_POINT('',(-0.356342909155,3.25,4.58659146092));
#7506 = B_SPLINE_SURFACE_WITH_KNOTS('',3,1,(
    (#7507,#7508)
    ,(#7509,#7510)
    ,(#7511,#7512)
    ,(#7513,#7514
    )),.UNSPECIFIED.,.F.,.F.,.F.,(4,4),(2,2),(4.,5.),(0.,1.),
  .PIECEWISE_BEZIER_KNOTS.);
#7507 = CARTESIAN_POINT('',(-0.315589597625,3.251,4.611597638808));
#7508 = CARTESIAN_POINT('',(-0.315589597625,3.25,4.611597638808));
#7509 = CARTESIAN_POINT('',(-0.321807349965,3.251,4.603352358532));
#7510 = CARTESIAN_POINT('',(-0.321807349965,3.25,4.603352358532));
#7511 = CARTESIAN_POINT('',(-0.335459371406,3.251,4.594971909725));
#7512 = CARTESIAN_POINT('',(-0.335459371406,3.25,4.594971909725));
#7513 = CARTESIAN_POINT('',(-0.356342909155,3.251,4.58659146092));
#7514 = CARTESIAN_POINT('',(-0.356342909155,3.25,4.58659146092));
#7515 = ADVANCED_FACE('',(#7516),#7542,.F.);
#7516 = FACE_BOUND('',#7517,.F.);
#7517 = EDGE_LOOP('',(#7518,#7519,#7528,#7535));
#7518 = ORIENTED_EDGE('',*,*,#7493,.F.);
#7519 = ORIENTED_EDGE('',*,*,#7520,.T.);
#7520 = EDGE_CURVE('',#7485,#7521,#7523,.T.);
#7521 = VERTEX_POINT('',#7522);
#7522 = CARTESIAN_POINT('',(-0.391013636874,3.251,4.569695394779));
#7523 = B_SPLINE_CURVE_WITH_KNOTS('',3,(#7524,#7525,#7526,#7527),
  .UNSPECIFIED.,.F.,.F.,(4,4),(3.,4.),.PIECEWISE_BEZIER_KNOTS.);
#7524 = CARTESIAN_POINT('',(-0.356342909155,3.251,4.58659146092));
#7525 = CARTESIAN_POINT('',(-0.373779649412,3.251,4.580103371523));
#7526 = CARTESIAN_POINT('',(-0.385336558651,3.251,4.574426293299));
#7527 = CARTESIAN_POINT('',(-0.391013636874,3.251,4.569695394779));
#7528 = ORIENTED_EDGE('',*,*,#7529,.T.);
#7529 = EDGE_CURVE('',#7521,#7530,#7532,.T.);
#7530 = VERTEX_POINT('',#7531);
#7531 = CARTESIAN_POINT('',(-0.391013636874,3.25,4.569695394779));
#7532 = B_SPLINE_CURVE_WITH_KNOTS('',1,(#7533,#7534),.UNSPECIFIED.,.F.,
  .F.,(2,2),(-0.,9.999999999999E-04),.PIECEWISE_BEZIER_KNOTS.);
#7533 = CARTESIAN_POINT('',(-0.391013636874,3.251,4.569695394779));
#7534 = CARTESIAN_POINT('',(-0.391013636874,3.25,4.569695394779));
#7535 = ORIENTED_EDGE('',*,*,#7536,.F.);
#7536 = EDGE_CURVE('',#7494,#7530,#7537,.T.);
#7537 = B_SPLINE_CURVE_WITH_KNOTS('',3,(#7538,#7539,#7540,#7541),
  .UNSPECIFIED.,.F.,.F.,(4,4),(3.,4.),.PIECEWISE_BEZIER_KNOTS.);
#7538 = CARTESIAN_POINT('',(-0.356342909155,3.25,4.58659146092));
#7539 = CARTESIAN_POINT('',(-0.373779649412,3.25,4.580103371523));
#7540 = CARTESIAN_POINT('',(-0.385336558651,3.25,4.574426293299));
#7541 = CARTESIAN_POINT('',(-0.391013636874,3.25,4.569695394779));
#7542 = B_SPLINE_SURFACE_WITH_KNOTS('',3,1,(
    (#7543,#7544)
    ,(#7545,#7546)
    ,(#7547,#7548)
    ,(#7549,#7550
    )),.UNSPECIFIED.,.F.,.F.,.F.,(4,4),(2,2),(3.,4.),(0.,1.),
  .PIECEWISE_BEZIER_KNOTS.);
#7543 = CARTESIAN_POINT('',(-0.356342909155,3.251,4.58659146092));
#7544 = CARTESIAN_POINT('',(-0.356342909155,3.25,4.58659146092));
#7545 = CARTESIAN_POINT('',(-0.373779649412,3.251,4.580103371523));
#7546 = CARTESIAN_POINT('',(-0.373779649412,3.25,4.580103371523));
#7547 = CARTESIAN_POINT('',(-0.385336558651,3.251,4.574426293299));
#7548 = CARTESIAN_POINT('',(-0.385336558651,3.25,4.574426293299));
#7549 = CARTESIAN_POINT('',(-0.391013636874,3.251,4.569695394779));
#7550 = CARTESIAN_POINT('',(-0.391013636874,3.25,4.569695394779));
#7551 = ADVANCED_FACE('',(#7552),#7578,.F.);
#7552 = FACE_BOUND('',#7553,.F.);
#7553 = EDGE_LOOP('',(#7554,#7555,#7564,#7571));
#7554 = ORIENTED_EDGE('',*,*,#7529,.F.);
#7555 = ORIENTED_EDGE('',*,*,#7556,.T.);
#7556 = EDGE_CURVE('',#7521,#7557,#7559,.T.);
#7557 = VERTEX_POINT('',#7558);
#7558 = CARTESIAN_POINT('',(-0.399529254209,3.251,4.551717980407));
#7559 = B_SPLINE_CURVE_WITH_KNOTS('',3,(#7560,#7561,#7562,#7563),
  .UNSPECIFIED.,.F.,.F.,(4,4),(2.,3.),.PIECEWISE_BEZIER_KNOTS.);
#7560 = CARTESIAN_POINT('',(-0.391013636874,3.251,4.569695394779));
#7561 = CARTESIAN_POINT('',(-0.396690715098,3.251,4.56496449626));
#7562 = CARTESIAN_POINT('',(-0.399529254209,3.251,4.55901708098));
#7563 = CARTESIAN_POINT('',(-0.399529254209,3.251,4.551717980407));
#7564 = ORIENTED_EDGE('',*,*,#7565,.T.);
#7565 = EDGE_CURVE('',#7557,#7566,#7568,.T.);
#7566 = VERTEX_POINT('',#7567);
#7567 = CARTESIAN_POINT('',(-0.399529254209,3.25,4.551717980407));
#7568 = B_SPLINE_CURVE_WITH_KNOTS('',1,(#7569,#7570),.UNSPECIFIED.,.F.,
  .F.,(2,2),(-0.,9.999999999999E-04),.PIECEWISE_BEZIER_KNOTS.);
#7569 = CARTESIAN_POINT('',(-0.399529254209,3.251,4.551717980407));
#7570 = CARTESIAN_POINT('',(-0.399529254209,3.25,4.551717980407));
#7571 = ORIENTED_EDGE('',*,*,#7572,.F.);
#7572 = EDGE_CURVE('',#7530,#7566,#7573,.T.);
#7573 = B_SPLINE_CURVE_WITH_KNOTS('',3,(#7574,#7575,#7576,#7577),
  .UNSPECIFIED.,.F.,.F.,(4,4),(2.,3.),.PIECEWISE_BEZIER_KNOTS.);
#7574 = CARTESIAN_POINT('',(-0.391013636874,3.25,4.569695394779));
#7575 = CARTESIAN_POINT('',(-0.396690715098,3.25,4.56496449626));
#7576 = CARTESIAN_POINT('',(-0.399529254209,3.25,4.55901708098));
#7577 = CARTESIAN_POINT('',(-0.399529254209,3.25,4.551717980407));
#7578 = B_SPLINE_SURFACE_WITH_KNOTS('',3,1,(
    (#7579,#7580)
    ,(#7581,#7582)
    ,(#7583,#7584)
    ,(#7585,#7586
    )),.UNSPECIFIED.,.F.,.F.,.F.,(4,4),(2,2),(2.,3.),(0.,1.),
  .PIECEWISE_BEZIER_KNOTS.);
#7579 = CARTESIAN_POINT('',(-0.391013636874,3.251,4.569695394779));
#7580 = CARTESIAN_POINT('',(-0.391013636874,3.25,4.569695394779));
#7581 = CARTESIAN_POINT('',(-0.396690715098,3.251,4.56496449626));
#7582 = CARTESIAN_POINT('',(-0.396690715098,3.25,4.56496449626));
#7583 = CARTESIAN_POINT('',(-0.399529254209,3.251,4.55901708098));
#7584 = CARTESIAN_POINT('',(-0.399529254209,3.25,4.55901708098));
#7585 = CARTESIAN_POINT('',(-0.399529254209,3.251,4.551717980407));
#7586 = CARTESIAN_POINT('',(-0.399529254209,3.25,4.551717980407));
#7587 = ADVANCED_FACE('',(#7588),#7606,.F.);
#7588 = FACE_BOUND('',#7589,.F.);
#7589 = EDGE_LOOP('',(#7590,#7591,#7598,#7599));
#7590 = ORIENTED_EDGE('',*,*,#7565,.F.);
#7591 = ORIENTED_EDGE('',*,*,#7592,.T.);
#7592 = EDGE_CURVE('',#7557,#6880,#7593,.T.);
#7593 = B_SPLINE_CURVE_WITH_KNOTS('',3,(#7594,#7595,#7596,#7597),
  .UNSPECIFIED.,.F.,.F.,(4,4),(1.,2.),.PIECEWISE_BEZIER_KNOTS.);
#7594 = CARTESIAN_POINT('',(-0.399529254209,3.251,4.551717980407));
#7595 = CARTESIAN_POINT('',(-0.399529254209,3.251,4.534686745737));
#7596 = CARTESIAN_POINT('',(-0.386485491149,3.251,4.526171128403));
#7597 = CARTESIAN_POINT('',(-0.360465549293,3.251,4.526171128403));
#7598 = ORIENTED_EDGE('',*,*,#6879,.T.);
#7599 = ORIENTED_EDGE('',*,*,#7600,.F.);
#7600 = EDGE_CURVE('',#7566,#6882,#7601,.T.);
#7601 = B_SPLINE_CURVE_WITH_KNOTS('',3,(#7602,#7603,#7604,#7605),
  .UNSPECIFIED.,.F.,.F.,(4,4),(1.,2.),.PIECEWISE_BEZIER_KNOTS.);
#7602 = CARTESIAN_POINT('',(-0.399529254209,3.25,4.551717980407));
#7603 = CARTESIAN_POINT('',(-0.399529254209,3.25,4.534686745737));
#7604 = CARTESIAN_POINT('',(-0.386485491149,3.25,4.526171128403));
#7605 = CARTESIAN_POINT('',(-0.360465549293,3.25,4.526171128403));
#7606 = B_SPLINE_SURFACE_WITH_KNOTS('',3,1,(
    (#7607,#7608)
    ,(#7609,#7610)
    ,(#7611,#7612)
    ,(#7613,#7614
    )),.UNSPECIFIED.,.F.,.F.,.F.,(4,4),(2,2),(1.,2.),(0.,1.),
  .PIECEWISE_BEZIER_KNOTS.);
#7607 = CARTESIAN_POINT('',(-0.399529254209,3.251,4.551717980407));
#7608 = CARTESIAN_POINT('',(-0.399529254209,3.25,4.551717980407));
#7609 = CARTESIAN_POINT('',(-0.399529254209,3.251,4.534686745737));
#7610 = CARTESIAN_POINT('',(-0.399529254209,3.25,4.534686745737));
#7611 = CARTESIAN_POINT('',(-0.386485491149,3.251,4.526171128403));
#7612 = CARTESIAN_POINT('',(-0.386485491149,3.25,4.526171128403));
#7613 = CARTESIAN_POINT('',(-0.360465549293,3.251,4.526171128403));
#7614 = CARTESIAN_POINT('',(-0.360465549293,3.25,4.526171128403));
#7615 = ADVANCED_FACE('',(#7616),#7639,.F.);
#7616 = FACE_BOUND('',#7617,.T.);
#7617 = EDGE_LOOP('',(#7618,#7619,#7620,#7621,#7622,#7623,#7624,#7625,
    #7626,#7627,#7628,#7629,#7630,#7631,#7632,#7633,#7634,#7635,#7636,
    #7637,#7638));
#7618 = ORIENTED_EDGE('',*,*,#6888,.T.);
#7619 = ORIENTED_EDGE('',*,*,#6937,.T.);
#7620 = ORIENTED_EDGE('',*,*,#6952,.T.);
#7621 = ORIENTED_EDGE('',*,*,#6988,.T.);
#7622 = ORIENTED_EDGE('',*,*,#7024,.T.);
#7623 = ORIENTED_EDGE('',*,*,#7060,.T.);
#7624 = ORIENTED_EDGE('',*,*,#7096,.T.);
#7625 = ORIENTED_EDGE('',*,*,#7132,.T.);
#7626 = ORIENTED_EDGE('',*,*,#7168,.T.);
#7627 = ORIENTED_EDGE('',*,*,#7204,.T.);
#7628 = ORIENTED_EDGE('',*,*,#7240,.T.);
#7629 = ORIENTED_EDGE('',*,*,#7276,.T.);
#7630 = ORIENTED_EDGE('',*,*,#7325,.T.);
#7631 = ORIENTED_EDGE('',*,*,#7340,.T.);
#7632 = ORIENTED_EDGE('',*,*,#7376,.T.);
#7633 = ORIENTED_EDGE('',*,*,#7412,.T.);
#7634 = ORIENTED_EDGE('',*,*,#7448,.T.);
#7635 = ORIENTED_EDGE('',*,*,#7484,.T.);
#7636 = ORIENTED_EDGE('',*,*,#7520,.T.);
#7637 = ORIENTED_EDGE('',*,*,#7556,.T.);
#7638 = ORIENTED_EDGE('',*,*,#7592,.T.);
#7639 = B_SPLINE_SURFACE_WITH_KNOTS('',1,1,(
    (#7640,#7641)
    ,(#7642,#7643
    )),.UNSPECIFIED.,.F.,.F.,.F.,(2,2),(2,2),(-0.166020745893,
    3.15956436819E-02),(-0.101258124378,2.627338284773E-02),
  .PIECEWISE_BEZIER_KNOTS.);
#7640 = CARTESIAN_POINT('',(-0.433524139283,3.251,4.696753812155));
#7641 = CARTESIAN_POINT('',(-0.305992632057,3.251,4.696753812155));
#7642 = CARTESIAN_POINT('',(-0.433524139283,3.251,4.499137422579));
#7643 = CARTESIAN_POINT('',(-0.305992632057,3.251,4.499137422579));
#7644 = ADVANCED_FACE('',(#7645),#7668,.T.);
#7645 = FACE_BOUND('',#7646,.T.);
#7646 = EDGE_LOOP('',(#7647,#7648,#7649,#7650,#7651,#7652,#7653,#7654,
    #7655,#7656,#7657,#7658,#7659,#7660,#7661,#7662,#7663,#7664,#7665,
    #7666,#7667));
#7647 = ORIENTED_EDGE('',*,*,#6904,.F.);
#7648 = ORIENTED_EDGE('',*,*,#7600,.F.);
#7649 = ORIENTED_EDGE('',*,*,#7572,.F.);
#7650 = ORIENTED_EDGE('',*,*,#7536,.F.);
#7651 = ORIENTED_EDGE('',*,*,#7500,.F.);
#7652 = ORIENTED_EDGE('',*,*,#7464,.F.);
#7653 = ORIENTED_EDGE('',*,*,#7428,.F.);
#7654 = ORIENTED_EDGE('',*,*,#7392,.F.);
#7655 = ORIENTED_EDGE('',*,*,#7356,.F.);
#7656 = ORIENTED_EDGE('',*,*,#7311,.F.);
#7657 = ORIENTED_EDGE('',*,*,#7292,.F.);
#7658 = ORIENTED_EDGE('',*,*,#7256,.F.);
#7659 = ORIENTED_EDGE('',*,*,#7220,.F.);
#7660 = ORIENTED_EDGE('',*,*,#7184,.F.);
#7661 = ORIENTED_EDGE('',*,*,#7148,.F.);
#7662 = ORIENTED_EDGE('',*,*,#7112,.F.);
#7663 = ORIENTED_EDGE('',*,*,#7076,.F.);
#7664 = ORIENTED_EDGE('',*,*,#7040,.F.);
#7665 = ORIENTED_EDGE('',*,*,#7004,.F.);
#7666 = ORIENTED_EDGE('',*,*,#6968,.F.);
#7667 = ORIENTED_EDGE('',*,*,#6923,.F.);
#7668 = B_SPLINE_SURFACE_WITH_KNOTS('',1,1,(
    (#7669,#7670)
    ,(#7671,#7672
    )),.UNSPECIFIED.,.F.,.F.,.F.,(2,2),(2,2),(-0.166020745893,
    3.15956436819E-02),(-0.101258124378,2.627338284773E-02),
  .PIECEWISE_BEZIER_KNOTS.);
#7669 = CARTESIAN_POINT('',(-0.433524139283,3.25,4.696753812155));
#7670 = CARTESIAN_POINT('',(-0.305992632057,3.25,4.696753812155));
#7671 = CARTESIAN_POINT('',(-0.433524139283,3.25,4.499137422579));
#7672 = CARTESIAN_POINT('',(-0.305992632057,3.25,4.499137422579));
#7673 = MANIFOLD_SOLID_BREP('',#7674);
#7674 = CLOSED_SHELL('',(#7675,#7711,#7739,#7775,#7803,#7831,#7859,#7887
    ,#7915,#7943,#7979,#8015,#8043,#8079,#8115,#8135,#8158));
#7675 = ADVANCED_FACE('',(#7676),#7706,.F.);
#7676 = FACE_BOUND('',#7677,.T.);
#7677 = EDGE_LOOP('',(#7678,#7687,#7694,#7701));
#7678 = ORIENTED_EDGE('',*,*,#7679,.T.);
#7679 = EDGE_CURVE('',#7680,#7682,#7684,.T.);
#7680 = VERTEX_POINT('',#7681);
#7681 = CARTESIAN_POINT('',(-0.632019124297,3.25,4.692428419222));
#7682 = VERTEX_POINT('',#7683);
#7683 = CARTESIAN_POINT('',(-0.597686317902,3.25,4.692428419222));
#7684 = B_SPLINE_CURVE_WITH_KNOTS('',1,(#7685,#7686),.UNSPECIFIED.,.F.,
  .F.,(2,2),(-3.433280639551E-02,0.),.PIECEWISE_BEZIER_KNOTS.);
#7685 = CARTESIAN_POINT('',(-0.632019124297,3.25,4.692428419222));
#7686 = CARTESIAN_POINT('',(-0.597686317902,3.25,4.692428419222));
#7687 = ORIENTED_EDGE('',*,*,#7688,.F.);
#7688 = EDGE_CURVE('',#7689,#7682,#7691,.T.);
#7689 = VERTEX_POINT('',#7690);
#7690 = CARTESIAN_POINT('',(-0.597686317902,3.251,4.692428419222));
#7691 = B_SPLINE_CURVE_WITH_KNOTS('',1,(#7692,#7693),.UNSPECIFIED.,.F.,
  .F.,(2,2),(-0.,9.999999999999E-04),.PIECEWISE_BEZIER_KNOTS.);
#7692 = CARTESIAN_POINT('',(-0.597686317902,3.251,4.692428419222));
#7693 = CARTESIAN_POINT('',(-0.597686317902,3.25,4.692428419222));
#7694 = ORIENTED_EDGE('',*,*,#7695,.F.);
#7695 = EDGE_CURVE('',#7696,#7689,#7698,.T.);
#7696 = VERTEX_POINT('',#7697);
#7697 = CARTESIAN_POINT('',(-0.632019124297,3.251,4.692428419222));
#7698 = B_SPLINE_CURVE_WITH_KNOTS('',1,(#7699,#7700),.UNSPECIFIED.,.F.,
  .F.,(2,2),(-3.433280639551E-02,0.),.PIECEWISE_BEZIER_KNOTS.);
#7699 = CARTESIAN_POINT('',(-0.632019124297,3.251,4.692428419222));
#7700 = CARTESIAN_POINT('',(-0.597686317902,3.251,4.692428419222));
#7701 = ORIENTED_EDGE('',*,*,#7702,.T.);
#7702 = EDGE_CURVE('',#7696,#7680,#7703,.T.);
#7703 = B_SPLINE_CURVE_WITH_KNOTS('',1,(#7704,#7705),.UNSPECIFIED.,.F.,
  .F.,(2,2),(-0.,9.999999999999E-04),.PIECEWISE_BEZIER_KNOTS.);
#7704 = CARTESIAN_POINT('',(-0.632019124297,3.251,4.692428419222));
#7705 = CARTESIAN_POINT('',(-0.632019124297,3.25,4.692428419222));
#7706 = B_SPLINE_SURFACE_WITH_KNOTS('',1,1,(
    (#7707,#7708)
    ,(#7709,#7710
    )),.UNSPECIFIED.,.F.,.F.,.F.,(2,2),(2,2),(0.,3.433280639551E-02),(
    -9.999999999999E-04,0.),.PIECEWISE_BEZIER_KNOTS.);
#7707 = CARTESIAN_POINT('',(-0.597686317902,3.25,4.692428419222));
#7708 = CARTESIAN_POINT('',(-0.597686317902,3.251,4.692428419222));
#7709 = CARTESIAN_POINT('',(-0.632019124297,3.25,4.692428419222));
#7710 = CARTESIAN_POINT('',(-0.632019124297,3.251,4.692428419222));
#7711 = ADVANCED_FACE('',(#7712),#7734,.F.);
#7712 = FACE_BOUND('',#7713,.T.);
#7713 = EDGE_LOOP('',(#7714,#7721,#7728,#7733));
#7714 = ORIENTED_EDGE('',*,*,#7715,.T.);
#7715 = EDGE_CURVE('',#7682,#7716,#7718,.T.);
#7716 = VERTEX_POINT('',#7717);
#7717 = CARTESIAN_POINT('',(-0.546119524042,3.25,4.550231126587));
#7718 = B_SPLINE_CURVE_WITH_KNOTS('',1,(#7719,#7720),.UNSPECIFIED.,.F.,
  .F.,(2,2),(-0.151258732845,6.65218229591E-17),
  .PIECEWISE_BEZIER_KNOTS.);
#7719 = CARTESIAN_POINT('',(-0.597686317902,3.25,4.692428419222));
#7720 = CARTESIAN_POINT('',(-0.546119524042,3.25,4.550231126587));
#7721 = ORIENTED_EDGE('',*,*,#7722,.F.);
#7722 = EDGE_CURVE('',#7723,#7716,#7725,.T.);
#7723 = VERTEX_POINT('',#7724);
#7724 = CARTESIAN_POINT('',(-0.546119524042,3.251,4.550231126587));
#7725 = B_SPLINE_CURVE_WITH_KNOTS('',1,(#7726,#7727),.UNSPECIFIED.,.F.,
  .F.,(2,2),(-0.,9.999999999999E-04),.PIECEWISE_BEZIER_KNOTS.);
#7726 = CARTESIAN_POINT('',(-0.546119524042,3.251,4.550231126587));
#7727 = CARTESIAN_POINT('',(-0.546119524042,3.25,4.550231126587));
#7728 = ORIENTED_EDGE('',*,*,#7729,.F.);
#7729 = EDGE_CURVE('',#7689,#7723,#7730,.T.);
#7730 = B_SPLINE_CURVE_WITH_KNOTS('',1,(#7731,#7732),.UNSPECIFIED.,.F.,
  .F.,(2,2),(-0.151258732845,6.65218229591E-17),
  .PIECEWISE_BEZIER_KNOTS.);
#7731 = CARTESIAN_POINT('',(-0.597686317902,3.251,4.692428419222));
#7732 = CARTESIAN_POINT('',(-0.546119524042,3.251,4.550231126587));
#7733 = ORIENTED_EDGE('',*,*,#7688,.T.);
#7734 = B_SPLINE_SURFACE_WITH_KNOTS('',1,1,(
    (#7735,#7736)
    ,(#7737,#7738
    )),.UNSPECIFIED.,.F.,.F.,.F.,(2,2),(2,2),(-1.043713016457E-16,
    0.151258732845),(-9.999999999999E-04,0.),.PIECEWISE_BEZIER_KNOTS.);
#7735 = CARTESIAN_POINT('',(-0.546119524042,3.25,4.550231126587));
#7736 = CARTESIAN_POINT('',(-0.546119524042,3.251,4.550231126587));
#7737 = CARTESIAN_POINT('',(-0.597686317902,3.25,4.692428419222));
#7738 = CARTESIAN_POINT('',(-0.597686317902,3.251,4.692428419222));
#7739 = ADVANCED_FACE('',(#7740),#7766,.F.);
#7740 = FACE_BOUND('',#7741,.F.);
#7741 = EDGE_LOOP('',(#7742,#7743,#7752,#7759));
#7742 = ORIENTED_EDGE('',*,*,#7722,.F.);
#7743 = ORIENTED_EDGE('',*,*,#7744,.T.);
#7744 = EDGE_CURVE('',#7723,#7745,#7747,.T.);
#7745 = VERTEX_POINT('',#7746);
#7746 = CARTESIAN_POINT('',(-0.542064468167,3.251,4.534957082795));
#7747 = B_SPLINE_CURVE_WITH_KNOTS('',3,(#7748,#7749,#7750,#7751),
  .UNSPECIFIED.,.F.,.F.,(4,4),(12.,13.),.PIECEWISE_BEZIER_KNOTS.);
#7748 = CARTESIAN_POINT('',(-0.546119524042,3.251,4.550231126587));
#7749 = CARTESIAN_POINT('',(-0.544091996105,3.251,4.54360786866));
#7750 = CARTESIAN_POINT('',(-0.542740310812,3.251,4.538471464554));
#7751 = CARTESIAN_POINT('',(-0.542064468167,3.251,4.534957082795));
#7752 = ORIENTED_EDGE('',*,*,#7753,.T.);
#7753 = EDGE_CURVE('',#7745,#7754,#7756,.T.);
#7754 = VERTEX_POINT('',#7755);
#7755 = CARTESIAN_POINT('',(-0.542064468167,3.25,4.534957082795));
#7756 = B_SPLINE_CURVE_WITH_KNOTS('',1,(#7757,#7758),.UNSPECIFIED.,.F.,
  .F.,(2,2),(-0.,9.999999999999E-04),.PIECEWISE_BEZIER_KNOTS.);
#7757 = CARTESIAN_POINT('',(-0.542064468167,3.251,4.534957082795));
#7758 = CARTESIAN_POINT('',(-0.542064468167,3.25,4.534957082795));
#7759 = ORIENTED_EDGE('',*,*,#7760,.F.);
#7760 = EDGE_CURVE('',#7716,#7754,#7761,.T.);
#7761 = B_SPLINE_CURVE_WITH_KNOTS('',3,(#7762,#7763,#7764,#7765),
  .UNSPECIFIED.,.F.,.F.,(4,4),(12.,13.),.PIECEWISE_BEZIER_KNOTS.);
#7762 = CARTESIAN_POINT('',(-0.546119524042,3.25,4.550231126587));
#7763 = CARTESIAN_POINT('',(-0.544091996105,3.25,4.54360786866));
#7764 = CARTESIAN_POINT('',(-0.542740310812,3.25,4.538471464554));
#7765 = CARTESIAN_POINT('',(-0.542064468167,3.25,4.534957082795));
#7766 = B_SPLINE_SURFACE_WITH_KNOTS('',3,1,(
    (#7767,#7768)
    ,(#7769,#7770)
    ,(#7771,#7772)
    ,(#7773,#7774
    )),.UNSPECIFIED.,.F.,.F.,.F.,(4,4),(2,2),(12.,13.),(0.,1.),
  .PIECEWISE_BEZIER_KNOTS.);
#7767 = CARTESIAN_POINT('',(-0.546119524042,3.251,4.550231126587));
#7768 = CARTESIAN_POINT('',(-0.546119524042,3.25,4.550231126587));
#7769 = CARTESIAN_POINT('',(-0.544091996105,3.251,4.54360786866));
#7770 = CARTESIAN_POINT('',(-0.544091996105,3.25,4.54360786866));
#7771 = CARTESIAN_POINT('',(-0.542740310812,3.251,4.538471464554));
#7772 = CARTESIAN_POINT('',(-0.542740310812,3.25,4.538471464554));
#7773 = CARTESIAN_POINT('',(-0.542064468167,3.251,4.534957082795));
#7774 = CARTESIAN_POINT('',(-0.542064468167,3.25,4.534957082795));
#7775 = ADVANCED_FACE('',(#7776),#7798,.F.);
#7776 = FACE_BOUND('',#7777,.T.);
#7777 = EDGE_LOOP('',(#7778,#7785,#7792,#7797));
#7778 = ORIENTED_EDGE('',*,*,#7779,.T.);
#7779 = EDGE_CURVE('',#7754,#7780,#7782,.T.);
#7780 = VERTEX_POINT('',#7781);
#7781 = CARTESIAN_POINT('',(-0.541185872729,3.25,4.534957082795));
#7782 = B_SPLINE_CURVE_WITH_KNOTS('',1,(#7783,#7784),.UNSPECIFIED.,.F.,
  .F.,(2,2),(-8.785954382852E-04,0.),.PIECEWISE_BEZIER_KNOTS.);
#7783 = CARTESIAN_POINT('',(-0.542064468167,3.25,4.534957082795));
#7784 = CARTESIAN_POINT('',(-0.541185872729,3.25,4.534957082795));
#7785 = ORIENTED_EDGE('',*,*,#7786,.F.);
#7786 = EDGE_CURVE('',#7787,#7780,#7789,.T.);
#7787 = VERTEX_POINT('',#7788);
#7788 = CARTESIAN_POINT('',(-0.541185872729,3.251,4.534957082795));
#7789 = B_SPLINE_CURVE_WITH_KNOTS('',1,(#7790,#7791),.UNSPECIFIED.,.F.,
  .F.,(2,2),(-0.,9.999999999999E-04),.PIECEWISE_BEZIER_KNOTS.);
#7790 = CARTESIAN_POINT('',(-0.541185872729,3.251,4.534957082795));
#7791 = CARTESIAN_POINT('',(-0.541185872729,3.25,4.534957082795));
#7792 = ORIENTED_EDGE('',*,*,#7793,.F.);
#7793 = EDGE_CURVE('',#7745,#7787,#7794,.T.);
#7794 = B_SPLINE_CURVE_WITH_KNOTS('',1,(#7795,#7796),.UNSPECIFIED.,.F.,
  .F.,(2,2),(-8.785954382852E-04,0.),.PIECEWISE_BEZIER_KNOTS.);
#7795 = CARTESIAN_POINT('',(-0.542064468167,3.251,4.534957082795));
#7796 = CARTESIAN_POINT('',(-0.541185872729,3.251,4.534957082795));
#7797 = ORIENTED_EDGE('',*,*,#7753,.T.);
#7798 = B_SPLINE_SURFACE_WITH_KNOTS('',1,1,(
    (#7799,#7800)
    ,(#7801,#7802
    )),.UNSPECIFIED.,.F.,.F.,.F.,(2,2),(2,2),(-0.,8.785954382852E-04),(
    -9.999999999999E-04,0.),.PIECEWISE_BEZIER_KNOTS.);
#7799 = CARTESIAN_POINT('',(-0.541185872729,3.25,4.534957082795));
#7800 = CARTESIAN_POINT('',(-0.541185872729,3.251,4.534957082795));
#7801 = CARTESIAN_POINT('',(-0.542064468167,3.25,4.534957082795));
#7802 = CARTESIAN_POINT('',(-0.542064468167,3.251,4.534957082795));
#7803 = ADVANCED_FACE('',(#7804),#7826,.F.);
#7804 = FACE_BOUND('',#7805,.T.);
#7805 = EDGE_LOOP('',(#7806,#7813,#7820,#7825));
#7806 = ORIENTED_EDGE('',*,*,#7807,.T.);
#7807 = EDGE_CURVE('',#7780,#7808,#7810,.T.);
#7808 = VERTEX_POINT('',#7809);
#7809 = CARTESIAN_POINT('',(-0.537130816854,3.25,4.550501463645));
#7810 = B_SPLINE_CURVE_WITH_KNOTS('',1,(#7811,#7812),.UNSPECIFIED.,.F.,
  .F.,(2,2),(-1.60645962953E-02,0.),.PIECEWISE_BEZIER_KNOTS.);
#7811 = CARTESIAN_POINT('',(-0.541185872729,3.25,4.534957082795));
#7812 = CARTESIAN_POINT('',(-0.537130816854,3.25,4.550501463645));
#7813 = ORIENTED_EDGE('',*,*,#7814,.F.);
#7814 = EDGE_CURVE('',#7815,#7808,#7817,.T.);
#7815 = VERTEX_POINT('',#7816);
#7816 = CARTESIAN_POINT('',(-0.537130816854,3.251,4.550501463645));
#7817 = B_SPLINE_CURVE_WITH_KNOTS('',1,(#7818,#7819),.UNSPECIFIED.,.F.,
  .F.,(2,2),(-0.,9.999999999999E-04),.PIECEWISE_BEZIER_KNOTS.);
#7818 = CARTESIAN_POINT('',(-0.537130816854,3.251,4.550501463645));
#7819 = CARTESIAN_POINT('',(-0.537130816854,3.25,4.550501463645));
#7820 = ORIENTED_EDGE('',*,*,#7821,.F.);
#7821 = EDGE_CURVE('',#7787,#7815,#7822,.T.);
#7822 = B_SPLINE_CURVE_WITH_KNOTS('',1,(#7823,#7824),.UNSPECIFIED.,.F.,
  .F.,(2,2),(-1.60645962953E-02,0.),.PIECEWISE_BEZIER_KNOTS.);
#7823 = CARTESIAN_POINT('',(-0.541185872729,3.251,4.534957082795));
#7824 = CARTESIAN_POINT('',(-0.537130816854,3.251,4.550501463645));
#7825 = ORIENTED_EDGE('',*,*,#7786,.T.);
#7826 = B_SPLINE_SURFACE_WITH_KNOTS('',1,1,(
    (#7827,#7828)
    ,(#7829,#7830
    )),.UNSPECIFIED.,.F.,.F.,.F.,(2,2),(2,2),(-0.,1.60645962953E-02),(
    -9.999999999999E-04,0.),.PIECEWISE_BEZIER_KNOTS.);
#7827 = CARTESIAN_POINT('',(-0.537130816854,3.25,4.550501463645));
#7828 = CARTESIAN_POINT('',(-0.537130816854,3.251,4.550501463645));
#7829 = CARTESIAN_POINT('',(-0.541185872729,3.25,4.534957082795));
#7830 = CARTESIAN_POINT('',(-0.541185872729,3.251,4.534957082795));
#7831 = ADVANCED_FACE('',(#7832),#7854,.F.);
#7832 = FACE_BOUND('',#7833,.T.);
#7833 = EDGE_LOOP('',(#7834,#7841,#7848,#7853));
#7834 = ORIENTED_EDGE('',*,*,#7835,.T.);
#7835 = EDGE_CURVE('',#7808,#7836,#7838,.T.);
#7836 = VERTEX_POINT('',#7837);
#7837 = CARTESIAN_POINT('',(-0.487794303726,3.25,4.692428419222));
#7838 = B_SPLINE_CURVE_WITH_KNOTS('',1,(#7839,#7840),.UNSPECIFIED.,.F.,
  .F.,(2,2),(-0.150257619598,0.),.PIECEWISE_BEZIER_KNOTS.);
#7839 = CARTESIAN_POINT('',(-0.537130816854,3.25,4.550501463645));
#7840 = CARTESIAN_POINT('',(-0.487794303726,3.25,4.692428419222));
#7841 = ORIENTED_EDGE('',*,*,#7842,.F.);
#7842 = EDGE_CURVE('',#7843,#7836,#7845,.T.);
#7843 = VERTEX_POINT('',#7844);
#7844 = CARTESIAN_POINT('',(-0.487794303726,3.251,4.692428419222));
#7845 = B_SPLINE_CURVE_WITH_KNOTS('',1,(#7846,#7847),.UNSPECIFIED.,.F.,
  .F.,(2,2),(-0.,9.999999999999E-04),.PIECEWISE_BEZIER_KNOTS.);
#7846 = CARTESIAN_POINT('',(-0.487794303726,3.251,4.692428419222));
#7847 = CARTESIAN_POINT('',(-0.487794303726,3.25,4.692428419222));
#7848 = ORIENTED_EDGE('',*,*,#7849,.F.);
#7849 = EDGE_CURVE('',#7815,#7843,#7850,.T.);
#7850 = B_SPLINE_CURVE_WITH_KNOTS('',1,(#7851,#7852),.UNSPECIFIED.,.F.,
  .F.,(2,2),(-0.150257619598,0.),.PIECEWISE_BEZIER_KNOTS.);
#7851 = CARTESIAN_POINT('',(-0.537130816854,3.251,4.550501463645));
#7852 = CARTESIAN_POINT('',(-0.487794303726,3.251,4.692428419222));
#7853 = ORIENTED_EDGE('',*,*,#7814,.T.);
#7854 = B_SPLINE_SURFACE_WITH_KNOTS('',1,1,(
    (#7855,#7856)
    ,(#7857,#7858
    )),.UNSPECIFIED.,.F.,.F.,.F.,(2,2),(2,2),(-0.,0.150257619598),(
    -9.999999999999E-04,0.),.PIECEWISE_BEZIER_KNOTS.);
#7855 = CARTESIAN_POINT('',(-0.487794303726,3.25,4.692428419222));
#7856 = CARTESIAN_POINT('',(-0.487794303726,3.251,4.692428419222));
#7857 = CARTESIAN_POINT('',(-0.537130816854,3.25,4.550501463645));
#7858 = CARTESIAN_POINT('',(-0.537130816854,3.251,4.550501463645));
#7859 = ADVANCED_FACE('',(#7860),#7882,.F.);
#7860 = FACE_BOUND('',#7861,.T.);
#7861 = EDGE_LOOP('',(#7862,#7869,#7876,#7881));
#7862 = ORIENTED_EDGE('',*,*,#7863,.T.);
#7863 = EDGE_CURVE('',#7836,#7864,#7866,.T.);
#7864 = VERTEX_POINT('',#7865);
#7865 = CARTESIAN_POINT('',(-0.450758126746,3.25,4.692428419222));
#7866 = B_SPLINE_CURVE_WITH_KNOTS('',1,(#7867,#7868),.UNSPECIFIED.,.F.,
  .F.,(2,2),(-3.703617697936E-02,0.),.PIECEWISE_BEZIER_KNOTS.);
#7867 = CARTESIAN_POINT('',(-0.487794303726,3.25,4.692428419222));
#7868 = CARTESIAN_POINT('',(-0.450758126746,3.25,4.692428419222));
#7869 = ORIENTED_EDGE('',*,*,#7870,.F.);
#7870 = EDGE_CURVE('',#7871,#7864,#7873,.T.);
#7871 = VERTEX_POINT('',#7872);
#7872 = CARTESIAN_POINT('',(-0.450758126746,3.251,4.692428419222));
#7873 = B_SPLINE_CURVE_WITH_KNOTS('',1,(#7874,#7875),.UNSPECIFIED.,.F.,
  .F.,(2,2),(-0.,9.999999999999E-04),.PIECEWISE_BEZIER_KNOTS.);
#7874 = CARTESIAN_POINT('',(-0.450758126746,3.251,4.692428419222));
#7875 = CARTESIAN_POINT('',(-0.450758126746,3.25,4.692428419222));
#7876 = ORIENTED_EDGE('',*,*,#7877,.F.);
#7877 = EDGE_CURVE('',#7843,#7871,#7878,.T.);
#7878 = B_SPLINE_CURVE_WITH_KNOTS('',1,(#7879,#7880),.UNSPECIFIED.,.F.,
  .F.,(2,2),(-3.703617697936E-02,0.),.PIECEWISE_BEZIER_KNOTS.);
#7879 = CARTESIAN_POINT('',(-0.487794303726,3.251,4.692428419222));
#7880 = CARTESIAN_POINT('',(-0.450758126746,3.251,4.692428419222));
#7881 = ORIENTED_EDGE('',*,*,#7842,.T.);
#7882 = B_SPLINE_SURFACE_WITH_KNOTS('',1,1,(
    (#7883,#7884)
    ,(#7885,#7886
    )),.UNSPECIFIED.,.F.,.F.,.F.,(2,2),(2,2),(0.,3.703617697936E-02),(
    -9.999999999999E-04,0.),.PIECEWISE_BEZIER_KNOTS.);
#7883 = CARTESIAN_POINT('',(-0.450758126746,3.25,4.692428419222));
#7884 = CARTESIAN_POINT('',(-0.450758126746,3.251,4.692428419222));
#7885 = CARTESIAN_POINT('',(-0.487794303726,3.25,4.692428419222));
#7886 = CARTESIAN_POINT('',(-0.487794303726,3.251,4.692428419222));
#7887 = ADVANCED_FACE('',(#7888),#7910,.F.);
#7888 = FACE_BOUND('',#7889,.T.);
#7889 = EDGE_LOOP('',(#7890,#7897,#7904,#7909));
#7890 = ORIENTED_EDGE('',*,*,#7891,.T.);
#7891 = EDGE_CURVE('',#7864,#7892,#7894,.T.);
#7892 = VERTEX_POINT('',#7893);
#7893 = CARTESIAN_POINT('',(-0.524830480705,3.25,4.504003489628));
#7894 = B_SPLINE_CURVE_WITH_KNOTS('',1,(#7895,#7896),.UNSPECIFIED.,.F.,
  .F.,(2,2),(-0.202461521563,-0.),.PIECEWISE_BEZIER_KNOTS.);
#7895 = CARTESIAN_POINT('',(-0.450758126746,3.25,4.692428419222));
#7896 = CARTESIAN_POINT('',(-0.524830480705,3.25,4.504003489628));
#7897 = ORIENTED_EDGE('',*,*,#7898,.F.);
#7898 = EDGE_CURVE('',#7899,#7892,#7901,.T.);
#7899 = VERTEX_POINT('',#7900);
#7900 = CARTESIAN_POINT('',(-0.524830480705,3.251,4.504003489628));
#7901 = B_SPLINE_CURVE_WITH_KNOTS('',1,(#7902,#7903),.UNSPECIFIED.,.F.,
  .F.,(2,2),(-0.,9.999999999999E-04),.PIECEWISE_BEZIER_KNOTS.);
#7902 = CARTESIAN_POINT('',(-0.524830480705,3.251,4.504003489628));
#7903 = CARTESIAN_POINT('',(-0.524830480705,3.25,4.504003489628));
#7904 = ORIENTED_EDGE('',*,*,#7905,.F.);
#7905 = EDGE_CURVE('',#7871,#7899,#7906,.T.);
#7906 = B_SPLINE_CURVE_WITH_KNOTS('',1,(#7907,#7908),.UNSPECIFIED.,.F.,
  .F.,(2,2),(-0.202461521563,-0.),.PIECEWISE_BEZIER_KNOTS.);
#7907 = CARTESIAN_POINT('',(-0.450758126746,3.251,4.692428419222));
#7908 = CARTESIAN_POINT('',(-0.524830480705,3.251,4.504003489628));
#7909 = ORIENTED_EDGE('',*,*,#7870,.T.);
#7910 = B_SPLINE_SURFACE_WITH_KNOTS('',1,1,(
    (#7911,#7912)
    ,(#7913,#7914
    )),.UNSPECIFIED.,.F.,.F.,.F.,(2,2),(2,2),(0.,0.202461521563),(
    -9.999999999999E-04,0.),.PIECEWISE_BEZIER_KNOTS.);
#7911 = CARTESIAN_POINT('',(-0.524830480705,3.25,4.504003489628));
#7912 = CARTESIAN_POINT('',(-0.524830480705,3.251,4.504003489628));
#7913 = CARTESIAN_POINT('',(-0.450758126746,3.25,4.692428419222));
#7914 = CARTESIAN_POINT('',(-0.450758126746,3.251,4.692428419222));
#7915 = ADVANCED_FACE('',(#7916),#7938,.F.);
#7916 = FACE_BOUND('',#7917,.T.);
#7917 = EDGE_LOOP('',(#7918,#7925,#7932,#7937));
#7918 = ORIENTED_EDGE('',*,*,#7919,.T.);
#7919 = EDGE_CURVE('',#7892,#7920,#7922,.T.);
#7920 = VERTEX_POINT('',#7921);
#7921 = CARTESIAN_POINT('',(-0.510299863824,3.25,4.46967068323));
#7922 = B_SPLINE_CURVE_WITH_KNOTS('',1,(#7923,#7924),.UNSPECIFIED.,.F.,
  .F.,(2,2),(-3.728110006505E-02,0.),.PIECEWISE_BEZIER_KNOTS.);
#7923 = CARTESIAN_POINT('',(-0.524830480705,3.25,4.504003489628));
#7924 = CARTESIAN_POINT('',(-0.510299863824,3.25,4.46967068323));
#7925 = ORIENTED_EDGE('',*,*,#7926,.F.);
#7926 = EDGE_CURVE('',#7927,#7920,#7929,.T.);
#7927 = VERTEX_POINT('',#7928);
#7928 = CARTESIAN_POINT('',(-0.510299863824,3.251,4.46967068323));
#7929 = B_SPLINE_CURVE_WITH_KNOTS('',1,(#7930,#7931),.UNSPECIFIED.,.F.,
  .F.,(2,2),(-0.,9.999999999999E-04),.PIECEWISE_BEZIER_KNOTS.);
#7930 = CARTESIAN_POINT('',(-0.510299863824,3.251,4.46967068323));
#7931 = CARTESIAN_POINT('',(-0.510299863824,3.25,4.46967068323));
#7932 = ORIENTED_EDGE('',*,*,#7933,.F.);
#7933 = EDGE_CURVE('',#7899,#7927,#7934,.T.);
#7934 = B_SPLINE_CURVE_WITH_KNOTS('',1,(#7935,#7936),.UNSPECIFIED.,.F.,
  .F.,(2,2),(-3.728110006505E-02,0.),.PIECEWISE_BEZIER_KNOTS.);
#7935 = CARTESIAN_POINT('',(-0.524830480705,3.251,4.504003489628));
#7936 = CARTESIAN_POINT('',(-0.510299863824,3.251,4.46967068323));
#7937 = ORIENTED_EDGE('',*,*,#7898,.T.);
#7938 = B_SPLINE_SURFACE_WITH_KNOTS('',1,1,(
    (#7939,#7940)
    ,(#7941,#7942
    )),.UNSPECIFIED.,.F.,.F.,.F.,(2,2),(2,2),(0.,3.728110006505E-02),(
    -9.999999999999E-04,0.),.PIECEWISE_BEZIER_KNOTS.);
#7939 = CARTESIAN_POINT('',(-0.510299863824,3.25,4.46967068323));
#7940 = CARTESIAN_POINT('',(-0.510299863824,3.251,4.46967068323));
#7941 = CARTESIAN_POINT('',(-0.524830480705,3.25,4.504003489628));
#7942 = CARTESIAN_POINT('',(-0.524830480705,3.251,4.504003489628));
#7943 = ADVANCED_FACE('',(#7944),#7970,.F.);
#7944 = FACE_BOUND('',#7945,.F.);
#7945 = EDGE_LOOP('',(#7946,#7947,#7956,#7963));
#7946 = ORIENTED_EDGE('',*,*,#7926,.F.);
#7947 = ORIENTED_EDGE('',*,*,#7948,.T.);
#7948 = EDGE_CURVE('',#7927,#7949,#7951,.T.);
#7949 = VERTEX_POINT('',#7950);
#7950 = CARTESIAN_POINT('',(-0.476372563014,3.251,4.443042482993));
#7951 = B_SPLINE_CURVE_WITH_KNOTS('',3,(#7952,#7953,#7954,#7955),
  .UNSPECIFIED.,.F.,.F.,(4,4),(5.,6.),.PIECEWISE_BEZIER_KNOTS.);
#7952 = CARTESIAN_POINT('',(-0.510299863824,3.251,4.46967068323));
#7953 = CARTESIAN_POINT('',(-0.502798010458,3.251,4.451828437387));
#7954 = CARTESIAN_POINT('',(-0.491511438277,3.251,4.443042482993));
#7955 = CARTESIAN_POINT('',(-0.476372563014,3.251,4.443042482993));
#7956 = ORIENTED_EDGE('',*,*,#7957,.T.);
#7957 = EDGE_CURVE('',#7949,#7958,#7960,.T.);
#7958 = VERTEX_POINT('',#7959);
#7959 = CARTESIAN_POINT('',(-0.476372563014,3.25,4.443042482993));
#7960 = B_SPLINE_CURVE_WITH_KNOTS('',1,(#7961,#7962),.UNSPECIFIED.,.F.,
  .F.,(2,2),(-0.,9.999999999999E-04),.PIECEWISE_BEZIER_KNOTS.);
#7961 = CARTESIAN_POINT('',(-0.476372563014,3.251,4.443042482993));
#7962 = CARTESIAN_POINT('',(-0.476372563014,3.25,4.443042482993));
#7963 = ORIENTED_EDGE('',*,*,#7964,.F.);
#7964 = EDGE_CURVE('',#7920,#7958,#7965,.T.);
#7965 = B_SPLINE_CURVE_WITH_KNOTS('',3,(#7966,#7967,#7968,#7969),
  .UNSPECIFIED.,.F.,.F.,(4,4),(5.,6.),.PIECEWISE_BEZIER_KNOTS.);
#7966 = CARTESIAN_POINT('',(-0.510299863824,3.25,4.46967068323));
#7967 = CARTESIAN_POINT('',(-0.502798010458,3.25,4.451828437387));
#7968 = CARTESIAN_POINT('',(-0.491511438277,3.25,4.443042482993));
#7969 = CARTESIAN_POINT('',(-0.476372563014,3.25,4.443042482993));
#7970 = B_SPLINE_SURFACE_WITH_KNOTS('',3,1,(
    (#7971,#7972)
    ,(#7973,#7974)
    ,(#7975,#7976)
    ,(#7977,#7978
    )),.UNSPECIFIED.,.F.,.F.,.F.,(4,4),(2,2),(5.,6.),(0.,1.),
  .PIECEWISE_BEZIER_KNOTS.);
#7971 = CARTESIAN_POINT('',(-0.510299863824,3.251,4.46967068323));
#7972 = CARTESIAN_POINT('',(-0.510299863824,3.25,4.46967068323));
#7973 = CARTESIAN_POINT('',(-0.502798010458,3.251,4.451828437387));
#7974 = CARTESIAN_POINT('',(-0.502798010458,3.25,4.451828437387));
#7975 = CARTESIAN_POINT('',(-0.491511438277,3.251,4.443042482993));
#7976 = CARTESIAN_POINT('',(-0.491511438277,3.25,4.443042482993));
#7977 = CARTESIAN_POINT('',(-0.476372563014,3.251,4.443042482993));
#7978 = CARTESIAN_POINT('',(-0.476372563014,3.25,4.443042482993));
#7979 = ADVANCED_FACE('',(#7980),#8006,.F.);
#7980 = FACE_BOUND('',#7981,.F.);
#7981 = EDGE_LOOP('',(#7982,#7983,#7992,#7999));
#7982 = ORIENTED_EDGE('',*,*,#7957,.F.);
#7983 = ORIENTED_EDGE('',*,*,#7984,.T.);
#7984 = EDGE_CURVE('',#7949,#7985,#7987,.T.);
#7985 = VERTEX_POINT('',#7986);
#7986 = CARTESIAN_POINT('',(-0.457584137467,3.251,4.44682720181));
#7987 = B_SPLINE_CURVE_WITH_KNOTS('',3,(#7988,#7989,#7990,#7991),
  .UNSPECIFIED.,.F.,.F.,(4,4),(4.,5.),.PIECEWISE_BEZIER_KNOTS.);
#7988 = CARTESIAN_POINT('',(-0.476372563014,3.251,4.443042482993));
#7989 = CARTESIAN_POINT('',(-0.470289979204,3.251,4.443042482993));
#7990 = CARTESIAN_POINT('',(-0.464072226865,3.251,4.444258999756));
#7991 = CARTESIAN_POINT('',(-0.457584137467,3.251,4.44682720181));
#7992 = ORIENTED_EDGE('',*,*,#7993,.T.);
#7993 = EDGE_CURVE('',#7985,#7994,#7996,.T.);
#7994 = VERTEX_POINT('',#7995);
#7995 = CARTESIAN_POINT('',(-0.457584137467,3.25,4.44682720181));
#7996 = B_SPLINE_CURVE_WITH_KNOTS('',1,(#7997,#7998),.UNSPECIFIED.,.F.,
  .F.,(2,2),(-0.,9.999999999999E-04),.PIECEWISE_BEZIER_KNOTS.);
#7997 = CARTESIAN_POINT('',(-0.457584137467,3.251,4.44682720181));
#7998 = CARTESIAN_POINT('',(-0.457584137467,3.25,4.44682720181));
#7999 = ORIENTED_EDGE('',*,*,#8000,.F.);
#8000 = EDGE_CURVE('',#7958,#7994,#8001,.T.);
#8001 = B_SPLINE_CURVE_WITH_KNOTS('',3,(#8002,#8003,#8004,#8005),
  .UNSPECIFIED.,.F.,.F.,(4,4),(4.,5.),.PIECEWISE_BEZIER_KNOTS.);
#8002 = CARTESIAN_POINT('',(-0.476372563014,3.25,4.443042482993));
#8003 = CARTESIAN_POINT('',(-0.470289979204,3.25,4.443042482993));
#8004 = CARTESIAN_POINT('',(-0.464072226865,3.25,4.444258999756));
#8005 = CARTESIAN_POINT('',(-0.457584137467,3.25,4.44682720181));
#8006 = B_SPLINE_SURFACE_WITH_KNOTS('',3,1,(
    (#8007,#8008)
    ,(#8009,#8010)
    ,(#8011,#8012)
    ,(#8013,#8014
    )),.UNSPECIFIED.,.F.,.F.,.F.,(4,4),(2,2),(4.,5.),(0.,1.),
  .PIECEWISE_BEZIER_KNOTS.);
#8007 = CARTESIAN_POINT('',(-0.476372563014,3.251,4.443042482993));
#8008 = CARTESIAN_POINT('',(-0.476372563014,3.25,4.443042482993));
#8009 = CARTESIAN_POINT('',(-0.470289979204,3.251,4.443042482993));
#8010 = CARTESIAN_POINT('',(-0.470289979204,3.25,4.443042482993));
#8011 = CARTESIAN_POINT('',(-0.464072226865,3.251,4.444258999756));
#8012 = CARTESIAN_POINT('',(-0.464072226865,3.25,4.444258999756));
#8013 = CARTESIAN_POINT('',(-0.457584137467,3.251,4.44682720181));
#8014 = CARTESIAN_POINT('',(-0.457584137467,3.25,4.44682720181));
#8015 = ADVANCED_FACE('',(#8016),#8038,.F.);
#8016 = FACE_BOUND('',#8017,.T.);
#8017 = EDGE_LOOP('',(#8018,#8025,#8032,#8037));
#8018 = ORIENTED_EDGE('',*,*,#8019,.T.);
#8019 = EDGE_CURVE('',#7994,#8020,#8022,.T.);
#8020 = VERTEX_POINT('',#8021);
#8021 = CARTESIAN_POINT('',(-0.457584137467,3.25,4.41736046246));
#8022 = B_SPLINE_CURVE_WITH_KNOTS('',1,(#8023,#8024),.UNSPECIFIED.,.F.,
  .F.,(2,2),(-2.946673934908E-02,8.169931535228E-31),
  .PIECEWISE_BEZIER_KNOTS.);
#8023 = CARTESIAN_POINT('',(-0.457584137467,3.25,4.44682720181));
#8024 = CARTESIAN_POINT('',(-0.457584137467,3.25,4.41736046246));
#8025 = ORIENTED_EDGE('',*,*,#8026,.F.);
#8026 = EDGE_CURVE('',#8027,#8020,#8029,.T.);
#8027 = VERTEX_POINT('',#8028);
#8028 = CARTESIAN_POINT('',(-0.457584137467,3.251,4.41736046246));
#8029 = B_SPLINE_CURVE_WITH_KNOTS('',1,(#8030,#8031),.UNSPECIFIED.,.F.,
  .F.,(2,2),(-0.,9.999999999999E-04),.PIECEWISE_BEZIER_KNOTS.);
#8030 = CARTESIAN_POINT('',(-0.457584137467,3.251,4.41736046246));
#8031 = CARTESIAN_POINT('',(-0.457584137467,3.25,4.41736046246));
#8032 = ORIENTED_EDGE('',*,*,#8033,.F.);
#8033 = EDGE_CURVE('',#7985,#8027,#8034,.T.);
#8034 = B_SPLINE_CURVE_WITH_KNOTS('',1,(#8035,#8036),.UNSPECIFIED.,.F.,
  .F.,(2,2),(-2.946673934908E-02,8.169931535228E-31),
  .PIECEWISE_BEZIER_KNOTS.);
#8035 = CARTESIAN_POINT('',(-0.457584137467,3.251,4.44682720181));
#8036 = CARTESIAN_POINT('',(-0.457584137467,3.251,4.41736046246));
#8037 = ORIENTED_EDGE('',*,*,#7993,.T.);
#8038 = B_SPLINE_SURFACE_WITH_KNOTS('',1,1,(
    (#8039,#8040)
    ,(#8041,#8042
    )),.UNSPECIFIED.,.F.,.F.,.F.,(2,2),(2,2),(-8.169931535228E-31,
    2.946673934908E-02),(-9.999999999999E-04,0.),
  .PIECEWISE_BEZIER_KNOTS.);
#8039 = CARTESIAN_POINT('',(-0.457584137467,3.25,4.41736046246));
#8040 = CARTESIAN_POINT('',(-0.457584137467,3.251,4.41736046246));
#8041 = CARTESIAN_POINT('',(-0.457584137467,3.25,4.44682720181));
#8042 = CARTESIAN_POINT('',(-0.457584137467,3.251,4.44682720181));
#8043 = ADVANCED_FACE('',(#8044),#8070,.F.);
#8044 = FACE_BOUND('',#8045,.F.);
#8045 = EDGE_LOOP('',(#8046,#8047,#8056,#8063));
#8046 = ORIENTED_EDGE('',*,*,#8026,.F.);
#8047 = ORIENTED_EDGE('',*,*,#8048,.T.);
#8048 = EDGE_CURVE('',#8027,#8049,#8051,.T.);
#8049 = VERTEX_POINT('',#8050);
#8050 = CARTESIAN_POINT('',(-0.478940765068,3.251,4.414657091878));
#8051 = B_SPLINE_CURVE_WITH_KNOTS('',3,(#8052,#8053,#8054,#8055),
  .UNSPECIFIED.,.F.,.F.,(4,4),(2.,3.),.PIECEWISE_BEZIER_KNOTS.);
#8052 = CARTESIAN_POINT('',(-0.457584137467,3.251,4.41736046246));
#8053 = CARTESIAN_POINT('',(-0.463463968484,3.251,4.415603271582));
#8054 = CARTESIAN_POINT('',(-0.470627900527,3.251,4.414657091878));
#8055 = CARTESIAN_POINT('',(-0.478940765068,3.251,4.414657091878));
#8056 = ORIENTED_EDGE('',*,*,#8057,.T.);
#8057 = EDGE_CURVE('',#8049,#8058,#8060,.T.);
#8058 = VERTEX_POINT('',#8059);
#8059 = CARTESIAN_POINT('',(-0.478940765068,3.25,4.414657091878));
#8060 = B_SPLINE_CURVE_WITH_KNOTS('',1,(#8061,#8062),.UNSPECIFIED.,.F.,
  .F.,(2,2),(-0.,9.999999999999E-04),.PIECEWISE_BEZIER_KNOTS.);
#8061 = CARTESIAN_POINT('',(-0.478940765068,3.251,4.414657091878));
#8062 = CARTESIAN_POINT('',(-0.478940765068,3.25,4.414657091878));
#8063 = ORIENTED_EDGE('',*,*,#8064,.F.);
#8064 = EDGE_CURVE('',#8020,#8058,#8065,.T.);
#8065 = B_SPLINE_CURVE_WITH_KNOTS('',3,(#8066,#8067,#8068,#8069),
  .UNSPECIFIED.,.F.,.F.,(4,4),(2.,3.),.PIECEWISE_BEZIER_KNOTS.);
#8066 = CARTESIAN_POINT('',(-0.457584137467,3.25,4.41736046246));
#8067 = CARTESIAN_POINT('',(-0.463463968484,3.25,4.415603271582));
#8068 = CARTESIAN_POINT('',(-0.470627900527,3.25,4.414657091878));
#8069 = CARTESIAN_POINT('',(-0.478940765068,3.25,4.414657091878));
#8070 = B_SPLINE_SURFACE_WITH_KNOTS('',3,1,(
    (#8071,#8072)
    ,(#8073,#8074)
    ,(#8075,#8076)
    ,(#8077,#8078
    )),.UNSPECIFIED.,.F.,.F.,.F.,(4,4),(2,2),(2.,3.),(0.,1.),
  .PIECEWISE_BEZIER_KNOTS.);
#8071 = CARTESIAN_POINT('',(-0.457584137467,3.251,4.41736046246));
#8072 = CARTESIAN_POINT('',(-0.457584137467,3.25,4.41736046246));
#8073 = CARTESIAN_POINT('',(-0.463463968484,3.251,4.415603271582));
#8074 = CARTESIAN_POINT('',(-0.463463968484,3.25,4.415603271582));
#8075 = CARTESIAN_POINT('',(-0.470627900527,3.251,4.414657091878));
#8076 = CARTESIAN_POINT('',(-0.470627900527,3.25,4.414657091878));
#8077 = CARTESIAN_POINT('',(-0.478940765068,3.251,4.414657091878));
#8078 = CARTESIAN_POINT('',(-0.478940765068,3.25,4.414657091878));
#8079 = ADVANCED_FACE('',(#8080),#8106,.F.);
#8080 = FACE_BOUND('',#8081,.F.);
#8081 = EDGE_LOOP('',(#8082,#8083,#8092,#8099));
#8082 = ORIENTED_EDGE('',*,*,#8057,.F.);
#8083 = ORIENTED_EDGE('',*,*,#8084,.T.);
#8084 = EDGE_CURVE('',#8049,#8085,#8087,.T.);
#8085 = VERTEX_POINT('',#8086);
#8086 = CARTESIAN_POINT('',(-0.546322276835,3.251,4.475077424396));
#8087 = B_SPLINE_CURVE_WITH_KNOTS('',3,(#8088,#8089,#8090,#8091),
  .UNSPECIFIED.,.F.,.F.,(4,4),(1.,2.),.PIECEWISE_BEZIER_KNOTS.);
#8088 = CARTESIAN_POINT('',(-0.478940765068,3.251,4.414657091878));
#8089 = CARTESIAN_POINT('',(-0.507934414564,3.251,4.414657091878));
#8090 = CARTESIAN_POINT('',(-0.530372390399,3.251,4.434797202717));
#8091 = CARTESIAN_POINT('',(-0.546322276835,3.251,4.475077424396));
#8092 = ORIENTED_EDGE('',*,*,#8093,.T.);
#8093 = EDGE_CURVE('',#8085,#8094,#8096,.T.);
#8094 = VERTEX_POINT('',#8095);
#8095 = CARTESIAN_POINT('',(-0.546322276835,3.25,4.475077424396));
#8096 = B_SPLINE_CURVE_WITH_KNOTS('',1,(#8097,#8098),.UNSPECIFIED.,.F.,
  .F.,(2,2),(-0.,9.999999999999E-04),.PIECEWISE_BEZIER_KNOTS.);
#8097 = CARTESIAN_POINT('',(-0.546322276835,3.251,4.475077424396));
#8098 = CARTESIAN_POINT('',(-0.546322276835,3.25,4.475077424396));
#8099 = ORIENTED_EDGE('',*,*,#8100,.F.);
#8100 = EDGE_CURVE('',#8058,#8094,#8101,.T.);
#8101 = B_SPLINE_CURVE_WITH_KNOTS('',3,(#8102,#8103,#8104,#8105),
  .UNSPECIFIED.,.F.,.F.,(4,4),(1.,2.),.PIECEWISE_BEZIER_KNOTS.);
#8102 = CARTESIAN_POINT('',(-0.478940765068,3.25,4.414657091878));
#8103 = CARTESIAN_POINT('',(-0.507934414564,3.25,4.414657091878));
#8104 = CARTESIAN_POINT('',(-0.530372390399,3.25,4.434797202717));
#8105 = CARTESIAN_POINT('',(-0.546322276835,3.25,4.475077424396));
#8106 = B_SPLINE_SURFACE_WITH_KNOTS('',3,1,(
    (#8107,#8108)
    ,(#8109,#8110)
    ,(#8111,#8112)
    ,(#8113,#8114
    )),.UNSPECIFIED.,.F.,.F.,.F.,(4,4),(2,2),(1.,2.),(0.,1.),
  .PIECEWISE_BEZIER_KNOTS.);
#8107 = CARTESIAN_POINT('',(-0.478940765068,3.251,4.414657091878));
#8108 = CARTESIAN_POINT('',(-0.478940765068,3.25,4.414657091878));
#8109 = CARTESIAN_POINT('',(-0.507934414564,3.251,4.414657091878));
#8110 = CARTESIAN_POINT('',(-0.507934414564,3.25,4.414657091878));
#8111 = CARTESIAN_POINT('',(-0.530372390399,3.251,4.434797202717));
#8112 = CARTESIAN_POINT('',(-0.530372390399,3.25,4.434797202717));
#8113 = CARTESIAN_POINT('',(-0.546322276835,3.251,4.475077424396));
#8114 = CARTESIAN_POINT('',(-0.546322276835,3.25,4.475077424396));
#8115 = ADVANCED_FACE('',(#8116),#8130,.F.);
#8116 = FACE_BOUND('',#8117,.T.);
#8117 = EDGE_LOOP('',(#8118,#8123,#8124,#8129));
#8118 = ORIENTED_EDGE('',*,*,#8119,.T.);
#8119 = EDGE_CURVE('',#8094,#7680,#8120,.T.);
#8120 = B_SPLINE_CURVE_WITH_KNOTS('',1,(#8121,#8122),.UNSPECIFIED.,.F.,
  .F.,(2,2),(-0.233635195587,0.),.PIECEWISE_BEZIER_KNOTS.);
#8121 = CARTESIAN_POINT('',(-0.546322276835,3.25,4.475077424396));
#8122 = CARTESIAN_POINT('',(-0.632019124297,3.25,4.692428419222));
#8123 = ORIENTED_EDGE('',*,*,#7702,.F.);
#8124 = ORIENTED_EDGE('',*,*,#8125,.F.);
#8125 = EDGE_CURVE('',#8085,#7696,#8126,.T.);
#8126 = B_SPLINE_CURVE_WITH_KNOTS('',1,(#8127,#8128),.UNSPECIFIED.,.F.,
  .F.,(2,2),(-0.233635195587,0.),.PIECEWISE_BEZIER_KNOTS.);
#8127 = CARTESIAN_POINT('',(-0.546322276835,3.251,4.475077424396));
#8128 = CARTESIAN_POINT('',(-0.632019124297,3.251,4.692428419222));
#8129 = ORIENTED_EDGE('',*,*,#8093,.T.);
#8130 = B_SPLINE_SURFACE_WITH_KNOTS('',1,1,(
    (#8131,#8132)
    ,(#8133,#8134
    )),.UNSPECIFIED.,.F.,.F.,.F.,(2,2),(2,2),(0.,0.233635195587),(
    -9.999999999999E-04,0.),.PIECEWISE_BEZIER_KNOTS.);
#8131 = CARTESIAN_POINT('',(-0.632019124297,3.25,4.692428419222));
#8132 = CARTESIAN_POINT('',(-0.632019124297,3.251,4.692428419222));
#8133 = CARTESIAN_POINT('',(-0.546322276835,3.25,4.475077424396));
#8134 = CARTESIAN_POINT('',(-0.546322276835,3.251,4.475077424396));
#8135 = ADVANCED_FACE('',(#8136),#8153,.T.);
#8136 = FACE_BOUND('',#8137,.T.);
#8137 = EDGE_LOOP('',(#8138,#8139,#8140,#8141,#8142,#8143,#8144,#8145,
    #8146,#8147,#8148,#8149,#8150,#8151,#8152));
#8138 = ORIENTED_EDGE('',*,*,#7695,.T.);
#8139 = ORIENTED_EDGE('',*,*,#7729,.T.);
#8140 = ORIENTED_EDGE('',*,*,#7744,.T.);
#8141 = ORIENTED_EDGE('',*,*,#7793,.T.);
#8142 = ORIENTED_EDGE('',*,*,#7821,.T.);
#8143 = ORIENTED_EDGE('',*,*,#7849,.T.);
#8144 = ORIENTED_EDGE('',*,*,#7877,.T.);
#8145 = ORIENTED_EDGE('',*,*,#7905,.T.);
#8146 = ORIENTED_EDGE('',*,*,#7933,.T.);
#8147 = ORIENTED_EDGE('',*,*,#7948,.T.);
#8148 = ORIENTED_EDGE('',*,*,#7984,.T.);
#8149 = ORIENTED_EDGE('',*,*,#8033,.T.);
#8150 = ORIENTED_EDGE('',*,*,#8048,.T.);
#8151 = ORIENTED_EDGE('',*,*,#8084,.T.);
#8152 = ORIENTED_EDGE('',*,*,#8125,.T.);
#8153 = B_SPLINE_SURFACE_WITH_KNOTS('',1,1,(
    (#8154,#8155)
    ,(#8156,#8157
    )),.UNSPECIFIED.,.F.,.F.,.F.,(2,2),(2,2),(-1.510508312965E-02,
    0.262666244215),(-0.114496192198,6.676480535286E-02),
  .PIECEWISE_BEZIER_KNOTS.);
#8154 = CARTESIAN_POINT('',(-0.632019124297,3.251,4.414657091878));
#8155 = CARTESIAN_POINT('',(-0.450758126746,3.251,4.414657091878));
#8156 = CARTESIAN_POINT('',(-0.632019124297,3.251,4.692428419222));
#8157 = CARTESIAN_POINT('',(-0.450758126746,3.251,4.692428419222));
#8158 = ADVANCED_FACE('',(#8159),#8176,.F.);
#8159 = FACE_BOUND('',#8160,.T.);
#8160 = EDGE_LOOP('',(#8161,#8162,#8163,#8164,#8165,#8166,#8167,#8168,
    #8169,#8170,#8171,#8172,#8173,#8174,#8175));
#8161 = ORIENTED_EDGE('',*,*,#7679,.F.);
#8162 = ORIENTED_EDGE('',*,*,#8119,.F.);
#8163 = ORIENTED_EDGE('',*,*,#8100,.F.);
#8164 = ORIENTED_EDGE('',*,*,#8064,.F.);
#8165 = ORIENTED_EDGE('',*,*,#8019,.F.);
#8166 = ORIENTED_EDGE('',*,*,#8000,.F.);
#8167 = ORIENTED_EDGE('',*,*,#7964,.F.);
#8168 = ORIENTED_EDGE('',*,*,#7919,.F.);
#8169 = ORIENTED_EDGE('',*,*,#7891,.F.);
#8170 = ORIENTED_EDGE('',*,*,#7863,.F.);
#8171 = ORIENTED_EDGE('',*,*,#7835,.F.);
#8172 = ORIENTED_EDGE('',*,*,#7807,.F.);
#8173 = ORIENTED_EDGE('',*,*,#7779,.F.);
#8174 = ORIENTED_EDGE('',*,*,#7760,.F.);
#8175 = ORIENTED_EDGE('',*,*,#7715,.F.);
#8176 = B_SPLINE_SURFACE_WITH_KNOTS('',1,1,(
    (#8177,#8178)
    ,(#8179,#8180
    )),.UNSPECIFIED.,.F.,.F.,.F.,(2,2),(2,2),(-1.510508312965E-02,
    0.262666244215),(-0.114496192198,6.676480535286E-02),
  .PIECEWISE_BEZIER_KNOTS.);
#8177 = CARTESIAN_POINT('',(-0.632019124297,3.25,4.414657091878));
#8178 = CARTESIAN_POINT('',(-0.450758126746,3.25,4.414657091878));
#8179 = CARTESIAN_POINT('',(-0.632019124297,3.25,4.692428419222));
#8180 = CARTESIAN_POINT('',(-0.450758126746,3.25,4.692428419222));
#8181 = MANIFOLD_SOLID_BREP('',#8182);
#8182 = CLOSED_SHELL('',(#8183,#8219,#8247,#8275,#8303,#8331,#8359,#8387
    ,#8415,#8443,#8471,#8499,#8519,#8539));
#8183 = ADVANCED_FACE('',(#8184),#8214,.F.);
#8184 = FACE_BOUND('',#8185,.T.);
#8185 = EDGE_LOOP('',(#8186,#8195,#8202,#8209));
#8186 = ORIENTED_EDGE('',*,*,#8187,.T.);
#8187 = EDGE_CURVE('',#8188,#8190,#8192,.T.);
#8188 = VERTEX_POINT('',#8189);
#8189 = CARTESIAN_POINT('',(-0.809900908622,3.25,4.503597984041));
#8190 = VERTEX_POINT('',#8191);
#8191 = CARTESIAN_POINT('',(-0.809900908622,3.25,4.533740566035));
#8192 = B_SPLINE_CURVE_WITH_KNOTS('',1,(#8193,#8194),.UNSPECIFIED.,.F.,
  .F.,(2,2),(-3.014258199392E-02,0.),.PIECEWISE_BEZIER_KNOTS.);
#8193 = CARTESIAN_POINT('',(-0.809900908622,3.25,4.503597984041));
#8194 = CARTESIAN_POINT('',(-0.809900908622,3.25,4.533740566035));
#8195 = ORIENTED_EDGE('',*,*,#8196,.F.);
#8196 = EDGE_CURVE('',#8197,#8190,#8199,.T.);
#8197 = VERTEX_POINT('',#8198);
#8198 = CARTESIAN_POINT('',(-0.809900908622,3.251,4.533740566035));
#8199 = B_SPLINE_CURVE_WITH_KNOTS('',1,(#8200,#8201),.UNSPECIFIED.,.F.,
  .F.,(2,2),(-0.,9.999999999999E-04),.PIECEWISE_BEZIER_KNOTS.);
#8200 = CARTESIAN_POINT('',(-0.809900908622,3.251,4.533740566035));
#8201 = CARTESIAN_POINT('',(-0.809900908622,3.25,4.533740566035));
#8202 = ORIENTED_EDGE('',*,*,#8203,.F.);
#8203 = EDGE_CURVE('',#8204,#8197,#8206,.T.);
#8204 = VERTEX_POINT('',#8205);
#8205 = CARTESIAN_POINT('',(-0.809900908622,3.251,4.503597984041));
#8206 = B_SPLINE_CURVE_WITH_KNOTS('',1,(#8207,#8208),.UNSPECIFIED.,.F.,
  .F.,(2,2),(-3.014258199392E-02,0.),.PIECEWISE_BEZIER_KNOTS.);
#8207 = CARTESIAN_POINT('',(-0.809900908622,3.251,4.503597984041));
#8208 = CARTESIAN_POINT('',(-0.809900908622,3.251,4.533740566035));
#8209 = ORIENTED_EDGE('',*,*,#8210,.T.);
#8210 = EDGE_CURVE('',#8204,#8188,#8211,.T.);
#8211 = B_SPLINE_CURVE_WITH_KNOTS('',1,(#8212,#8213),.UNSPECIFIED.,.F.,
  .F.,(2,2),(-0.,9.999999999999E-04),.PIECEWISE_BEZIER_KNOTS.);
#8212 = CARTESIAN_POINT('',(-0.809900908622,3.251,4.503597984041));
#8213 = CARTESIAN_POINT('',(-0.809900908622,3.25,4.503597984041));
#8214 = B_SPLINE_SURFACE_WITH_KNOTS('',1,1,(
    (#8215,#8216)
    ,(#8217,#8218
    )),.UNSPECIFIED.,.F.,.F.,.F.,(2,2),(2,2),(0.,3.014258199392E-02),(
    -9.999999999999E-04,0.),.PIECEWISE_BEZIER_KNOTS.);
#8215 = CARTESIAN_POINT('',(-0.809900908622,3.25,4.533740566035));
#8216 = CARTESIAN_POINT('',(-0.809900908622,3.251,4.533740566035));
#8217 = CARTESIAN_POINT('',(-0.809900908622,3.25,4.503597984041));
#8218 = CARTESIAN_POINT('',(-0.809900908622,3.251,4.503597984041));
#8219 = ADVANCED_FACE('',(#8220),#8242,.F.);
#8220 = FACE_BOUND('',#8221,.T.);
#8221 = EDGE_LOOP('',(#8222,#8229,#8236,#8241));
#8222 = ORIENTED_EDGE('',*,*,#8223,.T.);
#8223 = EDGE_CURVE('',#8190,#8224,#8226,.T.);
#8224 = VERTEX_POINT('',#8225);
#8225 = CARTESIAN_POINT('',(-0.70183366959,3.25,4.533740566035));
#8226 = B_SPLINE_CURVE_WITH_KNOTS('',1,(#8227,#8228),.UNSPECIFIED.,.F.,
  .F.,(2,2),(-0.108067239032,0.),.PIECEWISE_BEZIER_KNOTS.);
#8227 = CARTESIAN_POINT('',(-0.809900908622,3.25,4.533740566035));
#8228 = CARTESIAN_POINT('',(-0.70183366959,3.25,4.533740566035));
#8229 = ORIENTED_EDGE('',*,*,#8230,.F.);
#8230 = EDGE_CURVE('',#8231,#8224,#8233,.T.);
#8231 = VERTEX_POINT('',#8232);
#8232 = CARTESIAN_POINT('',(-0.70183366959,3.251,4.533740566035));
#8233 = B_SPLINE_CURVE_WITH_KNOTS('',1,(#8234,#8235),.UNSPECIFIED.,.F.,
  .F.,(2,2),(-0.,9.999999999999E-04),.PIECEWISE_BEZIER_KNOTS.);
#8234 = CARTESIAN_POINT('',(-0.70183366959,3.251,4.533740566035));
#8235 = CARTESIAN_POINT('',(-0.70183366959,3.25,4.533740566035));
#8236 = ORIENTED_EDGE('',*,*,#8237,.F.);
#8237 = EDGE_CURVE('',#8197,#8231,#8238,.T.);
#8238 = B_SPLINE_CURVE_WITH_KNOTS('',1,(#8239,#8240),.UNSPECIFIED.,.F.,
  .F.,(2,2),(-0.108067239032,0.),.PIECEWISE_BEZIER_KNOTS.);
#8239 = CARTESIAN_POINT('',(-0.809900908622,3.251,4.533740566035));
#8240 = CARTESIAN_POINT('',(-0.70183366959,3.251,4.533740566035));
#8241 = ORIENTED_EDGE('',*,*,#8196,.T.);
#8242 = B_SPLINE_SURFACE_WITH_KNOTS('',1,1,(
    (#8243,#8244)
    ,(#8245,#8246
    )),.UNSPECIFIED.,.F.,.F.,.F.,(2,2),(2,2),(0.,0.108067239032),(
    -9.999999999999E-04,0.),.PIECEWISE_BEZIER_KNOTS.);
#8243 = CARTESIAN_POINT('',(-0.70183366959,3.25,4.533740566035));
#8244 = CARTESIAN_POINT('',(-0.70183366959,3.251,4.533740566035));
#8245 = CARTESIAN_POINT('',(-0.809900908622,3.25,4.533740566035));
#8246 = CARTESIAN_POINT('',(-0.809900908622,3.251,4.533740566035));
#8247 = ADVANCED_FACE('',(#8248),#8270,.F.);
#8248 = FACE_BOUND('',#8249,.T.);
#8249 = EDGE_LOOP('',(#8250,#8257,#8264,#8269));
#8250 = ORIENTED_EDGE('',*,*,#8251,.T.);
#8251 = EDGE_CURVE('',#8224,#8252,#8254,.T.);
#8252 = VERTEX_POINT('',#8253);
#8253 = CARTESIAN_POINT('',(-0.70183366959,3.25,4.622681458196));
#8254 = B_SPLINE_CURVE_WITH_KNOTS('',1,(#8255,#8256),.UNSPECIFIED.,.F.,
  .F.,(2,2),(-8.894089216131E-02,0.),.PIECEWISE_BEZIER_KNOTS.);
#8255 = CARTESIAN_POINT('',(-0.70183366959,3.25,4.533740566035));
#8256 = CARTESIAN_POINT('',(-0.70183366959,3.25,4.622681458196));
#8257 = ORIENTED_EDGE('',*,*,#8258,.F.);
#8258 = EDGE_CURVE('',#8259,#8252,#8261,.T.);
#8259 = VERTEX_POINT('',#8260);
#8260 = CARTESIAN_POINT('',(-0.70183366959,3.251,4.622681458196));
#8261 = B_SPLINE_CURVE_WITH_KNOTS('',1,(#8262,#8263),.UNSPECIFIED.,.F.,
  .F.,(2,2),(-0.,9.999999999999E-04),.PIECEWISE_BEZIER_KNOTS.);
#8262 = CARTESIAN_POINT('',(-0.70183366959,3.251,4.622681458196));
#8263 = CARTESIAN_POINT('',(-0.70183366959,3.25,4.622681458196));
#8264 = ORIENTED_EDGE('',*,*,#8265,.F.);
#8265 = EDGE_CURVE('',#8231,#8259,#8266,.T.);
#8266 = B_SPLINE_CURVE_WITH_KNOTS('',1,(#8267,#8268),.UNSPECIFIED.,.F.,
  .F.,(2,2),(-8.894089216131E-02,0.),.PIECEWISE_BEZIER_KNOTS.);
#8267 = CARTESIAN_POINT('',(-0.70183366959,3.251,4.533740566035));
#8268 = CARTESIAN_POINT('',(-0.70183366959,3.251,4.622681458196));
#8269 = ORIENTED_EDGE('',*,*,#8230,.T.);
#8270 = B_SPLINE_SURFACE_WITH_KNOTS('',1,1,(
    (#8271,#8272)
    ,(#8273,#8274
    )),.UNSPECIFIED.,.F.,.F.,.F.,(2,2),(2,2),(-0.,8.894089216131E-02),(
    -9.999999999999E-04,0.),.PIECEWISE_BEZIER_KNOTS.);
#8271 = CARTESIAN_POINT('',(-0.70183366959,3.25,4.622681458196));
#8272 = CARTESIAN_POINT('',(-0.70183366959,3.251,4.622681458196));
#8273 = CARTESIAN_POINT('',(-0.70183366959,3.25,4.533740566035));
#8274 = CARTESIAN_POINT('',(-0.70183366959,3.251,4.533740566035));
#8275 = ADVANCED_FACE('',(#8276),#8298,.F.);
#8276 = FACE_BOUND('',#8277,.T.);
#8277 = EDGE_LOOP('',(#8278,#8285,#8292,#8297));
#8278 = ORIENTED_EDGE('',*,*,#8279,.T.);
#8279 = EDGE_CURVE('',#8252,#8280,#8282,.T.);
#8280 = VERTEX_POINT('',#8281);
#8281 = CARTESIAN_POINT('',(-0.796384055709,3.25,4.622681458196));
#8282 = B_SPLINE_CURVE_WITH_KNOTS('',1,(#8283,#8284),.UNSPECIFIED.,.F.,
  .F.,(2,2),(-9.455038611886E-02,0.),.PIECEWISE_BEZIER_KNOTS.);
#8283 = CARTESIAN_POINT('',(-0.70183366959,3.25,4.622681458196));
#8284 = CARTESIAN_POINT('',(-0.796384055709,3.25,4.622681458196));
#8285 = ORIENTED_EDGE('',*,*,#8286,.F.);
#8286 = EDGE_CURVE('',#8287,#8280,#8289,.T.);
#8287 = VERTEX_POINT('',#8288);
#8288 = CARTESIAN_POINT('',(-0.796384055709,3.251,4.622681458196));
#8289 = B_SPLINE_CURVE_WITH_KNOTS('',1,(#8290,#8291),.UNSPECIFIED.,.F.,
  .F.,(2,2),(-0.,9.999999999999E-04),.PIECEWISE_BEZIER_KNOTS.);
#8290 = CARTESIAN_POINT('',(-0.796384055709,3.251,4.622681458196));
#8291 = CARTESIAN_POINT('',(-0.796384055709,3.25,4.622681458196));
#8292 = ORIENTED_EDGE('',*,*,#8293,.F.);
#8293 = EDGE_CURVE('',#8259,#8287,#8294,.T.);
#8294 = B_SPLINE_CURVE_WITH_KNOTS('',1,(#8295,#8296),.UNSPECIFIED.,.F.,
  .F.,(2,2),(-9.455038611886E-02,0.),.PIECEWISE_BEZIER_KNOTS.);
#8295 = CARTESIAN_POINT('',(-0.70183366959,3.251,4.622681458196));
#8296 = CARTESIAN_POINT('',(-0.796384055709,3.251,4.622681458196));
#8297 = ORIENTED_EDGE('',*,*,#8258,.T.);
#8298 = B_SPLINE_SURFACE_WITH_KNOTS('',1,1,(
    (#8299,#8300)
    ,(#8301,#8302
    )),.UNSPECIFIED.,.F.,.F.,.F.,(2,2),(2,2),(0.,9.455038611886E-02),(
    -9.999999999999E-04,0.),.PIECEWISE_BEZIER_KNOTS.);
#8299 = CARTESIAN_POINT('',(-0.796384055709,3.25,4.622681458196));
#8300 = CARTESIAN_POINT('',(-0.796384055709,3.251,4.622681458196));
#8301 = CARTESIAN_POINT('',(-0.70183366959,3.25,4.622681458196));
#8302 = CARTESIAN_POINT('',(-0.70183366959,3.251,4.622681458196));
#8303 = ADVANCED_FACE('',(#8304),#8326,.F.);
#8304 = FACE_BOUND('',#8305,.T.);
#8305 = EDGE_LOOP('',(#8306,#8313,#8320,#8325));
#8306 = ORIENTED_EDGE('',*,*,#8307,.T.);
#8307 = EDGE_CURVE('',#8280,#8308,#8310,.T.);
#8308 = VERTEX_POINT('',#8309);
#8309 = CARTESIAN_POINT('',(-0.796384055709,3.25,4.652959208719));
#8310 = B_SPLINE_CURVE_WITH_KNOTS('',1,(#8311,#8312),.UNSPECIFIED.,.F.,
  .F.,(2,2),(-3.027775052289E-02,0.),.PIECEWISE_BEZIER_KNOTS.);
#8311 = CARTESIAN_POINT('',(-0.796384055709,3.25,4.622681458196));
#8312 = CARTESIAN_POINT('',(-0.796384055709,3.25,4.652959208719));
#8313 = ORIENTED_EDGE('',*,*,#8314,.F.);
#8314 = EDGE_CURVE('',#8315,#8308,#8317,.T.);
#8315 = VERTEX_POINT('',#8316);
#8316 = CARTESIAN_POINT('',(-0.796384055709,3.251,4.652959208719));
#8317 = B_SPLINE_CURVE_WITH_KNOTS('',1,(#8318,#8319),.UNSPECIFIED.,.F.,
  .F.,(2,2),(-0.,9.999999999999E-04),.PIECEWISE_BEZIER_KNOTS.);
#8318 = CARTESIAN_POINT('',(-0.796384055709,3.251,4.652959208719));
#8319 = CARTESIAN_POINT('',(-0.796384055709,3.25,4.652959208719));
#8320 = ORIENTED_EDGE('',*,*,#8321,.F.);
#8321 = EDGE_CURVE('',#8287,#8315,#8322,.T.);
#8322 = B_SPLINE_CURVE_WITH_KNOTS('',1,(#8323,#8324),.UNSPECIFIED.,.F.,
  .F.,(2,2),(-3.027775052289E-02,0.),.PIECEWISE_BEZIER_KNOTS.);
#8323 = CARTESIAN_POINT('',(-0.796384055709,3.251,4.622681458196));
#8324 = CARTESIAN_POINT('',(-0.796384055709,3.251,4.652959208719));
#8325 = ORIENTED_EDGE('',*,*,#8286,.T.);
#8326 = B_SPLINE_SURFACE_WITH_KNOTS('',1,1,(
    (#8327,#8328)
    ,(#8329,#8330
    )),.UNSPECIFIED.,.F.,.F.,.F.,(2,2),(2,2),(0.,3.027775052289E-02),(
    -9.999999999999E-04,0.),.PIECEWISE_BEZIER_KNOTS.);
#8327 = CARTESIAN_POINT('',(-0.796384055709,3.25,4.652959208719));
#8328 = CARTESIAN_POINT('',(-0.796384055709,3.251,4.652959208719));
#8329 = CARTESIAN_POINT('',(-0.796384055709,3.25,4.622681458196));
#8330 = CARTESIAN_POINT('',(-0.796384055709,3.251,4.622681458196));
#8331 = ADVANCED_FACE('',(#8332),#8354,.F.);
#8332 = FACE_BOUND('',#8333,.T.);
#8333 = EDGE_LOOP('',(#8334,#8341,#8348,#8353));
#8334 = ORIENTED_EDGE('',*,*,#8335,.T.);
#8335 = EDGE_CURVE('',#8308,#8336,#8338,.T.);
#8336 = VERTEX_POINT('',#8337);
#8337 = CARTESIAN_POINT('',(-0.70183366959,3.25,4.652959208719));
#8338 = B_SPLINE_CURVE_WITH_KNOTS('',1,(#8339,#8340),.UNSPECIFIED.,.F.,
  .F.,(2,2),(-9.455038611886E-02,0.),.PIECEWISE_BEZIER_KNOTS.);
#8339 = CARTESIAN_POINT('',(-0.796384055709,3.25,4.652959208719));
#8340 = CARTESIAN_POINT('',(-0.70183366959,3.25,4.652959208719));
#8341 = ORIENTED_EDGE('',*,*,#8342,.F.);
#8342 = EDGE_CURVE('',#8343,#8336,#8345,.T.);
#8343 = VERTEX_POINT('',#8344);
#8344 = CARTESIAN_POINT('',(-0.70183366959,3.251,4.652959208719));
#8345 = B_SPLINE_CURVE_WITH_KNOTS('',1,(#8346,#8347),.UNSPECIFIED.,.F.,
  .F.,(2,2),(-0.,9.999999999999E-04),.PIECEWISE_BEZIER_KNOTS.);
#8346 = CARTESIAN_POINT('',(-0.70183366959,3.251,4.652959208719));
#8347 = CARTESIAN_POINT('',(-0.70183366959,3.25,4.652959208719));
#8348 = ORIENTED_EDGE('',*,*,#8349,.F.);
#8349 = EDGE_CURVE('',#8315,#8343,#8350,.T.);
#8350 = B_SPLINE_CURVE_WITH_KNOTS('',1,(#8351,#8352),.UNSPECIFIED.,.F.,
  .F.,(2,2),(-9.455038611886E-02,0.),.PIECEWISE_BEZIER_KNOTS.);
#8351 = CARTESIAN_POINT('',(-0.796384055709,3.251,4.652959208719));
#8352 = CARTESIAN_POINT('',(-0.70183366959,3.251,4.652959208719));
#8353 = ORIENTED_EDGE('',*,*,#8314,.T.);
#8354 = B_SPLINE_SURFACE_WITH_KNOTS('',1,1,(
    (#8355,#8356)
    ,(#8357,#8358
    )),.UNSPECIFIED.,.F.,.F.,.F.,(2,2),(2,2),(0.,9.455038611886E-02),(
    -9.999999999999E-04,0.),.PIECEWISE_BEZIER_KNOTS.);
#8355 = CARTESIAN_POINT('',(-0.70183366959,3.25,4.652959208719));
#8356 = CARTESIAN_POINT('',(-0.70183366959,3.251,4.652959208719));
#8357 = CARTESIAN_POINT('',(-0.796384055709,3.25,4.652959208719));
#8358 = CARTESIAN_POINT('',(-0.796384055709,3.251,4.652959208719));
#8359 = ADVANCED_FACE('',(#8360),#8382,.F.);
#8360 = FACE_BOUND('',#8361,.T.);
#8361 = EDGE_LOOP('',(#8362,#8369,#8376,#8381));
#8362 = ORIENTED_EDGE('',*,*,#8363,.T.);
#8363 = EDGE_CURVE('',#8336,#8364,#8366,.T.);
#8364 = VERTEX_POINT('',#8365);
#8365 = CARTESIAN_POINT('',(-0.70183366959,3.25,4.73757470795));
#8366 = B_SPLINE_CURVE_WITH_KNOTS('',1,(#8367,#8368),.UNSPECIFIED.,.F.,
  .F.,(2,2),(-8.461549923077E-02,0.),.PIECEWISE_BEZIER_KNOTS.);
#8367 = CARTESIAN_POINT('',(-0.70183366959,3.25,4.652959208719));
#8368 = CARTESIAN_POINT('',(-0.70183366959,3.25,4.73757470795));
#8369 = ORIENTED_EDGE('',*,*,#8370,.F.);
#8370 = EDGE_CURVE('',#8371,#8364,#8373,.T.);
#8371 = VERTEX_POINT('',#8372);
#8372 = CARTESIAN_POINT('',(-0.70183366959,3.251,4.73757470795));
#8373 = B_SPLINE_CURVE_WITH_KNOTS('',1,(#8374,#8375),.UNSPECIFIED.,.F.,
  .F.,(2,2),(-0.,9.999999999999E-04),.PIECEWISE_BEZIER_KNOTS.);
#8374 = CARTESIAN_POINT('',(-0.70183366959,3.251,4.73757470795));
#8375 = CARTESIAN_POINT('',(-0.70183366959,3.25,4.73757470795));
#8376 = ORIENTED_EDGE('',*,*,#8377,.F.);
#8377 = EDGE_CURVE('',#8343,#8371,#8378,.T.);
#8378 = B_SPLINE_CURVE_WITH_KNOTS('',1,(#8379,#8380),.UNSPECIFIED.,.F.,
  .F.,(2,2),(-8.461549923077E-02,0.),.PIECEWISE_BEZIER_KNOTS.);
#8379 = CARTESIAN_POINT('',(-0.70183366959,3.251,4.652959208719));
#8380 = CARTESIAN_POINT('',(-0.70183366959,3.251,4.73757470795));
#8381 = ORIENTED_EDGE('',*,*,#8342,.T.);
#8382 = B_SPLINE_SURFACE_WITH_KNOTS('',1,1,(
    (#8383,#8384)
    ,(#8385,#8386
    )),.UNSPECIFIED.,.F.,.F.,.F.,(2,2),(2,2),(-0.,8.461549923077E-02),(
    -9.999999999999E-04,0.),.PIECEWISE_BEZIER_KNOTS.);
#8383 = CARTESIAN_POINT('',(-0.70183366959,3.25,4.73757470795));
#8384 = CARTESIAN_POINT('',(-0.70183366959,3.251,4.73757470795));
#8385 = CARTESIAN_POINT('',(-0.70183366959,3.25,4.652959208719));
#8386 = CARTESIAN_POINT('',(-0.70183366959,3.251,4.652959208719));
#8387 = ADVANCED_FACE('',(#8388),#8410,.F.);
#8388 = FACE_BOUND('',#8389,.T.);
#8389 = EDGE_LOOP('',(#8390,#8397,#8404,#8409));
#8390 = ORIENTED_EDGE('',*,*,#8391,.T.);
#8391 = EDGE_CURVE('',#8364,#8392,#8394,.T.);
#8392 = VERTEX_POINT('',#8393);
#8393 = CARTESIAN_POINT('',(-0.803885909076,3.25,4.73757470795));
#8394 = B_SPLINE_CURVE_WITH_KNOTS('',1,(#8395,#8396),.UNSPECIFIED.,.F.,
  .F.,(2,2),(-0.102052239486,0.),.PIECEWISE_BEZIER_KNOTS.);
#8395 = CARTESIAN_POINT('',(-0.70183366959,3.25,4.73757470795));
#8396 = CARTESIAN_POINT('',(-0.803885909076,3.25,4.73757470795));
#8397 = ORIENTED_EDGE('',*,*,#8398,.F.);
#8398 = EDGE_CURVE('',#8399,#8392,#8401,.T.);
#8399 = VERTEX_POINT('',#8400);
#8400 = CARTESIAN_POINT('',(-0.803885909076,3.251,4.73757470795));
#8401 = B_SPLINE_CURVE_WITH_KNOTS('',1,(#8402,#8403),.UNSPECIFIED.,.F.,
  .F.,(2,2),(-0.,9.999999999999E-04),.PIECEWISE_BEZIER_KNOTS.);
#8402 = CARTESIAN_POINT('',(-0.803885909076,3.251,4.73757470795));
#8403 = CARTESIAN_POINT('',(-0.803885909076,3.25,4.73757470795));
#8404 = ORIENTED_EDGE('',*,*,#8405,.F.);
#8405 = EDGE_CURVE('',#8371,#8399,#8406,.T.);
#8406 = B_SPLINE_CURVE_WITH_KNOTS('',1,(#8407,#8408),.UNSPECIFIED.,.F.,
  .F.,(2,2),(-0.102052239486,0.),.PIECEWISE_BEZIER_KNOTS.);
#8407 = CARTESIAN_POINT('',(-0.70183366959,3.251,4.73757470795));
#8408 = CARTESIAN_POINT('',(-0.803885909076,3.251,4.73757470795));
#8409 = ORIENTED_EDGE('',*,*,#8370,.T.);
#8410 = B_SPLINE_SURFACE_WITH_KNOTS('',1,1,(
    (#8411,#8412)
    ,(#8413,#8414
    )),.UNSPECIFIED.,.F.,.F.,.F.,(2,2),(2,2),(0.,0.102052239486),(
    -9.999999999999E-04,0.),.PIECEWISE_BEZIER_KNOTS.);
#8411 = CARTESIAN_POINT('',(-0.803885909076,3.25,4.73757470795));
#8412 = CARTESIAN_POINT('',(-0.803885909076,3.251,4.73757470795));
#8413 = CARTESIAN_POINT('',(-0.70183366959,3.25,4.73757470795));
#8414 = CARTESIAN_POINT('',(-0.70183366959,3.251,4.73757470795));
#8415 = ADVANCED_FACE('',(#8416),#8438,.F.);
#8416 = FACE_BOUND('',#8417,.T.);
#8417 = EDGE_LOOP('',(#8418,#8425,#8432,#8437));
#8418 = ORIENTED_EDGE('',*,*,#8419,.T.);
#8419 = EDGE_CURVE('',#8392,#8420,#8422,.T.);
#8420 = VERTEX_POINT('',#8421);
#8421 = CARTESIAN_POINT('',(-0.803885909076,3.25,4.767987627001));
#8422 = B_SPLINE_CURVE_WITH_KNOTS('',1,(#8423,#8424),.UNSPECIFIED.,.F.,
  .F.,(2,2),(-3.041291905185E-02,0.),.PIECEWISE_BEZIER_KNOTS.);
#8423 = CARTESIAN_POINT('',(-0.803885909076,3.25,4.73757470795));
#8424 = CARTESIAN_POINT('',(-0.803885909076,3.25,4.767987627001));
#8425 = ORIENTED_EDGE('',*,*,#8426,.F.);
#8426 = EDGE_CURVE('',#8427,#8420,#8429,.T.);
#8427 = VERTEX_POINT('',#8428);
#8428 = CARTESIAN_POINT('',(-0.803885909076,3.251,4.767987627001));
#8429 = B_SPLINE_CURVE_WITH_KNOTS('',1,(#8430,#8431),.UNSPECIFIED.,.F.,
  .F.,(2,2),(-0.,9.999999999999E-04),.PIECEWISE_BEZIER_KNOTS.);
#8430 = CARTESIAN_POINT('',(-0.803885909076,3.251,4.767987627001));
#8431 = CARTESIAN_POINT('',(-0.803885909076,3.25,4.767987627001));
#8432 = ORIENTED_EDGE('',*,*,#8433,.F.);
#8433 = EDGE_CURVE('',#8399,#8427,#8434,.T.);
#8434 = B_SPLINE_CURVE_WITH_KNOTS('',1,(#8435,#8436),.UNSPECIFIED.,.F.,
  .F.,(2,2),(-3.041291905185E-02,0.),.PIECEWISE_BEZIER_KNOTS.);
#8435 = CARTESIAN_POINT('',(-0.803885909076,3.251,4.73757470795));
#8436 = CARTESIAN_POINT('',(-0.803885909076,3.251,4.767987627001));
#8437 = ORIENTED_EDGE('',*,*,#8398,.T.);
#8438 = B_SPLINE_SURFACE_WITH_KNOTS('',1,1,(
    (#8439,#8440)
    ,(#8441,#8442
    )),.UNSPECIFIED.,.F.,.F.,.F.,(2,2),(2,2),(0.,3.041291905185E-02),(
    -9.999999999999E-04,0.),.PIECEWISE_BEZIER_KNOTS.);
#8439 = CARTESIAN_POINT('',(-0.803885909076,3.25,4.767987627001));
#8440 = CARTESIAN_POINT('',(-0.803885909076,3.251,4.767987627001));
#8441 = CARTESIAN_POINT('',(-0.803885909076,3.25,4.73757470795));
#8442 = CARTESIAN_POINT('',(-0.803885909076,3.251,4.73757470795));
#8443 = ADVANCED_FACE('',(#8444),#8466,.F.);
#8444 = FACE_BOUND('',#8445,.T.);
#8445 = EDGE_LOOP('',(#8446,#8453,#8460,#8465));
#8446 = ORIENTED_EDGE('',*,*,#8447,.T.);
#8447 = EDGE_CURVE('',#8420,#8448,#8450,.T.);
#8448 = VERTEX_POINT('',#8449);
#8449 = CARTESIAN_POINT('',(-0.667703615986,3.25,4.767987627001));
#8450 = B_SPLINE_CURVE_WITH_KNOTS('',1,(#8451,#8452),.UNSPECIFIED.,.F.,
  .F.,(2,2),(-0.136182293089,0.),.PIECEWISE_BEZIER_KNOTS.);
#8451 = CARTESIAN_POINT('',(-0.803885909076,3.25,4.767987627001));
#8452 = CARTESIAN_POINT('',(-0.667703615986,3.25,4.767987627001));
#8453 = ORIENTED_EDGE('',*,*,#8454,.F.);
#8454 = EDGE_CURVE('',#8455,#8448,#8457,.T.);
#8455 = VERTEX_POINT('',#8456);
#8456 = CARTESIAN_POINT('',(-0.667703615986,3.251,4.767987627001));
#8457 = B_SPLINE_CURVE_WITH_KNOTS('',1,(#8458,#8459),.UNSPECIFIED.,.F.,
  .F.,(2,2),(-0.,9.999999999999E-04),.PIECEWISE_BEZIER_KNOTS.);
#8458 = CARTESIAN_POINT('',(-0.667703615986,3.251,4.767987627001));
#8459 = CARTESIAN_POINT('',(-0.667703615986,3.25,4.767987627001));
#8460 = ORIENTED_EDGE('',*,*,#8461,.F.);
#8461 = EDGE_CURVE('',#8427,#8455,#8462,.T.);
#8462 = B_SPLINE_CURVE_WITH_KNOTS('',1,(#8463,#8464),.UNSPECIFIED.,.F.,
  .F.,(2,2),(-0.136182293089,0.),.PIECEWISE_BEZIER_KNOTS.);
#8463 = CARTESIAN_POINT('',(-0.803885909076,3.251,4.767987627001));
#8464 = CARTESIAN_POINT('',(-0.667703615986,3.251,4.767987627001));
#8465 = ORIENTED_EDGE('',*,*,#8426,.T.);
#8466 = B_SPLINE_SURFACE_WITH_KNOTS('',1,1,(
    (#8467,#8468)
    ,(#8469,#8470
    )),.UNSPECIFIED.,.F.,.F.,.F.,(2,2),(2,2),(0.,0.136182293089),(
    -9.999999999999E-04,0.),.PIECEWISE_BEZIER_KNOTS.);
#8467 = CARTESIAN_POINT('',(-0.667703615986,3.25,4.767987627001));
#8468 = CARTESIAN_POINT('',(-0.667703615986,3.251,4.767987627001));
#8469 = CARTESIAN_POINT('',(-0.803885909076,3.25,4.767987627001));
#8470 = CARTESIAN_POINT('',(-0.803885909076,3.251,4.767987627001));
#8471 = ADVANCED_FACE('',(#8472),#8494,.F.);
#8472 = FACE_BOUND('',#8473,.T.);
#8473 = EDGE_LOOP('',(#8474,#8481,#8488,#8493));
#8474 = ORIENTED_EDGE('',*,*,#8475,.T.);
#8475 = EDGE_CURVE('',#8448,#8476,#8478,.T.);
#8476 = VERTEX_POINT('',#8477);
#8477 = CARTESIAN_POINT('',(-0.667703615986,3.25,4.503597984041));
#8478 = B_SPLINE_CURVE_WITH_KNOTS('',1,(#8479,#8480),.UNSPECIFIED.,.F.,
  .F.,(2,2),(-0.264389642961,-0.),.PIECEWISE_BEZIER_KNOTS.);
#8479 = CARTESIAN_POINT('',(-0.667703615986,3.25,4.767987627001));
#8480 = CARTESIAN_POINT('',(-0.667703615986,3.25,4.503597984041));
#8481 = ORIENTED_EDGE('',*,*,#8482,.F.);
#8482 = EDGE_CURVE('',#8483,#8476,#8485,.T.);
#8483 = VERTEX_POINT('',#8484);
#8484 = CARTESIAN_POINT('',(-0.667703615986,3.251,4.503597984041));
#8485 = B_SPLINE_CURVE_WITH_KNOTS('',1,(#8486,#8487),.UNSPECIFIED.,.F.,
  .F.,(2,2),(-0.,9.999999999999E-04),.PIECEWISE_BEZIER_KNOTS.);
#8486 = CARTESIAN_POINT('',(-0.667703615986,3.251,4.503597984041));
#8487 = CARTESIAN_POINT('',(-0.667703615986,3.25,4.503597984041));
#8488 = ORIENTED_EDGE('',*,*,#8489,.F.);
#8489 = EDGE_CURVE('',#8455,#8483,#8490,.T.);
#8490 = B_SPLINE_CURVE_WITH_KNOTS('',1,(#8491,#8492),.UNSPECIFIED.,.F.,
  .F.,(2,2),(-0.264389642961,-0.),.PIECEWISE_BEZIER_KNOTS.);
#8491 = CARTESIAN_POINT('',(-0.667703615986,3.251,4.767987627001));
#8492 = CARTESIAN_POINT('',(-0.667703615986,3.251,4.503597984041));
#8493 = ORIENTED_EDGE('',*,*,#8454,.T.);
#8494 = B_SPLINE_SURFACE_WITH_KNOTS('',1,1,(
    (#8495,#8496)
    ,(#8497,#8498
    )),.UNSPECIFIED.,.F.,.F.,.F.,(2,2),(2,2),(0.,0.264389642961),(
    -9.999999999999E-04,0.),.PIECEWISE_BEZIER_KNOTS.);
#8495 = CARTESIAN_POINT('',(-0.667703615986,3.25,4.503597984041));
#8496 = CARTESIAN_POINT('',(-0.667703615986,3.251,4.503597984041));
#8497 = CARTESIAN_POINT('',(-0.667703615986,3.25,4.767987627001));
#8498 = CARTESIAN_POINT('',(-0.667703615986,3.251,4.767987627001));
#8499 = ADVANCED_FACE('',(#8500),#8514,.F.);
#8500 = FACE_BOUND('',#8501,.T.);
#8501 = EDGE_LOOP('',(#8502,#8507,#8508,#8513));
#8502 = ORIENTED_EDGE('',*,*,#8503,.T.);
#8503 = EDGE_CURVE('',#8476,#8188,#8504,.T.);
#8504 = B_SPLINE_CURVE_WITH_KNOTS('',1,(#8505,#8506),.UNSPECIFIED.,.F.,
  .F.,(2,2),(-0.142197292636,0.),.PIECEWISE_BEZIER_KNOTS.);
#8505 = CARTESIAN_POINT('',(-0.667703615986,3.25,4.503597984041));
#8506 = CARTESIAN_POINT('',(-0.809900908622,3.25,4.503597984041));
#8507 = ORIENTED_EDGE('',*,*,#8210,.F.);
#8508 = ORIENTED_EDGE('',*,*,#8509,.F.);
#8509 = EDGE_CURVE('',#8483,#8204,#8510,.T.);
#8510 = B_SPLINE_CURVE_WITH_KNOTS('',1,(#8511,#8512),.UNSPECIFIED.,.F.,
  .F.,(2,2),(-0.142197292636,0.),.PIECEWISE_BEZIER_KNOTS.);
#8511 = CARTESIAN_POINT('',(-0.667703615986,3.251,4.503597984041));
#8512 = CARTESIAN_POINT('',(-0.809900908622,3.251,4.503597984041));
#8513 = ORIENTED_EDGE('',*,*,#8482,.T.);
#8514 = B_SPLINE_SURFACE_WITH_KNOTS('',1,1,(
    (#8515,#8516)
    ,(#8517,#8518
    )),.UNSPECIFIED.,.F.,.F.,.F.,(2,2),(2,2),(0.,0.142197292636),(
    -9.999999999999E-04,0.),.PIECEWISE_BEZIER_KNOTS.);
#8515 = CARTESIAN_POINT('',(-0.809900908622,3.25,4.503597984041));
#8516 = CARTESIAN_POINT('',(-0.809900908622,3.251,4.503597984041));
#8517 = CARTESIAN_POINT('',(-0.667703615986,3.25,4.503597984041));
#8518 = CARTESIAN_POINT('',(-0.667703615986,3.251,4.503597984041));
#8519 = ADVANCED_FACE('',(#8520),#8534,.F.);
#8520 = FACE_BOUND('',#8521,.T.);
#8521 = EDGE_LOOP('',(#8522,#8523,#8524,#8525,#8526,#8527,#8528,#8529,
    #8530,#8531,#8532,#8533));
#8522 = ORIENTED_EDGE('',*,*,#8203,.T.);
#8523 = ORIENTED_EDGE('',*,*,#8237,.T.);
#8524 = ORIENTED_EDGE('',*,*,#8265,.T.);
#8525 = ORIENTED_EDGE('',*,*,#8293,.T.);
#8526 = ORIENTED_EDGE('',*,*,#8321,.T.);
#8527 = ORIENTED_EDGE('',*,*,#8349,.T.);
#8528 = ORIENTED_EDGE('',*,*,#8377,.T.);
#8529 = ORIENTED_EDGE('',*,*,#8405,.T.);
#8530 = ORIENTED_EDGE('',*,*,#8433,.T.);
#8531 = ORIENTED_EDGE('',*,*,#8461,.T.);
#8532 = ORIENTED_EDGE('',*,*,#8489,.T.);
#8533 = ORIENTED_EDGE('',*,*,#8509,.T.);
#8534 = B_SPLINE_SURFACE_WITH_KNOTS('',1,1,(
    (#8535,#8536)
    ,(#8537,#8538
    )),.UNSPECIFIED.,.F.,.F.,.F.,(2,2),(2,2),(-0.859920708901,
    -0.59553106594),(-0.809900908622,-0.667703615986),
  .PIECEWISE_BEZIER_KNOTS.);
#8535 = CARTESIAN_POINT('',(-0.809900908622,3.251,4.767987627001));
#8536 = CARTESIAN_POINT('',(-0.667703615986,3.251,4.767987627001));
#8537 = CARTESIAN_POINT('',(-0.809900908622,3.251,4.503597984041));
#8538 = CARTESIAN_POINT('',(-0.667703615986,3.251,4.503597984041));
#8539 = ADVANCED_FACE('',(#8540),#8554,.T.);
#8540 = FACE_BOUND('',#8541,.T.);
#8541 = EDGE_LOOP('',(#8542,#8543,#8544,#8545,#8546,#8547,#8548,#8549,
    #8550,#8551,#8552,#8553));
#8542 = ORIENTED_EDGE('',*,*,#8187,.F.);
#8543 = ORIENTED_EDGE('',*,*,#8503,.F.);
#8544 = ORIENTED_EDGE('',*,*,#8475,.F.);
#8545 = ORIENTED_EDGE('',*,*,#8447,.F.);
#8546 = ORIENTED_EDGE('',*,*,#8419,.F.);
#8547 = ORIENTED_EDGE('',*,*,#8391,.F.);
#8548 = ORIENTED_EDGE('',*,*,#8363,.F.);
#8549 = ORIENTED_EDGE('',*,*,#8335,.F.);
#8550 = ORIENTED_EDGE('',*,*,#8307,.F.);
#8551 = ORIENTED_EDGE('',*,*,#8279,.F.);
#8552 = ORIENTED_EDGE('',*,*,#8251,.F.);
#8553 = ORIENTED_EDGE('',*,*,#8223,.F.);
#8554 = B_SPLINE_SURFACE_WITH_KNOTS('',1,1,(
    (#8555,#8556)
    ,(#8557,#8558
    )),.UNSPECIFIED.,.F.,.F.,.F.,(2,2),(2,2),(-0.859920708901,
    -0.59553106594),(-0.809900908622,-0.667703615986),
  .PIECEWISE_BEZIER_KNOTS.);
#8555 = CARTESIAN_POINT('',(-0.809900908622,3.25,4.767987627001));
#8556 = CARTESIAN_POINT('',(-0.667703615986,3.25,4.767987627001));
#8557 = CARTESIAN_POINT('',(-0.809900908622,3.25,4.503597984041));
#8558 = CARTESIAN_POINT('',(-0.667703615986,3.25,4.503597984041));
#8559 = MANIFOLD_SOLID_BREP('',#8560);
#8560 = CLOSED_SHELL('',(#8561,#8685,#8809,#8829,#8849,#8869,#8889,#8909
    ,#8925,#8937,#8957,#8973,#8989,#9009,#9029,#9049));
#8561 = ADVANCED_FACE('',(#8562,#8621),#8680,.T.);
#8562 = FACE_BOUND('',#8563,.T.);
#8563 = EDGE_LOOP('',(#8564,#8573,#8582,#8591,#8600,#8609,#8616));
#8564 = ORIENTED_EDGE('',*,*,#8565,.T.);
#8565 = EDGE_CURVE('',#8566,#8568,#8570,.T.);
#8566 = VERTEX_POINT('',#8567);
#8567 = CARTESIAN_POINT('',(-0.859845680133,3.251,4.503597984041));
#8568 = VERTEX_POINT('',#8569);
#8569 = CARTESIAN_POINT('',(-0.9325663488,3.251,4.503597984041));
#8570 = B_SPLINE_CURVE_WITH_KNOTS('',1,(#8571,#8572),.UNSPECIFIED.,.F.,
  .F.,(2,2),(-7.272066866724E-02,2.22044604925E-16),
  .PIECEWISE_BEZIER_KNOTS.);
#8571 = CARTESIAN_POINT('',(-0.859845680133,3.251,4.503597984041));
#8572 = CARTESIAN_POINT('',(-0.9325663488,3.251,4.503597984041));
#8573 = ORIENTED_EDGE('',*,*,#8574,.T.);
#8574 = EDGE_CURVE('',#8568,#8575,#8577,.T.);
#8575 = VERTEX_POINT('',#8576);
#8576 = CARTESIAN_POINT('',(-1.035226846666,3.251,4.540634161019));
#8577 = B_SPLINE_CURVE_WITH_KNOTS('',3,(#8578,#8579,#8580,#8581),
  .UNSPECIFIED.,.F.,.F.,(4,4),(5.,6.),.PIECEWISE_BEZIER_KNOTS.);
#8578 = CARTESIAN_POINT('',(-0.9325663488,3.251,4.503597984041));
#8579 = CARTESIAN_POINT('',(-0.974401008562,3.251,4.503597984041));
#8580 = CARTESIAN_POINT('',(-1.008666230695,3.251,4.515898320189));
#8581 = CARTESIAN_POINT('',(-1.035226846666,3.251,4.540634161019));
#8582 = ORIENTED_EDGE('',*,*,#8583,.T.);
#8583 = EDGE_CURVE('',#8575,#8584,#8586,.T.);
#8584 = VERTEX_POINT('',#8585);
#8585 = CARTESIAN_POINT('',(-1.075101562758,3.251,4.639172018748));
#8586 = B_SPLINE_CURVE_WITH_KNOTS('',3,(#8587,#8588,#8589,#8590),
  .UNSPECIFIED.,.F.,.F.,(4,4),(4.,5.),.PIECEWISE_BEZIER_KNOTS.);
#8587 = CARTESIAN_POINT('',(-1.035226846666,3.251,4.540634161019));
#8588 = CARTESIAN_POINT('',(-1.061787462639,3.251,4.565370001849));
#8589 = CARTESIAN_POINT('',(-1.075101562758,3.251,4.598215954424));
#8590 = CARTESIAN_POINT('',(-1.075101562758,3.251,4.639172018748));
#8591 = ORIENTED_EDGE('',*,*,#8592,.T.);
#8592 = EDGE_CURVE('',#8584,#8593,#8595,.T.);
#8593 = VERTEX_POINT('',#8594);
#8594 = CARTESIAN_POINT('',(-1.035226846666,3.251,4.732978977959));
#8595 = B_SPLINE_CURVE_WITH_KNOTS('',3,(#8596,#8597,#8598,#8599),
  .UNSPECIFIED.,.F.,.F.,(4,4),(3.,4.),.PIECEWISE_BEZIER_KNOTS.);
#8596 = CARTESIAN_POINT('',(-1.075101562758,3.251,4.639172018748));
#8597 = CARTESIAN_POINT('',(-1.075101562758,3.251,4.678370892193));
#8598 = CARTESIAN_POINT('',(-1.061787462639,3.251,4.709594822421));
#8599 = CARTESIAN_POINT('',(-1.035226846666,3.251,4.732978977959));
#8600 = ORIENTED_EDGE('',*,*,#8601,.T.);
#8601 = EDGE_CURVE('',#8593,#8602,#8604,.T.);
#8602 = VERTEX_POINT('',#8603);
#8603 = CARTESIAN_POINT('',(-0.935269719381,3.251,4.767987627001));
#8604 = B_SPLINE_CURVE_WITH_KNOTS('',3,(#8605,#8606,#8607,#8608),
  .UNSPECIFIED.,.F.,.F.,(4,4),(2.,3.),.PIECEWISE_BEZIER_KNOTS.);
#8605 = CARTESIAN_POINT('',(-1.035226846666,3.251,4.732978977959));
#8606 = CARTESIAN_POINT('',(-1.008666230695,3.251,4.756363133496));
#8607 = CARTESIAN_POINT('',(-0.975347188265,3.251,4.767987627001));
#8608 = CARTESIAN_POINT('',(-0.935269719381,3.251,4.767987627001));
#8609 = ORIENTED_EDGE('',*,*,#8610,.T.);
#8610 = EDGE_CURVE('',#8602,#8611,#8613,.T.);
#8611 = VERTEX_POINT('',#8612);
#8612 = CARTESIAN_POINT('',(-0.859845680133,3.251,4.767987627001));
#8613 = B_SPLINE_CURVE_WITH_KNOTS('',1,(#8614,#8615),.UNSPECIFIED.,.F.,
  .F.,(2,2),(-7.542403924838E-02,0.),.PIECEWISE_BEZIER_KNOTS.);
#8614 = CARTESIAN_POINT('',(-0.935269719381,3.251,4.767987627001));
#8615 = CARTESIAN_POINT('',(-0.859845680133,3.251,4.767987627001));
#8616 = ORIENTED_EDGE('',*,*,#8617,.T.);
#8617 = EDGE_CURVE('',#8611,#8566,#8618,.T.);
#8618 = B_SPLINE_CURVE_WITH_KNOTS('',1,(#8619,#8620),.UNSPECIFIED.,.F.,
  .F.,(2,2),(-0.264389642961,-0.),.PIECEWISE_BEZIER_KNOTS.);
#8619 = CARTESIAN_POINT('',(-0.859845680133,3.251,4.767987627001));
#8620 = CARTESIAN_POINT('',(-0.859845680133,3.251,4.503597984041));
#8621 = FACE_BOUND('',#8622,.T.);
#8622 = EDGE_LOOP('',(#8623,#8632,#8639,#8648,#8657,#8666,#8675));
#8623 = ORIENTED_EDGE('',*,*,#8624,.F.);
#8624 = EDGE_CURVE('',#8625,#8627,#8629,.T.);
#8625 = VERTEX_POINT('',#8626);
#8626 = CARTESIAN_POINT('',(-0.893975733735,3.251,4.73757470795));
#8627 = VERTEX_POINT('',#8628);
#8628 = CARTESIAN_POINT('',(-0.893975733735,3.251,4.533740566035));
#8629 = B_SPLINE_CURVE_WITH_KNOTS('',1,(#8630,#8631),.UNSPECIFIED.,.F.,
  .F.,(2,2),(0.,0.203834141915),.PIECEWISE_BEZIER_KNOTS.);
#8630 = CARTESIAN_POINT('',(-0.893975733735,3.251,4.73757470795));
#8631 = CARTESIAN_POINT('',(-0.893975733735,3.251,4.533740566035));
#8632 = ORIENTED_EDGE('',*,*,#8633,.F.);
#8633 = EDGE_CURVE('',#8634,#8625,#8636,.T.);
#8634 = VERTEX_POINT('',#8635);
#8635 = CARTESIAN_POINT('',(-0.93391803409,3.251,4.73757470795));
#8636 = B_SPLINE_CURVE_WITH_KNOTS('',1,(#8637,#8638),.UNSPECIFIED.,.F.,
  .F.,(2,2),(-2.22044604925E-16,3.994230035485E-02),
  .PIECEWISE_BEZIER_KNOTS.);
#8637 = CARTESIAN_POINT('',(-0.93391803409,3.251,4.73757470795));
#8638 = CARTESIAN_POINT('',(-0.893975733735,3.251,4.73757470795));
#8639 = ORIENTED_EDGE('',*,*,#8640,.F.);
#8640 = EDGE_CURVE('',#8641,#8634,#8643,.T.);
#8641 = VERTEX_POINT('',#8642);
#8642 = CARTESIAN_POINT('',(-1.010220668778,3.251,4.712703698591));
#8643 = B_SPLINE_CURVE_WITH_KNOTS('',3,(#8644,#8645,#8646,#8647),
  .UNSPECIFIED.,.F.,.F.,(4,4),(5.,6.),.PIECEWISE_BEZIER_KNOTS.);
#8644 = CARTESIAN_POINT('',(-1.010220668778,3.251,4.712703698591));
#8645 = CARTESIAN_POINT('',(-0.990891569114,3.251,4.729329427672));
#8646 = CARTESIAN_POINT('',(-0.965412301375,3.251,4.73757470795));
#8647 = CARTESIAN_POINT('',(-0.93391803409,3.251,4.73757470795));
#8648 = ORIENTED_EDGE('',*,*,#8649,.F.);
#8649 = EDGE_CURVE('',#8650,#8641,#8652,.T.);
#8650 = VERTEX_POINT('',#8651);
#8651 = CARTESIAN_POINT('',(-1.039214318274,3.251,4.638225839045));
#8652 = B_SPLINE_CURVE_WITH_KNOTS('',3,(#8653,#8654,#8655,#8656),
  .UNSPECIFIED.,.F.,.F.,(4,4),(4.,5.),.PIECEWISE_BEZIER_KNOTS.);
#8653 = CARTESIAN_POINT('',(-1.039214318274,3.251,4.638225839045));
#8654 = CARTESIAN_POINT('',(-1.039214318274,3.251,4.671206960151));
#8655 = CARTESIAN_POINT('',(-1.029549768442,3.251,4.696077969508));
#8656 = CARTESIAN_POINT('',(-1.010220668778,3.251,4.712703698591));
#8657 = ORIENTED_EDGE('',*,*,#8658,.F.);
#8658 = EDGE_CURVE('',#8659,#8650,#8661,.T.);
#8659 = VERTEX_POINT('',#8660);
#8660 = CARTESIAN_POINT('',(-1.010964095689,3.251,4.561314945975));
#8661 = B_SPLINE_CURVE_WITH_KNOTS('',3,(#8662,#8663,#8664,#8665),
  .UNSPECIFIED.,.F.,.F.,(4,4),(3.,4.),.PIECEWISE_BEZIER_KNOTS.);
#8662 = CARTESIAN_POINT('',(-1.010964095689,3.251,4.561314945975));
#8663 = CARTESIAN_POINT('',(-1.029820105502,3.251,4.579562697407));
#8664 = CARTESIAN_POINT('',(-1.039214318274,3.251,4.605244717939));
#8665 = CARTESIAN_POINT('',(-1.039214318274,3.251,4.638225839045));
#8666 = ORIENTED_EDGE('',*,*,#8667,.F.);
#8667 = EDGE_CURVE('',#8668,#8659,#8670,.T.);
#8668 = VERTEX_POINT('',#8669);
#8669 = CARTESIAN_POINT('',(-0.932363596005,3.251,4.533740566035));
#8670 = B_SPLINE_CURVE_WITH_KNOTS('',3,(#8671,#8672,#8673,#8674),
  .UNSPECIFIED.,.F.,.F.,(4,4),(2.,3.),.PIECEWISE_BEZIER_KNOTS.);
#8671 = CARTESIAN_POINT('',(-0.932363596005,3.251,4.533740566035));
#8672 = CARTESIAN_POINT('',(-0.965952975491,3.251,4.533740566035));
#8673 = CARTESIAN_POINT('',(-0.992175670141,3.251,4.542932026013));
#8674 = CARTESIAN_POINT('',(-1.010964095689,3.251,4.561314945975));
#8675 = ORIENTED_EDGE('',*,*,#8676,.F.);
#8676 = EDGE_CURVE('',#8627,#8668,#8677,.T.);
#8677 = B_SPLINE_CURVE_WITH_KNOTS('',1,(#8678,#8679),.UNSPECIFIED.,.F.,
  .F.,(2,2),(0.,3.838786226993E-02),.PIECEWISE_BEZIER_KNOTS.);
#8678 = CARTESIAN_POINT('',(-0.893975733735,3.251,4.533740566035));
#8679 = CARTESIAN_POINT('',(-0.932363596005,3.251,4.533740566035));
#8680 = B_SPLINE_SURFACE_WITH_KNOTS('',1,1,(
    (#8681,#8682)
    ,(#8683,#8684
    )),.UNSPECIFIED.,.F.,.F.,.F.,(2,2),(2,2),(-0.255654376766,
    8.735266194865E-03),(-8.47844598922E-02,0.130471422733),
  .PIECEWISE_BEZIER_KNOTS.);
#8681 = CARTESIAN_POINT('',(-1.075101562758,3.251,4.503597984041));
#8682 = CARTESIAN_POINT('',(-0.859845680133,3.251,4.503597984041));
#8683 = CARTESIAN_POINT('',(-1.075101562758,3.251,4.767987627001));
#8684 = CARTESIAN_POINT('',(-0.859845680133,3.251,4.767987627001));
#8685 = ADVANCED_FACE('',(#8686,#8745),#8804,.F.);
#8686 = FACE_BOUND('',#8687,.T.);
#8687 = EDGE_LOOP('',(#8688,#8697,#8704,#8711,#8720,#8729,#8738));
#8688 = ORIENTED_EDGE('',*,*,#8689,.F.);
#8689 = EDGE_CURVE('',#8690,#8692,#8694,.T.);
#8690 = VERTEX_POINT('',#8691);
#8691 = CARTESIAN_POINT('',(-0.859845680133,3.25,4.503597984041));
#8692 = VERTEX_POINT('',#8693);
#8693 = CARTESIAN_POINT('',(-0.9325663488,3.25,4.503597984041));
#8694 = B_SPLINE_CURVE_WITH_KNOTS('',1,(#8695,#8696),.UNSPECIFIED.,.F.,
  .F.,(2,2),(-7.272066866724E-02,2.22044604925E-16),
  .PIECEWISE_BEZIER_KNOTS.);
#8695 = CARTESIAN_POINT('',(-0.859845680133,3.25,4.503597984041));
#8696 = CARTESIAN_POINT('',(-0.9325663488,3.25,4.503597984041));
#8697 = ORIENTED_EDGE('',*,*,#8698,.F.);
#8698 = EDGE_CURVE('',#8699,#8690,#8701,.T.);
#8699 = VERTEX_POINT('',#8700);
#8700 = CARTESIAN_POINT('',(-0.859845680133,3.25,4.767987627001));
#8701 = B_SPLINE_CURVE_WITH_KNOTS('',1,(#8702,#8703),.UNSPECIFIED.,.F.,
  .F.,(2,2),(-0.264389642961,-0.),.PIECEWISE_BEZIER_KNOTS.);
#8702 = CARTESIAN_POINT('',(-0.859845680133,3.25,4.767987627001));
#8703 = CARTESIAN_POINT('',(-0.859845680133,3.25,4.503597984041));
#8704 = ORIENTED_EDGE('',*,*,#8705,.F.);
#8705 = EDGE_CURVE('',#8706,#8699,#8708,.T.);
#8706 = VERTEX_POINT('',#8707);
#8707 = CARTESIAN_POINT('',(-0.935269719381,3.25,4.767987627001));
#8708 = B_SPLINE_CURVE_WITH_KNOTS('',1,(#8709,#8710),.UNSPECIFIED.,.F.,
  .F.,(2,2),(-7.542403924838E-02,0.),.PIECEWISE_BEZIER_KNOTS.);
#8709 = CARTESIAN_POINT('',(-0.935269719381,3.25,4.767987627001));
#8710 = CARTESIAN_POINT('',(-0.859845680133,3.25,4.767987627001));
#8711 = ORIENTED_EDGE('',*,*,#8712,.F.);
#8712 = EDGE_CURVE('',#8713,#8706,#8715,.T.);
#8713 = VERTEX_POINT('',#8714);
#8714 = CARTESIAN_POINT('',(-1.035226846666,3.25,4.732978977959));
#8715 = B_SPLINE_CURVE_WITH_KNOTS('',3,(#8716,#8717,#8718,#8719),
  .UNSPECIFIED.,.F.,.F.,(4,4),(2.,3.),.PIECEWISE_BEZIER_KNOTS.);
#8716 = CARTESIAN_POINT('',(-1.035226846666,3.25,4.732978977959));
#8717 = CARTESIAN_POINT('',(-1.008666230695,3.25,4.756363133496));
#8718 = CARTESIAN_POINT('',(-0.975347188265,3.25,4.767987627001));
#8719 = CARTESIAN_POINT('',(-0.935269719381,3.25,4.767987627001));
#8720 = ORIENTED_EDGE('',*,*,#8721,.F.);
#8721 = EDGE_CURVE('',#8722,#8713,#8724,.T.);
#8722 = VERTEX_POINT('',#8723);
#8723 = CARTESIAN_POINT('',(-1.075101562758,3.25,4.639172018748));
#8724 = B_SPLINE_CURVE_WITH_KNOTS('',3,(#8725,#8726,#8727,#8728),
  .UNSPECIFIED.,.F.,.F.,(4,4),(3.,4.),.PIECEWISE_BEZIER_KNOTS.);
#8725 = CARTESIAN_POINT('',(-1.075101562758,3.25,4.639172018748));
#8726 = CARTESIAN_POINT('',(-1.075101562758,3.25,4.678370892193));
#8727 = CARTESIAN_POINT('',(-1.061787462639,3.25,4.709594822421));
#8728 = CARTESIAN_POINT('',(-1.035226846666,3.25,4.732978977959));
#8729 = ORIENTED_EDGE('',*,*,#8730,.F.);
#8730 = EDGE_CURVE('',#8731,#8722,#8733,.T.);
#8731 = VERTEX_POINT('',#8732);
#8732 = CARTESIAN_POINT('',(-1.035226846666,3.25,4.540634161019));
#8733 = B_SPLINE_CURVE_WITH_KNOTS('',3,(#8734,#8735,#8736,#8737),
  .UNSPECIFIED.,.F.,.F.,(4,4),(4.,5.),.PIECEWISE_BEZIER_KNOTS.);
#8734 = CARTESIAN_POINT('',(-1.035226846666,3.25,4.540634161019));
#8735 = CARTESIAN_POINT('',(-1.061787462639,3.25,4.565370001849));
#8736 = CARTESIAN_POINT('',(-1.075101562758,3.25,4.598215954424));
#8737 = CARTESIAN_POINT('',(-1.075101562758,3.25,4.639172018748));
#8738 = ORIENTED_EDGE('',*,*,#8739,.F.);
#8739 = EDGE_CURVE('',#8692,#8731,#8740,.T.);
#8740 = B_SPLINE_CURVE_WITH_KNOTS('',3,(#8741,#8742,#8743,#8744),
  .UNSPECIFIED.,.F.,.F.,(4,4),(5.,6.),.PIECEWISE_BEZIER_KNOTS.);
#8741 = CARTESIAN_POINT('',(-0.9325663488,3.25,4.503597984041));
#8742 = CARTESIAN_POINT('',(-0.974401008562,3.25,4.503597984041));
#8743 = CARTESIAN_POINT('',(-1.008666230695,3.25,4.515898320189));
#8744 = CARTESIAN_POINT('',(-1.035226846666,3.25,4.540634161019));
#8745 = FACE_BOUND('',#8746,.T.);
#8746 = EDGE_LOOP('',(#8747,#8756,#8763,#8770,#8779,#8788,#8797));
#8747 = ORIENTED_EDGE('',*,*,#8748,.T.);
#8748 = EDGE_CURVE('',#8749,#8751,#8753,.T.);
#8749 = VERTEX_POINT('',#8750);
#8750 = CARTESIAN_POINT('',(-0.93391803409,3.25,4.73757470795));
#8751 = VERTEX_POINT('',#8752);
#8752 = CARTESIAN_POINT('',(-0.893975733735,3.25,4.73757470795));
#8753 = B_SPLINE_CURVE_WITH_KNOTS('',1,(#8754,#8755),.UNSPECIFIED.,.F.,
  .F.,(2,2),(-2.22044604925E-16,3.994230035485E-02),
  .PIECEWISE_BEZIER_KNOTS.);
#8754 = CARTESIAN_POINT('',(-0.93391803409,3.25,4.73757470795));
#8755 = CARTESIAN_POINT('',(-0.893975733735,3.25,4.73757470795));
#8756 = ORIENTED_EDGE('',*,*,#8757,.T.);
#8757 = EDGE_CURVE('',#8751,#8758,#8760,.T.);
#8758 = VERTEX_POINT('',#8759);
#8759 = CARTESIAN_POINT('',(-0.893975733735,3.25,4.533740566035));
#8760 = B_SPLINE_CURVE_WITH_KNOTS('',1,(#8761,#8762),.UNSPECIFIED.,.F.,
  .F.,(2,2),(0.,0.203834141915),.PIECEWISE_BEZIER_KNOTS.);
#8761 = CARTESIAN_POINT('',(-0.893975733735,3.25,4.73757470795));
#8762 = CARTESIAN_POINT('',(-0.893975733735,3.25,4.533740566035));
#8763 = ORIENTED_EDGE('',*,*,#8764,.T.);
#8764 = EDGE_CURVE('',#8758,#8765,#8767,.T.);
#8765 = VERTEX_POINT('',#8766);
#8766 = CARTESIAN_POINT('',(-0.932363596005,3.25,4.533740566035));
#8767 = B_SPLINE_CURVE_WITH_KNOTS('',1,(#8768,#8769),.UNSPECIFIED.,.F.,
  .F.,(2,2),(0.,3.838786226993E-02),.PIECEWISE_BEZIER_KNOTS.);
#8768 = CARTESIAN_POINT('',(-0.893975733735,3.25,4.533740566035));
#8769 = CARTESIAN_POINT('',(-0.932363596005,3.25,4.533740566035));
#8770 = ORIENTED_EDGE('',*,*,#8771,.T.);
#8771 = EDGE_CURVE('',#8765,#8772,#8774,.T.);
#8772 = VERTEX_POINT('',#8773);
#8773 = CARTESIAN_POINT('',(-1.010964095689,3.25,4.561314945975));
#8774 = B_SPLINE_CURVE_WITH_KNOTS('',3,(#8775,#8776,#8777,#8778),
  .UNSPECIFIED.,.F.,.F.,(4,4),(2.,3.),.PIECEWISE_BEZIER_KNOTS.);
#8775 = CARTESIAN_POINT('',(-0.932363596005,3.25,4.533740566035));
#8776 = CARTESIAN_POINT('',(-0.965952975491,3.25,4.533740566035));
#8777 = CARTESIAN_POINT('',(-0.992175670141,3.25,4.542932026013));
#8778 = CARTESIAN_POINT('',(-1.010964095689,3.25,4.561314945975));
#8779 = ORIENTED_EDGE('',*,*,#8780,.T.);
#8780 = EDGE_CURVE('',#8772,#8781,#8783,.T.);
#8781 = VERTEX_POINT('',#8782);
#8782 = CARTESIAN_POINT('',(-1.039214318274,3.25,4.638225839045));
#8783 = B_SPLINE_CURVE_WITH_KNOTS('',3,(#8784,#8785,#8786,#8787),
  .UNSPECIFIED.,.F.,.F.,(4,4),(3.,4.),.PIECEWISE_BEZIER_KNOTS.);
#8784 = CARTESIAN_POINT('',(-1.010964095689,3.25,4.561314945975));
#8785 = CARTESIAN_POINT('',(-1.029820105502,3.25,4.579562697407));
#8786 = CARTESIAN_POINT('',(-1.039214318274,3.25,4.605244717939));
#8787 = CARTESIAN_POINT('',(-1.039214318274,3.25,4.638225839045));
#8788 = ORIENTED_EDGE('',*,*,#8789,.T.);
#8789 = EDGE_CURVE('',#8781,#8790,#8792,.T.);
#8790 = VERTEX_POINT('',#8791);
#8791 = CARTESIAN_POINT('',(-1.010220668778,3.25,4.712703698591));
#8792 = B_SPLINE_CURVE_WITH_KNOTS('',3,(#8793,#8794,#8795,#8796),
  .UNSPECIFIED.,.F.,.F.,(4,4),(4.,5.),.PIECEWISE_BEZIER_KNOTS.);
#8793 = CARTESIAN_POINT('',(-1.039214318274,3.25,4.638225839045));
#8794 = CARTESIAN_POINT('',(-1.039214318274,3.25,4.671206960151));
#8795 = CARTESIAN_POINT('',(-1.029549768442,3.25,4.696077969508));
#8796 = CARTESIAN_POINT('',(-1.010220668778,3.25,4.712703698591));
#8797 = ORIENTED_EDGE('',*,*,#8798,.T.);
#8798 = EDGE_CURVE('',#8790,#8749,#8799,.T.);
#8799 = B_SPLINE_CURVE_WITH_KNOTS('',3,(#8800,#8801,#8802,#8803),
  .UNSPECIFIED.,.F.,.F.,(4,4),(5.,6.),.PIECEWISE_BEZIER_KNOTS.);
#8800 = CARTESIAN_POINT('',(-1.010220668778,3.25,4.712703698591));
#8801 = CARTESIAN_POINT('',(-0.990891569114,3.25,4.729329427672));
#8802 = CARTESIAN_POINT('',(-0.965412301375,3.25,4.73757470795));
#8803 = CARTESIAN_POINT('',(-0.93391803409,3.25,4.73757470795));
#8804 = B_SPLINE_SURFACE_WITH_KNOTS('',1,1,(
    (#8805,#8806)
    ,(#8807,#8808
    )),.UNSPECIFIED.,.F.,.F.,.F.,(2,2),(2,2),(-0.255654376766,
    8.735266194865E-03),(-8.47844598922E-02,0.130471422733),
  .PIECEWISE_BEZIER_KNOTS.);
#8805 = CARTESIAN_POINT('',(-1.075101562758,3.25,4.503597984041));
#8806 = CARTESIAN_POINT('',(-0.859845680133,3.25,4.503597984041));
#8807 = CARTESIAN_POINT('',(-1.075101562758,3.25,4.767987627001));
#8808 = CARTESIAN_POINT('',(-0.859845680133,3.25,4.767987627001));
#8809 = ADVANCED_FACE('',(#8810),#8824,.F.);
#8810 = FACE_BOUND('',#8811,.T.);
#8811 = EDGE_LOOP('',(#8812,#8813,#8818,#8819));
#8812 = ORIENTED_EDGE('',*,*,#8689,.T.);
#8813 = ORIENTED_EDGE('',*,*,#8814,.F.);
#8814 = EDGE_CURVE('',#8568,#8692,#8815,.T.);
#8815 = B_SPLINE_CURVE_WITH_KNOTS('',1,(#8816,#8817),.UNSPECIFIED.,.F.,
  .F.,(2,2),(-0.,9.999999999999E-04),.PIECEWISE_BEZIER_KNOTS.);
#8816 = CARTESIAN_POINT('',(-0.9325663488,3.251,4.503597984041));
#8817 = CARTESIAN_POINT('',(-0.9325663488,3.25,4.503597984041));
#8818 = ORIENTED_EDGE('',*,*,#8565,.F.);
#8819 = ORIENTED_EDGE('',*,*,#8820,.T.);
#8820 = EDGE_CURVE('',#8566,#8690,#8821,.T.);
#8821 = B_SPLINE_CURVE_WITH_KNOTS('',1,(#8822,#8823),.UNSPECIFIED.,.F.,
  .F.,(2,2),(-0.,9.999999999999E-04),.PIECEWISE_BEZIER_KNOTS.);
#8822 = CARTESIAN_POINT('',(-0.859845680133,3.251,4.503597984041));
#8823 = CARTESIAN_POINT('',(-0.859845680133,3.25,4.503597984041));
#8824 = B_SPLINE_SURFACE_WITH_KNOTS('',1,1,(
    (#8825,#8826)
    ,(#8827,#8828
    )),.UNSPECIFIED.,.F.,.F.,.F.,(2,2),(2,2),(-2.22044604925E-16,
    7.272066866724E-02),(-9.999999999999E-04,0.),
  .PIECEWISE_BEZIER_KNOTS.);
#8825 = CARTESIAN_POINT('',(-0.9325663488,3.25,4.503597984041));
#8826 = CARTESIAN_POINT('',(-0.9325663488,3.251,4.503597984041));
#8827 = CARTESIAN_POINT('',(-0.859845680133,3.25,4.503597984041));
#8828 = CARTESIAN_POINT('',(-0.859845680133,3.251,4.503597984041));
#8829 = ADVANCED_FACE('',(#8830),#8840,.F.);
#8830 = FACE_BOUND('',#8831,.F.);
#8831 = EDGE_LOOP('',(#8832,#8833,#8834,#8839));
#8832 = ORIENTED_EDGE('',*,*,#8814,.F.);
#8833 = ORIENTED_EDGE('',*,*,#8574,.T.);
#8834 = ORIENTED_EDGE('',*,*,#8835,.T.);
#8835 = EDGE_CURVE('',#8575,#8731,#8836,.T.);
#8836 = B_SPLINE_CURVE_WITH_KNOTS('',1,(#8837,#8838),.UNSPECIFIED.,.F.,
  .F.,(2,2),(-0.,9.999999999999E-04),.PIECEWISE_BEZIER_KNOTS.);
#8837 = CARTESIAN_POINT('',(-1.035226846666,3.251,4.540634161019));
#8838 = CARTESIAN_POINT('',(-1.035226846666,3.25,4.540634161019));
#8839 = ORIENTED_EDGE('',*,*,#8739,.F.);
#8840 = B_SPLINE_SURFACE_WITH_KNOTS('',3,1,(
    (#8841,#8842)
    ,(#8843,#8844)
    ,(#8845,#8846)
    ,(#8847,#8848
    )),.UNSPECIFIED.,.F.,.F.,.F.,(4,4),(2,2),(5.,6.),(0.,1.),
  .PIECEWISE_BEZIER_KNOTS.);
#8841 = CARTESIAN_POINT('',(-0.9325663488,3.251,4.503597984041));
#8842 = CARTESIAN_POINT('',(-0.9325663488,3.25,4.503597984041));
#8843 = CARTESIAN_POINT('',(-0.974401008562,3.251,4.503597984041));
#8844 = CARTESIAN_POINT('',(-0.974401008562,3.25,4.503597984041));
#8845 = CARTESIAN_POINT('',(-1.008666230695,3.251,4.515898320189));
#8846 = CARTESIAN_POINT('',(-1.008666230695,3.25,4.515898320189));
#8847 = CARTESIAN_POINT('',(-1.035226846666,3.251,4.540634161019));
#8848 = CARTESIAN_POINT('',(-1.035226846666,3.25,4.540634161019));
#8849 = ADVANCED_FACE('',(#8850),#8860,.F.);
#8850 = FACE_BOUND('',#8851,.F.);
#8851 = EDGE_LOOP('',(#8852,#8853,#8854,#8859));
#8852 = ORIENTED_EDGE('',*,*,#8835,.F.);
#8853 = ORIENTED_EDGE('',*,*,#8583,.T.);
#8854 = ORIENTED_EDGE('',*,*,#8855,.T.);
#8855 = EDGE_CURVE('',#8584,#8722,#8856,.T.);
#8856 = B_SPLINE_CURVE_WITH_KNOTS('',1,(#8857,#8858),.UNSPECIFIED.,.F.,
  .F.,(2,2),(-0.,9.999999999999E-04),.PIECEWISE_BEZIER_KNOTS.);
#8857 = CARTESIAN_POINT('',(-1.075101562758,3.251,4.639172018748));
#8858 = CARTESIAN_POINT('',(-1.075101562758,3.25,4.639172018748));
#8859 = ORIENTED_EDGE('',*,*,#8730,.F.);
#8860 = B_SPLINE_SURFACE_WITH_KNOTS('',3,1,(
    (#8861,#8862)
    ,(#8863,#8864)
    ,(#8865,#8866)
    ,(#8867,#8868
    )),.UNSPECIFIED.,.F.,.F.,.F.,(4,4),(2,2),(4.,5.),(0.,1.),
  .PIECEWISE_BEZIER_KNOTS.);
#8861 = CARTESIAN_POINT('',(-1.035226846666,3.251,4.540634161019));
#8862 = CARTESIAN_POINT('',(-1.035226846666,3.25,4.540634161019));
#8863 = CARTESIAN_POINT('',(-1.061787462639,3.251,4.565370001849));
#8864 = CARTESIAN_POINT('',(-1.061787462639,3.25,4.565370001849));
#8865 = CARTESIAN_POINT('',(-1.075101562758,3.251,4.598215954424));
#8866 = CARTESIAN_POINT('',(-1.075101562758,3.25,4.598215954424));
#8867 = CARTESIAN_POINT('',(-1.075101562758,3.251,4.639172018748));
#8868 = CARTESIAN_POINT('',(-1.075101562758,3.25,4.639172018748));
#8869 = ADVANCED_FACE('',(#8870),#8880,.F.);
#8870 = FACE_BOUND('',#8871,.F.);
#8871 = EDGE_LOOP('',(#8872,#8873,#8874,#8879));
#8872 = ORIENTED_EDGE('',*,*,#8855,.F.);
#8873 = ORIENTED_EDGE('',*,*,#8592,.T.);
#8874 = ORIENTED_EDGE('',*,*,#8875,.T.);
#8875 = EDGE_CURVE('',#8593,#8713,#8876,.T.);
#8876 = B_SPLINE_CURVE_WITH_KNOTS('',1,(#8877,#8878),.UNSPECIFIED.,.F.,
  .F.,(2,2),(-0.,9.999999999999E-04),.PIECEWISE_BEZIER_KNOTS.);
#8877 = CARTESIAN_POINT('',(-1.035226846666,3.251,4.732978977959));
#8878 = CARTESIAN_POINT('',(-1.035226846666,3.25,4.732978977959));
#8879 = ORIENTED_EDGE('',*,*,#8721,.F.);
#8880 = B_SPLINE_SURFACE_WITH_KNOTS('',3,1,(
    (#8881,#8882)
    ,(#8883,#8884)
    ,(#8885,#8886)
    ,(#8887,#8888
    )),.UNSPECIFIED.,.F.,.F.,.F.,(4,4),(2,2),(3.,4.),(0.,1.),
  .PIECEWISE_BEZIER_KNOTS.);
#8881 = CARTESIAN_POINT('',(-1.075101562758,3.251,4.639172018748));
#8882 = CARTESIAN_POINT('',(-1.075101562758,3.25,4.639172018748));
#8883 = CARTESIAN_POINT('',(-1.075101562758,3.251,4.678370892193));
#8884 = CARTESIAN_POINT('',(-1.075101562758,3.25,4.678370892193));
#8885 = CARTESIAN_POINT('',(-1.061787462639,3.251,4.709594822421));
#8886 = CARTESIAN_POINT('',(-1.061787462639,3.25,4.709594822421));
#8887 = CARTESIAN_POINT('',(-1.035226846666,3.251,4.732978977959));
#8888 = CARTESIAN_POINT('',(-1.035226846666,3.25,4.732978977959));
#8889 = ADVANCED_FACE('',(#8890),#8900,.F.);
#8890 = FACE_BOUND('',#8891,.F.);
#8891 = EDGE_LOOP('',(#8892,#8893,#8894,#8899));
#8892 = ORIENTED_EDGE('',*,*,#8875,.F.);
#8893 = ORIENTED_EDGE('',*,*,#8601,.T.);
#8894 = ORIENTED_EDGE('',*,*,#8895,.T.);
#8895 = EDGE_CURVE('',#8602,#8706,#8896,.T.);
#8896 = B_SPLINE_CURVE_WITH_KNOTS('',1,(#8897,#8898),.UNSPECIFIED.,.F.,
  .F.,(2,2),(-0.,9.999999999999E-04),.PIECEWISE_BEZIER_KNOTS.);
#8897 = CARTESIAN_POINT('',(-0.935269719381,3.251,4.767987627001));
#8898 = CARTESIAN_POINT('',(-0.935269719381,3.25,4.767987627001));
#8899 = ORIENTED_EDGE('',*,*,#8712,.F.);
#8900 = B_SPLINE_SURFACE_WITH_KNOTS('',3,1,(
    (#8901,#8902)
    ,(#8903,#8904)
    ,(#8905,#8906)
    ,(#8907,#8908
    )),.UNSPECIFIED.,.F.,.F.,.F.,(4,4),(2,2),(2.,3.),(0.,1.),
  .PIECEWISE_BEZIER_KNOTS.);
#8901 = CARTESIAN_POINT('',(-1.035226846666,3.251,4.732978977959));
#8902 = CARTESIAN_POINT('',(-1.035226846666,3.25,4.732978977959));
#8903 = CARTESIAN_POINT('',(-1.008666230695,3.251,4.756363133496));
#8904 = CARTESIAN_POINT('',(-1.008666230695,3.25,4.756363133496));
#8905 = CARTESIAN_POINT('',(-0.975347188265,3.251,4.767987627001));
#8906 = CARTESIAN_POINT('',(-0.975347188265,3.25,4.767987627001));
#8907 = CARTESIAN_POINT('',(-0.935269719381,3.251,4.767987627001));
#8908 = CARTESIAN_POINT('',(-0.935269719381,3.25,4.767987627001));
#8909 = ADVANCED_FACE('',(#8910),#8920,.F.);
#8910 = FACE_BOUND('',#8911,.T.);
#8911 = EDGE_LOOP('',(#8912,#8913,#8918,#8919));
#8912 = ORIENTED_EDGE('',*,*,#8705,.T.);
#8913 = ORIENTED_EDGE('',*,*,#8914,.F.);
#8914 = EDGE_CURVE('',#8611,#8699,#8915,.T.);
#8915 = B_SPLINE_CURVE_WITH_KNOTS('',1,(#8916,#8917),.UNSPECIFIED.,.F.,
  .F.,(2,2),(-0.,9.999999999999E-04),.PIECEWISE_BEZIER_KNOTS.);
#8916 = CARTESIAN_POINT('',(-0.859845680133,3.251,4.767987627001));
#8917 = CARTESIAN_POINT('',(-0.859845680133,3.25,4.767987627001));
#8918 = ORIENTED_EDGE('',*,*,#8610,.F.);
#8919 = ORIENTED_EDGE('',*,*,#8895,.T.);
#8920 = B_SPLINE_SURFACE_WITH_KNOTS('',1,1,(
    (#8921,#8922)
    ,(#8923,#8924
    )),.UNSPECIFIED.,.F.,.F.,.F.,(2,2),(2,2),(0.,7.542403924838E-02),(
    -9.999999999999E-04,0.),.PIECEWISE_BEZIER_KNOTS.);
#8921 = CARTESIAN_POINT('',(-0.859845680133,3.25,4.767987627001));
#8922 = CARTESIAN_POINT('',(-0.859845680133,3.251,4.767987627001));
#8923 = CARTESIAN_POINT('',(-0.935269719381,3.25,4.767987627001));
#8924 = CARTESIAN_POINT('',(-0.935269719381,3.251,4.767987627001));
#8925 = ADVANCED_FACE('',(#8926),#8932,.F.);
#8926 = FACE_BOUND('',#8927,.T.);
#8927 = EDGE_LOOP('',(#8928,#8929,#8930,#8931));
#8928 = ORIENTED_EDGE('',*,*,#8698,.T.);
#8929 = ORIENTED_EDGE('',*,*,#8820,.F.);
#8930 = ORIENTED_EDGE('',*,*,#8617,.F.);
#8931 = ORIENTED_EDGE('',*,*,#8914,.T.);
#8932 = B_SPLINE_SURFACE_WITH_KNOTS('',1,1,(
    (#8933,#8934)
    ,(#8935,#8936
    )),.UNSPECIFIED.,.F.,.F.,.F.,(2,2),(2,2),(0.,0.264389642961),(
    -9.999999999999E-04,0.),.PIECEWISE_BEZIER_KNOTS.);
#8933 = CARTESIAN_POINT('',(-0.859845680133,3.25,4.503597984041));
#8934 = CARTESIAN_POINT('',(-0.859845680133,3.251,4.503597984041));
#8935 = CARTESIAN_POINT('',(-0.859845680133,3.25,4.767987627001));
#8936 = CARTESIAN_POINT('',(-0.859845680133,3.251,4.767987627001));
#8937 = ADVANCED_FACE('',(#8938),#8952,.T.);
#8938 = FACE_BOUND('',#8939,.T.);
#8939 = EDGE_LOOP('',(#8940,#8941,#8946,#8947));
#8940 = ORIENTED_EDGE('',*,*,#8748,.F.);
#8941 = ORIENTED_EDGE('',*,*,#8942,.F.);
#8942 = EDGE_CURVE('',#8634,#8749,#8943,.T.);
#8943 = B_SPLINE_CURVE_WITH_KNOTS('',1,(#8944,#8945),.UNSPECIFIED.,.F.,
  .F.,(2,2),(-0.,9.999999999999E-04),.PIECEWISE_BEZIER_KNOTS.);
#8944 = CARTESIAN_POINT('',(-0.93391803409,3.251,4.73757470795));
#8945 = CARTESIAN_POINT('',(-0.93391803409,3.25,4.73757470795));
#8946 = ORIENTED_EDGE('',*,*,#8633,.T.);
#8947 = ORIENTED_EDGE('',*,*,#8948,.T.);
#8948 = EDGE_CURVE('',#8625,#8751,#8949,.T.);
#8949 = B_SPLINE_CURVE_WITH_KNOTS('',1,(#8950,#8951),.UNSPECIFIED.,.F.,
  .F.,(2,2),(-0.,9.999999999999E-04),.PIECEWISE_BEZIER_KNOTS.);
#8950 = CARTESIAN_POINT('',(-0.893975733735,3.251,4.73757470795));
#8951 = CARTESIAN_POINT('',(-0.893975733735,3.25,4.73757470795));
#8952 = B_SPLINE_SURFACE_WITH_KNOTS('',1,1,(
    (#8953,#8954)
    ,(#8955,#8956
    )),.UNSPECIFIED.,.F.,.F.,.F.,(2,2),(2,2),(-3.994230035485E-02,
    2.22044604925E-16),(-9.999999999999E-04,0.),
  .PIECEWISE_BEZIER_KNOTS.);
#8953 = CARTESIAN_POINT('',(-0.893975733735,3.25,4.73757470795));
#8954 = CARTESIAN_POINT('',(-0.893975733735,3.251,4.73757470795));
#8955 = CARTESIAN_POINT('',(-0.93391803409,3.25,4.73757470795));
#8956 = CARTESIAN_POINT('',(-0.93391803409,3.251,4.73757470795));
#8957 = ADVANCED_FACE('',(#8958),#8968,.T.);
#8958 = FACE_BOUND('',#8959,.T.);
#8959 = EDGE_LOOP('',(#8960,#8961,#8962,#8963));
#8960 = ORIENTED_EDGE('',*,*,#8757,.F.);
#8961 = ORIENTED_EDGE('',*,*,#8948,.F.);
#8962 = ORIENTED_EDGE('',*,*,#8624,.T.);
#8963 = ORIENTED_EDGE('',*,*,#8964,.T.);
#8964 = EDGE_CURVE('',#8627,#8758,#8965,.T.);
#8965 = B_SPLINE_CURVE_WITH_KNOTS('',1,(#8966,#8967),.UNSPECIFIED.,.F.,
  .F.,(2,2),(-0.,9.999999999999E-04),.PIECEWISE_BEZIER_KNOTS.);
#8966 = CARTESIAN_POINT('',(-0.893975733735,3.251,4.533740566035));
#8967 = CARTESIAN_POINT('',(-0.893975733735,3.25,4.533740566035));
#8968 = B_SPLINE_SURFACE_WITH_KNOTS('',1,1,(
    (#8969,#8970)
    ,(#8971,#8972
    )),.UNSPECIFIED.,.F.,.F.,.F.,(2,2),(2,2),(-0.203834141915,0.),(
    -9.999999999999E-04,0.),.PIECEWISE_BEZIER_KNOTS.);
#8969 = CARTESIAN_POINT('',(-0.893975733735,3.25,4.533740566035));
#8970 = CARTESIAN_POINT('',(-0.893975733735,3.251,4.533740566035));
#8971 = CARTESIAN_POINT('',(-0.893975733735,3.25,4.73757470795));
#8972 = CARTESIAN_POINT('',(-0.893975733735,3.251,4.73757470795));
#8973 = ADVANCED_FACE('',(#8974),#8984,.T.);
#8974 = FACE_BOUND('',#8975,.T.);
#8975 = EDGE_LOOP('',(#8976,#8977,#8978,#8979));
#8976 = ORIENTED_EDGE('',*,*,#8764,.F.);
#8977 = ORIENTED_EDGE('',*,*,#8964,.F.);
#8978 = ORIENTED_EDGE('',*,*,#8676,.T.);
#8979 = ORIENTED_EDGE('',*,*,#8980,.T.);
#8980 = EDGE_CURVE('',#8668,#8765,#8981,.T.);
#8981 = B_SPLINE_CURVE_WITH_KNOTS('',1,(#8982,#8983),.UNSPECIFIED.,.F.,
  .F.,(2,2),(-0.,9.999999999999E-04),.PIECEWISE_BEZIER_KNOTS.);
#8982 = CARTESIAN_POINT('',(-0.932363596005,3.251,4.533740566035));
#8983 = CARTESIAN_POINT('',(-0.932363596005,3.25,4.533740566035));
#8984 = B_SPLINE_SURFACE_WITH_KNOTS('',1,1,(
    (#8985,#8986)
    ,(#8987,#8988
    )),.UNSPECIFIED.,.F.,.F.,.F.,(2,2),(2,2),(-3.838786226993E-02,0.),(
    -9.999999999999E-04,0.),.PIECEWISE_BEZIER_KNOTS.);
#8985 = CARTESIAN_POINT('',(-0.932363596005,3.25,4.533740566035));
#8986 = CARTESIAN_POINT('',(-0.932363596005,3.251,4.533740566035));
#8987 = CARTESIAN_POINT('',(-0.893975733735,3.25,4.533740566035));
#8988 = CARTESIAN_POINT('',(-0.893975733735,3.251,4.533740566035));
#8989 = ADVANCED_FACE('',(#8990),#9000,.T.);
#8990 = FACE_BOUND('',#8991,.T.);
#8991 = EDGE_LOOP('',(#8992,#8993,#8994,#8995));
#8992 = ORIENTED_EDGE('',*,*,#8771,.F.);
#8993 = ORIENTED_EDGE('',*,*,#8980,.F.);
#8994 = ORIENTED_EDGE('',*,*,#8667,.T.);
#8995 = ORIENTED_EDGE('',*,*,#8996,.T.);
#8996 = EDGE_CURVE('',#8659,#8772,#8997,.T.);
#8997 = B_SPLINE_CURVE_WITH_KNOTS('',1,(#8998,#8999),.UNSPECIFIED.,.F.,
  .F.,(2,2),(-0.,9.999999999999E-04),.PIECEWISE_BEZIER_KNOTS.);
#8998 = CARTESIAN_POINT('',(-1.010964095689,3.251,4.561314945975));
#8999 = CARTESIAN_POINT('',(-1.010964095689,3.25,4.561314945975));
#9000 = B_SPLINE_SURFACE_WITH_KNOTS('',3,1,(
    (#9001,#9002)
    ,(#9003,#9004)
    ,(#9005,#9006)
    ,(#9007,#9008
    )),.UNSPECIFIED.,.F.,.F.,.F.,(4,4),(2,2),(2.,3.),(0.,1.),
  .PIECEWISE_BEZIER_KNOTS.);
#9001 = CARTESIAN_POINT('',(-0.932363596005,3.251,4.533740566035));
#9002 = CARTESIAN_POINT('',(-0.932363596005,3.25,4.533740566035));
#9003 = CARTESIAN_POINT('',(-0.965952975491,3.251,4.533740566035));
#9004 = CARTESIAN_POINT('',(-0.965952975491,3.25,4.533740566035));
#9005 = CARTESIAN_POINT('',(-0.992175670141,3.251,4.542932026013));
#9006 = CARTESIAN_POINT('',(-0.992175670141,3.25,4.542932026013));
#9007 = CARTESIAN_POINT('',(-1.010964095689,3.251,4.561314945975));
#9008 = CARTESIAN_POINT('',(-1.010964095689,3.25,4.561314945975));
#9009 = ADVANCED_FACE('',(#9010),#9020,.T.);
#9010 = FACE_BOUND('',#9011,.T.);
#9011 = EDGE_LOOP('',(#9012,#9013,#9014,#9015));
#9012 = ORIENTED_EDGE('',*,*,#8780,.F.);
#9013 = ORIENTED_EDGE('',*,*,#8996,.F.);
#9014 = ORIENTED_EDGE('',*,*,#8658,.T.);
#9015 = ORIENTED_EDGE('',*,*,#9016,.T.);
#9016 = EDGE_CURVE('',#8650,#8781,#9017,.T.);
#9017 = B_SPLINE_CURVE_WITH_KNOTS('',1,(#9018,#9019),.UNSPECIFIED.,.F.,
  .F.,(2,2),(-0.,9.999999999999E-04),.PIECEWISE_BEZIER_KNOTS.);
#9018 = CARTESIAN_POINT('',(-1.039214318274,3.251,4.638225839045));
#9019 = CARTESIAN_POINT('',(-1.039214318274,3.25,4.638225839045));
#9020 = B_SPLINE_SURFACE_WITH_KNOTS('',3,1,(
    (#9021,#9022)
    ,(#9023,#9024)
    ,(#9025,#9026)
    ,(#9027,#9028
    )),.UNSPECIFIED.,.F.,.F.,.F.,(4,4),(2,2),(3.,4.),(0.,1.),
  .PIECEWISE_BEZIER_KNOTS.);
#9021 = CARTESIAN_POINT('',(-1.010964095689,3.251,4.561314945975));
#9022 = CARTESIAN_POINT('',(-1.010964095689,3.25,4.561314945975));
#9023 = CARTESIAN_POINT('',(-1.029820105502,3.251,4.579562697407));
#9024 = CARTESIAN_POINT('',(-1.029820105502,3.25,4.579562697407));
#9025 = CARTESIAN_POINT('',(-1.039214318274,3.251,4.605244717939));
#9026 = CARTESIAN_POINT('',(-1.039214318274,3.25,4.605244717939));
#9027 = CARTESIAN_POINT('',(-1.039214318274,3.251,4.638225839045));
#9028 = CARTESIAN_POINT('',(-1.039214318274,3.25,4.638225839045));
#9029 = ADVANCED_FACE('',(#9030),#9040,.T.);
#9030 = FACE_BOUND('',#9031,.T.);
#9031 = EDGE_LOOP('',(#9032,#9033,#9034,#9035));
#9032 = ORIENTED_EDGE('',*,*,#8789,.F.);
#9033 = ORIENTED_EDGE('',*,*,#9016,.F.);
#9034 = ORIENTED_EDGE('',*,*,#8649,.T.);
#9035 = ORIENTED_EDGE('',*,*,#9036,.T.);
#9036 = EDGE_CURVE('',#8641,#8790,#9037,.T.);
#9037 = B_SPLINE_CURVE_WITH_KNOTS('',1,(#9038,#9039),.UNSPECIFIED.,.F.,
  .F.,(2,2),(-0.,9.999999999999E-04),.PIECEWISE_BEZIER_KNOTS.);
#9038 = CARTESIAN_POINT('',(-1.010220668778,3.251,4.712703698591));
#9039 = CARTESIAN_POINT('',(-1.010220668778,3.25,4.712703698591));
#9040 = B_SPLINE_SURFACE_WITH_KNOTS('',3,1,(
    (#9041,#9042)
    ,(#9043,#9044)
    ,(#9045,#9046)
    ,(#9047,#9048
    )),.UNSPECIFIED.,.F.,.F.,.F.,(4,4),(2,2),(4.,5.),(0.,1.),
  .PIECEWISE_BEZIER_KNOTS.);
#9041 = CARTESIAN_POINT('',(-1.039214318274,3.251,4.638225839045));
#9042 = CARTESIAN_POINT('',(-1.039214318274,3.25,4.638225839045));
#9043 = CARTESIAN_POINT('',(-1.039214318274,3.251,4.671206960151));
#9044 = CARTESIAN_POINT('',(-1.039214318274,3.25,4.671206960151));
#9045 = CARTESIAN_POINT('',(-1.029549768442,3.251,4.696077969508));
#9046 = CARTESIAN_POINT('',(-1.029549768442,3.25,4.696077969508));
#9047 = CARTESIAN_POINT('',(-1.010220668778,3.251,4.712703698591));
#9048 = CARTESIAN_POINT('',(-1.010220668778,3.25,4.712703698591));
#9049 = ADVANCED_FACE('',(#9050),#9056,.T.);
#9050 = FACE_BOUND('',#9051,.T.);
#9051 = EDGE_LOOP('',(#9052,#9053,#9054,#9055));
#9052 = ORIENTED_EDGE('',*,*,#8798,.F.);
#9053 = ORIENTED_EDGE('',*,*,#9036,.F.);
#9054 = ORIENTED_EDGE('',*,*,#8640,.T.);
#9055 = ORIENTED_EDGE('',*,*,#8942,.T.);
#9056 = B_SPLINE_SURFACE_WITH_KNOTS('',3,1,(
    (#9057,#9058)
    ,(#9059,#9060)
    ,(#9061,#9062)
    ,(#9063,#9064
    )),.UNSPECIFIED.,.F.,.F.,.F.,(4,4),(2,2),(5.,6.),(0.,1.),
  .PIECEWISE_BEZIER_KNOTS.);
#9057 = CARTESIAN_POINT('',(-1.010220668778,3.251,4.712703698591));
#9058 = CARTESIAN_POINT('',(-1.010220668778,3.25,4.712703698591));
#9059 = CARTESIAN_POINT('',(-0.990891569114,3.251,4.729329427672));
#9060 = CARTESIAN_POINT('',(-0.990891569114,3.25,4.729329427672));
#9061 = CARTESIAN_POINT('',(-0.965412301375,3.251,4.73757470795));
#9062 = CARTESIAN_POINT('',(-0.965412301375,3.25,4.73757470795));
#9063 = CARTESIAN_POINT('',(-0.93391803409,3.251,4.73757470795));
#9064 = CARTESIAN_POINT('',(-0.93391803409,3.25,4.73757470795));
#9065 = MANIFOLD_SOLID_BREP('',#9066);
#9066 = CLOSED_SHELL('',(#9067,#9179,#9291,#9311,#9327,#9343,#9359,#9375
    ,#9391,#9407,#9419,#9439,#9455,#9475,#9491,#9511));
#9067 = ADVANCED_FACE('',(#9068,#9126),#9174,.F.);
#9068 = FACE_BOUND('',#9069,.T.);
#9069 = EDGE_LOOP('',(#9070,#9079,#9086,#9093,#9100,#9107,#9114,#9121));
#9070 = ORIENTED_EDGE('',*,*,#9071,.T.);
#9071 = EDGE_CURVE('',#9072,#9074,#9076,.T.);
#9072 = VERTEX_POINT('',#9073);
#9073 = CARTESIAN_POINT('',(-1.32766395942,3.251,4.503597984041));
#9074 = VERTEX_POINT('',#9075);
#9075 = CARTESIAN_POINT('',(-1.226963405226,3.251,4.767987627001));
#9076 = B_SPLINE_CURVE_WITH_KNOTS('',1,(#9077,#9078),.UNSPECIFIED.,.F.,
  .F.,(2,2),(-0.282917805944,0.),.PIECEWISE_BEZIER_KNOTS.);
#9077 = CARTESIAN_POINT('',(-1.32766395942,3.251,4.503597984041));
#9078 = CARTESIAN_POINT('',(-1.226963405226,3.251,4.767987627001));
#9079 = ORIENTED_EDGE('',*,*,#9080,.T.);
#9080 = EDGE_CURVE('',#9074,#9081,#9083,.T.);
#9081 = VERTEX_POINT('',#9082);
#9082 = CARTESIAN_POINT('',(-1.190467902361,3.251,4.767987627001));
#9083 = B_SPLINE_CURVE_WITH_KNOTS('',1,(#9084,#9085),.UNSPECIFIED.,.F.,
  .F.,(2,2),(-3.649550286439E-02,0.),.PIECEWISE_BEZIER_KNOTS.);
#9084 = CARTESIAN_POINT('',(-1.226963405226,3.251,4.767987627001));
#9085 = CARTESIAN_POINT('',(-1.190467902361,3.251,4.767987627001));
#9086 = ORIENTED_EDGE('',*,*,#9087,.T.);
#9087 = EDGE_CURVE('',#9081,#9088,#9090,.T.);
#9088 = VERTEX_POINT('',#9089);
#9089 = CARTESIAN_POINT('',(-1.089767348166,3.251,4.503597984041));
#9090 = B_SPLINE_CURVE_WITH_KNOTS('',1,(#9091,#9092),.UNSPECIFIED.,.F.,
  .F.,(2,2),(-0.282917805944,0.),.PIECEWISE_BEZIER_KNOTS.);
#9091 = CARTESIAN_POINT('',(-1.190467902361,3.251,4.767987627001));
#9092 = CARTESIAN_POINT('',(-1.089767348166,3.251,4.503597984041));
#9093 = ORIENTED_EDGE('',*,*,#9094,.T.);
#9094 = EDGE_CURVE('',#9088,#9095,#9097,.T.);
#9095 = VERTEX_POINT('',#9096);
#9096 = CARTESIAN_POINT('',(-1.127479367791,3.251,4.503597984041));
#9097 = B_SPLINE_CURVE_WITH_KNOTS('',1,(#9098,#9099),.UNSPECIFIED.,.F.,
  .F.,(2,2),(-3.771201962509E-02,0.),.PIECEWISE_BEZIER_KNOTS.);
#9098 = CARTESIAN_POINT('',(-1.089767348166,3.251,4.503597984041));
#9099 = CARTESIAN_POINT('',(-1.127479367791,3.251,4.503597984041));
#9100 = ORIENTED_EDGE('',*,*,#9101,.T.);
#9101 = EDGE_CURVE('',#9095,#9102,#9104,.T.);
#9102 = VERTEX_POINT('',#9103);
#9103 = CARTESIAN_POINT('',(-1.152891051265,3.251,4.575913147119));
#9104 = B_SPLINE_CURVE_WITH_KNOTS('',1,(#9105,#9106),.UNSPECIFIED.,.F.,
  .F.,(2,2),(-7.665009111599E-02,0.),.PIECEWISE_BEZIER_KNOTS.);
#9105 = CARTESIAN_POINT('',(-1.127479367791,3.251,4.503597984041));
#9106 = CARTESIAN_POINT('',(-1.152891051265,3.251,4.575913147119));
#9107 = ORIENTED_EDGE('',*,*,#9108,.T.);
#9108 = EDGE_CURVE('',#9102,#9109,#9111,.T.);
#9109 = VERTEX_POINT('',#9110);
#9110 = CARTESIAN_POINT('',(-1.262985818235,3.251,4.575913147119));
#9111 = B_SPLINE_CURVE_WITH_KNOTS('',1,(#9112,#9113),.UNSPECIFIED.,.F.,
  .F.,(2,2),(-0.11009476697,0.),.PIECEWISE_BEZIER_KNOTS.);
#9112 = CARTESIAN_POINT('',(-1.152891051265,3.251,4.575913147119));
#9113 = CARTESIAN_POINT('',(-1.262985818235,3.251,4.575913147119));
#9114 = ORIENTED_EDGE('',*,*,#9115,.T.);
#9115 = EDGE_CURVE('',#9109,#9116,#9118,.T.);
#9116 = VERTEX_POINT('',#9117);
#9117 = CARTESIAN_POINT('',(-1.289951939797,3.251,4.503597984041));
#9118 = B_SPLINE_CURVE_WITH_KNOTS('',1,(#9119,#9120),.UNSPECIFIED.,.F.,
  .F.,(2,2),(-7.717936591562E-02,-0.),.PIECEWISE_BEZIER_KNOTS.);
#9119 = CARTESIAN_POINT('',(-1.262985818235,3.251,4.575913147119));
#9120 = CARTESIAN_POINT('',(-1.289951939797,3.251,4.503597984041));
#9121 = ORIENTED_EDGE('',*,*,#9122,.T.);
#9122 = EDGE_CURVE('',#9116,#9072,#9123,.T.);
#9123 = B_SPLINE_CURVE_WITH_KNOTS('',1,(#9124,#9125),.UNSPECIFIED.,.F.,
  .F.,(2,2),(-3.771201962329E-02,0.),.PIECEWISE_BEZIER_KNOTS.);
#9124 = CARTESIAN_POINT('',(-1.289951939797,3.251,4.503597984041));
#9125 = CARTESIAN_POINT('',(-1.32766395942,3.251,4.503597984041));
#9126 = FACE_BOUND('',#9127,.T.);
#9127 = EDGE_LOOP('',(#9128,#9137,#9144,#9153,#9160,#9169));
#9128 = ORIENTED_EDGE('',*,*,#9129,.F.);
#9129 = EDGE_CURVE('',#9130,#9132,#9134,.T.);
#9130 = VERTEX_POINT('',#9131);
#9131 = CARTESIAN_POINT('',(-1.163704533597,3.251,4.605785392055));
#9132 = VERTEX_POINT('',#9133);
#9133 = CARTESIAN_POINT('',(-1.252442672965,3.251,4.605785392055));
#9134 = B_SPLINE_CURVE_WITH_KNOTS('',1,(#9135,#9136),.UNSPECIFIED.,.F.,
  .F.,(2,2),(0.,8.873813936787E-02),.PIECEWISE_BEZIER_KNOTS.);
#9135 = CARTESIAN_POINT('',(-1.163704533597,3.251,4.605785392055));
#9136 = CARTESIAN_POINT('',(-1.252442672965,3.251,4.605785392055));
#9137 = ORIENTED_EDGE('',*,*,#9138,.F.);
#9138 = EDGE_CURVE('',#9139,#9130,#9141,.T.);
#9139 = VERTEX_POINT('',#9140);
#9140 = CARTESIAN_POINT('',(-1.203241328363,3.251,4.715677406232));
#9141 = B_SPLINE_CURVE_WITH_KNOTS('',1,(#9142,#9143),.UNSPECIFIED.,.F.,
  .F.,(2,2),(2.089337120387E-16,0.116787897148),
  .PIECEWISE_BEZIER_KNOTS.);
#9142 = CARTESIAN_POINT('',(-1.203241328363,3.251,4.715677406232));
#9143 = CARTESIAN_POINT('',(-1.163704533597,3.251,4.605785392055));
#9144 = ORIENTED_EDGE('',*,*,#9145,.F.);
#9145 = EDGE_CURVE('',#9146,#9139,#9148,.T.);
#9146 = VERTEX_POINT('',#9147);
#9147 = CARTESIAN_POINT('',(-1.207566721296,3.251,4.73419549472));
#9148 = B_SPLINE_CURVE_WITH_KNOTS('',3,(#9149,#9150,#9151,#9152),
  .UNSPECIFIED.,.F.,.F.,(4,4),(3.,4.),.PIECEWISE_BEZIER_KNOTS.);
#9149 = CARTESIAN_POINT('',(-1.207566721296,3.251,4.73419549472));
#9150 = CARTESIAN_POINT('',(-1.206282620269,3.251,4.726220551502));
#9151 = CARTESIAN_POINT('',(-1.204863350715,3.251,4.720002799162));
#9152 = CARTESIAN_POINT('',(-1.203241328363,3.251,4.715677406232));
#9153 = ORIENTED_EDGE('',*,*,#9154,.F.);
#9154 = EDGE_CURVE('',#9155,#9146,#9157,.T.);
#9155 = VERTEX_POINT('',#9156);
#9156 = CARTESIAN_POINT('',(-1.208377732471,3.251,4.73419549472));
#9157 = B_SPLINE_CURVE_WITH_KNOTS('',1,(#9158,#9159),.UNSPECIFIED.,.F.,
  .F.,(2,2),(-2.22044604925E-16,8.110111756068E-04),
  .PIECEWISE_BEZIER_KNOTS.);
#9158 = CARTESIAN_POINT('',(-1.208377732471,3.251,4.73419549472));
#9159 = CARTESIAN_POINT('',(-1.207566721296,3.251,4.73419549472));
#9160 = ORIENTED_EDGE('',*,*,#9161,.F.);
#9161 = EDGE_CURVE('',#9162,#9155,#9164,.T.);
#9162 = VERTEX_POINT('',#9163);
#9163 = CARTESIAN_POINT('',(-1.212500372608,3.251,4.715677406232));
#9164 = B_SPLINE_CURVE_WITH_KNOTS('',3,(#9165,#9166,#9167,#9168),
  .UNSPECIFIED.,.F.,.F.,(4,4),(1.,2.),.PIECEWISE_BEZIER_KNOTS.);
#9165 = CARTESIAN_POINT('',(-1.212500372608,3.251,4.715677406232));
#9166 = CARTESIAN_POINT('',(-1.211216271583,3.251,4.719326956517));
#9167 = CARTESIAN_POINT('',(-1.20986458629,3.251,4.725409540328));
#9168 = CARTESIAN_POINT('',(-1.208377732471,3.251,4.73419549472));
#9169 = ORIENTED_EDGE('',*,*,#9170,.F.);
#9170 = EDGE_CURVE('',#9132,#9162,#9171,.T.);
#9171 = B_SPLINE_CURVE_WITH_KNOTS('',1,(#9172,#9173),.UNSPECIFIED.,.F.,
  .F.,(2,2),(0.,0.116925797571),.PIECEWISE_BEZIER_KNOTS.);
#9172 = CARTESIAN_POINT('',(-1.252442672965,3.251,4.605785392055));
#9173 = CARTESIAN_POINT('',(-1.212500372608,3.251,4.715677406232));
#9174 = B_SPLINE_SURFACE_WITH_KNOTS('',1,1,(
    (#9175,#9176)
    ,(#9177,#9178
    )),.UNSPECIFIED.,.F.,.F.,.F.,(2,2),(2,2),(-0.859920708901,
    -0.59553106594),(-1.32766395942,-1.089767348166),
  .PIECEWISE_BEZIER_KNOTS.);
#9175 = CARTESIAN_POINT('',(-1.32766395942,3.251,4.767987627001));
#9176 = CARTESIAN_POINT('',(-1.089767348166,3.251,4.767987627001));
#9177 = CARTESIAN_POINT('',(-1.32766395942,3.251,4.503597984041));
#9178 = CARTESIAN_POINT('',(-1.089767348166,3.251,4.503597984041));
#9179 = ADVANCED_FACE('',(#9180,#9238),#9286,.T.);
#9180 = FACE_BOUND('',#9181,.T.);
#9181 = EDGE_LOOP('',(#9182,#9191,#9198,#9205,#9212,#9219,#9226,#9233));
#9182 = ORIENTED_EDGE('',*,*,#9183,.F.);
#9183 = EDGE_CURVE('',#9184,#9186,#9188,.T.);
#9184 = VERTEX_POINT('',#9185);
#9185 = CARTESIAN_POINT('',(-1.32766395942,3.25,4.503597984041));
#9186 = VERTEX_POINT('',#9187);
#9187 = CARTESIAN_POINT('',(-1.226963405226,3.25,4.767987627001));
#9188 = B_SPLINE_CURVE_WITH_KNOTS('',1,(#9189,#9190),.UNSPECIFIED.,.F.,
  .F.,(2,2),(-0.282917805944,0.),.PIECEWISE_BEZIER_KNOTS.);
#9189 = CARTESIAN_POINT('',(-1.32766395942,3.25,4.503597984041));
#9190 = CARTESIAN_POINT('',(-1.226963405226,3.25,4.767987627001));
#9191 = ORIENTED_EDGE('',*,*,#9192,.F.);
#9192 = EDGE_CURVE('',#9193,#9184,#9195,.T.);
#9193 = VERTEX_POINT('',#9194);
#9194 = CARTESIAN_POINT('',(-1.289951939797,3.25,4.503597984041));
#9195 = B_SPLINE_CURVE_WITH_KNOTS('',1,(#9196,#9197),.UNSPECIFIED.,.F.,
  .F.,(2,2),(-3.771201962329E-02,0.),.PIECEWISE_BEZIER_KNOTS.);
#9196 = CARTESIAN_POINT('',(-1.289951939797,3.25,4.503597984041));
#9197 = CARTESIAN_POINT('',(-1.32766395942,3.25,4.503597984041));
#9198 = ORIENTED_EDGE('',*,*,#9199,.F.);
#9199 = EDGE_CURVE('',#9200,#9193,#9202,.T.);
#9200 = VERTEX_POINT('',#9201);
#9201 = CARTESIAN_POINT('',(-1.262985818235,3.25,4.575913147119));
#9202 = B_SPLINE_CURVE_WITH_KNOTS('',1,(#9203,#9204),.UNSPECIFIED.,.F.,
  .F.,(2,2),(-7.717936591562E-02,-0.),.PIECEWISE_BEZIER_KNOTS.);
#9203 = CARTESIAN_POINT('',(-1.262985818235,3.25,4.575913147119));
#9204 = CARTESIAN_POINT('',(-1.289951939797,3.25,4.503597984041));
#9205 = ORIENTED_EDGE('',*,*,#9206,.F.);
#9206 = EDGE_CURVE('',#9207,#9200,#9209,.T.);
#9207 = VERTEX_POINT('',#9208);
#9208 = CARTESIAN_POINT('',(-1.152891051265,3.25,4.575913147119));
#9209 = B_SPLINE_CURVE_WITH_KNOTS('',1,(#9210,#9211),.UNSPECIFIED.,.F.,
  .F.,(2,2),(-0.11009476697,0.),.PIECEWISE_BEZIER_KNOTS.);
#9210 = CARTESIAN_POINT('',(-1.152891051265,3.25,4.575913147119));
#9211 = CARTESIAN_POINT('',(-1.262985818235,3.25,4.575913147119));
#9212 = ORIENTED_EDGE('',*,*,#9213,.F.);
#9213 = EDGE_CURVE('',#9214,#9207,#9216,.T.);
#9214 = VERTEX_POINT('',#9215);
#9215 = CARTESIAN_POINT('',(-1.127479367791,3.25,4.503597984041));
#9216 = B_SPLINE_CURVE_WITH_KNOTS('',1,(#9217,#9218),.UNSPECIFIED.,.F.,
  .F.,(2,2),(-7.665009111599E-02,0.),.PIECEWISE_BEZIER_KNOTS.);
#9217 = CARTESIAN_POINT('',(-1.127479367791,3.25,4.503597984041));
#9218 = CARTESIAN_POINT('',(-1.152891051265,3.25,4.575913147119));
#9219 = ORIENTED_EDGE('',*,*,#9220,.F.);
#9220 = EDGE_CURVE('',#9221,#9214,#9223,.T.);
#9221 = VERTEX_POINT('',#9222);
#9222 = CARTESIAN_POINT('',(-1.089767348166,3.25,4.503597984041));
#9223 = B_SPLINE_CURVE_WITH_KNOTS('',1,(#9224,#9225),.UNSPECIFIED.,.F.,
  .F.,(2,2),(-3.771201962509E-02,0.),.PIECEWISE_BEZIER_KNOTS.);
#9224 = CARTESIAN_POINT('',(-1.089767348166,3.25,4.503597984041));
#9225 = CARTESIAN_POINT('',(-1.127479367791,3.25,4.503597984041));
#9226 = ORIENTED_EDGE('',*,*,#9227,.F.);
#9227 = EDGE_CURVE('',#9228,#9221,#9230,.T.);
#9228 = VERTEX_POINT('',#9229);
#9229 = CARTESIAN_POINT('',(-1.190467902361,3.25,4.767987627001));
#9230 = B_SPLINE_CURVE_WITH_KNOTS('',1,(#9231,#9232),.UNSPECIFIED.,.F.,
  .F.,(2,2),(-0.282917805944,0.),.PIECEWISE_BEZIER_KNOTS.);
#9231 = CARTESIAN_POINT('',(-1.190467902361,3.25,4.767987627001));
#9232 = CARTESIAN_POINT('',(-1.089767348166,3.25,4.503597984041));
#9233 = ORIENTED_EDGE('',*,*,#9234,.F.);
#9234 = EDGE_CURVE('',#9186,#9228,#9235,.T.);
#9235 = B_SPLINE_CURVE_WITH_KNOTS('',1,(#9236,#9237),.UNSPECIFIED.,.F.,
  .F.,(2,2),(-3.649550286439E-02,0.),.PIECEWISE_BEZIER_KNOTS.);
#9236 = CARTESIAN_POINT('',(-1.226963405226,3.25,4.767987627001));
#9237 = CARTESIAN_POINT('',(-1.190467902361,3.25,4.767987627001));
#9238 = FACE_BOUND('',#9239,.T.);
#9239 = EDGE_LOOP('',(#9240,#9249,#9256,#9263,#9272,#9279));
#9240 = ORIENTED_EDGE('',*,*,#9241,.T.);
#9241 = EDGE_CURVE('',#9242,#9244,#9246,.T.);
#9242 = VERTEX_POINT('',#9243);
#9243 = CARTESIAN_POINT('',(-1.203241328363,3.25,4.715677406232));
#9244 = VERTEX_POINT('',#9245);
#9245 = CARTESIAN_POINT('',(-1.163704533597,3.25,4.605785392055));
#9246 = B_SPLINE_CURVE_WITH_KNOTS('',1,(#9247,#9248),.UNSPECIFIED.,.F.,
  .F.,(2,2),(-7.516987794346E-17,0.116787897148),
  .PIECEWISE_BEZIER_KNOTS.);
#9247 = CARTESIAN_POINT('',(-1.203241328363,3.25,4.715677406232));
#9248 = CARTESIAN_POINT('',(-1.163704533597,3.25,4.605785392055));
#9249 = ORIENTED_EDGE('',*,*,#9250,.T.);
#9250 = EDGE_CURVE('',#9244,#9251,#9253,.T.);
#9251 = VERTEX_POINT('',#9252);
#9252 = CARTESIAN_POINT('',(-1.252442672965,3.25,4.605785392055));
#9253 = B_SPLINE_CURVE_WITH_KNOTS('',1,(#9254,#9255),.UNSPECIFIED.,.F.,
  .F.,(2,2),(8.138819838797E-31,8.873813936787E-02),
  .PIECEWISE_BEZIER_KNOTS.);
#9254 = CARTESIAN_POINT('',(-1.163704533597,3.25,4.605785392055));
#9255 = CARTESIAN_POINT('',(-1.252442672965,3.25,4.605785392055));
#9256 = ORIENTED_EDGE('',*,*,#9257,.T.);
#9257 = EDGE_CURVE('',#9251,#9258,#9260,.T.);
#9258 = VERTEX_POINT('',#9259);
#9259 = CARTESIAN_POINT('',(-1.212500372608,3.25,4.715677406232));
#9260 = B_SPLINE_CURVE_WITH_KNOTS('',1,(#9261,#9262),.UNSPECIFIED.,.F.,
  .F.,(2,2),(0.,0.116925797571),.PIECEWISE_BEZIER_KNOTS.);
#9261 = CARTESIAN_POINT('',(-1.252442672965,3.25,4.605785392055));
#9262 = CARTESIAN_POINT('',(-1.212500372608,3.25,4.715677406232));
#9263 = ORIENTED_EDGE('',*,*,#9264,.T.);
#9264 = EDGE_CURVE('',#9258,#9265,#9267,.T.);
#9265 = VERTEX_POINT('',#9266);
#9266 = CARTESIAN_POINT('',(-1.208377732471,3.25,4.73419549472));
#9267 = B_SPLINE_CURVE_WITH_KNOTS('',3,(#9268,#9269,#9270,#9271),
  .UNSPECIFIED.,.F.,.F.,(4,4),(1.,2.),.PIECEWISE_BEZIER_KNOTS.);
#9268 = CARTESIAN_POINT('',(-1.212500372608,3.25,4.715677406232));
#9269 = CARTESIAN_POINT('',(-1.211216271583,3.25,4.719326956517));
#9270 = CARTESIAN_POINT('',(-1.20986458629,3.25,4.725409540328));
#9271 = CARTESIAN_POINT('',(-1.208377732471,3.25,4.73419549472));
#9272 = ORIENTED_EDGE('',*,*,#9273,.T.);
#9273 = EDGE_CURVE('',#9265,#9274,#9276,.T.);
#9274 = VERTEX_POINT('',#9275);
#9275 = CARTESIAN_POINT('',(-1.207566721296,3.25,4.73419549472));
#9276 = B_SPLINE_CURVE_WITH_KNOTS('',1,(#9277,#9278),.UNSPECIFIED.,.F.,
  .F.,(2,2),(-2.22044604925E-16,8.110111756068E-04),
  .PIECEWISE_BEZIER_KNOTS.);
#9277 = CARTESIAN_POINT('',(-1.208377732471,3.25,4.73419549472));
#9278 = CARTESIAN_POINT('',(-1.207566721296,3.25,4.73419549472));
#9279 = ORIENTED_EDGE('',*,*,#9280,.T.);
#9280 = EDGE_CURVE('',#9274,#9242,#9281,.T.);
#9281 = B_SPLINE_CURVE_WITH_KNOTS('',3,(#9282,#9283,#9284,#9285),
  .UNSPECIFIED.,.F.,.F.,(4,4),(3.,4.),.PIECEWISE_BEZIER_KNOTS.);
#9282 = CARTESIAN_POINT('',(-1.207566721296,3.25,4.73419549472));
#9283 = CARTESIAN_POINT('',(-1.206282620269,3.25,4.726220551502));
#9284 = CARTESIAN_POINT('',(-1.204863350715,3.25,4.720002799162));
#9285 = CARTESIAN_POINT('',(-1.203241328363,3.25,4.715677406232));
#9286 = B_SPLINE_SURFACE_WITH_KNOTS('',1,1,(
    (#9287,#9288)
    ,(#9289,#9290
    )),.UNSPECIFIED.,.F.,.F.,.F.,(2,2),(2,2),(-0.859920708901,
    -0.59553106594),(-1.32766395942,-1.089767348166),
  .PIECEWISE_BEZIER_KNOTS.);
#9287 = CARTESIAN_POINT('',(-1.32766395942,3.25,4.767987627001));
#9288 = CARTESIAN_POINT('',(-1.089767348166,3.25,4.767987627001));
#9289 = CARTESIAN_POINT('',(-1.32766395942,3.25,4.503597984041));
#9290 = CARTESIAN_POINT('',(-1.089767348166,3.25,4.503597984041));
#9291 = ADVANCED_FACE('',(#9292),#9306,.F.);
#9292 = FACE_BOUND('',#9293,.T.);
#9293 = EDGE_LOOP('',(#9294,#9295,#9300,#9301));
#9294 = ORIENTED_EDGE('',*,*,#9183,.T.);
#9295 = ORIENTED_EDGE('',*,*,#9296,.F.);
#9296 = EDGE_CURVE('',#9074,#9186,#9297,.T.);
#9297 = B_SPLINE_CURVE_WITH_KNOTS('',1,(#9298,#9299),.UNSPECIFIED.,.F.,
  .F.,(2,2),(-0.,9.999999999999E-04),.PIECEWISE_BEZIER_KNOTS.);
#9298 = CARTESIAN_POINT('',(-1.226963405226,3.251,4.767987627001));
#9299 = CARTESIAN_POINT('',(-1.226963405226,3.25,4.767987627001));
#9300 = ORIENTED_EDGE('',*,*,#9071,.F.);
#9301 = ORIENTED_EDGE('',*,*,#9302,.T.);
#9302 = EDGE_CURVE('',#9072,#9184,#9303,.T.);
#9303 = B_SPLINE_CURVE_WITH_KNOTS('',1,(#9304,#9305),.UNSPECIFIED.,.F.,
  .F.,(2,2),(-0.,9.999999999999E-04),.PIECEWISE_BEZIER_KNOTS.);
#9304 = CARTESIAN_POINT('',(-1.32766395942,3.251,4.503597984041));
#9305 = CARTESIAN_POINT('',(-1.32766395942,3.25,4.503597984041));
#9306 = B_SPLINE_SURFACE_WITH_KNOTS('',1,1,(
    (#9307,#9308)
    ,(#9309,#9310
    )),.UNSPECIFIED.,.F.,.F.,.F.,(2,2),(2,2),(-0.,0.282917805944),(
    -9.999999999999E-04,0.),.PIECEWISE_BEZIER_KNOTS.);
#9307 = CARTESIAN_POINT('',(-1.226963405226,3.25,4.767987627001));
#9308 = CARTESIAN_POINT('',(-1.226963405226,3.251,4.767987627001));
#9309 = CARTESIAN_POINT('',(-1.32766395942,3.25,4.503597984041));
#9310 = CARTESIAN_POINT('',(-1.32766395942,3.251,4.503597984041));
#9311 = ADVANCED_FACE('',(#9312),#9322,.F.);
#9312 = FACE_BOUND('',#9313,.T.);
#9313 = EDGE_LOOP('',(#9314,#9315,#9320,#9321));
#9314 = ORIENTED_EDGE('',*,*,#9234,.T.);
#9315 = ORIENTED_EDGE('',*,*,#9316,.F.);
#9316 = EDGE_CURVE('',#9081,#9228,#9317,.T.);
#9317 = B_SPLINE_CURVE_WITH_KNOTS('',1,(#9318,#9319),.UNSPECIFIED.,.F.,
  .F.,(2,2),(-0.,9.999999999999E-04),.PIECEWISE_BEZIER_KNOTS.);
#9318 = CARTESIAN_POINT('',(-1.190467902361,3.251,4.767987627001));
#9319 = CARTESIAN_POINT('',(-1.190467902361,3.25,4.767987627001));
#9320 = ORIENTED_EDGE('',*,*,#9080,.F.);
#9321 = ORIENTED_EDGE('',*,*,#9296,.T.);
#9322 = B_SPLINE_SURFACE_WITH_KNOTS('',1,1,(
    (#9323,#9324)
    ,(#9325,#9326
    )),.UNSPECIFIED.,.F.,.F.,.F.,(2,2),(2,2),(0.,3.649550286439E-02),(
    -9.999999999999E-04,0.),.PIECEWISE_BEZIER_KNOTS.);
#9323 = CARTESIAN_POINT('',(-1.190467902361,3.25,4.767987627001));
#9324 = CARTESIAN_POINT('',(-1.190467902361,3.251,4.767987627001));
#9325 = CARTESIAN_POINT('',(-1.226963405226,3.25,4.767987627001));
#9326 = CARTESIAN_POINT('',(-1.226963405226,3.251,4.767987627001));
#9327 = ADVANCED_FACE('',(#9328),#9338,.F.);
#9328 = FACE_BOUND('',#9329,.T.);
#9329 = EDGE_LOOP('',(#9330,#9331,#9336,#9337));
#9330 = ORIENTED_EDGE('',*,*,#9227,.T.);
#9331 = ORIENTED_EDGE('',*,*,#9332,.F.);
#9332 = EDGE_CURVE('',#9088,#9221,#9333,.T.);
#9333 = B_SPLINE_CURVE_WITH_KNOTS('',1,(#9334,#9335),.UNSPECIFIED.,.F.,
  .F.,(2,2),(-0.,9.999999999999E-04),.PIECEWISE_BEZIER_KNOTS.);
#9334 = CARTESIAN_POINT('',(-1.089767348166,3.251,4.503597984041));
#9335 = CARTESIAN_POINT('',(-1.089767348166,3.25,4.503597984041));
#9336 = ORIENTED_EDGE('',*,*,#9087,.F.);
#9337 = ORIENTED_EDGE('',*,*,#9316,.T.);
#9338 = B_SPLINE_SURFACE_WITH_KNOTS('',1,1,(
    (#9339,#9340)
    ,(#9341,#9342
    )),.UNSPECIFIED.,.F.,.F.,.F.,(2,2),(2,2),(0.,0.282917805944),(
    -9.999999999999E-04,0.),.PIECEWISE_BEZIER_KNOTS.);
#9339 = CARTESIAN_POINT('',(-1.089767348166,3.25,4.503597984041));
#9340 = CARTESIAN_POINT('',(-1.089767348166,3.251,4.503597984041));
#9341 = CARTESIAN_POINT('',(-1.190467902361,3.25,4.767987627001));
#9342 = CARTESIAN_POINT('',(-1.190467902361,3.251,4.767987627001));
#9343 = ADVANCED_FACE('',(#9344),#9354,.F.);
#9344 = FACE_BOUND('',#9345,.T.);
#9345 = EDGE_LOOP('',(#9346,#9347,#9352,#9353));
#9346 = ORIENTED_EDGE('',*,*,#9220,.T.);
#9347 = ORIENTED_EDGE('',*,*,#9348,.F.);
#9348 = EDGE_CURVE('',#9095,#9214,#9349,.T.);
#9349 = B_SPLINE_CURVE_WITH_KNOTS('',1,(#9350,#9351),.UNSPECIFIED.,.F.,
  .F.,(2,2),(-0.,9.999999999999E-04),.PIECEWISE_BEZIER_KNOTS.);
#9350 = CARTESIAN_POINT('',(-1.127479367791,3.251,4.503597984041));
#9351 = CARTESIAN_POINT('',(-1.127479367791,3.25,4.503597984041));
#9352 = ORIENTED_EDGE('',*,*,#9094,.F.);
#9353 = ORIENTED_EDGE('',*,*,#9332,.T.);
#9354 = B_SPLINE_SURFACE_WITH_KNOTS('',1,1,(
    (#9355,#9356)
    ,(#9357,#9358
    )),.UNSPECIFIED.,.F.,.F.,.F.,(2,2),(2,2),(0.,3.771201962509E-02),(
    -9.999999999999E-04,0.),.PIECEWISE_BEZIER_KNOTS.);
#9355 = CARTESIAN_POINT('',(-1.127479367791,3.25,4.503597984041));
#9356 = CARTESIAN_POINT('',(-1.127479367791,3.251,4.503597984041));
#9357 = CARTESIAN_POINT('',(-1.089767348166,3.25,4.503597984041));
#9358 = CARTESIAN_POINT('',(-1.089767348166,3.251,4.503597984041));
#9359 = ADVANCED_FACE('',(#9360),#9370,.F.);
#9360 = FACE_BOUND('',#9361,.T.);
#9361 = EDGE_LOOP('',(#9362,#9363,#9368,#9369));
#9362 = ORIENTED_EDGE('',*,*,#9213,.T.);
#9363 = ORIENTED_EDGE('',*,*,#9364,.F.);
#9364 = EDGE_CURVE('',#9102,#9207,#9365,.T.);
#9365 = B_SPLINE_CURVE_WITH_KNOTS('',1,(#9366,#9367),.UNSPECIFIED.,.F.,
  .F.,(2,2),(-0.,9.999999999999E-04),.PIECEWISE_BEZIER_KNOTS.);
#9366 = CARTESIAN_POINT('',(-1.152891051265,3.251,4.575913147119));
#9367 = CARTESIAN_POINT('',(-1.152891051265,3.25,4.575913147119));
#9368 = ORIENTED_EDGE('',*,*,#9101,.F.);
#9369 = ORIENTED_EDGE('',*,*,#9348,.T.);
#9370 = B_SPLINE_SURFACE_WITH_KNOTS('',1,1,(
    (#9371,#9372)
    ,(#9373,#9374
    )),.UNSPECIFIED.,.F.,.F.,.F.,(2,2),(2,2),(0.,7.665009111599E-02),(
    -9.999999999999E-04,0.),.PIECEWISE_BEZIER_KNOTS.);
#9371 = CARTESIAN_POINT('',(-1.152891051265,3.25,4.575913147119));
#9372 = CARTESIAN_POINT('',(-1.152891051265,3.251,4.575913147119));
#9373 = CARTESIAN_POINT('',(-1.127479367791,3.25,4.503597984041));
#9374 = CARTESIAN_POINT('',(-1.127479367791,3.251,4.503597984041));
#9375 = ADVANCED_FACE('',(#9376),#9386,.F.);
#9376 = FACE_BOUND('',#9377,.T.);
#9377 = EDGE_LOOP('',(#9378,#9379,#9384,#9385));
#9378 = ORIENTED_EDGE('',*,*,#9206,.T.);
#9379 = ORIENTED_EDGE('',*,*,#9380,.F.);
#9380 = EDGE_CURVE('',#9109,#9200,#9381,.T.);
#9381 = B_SPLINE_CURVE_WITH_KNOTS('',1,(#9382,#9383),.UNSPECIFIED.,.F.,
  .F.,(2,2),(-0.,9.999999999999E-04),.PIECEWISE_BEZIER_KNOTS.);
#9382 = CARTESIAN_POINT('',(-1.262985818235,3.251,4.575913147119));
#9383 = CARTESIAN_POINT('',(-1.262985818235,3.25,4.575913147119));
#9384 = ORIENTED_EDGE('',*,*,#9108,.F.);
#9385 = ORIENTED_EDGE('',*,*,#9364,.T.);
#9386 = B_SPLINE_SURFACE_WITH_KNOTS('',1,1,(
    (#9387,#9388)
    ,(#9389,#9390
    )),.UNSPECIFIED.,.F.,.F.,.F.,(2,2),(2,2),(0.,0.11009476697),(
    -9.999999999999E-04,0.),.PIECEWISE_BEZIER_KNOTS.);
#9387 = CARTESIAN_POINT('',(-1.262985818235,3.25,4.575913147119));
#9388 = CARTESIAN_POINT('',(-1.262985818235,3.251,4.575913147119));
#9389 = CARTESIAN_POINT('',(-1.152891051265,3.25,4.575913147119));
#9390 = CARTESIAN_POINT('',(-1.152891051265,3.251,4.575913147119));
#9391 = ADVANCED_FACE('',(#9392),#9402,.F.);
#9392 = FACE_BOUND('',#9393,.T.);
#9393 = EDGE_LOOP('',(#9394,#9395,#9400,#9401));
#9394 = ORIENTED_EDGE('',*,*,#9199,.T.);
#9395 = ORIENTED_EDGE('',*,*,#9396,.F.);
#9396 = EDGE_CURVE('',#9116,#9193,#9397,.T.);
#9397 = B_SPLINE_CURVE_WITH_KNOTS('',1,(#9398,#9399),.UNSPECIFIED.,.F.,
  .F.,(2,2),(-0.,9.999999999999E-04),.PIECEWISE_BEZIER_KNOTS.);
#9398 = CARTESIAN_POINT('',(-1.289951939797,3.251,4.503597984041));
#9399 = CARTESIAN_POINT('',(-1.289951939797,3.25,4.503597984041));
#9400 = ORIENTED_EDGE('',*,*,#9115,.F.);
#9401 = ORIENTED_EDGE('',*,*,#9380,.T.);
#9402 = B_SPLINE_SURFACE_WITH_KNOTS('',1,1,(
    (#9403,#9404)
    ,(#9405,#9406
    )),.UNSPECIFIED.,.F.,.F.,.F.,(2,2),(2,2),(0.,7.717936591562E-02),(
    -9.999999999999E-04,0.),.PIECEWISE_BEZIER_KNOTS.);
#9403 = CARTESIAN_POINT('',(-1.289951939797,3.25,4.503597984041));
#9404 = CARTESIAN_POINT('',(-1.289951939797,3.251,4.503597984041));
#9405 = CARTESIAN_POINT('',(-1.262985818235,3.25,4.575913147119));
#9406 = CARTESIAN_POINT('',(-1.262985818235,3.251,4.575913147119));
#9407 = ADVANCED_FACE('',(#9408),#9414,.F.);
#9408 = FACE_BOUND('',#9409,.T.);
#9409 = EDGE_LOOP('',(#9410,#9411,#9412,#9413));
#9410 = ORIENTED_EDGE('',*,*,#9192,.T.);
#9411 = ORIENTED_EDGE('',*,*,#9302,.F.);
#9412 = ORIENTED_EDGE('',*,*,#9122,.F.);
#9413 = ORIENTED_EDGE('',*,*,#9396,.T.);
#9414 = B_SPLINE_SURFACE_WITH_KNOTS('',1,1,(
    (#9415,#9416)
    ,(#9417,#9418
    )),.UNSPECIFIED.,.F.,.F.,.F.,(2,2),(2,2),(0.,3.771201962329E-02),(
    -9.999999999999E-04,0.),.PIECEWISE_BEZIER_KNOTS.);
#9415 = CARTESIAN_POINT('',(-1.32766395942,3.25,4.503597984041));
#9416 = CARTESIAN_POINT('',(-1.32766395942,3.251,4.503597984041));
#9417 = CARTESIAN_POINT('',(-1.289951939797,3.25,4.503597984041));
#9418 = CARTESIAN_POINT('',(-1.289951939797,3.251,4.503597984041));
#9419 = ADVANCED_FACE('',(#9420),#9434,.T.);
#9420 = FACE_BOUND('',#9421,.T.);
#9421 = EDGE_LOOP('',(#9422,#9423,#9428,#9429));
#9422 = ORIENTED_EDGE('',*,*,#9250,.F.);
#9423 = ORIENTED_EDGE('',*,*,#9424,.F.);
#9424 = EDGE_CURVE('',#9130,#9244,#9425,.T.);
#9425 = B_SPLINE_CURVE_WITH_KNOTS('',1,(#9426,#9427),.UNSPECIFIED.,.F.,
  .F.,(2,2),(-0.,1.000000000001E-03),.PIECEWISE_BEZIER_KNOTS.);
#9426 = CARTESIAN_POINT('',(-1.163704533597,3.251,4.605785392055));
#9427 = CARTESIAN_POINT('',(-1.163704533597,3.25,4.605785392055));
#9428 = ORIENTED_EDGE('',*,*,#9129,.T.);
#9429 = ORIENTED_EDGE('',*,*,#9430,.T.);
#9430 = EDGE_CURVE('',#9132,#9251,#9431,.T.);
#9431 = B_SPLINE_CURVE_WITH_KNOTS('',1,(#9432,#9433),.UNSPECIFIED.,.F.,
  .F.,(2,2),(-0.,9.999999999999E-04),.PIECEWISE_BEZIER_KNOTS.);
#9432 = CARTESIAN_POINT('',(-1.252442672965,3.251,4.605785392055));
#9433 = CARTESIAN_POINT('',(-1.252442672965,3.25,4.605785392055));
#9434 = B_SPLINE_SURFACE_WITH_KNOTS('',1,1,(
    (#9435,#9436)
    ,(#9437,#9438
    )),.UNSPECIFIED.,.F.,.F.,.F.,(2,2),(2,2),(-8.873813936787E-02,0.),(
    -1.000000000001E-03,0.),.PIECEWISE_BEZIER_KNOTS.);
#9435 = CARTESIAN_POINT('',(-1.252442672965,3.25,4.605785392055));
#9436 = CARTESIAN_POINT('',(-1.252442672965,3.251,4.605785392055));
#9437 = CARTESIAN_POINT('',(-1.163704533597,3.25,4.605785392055));
#9438 = CARTESIAN_POINT('',(-1.163704533597,3.251,4.605785392055));
#9439 = ADVANCED_FACE('',(#9440),#9450,.T.);
#9440 = FACE_BOUND('',#9441,.T.);
#9441 = EDGE_LOOP('',(#9442,#9443,#9444,#9445));
#9442 = ORIENTED_EDGE('',*,*,#9257,.F.);
#9443 = ORIENTED_EDGE('',*,*,#9430,.F.);
#9444 = ORIENTED_EDGE('',*,*,#9170,.T.);
#9445 = ORIENTED_EDGE('',*,*,#9446,.T.);
#9446 = EDGE_CURVE('',#9162,#9258,#9447,.T.);
#9447 = B_SPLINE_CURVE_WITH_KNOTS('',1,(#9448,#9449),.UNSPECIFIED.,.F.,
  .F.,(2,2),(-0.,9.999999999999E-04),.PIECEWISE_BEZIER_KNOTS.);
#9448 = CARTESIAN_POINT('',(-1.212500372608,3.251,4.715677406232));
#9449 = CARTESIAN_POINT('',(-1.212500372608,3.25,4.715677406232));
#9450 = B_SPLINE_SURFACE_WITH_KNOTS('',1,1,(
    (#9451,#9452)
    ,(#9453,#9454
    )),.UNSPECIFIED.,.F.,.F.,.F.,(2,2),(2,2),(-0.116925797571,0.),(
    -9.999999999999E-04,0.),.PIECEWISE_BEZIER_KNOTS.);
#9451 = CARTESIAN_POINT('',(-1.212500372608,3.25,4.715677406232));
#9452 = CARTESIAN_POINT('',(-1.212500372608,3.251,4.715677406232));
#9453 = CARTESIAN_POINT('',(-1.252442672965,3.25,4.605785392055));
#9454 = CARTESIAN_POINT('',(-1.252442672965,3.251,4.605785392055));
#9455 = ADVANCED_FACE('',(#9456),#9466,.T.);
#9456 = FACE_BOUND('',#9457,.T.);
#9457 = EDGE_LOOP('',(#9458,#9459,#9460,#9461));
#9458 = ORIENTED_EDGE('',*,*,#9264,.F.);
#9459 = ORIENTED_EDGE('',*,*,#9446,.F.);
#9460 = ORIENTED_EDGE('',*,*,#9161,.T.);
#9461 = ORIENTED_EDGE('',*,*,#9462,.T.);
#9462 = EDGE_CURVE('',#9155,#9265,#9463,.T.);
#9463 = B_SPLINE_CURVE_WITH_KNOTS('',1,(#9464,#9465),.UNSPECIFIED.,.F.,
  .F.,(2,2),(-0.,9.999999999999E-04),.PIECEWISE_BEZIER_KNOTS.);
#9464 = CARTESIAN_POINT('',(-1.208377732471,3.251,4.73419549472));
#9465 = CARTESIAN_POINT('',(-1.208377732471,3.25,4.73419549472));
#9466 = B_SPLINE_SURFACE_WITH_KNOTS('',3,1,(
    (#9467,#9468)
    ,(#9469,#9470)
    ,(#9471,#9472)
    ,(#9473,#9474
    )),.UNSPECIFIED.,.F.,.F.,.F.,(4,4),(2,2),(1.,2.),(0.,1.),
  .PIECEWISE_BEZIER_KNOTS.);
#9467 = CARTESIAN_POINT('',(-1.212500372608,3.251,4.715677406232));
#9468 = CARTESIAN_POINT('',(-1.212500372608,3.25,4.715677406232));
#9469 = CARTESIAN_POINT('',(-1.211216271583,3.251,4.719326956517));
#9470 = CARTESIAN_POINT('',(-1.211216271583,3.25,4.719326956517));
#9471 = CARTESIAN_POINT('',(-1.20986458629,3.251,4.725409540328));
#9472 = CARTESIAN_POINT('',(-1.20986458629,3.25,4.725409540328));
#9473 = CARTESIAN_POINT('',(-1.208377732471,3.251,4.73419549472));
#9474 = CARTESIAN_POINT('',(-1.208377732471,3.25,4.73419549472));
#9475 = ADVANCED_FACE('',(#9476),#9486,.T.);
#9476 = FACE_BOUND('',#9477,.T.);
#9477 = EDGE_LOOP('',(#9478,#9479,#9480,#9481));
#9478 = ORIENTED_EDGE('',*,*,#9273,.F.);
#9479 = ORIENTED_EDGE('',*,*,#9462,.F.);
#9480 = ORIENTED_EDGE('',*,*,#9154,.T.);
#9481 = ORIENTED_EDGE('',*,*,#9482,.T.);
#9482 = EDGE_CURVE('',#9146,#9274,#9483,.T.);
#9483 = B_SPLINE_CURVE_WITH_KNOTS('',1,(#9484,#9485),.UNSPECIFIED.,.F.,
  .F.,(2,2),(-0.,9.999999999999E-04),.PIECEWISE_BEZIER_KNOTS.);
#9484 = CARTESIAN_POINT('',(-1.207566721296,3.251,4.73419549472));
#9485 = CARTESIAN_POINT('',(-1.207566721296,3.25,4.73419549472));
#9486 = B_SPLINE_SURFACE_WITH_KNOTS('',1,1,(
    (#9487,#9488)
    ,(#9489,#9490
    )),.UNSPECIFIED.,.F.,.F.,.F.,(2,2),(2,2),(-8.110111756068E-04,
    2.22044604925E-16),(-9.999999999999E-04,0.),
  .PIECEWISE_BEZIER_KNOTS.);
#9487 = CARTESIAN_POINT('',(-1.207566721296,3.25,4.73419549472));
#9488 = CARTESIAN_POINT('',(-1.207566721296,3.251,4.73419549472));
#9489 = CARTESIAN_POINT('',(-1.208377732471,3.25,4.73419549472));
#9490 = CARTESIAN_POINT('',(-1.208377732471,3.251,4.73419549472));
#9491 = ADVANCED_FACE('',(#9492),#9502,.T.);
#9492 = FACE_BOUND('',#9493,.T.);
#9493 = EDGE_LOOP('',(#9494,#9495,#9496,#9497));
#9494 = ORIENTED_EDGE('',*,*,#9280,.F.);
#9495 = ORIENTED_EDGE('',*,*,#9482,.F.);
#9496 = ORIENTED_EDGE('',*,*,#9145,.T.);
#9497 = ORIENTED_EDGE('',*,*,#9498,.T.);
#9498 = EDGE_CURVE('',#9139,#9242,#9499,.T.);
#9499 = B_SPLINE_CURVE_WITH_KNOTS('',1,(#9500,#9501),.UNSPECIFIED.,.F.,
  .F.,(2,2),(8.881784197001E-16,9.999999999999E-04),
  .PIECEWISE_BEZIER_KNOTS.);
#9500 = CARTESIAN_POINT('',(-1.203241328363,3.251,4.715677406232));
#9501 = CARTESIAN_POINT('',(-1.203241328363,3.25,4.715677406232));
#9502 = B_SPLINE_SURFACE_WITH_KNOTS('',3,1,(
    (#9503,#9504)
    ,(#9505,#9506)
    ,(#9507,#9508)
    ,(#9509,#9510
    )),.UNSPECIFIED.,.F.,.F.,.F.,(4,4),(2,2),(3.,4.),(0.,1.),
  .PIECEWISE_BEZIER_KNOTS.);
#9503 = CARTESIAN_POINT('',(-1.207566721296,3.251,4.73419549472));
#9504 = CARTESIAN_POINT('',(-1.207566721296,3.25,4.73419549472));
#9505 = CARTESIAN_POINT('',(-1.206282620269,3.251,4.726220551502));
#9506 = CARTESIAN_POINT('',(-1.206282620269,3.25,4.726220551502));
#9507 = CARTESIAN_POINT('',(-1.204863350715,3.251,4.720002799162));
#9508 = CARTESIAN_POINT('',(-1.204863350715,3.25,4.720002799162));
#9509 = CARTESIAN_POINT('',(-1.203241328363,3.251,4.715677406232));
#9510 = CARTESIAN_POINT('',(-1.203241328363,3.25,4.715677406232));
#9511 = ADVANCED_FACE('',(#9512),#9518,.T.);
#9512 = FACE_BOUND('',#9513,.T.);
#9513 = EDGE_LOOP('',(#9514,#9515,#9516,#9517));
#9514 = ORIENTED_EDGE('',*,*,#9241,.F.);
#9515 = ORIENTED_EDGE('',*,*,#9498,.F.);
#9516 = ORIENTED_EDGE('',*,*,#9138,.T.);
#9517 = ORIENTED_EDGE('',*,*,#9424,.T.);
#9518 = B_SPLINE_SURFACE_WITH_KNOTS('',1,1,(
    (#9519,#9520)
    ,(#9521,#9522
    )),.UNSPECIFIED.,.F.,.F.,.F.,(2,2),(2,2),(-0.116787897148,
    1.044668560194E-16),(-1.000000000001E-03,0.),
  .PIECEWISE_BEZIER_KNOTS.);
#9519 = CARTESIAN_POINT('',(-1.163704533597,3.25,4.605785392055));
#9520 = CARTESIAN_POINT('',(-1.163704533597,3.251,4.605785392055));
#9521 = CARTESIAN_POINT('',(-1.203241328363,3.25,4.715677406232));
#9522 = CARTESIAN_POINT('',(-1.203241328363,3.251,4.715677406232));
#9523 = MANIFOLD_SOLID_BREP('',#9524);
#9524 = CLOSED_SHELL('',(#9525,#9845,#10165,#10189,#10209,#10229,#10249,
    #10269,#10289,#10309,#10329,#10349,#10369,#10389,#10409,#10425,
    #10441,#10457,#10473,#10493,#10513,#10533,#10553,#10573,#10593,
    #10613,#10629,#10649,#10669,#10685,#10705,#10725,#10745,#10761,
    #10781,#10797,#10827));
#9525 = ADVANCED_FACE('',(#9526,#9815),#9840,.F.);
#9526 = FACE_BOUND('',#9527,.T.);
#9527 = EDGE_LOOP('',(#9528,#9539,#9548,#9557,#9566,#9575,#9584,#9593,
    #9602,#9611,#9620,#9629,#9638,#9647,#9654,#9661,#9668,#9677,#9686,
    #9695,#9704,#9713,#9722,#9731,#9740,#9749,#9758,#9765,#9774,#9783,
    #9792,#9799,#9808));
#9528 = ORIENTED_EDGE('',*,*,#9529,.T.);
#9529 = EDGE_CURVE('',#9530,#9532,#9534,.T.);
#9530 = VERTEX_POINT('',#9531);
#9531 = CARTESIAN_POINT('',(0.281034295647,3.251,4.76585070261));
#9532 = VERTEX_POINT('',#9533);
#9533 = CARTESIAN_POINT('',(0.467132801475,3.251,5.012102253223));
#9534 = B_SPLINE_CURVE_WITH_KNOTS('',3,(#9535,#9536,#9537,#9538),
  .UNSPECIFIED.,.F.,.F.,(4,4),(35.,36.),.PIECEWISE_BEZIER_KNOTS.);
#9535 = CARTESIAN_POINT('',(0.281034295647,3.251,4.76585070261));
#9536 = CARTESIAN_POINT('',(0.282914050286,3.251,4.878637630207));
#9537 = CARTESIAN_POINT('',(0.359985209503,3.251,4.978266167772));
#9538 = CARTESIAN_POINT('',(0.467132801475,3.251,5.012102253223));
#9539 = ORIENTED_EDGE('',*,*,#9540,.T.);
#9540 = EDGE_CURVE('',#9532,#9541,#9543,.T.);
#9541 = VERTEX_POINT('',#9542);
#9542 = CARTESIAN_POINT('',(0.568641129533,3.251,5.160605137432));
#9543 = B_SPLINE_CURVE_WITH_KNOTS('',3,(#9544,#9545,#9546,#9547),
  .UNSPECIFIED.,.F.,.F.,(4,4),(0.,1.),.PIECEWISE_BEZIER_KNOTS.);
#9544 = CARTESIAN_POINT('',(0.467132801475,3.251,5.012102253223));
#9545 = CARTESIAN_POINT('',(0.487810389331,3.251,5.068495752873));
#9546 = CARTESIAN_POINT('',(0.523526301128,3.251,5.119249898976));
#9547 = CARTESIAN_POINT('',(0.568641129533,3.251,5.160605137432));
#9548 = ORIENTED_EDGE('',*,*,#9549,.T.);
#9549 = EDGE_CURVE('',#9541,#9550,#9552,.T.);
#9550 = VERTEX_POINT('',#9551);
#9551 = CARTESIAN_POINT('',(0.824291632607,3.251,5.258353875541));
#9552 = B_SPLINE_CURVE_WITH_KNOTS('',3,(#9553,#9554,#9555,#9556),
  .UNSPECIFIED.,.F.,.F.,(4,4),(1.,2.),.PIECEWISE_BEZIER_KNOTS.);
#9553 = CARTESIAN_POINT('',(0.568641129533,3.251,5.160605137432));
#9554 = CARTESIAN_POINT('',(0.640072881418,3.251,5.222637992877));
#9555 = CARTESIAN_POINT('',(0.73030246652,3.251,5.258353875541));
#9556 = CARTESIAN_POINT('',(0.824291632607,3.251,5.258353875541));
#9557 = ORIENTED_EDGE('',*,*,#9558,.T.);
#9558 = EDGE_CURVE('',#9550,#9559,#9561,.T.);
#9559 = VERTEX_POINT('',#9560);
#9560 = CARTESIAN_POINT('',(1.049865631217,3.251,5.1850423242));
#9561 = B_SPLINE_CURVE_WITH_KNOTS('',3,(#9562,#9563,#9564,#9565),
  .UNSPECIFIED.,.F.,.F.,(4,4),(2.,3.),.PIECEWISE_BEZIER_KNOTS.);
#9562 = CARTESIAN_POINT('',(0.824291632607,3.251,5.258353875541));
#9563 = CARTESIAN_POINT('',(0.907002091593,3.251,5.258353875541));
#9564 = CARTESIAN_POINT('',(0.984073214955,3.251,5.232036909485));
#9565 = CARTESIAN_POINT('',(1.049865631217,3.251,5.1850423242));
#9566 = ORIENTED_EDGE('',*,*,#9567,.T.);
#9567 = EDGE_CURVE('',#9559,#9568,#9570,.T.);
#9568 = VERTEX_POINT('',#9569);
#9569 = CARTESIAN_POINT('',(1.132576090203,3.251,5.102331856252));
#9570 = B_SPLINE_CURVE_WITH_KNOTS('',3,(#9571,#9572,#9573,#9574),
  .UNSPECIFIED.,.F.,.F.,(4,4),(3.,4.),.PIECEWISE_BEZIER_KNOTS.);
#9571 = CARTESIAN_POINT('',(1.049865631217,3.251,5.1850423242));
#9572 = CARTESIAN_POINT('',(1.081821962028,3.251,5.162484918961));
#9573 = CARTESIAN_POINT('',(1.108138921362,3.251,5.134288169136));
#9574 = CARTESIAN_POINT('',(1.132576090203,3.251,5.102331856252));
#9575 = ORIENTED_EDGE('',*,*,#9576,.T.);
#9576 = EDGE_CURVE('',#9568,#9577,#9579,.T.);
#9577 = VERTEX_POINT('',#9578);
#9578 = CARTESIAN_POINT('',(1.175811092261,3.251,5.106091419309));
#9579 = B_SPLINE_CURVE_WITH_KNOTS('',3,(#9580,#9581,#9582,#9583),
  .UNSPECIFIED.,.F.,.F.,(4,4),(4.,5.),.PIECEWISE_BEZIER_KNOTS.);
#9580 = CARTESIAN_POINT('',(1.132576090203,3.251,5.102331856252));
#9581 = CARTESIAN_POINT('',(1.147614342435,3.251,5.104211646744));
#9582 = CARTESIAN_POINT('',(1.160772840029,3.251,5.106091419309));
#9583 = CARTESIAN_POINT('',(1.175811092261,3.251,5.106091419309));
#9584 = ORIENTED_EDGE('',*,*,#9585,.T.);
#9585 = EDGE_CURVE('',#9577,#9586,#9588,.T.);
#9586 = VERTEX_POINT('',#9587);
#9587 = CARTESIAN_POINT('',(1.391986174262,3.251,5.01586181628));
#9588 = B_SPLINE_CURVE_WITH_KNOTS('',3,(#9589,#9590,#9591,#9592),
  .UNSPECIFIED.,.F.,.F.,(4,4),(5.,6.),.PIECEWISE_BEZIER_KNOTS.);
#9589 = CARTESIAN_POINT('',(1.175811092261,3.251,5.106091419309));
#9590 = CARTESIAN_POINT('',(1.256641778682,3.251,5.106091419309));
#9591 = CARTESIAN_POINT('',(1.333712884117,3.251,5.074135106426));
#9592 = CARTESIAN_POINT('',(1.391986174262,3.251,5.01586181628));
#9593 = ORIENTED_EDGE('',*,*,#9594,.T.);
#9594 = EDGE_CURVE('',#9586,#9595,#9597,.T.);
#9595 = VERTEX_POINT('',#9596);
#9596 = CARTESIAN_POINT('',(1.480336040579,3.251,4.8015665427));
#9597 = B_SPLINE_CURVE_WITH_KNOTS('',3,(#9598,#9599,#9600,#9601),
  .UNSPECIFIED.,.F.,.F.,(4,4),(6.,7.),.PIECEWISE_BEZIER_KNOTS.);
#9598 = CARTESIAN_POINT('',(1.391986174262,3.251,5.01586181628));
#9599 = CARTESIAN_POINT('',(1.448379723214,3.251,4.959468334555));
#9600 = CARTESIAN_POINT('',(1.480336040579,3.251,4.882397211191));
#9601 = CARTESIAN_POINT('',(1.480336040579,3.251,4.8015665427));
#9602 = ORIENTED_EDGE('',*,*,#9603,.T.);
#9603 = EDGE_CURVE('',#9595,#9604,#9606,.T.);
#9604 = VERTEX_POINT('',#9605);
#9605 = CARTESIAN_POINT('',(1.401385144651,3.251,4.596670203653));
#9606 = B_SPLINE_CURVE_WITH_KNOTS('',3,(#9607,#9608,#9609,#9610),
  .UNSPECIFIED.,.F.,.F.,(4,4),(7.,8.),.PIECEWISE_BEZIER_KNOTS.);
#9607 = CARTESIAN_POINT('',(1.480336040579,3.251,4.8015665427));
#9608 = CARTESIAN_POINT('',(1.480336040579,3.251,4.726375209829));
#9609 = CARTESIAN_POINT('',(1.452139290754,3.251,4.653063631598));
#9610 = CARTESIAN_POINT('',(1.401385144651,3.251,4.596670203653));
#9611 = ORIENTED_EDGE('',*,*,#9612,.T.);
#9612 = EDGE_CURVE('',#9604,#9613,#9615,.T.);
#9613 = VERTEX_POINT('',#9614);
#9614 = CARTESIAN_POINT('',(1.251002478913,3.251,4.506440618551));
#9615 = B_SPLINE_CURVE_WITH_KNOTS('',3,(#9616,#9617,#9618,#9619),
  .UNSPECIFIED.,.F.,.F.,(4,4),(8.,9.),.PIECEWISE_BEZIER_KNOTS.);
#9616 = CARTESIAN_POINT('',(1.401385144651,3.251,4.596670203653));
#9617 = CARTESIAN_POINT('',(1.360029915159,3.251,4.551555375247));
#9618 = CARTESIAN_POINT('',(1.30927575113,3.251,4.521478870784));
#9619 = CARTESIAN_POINT('',(1.251002478913,3.251,4.506440618551));
#9620 = ORIENTED_EDGE('',*,*,#9621,.T.);
#9621 = EDGE_CURVE('',#9613,#9622,#9624,.T.);
#9622 = VERTEX_POINT('',#9623);
#9623 = CARTESIAN_POINT('',(1.072423045419,3.251,4.378615367014));
#9624 = B_SPLINE_CURVE_WITH_KNOTS('',3,(#9625,#9626,#9627,#9628),
  .UNSPECIFIED.,.F.,.F.,(4,4),(9.,10.),.PIECEWISE_BEZIER_KNOTS.);
#9625 = CARTESIAN_POINT('',(1.251002478913,3.251,4.506440618551));
#9626 = CARTESIAN_POINT('',(1.226565292145,3.251,4.43124928568));
#9627 = CARTESIAN_POINT('',(1.15513354026,3.251,4.378615367014));
#9628 = CARTESIAN_POINT('',(1.072423045419,3.251,4.378615367014));
#9629 = ORIENTED_EDGE('',*,*,#9630,.T.);
#9630 = EDGE_CURVE('',#9622,#9631,#9633,.T.);
#9631 = VERTEX_POINT('',#9632);
#9632 = CARTESIAN_POINT('',(0.884444713244,3.251,4.566593699188));
#9633 = B_SPLINE_CURVE_WITH_KNOTS('',3,(#9634,#9635,#9636,#9637),
  .UNSPECIFIED.,.F.,.F.,(4,4),(10.,11.),.PIECEWISE_BEZIER_KNOTS.);
#9634 = CARTESIAN_POINT('',(1.072423045419,3.251,4.378615367014));
#9635 = CARTESIAN_POINT('',(0.969034962724,3.251,4.378615367014));
#9636 = CARTESIAN_POINT('',(0.884444713244,3.251,4.463205616492));
#9637 = CARTESIAN_POINT('',(0.884444713244,3.251,4.566593699188));
#9638 = ORIENTED_EDGE('',*,*,#9639,.T.);
#9639 = EDGE_CURVE('',#9631,#9640,#9642,.T.);
#9640 = VERTEX_POINT('',#9641);
#9641 = CARTESIAN_POINT('',(0.884444713244,3.251,4.585391532407));
#9642 = B_SPLINE_CURVE_WITH_KNOTS('',3,(#9643,#9644,#9645,#9646),
  .UNSPECIFIED.,.F.,.F.,(4,4),(11.,12.),.PIECEWISE_BEZIER_KNOTS.);
#9643 = CARTESIAN_POINT('',(0.884444713244,3.251,4.566593699188));
#9644 = CARTESIAN_POINT('',(0.884444713244,3.251,4.572233034812));
#9645 = CARTESIAN_POINT('',(0.884444713244,3.251,4.577872370436));
#9646 = CARTESIAN_POINT('',(0.884444713244,3.251,4.585391532407));
#9647 = ORIENTED_EDGE('',*,*,#9648,.T.);
#9648 = EDGE_CURVE('',#9640,#9649,#9651,.T.);
#9649 = VERTEX_POINT('',#9650);
#9650 = CARTESIAN_POINT('',(0.6212750482,3.251,4.724495491045));
#9651 = B_SPLINE_CURVE_WITH_KNOTS('',1,(#9652,#9653),.UNSPECIFIED.,.F.,
  .F.,(2,2),(9.8154256972E-17,0.297671268194),.PIECEWISE_BEZIER_KNOTS.);
#9652 = CARTESIAN_POINT('',(0.884444713244,3.251,4.585391532407));
#9653 = CARTESIAN_POINT('',(0.6212750482,3.251,4.724495491045));
#9654 = ORIENTED_EDGE('',*,*,#9655,.T.);
#9655 = EDGE_CURVE('',#9649,#9656,#9658,.T.);
#9656 = VERTEX_POINT('',#9657);
#9657 = CARTESIAN_POINT('',(0.679548302491,3.251,4.824124028609));
#9658 = B_SPLINE_CURVE_WITH_KNOTS('',1,(#9659,#9660),.UNSPECIFIED.,.F.,
  .F.,(2,2),(0.,0.115419312348),.PIECEWISE_BEZIER_KNOTS.);
#9659 = CARTESIAN_POINT('',(0.6212750482,3.251,4.724495491045));
#9660 = CARTESIAN_POINT('',(0.679548302491,3.251,4.824124028609));
#9661 = ORIENTED_EDGE('',*,*,#9662,.T.);
#9662 = EDGE_CURVE('',#9656,#9663,#9665,.T.);
#9663 = VERTEX_POINT('',#9664);
#9664 = CARTESIAN_POINT('',(0.931439260434,3.251,4.692539196087));
#9665 = B_SPLINE_CURVE_WITH_KNOTS('',1,(#9666,#9667),.UNSPECIFIED.,.F.,
  .F.,(2,2),(0.,0.284189413672),.PIECEWISE_BEZIER_KNOTS.);
#9666 = CARTESIAN_POINT('',(0.679548302491,3.251,4.824124028609));
#9667 = CARTESIAN_POINT('',(0.931439260434,3.251,4.692539196087));
#9668 = ORIENTED_EDGE('',*,*,#9669,.T.);
#9669 = EDGE_CURVE('',#9663,#9670,#9672,.T.);
#9670 = VERTEX_POINT('',#9671);
#9671 = CARTESIAN_POINT('',(1.072423009565,3.251,4.756451821856));
#9672 = B_SPLINE_CURVE_WITH_KNOTS('',3,(#9673,#9674,#9675,#9676),
  .UNSPECIFIED.,.F.,.F.,(4,4),(15.,16.),.PIECEWISE_BEZIER_KNOTS.);
#9673 = CARTESIAN_POINT('',(0.931439260434,3.251,4.692539196087));
#9674 = CARTESIAN_POINT('',(0.965275345884,3.251,4.732014653015));
#9675 = CARTESIAN_POINT('',(1.016029509913,3.251,4.756451821856));
#9676 = CARTESIAN_POINT('',(1.072423009565,3.251,4.756451821856));
#9677 = ORIENTED_EDGE('',*,*,#9678,.T.);
#9678 = EDGE_CURVE('',#9670,#9679,#9681,.T.);
#9679 = VERTEX_POINT('',#9680);
#9680 = CARTESIAN_POINT('',(1.249122634639,3.251,4.632386115451));
#9681 = B_SPLINE_CURVE_WITH_KNOTS('',3,(#9682,#9683,#9684,#9685),
  .UNSPECIFIED.,.F.,.F.,(4,4),(16.,17.),.PIECEWISE_BEZIER_KNOTS.);
#9682 = CARTESIAN_POINT('',(1.072423009565,3.251,4.756451821856));
#9683 = CARTESIAN_POINT('',(1.153253713912,3.251,4.756451821856));
#9684 = CARTESIAN_POINT('',(1.222805675304,3.251,4.70381790319));
#9685 = CARTESIAN_POINT('',(1.249122634639,3.251,4.632386115451));
#9686 = ORIENTED_EDGE('',*,*,#9687,.T.);
#9687 = EDGE_CURVE('',#9679,#9688,#9690,.T.);
#9688 = VERTEX_POINT('',#9689);
#9689 = CARTESIAN_POINT('',(1.361909633943,3.251,4.805326195392));
#9690 = B_SPLINE_CURVE_WITH_KNOTS('',3,(#9691,#9692,#9693,#9694),
  .UNSPECIFIED.,.F.,.F.,(4,4),(17.,18.),.PIECEWISE_BEZIER_KNOTS.);
#9691 = CARTESIAN_POINT('',(1.249122634639,3.251,4.632386115451));
#9692 = CARTESIAN_POINT('',(1.314915050899,3.251,4.662462655768));
#9693 = CARTESIAN_POINT('',(1.361909633943,3.251,4.728255072029));
#9694 = CARTESIAN_POINT('',(1.361909633943,3.251,4.805326195392));
#9695 = ORIENTED_EDGE('',*,*,#9696,.T.);
#9696 = EDGE_CURVE('',#9688,#9697,#9699,.T.);
#9697 = VERTEX_POINT('',#9698);
#9698 = CARTESIAN_POINT('',(1.173931301769,3.251,4.993304527566));
#9699 = B_SPLINE_CURVE_WITH_KNOTS('',3,(#9700,#9701,#9702,#9703),
  .UNSPECIFIED.,.F.,.F.,(4,4),(18.,19.),.PIECEWISE_BEZIER_KNOTS.);
#9700 = CARTESIAN_POINT('',(1.361909633943,3.251,4.805326195392));
#9701 = CARTESIAN_POINT('',(1.361909633943,3.251,4.908714278089));
#9702 = CARTESIAN_POINT('',(1.277319384465,3.251,4.993304527566));
#9703 = CARTESIAN_POINT('',(1.173931301769,3.251,4.993304527566));
#9704 = ORIENTED_EDGE('',*,*,#9705,.T.);
#9705 = EDGE_CURVE('',#9697,#9706,#9708,.T.);
#9706 = VERTEX_POINT('',#9707);
#9707 = CARTESIAN_POINT('',(1.074302800058,3.251,4.965107777739));
#9708 = B_SPLINE_CURVE_WITH_KNOTS('',3,(#9709,#9710,#9711,#9712),
  .UNSPECIFIED.,.F.,.F.,(4,4),(19.,20.),.PIECEWISE_BEZIER_KNOTS.);
#9709 = CARTESIAN_POINT('',(1.173931301769,3.251,4.993304527566));
#9710 = CARTESIAN_POINT('',(1.138215425826,3.251,4.993304527566));
#9711 = CARTESIAN_POINT('',(1.102499549883,3.251,4.982025820466));
#9712 = CARTESIAN_POINT('',(1.074302800058,3.251,4.965107777739));
#9713 = ORIENTED_EDGE('',*,*,#9714,.T.);
#9714 = EDGE_CURVE('',#9706,#9715,#9717,.T.);
#9715 = VERTEX_POINT('',#9716);
#9716 = CARTESIAN_POINT('',(0.822411877968,3.251,5.145566876237));
#9717 = B_SPLINE_CURVE_WITH_KNOTS('',3,(#9718,#9719,#9720,#9721),
  .UNSPECIFIED.,.F.,.F.,(4,4),(20.,21.),.PIECEWISE_BEZIER_KNOTS.);
#9718 = CARTESIAN_POINT('',(1.074302800058,3.251,4.965107777739));
#9719 = CARTESIAN_POINT('',(1.03858695997,3.251,5.070375543367));
#9720 = CARTESIAN_POINT('',(0.940838212897,3.251,5.145566876237));
#9721 = CARTESIAN_POINT('',(0.822411877968,3.251,5.145566876237));
#9722 = ORIENTED_EDGE('',*,*,#9723,.T.);
#9723 = EDGE_CURVE('',#9715,#9724,#9726,.T.);
#9724 = VERTEX_POINT('',#9725);
#9725 = CARTESIAN_POINT('',(0.559242212924,3.251,4.910593961019));
#9726 = B_SPLINE_CURVE_WITH_KNOTS('',3,(#9727,#9728,#9729,#9730),
  .UNSPECIFIED.,.F.,.F.,(4,4),(21.,22.),.PIECEWISE_BEZIER_KNOTS.);
#9727 = CARTESIAN_POINT('',(0.822411877968,3.251,5.145566876237));
#9728 = CARTESIAN_POINT('',(0.687067464461,3.251,5.145566876237));
#9729 = CARTESIAN_POINT('',(0.574280465157,3.251,5.04217879354));
#9730 = CARTESIAN_POINT('',(0.559242212924,3.251,4.910593961019));
#9731 = ORIENTED_EDGE('',*,*,#9732,.T.);
#9732 = EDGE_CURVE('',#9724,#9733,#9735,.T.);
#9733 = VERTEX_POINT('',#9734);
#9734 = CARTESIAN_POINT('',(0.544203960692,3.251,4.910593961019));
#9735 = B_SPLINE_CURVE_WITH_KNOTS('',3,(#9736,#9737,#9738,#9739),
  .UNSPECIFIED.,.F.,.F.,(4,4),(22.,23.),.PIECEWISE_BEZIER_KNOTS.);
#9736 = CARTESIAN_POINT('',(0.559242212924,3.251,4.910593961019));
#9737 = CARTESIAN_POINT('',(0.553602877301,3.251,4.910593961019));
#9738 = CARTESIAN_POINT('',(0.549843296316,3.251,4.910593961019));
#9739 = CARTESIAN_POINT('',(0.544203960692,3.251,4.910593961019));
#9740 = ORIENTED_EDGE('',*,*,#9741,.T.);
#9741 = EDGE_CURVE('',#9733,#9742,#9744,.T.);
#9742 = VERTEX_POINT('',#9743);
#9743 = CARTESIAN_POINT('',(0.397580875937,3.251,4.763970876264));
#9744 = B_SPLINE_CURVE_WITH_KNOTS('',3,(#9745,#9746,#9747,#9748),
  .UNSPECIFIED.,.F.,.F.,(4,4),(23.,24.),.PIECEWISE_BEZIER_KNOTS.);
#9745 = CARTESIAN_POINT('',(0.544203960692,3.251,4.910593961019));
#9746 = CARTESIAN_POINT('',(0.463373292198,3.251,4.910593961019));
#9747 = CARTESIAN_POINT('',(0.397580875937,3.251,4.844801544758));
#9748 = CARTESIAN_POINT('',(0.397580875937,3.251,4.763970876264));
#9749 = ORIENTED_EDGE('',*,*,#9750,.T.);
#9750 = EDGE_CURVE('',#9742,#9751,#9753,.T.);
#9751 = VERTEX_POINT('',#9752);
#9752 = CARTESIAN_POINT('',(0.532925289444,3.251,4.61734779151));
#9753 = B_SPLINE_CURVE_WITH_KNOTS('',3,(#9754,#9755,#9756,#9757),
  .UNSPECIFIED.,.F.,.F.,(4,4),(24.,25.),.PIECEWISE_BEZIER_KNOTS.);
#9754 = CARTESIAN_POINT('',(0.397580875937,3.251,4.763970876264));
#9755 = CARTESIAN_POINT('',(0.397580875937,3.251,4.686899752901));
#9756 = CARTESIAN_POINT('',(0.455854130229,3.251,4.622987127134));
#9757 = CARTESIAN_POINT('',(0.532925289444,3.251,4.61734779151));
#9758 = ORIENTED_EDGE('',*,*,#9759,.T.);
#9759 = EDGE_CURVE('',#9751,#9760,#9762,.T.);
#9760 = VERTEX_POINT('',#9761);
#9761 = CARTESIAN_POINT('',(0.617515538923,3.251,4.61734779151));
#9762 = B_SPLINE_CURVE_WITH_KNOTS('',1,(#9763,#9764),.UNSPECIFIED.,.F.,
  .F.,(2,2),(0.,8.459024947859E-02),.PIECEWISE_BEZIER_KNOTS.);
#9763 = CARTESIAN_POINT('',(0.532925289444,3.251,4.61734779151));
#9764 = CARTESIAN_POINT('',(0.617515538923,3.251,4.61734779151));
#9765 = ORIENTED_EDGE('',*,*,#9766,.T.);
#9766 = EDGE_CURVE('',#9760,#9767,#9769,.T.);
#9767 = VERTEX_POINT('',#9768);
#9768 = CARTESIAN_POINT('',(0.62879421017,3.251,4.619227546148));
#9769 = B_SPLINE_CURVE_WITH_KNOTS('',3,(#9770,#9771,#9772,#9773),
  .UNSPECIFIED.,.F.,.F.,(4,4),(26.,27.),.PIECEWISE_BEZIER_KNOTS.);
#9770 = CARTESIAN_POINT('',(0.617515538923,3.251,4.61734779151));
#9771 = CARTESIAN_POINT('',(0.621275119908,3.251,4.61734779151));
#9772 = CARTESIAN_POINT('',(0.625034700893,3.251,4.619227546148));
#9773 = CARTESIAN_POINT('',(0.62879421017,3.251,4.619227546148));
#9774 = ORIENTED_EDGE('',*,*,#9775,.T.);
#9775 = EDGE_CURVE('',#9767,#9776,#9778,.T.);
#9776 = VERTEX_POINT('',#9777);
#9777 = CARTESIAN_POINT('',(0.687067464461,3.251,4.560954291858));
#9778 = B_SPLINE_CURVE_WITH_KNOTS('',3,(#9779,#9780,#9781,#9782),
  .UNSPECIFIED.,.F.,.F.,(4,4),(27.,28.),.PIECEWISE_BEZIER_KNOTS.);
#9779 = CARTESIAN_POINT('',(0.62879421017,3.251,4.619227546148));
#9780 = CARTESIAN_POINT('',(0.660750540982,3.251,4.619227546148));
#9781 = CARTESIAN_POINT('',(0.687067464461,3.251,4.592910550961));
#9782 = CARTESIAN_POINT('',(0.687067464461,3.251,4.560954291858));
#9783 = ORIENTED_EDGE('',*,*,#9784,.T.);
#9784 = EDGE_CURVE('',#9776,#9785,#9787,.T.);
#9785 = VERTEX_POINT('',#9786);
#9786 = CARTESIAN_POINT('',(0.632553719447,3.251,4.502681037565));
#9787 = B_SPLINE_CURVE_WITH_KNOTS('',3,(#9788,#9789,#9790,#9791),
  .UNSPECIFIED.,.F.,.F.,(4,4),(28.,29.),.PIECEWISE_BEZIER_KNOTS.);
#9788 = CARTESIAN_POINT('',(0.687067464461,3.251,4.560954291858));
#9789 = CARTESIAN_POINT('',(0.687067464461,3.251,4.530877787392));
#9790 = CARTESIAN_POINT('',(0.662630295621,3.251,4.504560792204));
#9791 = CARTESIAN_POINT('',(0.632553719447,3.251,4.502681037565));
#9792 = ORIENTED_EDGE('',*,*,#9793,.T.);
#9793 = EDGE_CURVE('',#9785,#9794,#9796,.T.);
#9794 = VERTEX_POINT('',#9795);
#9795 = CARTESIAN_POINT('',(0.521646546489,3.251,4.502681037565));
#9796 = B_SPLINE_CURVE_WITH_KNOTS('',1,(#9797,#9798),.UNSPECIFIED.,.F.,
  .F.,(2,2),(0.,0.110907172959),.PIECEWISE_BEZIER_KNOTS.);
#9797 = CARTESIAN_POINT('',(0.632553719447,3.251,4.502681037565));
#9798 = CARTESIAN_POINT('',(0.521646546489,3.251,4.502681037565));
#9799 = ORIENTED_EDGE('',*,*,#9800,.T.);
#9800 = EDGE_CURVE('',#9794,#9801,#9803,.T.);
#9801 = VERTEX_POINT('',#9802);
#9802 = CARTESIAN_POINT('',(0.350586292894,3.251,4.587271287045));
#9803 = B_SPLINE_CURVE_WITH_KNOTS('',3,(#9804,#9805,#9806,#9807),
  .UNSPECIFIED.,.F.,.F.,(4,4),(33.,34.),.PIECEWISE_BEZIER_KNOTS.);
#9804 = CARTESIAN_POINT('',(0.521646546489,3.251,4.502681037565));
#9805 = CARTESIAN_POINT('',(0.455854130229,3.251,4.50832037319));
#9806 = CARTESIAN_POINT('',(0.39570104959,3.251,4.538396949363));
#9807 = CARTESIAN_POINT('',(0.350586292894,3.251,4.587271287045));
#9808 = ORIENTED_EDGE('',*,*,#9809,.T.);
#9809 = EDGE_CURVE('',#9801,#9530,#9810,.T.);
#9810 = B_SPLINE_CURVE_WITH_KNOTS('',3,(#9811,#9812,#9813,#9814),
  .UNSPECIFIED.,.F.,.F.,(4,4),(34.,35.),.PIECEWISE_BEZIER_KNOTS.);
#9811 = CARTESIAN_POINT('',(0.350586292894,3.251,4.587271287045));
#9812 = CARTESIAN_POINT('',(0.305471464489,3.251,4.636145624727));
#9813 = CARTESIAN_POINT('',(0.281034295647,3.251,4.70005828635));
#9814 = CARTESIAN_POINT('',(0.281034295647,3.251,4.76585070261));
#9815 = FACE_BOUND('',#9816,.T.);
#9816 = EDGE_LOOP('',(#9817,#9831));
#9817 = ORIENTED_EDGE('',*,*,#9818,.F.);
#9818 = EDGE_CURVE('',#9819,#9821,#9823,.T.);
#9819 = VERTEX_POINT('',#9820);
#9820 = CARTESIAN_POINT('',(1.074302835912,3.251,4.491402222903));
#9821 = VERTEX_POINT('',#9822);
#9822 = CARTESIAN_POINT('',(1.074302835912,3.251,4.638025379365));
#9823 = B_SPLINE_CURVE_WITH_KNOTS('',3,(#9824,#9825,#9826,#9827,#9828,
    #9829,#9830),.UNSPECIFIED.,.F.,.F.,(4,3,4),(0.,1.,2.),
  .PIECEWISE_BEZIER_KNOTS.);
#9824 = CARTESIAN_POINT('',(1.074302835912,3.251,4.491402222903));
#9825 = CARTESIAN_POINT('',(1.032947624346,3.251,4.491402222903));
#9826 = CARTESIAN_POINT('',(1.000991293535,3.251,4.52523838006));
#9827 = CARTESIAN_POINT('',(1.000991293535,3.251,4.564713801134));
#9828 = CARTESIAN_POINT('',(1.000991293535,3.251,4.606069048554));
#9829 = CARTESIAN_POINT('',(1.034827378984,3.251,4.638025379365));
#9830 = CARTESIAN_POINT('',(1.074302835912,3.251,4.638025379365));
#9831 = ORIENTED_EDGE('',*,*,#9832,.F.);
#9832 = EDGE_CURVE('',#9821,#9819,#9833,.T.);
#9833 = B_SPLINE_CURVE_WITH_KNOTS('',3,(#9834,#9835,#9836,#9837,#9838,
    #9839),.UNSPECIFIED.,.F.,.F.,(4,2,4),(2.,3.,4.),.UNSPECIFIED.);
#9834 = CARTESIAN_POINT('',(1.074302835912,3.251,4.638025379365));
#9835 = CARTESIAN_POINT('',(1.113778292839,3.251,4.638025379365));
#9836 = CARTESIAN_POINT('',(1.147614378289,3.251,4.606069048554));
#9837 = CARTESIAN_POINT('',(1.147614378289,3.251,4.523358553714));
#9838 = CARTESIAN_POINT('',(1.113778292839,3.251,4.491402222903));
#9839 = CARTESIAN_POINT('',(1.074302835912,3.251,4.491402222903));
#9840 = B_SPLINE_SURFACE_WITH_KNOTS('',1,1,(
    (#9841,#9842)
    ,(#9843,#9844
    )),.UNSPECIFIED.,.F.,.F.,.F.,(2,2),(2,2),(-0.33977083182,
    0.539967676707),(-5.357381391386E-02,1.145727931018),
  .PIECEWISE_BEZIER_KNOTS.);
#9841 = CARTESIAN_POINT('',(0.281034295647,3.251,5.258353875541));
#9842 = CARTESIAN_POINT('',(1.480336040579,3.251,5.258353875541));
#9843 = CARTESIAN_POINT('',(0.281034295647,3.251,4.378615367014));
#9844 = CARTESIAN_POINT('',(1.480336040579,3.251,4.378615367014));
#9845 = ADVANCED_FACE('',(#9846,#10135),#10160,.T.);
#9846 = FACE_BOUND('',#9847,.T.);
#9847 = EDGE_LOOP('',(#9848,#9859,#9868,#9877,#9884,#9893,#9902,#9911,
    #9918,#9927,#9936,#9945,#9954,#9963,#9972,#9981,#9990,#9999,#10008,
    #10015,#10022,#10029,#10038,#10047,#10056,#10065,#10074,#10083,
    #10092,#10101,#10110,#10119,#10128));
#9848 = ORIENTED_EDGE('',*,*,#9849,.F.);
#9849 = EDGE_CURVE('',#9850,#9852,#9854,.T.);
#9850 = VERTEX_POINT('',#9851);
#9851 = CARTESIAN_POINT('',(0.281034295647,3.25,4.76585070261));
#9852 = VERTEX_POINT('',#9853);
#9853 = CARTESIAN_POINT('',(0.467132801475,3.25,5.012102253223));
#9854 = B_SPLINE_CURVE_WITH_KNOTS('',3,(#9855,#9856,#9857,#9858),
  .UNSPECIFIED.,.F.,.F.,(4,4),(35.,36.),.PIECEWISE_BEZIER_KNOTS.);
#9855 = CARTESIAN_POINT('',(0.281034295647,3.25,4.76585070261));
#9856 = CARTESIAN_POINT('',(0.282914050286,3.25,4.878637630207));
#9857 = CARTESIAN_POINT('',(0.359985209503,3.25,4.978266167772));
#9858 = CARTESIAN_POINT('',(0.467132801475,3.25,5.012102253223));
#9859 = ORIENTED_EDGE('',*,*,#9860,.F.);
#9860 = EDGE_CURVE('',#9861,#9850,#9863,.T.);
#9861 = VERTEX_POINT('',#9862);
#9862 = CARTESIAN_POINT('',(0.350586292894,3.25,4.587271287045));
#9863 = B_SPLINE_CURVE_WITH_KNOTS('',3,(#9864,#9865,#9866,#9867),
  .UNSPECIFIED.,.F.,.F.,(4,4),(34.,35.),.PIECEWISE_BEZIER_KNOTS.);
#9864 = CARTESIAN_POINT('',(0.350586292894,3.25,4.587271287045));
#9865 = CARTESIAN_POINT('',(0.305471464489,3.25,4.636145624727));
#9866 = CARTESIAN_POINT('',(0.281034295647,3.25,4.70005828635));
#9867 = CARTESIAN_POINT('',(0.281034295647,3.25,4.76585070261));
#9868 = ORIENTED_EDGE('',*,*,#9869,.F.);
#9869 = EDGE_CURVE('',#9870,#9861,#9872,.T.);
#9870 = VERTEX_POINT('',#9871);
#9871 = CARTESIAN_POINT('',(0.521646546489,3.25,4.502681037565));
#9872 = B_SPLINE_CURVE_WITH_KNOTS('',3,(#9873,#9874,#9875,#9876),
  .UNSPECIFIED.,.F.,.F.,(4,4),(33.,34.),.PIECEWISE_BEZIER_KNOTS.);
#9873 = CARTESIAN_POINT('',(0.521646546489,3.25,4.502681037565));
#9874 = CARTESIAN_POINT('',(0.455854130229,3.25,4.50832037319));
#9875 = CARTESIAN_POINT('',(0.39570104959,3.25,4.538396949363));
#9876 = CARTESIAN_POINT('',(0.350586292894,3.25,4.587271287045));
#9877 = ORIENTED_EDGE('',*,*,#9878,.F.);
#9878 = EDGE_CURVE('',#9879,#9870,#9881,.T.);
#9879 = VERTEX_POINT('',#9880);
#9880 = CARTESIAN_POINT('',(0.632553719447,3.25,4.502681037565));
#9881 = B_SPLINE_CURVE_WITH_KNOTS('',1,(#9882,#9883),.UNSPECIFIED.,.F.,
  .F.,(2,2),(-0.105267837334,5.639335624168E-03),
  .PIECEWISE_BEZIER_KNOTS.);
#9882 = CARTESIAN_POINT('',(0.632553719447,3.25,4.502681037565));
#9883 = CARTESIAN_POINT('',(0.521646546489,3.25,4.502681037565));
#9884 = ORIENTED_EDGE('',*,*,#9885,.F.);
#9885 = EDGE_CURVE('',#9886,#9879,#9888,.T.);
#9886 = VERTEX_POINT('',#9887);
#9887 = CARTESIAN_POINT('',(0.687067464461,3.25,4.560954291858));
#9888 = B_SPLINE_CURVE_WITH_KNOTS('',3,(#9889,#9890,#9891,#9892),
  .UNSPECIFIED.,.F.,.F.,(4,4),(28.,29.),.PIECEWISE_BEZIER_KNOTS.);
#9889 = CARTESIAN_POINT('',(0.687067464461,3.25,4.560954291858));
#9890 = CARTESIAN_POINT('',(0.687067464461,3.25,4.530877787392));
#9891 = CARTESIAN_POINT('',(0.662630295621,3.25,4.504560792204));
#9892 = CARTESIAN_POINT('',(0.632553719447,3.25,4.502681037565));
#9893 = ORIENTED_EDGE('',*,*,#9894,.F.);
#9894 = EDGE_CURVE('',#9895,#9886,#9897,.T.);
#9895 = VERTEX_POINT('',#9896);
#9896 = CARTESIAN_POINT('',(0.62879421017,3.25,4.619227546148));
#9897 = B_SPLINE_CURVE_WITH_KNOTS('',3,(#9898,#9899,#9900,#9901),
  .UNSPECIFIED.,.F.,.F.,(4,4),(27.,28.),.PIECEWISE_BEZIER_KNOTS.);
#9898 = CARTESIAN_POINT('',(0.62879421017,3.25,4.619227546148));
#9899 = CARTESIAN_POINT('',(0.660750540982,3.25,4.619227546148));
#9900 = CARTESIAN_POINT('',(0.687067464461,3.25,4.592910550961));
#9901 = CARTESIAN_POINT('',(0.687067464461,3.25,4.560954291858));
#9902 = ORIENTED_EDGE('',*,*,#9903,.F.);
#9903 = EDGE_CURVE('',#9904,#9895,#9906,.T.);
#9904 = VERTEX_POINT('',#9905);
#9905 = CARTESIAN_POINT('',(0.617515538923,3.25,4.61734779151));
#9906 = B_SPLINE_CURVE_WITH_KNOTS('',3,(#9907,#9908,#9909,#9910),
  .UNSPECIFIED.,.F.,.F.,(4,4),(26.,27.),.PIECEWISE_BEZIER_KNOTS.);
#9907 = CARTESIAN_POINT('',(0.617515538923,3.25,4.61734779151));
#9908 = CARTESIAN_POINT('',(0.621275119908,3.25,4.61734779151));
#9909 = CARTESIAN_POINT('',(0.625034700893,3.25,4.619227546148));
#9910 = CARTESIAN_POINT('',(0.62879421017,3.25,4.619227546148));
#9911 = ORIENTED_EDGE('',*,*,#9912,.F.);
#9912 = EDGE_CURVE('',#9913,#9904,#9915,.T.);
#9913 = VERTEX_POINT('',#9914);
#9914 = CARTESIAN_POINT('',(0.532925289444,3.25,4.61734779151));
#9915 = B_SPLINE_CURVE_WITH_KNOTS('',1,(#9916,#9917),.UNSPECIFIED.,.F.,
  .F.,(2,2),(0.,8.459024947859E-02),.PIECEWISE_BEZIER_KNOTS.);
#9916 = CARTESIAN_POINT('',(0.532925289444,3.25,4.61734779151));
#9917 = CARTESIAN_POINT('',(0.617515538923,3.25,4.61734779151));
#9918 = ORIENTED_EDGE('',*,*,#9919,.F.);
#9919 = EDGE_CURVE('',#9920,#9913,#9922,.T.);
#9920 = VERTEX_POINT('',#9921);
#9921 = CARTESIAN_POINT('',(0.397580875937,3.25,4.763970876264));
#9922 = B_SPLINE_CURVE_WITH_KNOTS('',3,(#9923,#9924,#9925,#9926),
  .UNSPECIFIED.,.F.,.F.,(4,4),(24.,25.),.PIECEWISE_BEZIER_KNOTS.);
#9923 = CARTESIAN_POINT('',(0.397580875937,3.25,4.763970876264));
#9924 = CARTESIAN_POINT('',(0.397580875937,3.25,4.686899752901));
#9925 = CARTESIAN_POINT('',(0.455854130229,3.25,4.622987127134));
#9926 = CARTESIAN_POINT('',(0.532925289444,3.25,4.61734779151));
#9927 = ORIENTED_EDGE('',*,*,#9928,.F.);
#9928 = EDGE_CURVE('',#9929,#9920,#9931,.T.);
#9929 = VERTEX_POINT('',#9930);
#9930 = CARTESIAN_POINT('',(0.544203960692,3.25,4.910593961019));
#9931 = B_SPLINE_CURVE_WITH_KNOTS('',3,(#9932,#9933,#9934,#9935),
  .UNSPECIFIED.,.F.,.F.,(4,4),(23.,24.),.PIECEWISE_BEZIER_KNOTS.);
#9932 = CARTESIAN_POINT('',(0.544203960692,3.25,4.910593961019));
#9933 = CARTESIAN_POINT('',(0.463373292198,3.25,4.910593961019));
#9934 = CARTESIAN_POINT('',(0.397580875937,3.25,4.844801544758));
#9935 = CARTESIAN_POINT('',(0.397580875937,3.25,4.763970876264));
#9936 = ORIENTED_EDGE('',*,*,#9937,.F.);
#9937 = EDGE_CURVE('',#9938,#9929,#9940,.T.);
#9938 = VERTEX_POINT('',#9939);
#9939 = CARTESIAN_POINT('',(0.559242212924,3.25,4.910593961019));
#9940 = B_SPLINE_CURVE_WITH_KNOTS('',3,(#9941,#9942,#9943,#9944),
  .UNSPECIFIED.,.F.,.F.,(4,4),(22.,23.),.PIECEWISE_BEZIER_KNOTS.);
#9941 = CARTESIAN_POINT('',(0.559242212924,3.25,4.910593961019));
#9942 = CARTESIAN_POINT('',(0.553602877301,3.25,4.910593961019));
#9943 = CARTESIAN_POINT('',(0.549843296316,3.25,4.910593961019));
#9944 = CARTESIAN_POINT('',(0.544203960692,3.25,4.910593961019));
#9945 = ORIENTED_EDGE('',*,*,#9946,.F.);
#9946 = EDGE_CURVE('',#9947,#9938,#9949,.T.);
#9947 = VERTEX_POINT('',#9948);
#9948 = CARTESIAN_POINT('',(0.822411877968,3.25,5.145566876237));
#9949 = B_SPLINE_CURVE_WITH_KNOTS('',3,(#9950,#9951,#9952,#9953),
  .UNSPECIFIED.,.F.,.F.,(4,4),(21.,22.),.PIECEWISE_BEZIER_KNOTS.);
#9950 = CARTESIAN_POINT('',(0.822411877968,3.25,5.145566876237));
#9951 = CARTESIAN_POINT('',(0.687067464461,3.25,5.145566876237));
#9952 = CARTESIAN_POINT('',(0.574280465157,3.25,5.04217879354));
#9953 = CARTESIAN_POINT('',(0.559242212924,3.25,4.910593961019));
#9954 = ORIENTED_EDGE('',*,*,#9955,.F.);
#9955 = EDGE_CURVE('',#9956,#9947,#9958,.T.);
#9956 = VERTEX_POINT('',#9957);
#9957 = CARTESIAN_POINT('',(1.074302800058,3.25,4.965107777739));
#9958 = B_SPLINE_CURVE_WITH_KNOTS('',3,(#9959,#9960,#9961,#9962),
  .UNSPECIFIED.,.F.,.F.,(4,4),(20.,21.),.PIECEWISE_BEZIER_KNOTS.);
#9959 = CARTESIAN_POINT('',(1.074302800058,3.25,4.965107777739));
#9960 = CARTESIAN_POINT('',(1.03858695997,3.25,5.070375543367));
#9961 = CARTESIAN_POINT('',(0.940838212897,3.25,5.145566876237));
#9962 = CARTESIAN_POINT('',(0.822411877968,3.25,5.145566876237));
#9963 = ORIENTED_EDGE('',*,*,#9964,.F.);
#9964 = EDGE_CURVE('',#9965,#9956,#9967,.T.);
#9965 = VERTEX_POINT('',#9966);
#9966 = CARTESIAN_POINT('',(1.173931301769,3.25,4.993304527566));
#9967 = B_SPLINE_CURVE_WITH_KNOTS('',3,(#9968,#9969,#9970,#9971),
  .UNSPECIFIED.,.F.,.F.,(4,4),(19.,20.),.PIECEWISE_BEZIER_KNOTS.);
#9968 = CARTESIAN_POINT('',(1.173931301769,3.25,4.993304527566));
#9969 = CARTESIAN_POINT('',(1.138215425826,3.25,4.993304527566));
#9970 = CARTESIAN_POINT('',(1.102499549883,3.25,4.982025820466));
#9971 = CARTESIAN_POINT('',(1.074302800058,3.25,4.965107777739));
#9972 = ORIENTED_EDGE('',*,*,#9973,.F.);
#9973 = EDGE_CURVE('',#9974,#9965,#9976,.T.);
#9974 = VERTEX_POINT('',#9975);
#9975 = CARTESIAN_POINT('',(1.361909633943,3.25,4.805326195392));
#9976 = B_SPLINE_CURVE_WITH_KNOTS('',3,(#9977,#9978,#9979,#9980),
  .UNSPECIFIED.,.F.,.F.,(4,4),(18.,19.),.PIECEWISE_BEZIER_KNOTS.);
#9977 = CARTESIAN_POINT('',(1.361909633943,3.25,4.805326195392));
#9978 = CARTESIAN_POINT('',(1.361909633943,3.25,4.908714278089));
#9979 = CARTESIAN_POINT('',(1.277319384465,3.25,4.993304527566));
#9980 = CARTESIAN_POINT('',(1.173931301769,3.25,4.993304527566));
#9981 = ORIENTED_EDGE('',*,*,#9982,.F.);
#9982 = EDGE_CURVE('',#9983,#9974,#9985,.T.);
#9983 = VERTEX_POINT('',#9984);
#9984 = CARTESIAN_POINT('',(1.249122634639,3.25,4.632386115451));
#9985 = B_SPLINE_CURVE_WITH_KNOTS('',3,(#9986,#9987,#9988,#9989),
  .UNSPECIFIED.,.F.,.F.,(4,4),(17.,18.),.PIECEWISE_BEZIER_KNOTS.);
#9986 = CARTESIAN_POINT('',(1.249122634639,3.25,4.632386115451));
#9987 = CARTESIAN_POINT('',(1.314915050899,3.25,4.662462655768));
#9988 = CARTESIAN_POINT('',(1.361909633943,3.25,4.728255072029));
#9989 = CARTESIAN_POINT('',(1.361909633943,3.25,4.805326195392));
#9990 = ORIENTED_EDGE('',*,*,#9991,.F.);
#9991 = EDGE_CURVE('',#9992,#9983,#9994,.T.);
#9992 = VERTEX_POINT('',#9993);
#9993 = CARTESIAN_POINT('',(1.072423009565,3.25,4.756451821856));
#9994 = B_SPLINE_CURVE_WITH_KNOTS('',3,(#9995,#9996,#9997,#9998),
  .UNSPECIFIED.,.F.,.F.,(4,4),(16.,17.),.PIECEWISE_BEZIER_KNOTS.);
#9995 = CARTESIAN_POINT('',(1.072423009565,3.25,4.756451821856));
#9996 = CARTESIAN_POINT('',(1.153253713912,3.25,4.756451821856));
#9997 = CARTESIAN_POINT('',(1.222805675304,3.25,4.70381790319));
#9998 = CARTESIAN_POINT('',(1.249122634639,3.25,4.632386115451));
#9999 = ORIENTED_EDGE('',*,*,#10000,.F.);
#10000 = EDGE_CURVE('',#10001,#9992,#10003,.T.);
#10001 = VERTEX_POINT('',#10002);
#10002 = CARTESIAN_POINT('',(0.931439260434,3.25,4.692539196087));
#10003 = B_SPLINE_CURVE_WITH_KNOTS('',3,(#10004,#10005,#10006,#10007),
  .UNSPECIFIED.,.F.,.F.,(4,4),(15.,16.),.PIECEWISE_BEZIER_KNOTS.);
#10004 = CARTESIAN_POINT('',(0.931439260434,3.25,4.692539196087));
#10005 = CARTESIAN_POINT('',(0.965275345884,3.25,4.732014653015));
#10006 = CARTESIAN_POINT('',(1.016029509913,3.25,4.756451821856));
#10007 = CARTESIAN_POINT('',(1.072423009565,3.25,4.756451821856));
#10008 = ORIENTED_EDGE('',*,*,#10009,.F.);
#10009 = EDGE_CURVE('',#10010,#10001,#10012,.T.);
#10010 = VERTEX_POINT('',#10011);
#10011 = CARTESIAN_POINT('',(0.679548302491,3.25,4.824124028609));
#10012 = B_SPLINE_CURVE_WITH_KNOTS('',1,(#10013,#10014),.UNSPECIFIED.,
  .F.,.F.,(2,2),(0.,0.284189413672),.PIECEWISE_BEZIER_KNOTS.);
#10013 = CARTESIAN_POINT('',(0.679548302491,3.25,4.824124028609));
#10014 = CARTESIAN_POINT('',(0.931439260434,3.25,4.692539196087));
#10015 = ORIENTED_EDGE('',*,*,#10016,.F.);
#10016 = EDGE_CURVE('',#10017,#10010,#10019,.T.);
#10017 = VERTEX_POINT('',#10018);
#10018 = CARTESIAN_POINT('',(0.6212750482,3.25,4.724495491045));
#10019 = B_SPLINE_CURVE_WITH_KNOTS('',1,(#10020,#10021),.UNSPECIFIED.,
  .F.,.F.,(2,2),(0.,0.115419312348),.PIECEWISE_BEZIER_KNOTS.);
#10020 = CARTESIAN_POINT('',(0.6212750482,3.25,4.724495491045));
#10021 = CARTESIAN_POINT('',(0.679548302491,3.25,4.824124028609));
#10022 = ORIENTED_EDGE('',*,*,#10023,.F.);
#10023 = EDGE_CURVE('',#10024,#10017,#10026,.T.);
#10024 = VERTEX_POINT('',#10025);
#10025 = CARTESIAN_POINT('',(0.884444713244,3.25,4.585391532407));
#10026 = B_SPLINE_CURVE_WITH_KNOTS('',1,(#10027,#10028),.UNSPECIFIED.,
  .F.,.F.,(2,2),(9.8154256972E-17,0.297671268194),
  .PIECEWISE_BEZIER_KNOTS.);
#10027 = CARTESIAN_POINT('',(0.884444713244,3.25,4.585391532407));
#10028 = CARTESIAN_POINT('',(0.6212750482,3.25,4.724495491045));
#10029 = ORIENTED_EDGE('',*,*,#10030,.F.);
#10030 = EDGE_CURVE('',#10031,#10024,#10033,.T.);
#10031 = VERTEX_POINT('',#10032);
#10032 = CARTESIAN_POINT('',(0.884444713244,3.25,4.566593699188));
#10033 = B_SPLINE_CURVE_WITH_KNOTS('',3,(#10034,#10035,#10036,#10037),
  .UNSPECIFIED.,.F.,.F.,(4,4),(11.,12.),.PIECEWISE_BEZIER_KNOTS.);
#10034 = CARTESIAN_POINT('',(0.884444713244,3.25,4.566593699188));
#10035 = CARTESIAN_POINT('',(0.884444713244,3.25,4.572233034812));
#10036 = CARTESIAN_POINT('',(0.884444713244,3.25,4.577872370436));
#10037 = CARTESIAN_POINT('',(0.884444713244,3.25,4.585391532407));
#10038 = ORIENTED_EDGE('',*,*,#10039,.F.);
#10039 = EDGE_CURVE('',#10040,#10031,#10042,.T.);
#10040 = VERTEX_POINT('',#10041);
#10041 = CARTESIAN_POINT('',(1.072423045419,3.25,4.378615367014));
#10042 = B_SPLINE_CURVE_WITH_KNOTS('',3,(#10043,#10044,#10045,#10046),
  .UNSPECIFIED.,.F.,.F.,(4,4),(10.,11.),.PIECEWISE_BEZIER_KNOTS.);
#10043 = CARTESIAN_POINT('',(1.072423045419,3.25,4.378615367014));
#10044 = CARTESIAN_POINT('',(0.969034962724,3.25,4.378615367014));
#10045 = CARTESIAN_POINT('',(0.884444713244,3.25,4.463205616492));
#10046 = CARTESIAN_POINT('',(0.884444713244,3.25,4.566593699188));
#10047 = ORIENTED_EDGE('',*,*,#10048,.F.);
#10048 = EDGE_CURVE('',#10049,#10040,#10051,.T.);
#10049 = VERTEX_POINT('',#10050);
#10050 = CARTESIAN_POINT('',(1.251002478913,3.25,4.506440618551));
#10051 = B_SPLINE_CURVE_WITH_KNOTS('',3,(#10052,#10053,#10054,#10055),
  .UNSPECIFIED.,.F.,.F.,(4,4),(9.,10.),.PIECEWISE_BEZIER_KNOTS.);
#10052 = CARTESIAN_POINT('',(1.251002478913,3.25,4.506440618551));
#10053 = CARTESIAN_POINT('',(1.226565292145,3.25,4.43124928568));
#10054 = CARTESIAN_POINT('',(1.15513354026,3.25,4.378615367014));
#10055 = CARTESIAN_POINT('',(1.072423045419,3.25,4.378615367014));
#10056 = ORIENTED_EDGE('',*,*,#10057,.F.);
#10057 = EDGE_CURVE('',#10058,#10049,#10060,.T.);
#10058 = VERTEX_POINT('',#10059);
#10059 = CARTESIAN_POINT('',(1.401385144651,3.25,4.596670203653));
#10060 = B_SPLINE_CURVE_WITH_KNOTS('',3,(#10061,#10062,#10063,#10064),
  .UNSPECIFIED.,.F.,.F.,(4,4),(8.,9.),.PIECEWISE_BEZIER_KNOTS.);
#10061 = CARTESIAN_POINT('',(1.401385144651,3.25,4.596670203653));
#10062 = CARTESIAN_POINT('',(1.360029915159,3.25,4.551555375247));
#10063 = CARTESIAN_POINT('',(1.30927575113,3.25,4.521478870784));
#10064 = CARTESIAN_POINT('',(1.251002478913,3.25,4.506440618551));
#10065 = ORIENTED_EDGE('',*,*,#10066,.F.);
#10066 = EDGE_CURVE('',#10067,#10058,#10069,.T.);
#10067 = VERTEX_POINT('',#10068);
#10068 = CARTESIAN_POINT('',(1.480336040579,3.25,4.8015665427));
#10069 = B_SPLINE_CURVE_WITH_KNOTS('',3,(#10070,#10071,#10072,#10073),
  .UNSPECIFIED.,.F.,.F.,(4,4),(7.,8.),.PIECEWISE_BEZIER_KNOTS.);
#10070 = CARTESIAN_POINT('',(1.480336040579,3.25,4.8015665427));
#10071 = CARTESIAN_POINT('',(1.480336040579,3.25,4.726375209829));
#10072 = CARTESIAN_POINT('',(1.452139290754,3.25,4.653063631598));
#10073 = CARTESIAN_POINT('',(1.401385144651,3.25,4.596670203653));
#10074 = ORIENTED_EDGE('',*,*,#10075,.F.);
#10075 = EDGE_CURVE('',#10076,#10067,#10078,.T.);
#10076 = VERTEX_POINT('',#10077);
#10077 = CARTESIAN_POINT('',(1.391986174262,3.25,5.01586181628));
#10078 = B_SPLINE_CURVE_WITH_KNOTS('',3,(#10079,#10080,#10081,#10082),
  .UNSPECIFIED.,.F.,.F.,(4,4),(6.,7.),.PIECEWISE_BEZIER_KNOTS.);
#10079 = CARTESIAN_POINT('',(1.391986174262,3.25,5.01586181628));
#10080 = CARTESIAN_POINT('',(1.448379723214,3.25,4.959468334555));
#10081 = CARTESIAN_POINT('',(1.480336040579,3.25,4.882397211191));
#10082 = CARTESIAN_POINT('',(1.480336040579,3.25,4.8015665427));
#10083 = ORIENTED_EDGE('',*,*,#10084,.F.);
#10084 = EDGE_CURVE('',#10085,#10076,#10087,.T.);
#10085 = VERTEX_POINT('',#10086);
#10086 = CARTESIAN_POINT('',(1.175811092261,3.25,5.106091419309));
#10087 = B_SPLINE_CURVE_WITH_KNOTS('',3,(#10088,#10089,#10090,#10091),
  .UNSPECIFIED.,.F.,.F.,(4,4),(5.,6.),.PIECEWISE_BEZIER_KNOTS.);
#10088 = CARTESIAN_POINT('',(1.175811092261,3.25,5.106091419309));
#10089 = CARTESIAN_POINT('',(1.256641778682,3.25,5.106091419309));
#10090 = CARTESIAN_POINT('',(1.333712884117,3.25,5.074135106426));
#10091 = CARTESIAN_POINT('',(1.391986174262,3.25,5.01586181628));
#10092 = ORIENTED_EDGE('',*,*,#10093,.F.);
#10093 = EDGE_CURVE('',#10094,#10085,#10096,.T.);
#10094 = VERTEX_POINT('',#10095);
#10095 = CARTESIAN_POINT('',(1.132576090203,3.25,5.102331856252));
#10096 = B_SPLINE_CURVE_WITH_KNOTS('',3,(#10097,#10098,#10099,#10100),
  .UNSPECIFIED.,.F.,.F.,(4,4),(4.,5.),.PIECEWISE_BEZIER_KNOTS.);
#10097 = CARTESIAN_POINT('',(1.132576090203,3.25,5.102331856252));
#10098 = CARTESIAN_POINT('',(1.147614342435,3.25,5.104211646744));
#10099 = CARTESIAN_POINT('',(1.160772840029,3.25,5.106091419309));
#10100 = CARTESIAN_POINT('',(1.175811092261,3.25,5.106091419309));
#10101 = ORIENTED_EDGE('',*,*,#10102,.F.);
#10102 = EDGE_CURVE('',#10103,#10094,#10105,.T.);
#10103 = VERTEX_POINT('',#10104);
#10104 = CARTESIAN_POINT('',(1.049865631217,3.25,5.1850423242));
#10105 = B_SPLINE_CURVE_WITH_KNOTS('',3,(#10106,#10107,#10108,#10109),
  .UNSPECIFIED.,.F.,.F.,(4,4),(3.,4.),.PIECEWISE_BEZIER_KNOTS.);
#10106 = CARTESIAN_POINT('',(1.049865631217,3.25,5.1850423242));
#10107 = CARTESIAN_POINT('',(1.081821962028,3.25,5.162484918961));
#10108 = CARTESIAN_POINT('',(1.108138921362,3.25,5.134288169136));
#10109 = CARTESIAN_POINT('',(1.132576090203,3.25,5.102331856252));
#10110 = ORIENTED_EDGE('',*,*,#10111,.F.);
#10111 = EDGE_CURVE('',#10112,#10103,#10114,.T.);
#10112 = VERTEX_POINT('',#10113);
#10113 = CARTESIAN_POINT('',(0.824291632607,3.25,5.258353875541));
#10114 = B_SPLINE_CURVE_WITH_KNOTS('',3,(#10115,#10116,#10117,#10118),
  .UNSPECIFIED.,.F.,.F.,(4,4),(2.,3.),.PIECEWISE_BEZIER_KNOTS.);
#10115 = CARTESIAN_POINT('',(0.824291632607,3.25,5.258353875541));
#10116 = CARTESIAN_POINT('',(0.907002091593,3.25,5.258353875541));
#10117 = CARTESIAN_POINT('',(0.984073214955,3.25,5.232036909485));
#10118 = CARTESIAN_POINT('',(1.049865631217,3.25,5.1850423242));
#10119 = ORIENTED_EDGE('',*,*,#10120,.F.);
#10120 = EDGE_CURVE('',#10121,#10112,#10123,.T.);
#10121 = VERTEX_POINT('',#10122);
#10122 = CARTESIAN_POINT('',(0.568641129533,3.25,5.160605137432));
#10123 = B_SPLINE_CURVE_WITH_KNOTS('',3,(#10124,#10125,#10126,#10127),
  .UNSPECIFIED.,.F.,.F.,(4,4),(1.,2.),.PIECEWISE_BEZIER_KNOTS.);
#10124 = CARTESIAN_POINT('',(0.568641129533,3.25,5.160605137432));
#10125 = CARTESIAN_POINT('',(0.640072881418,3.25,5.222637992877));
#10126 = CARTESIAN_POINT('',(0.73030246652,3.25,5.258353875541));
#10127 = CARTESIAN_POINT('',(0.824291632607,3.25,5.258353875541));
#10128 = ORIENTED_EDGE('',*,*,#10129,.F.);
#10129 = EDGE_CURVE('',#9852,#10121,#10130,.T.);
#10130 = B_SPLINE_CURVE_WITH_KNOTS('',3,(#10131,#10132,#10133,#10134),
  .UNSPECIFIED.,.F.,.F.,(4,4),(0.,1.),.PIECEWISE_BEZIER_KNOTS.);
#10131 = CARTESIAN_POINT('',(0.467132801475,3.25,5.012102253223));
#10132 = CARTESIAN_POINT('',(0.487810389331,3.25,5.068495752873));
#10133 = CARTESIAN_POINT('',(0.523526301128,3.25,5.119249898976));
#10134 = CARTESIAN_POINT('',(0.568641129533,3.25,5.160605137432));
#10135 = FACE_BOUND('',#10136,.T.);
#10136 = EDGE_LOOP('',(#10137,#10150));
#10137 = ORIENTED_EDGE('',*,*,#10138,.T.);
#10138 = EDGE_CURVE('',#10139,#10141,#10143,.T.);
#10139 = VERTEX_POINT('',#10140);
#10140 = CARTESIAN_POINT('',(1.074302835912,3.25,4.638025379365));
#10141 = VERTEX_POINT('',#10142);
#10142 = CARTESIAN_POINT('',(1.074302835912,3.25,4.491402222903));
#10143 = B_SPLINE_CURVE_WITH_KNOTS('',3,(#10144,#10145,#10146,#10147,
    #10148,#10149),.UNSPECIFIED.,.F.,.F.,(4,2,4),(2.,3.,4.),
  .UNSPECIFIED.);
#10144 = CARTESIAN_POINT('',(1.074302835912,3.25,4.638025379365));
#10145 = CARTESIAN_POINT('',(1.113778292839,3.25,4.638025379365));
#10146 = CARTESIAN_POINT('',(1.147614378289,3.25,4.606069048554));
#10147 = CARTESIAN_POINT('',(1.147614378289,3.25,4.523358553714));
#10148 = CARTESIAN_POINT('',(1.113778292839,3.25,4.491402222903));
#10149 = CARTESIAN_POINT('',(1.074302835912,3.25,4.491402222903));
#10150 = ORIENTED_EDGE('',*,*,#10151,.T.);
#10151 = EDGE_CURVE('',#10141,#10139,#10152,.T.);
#10152 = B_SPLINE_CURVE_WITH_KNOTS('',3,(#10153,#10154,#10155,#10156,
    #10157,#10158,#10159),.UNSPECIFIED.,.F.,.F.,(4,3,4),(0.,1.,2.),
  .PIECEWISE_BEZIER_KNOTS.);
#10153 = CARTESIAN_POINT('',(1.074302835912,3.25,4.491402222903));
#10154 = CARTESIAN_POINT('',(1.032947624346,3.25,4.491402222903));
#10155 = CARTESIAN_POINT('',(1.000991293535,3.25,4.52523838006));
#10156 = CARTESIAN_POINT('',(1.000991293535,3.25,4.564713801134));
#10157 = CARTESIAN_POINT('',(1.000991293535,3.25,4.606069048554));
#10158 = CARTESIAN_POINT('',(1.034827378984,3.25,4.638025379365));
#10159 = CARTESIAN_POINT('',(1.074302835912,3.25,4.638025379365));
#10160 = B_SPLINE_SURFACE_WITH_KNOTS('',1,1,(
    (#10161,#10162)
    ,(#10163,#10164
    )),.UNSPECIFIED.,.F.,.F.,.F.,(2,2),(2,2),(-0.33977083182,
    0.539967676707),(-5.357381391386E-02,1.145727931018),
  .PIECEWISE_BEZIER_KNOTS.);
#10161 = CARTESIAN_POINT('',(0.281034295647,3.25,5.258353875541));
#10162 = CARTESIAN_POINT('',(1.480336040579,3.25,5.258353875541));
#10163 = CARTESIAN_POINT('',(0.281034295647,3.25,4.378615367014));
#10164 = CARTESIAN_POINT('',(1.480336040579,3.25,4.378615367014));
#10165 = ADVANCED_FACE('',(#10166),#10180,.F.);
#10166 = FACE_BOUND('',#10167,.F.);
#10167 = EDGE_LOOP('',(#10168,#10173,#10174,#10179));
#10168 = ORIENTED_EDGE('',*,*,#10169,.F.);
#10169 = EDGE_CURVE('',#9530,#9850,#10170,.T.);
#10170 = B_SPLINE_CURVE_WITH_KNOTS('',1,(#10171,#10172),.UNSPECIFIED.,
  .F.,.F.,(2,2),(-0.,9.999999999999E-04),.PIECEWISE_BEZIER_KNOTS.);
#10171 = CARTESIAN_POINT('',(0.281034295647,3.251,4.76585070261));
#10172 = CARTESIAN_POINT('',(0.281034295647,3.25,4.76585070261));
#10173 = ORIENTED_EDGE('',*,*,#9529,.T.);
#10174 = ORIENTED_EDGE('',*,*,#10175,.T.);
#10175 = EDGE_CURVE('',#9532,#9852,#10176,.T.);
#10176 = B_SPLINE_CURVE_WITH_KNOTS('',1,(#10177,#10178),.UNSPECIFIED.,
  .F.,.F.,(2,2),(-0.,9.999999999999E-04),.PIECEWISE_BEZIER_KNOTS.);
#10177 = CARTESIAN_POINT('',(0.467132801475,3.251,5.012102253223));
#10178 = CARTESIAN_POINT('',(0.467132801475,3.25,5.012102253223));
#10179 = ORIENTED_EDGE('',*,*,#9849,.F.);
#10180 = B_SPLINE_SURFACE_WITH_KNOTS('',3,1,(
    (#10181,#10182)
    ,(#10183,#10184)
    ,(#10185,#10186)
    ,(#10187,#10188
    )),.UNSPECIFIED.,.F.,.F.,.F.,(4,4),(2,2),(35.,36.),(0.,1.),
  .PIECEWISE_BEZIER_KNOTS.);
#10181 = CARTESIAN_POINT('',(0.281034295647,3.251,4.76585070261));
#10182 = CARTESIAN_POINT('',(0.281034295647,3.25,4.76585070261));
#10183 = CARTESIAN_POINT('',(0.282914050286,3.251,4.878637630207));
#10184 = CARTESIAN_POINT('',(0.282914050286,3.25,4.878637630207));
#10185 = CARTESIAN_POINT('',(0.359985209503,3.251,4.978266167772));
#10186 = CARTESIAN_POINT('',(0.359985209503,3.25,4.978266167772));
#10187 = CARTESIAN_POINT('',(0.467132801475,3.251,5.012102253223));
#10188 = CARTESIAN_POINT('',(0.467132801475,3.25,5.012102253223));
#10189 = ADVANCED_FACE('',(#10190),#10200,.F.);
#10190 = FACE_BOUND('',#10191,.F.);
#10191 = EDGE_LOOP('',(#10192,#10193,#10194,#10199));
#10192 = ORIENTED_EDGE('',*,*,#10175,.F.);
#10193 = ORIENTED_EDGE('',*,*,#9540,.T.);
#10194 = ORIENTED_EDGE('',*,*,#10195,.T.);
#10195 = EDGE_CURVE('',#9541,#10121,#10196,.T.);
#10196 = B_SPLINE_CURVE_WITH_KNOTS('',1,(#10197,#10198),.UNSPECIFIED.,
  .F.,.F.,(2,2),(-0.,9.999999999999E-04),.PIECEWISE_BEZIER_KNOTS.);
#10197 = CARTESIAN_POINT('',(0.568641129533,3.251,5.160605137432));
#10198 = CARTESIAN_POINT('',(0.568641129533,3.25,5.160605137432));
#10199 = ORIENTED_EDGE('',*,*,#10129,.F.);
#10200 = B_SPLINE_SURFACE_WITH_KNOTS('',3,1,(
    (#10201,#10202)
    ,(#10203,#10204)
    ,(#10205,#10206)
    ,(#10207,#10208
    )),.UNSPECIFIED.,.F.,.F.,.F.,(4,4),(2,2),(0.,1.),(0.,1.),
  .PIECEWISE_BEZIER_KNOTS.);
#10201 = CARTESIAN_POINT('',(0.467132801475,3.251,5.012102253223));
#10202 = CARTESIAN_POINT('',(0.467132801475,3.25,5.012102253223));
#10203 = CARTESIAN_POINT('',(0.487810389331,3.251,5.068495752873));
#10204 = CARTESIAN_POINT('',(0.487810389331,3.25,5.068495752873));
#10205 = CARTESIAN_POINT('',(0.523526301128,3.251,5.119249898976));
#10206 = CARTESIAN_POINT('',(0.523526301128,3.25,5.119249898976));
#10207 = CARTESIAN_POINT('',(0.568641129533,3.251,5.160605137432));
#10208 = CARTESIAN_POINT('',(0.568641129533,3.25,5.160605137432));
#10209 = ADVANCED_FACE('',(#10210),#10220,.F.);
#10210 = FACE_BOUND('',#10211,.F.);
#10211 = EDGE_LOOP('',(#10212,#10213,#10214,#10219));
#10212 = ORIENTED_EDGE('',*,*,#10195,.F.);
#10213 = ORIENTED_EDGE('',*,*,#9549,.T.);
#10214 = ORIENTED_EDGE('',*,*,#10215,.T.);
#10215 = EDGE_CURVE('',#9550,#10112,#10216,.T.);
#10216 = B_SPLINE_CURVE_WITH_KNOTS('',1,(#10217,#10218),.UNSPECIFIED.,
  .F.,.F.,(2,2),(-0.,9.999999999999E-04),.PIECEWISE_BEZIER_KNOTS.);
#10217 = CARTESIAN_POINT('',(0.824291632607,3.251,5.258353875541));
#10218 = CARTESIAN_POINT('',(0.824291632607,3.25,5.258353875541));
#10219 = ORIENTED_EDGE('',*,*,#10120,.F.);
#10220 = B_SPLINE_SURFACE_WITH_KNOTS('',3,1,(
    (#10221,#10222)
    ,(#10223,#10224)
    ,(#10225,#10226)
    ,(#10227,#10228
    )),.UNSPECIFIED.,.F.,.F.,.F.,(4,4),(2,2),(1.,2.),(0.,1.),
  .PIECEWISE_BEZIER_KNOTS.);
#10221 = CARTESIAN_POINT('',(0.568641129533,3.251,5.160605137432));
#10222 = CARTESIAN_POINT('',(0.568641129533,3.25,5.160605137432));
#10223 = CARTESIAN_POINT('',(0.640072881418,3.251,5.222637992877));
#10224 = CARTESIAN_POINT('',(0.640072881418,3.25,5.222637992877));
#10225 = CARTESIAN_POINT('',(0.73030246652,3.251,5.258353875541));
#10226 = CARTESIAN_POINT('',(0.73030246652,3.25,5.258353875541));
#10227 = CARTESIAN_POINT('',(0.824291632607,3.251,5.258353875541));
#10228 = CARTESIAN_POINT('',(0.824291632607,3.25,5.258353875541));
#10229 = ADVANCED_FACE('',(#10230),#10240,.F.);
#10230 = FACE_BOUND('',#10231,.F.);
#10231 = EDGE_LOOP('',(#10232,#10233,#10234,#10239));
#10232 = ORIENTED_EDGE('',*,*,#10215,.F.);
#10233 = ORIENTED_EDGE('',*,*,#9558,.T.);
#10234 = ORIENTED_EDGE('',*,*,#10235,.T.);
#10235 = EDGE_CURVE('',#9559,#10103,#10236,.T.);
#10236 = B_SPLINE_CURVE_WITH_KNOTS('',1,(#10237,#10238),.UNSPECIFIED.,
  .F.,.F.,(2,2),(-0.,9.999999999999E-04),.PIECEWISE_BEZIER_KNOTS.);
#10237 = CARTESIAN_POINT('',(1.049865631217,3.251,5.1850423242));
#10238 = CARTESIAN_POINT('',(1.049865631217,3.25,5.1850423242));
#10239 = ORIENTED_EDGE('',*,*,#10111,.F.);
#10240 = B_SPLINE_SURFACE_WITH_KNOTS('',3,1,(
    (#10241,#10242)
    ,(#10243,#10244)
    ,(#10245,#10246)
    ,(#10247,#10248
    )),.UNSPECIFIED.,.F.,.F.,.F.,(4,4),(2,2),(2.,3.),(0.,1.),
  .PIECEWISE_BEZIER_KNOTS.);
#10241 = CARTESIAN_POINT('',(0.824291632607,3.251,5.258353875541));
#10242 = CARTESIAN_POINT('',(0.824291632607,3.25,5.258353875541));
#10243 = CARTESIAN_POINT('',(0.907002091593,3.251,5.258353875541));
#10244 = CARTESIAN_POINT('',(0.907002091593,3.25,5.258353875541));
#10245 = CARTESIAN_POINT('',(0.984073214955,3.251,5.232036909485));
#10246 = CARTESIAN_POINT('',(0.984073214955,3.25,5.232036909485));
#10247 = CARTESIAN_POINT('',(1.049865631217,3.251,5.1850423242));
#10248 = CARTESIAN_POINT('',(1.049865631217,3.25,5.1850423242));
#10249 = ADVANCED_FACE('',(#10250),#10260,.F.);
#10250 = FACE_BOUND('',#10251,.F.);
#10251 = EDGE_LOOP('',(#10252,#10253,#10254,#10259));
#10252 = ORIENTED_EDGE('',*,*,#10235,.F.);
#10253 = ORIENTED_EDGE('',*,*,#9567,.T.);
#10254 = ORIENTED_EDGE('',*,*,#10255,.T.);
#10255 = EDGE_CURVE('',#9568,#10094,#10256,.T.);
#10256 = B_SPLINE_CURVE_WITH_KNOTS('',1,(#10257,#10258),.UNSPECIFIED.,
  .F.,.F.,(2,2),(-0.,9.999999999999E-04),.PIECEWISE_BEZIER_KNOTS.);
#10257 = CARTESIAN_POINT('',(1.132576090203,3.251,5.102331856252));
#10258 = CARTESIAN_POINT('',(1.132576090203,3.25,5.102331856252));
#10259 = ORIENTED_EDGE('',*,*,#10102,.F.);
#10260 = B_SPLINE_SURFACE_WITH_KNOTS('',3,1,(
    (#10261,#10262)
    ,(#10263,#10264)
    ,(#10265,#10266)
    ,(#10267,#10268
    )),.UNSPECIFIED.,.F.,.F.,.F.,(4,4),(2,2),(3.,4.),(0.,1.),
  .PIECEWISE_BEZIER_KNOTS.);
#10261 = CARTESIAN_POINT('',(1.049865631217,3.251,5.1850423242));
#10262 = CARTESIAN_POINT('',(1.049865631217,3.25,5.1850423242));
#10263 = CARTESIAN_POINT('',(1.081821962028,3.251,5.162484918961));
#10264 = CARTESIAN_POINT('',(1.081821962028,3.25,5.162484918961));
#10265 = CARTESIAN_POINT('',(1.108138921362,3.251,5.134288169136));
#10266 = CARTESIAN_POINT('',(1.108138921362,3.25,5.134288169136));
#10267 = CARTESIAN_POINT('',(1.132576090203,3.251,5.102331856252));
#10268 = CARTESIAN_POINT('',(1.132576090203,3.25,5.102331856252));
#10269 = ADVANCED_FACE('',(#10270),#10280,.F.);
#10270 = FACE_BOUND('',#10271,.F.);
#10271 = EDGE_LOOP('',(#10272,#10273,#10274,#10279));
#10272 = ORIENTED_EDGE('',*,*,#10255,.F.);
#10273 = ORIENTED_EDGE('',*,*,#9576,.T.);
#10274 = ORIENTED_EDGE('',*,*,#10275,.T.);
#10275 = EDGE_CURVE('',#9577,#10085,#10276,.T.);
#10276 = B_SPLINE_CURVE_WITH_KNOTS('',1,(#10277,#10278),.UNSPECIFIED.,
  .F.,.F.,(2,2),(-0.,9.999999999999E-04),.PIECEWISE_BEZIER_KNOTS.);
#10277 = CARTESIAN_POINT('',(1.175811092261,3.251,5.106091419309));
#10278 = CARTESIAN_POINT('',(1.175811092261,3.25,5.106091419309));
#10279 = ORIENTED_EDGE('',*,*,#10093,.F.);
#10280 = B_SPLINE_SURFACE_WITH_KNOTS('',3,1,(
    (#10281,#10282)
    ,(#10283,#10284)
    ,(#10285,#10286)
    ,(#10287,#10288
    )),.UNSPECIFIED.,.F.,.F.,.F.,(4,4),(2,2),(4.,5.),(0.,1.),
  .PIECEWISE_BEZIER_KNOTS.);
#10281 = CARTESIAN_POINT('',(1.132576090203,3.251,5.102331856252));
#10282 = CARTESIAN_POINT('',(1.132576090203,3.25,5.102331856252));
#10283 = CARTESIAN_POINT('',(1.147614342435,3.251,5.104211646744));
#10284 = CARTESIAN_POINT('',(1.147614342435,3.25,5.104211646744));
#10285 = CARTESIAN_POINT('',(1.160772840029,3.251,5.106091419309));
#10286 = CARTESIAN_POINT('',(1.160772840029,3.25,5.106091419309));
#10287 = CARTESIAN_POINT('',(1.175811092261,3.251,5.106091419309));
#10288 = CARTESIAN_POINT('',(1.175811092261,3.25,5.106091419309));
#10289 = ADVANCED_FACE('',(#10290),#10300,.F.);
#10290 = FACE_BOUND('',#10291,.F.);
#10291 = EDGE_LOOP('',(#10292,#10293,#10294,#10299));
#10292 = ORIENTED_EDGE('',*,*,#10275,.F.);
#10293 = ORIENTED_EDGE('',*,*,#9585,.T.);
#10294 = ORIENTED_EDGE('',*,*,#10295,.T.);
#10295 = EDGE_CURVE('',#9586,#10076,#10296,.T.);
#10296 = B_SPLINE_CURVE_WITH_KNOTS('',1,(#10297,#10298),.UNSPECIFIED.,
  .F.,.F.,(2,2),(-0.,9.999999999999E-04),.PIECEWISE_BEZIER_KNOTS.);
#10297 = CARTESIAN_POINT('',(1.391986174262,3.251,5.01586181628));
#10298 = CARTESIAN_POINT('',(1.391986174262,3.25,5.01586181628));
#10299 = ORIENTED_EDGE('',*,*,#10084,.F.);
#10300 = B_SPLINE_SURFACE_WITH_KNOTS('',3,1,(
    (#10301,#10302)
    ,(#10303,#10304)
    ,(#10305,#10306)
    ,(#10307,#10308
    )),.UNSPECIFIED.,.F.,.F.,.F.,(4,4),(2,2),(5.,6.),(0.,1.),
  .PIECEWISE_BEZIER_KNOTS.);
#10301 = CARTESIAN_POINT('',(1.175811092261,3.251,5.106091419309));
#10302 = CARTESIAN_POINT('',(1.175811092261,3.25,5.106091419309));
#10303 = CARTESIAN_POINT('',(1.256641778682,3.251,5.106091419309));
#10304 = CARTESIAN_POINT('',(1.256641778682,3.25,5.106091419309));
#10305 = CARTESIAN_POINT('',(1.333712884117,3.251,5.074135106426));
#10306 = CARTESIAN_POINT('',(1.333712884117,3.25,5.074135106426));
#10307 = CARTESIAN_POINT('',(1.391986174262,3.251,5.01586181628));
#10308 = CARTESIAN_POINT('',(1.391986174262,3.25,5.01586181628));
#10309 = ADVANCED_FACE('',(#10310),#10320,.F.);
#10310 = FACE_BOUND('',#10311,.F.);
#10311 = EDGE_LOOP('',(#10312,#10313,#10314,#10319));
#10312 = ORIENTED_EDGE('',*,*,#10295,.F.);
#10313 = ORIENTED_EDGE('',*,*,#9594,.T.);
#10314 = ORIENTED_EDGE('',*,*,#10315,.T.);
#10315 = EDGE_CURVE('',#9595,#10067,#10316,.T.);
#10316 = B_SPLINE_CURVE_WITH_KNOTS('',1,(#10317,#10318),.UNSPECIFIED.,
  .F.,.F.,(2,2),(-0.,9.999999999999E-04),.PIECEWISE_BEZIER_KNOTS.);
#10317 = CARTESIAN_POINT('',(1.480336040579,3.251,4.8015665427));
#10318 = CARTESIAN_POINT('',(1.480336040579,3.25,4.8015665427));
#10319 = ORIENTED_EDGE('',*,*,#10075,.F.);
#10320 = B_SPLINE_SURFACE_WITH_KNOTS('',3,1,(
    (#10321,#10322)
    ,(#10323,#10324)
    ,(#10325,#10326)
    ,(#10327,#10328
    )),.UNSPECIFIED.,.F.,.F.,.F.,(4,4),(2,2),(6.,7.),(0.,1.),
  .PIECEWISE_BEZIER_KNOTS.);
#10321 = CARTESIAN_POINT('',(1.391986174262,3.251,5.01586181628));
#10322 = CARTESIAN_POINT('',(1.391986174262,3.25,5.01586181628));
#10323 = CARTESIAN_POINT('',(1.448379723214,3.251,4.959468334555));
#10324 = CARTESIAN_POINT('',(1.448379723214,3.25,4.959468334555));
#10325 = CARTESIAN_POINT('',(1.480336040579,3.251,4.882397211191));
#10326 = CARTESIAN_POINT('',(1.480336040579,3.25,4.882397211191));
#10327 = CARTESIAN_POINT('',(1.480336040579,3.251,4.8015665427));
#10328 = CARTESIAN_POINT('',(1.480336040579,3.25,4.8015665427));
#10329 = ADVANCED_FACE('',(#10330),#10340,.F.);
#10330 = FACE_BOUND('',#10331,.F.);
#10331 = EDGE_LOOP('',(#10332,#10333,#10334,#10339));
#10332 = ORIENTED_EDGE('',*,*,#10315,.F.);
#10333 = ORIENTED_EDGE('',*,*,#9603,.T.);
#10334 = ORIENTED_EDGE('',*,*,#10335,.T.);
#10335 = EDGE_CURVE('',#9604,#10058,#10336,.T.);
#10336 = B_SPLINE_CURVE_WITH_KNOTS('',1,(#10337,#10338),.UNSPECIFIED.,
  .F.,.F.,(2,2),(-0.,9.999999999999E-04),.PIECEWISE_BEZIER_KNOTS.);
#10337 = CARTESIAN_POINT('',(1.401385144651,3.251,4.596670203653));
#10338 = CARTESIAN_POINT('',(1.401385144651,3.25,4.596670203653));
#10339 = ORIENTED_EDGE('',*,*,#10066,.F.);
#10340 = B_SPLINE_SURFACE_WITH_KNOTS('',3,1,(
    (#10341,#10342)
    ,(#10343,#10344)
    ,(#10345,#10346)
    ,(#10347,#10348
    )),.UNSPECIFIED.,.F.,.F.,.F.,(4,4),(2,2),(7.,8.),(0.,1.),
  .PIECEWISE_BEZIER_KNOTS.);
#10341 = CARTESIAN_POINT('',(1.480336040579,3.251,4.8015665427));
#10342 = CARTESIAN_POINT('',(1.480336040579,3.25,4.8015665427));
#10343 = CARTESIAN_POINT('',(1.480336040579,3.251,4.726375209829));
#10344 = CARTESIAN_POINT('',(1.480336040579,3.25,4.726375209829));
#10345 = CARTESIAN_POINT('',(1.452139290754,3.251,4.653063631598));
#10346 = CARTESIAN_POINT('',(1.452139290754,3.25,4.653063631598));
#10347 = CARTESIAN_POINT('',(1.401385144651,3.251,4.596670203653));
#10348 = CARTESIAN_POINT('',(1.401385144651,3.25,4.596670203653));
#10349 = ADVANCED_FACE('',(#10350),#10360,.F.);
#10350 = FACE_BOUND('',#10351,.F.);
#10351 = EDGE_LOOP('',(#10352,#10353,#10354,#10359));
#10352 = ORIENTED_EDGE('',*,*,#10335,.F.);
#10353 = ORIENTED_EDGE('',*,*,#9612,.T.);
#10354 = ORIENTED_EDGE('',*,*,#10355,.T.);
#10355 = EDGE_CURVE('',#9613,#10049,#10356,.T.);
#10356 = B_SPLINE_CURVE_WITH_KNOTS('',1,(#10357,#10358),.UNSPECIFIED.,
  .F.,.F.,(2,2),(-0.,9.999999999999E-04),.PIECEWISE_BEZIER_KNOTS.);
#10357 = CARTESIAN_POINT('',(1.251002478913,3.251,4.506440618551));
#10358 = CARTESIAN_POINT('',(1.251002478913,3.25,4.506440618551));
#10359 = ORIENTED_EDGE('',*,*,#10057,.F.);
#10360 = B_SPLINE_SURFACE_WITH_KNOTS('',3,1,(
    (#10361,#10362)
    ,(#10363,#10364)
    ,(#10365,#10366)
    ,(#10367,#10368
    )),.UNSPECIFIED.,.F.,.F.,.F.,(4,4),(2,2),(8.,9.),(0.,1.),
  .PIECEWISE_BEZIER_KNOTS.);
#10361 = CARTESIAN_POINT('',(1.401385144651,3.251,4.596670203653));
#10362 = CARTESIAN_POINT('',(1.401385144651,3.25,4.596670203653));
#10363 = CARTESIAN_POINT('',(1.360029915159,3.251,4.551555375247));
#10364 = CARTESIAN_POINT('',(1.360029915159,3.25,4.551555375247));
#10365 = CARTESIAN_POINT('',(1.30927575113,3.251,4.521478870784));
#10366 = CARTESIAN_POINT('',(1.30927575113,3.25,4.521478870784));
#10367 = CARTESIAN_POINT('',(1.251002478913,3.251,4.506440618551));
#10368 = CARTESIAN_POINT('',(1.251002478913,3.25,4.506440618551));
#10369 = ADVANCED_FACE('',(#10370),#10380,.F.);
#10370 = FACE_BOUND('',#10371,.F.);
#10371 = EDGE_LOOP('',(#10372,#10373,#10374,#10379));
#10372 = ORIENTED_EDGE('',*,*,#10355,.F.);
#10373 = ORIENTED_EDGE('',*,*,#9621,.T.);
#10374 = ORIENTED_EDGE('',*,*,#10375,.T.);
#10375 = EDGE_CURVE('',#9622,#10040,#10376,.T.);
#10376 = B_SPLINE_CURVE_WITH_KNOTS('',1,(#10377,#10378),.UNSPECIFIED.,
  .F.,.F.,(2,2),(-0.,9.999999999999E-04),.PIECEWISE_BEZIER_KNOTS.);
#10377 = CARTESIAN_POINT('',(1.072423045419,3.251,4.378615367014));
#10378 = CARTESIAN_POINT('',(1.072423045419,3.25,4.378615367014));
#10379 = ORIENTED_EDGE('',*,*,#10048,.F.);
#10380 = B_SPLINE_SURFACE_WITH_KNOTS('',3,1,(
    (#10381,#10382)
    ,(#10383,#10384)
    ,(#10385,#10386)
    ,(#10387,#10388
    )),.UNSPECIFIED.,.F.,.F.,.F.,(4,4),(2,2),(9.,10.),(0.,1.),
  .PIECEWISE_BEZIER_KNOTS.);
#10381 = CARTESIAN_POINT('',(1.251002478913,3.251,4.506440618551));
#10382 = CARTESIAN_POINT('',(1.251002478913,3.25,4.506440618551));
#10383 = CARTESIAN_POINT('',(1.226565292145,3.251,4.43124928568));
#10384 = CARTESIAN_POINT('',(1.226565292145,3.25,4.43124928568));
#10385 = CARTESIAN_POINT('',(1.15513354026,3.251,4.378615367014));
#10386 = CARTESIAN_POINT('',(1.15513354026,3.25,4.378615367014));
#10387 = CARTESIAN_POINT('',(1.072423045419,3.251,4.378615367014));
#10388 = CARTESIAN_POINT('',(1.072423045419,3.25,4.378615367014));
#10389 = ADVANCED_FACE('',(#10390),#10400,.F.);
#10390 = FACE_BOUND('',#10391,.F.);
#10391 = EDGE_LOOP('',(#10392,#10393,#10394,#10399));
#10392 = ORIENTED_EDGE('',*,*,#10375,.F.);
#10393 = ORIENTED_EDGE('',*,*,#9630,.T.);
#10394 = ORIENTED_EDGE('',*,*,#10395,.T.);
#10395 = EDGE_CURVE('',#9631,#10031,#10396,.T.);
#10396 = B_SPLINE_CURVE_WITH_KNOTS('',1,(#10397,#10398),.UNSPECIFIED.,
  .F.,.F.,(2,2),(-0.,9.999999999999E-04),.PIECEWISE_BEZIER_KNOTS.);
#10397 = CARTESIAN_POINT('',(0.884444713244,3.251,4.566593699188));
#10398 = CARTESIAN_POINT('',(0.884444713244,3.25,4.566593699188));
#10399 = ORIENTED_EDGE('',*,*,#10039,.F.);
#10400 = B_SPLINE_SURFACE_WITH_KNOTS('',3,1,(
    (#10401,#10402)
    ,(#10403,#10404)
    ,(#10405,#10406)
    ,(#10407,#10408
    )),.UNSPECIFIED.,.F.,.F.,.F.,(4,4),(2,2),(10.,11.),(0.,1.),
  .PIECEWISE_BEZIER_KNOTS.);
#10401 = CARTESIAN_POINT('',(1.072423045419,3.251,4.378615367014));
#10402 = CARTESIAN_POINT('',(1.072423045419,3.25,4.378615367014));
#10403 = CARTESIAN_POINT('',(0.969034962724,3.251,4.378615367014));
#10404 = CARTESIAN_POINT('',(0.969034962724,3.25,4.378615367014));
#10405 = CARTESIAN_POINT('',(0.884444713244,3.251,4.463205616492));
#10406 = CARTESIAN_POINT('',(0.884444713244,3.25,4.463205616492));
#10407 = CARTESIAN_POINT('',(0.884444713244,3.251,4.566593699188));
#10408 = CARTESIAN_POINT('',(0.884444713244,3.25,4.566593699188));
#10409 = ADVANCED_FACE('',(#10410),#10420,.F.);
#10410 = FACE_BOUND('',#10411,.T.);
#10411 = EDGE_LOOP('',(#10412,#10413,#10418,#10419));
#10412 = ORIENTED_EDGE('',*,*,#10030,.T.);
#10413 = ORIENTED_EDGE('',*,*,#10414,.F.);
#10414 = EDGE_CURVE('',#9640,#10024,#10415,.T.);
#10415 = B_SPLINE_CURVE_WITH_KNOTS('',1,(#10416,#10417),.UNSPECIFIED.,
  .F.,.F.,(2,2),(-0.,9.999999999999E-04),.PIECEWISE_BEZIER_KNOTS.);
#10416 = CARTESIAN_POINT('',(0.884444713244,3.251,4.585391532407));
#10417 = CARTESIAN_POINT('',(0.884444713244,3.25,4.585391532407));
#10418 = ORIENTED_EDGE('',*,*,#9639,.F.);
#10419 = ORIENTED_EDGE('',*,*,#10395,.T.);
#10420 = B_SPLINE_SURFACE_WITH_KNOTS('',1,1,(
    (#10421,#10422)
    ,(#10423,#10424
    )),.UNSPECIFIED.,.F.,.F.,.F.,(2,2),(2,2),(-1.879783321867E-02,0.),(
    -9.999999999999E-04,0.),.PIECEWISE_BEZIER_KNOTS.);
#10421 = CARTESIAN_POINT('',(0.884444713244,3.25,4.585391532407));
#10422 = CARTESIAN_POINT('',(0.884444713244,3.251,4.585391532407));
#10423 = CARTESIAN_POINT('',(0.884444713244,3.25,4.566593699188));
#10424 = CARTESIAN_POINT('',(0.884444713244,3.251,4.566593699188));
#10425 = ADVANCED_FACE('',(#10426),#10436,.F.);
#10426 = FACE_BOUND('',#10427,.T.);
#10427 = EDGE_LOOP('',(#10428,#10429,#10434,#10435));
#10428 = ORIENTED_EDGE('',*,*,#10023,.T.);
#10429 = ORIENTED_EDGE('',*,*,#10430,.F.);
#10430 = EDGE_CURVE('',#9649,#10017,#10431,.T.);
#10431 = B_SPLINE_CURVE_WITH_KNOTS('',1,(#10432,#10433),.UNSPECIFIED.,
  .F.,.F.,(2,2),(-0.,9.999999999999E-04),.PIECEWISE_BEZIER_KNOTS.);
#10432 = CARTESIAN_POINT('',(0.6212750482,3.251,4.724495491045));
#10433 = CARTESIAN_POINT('',(0.6212750482,3.25,4.724495491045));
#10434 = ORIENTED_EDGE('',*,*,#9648,.F.);
#10435 = ORIENTED_EDGE('',*,*,#10414,.T.);
#10436 = B_SPLINE_SURFACE_WITH_KNOTS('',1,1,(
    (#10437,#10438)
    ,(#10439,#10440
    )),.UNSPECIFIED.,.F.,.F.,.F.,(2,2),(2,2),(-0.297671268194,
    -9.8154256972E-17),(-9.999999999999E-04,0.),
  .PIECEWISE_BEZIER_KNOTS.);
#10437 = CARTESIAN_POINT('',(0.6212750482,3.25,4.724495491045));
#10438 = CARTESIAN_POINT('',(0.6212750482,3.251,4.724495491045));
#10439 = CARTESIAN_POINT('',(0.884444713244,3.25,4.585391532407));
#10440 = CARTESIAN_POINT('',(0.884444713244,3.251,4.585391532407));
#10441 = ADVANCED_FACE('',(#10442),#10452,.F.);
#10442 = FACE_BOUND('',#10443,.T.);
#10443 = EDGE_LOOP('',(#10444,#10445,#10450,#10451));
#10444 = ORIENTED_EDGE('',*,*,#10016,.T.);
#10445 = ORIENTED_EDGE('',*,*,#10446,.F.);
#10446 = EDGE_CURVE('',#9656,#10010,#10447,.T.);
#10447 = B_SPLINE_CURVE_WITH_KNOTS('',1,(#10448,#10449),.UNSPECIFIED.,
  .F.,.F.,(2,2),(-0.,9.999999999999E-04),.PIECEWISE_BEZIER_KNOTS.);
#10448 = CARTESIAN_POINT('',(0.679548302491,3.251,4.824124028609));
#10449 = CARTESIAN_POINT('',(0.679548302491,3.25,4.824124028609));
#10450 = ORIENTED_EDGE('',*,*,#9655,.F.);
#10451 = ORIENTED_EDGE('',*,*,#10430,.T.);
#10452 = B_SPLINE_SURFACE_WITH_KNOTS('',1,1,(
    (#10453,#10454)
    ,(#10455,#10456
    )),.UNSPECIFIED.,.F.,.F.,.F.,(2,2),(2,2),(-0.115419312348,0.),(
    -9.999999999999E-04,0.),.PIECEWISE_BEZIER_KNOTS.);
#10453 = CARTESIAN_POINT('',(0.679548302491,3.25,4.824124028609));
#10454 = CARTESIAN_POINT('',(0.679548302491,3.251,4.824124028609));
#10455 = CARTESIAN_POINT('',(0.6212750482,3.25,4.724495491045));
#10456 = CARTESIAN_POINT('',(0.6212750482,3.251,4.724495491045));
#10457 = ADVANCED_FACE('',(#10458),#10468,.F.);
#10458 = FACE_BOUND('',#10459,.T.);
#10459 = EDGE_LOOP('',(#10460,#10461,#10466,#10467));
#10460 = ORIENTED_EDGE('',*,*,#10009,.T.);
#10461 = ORIENTED_EDGE('',*,*,#10462,.F.);
#10462 = EDGE_CURVE('',#9663,#10001,#10463,.T.);
#10463 = B_SPLINE_CURVE_WITH_KNOTS('',1,(#10464,#10465),.UNSPECIFIED.,
  .F.,.F.,(2,2),(-0.,9.999999999999E-04),.PIECEWISE_BEZIER_KNOTS.);
#10464 = CARTESIAN_POINT('',(0.931439260434,3.251,4.692539196087));
#10465 = CARTESIAN_POINT('',(0.931439260434,3.25,4.692539196087));
#10466 = ORIENTED_EDGE('',*,*,#9662,.F.);
#10467 = ORIENTED_EDGE('',*,*,#10446,.T.);
#10468 = B_SPLINE_SURFACE_WITH_KNOTS('',1,1,(
    (#10469,#10470)
    ,(#10471,#10472
    )),.UNSPECIFIED.,.F.,.F.,.F.,(2,2),(2,2),(-0.284189413672,0.),(
    -9.999999999999E-04,0.),.PIECEWISE_BEZIER_KNOTS.);
#10469 = CARTESIAN_POINT('',(0.931439260434,3.25,4.692539196087));
#10470 = CARTESIAN_POINT('',(0.931439260434,3.251,4.692539196087));
#10471 = CARTESIAN_POINT('',(0.679548302491,3.25,4.824124028609));
#10472 = CARTESIAN_POINT('',(0.679548302491,3.251,4.824124028609));
#10473 = ADVANCED_FACE('',(#10474),#10484,.F.);
#10474 = FACE_BOUND('',#10475,.F.);
#10475 = EDGE_LOOP('',(#10476,#10477,#10478,#10483));
#10476 = ORIENTED_EDGE('',*,*,#10462,.F.);
#10477 = ORIENTED_EDGE('',*,*,#9669,.T.);
#10478 = ORIENTED_EDGE('',*,*,#10479,.T.);
#10479 = EDGE_CURVE('',#9670,#9992,#10480,.T.);
#10480 = B_SPLINE_CURVE_WITH_KNOTS('',1,(#10481,#10482),.UNSPECIFIED.,
  .F.,.F.,(2,2),(-0.,9.999999999999E-04),.PIECEWISE_BEZIER_KNOTS.);
#10481 = CARTESIAN_POINT('',(1.072423009565,3.251,4.756451821856));
#10482 = CARTESIAN_POINT('',(1.072423009565,3.25,4.756451821856));
#10483 = ORIENTED_EDGE('',*,*,#10000,.F.);
#10484 = B_SPLINE_SURFACE_WITH_KNOTS('',3,1,(
    (#10485,#10486)
    ,(#10487,#10488)
    ,(#10489,#10490)
    ,(#10491,#10492
    )),.UNSPECIFIED.,.F.,.F.,.F.,(4,4),(2,2),(15.,16.),(0.,1.),
  .PIECEWISE_BEZIER_KNOTS.);
#10485 = CARTESIAN_POINT('',(0.931439260434,3.251,4.692539196087));
#10486 = CARTESIAN_POINT('',(0.931439260434,3.25,4.692539196087));
#10487 = CARTESIAN_POINT('',(0.965275345884,3.251,4.732014653015));
#10488 = CARTESIAN_POINT('',(0.965275345884,3.25,4.732014653015));
#10489 = CARTESIAN_POINT('',(1.016029509913,3.251,4.756451821856));
#10490 = CARTESIAN_POINT('',(1.016029509913,3.25,4.756451821856));
#10491 = CARTESIAN_POINT('',(1.072423009565,3.251,4.756451821856));
#10492 = CARTESIAN_POINT('',(1.072423009565,3.25,4.756451821856));
#10493 = ADVANCED_FACE('',(#10494),#10504,.F.);
#10494 = FACE_BOUND('',#10495,.F.);
#10495 = EDGE_LOOP('',(#10496,#10497,#10498,#10503));
#10496 = ORIENTED_EDGE('',*,*,#10479,.F.);
#10497 = ORIENTED_EDGE('',*,*,#9678,.T.);
#10498 = ORIENTED_EDGE('',*,*,#10499,.T.);
#10499 = EDGE_CURVE('',#9679,#9983,#10500,.T.);
#10500 = B_SPLINE_CURVE_WITH_KNOTS('',1,(#10501,#10502),.UNSPECIFIED.,
  .F.,.F.,(2,2),(-0.,9.999999999999E-04),.PIECEWISE_BEZIER_KNOTS.);
#10501 = CARTESIAN_POINT('',(1.249122634639,3.251,4.632386115451));
#10502 = CARTESIAN_POINT('',(1.249122634639,3.25,4.632386115451));
#10503 = ORIENTED_EDGE('',*,*,#9991,.F.);
#10504 = B_SPLINE_SURFACE_WITH_KNOTS('',3,1,(
    (#10505,#10506)
    ,(#10507,#10508)
    ,(#10509,#10510)
    ,(#10511,#10512
    )),.UNSPECIFIED.,.F.,.F.,.F.,(4,4),(2,2),(16.,17.),(0.,1.),
  .PIECEWISE_BEZIER_KNOTS.);
#10505 = CARTESIAN_POINT('',(1.072423009565,3.251,4.756451821856));
#10506 = CARTESIAN_POINT('',(1.072423009565,3.25,4.756451821856));
#10507 = CARTESIAN_POINT('',(1.153253713912,3.251,4.756451821856));
#10508 = CARTESIAN_POINT('',(1.153253713912,3.25,4.756451821856));
#10509 = CARTESIAN_POINT('',(1.222805675304,3.251,4.70381790319));
#10510 = CARTESIAN_POINT('',(1.222805675304,3.25,4.70381790319));
#10511 = CARTESIAN_POINT('',(1.249122634639,3.251,4.632386115451));
#10512 = CARTESIAN_POINT('',(1.249122634639,3.25,4.632386115451));
#10513 = ADVANCED_FACE('',(#10514),#10524,.F.);
#10514 = FACE_BOUND('',#10515,.F.);
#10515 = EDGE_LOOP('',(#10516,#10517,#10518,#10523));
#10516 = ORIENTED_EDGE('',*,*,#10499,.F.);
#10517 = ORIENTED_EDGE('',*,*,#9687,.T.);
#10518 = ORIENTED_EDGE('',*,*,#10519,.T.);
#10519 = EDGE_CURVE('',#9688,#9974,#10520,.T.);
#10520 = B_SPLINE_CURVE_WITH_KNOTS('',1,(#10521,#10522),.UNSPECIFIED.,
  .F.,.F.,(2,2),(-0.,9.999999999999E-04),.PIECEWISE_BEZIER_KNOTS.);
#10521 = CARTESIAN_POINT('',(1.361909633943,3.251,4.805326195392));
#10522 = CARTESIAN_POINT('',(1.361909633943,3.25,4.805326195392));
#10523 = ORIENTED_EDGE('',*,*,#9982,.F.);
#10524 = B_SPLINE_SURFACE_WITH_KNOTS('',3,1,(
    (#10525,#10526)
    ,(#10527,#10528)
    ,(#10529,#10530)
    ,(#10531,#10532
    )),.UNSPECIFIED.,.F.,.F.,.F.,(4,4),(2,2),(17.,18.),(0.,1.),
  .PIECEWISE_BEZIER_KNOTS.);
#10525 = CARTESIAN_POINT('',(1.249122634639,3.251,4.632386115451));
#10526 = CARTESIAN_POINT('',(1.249122634639,3.25,4.632386115451));
#10527 = CARTESIAN_POINT('',(1.314915050899,3.251,4.662462655768));
#10528 = CARTESIAN_POINT('',(1.314915050899,3.25,4.662462655768));
#10529 = CARTESIAN_POINT('',(1.361909633943,3.251,4.728255072029));
#10530 = CARTESIAN_POINT('',(1.361909633943,3.25,4.728255072029));
#10531 = CARTESIAN_POINT('',(1.361909633943,3.251,4.805326195392));
#10532 = CARTESIAN_POINT('',(1.361909633943,3.25,4.805326195392));
#10533 = ADVANCED_FACE('',(#10534),#10544,.F.);
#10534 = FACE_BOUND('',#10535,.F.);
#10535 = EDGE_LOOP('',(#10536,#10537,#10538,#10543));
#10536 = ORIENTED_EDGE('',*,*,#10519,.F.);
#10537 = ORIENTED_EDGE('',*,*,#9696,.T.);
#10538 = ORIENTED_EDGE('',*,*,#10539,.T.);
#10539 = EDGE_CURVE('',#9697,#9965,#10540,.T.);
#10540 = B_SPLINE_CURVE_WITH_KNOTS('',1,(#10541,#10542),.UNSPECIFIED.,
  .F.,.F.,(2,2),(-0.,9.999999999999E-04),.PIECEWISE_BEZIER_KNOTS.);
#10541 = CARTESIAN_POINT('',(1.173931301769,3.251,4.993304527566));
#10542 = CARTESIAN_POINT('',(1.173931301769,3.25,4.993304527566));
#10543 = ORIENTED_EDGE('',*,*,#9973,.F.);
#10544 = B_SPLINE_SURFACE_WITH_KNOTS('',3,1,(
    (#10545,#10546)
    ,(#10547,#10548)
    ,(#10549,#10550)
    ,(#10551,#10552
    )),.UNSPECIFIED.,.F.,.F.,.F.,(4,4),(2,2),(18.,19.),(0.,1.),
  .PIECEWISE_BEZIER_KNOTS.);
#10545 = CARTESIAN_POINT('',(1.361909633943,3.251,4.805326195392));
#10546 = CARTESIAN_POINT('',(1.361909633943,3.25,4.805326195392));
#10547 = CARTESIAN_POINT('',(1.361909633943,3.251,4.908714278089));
#10548 = CARTESIAN_POINT('',(1.361909633943,3.25,4.908714278089));
#10549 = CARTESIAN_POINT('',(1.277319384465,3.251,4.993304527566));
#10550 = CARTESIAN_POINT('',(1.277319384465,3.25,4.993304527566));
#10551 = CARTESIAN_POINT('',(1.173931301769,3.251,4.993304527566));
#10552 = CARTESIAN_POINT('',(1.173931301769,3.25,4.993304527566));
#10553 = ADVANCED_FACE('',(#10554),#10564,.F.);
#10554 = FACE_BOUND('',#10555,.F.);
#10555 = EDGE_LOOP('',(#10556,#10557,#10558,#10563));
#10556 = ORIENTED_EDGE('',*,*,#10539,.F.);
#10557 = ORIENTED_EDGE('',*,*,#9705,.T.);
#10558 = ORIENTED_EDGE('',*,*,#10559,.T.);
#10559 = EDGE_CURVE('',#9706,#9956,#10560,.T.);
#10560 = B_SPLINE_CURVE_WITH_KNOTS('',1,(#10561,#10562),.UNSPECIFIED.,
  .F.,.F.,(2,2),(-0.,9.999999999999E-04),.PIECEWISE_BEZIER_KNOTS.);
#10561 = CARTESIAN_POINT('',(1.074302800058,3.251,4.965107777739));
#10562 = CARTESIAN_POINT('',(1.074302800058,3.25,4.965107777739));
#10563 = ORIENTED_EDGE('',*,*,#9964,.F.);
#10564 = B_SPLINE_SURFACE_WITH_KNOTS('',3,1,(
    (#10565,#10566)
    ,(#10567,#10568)
    ,(#10569,#10570)
    ,(#10571,#10572
    )),.UNSPECIFIED.,.F.,.F.,.F.,(4,4),(2,2),(19.,20.),(0.,1.),
  .PIECEWISE_BEZIER_KNOTS.);
#10565 = CARTESIAN_POINT('',(1.173931301769,3.251,4.993304527566));
#10566 = CARTESIAN_POINT('',(1.173931301769,3.25,4.993304527566));
#10567 = CARTESIAN_POINT('',(1.138215425826,3.251,4.993304527566));
#10568 = CARTESIAN_POINT('',(1.138215425826,3.25,4.993304527566));
#10569 = CARTESIAN_POINT('',(1.102499549883,3.251,4.982025820466));
#10570 = CARTESIAN_POINT('',(1.102499549883,3.25,4.982025820466));
#10571 = CARTESIAN_POINT('',(1.074302800058,3.251,4.965107777739));
#10572 = CARTESIAN_POINT('',(1.074302800058,3.25,4.965107777739));
#10573 = ADVANCED_FACE('',(#10574),#10584,.F.);
#10574 = FACE_BOUND('',#10575,.F.);
#10575 = EDGE_LOOP('',(#10576,#10577,#10578,#10583));
#10576 = ORIENTED_EDGE('',*,*,#10559,.F.);
#10577 = ORIENTED_EDGE('',*,*,#9714,.T.);
#10578 = ORIENTED_EDGE('',*,*,#10579,.T.);
#10579 = EDGE_CURVE('',#9715,#9947,#10580,.T.);
#10580 = B_SPLINE_CURVE_WITH_KNOTS('',1,(#10581,#10582),.UNSPECIFIED.,
  .F.,.F.,(2,2),(-0.,9.999999999999E-04),.PIECEWISE_BEZIER_KNOTS.);
#10581 = CARTESIAN_POINT('',(0.822411877968,3.251,5.145566876237));
#10582 = CARTESIAN_POINT('',(0.822411877968,3.25,5.145566876237));
#10583 = ORIENTED_EDGE('',*,*,#9955,.F.);
#10584 = B_SPLINE_SURFACE_WITH_KNOTS('',3,1,(
    (#10585,#10586)
    ,(#10587,#10588)
    ,(#10589,#10590)
    ,(#10591,#10592
    )),.UNSPECIFIED.,.F.,.F.,.F.,(4,4),(2,2),(20.,21.),(0.,1.),
  .PIECEWISE_BEZIER_KNOTS.);
#10585 = CARTESIAN_POINT('',(1.074302800058,3.251,4.965107777739));
#10586 = CARTESIAN_POINT('',(1.074302800058,3.25,4.965107777739));
#10587 = CARTESIAN_POINT('',(1.03858695997,3.251,5.070375543367));
#10588 = CARTESIAN_POINT('',(1.03858695997,3.25,5.070375543367));
#10589 = CARTESIAN_POINT('',(0.940838212897,3.251,5.145566876237));
#10590 = CARTESIAN_POINT('',(0.940838212897,3.25,5.145566876237));
#10591 = CARTESIAN_POINT('',(0.822411877968,3.251,5.145566876237));
#10592 = CARTESIAN_POINT('',(0.822411877968,3.25,5.145566876237));
#10593 = ADVANCED_FACE('',(#10594),#10604,.F.);
#10594 = FACE_BOUND('',#10595,.F.);
#10595 = EDGE_LOOP('',(#10596,#10597,#10598,#10603));
#10596 = ORIENTED_EDGE('',*,*,#10579,.F.);
#10597 = ORIENTED_EDGE('',*,*,#9723,.T.);
#10598 = ORIENTED_EDGE('',*,*,#10599,.T.);
#10599 = EDGE_CURVE('',#9724,#9938,#10600,.T.);
#10600 = B_SPLINE_CURVE_WITH_KNOTS('',1,(#10601,#10602),.UNSPECIFIED.,
  .F.,.F.,(2,2),(-0.,9.999999999999E-04),.PIECEWISE_BEZIER_KNOTS.);
#10601 = CARTESIAN_POINT('',(0.559242212924,3.251,4.910593961019));
#10602 = CARTESIAN_POINT('',(0.559242212924,3.25,4.910593961019));
#10603 = ORIENTED_EDGE('',*,*,#9946,.F.);
#10604 = B_SPLINE_SURFACE_WITH_KNOTS('',3,1,(
    (#10605,#10606)
    ,(#10607,#10608)
    ,(#10609,#10610)
    ,(#10611,#10612
    )),.UNSPECIFIED.,.F.,.F.,.F.,(4,4),(2,2),(21.,22.),(0.,1.),
  .PIECEWISE_BEZIER_KNOTS.);
#10605 = CARTESIAN_POINT('',(0.822411877968,3.251,5.145566876237));
#10606 = CARTESIAN_POINT('',(0.822411877968,3.25,5.145566876237));
#10607 = CARTESIAN_POINT('',(0.687067464461,3.251,5.145566876237));
#10608 = CARTESIAN_POINT('',(0.687067464461,3.25,5.145566876237));
#10609 = CARTESIAN_POINT('',(0.574280465157,3.251,5.04217879354));
#10610 = CARTESIAN_POINT('',(0.574280465157,3.25,5.04217879354));
#10611 = CARTESIAN_POINT('',(0.559242212924,3.251,4.910593961019));
#10612 = CARTESIAN_POINT('',(0.559242212924,3.25,4.910593961019));
#10613 = ADVANCED_FACE('',(#10614),#10624,.F.);
#10614 = FACE_BOUND('',#10615,.T.);
#10615 = EDGE_LOOP('',(#10616,#10617,#10622,#10623));
#10616 = ORIENTED_EDGE('',*,*,#9937,.T.);
#10617 = ORIENTED_EDGE('',*,*,#10618,.F.);
#10618 = EDGE_CURVE('',#9733,#9929,#10619,.T.);
#10619 = B_SPLINE_CURVE_WITH_KNOTS('',1,(#10620,#10621),.UNSPECIFIED.,
  .F.,.F.,(2,2),(-0.,9.999999999999E-04),.PIECEWISE_BEZIER_KNOTS.);
#10620 = CARTESIAN_POINT('',(0.544203960692,3.251,4.910593961019));
#10621 = CARTESIAN_POINT('',(0.544203960692,3.25,4.910593961019));
#10622 = ORIENTED_EDGE('',*,*,#9732,.F.);
#10623 = ORIENTED_EDGE('',*,*,#10599,.T.);
#10624 = B_SPLINE_SURFACE_WITH_KNOTS('',1,1,(
    (#10625,#10626)
    ,(#10627,#10628
    )),.UNSPECIFIED.,.F.,.F.,.F.,(2,2),(2,2),(-1.50382522326E-02,0.),(
    -9.999999999999E-04,0.),.PIECEWISE_BEZIER_KNOTS.);
#10625 = CARTESIAN_POINT('',(0.544203960692,3.25,4.910593961019));
#10626 = CARTESIAN_POINT('',(0.544203960692,3.251,4.910593961019));
#10627 = CARTESIAN_POINT('',(0.559242212924,3.25,4.910593961019));
#10628 = CARTESIAN_POINT('',(0.559242212924,3.251,4.910593961019));
#10629 = ADVANCED_FACE('',(#10630),#10640,.F.);
#10630 = FACE_BOUND('',#10631,.F.);
#10631 = EDGE_LOOP('',(#10632,#10633,#10634,#10639));
#10632 = ORIENTED_EDGE('',*,*,#10618,.F.);
#10633 = ORIENTED_EDGE('',*,*,#9741,.T.);
#10634 = ORIENTED_EDGE('',*,*,#10635,.T.);
#10635 = EDGE_CURVE('',#9742,#9920,#10636,.T.);
#10636 = B_SPLINE_CURVE_WITH_KNOTS('',1,(#10637,#10638),.UNSPECIFIED.,
  .F.,.F.,(2,2),(-0.,9.999999999999E-04),.PIECEWISE_BEZIER_KNOTS.);
#10637 = CARTESIAN_POINT('',(0.397580875937,3.251,4.763970876264));
#10638 = CARTESIAN_POINT('',(0.397580875937,3.25,4.763970876264));
#10639 = ORIENTED_EDGE('',*,*,#9928,.F.);
#10640 = B_SPLINE_SURFACE_WITH_KNOTS('',3,1,(
    (#10641,#10642)
    ,(#10643,#10644)
    ,(#10645,#10646)
    ,(#10647,#10648
    )),.UNSPECIFIED.,.F.,.F.,.F.,(4,4),(2,2),(23.,24.),(0.,1.),
  .PIECEWISE_BEZIER_KNOTS.);
#10641 = CARTESIAN_POINT('',(0.544203960692,3.251,4.910593961019));
#10642 = CARTESIAN_POINT('',(0.544203960692,3.25,4.910593961019));
#10643 = CARTESIAN_POINT('',(0.463373292198,3.251,4.910593961019));
#10644 = CARTESIAN_POINT('',(0.463373292198,3.25,4.910593961019));
#10645 = CARTESIAN_POINT('',(0.397580875937,3.251,4.844801544758));
#10646 = CARTESIAN_POINT('',(0.397580875937,3.25,4.844801544758));
#10647 = CARTESIAN_POINT('',(0.397580875937,3.251,4.763970876264));
#10648 = CARTESIAN_POINT('',(0.397580875937,3.25,4.763970876264));
#10649 = ADVANCED_FACE('',(#10650),#10660,.F.);
#10650 = FACE_BOUND('',#10651,.F.);
#10651 = EDGE_LOOP('',(#10652,#10653,#10654,#10659));
#10652 = ORIENTED_EDGE('',*,*,#10635,.F.);
#10653 = ORIENTED_EDGE('',*,*,#9750,.T.);
#10654 = ORIENTED_EDGE('',*,*,#10655,.T.);
#10655 = EDGE_CURVE('',#9751,#9913,#10656,.T.);
#10656 = B_SPLINE_CURVE_WITH_KNOTS('',1,(#10657,#10658),.UNSPECIFIED.,
  .F.,.F.,(2,2),(-0.,9.999999999999E-04),.PIECEWISE_BEZIER_KNOTS.);
#10657 = CARTESIAN_POINT('',(0.532925289444,3.251,4.61734779151));
#10658 = CARTESIAN_POINT('',(0.532925289444,3.25,4.61734779151));
#10659 = ORIENTED_EDGE('',*,*,#9919,.F.);
#10660 = B_SPLINE_SURFACE_WITH_KNOTS('',3,1,(
    (#10661,#10662)
    ,(#10663,#10664)
    ,(#10665,#10666)
    ,(#10667,#10668
    )),.UNSPECIFIED.,.F.,.F.,.F.,(4,4),(2,2),(24.,25.),(0.,1.),
  .PIECEWISE_BEZIER_KNOTS.);
#10661 = CARTESIAN_POINT('',(0.397580875937,3.251,4.763970876264));
#10662 = CARTESIAN_POINT('',(0.397580875937,3.25,4.763970876264));
#10663 = CARTESIAN_POINT('',(0.397580875937,3.251,4.686899752901));
#10664 = CARTESIAN_POINT('',(0.397580875937,3.25,4.686899752901));
#10665 = CARTESIAN_POINT('',(0.455854130229,3.251,4.622987127134));
#10666 = CARTESIAN_POINT('',(0.455854130229,3.25,4.622987127134));
#10667 = CARTESIAN_POINT('',(0.532925289444,3.251,4.61734779151));
#10668 = CARTESIAN_POINT('',(0.532925289444,3.25,4.61734779151));
#10669 = ADVANCED_FACE('',(#10670),#10680,.F.);
#10670 = FACE_BOUND('',#10671,.T.);
#10671 = EDGE_LOOP('',(#10672,#10673,#10678,#10679));
#10672 = ORIENTED_EDGE('',*,*,#9912,.T.);
#10673 = ORIENTED_EDGE('',*,*,#10674,.F.);
#10674 = EDGE_CURVE('',#9760,#9904,#10675,.T.);
#10675 = B_SPLINE_CURVE_WITH_KNOTS('',1,(#10676,#10677),.UNSPECIFIED.,
  .F.,.F.,(2,2),(-0.,9.999999999999E-04),.PIECEWISE_BEZIER_KNOTS.);
#10676 = CARTESIAN_POINT('',(0.617515538923,3.251,4.61734779151));
#10677 = CARTESIAN_POINT('',(0.617515538923,3.25,4.61734779151));
#10678 = ORIENTED_EDGE('',*,*,#9759,.F.);
#10679 = ORIENTED_EDGE('',*,*,#10655,.T.);
#10680 = B_SPLINE_SURFACE_WITH_KNOTS('',1,1,(
    (#10681,#10682)
    ,(#10683,#10684
    )),.UNSPECIFIED.,.F.,.F.,.F.,(2,2),(2,2),(-8.459024947859E-02,0.),(
    -9.999999999999E-04,0.),.PIECEWISE_BEZIER_KNOTS.);
#10681 = CARTESIAN_POINT('',(0.617515538923,3.25,4.61734779151));
#10682 = CARTESIAN_POINT('',(0.617515538923,3.251,4.61734779151));
#10683 = CARTESIAN_POINT('',(0.532925289444,3.25,4.61734779151));
#10684 = CARTESIAN_POINT('',(0.532925289444,3.251,4.61734779151));
#10685 = ADVANCED_FACE('',(#10686),#10696,.F.);
#10686 = FACE_BOUND('',#10687,.F.);
#10687 = EDGE_LOOP('',(#10688,#10689,#10690,#10695));
#10688 = ORIENTED_EDGE('',*,*,#10674,.F.);
#10689 = ORIENTED_EDGE('',*,*,#9766,.T.);
#10690 = ORIENTED_EDGE('',*,*,#10691,.T.);
#10691 = EDGE_CURVE('',#9767,#9895,#10692,.T.);
#10692 = B_SPLINE_CURVE_WITH_KNOTS('',1,(#10693,#10694),.UNSPECIFIED.,
  .F.,.F.,(2,2),(-0.,9.999999999999E-04),.PIECEWISE_BEZIER_KNOTS.);
#10693 = CARTESIAN_POINT('',(0.62879421017,3.251,4.619227546148));
#10694 = CARTESIAN_POINT('',(0.62879421017,3.25,4.619227546148));
#10695 = ORIENTED_EDGE('',*,*,#9903,.F.);
#10696 = B_SPLINE_SURFACE_WITH_KNOTS('',3,1,(
    (#10697,#10698)
    ,(#10699,#10700)
    ,(#10701,#10702)
    ,(#10703,#10704
    )),.UNSPECIFIED.,.F.,.F.,.F.,(4,4),(2,2),(26.,27.),(0.,1.),
  .PIECEWISE_BEZIER_KNOTS.);
#10697 = CARTESIAN_POINT('',(0.617515538923,3.251,4.61734779151));
#10698 = CARTESIAN_POINT('',(0.617515538923,3.25,4.61734779151));
#10699 = CARTESIAN_POINT('',(0.621275119908,3.251,4.61734779151));
#10700 = CARTESIAN_POINT('',(0.621275119908,3.25,4.61734779151));
#10701 = CARTESIAN_POINT('',(0.625034700893,3.251,4.619227546148));
#10702 = CARTESIAN_POINT('',(0.625034700893,3.25,4.619227546148));
#10703 = CARTESIAN_POINT('',(0.62879421017,3.251,4.619227546148));
#10704 = CARTESIAN_POINT('',(0.62879421017,3.25,4.619227546148));
#10705 = ADVANCED_FACE('',(#10706),#10716,.F.);
#10706 = FACE_BOUND('',#10707,.F.);
#10707 = EDGE_LOOP('',(#10708,#10709,#10710,#10715));
#10708 = ORIENTED_EDGE('',*,*,#10691,.F.);
#10709 = ORIENTED_EDGE('',*,*,#9775,.T.);
#10710 = ORIENTED_EDGE('',*,*,#10711,.T.);
#10711 = EDGE_CURVE('',#9776,#9886,#10712,.T.);
#10712 = B_SPLINE_CURVE_WITH_KNOTS('',1,(#10713,#10714),.UNSPECIFIED.,
  .F.,.F.,(2,2),(-0.,9.999999999999E-04),.PIECEWISE_BEZIER_KNOTS.);
#10713 = CARTESIAN_POINT('',(0.687067464461,3.251,4.560954291858));
#10714 = CARTESIAN_POINT('',(0.687067464461,3.25,4.560954291858));
#10715 = ORIENTED_EDGE('',*,*,#9894,.F.);
#10716 = B_SPLINE_SURFACE_WITH_KNOTS('',3,1,(
    (#10717,#10718)
    ,(#10719,#10720)
    ,(#10721,#10722)
    ,(#10723,#10724
    )),.UNSPECIFIED.,.F.,.F.,.F.,(4,4),(2,2),(27.,28.),(0.,1.),
  .PIECEWISE_BEZIER_KNOTS.);
#10717 = CARTESIAN_POINT('',(0.62879421017,3.251,4.619227546148));
#10718 = CARTESIAN_POINT('',(0.62879421017,3.25,4.619227546148));
#10719 = CARTESIAN_POINT('',(0.660750540982,3.251,4.619227546148));
#10720 = CARTESIAN_POINT('',(0.660750540982,3.25,4.619227546148));
#10721 = CARTESIAN_POINT('',(0.687067464461,3.251,4.592910550961));
#10722 = CARTESIAN_POINT('',(0.687067464461,3.25,4.592910550961));
#10723 = CARTESIAN_POINT('',(0.687067464461,3.251,4.560954291858));
#10724 = CARTESIAN_POINT('',(0.687067464461,3.25,4.560954291858));
#10725 = ADVANCED_FACE('',(#10726),#10736,.F.);
#10726 = FACE_BOUND('',#10727,.F.);
#10727 = EDGE_LOOP('',(#10728,#10729,#10730,#10735));
#10728 = ORIENTED_EDGE('',*,*,#10711,.F.);
#10729 = ORIENTED_EDGE('',*,*,#9784,.T.);
#10730 = ORIENTED_EDGE('',*,*,#10731,.T.);
#10731 = EDGE_CURVE('',#9785,#9879,#10732,.T.);
#10732 = B_SPLINE_CURVE_WITH_KNOTS('',1,(#10733,#10734),.UNSPECIFIED.,
  .F.,.F.,(2,2),(-0.,9.999999999999E-04),.PIECEWISE_BEZIER_KNOTS.);
#10733 = CARTESIAN_POINT('',(0.632553719447,3.251,4.502681037565));
#10734 = CARTESIAN_POINT('',(0.632553719447,3.25,4.502681037565));
#10735 = ORIENTED_EDGE('',*,*,#9885,.F.);
#10736 = B_SPLINE_SURFACE_WITH_KNOTS('',3,1,(
    (#10737,#10738)
    ,(#10739,#10740)
    ,(#10741,#10742)
    ,(#10743,#10744
    )),.UNSPECIFIED.,.F.,.F.,.F.,(4,4),(2,2),(28.,29.),(0.,1.),
  .PIECEWISE_BEZIER_KNOTS.);
#10737 = CARTESIAN_POINT('',(0.687067464461,3.251,4.560954291858));
#10738 = CARTESIAN_POINT('',(0.687067464461,3.25,4.560954291858));
#10739 = CARTESIAN_POINT('',(0.687067464461,3.251,4.530877787392));
#10740 = CARTESIAN_POINT('',(0.687067464461,3.25,4.530877787392));
#10741 = CARTESIAN_POINT('',(0.662630295621,3.251,4.504560792204));
#10742 = CARTESIAN_POINT('',(0.662630295621,3.25,4.504560792204));
#10743 = CARTESIAN_POINT('',(0.632553719447,3.251,4.502681037565));
#10744 = CARTESIAN_POINT('',(0.632553719447,3.25,4.502681037565));
#10745 = ADVANCED_FACE('',(#10746),#10756,.F.);
#10746 = FACE_BOUND('',#10747,.T.);
#10747 = EDGE_LOOP('',(#10748,#10749,#10754,#10755));
#10748 = ORIENTED_EDGE('',*,*,#9878,.T.);
#10749 = ORIENTED_EDGE('',*,*,#10750,.F.);
#10750 = EDGE_CURVE('',#9794,#9870,#10751,.T.);
#10751 = B_SPLINE_CURVE_WITH_KNOTS('',1,(#10752,#10753),.UNSPECIFIED.,
  .F.,.F.,(2,2),(-0.,9.999999999999E-04),.PIECEWISE_BEZIER_KNOTS.);
#10752 = CARTESIAN_POINT('',(0.521646546489,3.251,4.502681037565));
#10753 = CARTESIAN_POINT('',(0.521646546489,3.25,4.502681037565));
#10754 = ORIENTED_EDGE('',*,*,#9793,.F.);
#10755 = ORIENTED_EDGE('',*,*,#10731,.T.);
#10756 = B_SPLINE_SURFACE_WITH_KNOTS('',1,1,(
    (#10757,#10758)
    ,(#10759,#10760
    )),.UNSPECIFIED.,.F.,.F.,.F.,(2,2),(2,2),(-5.639335624168E-03,
    0.105267837334),(-9.999999999999E-04,0.),.PIECEWISE_BEZIER_KNOTS.);
#10757 = CARTESIAN_POINT('',(0.521646546489,3.25,4.502681037565));
#10758 = CARTESIAN_POINT('',(0.521646546489,3.251,4.502681037565));
#10759 = CARTESIAN_POINT('',(0.632553719447,3.25,4.502681037565));
#10760 = CARTESIAN_POINT('',(0.632553719447,3.251,4.502681037565));
#10761 = ADVANCED_FACE('',(#10762),#10772,.F.);
#10762 = FACE_BOUND('',#10763,.F.);
#10763 = EDGE_LOOP('',(#10764,#10765,#10766,#10771));
#10764 = ORIENTED_EDGE('',*,*,#10750,.F.);
#10765 = ORIENTED_EDGE('',*,*,#9800,.T.);
#10766 = ORIENTED_EDGE('',*,*,#10767,.T.);
#10767 = EDGE_CURVE('',#9801,#9861,#10768,.T.);
#10768 = B_SPLINE_CURVE_WITH_KNOTS('',1,(#10769,#10770),.UNSPECIFIED.,
  .F.,.F.,(2,2),(-0.,9.999999999999E-04),.PIECEWISE_BEZIER_KNOTS.);
#10769 = CARTESIAN_POINT('',(0.350586292894,3.251,4.587271287045));
#10770 = CARTESIAN_POINT('',(0.350586292894,3.25,4.587271287045));
#10771 = ORIENTED_EDGE('',*,*,#9869,.F.);
#10772 = B_SPLINE_SURFACE_WITH_KNOTS('',3,1,(
    (#10773,#10774)
    ,(#10775,#10776)
    ,(#10777,#10778)
    ,(#10779,#10780
    )),.UNSPECIFIED.,.F.,.F.,.F.,(4,4),(2,2),(33.,34.),(0.,1.),
  .PIECEWISE_BEZIER_KNOTS.);
#10773 = CARTESIAN_POINT('',(0.521646546489,3.251,4.502681037565));
#10774 = CARTESIAN_POINT('',(0.521646546489,3.25,4.502681037565));
#10775 = CARTESIAN_POINT('',(0.455854130229,3.251,4.50832037319));
#10776 = CARTESIAN_POINT('',(0.455854130229,3.25,4.50832037319));
#10777 = CARTESIAN_POINT('',(0.39570104959,3.251,4.538396949363));
#10778 = CARTESIAN_POINT('',(0.39570104959,3.25,4.538396949363));
#10779 = CARTESIAN_POINT('',(0.350586292894,3.251,4.587271287045));
#10780 = CARTESIAN_POINT('',(0.350586292894,3.25,4.587271287045));
#10781 = ADVANCED_FACE('',(#10782),#10788,.F.);
#10782 = FACE_BOUND('',#10783,.F.);
#10783 = EDGE_LOOP('',(#10784,#10785,#10786,#10787));
#10784 = ORIENTED_EDGE('',*,*,#10767,.F.);
#10785 = ORIENTED_EDGE('',*,*,#9809,.T.);
#10786 = ORIENTED_EDGE('',*,*,#10169,.T.);
#10787 = ORIENTED_EDGE('',*,*,#9860,.F.);
#10788 = B_SPLINE_SURFACE_WITH_KNOTS('',3,1,(
    (#10789,#10790)
    ,(#10791,#10792)
    ,(#10793,#10794)
    ,(#10795,#10796
    )),.UNSPECIFIED.,.F.,.F.,.F.,(4,4),(2,2),(34.,35.),(0.,1.),
  .PIECEWISE_BEZIER_KNOTS.);
#10789 = CARTESIAN_POINT('',(0.350586292894,3.251,4.587271287045));
#10790 = CARTESIAN_POINT('',(0.350586292894,3.25,4.587271287045));
#10791 = CARTESIAN_POINT('',(0.305471464489,3.251,4.636145624727));
#10792 = CARTESIAN_POINT('',(0.305471464489,3.25,4.636145624727));
#10793 = CARTESIAN_POINT('',(0.281034295647,3.251,4.70005828635));
#10794 = CARTESIAN_POINT('',(0.281034295647,3.25,4.70005828635));
#10795 = CARTESIAN_POINT('',(0.281034295647,3.251,4.76585070261));
#10796 = CARTESIAN_POINT('',(0.281034295647,3.25,4.76585070261));
#10797 = ADVANCED_FACE('',(#10798),#10812,.T.);
#10798 = FACE_BOUND('',#10799,.T.);
#10799 = EDGE_LOOP('',(#10800,#10801,#10806,#10807));
#10800 = ORIENTED_EDGE('',*,*,#10151,.F.);
#10801 = ORIENTED_EDGE('',*,*,#10802,.F.);
#10802 = EDGE_CURVE('',#9819,#10141,#10803,.T.);
#10803 = B_SPLINE_CURVE_WITH_KNOTS('',1,(#10804,#10805),.UNSPECIFIED.,
  .F.,.F.,(2,2),(-0.,9.999999999999E-04),.PIECEWISE_BEZIER_KNOTS.);
#10804 = CARTESIAN_POINT('',(1.074302835912,3.251,4.491402222903));
#10805 = CARTESIAN_POINT('',(1.074302835912,3.25,4.491402222903));
#10806 = ORIENTED_EDGE('',*,*,#9818,.T.);
#10807 = ORIENTED_EDGE('',*,*,#10808,.T.);
#10808 = EDGE_CURVE('',#9821,#10139,#10809,.T.);
#10809 = B_SPLINE_CURVE_WITH_KNOTS('',1,(#10810,#10811),.UNSPECIFIED.,
  .F.,.F.,(2,2),(-0.,9.999999999999E-04),.PIECEWISE_BEZIER_KNOTS.);
#10810 = CARTESIAN_POINT('',(1.074302835912,3.251,4.638025379365));
#10811 = CARTESIAN_POINT('',(1.074302835912,3.25,4.638025379365));
#10812 = B_SPLINE_SURFACE_WITH_KNOTS('',3,1,(
    (#10813,#10814)
    ,(#10815,#10816)
    ,(#10817,#10818)
    ,(#10819,#10820)
    ,(#10821,#10822)
    ,(#10823,#10824)
    ,(#10825,#10826
  )),.UNSPECIFIED.,.F.,.F.,.F.,(4,3,4),(2,2),(0.,1.,2.),(0.,1.),
  .PIECEWISE_BEZIER_KNOTS.);
#10813 = CARTESIAN_POINT('',(1.074302835912,3.251,4.491402222903));
#10814 = CARTESIAN_POINT('',(1.074302835912,3.25,4.491402222903));
#10815 = CARTESIAN_POINT('',(1.032947624346,3.251,4.491402222903));
#10816 = CARTESIAN_POINT('',(1.032947624346,3.25,4.491402222903));
#10817 = CARTESIAN_POINT('',(1.000991293535,3.251,4.52523838006));
#10818 = CARTESIAN_POINT('',(1.000991293535,3.25,4.52523838006));
#10819 = CARTESIAN_POINT('',(1.000991293535,3.251,4.564713801134));
#10820 = CARTESIAN_POINT('',(1.000991293535,3.25,4.564713801134));
#10821 = CARTESIAN_POINT('',(1.000991293535,3.251,4.606069048554));
#10822 = CARTESIAN_POINT('',(1.000991293535,3.25,4.606069048554));
#10823 = CARTESIAN_POINT('',(1.034827378984,3.251,4.638025379365));
#10824 = CARTESIAN_POINT('',(1.034827378984,3.25,4.638025379365));
#10825 = CARTESIAN_POINT('',(1.074302835912,3.251,4.638025379365));
#10826 = CARTESIAN_POINT('',(1.074302835912,3.25,4.638025379365));
#10827 = ADVANCED_FACE('',(#10828),#10834,.T.);
#10828 = FACE_BOUND('',#10829,.T.);
#10829 = EDGE_LOOP('',(#10830,#10831,#10832,#10833));
#10830 = ORIENTED_EDGE('',*,*,#10138,.F.);
#10831 = ORIENTED_EDGE('',*,*,#10808,.F.);
#10832 = ORIENTED_EDGE('',*,*,#9832,.T.);
#10833 = ORIENTED_EDGE('',*,*,#10802,.T.);
#10834 = B_SPLINE_SURFACE_WITH_KNOTS('',3,1,(
    (#10835,#10836)
    ,(#10837,#10838)
    ,(#10839,#10840)
    ,(#10841,#10842)
    ,(#10843,#10844)
    ,(#10845,#10846
  )),.UNSPECIFIED.,.F.,.F.,.F.,(4,2,4),(2,2),(2.,3.,4.),(0.,1.),
  .UNSPECIFIED.);
#10835 = CARTESIAN_POINT('',(1.074302835912,3.251,4.638025379365));
#10836 = CARTESIAN_POINT('',(1.074302835912,3.25,4.638025379365));
#10837 = CARTESIAN_POINT('',(1.113778292839,3.251,4.638025379365));
#10838 = CARTESIAN_POINT('',(1.113778292839,3.25,4.638025379365));
#10839 = CARTESIAN_POINT('',(1.147614378289,3.251,4.606069048554));
#10840 = CARTESIAN_POINT('',(1.147614378289,3.25,4.606069048554));
#10841 = CARTESIAN_POINT('',(1.147614378289,3.251,4.523358553714));
#10842 = CARTESIAN_POINT('',(1.147614378289,3.25,4.523358553714));
#10843 = CARTESIAN_POINT('',(1.113778292839,3.251,4.491402222903));
#10844 = CARTESIAN_POINT('',(1.113778292839,3.25,4.491402222903));
#10845 = CARTESIAN_POINT('',(1.074302835912,3.251,4.491402222903));
#10846 = CARTESIAN_POINT('',(1.074302835912,3.25,4.491402222903));
#10847 = ( GEOMETRIC_REPRESENTATION_CONTEXT(3) 
GLOBAL_UNCERTAINTY_ASSIGNED_CONTEXT((#10851)) 
GLOBAL_UNIT_ASSIGNED_CONTEXT((#10848,#10849,#10850)) 
REPRESENTATION_CONTEXT('Context #1',
  '3D Context with UNIT and UNCERTAINTY') );
#10848 = ( LENGTH_UNIT() NAMED_UNIT(*) SI_UNIT(.MILLI.,.METRE.) );
#10849 = ( NAMED_UNIT(*) PLANE_ANGLE_UNIT() SI_UNIT($,.RADIAN.) );
#10850 = ( NAMED_UNIT(*) SI_UNIT($,.STERADIAN.) SOLID_ANGLE_UNIT() );
#10851 = UNCERTAINTY_MEASURE_WITH_UNIT(LENGTH_MEASURE(2.E-03),#10848,
  'distance_accuracy_value','confusion accuracy');
#10852 = PRODUCT_RELATED_PRODUCT_CATEGORY('part',$,(#7));
#10853 = MECHANICAL_DESIGN_GEOMETRIC_PRESENTATION_REPRESENTATION('',(
    #10854,#10862,#10870,#10877,#10884,#10891,#10898,#10905,#10912,
    #10919,#10926,#10933,#10940,#10947,#10954,#10961,#10968,#10975,
    #10982,#10989,#10996,#11003,#11010,#11017,#11024,#11031,#11038,
    #11045,#11052,#11059,#11066,#11073,#11080,#11087,#11094,#11101,
    #11108,#11115,#11122,#11129,#11136,#11143,#11150,#11157,#11164,
    #11171,#11178,#11185,#11192,#11199,#11206,#11213,#11221,#11228,
    #11235,#11242,#11249,#11256,#11263,#11270,#11277,#11284,#11291,
    #11298,#11305,#11312,#11319,#11326,#11333,#11340,#11347,#11354,
    #11361,#11368,#11375,#11382,#11389,#11396,#11403,#11410,#11417,
    #11424,#11431,#11438,#11445,#11452,#11459,#11466,#11474,#11481,
    #11488,#11495,#11502,#11509,#11516,#11523,#11530,#11537,#11544,
    #11551,#11558,#11565,#11572,#11579,#11586,#11593,#11600,#11607,
    #11614,#11621,#11628,#11635,#11642,#11649,#11656,#11663,#11670,
    #11677,#11684,#11691,#11698,#11705,#11712,#11719,#11726,#11733,
    #11740,#11747,#11754,#11761,#11768,#11775,#11782,#11789,#11796,
    #11803,#11810,#11817,#11824,#11831,#11838,#11845,#11852,#11859,
    #11866,#11873,#11880,#11887,#11894,#11901,#11908,#11915,#11922,
    #11929,#11936,#11943,#11950,#11957,#11964,#11971,#11978,#11985,
    #11992,#11999,#12006,#12013,#12020,#12027,#12034,#12041,#12048,
    #12055,#12062,#12069,#12076,#12083,#12090,#12097,#12104,#12111,
    #12118,#12125,#12132,#12139,#12146,#12153,#12160,#12167,#12174,
    #12181,#12188,#12195,#12202,#12209,#12216,#12223,#12230,#12237,
    #12244,#12251,#12258,#12265,#12272,#12279,#12286,#12293,#12300,
    #12307,#12314,#12321,#12328,#12335,#12342,#12349,#12356,#12363,
    #12370,#12377,#12384,#12391,#12398,#12405,#12412,#12419,#12426,
    #12433,#12440,#12447,#12454,#12461,#12468,#12475,#12482,#12489,
    #12496,#12503,#12510,#12517,#12524,#12531,#12538,#12545,#12552,
    #12559,#12566,#12573,#12580,#12587,#12594,#12601,#12608,#12615,
    #12622,#12629,#12636,#12643,#12650,#12657,#12664,#12671,#12678,
    #12685,#12692,#12699,#12706,#12713,#12720,#12727,#12734,#12741,
    #12748,#12755,#12762,#12769,#12776,#12783,#12790,#12797,#12804,
    #12811,#12818,#12825,#12832,#12839,#12846,#12853,#12860,#12867,
    #12874,#12881,#12888,#12895,#12902,#12909,#12916,#12923,#12930,
    #12937,#12944,#12951,#12958,#12965,#12972,#12979,#12986,#12993,
    #13000,#13007,#13014,#13021,#13028,#13035,#13042,#13049,#13056,
    #13063,#13070,#13077,#13084,#13091,#13098,#13105,#13112,#13119,
    #13126,#13133,#13140,#13147,#13154,#13161),#10847);
#10854 = STYLED_ITEM('color',(#10855),#15);
#10855 = PRESENTATION_STYLE_ASSIGNMENT((#10856));
#10856 = SURFACE_STYLE_USAGE(.BOTH.,#10857);
#10857 = SURFACE_SIDE_STYLE('',(#10858));
#10858 = SURFACE_STYLE_FILL_AREA(#10859);
#10859 = FILL_AREA_STYLE('',(#10860));
#10860 = FILL_AREA_STYLE_COLOUR('',#10861);
#10861 = COLOUR_RGB('',0.792156867455,0.819607826924,0.933333342953);
#10862 = OVER_RIDING_STYLED_ITEM('overriding color',(#10863),#17,#10854
  );
#10863 = PRESENTATION_STYLE_ASSIGNMENT((#10864));
#10864 = SURFACE_STYLE_USAGE(.BOTH.,#10865);
#10865 = SURFACE_SIDE_STYLE('',(#10866));
#10866 = SURFACE_STYLE_FILL_AREA(#10867);
#10867 = FILL_AREA_STYLE('',(#10868));
#10868 = FILL_AREA_STYLE_COLOUR('',#10869);
#10869 = COLOUR_RGB('',0.647058827698,0.517647065977,0.);
#10870 = OVER_RIDING_STYLED_ITEM('overriding color',(#10871),#53,#10854
  );
#10871 = PRESENTATION_STYLE_ASSIGNMENT((#10872));
#10872 = SURFACE_STYLE_USAGE(.BOTH.,#10873);
#10873 = SURFACE_SIDE_STYLE('',(#10874));
#10874 = SURFACE_STYLE_FILL_AREA(#10875);
#10875 = FILL_AREA_STYLE('',(#10876));
#10876 = FILL_AREA_STYLE_COLOUR('',#10869);
#10877 = OVER_RIDING_STYLED_ITEM('overriding color',(#10878),#81,#10854
  );
#10878 = PRESENTATION_STYLE_ASSIGNMENT((#10879));
#10879 = SURFACE_STYLE_USAGE(.BOTH.,#10880);
#10880 = SURFACE_SIDE_STYLE('',(#10881));
#10881 = SURFACE_STYLE_FILL_AREA(#10882);
#10882 = FILL_AREA_STYLE('',(#10883));
#10883 = FILL_AREA_STYLE_COLOUR('',#10869);
#10884 = OVER_RIDING_STYLED_ITEM('overriding color',(#10885),#109,#10854
  );
#10885 = PRESENTATION_STYLE_ASSIGNMENT((#10886));
#10886 = SURFACE_STYLE_USAGE(.BOTH.,#10887);
#10887 = SURFACE_SIDE_STYLE('',(#10888));
#10888 = SURFACE_STYLE_FILL_AREA(#10889);
#10889 = FILL_AREA_STYLE('',(#10890));
#10890 = FILL_AREA_STYLE_COLOUR('',#10869);
#10891 = OVER_RIDING_STYLED_ITEM('overriding color',(#10892),#129,#10854
  );
#10892 = PRESENTATION_STYLE_ASSIGNMENT((#10893));
#10893 = SURFACE_STYLE_USAGE(.BOTH.,#10894);
#10894 = SURFACE_SIDE_STYLE('',(#10895));
#10895 = SURFACE_STYLE_FILL_AREA(#10896);
#10896 = FILL_AREA_STYLE('',(#10897));
#10897 = FILL_AREA_STYLE_COLOUR('',#10869);
#10898 = OVER_RIDING_STYLED_ITEM('overriding color',(#10899),#141,#10854
  );
#10899 = PRESENTATION_STYLE_ASSIGNMENT((#10900));
#10900 = SURFACE_STYLE_USAGE(.BOTH.,#10901);
#10901 = SURFACE_SIDE_STYLE('',(#10902));
#10902 = SURFACE_STYLE_FILL_AREA(#10903);
#10903 = FILL_AREA_STYLE('',(#10904));
#10904 = FILL_AREA_STYLE_COLOUR('',#10869);
#10905 = STYLED_ITEM('color',(#10906),#153);
#10906 = PRESENTATION_STYLE_ASSIGNMENT((#10907));
#10907 = SURFACE_STYLE_USAGE(.BOTH.,#10908);
#10908 = SURFACE_SIDE_STYLE('',(#10909));
#10909 = SURFACE_STYLE_FILL_AREA(#10910);
#10910 = FILL_AREA_STYLE('',(#10911));
#10911 = FILL_AREA_STYLE_COLOUR('',#10861);
#10912 = OVER_RIDING_STYLED_ITEM('overriding color',(#10913),#155,#10905
  );
#10913 = PRESENTATION_STYLE_ASSIGNMENT((#10914));
#10914 = SURFACE_STYLE_USAGE(.BOTH.,#10915);
#10915 = SURFACE_SIDE_STYLE('',(#10916));
#10916 = SURFACE_STYLE_FILL_AREA(#10917);
#10917 = FILL_AREA_STYLE('',(#10918));
#10918 = FILL_AREA_STYLE_COLOUR('',#10869);
#10919 = OVER_RIDING_STYLED_ITEM('overriding color',(#10920),#203,#10905
  );
#10920 = PRESENTATION_STYLE_ASSIGNMENT((#10921));
#10921 = SURFACE_STYLE_USAGE(.BOTH.,#10922);
#10922 = SURFACE_SIDE_STYLE('',(#10923));
#10923 = SURFACE_STYLE_FILL_AREA(#10924);
#10924 = FILL_AREA_STYLE('',(#10925));
#10925 = FILL_AREA_STYLE_COLOUR('',#10869);
#10926 = OVER_RIDING_STYLED_ITEM('overriding color',(#10927),#235,#10905
  );
#10927 = PRESENTATION_STYLE_ASSIGNMENT((#10928));
#10928 = SURFACE_STYLE_USAGE(.BOTH.,#10929);
#10929 = SURFACE_SIDE_STYLE('',(#10930));
#10930 = SURFACE_STYLE_FILL_AREA(#10931);
#10931 = FILL_AREA_STYLE('',(#10932));
#10932 = FILL_AREA_STYLE_COLOUR('',#10869);
#10933 = OVER_RIDING_STYLED_ITEM('overriding color',(#10934),#245,#10905
  );
#10934 = PRESENTATION_STYLE_ASSIGNMENT((#10935));
#10935 = SURFACE_STYLE_USAGE(.BOTH.,#10936);
#10936 = SURFACE_SIDE_STYLE('',(#10937));
#10937 = SURFACE_STYLE_FILL_AREA(#10938);
#10938 = FILL_AREA_STYLE('',(#10939));
#10939 = FILL_AREA_STYLE_COLOUR('',#10869);
#10940 = STYLED_ITEM('color',(#10941),#255);
#10941 = PRESENTATION_STYLE_ASSIGNMENT((#10942));
#10942 = SURFACE_STYLE_USAGE(.BOTH.,#10943);
#10943 = SURFACE_SIDE_STYLE('',(#10944));
#10944 = SURFACE_STYLE_FILL_AREA(#10945);
#10945 = FILL_AREA_STYLE('',(#10946));
#10946 = FILL_AREA_STYLE_COLOUR('',#10861);
#10947 = OVER_RIDING_STYLED_ITEM('overriding color',(#10948),#257,#10940
  );
#10948 = PRESENTATION_STYLE_ASSIGNMENT((#10949));
#10949 = SURFACE_STYLE_USAGE(.BOTH.,#10950);
#10950 = SURFACE_SIDE_STYLE('',(#10951));
#10951 = SURFACE_STYLE_FILL_AREA(#10952);
#10952 = FILL_AREA_STYLE('',(#10953));
#10953 = FILL_AREA_STYLE_COLOUR('',#10869);
#10954 = OVER_RIDING_STYLED_ITEM('overriding color',(#10955),#293,#10940
  );
#10955 = PRESENTATION_STYLE_ASSIGNMENT((#10956));
#10956 = SURFACE_STYLE_USAGE(.BOTH.,#10957);
#10957 = SURFACE_SIDE_STYLE('',(#10958));
#10958 = SURFACE_STYLE_FILL_AREA(#10959);
#10959 = FILL_AREA_STYLE('',(#10960));
#10960 = FILL_AREA_STYLE_COLOUR('',#10869);
#10961 = OVER_RIDING_STYLED_ITEM('overriding color',(#10962),#321,#10940
  );
#10962 = PRESENTATION_STYLE_ASSIGNMENT((#10963));
#10963 = SURFACE_STYLE_USAGE(.BOTH.,#10964);
#10964 = SURFACE_SIDE_STYLE('',(#10965));
#10965 = SURFACE_STYLE_FILL_AREA(#10966);
#10966 = FILL_AREA_STYLE('',(#10967));
#10967 = FILL_AREA_STYLE_COLOUR('',#10869);
#10968 = OVER_RIDING_STYLED_ITEM('overriding color',(#10969),#349,#10940
  );
#10969 = PRESENTATION_STYLE_ASSIGNMENT((#10970));
#10970 = SURFACE_STYLE_USAGE(.BOTH.,#10971);
#10971 = SURFACE_SIDE_STYLE('',(#10972));
#10972 = SURFACE_STYLE_FILL_AREA(#10973);
#10973 = FILL_AREA_STYLE('',(#10974));
#10974 = FILL_AREA_STYLE_COLOUR('',#10869);
#10975 = OVER_RIDING_STYLED_ITEM('overriding color',(#10976),#369,#10940
  );
#10976 = PRESENTATION_STYLE_ASSIGNMENT((#10977));
#10977 = SURFACE_STYLE_USAGE(.BOTH.,#10978);
#10978 = SURFACE_SIDE_STYLE('',(#10979));
#10979 = SURFACE_STYLE_FILL_AREA(#10980);
#10980 = FILL_AREA_STYLE('',(#10981));
#10981 = FILL_AREA_STYLE_COLOUR('',#10869);
#10982 = OVER_RIDING_STYLED_ITEM('overriding color',(#10983),#381,#10940
  );
#10983 = PRESENTATION_STYLE_ASSIGNMENT((#10984));
#10984 = SURFACE_STYLE_USAGE(.BOTH.,#10985);
#10985 = SURFACE_SIDE_STYLE('',(#10986));
#10986 = SURFACE_STYLE_FILL_AREA(#10987);
#10987 = FILL_AREA_STYLE('',(#10988));
#10988 = FILL_AREA_STYLE_COLOUR('',#10869);
#10989 = STYLED_ITEM('color',(#10990),#393);
#10990 = PRESENTATION_STYLE_ASSIGNMENT((#10991));
#10991 = SURFACE_STYLE_USAGE(.BOTH.,#10992);
#10992 = SURFACE_SIDE_STYLE('',(#10993));
#10993 = SURFACE_STYLE_FILL_AREA(#10994);
#10994 = FILL_AREA_STYLE('',(#10995));
#10995 = FILL_AREA_STYLE_COLOUR('',#10861);
#10996 = OVER_RIDING_STYLED_ITEM('overriding color',(#10997),#395,#10989
  );
#10997 = PRESENTATION_STYLE_ASSIGNMENT((#10998));
#10998 = SURFACE_STYLE_USAGE(.BOTH.,#10999);
#10999 = SURFACE_SIDE_STYLE('',(#11000));
#11000 = SURFACE_STYLE_FILL_AREA(#11001);
#11001 = FILL_AREA_STYLE('',(#11002));
#11002 = FILL_AREA_STYLE_COLOUR('',#10869);
#11003 = OVER_RIDING_STYLED_ITEM('overriding color',(#11004),#431,#10989
  );
#11004 = PRESENTATION_STYLE_ASSIGNMENT((#11005));
#11005 = SURFACE_STYLE_USAGE(.BOTH.,#11006);
#11006 = SURFACE_SIDE_STYLE('',(#11007));
#11007 = SURFACE_STYLE_FILL_AREA(#11008);
#11008 = FILL_AREA_STYLE('',(#11009));
#11009 = FILL_AREA_STYLE_COLOUR('',#10869);
#11010 = OVER_RIDING_STYLED_ITEM('overriding color',(#11011),#459,#10989
  );
#11011 = PRESENTATION_STYLE_ASSIGNMENT((#11012));
#11012 = SURFACE_STYLE_USAGE(.BOTH.,#11013);
#11013 = SURFACE_SIDE_STYLE('',(#11014));
#11014 = SURFACE_STYLE_FILL_AREA(#11015);
#11015 = FILL_AREA_STYLE('',(#11016));
#11016 = FILL_AREA_STYLE_COLOUR('',#10869);
#11017 = OVER_RIDING_STYLED_ITEM('overriding color',(#11018),#487,#10989
  );
#11018 = PRESENTATION_STYLE_ASSIGNMENT((#11019));
#11019 = SURFACE_STYLE_USAGE(.BOTH.,#11020);
#11020 = SURFACE_SIDE_STYLE('',(#11021));
#11021 = SURFACE_STYLE_FILL_AREA(#11022);
#11022 = FILL_AREA_STYLE('',(#11023));
#11023 = FILL_AREA_STYLE_COLOUR('',#10869);
#11024 = OVER_RIDING_STYLED_ITEM('overriding color',(#11025),#507,#10989
  );
#11025 = PRESENTATION_STYLE_ASSIGNMENT((#11026));
#11026 = SURFACE_STYLE_USAGE(.BOTH.,#11027);
#11027 = SURFACE_SIDE_STYLE('',(#11028));
#11028 = SURFACE_STYLE_FILL_AREA(#11029);
#11029 = FILL_AREA_STYLE('',(#11030));
#11030 = FILL_AREA_STYLE_COLOUR('',#10869);
#11031 = OVER_RIDING_STYLED_ITEM('overriding color',(#11032),#519,#10989
  );
#11032 = PRESENTATION_STYLE_ASSIGNMENT((#11033));
#11033 = SURFACE_STYLE_USAGE(.BOTH.,#11034);
#11034 = SURFACE_SIDE_STYLE('',(#11035));
#11035 = SURFACE_STYLE_FILL_AREA(#11036);
#11036 = FILL_AREA_STYLE('',(#11037));
#11037 = FILL_AREA_STYLE_COLOUR('',#10869);
#11038 = STYLED_ITEM('color',(#11039),#531);
#11039 = PRESENTATION_STYLE_ASSIGNMENT((#11040));
#11040 = SURFACE_STYLE_USAGE(.BOTH.,#11041);
#11041 = SURFACE_SIDE_STYLE('',(#11042));
#11042 = SURFACE_STYLE_FILL_AREA(#11043);
#11043 = FILL_AREA_STYLE('',(#11044));
#11044 = FILL_AREA_STYLE_COLOUR('',#10861);
#11045 = OVER_RIDING_STYLED_ITEM('overriding color',(#11046),#533,#11038
  );
#11046 = PRESENTATION_STYLE_ASSIGNMENT((#11047));
#11047 = SURFACE_STYLE_USAGE(.BOTH.,#11048);
#11048 = SURFACE_SIDE_STYLE('',(#11049));
#11049 = SURFACE_STYLE_FILL_AREA(#11050);
#11050 = FILL_AREA_STYLE('',(#11051));
#11051 = FILL_AREA_STYLE_COLOUR('',#10869);
#11052 = OVER_RIDING_STYLED_ITEM('overriding color',(#11053),#569,#11038
  );
#11053 = PRESENTATION_STYLE_ASSIGNMENT((#11054));
#11054 = SURFACE_STYLE_USAGE(.BOTH.,#11055);
#11055 = SURFACE_SIDE_STYLE('',(#11056));
#11056 = SURFACE_STYLE_FILL_AREA(#11057);
#11057 = FILL_AREA_STYLE('',(#11058));
#11058 = FILL_AREA_STYLE_COLOUR('',#10869);
#11059 = OVER_RIDING_STYLED_ITEM('overriding color',(#11060),#597,#11038
  );
#11060 = PRESENTATION_STYLE_ASSIGNMENT((#11061));
#11061 = SURFACE_STYLE_USAGE(.BOTH.,#11062);
#11062 = SURFACE_SIDE_STYLE('',(#11063));
#11063 = SURFACE_STYLE_FILL_AREA(#11064);
#11064 = FILL_AREA_STYLE('',(#11065));
#11065 = FILL_AREA_STYLE_COLOUR('',#10869);
#11066 = OVER_RIDING_STYLED_ITEM('overriding color',(#11067),#625,#11038
  );
#11067 = PRESENTATION_STYLE_ASSIGNMENT((#11068));
#11068 = SURFACE_STYLE_USAGE(.BOTH.,#11069);
#11069 = SURFACE_SIDE_STYLE('',(#11070));
#11070 = SURFACE_STYLE_FILL_AREA(#11071);
#11071 = FILL_AREA_STYLE('',(#11072));
#11072 = FILL_AREA_STYLE_COLOUR('',#10869);
#11073 = OVER_RIDING_STYLED_ITEM('overriding color',(#11074),#645,#11038
  );
#11074 = PRESENTATION_STYLE_ASSIGNMENT((#11075));
#11075 = SURFACE_STYLE_USAGE(.BOTH.,#11076);
#11076 = SURFACE_SIDE_STYLE('',(#11077));
#11077 = SURFACE_STYLE_FILL_AREA(#11078);
#11078 = FILL_AREA_STYLE('',(#11079));
#11079 = FILL_AREA_STYLE_COLOUR('',#10869);
#11080 = OVER_RIDING_STYLED_ITEM('overriding color',(#11081),#657,#11038
  );
#11081 = PRESENTATION_STYLE_ASSIGNMENT((#11082));
#11082 = SURFACE_STYLE_USAGE(.BOTH.,#11083);
#11083 = SURFACE_SIDE_STYLE('',(#11084));
#11084 = SURFACE_STYLE_FILL_AREA(#11085);
#11085 = FILL_AREA_STYLE('',(#11086));
#11086 = FILL_AREA_STYLE_COLOUR('',#10869);
#11087 = STYLED_ITEM('color',(#11088),#669);
#11088 = PRESENTATION_STYLE_ASSIGNMENT((#11089));
#11089 = SURFACE_STYLE_USAGE(.BOTH.,#11090);
#11090 = SURFACE_SIDE_STYLE('',(#11091));
#11091 = SURFACE_STYLE_FILL_AREA(#11092);
#11092 = FILL_AREA_STYLE('',(#11093));
#11093 = FILL_AREA_STYLE_COLOUR('',#10861);
#11094 = OVER_RIDING_STYLED_ITEM('overriding color',(#11095),#671,#11087
  );
#11095 = PRESENTATION_STYLE_ASSIGNMENT((#11096));
#11096 = SURFACE_STYLE_USAGE(.BOTH.,#11097);
#11097 = SURFACE_SIDE_STYLE('',(#11098));
#11098 = SURFACE_STYLE_FILL_AREA(#11099);
#11099 = FILL_AREA_STYLE('',(#11100));
#11100 = FILL_AREA_STYLE_COLOUR('',#10869);
#11101 = OVER_RIDING_STYLED_ITEM('overriding color',(#11102),#719,#11087
  );
#11102 = PRESENTATION_STYLE_ASSIGNMENT((#11103));
#11103 = SURFACE_STYLE_USAGE(.BOTH.,#11104);
#11104 = SURFACE_SIDE_STYLE('',(#11105));
#11105 = SURFACE_STYLE_FILL_AREA(#11106);
#11106 = FILL_AREA_STYLE('',(#11107));
#11107 = FILL_AREA_STYLE_COLOUR('',#10869);
#11108 = OVER_RIDING_STYLED_ITEM('overriding color',(#11109),#767,#11087
  );
#11109 = PRESENTATION_STYLE_ASSIGNMENT((#11110));
#11110 = SURFACE_STYLE_USAGE(.BOTH.,#11111);
#11111 = SURFACE_SIDE_STYLE('',(#11112));
#11112 = SURFACE_STYLE_FILL_AREA(#11113);
#11113 = FILL_AREA_STYLE('',(#11114));
#11114 = FILL_AREA_STYLE_COLOUR('',#10869);
#11115 = OVER_RIDING_STYLED_ITEM('overriding color',(#11116),#822,#11087
  );
#11116 = PRESENTATION_STYLE_ASSIGNMENT((#11117));
#11117 = SURFACE_STYLE_USAGE(.BOTH.,#11118);
#11118 = SURFACE_SIDE_STYLE('',(#11119));
#11119 = SURFACE_STYLE_FILL_AREA(#11120);
#11120 = FILL_AREA_STYLE('',(#11121));
#11121 = FILL_AREA_STYLE_COLOUR('',#10869);
#11122 = OVER_RIDING_STYLED_ITEM('overriding color',(#11123),#859,#11087
  );
#11123 = PRESENTATION_STYLE_ASSIGNMENT((#11124));
#11124 = SURFACE_STYLE_USAGE(.BOTH.,#11125);
#11125 = SURFACE_SIDE_STYLE('',(#11126));
#11126 = SURFACE_STYLE_FILL_AREA(#11127);
#11127 = FILL_AREA_STYLE('',(#11128));
#11128 = FILL_AREA_STYLE_COLOUR('',#10869);
#11129 = OVER_RIDING_STYLED_ITEM('overriding color',(#11130),#955,#11087
  );
#11130 = PRESENTATION_STYLE_ASSIGNMENT((#11131));
#11131 = SURFACE_STYLE_USAGE(.BOTH.,#11132);
#11132 = SURFACE_SIDE_STYLE('',(#11133));
#11133 = SURFACE_STYLE_FILL_AREA(#11134);
#11134 = FILL_AREA_STYLE('',(#11135));
#11135 = FILL_AREA_STYLE_COLOUR('',#10869);
#11136 = OVER_RIDING_STYLED_ITEM('overriding color',(#11137),#988,#11087
  );
#11137 = PRESENTATION_STYLE_ASSIGNMENT((#11138));
#11138 = SURFACE_STYLE_USAGE(.BOTH.,#11139);
#11139 = SURFACE_SIDE_STYLE('',(#11140));
#11140 = SURFACE_STYLE_FILL_AREA(#11141);
#11141 = FILL_AREA_STYLE('',(#11142));
#11142 = FILL_AREA_STYLE_COLOUR('',#10869);
#11143 = OVER_RIDING_STYLED_ITEM('overriding color',(#11144),#1040,
  #11087);
#11144 = PRESENTATION_STYLE_ASSIGNMENT((#11145));
#11145 = SURFACE_STYLE_USAGE(.BOTH.,#11146);
#11146 = SURFACE_SIDE_STYLE('',(#11147));
#11147 = SURFACE_STYLE_FILL_AREA(#11148);
#11148 = FILL_AREA_STYLE('',(#11149));
#11149 = FILL_AREA_STYLE_COLOUR('',#10869);
#11150 = OVER_RIDING_STYLED_ITEM('overriding color',(#11151),#1092,
  #11087);
#11151 = PRESENTATION_STYLE_ASSIGNMENT((#11152));
#11152 = SURFACE_STYLE_USAGE(.BOTH.,#11153);
#11153 = SURFACE_SIDE_STYLE('',(#11154));
#11154 = SURFACE_STYLE_FILL_AREA(#11155);
#11155 = FILL_AREA_STYLE('',(#11156));
#11156 = FILL_AREA_STYLE_COLOUR('',#10869);
#11157 = OVER_RIDING_STYLED_ITEM('overriding color',(#11158),#1144,
  #11087);
#11158 = PRESENTATION_STYLE_ASSIGNMENT((#11159));
#11159 = SURFACE_STYLE_USAGE(.BOTH.,#11160);
#11160 = SURFACE_SIDE_STYLE('',(#11161));
#11161 = SURFACE_STYLE_FILL_AREA(#11162);
#11162 = FILL_AREA_STYLE('',(#11163));
#11163 = FILL_AREA_STYLE_COLOUR('',#10869);
#11164 = OVER_RIDING_STYLED_ITEM('overriding color',(#11165),#1196,
  #11087);
#11165 = PRESENTATION_STYLE_ASSIGNMENT((#11166));
#11166 = SURFACE_STYLE_USAGE(.BOTH.,#11167);
#11167 = SURFACE_SIDE_STYLE('',(#11168));
#11168 = SURFACE_STYLE_FILL_AREA(#11169);
#11169 = FILL_AREA_STYLE('',(#11170));
#11170 = FILL_AREA_STYLE_COLOUR('',#10869);
#11171 = OVER_RIDING_STYLED_ITEM('overriding color',(#11172),#1248,
  #11087);
#11172 = PRESENTATION_STYLE_ASSIGNMENT((#11173));
#11173 = SURFACE_STYLE_USAGE(.BOTH.,#11174);
#11174 = SURFACE_SIDE_STYLE('',(#11175));
#11175 = SURFACE_STYLE_FILL_AREA(#11176);
#11176 = FILL_AREA_STYLE('',(#11177));
#11177 = FILL_AREA_STYLE_COLOUR('',#10869);
#11178 = OVER_RIDING_STYLED_ITEM('overriding color',(#11179),#1292,
  #11087);
#11179 = PRESENTATION_STYLE_ASSIGNMENT((#11180));
#11180 = SURFACE_STYLE_USAGE(.BOTH.,#11181);
#11181 = SURFACE_SIDE_STYLE('',(#11182));
#11182 = SURFACE_STYLE_FILL_AREA(#11183);
#11183 = FILL_AREA_STYLE('',(#11184));
#11184 = FILL_AREA_STYLE_COLOUR('',#10869);
#11185 = OVER_RIDING_STYLED_ITEM('overriding color',(#11186),#1328,
  #11087);
#11186 = PRESENTATION_STYLE_ASSIGNMENT((#11187));
#11187 = SURFACE_STYLE_USAGE(.BOTH.,#11188);
#11188 = SURFACE_SIDE_STYLE('',(#11189));
#11189 = SURFACE_STYLE_FILL_AREA(#11190);
#11190 = FILL_AREA_STYLE('',(#11191));
#11191 = FILL_AREA_STYLE_COLOUR('',#10869);
#11192 = OVER_RIDING_STYLED_ITEM('overriding color',(#11193),#1364,
  #11087);
#11193 = PRESENTATION_STYLE_ASSIGNMENT((#11194));
#11194 = SURFACE_STYLE_USAGE(.BOTH.,#11195);
#11195 = SURFACE_SIDE_STYLE('',(#11196));
#11196 = SURFACE_STYLE_FILL_AREA(#11197);
#11197 = FILL_AREA_STYLE('',(#11198));
#11198 = FILL_AREA_STYLE_COLOUR('',#10869);
#11199 = OVER_RIDING_STYLED_ITEM('overriding color',(#11200),#1400,
  #11087);
#11200 = PRESENTATION_STYLE_ASSIGNMENT((#11201));
#11201 = SURFACE_STYLE_USAGE(.BOTH.,#11202);
#11202 = SURFACE_SIDE_STYLE('',(#11203));
#11203 = SURFACE_STYLE_FILL_AREA(#11204);
#11204 = FILL_AREA_STYLE('',(#11205));
#11205 = FILL_AREA_STYLE_COLOUR('',#10869);
#11206 = OVER_RIDING_STYLED_ITEM('overriding color',(#11207),#1436,
  #11087);
#11207 = PRESENTATION_STYLE_ASSIGNMENT((#11208));
#11208 = SURFACE_STYLE_USAGE(.BOTH.,#11209);
#11209 = SURFACE_SIDE_STYLE('',(#11210));
#11210 = SURFACE_STYLE_FILL_AREA(#11211);
#11211 = FILL_AREA_STYLE('',(#11212));
#11212 = FILL_AREA_STYLE_COLOUR('',#10869);
#11213 = OVER_RIDING_STYLED_ITEM('overriding color',(#11214),#1480,
  #11087);
#11214 = PRESENTATION_STYLE_ASSIGNMENT((#11215));
#11215 = SURFACE_STYLE_USAGE(.BOTH.,#11216);
#11216 = SURFACE_SIDE_STYLE('',(#11217));
#11217 = SURFACE_STYLE_FILL_AREA(#11218);
#11218 = FILL_AREA_STYLE('',(#11219));
#11219 = FILL_AREA_STYLE_COLOUR('',#11220);
#11220 = DRAUGHTING_PRE_DEFINED_COLOUR('white');
#11221 = OVER_RIDING_STYLED_ITEM('overriding color',(#11222),#1540,
  #11087);
#11222 = PRESENTATION_STYLE_ASSIGNMENT((#11223));
#11223 = SURFACE_STYLE_USAGE(.BOTH.,#11224);
#11224 = SURFACE_SIDE_STYLE('',(#11225));
#11225 = SURFACE_STYLE_FILL_AREA(#11226);
#11226 = FILL_AREA_STYLE('',(#11227));
#11227 = FILL_AREA_STYLE_COLOUR('',#11220);
#11228 = OVER_RIDING_STYLED_ITEM('overriding color',(#11229),#1992,
  #11087);
#11229 = PRESENTATION_STYLE_ASSIGNMENT((#11230));
#11230 = SURFACE_STYLE_USAGE(.BOTH.,#11231);
#11231 = SURFACE_SIDE_STYLE('',(#11232));
#11232 = SURFACE_STYLE_FILL_AREA(#11233);
#11233 = FILL_AREA_STYLE('',(#11234));
#11234 = FILL_AREA_STYLE_COLOUR('',#11220);
#11235 = OVER_RIDING_STYLED_ITEM('overriding color',(#11236),#2069,
  #11087);
#11236 = PRESENTATION_STYLE_ASSIGNMENT((#11237));
#11237 = SURFACE_STYLE_USAGE(.BOTH.,#11238);
#11238 = SURFACE_SIDE_STYLE('',(#11239));
#11239 = SURFACE_STYLE_FILL_AREA(#11240);
#11240 = FILL_AREA_STYLE('',(#11241));
#11241 = FILL_AREA_STYLE_COLOUR('',#10869);
#11242 = OVER_RIDING_STYLED_ITEM('overriding color',(#11243),#2093,
  #11087);
#11243 = PRESENTATION_STYLE_ASSIGNMENT((#11244));
#11244 = SURFACE_STYLE_USAGE(.BOTH.,#11245);
#11245 = SURFACE_SIDE_STYLE('',(#11246));
#11246 = SURFACE_STYLE_FILL_AREA(#11247);
#11247 = FILL_AREA_STYLE('',(#11248));
#11248 = FILL_AREA_STYLE_COLOUR('',#10869);
#11249 = OVER_RIDING_STYLED_ITEM('overriding color',(#11250),#2113,
  #11087);
#11250 = PRESENTATION_STYLE_ASSIGNMENT((#11251));
#11251 = SURFACE_STYLE_USAGE(.BOTH.,#11252);
#11252 = SURFACE_SIDE_STYLE('',(#11253));
#11253 = SURFACE_STYLE_FILL_AREA(#11254);
#11254 = FILL_AREA_STYLE('',(#11255));
#11255 = FILL_AREA_STYLE_COLOUR('',#10869);
#11256 = OVER_RIDING_STYLED_ITEM('overriding color',(#11257),#2133,
  #11087);
#11257 = PRESENTATION_STYLE_ASSIGNMENT((#11258));
#11258 = SURFACE_STYLE_USAGE(.BOTH.,#11259);
#11259 = SURFACE_SIDE_STYLE('',(#11260));
#11260 = SURFACE_STYLE_FILL_AREA(#11261);
#11261 = FILL_AREA_STYLE('',(#11262));
#11262 = FILL_AREA_STYLE_COLOUR('',#10869);
#11263 = OVER_RIDING_STYLED_ITEM('overriding color',(#11264),#2151,
  #11087);
#11264 = PRESENTATION_STYLE_ASSIGNMENT((#11265));
#11265 = SURFACE_STYLE_USAGE(.BOTH.,#11266);
#11266 = SURFACE_SIDE_STYLE('',(#11267));
#11267 = SURFACE_STYLE_FILL_AREA(#11268);
#11268 = FILL_AREA_STYLE('',(#11269));
#11269 = FILL_AREA_STYLE_COLOUR('',#10869);
#11270 = OVER_RIDING_STYLED_ITEM('overriding color',(#11271),#2186,
  #11087);
#11271 = PRESENTATION_STYLE_ASSIGNMENT((#11272));
#11272 = SURFACE_STYLE_USAGE(.BOTH.,#11273);
#11273 = SURFACE_SIDE_STYLE('',(#11274));
#11274 = SURFACE_STYLE_FILL_AREA(#11275);
#11275 = FILL_AREA_STYLE('',(#11276));
#11276 = FILL_AREA_STYLE_COLOUR('',#10869);
#11277 = OVER_RIDING_STYLED_ITEM('overriding color',(#11278),#2271,
  #11087);
#11278 = PRESENTATION_STYLE_ASSIGNMENT((#11279));
#11279 = SURFACE_STYLE_USAGE(.BOTH.,#11280);
#11280 = SURFACE_SIDE_STYLE('',(#11281));
#11281 = SURFACE_STYLE_FILL_AREA(#11282);
#11282 = FILL_AREA_STYLE('',(#11283));
#11283 = FILL_AREA_STYLE_COLOUR('',#10869);
#11284 = OVER_RIDING_STYLED_ITEM('overriding color',(#11285),#2357,
  #11087);
#11285 = PRESENTATION_STYLE_ASSIGNMENT((#11286));
#11286 = SURFACE_STYLE_USAGE(.BOTH.,#11287);
#11287 = SURFACE_SIDE_STYLE('',(#11288));
#11288 = SURFACE_STYLE_FILL_AREA(#11289);
#11289 = FILL_AREA_STYLE('',(#11290));
#11290 = FILL_AREA_STYLE_COLOUR('',#10869);
#11291 = OVER_RIDING_STYLED_ITEM('overriding color',(#11292),#2393,
  #11087);
#11292 = PRESENTATION_STYLE_ASSIGNMENT((#11293));
#11293 = SURFACE_STYLE_USAGE(.BOTH.,#11294);
#11294 = SURFACE_SIDE_STYLE('',(#11295));
#11295 = SURFACE_STYLE_FILL_AREA(#11296);
#11296 = FILL_AREA_STYLE('',(#11297));
#11297 = FILL_AREA_STYLE_COLOUR('',#10869);
#11298 = OVER_RIDING_STYLED_ITEM('overriding color',(#11299),#2421,
  #11087);
#11299 = PRESENTATION_STYLE_ASSIGNMENT((#11300));
#11300 = SURFACE_STYLE_USAGE(.BOTH.,#11301);
#11301 = SURFACE_SIDE_STYLE('',(#11302));
#11302 = SURFACE_STYLE_FILL_AREA(#11303);
#11303 = FILL_AREA_STYLE('',(#11304));
#11304 = FILL_AREA_STYLE_COLOUR('',#10869);
#11305 = OVER_RIDING_STYLED_ITEM('overriding color',(#11306),#2449,
  #11087);
#11306 = PRESENTATION_STYLE_ASSIGNMENT((#11307));
#11307 = SURFACE_STYLE_USAGE(.BOTH.,#11308);
#11308 = SURFACE_SIDE_STYLE('',(#11309));
#11309 = SURFACE_STYLE_FILL_AREA(#11310);
#11310 = FILL_AREA_STYLE('',(#11311));
#11311 = FILL_AREA_STYLE_COLOUR('',#10869);
#11312 = OVER_RIDING_STYLED_ITEM('overriding color',(#11313),#2469,
  #11087);
#11313 = PRESENTATION_STYLE_ASSIGNMENT((#11314));
#11314 = SURFACE_STYLE_USAGE(.BOTH.,#11315);
#11315 = SURFACE_SIDE_STYLE('',(#11316));
#11316 = SURFACE_STYLE_FILL_AREA(#11317);
#11317 = FILL_AREA_STYLE('',(#11318));
#11318 = FILL_AREA_STYLE_COLOUR('',#10869);
#11319 = OVER_RIDING_STYLED_ITEM('overriding color',(#11320),#2492,
  #11087);
#11320 = PRESENTATION_STYLE_ASSIGNMENT((#11321));
#11321 = SURFACE_STYLE_USAGE(.BOTH.,#11322);
#11322 = SURFACE_SIDE_STYLE('',(#11323));
#11323 = SURFACE_STYLE_FILL_AREA(#11324);
#11324 = FILL_AREA_STYLE('',(#11325));
#11325 = FILL_AREA_STYLE_COLOUR('',#10869);
#11326 = OVER_RIDING_STYLED_ITEM('overriding color',(#11327),#2533,
  #11087);
#11327 = PRESENTATION_STYLE_ASSIGNMENT((#11328));
#11328 = SURFACE_STYLE_USAGE(.BOTH.,#11329);
#11329 = SURFACE_SIDE_STYLE('',(#11330));
#11330 = SURFACE_STYLE_FILL_AREA(#11331);
#11331 = FILL_AREA_STYLE('',(#11332));
#11332 = FILL_AREA_STYLE_COLOUR('',#10869);
#11333 = OVER_RIDING_STYLED_ITEM('overriding color',(#11334),#2547,
  #11087);
#11334 = PRESENTATION_STYLE_ASSIGNMENT((#11335));
#11335 = SURFACE_STYLE_USAGE(.BOTH.,#11336);
#11336 = SURFACE_SIDE_STYLE('',(#11337));
#11337 = SURFACE_STYLE_FILL_AREA(#11338);
#11338 = FILL_AREA_STYLE('',(#11339));
#11339 = FILL_AREA_STYLE_COLOUR('',#10869);
#11340 = OVER_RIDING_STYLED_ITEM('overriding color',(#11341),#2565,
  #11087);
#11341 = PRESENTATION_STYLE_ASSIGNMENT((#11342));
#11342 = SURFACE_STYLE_USAGE(.BOTH.,#11343);
#11343 = SURFACE_SIDE_STYLE('',(#11344));
#11344 = SURFACE_STYLE_FILL_AREA(#11345);
#11345 = FILL_AREA_STYLE('',(#11346));
#11346 = FILL_AREA_STYLE_COLOUR('',#10869);
#11347 = OVER_RIDING_STYLED_ITEM('overriding color',(#11348),#2590,
  #11087);
#11348 = PRESENTATION_STYLE_ASSIGNMENT((#11349));
#11349 = SURFACE_STYLE_USAGE(.BOTH.,#11350);
#11350 = SURFACE_SIDE_STYLE('',(#11351));
#11351 = SURFACE_STYLE_FILL_AREA(#11352);
#11352 = FILL_AREA_STYLE('',(#11353));
#11353 = FILL_AREA_STYLE_COLOUR('',#10869);
#11354 = OVER_RIDING_STYLED_ITEM('overriding color',(#11355),#2618,
  #11087);
#11355 = PRESENTATION_STYLE_ASSIGNMENT((#11356));
#11356 = SURFACE_STYLE_USAGE(.BOTH.,#11357);
#11357 = SURFACE_SIDE_STYLE('',(#11358));
#11358 = SURFACE_STYLE_FILL_AREA(#11359);
#11359 = FILL_AREA_STYLE('',(#11360));
#11360 = FILL_AREA_STYLE_COLOUR('',#10869);
#11361 = OVER_RIDING_STYLED_ITEM('overriding color',(#11362),#2885,
  #11087);
#11362 = PRESENTATION_STYLE_ASSIGNMENT((#11363));
#11363 = SURFACE_STYLE_USAGE(.BOTH.,#11364);
#11364 = SURFACE_SIDE_STYLE('',(#11365));
#11365 = SURFACE_STYLE_FILL_AREA(#11366);
#11366 = FILL_AREA_STYLE('',(#11367));
#11367 = FILL_AREA_STYLE_COLOUR('',#10869);
#11368 = OVER_RIDING_STYLED_ITEM('overriding color',(#11369),#3140,
  #11087);
#11369 = PRESENTATION_STYLE_ASSIGNMENT((#11370));
#11370 = SURFACE_STYLE_USAGE(.BOTH.,#11371);
#11371 = SURFACE_SIDE_STYLE('',(#11372));
#11372 = SURFACE_STYLE_FILL_AREA(#11373);
#11373 = FILL_AREA_STYLE('',(#11374));
#11374 = FILL_AREA_STYLE_COLOUR('',#10869);
#11375 = OVER_RIDING_STYLED_ITEM('overriding color',(#11376),#3333,
  #11087);
#11376 = PRESENTATION_STYLE_ASSIGNMENT((#11377));
#11377 = SURFACE_STYLE_USAGE(.BOTH.,#11378);
#11378 = SURFACE_SIDE_STYLE('',(#11379));
#11379 = SURFACE_STYLE_FILL_AREA(#11380);
#11380 = FILL_AREA_STYLE('',(#11381));
#11381 = FILL_AREA_STYLE_COLOUR('',#10869);
#11382 = OVER_RIDING_STYLED_ITEM('overriding color',(#11383),#3356,
  #11087);
#11383 = PRESENTATION_STYLE_ASSIGNMENT((#11384));
#11384 = SURFACE_STYLE_USAGE(.BOTH.,#11385);
#11385 = SURFACE_SIDE_STYLE('',(#11386));
#11386 = SURFACE_STYLE_FILL_AREA(#11387);
#11387 = FILL_AREA_STYLE('',(#11388));
#11388 = FILL_AREA_STYLE_COLOUR('',#10869);
#11389 = OVER_RIDING_STYLED_ITEM('overriding color',(#11390),#3381,
  #11087);
#11390 = PRESENTATION_STYLE_ASSIGNMENT((#11391));
#11391 = SURFACE_STYLE_USAGE(.BOTH.,#11392);
#11392 = SURFACE_SIDE_STYLE('',(#11393));
#11393 = SURFACE_STYLE_FILL_AREA(#11394);
#11394 = FILL_AREA_STYLE('',(#11395));
#11395 = FILL_AREA_STYLE_COLOUR('',#11220);
#11396 = OVER_RIDING_STYLED_ITEM('overriding color',(#11397),#3402,
  #11087);
#11397 = PRESENTATION_STYLE_ASSIGNMENT((#11398));
#11398 = SURFACE_STYLE_USAGE(.BOTH.,#11399);
#11399 = SURFACE_SIDE_STYLE('',(#11400));
#11400 = SURFACE_STYLE_FILL_AREA(#11401);
#11401 = FILL_AREA_STYLE('',(#11402));
#11402 = FILL_AREA_STYLE_COLOUR('',#10869);
#11403 = OVER_RIDING_STYLED_ITEM('overriding color',(#11404),#3427,
  #11087);
#11404 = PRESENTATION_STYLE_ASSIGNMENT((#11405));
#11405 = SURFACE_STYLE_USAGE(.BOTH.,#11406);
#11406 = SURFACE_SIDE_STYLE('',(#11407));
#11407 = SURFACE_STYLE_FILL_AREA(#11408);
#11408 = FILL_AREA_STYLE('',(#11409));
#11409 = FILL_AREA_STYLE_COLOUR('',#10869);
#11410 = STYLED_ITEM('color',(#11411),#3437);
#11411 = PRESENTATION_STYLE_ASSIGNMENT((#11412));
#11412 = SURFACE_STYLE_USAGE(.BOTH.,#11413);
#11413 = SURFACE_SIDE_STYLE('',(#11414));
#11414 = SURFACE_STYLE_FILL_AREA(#11415);
#11415 = FILL_AREA_STYLE('',(#11416));
#11416 = FILL_AREA_STYLE_COLOUR('',#10861);
#11417 = OVER_RIDING_STYLED_ITEM('overriding color',(#11418),#3439,
  #11410);
#11418 = PRESENTATION_STYLE_ASSIGNMENT((#11419));
#11419 = SURFACE_STYLE_USAGE(.BOTH.,#11420);
#11420 = SURFACE_SIDE_STYLE('',(#11421));
#11421 = SURFACE_STYLE_FILL_AREA(#11422);
#11422 = FILL_AREA_STYLE('',(#11423));
#11423 = FILL_AREA_STYLE_COLOUR('',#10869);
#11424 = OVER_RIDING_STYLED_ITEM('overriding color',(#11425),#3487,
  #11410);
#11425 = PRESENTATION_STYLE_ASSIGNMENT((#11426));
#11426 = SURFACE_STYLE_USAGE(.BOTH.,#11427);
#11427 = SURFACE_SIDE_STYLE('',(#11428));
#11428 = SURFACE_STYLE_FILL_AREA(#11429);
#11429 = FILL_AREA_STYLE('',(#11430));
#11430 = FILL_AREA_STYLE_COLOUR('',#10869);
#11431 = OVER_RIDING_STYLED_ITEM('overriding color',(#11432),#3535,
  #11410);
#11432 = PRESENTATION_STYLE_ASSIGNMENT((#11433));
#11433 = SURFACE_STYLE_USAGE(.BOTH.,#11434);
#11434 = SURFACE_SIDE_STYLE('',(#11435));
#11435 = SURFACE_STYLE_FILL_AREA(#11436);
#11436 = FILL_AREA_STYLE('',(#11437));
#11437 = FILL_AREA_STYLE_COLOUR('',#10869);
#11438 = OVER_RIDING_STYLED_ITEM('overriding color',(#11439),#3563,
  #11410);
#11439 = PRESENTATION_STYLE_ASSIGNMENT((#11440));
#11440 = SURFACE_STYLE_USAGE(.BOTH.,#11441);
#11441 = SURFACE_SIDE_STYLE('',(#11442));
#11442 = SURFACE_STYLE_FILL_AREA(#11443);
#11443 = FILL_AREA_STYLE('',(#11444));
#11444 = FILL_AREA_STYLE_COLOUR('',#10869);
#11445 = OVER_RIDING_STYLED_ITEM('overriding color',(#11446),#3591,
  #11410);
#11446 = PRESENTATION_STYLE_ASSIGNMENT((#11447));
#11447 = SURFACE_STYLE_USAGE(.BOTH.,#11448);
#11448 = SURFACE_SIDE_STYLE('',(#11449));
#11449 = SURFACE_STYLE_FILL_AREA(#11450);
#11450 = FILL_AREA_STYLE('',(#11451));
#11451 = FILL_AREA_STYLE_COLOUR('',#10869);
#11452 = OVER_RIDING_STYLED_ITEM('overriding color',(#11453),#3609,
  #11410);
#11453 = PRESENTATION_STYLE_ASSIGNMENT((#11454));
#11454 = SURFACE_STYLE_USAGE(.BOTH.,#11455);
#11455 = SURFACE_SIDE_STYLE('',(#11456));
#11456 = SURFACE_STYLE_FILL_AREA(#11457);
#11457 = FILL_AREA_STYLE('',(#11458));
#11458 = FILL_AREA_STYLE_COLOUR('',#10869);
#11459 = STYLED_ITEM('color',(#11460),#3627);
#11460 = PRESENTATION_STYLE_ASSIGNMENT((#11461));
#11461 = SURFACE_STYLE_USAGE(.BOTH.,#11462);
#11462 = SURFACE_SIDE_STYLE('',(#11463));
#11463 = SURFACE_STYLE_FILL_AREA(#11464);
#11464 = FILL_AREA_STYLE('',(#11465));
#11465 = FILL_AREA_STYLE_COLOUR('',#10861);
#11466 = OVER_RIDING_STYLED_ITEM('overriding color',(#11467),#3629,
  #11459);
#11467 = PRESENTATION_STYLE_ASSIGNMENT((#11468));
#11468 = SURFACE_STYLE_USAGE(.BOTH.,#11469);
#11469 = SURFACE_SIDE_STYLE('',(#11470));
#11470 = SURFACE_STYLE_FILL_AREA(#11471);
#11471 = FILL_AREA_STYLE('',(#11472));
#11472 = FILL_AREA_STYLE_COLOUR('',#11473);
#11473 = DRAUGHTING_PRE_DEFINED_COLOUR('black');
#11474 = OVER_RIDING_STYLED_ITEM('overriding color',(#11475),#3665,
  #11459);
#11475 = PRESENTATION_STYLE_ASSIGNMENT((#11476));
#11476 = SURFACE_STYLE_USAGE(.BOTH.,#11477);
#11477 = SURFACE_SIDE_STYLE('',(#11478));
#11478 = SURFACE_STYLE_FILL_AREA(#11479);
#11479 = FILL_AREA_STYLE('',(#11480));
#11480 = FILL_AREA_STYLE_COLOUR('',#11473);
#11481 = OVER_RIDING_STYLED_ITEM('overriding color',(#11482),#3693,
  #11459);
#11482 = PRESENTATION_STYLE_ASSIGNMENT((#11483));
#11483 = SURFACE_STYLE_USAGE(.BOTH.,#11484);
#11484 = SURFACE_SIDE_STYLE('',(#11485));
#11485 = SURFACE_STYLE_FILL_AREA(#11486);
#11486 = FILL_AREA_STYLE('',(#11487));
#11487 = FILL_AREA_STYLE_COLOUR('',#11473);
#11488 = OVER_RIDING_STYLED_ITEM('overriding color',(#11489),#3721,
  #11459);
#11489 = PRESENTATION_STYLE_ASSIGNMENT((#11490));
#11490 = SURFACE_STYLE_USAGE(.BOTH.,#11491);
#11491 = SURFACE_SIDE_STYLE('',(#11492));
#11492 = SURFACE_STYLE_FILL_AREA(#11493);
#11493 = FILL_AREA_STYLE('',(#11494));
#11494 = FILL_AREA_STYLE_COLOUR('',#11473);
#11495 = OVER_RIDING_STYLED_ITEM('overriding color',(#11496),#3749,
  #11459);
#11496 = PRESENTATION_STYLE_ASSIGNMENT((#11497));
#11497 = SURFACE_STYLE_USAGE(.BOTH.,#11498);
#11498 = SURFACE_SIDE_STYLE('',(#11499));
#11499 = SURFACE_STYLE_FILL_AREA(#11500);
#11500 = FILL_AREA_STYLE('',(#11501));
#11501 = FILL_AREA_STYLE_COLOUR('',#11473);
#11502 = OVER_RIDING_STYLED_ITEM('overriding color',(#11503),#3777,
  #11459);
#11503 = PRESENTATION_STYLE_ASSIGNMENT((#11504));
#11504 = SURFACE_STYLE_USAGE(.BOTH.,#11505);
#11505 = SURFACE_SIDE_STYLE('',(#11506));
#11506 = SURFACE_STYLE_FILL_AREA(#11507);
#11507 = FILL_AREA_STYLE('',(#11508));
#11508 = FILL_AREA_STYLE_COLOUR('',#11473);
#11509 = OVER_RIDING_STYLED_ITEM('overriding color',(#11510),#3797,
  #11459);
#11510 = PRESENTATION_STYLE_ASSIGNMENT((#11511));
#11511 = SURFACE_STYLE_USAGE(.BOTH.,#11512);
#11512 = SURFACE_SIDE_STYLE('',(#11513));
#11513 = SURFACE_STYLE_FILL_AREA(#11514);
#11514 = FILL_AREA_STYLE('',(#11515));
#11515 = FILL_AREA_STYLE_COLOUR('',#11473);
#11516 = OVER_RIDING_STYLED_ITEM('overriding color',(#11517),#3811,
  #11459);
#11517 = PRESENTATION_STYLE_ASSIGNMENT((#11518));
#11518 = SURFACE_STYLE_USAGE(.BOTH.,#11519);
#11519 = SURFACE_SIDE_STYLE('',(#11520));
#11520 = SURFACE_STYLE_FILL_AREA(#11521);
#11521 = FILL_AREA_STYLE('',(#11522));
#11522 = FILL_AREA_STYLE_COLOUR('',#11473);
#11523 = STYLED_ITEM('color',(#11524),#3825);
#11524 = PRESENTATION_STYLE_ASSIGNMENT((#11525));
#11525 = SURFACE_STYLE_USAGE(.BOTH.,#11526);
#11526 = SURFACE_SIDE_STYLE('',(#11527));
#11527 = SURFACE_STYLE_FILL_AREA(#11528);
#11528 = FILL_AREA_STYLE('',(#11529));
#11529 = FILL_AREA_STYLE_COLOUR('',#10861);
#11530 = OVER_RIDING_STYLED_ITEM('overriding color',(#11531),#3827,
  #11523);
#11531 = PRESENTATION_STYLE_ASSIGNMENT((#11532));
#11532 = SURFACE_STYLE_USAGE(.BOTH.,#11533);
#11533 = SURFACE_SIDE_STYLE('',(#11534));
#11534 = SURFACE_STYLE_FILL_AREA(#11535);
#11535 = FILL_AREA_STYLE('',(#11536));
#11536 = FILL_AREA_STYLE_COLOUR('',#11473);
#11537 = OVER_RIDING_STYLED_ITEM('overriding color',(#11538),#3871,
  #11523);
#11538 = PRESENTATION_STYLE_ASSIGNMENT((#11539));
#11539 = SURFACE_STYLE_USAGE(.BOTH.,#11540);
#11540 = SURFACE_SIDE_STYLE('',(#11541));
#11541 = SURFACE_STYLE_FILL_AREA(#11542);
#11542 = FILL_AREA_STYLE('',(#11543));
#11543 = FILL_AREA_STYLE_COLOUR('',#11473);
#11544 = OVER_RIDING_STYLED_ITEM('overriding color',(#11545),#3899,
  #11523);
#11545 = PRESENTATION_STYLE_ASSIGNMENT((#11546));
#11546 = SURFACE_STYLE_USAGE(.BOTH.,#11547);
#11547 = SURFACE_SIDE_STYLE('',(#11548));
#11548 = SURFACE_STYLE_FILL_AREA(#11549);
#11549 = FILL_AREA_STYLE('',(#11550));
#11550 = FILL_AREA_STYLE_COLOUR('',#11473);
#11551 = OVER_RIDING_STYLED_ITEM('overriding color',(#11552),#3935,
  #11523);
#11552 = PRESENTATION_STYLE_ASSIGNMENT((#11553));
#11553 = SURFACE_STYLE_USAGE(.BOTH.,#11554);
#11554 = SURFACE_SIDE_STYLE('',(#11555));
#11555 = SURFACE_STYLE_FILL_AREA(#11556);
#11556 = FILL_AREA_STYLE('',(#11557));
#11557 = FILL_AREA_STYLE_COLOUR('',#11473);
#11558 = OVER_RIDING_STYLED_ITEM('overriding color',(#11559),#3971,
  #11523);
#11559 = PRESENTATION_STYLE_ASSIGNMENT((#11560));
#11560 = SURFACE_STYLE_USAGE(.BOTH.,#11561);
#11561 = SURFACE_SIDE_STYLE('',(#11562));
#11562 = SURFACE_STYLE_FILL_AREA(#11563);
#11563 = FILL_AREA_STYLE('',(#11564));
#11564 = FILL_AREA_STYLE_COLOUR('',#11473);
#11565 = OVER_RIDING_STYLED_ITEM('overriding color',(#11566),#4007,
  #11523);
#11566 = PRESENTATION_STYLE_ASSIGNMENT((#11567));
#11567 = SURFACE_STYLE_USAGE(.BOTH.,#11568);
#11568 = SURFACE_SIDE_STYLE('',(#11569));
#11569 = SURFACE_STYLE_FILL_AREA(#11570);
#11570 = FILL_AREA_STYLE('',(#11571));
#11571 = FILL_AREA_STYLE_COLOUR('',#11473);
#11572 = OVER_RIDING_STYLED_ITEM('overriding color',(#11573),#4043,
  #11523);
#11573 = PRESENTATION_STYLE_ASSIGNMENT((#11574));
#11574 = SURFACE_STYLE_USAGE(.BOTH.,#11575);
#11575 = SURFACE_SIDE_STYLE('',(#11576));
#11576 = SURFACE_STYLE_FILL_AREA(#11577);
#11577 = FILL_AREA_STYLE('',(#11578));
#11578 = FILL_AREA_STYLE_COLOUR('',#11473);
#11579 = OVER_RIDING_STYLED_ITEM('overriding color',(#11580),#4079,
  #11523);
#11580 = PRESENTATION_STYLE_ASSIGNMENT((#11581));
#11581 = SURFACE_STYLE_USAGE(.BOTH.,#11582);
#11582 = SURFACE_SIDE_STYLE('',(#11583));
#11583 = SURFACE_STYLE_FILL_AREA(#11584);
#11584 = FILL_AREA_STYLE('',(#11585));
#11585 = FILL_AREA_STYLE_COLOUR('',#11473);
#11586 = OVER_RIDING_STYLED_ITEM('overriding color',(#11587),#4115,
  #11523);
#11587 = PRESENTATION_STYLE_ASSIGNMENT((#11588));
#11588 = SURFACE_STYLE_USAGE(.BOTH.,#11589);
#11589 = SURFACE_SIDE_STYLE('',(#11590));
#11590 = SURFACE_STYLE_FILL_AREA(#11591);
#11591 = FILL_AREA_STYLE('',(#11592));
#11592 = FILL_AREA_STYLE_COLOUR('',#11473);
#11593 = OVER_RIDING_STYLED_ITEM('overriding color',(#11594),#4143,
  #11523);
#11594 = PRESENTATION_STYLE_ASSIGNMENT((#11595));
#11595 = SURFACE_STYLE_USAGE(.BOTH.,#11596);
#11596 = SURFACE_SIDE_STYLE('',(#11597));
#11597 = SURFACE_STYLE_FILL_AREA(#11598);
#11598 = FILL_AREA_STYLE('',(#11599));
#11599 = FILL_AREA_STYLE_COLOUR('',#11473);
#11600 = OVER_RIDING_STYLED_ITEM('overriding color',(#11601),#4179,
  #11523);
#11601 = PRESENTATION_STYLE_ASSIGNMENT((#11602));
#11602 = SURFACE_STYLE_USAGE(.BOTH.,#11603);
#11603 = SURFACE_SIDE_STYLE('',(#11604));
#11604 = SURFACE_STYLE_FILL_AREA(#11605);
#11605 = FILL_AREA_STYLE('',(#11606));
#11606 = FILL_AREA_STYLE_COLOUR('',#11473);
#11607 = OVER_RIDING_STYLED_ITEM('overriding color',(#11608),#4215,
  #11523);
#11608 = PRESENTATION_STYLE_ASSIGNMENT((#11609));
#11609 = SURFACE_STYLE_USAGE(.BOTH.,#11610);
#11610 = SURFACE_SIDE_STYLE('',(#11611));
#11611 = SURFACE_STYLE_FILL_AREA(#11612);
#11612 = FILL_AREA_STYLE('',(#11613));
#11613 = FILL_AREA_STYLE_COLOUR('',#11473);
#11614 = OVER_RIDING_STYLED_ITEM('overriding color',(#11615),#4251,
  #11523);
#11615 = PRESENTATION_STYLE_ASSIGNMENT((#11616));
#11616 = SURFACE_STYLE_USAGE(.BOTH.,#11617);
#11617 = SURFACE_SIDE_STYLE('',(#11618));
#11618 = SURFACE_STYLE_FILL_AREA(#11619);
#11619 = FILL_AREA_STYLE('',(#11620));
#11620 = FILL_AREA_STYLE_COLOUR('',#11473);
#11621 = OVER_RIDING_STYLED_ITEM('overriding color',(#11622),#4287,
  #11523);
#11622 = PRESENTATION_STYLE_ASSIGNMENT((#11623));
#11623 = SURFACE_STYLE_USAGE(.BOTH.,#11624);
#11624 = SURFACE_SIDE_STYLE('',(#11625));
#11625 = SURFACE_STYLE_FILL_AREA(#11626);
#11626 = FILL_AREA_STYLE('',(#11627));
#11627 = FILL_AREA_STYLE_COLOUR('',#11473);
#11628 = OVER_RIDING_STYLED_ITEM('overriding color',(#11629),#4315,
  #11523);
#11629 = PRESENTATION_STYLE_ASSIGNMENT((#11630));
#11630 = SURFACE_STYLE_USAGE(.BOTH.,#11631);
#11631 = SURFACE_SIDE_STYLE('',(#11632));
#11632 = SURFACE_STYLE_FILL_AREA(#11633);
#11633 = FILL_AREA_STYLE('',(#11634));
#11634 = FILL_AREA_STYLE_COLOUR('',#11473);
#11635 = OVER_RIDING_STYLED_ITEM('overriding color',(#11636),#4337,
  #11523);
#11636 = PRESENTATION_STYLE_ASSIGNMENT((#11637));
#11637 = SURFACE_STYLE_USAGE(.BOTH.,#11638);
#11638 = SURFACE_SIDE_STYLE('',(#11639));
#11639 = SURFACE_STYLE_FILL_AREA(#11640);
#11640 = FILL_AREA_STYLE('',(#11641));
#11641 = FILL_AREA_STYLE_COLOUR('',#11473);
#11642 = STYLED_ITEM('color',(#11643),#4359);
#11643 = PRESENTATION_STYLE_ASSIGNMENT((#11644));
#11644 = SURFACE_STYLE_USAGE(.BOTH.,#11645);
#11645 = SURFACE_SIDE_STYLE('',(#11646));
#11646 = SURFACE_STYLE_FILL_AREA(#11647);
#11647 = FILL_AREA_STYLE('',(#11648));
#11648 = FILL_AREA_STYLE_COLOUR('',#10861);
#11649 = OVER_RIDING_STYLED_ITEM('overriding color',(#11650),#4361,
  #11642);
#11650 = PRESENTATION_STYLE_ASSIGNMENT((#11651));
#11651 = SURFACE_STYLE_USAGE(.BOTH.,#11652);
#11652 = SURFACE_SIDE_STYLE('',(#11653));
#11653 = SURFACE_STYLE_FILL_AREA(#11654);
#11654 = FILL_AREA_STYLE('',(#11655));
#11655 = FILL_AREA_STYLE_COLOUR('',#11473);
#11656 = OVER_RIDING_STYLED_ITEM('overriding color',(#11657),#4397,
  #11642);
#11657 = PRESENTATION_STYLE_ASSIGNMENT((#11658));
#11658 = SURFACE_STYLE_USAGE(.BOTH.,#11659);
#11659 = SURFACE_SIDE_STYLE('',(#11660));
#11660 = SURFACE_STYLE_FILL_AREA(#11661);
#11661 = FILL_AREA_STYLE('',(#11662));
#11662 = FILL_AREA_STYLE_COLOUR('',#11473);
#11663 = OVER_RIDING_STYLED_ITEM('overriding color',(#11664),#4425,
  #11642);
#11664 = PRESENTATION_STYLE_ASSIGNMENT((#11665));
#11665 = SURFACE_STYLE_USAGE(.BOTH.,#11666);
#11666 = SURFACE_SIDE_STYLE('',(#11667));
#11667 = SURFACE_STYLE_FILL_AREA(#11668);
#11668 = FILL_AREA_STYLE('',(#11669));
#11669 = FILL_AREA_STYLE_COLOUR('',#11473);
#11670 = OVER_RIDING_STYLED_ITEM('overriding color',(#11671),#4453,
  #11642);
#11671 = PRESENTATION_STYLE_ASSIGNMENT((#11672));
#11672 = SURFACE_STYLE_USAGE(.BOTH.,#11673);
#11673 = SURFACE_SIDE_STYLE('',(#11674));
#11674 = SURFACE_STYLE_FILL_AREA(#11675);
#11675 = FILL_AREA_STYLE('',(#11676));
#11676 = FILL_AREA_STYLE_COLOUR('',#11473);
#11677 = OVER_RIDING_STYLED_ITEM('overriding color',(#11678),#4481,
  #11642);
#11678 = PRESENTATION_STYLE_ASSIGNMENT((#11679));
#11679 = SURFACE_STYLE_USAGE(.BOTH.,#11680);
#11680 = SURFACE_SIDE_STYLE('',(#11681));
#11681 = SURFACE_STYLE_FILL_AREA(#11682);
#11682 = FILL_AREA_STYLE('',(#11683));
#11683 = FILL_AREA_STYLE_COLOUR('',#11473);
#11684 = OVER_RIDING_STYLED_ITEM('overriding color',(#11685),#4509,
  #11642);
#11685 = PRESENTATION_STYLE_ASSIGNMENT((#11686));
#11686 = SURFACE_STYLE_USAGE(.BOTH.,#11687);
#11687 = SURFACE_SIDE_STYLE('',(#11688));
#11688 = SURFACE_STYLE_FILL_AREA(#11689);
#11689 = FILL_AREA_STYLE('',(#11690));
#11690 = FILL_AREA_STYLE_COLOUR('',#11473);
#11691 = OVER_RIDING_STYLED_ITEM('overriding color',(#11692),#4537,
  #11642);
#11692 = PRESENTATION_STYLE_ASSIGNMENT((#11693));
#11693 = SURFACE_STYLE_USAGE(.BOTH.,#11694);
#11694 = SURFACE_SIDE_STYLE('',(#11695));
#11695 = SURFACE_STYLE_FILL_AREA(#11696);
#11696 = FILL_AREA_STYLE('',(#11697));
#11697 = FILL_AREA_STYLE_COLOUR('',#11473);
#11698 = OVER_RIDING_STYLED_ITEM('overriding color',(#11699),#4565,
  #11642);
#11699 = PRESENTATION_STYLE_ASSIGNMENT((#11700));
#11700 = SURFACE_STYLE_USAGE(.BOTH.,#11701);
#11701 = SURFACE_SIDE_STYLE('',(#11702));
#11702 = SURFACE_STYLE_FILL_AREA(#11703);
#11703 = FILL_AREA_STYLE('',(#11704));
#11704 = FILL_AREA_STYLE_COLOUR('',#11473);
#11705 = OVER_RIDING_STYLED_ITEM('overriding color',(#11706),#4593,
  #11642);
#11706 = PRESENTATION_STYLE_ASSIGNMENT((#11707));
#11707 = SURFACE_STYLE_USAGE(.BOTH.,#11708);
#11708 = SURFACE_SIDE_STYLE('',(#11709));
#11709 = SURFACE_STYLE_FILL_AREA(#11710);
#11710 = FILL_AREA_STYLE('',(#11711));
#11711 = FILL_AREA_STYLE_COLOUR('',#11473);
#11712 = OVER_RIDING_STYLED_ITEM('overriding color',(#11713),#4621,
  #11642);
#11713 = PRESENTATION_STYLE_ASSIGNMENT((#11714));
#11714 = SURFACE_STYLE_USAGE(.BOTH.,#11715);
#11715 = SURFACE_SIDE_STYLE('',(#11716));
#11716 = SURFACE_STYLE_FILL_AREA(#11717);
#11717 = FILL_AREA_STYLE('',(#11718));
#11718 = FILL_AREA_STYLE_COLOUR('',#11473);
#11719 = OVER_RIDING_STYLED_ITEM('overriding color',(#11720),#4649,
  #11642);
#11720 = PRESENTATION_STYLE_ASSIGNMENT((#11721));
#11721 = SURFACE_STYLE_USAGE(.BOTH.,#11722);
#11722 = SURFACE_SIDE_STYLE('',(#11723));
#11723 = SURFACE_STYLE_FILL_AREA(#11724);
#11724 = FILL_AREA_STYLE('',(#11725));
#11725 = FILL_AREA_STYLE_COLOUR('',#11473);
#11726 = OVER_RIDING_STYLED_ITEM('overriding color',(#11727),#4677,
  #11642);
#11727 = PRESENTATION_STYLE_ASSIGNMENT((#11728));
#11728 = SURFACE_STYLE_USAGE(.BOTH.,#11729);
#11729 = SURFACE_SIDE_STYLE('',(#11730));
#11730 = SURFACE_STYLE_FILL_AREA(#11731);
#11731 = FILL_AREA_STYLE('',(#11732));
#11732 = FILL_AREA_STYLE_COLOUR('',#11473);
#11733 = OVER_RIDING_STYLED_ITEM('overriding color',(#11734),#4697,
  #11642);
#11734 = PRESENTATION_STYLE_ASSIGNMENT((#11735));
#11735 = SURFACE_STYLE_USAGE(.BOTH.,#11736);
#11736 = SURFACE_SIDE_STYLE('',(#11737));
#11737 = SURFACE_STYLE_FILL_AREA(#11738);
#11738 = FILL_AREA_STYLE('',(#11739));
#11739 = FILL_AREA_STYLE_COLOUR('',#11473);
#11740 = OVER_RIDING_STYLED_ITEM('overriding color',(#11741),#4717,
  #11642);
#11741 = PRESENTATION_STYLE_ASSIGNMENT((#11742));
#11742 = SURFACE_STYLE_USAGE(.BOTH.,#11743);
#11743 = SURFACE_SIDE_STYLE('',(#11744));
#11744 = SURFACE_STYLE_FILL_AREA(#11745);
#11745 = FILL_AREA_STYLE('',(#11746));
#11746 = FILL_AREA_STYLE_COLOUR('',#11473);
#11747 = STYLED_ITEM('color',(#11748),#4737);
#11748 = PRESENTATION_STYLE_ASSIGNMENT((#11749));
#11749 = SURFACE_STYLE_USAGE(.BOTH.,#11750);
#11750 = SURFACE_SIDE_STYLE('',(#11751));
#11751 = SURFACE_STYLE_FILL_AREA(#11752);
#11752 = FILL_AREA_STYLE('',(#11753));
#11753 = FILL_AREA_STYLE_COLOUR('',#10861);
#11754 = OVER_RIDING_STYLED_ITEM('overriding color',(#11755),#4739,
  #11747);
#11755 = PRESENTATION_STYLE_ASSIGNMENT((#11756));
#11756 = SURFACE_STYLE_USAGE(.BOTH.,#11757);
#11757 = SURFACE_SIDE_STYLE('',(#11758));
#11758 = SURFACE_STYLE_FILL_AREA(#11759);
#11759 = FILL_AREA_STYLE('',(#11760));
#11760 = FILL_AREA_STYLE_COLOUR('',#11473);
#11761 = OVER_RIDING_STYLED_ITEM('overriding color',(#11762),#4863,
  #11747);
#11762 = PRESENTATION_STYLE_ASSIGNMENT((#11763));
#11763 = SURFACE_STYLE_USAGE(.BOTH.,#11764);
#11764 = SURFACE_SIDE_STYLE('',(#11765));
#11765 = SURFACE_STYLE_FILL_AREA(#11766);
#11766 = FILL_AREA_STYLE('',(#11767));
#11767 = FILL_AREA_STYLE_COLOUR('',#11473);
#11768 = OVER_RIDING_STYLED_ITEM('overriding color',(#11769),#4987,
  #11747);
#11769 = PRESENTATION_STYLE_ASSIGNMENT((#11770));
#11770 = SURFACE_STYLE_USAGE(.BOTH.,#11771);
#11771 = SURFACE_SIDE_STYLE('',(#11772));
#11772 = SURFACE_STYLE_FILL_AREA(#11773);
#11773 = FILL_AREA_STYLE('',(#11774));
#11774 = FILL_AREA_STYLE_COLOUR('',#11473);
#11775 = OVER_RIDING_STYLED_ITEM('overriding color',(#11776),#5007,
  #11747);
#11776 = PRESENTATION_STYLE_ASSIGNMENT((#11777));
#11777 = SURFACE_STYLE_USAGE(.BOTH.,#11778);
#11778 = SURFACE_SIDE_STYLE('',(#11779));
#11779 = SURFACE_STYLE_FILL_AREA(#11780);
#11780 = FILL_AREA_STYLE('',(#11781));
#11781 = FILL_AREA_STYLE_COLOUR('',#11473);
#11782 = OVER_RIDING_STYLED_ITEM('overriding color',(#11783),#5027,
  #11747);
#11783 = PRESENTATION_STYLE_ASSIGNMENT((#11784));
#11784 = SURFACE_STYLE_USAGE(.BOTH.,#11785);
#11785 = SURFACE_SIDE_STYLE('',(#11786));
#11786 = SURFACE_STYLE_FILL_AREA(#11787);
#11787 = FILL_AREA_STYLE('',(#11788));
#11788 = FILL_AREA_STYLE_COLOUR('',#11473);
#11789 = OVER_RIDING_STYLED_ITEM('overriding color',(#11790),#5047,
  #11747);
#11790 = PRESENTATION_STYLE_ASSIGNMENT((#11791));
#11791 = SURFACE_STYLE_USAGE(.BOTH.,#11792);
#11792 = SURFACE_SIDE_STYLE('',(#11793));
#11793 = SURFACE_STYLE_FILL_AREA(#11794);
#11794 = FILL_AREA_STYLE('',(#11795));
#11795 = FILL_AREA_STYLE_COLOUR('',#11473);
#11796 = OVER_RIDING_STYLED_ITEM('overriding color',(#11797),#5067,
  #11747);
#11797 = PRESENTATION_STYLE_ASSIGNMENT((#11798));
#11798 = SURFACE_STYLE_USAGE(.BOTH.,#11799);
#11799 = SURFACE_SIDE_STYLE('',(#11800));
#11800 = SURFACE_STYLE_FILL_AREA(#11801);
#11801 = FILL_AREA_STYLE('',(#11802));
#11802 = FILL_AREA_STYLE_COLOUR('',#11473);
#11803 = OVER_RIDING_STYLED_ITEM('overriding color',(#11804),#5087,
  #11747);
#11804 = PRESENTATION_STYLE_ASSIGNMENT((#11805));
#11805 = SURFACE_STYLE_USAGE(.BOTH.,#11806);
#11806 = SURFACE_SIDE_STYLE('',(#11807));
#11807 = SURFACE_STYLE_FILL_AREA(#11808);
#11808 = FILL_AREA_STYLE('',(#11809));
#11809 = FILL_AREA_STYLE_COLOUR('',#11473);
#11810 = OVER_RIDING_STYLED_ITEM('overriding color',(#11811),#5103,
  #11747);
#11811 = PRESENTATION_STYLE_ASSIGNMENT((#11812));
#11812 = SURFACE_STYLE_USAGE(.BOTH.,#11813);
#11813 = SURFACE_SIDE_STYLE('',(#11814));
#11814 = SURFACE_STYLE_FILL_AREA(#11815);
#11815 = FILL_AREA_STYLE('',(#11816));
#11816 = FILL_AREA_STYLE_COLOUR('',#11473);
#11817 = OVER_RIDING_STYLED_ITEM('overriding color',(#11818),#5115,
  #11747);
#11818 = PRESENTATION_STYLE_ASSIGNMENT((#11819));
#11819 = SURFACE_STYLE_USAGE(.BOTH.,#11820);
#11820 = SURFACE_SIDE_STYLE('',(#11821));
#11821 = SURFACE_STYLE_FILL_AREA(#11822);
#11822 = FILL_AREA_STYLE('',(#11823));
#11823 = FILL_AREA_STYLE_COLOUR('',#11473);
#11824 = OVER_RIDING_STYLED_ITEM('overriding color',(#11825),#5135,
  #11747);
#11825 = PRESENTATION_STYLE_ASSIGNMENT((#11826));
#11826 = SURFACE_STYLE_USAGE(.BOTH.,#11827);
#11827 = SURFACE_SIDE_STYLE('',(#11828));
#11828 = SURFACE_STYLE_FILL_AREA(#11829);
#11829 = FILL_AREA_STYLE('',(#11830));
#11830 = FILL_AREA_STYLE_COLOUR('',#11473);
#11831 = OVER_RIDING_STYLED_ITEM('overriding color',(#11832),#5151,
  #11747);
#11832 = PRESENTATION_STYLE_ASSIGNMENT((#11833));
#11833 = SURFACE_STYLE_USAGE(.BOTH.,#11834);
#11834 = SURFACE_SIDE_STYLE('',(#11835));
#11835 = SURFACE_STYLE_FILL_AREA(#11836);
#11836 = FILL_AREA_STYLE('',(#11837));
#11837 = FILL_AREA_STYLE_COLOUR('',#11473);
#11838 = OVER_RIDING_STYLED_ITEM('overriding color',(#11839),#5167,
  #11747);
#11839 = PRESENTATION_STYLE_ASSIGNMENT((#11840));
#11840 = SURFACE_STYLE_USAGE(.BOTH.,#11841);
#11841 = SURFACE_SIDE_STYLE('',(#11842));
#11842 = SURFACE_STYLE_FILL_AREA(#11843);
#11843 = FILL_AREA_STYLE('',(#11844));
#11844 = FILL_AREA_STYLE_COLOUR('',#11473);
#11845 = OVER_RIDING_STYLED_ITEM('overriding color',(#11846),#5187,
  #11747);
#11846 = PRESENTATION_STYLE_ASSIGNMENT((#11847));
#11847 = SURFACE_STYLE_USAGE(.BOTH.,#11848);
#11848 = SURFACE_SIDE_STYLE('',(#11849));
#11849 = SURFACE_STYLE_FILL_AREA(#11850);
#11850 = FILL_AREA_STYLE('',(#11851));
#11851 = FILL_AREA_STYLE_COLOUR('',#11473);
#11852 = OVER_RIDING_STYLED_ITEM('overriding color',(#11853),#5207,
  #11747);
#11853 = PRESENTATION_STYLE_ASSIGNMENT((#11854));
#11854 = SURFACE_STYLE_USAGE(.BOTH.,#11855);
#11855 = SURFACE_SIDE_STYLE('',(#11856));
#11856 = SURFACE_STYLE_FILL_AREA(#11857);
#11857 = FILL_AREA_STYLE('',(#11858));
#11858 = FILL_AREA_STYLE_COLOUR('',#11473);
#11859 = OVER_RIDING_STYLED_ITEM('overriding color',(#11860),#5227,
  #11747);
#11860 = PRESENTATION_STYLE_ASSIGNMENT((#11861));
#11861 = SURFACE_STYLE_USAGE(.BOTH.,#11862);
#11862 = SURFACE_SIDE_STYLE('',(#11863));
#11863 = SURFACE_STYLE_FILL_AREA(#11864);
#11864 = FILL_AREA_STYLE('',(#11865));
#11865 = FILL_AREA_STYLE_COLOUR('',#11473);
#11866 = STYLED_ITEM('color',(#11867),#5243);
#11867 = PRESENTATION_STYLE_ASSIGNMENT((#11868));
#11868 = SURFACE_STYLE_USAGE(.BOTH.,#11869);
#11869 = SURFACE_SIDE_STYLE('',(#11870));
#11870 = SURFACE_STYLE_FILL_AREA(#11871);
#11871 = FILL_AREA_STYLE('',(#11872));
#11872 = FILL_AREA_STYLE_COLOUR('',#10861);
#11873 = OVER_RIDING_STYLED_ITEM('overriding color',(#11874),#5245,
  #11866);
#11874 = PRESENTATION_STYLE_ASSIGNMENT((#11875));
#11875 = SURFACE_STYLE_USAGE(.BOTH.,#11876);
#11876 = SURFACE_SIDE_STYLE('',(#11877));
#11877 = SURFACE_STYLE_FILL_AREA(#11878);
#11878 = FILL_AREA_STYLE('',(#11879));
#11879 = FILL_AREA_STYLE_COLOUR('',#11473);
#11880 = OVER_RIDING_STYLED_ITEM('overriding color',(#11881),#5357,
  #11866);
#11881 = PRESENTATION_STYLE_ASSIGNMENT((#11882));
#11882 = SURFACE_STYLE_USAGE(.BOTH.,#11883);
#11883 = SURFACE_SIDE_STYLE('',(#11884));
#11884 = SURFACE_STYLE_FILL_AREA(#11885);
#11885 = FILL_AREA_STYLE('',(#11886));
#11886 = FILL_AREA_STYLE_COLOUR('',#11473);
#11887 = OVER_RIDING_STYLED_ITEM('overriding color',(#11888),#5469,
  #11866);
#11888 = PRESENTATION_STYLE_ASSIGNMENT((#11889));
#11889 = SURFACE_STYLE_USAGE(.BOTH.,#11890);
#11890 = SURFACE_SIDE_STYLE('',(#11891));
#11891 = SURFACE_STYLE_FILL_AREA(#11892);
#11892 = FILL_AREA_STYLE('',(#11893));
#11893 = FILL_AREA_STYLE_COLOUR('',#11473);
#11894 = OVER_RIDING_STYLED_ITEM('overriding color',(#11895),#5489,
  #11866);
#11895 = PRESENTATION_STYLE_ASSIGNMENT((#11896));
#11896 = SURFACE_STYLE_USAGE(.BOTH.,#11897);
#11897 = SURFACE_SIDE_STYLE('',(#11898));
#11898 = SURFACE_STYLE_FILL_AREA(#11899);
#11899 = FILL_AREA_STYLE('',(#11900));
#11900 = FILL_AREA_STYLE_COLOUR('',#11473);
#11901 = OVER_RIDING_STYLED_ITEM('overriding color',(#11902),#5505,
  #11866);
#11902 = PRESENTATION_STYLE_ASSIGNMENT((#11903));
#11903 = SURFACE_STYLE_USAGE(.BOTH.,#11904);
#11904 = SURFACE_SIDE_STYLE('',(#11905));
#11905 = SURFACE_STYLE_FILL_AREA(#11906);
#11906 = FILL_AREA_STYLE('',(#11907));
#11907 = FILL_AREA_STYLE_COLOUR('',#11473);
#11908 = OVER_RIDING_STYLED_ITEM('overriding color',(#11909),#5521,
  #11866);
#11909 = PRESENTATION_STYLE_ASSIGNMENT((#11910));
#11910 = SURFACE_STYLE_USAGE(.BOTH.,#11911);
#11911 = SURFACE_SIDE_STYLE('',(#11912));
#11912 = SURFACE_STYLE_FILL_AREA(#11913);
#11913 = FILL_AREA_STYLE('',(#11914));
#11914 = FILL_AREA_STYLE_COLOUR('',#11473);
#11915 = OVER_RIDING_STYLED_ITEM('overriding color',(#11916),#5537,
  #11866);
#11916 = PRESENTATION_STYLE_ASSIGNMENT((#11917));
#11917 = SURFACE_STYLE_USAGE(.BOTH.,#11918);
#11918 = SURFACE_SIDE_STYLE('',(#11919));
#11919 = SURFACE_STYLE_FILL_AREA(#11920);
#11920 = FILL_AREA_STYLE('',(#11921));
#11921 = FILL_AREA_STYLE_COLOUR('',#11473);
#11922 = OVER_RIDING_STYLED_ITEM('overriding color',(#11923),#5553,
  #11866);
#11923 = PRESENTATION_STYLE_ASSIGNMENT((#11924));
#11924 = SURFACE_STYLE_USAGE(.BOTH.,#11925);
#11925 = SURFACE_SIDE_STYLE('',(#11926));
#11926 = SURFACE_STYLE_FILL_AREA(#11927);
#11927 = FILL_AREA_STYLE('',(#11928));
#11928 = FILL_AREA_STYLE_COLOUR('',#11473);
#11929 = OVER_RIDING_STYLED_ITEM('overriding color',(#11930),#5569,
  #11866);
#11930 = PRESENTATION_STYLE_ASSIGNMENT((#11931));
#11931 = SURFACE_STYLE_USAGE(.BOTH.,#11932);
#11932 = SURFACE_SIDE_STYLE('',(#11933));
#11933 = SURFACE_STYLE_FILL_AREA(#11934);
#11934 = FILL_AREA_STYLE('',(#11935));
#11935 = FILL_AREA_STYLE_COLOUR('',#11473);
#11936 = OVER_RIDING_STYLED_ITEM('overriding color',(#11937),#5585,
  #11866);
#11937 = PRESENTATION_STYLE_ASSIGNMENT((#11938));
#11938 = SURFACE_STYLE_USAGE(.BOTH.,#11939);
#11939 = SURFACE_SIDE_STYLE('',(#11940));
#11940 = SURFACE_STYLE_FILL_AREA(#11941);
#11941 = FILL_AREA_STYLE('',(#11942));
#11942 = FILL_AREA_STYLE_COLOUR('',#11473);
#11943 = OVER_RIDING_STYLED_ITEM('overriding color',(#11944),#5597,
  #11866);
#11944 = PRESENTATION_STYLE_ASSIGNMENT((#11945));
#11945 = SURFACE_STYLE_USAGE(.BOTH.,#11946);
#11946 = SURFACE_SIDE_STYLE('',(#11947));
#11947 = SURFACE_STYLE_FILL_AREA(#11948);
#11948 = FILL_AREA_STYLE('',(#11949));
#11949 = FILL_AREA_STYLE_COLOUR('',#11473);
#11950 = OVER_RIDING_STYLED_ITEM('overriding color',(#11951),#5617,
  #11866);
#11951 = PRESENTATION_STYLE_ASSIGNMENT((#11952));
#11952 = SURFACE_STYLE_USAGE(.BOTH.,#11953);
#11953 = SURFACE_SIDE_STYLE('',(#11954));
#11954 = SURFACE_STYLE_FILL_AREA(#11955);
#11955 = FILL_AREA_STYLE('',(#11956));
#11956 = FILL_AREA_STYLE_COLOUR('',#11473);
#11957 = OVER_RIDING_STYLED_ITEM('overriding color',(#11958),#5633,
  #11866);
#11958 = PRESENTATION_STYLE_ASSIGNMENT((#11959));
#11959 = SURFACE_STYLE_USAGE(.BOTH.,#11960);
#11960 = SURFACE_SIDE_STYLE('',(#11961));
#11961 = SURFACE_STYLE_FILL_AREA(#11962);
#11962 = FILL_AREA_STYLE('',(#11963));
#11963 = FILL_AREA_STYLE_COLOUR('',#11473);
#11964 = OVER_RIDING_STYLED_ITEM('overriding color',(#11965),#5653,
  #11866);
#11965 = PRESENTATION_STYLE_ASSIGNMENT((#11966));
#11966 = SURFACE_STYLE_USAGE(.BOTH.,#11967);
#11967 = SURFACE_SIDE_STYLE('',(#11968));
#11968 = SURFACE_STYLE_FILL_AREA(#11969);
#11969 = FILL_AREA_STYLE('',(#11970));
#11970 = FILL_AREA_STYLE_COLOUR('',#11473);
#11971 = OVER_RIDING_STYLED_ITEM('overriding color',(#11972),#5669,
  #11866);
#11972 = PRESENTATION_STYLE_ASSIGNMENT((#11973));
#11973 = SURFACE_STYLE_USAGE(.BOTH.,#11974);
#11974 = SURFACE_SIDE_STYLE('',(#11975));
#11975 = SURFACE_STYLE_FILL_AREA(#11976);
#11976 = FILL_AREA_STYLE('',(#11977));
#11977 = FILL_AREA_STYLE_COLOUR('',#11473);
#11978 = OVER_RIDING_STYLED_ITEM('overriding color',(#11979),#5689,
  #11866);
#11979 = PRESENTATION_STYLE_ASSIGNMENT((#11980));
#11980 = SURFACE_STYLE_USAGE(.BOTH.,#11981);
#11981 = SURFACE_SIDE_STYLE('',(#11982));
#11982 = SURFACE_STYLE_FILL_AREA(#11983);
#11983 = FILL_AREA_STYLE('',(#11984));
#11984 = FILL_AREA_STYLE_COLOUR('',#11473);
#11985 = STYLED_ITEM('color',(#11986),#5701);
#11986 = PRESENTATION_STYLE_ASSIGNMENT((#11987));
#11987 = SURFACE_STYLE_USAGE(.BOTH.,#11988);
#11988 = SURFACE_SIDE_STYLE('',(#11989));
#11989 = SURFACE_STYLE_FILL_AREA(#11990);
#11990 = FILL_AREA_STYLE('',(#11991));
#11991 = FILL_AREA_STYLE_COLOUR('',#10861);
#11992 = OVER_RIDING_STYLED_ITEM('overriding color',(#11993),#5703,
  #11985);
#11993 = PRESENTATION_STYLE_ASSIGNMENT((#11994));
#11994 = SURFACE_STYLE_USAGE(.BOTH.,#11995);
#11995 = SURFACE_SIDE_STYLE('',(#11996));
#11996 = SURFACE_STYLE_FILL_AREA(#11997);
#11997 = FILL_AREA_STYLE('',(#11998));
#11998 = FILL_AREA_STYLE_COLOUR('',#11473);
#11999 = OVER_RIDING_STYLED_ITEM('overriding color',(#12000),#5739,
  #11985);
#12000 = PRESENTATION_STYLE_ASSIGNMENT((#12001));
#12001 = SURFACE_STYLE_USAGE(.BOTH.,#12002);
#12002 = SURFACE_SIDE_STYLE('',(#12003));
#12003 = SURFACE_STYLE_FILL_AREA(#12004);
#12004 = FILL_AREA_STYLE('',(#12005));
#12005 = FILL_AREA_STYLE_COLOUR('',#11473);
#12006 = OVER_RIDING_STYLED_ITEM('overriding color',(#12007),#5767,
  #11985);
#12007 = PRESENTATION_STYLE_ASSIGNMENT((#12008));
#12008 = SURFACE_STYLE_USAGE(.BOTH.,#12009);
#12009 = SURFACE_SIDE_STYLE('',(#12010));
#12010 = SURFACE_STYLE_FILL_AREA(#12011);
#12011 = FILL_AREA_STYLE('',(#12012));
#12012 = FILL_AREA_STYLE_COLOUR('',#11473);
#12013 = OVER_RIDING_STYLED_ITEM('overriding color',(#12014),#5795,
  #11985);
#12014 = PRESENTATION_STYLE_ASSIGNMENT((#12015));
#12015 = SURFACE_STYLE_USAGE(.BOTH.,#12016);
#12016 = SURFACE_SIDE_STYLE('',(#12017));
#12017 = SURFACE_STYLE_FILL_AREA(#12018);
#12018 = FILL_AREA_STYLE('',(#12019));
#12019 = FILL_AREA_STYLE_COLOUR('',#11473);
#12020 = OVER_RIDING_STYLED_ITEM('overriding color',(#12021),#5823,
  #11985);
#12021 = PRESENTATION_STYLE_ASSIGNMENT((#12022));
#12022 = SURFACE_STYLE_USAGE(.BOTH.,#12023);
#12023 = SURFACE_SIDE_STYLE('',(#12024));
#12024 = SURFACE_STYLE_FILL_AREA(#12025);
#12025 = FILL_AREA_STYLE('',(#12026));
#12026 = FILL_AREA_STYLE_COLOUR('',#11473);
#12027 = OVER_RIDING_STYLED_ITEM('overriding color',(#12028),#5851,
  #11985);
#12028 = PRESENTATION_STYLE_ASSIGNMENT((#12029));
#12029 = SURFACE_STYLE_USAGE(.BOTH.,#12030);
#12030 = SURFACE_SIDE_STYLE('',(#12031));
#12031 = SURFACE_STYLE_FILL_AREA(#12032);
#12032 = FILL_AREA_STYLE('',(#12033));
#12033 = FILL_AREA_STYLE_COLOUR('',#11473);
#12034 = OVER_RIDING_STYLED_ITEM('overriding color',(#12035),#5879,
  #11985);
#12035 = PRESENTATION_STYLE_ASSIGNMENT((#12036));
#12036 = SURFACE_STYLE_USAGE(.BOTH.,#12037);
#12037 = SURFACE_SIDE_STYLE('',(#12038));
#12038 = SURFACE_STYLE_FILL_AREA(#12039);
#12039 = FILL_AREA_STYLE('',(#12040));
#12040 = FILL_AREA_STYLE_COLOUR('',#11473);
#12041 = OVER_RIDING_STYLED_ITEM('overriding color',(#12042),#5907,
  #11985);
#12042 = PRESENTATION_STYLE_ASSIGNMENT((#12043));
#12043 = SURFACE_STYLE_USAGE(.BOTH.,#12044);
#12044 = SURFACE_SIDE_STYLE('',(#12045));
#12045 = SURFACE_STYLE_FILL_AREA(#12046);
#12046 = FILL_AREA_STYLE('',(#12047));
#12047 = FILL_AREA_STYLE_COLOUR('',#11473);
#12048 = OVER_RIDING_STYLED_ITEM('overriding color',(#12049),#5935,
  #11985);
#12049 = PRESENTATION_STYLE_ASSIGNMENT((#12050));
#12050 = SURFACE_STYLE_USAGE(.BOTH.,#12051);
#12051 = SURFACE_SIDE_STYLE('',(#12052));
#12052 = SURFACE_STYLE_FILL_AREA(#12053);
#12053 = FILL_AREA_STYLE('',(#12054));
#12054 = FILL_AREA_STYLE_COLOUR('',#11473);
#12055 = OVER_RIDING_STYLED_ITEM('overriding color',(#12056),#5963,
  #11985);
#12056 = PRESENTATION_STYLE_ASSIGNMENT((#12057));
#12057 = SURFACE_STYLE_USAGE(.BOTH.,#12058);
#12058 = SURFACE_SIDE_STYLE('',(#12059));
#12059 = SURFACE_STYLE_FILL_AREA(#12060);
#12060 = FILL_AREA_STYLE('',(#12061));
#12061 = FILL_AREA_STYLE_COLOUR('',#11473);
#12062 = OVER_RIDING_STYLED_ITEM('overriding color',(#12063),#5991,
  #11985);
#12063 = PRESENTATION_STYLE_ASSIGNMENT((#12064));
#12064 = SURFACE_STYLE_USAGE(.BOTH.,#12065);
#12065 = SURFACE_SIDE_STYLE('',(#12066));
#12066 = SURFACE_STYLE_FILL_AREA(#12067);
#12067 = FILL_AREA_STYLE('',(#12068));
#12068 = FILL_AREA_STYLE_COLOUR('',#11473);
#12069 = OVER_RIDING_STYLED_ITEM('overriding color',(#12070),#6019,
  #11985);
#12070 = PRESENTATION_STYLE_ASSIGNMENT((#12071));
#12071 = SURFACE_STYLE_USAGE(.BOTH.,#12072);
#12072 = SURFACE_SIDE_STYLE('',(#12073));
#12073 = SURFACE_STYLE_FILL_AREA(#12074);
#12074 = FILL_AREA_STYLE('',(#12075));
#12075 = FILL_AREA_STYLE_COLOUR('',#11473);
#12076 = OVER_RIDING_STYLED_ITEM('overriding color',(#12077),#6039,
  #11985);
#12077 = PRESENTATION_STYLE_ASSIGNMENT((#12078));
#12078 = SURFACE_STYLE_USAGE(.BOTH.,#12079);
#12079 = SURFACE_SIDE_STYLE('',(#12080));
#12080 = SURFACE_STYLE_FILL_AREA(#12081);
#12081 = FILL_AREA_STYLE('',(#12082));
#12082 = FILL_AREA_STYLE_COLOUR('',#11473);
#12083 = OVER_RIDING_STYLED_ITEM('overriding color',(#12084),#6059,
  #11985);
#12084 = PRESENTATION_STYLE_ASSIGNMENT((#12085));
#12085 = SURFACE_STYLE_USAGE(.BOTH.,#12086);
#12086 = SURFACE_SIDE_STYLE('',(#12087));
#12087 = SURFACE_STYLE_FILL_AREA(#12088);
#12088 = FILL_AREA_STYLE('',(#12089));
#12089 = FILL_AREA_STYLE_COLOUR('',#11473);
#12090 = STYLED_ITEM('color',(#12091),#6079);
#12091 = PRESENTATION_STYLE_ASSIGNMENT((#12092));
#12092 = SURFACE_STYLE_USAGE(.BOTH.,#12093);
#12093 = SURFACE_SIDE_STYLE('',(#12094));
#12094 = SURFACE_STYLE_FILL_AREA(#12095);
#12095 = FILL_AREA_STYLE('',(#12096));
#12096 = FILL_AREA_STYLE_COLOUR('',#10861);
#12097 = OVER_RIDING_STYLED_ITEM('overriding color',(#12098),#6081,
  #12090);
#12098 = PRESENTATION_STYLE_ASSIGNMENT((#12099));
#12099 = SURFACE_STYLE_USAGE(.BOTH.,#12100);
#12100 = SURFACE_SIDE_STYLE('',(#12101));
#12101 = SURFACE_STYLE_FILL_AREA(#12102);
#12102 = FILL_AREA_STYLE('',(#12103));
#12103 = FILL_AREA_STYLE_COLOUR('',#11473);
#12104 = OVER_RIDING_STYLED_ITEM('overriding color',(#12105),#6273,
  #12090);
#12105 = PRESENTATION_STYLE_ASSIGNMENT((#12106));
#12106 = SURFACE_STYLE_USAGE(.BOTH.,#12107);
#12107 = SURFACE_SIDE_STYLE('',(#12108));
#12108 = SURFACE_STYLE_FILL_AREA(#12109);
#12109 = FILL_AREA_STYLE('',(#12110));
#12110 = FILL_AREA_STYLE_COLOUR('',#11473);
#12111 = OVER_RIDING_STYLED_ITEM('overriding color',(#12112),#6465,
  #12090);
#12112 = PRESENTATION_STYLE_ASSIGNMENT((#12113));
#12113 = SURFACE_STYLE_USAGE(.BOTH.,#12114);
#12114 = SURFACE_SIDE_STYLE('',(#12115));
#12115 = SURFACE_STYLE_FILL_AREA(#12116);
#12116 = FILL_AREA_STYLE('',(#12117));
#12117 = FILL_AREA_STYLE_COLOUR('',#11473);
#12118 = OVER_RIDING_STYLED_ITEM('overriding color',(#12119),#6489,
  #12090);
#12119 = PRESENTATION_STYLE_ASSIGNMENT((#12120));
#12120 = SURFACE_STYLE_USAGE(.BOTH.,#12121);
#12121 = SURFACE_SIDE_STYLE('',(#12122));
#12122 = SURFACE_STYLE_FILL_AREA(#12123);
#12123 = FILL_AREA_STYLE('',(#12124));
#12124 = FILL_AREA_STYLE_COLOUR('',#11473);
#12125 = OVER_RIDING_STYLED_ITEM('overriding color',(#12126),#6505,
  #12090);
#12126 = PRESENTATION_STYLE_ASSIGNMENT((#12127));
#12127 = SURFACE_STYLE_USAGE(.BOTH.,#12128);
#12128 = SURFACE_SIDE_STYLE('',(#12129));
#12129 = SURFACE_STYLE_FILL_AREA(#12130);
#12130 = FILL_AREA_STYLE('',(#12131));
#12131 = FILL_AREA_STYLE_COLOUR('',#11473);
#12132 = OVER_RIDING_STYLED_ITEM('overriding color',(#12133),#6525,
  #12090);
#12133 = PRESENTATION_STYLE_ASSIGNMENT((#12134));
#12134 = SURFACE_STYLE_USAGE(.BOTH.,#12135);
#12135 = SURFACE_SIDE_STYLE('',(#12136));
#12136 = SURFACE_STYLE_FILL_AREA(#12137);
#12137 = FILL_AREA_STYLE('',(#12138));
#12138 = FILL_AREA_STYLE_COLOUR('',#11473);
#12139 = OVER_RIDING_STYLED_ITEM('overriding color',(#12140),#6545,
  #12090);
#12140 = PRESENTATION_STYLE_ASSIGNMENT((#12141));
#12141 = SURFACE_STYLE_USAGE(.BOTH.,#12142);
#12142 = SURFACE_SIDE_STYLE('',(#12143));
#12143 = SURFACE_STYLE_FILL_AREA(#12144);
#12144 = FILL_AREA_STYLE('',(#12145));
#12145 = FILL_AREA_STYLE_COLOUR('',#11473);
#12146 = OVER_RIDING_STYLED_ITEM('overriding color',(#12147),#6561,
  #12090);
#12147 = PRESENTATION_STYLE_ASSIGNMENT((#12148));
#12148 = SURFACE_STYLE_USAGE(.BOTH.,#12149);
#12149 = SURFACE_SIDE_STYLE('',(#12150));
#12150 = SURFACE_STYLE_FILL_AREA(#12151);
#12151 = FILL_AREA_STYLE('',(#12152));
#12152 = FILL_AREA_STYLE_COLOUR('',#11473);
#12153 = OVER_RIDING_STYLED_ITEM('overriding color',(#12154),#6581,
  #12090);
#12154 = PRESENTATION_STYLE_ASSIGNMENT((#12155));
#12155 = SURFACE_STYLE_USAGE(.BOTH.,#12156);
#12156 = SURFACE_SIDE_STYLE('',(#12157));
#12157 = SURFACE_STYLE_FILL_AREA(#12158);
#12158 = FILL_AREA_STYLE('',(#12159));
#12159 = FILL_AREA_STYLE_COLOUR('',#11473);
#12160 = OVER_RIDING_STYLED_ITEM('overriding color',(#12161),#6601,
  #12090);
#12161 = PRESENTATION_STYLE_ASSIGNMENT((#12162));
#12162 = SURFACE_STYLE_USAGE(.BOTH.,#12163);
#12163 = SURFACE_SIDE_STYLE('',(#12164));
#12164 = SURFACE_STYLE_FILL_AREA(#12165);
#12165 = FILL_AREA_STYLE('',(#12166));
#12166 = FILL_AREA_STYLE_COLOUR('',#11473);
#12167 = OVER_RIDING_STYLED_ITEM('overriding color',(#12168),#6621,
  #12090);
#12168 = PRESENTATION_STYLE_ASSIGNMENT((#12169));
#12169 = SURFACE_STYLE_USAGE(.BOTH.,#12170);
#12170 = SURFACE_SIDE_STYLE('',(#12171));
#12171 = SURFACE_STYLE_FILL_AREA(#12172);
#12172 = FILL_AREA_STYLE('',(#12173));
#12173 = FILL_AREA_STYLE_COLOUR('',#11473);
#12174 = OVER_RIDING_STYLED_ITEM('overriding color',(#12175),#6641,
  #12090);
#12175 = PRESENTATION_STYLE_ASSIGNMENT((#12176));
#12176 = SURFACE_STYLE_USAGE(.BOTH.,#12177);
#12177 = SURFACE_SIDE_STYLE('',(#12178));
#12178 = SURFACE_STYLE_FILL_AREA(#12179);
#12179 = FILL_AREA_STYLE('',(#12180));
#12180 = FILL_AREA_STYLE_COLOUR('',#11473);
#12181 = OVER_RIDING_STYLED_ITEM('overriding color',(#12182),#6657,
  #12090);
#12182 = PRESENTATION_STYLE_ASSIGNMENT((#12183));
#12183 = SURFACE_STYLE_USAGE(.BOTH.,#12184);
#12184 = SURFACE_SIDE_STYLE('',(#12185));
#12185 = SURFACE_STYLE_FILL_AREA(#12186);
#12186 = FILL_AREA_STYLE('',(#12187));
#12187 = FILL_AREA_STYLE_COLOUR('',#11473);
#12188 = OVER_RIDING_STYLED_ITEM('overriding color',(#12189),#6673,
  #12090);
#12189 = PRESENTATION_STYLE_ASSIGNMENT((#12190));
#12190 = SURFACE_STYLE_USAGE(.BOTH.,#12191);
#12191 = SURFACE_SIDE_STYLE('',(#12192));
#12192 = SURFACE_STYLE_FILL_AREA(#12193);
#12193 = FILL_AREA_STYLE('',(#12194));
#12194 = FILL_AREA_STYLE_COLOUR('',#11473);
#12195 = OVER_RIDING_STYLED_ITEM('overriding color',(#12196),#6689,
  #12090);
#12196 = PRESENTATION_STYLE_ASSIGNMENT((#12197));
#12197 = SURFACE_STYLE_USAGE(.BOTH.,#12198);
#12198 = SURFACE_SIDE_STYLE('',(#12199));
#12199 = SURFACE_STYLE_FILL_AREA(#12200);
#12200 = FILL_AREA_STYLE('',(#12201));
#12201 = FILL_AREA_STYLE_COLOUR('',#11473);
#12202 = OVER_RIDING_STYLED_ITEM('overriding color',(#12203),#6705,
  #12090);
#12203 = PRESENTATION_STYLE_ASSIGNMENT((#12204));
#12204 = SURFACE_STYLE_USAGE(.BOTH.,#12205);
#12205 = SURFACE_SIDE_STYLE('',(#12206));
#12206 = SURFACE_STYLE_FILL_AREA(#12207);
#12207 = FILL_AREA_STYLE('',(#12208));
#12208 = FILL_AREA_STYLE_COLOUR('',#11473);
#12209 = OVER_RIDING_STYLED_ITEM('overriding color',(#12210),#6721,
  #12090);
#12210 = PRESENTATION_STYLE_ASSIGNMENT((#12211));
#12211 = SURFACE_STYLE_USAGE(.BOTH.,#12212);
#12212 = SURFACE_SIDE_STYLE('',(#12213));
#12213 = SURFACE_STYLE_FILL_AREA(#12214);
#12214 = FILL_AREA_STYLE('',(#12215));
#12215 = FILL_AREA_STYLE_COLOUR('',#11473);
#12216 = OVER_RIDING_STYLED_ITEM('overriding color',(#12217),#6745,
  #12090);
#12217 = PRESENTATION_STYLE_ASSIGNMENT((#12218));
#12218 = SURFACE_STYLE_USAGE(.BOTH.,#12219);
#12219 = SURFACE_SIDE_STYLE('',(#12220));
#12220 = SURFACE_STYLE_FILL_AREA(#12221);
#12221 = FILL_AREA_STYLE('',(#12222));
#12222 = FILL_AREA_STYLE_COLOUR('',#11473);
#12223 = OVER_RIDING_STYLED_ITEM('overriding color',(#12224),#6765,
  #12090);
#12224 = PRESENTATION_STYLE_ASSIGNMENT((#12225));
#12225 = SURFACE_STYLE_USAGE(.BOTH.,#12226);
#12226 = SURFACE_SIDE_STYLE('',(#12227));
#12227 = SURFACE_STYLE_FILL_AREA(#12228);
#12228 = FILL_AREA_STYLE('',(#12229));
#12229 = FILL_AREA_STYLE_COLOUR('',#11473);
#12230 = OVER_RIDING_STYLED_ITEM('overriding color',(#12231),#6785,
  #12090);
#12231 = PRESENTATION_STYLE_ASSIGNMENT((#12232));
#12232 = SURFACE_STYLE_USAGE(.BOTH.,#12233);
#12233 = SURFACE_SIDE_STYLE('',(#12234));
#12234 = SURFACE_STYLE_FILL_AREA(#12235);
#12235 = FILL_AREA_STYLE('',(#12236));
#12236 = FILL_AREA_STYLE_COLOUR('',#11473);
#12237 = OVER_RIDING_STYLED_ITEM('overriding color',(#12238),#6805,
  #12090);
#12238 = PRESENTATION_STYLE_ASSIGNMENT((#12239));
#12239 = SURFACE_STYLE_USAGE(.BOTH.,#12240);
#12240 = SURFACE_SIDE_STYLE('',(#12241));
#12241 = SURFACE_STYLE_FILL_AREA(#12242);
#12242 = FILL_AREA_STYLE('',(#12243));
#12243 = FILL_AREA_STYLE_COLOUR('',#11473);
#12244 = OVER_RIDING_STYLED_ITEM('overriding color',(#12245),#6825,
  #12090);
#12245 = PRESENTATION_STYLE_ASSIGNMENT((#12246));
#12246 = SURFACE_STYLE_USAGE(.BOTH.,#12247);
#12247 = SURFACE_SIDE_STYLE('',(#12248));
#12248 = SURFACE_STYLE_FILL_AREA(#12249);
#12249 = FILL_AREA_STYLE('',(#12250));
#12250 = FILL_AREA_STYLE_COLOUR('',#11473);
#12251 = OVER_RIDING_STYLED_ITEM('overriding color',(#12252),#6845,
  #12090);
#12252 = PRESENTATION_STYLE_ASSIGNMENT((#12253));
#12253 = SURFACE_STYLE_USAGE(.BOTH.,#12254);
#12254 = SURFACE_SIDE_STYLE('',(#12255));
#12255 = SURFACE_STYLE_FILL_AREA(#12256);
#12256 = FILL_AREA_STYLE('',(#12257));
#12257 = FILL_AREA_STYLE_COLOUR('',#11473);
#12258 = OVER_RIDING_STYLED_ITEM('overriding color',(#12259),#6861,
  #12090);
#12259 = PRESENTATION_STYLE_ASSIGNMENT((#12260));
#12260 = SURFACE_STYLE_USAGE(.BOTH.,#12261);
#12261 = SURFACE_SIDE_STYLE('',(#12262));
#12262 = SURFACE_STYLE_FILL_AREA(#12263);
#12263 = FILL_AREA_STYLE('',(#12264));
#12264 = FILL_AREA_STYLE_COLOUR('',#11473);
#12265 = STYLED_ITEM('color',(#12266),#6873);
#12266 = PRESENTATION_STYLE_ASSIGNMENT((#12267));
#12267 = SURFACE_STYLE_USAGE(.BOTH.,#12268);
#12268 = SURFACE_SIDE_STYLE('',(#12269));
#12269 = SURFACE_STYLE_FILL_AREA(#12270);
#12270 = FILL_AREA_STYLE('',(#12271));
#12271 = FILL_AREA_STYLE_COLOUR('',#10861);
#12272 = OVER_RIDING_STYLED_ITEM('overriding color',(#12273),#6875,
  #12265);
#12273 = PRESENTATION_STYLE_ASSIGNMENT((#12274));
#12274 = SURFACE_STYLE_USAGE(.BOTH.,#12275);
#12275 = SURFACE_SIDE_STYLE('',(#12276));
#12276 = SURFACE_STYLE_FILL_AREA(#12277);
#12277 = FILL_AREA_STYLE('',(#12278));
#12278 = FILL_AREA_STYLE_COLOUR('',#11473);
#12279 = OVER_RIDING_STYLED_ITEM('overriding color',(#12280),#6919,
  #12265);
#12280 = PRESENTATION_STYLE_ASSIGNMENT((#12281));
#12281 = SURFACE_STYLE_USAGE(.BOTH.,#12282);
#12282 = SURFACE_SIDE_STYLE('',(#12283));
#12283 = SURFACE_STYLE_FILL_AREA(#12284);
#12284 = FILL_AREA_STYLE('',(#12285));
#12285 = FILL_AREA_STYLE_COLOUR('',#11473);
#12286 = OVER_RIDING_STYLED_ITEM('overriding color',(#12287),#6947,
  #12265);
#12287 = PRESENTATION_STYLE_ASSIGNMENT((#12288));
#12288 = SURFACE_STYLE_USAGE(.BOTH.,#12289);
#12289 = SURFACE_SIDE_STYLE('',(#12290));
#12290 = SURFACE_STYLE_FILL_AREA(#12291);
#12291 = FILL_AREA_STYLE('',(#12292));
#12292 = FILL_AREA_STYLE_COLOUR('',#11473);
#12293 = OVER_RIDING_STYLED_ITEM('overriding color',(#12294),#6983,
  #12265);
#12294 = PRESENTATION_STYLE_ASSIGNMENT((#12295));
#12295 = SURFACE_STYLE_USAGE(.BOTH.,#12296);
#12296 = SURFACE_SIDE_STYLE('',(#12297));
#12297 = SURFACE_STYLE_FILL_AREA(#12298);
#12298 = FILL_AREA_STYLE('',(#12299));
#12299 = FILL_AREA_STYLE_COLOUR('',#11473);
#12300 = OVER_RIDING_STYLED_ITEM('overriding color',(#12301),#7019,
  #12265);
#12301 = PRESENTATION_STYLE_ASSIGNMENT((#12302));
#12302 = SURFACE_STYLE_USAGE(.BOTH.,#12303);
#12303 = SURFACE_SIDE_STYLE('',(#12304));
#12304 = SURFACE_STYLE_FILL_AREA(#12305);
#12305 = FILL_AREA_STYLE('',(#12306));
#12306 = FILL_AREA_STYLE_COLOUR('',#11473);
#12307 = OVER_RIDING_STYLED_ITEM('overriding color',(#12308),#7055,
  #12265);
#12308 = PRESENTATION_STYLE_ASSIGNMENT((#12309));
#12309 = SURFACE_STYLE_USAGE(.BOTH.,#12310);
#12310 = SURFACE_SIDE_STYLE('',(#12311));
#12311 = SURFACE_STYLE_FILL_AREA(#12312);
#12312 = FILL_AREA_STYLE('',(#12313));
#12313 = FILL_AREA_STYLE_COLOUR('',#11473);
#12314 = OVER_RIDING_STYLED_ITEM('overriding color',(#12315),#7091,
  #12265);
#12315 = PRESENTATION_STYLE_ASSIGNMENT((#12316));
#12316 = SURFACE_STYLE_USAGE(.BOTH.,#12317);
#12317 = SURFACE_SIDE_STYLE('',(#12318));
#12318 = SURFACE_STYLE_FILL_AREA(#12319);
#12319 = FILL_AREA_STYLE('',(#12320));
#12320 = FILL_AREA_STYLE_COLOUR('',#11473);
#12321 = OVER_RIDING_STYLED_ITEM('overriding color',(#12322),#7127,
  #12265);
#12322 = PRESENTATION_STYLE_ASSIGNMENT((#12323));
#12323 = SURFACE_STYLE_USAGE(.BOTH.,#12324);
#12324 = SURFACE_SIDE_STYLE('',(#12325));
#12325 = SURFACE_STYLE_FILL_AREA(#12326);
#12326 = FILL_AREA_STYLE('',(#12327));
#12327 = FILL_AREA_STYLE_COLOUR('',#11473);
#12328 = OVER_RIDING_STYLED_ITEM('overriding color',(#12329),#7163,
  #12265);
#12329 = PRESENTATION_STYLE_ASSIGNMENT((#12330));
#12330 = SURFACE_STYLE_USAGE(.BOTH.,#12331);
#12331 = SURFACE_SIDE_STYLE('',(#12332));
#12332 = SURFACE_STYLE_FILL_AREA(#12333);
#12333 = FILL_AREA_STYLE('',(#12334));
#12334 = FILL_AREA_STYLE_COLOUR('',#11473);
#12335 = OVER_RIDING_STYLED_ITEM('overriding color',(#12336),#7199,
  #12265);
#12336 = PRESENTATION_STYLE_ASSIGNMENT((#12337));
#12337 = SURFACE_STYLE_USAGE(.BOTH.,#12338);
#12338 = SURFACE_SIDE_STYLE('',(#12339));
#12339 = SURFACE_STYLE_FILL_AREA(#12340);
#12340 = FILL_AREA_STYLE('',(#12341));
#12341 = FILL_AREA_STYLE_COLOUR('',#11473);
#12342 = OVER_RIDING_STYLED_ITEM('overriding color',(#12343),#7235,
  #12265);
#12343 = PRESENTATION_STYLE_ASSIGNMENT((#12344));
#12344 = SURFACE_STYLE_USAGE(.BOTH.,#12345);
#12345 = SURFACE_SIDE_STYLE('',(#12346));
#12346 = SURFACE_STYLE_FILL_AREA(#12347);
#12347 = FILL_AREA_STYLE('',(#12348));
#12348 = FILL_AREA_STYLE_COLOUR('',#11473);
#12349 = OVER_RIDING_STYLED_ITEM('overriding color',(#12350),#7271,
  #12265);
#12350 = PRESENTATION_STYLE_ASSIGNMENT((#12351));
#12351 = SURFACE_STYLE_USAGE(.BOTH.,#12352);
#12352 = SURFACE_SIDE_STYLE('',(#12353));
#12353 = SURFACE_STYLE_FILL_AREA(#12354);
#12354 = FILL_AREA_STYLE('',(#12355));
#12355 = FILL_AREA_STYLE_COLOUR('',#11473);
#12356 = OVER_RIDING_STYLED_ITEM('overriding color',(#12357),#7307,
  #12265);
#12357 = PRESENTATION_STYLE_ASSIGNMENT((#12358));
#12358 = SURFACE_STYLE_USAGE(.BOTH.,#12359);
#12359 = SURFACE_SIDE_STYLE('',(#12360));
#12360 = SURFACE_STYLE_FILL_AREA(#12361);
#12361 = FILL_AREA_STYLE('',(#12362));
#12362 = FILL_AREA_STYLE_COLOUR('',#11473);
#12363 = OVER_RIDING_STYLED_ITEM('overriding color',(#12364),#7335,
  #12265);
#12364 = PRESENTATION_STYLE_ASSIGNMENT((#12365));
#12365 = SURFACE_STYLE_USAGE(.BOTH.,#12366);
#12366 = SURFACE_SIDE_STYLE('',(#12367));
#12367 = SURFACE_STYLE_FILL_AREA(#12368);
#12368 = FILL_AREA_STYLE('',(#12369));
#12369 = FILL_AREA_STYLE_COLOUR('',#11473);
#12370 = OVER_RIDING_STYLED_ITEM('overriding color',(#12371),#7371,
  #12265);
#12371 = PRESENTATION_STYLE_ASSIGNMENT((#12372));
#12372 = SURFACE_STYLE_USAGE(.BOTH.,#12373);
#12373 = SURFACE_SIDE_STYLE('',(#12374));
#12374 = SURFACE_STYLE_FILL_AREA(#12375);
#12375 = FILL_AREA_STYLE('',(#12376));
#12376 = FILL_AREA_STYLE_COLOUR('',#11473);
#12377 = OVER_RIDING_STYLED_ITEM('overriding color',(#12378),#7407,
  #12265);
#12378 = PRESENTATION_STYLE_ASSIGNMENT((#12379));
#12379 = SURFACE_STYLE_USAGE(.BOTH.,#12380);
#12380 = SURFACE_SIDE_STYLE('',(#12381));
#12381 = SURFACE_STYLE_FILL_AREA(#12382);
#12382 = FILL_AREA_STYLE('',(#12383));
#12383 = FILL_AREA_STYLE_COLOUR('',#11473);
#12384 = OVER_RIDING_STYLED_ITEM('overriding color',(#12385),#7443,
  #12265);
#12385 = PRESENTATION_STYLE_ASSIGNMENT((#12386));
#12386 = SURFACE_STYLE_USAGE(.BOTH.,#12387);
#12387 = SURFACE_SIDE_STYLE('',(#12388));
#12388 = SURFACE_STYLE_FILL_AREA(#12389);
#12389 = FILL_AREA_STYLE('',(#12390));
#12390 = FILL_AREA_STYLE_COLOUR('',#11473);
#12391 = OVER_RIDING_STYLED_ITEM('overriding color',(#12392),#7479,
  #12265);
#12392 = PRESENTATION_STYLE_ASSIGNMENT((#12393));
#12393 = SURFACE_STYLE_USAGE(.BOTH.,#12394);
#12394 = SURFACE_SIDE_STYLE('',(#12395));
#12395 = SURFACE_STYLE_FILL_AREA(#12396);
#12396 = FILL_AREA_STYLE('',(#12397));
#12397 = FILL_AREA_STYLE_COLOUR('',#11473);
#12398 = OVER_RIDING_STYLED_ITEM('overriding color',(#12399),#7515,
  #12265);
#12399 = PRESENTATION_STYLE_ASSIGNMENT((#12400));
#12400 = SURFACE_STYLE_USAGE(.BOTH.,#12401);
#12401 = SURFACE_SIDE_STYLE('',(#12402));
#12402 = SURFACE_STYLE_FILL_AREA(#12403);
#12403 = FILL_AREA_STYLE('',(#12404));
#12404 = FILL_AREA_STYLE_COLOUR('',#11473);
#12405 = OVER_RIDING_STYLED_ITEM('overriding color',(#12406),#7551,
  #12265);
#12406 = PRESENTATION_STYLE_ASSIGNMENT((#12407));
#12407 = SURFACE_STYLE_USAGE(.BOTH.,#12408);
#12408 = SURFACE_SIDE_STYLE('',(#12409));
#12409 = SURFACE_STYLE_FILL_AREA(#12410);
#12410 = FILL_AREA_STYLE('',(#12411));
#12411 = FILL_AREA_STYLE_COLOUR('',#11473);
#12412 = OVER_RIDING_STYLED_ITEM('overriding color',(#12413),#7587,
  #12265);
#12413 = PRESENTATION_STYLE_ASSIGNMENT((#12414));
#12414 = SURFACE_STYLE_USAGE(.BOTH.,#12415);
#12415 = SURFACE_SIDE_STYLE('',(#12416));
#12416 = SURFACE_STYLE_FILL_AREA(#12417);
#12417 = FILL_AREA_STYLE('',(#12418));
#12418 = FILL_AREA_STYLE_COLOUR('',#11473);
#12419 = OVER_RIDING_STYLED_ITEM('overriding color',(#12420),#7615,
  #12265);
#12420 = PRESENTATION_STYLE_ASSIGNMENT((#12421));
#12421 = SURFACE_STYLE_USAGE(.BOTH.,#12422);
#12422 = SURFACE_SIDE_STYLE('',(#12423));
#12423 = SURFACE_STYLE_FILL_AREA(#12424);
#12424 = FILL_AREA_STYLE('',(#12425));
#12425 = FILL_AREA_STYLE_COLOUR('',#11473);
#12426 = OVER_RIDING_STYLED_ITEM('overriding color',(#12427),#7644,
  #12265);
#12427 = PRESENTATION_STYLE_ASSIGNMENT((#12428));
#12428 = SURFACE_STYLE_USAGE(.BOTH.,#12429);
#12429 = SURFACE_SIDE_STYLE('',(#12430));
#12430 = SURFACE_STYLE_FILL_AREA(#12431);
#12431 = FILL_AREA_STYLE('',(#12432));
#12432 = FILL_AREA_STYLE_COLOUR('',#11473);
#12433 = STYLED_ITEM('color',(#12434),#7673);
#12434 = PRESENTATION_STYLE_ASSIGNMENT((#12435));
#12435 = SURFACE_STYLE_USAGE(.BOTH.,#12436);
#12436 = SURFACE_SIDE_STYLE('',(#12437));
#12437 = SURFACE_STYLE_FILL_AREA(#12438);
#12438 = FILL_AREA_STYLE('',(#12439));
#12439 = FILL_AREA_STYLE_COLOUR('',#10861);
#12440 = OVER_RIDING_STYLED_ITEM('overriding color',(#12441),#7675,
  #12433);
#12441 = PRESENTATION_STYLE_ASSIGNMENT((#12442));
#12442 = SURFACE_STYLE_USAGE(.BOTH.,#12443);
#12443 = SURFACE_SIDE_STYLE('',(#12444));
#12444 = SURFACE_STYLE_FILL_AREA(#12445);
#12445 = FILL_AREA_STYLE('',(#12446));
#12446 = FILL_AREA_STYLE_COLOUR('',#11473);
#12447 = OVER_RIDING_STYLED_ITEM('overriding color',(#12448),#7711,
  #12433);
#12448 = PRESENTATION_STYLE_ASSIGNMENT((#12449));
#12449 = SURFACE_STYLE_USAGE(.BOTH.,#12450);
#12450 = SURFACE_SIDE_STYLE('',(#12451));
#12451 = SURFACE_STYLE_FILL_AREA(#12452);
#12452 = FILL_AREA_STYLE('',(#12453));
#12453 = FILL_AREA_STYLE_COLOUR('',#11473);
#12454 = OVER_RIDING_STYLED_ITEM('overriding color',(#12455),#7739,
  #12433);
#12455 = PRESENTATION_STYLE_ASSIGNMENT((#12456));
#12456 = SURFACE_STYLE_USAGE(.BOTH.,#12457);
#12457 = SURFACE_SIDE_STYLE('',(#12458));
#12458 = SURFACE_STYLE_FILL_AREA(#12459);
#12459 = FILL_AREA_STYLE('',(#12460));
#12460 = FILL_AREA_STYLE_COLOUR('',#11473);
#12461 = OVER_RIDING_STYLED_ITEM('overriding color',(#12462),#7775,
  #12433);
#12462 = PRESENTATION_STYLE_ASSIGNMENT((#12463));
#12463 = SURFACE_STYLE_USAGE(.BOTH.,#12464);
#12464 = SURFACE_SIDE_STYLE('',(#12465));
#12465 = SURFACE_STYLE_FILL_AREA(#12466);
#12466 = FILL_AREA_STYLE('',(#12467));
#12467 = FILL_AREA_STYLE_COLOUR('',#11473);
#12468 = OVER_RIDING_STYLED_ITEM('overriding color',(#12469),#7803,
  #12433);
#12469 = PRESENTATION_STYLE_ASSIGNMENT((#12470));
#12470 = SURFACE_STYLE_USAGE(.BOTH.,#12471);
#12471 = SURFACE_SIDE_STYLE('',(#12472));
#12472 = SURFACE_STYLE_FILL_AREA(#12473);
#12473 = FILL_AREA_STYLE('',(#12474));
#12474 = FILL_AREA_STYLE_COLOUR('',#11473);
#12475 = OVER_RIDING_STYLED_ITEM('overriding color',(#12476),#7831,
  #12433);
#12476 = PRESENTATION_STYLE_ASSIGNMENT((#12477));
#12477 = SURFACE_STYLE_USAGE(.BOTH.,#12478);
#12478 = SURFACE_SIDE_STYLE('',(#12479));
#12479 = SURFACE_STYLE_FILL_AREA(#12480);
#12480 = FILL_AREA_STYLE('',(#12481));
#12481 = FILL_AREA_STYLE_COLOUR('',#11473);
#12482 = OVER_RIDING_STYLED_ITEM('overriding color',(#12483),#7859,
  #12433);
#12483 = PRESENTATION_STYLE_ASSIGNMENT((#12484));
#12484 = SURFACE_STYLE_USAGE(.BOTH.,#12485);
#12485 = SURFACE_SIDE_STYLE('',(#12486));
#12486 = SURFACE_STYLE_FILL_AREA(#12487);
#12487 = FILL_AREA_STYLE('',(#12488));
#12488 = FILL_AREA_STYLE_COLOUR('',#11473);
#12489 = OVER_RIDING_STYLED_ITEM('overriding color',(#12490),#7887,
  #12433);
#12490 = PRESENTATION_STYLE_ASSIGNMENT((#12491));
#12491 = SURFACE_STYLE_USAGE(.BOTH.,#12492);
#12492 = SURFACE_SIDE_STYLE('',(#12493));
#12493 = SURFACE_STYLE_FILL_AREA(#12494);
#12494 = FILL_AREA_STYLE('',(#12495));
#12495 = FILL_AREA_STYLE_COLOUR('',#11473);
#12496 = OVER_RIDING_STYLED_ITEM('overriding color',(#12497),#7915,
  #12433);
#12497 = PRESENTATION_STYLE_ASSIGNMENT((#12498));
#12498 = SURFACE_STYLE_USAGE(.BOTH.,#12499);
#12499 = SURFACE_SIDE_STYLE('',(#12500));
#12500 = SURFACE_STYLE_FILL_AREA(#12501);
#12501 = FILL_AREA_STYLE('',(#12502));
#12502 = FILL_AREA_STYLE_COLOUR('',#11473);
#12503 = OVER_RIDING_STYLED_ITEM('overriding color',(#12504),#7943,
  #12433);
#12504 = PRESENTATION_STYLE_ASSIGNMENT((#12505));
#12505 = SURFACE_STYLE_USAGE(.BOTH.,#12506);
#12506 = SURFACE_SIDE_STYLE('',(#12507));
#12507 = SURFACE_STYLE_FILL_AREA(#12508);
#12508 = FILL_AREA_STYLE('',(#12509));
#12509 = FILL_AREA_STYLE_COLOUR('',#11473);
#12510 = OVER_RIDING_STYLED_ITEM('overriding color',(#12511),#7979,
  #12433);
#12511 = PRESENTATION_STYLE_ASSIGNMENT((#12512));
#12512 = SURFACE_STYLE_USAGE(.BOTH.,#12513);
#12513 = SURFACE_SIDE_STYLE('',(#12514));
#12514 = SURFACE_STYLE_FILL_AREA(#12515);
#12515 = FILL_AREA_STYLE('',(#12516));
#12516 = FILL_AREA_STYLE_COLOUR('',#11473);
#12517 = OVER_RIDING_STYLED_ITEM('overriding color',(#12518),#8015,
  #12433);
#12518 = PRESENTATION_STYLE_ASSIGNMENT((#12519));
#12519 = SURFACE_STYLE_USAGE(.BOTH.,#12520);
#12520 = SURFACE_SIDE_STYLE('',(#12521));
#12521 = SURFACE_STYLE_FILL_AREA(#12522);
#12522 = FILL_AREA_STYLE('',(#12523));
#12523 = FILL_AREA_STYLE_COLOUR('',#11473);
#12524 = OVER_RIDING_STYLED_ITEM('overriding color',(#12525),#8043,
  #12433);
#12525 = PRESENTATION_STYLE_ASSIGNMENT((#12526));
#12526 = SURFACE_STYLE_USAGE(.BOTH.,#12527);
#12527 = SURFACE_SIDE_STYLE('',(#12528));
#12528 = SURFACE_STYLE_FILL_AREA(#12529);
#12529 = FILL_AREA_STYLE('',(#12530));
#12530 = FILL_AREA_STYLE_COLOUR('',#11473);
#12531 = OVER_RIDING_STYLED_ITEM('overriding color',(#12532),#8079,
  #12433);
#12532 = PRESENTATION_STYLE_ASSIGNMENT((#12533));
#12533 = SURFACE_STYLE_USAGE(.BOTH.,#12534);
#12534 = SURFACE_SIDE_STYLE('',(#12535));
#12535 = SURFACE_STYLE_FILL_AREA(#12536);
#12536 = FILL_AREA_STYLE('',(#12537));
#12537 = FILL_AREA_STYLE_COLOUR('',#11473);
#12538 = OVER_RIDING_STYLED_ITEM('overriding color',(#12539),#8115,
  #12433);
#12539 = PRESENTATION_STYLE_ASSIGNMENT((#12540));
#12540 = SURFACE_STYLE_USAGE(.BOTH.,#12541);
#12541 = SURFACE_SIDE_STYLE('',(#12542));
#12542 = SURFACE_STYLE_FILL_AREA(#12543);
#12543 = FILL_AREA_STYLE('',(#12544));
#12544 = FILL_AREA_STYLE_COLOUR('',#11473);
#12545 = OVER_RIDING_STYLED_ITEM('overriding color',(#12546),#8135,
  #12433);
#12546 = PRESENTATION_STYLE_ASSIGNMENT((#12547));
#12547 = SURFACE_STYLE_USAGE(.BOTH.,#12548);
#12548 = SURFACE_SIDE_STYLE('',(#12549));
#12549 = SURFACE_STYLE_FILL_AREA(#12550);
#12550 = FILL_AREA_STYLE('',(#12551));
#12551 = FILL_AREA_STYLE_COLOUR('',#11473);
#12552 = OVER_RIDING_STYLED_ITEM('overriding color',(#12553),#8158,
  #12433);
#12553 = PRESENTATION_STYLE_ASSIGNMENT((#12554));
#12554 = SURFACE_STYLE_USAGE(.BOTH.,#12555);
#12555 = SURFACE_SIDE_STYLE('',(#12556));
#12556 = SURFACE_STYLE_FILL_AREA(#12557);
#12557 = FILL_AREA_STYLE('',(#12558));
#12558 = FILL_AREA_STYLE_COLOUR('',#11473);
#12559 = STYLED_ITEM('color',(#12560),#8181);
#12560 = PRESENTATION_STYLE_ASSIGNMENT((#12561));
#12561 = SURFACE_STYLE_USAGE(.BOTH.,#12562);
#12562 = SURFACE_SIDE_STYLE('',(#12563));
#12563 = SURFACE_STYLE_FILL_AREA(#12564);
#12564 = FILL_AREA_STYLE('',(#12565));
#12565 = FILL_AREA_STYLE_COLOUR('',#10861);
#12566 = OVER_RIDING_STYLED_ITEM('overriding color',(#12567),#8183,
  #12559);
#12567 = PRESENTATION_STYLE_ASSIGNMENT((#12568));
#12568 = SURFACE_STYLE_USAGE(.BOTH.,#12569);
#12569 = SURFACE_SIDE_STYLE('',(#12570));
#12570 = SURFACE_STYLE_FILL_AREA(#12571);
#12571 = FILL_AREA_STYLE('',(#12572));
#12572 = FILL_AREA_STYLE_COLOUR('',#11473);
#12573 = OVER_RIDING_STYLED_ITEM('overriding color',(#12574),#8219,
  #12559);
#12574 = PRESENTATION_STYLE_ASSIGNMENT((#12575));
#12575 = SURFACE_STYLE_USAGE(.BOTH.,#12576);
#12576 = SURFACE_SIDE_STYLE('',(#12577));
#12577 = SURFACE_STYLE_FILL_AREA(#12578);
#12578 = FILL_AREA_STYLE('',(#12579));
#12579 = FILL_AREA_STYLE_COLOUR('',#11473);
#12580 = OVER_RIDING_STYLED_ITEM('overriding color',(#12581),#8247,
  #12559);
#12581 = PRESENTATION_STYLE_ASSIGNMENT((#12582));
#12582 = SURFACE_STYLE_USAGE(.BOTH.,#12583);
#12583 = SURFACE_SIDE_STYLE('',(#12584));
#12584 = SURFACE_STYLE_FILL_AREA(#12585);
#12585 = FILL_AREA_STYLE('',(#12586));
#12586 = FILL_AREA_STYLE_COLOUR('',#11473);
#12587 = OVER_RIDING_STYLED_ITEM('overriding color',(#12588),#8275,
  #12559);
#12588 = PRESENTATION_STYLE_ASSIGNMENT((#12589));
#12589 = SURFACE_STYLE_USAGE(.BOTH.,#12590);
#12590 = SURFACE_SIDE_STYLE('',(#12591));
#12591 = SURFACE_STYLE_FILL_AREA(#12592);
#12592 = FILL_AREA_STYLE('',(#12593));
#12593 = FILL_AREA_STYLE_COLOUR('',#11473);
#12594 = OVER_RIDING_STYLED_ITEM('overriding color',(#12595),#8303,
  #12559);
#12595 = PRESENTATION_STYLE_ASSIGNMENT((#12596));
#12596 = SURFACE_STYLE_USAGE(.BOTH.,#12597);
#12597 = SURFACE_SIDE_STYLE('',(#12598));
#12598 = SURFACE_STYLE_FILL_AREA(#12599);
#12599 = FILL_AREA_STYLE('',(#12600));
#12600 = FILL_AREA_STYLE_COLOUR('',#11473);
#12601 = OVER_RIDING_STYLED_ITEM('overriding color',(#12602),#8331,
  #12559);
#12602 = PRESENTATION_STYLE_ASSIGNMENT((#12603));
#12603 = SURFACE_STYLE_USAGE(.BOTH.,#12604);
#12604 = SURFACE_SIDE_STYLE('',(#12605));
#12605 = SURFACE_STYLE_FILL_AREA(#12606);
#12606 = FILL_AREA_STYLE('',(#12607));
#12607 = FILL_AREA_STYLE_COLOUR('',#11473);
#12608 = OVER_RIDING_STYLED_ITEM('overriding color',(#12609),#8359,
  #12559);
#12609 = PRESENTATION_STYLE_ASSIGNMENT((#12610));
#12610 = SURFACE_STYLE_USAGE(.BOTH.,#12611);
#12611 = SURFACE_SIDE_STYLE('',(#12612));
#12612 = SURFACE_STYLE_FILL_AREA(#12613);
#12613 = FILL_AREA_STYLE('',(#12614));
#12614 = FILL_AREA_STYLE_COLOUR('',#11473);
#12615 = OVER_RIDING_STYLED_ITEM('overriding color',(#12616),#8387,
  #12559);
#12616 = PRESENTATION_STYLE_ASSIGNMENT((#12617));
#12617 = SURFACE_STYLE_USAGE(.BOTH.,#12618);
#12618 = SURFACE_SIDE_STYLE('',(#12619));
#12619 = SURFACE_STYLE_FILL_AREA(#12620);
#12620 = FILL_AREA_STYLE('',(#12621));
#12621 = FILL_AREA_STYLE_COLOUR('',#11473);
#12622 = OVER_RIDING_STYLED_ITEM('overriding color',(#12623),#8415,
  #12559);
#12623 = PRESENTATION_STYLE_ASSIGNMENT((#12624));
#12624 = SURFACE_STYLE_USAGE(.BOTH.,#12625);
#12625 = SURFACE_SIDE_STYLE('',(#12626));
#12626 = SURFACE_STYLE_FILL_AREA(#12627);
#12627 = FILL_AREA_STYLE('',(#12628));
#12628 = FILL_AREA_STYLE_COLOUR('',#11473);
#12629 = OVER_RIDING_STYLED_ITEM('overriding color',(#12630),#8443,
  #12559);
#12630 = PRESENTATION_STYLE_ASSIGNMENT((#12631));
#12631 = SURFACE_STYLE_USAGE(.BOTH.,#12632);
#12632 = SURFACE_SIDE_STYLE('',(#12633));
#12633 = SURFACE_STYLE_FILL_AREA(#12634);
#12634 = FILL_AREA_STYLE('',(#12635));
#12635 = FILL_AREA_STYLE_COLOUR('',#11473);
#12636 = OVER_RIDING_STYLED_ITEM('overriding color',(#12637),#8471,
  #12559);
#12637 = PRESENTATION_STYLE_ASSIGNMENT((#12638));
#12638 = SURFACE_STYLE_USAGE(.BOTH.,#12639);
#12639 = SURFACE_SIDE_STYLE('',(#12640));
#12640 = SURFACE_STYLE_FILL_AREA(#12641);
#12641 = FILL_AREA_STYLE('',(#12642));
#12642 = FILL_AREA_STYLE_COLOUR('',#11473);
#12643 = OVER_RIDING_STYLED_ITEM('overriding color',(#12644),#8499,
  #12559);
#12644 = PRESENTATION_STYLE_ASSIGNMENT((#12645));
#12645 = SURFACE_STYLE_USAGE(.BOTH.,#12646);
#12646 = SURFACE_SIDE_STYLE('',(#12647));
#12647 = SURFACE_STYLE_FILL_AREA(#12648);
#12648 = FILL_AREA_STYLE('',(#12649));
#12649 = FILL_AREA_STYLE_COLOUR('',#11473);
#12650 = OVER_RIDING_STYLED_ITEM('overriding color',(#12651),#8519,
  #12559);
#12651 = PRESENTATION_STYLE_ASSIGNMENT((#12652));
#12652 = SURFACE_STYLE_USAGE(.BOTH.,#12653);
#12653 = SURFACE_SIDE_STYLE('',(#12654));
#12654 = SURFACE_STYLE_FILL_AREA(#12655);
#12655 = FILL_AREA_STYLE('',(#12656));
#12656 = FILL_AREA_STYLE_COLOUR('',#11473);
#12657 = OVER_RIDING_STYLED_ITEM('overriding color',(#12658),#8539,
  #12559);
#12658 = PRESENTATION_STYLE_ASSIGNMENT((#12659));
#12659 = SURFACE_STYLE_USAGE(.BOTH.,#12660);
#12660 = SURFACE_SIDE_STYLE('',(#12661));
#12661 = SURFACE_STYLE_FILL_AREA(#12662);
#12662 = FILL_AREA_STYLE('',(#12663));
#12663 = FILL_AREA_STYLE_COLOUR('',#11473);
#12664 = STYLED_ITEM('color',(#12665),#8559);
#12665 = PRESENTATION_STYLE_ASSIGNMENT((#12666));
#12666 = SURFACE_STYLE_USAGE(.BOTH.,#12667);
#12667 = SURFACE_SIDE_STYLE('',(#12668));
#12668 = SURFACE_STYLE_FILL_AREA(#12669);
#12669 = FILL_AREA_STYLE('',(#12670));
#12670 = FILL_AREA_STYLE_COLOUR('',#10861);
#12671 = OVER_RIDING_STYLED_ITEM('overriding color',(#12672),#8561,
  #12664);
#12672 = PRESENTATION_STYLE_ASSIGNMENT((#12673));
#12673 = SURFACE_STYLE_USAGE(.BOTH.,#12674);
#12674 = SURFACE_SIDE_STYLE('',(#12675));
#12675 = SURFACE_STYLE_FILL_AREA(#12676);
#12676 = FILL_AREA_STYLE('',(#12677));
#12677 = FILL_AREA_STYLE_COLOUR('',#11473);
#12678 = OVER_RIDING_STYLED_ITEM('overriding color',(#12679),#8685,
  #12664);
#12679 = PRESENTATION_STYLE_ASSIGNMENT((#12680));
#12680 = SURFACE_STYLE_USAGE(.BOTH.,#12681);
#12681 = SURFACE_SIDE_STYLE('',(#12682));
#12682 = SURFACE_STYLE_FILL_AREA(#12683);
#12683 = FILL_AREA_STYLE('',(#12684));
#12684 = FILL_AREA_STYLE_COLOUR('',#11473);
#12685 = OVER_RIDING_STYLED_ITEM('overriding color',(#12686),#8809,
  #12664);
#12686 = PRESENTATION_STYLE_ASSIGNMENT((#12687));
#12687 = SURFACE_STYLE_USAGE(.BOTH.,#12688);
#12688 = SURFACE_SIDE_STYLE('',(#12689));
#12689 = SURFACE_STYLE_FILL_AREA(#12690);
#12690 = FILL_AREA_STYLE('',(#12691));
#12691 = FILL_AREA_STYLE_COLOUR('',#11473);
#12692 = OVER_RIDING_STYLED_ITEM('overriding color',(#12693),#8829,
  #12664);
#12693 = PRESENTATION_STYLE_ASSIGNMENT((#12694));
#12694 = SURFACE_STYLE_USAGE(.BOTH.,#12695);
#12695 = SURFACE_SIDE_STYLE('',(#12696));
#12696 = SURFACE_STYLE_FILL_AREA(#12697);
#12697 = FILL_AREA_STYLE('',(#12698));
#12698 = FILL_AREA_STYLE_COLOUR('',#11473);
#12699 = OVER_RIDING_STYLED_ITEM('overriding color',(#12700),#8849,
  #12664);
#12700 = PRESENTATION_STYLE_ASSIGNMENT((#12701));
#12701 = SURFACE_STYLE_USAGE(.BOTH.,#12702);
#12702 = SURFACE_SIDE_STYLE('',(#12703));
#12703 = SURFACE_STYLE_FILL_AREA(#12704);
#12704 = FILL_AREA_STYLE('',(#12705));
#12705 = FILL_AREA_STYLE_COLOUR('',#11473);
#12706 = OVER_RIDING_STYLED_ITEM('overriding color',(#12707),#8869,
  #12664);
#12707 = PRESENTATION_STYLE_ASSIGNMENT((#12708));
#12708 = SURFACE_STYLE_USAGE(.BOTH.,#12709);
#12709 = SURFACE_SIDE_STYLE('',(#12710));
#12710 = SURFACE_STYLE_FILL_AREA(#12711);
#12711 = FILL_AREA_STYLE('',(#12712));
#12712 = FILL_AREA_STYLE_COLOUR('',#11473);
#12713 = OVER_RIDING_STYLED_ITEM('overriding color',(#12714),#8889,
  #12664);
#12714 = PRESENTATION_STYLE_ASSIGNMENT((#12715));
#12715 = SURFACE_STYLE_USAGE(.BOTH.,#12716);
#12716 = SURFACE_SIDE_STYLE('',(#12717));
#12717 = SURFACE_STYLE_FILL_AREA(#12718);
#12718 = FILL_AREA_STYLE('',(#12719));
#12719 = FILL_AREA_STYLE_COLOUR('',#11473);
#12720 = OVER_RIDING_STYLED_ITEM('overriding color',(#12721),#8909,
  #12664);
#12721 = PRESENTATION_STYLE_ASSIGNMENT((#12722));
#12722 = SURFACE_STYLE_USAGE(.BOTH.,#12723);
#12723 = SURFACE_SIDE_STYLE('',(#12724));
#12724 = SURFACE_STYLE_FILL_AREA(#12725);
#12725 = FILL_AREA_STYLE('',(#12726));
#12726 = FILL_AREA_STYLE_COLOUR('',#11473);
#12727 = OVER_RIDING_STYLED_ITEM('overriding color',(#12728),#8925,
  #12664);
#12728 = PRESENTATION_STYLE_ASSIGNMENT((#12729));
#12729 = SURFACE_STYLE_USAGE(.BOTH.,#12730);
#12730 = SURFACE_SIDE_STYLE('',(#12731));
#12731 = SURFACE_STYLE_FILL_AREA(#12732);
#12732 = FILL_AREA_STYLE('',(#12733));
#12733 = FILL_AREA_STYLE_COLOUR('',#11473);
#12734 = OVER_RIDING_STYLED_ITEM('overriding color',(#12735),#8937,
  #12664);
#12735 = PRESENTATION_STYLE_ASSIGNMENT((#12736));
#12736 = SURFACE_STYLE_USAGE(.BOTH.,#12737);
#12737 = SURFACE_SIDE_STYLE('',(#12738));
#12738 = SURFACE_STYLE_FILL_AREA(#12739);
#12739 = FILL_AREA_STYLE('',(#12740));
#12740 = FILL_AREA_STYLE_COLOUR('',#11473);
#12741 = OVER_RIDING_STYLED_ITEM('overriding color',(#12742),#8957,
  #12664);
#12742 = PRESENTATION_STYLE_ASSIGNMENT((#12743));
#12743 = SURFACE_STYLE_USAGE(.BOTH.,#12744);
#12744 = SURFACE_SIDE_STYLE('',(#12745));
#12745 = SURFACE_STYLE_FILL_AREA(#12746);
#12746 = FILL_AREA_STYLE('',(#12747));
#12747 = FILL_AREA_STYLE_COLOUR('',#11473);
#12748 = OVER_RIDING_STYLED_ITEM('overriding color',(#12749),#8973,
  #12664);
#12749 = PRESENTATION_STYLE_ASSIGNMENT((#12750));
#12750 = SURFACE_STYLE_USAGE(.BOTH.,#12751);
#12751 = SURFACE_SIDE_STYLE('',(#12752));
#12752 = SURFACE_STYLE_FILL_AREA(#12753);
#12753 = FILL_AREA_STYLE('',(#12754));
#12754 = FILL_AREA_STYLE_COLOUR('',#11473);
#12755 = OVER_RIDING_STYLED_ITEM('overriding color',(#12756),#8989,
  #12664);
#12756 = PRESENTATION_STYLE_ASSIGNMENT((#12757));
#12757 = SURFACE_STYLE_USAGE(.BOTH.,#12758);
#12758 = SURFACE_SIDE_STYLE('',(#12759));
#12759 = SURFACE_STYLE_FILL_AREA(#12760);
#12760 = FILL_AREA_STYLE('',(#12761));
#12761 = FILL_AREA_STYLE_COLOUR('',#11473);
#12762 = OVER_RIDING_STYLED_ITEM('overriding color',(#12763),#9009,
  #12664);
#12763 = PRESENTATION_STYLE_ASSIGNMENT((#12764));
#12764 = SURFACE_STYLE_USAGE(.BOTH.,#12765);
#12765 = SURFACE_SIDE_STYLE('',(#12766));
#12766 = SURFACE_STYLE_FILL_AREA(#12767);
#12767 = FILL_AREA_STYLE('',(#12768));
#12768 = FILL_AREA_STYLE_COLOUR('',#11473);
#12769 = OVER_RIDING_STYLED_ITEM('overriding color',(#12770),#9029,
  #12664);
#12770 = PRESENTATION_STYLE_ASSIGNMENT((#12771));
#12771 = SURFACE_STYLE_USAGE(.BOTH.,#12772);
#12772 = SURFACE_SIDE_STYLE('',(#12773));
#12773 = SURFACE_STYLE_FILL_AREA(#12774);
#12774 = FILL_AREA_STYLE('',(#12775));
#12775 = FILL_AREA_STYLE_COLOUR('',#11473);
#12776 = OVER_RIDING_STYLED_ITEM('overriding color',(#12777),#9049,
  #12664);
#12777 = PRESENTATION_STYLE_ASSIGNMENT((#12778));
#12778 = SURFACE_STYLE_USAGE(.BOTH.,#12779);
#12779 = SURFACE_SIDE_STYLE('',(#12780));
#12780 = SURFACE_STYLE_FILL_AREA(#12781);
#12781 = FILL_AREA_STYLE('',(#12782));
#12782 = FILL_AREA_STYLE_COLOUR('',#11473);
#12783 = STYLED_ITEM('color',(#12784),#9065);
#12784 = PRESENTATION_STYLE_ASSIGNMENT((#12785));
#12785 = SURFACE_STYLE_USAGE(.BOTH.,#12786);
#12786 = SURFACE_SIDE_STYLE('',(#12787));
#12787 = SURFACE_STYLE_FILL_AREA(#12788);
#12788 = FILL_AREA_STYLE('',(#12789));
#12789 = FILL_AREA_STYLE_COLOUR('',#10861);
#12790 = OVER_RIDING_STYLED_ITEM('overriding color',(#12791),#9067,
  #12783);
#12791 = PRESENTATION_STYLE_ASSIGNMENT((#12792));
#12792 = SURFACE_STYLE_USAGE(.BOTH.,#12793);
#12793 = SURFACE_SIDE_STYLE('',(#12794));
#12794 = SURFACE_STYLE_FILL_AREA(#12795);
#12795 = FILL_AREA_STYLE('',(#12796));
#12796 = FILL_AREA_STYLE_COLOUR('',#11473);
#12797 = OVER_RIDING_STYLED_ITEM('overriding color',(#12798),#9179,
  #12783);
#12798 = PRESENTATION_STYLE_ASSIGNMENT((#12799));
#12799 = SURFACE_STYLE_USAGE(.BOTH.,#12800);
#12800 = SURFACE_SIDE_STYLE('',(#12801));
#12801 = SURFACE_STYLE_FILL_AREA(#12802);
#12802 = FILL_AREA_STYLE('',(#12803));
#12803 = FILL_AREA_STYLE_COLOUR('',#11473);
#12804 = OVER_RIDING_STYLED_ITEM('overriding color',(#12805),#9291,
  #12783);
#12805 = PRESENTATION_STYLE_ASSIGNMENT((#12806));
#12806 = SURFACE_STYLE_USAGE(.BOTH.,#12807);
#12807 = SURFACE_SIDE_STYLE('',(#12808));
#12808 = SURFACE_STYLE_FILL_AREA(#12809);
#12809 = FILL_AREA_STYLE('',(#12810));
#12810 = FILL_AREA_STYLE_COLOUR('',#11473);
#12811 = OVER_RIDING_STYLED_ITEM('overriding color',(#12812),#9311,
  #12783);
#12812 = PRESENTATION_STYLE_ASSIGNMENT((#12813));
#12813 = SURFACE_STYLE_USAGE(.BOTH.,#12814);
#12814 = SURFACE_SIDE_STYLE('',(#12815));
#12815 = SURFACE_STYLE_FILL_AREA(#12816);
#12816 = FILL_AREA_STYLE('',(#12817));
#12817 = FILL_AREA_STYLE_COLOUR('',#11473);
#12818 = OVER_RIDING_STYLED_ITEM('overriding color',(#12819),#9327,
  #12783);
#12819 = PRESENTATION_STYLE_ASSIGNMENT((#12820));
#12820 = SURFACE_STYLE_USAGE(.BOTH.,#12821);
#12821 = SURFACE_SIDE_STYLE('',(#12822));
#12822 = SURFACE_STYLE_FILL_AREA(#12823);
#12823 = FILL_AREA_STYLE('',(#12824));
#12824 = FILL_AREA_STYLE_COLOUR('',#11473);
#12825 = OVER_RIDING_STYLED_ITEM('overriding color',(#12826),#9343,
  #12783);
#12826 = PRESENTATION_STYLE_ASSIGNMENT((#12827));
#12827 = SURFACE_STYLE_USAGE(.BOTH.,#12828);
#12828 = SURFACE_SIDE_STYLE('',(#12829));
#12829 = SURFACE_STYLE_FILL_AREA(#12830);
#12830 = FILL_AREA_STYLE('',(#12831));
#12831 = FILL_AREA_STYLE_COLOUR('',#11473);
#12832 = OVER_RIDING_STYLED_ITEM('overriding color',(#12833),#9359,
  #12783);
#12833 = PRESENTATION_STYLE_ASSIGNMENT((#12834));
#12834 = SURFACE_STYLE_USAGE(.BOTH.,#12835);
#12835 = SURFACE_SIDE_STYLE('',(#12836));
#12836 = SURFACE_STYLE_FILL_AREA(#12837);
#12837 = FILL_AREA_STYLE('',(#12838));
#12838 = FILL_AREA_STYLE_COLOUR('',#11473);
#12839 = OVER_RIDING_STYLED_ITEM('overriding color',(#12840),#9375,
  #12783);
#12840 = PRESENTATION_STYLE_ASSIGNMENT((#12841));
#12841 = SURFACE_STYLE_USAGE(.BOTH.,#12842);
#12842 = SURFACE_SIDE_STYLE('',(#12843));
#12843 = SURFACE_STYLE_FILL_AREA(#12844);
#12844 = FILL_AREA_STYLE('',(#12845));
#12845 = FILL_AREA_STYLE_COLOUR('',#11473);
#12846 = OVER_RIDING_STYLED_ITEM('overriding color',(#12847),#9391,
  #12783);
#12847 = PRESENTATION_STYLE_ASSIGNMENT((#12848));
#12848 = SURFACE_STYLE_USAGE(.BOTH.,#12849);
#12849 = SURFACE_SIDE_STYLE('',(#12850));
#12850 = SURFACE_STYLE_FILL_AREA(#12851);
#12851 = FILL_AREA_STYLE('',(#12852));
#12852 = FILL_AREA_STYLE_COLOUR('',#11473);
#12853 = OVER_RIDING_STYLED_ITEM('overriding color',(#12854),#9407,
  #12783);
#12854 = PRESENTATION_STYLE_ASSIGNMENT((#12855));
#12855 = SURFACE_STYLE_USAGE(.BOTH.,#12856);
#12856 = SURFACE_SIDE_STYLE('',(#12857));
#12857 = SURFACE_STYLE_FILL_AREA(#12858);
#12858 = FILL_AREA_STYLE('',(#12859));
#12859 = FILL_AREA_STYLE_COLOUR('',#11473);
#12860 = OVER_RIDING_STYLED_ITEM('overriding color',(#12861),#9419,
  #12783);
#12861 = PRESENTATION_STYLE_ASSIGNMENT((#12862));
#12862 = SURFACE_STYLE_USAGE(.BOTH.,#12863);
#12863 = SURFACE_SIDE_STYLE('',(#12864));
#12864 = SURFACE_STYLE_FILL_AREA(#12865);
#12865 = FILL_AREA_STYLE('',(#12866));
#12866 = FILL_AREA_STYLE_COLOUR('',#11473);
#12867 = OVER_RIDING_STYLED_ITEM('overriding color',(#12868),#9439,
  #12783);
#12868 = PRESENTATION_STYLE_ASSIGNMENT((#12869));
#12869 = SURFACE_STYLE_USAGE(.BOTH.,#12870);
#12870 = SURFACE_SIDE_STYLE('',(#12871));
#12871 = SURFACE_STYLE_FILL_AREA(#12872);
#12872 = FILL_AREA_STYLE('',(#12873));
#12873 = FILL_AREA_STYLE_COLOUR('',#11473);
#12874 = OVER_RIDING_STYLED_ITEM('overriding color',(#12875),#9455,
  #12783);
#12875 = PRESENTATION_STYLE_ASSIGNMENT((#12876));
#12876 = SURFACE_STYLE_USAGE(.BOTH.,#12877);
#12877 = SURFACE_SIDE_STYLE('',(#12878));
#12878 = SURFACE_STYLE_FILL_AREA(#12879);
#12879 = FILL_AREA_STYLE('',(#12880));
#12880 = FILL_AREA_STYLE_COLOUR('',#11473);
#12881 = OVER_RIDING_STYLED_ITEM('overriding color',(#12882),#9475,
  #12783);
#12882 = PRESENTATION_STYLE_ASSIGNMENT((#12883));
#12883 = SURFACE_STYLE_USAGE(.BOTH.,#12884);
#12884 = SURFACE_SIDE_STYLE('',(#12885));
#12885 = SURFACE_STYLE_FILL_AREA(#12886);
#12886 = FILL_AREA_STYLE('',(#12887));
#12887 = FILL_AREA_STYLE_COLOUR('',#11473);
#12888 = OVER_RIDING_STYLED_ITEM('overriding color',(#12889),#9491,
  #12783);
#12889 = PRESENTATION_STYLE_ASSIGNMENT((#12890));
#12890 = SURFACE_STYLE_USAGE(.BOTH.,#12891);
#12891 = SURFACE_SIDE_STYLE('',(#12892));
#12892 = SURFACE_STYLE_FILL_AREA(#12893);
#12893 = FILL_AREA_STYLE('',(#12894));
#12894 = FILL_AREA_STYLE_COLOUR('',#11473);
#12895 = OVER_RIDING_STYLED_ITEM('overriding color',(#12896),#9511,
  #12783);
#12896 = PRESENTATION_STYLE_ASSIGNMENT((#12897));
#12897 = SURFACE_STYLE_USAGE(.BOTH.,#12898);
#12898 = SURFACE_SIDE_STYLE('',(#12899));
#12899 = SURFACE_STYLE_FILL_AREA(#12900);
#12900 = FILL_AREA_STYLE('',(#12901));
#12901 = FILL_AREA_STYLE_COLOUR('',#11473);
#12902 = STYLED_ITEM('color',(#12903),#9523);
#12903 = PRESENTATION_STYLE_ASSIGNMENT((#12904));
#12904 = SURFACE_STYLE_USAGE(.BOTH.,#12905);
#12905 = SURFACE_SIDE_STYLE('',(#12906));
#12906 = SURFACE_STYLE_FILL_AREA(#12907);
#12907 = FILL_AREA_STYLE('',(#12908));
#12908 = FILL_AREA_STYLE_COLOUR('',#10861);
#12909 = OVER_RIDING_STYLED_ITEM('overriding color',(#12910),#9525,
  #12902);
#12910 = PRESENTATION_STYLE_ASSIGNMENT((#12911));
#12911 = SURFACE_STYLE_USAGE(.BOTH.,#12912);
#12912 = SURFACE_SIDE_STYLE('',(#12913));
#12913 = SURFACE_STYLE_FILL_AREA(#12914);
#12914 = FILL_AREA_STYLE('',(#12915));
#12915 = FILL_AREA_STYLE_COLOUR('',#11473);
#12916 = OVER_RIDING_STYLED_ITEM('overriding color',(#12917),#9845,
  #12902);
#12917 = PRESENTATION_STYLE_ASSIGNMENT((#12918));
#12918 = SURFACE_STYLE_USAGE(.BOTH.,#12919);
#12919 = SURFACE_SIDE_STYLE('',(#12920));
#12920 = SURFACE_STYLE_FILL_AREA(#12921);
#12921 = FILL_AREA_STYLE('',(#12922));
#12922 = FILL_AREA_STYLE_COLOUR('',#11473);
#12923 = OVER_RIDING_STYLED_ITEM('overriding color',(#12924),#10165,
  #12902);
#12924 = PRESENTATION_STYLE_ASSIGNMENT((#12925));
#12925 = SURFACE_STYLE_USAGE(.BOTH.,#12926);
#12926 = SURFACE_SIDE_STYLE('',(#12927));
#12927 = SURFACE_STYLE_FILL_AREA(#12928);
#12928 = FILL_AREA_STYLE('',(#12929));
#12929 = FILL_AREA_STYLE_COLOUR('',#11473);
#12930 = OVER_RIDING_STYLED_ITEM('overriding color',(#12931),#10189,
  #12902);
#12931 = PRESENTATION_STYLE_ASSIGNMENT((#12932));
#12932 = SURFACE_STYLE_USAGE(.BOTH.,#12933);
#12933 = SURFACE_SIDE_STYLE('',(#12934));
#12934 = SURFACE_STYLE_FILL_AREA(#12935);
#12935 = FILL_AREA_STYLE('',(#12936));
#12936 = FILL_AREA_STYLE_COLOUR('',#11473);
#12937 = OVER_RIDING_STYLED_ITEM('overriding color',(#12938),#10209,
  #12902);
#12938 = PRESENTATION_STYLE_ASSIGNMENT((#12939));
#12939 = SURFACE_STYLE_USAGE(.BOTH.,#12940);
#12940 = SURFACE_SIDE_STYLE('',(#12941));
#12941 = SURFACE_STYLE_FILL_AREA(#12942);
#12942 = FILL_AREA_STYLE('',(#12943));
#12943 = FILL_AREA_STYLE_COLOUR('',#11473);
#12944 = OVER_RIDING_STYLED_ITEM('overriding color',(#12945),#10229,
  #12902);
#12945 = PRESENTATION_STYLE_ASSIGNMENT((#12946));
#12946 = SURFACE_STYLE_USAGE(.BOTH.,#12947);
#12947 = SURFACE_SIDE_STYLE('',(#12948));
#12948 = SURFACE_STYLE_FILL_AREA(#12949);
#12949 = FILL_AREA_STYLE('',(#12950));
#12950 = FILL_AREA_STYLE_COLOUR('',#11473);
#12951 = OVER_RIDING_STYLED_ITEM('overriding color',(#12952),#10249,
  #12902);
#12952 = PRESENTATION_STYLE_ASSIGNMENT((#12953));
#12953 = SURFACE_STYLE_USAGE(.BOTH.,#12954);
#12954 = SURFACE_SIDE_STYLE('',(#12955));
#12955 = SURFACE_STYLE_FILL_AREA(#12956);
#12956 = FILL_AREA_STYLE('',(#12957));
#12957 = FILL_AREA_STYLE_COLOUR('',#11473);
#12958 = OVER_RIDING_STYLED_ITEM('overriding color',(#12959),#10269,
  #12902);
#12959 = PRESENTATION_STYLE_ASSIGNMENT((#12960));
#12960 = SURFACE_STYLE_USAGE(.BOTH.,#12961);
#12961 = SURFACE_SIDE_STYLE('',(#12962));
#12962 = SURFACE_STYLE_FILL_AREA(#12963);
#12963 = FILL_AREA_STYLE('',(#12964));
#12964 = FILL_AREA_STYLE_COLOUR('',#11473);
#12965 = OVER_RIDING_STYLED_ITEM('overriding color',(#12966),#10289,
  #12902);
#12966 = PRESENTATION_STYLE_ASSIGNMENT((#12967));
#12967 = SURFACE_STYLE_USAGE(.BOTH.,#12968);
#12968 = SURFACE_SIDE_STYLE('',(#12969));
#12969 = SURFACE_STYLE_FILL_AREA(#12970);
#12970 = FILL_AREA_STYLE('',(#12971));
#12971 = FILL_AREA_STYLE_COLOUR('',#11473);
#12972 = OVER_RIDING_STYLED_ITEM('overriding color',(#12973),#10309,
  #12902);
#12973 = PRESENTATION_STYLE_ASSIGNMENT((#12974));
#12974 = SURFACE_STYLE_USAGE(.BOTH.,#12975);
#12975 = SURFACE_SIDE_STYLE('',(#12976));
#12976 = SURFACE_STYLE_FILL_AREA(#12977);
#12977 = FILL_AREA_STYLE('',(#12978));
#12978 = FILL_AREA_STYLE_COLOUR('',#11473);
#12979 = OVER_RIDING_STYLED_ITEM('overriding color',(#12980),#10329,
  #12902);
#12980 = PRESENTATION_STYLE_ASSIGNMENT((#12981));
#12981 = SURFACE_STYLE_USAGE(.BOTH.,#12982);
#12982 = SURFACE_SIDE_STYLE('',(#12983));
#12983 = SURFACE_STYLE_FILL_AREA(#12984);
#12984 = FILL_AREA_STYLE('',(#12985));
#12985 = FILL_AREA_STYLE_COLOUR('',#11473);
#12986 = OVER_RIDING_STYLED_ITEM('overriding color',(#12987),#10349,
  #12902);
#12987 = PRESENTATION_STYLE_ASSIGNMENT((#12988));
#12988 = SURFACE_STYLE_USAGE(.BOTH.,#12989);
#12989 = SURFACE_SIDE_STYLE('',(#12990));
#12990 = SURFACE_STYLE_FILL_AREA(#12991);
#12991 = FILL_AREA_STYLE('',(#12992));
#12992 = FILL_AREA_STYLE_COLOUR('',#11473);
#12993 = OVER_RIDING_STYLED_ITEM('overriding color',(#12994),#10369,
  #12902);
#12994 = PRESENTATION_STYLE_ASSIGNMENT((#12995));
#12995 = SURFACE_STYLE_USAGE(.BOTH.,#12996);
#12996 = SURFACE_SIDE_STYLE('',(#12997));
#12997 = SURFACE_STYLE_FILL_AREA(#12998);
#12998 = FILL_AREA_STYLE('',(#12999));
#12999 = FILL_AREA_STYLE_COLOUR('',#11473);
#13000 = OVER_RIDING_STYLED_ITEM('overriding color',(#13001),#10389,
  #12902);
#13001 = PRESENTATION_STYLE_ASSIGNMENT((#13002));
#13002 = SURFACE_STYLE_USAGE(.BOTH.,#13003);
#13003 = SURFACE_SIDE_STYLE('',(#13004));
#13004 = SURFACE_STYLE_FILL_AREA(#13005);
#13005 = FILL_AREA_STYLE('',(#13006));
#13006 = FILL_AREA_STYLE_COLOUR('',#11473);
#13007 = OVER_RIDING_STYLED_ITEM('overriding color',(#13008),#10409,
  #12902);
#13008 = PRESENTATION_STYLE_ASSIGNMENT((#13009));
#13009 = SURFACE_STYLE_USAGE(.BOTH.,#13010);
#13010 = SURFACE_SIDE_STYLE('',(#13011));
#13011 = SURFACE_STYLE_FILL_AREA(#13012);
#13012 = FILL_AREA_STYLE('',(#13013));
#13013 = FILL_AREA_STYLE_COLOUR('',#11473);
#13014 = OVER_RIDING_STYLED_ITEM('overriding color',(#13015),#10425,
  #12902);
#13015 = PRESENTATION_STYLE_ASSIGNMENT((#13016));
#13016 = SURFACE_STYLE_USAGE(.BOTH.,#13017);
#13017 = SURFACE_SIDE_STYLE('',(#13018));
#13018 = SURFACE_STYLE_FILL_AREA(#13019);
#13019 = FILL_AREA_STYLE('',(#13020));
#13020 = FILL_AREA_STYLE_COLOUR('',#11473);
#13021 = OVER_RIDING_STYLED_ITEM('overriding color',(#13022),#10441,
  #12902);
#13022 = PRESENTATION_STYLE_ASSIGNMENT((#13023));
#13023 = SURFACE_STYLE_USAGE(.BOTH.,#13024);
#13024 = SURFACE_SIDE_STYLE('',(#13025));
#13025 = SURFACE_STYLE_FILL_AREA(#13026);
#13026 = FILL_AREA_STYLE('',(#13027));
#13027 = FILL_AREA_STYLE_COLOUR('',#11473);
#13028 = OVER_RIDING_STYLED_ITEM('overriding color',(#13029),#10457,
  #12902);
#13029 = PRESENTATION_STYLE_ASSIGNMENT((#13030));
#13030 = SURFACE_STYLE_USAGE(.BOTH.,#13031);
#13031 = SURFACE_SIDE_STYLE('',(#13032));
#13032 = SURFACE_STYLE_FILL_AREA(#13033);
#13033 = FILL_AREA_STYLE('',(#13034));
#13034 = FILL_AREA_STYLE_COLOUR('',#11473);
#13035 = OVER_RIDING_STYLED_ITEM('overriding color',(#13036),#10473,
  #12902);
#13036 = PRESENTATION_STYLE_ASSIGNMENT((#13037));
#13037 = SURFACE_STYLE_USAGE(.BOTH.,#13038);
#13038 = SURFACE_SIDE_STYLE('',(#13039));
#13039 = SURFACE_STYLE_FILL_AREA(#13040);
#13040 = FILL_AREA_STYLE('',(#13041));
#13041 = FILL_AREA_STYLE_COLOUR('',#11473);
#13042 = OVER_RIDING_STYLED_ITEM('overriding color',(#13043),#10493,
  #12902);
#13043 = PRESENTATION_STYLE_ASSIGNMENT((#13044));
#13044 = SURFACE_STYLE_USAGE(.BOTH.,#13045);
#13045 = SURFACE_SIDE_STYLE('',(#13046));
#13046 = SURFACE_STYLE_FILL_AREA(#13047);
#13047 = FILL_AREA_STYLE('',(#13048));
#13048 = FILL_AREA_STYLE_COLOUR('',#11473);
#13049 = OVER_RIDING_STYLED_ITEM('overriding color',(#13050),#10513,
  #12902);
#13050 = PRESENTATION_STYLE_ASSIGNMENT((#13051));
#13051 = SURFACE_STYLE_USAGE(.BOTH.,#13052);
#13052 = SURFACE_SIDE_STYLE('',(#13053));
#13053 = SURFACE_STYLE_FILL_AREA(#13054);
#13054 = FILL_AREA_STYLE('',(#13055));
#13055 = FILL_AREA_STYLE_COLOUR('',#11473);
#13056 = OVER_RIDING_STYLED_ITEM('overriding color',(#13057),#10533,
  #12902);
#13057 = PRESENTATION_STYLE_ASSIGNMENT((#13058));
#13058 = SURFACE_STYLE_USAGE(.BOTH.,#13059);
#13059 = SURFACE_SIDE_STYLE('',(#13060));
#13060 = SURFACE_STYLE_FILL_AREA(#13061);
#13061 = FILL_AREA_STYLE('',(#13062));
#13062 = FILL_AREA_STYLE_COLOUR('',#11473);
#13063 = OVER_RIDING_STYLED_ITEM('overriding color',(#13064),#10553,
  #12902);
#13064 = PRESENTATION_STYLE_ASSIGNMENT((#13065));
#13065 = SURFACE_STYLE_USAGE(.BOTH.,#13066);
#13066 = SURFACE_SIDE_STYLE('',(#13067));
#13067 = SURFACE_STYLE_FILL_AREA(#13068);
#13068 = FILL_AREA_STYLE('',(#13069));
#13069 = FILL_AREA_STYLE_COLOUR('',#11473);
#13070 = OVER_RIDING_STYLED_ITEM('overriding color',(#13071),#10573,
  #12902);
#13071 = PRESENTATION_STYLE_ASSIGNMENT((#13072));
#13072 = SURFACE_STYLE_USAGE(.BOTH.,#13073);
#13073 = SURFACE_SIDE_STYLE('',(#13074));
#13074 = SURFACE_STYLE_FILL_AREA(#13075);
#13075 = FILL_AREA_STYLE('',(#13076));
#13076 = FILL_AREA_STYLE_COLOUR('',#11473);
#13077 = OVER_RIDING_STYLED_ITEM('overriding color',(#13078),#10593,
  #12902);
#13078 = PRESENTATION_STYLE_ASSIGNMENT((#13079));
#13079 = SURFACE_STYLE_USAGE(.BOTH.,#13080);
#13080 = SURFACE_SIDE_STYLE('',(#13081));
#13081 = SURFACE_STYLE_FILL_AREA(#13082);
#13082 = FILL_AREA_STYLE('',(#13083));
#13083 = FILL_AREA_STYLE_COLOUR('',#11473);
#13084 = OVER_RIDING_STYLED_ITEM('overriding color',(#13085),#10613,
  #12902);
#13085 = PRESENTATION_STYLE_ASSIGNMENT((#13086));
#13086 = SURFACE_STYLE_USAGE(.BOTH.,#13087);
#13087 = SURFACE_SIDE_STYLE('',(#13088));
#13088 = SURFACE_STYLE_FILL_AREA(#13089);
#13089 = FILL_AREA_STYLE('',(#13090));
#13090 = FILL_AREA_STYLE_COLOUR('',#11473);
#13091 = OVER_RIDING_STYLED_ITEM('overriding color',(#13092),#10629,
  #12902);
#13092 = PRESENTATION_STYLE_ASSIGNMENT((#13093));
#13093 = SURFACE_STYLE_USAGE(.BOTH.,#13094);
#13094 = SURFACE_SIDE_STYLE('',(#13095));
#13095 = SURFACE_STYLE_FILL_AREA(#13096);
#13096 = FILL_AREA_STYLE('',(#13097));
#13097 = FILL_AREA_STYLE_COLOUR('',#11473);
#13098 = OVER_RIDING_STYLED_ITEM('overriding color',(#13099),#10649,
  #12902);
#13099 = PRESENTATION_STYLE_ASSIGNMENT((#13100));
#13100 = SURFACE_STYLE_USAGE(.BOTH.,#13101);
#13101 = SURFACE_SIDE_STYLE('',(#13102));
#13102 = SURFACE_STYLE_FILL_AREA(#13103);
#13103 = FILL_AREA_STYLE('',(#13104));
#13104 = FILL_AREA_STYLE_COLOUR('',#11473);
#13105 = OVER_RIDING_STYLED_ITEM('overriding color',(#13106),#10669,
  #12902);
#13106 = PRESENTATION_STYLE_ASSIGNMENT((#13107));
#13107 = SURFACE_STYLE_USAGE(.BOTH.,#13108);
#13108 = SURFACE_SIDE_STYLE('',(#13109));
#13109 = SURFACE_STYLE_FILL_AREA(#13110);
#13110 = FILL_AREA_STYLE('',(#13111));
#13111 = FILL_AREA_STYLE_COLOUR('',#11473);
#13112 = OVER_RIDING_STYLED_ITEM('overriding color',(#13113),#10685,
  #12902);
#13113 = PRESENTATION_STYLE_ASSIGNMENT((#13114));
#13114 = SURFACE_STYLE_USAGE(.BOTH.,#13115);
#13115 = SURFACE_SIDE_STYLE('',(#13116));
#13116 = SURFACE_STYLE_FILL_AREA(#13117);
#13117 = FILL_AREA_STYLE('',(#13118));
#13118 = FILL_AREA_STYLE_COLOUR('',#11473);
#13119 = OVER_RIDING_STYLED_ITEM('overriding color',(#13120),#10705,
  #12902);
#13120 = PRESENTATION_STYLE_ASSIGNMENT((#13121));
#13121 = SURFACE_STYLE_USAGE(.BOTH.,#13122);
#13122 = SURFACE_SIDE_STYLE('',(#13123));
#13123 = SURFACE_STYLE_FILL_AREA(#13124);
#13124 = FILL_AREA_STYLE('',(#13125));
#13125 = FILL_AREA_STYLE_COLOUR('',#11473);
#13126 = OVER_RIDING_STYLED_ITEM('overriding color',(#13127),#10725,
  #12902);
#13127 = PRESENTATION_STYLE_ASSIGNMENT((#13128));
#13128 = SURFACE_STYLE_USAGE(.BOTH.,#13129);
#13129 = SURFACE_SIDE_STYLE('',(#13130));
#13130 = SURFACE_STYLE_FILL_AREA(#13131);
#13131 = FILL_AREA_STYLE('',(#13132));
#13132 = FILL_AREA_STYLE_COLOUR('',#11473);
#13133 = OVER_RIDING_STYLED_ITEM('overriding color',(#13134),#10745,
  #12902);
#13134 = PRESENTATION_STYLE_ASSIGNMENT((#13135));
#13135 = SURFACE_STYLE_USAGE(.BOTH.,#13136);
#13136 = SURFACE_SIDE_STYLE('',(#13137));
#13137 = SURFACE_STYLE_FILL_AREA(#13138);
#13138 = FILL_AREA_STYLE('',(#13139));
#13139 = FILL_AREA_STYLE_COLOUR('',#11473);
#13140 = OVER_RIDING_STYLED_ITEM('overriding color',(#13141),#10761,
  #12902);
#13141 = PRESENTATION_STYLE_ASSIGNMENT((#13142));
#13142 = SURFACE_STYLE_USAGE(.BOTH.,#13143);
#13143 = SURFACE_SIDE_STYLE('',(#13144));
#13144 = SURFACE_STYLE_FILL_AREA(#13145);
#13145 = FILL_AREA_STYLE('',(#13146));
#13146 = FILL_AREA_STYLE_COLOUR('',#11473);
#13147 = OVER_RIDING_STYLED_ITEM('overriding color',(#13148),#10781,
  #12902);
#13148 = PRESENTATION_STYLE_ASSIGNMENT((#13149));
#13149 = SURFACE_STYLE_USAGE(.BOTH.,#13150);
#13150 = SURFACE_SIDE_STYLE('',(#13151));
#13151 = SURFACE_STYLE_FILL_AREA(#13152);
#13152 = FILL_AREA_STYLE('',(#13153));
#13153 = FILL_AREA_STYLE_COLOUR('',#11473);
#13154 = OVER_RIDING_STYLED_ITEM('overriding color',(#13155),#10797,
  #12902);
#13155 = PRESENTATION_STYLE_ASSIGNMENT((#13156));
#13156 = SURFACE_STYLE_USAGE(.BOTH.,#13157);
#13157 = SURFACE_SIDE_STYLE('',(#13158));
#13158 = SURFACE_STYLE_FILL_AREA(#13159);
#13159 = FILL_AREA_STYLE('',(#13160));
#13160 = FILL_AREA_STYLE_COLOUR('',#11473);
#13161 = OVER_RIDING_STYLED_ITEM('overriding color',(#13162),#10827,
  #12902);
#13162 = PRESENTATION_STYLE_ASSIGNMENT((#13163));
#13163 = SURFACE_STYLE_USAGE(.BOTH.,#13164);
#13164 = SURFACE_SIDE_STYLE('',(#13165));
#13165 = SURFACE_STYLE_FILL_AREA(#13166);
#13166 = FILL_AREA_STYLE('',(#13167));
#13167 = FILL_AREA_STYLE_COLOUR('',#11473);
ENDSEC;
END-ISO-10303-21;
