ISO-10303-21;
HEADER;
FILE_DESCRIPTION(('Open CASCADE Model'),'2;1');
FILE_NAME('Open CASCADE Shape Model','2026-04-12T18:35:17',('Author'),(
    'Open CASCADE'),'Open CASCADE STEP processor 7.9','Open CASCADE 7.9'
  ,'Unknown');
FILE_SCHEMA(('AUTOMOTIVE_DESIGN { 1 0 10303 214 1 1 1 1 }'));
ENDSEC;
DATA;
#1 = APPLICATION_PROTOCOL_DEFINITION('international standard',
  'automotive_design',2000,#2);
#2 = APPLICATION_CONTEXT(
  'core data for automotive mechanical design processes');
#3 = SHAPE_DEFINITION_REPRESENTATION(#4,#10);
#4 = PRODUCT_DEFINITION_SHAPE('','',#5);
#5 = PRODUCT_DEFINITION('design','',#6,#9);
#6 = PRODUCT_DEFINITION_FORMATION('','',#7);
#7 = PRODUCT('SOLID','SOLID','',(#8));
#8 = PRODUCT_CONTEXT('',#2,'mechanical');
#9 = PRODUCT_DEFINITION_CONTEXT('part definition',#2,'design');
#10 = ADVANCED_BREP_SHAPE_REPRESENTATION('',(#11,#15),#9925);
#11 = AXIS2_PLACEMENT_3D('',#12,#13,#14);
#12 = CARTESIAN_POINT('',(0.,0.,0.));
#13 = DIRECTION('',(0.,0.,1.));
#14 = DIRECTION('',(1.,0.,-0.));
#15 = MANIFOLD_SOLID_BREP('',#16);
#16 = CLOSED_SHELL('',(#17,#65,#113,#150,#187,#235,#283,#320,#357,#394,
    #431,#468,#558,#610,#666,#722,#778,#820,#860,#900,#940,#988,#2393,
    #2425,#2464,#2623,#2639,#2655,#2667,#2695,#2717,#2739,#2755,#2767,
    #2795,#2817,#2839,#2855,#2867,#2895,#2917,#2939,#2955,#2967,#2995,
    #3017,#3039,#3055,#3067,#3096,#3117,#3142,#3167,#3192,#3217,#3242,
    #3267,#3281,#3302,#3327,#3348,#3365,#3390,#3415,#3432,#3450,#3468,
    #3496,#3530,#3826,#3984,#4142,#4266,#4290,#4310,#4330,#4346,#4362,
    #4378,#4394,#4428,#4456,#4478,#4500,#4522,#4550,#4572,#4587,#4621,
    #4643,#4665,#4687,#4709,#4731,#4753,#4781,#4809,#4831,#4859,#4887,
    #4909,#4931,#4947,#4970,#5004,#5032,#5060,#5088,#5116,#5144,#5172,
    #5200,#5228,#5250,#5278,#5306,#5334,#5362,#5390,#5418,#5446,#5474,
    #5502,#5524,#5546,#5575,#5767,#5791,#5807,#5827,#5847,#5867,#5887,
    #5903,#5919,#5935,#5951,#5971,#5991,#6007,#6023,#6057,#6085,#6107,
    #6129,#6157,#6185,#6213,#6235,#6251,#6571,#6595,#6615,#6635,#6655,
    #6675,#6695,#6715,#6735,#6755,#6775,#6795,#6815,#6831,#6847,#6863,
    #6879,#6899,#6919,#6939,#6959,#6979,#6999,#7019,#7035,#7055,#7075,
    #7091,#7111,#7131,#7151,#7167,#7187,#7203,#7246,#7274,#7284,#7408,
    #7432,#7452,#7472,#7488,#7504,#7520,#7536,#7570,#7598,#7620,#7642,
    #7664,#7692,#7714,#7729,#7763,#7791,#7819,#7847,#7875,#7897,#7925,
    #7953,#7981,#8009,#8037,#8065,#8087,#8109,#8131,#8243,#8263,#8279,
    #8295,#8311,#8327,#8343,#8359,#8371,#8405,#8427,#8449,#8471,#8499,
    #8515,#8529,#8557,#8579,#8601,#8623,#8645,#8667,#8689,#8711,#8733,
    #8755,#8777,#8793,#8813,#8841,#8863,#8885,#8907,#8929,#8951,#8973,
    #8995,#9017,#9039,#9061,#9077,#9097,#9209,#9229,#9245,#9261,#9277,
    #9293,#9309,#9325,#9337,#9371,#9393,#9415,#9437,#9465,#9481,#9495,
    #9523,#9545,#9567,#9589,#9611,#9633,#9655,#9677,#9699,#9721,#9743,
    #9759,#9779,#9807,#9829,#9851,#9873,#9895,#9911));
#17 = ADVANCED_FACE('',(#18),#54,.T.);
#18 = FACE_BOUND('',#19,.T.);
#19 = EDGE_LOOP('',(#20,#32,#39,#49));
#20 = ORIENTED_EDGE('',*,*,#21,.F.);
#21 = EDGE_CURVE('',#22,#24,#26,.T.);
#22 = VERTEX_POINT('',#23);
#23 = CARTESIAN_POINT('',(-6.75,0.5,3.2500001));
#24 = VERTEX_POINT('',#25);
#25 = CARTESIAN_POINT('',(-6.75,-0.5,3.2500001));
#26 = ( BOUNDED_CURVE() B_SPLINE_CURVE(2,(#27,#28,#29,#30,#31),
.UNSPECIFIED.,.F.,.F.) B_SPLINE_CURVE_WITH_KNOTS((3,2,3),(0.,
1.570796326795,3.14159265359),.PIECEWISE_BEZIER_KNOTS.) CURVE() 
GEOMETRIC_REPRESENTATION_ITEM() RATIONAL_B_SPLINE_CURVE((1.,
0.707106781187,1.,0.707106781187,1.)) REPRESENTATION_ITEM('') );
#27 = CARTESIAN_POINT('',(-6.75,0.5,3.2500001));
#28 = CARTESIAN_POINT('',(-6.75,0.5,2.7500001));
#29 = CARTESIAN_POINT('',(-6.75,1.272550623576E-14,2.7500001));
#30 = CARTESIAN_POINT('',(-6.75,-0.5,2.7500001));
#31 = CARTESIAN_POINT('',(-6.75,-0.5,3.2500001));
#32 = ORIENTED_EDGE('',*,*,#33,.T.);
#33 = EDGE_CURVE('',#22,#34,#36,.T.);
#34 = VERTEX_POINT('',#35);
#35 = CARTESIAN_POINT('',(-6.65,0.6,3.2500001));
#36 = B_SPLINE_CURVE_WITH_KNOTS('',1,(#37,#38),.UNSPECIFIED.,.F.,.F.,(2,
    2),(4.61762147316E-31,0.141421356237),.PIECEWISE_BEZIER_KNOTS.);
#37 = CARTESIAN_POINT('',(-6.75,0.5,3.2500001));
#38 = CARTESIAN_POINT('',(-6.65,0.6,3.2500001));
#39 = ORIENTED_EDGE('',*,*,#40,.F.);
#40 = EDGE_CURVE('',#41,#34,#43,.T.);
#41 = VERTEX_POINT('',#42);
#42 = CARTESIAN_POINT('',(-6.65,-0.6,3.2500001));
#43 = ( BOUNDED_CURVE() B_SPLINE_CURVE(2,(#44,#45,#46,#47,#48),
.UNSPECIFIED.,.F.,.F.) B_SPLINE_CURVE_WITH_KNOTS((3,2,3),(3.14159265359,
4.712388980385,6.28318530718),.PIECEWISE_BEZIER_KNOTS.) CURVE() 
GEOMETRIC_REPRESENTATION_ITEM() RATIONAL_B_SPLINE_CURVE((1.,
0.707106781187,1.,0.707106781187,1.)) REPRESENTATION_ITEM('') );
#44 = CARTESIAN_POINT('',(-6.65,-0.6,3.2500001));
#45 = CARTESIAN_POINT('',(-6.65,-0.6,2.6500001));
#46 = CARTESIAN_POINT('',(-6.65,4.076528726722E-15,2.6500001));
#47 = CARTESIAN_POINT('',(-6.65,0.6,2.6500001));
#48 = CARTESIAN_POINT('',(-6.65,0.6,3.2500001));
#49 = ORIENTED_EDGE('',*,*,#50,.F.);
#50 = EDGE_CURVE('',#24,#41,#51,.T.);
#51 = B_SPLINE_CURVE_WITH_KNOTS('',1,(#52,#53),.UNSPECIFIED.,.F.,.F.,(2,
    2),(3.878974872483E-30,0.141421356237),.PIECEWISE_BEZIER_KNOTS.);
#52 = CARTESIAN_POINT('',(-6.75,-0.5,3.2500001));
#53 = CARTESIAN_POINT('',(-6.65,-0.6,3.2500001));
#54 = ( BOUNDED_SURFACE() B_SPLINE_SURFACE(2,1,(
    (#55,#56)
    ,(#57,#58)
    ,(#59,#60)
    ,(#61,#62)
,(#63,#64
    )),.UNSPECIFIED.,.F.,.F.,.F.) B_SPLINE_SURFACE_WITH_KNOTS((3,2,3),(2
    ,2),(0.,1.570796326795,3.14159265359),(-7.850462293419E-17,
    0.141421356237),.PIECEWISE_BEZIER_KNOTS.) 
GEOMETRIC_REPRESENTATION_ITEM() RATIONAL_B_SPLINE_SURFACE((
    (1.,1.)
    ,(0.707106781187,0.707106781187)
    ,(1.,1.)
    ,(0.707106781187,0.707106781187)
,(1.,1.))) REPRESENTATION_ITEM('') SURFACE() );
#55 = CARTESIAN_POINT('',(-6.75,-0.5,3.2500001));
#56 = CARTESIAN_POINT('',(-6.65,-0.6,3.2500001));
#57 = CARTESIAN_POINT('',(-6.75,-0.5,2.7500001));
#58 = CARTESIAN_POINT('',(-6.65,-0.6,2.6500001));
#59 = CARTESIAN_POINT('',(-6.75,1.26642738958E-14,2.7500001));
#60 = CARTESIAN_POINT('',(-6.65,1.161070626015E-14,2.6500001));
#61 = CARTESIAN_POINT('',(-6.75,0.5,2.7500001));
#62 = CARTESIAN_POINT('',(-6.65,0.6,2.6500001));
#63 = CARTESIAN_POINT('',(-6.75,0.5,3.2500001));
#64 = CARTESIAN_POINT('',(-6.65,0.6,3.2500001));
#65 = ADVANCED_FACE('',(#66),#102,.T.);
#66 = FACE_BOUND('',#67,.T.);
#67 = EDGE_LOOP('',(#68,#80,#87,#97));
#68 = ORIENTED_EDGE('',*,*,#69,.F.);
#69 = EDGE_CURVE('',#70,#72,#74,.T.);
#70 = VERTEX_POINT('',#71);
#71 = CARTESIAN_POINT('',(5.25,-0.5,3.2500001));
#72 = VERTEX_POINT('',#73);
#73 = CARTESIAN_POINT('',(5.25,0.5,3.2500001));
#74 = ( BOUNDED_CURVE() B_SPLINE_CURVE(2,(#75,#76,#77,#78,#79),
.UNSPECIFIED.,.F.,.F.) B_SPLINE_CURVE_WITH_KNOTS((3,2,3),(3.14159265359,
4.712388980385,6.28318530718),.PIECEWISE_BEZIER_KNOTS.) CURVE() 
GEOMETRIC_REPRESENTATION_ITEM() RATIONAL_B_SPLINE_CURVE((1.,
0.707106781187,1.,0.707106781187,1.)) REPRESENTATION_ITEM('') );
#75 = CARTESIAN_POINT('',(5.25,-0.5,3.2500001));
#76 = CARTESIAN_POINT('',(5.25,-0.5,2.7500001));
#77 = CARTESIAN_POINT('',(5.25,-2.929473451027E-14,2.7500001));
#78 = CARTESIAN_POINT('',(5.25,0.5,2.7500001));
#79 = CARTESIAN_POINT('',(5.25,0.5,3.2500001));
#80 = ORIENTED_EDGE('',*,*,#81,.T.);
#81 = EDGE_CURVE('',#70,#82,#84,.T.);
#82 = VERTEX_POINT('',#83);
#83 = CARTESIAN_POINT('',(5.15,-0.6,3.2500001));
#84 = B_SPLINE_CURVE_WITH_KNOTS('',1,(#85,#86),.UNSPECIFIED.,.F.,.F.,(2,
    2),(-0.141421356237,7.850462293416E-17),.PIECEWISE_BEZIER_KNOTS.);
#85 = CARTESIAN_POINT('',(5.25,-0.5,3.2500001));
#86 = CARTESIAN_POINT('',(5.15,-0.6,3.2500001));
#87 = ORIENTED_EDGE('',*,*,#88,.F.);
#88 = EDGE_CURVE('',#89,#82,#91,.T.);
#89 = VERTEX_POINT('',#90);
#90 = CARTESIAN_POINT('',(5.15,0.6,3.2500001));
#91 = ( BOUNDED_CURVE() B_SPLINE_CURVE(2,(#92,#93,#94,#95,#96),
.UNSPECIFIED.,.F.,.F.) B_SPLINE_CURVE_WITH_KNOTS((3,2,3),(0.,
1.570796326795,3.14159265359),.PIECEWISE_BEZIER_KNOTS.) CURVE() 
GEOMETRIC_REPRESENTATION_ITEM() RATIONAL_B_SPLINE_CURVE((1.,
0.707106781187,1.,0.707106781187,1.)) REPRESENTATION_ITEM('') );
#92 = CARTESIAN_POINT('',(5.15,0.6,3.2500001));
#93 = CARTESIAN_POINT('',(5.15,0.6,2.6500001));
#94 = CARTESIAN_POINT('',(5.15,-2.951529473025E-14,2.6500001));
#95 = CARTESIAN_POINT('',(5.15,-0.6,2.6500001));
#96 = CARTESIAN_POINT('',(5.15,-0.6,3.2500001));
#97 = ORIENTED_EDGE('',*,*,#98,.F.);
#98 = EDGE_CURVE('',#72,#89,#99,.T.);
#99 = B_SPLINE_CURVE_WITH_KNOTS('',1,(#100,#101),.UNSPECIFIED.,.F.,.F.,(
    2,2),(-0.141421356237,8.07097051919E-29),.PIECEWISE_BEZIER_KNOTS.);
#100 = CARTESIAN_POINT('',(5.25,0.5,3.2500001));
#101 = CARTESIAN_POINT('',(5.15,0.6,3.2500001));
#102 = ( BOUNDED_SURFACE() B_SPLINE_SURFACE(2,1,(
    (#103,#104)
    ,(#105,#106)
    ,(#107,#108)
    ,(#109,#110)
,(#111,#112
    )),.UNSPECIFIED.,.F.,.F.,.F.) B_SPLINE_SURFACE_WITH_KNOTS((3,2,3),(2
    ,2),(0.,1.570796326795,3.14159265359),(-0.141421356237,
    1.110223024626E-16),.PIECEWISE_BEZIER_KNOTS.) 
GEOMETRIC_REPRESENTATION_ITEM() RATIONAL_B_SPLINE_SURFACE((
    (1.,1.)
    ,(0.707106781187,0.707106781187)
    ,(1.,1.)
    ,(0.707106781187,0.707106781187)
,(1.,1.))) REPRESENTATION_ITEM('') SURFACE() );
#103 = CARTESIAN_POINT('',(5.25,0.5,3.2500001));
#104 = CARTESIAN_POINT('',(5.15,0.6,3.2500001));
#105 = CARTESIAN_POINT('',(5.25,0.5,2.7500001));
#106 = CARTESIAN_POINT('',(5.15,0.6,2.6500001));
#107 = CARTESIAN_POINT('',(5.25,-2.917226983036E-14,2.7500001));
#108 = CARTESIAN_POINT('',(5.15,-2.951529473025E-14,2.6500001));
#109 = CARTESIAN_POINT('',(5.25,-0.5,2.7500001));
#110 = CARTESIAN_POINT('',(5.15,-0.6,2.6500001));
#111 = CARTESIAN_POINT('',(5.25,-0.5,3.2500001));
#112 = CARTESIAN_POINT('',(5.15,-0.6,3.2500001));
#113 = ADVANCED_FACE('',(#114),#139,.T.);
#114 = FACE_BOUND('',#115,.T.);
#115 = EDGE_LOOP('',(#116,#128,#133,#134));
#116 = ORIENTED_EDGE('',*,*,#117,.T.);
#117 = EDGE_CURVE('',#118,#120,#122,.T.);
#118 = VERTEX_POINT('',#119);
#119 = CARTESIAN_POINT('',(-1.05,-0.6,3.2500001));
#120 = VERTEX_POINT('',#121);
#121 = CARTESIAN_POINT('',(-1.05,0.6,3.2500001));
#122 = ( BOUNDED_CURVE() B_SPLINE_CURVE(2,(#123,#124,#125,#126,#127),
.UNSPECIFIED.,.F.,.F.) B_SPLINE_CURVE_WITH_KNOTS((3,2,3),(3.14159265359,
4.712388980385,6.28318530718),.PIECEWISE_BEZIER_KNOTS.) CURVE() 
GEOMETRIC_REPRESENTATION_ITEM() RATIONAL_B_SPLINE_CURVE((1.,
0.707106781187,1.,0.707106781187,1.)) REPRESENTATION_ITEM('') );
#123 = CARTESIAN_POINT('',(-1.05,-0.6,3.2500001));
#124 = CARTESIAN_POINT('',(-1.05,-0.6,2.6500001));
#125 = CARTESIAN_POINT('',(-1.05,-1.920611613354E-14,2.6500001));
#126 = CARTESIAN_POINT('',(-1.05,0.6,2.6500001));
#127 = CARTESIAN_POINT('',(-1.05,0.6,3.2500001));
#128 = ORIENTED_EDGE('',*,*,#129,.T.);
#129 = EDGE_CURVE('',#120,#89,#130,.T.);
#130 = B_SPLINE_CURVE_WITH_KNOTS('',1,(#131,#132),.UNSPECIFIED.,.F.,.F.,
  (2,2),(5.7,11.9),.PIECEWISE_BEZIER_KNOTS.);
#131 = CARTESIAN_POINT('',(-1.05,0.6,3.2500001));
#132 = CARTESIAN_POINT('',(5.15,0.6,3.2500001));
#133 = ORIENTED_EDGE('',*,*,#88,.T.);
#134 = ORIENTED_EDGE('',*,*,#135,.F.);
#135 = EDGE_CURVE('',#118,#82,#136,.T.);
#136 = B_SPLINE_CURVE_WITH_KNOTS('',1,(#137,#138),.UNSPECIFIED.,.F.,.F.,
  (2,2),(5.7,11.9),.PIECEWISE_BEZIER_KNOTS.);
#137 = CARTESIAN_POINT('',(-1.05,-0.6,3.2500001));
#138 = CARTESIAN_POINT('',(5.15,-0.6,3.2500001));
#139 = ( BOUNDED_SURFACE() B_SPLINE_SURFACE(2,1,(
    (#140,#141)
    ,(#142,#143)
    ,(#144,#145)
    ,(#146,#147)
,(#148,#149
    )),.UNSPECIFIED.,.F.,.F.,.F.) B_SPLINE_SURFACE_WITH_KNOTS((3,2,3),(2
    ,2),(0.,1.570796326795,3.14159265359),(5.7,11.9),
.PIECEWISE_BEZIER_KNOTS.) GEOMETRIC_REPRESENTATION_ITEM() 
RATIONAL_B_SPLINE_SURFACE((
    (1.,1.)
    ,(0.707106781187,0.707106781187)
    ,(1.,1.)
    ,(0.707106781187,0.707106781187)
,(1.,1.))) REPRESENTATION_ITEM('') SURFACE() );
#140 = CARTESIAN_POINT('',(-1.05,-0.6,3.2500001));
#141 = CARTESIAN_POINT('',(5.15,-0.6,3.2500001));
#142 = CARTESIAN_POINT('',(-1.05,-0.6,2.6500001));
#143 = CARTESIAN_POINT('',(5.15,-0.6,2.6500001));
#144 = CARTESIAN_POINT('',(-1.05,-7.941589237369E-15,2.6500001));
#145 = CARTESIAN_POINT('',(5.15,-2.95887735382E-14,2.6500001));
#146 = CARTESIAN_POINT('',(-1.05,0.6,2.6500001));
#147 = CARTESIAN_POINT('',(5.15,0.6,2.6500001));
#148 = CARTESIAN_POINT('',(-1.05,0.6,3.2500001));
#149 = CARTESIAN_POINT('',(5.15,0.6,3.2500001));
#150 = ADVANCED_FACE('',(#151),#176,.T.);
#151 = FACE_BOUND('',#152,.T.);
#152 = EDGE_LOOP('',(#153,#154,#161,#171));
#153 = ORIENTED_EDGE('',*,*,#40,.T.);
#154 = ORIENTED_EDGE('',*,*,#155,.T.);
#155 = EDGE_CURVE('',#34,#156,#158,.T.);
#156 = VERTEX_POINT('',#157);
#157 = CARTESIAN_POINT('',(-2.76,0.6,3.2500001));
#158 = B_SPLINE_CURVE_WITH_KNOTS('',1,(#159,#160),.UNSPECIFIED.,.F.,.F.,
  (2,2),(1.E-01,3.99),.PIECEWISE_BEZIER_KNOTS.);
#159 = CARTESIAN_POINT('',(-6.65,0.6,3.2500001));
#160 = CARTESIAN_POINT('',(-2.76,0.6,3.2500001));
#161 = ORIENTED_EDGE('',*,*,#162,.F.);
#162 = EDGE_CURVE('',#163,#156,#165,.T.);
#163 = VERTEX_POINT('',#164);
#164 = CARTESIAN_POINT('',(-2.76,-0.6,3.2500001));
#165 = ( BOUNDED_CURVE() B_SPLINE_CURVE(2,(#166,#167,#168,#169,#170),
.UNSPECIFIED.,.F.,.F.) B_SPLINE_CURVE_WITH_KNOTS((3,2,3),(3.14159265359,
4.712388980385,6.28318530718),.PIECEWISE_BEZIER_KNOTS.) CURVE() 
GEOMETRIC_REPRESENTATION_ITEM() RATIONAL_B_SPLINE_CURVE((1.,
0.707106781187,1.,0.707106781187,1.)) REPRESENTATION_ITEM('') );
#166 = CARTESIAN_POINT('',(-2.76,-0.6,3.2500001));
#167 = CARTESIAN_POINT('',(-2.76,-0.6,2.6500001));
#168 = CARTESIAN_POINT('',(-2.76,4.883156717765E-15,2.6500001));
#169 = CARTESIAN_POINT('',(-2.76,0.6,2.6500001));
#170 = CARTESIAN_POINT('',(-2.76,0.6,3.2500001));
#171 = ORIENTED_EDGE('',*,*,#172,.F.);
#172 = EDGE_CURVE('',#41,#163,#173,.T.);
#173 = B_SPLINE_CURVE_WITH_KNOTS('',1,(#174,#175),.UNSPECIFIED.,.F.,.F.,
  (2,2),(1.E-01,3.99),.PIECEWISE_BEZIER_KNOTS.);
#174 = CARTESIAN_POINT('',(-6.65,-0.6,3.2500001));
#175 = CARTESIAN_POINT('',(-2.76,-0.6,3.2500001));
#176 = ( BOUNDED_SURFACE() B_SPLINE_SURFACE(2,1,(
    (#177,#178)
    ,(#179,#180)
    ,(#181,#182)
    ,(#183,#184)
,(#185,#186
    )),.UNSPECIFIED.,.F.,.F.,.F.) B_SPLINE_SURFACE_WITH_KNOTS((3,2,3),(2
    ,2),(0.,1.570796326795,3.14159265359),(1.E-01,3.99),
.PIECEWISE_BEZIER_KNOTS.) GEOMETRIC_REPRESENTATION_ITEM() 
RATIONAL_B_SPLINE_SURFACE((
    (1.,1.)
    ,(0.707106781187,0.707106781187)
    ,(1.,1.)
    ,(0.707106781187,0.707106781187)
,(1.,1.))) REPRESENTATION_ITEM('') SURFACE() );
#177 = CARTESIAN_POINT('',(-6.65,-0.6,3.2500001));
#178 = CARTESIAN_POINT('',(-2.76,-0.6,3.2500001));
#179 = CARTESIAN_POINT('',(-6.65,-0.6,2.6500001));
#180 = CARTESIAN_POINT('',(-2.76,-0.6,2.6500001));
#181 = CARTESIAN_POINT('',(-6.65,1.161070626015E-14,2.6500001));
#182 = CARTESIAN_POINT('',(-2.76,-1.971156147947E-15,2.6500001));
#183 = CARTESIAN_POINT('',(-6.65,0.6,2.6500001));
#184 = CARTESIAN_POINT('',(-2.76,0.6,2.6500001));
#185 = CARTESIAN_POINT('',(-6.65,0.6,3.2500001));
#186 = CARTESIAN_POINT('',(-2.76,0.6,3.2500001));
#187 = ADVANCED_FACE('',(#188),#224,.T.);
#188 = FACE_BOUND('',#189,.T.);
#189 = EDGE_LOOP('',(#190,#202,#209,#219));
#190 = ORIENTED_EDGE('',*,*,#191,.T.);
#191 = EDGE_CURVE('',#192,#194,#196,.T.);
#192 = VERTEX_POINT('',#193);
#193 = CARTESIAN_POINT('',(-2.75,2.,3.2500001));
#194 = VERTEX_POINT('',#195);
#195 = CARTESIAN_POINT('',(-2.75,-2.,3.2500001));
#196 = ( BOUNDED_CURVE() B_SPLINE_CURVE(2,(#197,#198,#199,#200,#201),
.UNSPECIFIED.,.F.,.F.) B_SPLINE_CURVE_WITH_KNOTS((3,2,3),(0.,
1.570796326795,3.14159265359),.PIECEWISE_BEZIER_KNOTS.) CURVE() 
GEOMETRIC_REPRESENTATION_ITEM() RATIONAL_B_SPLINE_CURVE((1.,
0.707106781187,1.,0.707106781187,1.)) REPRESENTATION_ITEM('') );
#197 = CARTESIAN_POINT('',(-2.75,2.,3.2500001));
#198 = CARTESIAN_POINT('',(-2.75,2.,1.2500001));
#199 = CARTESIAN_POINT('',(-2.75,-1.162301462621E-14,1.2500001));
#200 = CARTESIAN_POINT('',(-2.75,-2.,1.2500001));
#201 = CARTESIAN_POINT('',(-2.75,-2.,3.2500001));
#202 = ORIENTED_EDGE('',*,*,#203,.T.);
#203 = EDGE_CURVE('',#194,#204,#206,.T.);
#204 = VERTEX_POINT('',#205);
#205 = CARTESIAN_POINT('',(-2.76,-2.,3.2500001));
#206 = B_SPLINE_CURVE_WITH_KNOTS('',1,(#207,#208),.UNSPECIFIED.,.F.,.F.,
  (2,2),(1.7,1.71),.PIECEWISE_BEZIER_KNOTS.);
#207 = CARTESIAN_POINT('',(-2.75,-2.,3.2500001));
#208 = CARTESIAN_POINT('',(-2.76,-2.,3.2500001));
#209 = ORIENTED_EDGE('',*,*,#210,.F.);
#210 = EDGE_CURVE('',#211,#204,#213,.T.);
#211 = VERTEX_POINT('',#212);
#212 = CARTESIAN_POINT('',(-2.76,2.,3.2500001));
#213 = ( BOUNDED_CURVE() B_SPLINE_CURVE(2,(#214,#215,#216,#217,#218),
.UNSPECIFIED.,.F.,.F.) B_SPLINE_CURVE_WITH_KNOTS((3,2,3),(0.,
1.570796326795,3.14159265359),.PIECEWISE_BEZIER_KNOTS.) CURVE() 
GEOMETRIC_REPRESENTATION_ITEM() RATIONAL_B_SPLINE_CURVE((1.,
0.707106781187,1.,0.707106781187,1.)) REPRESENTATION_ITEM('') );
#214 = CARTESIAN_POINT('',(-2.76,2.,3.2500001));
#215 = CARTESIAN_POINT('',(-2.76,2.,1.2500001));
#216 = CARTESIAN_POINT('',(-2.76,-1.158809981282E-14,1.2500001));
#217 = CARTESIAN_POINT('',(-2.76,-2.,1.2500001));
#218 = CARTESIAN_POINT('',(-2.76,-2.,3.2500001));
#219 = ORIENTED_EDGE('',*,*,#220,.F.);
#220 = EDGE_CURVE('',#192,#211,#221,.T.);
#221 = B_SPLINE_CURVE_WITH_KNOTS('',1,(#222,#223),.UNSPECIFIED.,.F.,.F.,
  (2,2),(1.7,1.71),.PIECEWISE_BEZIER_KNOTS.);
#222 = CARTESIAN_POINT('',(-2.75,2.,3.2500001));
#223 = CARTESIAN_POINT('',(-2.76,2.,3.2500001));
#224 = ( BOUNDED_SURFACE() B_SPLINE_SURFACE(2,1,(
    (#225,#226)
    ,(#227,#228)
    ,(#229,#230)
    ,(#231,#232)
,(#233,#234
    )),.UNSPECIFIED.,.F.,.F.,.F.) B_SPLINE_SURFACE_WITH_KNOTS((3,2,3),(2
    ,2),(0.,1.570796326795,3.14159265359),(1.7,1.71),
.PIECEWISE_BEZIER_KNOTS.) GEOMETRIC_REPRESENTATION_ITEM() 
RATIONAL_B_SPLINE_SURFACE((
    (1.,1.)
    ,(0.707106781187,0.707106781187)
    ,(1.,1.)
    ,(0.707106781187,0.707106781187)
,(1.,1.))) REPRESENTATION_ITEM('') SURFACE() );
#225 = CARTESIAN_POINT('',(-2.75,2.,3.2500001));
#226 = CARTESIAN_POINT('',(-2.76,2.,3.2500001));
#227 = CARTESIAN_POINT('',(-2.75,2.,1.2500001));
#228 = CARTESIAN_POINT('',(-2.76,2.,1.2500001));
#229 = CARTESIAN_POINT('',(-2.75,-1.162301462621E-14,1.2500001));
#230 = CARTESIAN_POINT('',(-2.76,-1.158809981282E-14,1.2500001));
#231 = CARTESIAN_POINT('',(-2.75,-2.,1.2500001));
#232 = CARTESIAN_POINT('',(-2.76,-2.,1.2500001));
#233 = CARTESIAN_POINT('',(-2.75,-2.,3.2500001));
#234 = CARTESIAN_POINT('',(-2.76,-2.,3.2500001));
#235 = ADVANCED_FACE('',(#236),#272,.F.);
#236 = FACE_BOUND('',#237,.F.);
#237 = EDGE_LOOP('',(#238,#247,#257,#264));
#238 = ORIENTED_EDGE('',*,*,#239,.T.);
#239 = EDGE_CURVE('',#240,#242,#244,.T.);
#240 = VERTEX_POINT('',#241);
#241 = CARTESIAN_POINT('',(5.479846269216,2.056426474385,3.2500001));
#242 = VERTEX_POINT('',#243);
#243 = CARTESIAN_POINT('',(-0.75,2.056426474385,3.2500001));
#244 = B_SPLINE_CURVE_WITH_KNOTS('',1,(#245,#246),.UNSPECIFIED.,.F.,.F.,
  (2,2),(-8.229846269216,-2.),.PIECEWISE_BEZIER_KNOTS.);
#245 = CARTESIAN_POINT('',(5.479846269216,2.056426474385,3.2500001));
#246 = CARTESIAN_POINT('',(-0.75,2.056426474385,3.2500001));
#247 = ORIENTED_EDGE('',*,*,#248,.F.);
#248 = EDGE_CURVE('',#249,#242,#251,.T.);
#249 = VERTEX_POINT('',#250);
#250 = CARTESIAN_POINT('',(-0.75,-2.056426474385,3.2500001));
#251 = ( BOUNDED_CURVE() B_SPLINE_CURVE(2,(#252,#253,#254,#255,#256),
.UNSPECIFIED.,.F.,.F.) B_SPLINE_CURVE_WITH_KNOTS((3,2,3),(3.14159265359,
4.712388980385,6.28318530718),.PIECEWISE_BEZIER_KNOTS.) CURVE() 
GEOMETRIC_REPRESENTATION_ITEM() RATIONAL_B_SPLINE_CURVE((1.,
0.707106781187,1.,0.707106781187,1.)) REPRESENTATION_ITEM('') );
#252 = CARTESIAN_POINT('',(-0.75,-2.056426474385,3.2500001));
#253 = CARTESIAN_POINT('',(-0.75,-2.056426474385,5.306426574385));
#254 = CARTESIAN_POINT('',(-0.75,8.973342543084E-15,5.306426574385));
#255 = CARTESIAN_POINT('',(-0.75,2.056426474385,5.306426574385));
#256 = CARTESIAN_POINT('',(-0.75,2.056426474385,3.2500001));
#257 = ORIENTED_EDGE('',*,*,#258,.F.);
#258 = EDGE_CURVE('',#259,#249,#261,.T.);
#259 = VERTEX_POINT('',#260);
#260 = CARTESIAN_POINT('',(5.479846269216,-2.056426474385,3.2500001));
#261 = B_SPLINE_CURVE_WITH_KNOTS('',1,(#262,#263),.UNSPECIFIED.,.F.,.F.,
  (2,2),(-8.229846269216,-2.),.PIECEWISE_BEZIER_KNOTS.);
#262 = CARTESIAN_POINT('',(5.479846269216,-2.056426474385,3.2500001));
#263 = CARTESIAN_POINT('',(-0.75,-2.056426474385,3.2500001));
#264 = ORIENTED_EDGE('',*,*,#265,.T.);
#265 = EDGE_CURVE('',#259,#240,#266,.T.);
#266 = ( BOUNDED_CURVE() B_SPLINE_CURVE(2,(#267,#268,#269,#270,#271),
.UNSPECIFIED.,.F.,.F.) B_SPLINE_CURVE_WITH_KNOTS((3,2,3),(3.14159265359,
4.712388980385,6.28318530718),.PIECEWISE_BEZIER_KNOTS.) CURVE() 
GEOMETRIC_REPRESENTATION_ITEM() RATIONAL_B_SPLINE_CURVE((1.,
0.707106781187,1.,0.707106781187,1.)) REPRESENTATION_ITEM('') );
#267 = CARTESIAN_POINT('',(5.479846269216,-2.056426474385,3.2500001));
#268 = CARTESIAN_POINT('',(5.479846269216,-2.056426474385,5.306426574386
    ));
#269 = CARTESIAN_POINT('',(5.479846269216,-1.354535075057E-14,
    5.306426574385));
#270 = CARTESIAN_POINT('',(5.479846269216,2.056426474385,5.306426574385)
  );
#271 = CARTESIAN_POINT('',(5.479846269216,2.056426474385,3.2500001));
#272 = ( BOUNDED_SURFACE() B_SPLINE_SURFACE(2,1,(
    (#273,#274)
    ,(#275,#276)
    ,(#277,#278)
    ,(#279,#280)
,(#281,#282
    )),.UNSPECIFIED.,.F.,.F.,.F.) B_SPLINE_SURFACE_WITH_KNOTS((3,2,3),(2
    ,2),(3.14159265359,4.712388980385,6.28318530718),(-8.229846269216,
-2.),.PIECEWISE_BEZIER_KNOTS.) GEOMETRIC_REPRESENTATION_ITEM() 
RATIONAL_B_SPLINE_SURFACE((
    (1.,1.)
    ,(0.707106781187,0.707106781187)
    ,(1.,1.)
    ,(0.707106781187,0.707106781187)
,(1.,1.))) REPRESENTATION_ITEM('') SURFACE() );
#273 = CARTESIAN_POINT('',(5.479846269216,-2.056426474385,3.2500001));
#274 = CARTESIAN_POINT('',(-0.75,-2.056426474385,3.2500001));
#275 = CARTESIAN_POINT('',(5.479846269216,-2.056426474385,5.306426574386
    ));
#276 = CARTESIAN_POINT('',(-0.75,-2.056426474385,5.306426574385));
#277 = CARTESIAN_POINT('',(5.479846269216,-1.354535075057E-14,
    5.306426574385));
#278 = CARTESIAN_POINT('',(-0.75,8.973342543084E-15,5.306426574385));
#279 = CARTESIAN_POINT('',(5.479846269216,2.056426474385,5.306426574385)
  );
#280 = CARTESIAN_POINT('',(-0.75,2.056426474385,5.306426574385));
#281 = CARTESIAN_POINT('',(5.479846269216,2.056426474385,3.2500001));
#282 = CARTESIAN_POINT('',(-0.75,2.056426474385,3.2500001));
#283 = ADVANCED_FACE('',(#284),#309,.F.);
#284 = FACE_BOUND('',#285,.F.);
#285 = EDGE_LOOP('',(#286,#293,#303,#308));
#286 = ORIENTED_EDGE('',*,*,#287,.T.);
#287 = EDGE_CURVE('',#259,#288,#290,.T.);
#288 = VERTEX_POINT('',#289);
#289 = CARTESIAN_POINT('',(5.597546205663,-2.367601770419,3.2500001));
#290 = B_SPLINE_CURVE_WITH_KNOTS('',1,(#291,#292),.UNSPECIFIED.,.F.,.F.,
  (2,2),(-0.332691057741,2.367433264618E-30),.PIECEWISE_BEZIER_KNOTS.);
#291 = CARTESIAN_POINT('',(5.479846269216,-2.056426474385,3.2500001));
#292 = CARTESIAN_POINT('',(5.597546205663,-2.367601770419,3.2500001));
#293 = ORIENTED_EDGE('',*,*,#294,.T.);
#294 = EDGE_CURVE('',#288,#295,#297,.T.);
#295 = VERTEX_POINT('',#296);
#296 = CARTESIAN_POINT('',(5.597546205663,2.367601770419,3.2500001));
#297 = ( BOUNDED_CURVE() B_SPLINE_CURVE(2,(#298,#299,#300,#301,#302),
.UNSPECIFIED.,.F.,.F.) B_SPLINE_CURVE_WITH_KNOTS((3,2,3),(3.14159265359,
4.712388980385,6.28318530718),.PIECEWISE_BEZIER_KNOTS.) CURVE() 
GEOMETRIC_REPRESENTATION_ITEM() RATIONAL_B_SPLINE_CURVE((1.,
0.707106781187,1.,0.707106781187,1.)) REPRESENTATION_ITEM('') );
#298 = CARTESIAN_POINT('',(5.597546205663,-2.367601770419,3.2500001));
#299 = CARTESIAN_POINT('',(5.597546205663,-2.367601770419,5.617601870419
    ));
#300 = CARTESIAN_POINT('',(5.597546205663,-1.185503093422E-14,
    5.617601870419));
#301 = CARTESIAN_POINT('',(5.597546205663,2.367601770419,5.617601870419)
  );
#302 = CARTESIAN_POINT('',(5.597546205663,2.367601770419,3.2500001));
#303 = ORIENTED_EDGE('',*,*,#304,.F.);
#304 = EDGE_CURVE('',#240,#295,#305,.T.);
#305 = B_SPLINE_CURVE_WITH_KNOTS('',1,(#306,#307),.UNSPECIFIED.,.F.,.F.,
  (2,2),(-0.332691057741,-1.568814930021E-30),.PIECEWISE_BEZIER_KNOTS.);
#306 = CARTESIAN_POINT('',(5.479846269216,2.056426474385,3.2500001));
#307 = CARTESIAN_POINT('',(5.597546205663,2.367601770419,3.2500001));
#308 = ORIENTED_EDGE('',*,*,#265,.F.);
#309 = ( BOUNDED_SURFACE() B_SPLINE_SURFACE(2,1,(
    (#310,#311)
    ,(#312,#313)
    ,(#314,#315)
    ,(#316,#317)
,(#318,#319
    )),.UNSPECIFIED.,.F.,.F.,.F.) B_SPLINE_SURFACE_WITH_KNOTS((3,2,3),(2
    ,2),(3.14159265359,4.712388980385,6.28318530718),(-0.332691057741,
    2.22044604925E-16),.PIECEWISE_BEZIER_KNOTS.) 
GEOMETRIC_REPRESENTATION_ITEM() RATIONAL_B_SPLINE_SURFACE((
    (1.,1.)
    ,(0.707106781187,0.707106781187)
    ,(1.,1.)
    ,(0.707106781187,0.707106781187)
,(1.,1.))) REPRESENTATION_ITEM('') SURFACE() );
#310 = CARTESIAN_POINT('',(5.479846269216,2.056426474385,3.2500001));
#311 = CARTESIAN_POINT('',(5.597546205663,2.367601770419,3.2500001));
#312 = CARTESIAN_POINT('',(5.479846269216,2.056426474385,5.306426574385)
  );
#313 = CARTESIAN_POINT('',(5.597546205663,2.367601770419,5.617601870419)
  );
#314 = CARTESIAN_POINT('',(5.479846269216,-1.278983192071E-14,
    5.306426574385));
#315 = CARTESIAN_POINT('',(5.597546205663,-1.098518815528E-14,
    5.617601870419));
#316 = CARTESIAN_POINT('',(5.479846269216,-2.056426474385,5.306426574386
    ));
#317 = CARTESIAN_POINT('',(5.597546205663,-2.367601770419,5.617601870419
    ));
#318 = CARTESIAN_POINT('',(5.479846269216,-2.056426474385,3.2500001));
#319 = CARTESIAN_POINT('',(5.597546205663,-2.367601770419,3.2500001));
#320 = ADVANCED_FACE('',(#321),#346,.F.);
#321 = FACE_BOUND('',#322,.F.);
#322 = EDGE_LOOP('',(#323,#330,#331,#338));
#323 = ORIENTED_EDGE('',*,*,#324,.T.);
#324 = EDGE_CURVE('',#325,#295,#327,.T.);
#325 = VERTEX_POINT('',#326);
#326 = CARTESIAN_POINT('',(5.938244359135,2.367601770419,3.2500001));
#327 = B_SPLINE_CURVE_WITH_KNOTS('',1,(#328,#329),.UNSPECIFIED.,.F.,.F.,
  (2,2),(-8.688244359135,-8.347546205663),.PIECEWISE_BEZIER_KNOTS.);
#328 = CARTESIAN_POINT('',(5.938244359135,2.367601770419,3.2500001));
#329 = CARTESIAN_POINT('',(5.597546205663,2.367601770419,3.2500001));
#330 = ORIENTED_EDGE('',*,*,#294,.F.);
#331 = ORIENTED_EDGE('',*,*,#332,.F.);
#332 = EDGE_CURVE('',#333,#288,#335,.T.);
#333 = VERTEX_POINT('',#334);
#334 = CARTESIAN_POINT('',(5.938244359135,-2.367601770419,3.2500001));
#335 = B_SPLINE_CURVE_WITH_KNOTS('',1,(#336,#337),.UNSPECIFIED.,.F.,.F.,
  (2,2),(-8.688244359135,-8.347546205663),.PIECEWISE_BEZIER_KNOTS.);
#336 = CARTESIAN_POINT('',(5.938244359135,-2.367601770419,3.2500001));
#337 = CARTESIAN_POINT('',(5.597546205663,-2.367601770419,3.2500001));
#338 = ORIENTED_EDGE('',*,*,#339,.T.);
#339 = EDGE_CURVE('',#333,#325,#340,.T.);
#340 = ( BOUNDED_CURVE() B_SPLINE_CURVE(2,(#341,#342,#343,#344,#345),
.UNSPECIFIED.,.F.,.F.) B_SPLINE_CURVE_WITH_KNOTS((3,2,3),(3.14159265359,
4.712388980385,6.28318530718),.PIECEWISE_BEZIER_KNOTS.) CURVE() 
GEOMETRIC_REPRESENTATION_ITEM() RATIONAL_B_SPLINE_CURVE((1.,
0.707106781187,1.,0.707106781187,1.)) REPRESENTATION_ITEM('') );
#341 = CARTESIAN_POINT('',(5.938244359135,-2.367601770419,3.2500001));
#342 = CARTESIAN_POINT('',(5.938244359135,-2.367601770419,5.617601870419
    ));
#343 = CARTESIAN_POINT('',(5.938244359135,-1.308653439228E-14,
    5.617601870419));
#344 = CARTESIAN_POINT('',(5.938244359135,2.367601770419,5.617601870419)
  );
#345 = CARTESIAN_POINT('',(5.938244359135,2.367601770419,3.2500001));
#346 = ( BOUNDED_SURFACE() B_SPLINE_SURFACE(2,1,(
    (#347,#348)
    ,(#349,#350)
    ,(#351,#352)
    ,(#353,#354)
,(#355,#356
    )),.UNSPECIFIED.,.F.,.F.,.F.) B_SPLINE_SURFACE_WITH_KNOTS((3,2,3),(2
    ,2),(3.14159265359,4.712388980385,6.28318530718),(-8.688244359135,
    -8.347546205663),.PIECEWISE_BEZIER_KNOTS.) 
GEOMETRIC_REPRESENTATION_ITEM() RATIONAL_B_SPLINE_SURFACE((
    (1.,1.)
    ,(0.707106781187,0.707106781187)
    ,(1.,1.)
    ,(0.707106781187,0.707106781187)
,(1.,1.))) REPRESENTATION_ITEM('') SURFACE() );
#347 = CARTESIAN_POINT('',(5.938244359135,-2.367601770419,3.2500001));
#348 = CARTESIAN_POINT('',(5.597546205663,-2.367601770419,3.2500001));
#349 = CARTESIAN_POINT('',(5.938244359135,-2.367601770419,5.617601870419
    ));
#350 = CARTESIAN_POINT('',(5.597546205663,-2.367601770419,5.617601870419
    ));
#351 = CARTESIAN_POINT('',(5.938244359135,-1.308653439228E-14,
    5.617601870419));
#352 = CARTESIAN_POINT('',(5.597546205663,-1.185503093422E-14,
    5.617601870419));
#353 = CARTESIAN_POINT('',(5.938244359135,2.367601770419,5.617601870419)
  );
#354 = CARTESIAN_POINT('',(5.597546205663,2.367601770419,5.617601870419)
  );
#355 = CARTESIAN_POINT('',(5.938244359135,2.367601770419,3.2500001));
#356 = CARTESIAN_POINT('',(5.597546205663,2.367601770419,3.2500001));
#357 = ADVANCED_FACE('',(#358),#383,.F.);
#358 = FACE_BOUND('',#359,.F.);
#359 = EDGE_LOOP('',(#360,#367,#368,#375));
#360 = ORIENTED_EDGE('',*,*,#361,.T.);
#361 = EDGE_CURVE('',#362,#325,#364,.T.);
#362 = VERTEX_POINT('',#363);
#363 = CARTESIAN_POINT('',(6.151551029135,2.220953434794,3.2500001));
#364 = B_SPLINE_CURVE_WITH_KNOTS('',1,(#365,#366),.UNSPECIFIED.,.F.,.F.,
  (2,2),(0.,0.258854147751),.PIECEWISE_BEZIER_KNOTS.);
#365 = CARTESIAN_POINT('',(6.151551029135,2.220953434794,3.2500001));
#366 = CARTESIAN_POINT('',(5.938244359135,2.367601770419,3.2500001));
#367 = ORIENTED_EDGE('',*,*,#339,.F.);
#368 = ORIENTED_EDGE('',*,*,#369,.F.);
#369 = EDGE_CURVE('',#370,#333,#372,.T.);
#370 = VERTEX_POINT('',#371);
#371 = CARTESIAN_POINT('',(6.151551029135,-2.220953434794,3.2500001));
#372 = B_SPLINE_CURVE_WITH_KNOTS('',1,(#373,#374),.UNSPECIFIED.,.F.,.F.,
  (2,2),(3.55526633964E-31,0.258854147751),.PIECEWISE_BEZIER_KNOTS.);
#373 = CARTESIAN_POINT('',(6.151551029135,-2.220953434794,3.2500001));
#374 = CARTESIAN_POINT('',(5.938244359135,-2.367601770419,3.2500001));
#375 = ORIENTED_EDGE('',*,*,#376,.T.);
#376 = EDGE_CURVE('',#370,#362,#377,.T.);
#377 = ( BOUNDED_CURVE() B_SPLINE_CURVE(2,(#378,#379,#380,#381,#382),
.UNSPECIFIED.,.F.,.F.) B_SPLINE_CURVE_WITH_KNOTS((3,2,3),(3.14159265359,
4.712388980385,6.28318530718),.PIECEWISE_BEZIER_KNOTS.) CURVE() 
GEOMETRIC_REPRESENTATION_ITEM() RATIONAL_B_SPLINE_CURVE((1.,
0.707106781187,1.,0.707106781187,1.)) REPRESENTATION_ITEM('') );
#378 = CARTESIAN_POINT('',(6.151551029135,-2.220953434794,3.2500001));
#379 = CARTESIAN_POINT('',(6.151551029135,-2.220953434794,5.470953534794
    ));
#380 = CARTESIAN_POINT('',(6.151551029135,-1.485466363647E-14,
    5.470953534794));
#381 = CARTESIAN_POINT('',(6.151551029135,2.220953434794,5.470953534794)
  );
#382 = CARTESIAN_POINT('',(6.151551029135,2.220953434794,3.2500001));
#383 = ( BOUNDED_SURFACE() B_SPLINE_SURFACE(2,1,(
    (#384,#385)
    ,(#386,#387)
    ,(#388,#389)
    ,(#390,#391)
,(#392,#393
    )),.UNSPECIFIED.,.F.,.F.,.F.) B_SPLINE_SURFACE_WITH_KNOTS((3,2,3),(2
    ,2),(3.14159265359,4.712388980385,6.28318530718),(0.,0.258854147751)
,.PIECEWISE_BEZIER_KNOTS.) GEOMETRIC_REPRESENTATION_ITEM() 
RATIONAL_B_SPLINE_SURFACE((
    (1.,1.)
    ,(0.707106781187,0.707106781187)
    ,(1.,1.)
    ,(0.707106781187,0.707106781187)
,(1.,1.))) REPRESENTATION_ITEM('') SURFACE() );
#384 = CARTESIAN_POINT('',(6.151551029135,-2.220953434794,3.2500001));
#385 = CARTESIAN_POINT('',(5.938244359135,-2.367601770419,3.2500001));
#386 = CARTESIAN_POINT('',(6.151551029135,-2.220953434794,5.470953534794
    ));
#387 = CARTESIAN_POINT('',(5.938244359135,-2.367601770419,5.617601870419
    ));
#388 = CARTESIAN_POINT('',(6.151551029135,-1.485466363647E-14,
    5.470953534794));
#389 = CARTESIAN_POINT('',(5.938244359135,-1.308653439228E-14,
    5.617601870419));
#390 = CARTESIAN_POINT('',(6.151551029135,2.220953434794,5.470953534794)
  );
#391 = CARTESIAN_POINT('',(5.938244359135,2.367601770419,5.617601870419)
  );
#392 = CARTESIAN_POINT('',(6.151551029135,2.220953434794,3.2500001));
#393 = CARTESIAN_POINT('',(5.938244359135,2.367601770419,3.2500001));
#394 = ADVANCED_FACE('',(#395),#420,.F.);
#395 = FACE_BOUND('',#396,.F.);
#396 = EDGE_LOOP('',(#397,#404,#405,#412));
#397 = ORIENTED_EDGE('',*,*,#398,.T.);
#398 = EDGE_CURVE('',#399,#362,#401,.T.);
#399 = VERTEX_POINT('',#400);
#400 = CARTESIAN_POINT('',(6.353279711764,2.220953434794,3.2500001));
#401 = B_SPLINE_CURVE_WITH_KNOTS('',1,(#402,#403),.UNSPECIFIED.,.F.,.F.,
  (2,2),(-9.103279711764,-8.901551029135),.PIECEWISE_BEZIER_KNOTS.);
#402 = CARTESIAN_POINT('',(6.353279711764,2.220953434794,3.2500001));
#403 = CARTESIAN_POINT('',(6.151551029135,2.220953434794,3.2500001));
#404 = ORIENTED_EDGE('',*,*,#376,.F.);
#405 = ORIENTED_EDGE('',*,*,#406,.F.);
#406 = EDGE_CURVE('',#407,#370,#409,.T.);
#407 = VERTEX_POINT('',#408);
#408 = CARTESIAN_POINT('',(6.353279711764,-2.220953434794,3.2500001));
#409 = B_SPLINE_CURVE_WITH_KNOTS('',1,(#410,#411),.UNSPECIFIED.,.F.,.F.,
  (2,2),(-9.103279711764,-8.901551029135),.PIECEWISE_BEZIER_KNOTS.);
#410 = CARTESIAN_POINT('',(6.353279711764,-2.220953434794,3.2500001));
#411 = CARTESIAN_POINT('',(6.151551029135,-2.220953434794,3.2500001));
#412 = ORIENTED_EDGE('',*,*,#413,.T.);
#413 = EDGE_CURVE('',#407,#399,#414,.T.);
#414 = ( BOUNDED_CURVE() B_SPLINE_CURVE(2,(#415,#416,#417,#418,#419),
.UNSPECIFIED.,.F.,.F.) B_SPLINE_CURVE_WITH_KNOTS((3,2,3),(3.14159265359,
4.712388980385,6.28318530718),.PIECEWISE_BEZIER_KNOTS.) CURVE() 
GEOMETRIC_REPRESENTATION_ITEM() RATIONAL_B_SPLINE_CURVE((1.,
0.707106781187,1.,0.707106781187,1.)) REPRESENTATION_ITEM('') );
#415 = CARTESIAN_POINT('',(6.353279711764,-2.220953434794,3.2500001));
#416 = CARTESIAN_POINT('',(6.353279711764,-2.220953434794,5.470953534794
    ));
#417 = CARTESIAN_POINT('',(6.353279711764,-1.558384155457E-14,
    5.470953534794));
#418 = CARTESIAN_POINT('',(6.353279711764,2.220953434794,5.470953534794)
  );
#419 = CARTESIAN_POINT('',(6.353279711764,2.220953434794,3.2500001));
#420 = ( BOUNDED_SURFACE() B_SPLINE_SURFACE(2,1,(
    (#421,#422)
    ,(#423,#424)
    ,(#425,#426)
    ,(#427,#428)
,(#429,#430
    )),.UNSPECIFIED.,.F.,.F.,.F.) B_SPLINE_SURFACE_WITH_KNOTS((3,2,3),(2
    ,2),(3.14159265359,4.712388980385,6.28318530718),(-9.103279711764,
    -8.901551029135),.PIECEWISE_BEZIER_KNOTS.) 
GEOMETRIC_REPRESENTATION_ITEM() RATIONAL_B_SPLINE_SURFACE((
    (1.,1.)
    ,(0.707106781187,0.707106781187)
    ,(1.,1.)
    ,(0.707106781187,0.707106781187)
,(1.,1.))) REPRESENTATION_ITEM('') SURFACE() );
#421 = CARTESIAN_POINT('',(6.353279711764,-2.220953434794,3.2500001));
#422 = CARTESIAN_POINT('',(6.151551029135,-2.220953434794,3.2500001));
#423 = CARTESIAN_POINT('',(6.353279711764,-2.220953434794,5.470953534794
    ));
#424 = CARTESIAN_POINT('',(6.151551029135,-2.220953434794,5.470953534794
    ));
#425 = CARTESIAN_POINT('',(6.353279711764,-1.558384155457E-14,
    5.470953534794));
#426 = CARTESIAN_POINT('',(6.151551029135,-1.485466363647E-14,
    5.470953534794));
#427 = CARTESIAN_POINT('',(6.353279711764,2.220953434794,5.470953534794)
  );
#428 = CARTESIAN_POINT('',(6.151551029135,2.220953434794,5.470953534794)
  );
#429 = CARTESIAN_POINT('',(6.353279711764,2.220953434794,3.2500001));
#430 = CARTESIAN_POINT('',(6.151551029135,2.220953434794,3.2500001));
#431 = ADVANCED_FACE('',(#432),#457,.F.);
#432 = FACE_BOUND('',#433,.F.);
#433 = EDGE_LOOP('',(#434,#441,#451,#456));
#434 = ORIENTED_EDGE('',*,*,#435,.T.);
#435 = EDGE_CURVE('',#407,#436,#438,.T.);
#436 = VERTEX_POINT('',#437);
#437 = CARTESIAN_POINT('',(6.75,-2.45,3.2500001));
#438 = B_SPLINE_CURVE_WITH_KNOTS('',1,(#439,#440),.UNSPECIFIED.,.F.,.F.,
  (2,2),(-0.458093130412,0.),.PIECEWISE_BEZIER_KNOTS.);
#439 = CARTESIAN_POINT('',(6.353279711764,-2.220953434794,3.2500001));
#440 = CARTESIAN_POINT('',(6.75,-2.45,3.2500001));
#441 = ORIENTED_EDGE('',*,*,#442,.T.);
#442 = EDGE_CURVE('',#436,#443,#445,.T.);
#443 = VERTEX_POINT('',#444);
#444 = CARTESIAN_POINT('',(6.75,2.45,3.2500001));
#445 = ( BOUNDED_CURVE() B_SPLINE_CURVE(2,(#446,#447,#448,#449,#450),
.UNSPECIFIED.,.F.,.F.) B_SPLINE_CURVE_WITH_KNOTS((3,2,3),(3.14159265359,
4.712388980385,6.28318530718),.PIECEWISE_BEZIER_KNOTS.) CURVE() 
GEOMETRIC_REPRESENTATION_ITEM() RATIONAL_B_SPLINE_CURVE((1.,
0.707106781187,1.,0.707106781187,1.)) REPRESENTATION_ITEM('') );
#446 = CARTESIAN_POINT('',(6.75,-2.45,3.2500001));
#447 = CARTESIAN_POINT('',(6.75,-2.45,5.7000001));
#448 = CARTESIAN_POINT('',(6.75,-1.546049679266E-14,5.7000001));
#449 = CARTESIAN_POINT('',(6.75,2.45,5.7000001));
#450 = CARTESIAN_POINT('',(6.75,2.45,3.2500001));
#451 = ORIENTED_EDGE('',*,*,#452,.F.);
#452 = EDGE_CURVE('',#399,#443,#453,.T.);
#453 = B_SPLINE_CURVE_WITH_KNOTS('',1,(#454,#455),.UNSPECIFIED.,.F.,.F.,
  (2,2),(-0.458093130412,0.),.PIECEWISE_BEZIER_KNOTS.);
#454 = CARTESIAN_POINT('',(6.353279711764,2.220953434794,3.2500001));
#455 = CARTESIAN_POINT('',(6.75,2.45,3.2500001));
#456 = ORIENTED_EDGE('',*,*,#413,.F.);
#457 = ( BOUNDED_SURFACE() B_SPLINE_SURFACE(2,1,(
    (#458,#459)
    ,(#460,#461)
    ,(#462,#463)
    ,(#464,#465)
,(#466,#467
    )),.UNSPECIFIED.,.F.,.F.,.F.) B_SPLINE_SURFACE_WITH_KNOTS((3,2,3),(2
    ,2),(3.14159265359,4.712388980385,6.28318530718),(-0.458093130412,
    7.216449660064E-16),.PIECEWISE_BEZIER_KNOTS.) 
GEOMETRIC_REPRESENTATION_ITEM() RATIONAL_B_SPLINE_SURFACE((
    (1.,1.)
    ,(0.707106781187,0.707106781187)
    ,(1.,1.)
    ,(0.707106781187,0.707106781187)
,(1.,1.))) REPRESENTATION_ITEM('') SURFACE() );
#458 = CARTESIAN_POINT('',(6.353279711764,2.220953434794,3.2500001));
#459 = CARTESIAN_POINT('',(6.75,2.45,3.2500001));
#460 = CARTESIAN_POINT('',(6.353279711764,2.220953434794,5.470953534794)
  );
#461 = CARTESIAN_POINT('',(6.75,2.45,5.7000001));
#462 = CARTESIAN_POINT('',(6.353279711764,-1.476787650008E-14,
    5.470953534794));
#463 = CARTESIAN_POINT('',(6.75,-1.456038139529E-14,5.7000001));
#464 = CARTESIAN_POINT('',(6.353279711764,-2.220953434794,5.470953534794
    ));
#465 = CARTESIAN_POINT('',(6.75,-2.45,5.7000001));
#466 = CARTESIAN_POINT('',(6.353279711764,-2.220953434794,3.2500001));
#467 = CARTESIAN_POINT('',(6.75,-2.45,3.2500001));
#468 = ADVANCED_FACE('',(#469),#547,.T.);
#469 = FACE_BOUND('',#470,.T.);
#470 = EDGE_LOOP('',(#471,#487,#494,#504,#511,#523,#530,#542));
#471 = ORIENTED_EDGE('',*,*,#472,.T.);
#472 = EDGE_CURVE('',#473,#475,#477,.T.);
#473 = VERTEX_POINT('',#474);
#474 = CARTESIAN_POINT('',(2.750000002185,2.6,3.2500001));
#475 = VERTEX_POINT('',#476);
#476 = CARTESIAN_POINT('',(2.350000002185,-2.6,3.2500001));
#477 = ( BOUNDED_CURVE() B_SPLINE_CURVE(2,(#478,#479,#480,#481,#482,#483
,#484,#485,#486),.UNSPECIFIED.,.F.,.F.) B_SPLINE_CURVE_WITH_KNOTS((3,2,2
,2,3),(0.6,0.625,0.65,0.675,0.7),.PIECEWISE_BEZIER_KNOTS.) CURVE() 
GEOMETRIC_REPRESENTATION_ITEM() RATIONAL_B_SPLINE_CURVE((1.,
    0.923879532511,1.,0.923879532511,1.,0.923879532511,1.,0.923879532511
,1.)) REPRESENTATION_ITEM('') );
#478 = CARTESIAN_POINT('',(2.750000002185,2.6,3.2500001));
#479 = CARTESIAN_POINT('',(2.700000002185,2.6,2.17304483783));
#480 = CARTESIAN_POINT('',(2.650000002185,1.838477631085,1.411522468915)
  );
#481 = CARTESIAN_POINT('',(2.600000002185,1.07695526217,0.6500001));
#482 = CARTESIAN_POINT('',(2.550000002185,-3.493368037662E-14,0.6500001)
  );
#483 = CARTESIAN_POINT('',(2.500000002185,-1.07695526217,0.6500001));
#484 = CARTESIAN_POINT('',(2.450000002185,-1.838477631085,1.411522468915
    ));
#485 = CARTESIAN_POINT('',(2.400000002185,-2.6,2.17304483783));
#486 = CARTESIAN_POINT('',(2.350000002185,-2.6,3.2500001));
#487 = ORIENTED_EDGE('',*,*,#488,.T.);
#488 = EDGE_CURVE('',#475,#489,#491,.T.);
#489 = VERTEX_POINT('',#490);
#490 = CARTESIAN_POINT('',(-1.25,-2.6,3.2500001));
#491 = B_SPLINE_CURVE_WITH_KNOTS('',1,(#492,#493),.UNSPECIFIED.,.F.,.F.,
  (2,2),(-5.100000002185,-1.5),.PIECEWISE_BEZIER_KNOTS.);
#492 = CARTESIAN_POINT('',(2.350000002185,-2.6,3.2500001));
#493 = CARTESIAN_POINT('',(-1.25,-2.6,3.2500001));
#494 = ORIENTED_EDGE('',*,*,#495,.F.);
#495 = EDGE_CURVE('',#496,#489,#498,.T.);
#496 = VERTEX_POINT('',#497);
#497 = CARTESIAN_POINT('',(-1.25,2.6,3.2500001));
#498 = ( BOUNDED_CURVE() B_SPLINE_CURVE(2,(#499,#500,#501,#502,#503),
.UNSPECIFIED.,.F.,.F.) B_SPLINE_CURVE_WITH_KNOTS((3,2,3),(0.,
1.570796326795,3.14159265359),.PIECEWISE_BEZIER_KNOTS.) CURVE() 
GEOMETRIC_REPRESENTATION_ITEM() RATIONAL_B_SPLINE_CURVE((1.,
0.707106781187,1.,0.707106781187,1.)) REPRESENTATION_ITEM('') );
#499 = CARTESIAN_POINT('',(-1.25,2.6,3.2500001));
#500 = CARTESIAN_POINT('',(-1.25,2.6,0.6500001));
#501 = CARTESIAN_POINT('',(-1.25,-2.11980228873E-14,0.6500001));
#502 = CARTESIAN_POINT('',(-1.25,-2.6,0.6500001));
#503 = CARTESIAN_POINT('',(-1.25,-2.6,3.2500001));
#504 = ORIENTED_EDGE('',*,*,#505,.F.);
#505 = EDGE_CURVE('',#506,#496,#508,.T.);
#506 = VERTEX_POINT('',#507);
#507 = CARTESIAN_POINT('',(1.950000002185,2.6,3.2500001));
#508 = B_SPLINE_CURVE_WITH_KNOTS('',1,(#509,#510),.UNSPECIFIED.,.F.,.F.,
  (2,2),(-4.700000002185,-1.5),.PIECEWISE_BEZIER_KNOTS.);
#509 = CARTESIAN_POINT('',(1.950000002185,2.6,3.2500001));
#510 = CARTESIAN_POINT('',(-1.25,2.6,3.2500001));
#511 = ORIENTED_EDGE('',*,*,#512,.T.);
#512 = EDGE_CURVE('',#506,#513,#515,.T.);
#513 = VERTEX_POINT('',#514);
#514 = CARTESIAN_POINT('',(1.650000002185,-1.838477631085,1.411522468915
    ));
#515 = ( BOUNDED_CURVE() B_SPLINE_CURVE(2,(#516,#517,#518,#519,#520,#521
,#522),.UNSPECIFIED.,.F.,.F.) B_SPLINE_CURVE_WITH_KNOTS((3,2,2,3),(0.8,
0.825,0.85,0.875),.PIECEWISE_BEZIER_KNOTS.) CURVE() 
GEOMETRIC_REPRESENTATION_ITEM() RATIONAL_B_SPLINE_CURVE((1.,
    0.923879532511,1.,0.923879532511,1.,0.923879532511,1.)) 
REPRESENTATION_ITEM('') );
#516 = CARTESIAN_POINT('',(1.950000002185,2.6,3.2500001));
#517 = CARTESIAN_POINT('',(1.900000002185,2.6,2.17304483783));
#518 = CARTESIAN_POINT('',(1.850000002185,1.838477631085,1.411522468915)
  );
#519 = CARTESIAN_POINT('',(1.800000002185,1.07695526217,0.6500001));
#520 = CARTESIAN_POINT('',(1.750000002185,-3.204196301211E-14,0.6500001)
  );
#521 = CARTESIAN_POINT('',(1.700000002185,-1.07695526217,0.6500001));
#522 = CARTESIAN_POINT('',(1.650000002185,-1.838477631085,1.411522468915
    ));
#523 = ORIENTED_EDGE('',*,*,#524,.F.);
#524 = EDGE_CURVE('',#525,#513,#527,.T.);
#525 = VERTEX_POINT('',#526);
#526 = CARTESIAN_POINT('',(2.25,-1.838477631085,1.411522468915));
#527 = B_SPLINE_CURVE_WITH_KNOTS('',1,(#528,#529),.UNSPECIFIED.,.F.,.F.,
  (2,2),(-0.324999998908,0.274999998908),.PIECEWISE_BEZIER_KNOTS.);
#528 = CARTESIAN_POINT('',(2.25,-1.838477631085,1.411522468915));
#529 = CARTESIAN_POINT('',(1.650000002185,-1.838477631085,1.411522468915
    ));
#530 = ORIENTED_EDGE('',*,*,#531,.F.);
#531 = EDGE_CURVE('',#532,#525,#534,.T.);
#532 = VERTEX_POINT('',#533);
#533 = CARTESIAN_POINT('',(2.55,2.6,3.2500001));
#534 = ( BOUNDED_CURVE() B_SPLINE_CURVE(2,(#535,#536,#537,#538,#539,#540
,#541),.UNSPECIFIED.,.F.,.F.) B_SPLINE_CURVE_WITH_KNOTS((3,2,2,3),(0.8,
0.825,0.85,0.875),.PIECEWISE_BEZIER_KNOTS.) CURVE() 
GEOMETRIC_REPRESENTATION_ITEM() RATIONAL_B_SPLINE_CURVE((1.,
    0.923879532511,1.,0.923879532511,1.,0.923879532511,1.)) 
REPRESENTATION_ITEM('') );
#535 = CARTESIAN_POINT('',(2.55,2.6,3.2500001));
#536 = CARTESIAN_POINT('',(2.5,2.6,2.17304483783));
#537 = CARTESIAN_POINT('',(2.45,1.838477631085,1.411522468915));
#538 = CARTESIAN_POINT('',(2.4,1.07695526217,0.6500001));
#539 = CARTESIAN_POINT('',(2.35,-3.42107510276E-14,0.6500001));
#540 = CARTESIAN_POINT('',(2.3,-1.07695526217,0.6500001));
#541 = CARTESIAN_POINT('',(2.25,-1.838477631085,1.411522468915));
#542 = ORIENTED_EDGE('',*,*,#543,.F.);
#543 = EDGE_CURVE('',#473,#532,#544,.T.);
#544 = B_SPLINE_CURVE_WITH_KNOTS('',1,(#545,#546),.UNSPECIFIED.,.F.,.F.,
  (2,2),(-5.500000002185,-5.3),.PIECEWISE_BEZIER_KNOTS.);
#545 = CARTESIAN_POINT('',(2.750000002185,2.6,3.2500001));
#546 = CARTESIAN_POINT('',(2.55,2.6,3.2500001));
#547 = ( BOUNDED_SURFACE() B_SPLINE_SURFACE(2,1,(
    (#548,#549)
    ,(#550,#551)
    ,(#552,#553)
    ,(#554,#555)
,(#556,#557
    )),.UNSPECIFIED.,.F.,.F.,.F.) B_SPLINE_SURFACE_WITH_KNOTS((3,2,3),(2
    ,2),(0.,1.570796326795,3.14159265359),(-5.500000002185,-1.5),
.PIECEWISE_BEZIER_KNOTS.) GEOMETRIC_REPRESENTATION_ITEM() 
RATIONAL_B_SPLINE_SURFACE((
    (1.,1.)
    ,(0.707106781187,0.707106781187)
    ,(1.,1.)
    ,(0.707106781187,0.707106781187)
,(1.,1.))) REPRESENTATION_ITEM('') SURFACE() );
#548 = CARTESIAN_POINT('',(2.750000002185,2.6,3.2500001));
#549 = CARTESIAN_POINT('',(-1.25,2.6,3.2500001));
#550 = CARTESIAN_POINT('',(2.750000002185,2.6,0.6500001));
#551 = CARTESIAN_POINT('',(-1.25,2.6,0.6500001));
#552 = CARTESIAN_POINT('',(2.750000002185,-3.565660971775E-14,0.6500001)
  );
#553 = CARTESIAN_POINT('',(-1.25,-2.11980228873E-14,0.6500001));
#554 = CARTESIAN_POINT('',(2.750000002185,-2.6,0.6500001));
#555 = CARTESIAN_POINT('',(-1.25,-2.6,0.6500001));
#556 = CARTESIAN_POINT('',(2.750000002185,-2.6,3.2500001));
#557 = CARTESIAN_POINT('',(-1.25,-2.6,3.2500001));
#558 = ADVANCED_FACE('',(#559),#599,.T.);
#559 = FACE_BOUND('',#560,.T.);
#560 = EDGE_LOOP('',(#561,#573,#580,#594));
#561 = ORIENTED_EDGE('',*,*,#562,.T.);
#562 = EDGE_CURVE('',#563,#565,#567,.T.);
#563 = VERTEX_POINT('',#564);
#564 = CARTESIAN_POINT('',(6.75,2.6,3.2500001));
#565 = VERTEX_POINT('',#566);
#566 = CARTESIAN_POINT('',(6.75,-2.6,3.2500001));
#567 = ( BOUNDED_CURVE() B_SPLINE_CURVE(2,(#568,#569,#570,#571,#572),
.UNSPECIFIED.,.F.,.F.) B_SPLINE_CURVE_WITH_KNOTS((3,2,3),(0.,
1.570796326795,3.14159265359),.PIECEWISE_BEZIER_KNOTS.) CURVE() 
GEOMETRIC_REPRESENTATION_ITEM() RATIONAL_B_SPLINE_CURVE((1.,
0.707106781187,1.,0.707106781187,1.)) REPRESENTATION_ITEM('') );
#568 = CARTESIAN_POINT('',(6.75,2.6,3.2500001));
#569 = CARTESIAN_POINT('',(6.75,2.6,0.6500001));
#570 = CARTESIAN_POINT('',(6.75,-5.01151965324E-14,0.6500001));
#571 = CARTESIAN_POINT('',(6.75,-2.6,0.6500001));
#572 = CARTESIAN_POINT('',(6.75,-2.6,3.2500001));
#573 = ORIENTED_EDGE('',*,*,#574,.T.);
#574 = EDGE_CURVE('',#565,#575,#577,.T.);
#575 = VERTEX_POINT('',#576);
#576 = CARTESIAN_POINT('',(5.35,-2.6,3.2500001));
#577 = B_SPLINE_CURVE_WITH_KNOTS('',1,(#578,#579),.UNSPECIFIED.,.F.,.F.,
  (2,2),(-9.5,-8.1),.PIECEWISE_BEZIER_KNOTS.);
#578 = CARTESIAN_POINT('',(6.75,-2.6,3.2500001));
#579 = CARTESIAN_POINT('',(5.35,-2.6,3.2500001));
#580 = ORIENTED_EDGE('',*,*,#581,.F.);
#581 = EDGE_CURVE('',#582,#575,#584,.T.);
#582 = VERTEX_POINT('',#583);
#583 = CARTESIAN_POINT('',(5.75,2.6,3.2500001));
#584 = ( BOUNDED_CURVE() B_SPLINE_CURVE(2,(#585,#586,#587,#588,#589,#590
,#591,#592,#593),.UNSPECIFIED.,.F.,.F.) B_SPLINE_CURVE_WITH_KNOTS((3,2,2
    ,2,3),(0.,2.5E-02,5.E-02,7.5E-02,1.E-01),.PIECEWISE_BEZIER_KNOTS.) 
CURVE() GEOMETRIC_REPRESENTATION_ITEM() RATIONAL_B_SPLINE_CURVE((1.,
    0.923879532511,1.,0.923879532511,1.,0.923879532511,1.,0.923879532511
,1.)) REPRESENTATION_ITEM('') );
#585 = CARTESIAN_POINT('',(5.75,2.6,3.2500001));
#586 = CARTESIAN_POINT('',(5.7,2.6,2.17304483783));
#587 = CARTESIAN_POINT('',(5.65,1.838477631085,1.411522468915));
#588 = CARTESIAN_POINT('',(5.6,1.07695526217,0.6500001));
#589 = CARTESIAN_POINT('',(5.55,-4.577762048564E-14,0.6500001));
#590 = CARTESIAN_POINT('',(5.5,-1.07695526217,0.6500001));
#591 = CARTESIAN_POINT('',(5.45,-1.838477631085,1.411522468915));
#592 = CARTESIAN_POINT('',(5.4,-2.6,2.17304483783));
#593 = CARTESIAN_POINT('',(5.35,-2.6,3.2500001));
#594 = ORIENTED_EDGE('',*,*,#595,.F.);
#595 = EDGE_CURVE('',#563,#582,#596,.T.);
#596 = B_SPLINE_CURVE_WITH_KNOTS('',1,(#597,#598),.UNSPECIFIED.,.F.,.F.,
  (2,2),(-9.5,-8.5),.PIECEWISE_BEZIER_KNOTS.);
#597 = CARTESIAN_POINT('',(6.75,2.6,3.2500001));
#598 = CARTESIAN_POINT('',(5.75,2.6,3.2500001));
#599 = ( BOUNDED_SURFACE() B_SPLINE_SURFACE(2,1,(
    (#600,#601)
    ,(#602,#603)
    ,(#604,#605)
    ,(#606,#607)
,(#608,#609
    )),.UNSPECIFIED.,.F.,.F.,.F.) B_SPLINE_SURFACE_WITH_KNOTS((3,2,3),(2
    ,2),(0.,1.570796326795,3.14159265359),(-9.5,-8.1),
.PIECEWISE_BEZIER_KNOTS.) GEOMETRIC_REPRESENTATION_ITEM() 
RATIONAL_B_SPLINE_SURFACE((
    (1.,1.)
    ,(0.707106781187,0.707106781187)
    ,(1.,1.)
    ,(0.707106781187,0.707106781187)
,(1.,1.))) REPRESENTATION_ITEM('') SURFACE() );
#600 = CARTESIAN_POINT('',(6.75,2.6,3.2500001));
#601 = CARTESIAN_POINT('',(5.35,2.6,3.2500001));
#602 = CARTESIAN_POINT('',(6.75,2.6,0.6500001));
#603 = CARTESIAN_POINT('',(5.35,2.6,0.6500001));
#604 = CARTESIAN_POINT('',(6.75,-5.01151965324E-14,0.6500001));
#605 = CARTESIAN_POINT('',(5.35,-4.505469114451E-14,0.6500001));
#606 = CARTESIAN_POINT('',(6.75,-2.6,0.6500001));
#607 = CARTESIAN_POINT('',(5.35,-2.6,0.6500001));
#608 = CARTESIAN_POINT('',(6.75,-2.6,3.2500001));
#609 = CARTESIAN_POINT('',(5.35,-2.6,3.2500001));
#610 = ADVANCED_FACE('',(#611),#655,.T.);
#611 = FACE_BOUND('',#612,.T.);
#612 = EDGE_LOOP('',(#613,#629,#636,#650));
#613 = ORIENTED_EDGE('',*,*,#614,.T.);
#614 = EDGE_CURVE('',#615,#617,#619,.T.);
#615 = VERTEX_POINT('',#616);
#616 = CARTESIAN_POINT('',(5.150000002185,2.6,3.2500001));
#617 = VERTEX_POINT('',#618);
#618 = CARTESIAN_POINT('',(4.750000002185,-2.6,3.2500001));
#619 = ( BOUNDED_CURVE() B_SPLINE_CURVE(2,(#620,#621,#622,#623,#624,#625
,#626,#627,#628),.UNSPECIFIED.,.F.,.F.) B_SPLINE_CURVE_WITH_KNOTS((3,2,2
    ,2,3),(0.,2.5E-02,5.E-02,7.5E-02,1.E-01),.PIECEWISE_BEZIER_KNOTS.) 
CURVE() GEOMETRIC_REPRESENTATION_ITEM() RATIONAL_B_SPLINE_CURVE((1.,
    0.923879532511,1.,0.923879532511,1.,0.923879532511,1.,0.923879532511
,1.)) REPRESENTATION_ITEM('') );
#620 = CARTESIAN_POINT('',(5.150000002185,2.6,3.2500001));
#621 = CARTESIAN_POINT('',(5.100000002185,2.6,2.17304483783));
#622 = CARTESIAN_POINT('',(5.050000002185,1.838477631085,1.411522468915)
  );
#623 = CARTESIAN_POINT('',(5.000000002185,1.07695526217,0.6500001));
#624 = CARTESIAN_POINT('',(4.950000002185,-4.360883247015E-14,0.6500001)
  );
#625 = CARTESIAN_POINT('',(4.900000002185,-1.07695526217,0.6500001));
#626 = CARTESIAN_POINT('',(4.850000002185,-1.838477631085,1.411522468915
    ));
#627 = CARTESIAN_POINT('',(4.800000002185,-2.6,2.17304483783));
#628 = CARTESIAN_POINT('',(4.750000002185,-2.6,3.2500001));
#629 = ORIENTED_EDGE('',*,*,#630,.T.);
#630 = EDGE_CURVE('',#617,#631,#633,.T.);
#631 = VERTEX_POINT('',#632);
#632 = CARTESIAN_POINT('',(4.55,-2.6,3.2500001));
#633 = B_SPLINE_CURVE_WITH_KNOTS('',1,(#634,#635),.UNSPECIFIED.,.F.,.F.,
  (2,2),(-7.500000002185,-7.3),.PIECEWISE_BEZIER_KNOTS.);
#634 = CARTESIAN_POINT('',(4.750000002185,-2.6,3.2500001));
#635 = CARTESIAN_POINT('',(4.55,-2.6,3.2500001));
#636 = ORIENTED_EDGE('',*,*,#637,.F.);
#637 = EDGE_CURVE('',#638,#631,#640,.T.);
#638 = VERTEX_POINT('',#639);
#639 = CARTESIAN_POINT('',(4.95,2.6,3.2500001));
#640 = ( BOUNDED_CURVE() B_SPLINE_CURVE(2,(#641,#642,#643,#644,#645,#646
,#647,#648,#649),.UNSPECIFIED.,.F.,.F.) B_SPLINE_CURVE_WITH_KNOTS((3,2,2
,2,3),(0.2,0.225,0.25,0.275,0.3),.PIECEWISE_BEZIER_KNOTS.) CURVE() 
GEOMETRIC_REPRESENTATION_ITEM() RATIONAL_B_SPLINE_CURVE((1.,
    0.923879532511,1.,0.923879532511,1.,0.923879532511,1.,0.923879532511
,1.)) REPRESENTATION_ITEM('') );
#641 = CARTESIAN_POINT('',(4.95,2.6,3.2500001));
#642 = CARTESIAN_POINT('',(4.9,2.6,2.17304483783));
#643 = CARTESIAN_POINT('',(4.85,1.838477631085,1.411522468915));
#644 = CARTESIAN_POINT('',(4.8,1.07695526217,0.6500001));
#645 = CARTESIAN_POINT('',(4.75,-4.288590312113E-14,0.6500001));
#646 = CARTESIAN_POINT('',(4.7,-1.07695526217,0.6500001));
#647 = CARTESIAN_POINT('',(4.65,-1.838477631085,1.411522468915));
#648 = CARTESIAN_POINT('',(4.6,-2.6,2.17304483783));
#649 = CARTESIAN_POINT('',(4.55,-2.6,3.2500001));
#650 = ORIENTED_EDGE('',*,*,#651,.F.);
#651 = EDGE_CURVE('',#615,#638,#652,.T.);
#652 = B_SPLINE_CURVE_WITH_KNOTS('',1,(#653,#654),.UNSPECIFIED.,.F.,.F.,
  (2,2),(-7.900000002185,-7.7),.PIECEWISE_BEZIER_KNOTS.);
#653 = CARTESIAN_POINT('',(5.150000002185,2.6,3.2500001));
#654 = CARTESIAN_POINT('',(4.95,2.6,3.2500001));
#655 = ( BOUNDED_SURFACE() B_SPLINE_SURFACE(2,1,(
    (#656,#657)
    ,(#658,#659)
    ,(#660,#661)
    ,(#662,#663)
,(#664,#665
    )),.UNSPECIFIED.,.F.,.F.,.F.) B_SPLINE_SURFACE_WITH_KNOTS((3,2,3),(2
    ,2),(0.,1.570796326795,3.14159265359),(-7.900000002185,-7.3),
.PIECEWISE_BEZIER_KNOTS.) GEOMETRIC_REPRESENTATION_ITEM() 
RATIONAL_B_SPLINE_SURFACE((
    (1.,1.)
    ,(0.707106781187,0.707106781187)
    ,(1.,1.)
    ,(0.707106781187,0.707106781187)
,(1.,1.))) REPRESENTATION_ITEM('') SURFACE() );
#656 = CARTESIAN_POINT('',(5.150000002185,2.6,3.2500001));
#657 = CARTESIAN_POINT('',(4.55,2.6,3.2500001));
#658 = CARTESIAN_POINT('',(5.150000002185,2.6,0.6500001));
#659 = CARTESIAN_POINT('',(4.55,2.6,0.6500001));
#660 = CARTESIAN_POINT('',(5.150000002185,-4.433176181128E-14,0.6500001)
  );
#661 = CARTESIAN_POINT('',(4.55,-4.216297378E-14,0.6500001));
#662 = CARTESIAN_POINT('',(5.150000002185,-2.6,0.6500001));
#663 = CARTESIAN_POINT('',(4.55,-2.6,0.6500001));
#664 = CARTESIAN_POINT('',(5.150000002185,-2.6,3.2500001));
#665 = CARTESIAN_POINT('',(4.55,-2.6,3.2500001));
#666 = ADVANCED_FACE('',(#667),#711,.T.);
#667 = FACE_BOUND('',#668,.T.);
#668 = EDGE_LOOP('',(#669,#685,#692,#706));
#669 = ORIENTED_EDGE('',*,*,#670,.T.);
#670 = EDGE_CURVE('',#671,#673,#675,.T.);
#671 = VERTEX_POINT('',#672);
#672 = CARTESIAN_POINT('',(4.350000002185,2.6,3.2500001));
#673 = VERTEX_POINT('',#674);
#674 = CARTESIAN_POINT('',(3.950000002185,-2.6,3.2500001));
#675 = ( BOUNDED_CURVE() B_SPLINE_CURVE(2,(#676,#677,#678,#679,#680,#681
,#682,#683,#684),.UNSPECIFIED.,.F.,.F.) B_SPLINE_CURVE_WITH_KNOTS((3,2,2
,2,3),(0.2,0.225,0.25,0.275,0.3),.PIECEWISE_BEZIER_KNOTS.) CURVE() 
GEOMETRIC_REPRESENTATION_ITEM() RATIONAL_B_SPLINE_CURVE((1.,
    0.923879532511,1.,0.923879532511,1.,0.923879532511,1.,0.923879532511
,1.)) REPRESENTATION_ITEM('') );
#676 = CARTESIAN_POINT('',(4.350000002185,2.6,3.2500001));
#677 = CARTESIAN_POINT('',(4.300000002185,2.6,2.17304483783));
#678 = CARTESIAN_POINT('',(4.250000002185,1.838477631085,1.411522468915)
  );
#679 = CARTESIAN_POINT('',(4.200000002185,1.07695526217,0.6500001));
#680 = CARTESIAN_POINT('',(4.150000002185,-4.071711510564E-14,0.6500001)
  );
#681 = CARTESIAN_POINT('',(4.100000002185,-1.07695526217,0.6500001));
#682 = CARTESIAN_POINT('',(4.050000002185,-1.838477631085,1.411522468915
    ));
#683 = CARTESIAN_POINT('',(4.000000002185,-2.6,2.17304483783));
#684 = CARTESIAN_POINT('',(3.950000002185,-2.6,3.2500001));
#685 = ORIENTED_EDGE('',*,*,#686,.T.);
#686 = EDGE_CURVE('',#673,#687,#689,.T.);
#687 = VERTEX_POINT('',#688);
#688 = CARTESIAN_POINT('',(3.75,-2.6,3.2500001));
#689 = B_SPLINE_CURVE_WITH_KNOTS('',1,(#690,#691),.UNSPECIFIED.,.F.,.F.,
  (2,2),(-6.700000002185,-6.5),.PIECEWISE_BEZIER_KNOTS.);
#690 = CARTESIAN_POINT('',(3.950000002185,-2.6,3.2500001));
#691 = CARTESIAN_POINT('',(3.75,-2.6,3.2500001));
#692 = ORIENTED_EDGE('',*,*,#693,.F.);
#693 = EDGE_CURVE('',#694,#687,#696,.T.);
#694 = VERTEX_POINT('',#695);
#695 = CARTESIAN_POINT('',(4.15,2.6,3.2500001));
#696 = ( BOUNDED_CURVE() B_SPLINE_CURVE(2,(#697,#698,#699,#700,#701,#702
,#703,#704,#705),.UNSPECIFIED.,.F.,.F.) B_SPLINE_CURVE_WITH_KNOTS((3,2,2
,2,3),(0.4,0.425,0.45,0.475,0.5),.PIECEWISE_BEZIER_KNOTS.) CURVE() 
GEOMETRIC_REPRESENTATION_ITEM() RATIONAL_B_SPLINE_CURVE((1.,
    0.923879532511,1.,0.923879532511,1.,0.923879532511,1.,0.923879532511
,1.)) REPRESENTATION_ITEM('') );
#697 = CARTESIAN_POINT('',(4.15,2.6,3.2500001));
#698 = CARTESIAN_POINT('',(4.1,2.6,2.17304483783));
#699 = CARTESIAN_POINT('',(4.05,1.838477631085,1.411522468915));
#700 = CARTESIAN_POINT('',(4.,1.07695526217,0.6500001));
#701 = CARTESIAN_POINT('',(3.95,-3.999418575662E-14,0.6500001));
#702 = CARTESIAN_POINT('',(3.9,-1.07695526217,0.6500001));
#703 = CARTESIAN_POINT('',(3.85,-1.838477631085,1.411522468915));
#704 = CARTESIAN_POINT('',(3.8,-2.6,2.17304483783));
#705 = CARTESIAN_POINT('',(3.75,-2.6,3.2500001));
#706 = ORIENTED_EDGE('',*,*,#707,.F.);
#707 = EDGE_CURVE('',#671,#694,#708,.T.);
#708 = B_SPLINE_CURVE_WITH_KNOTS('',1,(#709,#710),.UNSPECIFIED.,.F.,.F.,
  (2,2),(-7.100000002185,-6.9),.PIECEWISE_BEZIER_KNOTS.);
#709 = CARTESIAN_POINT('',(4.350000002185,2.6,3.2500001));
#710 = CARTESIAN_POINT('',(4.15,2.6,3.2500001));
#711 = ( BOUNDED_SURFACE() B_SPLINE_SURFACE(2,1,(
    (#712,#713)
    ,(#714,#715)
    ,(#716,#717)
    ,(#718,#719)
,(#720,#721
    )),.UNSPECIFIED.,.F.,.F.,.F.) B_SPLINE_SURFACE_WITH_KNOTS((3,2,3),(2
    ,2),(0.,1.570796326795,3.14159265359),(-7.100000002185,-6.5),
.PIECEWISE_BEZIER_KNOTS.) GEOMETRIC_REPRESENTATION_ITEM() 
RATIONAL_B_SPLINE_SURFACE((
    (1.,1.)
    ,(0.707106781187,0.707106781187)
    ,(1.,1.)
    ,(0.707106781187,0.707106781187)
,(1.,1.))) REPRESENTATION_ITEM('') SURFACE() );
#712 = CARTESIAN_POINT('',(4.350000002185,2.6,3.2500001));
#713 = CARTESIAN_POINT('',(3.75,2.6,3.2500001));
#714 = CARTESIAN_POINT('',(4.350000002185,2.6,0.6500001));
#715 = CARTESIAN_POINT('',(3.75,2.6,0.6500001));
#716 = CARTESIAN_POINT('',(4.350000002185,-4.144004444677E-14,0.6500001)
  );
#717 = CARTESIAN_POINT('',(3.75,-3.927125641549E-14,0.6500001));
#718 = CARTESIAN_POINT('',(4.350000002185,-2.6,0.6500001));
#719 = CARTESIAN_POINT('',(3.75,-2.6,0.6500001));
#720 = CARTESIAN_POINT('',(4.350000002185,-2.6,3.2500001));
#721 = CARTESIAN_POINT('',(3.75,-2.6,3.2500001));
#722 = ADVANCED_FACE('',(#723),#767,.T.);
#723 = FACE_BOUND('',#724,.T.);
#724 = EDGE_LOOP('',(#725,#741,#748,#762));
#725 = ORIENTED_EDGE('',*,*,#726,.T.);
#726 = EDGE_CURVE('',#727,#729,#731,.T.);
#727 = VERTEX_POINT('',#728);
#728 = CARTESIAN_POINT('',(3.550000002185,2.6,3.2500001));
#729 = VERTEX_POINT('',#730);
#730 = CARTESIAN_POINT('',(3.150000002185,-2.6,3.2500001));
#731 = ( BOUNDED_CURVE() B_SPLINE_CURVE(2,(#732,#733,#734,#735,#736,#737
,#738,#739,#740),.UNSPECIFIED.,.F.,.F.) B_SPLINE_CURVE_WITH_KNOTS((3,2,2
,2,3),(0.4,0.425,0.45,0.475,0.5),.PIECEWISE_BEZIER_KNOTS.) CURVE() 
GEOMETRIC_REPRESENTATION_ITEM() RATIONAL_B_SPLINE_CURVE((1.,
    0.923879532511,1.,0.923879532511,1.,0.923879532511,1.,0.923879532511
,1.)) REPRESENTATION_ITEM('') );
#732 = CARTESIAN_POINT('',(3.550000002185,2.6,3.2500001));
#733 = CARTESIAN_POINT('',(3.500000002185,2.6,2.17304483783));
#734 = CARTESIAN_POINT('',(3.450000002185,1.838477631085,1.411522468915)
  );
#735 = CARTESIAN_POINT('',(3.400000002185,1.07695526217,0.6500001));
#736 = CARTESIAN_POINT('',(3.350000002185,-3.782539774113E-14,0.6500001)
  );
#737 = CARTESIAN_POINT('',(3.300000002185,-1.07695526217,0.6500001));
#738 = CARTESIAN_POINT('',(3.250000002185,-1.838477631085,1.411522468915
    ));
#739 = CARTESIAN_POINT('',(3.200000002185,-2.6,2.17304483783));
#740 = CARTESIAN_POINT('',(3.150000002185,-2.6,3.2500001));
#741 = ORIENTED_EDGE('',*,*,#742,.T.);
#742 = EDGE_CURVE('',#729,#743,#745,.T.);
#743 = VERTEX_POINT('',#744);
#744 = CARTESIAN_POINT('',(2.95,-2.6,3.2500001));
#745 = B_SPLINE_CURVE_WITH_KNOTS('',1,(#746,#747),.UNSPECIFIED.,.F.,.F.,
  (2,2),(-5.900000002185,-5.7),.PIECEWISE_BEZIER_KNOTS.);
#746 = CARTESIAN_POINT('',(3.150000002185,-2.6,3.2500001));
#747 = CARTESIAN_POINT('',(2.95,-2.6,3.2500001));
#748 = ORIENTED_EDGE('',*,*,#749,.F.);
#749 = EDGE_CURVE('',#750,#743,#752,.T.);
#750 = VERTEX_POINT('',#751);
#751 = CARTESIAN_POINT('',(3.35,2.6,3.2500001));
#752 = ( BOUNDED_CURVE() B_SPLINE_CURVE(2,(#753,#754,#755,#756,#757,#758
,#759,#760,#761),.UNSPECIFIED.,.F.,.F.) B_SPLINE_CURVE_WITH_KNOTS((3,2,2
,2,3),(0.6,0.625,0.65,0.675,0.7),.PIECEWISE_BEZIER_KNOTS.) CURVE() 
GEOMETRIC_REPRESENTATION_ITEM() RATIONAL_B_SPLINE_CURVE((1.,
    0.923879532511,1.,0.923879532511,1.,0.923879532511,1.,0.923879532511
,1.)) REPRESENTATION_ITEM('') );
#753 = CARTESIAN_POINT('',(3.35,2.6,3.2500001));
#754 = CARTESIAN_POINT('',(3.3,2.6,2.17304483783));
#755 = CARTESIAN_POINT('',(3.25,1.838477631085,1.411522468915));
#756 = CARTESIAN_POINT('',(3.2,1.07695526217,0.6500001));
#757 = CARTESIAN_POINT('',(3.15,-3.710246839211E-14,0.6500001));
#758 = CARTESIAN_POINT('',(3.1,-1.07695526217,0.6500001));
#759 = CARTESIAN_POINT('',(3.05,-1.838477631085,1.411522468915));
#760 = CARTESIAN_POINT('',(3.,-2.6,2.17304483783));
#761 = CARTESIAN_POINT('',(2.95,-2.6,3.2500001));
#762 = ORIENTED_EDGE('',*,*,#763,.F.);
#763 = EDGE_CURVE('',#727,#750,#764,.T.);
#764 = B_SPLINE_CURVE_WITH_KNOTS('',1,(#765,#766),.UNSPECIFIED.,.F.,.F.,
  (2,2),(-6.300000002185,-6.1),.PIECEWISE_BEZIER_KNOTS.);
#765 = CARTESIAN_POINT('',(3.550000002185,2.6,3.2500001));
#766 = CARTESIAN_POINT('',(3.35,2.6,3.2500001));
#767 = ( BOUNDED_SURFACE() B_SPLINE_SURFACE(2,1,(
    (#768,#769)
    ,(#770,#771)
    ,(#772,#773)
    ,(#774,#775)
,(#776,#777
    )),.UNSPECIFIED.,.F.,.F.,.F.) B_SPLINE_SURFACE_WITH_KNOTS((3,2,3),(2
    ,2),(0.,1.570796326795,3.14159265359),(-6.300000002185,-5.7),
.PIECEWISE_BEZIER_KNOTS.) GEOMETRIC_REPRESENTATION_ITEM() 
RATIONAL_B_SPLINE_SURFACE((
    (1.,1.)
    ,(0.707106781187,0.707106781187)
    ,(1.,1.)
    ,(0.707106781187,0.707106781187)
,(1.,1.))) REPRESENTATION_ITEM('') SURFACE() );
#768 = CARTESIAN_POINT('',(3.550000002185,2.6,3.2500001));
#769 = CARTESIAN_POINT('',(2.95,2.6,3.2500001));
#770 = CARTESIAN_POINT('',(3.550000002185,2.6,0.6500001));
#771 = CARTESIAN_POINT('',(2.95,2.6,0.6500001));
#772 = CARTESIAN_POINT('',(3.550000002185,-3.854832708226E-14,0.6500001)
  );
#773 = CARTESIAN_POINT('',(2.95,-3.637953905098E-14,0.6500001));
#774 = CARTESIAN_POINT('',(3.550000002185,-2.6,0.6500001));
#775 = CARTESIAN_POINT('',(2.95,-2.6,0.6500001));
#776 = CARTESIAN_POINT('',(3.550000002185,-2.6,3.2500001));
#777 = CARTESIAN_POINT('',(2.95,-2.6,3.2500001));
#778 = ADVANCED_FACE('',(#779),#809,.T.);
#779 = FACE_BOUND('',#780,.T.);
#780 = EDGE_LOOP('',(#781,#782,#790,#791,#796,#797));
#781 = ORIENTED_EDGE('',*,*,#574,.F.);
#782 = ORIENTED_EDGE('',*,*,#783,.T.);
#783 = EDGE_CURVE('',#565,#563,#784,.T.);
#784 = ( BOUNDED_CURVE() B_SPLINE_CURVE(2,(#785,#786,#787,#788,#789),
.UNSPECIFIED.,.F.,.F.) B_SPLINE_CURVE_WITH_KNOTS((3,2,3),(3.14159265359,
4.712388980385,6.28318530718),.PIECEWISE_BEZIER_KNOTS.) CURVE() 
GEOMETRIC_REPRESENTATION_ITEM() RATIONAL_B_SPLINE_CURVE((1.,
0.707106781187,1.,0.707106781187,1.)) REPRESENTATION_ITEM('') );
#785 = CARTESIAN_POINT('',(6.75,-2.6,3.2500001));
#786 = CARTESIAN_POINT('',(6.75,-2.6,5.8500001));
#787 = CARTESIAN_POINT('',(6.75,-1.444060694399E-14,5.8500001));
#788 = CARTESIAN_POINT('',(6.75,2.6,5.8500001));
#789 = CARTESIAN_POINT('',(6.75,2.6,3.2500001));
#790 = ORIENTED_EDGE('',*,*,#595,.T.);
#791 = ORIENTED_EDGE('',*,*,#792,.F.);
#792 = EDGE_CURVE('',#615,#582,#793,.T.);
#793 = B_SPLINE_CURVE_WITH_KNOTS('',1,(#794,#795),.UNSPECIFIED.,.F.,.F.,
  (2,2),(-0.299999998908,0.299999998908),.PIECEWISE_BEZIER_KNOTS.);
#794 = CARTESIAN_POINT('',(5.150000002185,2.6,3.2500001));
#795 = CARTESIAN_POINT('',(5.75,2.6,3.2500001));
#796 = ORIENTED_EDGE('',*,*,#651,.T.);
#797 = ORIENTED_EDGE('',*,*,#798,.F.);
#798 = EDGE_CURVE('',#575,#638,#799,.T.);
#799 = ( BOUNDED_CURVE() B_SPLINE_CURVE(2,(#800,#801,#802,#803,#804,#805
,#806,#807,#808),.UNSPECIFIED.,.F.,.F.) B_SPLINE_CURVE_WITH_KNOTS((3,2,2
,2,3),(1.E-01,0.125,0.15,0.175,0.2),.PIECEWISE_BEZIER_KNOTS.) CURVE() 
GEOMETRIC_REPRESENTATION_ITEM() RATIONAL_B_SPLINE_CURVE((1.,
    0.923879532511,1.,0.923879532511,1.,0.923879532511,1.,0.923879532511
,1.)) REPRESENTATION_ITEM('') );
#800 = CARTESIAN_POINT('',(5.35,-2.6,3.2500001));
#801 = CARTESIAN_POINT('',(5.3,-2.6,4.32695536217));
#802 = CARTESIAN_POINT('',(5.25,-1.838477631085,5.088477731085));
#803 = CARTESIAN_POINT('',(5.2,-1.07695526217,5.8500001));
#804 = CARTESIAN_POINT('',(5.15,-8.657172214969E-15,5.8500001));
#805 = CARTESIAN_POINT('',(5.1,1.07695526217,5.8500001));
#806 = CARTESIAN_POINT('',(5.05,1.838477631085,5.088477731085));
#807 = CARTESIAN_POINT('',(5.,2.6,4.32695536217));
#808 = CARTESIAN_POINT('',(4.95,2.6,3.2500001));
#809 = ( BOUNDED_SURFACE() B_SPLINE_SURFACE(2,1,(
    (#810,#811)
    ,(#812,#813)
    ,(#814,#815)
    ,(#816,#817)
,(#818,#819
    )),.UNSPECIFIED.,.F.,.F.,.F.) B_SPLINE_SURFACE_WITH_KNOTS((3,2,3),(2
    ,2),(3.14159265359,4.712388980385,6.28318530718),(-9.5,-7.7),
.PIECEWISE_BEZIER_KNOTS.) GEOMETRIC_REPRESENTATION_ITEM() 
RATIONAL_B_SPLINE_SURFACE((
    (1.,1.)
    ,(0.707106781187,0.707106781187)
    ,(1.,1.)
    ,(0.707106781187,0.707106781187)
,(1.,1.))) REPRESENTATION_ITEM('') SURFACE() );
#810 = CARTESIAN_POINT('',(6.75,-2.6,3.2500001));
#811 = CARTESIAN_POINT('',(4.95,-2.6,3.2500001));
#812 = CARTESIAN_POINT('',(6.75,-2.6,5.8500001));
#813 = CARTESIAN_POINT('',(4.95,-2.6,5.8500001));
#814 = CARTESIAN_POINT('',(6.75,-1.444060694399E-14,5.8500001));
#815 = CARTESIAN_POINT('',(4.95,-7.934242873841E-15,5.8500001));
#816 = CARTESIAN_POINT('',(6.75,2.6,5.8500001));
#817 = CARTESIAN_POINT('',(4.95,2.6,5.8500001));
#818 = CARTESIAN_POINT('',(6.75,2.6,3.2500001));
#819 = CARTESIAN_POINT('',(4.95,2.6,3.2500001));
#820 = ADVANCED_FACE('',(#821),#849,.T.);
#821 = FACE_BOUND('',#822,.T.);
#822 = EDGE_LOOP('',(#823,#824,#836,#837));
#823 = ORIENTED_EDGE('',*,*,#630,.F.);
#824 = ORIENTED_EDGE('',*,*,#825,.T.);
#825 = EDGE_CURVE('',#617,#671,#826,.T.);
#826 = ( BOUNDED_CURVE() B_SPLINE_CURVE(2,(#827,#828,#829,#830,#831,#832
,#833,#834,#835),.UNSPECIFIED.,.F.,.F.) B_SPLINE_CURVE_WITH_KNOTS((3,2,2
,2,3),(1.E-01,0.125,0.15,0.175,0.2),.PIECEWISE_BEZIER_KNOTS.) CURVE() 
GEOMETRIC_REPRESENTATION_ITEM() RATIONAL_B_SPLINE_CURVE((1.,
    0.923879532511,1.,0.923879532511,1.,0.923879532511,1.,0.923879532511
,1.)) REPRESENTATION_ITEM('') );
#827 = CARTESIAN_POINT('',(4.750000002185,-2.6,3.2500001));
#828 = CARTESIAN_POINT('',(4.700000002185,-2.6,4.32695536217));
#829 = CARTESIAN_POINT('',(4.650000002185,-1.838477631085,5.088477731085
    ));
#830 = CARTESIAN_POINT('',(4.600000002185,-1.07695526217,5.8500001));
#831 = CARTESIAN_POINT('',(4.550000002185,-6.488384199484E-15,5.8500001)
  );
#832 = CARTESIAN_POINT('',(4.500000002185,1.07695526217,5.8500001));
#833 = CARTESIAN_POINT('',(4.450000002185,1.838477631085,5.088477731085)
  );
#834 = CARTESIAN_POINT('',(4.400000002185,2.6,4.32695536217));
#835 = CARTESIAN_POINT('',(4.350000002185,2.6,3.2500001));
#836 = ORIENTED_EDGE('',*,*,#707,.T.);
#837 = ORIENTED_EDGE('',*,*,#838,.F.);
#838 = EDGE_CURVE('',#631,#694,#839,.T.);
#839 = ( BOUNDED_CURVE() B_SPLINE_CURVE(2,(#840,#841,#842,#843,#844,#845
,#846,#847,#848),.UNSPECIFIED.,.F.,.F.) B_SPLINE_CURVE_WITH_KNOTS((3,2,2
,2,3),(0.3,0.325,0.35,0.375,0.4),.PIECEWISE_BEZIER_KNOTS.) CURVE() 
GEOMETRIC_REPRESENTATION_ITEM() RATIONAL_B_SPLINE_CURVE((1.,
    0.923879532511,1.,0.923879532511,1.,0.923879532511,1.,0.923879532511
,1.)) REPRESENTATION_ITEM('') );
#840 = CARTESIAN_POINT('',(4.55,-2.6,3.2500001));
#841 = CARTESIAN_POINT('',(4.5,-2.6,4.32695536217));
#842 = CARTESIAN_POINT('',(4.45,-1.838477631085,5.088477731085));
#843 = CARTESIAN_POINT('',(4.4,-1.07695526217,5.8500001));
#844 = CARTESIAN_POINT('',(4.35,-5.765454850459E-15,5.8500001));
#845 = CARTESIAN_POINT('',(4.3,1.07695526217,5.8500001));
#846 = CARTESIAN_POINT('',(4.25,1.838477631085,5.088477731085));
#847 = CARTESIAN_POINT('',(4.2,2.6,4.32695536217));
#848 = CARTESIAN_POINT('',(4.15,2.6,3.2500001));
#849 = ( BOUNDED_SURFACE() B_SPLINE_SURFACE(2,1,(
    (#850,#851)
    ,(#852,#853)
    ,(#854,#855)
    ,(#856,#857)
,(#858,#859
    )),.UNSPECIFIED.,.F.,.F.,.F.) B_SPLINE_SURFACE_WITH_KNOTS((3,2,3),(2
    ,2),(3.14159265359,4.712388980385,6.28318530718),(-7.500000002185,
-6.9),.PIECEWISE_BEZIER_KNOTS.) GEOMETRIC_REPRESENTATION_ITEM() 
RATIONAL_B_SPLINE_SURFACE((
    (1.,1.)
    ,(0.707106781187,0.707106781187)
    ,(1.,1.)
    ,(0.707106781187,0.707106781187)
,(1.,1.))) REPRESENTATION_ITEM('') SURFACE() );
#850 = CARTESIAN_POINT('',(4.750000002185,-2.6,3.2500001));
#851 = CARTESIAN_POINT('',(4.15,-2.6,3.2500001));
#852 = CARTESIAN_POINT('',(4.750000002185,-2.6,5.8500001));
#853 = CARTESIAN_POINT('',(4.15,-2.6,5.8500001));
#854 = CARTESIAN_POINT('',(4.750000002185,-7.211313540612E-15,5.8500001)
  );
#855 = CARTESIAN_POINT('',(4.15,-5.042525509331E-15,5.8500001));
#856 = CARTESIAN_POINT('',(4.750000002185,2.6,5.8500001));
#857 = CARTESIAN_POINT('',(4.15,2.6,5.8500001));
#858 = CARTESIAN_POINT('',(4.750000002185,2.6,3.2500001));
#859 = CARTESIAN_POINT('',(4.15,2.6,3.2500001));
#860 = ADVANCED_FACE('',(#861),#889,.T.);
#861 = FACE_BOUND('',#862,.T.);
#862 = EDGE_LOOP('',(#863,#864,#876,#877));
#863 = ORIENTED_EDGE('',*,*,#686,.F.);
#864 = ORIENTED_EDGE('',*,*,#865,.T.);
#865 = EDGE_CURVE('',#673,#727,#866,.T.);
#866 = ( BOUNDED_CURVE() B_SPLINE_CURVE(2,(#867,#868,#869,#870,#871,#872
,#873,#874,#875),.UNSPECIFIED.,.F.,.F.) B_SPLINE_CURVE_WITH_KNOTS((3,2,2
,2,3),(0.3,0.325,0.35,0.375,0.4),.PIECEWISE_BEZIER_KNOTS.) CURVE() 
GEOMETRIC_REPRESENTATION_ITEM() RATIONAL_B_SPLINE_CURVE((1.,
    0.923879532511,1.,0.923879532511,1.,0.923879532511,1.,0.923879532511
,1.)) REPRESENTATION_ITEM('') );
#867 = CARTESIAN_POINT('',(3.950000002185,-2.6,3.2500001));
#868 = CARTESIAN_POINT('',(3.900000002185,-2.6,4.32695536217));
#869 = CARTESIAN_POINT('',(3.850000002185,-1.838477631085,5.088477731085
    ));
#870 = CARTESIAN_POINT('',(3.800000002185,-1.07695526217,5.8500001));
#871 = CARTESIAN_POINT('',(3.750000002185,-3.596666834974E-15,5.8500001)
  );
#872 = CARTESIAN_POINT('',(3.700000002185,1.07695526217,5.8500001));
#873 = CARTESIAN_POINT('',(3.650000002185,1.838477631085,5.088477731085)
  );
#874 = CARTESIAN_POINT('',(3.600000002185,2.6,4.32695536217));
#875 = CARTESIAN_POINT('',(3.550000002185,2.6,3.2500001));
#876 = ORIENTED_EDGE('',*,*,#763,.T.);
#877 = ORIENTED_EDGE('',*,*,#878,.F.);
#878 = EDGE_CURVE('',#687,#750,#879,.T.);
#879 = ( BOUNDED_CURVE() B_SPLINE_CURVE(2,(#880,#881,#882,#883,#884,#885
,#886,#887,#888),.UNSPECIFIED.,.F.,.F.) B_SPLINE_CURVE_WITH_KNOTS((3,2,2
,2,3),(0.5,0.525,0.55,0.575,0.6),.PIECEWISE_BEZIER_KNOTS.) CURVE() 
GEOMETRIC_REPRESENTATION_ITEM() RATIONAL_B_SPLINE_CURVE((1.,
    0.923879532511,1.,0.923879532511,1.,0.923879532511,1.,0.923879532511
,1.)) REPRESENTATION_ITEM('') );
#880 = CARTESIAN_POINT('',(3.75,-2.6,3.2500001));
#881 = CARTESIAN_POINT('',(3.7,-2.6,4.32695536217));
#882 = CARTESIAN_POINT('',(3.65,-1.838477631085,5.088477731085));
#883 = CARTESIAN_POINT('',(3.6,-1.07695526217,5.8500001));
#884 = CARTESIAN_POINT('',(3.55,-2.873737485949E-15,5.8500001));
#885 = CARTESIAN_POINT('',(3.5,1.07695526217,5.8500001));
#886 = CARTESIAN_POINT('',(3.45,1.838477631085,5.088477731085));
#887 = CARTESIAN_POINT('',(3.4,2.6,4.32695536217));
#888 = CARTESIAN_POINT('',(3.35,2.6,3.2500001));
#889 = ( BOUNDED_SURFACE() B_SPLINE_SURFACE(2,1,(
    (#890,#891)
    ,(#892,#893)
    ,(#894,#895)
    ,(#896,#897)
,(#898,#899
    )),.UNSPECIFIED.,.F.,.F.,.F.) B_SPLINE_SURFACE_WITH_KNOTS((3,2,3),(2
    ,2),(3.14159265359,4.712388980385,6.28318530718),(-6.700000002185,
-6.1),.PIECEWISE_BEZIER_KNOTS.) GEOMETRIC_REPRESENTATION_ITEM() 
RATIONAL_B_SPLINE_SURFACE((
    (1.,1.)
    ,(0.707106781187,0.707106781187)
    ,(1.,1.)
    ,(0.707106781187,0.707106781187)
,(1.,1.))) REPRESENTATION_ITEM('') SURFACE() );
#890 = CARTESIAN_POINT('',(3.950000002185,-2.6,3.2500001));
#891 = CARTESIAN_POINT('',(3.35,-2.6,3.2500001));
#892 = CARTESIAN_POINT('',(3.950000002185,-2.6,5.8500001));
#893 = CARTESIAN_POINT('',(3.35,-2.6,5.8500001));
#894 = CARTESIAN_POINT('',(3.950000002185,-4.319596176102E-15,5.8500001)
  );
#895 = CARTESIAN_POINT('',(3.35,-2.150808144821E-15,5.8500001));
#896 = CARTESIAN_POINT('',(3.950000002185,2.6,5.8500001));
#897 = CARTESIAN_POINT('',(3.35,2.6,5.8500001));
#898 = CARTESIAN_POINT('',(3.950000002185,2.6,3.2500001));
#899 = CARTESIAN_POINT('',(3.35,2.6,3.2500001));
#900 = ADVANCED_FACE('',(#901),#929,.T.);
#901 = FACE_BOUND('',#902,.T.);
#902 = EDGE_LOOP('',(#903,#904,#916,#917));
#903 = ORIENTED_EDGE('',*,*,#742,.F.);
#904 = ORIENTED_EDGE('',*,*,#905,.T.);
#905 = EDGE_CURVE('',#729,#473,#906,.T.);
#906 = ( BOUNDED_CURVE() B_SPLINE_CURVE(2,(#907,#908,#909,#910,#911,#912
,#913,#914,#915),.UNSPECIFIED.,.F.,.F.) B_SPLINE_CURVE_WITH_KNOTS((3,2,2
,2,3),(0.5,0.525,0.55,0.575,0.6),.PIECEWISE_BEZIER_KNOTS.) CURVE() 
GEOMETRIC_REPRESENTATION_ITEM() RATIONAL_B_SPLINE_CURVE((1.,
    0.923879532511,1.,0.923879532511,1.,0.923879532511,1.,0.923879532511
,1.)) REPRESENTATION_ITEM('') );
#907 = CARTESIAN_POINT('',(3.150000002185,-2.6,3.2500001));
#908 = CARTESIAN_POINT('',(3.100000002185,-2.6,4.32695536217));
#909 = CARTESIAN_POINT('',(3.050000002185,-1.838477631085,5.088477731085
    ));
#910 = CARTESIAN_POINT('',(3.000000002185,-1.07695526217,5.8500001));
#911 = CARTESIAN_POINT('',(2.950000002185,-7.049494704642E-16,5.8500001)
  );
#912 = CARTESIAN_POINT('',(2.900000002185,1.07695526217,5.8500001));
#913 = CARTESIAN_POINT('',(2.850000002185,1.838477631085,5.088477731085)
  );
#914 = CARTESIAN_POINT('',(2.800000002185,2.6,4.32695536217));
#915 = CARTESIAN_POINT('',(2.750000002185,2.6,3.2500001));
#916 = ORIENTED_EDGE('',*,*,#543,.T.);
#917 = ORIENTED_EDGE('',*,*,#918,.F.);
#918 = EDGE_CURVE('',#743,#532,#919,.T.);
#919 = ( BOUNDED_CURVE() B_SPLINE_CURVE(2,(#920,#921,#922,#923,#924,#925
,#926,#927,#928),.UNSPECIFIED.,.F.,.F.) B_SPLINE_CURVE_WITH_KNOTS((3,2,2
,2,3),(0.7,0.725,0.75,0.775,0.8),.PIECEWISE_BEZIER_KNOTS.) CURVE() 
GEOMETRIC_REPRESENTATION_ITEM() RATIONAL_B_SPLINE_CURVE((1.,
    0.923879532511,1.,0.923879532511,1.,0.923879532511,1.,0.923879532511
,1.)) REPRESENTATION_ITEM('') );
#920 = CARTESIAN_POINT('',(2.95,-2.6,3.2500001));
#921 = CARTESIAN_POINT('',(2.9,-2.6,4.32695536217));
#922 = CARTESIAN_POINT('',(2.85,-1.838477631085,5.088477731085));
#923 = CARTESIAN_POINT('',(2.8,-1.07695526217,5.8500001));
#924 = CARTESIAN_POINT('',(2.75,1.797987856114E-17,5.8500001));
#925 = CARTESIAN_POINT('',(2.7,1.07695526217,5.8500001));
#926 = CARTESIAN_POINT('',(2.65,1.838477631085,5.088477731085));
#927 = CARTESIAN_POINT('',(2.6,2.6,4.32695536217));
#928 = CARTESIAN_POINT('',(2.55,2.6,3.2500001));
#929 = ( BOUNDED_SURFACE() B_SPLINE_SURFACE(2,1,(
    (#930,#931)
    ,(#932,#933)
    ,(#934,#935)
    ,(#936,#937)
,(#938,#939
    )),.UNSPECIFIED.,.F.,.F.,.F.) B_SPLINE_SURFACE_WITH_KNOTS((3,2,3),(2
    ,2),(3.14159265359,4.712388980385,6.28318530718),(-5.900000002185,
-5.3),.PIECEWISE_BEZIER_KNOTS.) GEOMETRIC_REPRESENTATION_ITEM() 
RATIONAL_B_SPLINE_SURFACE((
    (1.,1.)
    ,(0.707106781187,0.707106781187)
    ,(1.,1.)
    ,(0.707106781187,0.707106781187)
,(1.,1.))) REPRESENTATION_ITEM('') SURFACE() );
#930 = CARTESIAN_POINT('',(3.150000002185,-2.6,3.2500001));
#931 = CARTESIAN_POINT('',(2.55,-2.6,3.2500001));
#932 = CARTESIAN_POINT('',(3.150000002185,-2.6,5.8500001));
#933 = CARTESIAN_POINT('',(2.55,-2.6,5.8500001));
#934 = CARTESIAN_POINT('',(3.150000002185,-1.427878811592E-15,5.8500001)
  );
#935 = CARTESIAN_POINT('',(2.55,7.409092196886E-16,5.8500001));
#936 = CARTESIAN_POINT('',(3.150000002185,2.6,5.8500001));
#937 = CARTESIAN_POINT('',(2.55,2.6,5.8500001));
#938 = CARTESIAN_POINT('',(3.150000002185,2.6,3.2500001));
#939 = CARTESIAN_POINT('',(2.55,2.6,3.2500001));
#940 = ADVANCED_FACE('',(#941),#977,.F.);
#941 = FACE_BOUND('',#942,.F.);
#942 = EDGE_LOOP('',(#943,#952,#962,#969));
#943 = ORIENTED_EDGE('',*,*,#944,.T.);
#944 = EDGE_CURVE('',#945,#947,#949,.T.);
#945 = VERTEX_POINT('',#946);
#946 = CARTESIAN_POINT('',(-0.75,0.746483967199,3.2500001));
#947 = VERTEX_POINT('',#948);
#948 = CARTESIAN_POINT('',(-1.05,0.746483967199,3.2500001));
#949 = B_SPLINE_CURVE_WITH_KNOTS('',1,(#950,#951),.UNSPECIFIED.,.F.,.F.,
  (2,2),(-2.,-1.7),.PIECEWISE_BEZIER_KNOTS.);
#950 = CARTESIAN_POINT('',(-0.75,0.746483967199,3.2500001));
#951 = CARTESIAN_POINT('',(-1.05,0.746483967199,3.2500001));
#952 = ORIENTED_EDGE('',*,*,#953,.F.);
#953 = EDGE_CURVE('',#954,#947,#956,.T.);
#954 = VERTEX_POINT('',#955);
#955 = CARTESIAN_POINT('',(-1.05,-0.746483967199,3.2500001));
#956 = ( BOUNDED_CURVE() B_SPLINE_CURVE(2,(#957,#958,#959,#960,#961),
.UNSPECIFIED.,.F.,.F.) B_SPLINE_CURVE_WITH_KNOTS((3,2,3),(3.14159265359,
4.712388980385,6.28318530718),.PIECEWISE_BEZIER_KNOTS.) CURVE() 
GEOMETRIC_REPRESENTATION_ITEM() RATIONAL_B_SPLINE_CURVE((1.,
0.707106781187,1.,0.707106781187,1.)) REPRESENTATION_ITEM('') );
#957 = CARTESIAN_POINT('',(-1.05,-0.746483967199,3.2500001));
#958 = CARTESIAN_POINT('',(-1.05,-0.746483967199,3.996484067199));
#959 = CARTESIAN_POINT('',(-1.05,1.151089451951E-15,3.996484067199));
#960 = CARTESIAN_POINT('',(-1.05,0.746483967199,3.996484067199));
#961 = CARTESIAN_POINT('',(-1.05,0.746483967199,3.2500001));
#962 = ORIENTED_EDGE('',*,*,#963,.F.);
#963 = EDGE_CURVE('',#964,#954,#966,.T.);
#964 = VERTEX_POINT('',#965);
#965 = CARTESIAN_POINT('',(-0.75,-0.746483967199,3.2500001));
#966 = B_SPLINE_CURVE_WITH_KNOTS('',1,(#967,#968),.UNSPECIFIED.,.F.,.F.,
  (2,2),(-2.,-1.7),.PIECEWISE_BEZIER_KNOTS.);
#967 = CARTESIAN_POINT('',(-0.75,-0.746483967199,3.2500001));
#968 = CARTESIAN_POINT('',(-1.05,-0.746483967199,3.2500001));
#969 = ORIENTED_EDGE('',*,*,#970,.T.);
#970 = EDGE_CURVE('',#964,#945,#971,.T.);
#971 = ( BOUNDED_CURVE() B_SPLINE_CURVE(2,(#972,#973,#974,#975,#976),
.UNSPECIFIED.,.F.,.F.) B_SPLINE_CURVE_WITH_KNOTS((3,2,3),(3.14159265359,
4.712388980385,6.28318530718),.PIECEWISE_BEZIER_KNOTS.) CURVE() 
GEOMETRIC_REPRESENTATION_ITEM() RATIONAL_B_SPLINE_CURVE((1.,
0.707106781187,1.,0.707106781187,1.)) REPRESENTATION_ITEM('') );
#972 = CARTESIAN_POINT('',(-0.75,-0.746483967199,3.2500001));
#973 = CARTESIAN_POINT('',(-0.75,-0.746483967199,3.996484067199));
#974 = CARTESIAN_POINT('',(-0.75,6.669544025938E-17,3.996484067199));
#975 = CARTESIAN_POINT('',(-0.75,0.746483967199,3.996484067199));
#976 = CARTESIAN_POINT('',(-0.75,0.746483967199,3.2500001));
#977 = ( BOUNDED_SURFACE() B_SPLINE_SURFACE(2,1,(
    (#978,#979)
    ,(#980,#981)
    ,(#982,#983)
    ,(#984,#985)
,(#986,#987
    )),.UNSPECIFIED.,.F.,.F.,.F.) B_SPLINE_SURFACE_WITH_KNOTS((3,2,3),(2
    ,2),(3.14159265359,4.712388980385,6.28318530718),(-2.,-1.7),
.PIECEWISE_BEZIER_KNOTS.) GEOMETRIC_REPRESENTATION_ITEM() 
RATIONAL_B_SPLINE_SURFACE((
    (1.,1.)
    ,(0.707106781187,0.707106781187)
    ,(1.,1.)
    ,(0.707106781187,0.707106781187)
,(1.,1.))) REPRESENTATION_ITEM('') SURFACE() );
#978 = CARTESIAN_POINT('',(-0.75,-0.746483967199,3.2500001));
#979 = CARTESIAN_POINT('',(-1.05,-0.746483967199,3.2500001));
#980 = CARTESIAN_POINT('',(-0.75,-0.746483967199,3.996484067199));
#981 = CARTESIAN_POINT('',(-1.05,-0.746483967199,3.996484067199));
#982 = CARTESIAN_POINT('',(-0.75,6.669544025938E-17,3.996484067199));
#983 = CARTESIAN_POINT('',(-1.05,1.151089451951E-15,3.996484067199));
#984 = CARTESIAN_POINT('',(-0.75,0.746483967199,3.996484067199));
#985 = CARTESIAN_POINT('',(-1.05,0.746483967199,3.996484067199));
#986 = CARTESIAN_POINT('',(-0.75,0.746483967199,3.2500001));
#987 = CARTESIAN_POINT('',(-1.05,0.746483967199,3.2500001));
#988 = ADVANCED_FACE('',(#989,#1075,#1161,#1220,#1509,#1625,#1812,#1871,
    #1901,#2018,#2142,#2200,#2286,#2344),#2388,.F.);
#989 = FACE_BOUND('',#990,.T.);
#990 = EDGE_LOOP('',(#991,#1000,#1007,#1014,#1021,#1028,#1035,#1042,
    #1049,#1056,#1063,#1070));
#991 = ORIENTED_EDGE('',*,*,#992,.F.);
#992 = EDGE_CURVE('',#993,#995,#997,.T.);
#993 = VERTEX_POINT('',#994);
#994 = CARTESIAN_POINT('',(-2.057260194005,-0.465174817822,6.5000001));
#995 = VERTEX_POINT('',#996);
#996 = CARTESIAN_POINT('',(-2.057260194005,-0.387236803579,6.5000001));
#997 = B_SPLINE_CURVE_WITH_KNOTS('',1,(#998,#999),.UNSPECIFIED.,.F.,.F.,
  (2,2),(-7.793801424299E-02,0.),.PIECEWISE_BEZIER_KNOTS.);
#998 = CARTESIAN_POINT('',(-2.057260194005,-0.465174817822,6.5000001));
#999 = CARTESIAN_POINT('',(-2.057260194005,-0.387236803579,6.5000001));
#1000 = ORIENTED_EDGE('',*,*,#1001,.F.);
#1001 = EDGE_CURVE('',#1002,#993,#1004,.T.);
#1002 = VERTEX_POINT('',#1003);
#1003 = CARTESIAN_POINT('',(-2.078999002231,-0.465174817822,6.5000001));
#1004 = B_SPLINE_CURVE_WITH_KNOTS('',1,(#1005,#1006),.UNSPECIFIED.,.F.,
  .F.,(2,2),(-2.173880822541E-02,0.),.PIECEWISE_BEZIER_KNOTS.);
#1005 = CARTESIAN_POINT('',(-2.078999002231,-0.465174817822,6.5000001));
#1006 = CARTESIAN_POINT('',(-2.057260194005,-0.465174817822,6.5000001));
#1007 = ORIENTED_EDGE('',*,*,#1008,.F.);
#1008 = EDGE_CURVE('',#1009,#1002,#1011,.T.);
#1009 = VERTEX_POINT('',#1010);
#1010 = CARTESIAN_POINT('',(-2.078999002231,-0.362622233728,6.5000001));
#1011 = B_SPLINE_CURVE_WITH_KNOTS('',1,(#1012,#1013),.UNSPECIFIED.,.F.,
  .F.,(2,2),(-0.102552584095,-2.22044604925E-16),
  .PIECEWISE_BEZIER_KNOTS.);
#1012 = CARTESIAN_POINT('',(-2.078999002231,-0.362622233728,6.5000001));
#1013 = CARTESIAN_POINT('',(-2.078999002231,-0.465174817822,6.5000001));
#1014 = ORIENTED_EDGE('',*,*,#1015,.F.);
#1015 = EDGE_CURVE('',#1016,#1009,#1018,.T.);
#1016 = VERTEX_POINT('',#1017);
#1017 = CARTESIAN_POINT('',(-1.888321383894,-0.362622233728,6.5000001));
#1018 = B_SPLINE_CURVE_WITH_KNOTS('',1,(#1019,#1020),.UNSPECIFIED.,.F.,
  .F.,(2,2),(-0.190677618336,0.),.PIECEWISE_BEZIER_KNOTS.);
#1019 = CARTESIAN_POINT('',(-1.888321383894,-0.362622233728,6.5000001));
#1020 = CARTESIAN_POINT('',(-2.078999002231,-0.362622233728,6.5000001));
#1021 = ORIENTED_EDGE('',*,*,#1022,.F.);
#1022 = EDGE_CURVE('',#1023,#1016,#1025,.T.);
#1023 = VERTEX_POINT('',#1024);
#1024 = CARTESIAN_POINT('',(-1.888321383894,-0.460836804522,6.5000001));
#1025 = B_SPLINE_CURVE_WITH_KNOTS('',1,(#1026,#1027),.UNSPECIFIED.,.F.,
  .F.,(2,2),(-9.82145707944E-02,0.),.PIECEWISE_BEZIER_KNOTS.);
#1026 = CARTESIAN_POINT('',(-1.888321383894,-0.460836804522,6.5000001));
#1027 = CARTESIAN_POINT('',(-1.888321383894,-0.362622233728,6.5000001));
#1028 = ORIENTED_EDGE('',*,*,#1029,.F.);
#1029 = EDGE_CURVE('',#1030,#1023,#1032,.T.);
#1030 = VERTEX_POINT('',#1031);
#1031 = CARTESIAN_POINT('',(-1.910255159009,-0.460836804522,6.5000001));
#1032 = B_SPLINE_CURVE_WITH_KNOTS('',1,(#1033,#1034),.UNSPECIFIED.,.F.,
  .F.,(2,2),(-2.193377511511E-02,-7.752645944865E-31),
  .PIECEWISE_BEZIER_KNOTS.);
#1033 = CARTESIAN_POINT('',(-1.910255159009,-0.460836804522,6.5000001));
#1034 = CARTESIAN_POINT('',(-1.888321383894,-0.460836804522,6.5000001));
#1035 = ORIENTED_EDGE('',*,*,#1036,.F.);
#1036 = EDGE_CURVE('',#1037,#1030,#1039,.T.);
#1037 = VERTEX_POINT('',#1038);
#1038 = CARTESIAN_POINT('',(-1.910255159009,-0.387236803579,6.5000001));
#1039 = B_SPLINE_CURVE_WITH_KNOTS('',1,(#1040,#1041),.UNSPECIFIED.,.F.,
  .F.,(2,2),(-7.360000094278E-02,-2.22044604925E-16),
  .PIECEWISE_BEZIER_KNOTS.);
#1040 = CARTESIAN_POINT('',(-1.910255159009,-0.387236803579,6.5000001));
#1041 = CARTESIAN_POINT('',(-1.910255159009,-0.460836804522,6.5000001));
#1042 = ORIENTED_EDGE('',*,*,#1043,.F.);
#1043 = EDGE_CURVE('',#1044,#1037,#1046,.T.);
#1044 = VERTEX_POINT('',#1045);
#1045 = CARTESIAN_POINT('',(-1.971279795553,-0.387236803579,6.5000001));
#1046 = B_SPLINE_CURVE_WITH_KNOTS('',1,(#1047,#1048),.UNSPECIFIED.,.F.,
  .F.,(2,2),(-6.102463654395E-02,0.),.PIECEWISE_BEZIER_KNOTS.);
#1047 = CARTESIAN_POINT('',(-1.971279795553,-0.387236803579,6.5000001));
#1048 = CARTESIAN_POINT('',(-1.910255159009,-0.387236803579,6.5000001));
#1049 = ORIENTED_EDGE('',*,*,#1050,.F.);
#1050 = EDGE_CURVE('',#1051,#1044,#1053,.T.);
#1051 = VERTEX_POINT('',#1052);
#1052 = CARTESIAN_POINT('',(-1.971279795553,-0.455426473326,6.5000001));
#1053 = B_SPLINE_CURVE_WITH_KNOTS('',1,(#1054,#1055),.UNSPECIFIED.,.F.,
  .F.,(2,2),(-6.81896697473E-02,5.551115123126E-17),
  .PIECEWISE_BEZIER_KNOTS.);
#1054 = CARTESIAN_POINT('',(-1.971279795553,-0.455426473326,6.5000001));
#1055 = CARTESIAN_POINT('',(-1.971279795553,-0.387236803579,6.5000001));
#1056 = ORIENTED_EDGE('',*,*,#1057,.F.);
#1057 = EDGE_CURVE('',#1058,#1051,#1060,.T.);
#1058 = VERTEX_POINT('',#1059);
#1059 = CARTESIAN_POINT('',(-1.993116087224,-0.455426473326,6.5000001));
#1060 = B_SPLINE_CURVE_WITH_KNOTS('',1,(#1061,#1062),.UNSPECIFIED.,.F.,
  .F.,(2,2),(-2.183629167026E-02,-7.752645944865E-31),
  .PIECEWISE_BEZIER_KNOTS.);
#1061 = CARTESIAN_POINT('',(-1.993116087224,-0.455426473326,6.5000001));
#1062 = CARTESIAN_POINT('',(-1.971279795553,-0.455426473326,6.5000001));
#1063 = ORIENTED_EDGE('',*,*,#1064,.F.);
#1064 = EDGE_CURVE('',#1065,#1058,#1067,.T.);
#1065 = VERTEX_POINT('',#1066);
#1066 = CARTESIAN_POINT('',(-1.993116087224,-0.387236803579,6.5000001));
#1067 = B_SPLINE_CURVE_WITH_KNOTS('',1,(#1068,#1069),.UNSPECIFIED.,.F.,
  .F.,(2,2),(-6.81896697473E-02,-2.22044604925E-16),
  .PIECEWISE_BEZIER_KNOTS.);
#1068 = CARTESIAN_POINT('',(-1.993116087224,-0.387236803579,6.5000001));
#1069 = CARTESIAN_POINT('',(-1.993116087224,-0.455426473326,6.5000001));
#1070 = ORIENTED_EDGE('',*,*,#1071,.F.);
#1071 = EDGE_CURVE('',#995,#1065,#1072,.T.);
#1072 = B_SPLINE_CURVE_WITH_KNOTS('',1,(#1073,#1074),.UNSPECIFIED.,.F.,
  .F.,(2,2),(-6.414410678164E-02,0.),.PIECEWISE_BEZIER_KNOTS.);
#1073 = CARTESIAN_POINT('',(-2.057260194005,-0.387236803579,6.5000001));
#1074 = CARTESIAN_POINT('',(-1.993116087224,-0.387236803579,6.5000001));
#1075 = FACE_BOUND('',#1076,.T.);
#1076 = EDGE_LOOP('',(#1077,#1086,#1093,#1100,#1107,#1114,#1121,#1128,
    #1135,#1142,#1149,#1156));
#1077 = ORIENTED_EDGE('',*,*,#1078,.F.);
#1078 = EDGE_CURVE('',#1079,#1081,#1083,.T.);
#1079 = VERTEX_POINT('',#1080);
#1080 = CARTESIAN_POINT('',(-2.359751323708,-0.703960516246,6.5000001));
#1081 = VERTEX_POINT('',#1082);
#1082 = CARTESIAN_POINT('',(-2.359751323708,-0.626022502003,6.5000001));
#1083 = B_SPLINE_CURVE_WITH_KNOTS('',1,(#1084,#1085),.UNSPECIFIED.,.F.,
  .F.,(2,2),(-7.793801424294E-02,2.22044604925E-16),
  .PIECEWISE_BEZIER_KNOTS.);
#1084 = CARTESIAN_POINT('',(-2.359751323708,-0.703960516246,6.5000001));
#1085 = CARTESIAN_POINT('',(-2.359751323708,-0.626022502003,6.5000001));
#1086 = ORIENTED_EDGE('',*,*,#1087,.F.);
#1087 = EDGE_CURVE('',#1088,#1079,#1090,.T.);
#1088 = VERTEX_POINT('',#1089);
#1089 = CARTESIAN_POINT('',(-2.381490131933,-0.703960516246,6.5000001));
#1090 = B_SPLINE_CURVE_WITH_KNOTS('',1,(#1091,#1092),.UNSPECIFIED.,.F.,
  .F.,(2,2),(-2.173880822542E-02,0.),.PIECEWISE_BEZIER_KNOTS.);
#1091 = CARTESIAN_POINT('',(-2.381490131933,-0.703960516246,6.5000001));
#1092 = CARTESIAN_POINT('',(-2.359751323708,-0.703960516246,6.5000001));
#1093 = ORIENTED_EDGE('',*,*,#1094,.F.);
#1094 = EDGE_CURVE('',#1095,#1088,#1097,.T.);
#1095 = VERTEX_POINT('',#1096);
#1096 = CARTESIAN_POINT('',(-2.381490131933,-0.601407932151,6.5000001));
#1097 = B_SPLINE_CURVE_WITH_KNOTS('',1,(#1098,#1099),.UNSPECIFIED.,.F.,
  .F.,(2,2),(-0.102552584095,-2.22044604925E-16),
  .PIECEWISE_BEZIER_KNOTS.);
#1098 = CARTESIAN_POINT('',(-2.381490131933,-0.601407932151,6.5000001));
#1099 = CARTESIAN_POINT('',(-2.381490131933,-0.703960516246,6.5000001));
#1100 = ORIENTED_EDGE('',*,*,#1101,.F.);
#1101 = EDGE_CURVE('',#1102,#1095,#1104,.T.);
#1102 = VERTEX_POINT('',#1103);
#1103 = CARTESIAN_POINT('',(-2.190812513597,-0.601407932151,6.5000001));
#1104 = B_SPLINE_CURVE_WITH_KNOTS('',1,(#1105,#1106),.UNSPECIFIED.,.F.,
  .F.,(2,2),(-0.190677618336,5.285006016791E-30),
  .PIECEWISE_BEZIER_KNOTS.);
#1105 = CARTESIAN_POINT('',(-2.190812513597,-0.601407932151,6.5000001));
#1106 = CARTESIAN_POINT('',(-2.381490131933,-0.601407932151,6.5000001));
#1107 = ORIENTED_EDGE('',*,*,#1108,.F.);
#1108 = EDGE_CURVE('',#1109,#1102,#1111,.T.);
#1109 = VERTEX_POINT('',#1110);
#1110 = CARTESIAN_POINT('',(-2.190812513597,-0.699622502945,6.5000001));
#1111 = B_SPLINE_CURVE_WITH_KNOTS('',1,(#1112,#1113),.UNSPECIFIED.,.F.,
  .F.,(2,2),(-9.821457079445E-02,1.110223024625E-16),
  .PIECEWISE_BEZIER_KNOTS.);
#1112 = CARTESIAN_POINT('',(-2.190812513597,-0.699622502945,6.5000001));
#1113 = CARTESIAN_POINT('',(-2.190812513597,-0.601407932151,6.5000001));
#1114 = ORIENTED_EDGE('',*,*,#1115,.F.);
#1115 = EDGE_CURVE('',#1116,#1109,#1118,.T.);
#1116 = VERTEX_POINT('',#1117);
#1117 = CARTESIAN_POINT('',(-2.212746288712,-0.699622502945,6.5000001));
#1118 = B_SPLINE_CURVE_WITH_KNOTS('',1,(#1119,#1120),.UNSPECIFIED.,.F.,
  .F.,(2,2),(-2.193377511511E-02,2.32579378346E-30),
  .PIECEWISE_BEZIER_KNOTS.);
#1119 = CARTESIAN_POINT('',(-2.212746288712,-0.699622502945,6.5000001));
#1120 = CARTESIAN_POINT('',(-2.190812513597,-0.699622502945,6.5000001));
#1121 = ORIENTED_EDGE('',*,*,#1122,.F.);
#1122 = EDGE_CURVE('',#1123,#1116,#1125,.T.);
#1123 = VERTEX_POINT('',#1124);
#1124 = CARTESIAN_POINT('',(-2.212746288712,-0.626022502003,6.5000001));
#1125 = B_SPLINE_CURVE_WITH_KNOTS('',1,(#1126,#1127),.UNSPECIFIED.,.F.,
  .F.,(2,2),(-7.360000094212E-02,-2.22044604925E-16),
  .PIECEWISE_BEZIER_KNOTS.);
#1126 = CARTESIAN_POINT('',(-2.212746288712,-0.626022502003,6.5000001));
#1127 = CARTESIAN_POINT('',(-2.212746288712,-0.699622502945,6.5000001));
#1128 = ORIENTED_EDGE('',*,*,#1129,.F.);
#1129 = EDGE_CURVE('',#1130,#1123,#1132,.T.);
#1130 = VERTEX_POINT('',#1131);
#1131 = CARTESIAN_POINT('',(-2.273770925256,-0.626022502003,6.5000001));
#1132 = B_SPLINE_CURVE_WITH_KNOTS('',1,(#1133,#1134),.UNSPECIFIED.,.F.,
  .F.,(2,2),(-6.102463654395E-02,7.752645944865E-31),
  .PIECEWISE_BEZIER_KNOTS.);
#1133 = CARTESIAN_POINT('',(-2.273770925256,-0.626022502003,6.5000001));
#1134 = CARTESIAN_POINT('',(-2.212746288712,-0.626022502003,6.5000001));
#1135 = ORIENTED_EDGE('',*,*,#1136,.F.);
#1136 = EDGE_CURVE('',#1137,#1130,#1139,.T.);
#1137 = VERTEX_POINT('',#1138);
#1138 = CARTESIAN_POINT('',(-2.273770925256,-0.69421217175,6.5000001));
#1139 = B_SPLINE_CURVE_WITH_KNOTS('',1,(#1140,#1141),.UNSPECIFIED.,.F.,
  .F.,(2,2),(-6.818966974665E-02,2.22044604925E-16),
  .PIECEWISE_BEZIER_KNOTS.);
#1140 = CARTESIAN_POINT('',(-2.273770925256,-0.69421217175,6.5000001));
#1141 = CARTESIAN_POINT('',(-2.273770925256,-0.626022502003,6.5000001));
#1142 = ORIENTED_EDGE('',*,*,#1143,.F.);
#1143 = EDGE_CURVE('',#1144,#1137,#1146,.T.);
#1144 = VERTEX_POINT('',#1145);
#1145 = CARTESIAN_POINT('',(-2.295607216926,-0.69421217175,6.5000001));
#1146 = B_SPLINE_CURVE_WITH_KNOTS('',1,(#1147,#1148),.UNSPECIFIED.,.F.,
  .F.,(2,2),(-2.183629167026E-02,2.32579378346E-30),
  .PIECEWISE_BEZIER_KNOTS.);
#1147 = CARTESIAN_POINT('',(-2.295607216926,-0.69421217175,6.5000001));
#1148 = CARTESIAN_POINT('',(-2.273770925256,-0.69421217175,6.5000001));
#1149 = ORIENTED_EDGE('',*,*,#1150,.F.);
#1150 = EDGE_CURVE('',#1151,#1144,#1153,.T.);
#1151 = VERTEX_POINT('',#1152);
#1152 = CARTESIAN_POINT('',(-2.295607216926,-0.626022502003,6.5000001));
#1153 = B_SPLINE_CURVE_WITH_KNOTS('',1,(#1154,#1155),.UNSPECIFIED.,.F.,
  .F.,(2,2),(-6.818966974666E-02,-2.22044604925E-16),
  .PIECEWISE_BEZIER_KNOTS.);
#1154 = CARTESIAN_POINT('',(-2.295607216926,-0.626022502003,6.5000001));
#1155 = CARTESIAN_POINT('',(-2.295607216926,-0.69421217175,6.5000001));
#1156 = ORIENTED_EDGE('',*,*,#1157,.F.);
#1157 = EDGE_CURVE('',#1081,#1151,#1158,.T.);
#1158 = B_SPLINE_CURVE_WITH_KNOTS('',1,(#1159,#1160),.UNSPECIFIED.,.F.,
  .F.,(2,2),(-6.414410678163E-02,7.752645944865E-31),
  .PIECEWISE_BEZIER_KNOTS.);
#1159 = CARTESIAN_POINT('',(-2.359751323708,-0.626022502003,6.5000001));
#1160 = CARTESIAN_POINT('',(-2.295607216926,-0.626022502003,6.5000001));
#1161 = FACE_BOUND('',#1162,.T.);
#1162 = EDGE_LOOP('',(#1163,#1174,#1183,#1190,#1197,#1204,#1213));
#1163 = ORIENTED_EDGE('',*,*,#1164,.F.);
#1164 = EDGE_CURVE('',#1165,#1167,#1169,.T.);
#1165 = VERTEX_POINT('',#1166);
#1166 = CARTESIAN_POINT('',(-2.052288538313,-0.627679720567,6.5000001));
#1167 = VERTEX_POINT('',#1168);
#1168 = CARTESIAN_POINT('',(-1.981223106938,-0.656437336829,6.5000001));
#1169 = B_SPLINE_CURVE_WITH_KNOTS('',3,(#1170,#1171,#1172,#1173),
  .UNSPECIFIED.,.F.,.F.,(4,4),(4.,5.),.PIECEWISE_BEZIER_KNOTS.);
#1170 = CARTESIAN_POINT('',(-2.052288538313,-0.627679720567,6.5000001));
#1171 = CARTESIAN_POINT('',(-2.034449067885,-0.646835217501,6.5000001));
#1172 = CARTESIAN_POINT('',(-2.01076059076,-0.656437336829,6.5000001));
#1173 = CARTESIAN_POINT('',(-1.981223106938,-0.656437336829,6.5000001));
#1174 = ORIENTED_EDGE('',*,*,#1175,.F.);
#1175 = EDGE_CURVE('',#1176,#1165,#1178,.T.);
#1176 = VERTEX_POINT('',#1177);
#1177 = CARTESIAN_POINT('',(-2.078999002231,-0.553641044121,6.5000001));
#1178 = B_SPLINE_CURVE_WITH_KNOTS('',3,(#1179,#1180,#1181,#1182),
  .UNSPECIFIED.,.F.,.F.,(4,4),(5.,6.),.PIECEWISE_BEZIER_KNOTS.);
#1179 = CARTESIAN_POINT('',(-2.078999002231,-0.553641044121,6.5000001));
#1180 = CARTESIAN_POINT('',(-2.078999002231,-0.583812170335,6.5000001));
#1181 = CARTESIAN_POINT('',(-2.070128008739,-0.608524223632,6.5000001));
#1182 = CARTESIAN_POINT('',(-2.052288538313,-0.627679720567,6.5000001));
#1183 = ORIENTED_EDGE('',*,*,#1184,.F.);
#1184 = EDGE_CURVE('',#1185,#1176,#1187,.T.);
#1185 = VERTEX_POINT('',#1186);
#1186 = CARTESIAN_POINT('',(-2.078999002231,-0.501194950734,6.5000001));
#1187 = B_SPLINE_CURVE_WITH_KNOTS('',1,(#1188,#1189),.UNSPECIFIED.,.F.,
  .F.,(2,2),(-5.244609338709E-02,0.),.PIECEWISE_BEZIER_KNOTS.);
#1188 = CARTESIAN_POINT('',(-2.078999002231,-0.501194950734,6.5000001));
#1189 = CARTESIAN_POINT('',(-2.078999002231,-0.553641044121,6.5000001));
#1190 = ORIENTED_EDGE('',*,*,#1191,.F.);
#1191 = EDGE_CURVE('',#1192,#1185,#1194,.T.);
#1192 = VERTEX_POINT('',#1193);
#1193 = CARTESIAN_POINT('',(-1.888321383894,-0.501194950734,6.5000001));
#1194 = B_SPLINE_CURVE_WITH_KNOTS('',1,(#1195,#1196),.UNSPECIFIED.,.F.,
  .F.,(2,2),(-0.190677618336,4.274960914912E-30),
  .PIECEWISE_BEZIER_KNOTS.);
#1195 = CARTESIAN_POINT('',(-1.888321383894,-0.501194950734,6.5000001));
#1196 = CARTESIAN_POINT('',(-2.078999002231,-0.501194950734,6.5000001));
#1197 = ORIENTED_EDGE('',*,*,#1198,.F.);
#1198 = EDGE_CURVE('',#1199,#1192,#1201,.T.);
#1199 = VERTEX_POINT('',#1200);
#1200 = CARTESIAN_POINT('',(-1.888321383894,-0.555590713021,6.5000001));
#1201 = B_SPLINE_CURVE_WITH_KNOTS('',1,(#1202,#1203),.UNSPECIFIED.,.F.,
  .F.,(2,2),(-5.439576228661E-02,0.),.PIECEWISE_BEZIER_KNOTS.);
#1202 = CARTESIAN_POINT('',(-1.888321383894,-0.555590713021,6.5000001));
#1203 = CARTESIAN_POINT('',(-1.888321383894,-0.501194950734,6.5000001));
#1204 = ORIENTED_EDGE('',*,*,#1205,.F.);
#1205 = EDGE_CURVE('',#1206,#1199,#1208,.T.);
#1206 = VERTEX_POINT('',#1207);
#1207 = CARTESIAN_POINT('',(-1.913569596138,-0.627679720567,6.5000001));
#1208 = B_SPLINE_CURVE_WITH_KNOTS('',3,(#1209,#1210,#1211,#1212),
  .UNSPECIFIED.,.F.,.F.,(4,4),(2.,3.),.PIECEWISE_BEZIER_KNOTS.);
#1209 = CARTESIAN_POINT('',(-1.913569596138,-0.627679720567,6.5000001));
#1210 = CARTESIAN_POINT('',(-1.89670496016,-0.608524223632,6.5000001));
#1211 = CARTESIAN_POINT('',(-1.888321383894,-0.58449455445,6.5000001));
#1212 = CARTESIAN_POINT('',(-1.888321383894,-0.555590713021,6.5000001));
#1213 = ORIENTED_EDGE('',*,*,#1214,.F.);
#1214 = EDGE_CURVE('',#1167,#1206,#1215,.T.);
#1215 = B_SPLINE_CURVE_WITH_KNOTS('',3,(#1216,#1217,#1218,#1219),
  .UNSPECIFIED.,.F.,.F.,(4,4),(3.,4.),.PIECEWISE_BEZIER_KNOTS.);
#1216 = CARTESIAN_POINT('',(-1.981223106938,-0.656437336829,6.5000001));
#1217 = CARTESIAN_POINT('',(-1.952952907901,-0.656437336829,6.5000001));
#1218 = CARTESIAN_POINT('',(-1.930434232116,-0.646835217501,6.5000001));
#1219 = CARTESIAN_POINT('',(-1.913569596138,-0.627679720567,6.5000001));
#1220 = FACE_BOUND('',#1221,.T.);
#1221 = EDGE_LOOP('',(#1222,#1233,#1242,#1251,#1258,#1267,#1276,#1285,
    #1292,#1301,#1310,#1319,#1328,#1337,#1346,#1355,#1364,#1373,#1382,
    #1389,#1396,#1403,#1412,#1421,#1430,#1439,#1448,#1457,#1466,#1475,
    #1484,#1493,#1502));
#1222 = ORIENTED_EDGE('',*,*,#1223,.F.);
#1223 = EDGE_CURVE('',#1224,#1226,#1228,.T.);
#1224 = VERTEX_POINT('',#1225);
#1225 = CARTESIAN_POINT('',(-2.192353661914,8.282116014622E-02,6.5000001
    ));
#1226 = VERTEX_POINT('',#1227);
#1227 = CARTESIAN_POINT('',(-2.014757222596,0.217035267287,6.5000001));
#1228 = B_SPLINE_CURVE_WITH_KNOTS('',3,(#1229,#1230,#1231,#1232),
  .UNSPECIFIED.,.F.,.F.,(4,4),(35.,36.),.PIECEWISE_BEZIER_KNOTS.);
#1229 = CARTESIAN_POINT('',(-2.192353661914,8.282116014622E-02,6.5000001
    ));
#1230 = CARTESIAN_POINT('',(-2.111011811709,8.417683782561E-02,6.5000001
    ));
#1231 = CARTESIAN_POINT('',(-2.03915978283,0.139760501835,6.5000001));
#1232 = CARTESIAN_POINT('',(-2.014757222596,0.217035267287,6.5000001));
#1233 = ORIENTED_EDGE('',*,*,#1234,.F.);
#1234 = EDGE_CURVE('',#1235,#1224,#1237,.T.);
#1235 = VERTEX_POINT('',#1236);
#1236 = CARTESIAN_POINT('',(-2.321145006623,0.132982010008,6.5000001));
#1237 = B_SPLINE_CURVE_WITH_KNOTS('',3,(#1238,#1239,#1240,#1241),
  .UNSPECIFIED.,.F.,.F.,(4,4),(34.,35.),.PIECEWISE_BEZIER_KNOTS.);
#1238 = CARTESIAN_POINT('',(-2.321145006623,0.132982010008,6.5000001));
#1239 = CARTESIAN_POINT('',(-2.28589686981,0.100445228553,6.5000001));
#1240 = CARTESIAN_POINT('',(-2.239803104701,8.282116014622E-02,6.5000001
    ));
#1241 = CARTESIAN_POINT('',(-2.192353661914,8.282116014622E-02,6.5000001
    ));
#1242 = ORIENTED_EDGE('',*,*,#1243,.F.);
#1243 = EDGE_CURVE('',#1244,#1235,#1246,.T.);
#1244 = VERTEX_POINT('',#1245);
#1245 = CARTESIAN_POINT('',(-2.382151433064,0.256350540568,6.5000001));
#1246 = B_SPLINE_CURVE_WITH_KNOTS('',3,(#1247,#1248,#1249,#1250),
  .UNSPECIFIED.,.F.,.F.,(4,4),(33.,34.),.PIECEWISE_BEZIER_KNOTS.);
#1247 = CARTESIAN_POINT('',(-2.382151433064,0.256350540568,6.5000001));
#1248 = CARTESIAN_POINT('',(-2.378084348311,0.208901097782,6.5000001));
#1249 = CARTESIAN_POINT('',(-2.356393143436,0.165518739746,6.5000001));
#1250 = CARTESIAN_POINT('',(-2.321145006623,0.132982010008,6.5000001));
#1251 = ORIENTED_EDGE('',*,*,#1252,.F.);
#1252 = EDGE_CURVE('',#1253,#1244,#1255,.T.);
#1253 = VERTEX_POINT('',#1254);
#1254 = CARTESIAN_POINT('',(-2.382151433064,0.336336713095,6.5000001));
#1255 = B_SPLINE_CURVE_WITH_KNOTS('',1,(#1256,#1257),.UNSPECIFIED.,.F.,
  .F.,(2,2),(-7.591908777356E-02,4.067084753299E-03),
  .PIECEWISE_BEZIER_KNOTS.);
#1256 = CARTESIAN_POINT('',(-2.382151433064,0.336336713095,6.5000001));
#1257 = CARTESIAN_POINT('',(-2.382151433064,0.256350540568,6.5000001));
#1258 = ORIENTED_EDGE('',*,*,#1259,.F.);
#1259 = EDGE_CURVE('',#1260,#1253,#1262,.T.);
#1260 = VERTEX_POINT('',#1261);
#1261 = CARTESIAN_POINT('',(-2.340124804424,0.375651986376,6.5000001));
#1262 = B_SPLINE_CURVE_WITH_KNOTS('',3,(#1263,#1264,#1265,#1266),
  .UNSPECIFIED.,.F.,.F.,(4,4),(28.,29.),.PIECEWISE_BEZIER_KNOTS.);
#1263 = CARTESIAN_POINT('',(-2.340124804424,0.375651986376,6.5000001));
#1264 = CARTESIAN_POINT('',(-2.361815957583,0.375651986376,6.5000001));
#1265 = CARTESIAN_POINT('',(-2.380795755386,0.358027917971,6.5000001));
#1266 = CARTESIAN_POINT('',(-2.382151433064,0.336336713095,6.5000001));
#1267 = ORIENTED_EDGE('',*,*,#1268,.F.);
#1268 = EDGE_CURVE('',#1269,#1260,#1271,.T.);
#1269 = VERTEX_POINT('',#1270);
#1270 = CARTESIAN_POINT('',(-2.298098175784,0.333625357737,6.5000001));
#1271 = B_SPLINE_CURVE_WITH_KNOTS('',3,(#1272,#1273,#1274,#1275),
  .UNSPECIFIED.,.F.,.F.,(4,4),(27.,28.),.PIECEWISE_BEZIER_KNOTS.);
#1272 = CARTESIAN_POINT('',(-2.298098175784,0.333625357737,6.5000001));
#1273 = CARTESIAN_POINT('',(-2.298098175784,0.356672240291,6.5000001));
#1274 = CARTESIAN_POINT('',(-2.317077973585,0.375651986376,6.5000001));
#1275 = CARTESIAN_POINT('',(-2.340124804424,0.375651986376,6.5000001));
#1276 = ORIENTED_EDGE('',*,*,#1277,.F.);
#1277 = EDGE_CURVE('',#1278,#1269,#1280,.T.);
#1278 = VERTEX_POINT('',#1279);
#1279 = CARTESIAN_POINT('',(-2.299453853463,0.325491188231,6.5000001));
#1280 = B_SPLINE_CURVE_WITH_KNOTS('',3,(#1281,#1282,#1283,#1284),
  .UNSPECIFIED.,.F.,.F.,(4,4),(26.,27.),.PIECEWISE_BEZIER_KNOTS.);
#1281 = CARTESIAN_POINT('',(-2.299453853463,0.325491188231,6.5000001));
#1282 = CARTESIAN_POINT('',(-2.299453853463,0.328202595305,6.5000001));
#1283 = CARTESIAN_POINT('',(-2.298098175784,0.330914002379,6.5000001));
#1284 = CARTESIAN_POINT('',(-2.298098175784,0.333625357737,6.5000001));
#1285 = ORIENTED_EDGE('',*,*,#1286,.F.);
#1286 = EDGE_CURVE('',#1287,#1278,#1289,.T.);
#1287 = VERTEX_POINT('',#1288);
#1288 = CARTESIAN_POINT('',(-2.299453853463,0.26448476179,6.5000001));
#1289 = B_SPLINE_CURVE_WITH_KNOTS('',1,(#1290,#1291),.UNSPECIFIED.,.F.,
  .F.,(2,2),(0.,6.100642644104E-02),.PIECEWISE_BEZIER_KNOTS.);
#1290 = CARTESIAN_POINT('',(-2.299453853463,0.26448476179,6.5000001));
#1291 = CARTESIAN_POINT('',(-2.299453853463,0.325491188231,6.5000001));
#1292 = ORIENTED_EDGE('',*,*,#1293,.F.);
#1293 = EDGE_CURVE('',#1294,#1287,#1296,.T.);
#1294 = VERTEX_POINT('',#1295);
#1295 = CARTESIAN_POINT('',(-2.193709391309,0.166874469142,6.5000001));
#1296 = B_SPLINE_CURVE_WITH_KNOTS('',3,(#1297,#1298,#1299,#1300),
  .UNSPECIFIED.,.F.,.F.,(4,4),(24.,25.),.PIECEWISE_BEZIER_KNOTS.);
#1297 = CARTESIAN_POINT('',(-2.193709391309,0.166874469142,6.5000001));
#1298 = CARTESIAN_POINT('',(-2.24929302946,0.166874469142,6.5000001));
#1299 = CARTESIAN_POINT('',(-2.29538676871,0.208901097782,6.5000001));
#1300 = CARTESIAN_POINT('',(-2.299453853463,0.26448476179,6.5000001));
#1301 = ORIENTED_EDGE('',*,*,#1302,.F.);
#1302 = EDGE_CURVE('',#1303,#1294,#1305,.T.);
#1303 = VERTEX_POINT('',#1304);
#1304 = CARTESIAN_POINT('',(-2.087964929154,0.272618931296,6.5000001));
#1305 = B_SPLINE_CURVE_WITH_KNOTS('',3,(#1306,#1307,#1308,#1309),
  .UNSPECIFIED.,.F.,.F.,(4,4),(23.,24.),.PIECEWISE_BEZIER_KNOTS.);
#1306 = CARTESIAN_POINT('',(-2.087964929154,0.272618931296,6.5000001));
#1307 = CARTESIAN_POINT('',(-2.087964929154,0.214323911929,6.5000001));
#1308 = CARTESIAN_POINT('',(-2.135414371942,0.166874469142,6.5000001));
#1309 = CARTESIAN_POINT('',(-2.193709391309,0.166874469142,6.5000001));
#1310 = ORIENTED_EDGE('',*,*,#1311,.F.);
#1311 = EDGE_CURVE('',#1312,#1303,#1314,.T.);
#1312 = VERTEX_POINT('',#1313);
#1313 = CARTESIAN_POINT('',(-2.087964929154,0.283464507876,6.5000001));
#1314 = B_SPLINE_CURVE_WITH_KNOTS('',3,(#1315,#1316,#1317,#1318),
  .UNSPECIFIED.,.F.,.F.,(4,4),(22.,23.),.PIECEWISE_BEZIER_KNOTS.);
#1315 = CARTESIAN_POINT('',(-2.087964929154,0.283464507876,6.5000001));
#1316 = CARTESIAN_POINT('',(-2.087964929154,0.279397423123,6.5000001));
#1317 = CARTESIAN_POINT('',(-2.087964929154,0.276686016049,6.5000001));
#1318 = CARTESIAN_POINT('',(-2.087964929154,0.272618931296,6.5000001));
#1319 = ORIENTED_EDGE('',*,*,#1320,.F.);
#1320 = EDGE_CURVE('',#1321,#1312,#1323,.T.);
#1321 = VERTEX_POINT('',#1322);
#1322 = CARTESIAN_POINT('',(-1.918502633485,0.473262279025,6.5000001));
#1323 = B_SPLINE_CURVE_WITH_KNOTS('',3,(#1324,#1325,#1326,#1327),
  .UNSPECIFIED.,.F.,.F.,(4,4),(21.,22.),.PIECEWISE_BEZIER_KNOTS.);
#1324 = CARTESIAN_POINT('',(-1.918502633485,0.473262279025,6.5000001));
#1325 = CARTESIAN_POINT('',(-1.918502633485,0.375651986376,6.5000001));
#1326 = CARTESIAN_POINT('',(-1.99306604358,0.294310084456,6.5000001));
#1327 = CARTESIAN_POINT('',(-2.087964929154,0.283464507876,6.5000001));
#1328 = ORIENTED_EDGE('',*,*,#1329,.F.);
#1329 = EDGE_CURVE('',#1330,#1321,#1332,.T.);
#1330 = VERTEX_POINT('',#1331);
#1331 = CARTESIAN_POINT('',(-2.048649604158,0.654925828954,6.5000001));
#1332 = B_SPLINE_CURVE_WITH_KNOTS('',3,(#1333,#1334,#1335,#1336),
  .UNSPECIFIED.,.F.,.F.,(4,4),(20.,21.),.PIECEWISE_BEZIER_KNOTS.);
#1333 = CARTESIAN_POINT('',(-2.048649604158,0.654925828954,6.5000001));
#1334 = CARTESIAN_POINT('',(-1.972730568099,0.629167591042,6.5000001));
#1335 = CARTESIAN_POINT('',(-1.918502633485,0.5586712657,6.5000001));
#1336 = CARTESIAN_POINT('',(-1.918502633485,0.473262279025,6.5000001));
#1337 = ORIENTED_EDGE('',*,*,#1338,.F.);
#1338 = EDGE_CURVE('',#1339,#1330,#1341,.T.);
#1339 = VERTEX_POINT('',#1340);
#1340 = CARTESIAN_POINT('',(-2.028314128677,0.726777831975,6.5000001));
#1341 = B_SPLINE_CURVE_WITH_KNOTS('',3,(#1342,#1343,#1344,#1345),
  .UNSPECIFIED.,.F.,.F.,(4,4),(19.,20.),.PIECEWISE_BEZIER_KNOTS.);
#1342 = CARTESIAN_POINT('',(-2.028314128677,0.726777831975,6.5000001));
#1343 = CARTESIAN_POINT('',(-2.028314128677,0.701019568204,6.5000001));
#1344 = CARTESIAN_POINT('',(-2.03644832404,0.675261304434,6.5000001));
#1345 = CARTESIAN_POINT('',(-2.048649604158,0.654925828954,6.5000001));
#1346 = ORIENTED_EDGE('',*,*,#1347,.F.);
#1347 = EDGE_CURVE('',#1348,#1339,#1350,.T.);
#1348 = VERTEX_POINT('',#1349);
#1349 = CARTESIAN_POINT('',(-2.163883965212,0.86234766851,6.5000001));
#1350 = B_SPLINE_CURVE_WITH_KNOTS('',3,(#1351,#1352,#1353,#1354),
  .UNSPECIFIED.,.F.,.F.,(4,4),(18.,19.),.PIECEWISE_BEZIER_KNOTS.);
#1351 = CARTESIAN_POINT('',(-2.163883965212,0.86234766851,6.5000001));
#1352 = CARTESIAN_POINT('',(-2.089320555117,0.86234766851,6.5000001));
#1353 = CARTESIAN_POINT('',(-2.028314128677,0.801341242069,6.5000001));
#1354 = CARTESIAN_POINT('',(-2.028314128677,0.726777831975,6.5000001));
#1355 = ORIENTED_EDGE('',*,*,#1356,.F.);
#1356 = EDGE_CURVE('',#1357,#1348,#1359,.T.);
#1357 = VERTEX_POINT('',#1358);
#1358 = CARTESIAN_POINT('',(-2.288608225167,0.781005766589,6.5000001));
#1359 = B_SPLINE_CURVE_WITH_KNOTS('',3,(#1360,#1361,#1362,#1363),
  .UNSPECIFIED.,.F.,.F.,(4,4),(17.,18.),.PIECEWISE_BEZIER_KNOTS.);
#1360 = CARTESIAN_POINT('',(-2.288608225167,0.781005766589,6.5000001));
#1361 = CARTESIAN_POINT('',(-2.266917046151,0.828455209376,6.5000001));
#1362 = CARTESIAN_POINT('',(-2.219467603364,0.86234766851,6.5000001));
#1363 = CARTESIAN_POINT('',(-2.163883965212,0.86234766851,6.5000001));
#1364 = ORIENTED_EDGE('',*,*,#1365,.F.);
#1365 = EDGE_CURVE('',#1366,#1357,#1368,.T.);
#1366 = VERTEX_POINT('',#1367);
#1367 = CARTESIAN_POINT('',(-2.199132127883,0.653570125417,6.5000001));
#1368 = B_SPLINE_CURVE_WITH_KNOTS('',3,(#1369,#1370,#1371,#1372),
  .UNSPECIFIED.,.F.,.F.,(4,4),(16.,17.),.PIECEWISE_BEZIER_KNOTS.);
#1369 = CARTESIAN_POINT('',(-2.199132127883,0.653570125417,6.5000001));
#1370 = CARTESIAN_POINT('',(-2.199132127883,0.711865170642,6.5000001));
#1371 = CARTESIAN_POINT('',(-2.237091671769,0.762025994645,6.5000001));
#1372 = CARTESIAN_POINT('',(-2.288608225167,0.781005766589,6.5000001));
#1373 = ORIENTED_EDGE('',*,*,#1374,.F.);
#1374 = EDGE_CURVE('',#1375,#1366,#1377,.T.);
#1375 = VERTEX_POINT('',#1376);
#1376 = CARTESIAN_POINT('',(-2.245225867133,0.551892748015,6.5000001));
#1377 = B_SPLINE_CURVE_WITH_KNOTS('',3,(#1378,#1379,#1380,#1381),
  .UNSPECIFIED.,.F.,.F.,(4,4),(15.,16.),.PIECEWISE_BEZIER_KNOTS.);
#1378 = CARTESIAN_POINT('',(-2.245225867133,0.551892748015,6.5000001));
#1379 = CARTESIAN_POINT('',(-2.216756196289,0.576295308249,6.5000001));
#1380 = CARTESIAN_POINT('',(-2.199132127883,0.612899174456,6.5000001));
#1381 = CARTESIAN_POINT('',(-2.199132127883,0.653570125417,6.5000001));
#1382 = ORIENTED_EDGE('',*,*,#1383,.F.);
#1383 = EDGE_CURVE('',#1384,#1375,#1386,.T.);
#1384 = VERTEX_POINT('',#1385);
#1385 = CARTESIAN_POINT('',(-2.150326981559,0.370229172229,6.5000001));
#1386 = B_SPLINE_CURVE_WITH_KNOTS('',1,(#1387,#1388),.UNSPECIFIED.,.F.,
  .F.,(2,2),(1.542159951029E-16,0.204957198582),
  .PIECEWISE_BEZIER_KNOTS.);
#1387 = CARTESIAN_POINT('',(-2.150326981559,0.370229172229,6.5000001));
#1388 = CARTESIAN_POINT('',(-2.245225867133,0.551892748015,6.5000001));
#1389 = ORIENTED_EDGE('',*,*,#1390,.F.);
#1390 = EDGE_CURVE('',#1391,#1384,#1393,.T.);
#1391 = VERTEX_POINT('',#1392);
#1392 = CARTESIAN_POINT('',(-2.222179010437,0.328202543589,6.5000001));
#1393 = B_SPLINE_CURVE_WITH_KNOTS('',1,(#1394,#1395),.UNSPECIFIED.,.F.,
  .F.,(2,2),(1.446534863023E-16,8.324032417499E-02),
  .PIECEWISE_BEZIER_KNOTS.);
#1394 = CARTESIAN_POINT('',(-2.222179010437,0.328202543589,6.5000001));
#1395 = CARTESIAN_POINT('',(-2.150326981559,0.370229172229,6.5000001));
#1396 = ORIENTED_EDGE('',*,*,#1397,.F.);
#1397 = EDGE_CURVE('',#1398,#1391,#1400,.T.);
#1398 = VERTEX_POINT('',#1399);
#1399 = CARTESIAN_POINT('',(-2.322500684302,0.518000314739,6.5000001));
#1400 = B_SPLINE_CURVE_WITH_KNOTS('',1,(#1401,#1402),.UNSPECIFIED.,.F.,
  .F.,(2,2),(-5.188153315345E-17,0.214680302264),
  .PIECEWISE_BEZIER_KNOTS.);
#1401 = CARTESIAN_POINT('',(-2.322500684302,0.518000314739,6.5000001));
#1402 = CARTESIAN_POINT('',(-2.222179010437,0.328202543589,6.5000001));
#1403 = ORIENTED_EDGE('',*,*,#1404,.F.);
#1404 = EDGE_CURVE('',#1405,#1398,#1407,.T.);
#1405 = VERTEX_POINT('',#1406);
#1406 = CARTESIAN_POINT('',(-2.336057667956,0.518000314739,6.5000001));
#1407 = B_SPLINE_CURVE_WITH_KNOTS('',3,(#1408,#1409,#1410,#1411),
  .UNSPECIFIED.,.F.,.F.,(4,4),(11.,12.),.PIECEWISE_BEZIER_KNOTS.);
#1408 = CARTESIAN_POINT('',(-2.336057667956,0.518000314739,6.5000001));
#1409 = CARTESIAN_POINT('',(-2.331990583203,0.518000314739,6.5000001));
#1410 = CARTESIAN_POINT('',(-2.327923498449,0.518000314739,6.5000001));
#1411 = CARTESIAN_POINT('',(-2.322500684302,0.518000314739,6.5000001));
#1412 = ORIENTED_EDGE('',*,*,#1413,.F.);
#1413 = EDGE_CURVE('',#1414,#1405,#1416,.T.);
#1414 = VERTEX_POINT('',#1415);
#1415 = CARTESIAN_POINT('',(-2.471627504491,0.653570151275,6.5000001));
#1416 = B_SPLINE_CURVE_WITH_KNOTS('',3,(#1417,#1418,#1419,#1420),
  .UNSPECIFIED.,.F.,.F.,(4,4),(10.,11.),.PIECEWISE_BEZIER_KNOTS.);
#1417 = CARTESIAN_POINT('',(-2.471627504491,0.653570151275,6.5000001));
#1418 = CARTESIAN_POINT('',(-2.471627504491,0.57900674118,6.5000001));
#1419 = CARTESIAN_POINT('',(-2.410621078051,0.518000314739,6.5000001));
#1420 = CARTESIAN_POINT('',(-2.336057667956,0.518000314739,6.5000001));
#1421 = ORIENTED_EDGE('',*,*,#1422,.F.);
#1422 = EDGE_CURVE('',#1423,#1414,#1425,.T.);
#1423 = VERTEX_POINT('',#1424);
#1424 = CARTESIAN_POINT('',(-2.37944002599,0.782361508913,6.5000001));
#1425 = B_SPLINE_CURVE_WITH_KNOTS('',3,(#1426,#1427,#1428,#1429),
  .UNSPECIFIED.,.F.,.F.,(4,4),(9.,10.),.PIECEWISE_BEZIER_KNOTS.);
#1426 = CARTESIAN_POINT('',(-2.37944002599,0.782361508913,6.5000001));
#1427 = CARTESIAN_POINT('',(-2.433667960605,0.764737427578,6.5000001));
#1428 = CARTESIAN_POINT('',(-2.471627504491,0.713220900037,6.5000001));
#1429 = CARTESIAN_POINT('',(-2.471627504491,0.653570151275,6.5000001));
#1430 = ORIENTED_EDGE('',*,*,#1431,.F.);
#1431 = EDGE_CURVE('',#1432,#1423,#1434,.T.);
#1432 = VERTEX_POINT('',#1433);
#1433 = CARTESIAN_POINT('',(-2.314366514796,0.890817378141,6.5000001));
#1434 = B_SPLINE_CURVE_WITH_KNOTS('',3,(#1435,#1436,#1437,#1438),
  .UNSPECIFIED.,.F.,.F.,(4,4),(8.,9.),.PIECEWISE_BEZIER_KNOTS.);
#1435 = CARTESIAN_POINT('',(-2.314366514796,0.890817378141,6.5000001));
#1436 = CARTESIAN_POINT('',(-2.346903296252,0.860992016689,6.5000001));
#1437 = CARTESIAN_POINT('',(-2.36859444941,0.824388150481,6.5000001));
#1438 = CARTESIAN_POINT('',(-2.37944002599,0.782361508913,6.5000001));
#1439 = ORIENTED_EDGE('',*,*,#1440,.F.);
#1440 = EDGE_CURVE('',#1441,#1432,#1443,.T.);
#1441 = VERTEX_POINT('',#1442);
#1442 = CARTESIAN_POINT('',(-2.166595424001,0.9477567069,6.5000001));
#1443 = B_SPLINE_CURVE_WITH_KNOTS('',3,(#1444,#1445,#1446,#1447),
  .UNSPECIFIED.,.F.,.F.,(4,4),(7.,8.),.PIECEWISE_BEZIER_KNOTS.);
#1444 = CARTESIAN_POINT('',(-2.166595424001,0.9477567069,6.5000001));
#1445 = CARTESIAN_POINT('',(-2.220823358616,0.9477567069,6.5000001));
#1446 = CARTESIAN_POINT('',(-2.273695615551,0.92742123142,6.5000001));
#1447 = CARTESIAN_POINT('',(-2.314366514796,0.890817378141,6.5000001));
#1448 = ORIENTED_EDGE('',*,*,#1449,.F.);
#1449 = EDGE_CURVE('',#1450,#1441,#1452,.T.);
#1450 = VERTEX_POINT('',#1451);
#1451 = CARTESIAN_POINT('',(-2.012045828452,0.884038847527,6.5000001));
#1452 = B_SPLINE_CURVE_WITH_KNOTS('',3,(#1453,#1454,#1455,#1456),
  .UNSPECIFIED.,.F.,.F.,(4,4),(6.,7.),.PIECEWISE_BEZIER_KNOTS.);
#1453 = CARTESIAN_POINT('',(-2.012045828452,0.884038847527,6.5000001));
#1454 = CARTESIAN_POINT('',(-2.052716766484,0.924709834043,6.5000001));
#1455 = CARTESIAN_POINT('',(-2.108300404635,0.9477567069,6.5000001));
#1456 = CARTESIAN_POINT('',(-2.166595424001,0.9477567069,6.5000001));
#1457 = ORIENTED_EDGE('',*,*,#1458,.F.);
#1458 = EDGE_CURVE('',#1459,#1450,#1461,.T.);
#1459 = VERTEX_POINT('',#1460);
#1460 = CARTESIAN_POINT('',(-1.946972304329,0.728133535512,6.5000001));
#1461 = B_SPLINE_CURVE_WITH_KNOTS('',3,(#1462,#1463,#1464,#1465),
  .UNSPECIFIED.,.F.,.F.,(4,4),(5.,6.),.PIECEWISE_BEZIER_KNOTS.);
#1462 = CARTESIAN_POINT('',(-1.946972304329,0.728133535512,6.5000001));
#1463 = CARTESIAN_POINT('',(-1.946972304329,0.786428567808,6.5000001));
#1464 = CARTESIAN_POINT('',(-1.970019173953,0.84201219303,6.5000001));
#1465 = CARTESIAN_POINT('',(-2.012045828452,0.884038847527,6.5000001));
#1466 = ORIENTED_EDGE('',*,*,#1467,.F.);
#1467 = EDGE_CURVE('',#1468,#1459,#1470,.T.);
#1468 = VERTEX_POINT('',#1469);
#1469 = CARTESIAN_POINT('',(-1.949683698473,0.696952483451,6.5000001));
#1470 = B_SPLINE_CURVE_WITH_KNOTS('',3,(#1471,#1472,#1473,#1474),
  .UNSPECIFIED.,.F.,.F.,(4,4),(4.,5.),.PIECEWISE_BEZIER_KNOTS.);
#1471 = CARTESIAN_POINT('',(-1.949683698473,0.696952483451,6.5000001));
#1472 = CARTESIAN_POINT('',(-1.948327994937,0.707798060031,6.5000001));
#1473 = CARTESIAN_POINT('',(-1.946972304329,0.717287958932,6.5000001));
#1474 = CARTESIAN_POINT('',(-1.946972304329,0.728133535512,6.5000001));
#1475 = ORIENTED_EDGE('',*,*,#1476,.F.);
#1476 = EDGE_CURVE('',#1477,#1468,#1479,.T.);
#1477 = VERTEX_POINT('',#1478);
#1478 = CARTESIAN_POINT('',(-1.890032969106,0.637301760548,6.5000001));
#1479 = B_SPLINE_CURVE_WITH_KNOTS('',3,(#1480,#1481,#1482,#1483),
  .UNSPECIFIED.,.F.,.F.,(4,4),(3.,4.),.PIECEWISE_BEZIER_KNOTS.);
#1480 = CARTESIAN_POINT('',(-1.890032969106,0.637301760548,6.5000001));
#1481 = CARTESIAN_POINT('',(-1.906301353368,0.660348643102,6.5000001));
#1482 = CARTESIAN_POINT('',(-1.926636828848,0.679328415045,6.5000001));
#1483 = CARTESIAN_POINT('',(-1.949683698473,0.696952483451,6.5000001));
#1484 = ORIENTED_EDGE('',*,*,#1485,.F.);
#1485 = EDGE_CURVE('',#1486,#1477,#1488,.T.);
#1486 = VERTEX_POINT('',#1487);
#1487 = CARTESIAN_POINT('',(-1.837160731564,0.474617956705,6.5000001));
#1488 = B_SPLINE_CURVE_WITH_KNOTS('',3,(#1489,#1490,#1491,#1492),
  .UNSPECIFIED.,.F.,.F.,(4,4),(2.,3.),.PIECEWISE_BEZIER_KNOTS.);
#1489 = CARTESIAN_POINT('',(-1.837160731564,0.474617956705,6.5000001));
#1490 = CARTESIAN_POINT('',(-1.837160731564,0.534268679609,6.5000001));
#1491 = CARTESIAN_POINT('',(-1.856140508355,0.58985231776,6.5000001));
#1492 = CARTESIAN_POINT('',(-1.890032969106,0.637301760548,6.5000001));
#1493 = ORIENTED_EDGE('',*,*,#1494,.F.);
#1494 = EDGE_CURVE('',#1495,#1486,#1497,.T.);
#1495 = VERTEX_POINT('',#1496);
#1496 = CARTESIAN_POINT('',(-1.907657050441,0.290242999702,6.5000001));
#1497 = B_SPLINE_CURVE_WITH_KNOTS('',3,(#1498,#1499,#1500,#1501),
  .UNSPECIFIED.,.F.,.F.,(4,4),(1.,2.),.PIECEWISE_BEZIER_KNOTS.);
#1498 = CARTESIAN_POINT('',(-1.907657050441,0.290242999702,6.5000001));
#1499 = CARTESIAN_POINT('',(-1.862919000182,0.341759527243,6.5000001));
#1500 = CARTESIAN_POINT('',(-1.837160731564,0.406833038437,6.5000001));
#1501 = CARTESIAN_POINT('',(-1.837160731564,0.474617956705,6.5000001));
#1502 = ORIENTED_EDGE('',*,*,#1503,.F.);
#1503 = EDGE_CURVE('',#1226,#1495,#1504,.T.);
#1504 = B_SPLINE_CURVE_WITH_KNOTS('',3,(#1505,#1506,#1507,#1508),
  .UNSPECIFIED.,.F.,.F.,(4,4),(0.,1.),.PIECEWISE_BEZIER_KNOTS.);
#1505 = CARTESIAN_POINT('',(-2.014757222596,0.217035267287,6.5000001));
#1506 = CARTESIAN_POINT('',(-1.974086271637,0.231947928619,6.5000001));
#1507 = CARTESIAN_POINT('',(-1.937482418357,0.257706218248,6.5000001));
#1508 = CARTESIAN_POINT('',(-1.907657050441,0.290242999702,6.5000001));
#1509 = FACE_BOUND('',#1510,.T.);
#1510 = EDGE_LOOP('',(#1511,#1522,#1531,#1538,#1547,#1556,#1563,#1570,
    #1577,#1584,#1593,#1602,#1611,#1620));
#1511 = ORIENTED_EDGE('',*,*,#1512,.F.);
#1512 = EDGE_CURVE('',#1513,#1515,#1517,.T.);
#1513 = VERTEX_POINT('',#1514);
#1514 = CARTESIAN_POINT('',(-2.261585494636,-0.256706470781,6.5000001));
#1515 = VERTEX_POINT('',#1516);
#1516 = CARTESIAN_POINT('',(-2.294924832811,-0.284294285704,6.5000001));
#1517 = B_SPLINE_CURVE_WITH_KNOTS('',3,(#1518,#1519,#1520,#1521),
  .UNSPECIFIED.,.F.,.F.,(4,4),(11.,12.),.PIECEWISE_BEZIER_KNOTS.);
#1518 = CARTESIAN_POINT('',(-2.261585494636,-0.256706470781,6.5000001));
#1519 = CARTESIAN_POINT('',(-2.261585494636,-0.275082100155,6.5000001));
#1520 = CARTESIAN_POINT('',(-2.272698607361,-0.284294285704,6.5000001));
#1521 = CARTESIAN_POINT('',(-2.294924832811,-0.284294285704,6.5000001));
#1522 = ORIENTED_EDGE('',*,*,#1523,.F.);
#1523 = EDGE_CURVE('',#1524,#1513,#1526,.T.);
#1524 = VERTEX_POINT('',#1525);
#1525 = CARTESIAN_POINT('',(-2.278060196834,-0.21205905299,6.5000001));
#1526 = B_SPLINE_CURVE_WITH_KNOTS('',3,(#1527,#1528,#1529,#1530),
  .UNSPECIFIED.,.F.,.F.,(4,4),(12.,13.),.PIECEWISE_BEZIER_KNOTS.);
#1527 = CARTESIAN_POINT('',(-2.278060196834,-0.21205905299,6.5000001));
#1528 = CARTESIAN_POINT('',(-2.267142050998,-0.225511768395,6.5000001));
#1529 = CARTESIAN_POINT('',(-2.261585494636,-0.240377993751,6.5000001));
#1530 = CARTESIAN_POINT('',(-2.261585494636,-0.256706470781,6.5000001));
#1531 = ORIENTED_EDGE('',*,*,#1532,.F.);
#1532 = EDGE_CURVE('',#1533,#1524,#1535,.T.);
#1533 = VERTEX_POINT('',#1534);
#1534 = CARTESIAN_POINT('',(-2.254859136933,-0.21205905299,6.5000001));
#1535 = B_SPLINE_CURVE_WITH_KNOTS('',1,(#1536,#1537),.UNSPECIFIED.,.F.,
  .F.,(2,2),(-2.320105990071E-02,0.),.PIECEWISE_BEZIER_KNOTS.);
#1536 = CARTESIAN_POINT('',(-2.254859136933,-0.21205905299,6.5000001));
#1537 = CARTESIAN_POINT('',(-2.278060196834,-0.21205905299,6.5000001));
#1538 = ORIENTED_EDGE('',*,*,#1539,.F.);
#1539 = EDGE_CURVE('',#1540,#1533,#1542,.T.);
#1540 = VERTEX_POINT('',#1541);
#1541 = CARTESIAN_POINT('',(-2.242186289089,-0.258948590015,6.5000001));
#1542 = B_SPLINE_CURVE_WITH_KNOTS('',3,(#1543,#1544,#1545,#1546),
  .UNSPECIFIED.,.F.,.F.,(4,4),(0.,1.),.PIECEWISE_BEZIER_KNOTS.);
#1543 = CARTESIAN_POINT('',(-2.242186289089,-0.258948590015,6.5000001));
#1544 = CARTESIAN_POINT('',(-2.242186289089,-0.241206603033,6.5000001));
#1545 = CARTESIAN_POINT('',(-2.246378077223,-0.225560510117,6.5000001));
#1546 = CARTESIAN_POINT('',(-2.254859136933,-0.21205905299,6.5000001));
#1547 = ORIENTED_EDGE('',*,*,#1548,.F.);
#1548 = EDGE_CURVE('',#1549,#1540,#1551,.T.);
#1549 = VERTEX_POINT('',#1550);
#1550 = CARTESIAN_POINT('',(-2.293852514917,-0.308177729718,6.5000001));
#1551 = B_SPLINE_CURVE_WITH_KNOTS('',3,(#1552,#1553,#1554,#1555),
  .UNSPECIFIED.,.F.,.F.,(4,4),(1.,2.),.PIECEWISE_BEZIER_KNOTS.);
#1552 = CARTESIAN_POINT('',(-2.293852514917,-0.308177729718,6.5000001));
#1553 = CARTESIAN_POINT('',(-2.259343375402,-0.308177729718,6.5000001));
#1554 = CARTESIAN_POINT('',(-2.242186289089,-0.291751769243,6.5000001));
#1555 = CARTESIAN_POINT('',(-2.242186289089,-0.258948590015,6.5000001));
#1556 = ORIENTED_EDGE('',*,*,#1557,.F.);
#1557 = EDGE_CURVE('',#1558,#1549,#1560,.T.);
#1558 = VERTEX_POINT('',#1559);
#1559 = CARTESIAN_POINT('',(-2.381490131933,-0.308177729718,6.5000001));
#1560 = B_SPLINE_CURVE_WITH_KNOTS('',1,(#1561,#1562),.UNSPECIFIED.,.F.,
  .F.,(2,2),(-8.763761701558E-02,0.),.PIECEWISE_BEZIER_KNOTS.);
#1561 = CARTESIAN_POINT('',(-2.381490131933,-0.308177729718,6.5000001));
#1562 = CARTESIAN_POINT('',(-2.293852514917,-0.308177729718,6.5000001));
#1563 = ORIENTED_EDGE('',*,*,#1564,.F.);
#1564 = EDGE_CURVE('',#1565,#1558,#1567,.T.);
#1565 = VERTEX_POINT('',#1566);
#1566 = CARTESIAN_POINT('',(-2.381490131933,-0.284294285704,6.5000001));
#1567 = B_SPLINE_CURVE_WITH_KNOTS('',1,(#1568,#1569),.UNSPECIFIED.,.F.,
  .F.,(2,2),(-2.388344401464E-02,0.),.PIECEWISE_BEZIER_KNOTS.);
#1568 = CARTESIAN_POINT('',(-2.381490131933,-0.284294285704,6.5000001));
#1569 = CARTESIAN_POINT('',(-2.381490131933,-0.308177729718,6.5000001));
#1570 = ORIENTED_EDGE('',*,*,#1571,.F.);
#1571 = EDGE_CURVE('',#1572,#1565,#1574,.T.);
#1572 = VERTEX_POINT('',#1573);
#1573 = CARTESIAN_POINT('',(-2.360433707823,-0.284294285704,6.5000001));
#1574 = B_SPLINE_CURVE_WITH_KNOTS('',1,(#1575,#1576),.UNSPECIFIED.,.F.,
  .F.,(2,2),(-2.105642411019E-02,0.),.PIECEWISE_BEZIER_KNOTS.);
#1575 = CARTESIAN_POINT('',(-2.360433707823,-0.284294285704,6.5000001));
#1576 = CARTESIAN_POINT('',(-2.381490131933,-0.284294285704,6.5000001));
#1577 = ORIENTED_EDGE('',*,*,#1578,.F.);
#1578 = EDGE_CURVE('',#1579,#1572,#1581,.T.);
#1579 = VERTEX_POINT('',#1580);
#1580 = CARTESIAN_POINT('',(-2.360433707823,-0.283660643312,6.5000001));
#1581 = B_SPLINE_CURVE_WITH_KNOTS('',1,(#1582,#1583),.UNSPECIFIED.,.F.,
  .F.,(2,2),(-6.336423921532E-04,0.),.PIECEWISE_BEZIER_KNOTS.);
#1582 = CARTESIAN_POINT('',(-2.360433707823,-0.283660643312,6.5000001));
#1583 = CARTESIAN_POINT('',(-2.360433707823,-0.284294285704,6.5000001));
#1584 = ORIENTED_EDGE('',*,*,#1585,.F.);
#1585 = EDGE_CURVE('',#1586,#1579,#1588,.T.);
#1586 = VERTEX_POINT('',#1587);
#1587 = CARTESIAN_POINT('',(-2.384707085617,-0.24193772887,6.5000001));
#1588 = B_SPLINE_CURVE_WITH_KNOTS('',3,(#1589,#1590,#1591,#1592),
  .UNSPECIFIED.,.F.,.F.,(4,4),(6.,7.),.PIECEWISE_BEZIER_KNOTS.);
#1589 = CARTESIAN_POINT('',(-2.384707085617,-0.24193772887,6.5000001));
#1590 = CARTESIAN_POINT('',(-2.384707085617,-0.260313358244,6.5000001));
#1591 = CARTESIAN_POINT('',(-2.376615959685,-0.274253490874,6.5000001));
#1592 = CARTESIAN_POINT('',(-2.360433707823,-0.283660643312,6.5000001));
#1593 = ORIENTED_EDGE('',*,*,#1594,.F.);
#1594 = EDGE_CURVE('',#1595,#1586,#1597,.T.);
#1595 = VERTEX_POINT('',#1596);
#1596 = CARTESIAN_POINT('',(-2.373983906672,-0.210450576149,6.5000001));
#1597 = B_SPLINE_CURVE_WITH_KNOTS('',3,(#1598,#1599,#1600,#1601),
  .UNSPECIFIED.,.F.,.F.,(4,4),(7.,8.),.PIECEWISE_BEZIER_KNOTS.);
#1598 = CARTESIAN_POINT('',(-2.373983906672,-0.210450576149,6.5000001));
#1599 = CARTESIAN_POINT('',(-2.381100198154,-0.218249251745,6.5000001));
#1600 = CARTESIAN_POINT('',(-2.384707085617,-0.228728722078,6.5000001));
#1601 = CARTESIAN_POINT('',(-2.384707085617,-0.24193772887,6.5000001));
#1602 = ORIENTED_EDGE('',*,*,#1603,.F.);
#1603 = EDGE_CURVE('',#1604,#1595,#1606,.T.);
#1604 = VERTEX_POINT('',#1605);
#1605 = CARTESIAN_POINT('',(-2.345031323519,-0.198752562754,6.5000001));
#1606 = B_SPLINE_CURVE_WITH_KNOTS('',3,(#1607,#1608,#1609,#1610),
  .UNSPECIFIED.,.F.,.F.,(4,4),(8.,9.),.PIECEWISE_BEZIER_KNOTS.);
#1607 = CARTESIAN_POINT('',(-2.345031323519,-0.198752562754,6.5000001));
#1608 = CARTESIAN_POINT('',(-2.357216754139,-0.198752562754,6.5000001));
#1609 = CARTESIAN_POINT('',(-2.36686761519,-0.202651900552,6.5000001));
#1610 = CARTESIAN_POINT('',(-2.373983906672,-0.210450576149,6.5000001));
#1611 = ORIENTED_EDGE('',*,*,#1612,.F.);
#1612 = EDGE_CURVE('',#1613,#1604,#1615,.T.);
#1613 = VERTEX_POINT('',#1614);
#1614 = CARTESIAN_POINT('',(-2.300578872618,-0.243936139491,6.5000001));
#1615 = B_SPLINE_CURVE_WITH_KNOTS('',3,(#1616,#1617,#1618,#1619),
  .UNSPECIFIED.,.F.,.F.,(4,4),(9.,10.),.PIECEWISE_BEZIER_KNOTS.);
#1616 = CARTESIAN_POINT('',(-2.300578872618,-0.243936139491,6.5000001));
#1617 = CARTESIAN_POINT('',(-2.304770660752,-0.213813755,6.5000001));
#1618 = CARTESIAN_POINT('',(-2.319588144385,-0.198752562754,6.5000001));
#1619 = CARTESIAN_POINT('',(-2.345031323519,-0.198752562754,6.5000001));
#1620 = ORIENTED_EDGE('',*,*,#1621,.F.);
#1621 = EDGE_CURVE('',#1515,#1613,#1622,.T.);
#1622 = B_SPLINE_CURVE_WITH_KNOTS('',1,(#1623,#1624),.UNSPECIFIED.,.F.,
  .F.,(2,2),(-4.075227762783E-02,0.),.PIECEWISE_BEZIER_KNOTS.);
#1623 = CARTESIAN_POINT('',(-2.294924832811,-0.284294285704,6.5000001));
#1624 = CARTESIAN_POINT('',(-2.300578872618,-0.243936139491,6.5000001));
#1625 = FACE_BOUND('',#1626,.T.);
#1626 = EDGE_LOOP('',(#1627,#1638,#1647,#1654,#1663,#1672,#1681,#1690,
    #1699,#1708,#1717,#1726,#1735,#1742,#1751,#1760,#1769,#1778,#1787,
    #1796,#1805));
#1627 = ORIENTED_EDGE('',*,*,#1628,.F.);
#1628 = EDGE_CURVE('',#1629,#1631,#1633,.T.);
#1629 = VERTEX_POINT('',#1630);
#1630 = CARTESIAN_POINT('',(-2.384707085617,-0.377488459083,6.5000001));
#1631 = VERTEX_POINT('',#1632);
#1632 = CARTESIAN_POINT('',(-2.373886423227,-0.417164221181,6.5000001));
#1633 = B_SPLINE_CURVE_WITH_KNOTS('',3,(#1634,#1635,#1636,#1637),
  .UNSPECIFIED.,.F.,.F.,(4,4),(18.,19.),.PIECEWISE_BEZIER_KNOTS.);
#1634 = CARTESIAN_POINT('',(-2.384707085617,-0.377488459083,6.5000001));
#1635 = CARTESIAN_POINT('',(-2.384707085617,-0.393719452669,6.5000001));
#1636 = CARTESIAN_POINT('',(-2.381100198154,-0.406977201183,6.5000001));
#1637 = CARTESIAN_POINT('',(-2.373886423227,-0.417164221181,6.5000001));
#1638 = ORIENTED_EDGE('',*,*,#1639,.F.);
#1639 = EDGE_CURVE('',#1640,#1629,#1642,.T.);
#1640 = VERTEX_POINT('',#1641);
#1641 = CARTESIAN_POINT('',(-2.37671344313,-0.340542233444,6.5000001));
#1642 = B_SPLINE_CURVE_WITH_KNOTS('',3,(#1643,#1644,#1645,#1646),
  .UNSPECIFIED.,.F.,.F.,(4,4),(19.,20.),.PIECEWISE_BEZIER_KNOTS.);
#1643 = CARTESIAN_POINT('',(-2.37671344313,-0.340542233444,6.5000001));
#1644 = CARTESIAN_POINT('',(-2.381977549159,-0.3510704455,6.5000001));
#1645 = CARTESIAN_POINT('',(-2.384707085617,-0.363353359565,6.5000001));
#1646 = CARTESIAN_POINT('',(-2.384707085617,-0.377488459083,6.5000001));
#1647 = ORIENTED_EDGE('',*,*,#1648,.F.);
#1648 = EDGE_CURVE('',#1649,#1640,#1651,.T.);
#1649 = VERTEX_POINT('',#1650);
#1650 = CARTESIAN_POINT('',(-2.352050131557,-0.340542233444,6.5000001));
#1651 = B_SPLINE_CURVE_WITH_KNOTS('',1,(#1652,#1653),.UNSPECIFIED.,.F.,
  .F.,(2,2),(-2.46633115734E-02,0.),.PIECEWISE_BEZIER_KNOTS.);
#1652 = CARTESIAN_POINT('',(-2.352050131557,-0.340542233444,6.5000001));
#1653 = CARTESIAN_POINT('',(-2.37671344313,-0.340542233444,6.5000001));
#1654 = ORIENTED_EDGE('',*,*,#1655,.F.);
#1655 = EDGE_CURVE('',#1656,#1649,#1658,.T.);
#1656 = VERTEX_POINT('',#1657);
#1657 = CARTESIAN_POINT('',(-2.365210396625,-0.379828061762,6.5000001));
#1658 = B_SPLINE_CURVE_WITH_KNOTS('',3,(#1659,#1660,#1661,#1662),
  .UNSPECIFIED.,.F.,.F.,(4,4),(0.,1.),.PIECEWISE_BEZIER_KNOTS.);
#1659 = CARTESIAN_POINT('',(-2.365210396625,-0.379828061762,6.5000001));
#1660 = CARTESIAN_POINT('',(-2.365210396625,-0.365790445688,6.5000001));
#1661 = CARTESIAN_POINT('',(-2.360823641602,-0.352727664064,6.5000001));
#1662 = CARTESIAN_POINT('',(-2.352050131557,-0.340542233444,6.5000001));
#1663 = ORIENTED_EDGE('',*,*,#1664,.F.);
#1664 = EDGE_CURVE('',#1665,#1656,#1667,.T.);
#1665 = VERTEX_POINT('',#1666);
#1666 = CARTESIAN_POINT('',(-2.346786025529,-0.408000777355,6.5000001));
#1667 = B_SPLINE_CURVE_WITH_KNOTS('',3,(#1668,#1669,#1670,#1671),
  .UNSPECIFIED.,.F.,.F.,(4,4),(1.,2.),.PIECEWISE_BEZIER_KNOTS.);
#1668 = CARTESIAN_POINT('',(-2.346786025529,-0.408000777355,6.5000001));
#1669 = CARTESIAN_POINT('',(-2.359068939594,-0.408000777355,6.5000001));
#1670 = CARTESIAN_POINT('',(-2.365210396625,-0.398593624917,6.5000001));
#1671 = CARTESIAN_POINT('',(-2.365210396625,-0.379828061762,6.5000001));
#1672 = ORIENTED_EDGE('',*,*,#1673,.F.);
#1673 = EDGE_CURVE('',#1674,#1665,#1676,.T.);
#1674 = VERTEX_POINT('',#1675);
#1675 = CARTESIAN_POINT('',(-2.33382072735,-0.401859320322,6.5000001));
#1676 = B_SPLINE_CURVE_WITH_KNOTS('',3,(#1677,#1678,#1679,#1680),
  .UNSPECIFIED.,.F.,.F.,(4,4),(2.,3.),.PIECEWISE_BEZIER_KNOTS.);
#1677 = CARTESIAN_POINT('',(-2.33382072735,-0.401859320322,6.5000001));
#1678 = CARTESIAN_POINT('',(-2.337232647923,-0.405953625011,6.5000001));
#1679 = CARTESIAN_POINT('',(-2.341521919501,-0.408000777355,6.5000001));
#1680 = CARTESIAN_POINT('',(-2.346786025529,-0.408000777355,6.5000001));
#1681 = ORIENTED_EDGE('',*,*,#1682,.F.);
#1682 = EDGE_CURVE('',#1683,#1674,#1685,.T.);
#1683 = VERTEX_POINT('',#1684);
#1684 = CARTESIAN_POINT('',(-2.32163529673,-0.376854816691,6.5000001));
#1685 = B_SPLINE_CURVE_WITH_KNOTS('',3,(#1686,#1687,#1688,#1689),
  .UNSPECIFIED.,.F.,.F.,(4,4),(3.,4.),.PIECEWISE_BEZIER_KNOTS.);
#1686 = CARTESIAN_POINT('',(-2.32163529673,-0.376854816691,6.5000001));
#1687 = CARTESIAN_POINT('',(-2.326314502088,-0.389430181091,6.5000001));
#1688 = CARTESIAN_POINT('',(-2.330408806776,-0.397765015634,6.5000001));
#1689 = CARTESIAN_POINT('',(-2.33382072735,-0.401859320322,6.5000001));
#1690 = ORIENTED_EDGE('',*,*,#1691,.F.);
#1691 = EDGE_CURVE('',#1692,#1683,#1694,.T.);
#1692 = VERTEX_POINT('',#1693);
#1693 = CARTESIAN_POINT('',(-2.303600859412,-0.347463558036,6.5000001));
#1694 = B_SPLINE_CURVE_WITH_KNOTS('',3,(#1695,#1696,#1697,#1698),
  .UNSPECIFIED.,.F.,.F.,(4,4),(4.,5.),.PIECEWISE_BEZIER_KNOTS.);
#1695 = CARTESIAN_POINT('',(-2.303600859412,-0.347463558036,6.5000001));
#1696 = CARTESIAN_POINT('',(-2.309547349555,-0.351947796504,6.5000001));
#1697 = CARTESIAN_POINT('',(-2.315591323143,-0.361793624445,6.5000001));
#1698 = CARTESIAN_POINT('',(-2.32163529673,-0.376854816691,6.5000001));
#1699 = ORIENTED_EDGE('',*,*,#1700,.F.);
#1700 = EDGE_CURVE('',#1701,#1692,#1703,.T.);
#1701 = VERTEX_POINT('',#1702);
#1702 = CARTESIAN_POINT('',(-2.282057018077,-0.340688458612,6.5000001));
#1703 = B_SPLINE_CURVE_WITH_KNOTS('',3,(#1704,#1705,#1706,#1707),
  .UNSPECIFIED.,.F.,.F.,(4,4),(5.,6.),.PIECEWISE_BEZIER_KNOTS.);
#1704 = CARTESIAN_POINT('',(-2.282057018077,-0.340688458612,6.5000001));
#1705 = CARTESIAN_POINT('',(-2.290440594344,-0.340688458612,6.5000001));
#1706 = CARTESIAN_POINT('',(-2.29765436927,-0.342930577846,6.5000001));
#1707 = CARTESIAN_POINT('',(-2.303600859412,-0.347463558036,6.5000001));
#1708 = ORIENTED_EDGE('',*,*,#1709,.F.);
#1709 = EDGE_CURVE('',#1710,#1701,#1712,.T.);
#1710 = VERTEX_POINT('',#1711);
#1711 = CARTESIAN_POINT('',(-2.25300695148,-0.35599335947,6.5000001));
#1712 = B_SPLINE_CURVE_WITH_KNOTS('',3,(#1713,#1714,#1715,#1716),
  .UNSPECIFIED.,.F.,.F.,(4,4),(6.,7.),.PIECEWISE_BEZIER_KNOTS.);
#1713 = CARTESIAN_POINT('',(-2.25300695148,-0.35599335947,6.5000001));
#1714 = CARTESIAN_POINT('',(-2.260318209851,-0.345806339472,6.5000001));
#1715 = CARTESIAN_POINT('',(-2.269969070903,-0.340688458612,6.5000001));
#1716 = CARTESIAN_POINT('',(-2.282057018077,-0.340688458612,6.5000001));
#1717 = ORIENTED_EDGE('',*,*,#1718,.F.);
#1718 = EDGE_CURVE('',#1719,#1710,#1721,.T.);
#1719 = VERTEX_POINT('',#1720);
#1720 = CARTESIAN_POINT('',(-2.242186289089,-0.393719452669,6.5000001));
#1721 = B_SPLINE_CURVE_WITH_KNOTS('',3,(#1722,#1723,#1724,#1725),
  .UNSPECIFIED.,.F.,.F.,(4,4),(7.,8.),.PIECEWISE_BEZIER_KNOTS.);
#1722 = CARTESIAN_POINT('',(-2.242186289089,-0.393719452669,6.5000001));
#1723 = CARTESIAN_POINT('',(-2.242186289089,-0.37880448559,6.5000001));
#1724 = CARTESIAN_POINT('',(-2.245793176552,-0.366229121191,6.5000001));
#1725 = CARTESIAN_POINT('',(-2.25300695148,-0.35599335947,6.5000001));
#1726 = ORIENTED_EDGE('',*,*,#1727,.F.);
#1727 = EDGE_CURVE('',#1728,#1719,#1730,.T.);
#1728 = VERTEX_POINT('',#1729);
#1729 = CARTESIAN_POINT('',(-2.248230262677,-0.42598647295,6.5000001));
#1730 = B_SPLINE_CURVE_WITH_KNOTS('',3,(#1731,#1732,#1733,#1734),
  .UNSPECIFIED.,.F.,.F.,(4,4),(8.,9.),.PIECEWISE_BEZIER_KNOTS.);
#1731 = CARTESIAN_POINT('',(-2.248230262677,-0.42598647295,6.5000001));
#1732 = CARTESIAN_POINT('',(-2.244135957989,-0.416043161564,6.5000001));
#1733 = CARTESIAN_POINT('',(-2.242186289089,-0.405319982618,6.5000001));
#1734 = CARTESIAN_POINT('',(-2.242186289089,-0.393719452669,6.5000001));
#1735 = ORIENTED_EDGE('',*,*,#1736,.F.);
#1736 = EDGE_CURVE('',#1737,#1728,#1739,.T.);
#1737 = VERTEX_POINT('',#1738);
#1738 = CARTESIAN_POINT('',(-2.271431322577,-0.42598647295,6.5000001));
#1739 = B_SPLINE_CURVE_WITH_KNOTS('',1,(#1740,#1741),.UNSPECIFIED.,.F.,
  .F.,(2,2),(-2.32010598994E-02,0.),.PIECEWISE_BEZIER_KNOTS.);
#1740 = CARTESIAN_POINT('',(-2.271431322577,-0.42598647295,6.5000001));
#1741 = CARTESIAN_POINT('',(-2.248230262677,-0.42598647295,6.5000001));
#1742 = ORIENTED_EDGE('',*,*,#1743,.F.);
#1743 = EDGE_CURVE('',#1744,#1737,#1746,.T.);
#1744 = VERTEX_POINT('',#1745);
#1745 = CARTESIAN_POINT('',(-2.261585494636,-0.39137984999,6.5000001));
#1746 = B_SPLINE_CURVE_WITH_KNOTS('',3,(#1747,#1748,#1749,#1750),
  .UNSPECIFIED.,.F.,.F.,(4,4),(10.,11.),.PIECEWISE_BEZIER_KNOTS.);
#1747 = CARTESIAN_POINT('',(-2.261585494636,-0.39137984999,6.5000001));
#1748 = CARTESIAN_POINT('',(-2.261585494636,-0.404296406447,6.5000001));
#1749 = CARTESIAN_POINT('',(-2.264899931764,-0.415799452952,6.5000001));
#1750 = CARTESIAN_POINT('',(-2.271431322577,-0.42598647295,6.5000001));
#1751 = ORIENTED_EDGE('',*,*,#1752,.F.);
#1752 = EDGE_CURVE('',#1753,#1744,#1755,.T.);
#1753 = VERTEX_POINT('',#1754);
#1754 = CARTESIAN_POINT('',(-2.266654633774,-0.372565545113,6.5000001));
#1755 = B_SPLINE_CURVE_WITH_KNOTS('',3,(#1756,#1757,#1758,#1759),
  .UNSPECIFIED.,.F.,.F.,(4,4),(11.,12.),.PIECEWISE_BEZIER_KNOTS.);
#1756 = CARTESIAN_POINT('',(-2.266654633774,-0.372565545113,6.5000001));
#1757 = CARTESIAN_POINT('',(-2.263242713201,-0.377390975638,6.5000001));
#1758 = CARTESIAN_POINT('',(-2.261585494636,-0.383678657838,6.5000001));
#1759 = CARTESIAN_POINT('',(-2.261585494636,-0.39137984999,6.5000001));
#1760 = ORIENTED_EDGE('',*,*,#1761,.F.);
#1761 = EDGE_CURVE('',#1762,#1753,#1764,.T.);
#1762 = VERTEX_POINT('',#1763);
#1763 = CARTESIAN_POINT('',(-2.279912382287,-0.365303028463,6.5000001));
#1764 = B_SPLINE_CURVE_WITH_KNOTS('',3,(#1765,#1766,#1767,#1768),
  .UNSPECIFIED.,.F.,.F.,(4,4),(12.,13.),.PIECEWISE_BEZIER_KNOTS.);
#1765 = CARTESIAN_POINT('',(-2.279912382287,-0.365303028463,6.5000001));
#1766 = CARTESIAN_POINT('',(-2.274453309371,-0.365303028463,6.5000001));
#1767 = CARTESIAN_POINT('',(-2.269969070903,-0.367740114588,6.5000001));
#1768 = CARTESIAN_POINT('',(-2.266654633774,-0.372565545113,6.5000001));
#1769 = ORIENTED_EDGE('',*,*,#1770,.F.);
#1770 = EDGE_CURVE('',#1771,#1762,#1773,.T.);
#1771 = VERTEX_POINT('',#1772);
#1772 = CARTESIAN_POINT('',(-2.292585230132,-0.370518392769,6.5000001));
#1773 = B_SPLINE_CURVE_WITH_KNOTS('',3,(#1774,#1775,#1776,#1777),
  .UNSPECIFIED.,.F.,.F.,(4,4),(13.,14.),.PIECEWISE_BEZIER_KNOTS.);
#1774 = CARTESIAN_POINT('',(-2.292585230132,-0.370518392769,6.5000001));
#1775 = CARTESIAN_POINT('',(-2.289563243339,-0.367057730473,6.5000001));
#1776 = CARTESIAN_POINT('',(-2.285371455205,-0.365303028463,6.5000001));
#1777 = CARTESIAN_POINT('',(-2.279912382287,-0.365303028463,6.5000001));
#1778 = ORIENTED_EDGE('',*,*,#1779,.F.);
#1779 = EDGE_CURVE('',#1780,#1771,#1782,.T.);
#1780 = VERTEX_POINT('',#1781);
#1781 = CARTESIAN_POINT('',(-2.304283243528,-0.393719452669,6.5000001));
#1782 = B_SPLINE_CURVE_WITH_KNOTS('',3,(#1783,#1784,#1785,#1786),
  .UNSPECIFIED.,.F.,.F.,(4,4),(14.,15.),.PIECEWISE_BEZIER_KNOTS.);
#1783 = CARTESIAN_POINT('',(-2.304283243528,-0.393719452669,6.5000001));
#1784 = CARTESIAN_POINT('',(-2.29960403817,-0.381728988939,6.5000001));
#1785 = CARTESIAN_POINT('',(-2.295704700371,-0.374027796788,6.5000001));
#1786 = CARTESIAN_POINT('',(-2.292585230132,-0.370518392769,6.5000001));
#1787 = ORIENTED_EDGE('',*,*,#1788,.F.);
#1788 = EDGE_CURVE('',#1789,#1780,#1791,.T.);
#1789 = VERTEX_POINT('',#1790);
#1790 = CARTESIAN_POINT('',(-2.321927747064,-0.424524221275,6.5000001));
#1791 = B_SPLINE_CURVE_WITH_KNOTS('',3,(#1792,#1793,#1794,#1795),
  .UNSPECIFIED.,.F.,.F.,(4,4),(15.,16.),.PIECEWISE_BEZIER_KNOTS.);
#1792 = CARTESIAN_POINT('',(-2.321927747064,-0.424524221275,6.5000001));
#1793 = CARTESIAN_POINT('',(-2.315883773477,-0.419162631803,6.5000001));
#1794 = CARTESIAN_POINT('',(-2.309937283335,-0.408926870082,6.5000001));
#1795 = CARTESIAN_POINT('',(-2.304283243528,-0.393719452669,6.5000001));
#1796 = ORIENTED_EDGE('',*,*,#1797,.F.);
#1797 = EDGE_CURVE('',#1798,#1789,#1800,.T.);
#1798 = VERTEX_POINT('',#1799);
#1799 = CARTESIAN_POINT('',(-2.34444642285,-0.432517863762,6.5000001));
#1800 = B_SPLINE_CURVE_WITH_KNOTS('',3,(#1801,#1802,#1803,#1804),
  .UNSPECIFIED.,.F.,.F.,(4,4),(16.,17.),.PIECEWISE_BEZIER_KNOTS.);
#1801 = CARTESIAN_POINT('',(-2.34444642285,-0.432517863762,6.5000001));
#1802 = CARTESIAN_POINT('',(-2.335477945914,-0.432517863762,6.5000001));
#1803 = CARTESIAN_POINT('',(-2.327971720651,-0.429837069025,6.5000001));
#1804 = CARTESIAN_POINT('',(-2.321927747064,-0.424524221275,6.5000001));
#1805 = ORIENTED_EDGE('',*,*,#1806,.F.);
#1806 = EDGE_CURVE('',#1631,#1798,#1807,.T.);
#1807 = B_SPLINE_CURVE_WITH_KNOTS('',3,(#1808,#1809,#1810,#1811),
  .UNSPECIFIED.,.F.,.F.,(4,4),(17.,18.),.PIECEWISE_BEZIER_KNOTS.);
#1808 = CARTESIAN_POINT('',(-2.373886423227,-0.417164221181,6.5000001));
#1809 = CARTESIAN_POINT('',(-2.366770131744,-0.427399982901,6.5000001));
#1810 = CARTESIAN_POINT('',(-2.356924303804,-0.432517863762,6.5000001));
#1811 = CARTESIAN_POINT('',(-2.34444642285,-0.432517863762,6.5000001));
#1812 = FACE_BOUND('',#1813,.T.);
#1813 = EDGE_LOOP('',(#1814,#1825,#1834,#1841,#1848,#1855,#1864));
#1814 = ORIENTED_EDGE('',*,*,#1815,.F.);
#1815 = EDGE_CURVE('',#1816,#1818,#1820,.T.);
#1816 = VERTEX_POINT('',#1817);
#1817 = CARTESIAN_POINT('',(-2.354779668015,-0.866465418989,6.5000001));
#1818 = VERTEX_POINT('',#1819);
#1819 = CARTESIAN_POINT('',(-2.283714236642,-0.895223035253,6.5000001));
#1820 = B_SPLINE_CURVE_WITH_KNOTS('',3,(#1821,#1822,#1823,#1824),
  .UNSPECIFIED.,.F.,.F.,(4,4),(4.,5.),.PIECEWISE_BEZIER_KNOTS.);
#1821 = CARTESIAN_POINT('',(-2.354779668015,-0.866465418989,6.5000001));
#1822 = CARTESIAN_POINT('',(-2.336940197588,-0.885620915924,6.5000001));
#1823 = CARTESIAN_POINT('',(-2.313251720464,-0.895223035253,6.5000001));
#1824 = CARTESIAN_POINT('',(-2.283714236642,-0.895223035253,6.5000001));
#1825 = ORIENTED_EDGE('',*,*,#1826,.F.);
#1826 = EDGE_CURVE('',#1827,#1816,#1829,.T.);
#1827 = VERTEX_POINT('',#1828);
#1828 = CARTESIAN_POINT('',(-2.381490131933,-0.792426742545,6.5000001));
#1829 = B_SPLINE_CURVE_WITH_KNOTS('',3,(#1830,#1831,#1832,#1833),
  .UNSPECIFIED.,.F.,.F.,(4,4),(5.,6.),.PIECEWISE_BEZIER_KNOTS.);
#1830 = CARTESIAN_POINT('',(-2.381490131933,-0.792426742545,6.5000001));
#1831 = CARTESIAN_POINT('',(-2.381490131933,-0.822597868759,6.5000001));
#1832 = CARTESIAN_POINT('',(-2.372619138443,-0.847309922056,6.5000001));
#1833 = CARTESIAN_POINT('',(-2.354779668015,-0.866465418989,6.5000001));
#1834 = ORIENTED_EDGE('',*,*,#1835,.F.);
#1835 = EDGE_CURVE('',#1836,#1827,#1838,.T.);
#1836 = VERTEX_POINT('',#1837);
#1837 = CARTESIAN_POINT('',(-2.381490131933,-0.739980649158,6.5000001));
#1838 = B_SPLINE_CURVE_WITH_KNOTS('',1,(#1839,#1840),.UNSPECIFIED.,.F.,
  .F.,(2,2),(-5.244609338708E-02,0.),.PIECEWISE_BEZIER_KNOTS.);
#1839 = CARTESIAN_POINT('',(-2.381490131933,-0.739980649158,6.5000001));
#1840 = CARTESIAN_POINT('',(-2.381490131933,-0.792426742545,6.5000001));
#1841 = ORIENTED_EDGE('',*,*,#1842,.F.);
#1842 = EDGE_CURVE('',#1843,#1836,#1845,.T.);
#1843 = VERTEX_POINT('',#1844);
#1844 = CARTESIAN_POINT('',(-2.190812513597,-0.739980649158,6.5000001));
#1845 = B_SPLINE_CURVE_WITH_KNOTS('',1,(#1846,#1847),.UNSPECIFIED.,.F.,
  .F.,(2,2),(-0.190677618336,-0.),.PIECEWISE_BEZIER_KNOTS.);
#1846 = CARTESIAN_POINT('',(-2.190812513597,-0.739980649158,6.5000001));
#1847 = CARTESIAN_POINT('',(-2.381490131933,-0.739980649158,6.5000001));
#1848 = ORIENTED_EDGE('',*,*,#1849,.F.);
#1849 = EDGE_CURVE('',#1850,#1843,#1852,.T.);
#1850 = VERTEX_POINT('',#1851);
#1851 = CARTESIAN_POINT('',(-2.190812513597,-0.794376411444,6.5000001));
#1852 = B_SPLINE_CURVE_WITH_KNOTS('',1,(#1853,#1854),.UNSPECIFIED.,.F.,
  .F.,(2,2),(-5.439576228531E-02,3.330669073875E-16),
  .PIECEWISE_BEZIER_KNOTS.);
#1853 = CARTESIAN_POINT('',(-2.190812513597,-0.794376411444,6.5000001));
#1854 = CARTESIAN_POINT('',(-2.190812513597,-0.739980649158,6.5000001));
#1855 = ORIENTED_EDGE('',*,*,#1856,.F.);
#1856 = EDGE_CURVE('',#1857,#1850,#1859,.T.);
#1857 = VERTEX_POINT('',#1858);
#1858 = CARTESIAN_POINT('',(-2.21606072584,-0.866465418989,6.5000001));
#1859 = B_SPLINE_CURVE_WITH_KNOTS('',3,(#1860,#1861,#1862,#1863),
  .UNSPECIFIED.,.F.,.F.,(4,4),(2.,3.),.PIECEWISE_BEZIER_KNOTS.);
#1860 = CARTESIAN_POINT('',(-2.21606072584,-0.866465418989,6.5000001));
#1861 = CARTESIAN_POINT('',(-2.199196089864,-0.847309922056,6.5000001));
#1862 = CARTESIAN_POINT('',(-2.190812513597,-0.823280252873,6.5000001));
#1863 = CARTESIAN_POINT('',(-2.190812513597,-0.794376411444,6.5000001));
#1864 = ORIENTED_EDGE('',*,*,#1865,.F.);
#1865 = EDGE_CURVE('',#1818,#1857,#1866,.T.);
#1866 = B_SPLINE_CURVE_WITH_KNOTS('',3,(#1867,#1868,#1869,#1870),
  .UNSPECIFIED.,.F.,.F.,(4,4),(3.,4.),.PIECEWISE_BEZIER_KNOTS.);
#1867 = CARTESIAN_POINT('',(-2.283714236642,-0.895223035253,6.5000001));
#1868 = CARTESIAN_POINT('',(-2.255444037604,-0.895223035253,6.5000001));
#1869 = CARTESIAN_POINT('',(-2.232925361818,-0.885620915924,6.5000001));
#1870 = CARTESIAN_POINT('',(-2.21606072584,-0.866465418989,6.5000001));
#1871 = FACE_BOUND('',#1872,.T.);
#1872 = EDGE_LOOP('',(#1873,#1882,#1889,#1896));
#1873 = ORIENTED_EDGE('',*,*,#1874,.T.);
#1874 = EDGE_CURVE('',#1875,#1877,#1879,.T.);
#1875 = VERTEX_POINT('',#1876);
#1876 = CARTESIAN_POINT('',(-2.75,3.25,6.5000001));
#1877 = VERTEX_POINT('',#1878);
#1878 = CARTESIAN_POINT('',(-2.75,-3.25,6.5000001));
#1879 = B_SPLINE_CURVE_WITH_KNOTS('',1,(#1880,#1881),.UNSPECIFIED.,.F.,
  .F.,(2,2),(0.,6.5),.PIECEWISE_BEZIER_KNOTS.);
#1880 = CARTESIAN_POINT('',(-2.75,3.25,6.5000001));
#1881 = CARTESIAN_POINT('',(-2.75,-3.25,6.5000001));
#1882 = ORIENTED_EDGE('',*,*,#1883,.F.);
#1883 = EDGE_CURVE('',#1884,#1877,#1886,.T.);
#1884 = VERTEX_POINT('',#1885);
#1885 = CARTESIAN_POINT('',(-1.25,-3.25,6.5000001));
#1886 = B_SPLINE_CURVE_WITH_KNOTS('',1,(#1887,#1888),.UNSPECIFIED.,.F.,
  .F.,(2,2),(0.,1.5),.PIECEWISE_BEZIER_KNOTS.);
#1887 = CARTESIAN_POINT('',(-1.25,-3.25,6.5000001));
#1888 = CARTESIAN_POINT('',(-2.75,-3.25,6.5000001));
#1889 = ORIENTED_EDGE('',*,*,#1890,.F.);
#1890 = EDGE_CURVE('',#1891,#1884,#1893,.T.);
#1891 = VERTEX_POINT('',#1892);
#1892 = CARTESIAN_POINT('',(-1.25,3.25,6.5000001));
#1893 = B_SPLINE_CURVE_WITH_KNOTS('',1,(#1894,#1895),.UNSPECIFIED.,.F.,
  .F.,(2,2),(0.,6.5),.PIECEWISE_BEZIER_KNOTS.);
#1894 = CARTESIAN_POINT('',(-1.25,3.25,6.5000001));
#1895 = CARTESIAN_POINT('',(-1.25,-3.25,6.5000001));
#1896 = ORIENTED_EDGE('',*,*,#1897,.T.);
#1897 = EDGE_CURVE('',#1891,#1875,#1898,.T.);
#1898 = B_SPLINE_CURVE_WITH_KNOTS('',1,(#1899,#1900),.UNSPECIFIED.,.F.,
  .F.,(2,2),(0.,1.5),.PIECEWISE_BEZIER_KNOTS.);
#1899 = CARTESIAN_POINT('',(-1.25,3.25,6.5000001));
#1900 = CARTESIAN_POINT('',(-2.75,3.25,6.5000001));
#1901 = FACE_BOUND('',#1902,.T.);
#1902 = EDGE_LOOP('',(#1903,#1914,#1921,#1928,#1935,#1944,#1953,#1960,
    #1969,#1978,#1985,#1992,#1999,#2006,#2013));
#1903 = ORIENTED_EDGE('',*,*,#1904,.F.);
#1904 = EDGE_CURVE('',#1905,#1907,#1909,.T.);
#1905 = VERTEX_POINT('',#1906);
#1906 = CARTESIAN_POINT('',(-2.347858343423,-0.513721573411,6.5000001));
#1907 = VERTEX_POINT('',#1908);
#1908 = CARTESIAN_POINT('',(-2.358873972704,-0.510797070062,6.5000001));
#1909 = B_SPLINE_CURVE_WITH_KNOTS('',3,(#1910,#1911,#1912,#1913),
  .UNSPECIFIED.,.F.,.F.,(4,4),(12.,13.),.PIECEWISE_BEZIER_KNOTS.);
#1910 = CARTESIAN_POINT('',(-2.347858343423,-0.513721573411,6.5000001));
#1911 = CARTESIAN_POINT('',(-2.352635032226,-0.512259321737,6.5000001));
#1912 = CARTESIAN_POINT('',(-2.356339403134,-0.511284487286,6.5000001));
#1913 = CARTESIAN_POINT('',(-2.358873972704,-0.510797070062,6.5000001));
#1914 = ORIENTED_EDGE('',*,*,#1915,.F.);
#1915 = EDGE_CURVE('',#1916,#1905,#1918,.T.);
#1916 = VERTEX_POINT('',#1917);
#1917 = CARTESIAN_POINT('',(-2.245305759328,-0.550911507663,6.5000001));
#1918 = B_SPLINE_CURVE_WITH_KNOTS('',1,(#1919,#1920),.UNSPECIFIED.,.F.,
  .F.,(2,2),(-0.109087688188,0.),.PIECEWISE_BEZIER_KNOTS.);
#1919 = CARTESIAN_POINT('',(-2.245305759328,-0.550911507663,6.5000001));
#1920 = CARTESIAN_POINT('',(-2.347858343423,-0.513721573411,6.5000001));
#1921 = ORIENTED_EDGE('',*,*,#1922,.F.);
#1922 = EDGE_CURVE('',#1923,#1916,#1925,.T.);
#1923 = VERTEX_POINT('',#1924);
#1924 = CARTESIAN_POINT('',(-2.245305759328,-0.575672302681,6.5000001));
#1925 = B_SPLINE_CURVE_WITH_KNOTS('',1,(#1926,#1927),.UNSPECIFIED.,.F.,
  .F.,(2,2),(-2.476079501825E-02,-2.22044604925E-16),
  .PIECEWISE_BEZIER_KNOTS.);
#1926 = CARTESIAN_POINT('',(-2.245305759328,-0.575672302681,6.5000001));
#1927 = CARTESIAN_POINT('',(-2.245305759328,-0.550911507663,6.5000001));
#1928 = ORIENTED_EDGE('',*,*,#1929,.F.);
#1929 = EDGE_CURVE('',#1930,#1923,#1932,.T.);
#1930 = VERTEX_POINT('',#1931);
#1931 = CARTESIAN_POINT('',(-2.402059138819,-0.513867798579,6.5000001));
#1932 = B_SPLINE_CURVE_WITH_KNOTS('',1,(#1933,#1934),.UNSPECIFIED.,.F.,
  .F.,(2,2),(-0.168497533244,-8.144544571007E-17),
  .PIECEWISE_BEZIER_KNOTS.);
#1933 = CARTESIAN_POINT('',(-2.402059138819,-0.513867798579,6.5000001));
#1934 = CARTESIAN_POINT('',(-2.245305759328,-0.575672302681,6.5000001));
#1935 = ORIENTED_EDGE('',*,*,#1936,.F.);
#1936 = EDGE_CURVE('',#1937,#1930,#1939,.T.);
#1937 = VERTEX_POINT('',#1938);
#1938 = CARTESIAN_POINT('',(-2.445634238716,-0.465272301268,6.5000001));
#1939 = B_SPLINE_CURVE_WITH_KNOTS('',3,(#1940,#1941,#1942,#1943),
  .UNSPECIFIED.,.F.,.F.,(4,4),(1.,2.),.PIECEWISE_BEZIER_KNOTS.);
#1940 = CARTESIAN_POINT('',(-2.445634238716,-0.465272301268,6.5000001));
#1941 = CARTESIAN_POINT('',(-2.445634238716,-0.486182500211,6.5000001));
#1942 = CARTESIAN_POINT('',(-2.431109205417,-0.502364752074,6.5000001));
#1943 = CARTESIAN_POINT('',(-2.402059138819,-0.513867798579,6.5000001));
#1944 = ORIENTED_EDGE('',*,*,#1945,.F.);
#1945 = EDGE_CURVE('',#1946,#1937,#1948,.T.);
#1946 = VERTEX_POINT('',#1947);
#1947 = CARTESIAN_POINT('',(-2.443684569816,-0.449869916964,6.5000001));
#1948 = B_SPLINE_CURVE_WITH_KNOTS('',3,(#1949,#1950,#1951,#1952),
  .UNSPECIFIED.,.F.,.F.,(4,4),(2.,3.),.PIECEWISE_BEZIER_KNOTS.);
#1949 = CARTESIAN_POINT('',(-2.443684569816,-0.449869916964,6.5000001));
#1950 = CARTESIAN_POINT('',(-2.444951854601,-0.45411044682,6.5000001));
#1951 = CARTESIAN_POINT('',(-2.445634238716,-0.459277069402,6.5000001));
#1952 = CARTESIAN_POINT('',(-2.445634238716,-0.465272301268,6.5000001));
#1953 = ORIENTED_EDGE('',*,*,#1954,.F.);
#1954 = EDGE_CURVE('',#1955,#1946,#1957,.T.);
#1955 = VERTEX_POINT('',#1956);
#1956 = CARTESIAN_POINT('',(-2.422433178815,-0.449869916964,6.5000001));
#1957 = B_SPLINE_CURVE_WITH_KNOTS('',1,(#1958,#1959),.UNSPECIFIED.,.F.,
  .F.,(2,2),(-2.125139100118E-02,0.),.PIECEWISE_BEZIER_KNOTS.);
#1958 = CARTESIAN_POINT('',(-2.422433178815,-0.449869916964,6.5000001));
#1959 = CARTESIAN_POINT('',(-2.443684569816,-0.449869916964,6.5000001));
#1960 = ORIENTED_EDGE('',*,*,#1961,.F.);
#1961 = EDGE_CURVE('',#1962,#1955,#1964,.T.);
#1962 = VERTEX_POINT('',#1963);
#1963 = CARTESIAN_POINT('',(-2.425162715275,-0.463420115813,6.5000001));
#1964 = B_SPLINE_CURVE_WITH_KNOTS('',3,(#1965,#1966,#1967,#1968),
  .UNSPECIFIED.,.F.,.F.,(4,4),(4.,5.),.PIECEWISE_BEZIER_KNOTS.);
#1965 = CARTESIAN_POINT('',(-2.425162715275,-0.463420115813,6.5000001));
#1966 = CARTESIAN_POINT('',(-2.425162715275,-0.45903336079,6.5000001));
#1967 = CARTESIAN_POINT('',(-2.42428536427,-0.454549122322,6.5000001));
#1968 = CARTESIAN_POINT('',(-2.422433178815,-0.449869916964,6.5000001));
#1969 = ORIENTED_EDGE('',*,*,#1970,.F.);
#1970 = EDGE_CURVE('',#1971,#1962,#1973,.T.);
#1971 = VERTEX_POINT('',#1972);
#1972 = CARTESIAN_POINT('',(-2.405958476618,-0.487888460497,6.5000001));
#1973 = B_SPLINE_CURVE_WITH_KNOTS('',3,(#1974,#1975,#1976,#1977),
  .UNSPECIFIED.,.F.,.F.,(4,4),(5.,6.),.PIECEWISE_BEZIER_KNOTS.);
#1974 = CARTESIAN_POINT('',(-2.405958476618,-0.487888460497,6.5000001));
#1975 = CARTESIAN_POINT('',(-2.418826291352,-0.482478129302,6.5000001));
#1976 = CARTESIAN_POINT('',(-2.425162715275,-0.474338261649,6.5000001));
#1977 = CARTESIAN_POINT('',(-2.425162715275,-0.463420115813,6.5000001));
#1978 = ORIENTED_EDGE('',*,*,#1979,.F.);
#1979 = EDGE_CURVE('',#1980,#1971,#1982,.T.);
#1980 = VERTEX_POINT('',#1981);
#1981 = CARTESIAN_POINT('',(-2.381197681598,-0.498367930831,6.5000001));
#1982 = B_SPLINE_CURVE_WITH_KNOTS('',1,(#1983,#1984),.UNSPECIFIED.,.F.,
  .F.,(2,2),(-2.688710226981E-02,0.),.PIECEWISE_BEZIER_KNOTS.);
#1983 = CARTESIAN_POINT('',(-2.381197681598,-0.498367930831,6.5000001));
#1984 = CARTESIAN_POINT('',(-2.405958476618,-0.487888460497,6.5000001));
#1985 = ORIENTED_EDGE('',*,*,#1986,.F.);
#1986 = EDGE_CURVE('',#1987,#1980,#1989,.T.);
#1987 = VERTEX_POINT('',#1988);
#1988 = CARTESIAN_POINT('',(-2.245305759328,-0.444947002994,6.5000001));
#1989 = B_SPLINE_CURVE_WITH_KNOTS('',1,(#1990,#1991),.UNSPECIFIED.,.F.,
  .F.,(2,2),(-0.146015102196,1.218554995806E-16),
  .PIECEWISE_BEZIER_KNOTS.);
#1990 = CARTESIAN_POINT('',(-2.245305759328,-0.444947002994,6.5000001));
#1991 = CARTESIAN_POINT('',(-2.381197681598,-0.498367930831,6.5000001));
#1992 = ORIENTED_EDGE('',*,*,#1993,.F.);
#1993 = EDGE_CURVE('',#1994,#1987,#1996,.T.);
#1994 = VERTEX_POINT('',#1995);
#1995 = CARTESIAN_POINT('',(-2.245305759328,-0.471657466912,6.5000001));
#1996 = B_SPLINE_CURVE_WITH_KNOTS('',1,(#1997,#1998),.UNSPECIFIED.,.F.,
  .F.,(2,2),(-2.671046391843E-02,-2.22044604925E-16),
  .PIECEWISE_BEZIER_KNOTS.);
#1997 = CARTESIAN_POINT('',(-2.245305759328,-0.471657466912,6.5000001));
#1998 = CARTESIAN_POINT('',(-2.245305759328,-0.444947002994,6.5000001));
#1999 = ORIENTED_EDGE('',*,*,#2000,.F.);
#2000 = EDGE_CURVE('',#2001,#1994,#2003,.T.);
#2001 = VERTEX_POINT('',#2002);
#2002 = CARTESIAN_POINT('',(-2.347663376534,-0.507238924321,6.5000001));
#2003 = B_SPLINE_CURVE_WITH_KNOTS('',1,(#2004,#2005),.UNSPECIFIED.,.F.,
  .F.,(2,2),(-0.108365686042,7.290749444444E-17),
  .PIECEWISE_BEZIER_KNOTS.);
#2004 = CARTESIAN_POINT('',(-2.347663376534,-0.507238924321,6.5000001));
#2005 = CARTESIAN_POINT('',(-2.245305759328,-0.471657466912,6.5000001));
#2006 = ORIENTED_EDGE('',*,*,#2007,.F.);
#2007 = EDGE_CURVE('',#2008,#2001,#2010,.T.);
#2008 = VERTEX_POINT('',#2009);
#2009 = CARTESIAN_POINT('',(-2.358873972704,-0.510163427671,6.5000001));
#2010 = B_SPLINE_CURVE_WITH_KNOTS('',1,(#2011,#2012),.UNSPECIFIED.,.F.,
  .F.,(2,2),(-1.15857751719E-02,2.148541949656E-16),
  .PIECEWISE_BEZIER_KNOTS.);
#2011 = CARTESIAN_POINT('',(-2.358873972704,-0.510163427671,6.5000001));
#2012 = CARTESIAN_POINT('',(-2.347663376534,-0.507238924321,6.5000001));
#2013 = ORIENTED_EDGE('',*,*,#2014,.F.);
#2014 = EDGE_CURVE('',#1907,#2008,#2015,.T.);
#2015 = B_SPLINE_CURVE_WITH_KNOTS('',1,(#2016,#2017),.UNSPECIFIED.,.F.,
  .F.,(2,2),(-6.336423914999E-04,3.330669073875E-16),
  .PIECEWISE_BEZIER_KNOTS.);
#2016 = CARTESIAN_POINT('',(-2.358873972704,-0.510797070062,6.5000001));
#2017 = CARTESIAN_POINT('',(-2.358873972704,-0.510163427671,6.5000001));
#2018 = FACE_BOUND('',#2019,.T.);
#2019 = EDGE_LOOP('',(#2020,#2031,#2040,#2047,#2056,#2065,#2074,#2083,
    #2092,#2101,#2108,#2117,#2126,#2135));
#2020 = ORIENTED_EDGE('',*,*,#2021,.F.);
#2021 = EDGE_CURVE('',#2022,#2024,#2026,.T.);
#2022 = VERTEX_POINT('',#2023);
#2023 = CARTESIAN_POINT('',(-2.060282180799,-0.275228325323,6.5000001));
#2024 = VERTEX_POINT('',#2025);
#2025 = CARTESIAN_POINT('',(-2.040200591138,-0.226242894232,6.5000001));
#2026 = B_SPLINE_CURVE_WITH_KNOTS('',3,(#2027,#2028,#2029,#2030),
  .UNSPECIFIED.,.F.,.F.,(4,4),(11.,12.),.PIECEWISE_BEZIER_KNOTS.);
#2027 = CARTESIAN_POINT('',(-2.060282180799,-0.275228325323,6.5000001));
#2028 = CARTESIAN_POINT('',(-2.060282180799,-0.255049252217,6.5000001));
#2029 = CARTESIAN_POINT('',(-2.053555823097,-0.238720775186,6.5000001));
#2030 = CARTESIAN_POINT('',(-2.040200591138,-0.226242894232,6.5000001));
#2031 = ORIENTED_EDGE('',*,*,#2032,.F.);
#2032 = EDGE_CURVE('',#2033,#2022,#2035,.T.);
#2033 = VERTEX_POINT('',#2034);
#2034 = CARTESIAN_POINT('',(-2.047511849509,-0.324457465027,6.5000001));
#2035 = B_SPLINE_CURVE_WITH_KNOTS('',3,(#2036,#2037,#2038,#2039),
  .UNSPECIFIED.,.F.,.F.,(4,4),(12.,13.),.PIECEWISE_BEZIER_KNOTS.);
#2036 = CARTESIAN_POINT('',(-2.047511849509,-0.324457465027,6.5000001));
#2037 = CARTESIAN_POINT('',(-2.055992909221,-0.310517332397,6.5000001));
#2038 = CARTESIAN_POINT('',(-2.060282180799,-0.294091371922,6.5000001));
#2039 = CARTESIAN_POINT('',(-2.060282180799,-0.275228325323,6.5000001));
#2040 = ORIENTED_EDGE('',*,*,#2041,.F.);
#2041 = EDGE_CURVE('',#2042,#2033,#2044,.T.);
#2042 = VERTEX_POINT('',#2043);
#2043 = CARTESIAN_POINT('',(-2.071102843189,-0.324457465027,6.5000001));
#2044 = B_SPLINE_CURVE_WITH_KNOTS('',1,(#2045,#2046),.UNSPECIFIED.,.F.,
  .F.,(2,2),(-2.359099368009E-02,0.),.PIECEWISE_BEZIER_KNOTS.);
#2045 = CARTESIAN_POINT('',(-2.071102843189,-0.324457465027,6.5000001));
#2046 = CARTESIAN_POINT('',(-2.047511849509,-0.324457465027,6.5000001));
#2047 = ORIENTED_EDGE('',*,*,#2048,.F.);
#2048 = EDGE_CURVE('',#2049,#2042,#2051,.T.);
#2049 = VERTEX_POINT('',#2050);
#2050 = CARTESIAN_POINT('',(-2.082215955914,-0.271670179582,6.5000001));
#2051 = B_SPLINE_CURVE_WITH_KNOTS('',3,(#2052,#2053,#2054,#2055),
  .UNSPECIFIED.,.F.,.F.,(4,4),(0.,1.),.PIECEWISE_BEZIER_KNOTS.);
#2052 = CARTESIAN_POINT('',(-2.082215955914,-0.271670179582,6.5000001));
#2053 = CARTESIAN_POINT('',(-2.082215955914,-0.292824087138,6.5000001));
#2054 = CARTESIAN_POINT('',(-2.078511585006,-0.310419848953,6.5000001));
#2055 = CARTESIAN_POINT('',(-2.071102843189,-0.324457465027,6.5000001));
#2056 = ORIENTED_EDGE('',*,*,#2057,.F.);
#2057 = EDGE_CURVE('',#2058,#2049,#2060,.T.);
#2058 = VERTEX_POINT('',#2059);
#2059 = CARTESIAN_POINT('',(-2.056187876111,-0.206161304571,6.5000001));
#2060 = B_SPLINE_CURVE_WITH_KNOTS('',3,(#2061,#2062,#2063,#2064),
  .UNSPECIFIED.,.F.,.F.,(4,4),(1.,2.),.PIECEWISE_BEZIER_KNOTS.);
#2061 = CARTESIAN_POINT('',(-2.056187876111,-0.206161304571,6.5000001));
#2062 = CARTESIAN_POINT('',(-2.073539929313,-0.222489781601,6.5000001));
#2063 = CARTESIAN_POINT('',(-2.082215955914,-0.244326073271,6.5000001));
#2064 = CARTESIAN_POINT('',(-2.082215955914,-0.271670179582,6.5000001));
#2065 = ORIENTED_EDGE('',*,*,#2066,.F.);
#2066 = EDGE_CURVE('',#2067,#2058,#2069,.T.);
#2067 = VERTEX_POINT('',#2068);
#2068 = CARTESIAN_POINT('',(-1.987267080526,-0.181692959886,6.5000001));
#2069 = B_SPLINE_CURVE_WITH_KNOTS('',3,(#2070,#2071,#2072,#2073),
  .UNSPECIFIED.,.F.,.F.,(4,4),(2.,3.),.PIECEWISE_BEZIER_KNOTS.);
#2070 = CARTESIAN_POINT('',(-1.987267080526,-0.181692959886,6.5000001));
#2071 = CARTESIAN_POINT('',(-2.015829729899,-0.181692959886,6.5000001));
#2072 = CARTESIAN_POINT('',(-2.038835822908,-0.18983282754,6.5000001));
#2073 = CARTESIAN_POINT('',(-2.056187876111,-0.206161304571,6.5000001));
#2074 = ORIENTED_EDGE('',*,*,#2075,.F.);
#2075 = EDGE_CURVE('',#2076,#2067,#2078,.T.);
#2076 = VERTEX_POINT('',#2077);
#2077 = CARTESIAN_POINT('',(-1.913179662359,-0.209232033086,6.5000001));
#2078 = B_SPLINE_CURVE_WITH_KNOTS('',3,(#2079,#2080,#2081,#2082),
  .UNSPECIFIED.,.F.,.F.,(4,4),(3.,4.),.PIECEWISE_BEZIER_KNOTS.);
#2079 = CARTESIAN_POINT('',(-1.913179662359,-0.209232033086,6.5000001));
#2080 = CARTESIAN_POINT('',(-1.93189648379,-0.190856403712,6.5000001));
#2081 = CARTESIAN_POINT('',(-1.956559795365,-0.181692959886,6.5000001));
#2082 = CARTESIAN_POINT('',(-1.987267080526,-0.181692959886,6.5000001));
#2083 = ORIENTED_EDGE('',*,*,#2084,.F.);
#2084 = EDGE_CURVE('',#2085,#2076,#2087,.T.);
#2085 = VERTEX_POINT('',#2086);
#2086 = CARTESIAN_POINT('',(-1.88510443021,-0.279273888288,6.5000001));
#2087 = B_SPLINE_CURVE_WITH_KNOTS('',3,(#2088,#2089,#2090,#2091),
  .UNSPECIFIED.,.F.,.F.,(4,4),(4.,5.),.PIECEWISE_BEZIER_KNOTS.);
#2088 = CARTESIAN_POINT('',(-1.88510443021,-0.279273888288,6.5000001));
#2089 = CARTESIAN_POINT('',(-1.88510443021,-0.250954947529,6.5000001));
#2090 = CARTESIAN_POINT('',(-1.894462840926,-0.227607662461,6.5000001));
#2091 = CARTESIAN_POINT('',(-1.913179662359,-0.209232033086,6.5000001));
#2092 = ORIENTED_EDGE('',*,*,#2093,.F.);
#2093 = EDGE_CURVE('',#2094,#2085,#2096,.T.);
#2094 = VERTEX_POINT('',#2095);
#2095 = CARTESIAN_POINT('',(-1.892903105807,-0.324457465027,6.5000001));
#2096 = B_SPLINE_CURVE_WITH_KNOTS('',3,(#2097,#2098,#2099,#2100),
  .UNSPECIFIED.,.F.,.F.,(4,4),(5.,6.),.PIECEWISE_BEZIER_KNOTS.);
#2097 = CARTESIAN_POINT('',(-1.892903105807,-0.324457465027,6.5000001));
#2098 = CARTESIAN_POINT('',(-1.887736483224,-0.312564484742,6.5000001));
#2099 = CARTESIAN_POINT('',(-1.88510443021,-0.297503292495,6.5000001));
#2100 = CARTESIAN_POINT('',(-1.88510443021,-0.279273888288,6.5000001));
#2101 = ORIENTED_EDGE('',*,*,#2102,.F.);
#2102 = EDGE_CURVE('',#2103,#2094,#2105,.T.);
#2103 = VERTEX_POINT('',#2104);
#2104 = CARTESIAN_POINT('',(-1.918638735275,-0.324457465027,6.5000001));
#2105 = B_SPLINE_CURVE_WITH_KNOTS('',1,(#2106,#2107),.UNSPECIFIED.,.F.,
  .F.,(2,2),(-2.573562946801E-02,0.),.PIECEWISE_BEZIER_KNOTS.);
#2106 = CARTESIAN_POINT('',(-1.918638735275,-0.324457465027,6.5000001));
#2107 = CARTESIAN_POINT('',(-1.892903105807,-0.324457465027,6.5000001));
#2108 = ORIENTED_EDGE('',*,*,#2109,.F.);
#2109 = EDGE_CURVE('',#2110,#2103,#2112,.T.);
#2110 = VERTEX_POINT('',#2111);
#2111 = CARTESIAN_POINT('',(-1.907330655661,-0.279517596901,6.5000001));
#2112 = B_SPLINE_CURVE_WITH_KNOTS('',3,(#2113,#2114,#2115,#2116),
  .UNSPECIFIED.,.F.,.F.,(4,4),(7.,8.),.PIECEWISE_BEZIER_KNOTS.);
#2113 = CARTESIAN_POINT('',(-1.907330655661,-0.279517596901,6.5000001));
#2114 = CARTESIAN_POINT('',(-1.907330655661,-0.295846073931,6.5000001));
#2115 = CARTESIAN_POINT('',(-1.911035026569,-0.310809782733,6.5000001));
#2116 = CARTESIAN_POINT('',(-1.918638735275,-0.324457465027,6.5000001));
#2117 = ORIENTED_EDGE('',*,*,#2118,.F.);
#2118 = EDGE_CURVE('',#2119,#2110,#2121,.T.);
#2119 = VERTEX_POINT('',#2120);
#2120 = CARTESIAN_POINT('',(-1.928484563216,-0.227558920739,6.5000001));
#2121 = B_SPLINE_CURVE_WITH_KNOTS('',3,(#2122,#2123,#2124,#2125),
  .UNSPECIFIED.,.F.,.F.,(4,4),(8.,9.),.PIECEWISE_BEZIER_KNOTS.);
#2122 = CARTESIAN_POINT('',(-1.928484563216,-0.227558920739,6.5000001));
#2123 = CARTESIAN_POINT('',(-1.914349463698,-0.24096289442,6.5000001));
#2124 = CARTESIAN_POINT('',(-1.907330655661,-0.258266205901,6.5000001));
#2125 = CARTESIAN_POINT('',(-1.907330655661,-0.279517596901,6.5000001));
#2126 = ORIENTED_EDGE('',*,*,#2127,.F.);
#2127 = EDGE_CURVE('',#2128,#2119,#2130,.T.);
#2128 = VERTEX_POINT('',#2129);
#2129 = CARTESIAN_POINT('',(-1.985804828851,-0.2075260728,6.5000001));
#2130 = B_SPLINE_CURVE_WITH_KNOTS('',3,(#2131,#2132,#2133,#2134),
  .UNSPECIFIED.,.F.,.F.,(4,4),(9.,10.),.PIECEWISE_BEZIER_KNOTS.);
#2131 = CARTESIAN_POINT('',(-1.985804828851,-0.2075260728,6.5000001));
#2132 = CARTESIAN_POINT('',(-1.961823901391,-0.2075260728,6.5000001));
#2133 = CARTESIAN_POINT('',(-1.942717146181,-0.214203688779,6.5000001));
#2134 = CARTESIAN_POINT('',(-1.928484563216,-0.227558920739,6.5000001));
#2135 = ORIENTED_EDGE('',*,*,#2136,.F.);
#2136 = EDGE_CURVE('',#2024,#2128,#2137,.T.);
#2137 = B_SPLINE_CURVE_WITH_KNOTS('',3,(#2138,#2139,#2140,#2141),
  .UNSPECIFIED.,.F.,.F.,(4,4),(10.,11.),.PIECEWISE_BEZIER_KNOTS.);
#2138 = CARTESIAN_POINT('',(-2.040200591138,-0.226242894232,6.5000001));
#2139 = CARTESIAN_POINT('',(-2.026747875733,-0.213765013277,6.5000001));
#2140 = CARTESIAN_POINT('',(-2.008615954971,-0.2075260728,6.5000001));
#2141 = CARTESIAN_POINT('',(-1.985804828851,-0.2075260728,6.5000001));
#2142 = FACE_BOUND('',#2143,.T.);
#2143 = EDGE_LOOP('',(#2144,#2153,#2160,#2167,#2174,#2181,#2188,#2195));
#2144 = ORIENTED_EDGE('',*,*,#2145,.F.);
#2145 = EDGE_CURVE('',#2146,#2148,#2150,.T.);
#2146 = VERTEX_POINT('',#2147);
#2147 = CARTESIAN_POINT('',(-2.190812513597,-1.004745685662,6.5000001));
#2148 = VERTEX_POINT('',#2149);
#2149 = CARTESIAN_POINT('',(-2.190812513597,-0.978425155523,6.5000001));
#2150 = B_SPLINE_CURVE_WITH_KNOTS('',1,(#2151,#2152),.UNSPECIFIED.,.F.,
  .F.,(2,2),(-2.632053013969E-02,0.),.PIECEWISE_BEZIER_KNOTS.);
#2151 = CARTESIAN_POINT('',(-2.190812513597,-1.004745685662,6.5000001));
#2152 = CARTESIAN_POINT('',(-2.190812513597,-0.978425155523,6.5000001));
#2153 = ORIENTED_EDGE('',*,*,#2154,.F.);
#2154 = EDGE_CURVE('',#2155,#2146,#2157,.T.);
#2155 = VERTEX_POINT('',#2156);
#2156 = CARTESIAN_POINT('',(-2.381490131933,-1.077370852155,6.5000001));
#2157 = B_SPLINE_CURVE_WITH_KNOTS('',1,(#2158,#2159),.UNSPECIFIED.,.F.,
  .F.,(2,2),(-0.204040116013,0.),.PIECEWISE_BEZIER_KNOTS.);
#2158 = CARTESIAN_POINT('',(-2.381490131933,-1.077370852155,6.5000001));
#2159 = CARTESIAN_POINT('',(-2.190812513597,-1.004745685662,6.5000001));
#2160 = ORIENTED_EDGE('',*,*,#2161,.F.);
#2161 = EDGE_CURVE('',#2162,#2155,#2164,.T.);
#2162 = VERTEX_POINT('',#2163);
#2163 = CARTESIAN_POINT('',(-2.381490131933,-1.050172971013,6.5000001));
#2164 = B_SPLINE_CURVE_WITH_KNOTS('',1,(#2165,#2166),.UNSPECIFIED.,.F.,
  .F.,(2,2),(-2.7197881142E-02,4.440892098501E-16),
  .PIECEWISE_BEZIER_KNOTS.);
#2165 = CARTESIAN_POINT('',(-2.381490131933,-1.050172971013,6.5000001));
#2166 = CARTESIAN_POINT('',(-2.381490131933,-1.077370852155,6.5000001));
#2167 = ORIENTED_EDGE('',*,*,#2168,.F.);
#2168 = EDGE_CURVE('',#2169,#2162,#2171,.T.);
#2169 = VERTEX_POINT('',#2170);
#2170 = CARTESIAN_POINT('',(-2.329336488882,-1.030725023742,6.5000001));
#2171 = B_SPLINE_CURVE_WITH_KNOTS('',1,(#2172,#2173),.UNSPECIFIED.,.F.,
  .F.,(2,2),(-5.56617026019E-02,-0.),.PIECEWISE_BEZIER_KNOTS.);
#2172 = CARTESIAN_POINT('',(-2.329336488882,-1.030725023742,6.5000001));
#2173 = CARTESIAN_POINT('',(-2.381490131933,-1.050172971013,6.5000001));
#2174 = ORIENTED_EDGE('',*,*,#2175,.F.);
#2175 = EDGE_CURVE('',#2176,#2169,#2178,.T.);
#2176 = VERTEX_POINT('',#2177);
#2177 = CARTESIAN_POINT('',(-2.329336488882,-0.951324757824,6.5000001));
#2178 = B_SPLINE_CURVE_WITH_KNOTS('',1,(#2179,#2180),.UNSPECIFIED.,.F.,
  .F.,(2,2),(-7.940026591828E-02,-2.22044604925E-16),
  .PIECEWISE_BEZIER_KNOTS.);
#2179 = CARTESIAN_POINT('',(-2.329336488882,-0.951324757824,6.5000001));
#2180 = CARTESIAN_POINT('',(-2.329336488882,-1.030725023742,6.5000001));
#2181 = ORIENTED_EDGE('',*,*,#2182,.F.);
#2182 = EDGE_CURVE('',#2183,#2176,#2185,.T.);
#2183 = VERTEX_POINT('',#2184);
#2184 = CARTESIAN_POINT('',(-2.381490131933,-0.932997870172,6.5000001));
#2185 = B_SPLINE_CURVE_WITH_KNOTS('',1,(#2186,#2187),.UNSPECIFIED.,.F.,
  .F.,(2,2),(-5.52799900011E-02,0.),.PIECEWISE_BEZIER_KNOTS.);
#2186 = CARTESIAN_POINT('',(-2.381490131933,-0.932997870172,6.5000001));
#2187 = CARTESIAN_POINT('',(-2.329336488882,-0.951324757824,6.5000001));
#2188 = ORIENTED_EDGE('',*,*,#2189,.F.);
#2189 = EDGE_CURVE('',#2190,#2183,#2192,.T.);
#2190 = VERTEX_POINT('',#2191);
#2191 = CARTESIAN_POINT('',(-2.381490131933,-0.905799989029,6.5000001));
#2192 = B_SPLINE_CURVE_WITH_KNOTS('',1,(#2193,#2194),.UNSPECIFIED.,.F.,
  .F.,(2,2),(-2.719788114331E-02,-4.440892098501E-16),
  .PIECEWISE_BEZIER_KNOTS.);
#2193 = CARTESIAN_POINT('',(-2.381490131933,-0.905799989029,6.5000001));
#2194 = CARTESIAN_POINT('',(-2.381490131933,-0.932997870172,6.5000001));
#2195 = ORIENTED_EDGE('',*,*,#2196,.F.);
#2196 = EDGE_CURVE('',#2148,#2190,#2197,.T.);
#2197 = B_SPLINE_CURVE_WITH_KNOTS('',1,(#2198,#2199),.UNSPECIFIED.,.F.,
  .F.,(2,2),(-0.204040116013,0.),.PIECEWISE_BEZIER_KNOTS.);
#2198 = CARTESIAN_POINT('',(-2.190812513597,-0.978425155523,6.5000001));
#2199 = CARTESIAN_POINT('',(-2.381490131933,-0.905799989029,6.5000001));
#2200 = FACE_BOUND('',#2201,.T.);
#2201 = EDGE_LOOP('',(#2202,#2211,#2218,#2225,#2232,#2239,#2246,#2253,
    #2260,#2267,#2274,#2281));
#2202 = ORIENTED_EDGE('',*,*,#2203,.F.);
#2203 = EDGE_CURVE('',#2204,#2206,#2208,.T.);
#2204 = VERTEX_POINT('',#2205);
#2205 = CARTESIAN_POINT('',(-2.359751323708,-0.175892694911,6.5000001));
#2206 = VERTEX_POINT('',#2207);
#2207 = CARTESIAN_POINT('',(-2.359751323708,-9.795468066769E-02,
    6.5000001));
#2208 = B_SPLINE_CURVE_WITH_KNOTS('',1,(#2209,#2210),.UNSPECIFIED.,.F.,
  .F.,(2,2),(-7.793801424363E-02,0.),.PIECEWISE_BEZIER_KNOTS.);
#2209 = CARTESIAN_POINT('',(-2.359751323708,-0.175892694911,6.5000001));
#2210 = CARTESIAN_POINT('',(-2.359751323708,-9.795468066769E-02,
    6.5000001));
#2211 = ORIENTED_EDGE('',*,*,#2212,.F.);
#2212 = EDGE_CURVE('',#2213,#2204,#2215,.T.);
#2213 = VERTEX_POINT('',#2214);
#2214 = CARTESIAN_POINT('',(-2.381490131933,-0.175892694911,6.5000001));
#2215 = B_SPLINE_CURVE_WITH_KNOTS('',1,(#2216,#2217),.UNSPECIFIED.,.F.,
  .F.,(2,2),(-2.173880822542E-02,0.),.PIECEWISE_BEZIER_KNOTS.);
#2216 = CARTESIAN_POINT('',(-2.381490131933,-0.175892694911,6.5000001));
#2217 = CARTESIAN_POINT('',(-2.359751323708,-0.175892694911,6.5000001));
#2218 = ORIENTED_EDGE('',*,*,#2219,.F.);
#2219 = EDGE_CURVE('',#2220,#2213,#2222,.T.);
#2220 = VERTEX_POINT('',#2221);
#2221 = CARTESIAN_POINT('',(-2.381490131933,-7.334011081605E-02,
    6.5000001));
#2222 = B_SPLINE_CURVE_WITH_KNOTS('',1,(#2223,#2224),.UNSPECIFIED.,.F.,
  .F.,(2,2),(-0.102552584095,0.),.PIECEWISE_BEZIER_KNOTS.);
#2223 = CARTESIAN_POINT('',(-2.381490131933,-7.334011081605E-02,
    6.5000001));
#2224 = CARTESIAN_POINT('',(-2.381490131933,-0.175892694911,6.5000001));
#2225 = ORIENTED_EDGE('',*,*,#2226,.F.);
#2226 = EDGE_CURVE('',#2227,#2220,#2229,.T.);
#2227 = VERTEX_POINT('',#2228);
#2228 = CARTESIAN_POINT('',(-2.190812513597,-7.334011081605E-02,
    6.5000001));
#2229 = B_SPLINE_CURVE_WITH_KNOTS('',1,(#2230,#2231),.UNSPECIFIED.,.F.,
  .F.,(2,2),(-0.190677618336,0.),.PIECEWISE_BEZIER_KNOTS.);
#2230 = CARTESIAN_POINT('',(-2.190812513597,-7.334011081605E-02,
    6.5000001));
#2231 = CARTESIAN_POINT('',(-2.381490131933,-7.334011081605E-02,
    6.5000001));
#2232 = ORIENTED_EDGE('',*,*,#2233,.F.);
#2233 = EDGE_CURVE('',#2234,#2227,#2236,.T.);
#2234 = VERTEX_POINT('',#2235);
#2235 = CARTESIAN_POINT('',(-2.190812513597,-0.17155468161,6.5000001));
#2236 = B_SPLINE_CURVE_WITH_KNOTS('',1,(#2237,#2238),.UNSPECIFIED.,.F.,
  .F.,(2,2),(-9.82145707944E-02,0.),.PIECEWISE_BEZIER_KNOTS.);
#2237 = CARTESIAN_POINT('',(-2.190812513597,-0.17155468161,6.5000001));
#2238 = CARTESIAN_POINT('',(-2.190812513597,-7.334011081605E-02,
    6.5000001));
#2239 = ORIENTED_EDGE('',*,*,#2240,.F.);
#2240 = EDGE_CURVE('',#2241,#2234,#2243,.T.);
#2241 = VERTEX_POINT('',#2242);
#2242 = CARTESIAN_POINT('',(-2.212746288712,-0.17155468161,6.5000001));
#2243 = B_SPLINE_CURVE_WITH_KNOTS('',1,(#2244,#2245),.UNSPECIFIED.,.F.,
  .F.,(2,2),(-2.193377511511E-02,0.),.PIECEWISE_BEZIER_KNOTS.);
#2244 = CARTESIAN_POINT('',(-2.212746288712,-0.17155468161,6.5000001));
#2245 = CARTESIAN_POINT('',(-2.190812513597,-0.17155468161,6.5000001));
#2246 = ORIENTED_EDGE('',*,*,#2247,.F.);
#2247 = EDGE_CURVE('',#2248,#2241,#2250,.T.);
#2248 = VERTEX_POINT('',#2249);
#2249 = CARTESIAN_POINT('',(-2.212746288712,-9.795468066768E-02,
    6.5000001));
#2250 = B_SPLINE_CURVE_WITH_KNOTS('',1,(#2251,#2252),.UNSPECIFIED.,.F.,
  .F.,(2,2),(-7.360000094277E-02,0.),.PIECEWISE_BEZIER_KNOTS.);
#2251 = CARTESIAN_POINT('',(-2.212746288712,-9.795468066768E-02,
    6.5000001));
#2252 = CARTESIAN_POINT('',(-2.212746288712,-0.17155468161,6.5000001));
#2253 = ORIENTED_EDGE('',*,*,#2254,.F.);
#2254 = EDGE_CURVE('',#2255,#2248,#2257,.T.);
#2255 = VERTEX_POINT('',#2256);
#2256 = CARTESIAN_POINT('',(-2.273770925256,-9.795468066768E-02,
    6.5000001));
#2257 = B_SPLINE_CURVE_WITH_KNOTS('',1,(#2258,#2259),.UNSPECIFIED.,.F.,
  .F.,(2,2),(-6.102463654395E-02,0.),.PIECEWISE_BEZIER_KNOTS.);
#2258 = CARTESIAN_POINT('',(-2.273770925256,-9.795468066768E-02,
    6.5000001));
#2259 = CARTESIAN_POINT('',(-2.212746288712,-9.795468066768E-02,
    6.5000001));
#2260 = ORIENTED_EDGE('',*,*,#2261,.F.);
#2261 = EDGE_CURVE('',#2262,#2255,#2264,.T.);
#2262 = VERTEX_POINT('',#2263);
#2263 = CARTESIAN_POINT('',(-2.273770925256,-0.166144350416,6.5000001));
#2264 = B_SPLINE_CURVE_WITH_KNOTS('',1,(#2265,#2266),.UNSPECIFIED.,.F.,
  .F.,(2,2),(-6.818966974795E-02,0.),.PIECEWISE_BEZIER_KNOTS.);
#2265 = CARTESIAN_POINT('',(-2.273770925256,-0.166144350416,6.5000001));
#2266 = CARTESIAN_POINT('',(-2.273770925256,-9.795468066768E-02,
    6.5000001));
#2267 = ORIENTED_EDGE('',*,*,#2268,.F.);
#2268 = EDGE_CURVE('',#2269,#2262,#2271,.T.);
#2269 = VERTEX_POINT('',#2270);
#2270 = CARTESIAN_POINT('',(-2.295607216926,-0.166144350416,6.5000001));
#2271 = B_SPLINE_CURVE_WITH_KNOTS('',1,(#2272,#2273),.UNSPECIFIED.,.F.,
  .F.,(2,2),(-2.183629167026E-02,0.),.PIECEWISE_BEZIER_KNOTS.);
#2272 = CARTESIAN_POINT('',(-2.295607216926,-0.166144350416,6.5000001));
#2273 = CARTESIAN_POINT('',(-2.273770925256,-0.166144350416,6.5000001));
#2274 = ORIENTED_EDGE('',*,*,#2275,.F.);
#2275 = EDGE_CURVE('',#2276,#2269,#2278,.T.);
#2276 = VERTEX_POINT('',#2277);
#2277 = CARTESIAN_POINT('',(-2.295607216926,-9.795468066769E-02,
    6.5000001));
#2278 = B_SPLINE_CURVE_WITH_KNOTS('',1,(#2279,#2280),.UNSPECIFIED.,.F.,
  .F.,(2,2),(-6.818966974795E-02,0.),.PIECEWISE_BEZIER_KNOTS.);
#2279 = CARTESIAN_POINT('',(-2.295607216926,-9.795468066769E-02,
    6.5000001));
#2280 = CARTESIAN_POINT('',(-2.295607216926,-0.166144350416,6.5000001));
#2281 = ORIENTED_EDGE('',*,*,#2282,.F.);
#2282 = EDGE_CURVE('',#2206,#2276,#2283,.T.);
#2283 = B_SPLINE_CURVE_WITH_KNOTS('',1,(#2284,#2285),.UNSPECIFIED.,.F.,
  .F.,(2,2),(-6.414410678163E-02,0.),.PIECEWISE_BEZIER_KNOTS.);
#2284 = CARTESIAN_POINT('',(-2.359751323708,-9.795468066769E-02,
    6.5000001));
#2285 = CARTESIAN_POINT('',(-2.295607216926,-9.795468066769E-02,
    6.5000001));
#2286 = FACE_BOUND('',#2287,.T.);
#2287 = EDGE_LOOP('',(#2288,#2297,#2304,#2311,#2318,#2325,#2332,#2339));
#2288 = ORIENTED_EDGE('',*,*,#2289,.F.);
#2289 = EDGE_CURVE('',#2290,#2292,#2294,.T.);
#2290 = VERTEX_POINT('',#2291);
#2291 = CARTESIAN_POINT('',(-1.888321383894,-0.765959987238,6.5000001));
#2292 = VERTEX_POINT('',#2293);
#2293 = CARTESIAN_POINT('',(-1.888321383894,-0.7396394571,6.5000001));
#2294 = B_SPLINE_CURVE_WITH_KNOTS('',1,(#2295,#2296),.UNSPECIFIED.,.F.,
  .F.,(2,2),(-2.632053013838E-02,2.22044604925E-16),
  .PIECEWISE_BEZIER_KNOTS.);
#2295 = CARTESIAN_POINT('',(-1.888321383894,-0.765959987238,6.5000001));
#2296 = CARTESIAN_POINT('',(-1.888321383894,-0.7396394571,6.5000001));
#2297 = ORIENTED_EDGE('',*,*,#2298,.F.);
#2298 = EDGE_CURVE('',#2299,#2290,#2301,.T.);
#2299 = VERTEX_POINT('',#2300);
#2300 = CARTESIAN_POINT('',(-2.078999002231,-0.838585153732,6.5000001));
#2301 = B_SPLINE_CURVE_WITH_KNOTS('',1,(#2302,#2303),.UNSPECIFIED.,.F.,
  .F.,(2,2),(-0.204040116013,0.),.PIECEWISE_BEZIER_KNOTS.);
#2302 = CARTESIAN_POINT('',(-2.078999002231,-0.838585153732,6.5000001));
#2303 = CARTESIAN_POINT('',(-1.888321383894,-0.765959987238,6.5000001));
#2304 = ORIENTED_EDGE('',*,*,#2305,.F.);
#2305 = EDGE_CURVE('',#2306,#2299,#2308,.T.);
#2306 = VERTEX_POINT('',#2307);
#2307 = CARTESIAN_POINT('',(-2.078999002231,-0.811387272589,6.5000001));
#2308 = B_SPLINE_CURVE_WITH_KNOTS('',1,(#2309,#2310),.UNSPECIFIED.,.F.,
  .F.,(2,2),(-2.71978811433E-02,6.661338147751E-16),
  .PIECEWISE_BEZIER_KNOTS.);
#2309 = CARTESIAN_POINT('',(-2.078999002231,-0.811387272589,6.5000001));
#2310 = CARTESIAN_POINT('',(-2.078999002231,-0.838585153732,6.5000001));
#2311 = ORIENTED_EDGE('',*,*,#2312,.F.);
#2312 = EDGE_CURVE('',#2313,#2306,#2315,.T.);
#2313 = VERTEX_POINT('',#2314);
#2314 = CARTESIAN_POINT('',(-2.026845359178,-0.79193932532,6.5000001));
#2315 = B_SPLINE_CURVE_WITH_KNOTS('',1,(#2316,#2317),.UNSPECIFIED.,.F.,
  .F.,(2,2),(-5.566170260267E-02,-1.551627624026E-16),
  .PIECEWISE_BEZIER_KNOTS.);
#2316 = CARTESIAN_POINT('',(-2.026845359178,-0.79193932532,6.5000001));
#2317 = CARTESIAN_POINT('',(-2.078999002231,-0.811387272589,6.5000001));
#2318 = ORIENTED_EDGE('',*,*,#2319,.F.);
#2319 = EDGE_CURVE('',#2320,#2313,#2322,.T.);
#2320 = VERTEX_POINT('',#2321);
#2321 = CARTESIAN_POINT('',(-2.026845359178,-0.712539059402,6.5000001));
#2322 = B_SPLINE_CURVE_WITH_KNOTS('',1,(#2323,#2324),.UNSPECIFIED.,.F.,
  .F.,(2,2),(-7.940026591827E-02,1.110223024625E-16),
  .PIECEWISE_BEZIER_KNOTS.);
#2323 = CARTESIAN_POINT('',(-2.026845359178,-0.712539059402,6.5000001));
#2324 = CARTESIAN_POINT('',(-2.026845359178,-0.79193932532,6.5000001));
#2325 = ORIENTED_EDGE('',*,*,#2326,.F.);
#2326 = EDGE_CURVE('',#2327,#2320,#2329,.T.);
#2327 = VERTEX_POINT('',#2328);
#2328 = CARTESIAN_POINT('',(-2.078999002231,-0.69421217175,6.5000001));
#2329 = B_SPLINE_CURVE_WITH_KNOTS('',1,(#2330,#2331),.UNSPECIFIED.,.F.,
  .F.,(2,2),(-5.527999000233E-02,-1.472281933481E-16),
  .PIECEWISE_BEZIER_KNOTS.);
#2330 = CARTESIAN_POINT('',(-2.078999002231,-0.69421217175,6.5000001));
#2331 = CARTESIAN_POINT('',(-2.026845359178,-0.712539059402,6.5000001));
#2332 = ORIENTED_EDGE('',*,*,#2333,.F.);
#2333 = EDGE_CURVE('',#2334,#2327,#2336,.T.);
#2334 = VERTEX_POINT('',#2335);
#2335 = CARTESIAN_POINT('',(-2.078999002231,-0.667014290608,6.5000001));
#2336 = B_SPLINE_CURVE_WITH_KNOTS('',1,(#2337,#2338),.UNSPECIFIED.,.F.,
  .F.,(2,2),(-2.7197881142E-02,-3.330669073875E-16),
  .PIECEWISE_BEZIER_KNOTS.);
#2337 = CARTESIAN_POINT('',(-2.078999002231,-0.667014290608,6.5000001));
#2338 = CARTESIAN_POINT('',(-2.078999002231,-0.69421217175,6.5000001));
#2339 = ORIENTED_EDGE('',*,*,#2340,.F.);
#2340 = EDGE_CURVE('',#2292,#2334,#2341,.T.);
#2341 = B_SPLINE_CURVE_WITH_KNOTS('',1,(#2342,#2343),.UNSPECIFIED.,.F.,
  .F.,(2,2),(-0.204040116013,7.903360729518E-17),
  .PIECEWISE_BEZIER_KNOTS.);
#2342 = CARTESIAN_POINT('',(-1.888321383894,-0.7396394571,6.5000001));
#2343 = CARTESIAN_POINT('',(-2.078999002231,-0.667014290608,6.5000001));
#2344 = FACE_BOUND('',#2345,.T.);
#2345 = EDGE_LOOP('',(#2346,#2355,#2362,#2369,#2376,#2383));
#2346 = ORIENTED_EDGE('',*,*,#2347,.F.);
#2347 = EDGE_CURVE('',#2348,#2350,#2352,.T.);
#2348 = VERTEX_POINT('',#2349);
#2349 = CARTESIAN_POINT('',(-2.057260194005,-0.17389428429,6.5000001));
#2350 = VERTEX_POINT('',#2351);
#2351 = CARTESIAN_POINT('',(-2.057260194005,-9.795468066768E-02,
    6.5000001));
#2352 = B_SPLINE_CURVE_WITH_KNOTS('',1,(#2353,#2354),.UNSPECIFIED.,.F.,
  .F.,(2,2),(-7.593960362233E-02,0.),.PIECEWISE_BEZIER_KNOTS.);
#2353 = CARTESIAN_POINT('',(-2.057260194005,-0.17389428429,6.5000001));
#2354 = CARTESIAN_POINT('',(-2.057260194005,-9.795468066768E-02,
    6.5000001));
#2355 = ORIENTED_EDGE('',*,*,#2356,.F.);
#2356 = EDGE_CURVE('',#2357,#2348,#2359,.T.);
#2357 = VERTEX_POINT('',#2358);
#2358 = CARTESIAN_POINT('',(-2.078999002231,-0.17389428429,6.5000001));
#2359 = B_SPLINE_CURVE_WITH_KNOTS('',1,(#2360,#2361),.UNSPECIFIED.,.F.,
  .F.,(2,2),(-2.173880822541E-02,0.),.PIECEWISE_BEZIER_KNOTS.);
#2360 = CARTESIAN_POINT('',(-2.078999002231,-0.17389428429,6.5000001));
#2361 = CARTESIAN_POINT('',(-2.057260194005,-0.17389428429,6.5000001));
#2362 = ORIENTED_EDGE('',*,*,#2363,.F.);
#2363 = EDGE_CURVE('',#2364,#2357,#2366,.T.);
#2364 = VERTEX_POINT('',#2365);
#2365 = CARTESIAN_POINT('',(-2.078999002231,-7.334011081605E-02,
    6.5000001));
#2366 = B_SPLINE_CURVE_WITH_KNOTS('',1,(#2367,#2368),.UNSPECIFIED.,.F.,
  .F.,(2,2),(-0.100554173474,0.),.PIECEWISE_BEZIER_KNOTS.);
#2367 = CARTESIAN_POINT('',(-2.078999002231,-7.334011081605E-02,
    6.5000001));
#2368 = CARTESIAN_POINT('',(-2.078999002231,-0.17389428429,6.5000001));
#2369 = ORIENTED_EDGE('',*,*,#2370,.F.);
#2370 = EDGE_CURVE('',#2371,#2364,#2373,.T.);
#2371 = VERTEX_POINT('',#2372);
#2372 = CARTESIAN_POINT('',(-1.888321383894,-7.334011081605E-02,
    6.5000001));
#2373 = B_SPLINE_CURVE_WITH_KNOTS('',1,(#2374,#2375),.UNSPECIFIED.,.F.,
  .F.,(2,2),(-0.190677618336,-0.),.PIECEWISE_BEZIER_KNOTS.);
#2374 = CARTESIAN_POINT('',(-1.888321383894,-7.334011081605E-02,
    6.5000001));
#2375 = CARTESIAN_POINT('',(-2.078999002231,-7.334011081605E-02,
    6.5000001));
#2376 = ORIENTED_EDGE('',*,*,#2377,.F.);
#2377 = EDGE_CURVE('',#2378,#2371,#2380,.T.);
#2378 = VERTEX_POINT('',#2379);
#2379 = CARTESIAN_POINT('',(-1.888321383894,-9.795468066768E-02,
    6.5000001));
#2380 = B_SPLINE_CURVE_WITH_KNOTS('',1,(#2381,#2382),.UNSPECIFIED.,.F.,
  .F.,(2,2),(-2.461456985163E-02,-1.52655665886E-16),
  .PIECEWISE_BEZIER_KNOTS.);
#2381 = CARTESIAN_POINT('',(-1.888321383894,-9.795468066768E-02,
    6.5000001));
#2382 = CARTESIAN_POINT('',(-1.888321383894,-7.334011081605E-02,
    6.5000001));
#2383 = ORIENTED_EDGE('',*,*,#2384,.F.);
#2384 = EDGE_CURVE('',#2350,#2378,#2385,.T.);
#2385 = B_SPLINE_CURVE_WITH_KNOTS('',1,(#2386,#2387),.UNSPECIFIED.,.F.,
  .F.,(2,2),(-0.168938810111,0.),.PIECEWISE_BEZIER_KNOTS.);
#2386 = CARTESIAN_POINT('',(-2.057260194005,-9.795468066768E-02,
    6.5000001));
#2387 = CARTESIAN_POINT('',(-1.888321383894,-9.795468066768E-02,
    6.5000001));
#2388 = B_SPLINE_SURFACE_WITH_KNOTS('',1,1,(
    (#2389,#2390)
    ,(#2391,#2392
    )),.UNSPECIFIED.,.F.,.F.,.F.,(2,2),(2,2),(-1.5,4.607900012717E-17),(
    0.,6.5),.PIECEWISE_BEZIER_KNOTS.);
#2389 = CARTESIAN_POINT('',(-2.75,3.25,6.5000001));
#2390 = CARTESIAN_POINT('',(-2.75,-3.25,6.5000001));
#2391 = CARTESIAN_POINT('',(-1.25,3.25,6.5000001));
#2392 = CARTESIAN_POINT('',(-1.25,-3.25,6.5000001));
#2393 = ADVANCED_FACE('',(#2394),#2414,.F.);
#2394 = FACE_BOUND('',#2395,.F.);
#2395 = EDGE_LOOP('',(#2396,#2404,#2405,#2413));
#2396 = ORIENTED_EDGE('',*,*,#2397,.F.);
#2397 = EDGE_CURVE('',#947,#954,#2398,.T.);
#2398 = ( BOUNDED_CURVE() B_SPLINE_CURVE(2,(#2399,#2400,#2401,#2402,
#2403),.UNSPECIFIED.,.F.,.F.) B_SPLINE_CURVE_WITH_KNOTS((3,2,3),(0.,
1.570796326795,3.14159265359),.PIECEWISE_BEZIER_KNOTS.) CURVE() 
GEOMETRIC_REPRESENTATION_ITEM() RATIONAL_B_SPLINE_CURVE((1.,
0.707106781187,1.,0.707106781187,1.)) REPRESENTATION_ITEM('') );
#2399 = CARTESIAN_POINT('',(-1.05,0.746483967199,3.2500001));
#2400 = CARTESIAN_POINT('',(-1.05,0.746483967199,2.503516132801));
#2401 = CARTESIAN_POINT('',(-1.05,-9.091414072722E-15,2.503516132801));
#2402 = CARTESIAN_POINT('',(-1.05,-0.746483967199,2.503516132801));
#2403 = CARTESIAN_POINT('',(-1.05,-0.746483967199,3.2500001));
#2404 = ORIENTED_EDGE('',*,*,#944,.F.);
#2405 = ORIENTED_EDGE('',*,*,#2406,.T.);
#2406 = EDGE_CURVE('',#945,#964,#2407,.T.);
#2407 = ( BOUNDED_CURVE() B_SPLINE_CURVE(2,(#2408,#2409,#2410,#2411,
#2412),.UNSPECIFIED.,.F.,.F.) B_SPLINE_CURVE_WITH_KNOTS((3,2,3),(0.,
1.570796326795,3.14159265359),.PIECEWISE_BEZIER_KNOTS.) CURVE() 
GEOMETRIC_REPRESENTATION_ITEM() RATIONAL_B_SPLINE_CURVE((1.,
0.707106781187,1.,0.707106781187,1.)) REPRESENTATION_ITEM('') );
#2408 = CARTESIAN_POINT('',(-0.75,0.746483967199,3.2500001));
#2409 = CARTESIAN_POINT('',(-0.75,0.746483967199,2.503516132801));
#2410 = CARTESIAN_POINT('',(-0.75,-1.017580808441E-14,2.503516132801));
#2411 = CARTESIAN_POINT('',(-0.75,-0.746483967199,2.503516132801));
#2412 = CARTESIAN_POINT('',(-0.75,-0.746483967199,3.2500001));
#2413 = ORIENTED_EDGE('',*,*,#963,.T.);
#2414 = ( BOUNDED_SURFACE() B_SPLINE_SURFACE(2,1,(
    (#2415,#2416)
    ,(#2417,#2418)
    ,(#2419,#2420)
    ,(#2421,#2422)
    ,(#2423,#2424
)),.UNSPECIFIED.,.F.,.F.,.F.) B_SPLINE_SURFACE_WITH_KNOTS((3,2,3),(2,2),
  (0.,1.570796326795,3.14159265359),(-2.,-1.7),
.PIECEWISE_BEZIER_KNOTS.) GEOMETRIC_REPRESENTATION_ITEM() 
RATIONAL_B_SPLINE_SURFACE((
    (1.,1.)
    ,(0.707106781187,0.707106781187)
    ,(1.,1.)
    ,(0.707106781187,0.707106781187)
,(1.,1.))) REPRESENTATION_ITEM('') SURFACE() );
#2415 = CARTESIAN_POINT('',(-0.75,0.746483967199,3.2500001));
#2416 = CARTESIAN_POINT('',(-1.05,0.746483967199,3.2500001));
#2417 = CARTESIAN_POINT('',(-0.75,0.746483967199,2.503516132801));
#2418 = CARTESIAN_POINT('',(-1.05,0.746483967199,2.503516132801));
#2419 = CARTESIAN_POINT('',(-0.75,-1.017580808441E-14,2.503516132801));
#2420 = CARTESIAN_POINT('',(-1.05,-9.091414072722E-15,2.503516132801));
#2421 = CARTESIAN_POINT('',(-0.75,-0.746483967199,2.503516132801));
#2422 = CARTESIAN_POINT('',(-1.05,-0.746483967199,2.503516132801));
#2423 = CARTESIAN_POINT('',(-0.75,-0.746483967199,3.2500001));
#2424 = CARTESIAN_POINT('',(-1.05,-0.746483967199,3.2500001));
#2425 = ADVANCED_FACE('',(#2426,#2448),#2459,.F.);
#2426 = FACE_BOUND('',#2427,.T.);
#2427 = EDGE_LOOP('',(#2428,#2435,#2442,#2447));
#2428 = ORIENTED_EDGE('',*,*,#2429,.T.);
#2429 = EDGE_CURVE('',#1884,#2430,#2432,.T.);
#2430 = VERTEX_POINT('',#2431);
#2431 = CARTESIAN_POINT('',(-1.25,-3.25,1.000000504625E-07));
#2432 = B_SPLINE_CURVE_WITH_KNOTS('',1,(#2433,#2434),.UNSPECIFIED.,.F.,
  .F.,(2,2),(0.,6.5),.PIECEWISE_BEZIER_KNOTS.);
#2433 = CARTESIAN_POINT('',(-1.25,-3.25,6.5000001));
#2434 = CARTESIAN_POINT('',(-1.25,-3.25,1.000000504625E-07));
#2435 = ORIENTED_EDGE('',*,*,#2436,.T.);
#2436 = EDGE_CURVE('',#2430,#2437,#2439,.T.);
#2437 = VERTEX_POINT('',#2438);
#2438 = CARTESIAN_POINT('',(-1.25,3.25,1.000000051654E-07));
#2439 = B_SPLINE_CURVE_WITH_KNOTS('',1,(#2440,#2441),.UNSPECIFIED.,.F.,
  .F.,(2,2),(-6.5,0.),.PIECEWISE_BEZIER_KNOTS.);
#2440 = CARTESIAN_POINT('',(-1.25,-3.25,1.000000504625E-07));
#2441 = CARTESIAN_POINT('',(-1.25,3.25,1.000000051654E-07));
#2442 = ORIENTED_EDGE('',*,*,#2443,.T.);
#2443 = EDGE_CURVE('',#2437,#1891,#2444,.T.);
#2444 = B_SPLINE_CURVE_WITH_KNOTS('',1,(#2445,#2446),.UNSPECIFIED.,.F.,
  .F.,(2,2),(-6.5,0.),.PIECEWISE_BEZIER_KNOTS.);
#2445 = CARTESIAN_POINT('',(-1.25,3.25,1.000000047213E-07));
#2446 = CARTESIAN_POINT('',(-1.25,3.25,6.5000001));
#2447 = ORIENTED_EDGE('',*,*,#1890,.T.);
#2448 = FACE_BOUND('',#2449,.T.);
#2449 = EDGE_LOOP('',(#2450,#2451));
#2450 = ORIENTED_EDGE('',*,*,#495,.T.);
#2451 = ORIENTED_EDGE('',*,*,#2452,.T.);
#2452 = EDGE_CURVE('',#489,#496,#2453,.T.);
#2453 = ( BOUNDED_CURVE() B_SPLINE_CURVE(2,(#2454,#2455,#2456,#2457,
#2458),.UNSPECIFIED.,.F.,.F.) B_SPLINE_CURVE_WITH_KNOTS((3,2,3),(
    3.14159265359,4.712388980385,6.28318530718),
.PIECEWISE_BEZIER_KNOTS.) CURVE() GEOMETRIC_REPRESENTATION_ITEM() 
RATIONAL_B_SPLINE_CURVE((1.,0.707106781187,1.,0.707106781187,1.)) 
REPRESENTATION_ITEM('') );
#2454 = CARTESIAN_POINT('',(-1.25,-2.6,3.2500001));
#2455 = CARTESIAN_POINT('',(-1.25,-2.6,5.8500001));
#2456 = CARTESIAN_POINT('',(-1.25,1.447656670111E-14,5.8500001));
#2457 = CARTESIAN_POINT('',(-1.25,2.6,5.8500001));
#2458 = CARTESIAN_POINT('',(-1.25,2.6,3.2500001));
#2459 = B_SPLINE_SURFACE_WITH_KNOTS('',1,1,(
    (#2460,#2461)
    ,(#2462,#2463
    )),.UNSPECIFIED.,.F.,.F.,.F.,(2,2),(2,2),(-3.25,3.25),(-3.25,3.25),
  .PIECEWISE_BEZIER_KNOTS.);
#2460 = CARTESIAN_POINT('',(-1.25,-3.25,6.5000001));
#2461 = CARTESIAN_POINT('',(-1.25,-3.25,1.000000500184E-07));
#2462 = CARTESIAN_POINT('',(-1.25,3.25,6.5000001));
#2463 = CARTESIAN_POINT('',(-1.25,3.25,1.000000047213E-07));
#2464 = ADVANCED_FACE('',(#2465,#2476,#2506,#2536,#2558,#2588),#2618,.T.
  );
#2465 = FACE_BOUND('',#2466,.T.);
#2466 = EDGE_LOOP('',(#2467,#2468));
#2467 = ORIENTED_EDGE('',*,*,#191,.F.);
#2468 = ORIENTED_EDGE('',*,*,#2469,.F.);
#2469 = EDGE_CURVE('',#194,#192,#2470,.T.);
#2470 = ( BOUNDED_CURVE() B_SPLINE_CURVE(2,(#2471,#2472,#2473,#2474,
#2475),.UNSPECIFIED.,.F.,.F.) B_SPLINE_CURVE_WITH_KNOTS((3,2,3),(
    3.14159265359,4.712388980385,6.28318530718),
.PIECEWISE_BEZIER_KNOTS.) CURVE() GEOMETRIC_REPRESENTATION_ITEM() 
RATIONAL_B_SPLINE_CURVE((1.,0.707106781187,1.,0.707106781187,1.)) 
REPRESENTATION_ITEM('') );
#2471 = CARTESIAN_POINT('',(-2.75,-2.,3.2500001));
#2472 = CARTESIAN_POINT('',(-2.75,-2.,5.2500001));
#2473 = CARTESIAN_POINT('',(-2.75,1.581897736488E-14,5.2500001));
#2474 = CARTESIAN_POINT('',(-2.75,2.,5.2500001));
#2475 = CARTESIAN_POINT('',(-2.75,2.,3.2500001));
#2476 = FACE_BOUND('',#2477,.T.);
#2477 = EDGE_LOOP('',(#2478,#2487,#2494,#2501));
#2478 = ORIENTED_EDGE('',*,*,#2479,.T.);
#2479 = EDGE_CURVE('',#2480,#2482,#2484,.T.);
#2480 = VERTEX_POINT('',#2481);
#2481 = CARTESIAN_POINT('',(-2.75,2.09,3.7000001));
#2482 = VERTEX_POINT('',#2483);
#2483 = CARTESIAN_POINT('',(-2.75,2.09,2.8000001));
#2484 = B_SPLINE_CURVE_WITH_KNOTS('',1,(#2485,#2486),.UNSPECIFIED.,.F.,
  .F.,(2,2),(0.,0.9),.PIECEWISE_BEZIER_KNOTS.);
#2485 = CARTESIAN_POINT('',(-2.75,2.09,3.7000001));
#2486 = CARTESIAN_POINT('',(-2.75,2.09,2.8000001));
#2487 = ORIENTED_EDGE('',*,*,#2488,.T.);
#2488 = EDGE_CURVE('',#2482,#2489,#2491,.T.);
#2489 = VERTEX_POINT('',#2490);
#2490 = CARTESIAN_POINT('',(-2.75,2.99,2.8000001));
#2491 = B_SPLINE_CURVE_WITH_KNOTS('',1,(#2492,#2493),.UNSPECIFIED.,.F.,
  .F.,(2,2),(-0.9,0.),.PIECEWISE_BEZIER_KNOTS.);
#2492 = CARTESIAN_POINT('',(-2.75,2.09,2.8000001));
#2493 = CARTESIAN_POINT('',(-2.75,2.99,2.8000001));
#2494 = ORIENTED_EDGE('',*,*,#2495,.T.);
#2495 = EDGE_CURVE('',#2489,#2496,#2498,.T.);
#2496 = VERTEX_POINT('',#2497);
#2497 = CARTESIAN_POINT('',(-2.75,2.99,3.7000001));
#2498 = B_SPLINE_CURVE_WITH_KNOTS('',1,(#2499,#2500),.UNSPECIFIED.,.F.,
  .F.,(2,2),(-0.9,0.),.PIECEWISE_BEZIER_KNOTS.);
#2499 = CARTESIAN_POINT('',(-2.75,2.99,2.8000001));
#2500 = CARTESIAN_POINT('',(-2.75,2.99,3.7000001));
#2501 = ORIENTED_EDGE('',*,*,#2502,.T.);
#2502 = EDGE_CURVE('',#2496,#2480,#2503,.T.);
#2503 = B_SPLINE_CURVE_WITH_KNOTS('',1,(#2504,#2505),.UNSPECIFIED.,.F.,
  .F.,(2,2),(0.,0.9),.PIECEWISE_BEZIER_KNOTS.);
#2504 = CARTESIAN_POINT('',(-2.75,2.99,3.7000001));
#2505 = CARTESIAN_POINT('',(-2.75,2.09,3.7000001));
#2506 = FACE_BOUND('',#2507,.T.);
#2507 = EDGE_LOOP('',(#2508,#2517,#2524,#2531));
#2508 = ORIENTED_EDGE('',*,*,#2509,.T.);
#2509 = EDGE_CURVE('',#2510,#2512,#2514,.T.);
#2510 = VERTEX_POINT('',#2511);
#2511 = CARTESIAN_POINT('',(-2.75,2.09,1.1600001));
#2512 = VERTEX_POINT('',#2513);
#2513 = CARTESIAN_POINT('',(-2.75,2.09,0.2600001));
#2514 = B_SPLINE_CURVE_WITH_KNOTS('',1,(#2515,#2516),.UNSPECIFIED.,.F.,
  .F.,(2,2),(0.,0.9),.PIECEWISE_BEZIER_KNOTS.);
#2515 = CARTESIAN_POINT('',(-2.75,2.09,1.1600001));
#2516 = CARTESIAN_POINT('',(-2.75,2.09,0.2600001));
#2517 = ORIENTED_EDGE('',*,*,#2518,.T.);
#2518 = EDGE_CURVE('',#2512,#2519,#2521,.T.);
#2519 = VERTEX_POINT('',#2520);
#2520 = CARTESIAN_POINT('',(-2.75,2.99,0.2600001));
#2521 = B_SPLINE_CURVE_WITH_KNOTS('',1,(#2522,#2523),.UNSPECIFIED.,.F.,
  .F.,(2,2),(-0.9,0.),.PIECEWISE_BEZIER_KNOTS.);
#2522 = CARTESIAN_POINT('',(-2.75,2.09,0.2600001));
#2523 = CARTESIAN_POINT('',(-2.75,2.99,0.2600001));
#2524 = ORIENTED_EDGE('',*,*,#2525,.T.);
#2525 = EDGE_CURVE('',#2519,#2526,#2528,.T.);
#2526 = VERTEX_POINT('',#2527);
#2527 = CARTESIAN_POINT('',(-2.75,2.99,1.1600001));
#2528 = B_SPLINE_CURVE_WITH_KNOTS('',1,(#2529,#2530),.UNSPECIFIED.,.F.,
  .F.,(2,2),(-0.9,0.),.PIECEWISE_BEZIER_KNOTS.);
#2529 = CARTESIAN_POINT('',(-2.75,2.99,0.2600001));
#2530 = CARTESIAN_POINT('',(-2.75,2.99,1.1600001));
#2531 = ORIENTED_EDGE('',*,*,#2532,.T.);
#2532 = EDGE_CURVE('',#2526,#2510,#2533,.T.);
#2533 = B_SPLINE_CURVE_WITH_KNOTS('',1,(#2534,#2535),.UNSPECIFIED.,.F.,
  .F.,(2,2),(0.,0.9),.PIECEWISE_BEZIER_KNOTS.);
#2534 = CARTESIAN_POINT('',(-2.75,2.99,1.1600001));
#2535 = CARTESIAN_POINT('',(-2.75,2.09,1.1600001));
#2536 = FACE_BOUND('',#2537,.T.);
#2537 = EDGE_LOOP('',(#2538,#2545,#2546,#2553));
#2538 = ORIENTED_EDGE('',*,*,#2539,.F.);
#2539 = EDGE_CURVE('',#1877,#2540,#2542,.T.);
#2540 = VERTEX_POINT('',#2541);
#2541 = CARTESIAN_POINT('',(-2.75,-3.25,1.000000451334E-07));
#2542 = B_SPLINE_CURVE_WITH_KNOTS('',1,(#2543,#2544),.UNSPECIFIED.,.F.,
  .F.,(2,2),(0.,6.5),.PIECEWISE_BEZIER_KNOTS.);
#2543 = CARTESIAN_POINT('',(-2.75,-3.25,6.5000001));
#2544 = CARTESIAN_POINT('',(-2.75,-3.25,1.000000451334E-07));
#2545 = ORIENTED_EDGE('',*,*,#1874,.F.);
#2546 = ORIENTED_EDGE('',*,*,#2547,.F.);
#2547 = EDGE_CURVE('',#2548,#1875,#2550,.T.);
#2548 = VERTEX_POINT('',#2549);
#2549 = CARTESIAN_POINT('',(-2.75,3.25,1.000000002804E-07));
#2550 = B_SPLINE_CURVE_WITH_KNOTS('',1,(#2551,#2552),.UNSPECIFIED.,.F.,
  .F.,(2,2),(-6.5,0.),.PIECEWISE_BEZIER_KNOTS.);
#2551 = CARTESIAN_POINT('',(-2.75,3.25,1.000000002804E-07));
#2552 = CARTESIAN_POINT('',(-2.75,3.25,6.5000001));
#2553 = ORIENTED_EDGE('',*,*,#2554,.F.);
#2554 = EDGE_CURVE('',#2540,#2548,#2555,.T.);
#2555 = B_SPLINE_CURVE_WITH_KNOTS('',1,(#2556,#2557),.UNSPECIFIED.,.F.,
  .F.,(2,2),(-6.5,0.),.PIECEWISE_BEZIER_KNOTS.);
#2556 = CARTESIAN_POINT('',(-2.75,-3.25,1.000000455775E-07));
#2557 = CARTESIAN_POINT('',(-2.75,3.25,1.000000002804E-07));
#2558 = FACE_BOUND('',#2559,.T.);
#2559 = EDGE_LOOP('',(#2560,#2569,#2576,#2583));
#2560 = ORIENTED_EDGE('',*,*,#2561,.F.);
#2561 = EDGE_CURVE('',#2562,#2564,#2566,.T.);
#2562 = VERTEX_POINT('',#2563);
#2563 = CARTESIAN_POINT('',(-2.75,-2.09,0.2600001));
#2564 = VERTEX_POINT('',#2565);
#2565 = CARTESIAN_POINT('',(-2.75,-2.99,0.2600001));
#2566 = B_SPLINE_CURVE_WITH_KNOTS('',1,(#2567,#2568),.UNSPECIFIED.,.F.,
  .F.,(2,2),(-0.9,0.),.PIECEWISE_BEZIER_KNOTS.);
#2567 = CARTESIAN_POINT('',(-2.75,-2.09,0.2600001));
#2568 = CARTESIAN_POINT('',(-2.75,-2.99,0.2600001));
#2569 = ORIENTED_EDGE('',*,*,#2570,.F.);
#2570 = EDGE_CURVE('',#2571,#2562,#2573,.T.);
#2571 = VERTEX_POINT('',#2572);
#2572 = CARTESIAN_POINT('',(-2.75,-2.09,1.1600001));
#2573 = B_SPLINE_CURVE_WITH_KNOTS('',1,(#2574,#2575),.UNSPECIFIED.,.F.,
  .F.,(2,2),(0.,0.9),.PIECEWISE_BEZIER_KNOTS.);
#2574 = CARTESIAN_POINT('',(-2.75,-2.09,1.1600001));
#2575 = CARTESIAN_POINT('',(-2.75,-2.09,0.2600001));
#2576 = ORIENTED_EDGE('',*,*,#2577,.F.);
#2577 = EDGE_CURVE('',#2578,#2571,#2580,.T.);
#2578 = VERTEX_POINT('',#2579);
#2579 = CARTESIAN_POINT('',(-2.75,-2.99,1.1600001));
#2580 = B_SPLINE_CURVE_WITH_KNOTS('',1,(#2581,#2582),.UNSPECIFIED.,.F.,
  .F.,(2,2),(0.,0.9),.PIECEWISE_BEZIER_KNOTS.);
#2581 = CARTESIAN_POINT('',(-2.75,-2.99,1.1600001));
#2582 = CARTESIAN_POINT('',(-2.75,-2.09,1.1600001));
#2583 = ORIENTED_EDGE('',*,*,#2584,.F.);
#2584 = EDGE_CURVE('',#2564,#2578,#2585,.T.);
#2585 = B_SPLINE_CURVE_WITH_KNOTS('',1,(#2586,#2587),.UNSPECIFIED.,.F.,
  .F.,(2,2),(-0.9,0.),.PIECEWISE_BEZIER_KNOTS.);
#2586 = CARTESIAN_POINT('',(-2.75,-2.99,0.2600001));
#2587 = CARTESIAN_POINT('',(-2.75,-2.99,1.1600001));
#2588 = FACE_BOUND('',#2589,.T.);
#2589 = EDGE_LOOP('',(#2590,#2599,#2606,#2613));
#2590 = ORIENTED_EDGE('',*,*,#2591,.F.);
#2591 = EDGE_CURVE('',#2592,#2594,#2596,.T.);
#2592 = VERTEX_POINT('',#2593);
#2593 = CARTESIAN_POINT('',(-2.75,-2.09,2.8000001));
#2594 = VERTEX_POINT('',#2595);
#2595 = CARTESIAN_POINT('',(-2.75,-2.99,2.8000001));
#2596 = B_SPLINE_CURVE_WITH_KNOTS('',1,(#2597,#2598),.UNSPECIFIED.,.F.,
  .F.,(2,2),(-0.9,0.),.PIECEWISE_BEZIER_KNOTS.);
#2597 = CARTESIAN_POINT('',(-2.75,-2.09,2.8000001));
#2598 = CARTESIAN_POINT('',(-2.75,-2.99,2.8000001));
#2599 = ORIENTED_EDGE('',*,*,#2600,.F.);
#2600 = EDGE_CURVE('',#2601,#2592,#2603,.T.);
#2601 = VERTEX_POINT('',#2602);
#2602 = CARTESIAN_POINT('',(-2.75,-2.09,3.7000001));
#2603 = B_SPLINE_CURVE_WITH_KNOTS('',1,(#2604,#2605),.UNSPECIFIED.,.F.,
  .F.,(2,2),(0.,0.9),.PIECEWISE_BEZIER_KNOTS.);
#2604 = CARTESIAN_POINT('',(-2.75,-2.09,3.7000001));
#2605 = CARTESIAN_POINT('',(-2.75,-2.09,2.8000001));
#2606 = ORIENTED_EDGE('',*,*,#2607,.F.);
#2607 = EDGE_CURVE('',#2608,#2601,#2610,.T.);
#2608 = VERTEX_POINT('',#2609);
#2609 = CARTESIAN_POINT('',(-2.75,-2.99,3.7000001));
#2610 = B_SPLINE_CURVE_WITH_KNOTS('',1,(#2611,#2612),.UNSPECIFIED.,.F.,
  .F.,(2,2),(0.,0.9),.PIECEWISE_BEZIER_KNOTS.);
#2611 = CARTESIAN_POINT('',(-2.75,-2.99,3.7000001));
#2612 = CARTESIAN_POINT('',(-2.75,-2.09,3.7000001));
#2613 = ORIENTED_EDGE('',*,*,#2614,.F.);
#2614 = EDGE_CURVE('',#2594,#2608,#2615,.T.);
#2615 = B_SPLINE_CURVE_WITH_KNOTS('',1,(#2616,#2617),.UNSPECIFIED.,.F.,
  .F.,(2,2),(-0.9,0.),.PIECEWISE_BEZIER_KNOTS.);
#2616 = CARTESIAN_POINT('',(-2.75,-2.99,2.8000001));
#2617 = CARTESIAN_POINT('',(-2.75,-2.99,3.7000001));
#2618 = B_SPLINE_SURFACE_WITH_KNOTS('',1,1,(
    (#2619,#2620)
    ,(#2621,#2622
    )),.UNSPECIFIED.,.F.,.F.,.F.,(2,2),(2,2),(-3.25,3.25),(-3.25,3.25),
  .PIECEWISE_BEZIER_KNOTS.);
#2619 = CARTESIAN_POINT('',(-2.75,-3.25,6.5000001));
#2620 = CARTESIAN_POINT('',(-2.75,-3.25,1.000000451334E-07));
#2621 = CARTESIAN_POINT('',(-2.75,3.25,6.5000001));
#2622 = CARTESIAN_POINT('',(-2.75,3.25,9.999999983634E-08));
#2623 = ADVANCED_FACE('',(#2624),#2634,.F.);
#2624 = FACE_BOUND('',#2625,.T.);
#2625 = EDGE_LOOP('',(#2626,#2627,#2632,#2633));
#2626 = ORIENTED_EDGE('',*,*,#2539,.T.);
#2627 = ORIENTED_EDGE('',*,*,#2628,.F.);
#2628 = EDGE_CURVE('',#2430,#2540,#2629,.T.);
#2629 = B_SPLINE_CURVE_WITH_KNOTS('',1,(#2630,#2631),.UNSPECIFIED.,.F.,
  .F.,(2,2),(0.,1.5),.PIECEWISE_BEZIER_KNOTS.);
#2630 = CARTESIAN_POINT('',(-1.25,-3.25,1.000000504625E-07));
#2631 = CARTESIAN_POINT('',(-2.75,-3.25,1.000000451334E-07));
#2632 = ORIENTED_EDGE('',*,*,#2429,.F.);
#2633 = ORIENTED_EDGE('',*,*,#1883,.T.);
#2634 = B_SPLINE_SURFACE_WITH_KNOTS('',1,1,(
    (#2635,#2636)
    ,(#2637,#2638
    )),.UNSPECIFIED.,.F.,.F.,.F.,(2,2),(2,2),(-1.5,0.),(0.,6.5),
  .PIECEWISE_BEZIER_KNOTS.);
#2635 = CARTESIAN_POINT('',(-2.75,-3.25,6.5000001));
#2636 = CARTESIAN_POINT('',(-2.75,-3.25,1.000000451334E-07));
#2637 = CARTESIAN_POINT('',(-1.25,-3.25,6.5000001));
#2638 = CARTESIAN_POINT('',(-1.25,-3.25,1.000000504625E-07));
#2639 = ADVANCED_FACE('',(#2640),#2650,.F.);
#2640 = FACE_BOUND('',#2641,.T.);
#2641 = EDGE_LOOP('',(#2642,#2643,#2648,#2649));
#2642 = ORIENTED_EDGE('',*,*,#2554,.T.);
#2643 = ORIENTED_EDGE('',*,*,#2644,.F.);
#2644 = EDGE_CURVE('',#2437,#2548,#2645,.T.);
#2645 = B_SPLINE_CURVE_WITH_KNOTS('',1,(#2646,#2647),.UNSPECIFIED.,.F.,
  .F.,(2,2),(0.,1.5),.PIECEWISE_BEZIER_KNOTS.);
#2646 = CARTESIAN_POINT('',(-1.25,3.25,1.000000051654E-07));
#2647 = CARTESIAN_POINT('',(-2.75,3.25,9.999999983634E-08));
#2648 = ORIENTED_EDGE('',*,*,#2436,.F.);
#2649 = ORIENTED_EDGE('',*,*,#2628,.T.);
#2650 = B_SPLINE_SURFACE_WITH_KNOTS('',1,1,(
    (#2651,#2652)
    ,(#2653,#2654
    )),.UNSPECIFIED.,.F.,.F.,.F.,(2,2),(2,2),(0.,1.5),(
    -9.184850993609E-17,6.5),.PIECEWISE_BEZIER_KNOTS.);
#2651 = CARTESIAN_POINT('',(-1.25,3.25,1.000000051654E-07));
#2652 = CARTESIAN_POINT('',(-1.25,-3.25,1.000000504625E-07));
#2653 = CARTESIAN_POINT('',(-2.75,3.25,9.999999983634E-08));
#2654 = CARTESIAN_POINT('',(-2.75,-3.25,1.000000451334E-07));
#2655 = ADVANCED_FACE('',(#2656),#2662,.F.);
#2656 = FACE_BOUND('',#2657,.T.);
#2657 = EDGE_LOOP('',(#2658,#2659,#2660,#2661));
#2658 = ORIENTED_EDGE('',*,*,#2547,.T.);
#2659 = ORIENTED_EDGE('',*,*,#1897,.F.);
#2660 = ORIENTED_EDGE('',*,*,#2443,.F.);
#2661 = ORIENTED_EDGE('',*,*,#2644,.T.);
#2662 = B_SPLINE_SURFACE_WITH_KNOTS('',1,1,(
    (#2663,#2664)
    ,(#2665,#2666
    )),.UNSPECIFIED.,.F.,.F.,.F.,(2,2),(2,2),(-1.759656047979E-16,1.5),(
    0.,6.5),.PIECEWISE_BEZIER_KNOTS.);
#2663 = CARTESIAN_POINT('',(-1.25,3.25,6.5000001));
#2664 = CARTESIAN_POINT('',(-1.25,3.25,1.000000047213E-07));
#2665 = CARTESIAN_POINT('',(-2.75,3.25,6.5000001));
#2666 = CARTESIAN_POINT('',(-2.75,3.25,9.999999939225E-08));
#2667 = ADVANCED_FACE('',(#2668),#2690,.F.);
#2668 = FACE_BOUND('',#2669,.T.);
#2669 = EDGE_LOOP('',(#2670,#2671,#2678,#2685));
#2670 = ORIENTED_EDGE('',*,*,#2570,.T.);
#2671 = ORIENTED_EDGE('',*,*,#2672,.F.);
#2672 = EDGE_CURVE('',#2673,#2562,#2675,.T.);
#2673 = VERTEX_POINT('',#2674);
#2674 = CARTESIAN_POINT('',(-6.75,-2.09,0.2600001));
#2675 = B_SPLINE_CURVE_WITH_KNOTS('',1,(#2676,#2677),.UNSPECIFIED.,.F.,
  .F.,(2,2),(0.,4.),.PIECEWISE_BEZIER_KNOTS.);
#2676 = CARTESIAN_POINT('',(-6.75,-2.09,0.2600001));
#2677 = CARTESIAN_POINT('',(-2.75,-2.09,0.2600001));
#2678 = ORIENTED_EDGE('',*,*,#2679,.F.);
#2679 = EDGE_CURVE('',#2680,#2673,#2682,.T.);
#2680 = VERTEX_POINT('',#2681);
#2681 = CARTESIAN_POINT('',(-6.75,-2.09,1.1600001));
#2682 = B_SPLINE_CURVE_WITH_KNOTS('',1,(#2683,#2684),.UNSPECIFIED.,.F.,
  .F.,(2,2),(0.,0.9),.PIECEWISE_BEZIER_KNOTS.);
#2683 = CARTESIAN_POINT('',(-6.75,-2.09,1.1600001));
#2684 = CARTESIAN_POINT('',(-6.75,-2.09,0.2600001));
#2685 = ORIENTED_EDGE('',*,*,#2686,.T.);
#2686 = EDGE_CURVE('',#2680,#2571,#2687,.T.);
#2687 = B_SPLINE_CURVE_WITH_KNOTS('',1,(#2688,#2689),.UNSPECIFIED.,.F.,
  .F.,(2,2),(0.,4.),.PIECEWISE_BEZIER_KNOTS.);
#2688 = CARTESIAN_POINT('',(-6.75,-2.09,1.1600001));
#2689 = CARTESIAN_POINT('',(-2.75,-2.09,1.1600001));
#2690 = B_SPLINE_SURFACE_WITH_KNOTS('',1,1,(
    (#2691,#2692)
    ,(#2693,#2694
    )),.UNSPECIFIED.,.F.,.F.,.F.,(2,2),(2,2),(-4.,0.),(0.,0.9),
  .PIECEWISE_BEZIER_KNOTS.);
#2691 = CARTESIAN_POINT('',(-2.75,-2.09,1.1600001));
#2692 = CARTESIAN_POINT('',(-2.75,-2.09,0.2600001));
#2693 = CARTESIAN_POINT('',(-6.75,-2.09,1.1600001));
#2694 = CARTESIAN_POINT('',(-6.75,-2.09,0.2600001));
#2695 = ADVANCED_FACE('',(#2696),#2712,.F.);
#2696 = FACE_BOUND('',#2697,.T.);
#2697 = EDGE_LOOP('',(#2698,#2699,#2706,#2711));
#2698 = ORIENTED_EDGE('',*,*,#2561,.T.);
#2699 = ORIENTED_EDGE('',*,*,#2700,.F.);
#2700 = EDGE_CURVE('',#2701,#2564,#2703,.T.);
#2701 = VERTEX_POINT('',#2702);
#2702 = CARTESIAN_POINT('',(-6.75,-2.99,0.2600001));
#2703 = B_SPLINE_CURVE_WITH_KNOTS('',1,(#2704,#2705),.UNSPECIFIED.,.F.,
  .F.,(2,2),(0.,4.),.PIECEWISE_BEZIER_KNOTS.);
#2704 = CARTESIAN_POINT('',(-6.75,-2.99,0.2600001));
#2705 = CARTESIAN_POINT('',(-2.75,-2.99,0.2600001));
#2706 = ORIENTED_EDGE('',*,*,#2707,.F.);
#2707 = EDGE_CURVE('',#2673,#2701,#2708,.T.);
#2708 = B_SPLINE_CURVE_WITH_KNOTS('',1,(#2709,#2710),.UNSPECIFIED.,.F.,
  .F.,(2,2),(-0.9,0.),.PIECEWISE_BEZIER_KNOTS.);
#2709 = CARTESIAN_POINT('',(-6.75,-2.09,0.2600001));
#2710 = CARTESIAN_POINT('',(-6.75,-2.99,0.2600001));
#2711 = ORIENTED_EDGE('',*,*,#2672,.T.);
#2712 = B_SPLINE_SURFACE_WITH_KNOTS('',1,1,(
    (#2713,#2714)
    ,(#2715,#2716
    )),.UNSPECIFIED.,.F.,.F.,.F.,(2,2),(2,2),(-4.,0.),(-0.9,0.),
  .PIECEWISE_BEZIER_KNOTS.);
#2713 = CARTESIAN_POINT('',(-2.75,-2.09,0.2600001));
#2714 = CARTESIAN_POINT('',(-2.75,-2.99,0.2600001));
#2715 = CARTESIAN_POINT('',(-6.75,-2.09,0.2600001));
#2716 = CARTESIAN_POINT('',(-6.75,-2.99,0.2600001));
#2717 = ADVANCED_FACE('',(#2718),#2734,.F.);
#2718 = FACE_BOUND('',#2719,.T.);
#2719 = EDGE_LOOP('',(#2720,#2721,#2728,#2733));
#2720 = ORIENTED_EDGE('',*,*,#2584,.T.);
#2721 = ORIENTED_EDGE('',*,*,#2722,.F.);
#2722 = EDGE_CURVE('',#2723,#2578,#2725,.T.);
#2723 = VERTEX_POINT('',#2724);
#2724 = CARTESIAN_POINT('',(-6.75,-2.99,1.1600001));
#2725 = B_SPLINE_CURVE_WITH_KNOTS('',1,(#2726,#2727),.UNSPECIFIED.,.F.,
  .F.,(2,2),(0.,4.),.PIECEWISE_BEZIER_KNOTS.);
#2726 = CARTESIAN_POINT('',(-6.75,-2.99,1.1600001));
#2727 = CARTESIAN_POINT('',(-2.75,-2.99,1.1600001));
#2728 = ORIENTED_EDGE('',*,*,#2729,.F.);
#2729 = EDGE_CURVE('',#2701,#2723,#2730,.T.);
#2730 = B_SPLINE_CURVE_WITH_KNOTS('',1,(#2731,#2732),.UNSPECIFIED.,.F.,
  .F.,(2,2),(-0.9,0.),.PIECEWISE_BEZIER_KNOTS.);
#2731 = CARTESIAN_POINT('',(-6.75,-2.99,0.2600001));
#2732 = CARTESIAN_POINT('',(-6.75,-2.99,1.1600001));
#2733 = ORIENTED_EDGE('',*,*,#2700,.T.);
#2734 = B_SPLINE_SURFACE_WITH_KNOTS('',1,1,(
    (#2735,#2736)
    ,(#2737,#2738
    )),.UNSPECIFIED.,.F.,.F.,.F.,(2,2),(2,2),(0.,4.),(0.,0.9),
  .PIECEWISE_BEZIER_KNOTS.);
#2735 = CARTESIAN_POINT('',(-6.75,-2.99,1.1600001));
#2736 = CARTESIAN_POINT('',(-6.75,-2.99,0.2600001));
#2737 = CARTESIAN_POINT('',(-2.75,-2.99,1.1600001));
#2738 = CARTESIAN_POINT('',(-2.75,-2.99,0.2600001));
#2739 = ADVANCED_FACE('',(#2740),#2750,.F.);
#2740 = FACE_BOUND('',#2741,.T.);
#2741 = EDGE_LOOP('',(#2742,#2743,#2744,#2749));
#2742 = ORIENTED_EDGE('',*,*,#2577,.T.);
#2743 = ORIENTED_EDGE('',*,*,#2686,.F.);
#2744 = ORIENTED_EDGE('',*,*,#2745,.F.);
#2745 = EDGE_CURVE('',#2723,#2680,#2746,.T.);
#2746 = B_SPLINE_CURVE_WITH_KNOTS('',1,(#2747,#2748),.UNSPECIFIED.,.F.,
  .F.,(2,2),(0.,0.9),.PIECEWISE_BEZIER_KNOTS.);
#2747 = CARTESIAN_POINT('',(-6.75,-2.99,1.1600001));
#2748 = CARTESIAN_POINT('',(-6.75,-2.09,1.1600001));
#2749 = ORIENTED_EDGE('',*,*,#2722,.T.);
#2750 = B_SPLINE_SURFACE_WITH_KNOTS('',1,1,(
    (#2751,#2752)
    ,(#2753,#2754
    )),.UNSPECIFIED.,.F.,.F.,.F.,(2,2),(2,2),(0.,4.),(-0.9,0.),
  .PIECEWISE_BEZIER_KNOTS.);
#2751 = CARTESIAN_POINT('',(-6.75,-2.09,1.1600001));
#2752 = CARTESIAN_POINT('',(-6.75,-2.99,1.1600001));
#2753 = CARTESIAN_POINT('',(-2.75,-2.09,1.1600001));
#2754 = CARTESIAN_POINT('',(-2.75,-2.99,1.1600001));
#2755 = ADVANCED_FACE('',(#2756),#2762,.F.);
#2756 = FACE_BOUND('',#2757,.T.);
#2757 = EDGE_LOOP('',(#2758,#2759,#2760,#2761));
#2758 = ORIENTED_EDGE('',*,*,#2679,.T.);
#2759 = ORIENTED_EDGE('',*,*,#2707,.T.);
#2760 = ORIENTED_EDGE('',*,*,#2729,.T.);
#2761 = ORIENTED_EDGE('',*,*,#2745,.T.);
#2762 = B_SPLINE_SURFACE_WITH_KNOTS('',1,1,(
    (#2763,#2764)
    ,(#2765,#2766
    )),.UNSPECIFIED.,.F.,.F.,.F.,(2,2),(2,2),(2.09,2.99),(2.09,2.99),
  .PIECEWISE_BEZIER_KNOTS.);
#2763 = CARTESIAN_POINT('',(-6.75,-2.09,1.1600001));
#2764 = CARTESIAN_POINT('',(-6.75,-2.09,0.2600001));
#2765 = CARTESIAN_POINT('',(-6.75,-2.99,1.1600001));
#2766 = CARTESIAN_POINT('',(-6.75,-2.99,0.2600001));
#2767 = ADVANCED_FACE('',(#2768),#2790,.T.);
#2768 = FACE_BOUND('',#2769,.T.);
#2769 = EDGE_LOOP('',(#2770,#2771,#2778,#2785));
#2770 = ORIENTED_EDGE('',*,*,#2509,.F.);
#2771 = ORIENTED_EDGE('',*,*,#2772,.F.);
#2772 = EDGE_CURVE('',#2773,#2510,#2775,.T.);
#2773 = VERTEX_POINT('',#2774);
#2774 = CARTESIAN_POINT('',(-6.75,2.09,1.1600001));
#2775 = B_SPLINE_CURVE_WITH_KNOTS('',1,(#2776,#2777),.UNSPECIFIED.,.F.,
  .F.,(2,2),(0.,4.),.PIECEWISE_BEZIER_KNOTS.);
#2776 = CARTESIAN_POINT('',(-6.75,2.09,1.1600001));
#2777 = CARTESIAN_POINT('',(-2.75,2.09,1.1600001));
#2778 = ORIENTED_EDGE('',*,*,#2779,.T.);
#2779 = EDGE_CURVE('',#2773,#2780,#2782,.T.);
#2780 = VERTEX_POINT('',#2781);
#2781 = CARTESIAN_POINT('',(-6.75,2.09,0.2600001));
#2782 = B_SPLINE_CURVE_WITH_KNOTS('',1,(#2783,#2784),.UNSPECIFIED.,.F.,
  .F.,(2,2),(0.,0.9),.PIECEWISE_BEZIER_KNOTS.);
#2783 = CARTESIAN_POINT('',(-6.75,2.09,1.1600001));
#2784 = CARTESIAN_POINT('',(-6.75,2.09,0.2600001));
#2785 = ORIENTED_EDGE('',*,*,#2786,.T.);
#2786 = EDGE_CURVE('',#2780,#2512,#2787,.T.);
#2787 = B_SPLINE_CURVE_WITH_KNOTS('',1,(#2788,#2789),.UNSPECIFIED.,.F.,
  .F.,(2,2),(0.,4.),.PIECEWISE_BEZIER_KNOTS.);
#2788 = CARTESIAN_POINT('',(-6.75,2.09,0.2600001));
#2789 = CARTESIAN_POINT('',(-2.75,2.09,0.2600001));
#2790 = B_SPLINE_SURFACE_WITH_KNOTS('',1,1,(
    (#2791,#2792)
    ,(#2793,#2794
    )),.UNSPECIFIED.,.F.,.F.,.F.,(2,2),(2,2),(-4.,4.777979458584E-16),(
    0.,0.9),.PIECEWISE_BEZIER_KNOTS.);
#2791 = CARTESIAN_POINT('',(-2.75,2.09,1.1600001));
#2792 = CARTESIAN_POINT('',(-2.75,2.09,0.2600001));
#2793 = CARTESIAN_POINT('',(-6.75,2.09,1.1600001));
#2794 = CARTESIAN_POINT('',(-6.75,2.09,0.2600001));
#2795 = ADVANCED_FACE('',(#2796),#2812,.T.);
#2796 = FACE_BOUND('',#2797,.T.);
#2797 = EDGE_LOOP('',(#2798,#2799,#2806,#2811));
#2798 = ORIENTED_EDGE('',*,*,#2532,.F.);
#2799 = ORIENTED_EDGE('',*,*,#2800,.F.);
#2800 = EDGE_CURVE('',#2801,#2526,#2803,.T.);
#2801 = VERTEX_POINT('',#2802);
#2802 = CARTESIAN_POINT('',(-6.75,2.99,1.1600001));
#2803 = B_SPLINE_CURVE_WITH_KNOTS('',1,(#2804,#2805),.UNSPECIFIED.,.F.,
  .F.,(2,2),(0.,4.),.PIECEWISE_BEZIER_KNOTS.);
#2804 = CARTESIAN_POINT('',(-6.75,2.99,1.1600001));
#2805 = CARTESIAN_POINT('',(-2.75,2.99,1.1600001));
#2806 = ORIENTED_EDGE('',*,*,#2807,.T.);
#2807 = EDGE_CURVE('',#2801,#2773,#2808,.T.);
#2808 = B_SPLINE_CURVE_WITH_KNOTS('',1,(#2809,#2810),.UNSPECIFIED.,.F.,
  .F.,(2,2),(0.,0.9),.PIECEWISE_BEZIER_KNOTS.);
#2809 = CARTESIAN_POINT('',(-6.75,2.99,1.1600001));
#2810 = CARTESIAN_POINT('',(-6.75,2.09,1.1600001));
#2811 = ORIENTED_EDGE('',*,*,#2772,.T.);
#2812 = B_SPLINE_SURFACE_WITH_KNOTS('',1,1,(
    (#2813,#2814)
    ,(#2815,#2816
    )),.UNSPECIFIED.,.F.,.F.,.F.,(2,2),(2,2),(-4.,6.642376458436E-32),(
    -2.952167314861E-31,0.9),.PIECEWISE_BEZIER_KNOTS.);
#2813 = CARTESIAN_POINT('',(-2.75,2.99,1.1600001));
#2814 = CARTESIAN_POINT('',(-2.75,2.09,1.1600001));
#2815 = CARTESIAN_POINT('',(-6.75,2.99,1.1600001));
#2816 = CARTESIAN_POINT('',(-6.75,2.09,1.1600001));
#2817 = ADVANCED_FACE('',(#2818),#2834,.T.);
#2818 = FACE_BOUND('',#2819,.T.);
#2819 = EDGE_LOOP('',(#2820,#2821,#2828,#2833));
#2820 = ORIENTED_EDGE('',*,*,#2525,.F.);
#2821 = ORIENTED_EDGE('',*,*,#2822,.F.);
#2822 = EDGE_CURVE('',#2823,#2519,#2825,.T.);
#2823 = VERTEX_POINT('',#2824);
#2824 = CARTESIAN_POINT('',(-6.75,2.99,0.2600001));
#2825 = B_SPLINE_CURVE_WITH_KNOTS('',1,(#2826,#2827),.UNSPECIFIED.,.F.,
  .F.,(2,2),(0.,4.),.PIECEWISE_BEZIER_KNOTS.);
#2826 = CARTESIAN_POINT('',(-6.75,2.99,0.2600001));
#2827 = CARTESIAN_POINT('',(-2.75,2.99,0.2600001));
#2828 = ORIENTED_EDGE('',*,*,#2829,.T.);
#2829 = EDGE_CURVE('',#2823,#2801,#2830,.T.);
#2830 = B_SPLINE_CURVE_WITH_KNOTS('',1,(#2831,#2832),.UNSPECIFIED.,.F.,
  .F.,(2,2),(-0.9,0.),.PIECEWISE_BEZIER_KNOTS.);
#2831 = CARTESIAN_POINT('',(-6.75,2.99,0.2600001));
#2832 = CARTESIAN_POINT('',(-6.75,2.99,1.1600001));
#2833 = ORIENTED_EDGE('',*,*,#2800,.T.);
#2834 = B_SPLINE_SURFACE_WITH_KNOTS('',1,1,(
    (#2835,#2836)
    ,(#2837,#2838
    )),.UNSPECIFIED.,.F.,.F.,.F.,(2,2),(2,2),(0.,4.),(0.,0.9),
  .PIECEWISE_BEZIER_KNOTS.);
#2835 = CARTESIAN_POINT('',(-6.75,2.99,1.1600001));
#2836 = CARTESIAN_POINT('',(-6.75,2.99,0.2600001));
#2837 = CARTESIAN_POINT('',(-2.75,2.99,1.1600001));
#2838 = CARTESIAN_POINT('',(-2.75,2.99,0.2600001));
#2839 = ADVANCED_FACE('',(#2840),#2850,.T.);
#2840 = FACE_BOUND('',#2841,.T.);
#2841 = EDGE_LOOP('',(#2842,#2843,#2844,#2849));
#2842 = ORIENTED_EDGE('',*,*,#2518,.F.);
#2843 = ORIENTED_EDGE('',*,*,#2786,.F.);
#2844 = ORIENTED_EDGE('',*,*,#2845,.T.);
#2845 = EDGE_CURVE('',#2780,#2823,#2846,.T.);
#2846 = B_SPLINE_CURVE_WITH_KNOTS('',1,(#2847,#2848),.UNSPECIFIED.,.F.,
  .F.,(2,2),(-0.9,0.),.PIECEWISE_BEZIER_KNOTS.);
#2847 = CARTESIAN_POINT('',(-6.75,2.09,0.2600001));
#2848 = CARTESIAN_POINT('',(-6.75,2.99,0.2600001));
#2849 = ORIENTED_EDGE('',*,*,#2822,.T.);
#2850 = B_SPLINE_SURFACE_WITH_KNOTS('',1,1,(
    (#2851,#2852)
    ,(#2853,#2854
    )),.UNSPECIFIED.,.F.,.F.,.F.,(2,2),(2,2),(-4.103804738417E-16,4.),(
    -1.991598500205E-16,0.9),.PIECEWISE_BEZIER_KNOTS.);
#2851 = CARTESIAN_POINT('',(-6.75,2.99,0.2600001));
#2852 = CARTESIAN_POINT('',(-6.75,2.09,0.2600001));
#2853 = CARTESIAN_POINT('',(-2.75,2.99,0.2600001));
#2854 = CARTESIAN_POINT('',(-2.75,2.09,0.2600001));
#2855 = ADVANCED_FACE('',(#2856),#2862,.F.);
#2856 = FACE_BOUND('',#2857,.T.);
#2857 = EDGE_LOOP('',(#2858,#2859,#2860,#2861));
#2858 = ORIENTED_EDGE('',*,*,#2779,.F.);
#2859 = ORIENTED_EDGE('',*,*,#2807,.F.);
#2860 = ORIENTED_EDGE('',*,*,#2829,.F.);
#2861 = ORIENTED_EDGE('',*,*,#2845,.F.);
#2862 = B_SPLINE_SURFACE_WITH_KNOTS('',1,1,(
    (#2863,#2864)
    ,(#2865,#2866
    )),.UNSPECIFIED.,.F.,.F.,.F.,(2,2),(2,2),(2.09,2.99),(-2.99,-2.09),
  .PIECEWISE_BEZIER_KNOTS.);
#2863 = CARTESIAN_POINT('',(-6.75,2.09,0.2600001));
#2864 = CARTESIAN_POINT('',(-6.75,2.09,1.1600001));
#2865 = CARTESIAN_POINT('',(-6.75,2.99,0.2600001));
#2866 = CARTESIAN_POINT('',(-6.75,2.99,1.1600001));
#2867 = ADVANCED_FACE('',(#2868),#2890,.T.);
#2868 = FACE_BOUND('',#2869,.T.);
#2869 = EDGE_LOOP('',(#2870,#2871,#2878,#2885));
#2870 = ORIENTED_EDGE('',*,*,#2479,.F.);
#2871 = ORIENTED_EDGE('',*,*,#2872,.F.);
#2872 = EDGE_CURVE('',#2873,#2480,#2875,.T.);
#2873 = VERTEX_POINT('',#2874);
#2874 = CARTESIAN_POINT('',(-6.75,2.09,3.7000001));
#2875 = B_SPLINE_CURVE_WITH_KNOTS('',1,(#2876,#2877),.UNSPECIFIED.,.F.,
  .F.,(2,2),(0.,4.),.PIECEWISE_BEZIER_KNOTS.);
#2876 = CARTESIAN_POINT('',(-6.75,2.09,3.7000001));
#2877 = CARTESIAN_POINT('',(-2.75,2.09,3.7000001));
#2878 = ORIENTED_EDGE('',*,*,#2879,.T.);
#2879 = EDGE_CURVE('',#2873,#2880,#2882,.T.);
#2880 = VERTEX_POINT('',#2881);
#2881 = CARTESIAN_POINT('',(-6.75,2.09,2.8000001));
#2882 = B_SPLINE_CURVE_WITH_KNOTS('',1,(#2883,#2884),.UNSPECIFIED.,.F.,
  .F.,(2,2),(0.,0.9),.PIECEWISE_BEZIER_KNOTS.);
#2883 = CARTESIAN_POINT('',(-6.75,2.09,3.7000001));
#2884 = CARTESIAN_POINT('',(-6.75,2.09,2.8000001));
#2885 = ORIENTED_EDGE('',*,*,#2886,.T.);
#2886 = EDGE_CURVE('',#2880,#2482,#2887,.T.);
#2887 = B_SPLINE_CURVE_WITH_KNOTS('',1,(#2888,#2889),.UNSPECIFIED.,.F.,
  .F.,(2,2),(0.,4.),.PIECEWISE_BEZIER_KNOTS.);
#2888 = CARTESIAN_POINT('',(-6.75,2.09,2.8000001));
#2889 = CARTESIAN_POINT('',(-2.75,2.09,2.8000001));
#2890 = B_SPLINE_SURFACE_WITH_KNOTS('',1,1,(
    (#2891,#2892)
    ,(#2893,#2894
    )),.UNSPECIFIED.,.F.,.F.,.F.,(2,2),(2,2),(-4.,4.777979458584E-16),(
    -2.288475490434E-17,0.9),.PIECEWISE_BEZIER_KNOTS.);
#2891 = CARTESIAN_POINT('',(-2.75,2.09,3.7000001));
#2892 = CARTESIAN_POINT('',(-2.75,2.09,2.8000001));
#2893 = CARTESIAN_POINT('',(-6.75,2.09,3.7000001));
#2894 = CARTESIAN_POINT('',(-6.75,2.09,2.8000001));
#2895 = ADVANCED_FACE('',(#2896),#2912,.T.);
#2896 = FACE_BOUND('',#2897,.T.);
#2897 = EDGE_LOOP('',(#2898,#2899,#2906,#2911));
#2898 = ORIENTED_EDGE('',*,*,#2502,.F.);
#2899 = ORIENTED_EDGE('',*,*,#2900,.F.);
#2900 = EDGE_CURVE('',#2901,#2496,#2903,.T.);
#2901 = VERTEX_POINT('',#2902);
#2902 = CARTESIAN_POINT('',(-6.75,2.99,3.7000001));
#2903 = B_SPLINE_CURVE_WITH_KNOTS('',1,(#2904,#2905),.UNSPECIFIED.,.F.,
  .F.,(2,2),(0.,4.),.PIECEWISE_BEZIER_KNOTS.);
#2904 = CARTESIAN_POINT('',(-6.75,2.99,3.7000001));
#2905 = CARTESIAN_POINT('',(-2.75,2.99,3.7000001));
#2906 = ORIENTED_EDGE('',*,*,#2907,.T.);
#2907 = EDGE_CURVE('',#2901,#2873,#2908,.T.);
#2908 = B_SPLINE_CURVE_WITH_KNOTS('',1,(#2909,#2910),.UNSPECIFIED.,.F.,
  .F.,(2,2),(0.,0.9),.PIECEWISE_BEZIER_KNOTS.);
#2909 = CARTESIAN_POINT('',(-6.75,2.99,3.7000001));
#2910 = CARTESIAN_POINT('',(-6.75,2.09,3.7000001));
#2911 = ORIENTED_EDGE('',*,*,#2872,.T.);
#2912 = B_SPLINE_SURFACE_WITH_KNOTS('',1,1,(
    (#2913,#2914)
    ,(#2915,#2916
    )),.UNSPECIFIED.,.F.,.F.,.F.,(2,2),(2,2),(-4.,6.642376458436E-32),(
    -2.952167314861E-31,0.9),.PIECEWISE_BEZIER_KNOTS.);
#2913 = CARTESIAN_POINT('',(-2.75,2.99,3.7000001));
#2914 = CARTESIAN_POINT('',(-2.75,2.09,3.7000001));
#2915 = CARTESIAN_POINT('',(-6.75,2.99,3.7000001));
#2916 = CARTESIAN_POINT('',(-6.75,2.09,3.7000001));
#2917 = ADVANCED_FACE('',(#2918),#2934,.T.);
#2918 = FACE_BOUND('',#2919,.T.);
#2919 = EDGE_LOOP('',(#2920,#2921,#2928,#2933));
#2920 = ORIENTED_EDGE('',*,*,#2495,.F.);
#2921 = ORIENTED_EDGE('',*,*,#2922,.F.);
#2922 = EDGE_CURVE('',#2923,#2489,#2925,.T.);
#2923 = VERTEX_POINT('',#2924);
#2924 = CARTESIAN_POINT('',(-6.75,2.99,2.8000001));
#2925 = B_SPLINE_CURVE_WITH_KNOTS('',1,(#2926,#2927),.UNSPECIFIED.,.F.,
  .F.,(2,2),(0.,4.),.PIECEWISE_BEZIER_KNOTS.);
#2926 = CARTESIAN_POINT('',(-6.75,2.99,2.8000001));
#2927 = CARTESIAN_POINT('',(-2.75,2.99,2.8000001));
#2928 = ORIENTED_EDGE('',*,*,#2929,.T.);
#2929 = EDGE_CURVE('',#2923,#2901,#2930,.T.);
#2930 = B_SPLINE_CURVE_WITH_KNOTS('',1,(#2931,#2932),.UNSPECIFIED.,.F.,
  .F.,(2,2),(-0.9,0.),.PIECEWISE_BEZIER_KNOTS.);
#2931 = CARTESIAN_POINT('',(-6.75,2.99,2.8000001));
#2932 = CARTESIAN_POINT('',(-6.75,2.99,3.7000001));
#2933 = ORIENTED_EDGE('',*,*,#2900,.T.);
#2934 = B_SPLINE_SURFACE_WITH_KNOTS('',1,1,(
    (#2935,#2936)
    ,(#2937,#2938
    )),.UNSPECIFIED.,.F.,.F.,.F.,(2,2),(2,2),(0.,4.),(0.,0.9),
  .PIECEWISE_BEZIER_KNOTS.);
#2935 = CARTESIAN_POINT('',(-6.75,2.99,3.7000001));
#2936 = CARTESIAN_POINT('',(-6.75,2.99,2.8000001));
#2937 = CARTESIAN_POINT('',(-2.75,2.99,3.7000001));
#2938 = CARTESIAN_POINT('',(-2.75,2.99,2.8000001));
#2939 = ADVANCED_FACE('',(#2940),#2950,.T.);
#2940 = FACE_BOUND('',#2941,.T.);
#2941 = EDGE_LOOP('',(#2942,#2943,#2944,#2949));
#2942 = ORIENTED_EDGE('',*,*,#2488,.F.);
#2943 = ORIENTED_EDGE('',*,*,#2886,.F.);
#2944 = ORIENTED_EDGE('',*,*,#2945,.T.);
#2945 = EDGE_CURVE('',#2880,#2923,#2946,.T.);
#2946 = B_SPLINE_CURVE_WITH_KNOTS('',1,(#2947,#2948),.UNSPECIFIED.,.F.,
  .F.,(2,2),(-0.9,0.),.PIECEWISE_BEZIER_KNOTS.);
#2947 = CARTESIAN_POINT('',(-6.75,2.09,2.8000001));
#2948 = CARTESIAN_POINT('',(-6.75,2.99,2.8000001));
#2949 = ORIENTED_EDGE('',*,*,#2922,.T.);
#2950 = B_SPLINE_SURFACE_WITH_KNOTS('',1,1,(
    (#2951,#2952)
    ,(#2953,#2954
    )),.UNSPECIFIED.,.F.,.F.,.F.,(2,2),(2,2),(-4.103804738417E-16,4.),(
    -1.991598500205E-16,0.9),.PIECEWISE_BEZIER_KNOTS.);
#2951 = CARTESIAN_POINT('',(-6.75,2.99,2.8000001));
#2952 = CARTESIAN_POINT('',(-6.75,2.09,2.8000001));
#2953 = CARTESIAN_POINT('',(-2.75,2.99,2.8000001));
#2954 = CARTESIAN_POINT('',(-2.75,2.09,2.8000001));
#2955 = ADVANCED_FACE('',(#2956),#2962,.F.);
#2956 = FACE_BOUND('',#2957,.T.);
#2957 = EDGE_LOOP('',(#2958,#2959,#2960,#2961));
#2958 = ORIENTED_EDGE('',*,*,#2879,.F.);
#2959 = ORIENTED_EDGE('',*,*,#2907,.F.);
#2960 = ORIENTED_EDGE('',*,*,#2929,.F.);
#2961 = ORIENTED_EDGE('',*,*,#2945,.F.);
#2962 = B_SPLINE_SURFACE_WITH_KNOTS('',1,1,(
    (#2963,#2964)
    ,(#2965,#2966
    )),.UNSPECIFIED.,.F.,.F.,.F.,(2,2),(2,2),(2.09,2.99),(-2.99,-2.09),
  .PIECEWISE_BEZIER_KNOTS.);
#2963 = CARTESIAN_POINT('',(-6.75,2.09,2.8000001));
#2964 = CARTESIAN_POINT('',(-6.75,2.09,3.7000001));
#2965 = CARTESIAN_POINT('',(-6.75,2.99,2.8000001));
#2966 = CARTESIAN_POINT('',(-6.75,2.99,3.7000001));
#2967 = ADVANCED_FACE('',(#2968),#2990,.F.);
#2968 = FACE_BOUND('',#2969,.T.);
#2969 = EDGE_LOOP('',(#2970,#2971,#2978,#2985));
#2970 = ORIENTED_EDGE('',*,*,#2600,.T.);
#2971 = ORIENTED_EDGE('',*,*,#2972,.F.);
#2972 = EDGE_CURVE('',#2973,#2592,#2975,.T.);
#2973 = VERTEX_POINT('',#2974);
#2974 = CARTESIAN_POINT('',(-6.75,-2.09,2.8000001));
#2975 = B_SPLINE_CURVE_WITH_KNOTS('',1,(#2976,#2977),.UNSPECIFIED.,.F.,
  .F.,(2,2),(0.,4.),.PIECEWISE_BEZIER_KNOTS.);
#2976 = CARTESIAN_POINT('',(-6.75,-2.09,2.8000001));
#2977 = CARTESIAN_POINT('',(-2.75,-2.09,2.8000001));
#2978 = ORIENTED_EDGE('',*,*,#2979,.F.);
#2979 = EDGE_CURVE('',#2980,#2973,#2982,.T.);
#2980 = VERTEX_POINT('',#2981);
#2981 = CARTESIAN_POINT('',(-6.75,-2.09,3.7000001));
#2982 = B_SPLINE_CURVE_WITH_KNOTS('',1,(#2983,#2984),.UNSPECIFIED.,.F.,
  .F.,(2,2),(0.,0.9),.PIECEWISE_BEZIER_KNOTS.);
#2983 = CARTESIAN_POINT('',(-6.75,-2.09,3.7000001));
#2984 = CARTESIAN_POINT('',(-6.75,-2.09,2.8000001));
#2985 = ORIENTED_EDGE('',*,*,#2986,.T.);
#2986 = EDGE_CURVE('',#2980,#2601,#2987,.T.);
#2987 = B_SPLINE_CURVE_WITH_KNOTS('',1,(#2988,#2989),.UNSPECIFIED.,.F.,
  .F.,(2,2),(0.,4.),.PIECEWISE_BEZIER_KNOTS.);
#2988 = CARTESIAN_POINT('',(-6.75,-2.09,3.7000001));
#2989 = CARTESIAN_POINT('',(-2.75,-2.09,3.7000001));
#2990 = B_SPLINE_SURFACE_WITH_KNOTS('',1,1,(
    (#2991,#2992)
    ,(#2993,#2994
    )),.UNSPECIFIED.,.F.,.F.,.F.,(2,2),(2,2),(-4.,4.777979458584E-16),(
    -2.288475490434E-17,0.9),.PIECEWISE_BEZIER_KNOTS.);
#2991 = CARTESIAN_POINT('',(-2.75,-2.09,3.7000001));
#2992 = CARTESIAN_POINT('',(-2.75,-2.09,2.8000001));
#2993 = CARTESIAN_POINT('',(-6.75,-2.09,3.7000001));
#2994 = CARTESIAN_POINT('',(-6.75,-2.09,2.8000001));
#2995 = ADVANCED_FACE('',(#2996),#3012,.F.);
#2996 = FACE_BOUND('',#2997,.T.);
#2997 = EDGE_LOOP('',(#2998,#2999,#3006,#3011));
#2998 = ORIENTED_EDGE('',*,*,#2591,.T.);
#2999 = ORIENTED_EDGE('',*,*,#3000,.F.);
#3000 = EDGE_CURVE('',#3001,#2594,#3003,.T.);
#3001 = VERTEX_POINT('',#3002);
#3002 = CARTESIAN_POINT('',(-6.75,-2.99,2.8000001));
#3003 = B_SPLINE_CURVE_WITH_KNOTS('',1,(#3004,#3005),.UNSPECIFIED.,.F.,
  .F.,(2,2),(0.,4.),.PIECEWISE_BEZIER_KNOTS.);
#3004 = CARTESIAN_POINT('',(-6.75,-2.99,2.8000001));
#3005 = CARTESIAN_POINT('',(-2.75,-2.99,2.8000001));
#3006 = ORIENTED_EDGE('',*,*,#3007,.F.);
#3007 = EDGE_CURVE('',#2973,#3001,#3008,.T.);
#3008 = B_SPLINE_CURVE_WITH_KNOTS('',1,(#3009,#3010),.UNSPECIFIED.,.F.,
  .F.,(2,2),(-0.9,0.),.PIECEWISE_BEZIER_KNOTS.);
#3009 = CARTESIAN_POINT('',(-6.75,-2.09,2.8000001));
#3010 = CARTESIAN_POINT('',(-6.75,-2.99,2.8000001));
#3011 = ORIENTED_EDGE('',*,*,#2972,.T.);
#3012 = B_SPLINE_SURFACE_WITH_KNOTS('',1,1,(
    (#3013,#3014)
    ,(#3015,#3016
    )),.UNSPECIFIED.,.F.,.F.,.F.,(2,2),(2,2),(-4.,4.777979458584E-16),(
    -0.9,0.),.PIECEWISE_BEZIER_KNOTS.);
#3013 = CARTESIAN_POINT('',(-2.75,-2.09,2.8000001));
#3014 = CARTESIAN_POINT('',(-2.75,-2.99,2.8000001));
#3015 = CARTESIAN_POINT('',(-6.75,-2.09,2.8000001));
#3016 = CARTESIAN_POINT('',(-6.75,-2.99,2.8000001));
#3017 = ADVANCED_FACE('',(#3018),#3034,.F.);
#3018 = FACE_BOUND('',#3019,.T.);
#3019 = EDGE_LOOP('',(#3020,#3021,#3028,#3033));
#3020 = ORIENTED_EDGE('',*,*,#2614,.T.);
#3021 = ORIENTED_EDGE('',*,*,#3022,.F.);
#3022 = EDGE_CURVE('',#3023,#2608,#3025,.T.);
#3023 = VERTEX_POINT('',#3024);
#3024 = CARTESIAN_POINT('',(-6.75,-2.99,3.7000001));
#3025 = B_SPLINE_CURVE_WITH_KNOTS('',1,(#3026,#3027),.UNSPECIFIED.,.F.,
  .F.,(2,2),(0.,4.),.PIECEWISE_BEZIER_KNOTS.);
#3026 = CARTESIAN_POINT('',(-6.75,-2.99,3.7000001));
#3027 = CARTESIAN_POINT('',(-2.75,-2.99,3.7000001));
#3028 = ORIENTED_EDGE('',*,*,#3029,.F.);
#3029 = EDGE_CURVE('',#3001,#3023,#3030,.T.);
#3030 = B_SPLINE_CURVE_WITH_KNOTS('',1,(#3031,#3032),.UNSPECIFIED.,.F.,
  .F.,(2,2),(-0.9,0.),.PIECEWISE_BEZIER_KNOTS.);
#3031 = CARTESIAN_POINT('',(-6.75,-2.99,2.8000001));
#3032 = CARTESIAN_POINT('',(-6.75,-2.99,3.7000001));
#3033 = ORIENTED_EDGE('',*,*,#3000,.T.);
#3034 = B_SPLINE_SURFACE_WITH_KNOTS('',1,1,(
    (#3035,#3036)
    ,(#3037,#3038
    )),.UNSPECIFIED.,.F.,.F.,.F.,(2,2),(2,2),(0.,4.),(
    -2.288475490434E-17,0.9),.PIECEWISE_BEZIER_KNOTS.);
#3035 = CARTESIAN_POINT('',(-6.75,-2.99,3.7000001));
#3036 = CARTESIAN_POINT('',(-6.75,-2.99,2.8000001));
#3037 = CARTESIAN_POINT('',(-2.75,-2.99,3.7000001));
#3038 = CARTESIAN_POINT('',(-2.75,-2.99,2.8000001));
#3039 = ADVANCED_FACE('',(#3040),#3050,.F.);
#3040 = FACE_BOUND('',#3041,.T.);
#3041 = EDGE_LOOP('',(#3042,#3043,#3044,#3049));
#3042 = ORIENTED_EDGE('',*,*,#2607,.T.);
#3043 = ORIENTED_EDGE('',*,*,#2986,.F.);
#3044 = ORIENTED_EDGE('',*,*,#3045,.F.);
#3045 = EDGE_CURVE('',#3023,#2980,#3046,.T.);
#3046 = B_SPLINE_CURVE_WITH_KNOTS('',1,(#3047,#3048),.UNSPECIFIED.,.F.,
  .F.,(2,2),(0.,0.9),.PIECEWISE_BEZIER_KNOTS.);
#3047 = CARTESIAN_POINT('',(-6.75,-2.99,3.7000001));
#3048 = CARTESIAN_POINT('',(-6.75,-2.09,3.7000001));
#3049 = ORIENTED_EDGE('',*,*,#3022,.T.);
#3050 = B_SPLINE_SURFACE_WITH_KNOTS('',1,1,(
    (#3051,#3052)
    ,(#3053,#3054)),.UNSPECIFIED.,.F.,.F.,.F.,(2,2),(2,2),(0.,4.),(-0.9,
    2.449293598296E-16),.PIECEWISE_BEZIER_KNOTS.);
#3051 = CARTESIAN_POINT('',(-6.75,-2.09,3.7000001));
#3052 = CARTESIAN_POINT('',(-6.75,-2.99,3.7000001));
#3053 = CARTESIAN_POINT('',(-2.75,-2.09,3.7000001));
#3054 = CARTESIAN_POINT('',(-2.75,-2.99,3.7000001));
#3055 = ADVANCED_FACE('',(#3056),#3062,.F.);
#3056 = FACE_BOUND('',#3057,.T.);
#3057 = EDGE_LOOP('',(#3058,#3059,#3060,#3061));
#3058 = ORIENTED_EDGE('',*,*,#2979,.T.);
#3059 = ORIENTED_EDGE('',*,*,#3007,.T.);
#3060 = ORIENTED_EDGE('',*,*,#3029,.T.);
#3061 = ORIENTED_EDGE('',*,*,#3045,.T.);
#3062 = B_SPLINE_SURFACE_WITH_KNOTS('',1,1,(
    (#3063,#3064)
    ,(#3065,#3066
    )),.UNSPECIFIED.,.F.,.F.,.F.,(2,2),(2,2),(2.09,2.99),(2.09,2.99),
  .PIECEWISE_BEZIER_KNOTS.);
#3063 = CARTESIAN_POINT('',(-6.75,-2.09,3.7000001));
#3064 = CARTESIAN_POINT('',(-6.75,-2.09,2.8000001));
#3065 = CARTESIAN_POINT('',(-6.75,-2.99,3.7000001));
#3066 = CARTESIAN_POINT('',(-6.75,-2.99,2.8000001));
#3067 = ADVANCED_FACE('',(#3068),#3085,.T.);
#3068 = FACE_BOUND('',#3069,.T.);
#3069 = EDGE_LOOP('',(#3070,#3071,#3083,#3084));
#3070 = ORIENTED_EDGE('',*,*,#488,.F.);
#3071 = ORIENTED_EDGE('',*,*,#3072,.T.);
#3072 = EDGE_CURVE('',#475,#506,#3073,.T.);
#3073 = ( BOUNDED_CURVE() B_SPLINE_CURVE(2,(#3074,#3075,#3076,#3077,
    #3078,#3079,#3080,#3081,#3082),.UNSPECIFIED.,.F.,.F.) 
B_SPLINE_CURVE_WITH_KNOTS((3,2,2,2,3),(0.7,0.725,0.75,0.775,0.8),
.PIECEWISE_BEZIER_KNOTS.) CURVE() GEOMETRIC_REPRESENTATION_ITEM() 
RATIONAL_B_SPLINE_CURVE((1.,0.923879532511,1.,0.923879532511,1.,
0.923879532511,1.,0.923879532511,1.)) REPRESENTATION_ITEM('') );
#3074 = CARTESIAN_POINT('',(2.350000002185,-2.6,3.2500001));
#3075 = CARTESIAN_POINT('',(2.300000002185,-2.6,4.32695536217));
#3076 = CARTESIAN_POINT('',(2.250000002185,-1.838477631085,
    5.088477731085));
#3077 = CARTESIAN_POINT('',(2.200000002185,-1.07695526217,5.8500001));
#3078 = CARTESIAN_POINT('',(2.150000002185,2.186767894046E-15,5.8500001)
  );
#3079 = CARTESIAN_POINT('',(2.100000002185,1.07695526217,5.8500001));
#3080 = CARTESIAN_POINT('',(2.050000002185,1.838477631085,5.088477731085
    ));
#3081 = CARTESIAN_POINT('',(2.000000002185,2.6,4.32695536217));
#3082 = CARTESIAN_POINT('',(1.950000002185,2.6,3.2500001));
#3083 = ORIENTED_EDGE('',*,*,#505,.T.);
#3084 = ORIENTED_EDGE('',*,*,#2452,.F.);
#3085 = ( BOUNDED_SURFACE() B_SPLINE_SURFACE(2,1,(
    (#3086,#3087)
    ,(#3088,#3089)
    ,(#3090,#3091)
    ,(#3092,#3093)
    ,(#3094,#3095
)),.UNSPECIFIED.,.F.,.F.,.F.) B_SPLINE_SURFACE_WITH_KNOTS((3,2,3),(2,2),
  (3.14159265359,4.712388980385,6.28318530718),(-5.100000002185,-1.5),
.PIECEWISE_BEZIER_KNOTS.) GEOMETRIC_REPRESENTATION_ITEM() 
RATIONAL_B_SPLINE_SURFACE((
    (1.,1.)
    ,(0.707106781187,0.707106781187)
    ,(1.,1.)
    ,(0.707106781187,0.707106781187)
,(1.,1.))) REPRESENTATION_ITEM('') SURFACE() );
#3086 = CARTESIAN_POINT('',(2.350000002185,-2.6,3.2500001));
#3087 = CARTESIAN_POINT('',(-1.25,-2.6,3.2500001));
#3088 = CARTESIAN_POINT('',(2.350000002185,-2.6,5.8500001));
#3089 = CARTESIAN_POINT('',(-1.25,-2.6,5.8500001));
#3090 = CARTESIAN_POINT('',(2.350000002185,1.463838552918E-15,5.8500001)
  );
#3091 = CARTESIAN_POINT('',(-1.25,1.447656670111E-14,5.8500001));
#3092 = CARTESIAN_POINT('',(2.350000002185,2.6,5.8500001));
#3093 = CARTESIAN_POINT('',(-1.25,2.6,5.8500001));
#3094 = CARTESIAN_POINT('',(2.350000002185,2.6,3.2500001));
#3095 = CARTESIAN_POINT('',(-1.25,2.6,3.2500001));
#3096 = ADVANCED_FACE('',(#3097,#3108),#3112,.T.);
#3097 = FACE_BOUND('',#3098,.T.);
#3098 = EDGE_LOOP('',(#3099,#3100));
#3099 = ORIENTED_EDGE('',*,*,#442,.T.);
#3100 = ORIENTED_EDGE('',*,*,#3101,.T.);
#3101 = EDGE_CURVE('',#443,#436,#3102,.T.);
#3102 = ( BOUNDED_CURVE() B_SPLINE_CURVE(2,(#3103,#3104,#3105,#3106,
#3107),.UNSPECIFIED.,.F.,.F.) B_SPLINE_CURVE_WITH_KNOTS((3,2,3),(0.,
1.570796326795,3.14159265359),.PIECEWISE_BEZIER_KNOTS.) CURVE() 
GEOMETRIC_REPRESENTATION_ITEM() RATIONAL_B_SPLINE_CURVE((1.,
0.707106781187,1.,0.707106781187,1.)) REPRESENTATION_ITEM('') );
#3103 = CARTESIAN_POINT('',(6.75,2.45,3.2500001));
#3104 = CARTESIAN_POINT('',(6.75,2.45,0.8000001));
#3105 = CARTESIAN_POINT('',(6.75,-4.907693698174E-14,0.8000001));
#3106 = CARTESIAN_POINT('',(6.75,-2.45,0.8000001));
#3107 = CARTESIAN_POINT('',(6.75,-2.45,3.2500001));
#3108 = FACE_BOUND('',#3109,.T.);
#3109 = EDGE_LOOP('',(#3110,#3111));
#3110 = ORIENTED_EDGE('',*,*,#562,.F.);
#3111 = ORIENTED_EDGE('',*,*,#783,.F.);
#3112 = B_SPLINE_SURFACE_WITH_KNOTS('',1,1,(
    (#3113,#3114)
    ,(#3115,#3116
    )),.UNSPECIFIED.,.F.,.F.,.F.,(2,2),(2,2),(-4.440892098501E-16,5.2),(
    -2.6,2.6),.PIECEWISE_BEZIER_KNOTS.);
#3113 = CARTESIAN_POINT('',(6.75,2.6,5.8500001));
#3114 = CARTESIAN_POINT('',(6.75,2.6,0.6500001));
#3115 = CARTESIAN_POINT('',(6.75,-2.6,5.8500001));
#3116 = CARTESIAN_POINT('',(6.75,-2.6,0.6500001));
#3117 = ADVANCED_FACE('',(#3118),#3131,.F.);
#3118 = FACE_BOUND('',#3119,.F.);
#3119 = EDGE_LOOP('',(#3120,#3121,#3122,#3130));
#3120 = ORIENTED_EDGE('',*,*,#3101,.T.);
#3121 = ORIENTED_EDGE('',*,*,#435,.F.);
#3122 = ORIENTED_EDGE('',*,*,#3123,.F.);
#3123 = EDGE_CURVE('',#399,#407,#3124,.T.);
#3124 = ( BOUNDED_CURVE() B_SPLINE_CURVE(2,(#3125,#3126,#3127,#3128,
#3129),.UNSPECIFIED.,.F.,.F.) B_SPLINE_CURVE_WITH_KNOTS((3,2,3),(0.,
1.570796326795,3.14159265359),.PIECEWISE_BEZIER_KNOTS.) CURVE() 
GEOMETRIC_REPRESENTATION_ITEM() RATIONAL_B_SPLINE_CURVE((1.,
0.707106781187,1.,0.707106781187,1.)) REPRESENTATION_ITEM('') );
#3125 = CARTESIAN_POINT('',(6.353279711764,2.220953434794,3.2500001));
#3126 = CARTESIAN_POINT('',(6.353279711764,2.220953434794,1.029046665206
    ));
#3127 = CARTESIAN_POINT('',(6.353279711764,-4.605753473967E-14,
    1.029046665206));
#3128 = CARTESIAN_POINT('',(6.353279711764,-2.220953434794,
    1.029046665206));
#3129 = CARTESIAN_POINT('',(6.353279711764,-2.220953434794,3.2500001));
#3130 = ORIENTED_EDGE('',*,*,#452,.T.);
#3131 = ( BOUNDED_SURFACE() B_SPLINE_SURFACE(2,1,(
    (#3132,#3133)
    ,(#3134,#3135)
    ,(#3136,#3137)
    ,(#3138,#3139)
    ,(#3140,#3141
)),.UNSPECIFIED.,.F.,.F.,.F.) B_SPLINE_SURFACE_WITH_KNOTS((3,2,3),(2,2),
  (0.,1.570796326795,3.14159265359),(-0.458093130412,7.216449660064E-16)
,.PIECEWISE_BEZIER_KNOTS.) GEOMETRIC_REPRESENTATION_ITEM() 
RATIONAL_B_SPLINE_SURFACE((
    (1.,1.)
    ,(0.707106781187,0.707106781187)
    ,(1.,1.)
    ,(0.707106781187,0.707106781187)
,(1.,1.))) REPRESENTATION_ITEM('') SURFACE() );
#3132 = CARTESIAN_POINT('',(6.353279711764,-2.220953434794,3.2500001));
#3133 = CARTESIAN_POINT('',(6.75,-2.45,3.2500001));
#3134 = CARTESIAN_POINT('',(6.353279711764,-2.220953434794,
    1.029046665206));
#3135 = CARTESIAN_POINT('',(6.75,-2.45,0.8000001));
#3136 = CARTESIAN_POINT('',(6.353279711764,-4.632952309117E-14,
    1.029046665206));
#3137 = CARTESIAN_POINT('',(6.75,-4.937697544753E-14,0.8000001));
#3138 = CARTESIAN_POINT('',(6.353279711764,2.220953434794,1.029046665206
    ));
#3139 = CARTESIAN_POINT('',(6.75,2.45,0.8000001));
#3140 = CARTESIAN_POINT('',(6.353279711764,2.220953434794,3.2500001));
#3141 = CARTESIAN_POINT('',(6.75,2.45,3.2500001));
#3142 = ADVANCED_FACE('',(#3143),#3156,.F.);
#3143 = FACE_BOUND('',#3144,.F.);
#3144 = EDGE_LOOP('',(#3145,#3153,#3154,#3155));
#3145 = ORIENTED_EDGE('',*,*,#3146,.F.);
#3146 = EDGE_CURVE('',#362,#370,#3147,.T.);
#3147 = ( BOUNDED_CURVE() B_SPLINE_CURVE(2,(#3148,#3149,#3150,#3151,
#3152),.UNSPECIFIED.,.F.,.F.) B_SPLINE_CURVE_WITH_KNOTS((3,2,3),(0.,
1.570796326795,3.14159265359),.PIECEWISE_BEZIER_KNOTS.) CURVE() 
GEOMETRIC_REPRESENTATION_ITEM() RATIONAL_B_SPLINE_CURVE((1.,
0.707106781187,1.,0.707106781187,1.)) REPRESENTATION_ITEM('') );
#3148 = CARTESIAN_POINT('',(6.151551029135,2.220953434794,3.2500001));
#3149 = CARTESIAN_POINT('',(6.151551029135,2.220953434794,1.029046665206
    ));
#3150 = CARTESIAN_POINT('',(6.151551029135,-4.532835682157E-14,
    1.029046665206));
#3151 = CARTESIAN_POINT('',(6.151551029135,-2.220953434794,
    1.029046665206));
#3152 = CARTESIAN_POINT('',(6.151551029135,-2.220953434794,3.2500001));
#3153 = ORIENTED_EDGE('',*,*,#398,.F.);
#3154 = ORIENTED_EDGE('',*,*,#3123,.T.);
#3155 = ORIENTED_EDGE('',*,*,#406,.T.);
#3156 = ( BOUNDED_SURFACE() B_SPLINE_SURFACE(2,1,(
    (#3157,#3158)
    ,(#3159,#3160)
    ,(#3161,#3162)
    ,(#3163,#3164)
    ,(#3165,#3166
)),.UNSPECIFIED.,.F.,.F.,.F.) B_SPLINE_SURFACE_WITH_KNOTS((3,2,3),(2,2),
  (0.,1.570796326795,3.14159265359),(-9.103279711764,-8.901551029135),
.PIECEWISE_BEZIER_KNOTS.) GEOMETRIC_REPRESENTATION_ITEM() 
RATIONAL_B_SPLINE_SURFACE((
    (1.,1.)
    ,(0.707106781187,0.707106781187)
    ,(1.,1.)
    ,(0.707106781187,0.707106781187)
,(1.,1.))) REPRESENTATION_ITEM('') SURFACE() );
#3157 = CARTESIAN_POINT('',(6.353279711764,2.220953434794,3.2500001));
#3158 = CARTESIAN_POINT('',(6.151551029135,2.220953434794,3.2500001));
#3159 = CARTESIAN_POINT('',(6.353279711764,2.220953434794,1.029046665206
    ));
#3160 = CARTESIAN_POINT('',(6.151551029135,2.220953434794,1.029046665206
    ));
#3161 = CARTESIAN_POINT('',(6.353279711764,-4.605753473967E-14,
    1.029046665206));
#3162 = CARTESIAN_POINT('',(6.151551029135,-4.532835682157E-14,
    1.029046665206));
#3163 = CARTESIAN_POINT('',(6.353279711764,-2.220953434794,
    1.029046665206));
#3164 = CARTESIAN_POINT('',(6.151551029135,-2.220953434794,
    1.029046665206));
#3165 = CARTESIAN_POINT('',(6.353279711764,-2.220953434794,3.2500001));
#3166 = CARTESIAN_POINT('',(6.151551029135,-2.220953434794,3.2500001));
#3167 = ADVANCED_FACE('',(#3168),#3181,.F.);
#3168 = FACE_BOUND('',#3169,.F.);
#3169 = EDGE_LOOP('',(#3170,#3178,#3179,#3180));
#3170 = ORIENTED_EDGE('',*,*,#3171,.F.);
#3171 = EDGE_CURVE('',#325,#333,#3172,.T.);
#3172 = ( BOUNDED_CURVE() B_SPLINE_CURVE(2,(#3173,#3174,#3175,#3176,
#3177),.UNSPECIFIED.,.F.,.F.) B_SPLINE_CURVE_WITH_KNOTS((3,2,3),(0.,
1.570796326795,3.14159265359),.PIECEWISE_BEZIER_KNOTS.) CURVE() 
GEOMETRIC_REPRESENTATION_ITEM() RATIONAL_B_SPLINE_CURVE((1.,
0.707106781187,1.,0.707106781187,1.)) REPRESENTATION_ITEM('') );
#3173 = CARTESIAN_POINT('',(5.938244359135,2.367601770419,3.2500001));
#3174 = CARTESIAN_POINT('',(5.938244359135,2.367601770419,0.882398329581
    ));
#3175 = CARTESIAN_POINT('',(5.938244359135,-4.557238880324E-14,
    0.882398329581));
#3176 = CARTESIAN_POINT('',(5.938244359135,-2.367601770419,
    0.882398329581));
#3177 = CARTESIAN_POINT('',(5.938244359135,-2.367601770419,3.2500001));
#3178 = ORIENTED_EDGE('',*,*,#361,.F.);
#3179 = ORIENTED_EDGE('',*,*,#3146,.T.);
#3180 = ORIENTED_EDGE('',*,*,#369,.T.);
#3181 = ( BOUNDED_SURFACE() B_SPLINE_SURFACE(2,1,(
    (#3182,#3183)
    ,(#3184,#3185)
    ,(#3186,#3187)
    ,(#3188,#3189)
    ,(#3190,#3191
)),.UNSPECIFIED.,.F.,.F.,.F.) B_SPLINE_SURFACE_WITH_KNOTS((3,2,3),(2,2),
  (0.,1.570796326795,3.14159265359),(0.,0.258854147751),
.PIECEWISE_BEZIER_KNOTS.) GEOMETRIC_REPRESENTATION_ITEM() 
RATIONAL_B_SPLINE_SURFACE((
    (1.,1.)
    ,(0.707106781187,0.707106781187)
    ,(1.,1.)
    ,(0.707106781187,0.707106781187)
,(1.,1.))) REPRESENTATION_ITEM('') SURFACE() );
#3182 = CARTESIAN_POINT('',(6.151551029135,2.220953434794,3.2500001));
#3183 = CARTESIAN_POINT('',(5.938244359135,2.367601770419,3.2500001));
#3184 = CARTESIAN_POINT('',(6.151551029135,2.220953434794,1.029046665206
    ));
#3185 = CARTESIAN_POINT('',(5.938244359135,2.367601770419,0.882398329581
    ));
#3186 = CARTESIAN_POINT('',(6.151551029135,-4.532835682157E-14,
    1.029046665206));
#3187 = CARTESIAN_POINT('',(5.938244359135,-4.557238880324E-14,
    0.882398329581));
#3188 = CARTESIAN_POINT('',(6.151551029135,-2.220953434794,
    1.029046665206));
#3189 = CARTESIAN_POINT('',(5.938244359135,-2.367601770419,
    0.882398329581));
#3190 = CARTESIAN_POINT('',(6.151551029135,-2.220953434794,3.2500001));
#3191 = CARTESIAN_POINT('',(5.938244359135,-2.367601770419,3.2500001));
#3192 = ADVANCED_FACE('',(#3193),#3206,.F.);
#3193 = FACE_BOUND('',#3194,.F.);
#3194 = EDGE_LOOP('',(#3195,#3203,#3204,#3205));
#3195 = ORIENTED_EDGE('',*,*,#3196,.F.);
#3196 = EDGE_CURVE('',#295,#288,#3197,.T.);
#3197 = ( BOUNDED_CURVE() B_SPLINE_CURVE(2,(#3198,#3199,#3200,#3201,
#3202),.UNSPECIFIED.,.F.,.F.) B_SPLINE_CURVE_WITH_KNOTS((3,2,3),(0.,
1.570796326795,3.14159265359),.PIECEWISE_BEZIER_KNOTS.) CURVE() 
GEOMETRIC_REPRESENTATION_ITEM() RATIONAL_B_SPLINE_CURVE((1.,
0.707106781187,1.,0.707106781187,1.)) REPRESENTATION_ITEM('') );
#3198 = CARTESIAN_POINT('',(5.597546205663,2.367601770419,3.2500001));
#3199 = CARTESIAN_POINT('',(5.597546205663,2.367601770419,0.882398329581
    ));
#3200 = CARTESIAN_POINT('',(5.597546205663,-4.434088534518E-14,
    0.882398329581));
#3201 = CARTESIAN_POINT('',(5.597546205663,-2.367601770419,
    0.882398329581));
#3202 = CARTESIAN_POINT('',(5.597546205663,-2.367601770419,3.2500001));
#3203 = ORIENTED_EDGE('',*,*,#324,.F.);
#3204 = ORIENTED_EDGE('',*,*,#3171,.T.);
#3205 = ORIENTED_EDGE('',*,*,#332,.T.);
#3206 = ( BOUNDED_SURFACE() B_SPLINE_SURFACE(2,1,(
    (#3207,#3208)
    ,(#3209,#3210)
    ,(#3211,#3212)
    ,(#3213,#3214)
    ,(#3215,#3216
)),.UNSPECIFIED.,.F.,.F.,.F.) B_SPLINE_SURFACE_WITH_KNOTS((3,2,3),(2,2),
  (0.,1.570796326795,3.14159265359),(-8.688244359135,-8.347546205663),
.PIECEWISE_BEZIER_KNOTS.) GEOMETRIC_REPRESENTATION_ITEM() 
RATIONAL_B_SPLINE_SURFACE((
    (1.,1.)
    ,(0.707106781187,0.707106781187)
    ,(1.,1.)
    ,(0.707106781187,0.707106781187)
,(1.,1.))) REPRESENTATION_ITEM('') SURFACE() );
#3207 = CARTESIAN_POINT('',(5.938244359135,2.367601770419,3.2500001));
#3208 = CARTESIAN_POINT('',(5.597546205663,2.367601770419,3.2500001));
#3209 = CARTESIAN_POINT('',(5.938244359135,2.367601770419,0.882398329581
    ));
#3210 = CARTESIAN_POINT('',(5.597546205663,2.367601770419,0.882398329581
    ));
#3211 = CARTESIAN_POINT('',(5.938244359135,-4.557238880324E-14,
    0.882398329581));
#3212 = CARTESIAN_POINT('',(5.597546205663,-4.434088534518E-14,
    0.882398329581));
#3213 = CARTESIAN_POINT('',(5.938244359135,-2.367601770419,
    0.882398329581));
#3214 = CARTESIAN_POINT('',(5.597546205663,-2.367601770419,
    0.882398329581));
#3215 = CARTESIAN_POINT('',(5.938244359135,-2.367601770419,3.2500001));
#3216 = CARTESIAN_POINT('',(5.597546205663,-2.367601770419,3.2500001));
#3217 = ADVANCED_FACE('',(#3218),#3231,.F.);
#3218 = FACE_BOUND('',#3219,.F.);
#3219 = EDGE_LOOP('',(#3220,#3221,#3222,#3230));
#3220 = ORIENTED_EDGE('',*,*,#3196,.T.);
#3221 = ORIENTED_EDGE('',*,*,#287,.F.);
#3222 = ORIENTED_EDGE('',*,*,#3223,.F.);
#3223 = EDGE_CURVE('',#240,#259,#3224,.T.);
#3224 = ( BOUNDED_CURVE() B_SPLINE_CURVE(2,(#3225,#3226,#3227,#3228,
#3229),.UNSPECIFIED.,.F.,.F.) B_SPLINE_CURVE_WITH_KNOTS((3,2,3),(0.,
1.570796326795,3.14159265359),.PIECEWISE_BEZIER_KNOTS.) CURVE() 
GEOMETRIC_REPRESENTATION_ITEM() RATIONAL_B_SPLINE_CURVE((1.,
0.707106781187,1.,0.707106781187,1.)) REPRESENTATION_ITEM('') );
#3225 = CARTESIAN_POINT('',(5.479846269216,2.056426474385,3.2500001));
#3226 = CARTESIAN_POINT('',(5.479846269216,2.056426474385,1.193573625615
    ));
#3227 = CARTESIAN_POINT('',(5.479846269216,-4.176157017074E-14,
    1.193573625615));
#3228 = CARTESIAN_POINT('',(5.479846269216,-2.056426474385,
    1.193573625615));
#3229 = CARTESIAN_POINT('',(5.479846269216,-2.056426474385,3.2500001));
#3230 = ORIENTED_EDGE('',*,*,#304,.T.);
#3231 = ( BOUNDED_SURFACE() B_SPLINE_SURFACE(2,1,(
    (#3232,#3233)
    ,(#3234,#3235)
    ,(#3236,#3237)
    ,(#3238,#3239)
    ,(#3240,#3241
)),.UNSPECIFIED.,.F.,.F.,.F.) B_SPLINE_SURFACE_WITH_KNOTS((3,2,3),(2,2),
  (0.,1.570796326795,3.14159265359),(-0.332691057741,2.22044604925E-16),
.PIECEWISE_BEZIER_KNOTS.) GEOMETRIC_REPRESENTATION_ITEM() 
RATIONAL_B_SPLINE_SURFACE((
    (1.,1.)
    ,(0.707106781187,0.707106781187)
    ,(1.,1.)
    ,(0.707106781187,0.707106781187)
,(1.,1.))) REPRESENTATION_ITEM('') SURFACE() );
#3232 = CARTESIAN_POINT('',(5.479846269216,-2.056426474385,3.2500001));
#3233 = CARTESIAN_POINT('',(5.597546205663,-2.367601770419,3.2500001));
#3234 = CARTESIAN_POINT('',(5.479846269216,-2.056426474385,
    1.193573625615));
#3235 = CARTESIAN_POINT('',(5.597546205663,-2.367601770419,
    0.882398329581));
#3236 = CARTESIAN_POINT('',(5.479846269216,-4.201340978069E-14,
    1.193573625615));
#3237 = CARTESIAN_POINT('',(5.597546205663,-4.463083293816E-14,
    0.882398329581));
#3238 = CARTESIAN_POINT('',(5.479846269216,2.056426474385,1.193573625615
    ));
#3239 = CARTESIAN_POINT('',(5.597546205663,2.367601770419,0.882398329581
    ));
#3240 = CARTESIAN_POINT('',(5.479846269216,2.056426474385,3.2500001));
#3241 = CARTESIAN_POINT('',(5.597546205663,2.367601770419,3.2500001));
#3242 = ADVANCED_FACE('',(#3243),#3256,.F.);
#3243 = FACE_BOUND('',#3244,.F.);
#3244 = EDGE_LOOP('',(#3245,#3253,#3254,#3255));
#3245 = ORIENTED_EDGE('',*,*,#3246,.F.);
#3246 = EDGE_CURVE('',#242,#249,#3247,.T.);
#3247 = ( BOUNDED_CURVE() B_SPLINE_CURVE(2,(#3248,#3249,#3250,#3251,
#3252),.UNSPECIFIED.,.F.,.F.) B_SPLINE_CURVE_WITH_KNOTS((3,2,3),(0.,
1.570796326795,3.14159265359),.PIECEWISE_BEZIER_KNOTS.) CURVE() 
GEOMETRIC_REPRESENTATION_ITEM() RATIONAL_B_SPLINE_CURVE((1.,
0.707106781187,1.,0.707106781187,1.)) REPRESENTATION_ITEM('') );
#3248 = CARTESIAN_POINT('',(-0.75,2.056426474385,3.2500001));
#3249 = CARTESIAN_POINT('',(-0.75,2.056426474385,1.193573625615));
#3250 = CARTESIAN_POINT('',(-0.75,-1.924287687709E-14,1.193573625615));
#3251 = CARTESIAN_POINT('',(-0.75,-2.056426474385,1.193573625615));
#3252 = CARTESIAN_POINT('',(-0.75,-2.056426474385,3.2500001));
#3253 = ORIENTED_EDGE('',*,*,#239,.F.);
#3254 = ORIENTED_EDGE('',*,*,#3223,.T.);
#3255 = ORIENTED_EDGE('',*,*,#258,.T.);
#3256 = ( BOUNDED_SURFACE() B_SPLINE_SURFACE(2,1,(
    (#3257,#3258)
    ,(#3259,#3260)
    ,(#3261,#3262)
    ,(#3263,#3264)
    ,(#3265,#3266
)),.UNSPECIFIED.,.F.,.F.,.F.) B_SPLINE_SURFACE_WITH_KNOTS((3,2,3),(2,2),
  (0.,1.570796326795,3.14159265359),(-8.229846269216,-2.),
.PIECEWISE_BEZIER_KNOTS.) GEOMETRIC_REPRESENTATION_ITEM() 
RATIONAL_B_SPLINE_SURFACE((
    (1.,1.)
    ,(0.707106781187,0.707106781187)
    ,(1.,1.)
    ,(0.707106781187,0.707106781187)
,(1.,1.))) REPRESENTATION_ITEM('') SURFACE() );
#3257 = CARTESIAN_POINT('',(5.479846269216,2.056426474385,3.2500001));
#3258 = CARTESIAN_POINT('',(-0.75,2.056426474385,3.2500001));
#3259 = CARTESIAN_POINT('',(5.479846269216,2.056426474385,1.193573625615
    ));
#3260 = CARTESIAN_POINT('',(-0.75,2.056426474385,1.193573625615));
#3261 = CARTESIAN_POINT('',(5.479846269216,-4.176157017074E-14,
    1.193573625615));
#3262 = CARTESIAN_POINT('',(-0.75,-1.924287687709E-14,1.193573625615));
#3263 = CARTESIAN_POINT('',(5.479846269216,-2.056426474385,
    1.193573625615));
#3264 = CARTESIAN_POINT('',(-0.75,-2.056426474385,1.193573625615));
#3265 = CARTESIAN_POINT('',(5.479846269216,-2.056426474385,3.2500001));
#3266 = CARTESIAN_POINT('',(-0.75,-2.056426474385,3.2500001));
#3267 = ADVANCED_FACE('',(#3268,#3272),#3276,.T.);
#3268 = FACE_BOUND('',#3269,.T.);
#3269 = EDGE_LOOP('',(#3270,#3271));
#3270 = ORIENTED_EDGE('',*,*,#2406,.T.);
#3271 = ORIENTED_EDGE('',*,*,#970,.T.);
#3272 = FACE_BOUND('',#3273,.T.);
#3273 = EDGE_LOOP('',(#3274,#3275));
#3274 = ORIENTED_EDGE('',*,*,#3246,.F.);
#3275 = ORIENTED_EDGE('',*,*,#248,.F.);
#3276 = B_SPLINE_SURFACE_WITH_KNOTS('',1,1,(
    (#3277,#3278)
    ,(#3279,#3280
    )),.UNSPECIFIED.,.F.,.F.,.F.,(2,2),(2,2),(0.,4.112852948771),(
    -2.056426474385,2.056426474385),.PIECEWISE_BEZIER_KNOTS.);
#3277 = CARTESIAN_POINT('',(-0.75,2.056426474385,5.306426574385));
#3278 = CARTESIAN_POINT('',(-0.75,2.056426474385,1.193573625615));
#3279 = CARTESIAN_POINT('',(-0.75,-2.056426474385,5.306426574385));
#3280 = CARTESIAN_POINT('',(-0.75,-2.056426474385,1.193573625615));
#3281 = ADVANCED_FACE('',(#3282,#3293),#3297,.F.);
#3282 = FACE_BOUND('',#3283,.T.);
#3283 = EDGE_LOOP('',(#3284,#3285));
#3284 = ORIENTED_EDGE('',*,*,#117,.F.);
#3285 = ORIENTED_EDGE('',*,*,#3286,.F.);
#3286 = EDGE_CURVE('',#120,#118,#3287,.T.);
#3287 = ( BOUNDED_CURVE() B_SPLINE_CURVE(2,(#3288,#3289,#3290,#3291,
#3292),.UNSPECIFIED.,.F.,.F.) B_SPLINE_CURVE_WITH_KNOTS((3,2,3),(0.,
1.570796326795,3.14159265359),.PIECEWISE_BEZIER_KNOTS.) CURVE() 
GEOMETRIC_REPRESENTATION_ITEM() RATIONAL_B_SPLINE_CURVE((1.,
0.707106781187,1.,0.707106781187,1.)) REPRESENTATION_ITEM('') );
#3288 = CARTESIAN_POINT('',(-1.05,0.6,3.2500001));
#3289 = CARTESIAN_POINT('',(-1.05,0.6,3.8500001));
#3290 = CARTESIAN_POINT('',(-1.05,-1.01466962526E-14,3.8500001));
#3291 = CARTESIAN_POINT('',(-1.05,-0.6,3.8500001));
#3292 = CARTESIAN_POINT('',(-1.05,-0.6,3.2500001));
#3293 = FACE_BOUND('',#3294,.T.);
#3294 = EDGE_LOOP('',(#3295,#3296));
#3295 = ORIENTED_EDGE('',*,*,#2397,.F.);
#3296 = ORIENTED_EDGE('',*,*,#953,.F.);
#3297 = B_SPLINE_SURFACE_WITH_KNOTS('',1,1,(
    (#3298,#3299)
    ,(#3300,#3301
    )),.UNSPECIFIED.,.F.,.F.,.F.,(2,2),(2,2),(-0.746483967199,
    0.746483967199),(-0.746483967199,0.746483967199),
  .PIECEWISE_BEZIER_KNOTS.);
#3298 = CARTESIAN_POINT('',(-1.05,-0.746483967199,3.996484067199));
#3299 = CARTESIAN_POINT('',(-1.05,-0.746483967199,2.503516132801));
#3300 = CARTESIAN_POINT('',(-1.05,0.746483967199,3.996484067199));
#3301 = CARTESIAN_POINT('',(-1.05,0.746483967199,2.503516132801));
#3302 = ADVANCED_FACE('',(#3303),#3316,.T.);
#3303 = FACE_BOUND('',#3304,.T.);
#3304 = EDGE_LOOP('',(#3305,#3306,#3307,#3308));
#3305 = ORIENTED_EDGE('',*,*,#203,.F.);
#3306 = ORIENTED_EDGE('',*,*,#2469,.T.);
#3307 = ORIENTED_EDGE('',*,*,#220,.T.);
#3308 = ORIENTED_EDGE('',*,*,#3309,.F.);
#3309 = EDGE_CURVE('',#204,#211,#3310,.T.);
#3310 = ( BOUNDED_CURVE() B_SPLINE_CURVE(2,(#3311,#3312,#3313,#3314,
#3315),.UNSPECIFIED.,.F.,.F.) B_SPLINE_CURVE_WITH_KNOTS((3,2,3),(
    3.14159265359,4.712388980385,6.28318530718),
.PIECEWISE_BEZIER_KNOTS.) CURVE() GEOMETRIC_REPRESENTATION_ITEM() 
RATIONAL_B_SPLINE_CURVE((1.,0.707106781187,1.,0.707106781187,1.)) 
REPRESENTATION_ITEM('') );
#3311 = CARTESIAN_POINT('',(-2.76,-2.,3.2500001));
#3312 = CARTESIAN_POINT('',(-2.76,-2.,5.2500001));
#3313 = CARTESIAN_POINT('',(-2.76,1.585389217827E-14,5.2500001));
#3314 = CARTESIAN_POINT('',(-2.76,2.,5.2500001));
#3315 = CARTESIAN_POINT('',(-2.76,2.,3.2500001));
#3316 = ( BOUNDED_SURFACE() B_SPLINE_SURFACE(2,1,(
    (#3317,#3318)
    ,(#3319,#3320)
    ,(#3321,#3322)
    ,(#3323,#3324)
    ,(#3325,#3326
)),.UNSPECIFIED.,.F.,.F.,.F.) B_SPLINE_SURFACE_WITH_KNOTS((3,2,3),(2,2),
  (3.14159265359,4.712388980385,6.28318530718),(1.7,1.71),
.PIECEWISE_BEZIER_KNOTS.) GEOMETRIC_REPRESENTATION_ITEM() 
RATIONAL_B_SPLINE_SURFACE((
    (1.,1.)
    ,(0.707106781187,0.707106781187)
    ,(1.,1.)
    ,(0.707106781187,0.707106781187)
,(1.,1.))) REPRESENTATION_ITEM('') SURFACE() );
#3317 = CARTESIAN_POINT('',(-2.75,-2.,3.2500001));
#3318 = CARTESIAN_POINT('',(-2.76,-2.,3.2500001));
#3319 = CARTESIAN_POINT('',(-2.75,-2.,5.2500001));
#3320 = CARTESIAN_POINT('',(-2.76,-2.,5.2500001));
#3321 = CARTESIAN_POINT('',(-2.75,1.581897736488E-14,5.2500001));
#3322 = CARTESIAN_POINT('',(-2.76,1.585389217827E-14,5.2500001));
#3323 = CARTESIAN_POINT('',(-2.75,2.,5.2500001));
#3324 = CARTESIAN_POINT('',(-2.76,2.,5.2500001));
#3325 = CARTESIAN_POINT('',(-2.75,2.,3.2500001));
#3326 = CARTESIAN_POINT('',(-2.76,2.,3.2500001));
#3327 = ADVANCED_FACE('',(#3328,#3339),#3343,.T.);
#3328 = FACE_BOUND('',#3329,.T.);
#3329 = EDGE_LOOP('',(#3330,#3331));
#3330 = ORIENTED_EDGE('',*,*,#162,.T.);
#3331 = ORIENTED_EDGE('',*,*,#3332,.T.);
#3332 = EDGE_CURVE('',#156,#163,#3333,.T.);
#3333 = ( BOUNDED_CURVE() B_SPLINE_CURVE(2,(#3334,#3335,#3336,#3337,
#3338),.UNSPECIFIED.,.F.,.F.) B_SPLINE_CURVE_WITH_KNOTS((3,2,3),(0.,
1.570796326795,3.14159265359),.PIECEWISE_BEZIER_KNOTS.) CURVE() 
GEOMETRIC_REPRESENTATION_ITEM() RATIONAL_B_SPLINE_CURVE((1.,
0.707106781187,1.,0.707106781187,1.)) REPRESENTATION_ITEM('') );
#3334 = CARTESIAN_POINT('',(-2.76,0.6,3.2500001));
#3335 = CARTESIAN_POINT('',(-2.76,0.6,3.8500001));
#3336 = CARTESIAN_POINT('',(-2.76,6.481877873225E-15,3.8500001));
#3337 = CARTESIAN_POINT('',(-2.76,-0.6,3.8500001));
#3338 = CARTESIAN_POINT('',(-2.76,-0.6,3.2500001));
#3339 = FACE_BOUND('',#3340,.T.);
#3340 = EDGE_LOOP('',(#3341,#3342));
#3341 = ORIENTED_EDGE('',*,*,#210,.T.);
#3342 = ORIENTED_EDGE('',*,*,#3309,.T.);
#3343 = B_SPLINE_SURFACE_WITH_KNOTS('',1,1,(
    (#3344,#3345)
    ,(#3346,#3347
    )),.UNSPECIFIED.,.F.,.F.,.F.,(2,2),(2,2),(-2.,2.),(-2.,2.),
  .PIECEWISE_BEZIER_KNOTS.);
#3344 = CARTESIAN_POINT('',(-2.76,-2.,5.2500001));
#3345 = CARTESIAN_POINT('',(-2.76,-2.,1.2500001));
#3346 = CARTESIAN_POINT('',(-2.76,2.,5.2500001));
#3347 = CARTESIAN_POINT('',(-2.76,2.,1.2500001));
#3348 = ADVANCED_FACE('',(#3349),#3360,.T.);
#3349 = FACE_BOUND('',#3350,.T.);
#3350 = EDGE_LOOP('',(#3351,#3359));
#3351 = ORIENTED_EDGE('',*,*,#3352,.T.);
#3352 = EDGE_CURVE('',#24,#22,#3353,.T.);
#3353 = ( BOUNDED_CURVE() B_SPLINE_CURVE(2,(#3354,#3355,#3356,#3357,
#3358),.UNSPECIFIED.,.F.,.F.) B_SPLINE_CURVE_WITH_KNOTS((3,2,3),(
    3.14159265359,4.712388980385,6.28318530718),
.PIECEWISE_BEZIER_KNOTS.) CURVE() GEOMETRIC_REPRESENTATION_ITEM() 
RATIONAL_B_SPLINE_CURVE((1.,0.707106781187,1.,0.707106781187,1.)) 
REPRESENTATION_ITEM('') );
#3354 = CARTESIAN_POINT('',(-6.75,-0.5,3.2500001));
#3355 = CARTESIAN_POINT('',(-6.75,-0.5,3.7500001));
#3356 = CARTESIAN_POINT('',(-6.75,1.958600423353E-14,3.7500001));
#3357 = CARTESIAN_POINT('',(-6.75,0.5,3.7500001));
#3358 = CARTESIAN_POINT('',(-6.75,0.5,3.2500001));
#3359 = ORIENTED_EDGE('',*,*,#21,.T.);
#3360 = B_SPLINE_SURFACE_WITH_KNOTS('',1,1,(
    (#3361,#3362)
    ,(#3363,#3364
    )),.UNSPECIFIED.,.F.,.F.,.F.,(2,2),(2,2),(-0.5,0.5),(-0.5,0.5),
  .PIECEWISE_BEZIER_KNOTS.);
#3361 = CARTESIAN_POINT('',(-6.75,-0.5,3.7500001));
#3362 = CARTESIAN_POINT('',(-6.75,-0.5,2.7500001));
#3363 = CARTESIAN_POINT('',(-6.75,0.5,3.7500001));
#3364 = CARTESIAN_POINT('',(-6.75,0.5,2.7500001));
#3365 = ADVANCED_FACE('',(#3366),#3379,.T.);
#3366 = FACE_BOUND('',#3367,.T.);
#3367 = EDGE_LOOP('',(#3368,#3369,#3377,#3378));
#3368 = ORIENTED_EDGE('',*,*,#155,.F.);
#3369 = ORIENTED_EDGE('',*,*,#3370,.T.);
#3370 = EDGE_CURVE('',#34,#41,#3371,.T.);
#3371 = ( BOUNDED_CURVE() B_SPLINE_CURVE(2,(#3372,#3373,#3374,#3375,
#3376),.UNSPECIFIED.,.F.,.F.) B_SPLINE_CURVE_WITH_KNOTS((3,2,3),(0.,
1.570796326795,3.14159265359),.PIECEWISE_BEZIER_KNOTS.) CURVE() 
GEOMETRIC_REPRESENTATION_ITEM() RATIONAL_B_SPLINE_CURVE((1.,
0.707106781187,1.,0.707106781187,1.)) REPRESENTATION_ITEM('') );
#3372 = CARTESIAN_POINT('',(-6.65,0.6,3.2500001));
#3373 = CARTESIAN_POINT('',(-6.65,0.6,3.8500001));
#3374 = CARTESIAN_POINT('',(-6.65,1.313594860766E-14,3.8500001));
#3375 = CARTESIAN_POINT('',(-6.65,-0.6,3.8500001));
#3376 = CARTESIAN_POINT('',(-6.65,-0.6,3.2500001));
#3377 = ORIENTED_EDGE('',*,*,#172,.T.);
#3378 = ORIENTED_EDGE('',*,*,#3332,.F.);
#3379 = ( BOUNDED_SURFACE() B_SPLINE_SURFACE(2,1,(
    (#3380,#3381)
    ,(#3382,#3383)
    ,(#3384,#3385)
    ,(#3386,#3387)
    ,(#3388,#3389
)),.UNSPECIFIED.,.F.,.F.,.F.) B_SPLINE_SURFACE_WITH_KNOTS((3,2,3),(2,2),
  (3.14159265359,4.712388980385,6.28318530718),(1.E-01,3.99),
.PIECEWISE_BEZIER_KNOTS.) GEOMETRIC_REPRESENTATION_ITEM() 
RATIONAL_B_SPLINE_SURFACE((
    (1.,1.)
    ,(0.707106781187,0.707106781187)
    ,(1.,1.)
    ,(0.707106781187,0.707106781187)
,(1.,1.))) REPRESENTATION_ITEM('') SURFACE() );
#3380 = CARTESIAN_POINT('',(-6.65,0.6,3.2500001));
#3381 = CARTESIAN_POINT('',(-2.76,0.6,3.2500001));
#3382 = CARTESIAN_POINT('',(-6.65,0.6,3.8500001));
#3383 = CARTESIAN_POINT('',(-2.76,0.6,3.8500001));
#3384 = CARTESIAN_POINT('',(-6.65,2.013721908927E-14,3.8500001));
#3385 = CARTESIAN_POINT('',(-2.76,6.555356681174E-15,3.8500001));
#3386 = CARTESIAN_POINT('',(-6.65,-0.6,3.8500001));
#3387 = CARTESIAN_POINT('',(-2.76,-0.6,3.8500001));
#3388 = CARTESIAN_POINT('',(-6.65,-0.6,3.2500001));
#3389 = CARTESIAN_POINT('',(-2.76,-0.6,3.2500001));
#3390 = ADVANCED_FACE('',(#3391),#3404,.T.);
#3391 = FACE_BOUND('',#3392,.T.);
#3392 = EDGE_LOOP('',(#3393,#3394,#3395,#3396));
#3393 = ORIENTED_EDGE('',*,*,#129,.F.);
#3394 = ORIENTED_EDGE('',*,*,#3286,.T.);
#3395 = ORIENTED_EDGE('',*,*,#135,.T.);
#3396 = ORIENTED_EDGE('',*,*,#3397,.T.);
#3397 = EDGE_CURVE('',#82,#89,#3398,.T.);
#3398 = ( BOUNDED_CURVE() B_SPLINE_CURVE(2,(#3399,#3400,#3401,#3402,
#3403),.UNSPECIFIED.,.F.,.F.) B_SPLINE_CURVE_WITH_KNOTS((3,2,3),(
    3.14159265359,4.712388980385,6.28318530718),
.PIECEWISE_BEZIER_KNOTS.) CURVE() GEOMETRIC_REPRESENTATION_ITEM() 
RATIONAL_B_SPLINE_CURVE((1.,0.707106781187,1.,0.707106781187,1.)) 
REPRESENTATION_ITEM('') );
#3399 = CARTESIAN_POINT('',(5.15,-0.6,3.2500001));
#3400 = CARTESIAN_POINT('',(5.15,-0.6,3.8500001));
#3401 = CARTESIAN_POINT('',(5.15,-2.128269713292E-14,3.8500001));
#3402 = CARTESIAN_POINT('',(5.15,0.6,3.8500001));
#3403 = CARTESIAN_POINT('',(5.15,0.6,3.2500001));
#3404 = ( BOUNDED_SURFACE() B_SPLINE_SURFACE(2,1,(
    (#3405,#3406)
    ,(#3407,#3408)
    ,(#3409,#3410)
    ,(#3411,#3412)
    ,(#3413,#3414
)),.UNSPECIFIED.,.F.,.F.,.F.) B_SPLINE_SURFACE_WITH_KNOTS((3,2,3),(2,2),
  (3.14159265359,4.712388980385,6.28318530718),(5.7,11.9),
.PIECEWISE_BEZIER_KNOTS.) GEOMETRIC_REPRESENTATION_ITEM() 
RATIONAL_B_SPLINE_SURFACE((
    (1.,1.)
    ,(0.707106781187,0.707106781187)
    ,(1.,1.)
    ,(0.707106781187,0.707106781187)
,(1.,1.))) REPRESENTATION_ITEM('') SURFACE() );
#3405 = CARTESIAN_POINT('',(-1.05,0.6,3.2500001));
#3406 = CARTESIAN_POINT('',(5.15,0.6,3.2500001));
#3407 = CARTESIAN_POINT('',(-1.05,0.6,3.8500001));
#3408 = CARTESIAN_POINT('',(5.15,0.6,3.8500001));
#3409 = CARTESIAN_POINT('',(-1.05,5.849235917521E-16,3.8500001));
#3410 = CARTESIAN_POINT('',(5.15,-2.106226070908E-14,3.8500001));
#3411 = CARTESIAN_POINT('',(-1.05,-0.6,3.8500001));
#3412 = CARTESIAN_POINT('',(5.15,-0.6,3.8500001));
#3413 = CARTESIAN_POINT('',(-1.05,-0.6,3.2500001));
#3414 = CARTESIAN_POINT('',(5.15,-0.6,3.2500001));
#3415 = ADVANCED_FACE('',(#3416),#3427,.F.);
#3416 = FACE_BOUND('',#3417,.T.);
#3417 = EDGE_LOOP('',(#3418,#3426));
#3418 = ORIENTED_EDGE('',*,*,#3419,.T.);
#3419 = EDGE_CURVE('',#72,#70,#3420,.T.);
#3420 = ( BOUNDED_CURVE() B_SPLINE_CURVE(2,(#3421,#3422,#3423,#3424,
#3425),.UNSPECIFIED.,.F.,.F.) B_SPLINE_CURVE_WITH_KNOTS((3,2,3),(0.,
1.570796326795,3.14159265359),.PIECEWISE_BEZIER_KNOTS.) CURVE() 
GEOMETRIC_REPRESENTATION_ITEM() RATIONAL_B_SPLINE_CURVE((1.,
0.707106781187,1.,0.707106781187,1.)) REPRESENTATION_ITEM('') );
#3421 = CARTESIAN_POINT('',(5.25,0.5,3.2500001));
#3422 = CARTESIAN_POINT('',(5.25,0.5,3.7500001));
#3423 = CARTESIAN_POINT('',(5.25,-2.218930715267E-14,3.7500001));
#3424 = CARTESIAN_POINT('',(5.25,-0.5,3.7500001));
#3425 = CARTESIAN_POINT('',(5.25,-0.5,3.2500001));
#3426 = ORIENTED_EDGE('',*,*,#69,.T.);
#3427 = B_SPLINE_SURFACE_WITH_KNOTS('',1,1,(
    (#3428,#3429)
    ,(#3430,#3431
    )),.UNSPECIFIED.,.F.,.F.,.F.,(2,2),(2,2),(-0.5,0.5),(-0.5,0.5),
  .PIECEWISE_BEZIER_KNOTS.);
#3428 = CARTESIAN_POINT('',(5.25,-0.5,3.7500001));
#3429 = CARTESIAN_POINT('',(5.25,-0.5,2.7500001));
#3430 = CARTESIAN_POINT('',(5.25,0.5,3.7500001));
#3431 = CARTESIAN_POINT('',(5.25,0.5,2.7500001));
#3432 = ADVANCED_FACE('',(#3433),#3439,.T.);
#3433 = FACE_BOUND('',#3434,.T.);
#3434 = EDGE_LOOP('',(#3435,#3436,#3437,#3438));
#3435 = ORIENTED_EDGE('',*,*,#81,.F.);
#3436 = ORIENTED_EDGE('',*,*,#3419,.F.);
#3437 = ORIENTED_EDGE('',*,*,#98,.T.);
#3438 = ORIENTED_EDGE('',*,*,#3397,.F.);
#3439 = ( BOUNDED_SURFACE() B_SPLINE_SURFACE(2,1,(
    (#3440,#3441)
    ,(#3442,#3443)
    ,(#3444,#3445)
    ,(#3446,#3447)
    ,(#3448,#3449
)),.UNSPECIFIED.,.F.,.F.,.F.) B_SPLINE_SURFACE_WITH_KNOTS((3,2,3),(2,2),
  (3.14159265359,4.712388980385,6.28318530718),(-0.141421356237,
    1.110223024626E-16),.PIECEWISE_BEZIER_KNOTS.) 
GEOMETRIC_REPRESENTATION_ITEM() RATIONAL_B_SPLINE_SURFACE((
    (1.,1.)
    ,(0.707106781187,0.707106781187)
    ,(1.,1.)
    ,(0.707106781187,0.707106781187)
,(1.,1.))) REPRESENTATION_ITEM('') SURFACE() );
#3440 = CARTESIAN_POINT('',(5.25,-0.5,3.2500001));
#3441 = CARTESIAN_POINT('',(5.15,-0.6,3.2500001));
#3442 = CARTESIAN_POINT('',(5.25,-0.5,3.7500001));
#3443 = CARTESIAN_POINT('',(5.15,-0.6,3.8500001));
#3444 = CARTESIAN_POINT('',(5.25,-2.231177183259E-14,3.7500001));
#3445 = CARTESIAN_POINT('',(5.15,-2.128269713292E-14,3.8500001));
#3446 = CARTESIAN_POINT('',(5.25,0.5,3.7500001));
#3447 = CARTESIAN_POINT('',(5.15,0.6,3.8500001));
#3448 = CARTESIAN_POINT('',(5.25,0.5,3.2500001));
#3449 = CARTESIAN_POINT('',(5.15,0.6,3.2500001));
#3450 = ADVANCED_FACE('',(#3451),#3457,.T.);
#3451 = FACE_BOUND('',#3452,.T.);
#3452 = EDGE_LOOP('',(#3453,#3454,#3455,#3456));
#3453 = ORIENTED_EDGE('',*,*,#33,.F.);
#3454 = ORIENTED_EDGE('',*,*,#3352,.F.);
#3455 = ORIENTED_EDGE('',*,*,#50,.T.);
#3456 = ORIENTED_EDGE('',*,*,#3370,.F.);
#3457 = ( BOUNDED_SURFACE() B_SPLINE_SURFACE(2,1,(
    (#3458,#3459)
    ,(#3460,#3461)
    ,(#3462,#3463)
    ,(#3464,#3465)
    ,(#3466,#3467
)),.UNSPECIFIED.,.F.,.F.,.F.) B_SPLINE_SURFACE_WITH_KNOTS((3,2,3),(2,2),
  (3.14159265359,4.712388980385,6.28318530718),(-7.850462293419E-17,
    0.141421356237),.PIECEWISE_BEZIER_KNOTS.) 
GEOMETRIC_REPRESENTATION_ITEM() RATIONAL_B_SPLINE_SURFACE((
    (1.,1.)
    ,(0.707106781187,0.707106781187)
    ,(1.,1.)
    ,(0.707106781187,0.707106781187)
,(1.,1.))) REPRESENTATION_ITEM('') SURFACE() );
#3458 = CARTESIAN_POINT('',(-6.75,0.5,3.2500001));
#3459 = CARTESIAN_POINT('',(-6.65,0.6,3.2500001));
#3460 = CARTESIAN_POINT('',(-6.75,0.5,3.7500001));
#3461 = CARTESIAN_POINT('',(-6.65,0.6,3.8500001));
#3462 = CARTESIAN_POINT('',(-6.75,1.97697012534E-14,3.7500001));
#3463 = CARTESIAN_POINT('',(-6.65,2.013721908927E-14,3.8500001));
#3464 = CARTESIAN_POINT('',(-6.75,-0.5,3.7500001));
#3465 = CARTESIAN_POINT('',(-6.65,-0.6,3.8500001));
#3466 = CARTESIAN_POINT('',(-6.75,-0.5,3.2500001));
#3467 = CARTESIAN_POINT('',(-6.65,-0.6,3.2500001));
#3468 = ADVANCED_FACE('',(#3469),#3491,.T.);
#3469 = FACE_BOUND('',#3470,.T.);
#3470 = EDGE_LOOP('',(#3471,#3480,#3485,#3486));
#3471 = ORIENTED_EDGE('',*,*,#3472,.T.);
#3472 = EDGE_CURVE('',#3473,#3475,#3477,.T.);
#3473 = VERTEX_POINT('',#3474);
#3474 = CARTESIAN_POINT('',(5.500000001092,3.0330127,3.2500001));
#3475 = VERTEX_POINT('',#3476);
#3476 = CARTESIAN_POINT('',(5.400000001092,3.0330127,3.2500001));
#3477 = B_SPLINE_CURVE_WITH_KNOTS('',1,(#3478,#3479),.UNSPECIFIED.,.F.,
  .F.,(2,2),(-5.E-02,5.E-02),.PIECEWISE_BEZIER_KNOTS.);
#3478 = CARTESIAN_POINT('',(5.500000001092,3.0330127,3.2500001));
#3479 = CARTESIAN_POINT('',(5.400000001092,3.0330127,3.2500001));
#3480 = ORIENTED_EDGE('',*,*,#3481,.T.);
#3481 = EDGE_CURVE('',#3475,#615,#3482,.T.);
#3482 = B_SPLINE_CURVE_WITH_KNOTS('',1,(#3483,#3484),.UNSPECIFIED.,.F.,
  .F.,(2,2),(-0.249999998908,0.249999998908),.PIECEWISE_BEZIER_KNOTS.);
#3483 = CARTESIAN_POINT('',(5.400000001092,3.0330127,3.2500001));
#3484 = CARTESIAN_POINT('',(5.150000002185,2.6,3.2500001));
#3485 = ORIENTED_EDGE('',*,*,#792,.T.);
#3486 = ORIENTED_EDGE('',*,*,#3487,.T.);
#3487 = EDGE_CURVE('',#582,#3473,#3488,.T.);
#3488 = B_SPLINE_CURVE_WITH_KNOTS('',1,(#3489,#3490),.UNSPECIFIED.,.F.,
  .F.,(2,2),(-0.249999998908,0.249999998908),.PIECEWISE_BEZIER_KNOTS.);
#3489 = CARTESIAN_POINT('',(5.75,2.6,3.2500001));
#3490 = CARTESIAN_POINT('',(5.500000001092,3.0330127,3.2500001));
#3491 = B_SPLINE_SURFACE_WITH_KNOTS('',1,1,(
    (#3492,#3493)
    ,(#3494,#3495
    )),.UNSPECIFIED.,.F.,.F.,.F.,(2,2),(2,2),(-0.299999998908,
    0.299999998908),(-3.690209143576E-33,0.4330127),
  .PIECEWISE_BEZIER_KNOTS.);
#3492 = CARTESIAN_POINT('',(5.75,3.0330127,3.2500001));
#3493 = CARTESIAN_POINT('',(5.75,2.6,3.2500001));
#3494 = CARTESIAN_POINT('',(5.150000002185,3.0330127,3.2500001));
#3495 = CARTESIAN_POINT('',(5.150000002185,2.6,3.2500001));
#3496 = ADVANCED_FACE('',(#3497),#3525,.F.);
#3497 = FACE_BOUND('',#3498,.T.);
#3498 = EDGE_LOOP('',(#3499,#3510,#3517,#3518));
#3499 = ORIENTED_EDGE('',*,*,#3500,.T.);
#3500 = EDGE_CURVE('',#3501,#3503,#3505,.T.);
#3501 = VERTEX_POINT('',#3502);
#3502 = CARTESIAN_POINT('',(1.900000001092,-2.144663847595,
    1.105336252405));
#3503 = VERTEX_POINT('',#3504);
#3504 = CARTESIAN_POINT('',(2.000000001092,-2.144663847595,
    1.105336252405));
#3505 = B_SPLINE_CURVE_WITH_KNOTS('',3,(#3506,#3507,#3508,#3509),
  .UNSPECIFIED.,.F.,.F.,(4,4),(0.,1.),.PIECEWISE_BEZIER_KNOTS.);
#3506 = CARTESIAN_POINT('',(1.900000001092,-2.144663847595,
    1.105336252405));
#3507 = CARTESIAN_POINT('',(1.933333334426,-2.144663847595,
    1.105336252405));
#3508 = CARTESIAN_POINT('',(1.966666667759,-2.144663847595,
    1.105336252405));
#3509 = CARTESIAN_POINT('',(2.000000001092,-2.144663847595,
    1.105336252405));
#3510 = ORIENTED_EDGE('',*,*,#3511,.T.);
#3511 = EDGE_CURVE('',#3503,#525,#3512,.T.);
#3512 = B_SPLINE_CURVE_WITH_KNOTS('',3,(#3513,#3514,#3515,#3516),
  .UNSPECIFIED.,.F.,.F.,(4,4),(0.,1.),.PIECEWISE_BEZIER_KNOTS.);
#3513 = CARTESIAN_POINT('',(2.000000001092,-2.144663847595,
    1.105336252405));
#3514 = CARTESIAN_POINT('',(2.083333334062,-2.042601775425,
    1.207398324575));
#3515 = CARTESIAN_POINT('',(2.166666667031,-1.940539703255,
    1.309460396745));
#3516 = CARTESIAN_POINT('',(2.25,-1.838477631085,1.411522468915));
#3517 = ORIENTED_EDGE('',*,*,#524,.T.);
#3518 = ORIENTED_EDGE('',*,*,#3519,.T.);
#3519 = EDGE_CURVE('',#513,#3501,#3520,.T.);
#3520 = B_SPLINE_CURVE_WITH_KNOTS('',3,(#3521,#3522,#3523,#3524),
  .UNSPECIFIED.,.F.,.F.,(4,4),(0.,1.),.PIECEWISE_BEZIER_KNOTS.);
#3521 = CARTESIAN_POINT('',(1.650000002185,-1.838477631085,
    1.411522468915));
#3522 = CARTESIAN_POINT('',(1.733333335154,-1.940539703255,
    1.309460396745));
#3523 = CARTESIAN_POINT('',(1.816666668123,-2.042601775425,
    1.207398324575));
#3524 = CARTESIAN_POINT('',(1.900000001092,-2.144663847595,
    1.105336252405));
#3525 = B_SPLINE_SURFACE_WITH_KNOTS('',1,1,(
    (#3526,#3527)
    ,(#3528,#3529
  )),.UNSPECIFIED.,.F.,.F.,.F.,(2,2),(2,2),(0.,0.4330127),(
    -0.274999998908,0.324999998908),.PIECEWISE_BEZIER_KNOTS.);
#3526 = CARTESIAN_POINT('',(1.650000002185,-2.144663847595,
    1.105336252405));
#3527 = CARTESIAN_POINT('',(2.25,-2.144663847595,1.105336252405));
#3528 = CARTESIAN_POINT('',(1.650000002185,-1.838477631085,
    1.411522468915));
#3529 = CARTESIAN_POINT('',(2.25,-1.838477631085,1.411522468915));
#3530 = ADVANCED_FACE('',(#3531),#3683,.F.);
#3531 = FACE_BOUND('',#3532,.F.);
#3532 = EDGE_LOOP('',(#3533,#3607,#3608,#3682));
#3533 = ORIENTED_EDGE('',*,*,#3534,.T.);
#3534 = EDGE_CURVE('',#3475,#3501,#3535,.T.);
#3535 = ( BOUNDED_CURVE() B_SPLINE_CURVE(2,(#3536,#3537,#3538,#3539,
    #3540,#3541,#3542,#3543,#3544,#3545,#3546,#3547,#3548,#3549,#3550,
    #3551,#3552,#3553,#3554,#3555,#3556,#3557,#3558,#3559,#3560,#3561,
    #3562,#3563,#3564,#3565,#3566,#3567,#3568,#3569,#3570,#3571,#3572,
    #3573,#3574,#3575,#3576,#3577,#3578,#3579,#3580,#3581,#3582,#3583,
    #3584,#3585,#3586,#3587,#3588,#3589,#3590,#3591,#3592,#3593,#3594,
    #3595,#3596,#3597,#3598,#3599,#3600,#3601,#3602,#3603,#3604,#3605,
#3606),.UNSPECIFIED.,.F.,.F.) B_SPLINE_CURVE_WITH_KNOTS((3,2,2,2,2,2,2,2
    ,2,2,2,2,2,2,2,2,2,2,2,2,2,2,2,2,2,2,2,2,2,2,2,2,2,2,2,3),(0.,
    2.5E-02,5.E-02,7.5E-02,0.1,0.125,0.15,0.175,0.2,0.225,0.25,0.275,0.3
    ,0.325,0.35,0.375,0.4,0.425,0.45,0.475,0.5,0.525,0.55,0.575,0.6,
    0.625,0.65,0.675,0.7,0.725,0.75,0.775,0.8,0.825,0.85,0.875),
.PIECEWISE_BEZIER_KNOTS.) CURVE() GEOMETRIC_REPRESENTATION_ITEM() 
RATIONAL_B_SPLINE_CURVE((1.,0.923879532511,1.,0.923879532511,1.,
    0.923879532511,1.,0.923879532511,1.,0.923879532511,1.,0.923879532511
    ,1.,0.923879532511,1.,0.923879532511,1.,0.923879532511,1.,
    0.923879532511,1.,0.923879532511,1.,0.923879532511,1.,0.923879532511
    ,1.,0.923879532511,1.,0.923879532511,1.,0.923879532511,1.,
    0.923879532511,1.,0.923879532511,1.,0.923879532511,1.,0.923879532511
    ,1.,0.923879532511,1.,0.923879532511,1.,0.923879532511,1.,
    0.923879532511,1.,0.923879532511,1.,0.923879532511,1.,0.923879532511
    ,1.,0.923879532511,1.,0.923879532511,1.,0.923879532511,1.,
    0.923879532511,1.,0.923879532511,1.,0.923879532511,1.,0.923879532511
,1.,0.923879532511,1.)) REPRESENTATION_ITEM('') );
#3536 = CARTESIAN_POINT('',(5.400000001092,3.0330127,3.2500001));
#3537 = CARTESIAN_POINT('',(5.350000001092,3.0330127,1.99368510481));
#3538 = CARTESIAN_POINT('',(5.300000001092,2.144663847595,1.105336252405
    ));
#3539 = CARTESIAN_POINT('',(5.250000001092,1.25631499519,0.2169874));
#3540 = CARTESIAN_POINT('',(5.200000001092,-4.750969128482E-14,0.2169874
    ));
#3541 = CARTESIAN_POINT('',(5.150000001092,-1.25631499519,0.2169874));
#3542 = CARTESIAN_POINT('',(5.100000001092,-2.144663847595,
    1.105336252405));
#3543 = CARTESIAN_POINT('',(5.050000001092,-3.0330127,1.99368510481));
#3544 = CARTESIAN_POINT('',(5.000000001092,-3.0330127,3.2500001));
#3545 = CARTESIAN_POINT('',(4.950000001092,-3.0330127,4.50631509519));
#3546 = CARTESIAN_POINT('',(4.900000001092,-2.144663847595,
    5.394663947595));
#3547 = CARTESIAN_POINT('',(4.850000001092,-1.25631499519,6.2830128));
#3548 = CARTESIAN_POINT('',(4.800000001092,-4.447877491437E-15,6.2830128
    ));
#3549 = CARTESIAN_POINT('',(4.750000001092,1.25631499519,6.2830128));
#3550 = CARTESIAN_POINT('',(4.700000001092,2.144663847595,5.394663947595
    ));
#3551 = CARTESIAN_POINT('',(4.650000001092,3.0330127,4.50631509519));
#3552 = CARTESIAN_POINT('',(4.600000001092,3.0330127,3.2500001));
#3553 = CARTESIAN_POINT('',(4.550000001092,3.0330127,1.99368510481));
#3554 = CARTESIAN_POINT('',(4.500000001092,2.144663847595,1.105336252405
    ));
#3555 = CARTESIAN_POINT('',(4.450000001092,1.25631499519,0.2169874));
#3556 = CARTESIAN_POINT('',(4.400000001092,-4.461797392031E-14,0.2169874
    ));
#3557 = CARTESIAN_POINT('',(4.350000001092,-1.25631499519,0.2169874));
#3558 = CARTESIAN_POINT('',(4.300000001092,-2.144663847595,
    1.105336252405));
#3559 = CARTESIAN_POINT('',(4.250000001092,-3.0330127,1.99368510481));
#3560 = CARTESIAN_POINT('',(4.200000001092,-3.0330127,3.2500001));
#3561 = CARTESIAN_POINT('',(4.150000001092,-3.0330127,4.50631509519));
#3562 = CARTESIAN_POINT('',(4.100000001092,-2.144663847595,
    5.394663947595));
#3563 = CARTESIAN_POINT('',(4.050000001092,-1.25631499519,6.2830128));
#3564 = CARTESIAN_POINT('',(4.000000001092,-1.556160126927E-15,6.2830128
    ));
#3565 = CARTESIAN_POINT('',(3.950000001092,1.25631499519,6.2830128));
#3566 = CARTESIAN_POINT('',(3.900000001092,2.144663847595,5.394663947595
    ));
#3567 = CARTESIAN_POINT('',(3.850000001092,3.0330127,4.50631509519));
#3568 = CARTESIAN_POINT('',(3.800000001092,3.0330127,3.2500001));
#3569 = CARTESIAN_POINT('',(3.750000001092,3.0330127,1.99368510481));
#3570 = CARTESIAN_POINT('',(3.700000001092,2.144663847595,1.105336252405
    ));
#3571 = CARTESIAN_POINT('',(3.650000001092,1.25631499519,0.2169874));
#3572 = CARTESIAN_POINT('',(3.600000001092,-4.17262565558E-14,0.2169874)
  );
#3573 = CARTESIAN_POINT('',(3.550000001092,-1.25631499519,0.2169874));
#3574 = CARTESIAN_POINT('',(3.500000001092,-2.144663847595,
    1.105336252405));
#3575 = CARTESIAN_POINT('',(3.450000001092,-3.0330127,1.99368510481));
#3576 = CARTESIAN_POINT('',(3.400000001092,-3.0330127,3.2500001));
#3577 = CARTESIAN_POINT('',(3.350000001092,-3.0330127,4.50631509519));
#3578 = CARTESIAN_POINT('',(3.300000001092,-2.144663847595,
    5.394663947595));
#3579 = CARTESIAN_POINT('',(3.250000001092,-1.25631499519,6.2830128));
#3580 = CARTESIAN_POINT('',(3.200000001092,1.335557237583E-15,6.2830128)
  );
#3581 = CARTESIAN_POINT('',(3.150000001092,1.25631499519,6.2830128));
#3582 = CARTESIAN_POINT('',(3.100000001092,2.144663847595,5.394663947595
    ));
#3583 = CARTESIAN_POINT('',(3.050000001092,3.0330127,4.50631509519));
#3584 = CARTESIAN_POINT('',(3.000000001092,3.0330127,3.2500001));
#3585 = CARTESIAN_POINT('',(2.950000001092,3.0330127,1.99368510481));
#3586 = CARTESIAN_POINT('',(2.900000001092,2.144663847595,1.105336252405
    ));
#3587 = CARTESIAN_POINT('',(2.850000001092,1.25631499519,0.2169874));
#3588 = CARTESIAN_POINT('',(2.800000001092,-3.883453919129E-14,0.2169874
    ));
#3589 = CARTESIAN_POINT('',(2.750000001092,-1.25631499519,0.2169874));
#3590 = CARTESIAN_POINT('',(2.700000001092,-2.144663847595,
    1.105336252405));
#3591 = CARTESIAN_POINT('',(2.650000001092,-3.0330127,1.99368510481));
#3592 = CARTESIAN_POINT('',(2.600000001092,-3.0330127,3.2500001));
#3593 = CARTESIAN_POINT('',(2.550000001092,-3.0330127,4.50631509519));
#3594 = CARTESIAN_POINT('',(2.500000001092,-2.144663847595,
    5.394663947595));
#3595 = CARTESIAN_POINT('',(2.450000001092,-1.25631499519,6.2830128));
#3596 = CARTESIAN_POINT('',(2.400000001092,4.227274602093E-15,6.2830128)
  );
#3597 = CARTESIAN_POINT('',(2.350000001092,1.25631499519,6.2830128));
#3598 = CARTESIAN_POINT('',(2.300000001092,2.144663847595,5.394663947595
    ));
#3599 = CARTESIAN_POINT('',(2.250000001092,3.0330127,4.50631509519));
#3600 = CARTESIAN_POINT('',(2.200000001092,3.0330127,3.2500001));
#3601 = CARTESIAN_POINT('',(2.150000001092,3.0330127,1.99368510481));
#3602 = CARTESIAN_POINT('',(2.100000001092,2.144663847595,1.105336252405
    ));
#3603 = CARTESIAN_POINT('',(2.050000001092,1.25631499519,0.2169874));
#3604 = CARTESIAN_POINT('',(2.000000001092,-3.594282182678E-14,0.2169874
    ));
#3605 = CARTESIAN_POINT('',(1.950000001092,-1.25631499519,0.2169874));
#3606 = CARTESIAN_POINT('',(1.900000001092,-2.144663847595,
    1.105336252405));
#3607 = ORIENTED_EDGE('',*,*,#3500,.T.);
#3608 = ORIENTED_EDGE('',*,*,#3609,.F.);
#3609 = EDGE_CURVE('',#3473,#3503,#3610,.T.);
#3610 = ( BOUNDED_CURVE() B_SPLINE_CURVE(2,(#3611,#3612,#3613,#3614,
    #3615,#3616,#3617,#3618,#3619,#3620,#3621,#3622,#3623,#3624,#3625,
    #3626,#3627,#3628,#3629,#3630,#3631,#3632,#3633,#3634,#3635,#3636,
    #3637,#3638,#3639,#3640,#3641,#3642,#3643,#3644,#3645,#3646,#3647,
    #3648,#3649,#3650,#3651,#3652,#3653,#3654,#3655,#3656,#3657,#3658,
    #3659,#3660,#3661,#3662,#3663,#3664,#3665,#3666,#3667,#3668,#3669,
    #3670,#3671,#3672,#3673,#3674,#3675,#3676,#3677,#3678,#3679,#3680,
#3681),.UNSPECIFIED.,.F.,.F.) B_SPLINE_CURVE_WITH_KNOTS((3,2,2,2,2,2,2,2
    ,2,2,2,2,2,2,2,2,2,2,2,2,2,2,2,2,2,2,2,2,2,2,2,2,2,2,2,3),(0.,
    2.5E-02,5.E-02,7.5E-02,0.1,0.125,0.15,0.175,0.2,0.225,0.25,0.275,0.3
    ,0.325,0.35,0.375,0.4,0.425,0.45,0.475,0.5,0.525,0.55,0.575,0.6,
    0.625,0.65,0.675,0.7,0.725,0.75,0.775,0.8,0.825,0.85,0.875),
.PIECEWISE_BEZIER_KNOTS.) CURVE() GEOMETRIC_REPRESENTATION_ITEM() 
RATIONAL_B_SPLINE_CURVE((1.,0.923879532511,1.,0.923879532511,1.,
    0.923879532511,1.,0.923879532511,1.,0.923879532511,1.,0.923879532511
    ,1.,0.923879532511,1.,0.923879532511,1.,0.923879532511,1.,
    0.923879532511,1.,0.923879532511,1.,0.923879532511,1.,0.923879532511
    ,1.,0.923879532511,1.,0.923879532511,1.,0.923879532511,1.,
    0.923879532511,1.,0.923879532511,1.,0.923879532511,1.,0.923879532511
    ,1.,0.923879532511,1.,0.923879532511,1.,0.923879532511,1.,
    0.923879532511,1.,0.923879532511,1.,0.923879532511,1.,0.923879532511
    ,1.,0.923879532511,1.,0.923879532511,1.,0.923879532511,1.,
    0.923879532511,1.,0.923879532511,1.,0.923879532511,1.,0.923879532511
,1.,0.923879532511,1.)) REPRESENTATION_ITEM('') );
#3611 = CARTESIAN_POINT('',(5.500000001092,3.0330127,3.2500001));
#3612 = CARTESIAN_POINT('',(5.450000001092,3.0330127,1.99368510481));
#3613 = CARTESIAN_POINT('',(5.400000001092,2.144663847595,1.105336252405
    ));
#3614 = CARTESIAN_POINT('',(5.350000001092,1.25631499519,0.2169874));
#3615 = CARTESIAN_POINT('',(5.300000001092,-4.787115595539E-14,0.2169874
    ));
#3616 = CARTESIAN_POINT('',(5.250000001092,-1.25631499519,0.2169874));
#3617 = CARTESIAN_POINT('',(5.200000001092,-2.144663847595,
    1.105336252405));
#3618 = CARTESIAN_POINT('',(5.150000001092,-3.0330127,1.99368510481));
#3619 = CARTESIAN_POINT('',(5.100000001092,-3.0330127,3.2500001));
#3620 = CARTESIAN_POINT('',(5.050000001092,-3.0330127,4.50631509519));
#3621 = CARTESIAN_POINT('',(5.000000001092,-2.144663847595,
    5.394663947595));
#3622 = CARTESIAN_POINT('',(4.950000001092,-1.25631499519,6.2830128));
#3623 = CARTESIAN_POINT('',(4.900000001092,-4.809342162001E-15,6.2830128
    ));
#3624 = CARTESIAN_POINT('',(4.850000001092,1.25631499519,6.2830128));
#3625 = CARTESIAN_POINT('',(4.800000001092,2.144663847595,5.394663947595
    ));
#3626 = CARTESIAN_POINT('',(4.750000001092,3.0330127,4.50631509519));
#3627 = CARTESIAN_POINT('',(4.700000001092,3.0330127,3.2500001));
#3628 = CARTESIAN_POINT('',(4.650000001092,3.0330127,1.99368510481));
#3629 = CARTESIAN_POINT('',(4.600000001092,2.144663847595,1.105336252405
    ));
#3630 = CARTESIAN_POINT('',(4.550000001092,1.25631499519,0.2169874));
#3631 = CARTESIAN_POINT('',(4.500000001092,-4.497943859088E-14,0.2169874
    ));
#3632 = CARTESIAN_POINT('',(4.450000001092,-1.25631499519,0.2169874));
#3633 = CARTESIAN_POINT('',(4.400000001092,-2.144663847595,
    1.105336252405));
#3634 = CARTESIAN_POINT('',(4.350000001092,-3.0330127,1.99368510481));
#3635 = CARTESIAN_POINT('',(4.300000001092,-3.0330127,3.2500001));
#3636 = CARTESIAN_POINT('',(4.250000001092,-3.0330127,4.50631509519));
#3637 = CARTESIAN_POINT('',(4.200000001092,-2.144663847595,
    5.394663947595));
#3638 = CARTESIAN_POINT('',(4.150000001092,-1.25631499519,6.2830128));
#3639 = CARTESIAN_POINT('',(4.100000001092,-1.917624797491E-15,6.2830128
    ));
#3640 = CARTESIAN_POINT('',(4.050000001092,1.25631499519,6.2830128));
#3641 = CARTESIAN_POINT('',(4.000000001092,2.144663847595,5.394663947595
    ));
#3642 = CARTESIAN_POINT('',(3.950000001092,3.0330127,4.50631509519));
#3643 = CARTESIAN_POINT('',(3.900000001092,3.0330127,3.2500001));
#3644 = CARTESIAN_POINT('',(3.850000001092,3.0330127,1.99368510481));
#3645 = CARTESIAN_POINT('',(3.800000001092,2.144663847595,1.105336252405
    ));
#3646 = CARTESIAN_POINT('',(3.750000001092,1.25631499519,0.2169874));
#3647 = CARTESIAN_POINT('',(3.700000001092,-4.208772122637E-14,0.2169874
    ));
#3648 = CARTESIAN_POINT('',(3.650000001092,-1.25631499519,0.2169874));
#3649 = CARTESIAN_POINT('',(3.600000001092,-2.144663847595,
    1.105336252405));
#3650 = CARTESIAN_POINT('',(3.550000001092,-3.0330127,1.99368510481));
#3651 = CARTESIAN_POINT('',(3.500000001092,-3.0330127,3.2500001));
#3652 = CARTESIAN_POINT('',(3.450000001092,-3.0330127,4.50631509519));
#3653 = CARTESIAN_POINT('',(3.400000001092,-2.144663847595,
    5.394663947595));
#3654 = CARTESIAN_POINT('',(3.350000001092,-1.25631499519,6.2830128));
#3655 = CARTESIAN_POINT('',(3.300000001092,9.74092567019E-16,6.2830128)
  );
#3656 = CARTESIAN_POINT('',(3.250000001092,1.25631499519,6.2830128));
#3657 = CARTESIAN_POINT('',(3.200000001092,2.144663847595,5.394663947595
    ));
#3658 = CARTESIAN_POINT('',(3.150000001092,3.0330127,4.50631509519));
#3659 = CARTESIAN_POINT('',(3.100000001092,3.0330127,3.2500001));
#3660 = CARTESIAN_POINT('',(3.050000001092,3.0330127,1.99368510481));
#3661 = CARTESIAN_POINT('',(3.000000001092,2.144663847595,1.105336252405
    ));
#3662 = CARTESIAN_POINT('',(2.950000001092,1.25631499519,0.2169874));
#3663 = CARTESIAN_POINT('',(2.900000001092,-3.919600386186E-14,0.2169874
    ));
#3664 = CARTESIAN_POINT('',(2.850000001092,-1.25631499519,0.2169874));
#3665 = CARTESIAN_POINT('',(2.800000001092,-2.144663847595,
    1.105336252405));
#3666 = CARTESIAN_POINT('',(2.750000001092,-3.0330127,1.99368510481));
#3667 = CARTESIAN_POINT('',(2.700000001092,-3.0330127,3.2500001));
#3668 = CARTESIAN_POINT('',(2.650000001092,-3.0330127,4.50631509519));
#3669 = CARTESIAN_POINT('',(2.600000001092,-2.144663847595,
    5.394663947595));
#3670 = CARTESIAN_POINT('',(2.550000001092,-1.25631499519,6.2830128));
#3671 = CARTESIAN_POINT('',(2.500000001092,3.865809931529E-15,6.2830128)
  );
#3672 = CARTESIAN_POINT('',(2.450000001092,1.25631499519,6.2830128));
#3673 = CARTESIAN_POINT('',(2.400000001092,2.144663847595,5.394663947595
    ));
#3674 = CARTESIAN_POINT('',(2.350000001092,3.0330127,4.50631509519));
#3675 = CARTESIAN_POINT('',(2.300000001092,3.0330127,3.2500001));
#3676 = CARTESIAN_POINT('',(2.250000001092,3.0330127,1.99368510481));
#3677 = CARTESIAN_POINT('',(2.200000001092,2.144663847595,1.105336252405
    ));
#3678 = CARTESIAN_POINT('',(2.150000001092,1.25631499519,0.2169874));
#3679 = CARTESIAN_POINT('',(2.100000001092,-3.630428649735E-14,0.2169874
    ));
#3680 = CARTESIAN_POINT('',(2.050000001092,-1.25631499519,0.2169874));
#3681 = CARTESIAN_POINT('',(2.000000001092,-2.144663847595,
    1.105336252405));
#3682 = ORIENTED_EDGE('',*,*,#3472,.T.);
#3683 = ( BOUNDED_SURFACE() B_SPLINE_SURFACE(1,2,(
    (#3684,#3685,#3686,#3687,#3688,#3689,#3690,#3691,#3692,#3693,#3694
      ,#3695,#3696,#3697,#3698,#3699,#3700,#3701,#3702,#3703,#3704,#3705
      ,#3706,#3707,#3708,#3709,#3710,#3711,#3712,#3713,#3714,#3715,#3716
      ,#3717,#3718,#3719,#3720,#3721,#3722,#3723,#3724,#3725,#3726,#3727
      ,#3728,#3729,#3730,#3731,#3732,#3733,#3734,#3735,#3736,#3737,#3738
      ,#3739,#3740,#3741,#3742,#3743,#3744,#3745,#3746,#3747,#3748,#3749
      ,#3750,#3751,#3752,#3753,#3754)
    ,(#3755,#3756,#3757,#3758,#3759,#3760,#3761,#3762,#3763,#3764,#3765
      ,#3766,#3767,#3768,#3769,#3770,#3771,#3772,#3773,#3774,#3775,#3776
      ,#3777,#3778,#3779,#3780,#3781,#3782,#3783,#3784,#3785,#3786,#3787
      ,#3788,#3789,#3790,#3791,#3792,#3793,#3794,#3795,#3796,#3797,#3798
      ,#3799,#3800,#3801,#3802,#3803,#3804,#3805,#3806,#3807,#3808,#3809
      ,#3810,#3811,#3812,#3813,#3814,#3815,#3816,#3817,#3818,#3819,#3820
      ,#3821,#3822,#3823,#3824,#3825
)),.UNSPECIFIED.,.F.,.F.,.F.) B_SPLINE_SURFACE_WITH_KNOTS((2,2),(3,2,2,2
    ,2,2,2,2,2,2,2,2,2,2,2,2,2,2,2,2,2,2,2,2,2,2,2,2,2,2,2,2,2,2,2,3),(
    0.,1.),(0.,2.5E-02,5.E-02,7.5E-02,0.1,0.125,0.15,0.175,0.2,0.225,
    0.25,0.275,0.3,0.325,0.35,0.375,0.4,0.425,0.45,0.475,0.5,0.525,0.55,
    0.575,0.6,0.625,0.65,0.675,0.7,0.725,0.75,0.775,0.8,0.825,0.85,0.875
),.PIECEWISE_BEZIER_KNOTS.) GEOMETRIC_REPRESENTATION_ITEM() 
RATIONAL_B_SPLINE_SURFACE((
    (1.,0.923879532511,1.,0.923879532511,1.,0.923879532511,1.
      ,0.923879532511,1.,0.923879532511,1.,0.923879532511,1.
      ,0.923879532511,1.,0.923879532511,1.,0.923879532511,1.
      ,0.923879532511,1.,0.923879532511,1.,0.923879532511,1.
      ,0.923879532511,1.,0.923879532511,1.,0.923879532511,1.
      ,0.923879532511,1.,0.923879532511,1.,0.923879532511,1.
      ,0.923879532511,1.,0.923879532511,1.,0.923879532511,1.
      ,0.923879532511,1.,0.923879532511,1.,0.923879532511,1.
      ,0.923879532511,1.,0.923879532511,1.,0.923879532511,1.
      ,0.923879532511,1.,0.923879532511,1.,0.923879532511,1.
      ,0.923879532511,1.,0.923879532511,1.,0.923879532511,1.
      ,0.923879532511,1.,0.923879532511,1.)
    ,(1.,0.923879532511,1.,0.923879532511,1.,0.923879532511,1.
      ,0.923879532511,1.,0.923879532511,1.,0.923879532511,1.
      ,0.923879532511,1.,0.923879532511,1.,0.923879532511,1.
      ,0.923879532511,1.,0.923879532511,1.,0.923879532511,1.
      ,0.923879532511,1.,0.923879532511,1.,0.923879532511,1.
      ,0.923879532511,1.,0.923879532511,1.,0.923879532511,1.
      ,0.923879532511,1.,0.923879532511,1.,0.923879532511,1.
      ,0.923879532511,1.,0.923879532511,1.,0.923879532511,1.
      ,0.923879532511,1.,0.923879532511,1.,0.923879532511,1.
      ,0.923879532511,1.,0.923879532511,1.,0.923879532511,1.
      ,0.923879532511,1.,0.923879532511,1.,0.923879532511,1.
,0.923879532511,1.,0.923879532511,1.
  ))) REPRESENTATION_ITEM('') SURFACE() );
#3684 = CARTESIAN_POINT('',(5.500000001092,3.0330127,3.2500001));
#3685 = CARTESIAN_POINT('',(5.450000001092,3.0330127,1.99368510481));
#3686 = CARTESIAN_POINT('',(5.400000001092,2.144663847595,1.105336252405
    ));
#3687 = CARTESIAN_POINT('',(5.350000001092,1.25631499519,0.2169874));
#3688 = CARTESIAN_POINT('',(5.300000001092,-4.787115595539E-14,0.2169874
    ));
#3689 = CARTESIAN_POINT('',(5.250000001092,-1.25631499519,0.2169874));
#3690 = CARTESIAN_POINT('',(5.200000001092,-2.144663847595,
    1.105336252405));
#3691 = CARTESIAN_POINT('',(5.150000001092,-3.0330127,1.99368510481));
#3692 = CARTESIAN_POINT('',(5.100000001092,-3.0330127,3.2500001));
#3693 = CARTESIAN_POINT('',(5.050000001092,-3.0330127,4.50631509519));
#3694 = CARTESIAN_POINT('',(5.000000001092,-2.144663847595,
    5.394663947595));
#3695 = CARTESIAN_POINT('',(4.950000001092,-1.25631499519,6.2830128));
#3696 = CARTESIAN_POINT('',(4.900000001092,-4.809342162001E-15,6.2830128
    ));
#3697 = CARTESIAN_POINT('',(4.850000001092,1.25631499519,6.2830128));
#3698 = CARTESIAN_POINT('',(4.800000001092,2.144663847595,5.394663947595
    ));
#3699 = CARTESIAN_POINT('',(4.750000001092,3.0330127,4.50631509519));
#3700 = CARTESIAN_POINT('',(4.700000001092,3.0330127,3.2500001));
#3701 = CARTESIAN_POINT('',(4.650000001092,3.0330127,1.99368510481));
#3702 = CARTESIAN_POINT('',(4.600000001092,2.144663847595,1.105336252405
    ));
#3703 = CARTESIAN_POINT('',(4.550000001092,1.25631499519,0.2169874));
#3704 = CARTESIAN_POINT('',(4.500000001092,-4.497943859088E-14,0.2169874
    ));
#3705 = CARTESIAN_POINT('',(4.450000001092,-1.25631499519,0.2169874));
#3706 = CARTESIAN_POINT('',(4.400000001092,-2.144663847595,
    1.105336252405));
#3707 = CARTESIAN_POINT('',(4.350000001092,-3.0330127,1.99368510481));
#3708 = CARTESIAN_POINT('',(4.300000001092,-3.0330127,3.2500001));
#3709 = CARTESIAN_POINT('',(4.250000001092,-3.0330127,4.50631509519));
#3710 = CARTESIAN_POINT('',(4.200000001092,-2.144663847595,
    5.394663947595));
#3711 = CARTESIAN_POINT('',(4.150000001092,-1.25631499519,6.2830128));
#3712 = CARTESIAN_POINT('',(4.100000001092,-1.917624797491E-15,6.2830128
    ));
#3713 = CARTESIAN_POINT('',(4.050000001092,1.25631499519,6.2830128));
#3714 = CARTESIAN_POINT('',(4.000000001092,2.144663847595,5.394663947595
    ));
#3715 = CARTESIAN_POINT('',(3.950000001092,3.0330127,4.50631509519));
#3716 = CARTESIAN_POINT('',(3.900000001092,3.0330127,3.2500001));
#3717 = CARTESIAN_POINT('',(3.850000001092,3.0330127,1.99368510481));
#3718 = CARTESIAN_POINT('',(3.800000001092,2.144663847595,1.105336252405
    ));
#3719 = CARTESIAN_POINT('',(3.750000001092,1.25631499519,0.2169874));
#3720 = CARTESIAN_POINT('',(3.700000001092,-4.208772122637E-14,0.2169874
    ));
#3721 = CARTESIAN_POINT('',(3.650000001092,-1.25631499519,0.2169874));
#3722 = CARTESIAN_POINT('',(3.600000001092,-2.144663847595,
    1.105336252405));
#3723 = CARTESIAN_POINT('',(3.550000001092,-3.0330127,1.99368510481));
#3724 = CARTESIAN_POINT('',(3.500000001092,-3.0330127,3.2500001));
#3725 = CARTESIAN_POINT('',(3.450000001092,-3.0330127,4.50631509519));
#3726 = CARTESIAN_POINT('',(3.400000001092,-2.144663847595,
    5.394663947595));
#3727 = CARTESIAN_POINT('',(3.350000001092,-1.25631499519,6.2830128));
#3728 = CARTESIAN_POINT('',(3.300000001092,9.74092567019E-16,6.2830128)
  );
#3729 = CARTESIAN_POINT('',(3.250000001092,1.25631499519,6.2830128));
#3730 = CARTESIAN_POINT('',(3.200000001092,2.144663847595,5.394663947595
    ));
#3731 = CARTESIAN_POINT('',(3.150000001092,3.0330127,4.50631509519));
#3732 = CARTESIAN_POINT('',(3.100000001092,3.0330127,3.2500001));
#3733 = CARTESIAN_POINT('',(3.050000001092,3.0330127,1.99368510481));
#3734 = CARTESIAN_POINT('',(3.000000001092,2.144663847595,1.105336252405
    ));
#3735 = CARTESIAN_POINT('',(2.950000001092,1.25631499519,0.2169874));
#3736 = CARTESIAN_POINT('',(2.900000001092,-3.919600386186E-14,0.2169874
    ));
#3737 = CARTESIAN_POINT('',(2.850000001092,-1.25631499519,0.2169874));
#3738 = CARTESIAN_POINT('',(2.800000001092,-2.144663847595,
    1.105336252405));
#3739 = CARTESIAN_POINT('',(2.750000001092,-3.0330127,1.99368510481));
#3740 = CARTESIAN_POINT('',(2.700000001092,-3.0330127,3.2500001));
#3741 = CARTESIAN_POINT('',(2.650000001092,-3.0330127,4.50631509519));
#3742 = CARTESIAN_POINT('',(2.600000001092,-2.144663847595,
    5.394663947595));
#3743 = CARTESIAN_POINT('',(2.550000001092,-1.25631499519,6.2830128));
#3744 = CARTESIAN_POINT('',(2.500000001092,3.865809931529E-15,6.2830128)
  );
#3745 = CARTESIAN_POINT('',(2.450000001092,1.25631499519,6.2830128));
#3746 = CARTESIAN_POINT('',(2.400000001092,2.144663847595,5.394663947595
    ));
#3747 = CARTESIAN_POINT('',(2.350000001092,3.0330127,4.50631509519));
#3748 = CARTESIAN_POINT('',(2.300000001092,3.0330127,3.2500001));
#3749 = CARTESIAN_POINT('',(2.250000001092,3.0330127,1.99368510481));
#3750 = CARTESIAN_POINT('',(2.200000001092,2.144663847595,1.105336252405
    ));
#3751 = CARTESIAN_POINT('',(2.150000001092,1.25631499519,0.2169874));
#3752 = CARTESIAN_POINT('',(2.100000001092,-3.630428649735E-14,0.2169874
    ));
#3753 = CARTESIAN_POINT('',(2.050000001092,-1.25631499519,0.2169874));
#3754 = CARTESIAN_POINT('',(2.000000001092,-2.144663847595,
    1.105336252405));
#3755 = CARTESIAN_POINT('',(5.400000001092,3.0330127,3.2500001));
#3756 = CARTESIAN_POINT('',(5.350000001092,3.0330127,1.99368510481));
#3757 = CARTESIAN_POINT('',(5.300000001092,2.144663847595,1.105336252405
    ));
#3758 = CARTESIAN_POINT('',(5.250000001092,1.25631499519,0.2169874));
#3759 = CARTESIAN_POINT('',(5.200000001092,-4.750969128482E-14,0.2169874
    ));
#3760 = CARTESIAN_POINT('',(5.150000001092,-1.25631499519,0.2169874));
#3761 = CARTESIAN_POINT('',(5.100000001092,-2.144663847595,
    1.105336252405));
#3762 = CARTESIAN_POINT('',(5.050000001092,-3.0330127,1.99368510481));
#3763 = CARTESIAN_POINT('',(5.000000001092,-3.0330127,3.2500001));
#3764 = CARTESIAN_POINT('',(4.950000001092,-3.0330127,4.50631509519));
#3765 = CARTESIAN_POINT('',(4.900000001092,-2.144663847595,
    5.394663947595));
#3766 = CARTESIAN_POINT('',(4.850000001092,-1.25631499519,6.2830128));
#3767 = CARTESIAN_POINT('',(4.800000001092,-4.447877491437E-15,6.2830128
    ));
#3768 = CARTESIAN_POINT('',(4.750000001092,1.25631499519,6.2830128));
#3769 = CARTESIAN_POINT('',(4.700000001092,2.144663847595,5.394663947595
    ));
#3770 = CARTESIAN_POINT('',(4.650000001092,3.0330127,4.50631509519));
#3771 = CARTESIAN_POINT('',(4.600000001092,3.0330127,3.2500001));
#3772 = CARTESIAN_POINT('',(4.550000001092,3.0330127,1.99368510481));
#3773 = CARTESIAN_POINT('',(4.500000001092,2.144663847595,1.105336252405
    ));
#3774 = CARTESIAN_POINT('',(4.450000001092,1.25631499519,0.2169874));
#3775 = CARTESIAN_POINT('',(4.400000001092,-4.461797392031E-14,0.2169874
    ));
#3776 = CARTESIAN_POINT('',(4.350000001092,-1.25631499519,0.2169874));
#3777 = CARTESIAN_POINT('',(4.300000001092,-2.144663847595,
    1.105336252405));
#3778 = CARTESIAN_POINT('',(4.250000001092,-3.0330127,1.99368510481));
#3779 = CARTESIAN_POINT('',(4.200000001092,-3.0330127,3.2500001));
#3780 = CARTESIAN_POINT('',(4.150000001092,-3.0330127,4.50631509519));
#3781 = CARTESIAN_POINT('',(4.100000001092,-2.144663847595,
    5.394663947595));
#3782 = CARTESIAN_POINT('',(4.050000001092,-1.25631499519,6.2830128));
#3783 = CARTESIAN_POINT('',(4.000000001092,-1.556160126927E-15,6.2830128
    ));
#3784 = CARTESIAN_POINT('',(3.950000001092,1.25631499519,6.2830128));
#3785 = CARTESIAN_POINT('',(3.900000001092,2.144663847595,5.394663947595
    ));
#3786 = CARTESIAN_POINT('',(3.850000001092,3.0330127,4.50631509519));
#3787 = CARTESIAN_POINT('',(3.800000001092,3.0330127,3.2500001));
#3788 = CARTESIAN_POINT('',(3.750000001092,3.0330127,1.99368510481));
#3789 = CARTESIAN_POINT('',(3.700000001092,2.144663847595,1.105336252405
    ));
#3790 = CARTESIAN_POINT('',(3.650000001092,1.25631499519,0.2169874));
#3791 = CARTESIAN_POINT('',(3.600000001092,-4.17262565558E-14,0.2169874)
  );
#3792 = CARTESIAN_POINT('',(3.550000001092,-1.25631499519,0.2169874));
#3793 = CARTESIAN_POINT('',(3.500000001092,-2.144663847595,
    1.105336252405));
#3794 = CARTESIAN_POINT('',(3.450000001092,-3.0330127,1.99368510481));
#3795 = CARTESIAN_POINT('',(3.400000001092,-3.0330127,3.2500001));
#3796 = CARTESIAN_POINT('',(3.350000001092,-3.0330127,4.50631509519));
#3797 = CARTESIAN_POINT('',(3.300000001092,-2.144663847595,
    5.394663947595));
#3798 = CARTESIAN_POINT('',(3.250000001092,-1.25631499519,6.2830128));
#3799 = CARTESIAN_POINT('',(3.200000001092,1.335557237583E-15,6.2830128)
  );
#3800 = CARTESIAN_POINT('',(3.150000001092,1.25631499519,6.2830128));
#3801 = CARTESIAN_POINT('',(3.100000001092,2.144663847595,5.394663947595
    ));
#3802 = CARTESIAN_POINT('',(3.050000001092,3.0330127,4.50631509519));
#3803 = CARTESIAN_POINT('',(3.000000001092,3.0330127,3.2500001));
#3804 = CARTESIAN_POINT('',(2.950000001092,3.0330127,1.99368510481));
#3805 = CARTESIAN_POINT('',(2.900000001092,2.144663847595,1.105336252405
    ));
#3806 = CARTESIAN_POINT('',(2.850000001092,1.25631499519,0.2169874));
#3807 = CARTESIAN_POINT('',(2.800000001092,-3.883453919129E-14,0.2169874
    ));
#3808 = CARTESIAN_POINT('',(2.750000001092,-1.25631499519,0.2169874));
#3809 = CARTESIAN_POINT('',(2.700000001092,-2.144663847595,
    1.105336252405));
#3810 = CARTESIAN_POINT('',(2.650000001092,-3.0330127,1.99368510481));
#3811 = CARTESIAN_POINT('',(2.600000001092,-3.0330127,3.2500001));
#3812 = CARTESIAN_POINT('',(2.550000001092,-3.0330127,4.50631509519));
#3813 = CARTESIAN_POINT('',(2.500000001092,-2.144663847595,
    5.394663947595));
#3814 = CARTESIAN_POINT('',(2.450000001092,-1.25631499519,6.2830128));
#3815 = CARTESIAN_POINT('',(2.400000001092,4.227274602093E-15,6.2830128)
  );
#3816 = CARTESIAN_POINT('',(2.350000001092,1.25631499519,6.2830128));
#3817 = CARTESIAN_POINT('',(2.300000001092,2.144663847595,5.394663947595
    ));
#3818 = CARTESIAN_POINT('',(2.250000001092,3.0330127,4.50631509519));
#3819 = CARTESIAN_POINT('',(2.200000001092,3.0330127,3.2500001));
#3820 = CARTESIAN_POINT('',(2.150000001092,3.0330127,1.99368510481));
#3821 = CARTESIAN_POINT('',(2.100000001092,2.144663847595,1.105336252405
    ));
#3822 = CARTESIAN_POINT('',(2.050000001092,1.25631499519,0.2169874));
#3823 = CARTESIAN_POINT('',(2.000000001092,-3.594282182678E-14,0.2169874
    ));
#3824 = CARTESIAN_POINT('',(1.950000001092,-1.25631499519,0.2169874));
#3825 = CARTESIAN_POINT('',(1.900000001092,-2.144663847595,
    1.105336252405));
#3826 = ADVANCED_FACE('',(#3827),#3841,.F.);
#3827 = FACE_BOUND('',#3828,.F.);
#3828 = EDGE_LOOP('',(#3829,#3830,#3831,#3832,#3833,#3834,#3835,#3836,
    #3837,#3838,#3839,#3840));
#3829 = ORIENTED_EDGE('',*,*,#3609,.T.);
#3830 = ORIENTED_EDGE('',*,*,#3511,.T.);
#3831 = ORIENTED_EDGE('',*,*,#531,.F.);
#3832 = ORIENTED_EDGE('',*,*,#918,.F.);
#3833 = ORIENTED_EDGE('',*,*,#749,.F.);
#3834 = ORIENTED_EDGE('',*,*,#878,.F.);
#3835 = ORIENTED_EDGE('',*,*,#693,.F.);
#3836 = ORIENTED_EDGE('',*,*,#838,.F.);
#3837 = ORIENTED_EDGE('',*,*,#637,.F.);
#3838 = ORIENTED_EDGE('',*,*,#798,.F.);
#3839 = ORIENTED_EDGE('',*,*,#581,.F.);
#3840 = ORIENTED_EDGE('',*,*,#3487,.T.);
#3841 = ( BOUNDED_SURFACE() B_SPLINE_SURFACE(1,2,(
    (#3842,#3843,#3844,#3845,#3846,#3847,#3848,#3849,#3850,#3851,#3852
      ,#3853,#3854,#3855,#3856,#3857,#3858,#3859,#3860,#3861,#3862,#3863
      ,#3864,#3865,#3866,#3867,#3868,#3869,#3870,#3871,#3872,#3873,#3874
      ,#3875,#3876,#3877,#3878,#3879,#3880,#3881,#3882,#3883,#3884,#3885
      ,#3886,#3887,#3888,#3889,#3890,#3891,#3892,#3893,#3894,#3895,#3896
      ,#3897,#3898,#3899,#3900,#3901,#3902,#3903,#3904,#3905,#3906,#3907
      ,#3908,#3909,#3910,#3911,#3912)
    ,(#3913,#3914,#3915,#3916,#3917,#3918,#3919,#3920,#3921,#3922,#3923
      ,#3924,#3925,#3926,#3927,#3928,#3929,#3930,#3931,#3932,#3933,#3934
      ,#3935,#3936,#3937,#3938,#3939,#3940,#3941,#3942,#3943,#3944,#3945
      ,#3946,#3947,#3948,#3949,#3950,#3951,#3952,#3953,#3954,#3955,#3956
      ,#3957,#3958,#3959,#3960,#3961,#3962,#3963,#3964,#3965,#3966,#3967
      ,#3968,#3969,#3970,#3971,#3972,#3973,#3974,#3975,#3976,#3977,#3978
      ,#3979,#3980,#3981,#3982,#3983
)),.UNSPECIFIED.,.F.,.F.,.F.) B_SPLINE_SURFACE_WITH_KNOTS((2,2),(3,2,2,2
    ,2,2,2,2,2,2,2,2,2,2,2,2,2,2,2,2,2,2,2,2,2,2,2,2,2,2,2,2,2,2,2,3),(
    0.,1.),(0.,2.5E-02,5.E-02,7.5E-02,0.1,0.125,0.15,0.175,0.2,0.225,
    0.25,0.275,0.3,0.325,0.35,0.375,0.4,0.425,0.45,0.475,0.5,0.525,0.55,
    0.575,0.6,0.625,0.65,0.675,0.7,0.725,0.75,0.775,0.8,0.825,0.85,0.875
),.PIECEWISE_BEZIER_KNOTS.) GEOMETRIC_REPRESENTATION_ITEM() 
RATIONAL_B_SPLINE_SURFACE((
    (1.,0.923879532511,1.,0.923879532511,1.,0.923879532511,1.
      ,0.923879532511,1.,0.923879532511,1.,0.923879532511,1.
      ,0.923879532511,1.,0.923879532511,1.,0.923879532511,1.
      ,0.923879532511,1.,0.923879532511,1.,0.923879532511,1.
      ,0.923879532511,1.,0.923879532511,1.,0.923879532511,1.
      ,0.923879532511,1.,0.923879532511,1.,0.923879532511,1.
      ,0.923879532511,1.,0.923879532511,1.,0.923879532511,1.
      ,0.923879532511,1.,0.923879532511,1.,0.923879532511,1.
      ,0.923879532511,1.,0.923879532511,1.,0.923879532511,1.
      ,0.923879532511,1.,0.923879532511,1.,0.923879532511,1.
      ,0.923879532511,1.,0.923879532511,1.,0.923879532511,1.
      ,0.923879532511,1.,0.923879532511,1.)
    ,(1.,0.923879532511,1.,0.923879532511,1.,0.923879532511,1.
      ,0.923879532511,1.,0.923879532511,1.,0.923879532511,1.
      ,0.923879532511,1.,0.923879532511,1.,0.923879532511,1.
      ,0.923879532511,1.,0.923879532511,1.,0.923879532511,1.
      ,0.923879532511,1.,0.923879532511,1.,0.923879532511,1.
      ,0.923879532511,1.,0.923879532511,1.,0.923879532511,1.
      ,0.923879532511,1.,0.923879532511,1.,0.923879532511,1.
      ,0.923879532511,1.,0.923879532511,1.,0.923879532511,1.
      ,0.923879532511,1.,0.923879532511,1.,0.923879532511,1.
      ,0.923879532511,1.,0.923879532511,1.,0.923879532511,1.
      ,0.923879532511,1.,0.923879532511,1.,0.923879532511,1.
,0.923879532511,1.,0.923879532511,1.
  ))) REPRESENTATION_ITEM('') SURFACE() );
#3842 = CARTESIAN_POINT('',(5.75,2.6,3.2500001));
#3843 = CARTESIAN_POINT('',(5.7,2.6,2.17304483783));
#3844 = CARTESIAN_POINT('',(5.65,1.838477631085,1.411522468915));
#3845 = CARTESIAN_POINT('',(5.6,1.07695526217,0.6500001));
#3846 = CARTESIAN_POINT('',(5.55,-4.577762048564E-14,0.6500001));
#3847 = CARTESIAN_POINT('',(5.5,-1.07695526217,0.6500001));
#3848 = CARTESIAN_POINT('',(5.45,-1.838477631085,1.411522468915));
#3849 = CARTESIAN_POINT('',(5.4,-2.6,2.17304483783));
#3850 = CARTESIAN_POINT('',(5.35,-2.6,3.2500001));
#3851 = CARTESIAN_POINT('',(5.3,-2.6,4.32695536217));
#3852 = CARTESIAN_POINT('',(5.25,-1.838477631085,5.088477731085));
#3853 = CARTESIAN_POINT('',(5.2,-1.07695526217,5.8500001));
#3854 = CARTESIAN_POINT('',(5.15,-8.657172214969E-15,5.8500001));
#3855 = CARTESIAN_POINT('',(5.1,1.07695526217,5.8500001));
#3856 = CARTESIAN_POINT('',(5.05,1.838477631085,5.088477731085));
#3857 = CARTESIAN_POINT('',(5.,2.6,4.32695536217));
#3858 = CARTESIAN_POINT('',(4.95,2.6,3.2500001));
#3859 = CARTESIAN_POINT('',(4.9,2.6,2.17304483783));
#3860 = CARTESIAN_POINT('',(4.85,1.838477631085,1.411522468915));
#3861 = CARTESIAN_POINT('',(4.8,1.07695526217,0.6500001));
#3862 = CARTESIAN_POINT('',(4.75,-4.288590312113E-14,0.6500001));
#3863 = CARTESIAN_POINT('',(4.7,-1.07695526217,0.6500001));
#3864 = CARTESIAN_POINT('',(4.65,-1.838477631085,1.411522468915));
#3865 = CARTESIAN_POINT('',(4.6,-2.6,2.17304483783));
#3866 = CARTESIAN_POINT('',(4.55,-2.6,3.2500001));
#3867 = CARTESIAN_POINT('',(4.5,-2.6,4.32695536217));
#3868 = CARTESIAN_POINT('',(4.45,-1.838477631085,5.088477731085));
#3869 = CARTESIAN_POINT('',(4.4,-1.07695526217,5.8500001));
#3870 = CARTESIAN_POINT('',(4.35,-5.765454850459E-15,5.8500001));
#3871 = CARTESIAN_POINT('',(4.3,1.07695526217,5.8500001));
#3872 = CARTESIAN_POINT('',(4.25,1.838477631085,5.088477731085));
#3873 = CARTESIAN_POINT('',(4.2,2.6,4.32695536217));
#3874 = CARTESIAN_POINT('',(4.15,2.6,3.2500001));
#3875 = CARTESIAN_POINT('',(4.1,2.6,2.17304483783));
#3876 = CARTESIAN_POINT('',(4.05,1.838477631085,1.411522468915));
#3877 = CARTESIAN_POINT('',(4.,1.07695526217,0.6500001));
#3878 = CARTESIAN_POINT('',(3.95,-3.999418575662E-14,0.6500001));
#3879 = CARTESIAN_POINT('',(3.9,-1.07695526217,0.6500001));
#3880 = CARTESIAN_POINT('',(3.85,-1.838477631085,1.411522468915));
#3881 = CARTESIAN_POINT('',(3.8,-2.6,2.17304483783));
#3882 = CARTESIAN_POINT('',(3.75,-2.6,3.2500001));
#3883 = CARTESIAN_POINT('',(3.7,-2.6,4.32695536217));
#3884 = CARTESIAN_POINT('',(3.65,-1.838477631085,5.088477731085));
#3885 = CARTESIAN_POINT('',(3.6,-1.07695526217,5.8500001));
#3886 = CARTESIAN_POINT('',(3.55,-2.873737485949E-15,5.8500001));
#3887 = CARTESIAN_POINT('',(3.5,1.07695526217,5.8500001));
#3888 = CARTESIAN_POINT('',(3.45,1.838477631085,5.088477731085));
#3889 = CARTESIAN_POINT('',(3.4,2.6,4.32695536217));
#3890 = CARTESIAN_POINT('',(3.35,2.6,3.2500001));
#3891 = CARTESIAN_POINT('',(3.3,2.6,2.17304483783));
#3892 = CARTESIAN_POINT('',(3.25,1.838477631085,1.411522468915));
#3893 = CARTESIAN_POINT('',(3.2,1.07695526217,0.6500001));
#3894 = CARTESIAN_POINT('',(3.15,-3.710246839211E-14,0.6500001));
#3895 = CARTESIAN_POINT('',(3.1,-1.07695526217,0.6500001));
#3896 = CARTESIAN_POINT('',(3.05,-1.838477631085,1.411522468915));
#3897 = CARTESIAN_POINT('',(3.,-2.6,2.17304483783));
#3898 = CARTESIAN_POINT('',(2.95,-2.6,3.2500001));
#3899 = CARTESIAN_POINT('',(2.9,-2.6,4.32695536217));
#3900 = CARTESIAN_POINT('',(2.85,-1.838477631085,5.088477731085));
#3901 = CARTESIAN_POINT('',(2.8,-1.07695526217,5.8500001));
#3902 = CARTESIAN_POINT('',(2.75,1.797987856114E-17,5.8500001));
#3903 = CARTESIAN_POINT('',(2.7,1.07695526217,5.8500001));
#3904 = CARTESIAN_POINT('',(2.65,1.838477631085,5.088477731085));
#3905 = CARTESIAN_POINT('',(2.6,2.6,4.32695536217));
#3906 = CARTESIAN_POINT('',(2.55,2.6,3.2500001));
#3907 = CARTESIAN_POINT('',(2.5,2.6,2.17304483783));
#3908 = CARTESIAN_POINT('',(2.45,1.838477631085,1.411522468915));
#3909 = CARTESIAN_POINT('',(2.4,1.07695526217,0.6500001));
#3910 = CARTESIAN_POINT('',(2.35,-3.42107510276E-14,0.6500001));
#3911 = CARTESIAN_POINT('',(2.3,-1.07695526217,0.6500001));
#3912 = CARTESIAN_POINT('',(2.25,-1.838477631085,1.411522468915));
#3913 = CARTESIAN_POINT('',(5.500000001092,3.0330127,3.2500001));
#3914 = CARTESIAN_POINT('',(5.450000001092,3.0330127,1.99368510481));
#3915 = CARTESIAN_POINT('',(5.400000001092,2.144663847595,1.105336252405
    ));
#3916 = CARTESIAN_POINT('',(5.350000001092,1.25631499519,0.2169874));
#3917 = CARTESIAN_POINT('',(5.300000001092,-4.787115595539E-14,0.2169874
    ));
#3918 = CARTESIAN_POINT('',(5.250000001092,-1.25631499519,0.2169874));
#3919 = CARTESIAN_POINT('',(5.200000001092,-2.144663847595,
    1.105336252405));
#3920 = CARTESIAN_POINT('',(5.150000001092,-3.0330127,1.99368510481));
#3921 = CARTESIAN_POINT('',(5.100000001092,-3.0330127,3.2500001));
#3922 = CARTESIAN_POINT('',(5.050000001092,-3.0330127,4.50631509519));
#3923 = CARTESIAN_POINT('',(5.000000001092,-2.144663847595,
    5.394663947595));
#3924 = CARTESIAN_POINT('',(4.950000001092,-1.25631499519,6.2830128));
#3925 = CARTESIAN_POINT('',(4.900000001092,-4.809342162001E-15,6.2830128
    ));
#3926 = CARTESIAN_POINT('',(4.850000001092,1.25631499519,6.2830128));
#3927 = CARTESIAN_POINT('',(4.800000001092,2.144663847595,5.394663947595
    ));
#3928 = CARTESIAN_POINT('',(4.750000001092,3.0330127,4.50631509519));
#3929 = CARTESIAN_POINT('',(4.700000001092,3.0330127,3.2500001));
#3930 = CARTESIAN_POINT('',(4.650000001092,3.0330127,1.99368510481));
#3931 = CARTESIAN_POINT('',(4.600000001092,2.144663847595,1.105336252405
    ));
#3932 = CARTESIAN_POINT('',(4.550000001092,1.25631499519,0.2169874));
#3933 = CARTESIAN_POINT('',(4.500000001092,-4.497943859088E-14,0.2169874
    ));
#3934 = CARTESIAN_POINT('',(4.450000001092,-1.25631499519,0.2169874));
#3935 = CARTESIAN_POINT('',(4.400000001092,-2.144663847595,
    1.105336252405));
#3936 = CARTESIAN_POINT('',(4.350000001092,-3.0330127,1.99368510481));
#3937 = CARTESIAN_POINT('',(4.300000001092,-3.0330127,3.2500001));
#3938 = CARTESIAN_POINT('',(4.250000001092,-3.0330127,4.50631509519));
#3939 = CARTESIAN_POINT('',(4.200000001092,-2.144663847595,
    5.394663947595));
#3940 = CARTESIAN_POINT('',(4.150000001092,-1.25631499519,6.2830128));
#3941 = CARTESIAN_POINT('',(4.100000001092,-1.917624797491E-15,6.2830128
    ));
#3942 = CARTESIAN_POINT('',(4.050000001092,1.25631499519,6.2830128));
#3943 = CARTESIAN_POINT('',(4.000000001092,2.144663847595,5.394663947595
    ));
#3944 = CARTESIAN_POINT('',(3.950000001092,3.0330127,4.50631509519));
#3945 = CARTESIAN_POINT('',(3.900000001092,3.0330127,3.2500001));
#3946 = CARTESIAN_POINT('',(3.850000001092,3.0330127,1.99368510481));
#3947 = CARTESIAN_POINT('',(3.800000001092,2.144663847595,1.105336252405
    ));
#3948 = CARTESIAN_POINT('',(3.750000001092,1.25631499519,0.2169874));
#3949 = CARTESIAN_POINT('',(3.700000001092,-4.208772122637E-14,0.2169874
    ));
#3950 = CARTESIAN_POINT('',(3.650000001092,-1.25631499519,0.2169874));
#3951 = CARTESIAN_POINT('',(3.600000001092,-2.144663847595,
    1.105336252405));
#3952 = CARTESIAN_POINT('',(3.550000001092,-3.0330127,1.99368510481));
#3953 = CARTESIAN_POINT('',(3.500000001092,-3.0330127,3.2500001));
#3954 = CARTESIAN_POINT('',(3.450000001092,-3.0330127,4.50631509519));
#3955 = CARTESIAN_POINT('',(3.400000001092,-2.144663847595,
    5.394663947595));
#3956 = CARTESIAN_POINT('',(3.350000001092,-1.25631499519,6.2830128));
#3957 = CARTESIAN_POINT('',(3.300000001092,9.74092567019E-16,6.2830128)
  );
#3958 = CARTESIAN_POINT('',(3.250000001092,1.25631499519,6.2830128));
#3959 = CARTESIAN_POINT('',(3.200000001092,2.144663847595,5.394663947595
    ));
#3960 = CARTESIAN_POINT('',(3.150000001092,3.0330127,4.50631509519));
#3961 = CARTESIAN_POINT('',(3.100000001092,3.0330127,3.2500001));
#3962 = CARTESIAN_POINT('',(3.050000001092,3.0330127,1.99368510481));
#3963 = CARTESIAN_POINT('',(3.000000001092,2.144663847595,1.105336252405
    ));
#3964 = CARTESIAN_POINT('',(2.950000001092,1.25631499519,0.2169874));
#3965 = CARTESIAN_POINT('',(2.900000001092,-3.919600386186E-14,0.2169874
    ));
#3966 = CARTESIAN_POINT('',(2.850000001092,-1.25631499519,0.2169874));
#3967 = CARTESIAN_POINT('',(2.800000001092,-2.144663847595,
    1.105336252405));
#3968 = CARTESIAN_POINT('',(2.750000001092,-3.0330127,1.99368510481));
#3969 = CARTESIAN_POINT('',(2.700000001092,-3.0330127,3.2500001));
#3970 = CARTESIAN_POINT('',(2.650000001092,-3.0330127,4.50631509519));
#3971 = CARTESIAN_POINT('',(2.600000001092,-2.144663847595,
    5.394663947595));
#3972 = CARTESIAN_POINT('',(2.550000001092,-1.25631499519,6.2830128));
#3973 = CARTESIAN_POINT('',(2.500000001092,3.865809931529E-15,6.2830128)
  );
#3974 = CARTESIAN_POINT('',(2.450000001092,1.25631499519,6.2830128));
#3975 = CARTESIAN_POINT('',(2.400000001092,2.144663847595,5.394663947595
    ));
#3976 = CARTESIAN_POINT('',(2.350000001092,3.0330127,4.50631509519));
#3977 = CARTESIAN_POINT('',(2.300000001092,3.0330127,3.2500001));
#3978 = CARTESIAN_POINT('',(2.250000001092,3.0330127,1.99368510481));
#3979 = CARTESIAN_POINT('',(2.200000001092,2.144663847595,1.105336252405
    ));
#3980 = CARTESIAN_POINT('',(2.150000001092,1.25631499519,0.2169874));
#3981 = CARTESIAN_POINT('',(2.100000001092,-3.630428649735E-14,0.2169874
    ));
#3982 = CARTESIAN_POINT('',(2.050000001092,-1.25631499519,0.2169874));
#3983 = CARTESIAN_POINT('',(2.000000001092,-2.144663847595,
    1.105336252405));
#3984 = ADVANCED_FACE('',(#3985),#3999,.F.);
#3985 = FACE_BOUND('',#3986,.F.);
#3986 = EDGE_LOOP('',(#3987,#3988,#3989,#3990,#3991,#3992,#3993,#3994,
    #3995,#3996,#3997,#3998));
#3987 = ORIENTED_EDGE('',*,*,#614,.T.);
#3988 = ORIENTED_EDGE('',*,*,#825,.T.);
#3989 = ORIENTED_EDGE('',*,*,#670,.T.);
#3990 = ORIENTED_EDGE('',*,*,#865,.T.);
#3991 = ORIENTED_EDGE('',*,*,#726,.T.);
#3992 = ORIENTED_EDGE('',*,*,#905,.T.);
#3993 = ORIENTED_EDGE('',*,*,#472,.T.);
#3994 = ORIENTED_EDGE('',*,*,#3072,.T.);
#3995 = ORIENTED_EDGE('',*,*,#512,.T.);
#3996 = ORIENTED_EDGE('',*,*,#3519,.T.);
#3997 = ORIENTED_EDGE('',*,*,#3534,.F.);
#3998 = ORIENTED_EDGE('',*,*,#3481,.T.);
#3999 = ( BOUNDED_SURFACE() B_SPLINE_SURFACE(1,2,(
    (#4000,#4001,#4002,#4003,#4004,#4005,#4006,#4007,#4008,#4009,#4010
      ,#4011,#4012,#4013,#4014,#4015,#4016,#4017,#4018,#4019,#4020,#4021
      ,#4022,#4023,#4024,#4025,#4026,#4027,#4028,#4029,#4030,#4031,#4032
      ,#4033,#4034,#4035,#4036,#4037,#4038,#4039,#4040,#4041,#4042,#4043
      ,#4044,#4045,#4046,#4047,#4048,#4049,#4050,#4051,#4052,#4053,#4054
      ,#4055,#4056,#4057,#4058,#4059,#4060,#4061,#4062,#4063,#4064,#4065
      ,#4066,#4067,#4068,#4069,#4070)
    ,(#4071,#4072,#4073,#4074,#4075,#4076,#4077,#4078,#4079,#4080,#4081
      ,#4082,#4083,#4084,#4085,#4086,#4087,#4088,#4089,#4090,#4091,#4092
      ,#4093,#4094,#4095,#4096,#4097,#4098,#4099,#4100,#4101,#4102,#4103
      ,#4104,#4105,#4106,#4107,#4108,#4109,#4110,#4111,#4112,#4113,#4114
      ,#4115,#4116,#4117,#4118,#4119,#4120,#4121,#4122,#4123,#4124,#4125
      ,#4126,#4127,#4128,#4129,#4130,#4131,#4132,#4133,#4134,#4135,#4136
      ,#4137,#4138,#4139,#4140,#4141
)),.UNSPECIFIED.,.F.,.F.,.F.) B_SPLINE_SURFACE_WITH_KNOTS((2,2),(3,2,2,2
    ,2,2,2,2,2,2,2,2,2,2,2,2,2,2,2,2,2,2,2,2,2,2,2,2,2,2,2,2,2,2,2,3),(
    0.,1.),(0.,2.5E-02,5.E-02,7.5E-02,0.1,0.125,0.15,0.175,0.2,0.225,
    0.25,0.275,0.3,0.325,0.35,0.375,0.4,0.425,0.45,0.475,0.5,0.525,0.55,
    0.575,0.6,0.625,0.65,0.675,0.7,0.725,0.75,0.775,0.8,0.825,0.85,0.875
),.PIECEWISE_BEZIER_KNOTS.) GEOMETRIC_REPRESENTATION_ITEM() 
RATIONAL_B_SPLINE_SURFACE((
    (1.,0.923879532511,1.,0.923879532511,1.,0.923879532511,1.
      ,0.923879532511,1.,0.923879532511,1.,0.923879532511,1.
      ,0.923879532511,1.,0.923879532511,1.,0.923879532511,1.
      ,0.923879532511,1.,0.923879532511,1.,0.923879532511,1.
      ,0.923879532511,1.,0.923879532511,1.,0.923879532511,1.
      ,0.923879532511,1.,0.923879532511,1.,0.923879532511,1.
      ,0.923879532511,1.,0.923879532511,1.,0.923879532511,1.
      ,0.923879532511,1.,0.923879532511,1.,0.923879532511,1.
      ,0.923879532511,1.,0.923879532511,1.,0.923879532511,1.
      ,0.923879532511,1.,0.923879532511,1.,0.923879532511,1.
      ,0.923879532511,1.,0.923879532511,1.,0.923879532511,1.
      ,0.923879532511,1.,0.923879532511,1.)
    ,(1.,0.923879532511,1.,0.923879532511,1.,0.923879532511,1.
      ,0.923879532511,1.,0.923879532511,1.,0.923879532511,1.
      ,0.923879532511,1.,0.923879532511,1.,0.923879532511,1.
      ,0.923879532511,1.,0.923879532511,1.,0.923879532511,1.
      ,0.923879532511,1.,0.923879532511,1.,0.923879532511,1.
      ,0.923879532511,1.,0.923879532511,1.,0.923879532511,1.
      ,0.923879532511,1.,0.923879532511,1.,0.923879532511,1.
      ,0.923879532511,1.,0.923879532511,1.,0.923879532511,1.
      ,0.923879532511,1.,0.923879532511,1.,0.923879532511,1.
      ,0.923879532511,1.,0.923879532511,1.,0.923879532511,1.
      ,0.923879532511,1.,0.923879532511,1.,0.923879532511,1.
,0.923879532511,1.,0.923879532511,1.
  ))) REPRESENTATION_ITEM('') SURFACE() );
#4000 = CARTESIAN_POINT('',(5.400000001092,3.0330127,3.2500001));
#4001 = CARTESIAN_POINT('',(5.350000001092,3.0330127,1.99368510481));
#4002 = CARTESIAN_POINT('',(5.300000001092,2.144663847595,1.105336252405
    ));
#4003 = CARTESIAN_POINT('',(5.250000001092,1.25631499519,0.2169874));
#4004 = CARTESIAN_POINT('',(5.200000001092,-4.750969128482E-14,0.2169874
    ));
#4005 = CARTESIAN_POINT('',(5.150000001092,-1.25631499519,0.2169874));
#4006 = CARTESIAN_POINT('',(5.100000001092,-2.144663847595,
    1.105336252405));
#4007 = CARTESIAN_POINT('',(5.050000001092,-3.0330127,1.99368510481));
#4008 = CARTESIAN_POINT('',(5.000000001092,-3.0330127,3.2500001));
#4009 = CARTESIAN_POINT('',(4.950000001092,-3.0330127,4.50631509519));
#4010 = CARTESIAN_POINT('',(4.900000001092,-2.144663847595,
    5.394663947595));
#4011 = CARTESIAN_POINT('',(4.850000001092,-1.25631499519,6.2830128));
#4012 = CARTESIAN_POINT('',(4.800000001092,-4.447877491437E-15,6.2830128
    ));
#4013 = CARTESIAN_POINT('',(4.750000001092,1.25631499519,6.2830128));
#4014 = CARTESIAN_POINT('',(4.700000001092,2.144663847595,5.394663947595
    ));
#4015 = CARTESIAN_POINT('',(4.650000001092,3.0330127,4.50631509519));
#4016 = CARTESIAN_POINT('',(4.600000001092,3.0330127,3.2500001));
#4017 = CARTESIAN_POINT('',(4.550000001092,3.0330127,1.99368510481));
#4018 = CARTESIAN_POINT('',(4.500000001092,2.144663847595,1.105336252405
    ));
#4019 = CARTESIAN_POINT('',(4.450000001092,1.25631499519,0.2169874));
#4020 = CARTESIAN_POINT('',(4.400000001092,-4.461797392031E-14,0.2169874
    ));
#4021 = CARTESIAN_POINT('',(4.350000001092,-1.25631499519,0.2169874));
#4022 = CARTESIAN_POINT('',(4.300000001092,-2.144663847595,
    1.105336252405));
#4023 = CARTESIAN_POINT('',(4.250000001092,-3.0330127,1.99368510481));
#4024 = CARTESIAN_POINT('',(4.200000001092,-3.0330127,3.2500001));
#4025 = CARTESIAN_POINT('',(4.150000001092,-3.0330127,4.50631509519));
#4026 = CARTESIAN_POINT('',(4.100000001092,-2.144663847595,
    5.394663947595));
#4027 = CARTESIAN_POINT('',(4.050000001092,-1.25631499519,6.2830128));
#4028 = CARTESIAN_POINT('',(4.000000001092,-1.556160126927E-15,6.2830128
    ));
#4029 = CARTESIAN_POINT('',(3.950000001092,1.25631499519,6.2830128));
#4030 = CARTESIAN_POINT('',(3.900000001092,2.144663847595,5.394663947595
    ));
#4031 = CARTESIAN_POINT('',(3.850000001092,3.0330127,4.50631509519));
#4032 = CARTESIAN_POINT('',(3.800000001092,3.0330127,3.2500001));
#4033 = CARTESIAN_POINT('',(3.750000001092,3.0330127,1.99368510481));
#4034 = CARTESIAN_POINT('',(3.700000001092,2.144663847595,1.105336252405
    ));
#4035 = CARTESIAN_POINT('',(3.650000001092,1.25631499519,0.2169874));
#4036 = CARTESIAN_POINT('',(3.600000001092,-4.17262565558E-14,0.2169874)
  );
#4037 = CARTESIAN_POINT('',(3.550000001092,-1.25631499519,0.2169874));
#4038 = CARTESIAN_POINT('',(3.500000001092,-2.144663847595,
    1.105336252405));
#4039 = CARTESIAN_POINT('',(3.450000001092,-3.0330127,1.99368510481));
#4040 = CARTESIAN_POINT('',(3.400000001092,-3.0330127,3.2500001));
#4041 = CARTESIAN_POINT('',(3.350000001092,-3.0330127,4.50631509519));
#4042 = CARTESIAN_POINT('',(3.300000001092,-2.144663847595,
    5.394663947595));
#4043 = CARTESIAN_POINT('',(3.250000001092,-1.25631499519,6.2830128));
#4044 = CARTESIAN_POINT('',(3.200000001092,1.335557237583E-15,6.2830128)
  );
#4045 = CARTESIAN_POINT('',(3.150000001092,1.25631499519,6.2830128));
#4046 = CARTESIAN_POINT('',(3.100000001092,2.144663847595,5.394663947595
    ));
#4047 = CARTESIAN_POINT('',(3.050000001092,3.0330127,4.50631509519));
#4048 = CARTESIAN_POINT('',(3.000000001092,3.0330127,3.2500001));
#4049 = CARTESIAN_POINT('',(2.950000001092,3.0330127,1.99368510481));
#4050 = CARTESIAN_POINT('',(2.900000001092,2.144663847595,1.105336252405
    ));
#4051 = CARTESIAN_POINT('',(2.850000001092,1.25631499519,0.2169874));
#4052 = CARTESIAN_POINT('',(2.800000001092,-3.883453919129E-14,0.2169874
    ));
#4053 = CARTESIAN_POINT('',(2.750000001092,-1.25631499519,0.2169874));
#4054 = CARTESIAN_POINT('',(2.700000001092,-2.144663847595,
    1.105336252405));
#4055 = CARTESIAN_POINT('',(2.650000001092,-3.0330127,1.99368510481));
#4056 = CARTESIAN_POINT('',(2.600000001092,-3.0330127,3.2500001));
#4057 = CARTESIAN_POINT('',(2.550000001092,-3.0330127,4.50631509519));
#4058 = CARTESIAN_POINT('',(2.500000001092,-2.144663847595,
    5.394663947595));
#4059 = CARTESIAN_POINT('',(2.450000001092,-1.25631499519,6.2830128));
#4060 = CARTESIAN_POINT('',(2.400000001092,4.227274602093E-15,6.2830128)
  );
#4061 = CARTESIAN_POINT('',(2.350000001092,1.25631499519,6.2830128));
#4062 = CARTESIAN_POINT('',(2.300000001092,2.144663847595,5.394663947595
    ));
#4063 = CARTESIAN_POINT('',(2.250000001092,3.0330127,4.50631509519));
#4064 = CARTESIAN_POINT('',(2.200000001092,3.0330127,3.2500001));
#4065 = CARTESIAN_POINT('',(2.150000001092,3.0330127,1.99368510481));
#4066 = CARTESIAN_POINT('',(2.100000001092,2.144663847595,1.105336252405
    ));
#4067 = CARTESIAN_POINT('',(2.050000001092,1.25631499519,0.2169874));
#4068 = CARTESIAN_POINT('',(2.000000001092,-3.594282182678E-14,0.2169874
    ));
#4069 = CARTESIAN_POINT('',(1.950000001092,-1.25631499519,0.2169874));
#4070 = CARTESIAN_POINT('',(1.900000001092,-2.144663847595,
    1.105336252405));
#4071 = CARTESIAN_POINT('',(5.150000002185,2.6,3.2500001));
#4072 = CARTESIAN_POINT('',(5.100000002185,2.6,2.17304483783));
#4073 = CARTESIAN_POINT('',(5.050000002185,1.838477631085,1.411522468915
    ));
#4074 = CARTESIAN_POINT('',(5.000000002185,1.07695526217,0.6500001));
#4075 = CARTESIAN_POINT('',(4.950000002185,-4.360883247015E-14,0.6500001
    ));
#4076 = CARTESIAN_POINT('',(4.900000002185,-1.07695526217,0.6500001));
#4077 = CARTESIAN_POINT('',(4.850000002185,-1.838477631085,
    1.411522468915));
#4078 = CARTESIAN_POINT('',(4.800000002185,-2.6,2.17304483783));
#4079 = CARTESIAN_POINT('',(4.750000002185,-2.6,3.2500001));
#4080 = CARTESIAN_POINT('',(4.700000002185,-2.6,4.32695536217));
#4081 = CARTESIAN_POINT('',(4.650000002185,-1.838477631085,
    5.088477731085));
#4082 = CARTESIAN_POINT('',(4.600000002185,-1.07695526217,5.8500001));
#4083 = CARTESIAN_POINT('',(4.550000002185,-6.488384199484E-15,5.8500001
    ));
#4084 = CARTESIAN_POINT('',(4.500000002185,1.07695526217,5.8500001));
#4085 = CARTESIAN_POINT('',(4.450000002185,1.838477631085,5.088477731085
    ));
#4086 = CARTESIAN_POINT('',(4.400000002185,2.6,4.32695536217));
#4087 = CARTESIAN_POINT('',(4.350000002185,2.6,3.2500001));
#4088 = CARTESIAN_POINT('',(4.300000002185,2.6,2.17304483783));
#4089 = CARTESIAN_POINT('',(4.250000002185,1.838477631085,1.411522468915
    ));
#4090 = CARTESIAN_POINT('',(4.200000002185,1.07695526217,0.6500001));
#4091 = CARTESIAN_POINT('',(4.150000002185,-4.071711510564E-14,0.6500001
    ));
#4092 = CARTESIAN_POINT('',(4.100000002185,-1.07695526217,0.6500001));
#4093 = CARTESIAN_POINT('',(4.050000002185,-1.838477631085,
    1.411522468915));
#4094 = CARTESIAN_POINT('',(4.000000002185,-2.6,2.17304483783));
#4095 = CARTESIAN_POINT('',(3.950000002185,-2.6,3.2500001));
#4096 = CARTESIAN_POINT('',(3.900000002185,-2.6,4.32695536217));
#4097 = CARTESIAN_POINT('',(3.850000002185,-1.838477631085,
    5.088477731085));
#4098 = CARTESIAN_POINT('',(3.800000002185,-1.07695526217,5.8500001));
#4099 = CARTESIAN_POINT('',(3.750000002185,-3.596666834974E-15,5.8500001
    ));
#4100 = CARTESIAN_POINT('',(3.700000002185,1.07695526217,5.8500001));
#4101 = CARTESIAN_POINT('',(3.650000002185,1.838477631085,5.088477731085
    ));
#4102 = CARTESIAN_POINT('',(3.600000002185,2.6,4.32695536217));
#4103 = CARTESIAN_POINT('',(3.550000002185,2.6,3.2500001));
#4104 = CARTESIAN_POINT('',(3.500000002185,2.6,2.17304483783));
#4105 = CARTESIAN_POINT('',(3.450000002185,1.838477631085,1.411522468915
    ));
#4106 = CARTESIAN_POINT('',(3.400000002185,1.07695526217,0.6500001));
#4107 = CARTESIAN_POINT('',(3.350000002185,-3.782539774113E-14,0.6500001
    ));
#4108 = CARTESIAN_POINT('',(3.300000002185,-1.07695526217,0.6500001));
#4109 = CARTESIAN_POINT('',(3.250000002185,-1.838477631085,
    1.411522468915));
#4110 = CARTESIAN_POINT('',(3.200000002185,-2.6,2.17304483783));
#4111 = CARTESIAN_POINT('',(3.150000002185,-2.6,3.2500001));
#4112 = CARTESIAN_POINT('',(3.100000002185,-2.6,4.32695536217));
#4113 = CARTESIAN_POINT('',(3.050000002185,-1.838477631085,
    5.088477731085));
#4114 = CARTESIAN_POINT('',(3.000000002185,-1.07695526217,5.8500001));
#4115 = CARTESIAN_POINT('',(2.950000002185,-7.049494704642E-16,5.8500001
    ));
#4116 = CARTESIAN_POINT('',(2.900000002185,1.07695526217,5.8500001));
#4117 = CARTESIAN_POINT('',(2.850000002185,1.838477631085,5.088477731085
    ));
#4118 = CARTESIAN_POINT('',(2.800000002185,2.6,4.32695536217));
#4119 = CARTESIAN_POINT('',(2.750000002185,2.6,3.2500001));
#4120 = CARTESIAN_POINT('',(2.700000002185,2.6,2.17304483783));
#4121 = CARTESIAN_POINT('',(2.650000002185,1.838477631085,1.411522468915
    ));
#4122 = CARTESIAN_POINT('',(2.600000002185,1.07695526217,0.6500001));
#4123 = CARTESIAN_POINT('',(2.550000002185,-3.493368037662E-14,0.6500001
    ));
#4124 = CARTESIAN_POINT('',(2.500000002185,-1.07695526217,0.6500001));
#4125 = CARTESIAN_POINT('',(2.450000002185,-1.838477631085,
    1.411522468915));
#4126 = CARTESIAN_POINT('',(2.400000002185,-2.6,2.17304483783));
#4127 = CARTESIAN_POINT('',(2.350000002185,-2.6,3.2500001));
#4128 = CARTESIAN_POINT('',(2.300000002185,-2.6,4.32695536217));
#4129 = CARTESIAN_POINT('',(2.250000002185,-1.838477631085,
    5.088477731085));
#4130 = CARTESIAN_POINT('',(2.200000002185,-1.07695526217,5.8500001));
#4131 = CARTESIAN_POINT('',(2.150000002185,2.186767894046E-15,5.8500001)
  );
#4132 = CARTESIAN_POINT('',(2.100000002185,1.07695526217,5.8500001));
#4133 = CARTESIAN_POINT('',(2.050000002185,1.838477631085,5.088477731085
    ));
#4134 = CARTESIAN_POINT('',(2.000000002185,2.6,4.32695536217));
#4135 = CARTESIAN_POINT('',(1.950000002185,2.6,3.2500001));
#4136 = CARTESIAN_POINT('',(1.900000002185,2.6,2.17304483783));
#4137 = CARTESIAN_POINT('',(1.850000002185,1.838477631085,1.411522468915
    ));
#4138 = CARTESIAN_POINT('',(1.800000002185,1.07695526217,0.6500001));
#4139 = CARTESIAN_POINT('',(1.750000002185,-3.204196301211E-14,0.6500001
    ));
#4140 = CARTESIAN_POINT('',(1.700000002185,-1.07695526217,0.6500001));
#4141 = CARTESIAN_POINT('',(1.650000002185,-1.838477631085,
    1.411522468915));
#4142 = ADVANCED_FACE('',(#4143,#4202),#4261,.T.);
#4143 = FACE_BOUND('',#4144,.T.);
#4144 = EDGE_LOOP('',(#4145,#4156,#4165,#4174,#4181,#4188,#4195));
#4145 = ORIENTED_EDGE('',*,*,#4146,.T.);
#4146 = EDGE_CURVE('',#4147,#4149,#4151,.T.);
#4147 = VERTEX_POINT('',#4148);
#4148 = CARTESIAN_POINT('',(-2.354779668015,-0.866465418989,6.5100001));
#4149 = VERTEX_POINT('',#4150);
#4150 = CARTESIAN_POINT('',(-2.283714236642,-0.895223035253,6.5100001));
#4151 = B_SPLINE_CURVE_WITH_KNOTS('',3,(#4152,#4153,#4154,#4155),
  .UNSPECIFIED.,.F.,.F.,(4,4),(4.,5.),.PIECEWISE_BEZIER_KNOTS.);
#4152 = CARTESIAN_POINT('',(-2.354779668015,-0.866465418989,6.5100001));
#4153 = CARTESIAN_POINT('',(-2.336940197588,-0.885620915924,6.5100001));
#4154 = CARTESIAN_POINT('',(-2.313251720464,-0.895223035253,6.5100001));
#4155 = CARTESIAN_POINT('',(-2.283714236642,-0.895223035253,6.5100001));
#4156 = ORIENTED_EDGE('',*,*,#4157,.T.);
#4157 = EDGE_CURVE('',#4149,#4158,#4160,.T.);
#4158 = VERTEX_POINT('',#4159);
#4159 = CARTESIAN_POINT('',(-2.21606072584,-0.866465418989,6.5100001));
#4160 = B_SPLINE_CURVE_WITH_KNOTS('',3,(#4161,#4162,#4163,#4164),
  .UNSPECIFIED.,.F.,.F.,(4,4),(3.,4.),.PIECEWISE_BEZIER_KNOTS.);
#4161 = CARTESIAN_POINT('',(-2.283714236642,-0.895223035253,6.5100001));
#4162 = CARTESIAN_POINT('',(-2.255444037604,-0.895223035253,6.5100001));
#4163 = CARTESIAN_POINT('',(-2.232925361818,-0.885620915924,6.5100001));
#4164 = CARTESIAN_POINT('',(-2.21606072584,-0.866465418989,6.5100001));
#4165 = ORIENTED_EDGE('',*,*,#4166,.T.);
#4166 = EDGE_CURVE('',#4158,#4167,#4169,.T.);
#4167 = VERTEX_POINT('',#4168);
#4168 = CARTESIAN_POINT('',(-2.190812513597,-0.794376411444,6.5100001));
#4169 = B_SPLINE_CURVE_WITH_KNOTS('',3,(#4170,#4171,#4172,#4173),
  .UNSPECIFIED.,.F.,.F.,(4,4),(2.,3.),.PIECEWISE_BEZIER_KNOTS.);
#4170 = CARTESIAN_POINT('',(-2.21606072584,-0.866465418989,6.5100001));
#4171 = CARTESIAN_POINT('',(-2.199196089864,-0.847309922056,6.5100001));
#4172 = CARTESIAN_POINT('',(-2.190812513597,-0.823280252873,6.5100001));
#4173 = CARTESIAN_POINT('',(-2.190812513597,-0.794376411444,6.5100001));
#4174 = ORIENTED_EDGE('',*,*,#4175,.T.);
#4175 = EDGE_CURVE('',#4167,#4176,#4178,.T.);
#4176 = VERTEX_POINT('',#4177);
#4177 = CARTESIAN_POINT('',(-2.190812513597,-0.739980649158,6.5100001));
#4178 = B_SPLINE_CURVE_WITH_KNOTS('',1,(#4179,#4180),.UNSPECIFIED.,.F.,
  .F.,(2,2),(-5.439576228531E-02,0.),.PIECEWISE_BEZIER_KNOTS.);
#4179 = CARTESIAN_POINT('',(-2.190812513597,-0.794376411444,6.5100001));
#4180 = CARTESIAN_POINT('',(-2.190812513597,-0.739980649158,6.5100001));
#4181 = ORIENTED_EDGE('',*,*,#4182,.T.);
#4182 = EDGE_CURVE('',#4176,#4183,#4185,.T.);
#4183 = VERTEX_POINT('',#4184);
#4184 = CARTESIAN_POINT('',(-2.381490131933,-0.739980649158,6.5100001));
#4185 = B_SPLINE_CURVE_WITH_KNOTS('',1,(#4186,#4187),.UNSPECIFIED.,.F.,
  .F.,(2,2),(-0.190677618336,-0.),.PIECEWISE_BEZIER_KNOTS.);
#4186 = CARTESIAN_POINT('',(-2.190812513597,-0.739980649158,6.5100001));
#4187 = CARTESIAN_POINT('',(-2.381490131933,-0.739980649158,6.5100001));
#4188 = ORIENTED_EDGE('',*,*,#4189,.T.);
#4189 = EDGE_CURVE('',#4183,#4190,#4192,.T.);
#4190 = VERTEX_POINT('',#4191);
#4191 = CARTESIAN_POINT('',(-2.381490131933,-0.792426742545,6.5100001));
#4192 = B_SPLINE_CURVE_WITH_KNOTS('',1,(#4193,#4194),.UNSPECIFIED.,.F.,
  .F.,(2,2),(-5.244609338708E-02,0.),.PIECEWISE_BEZIER_KNOTS.);
#4193 = CARTESIAN_POINT('',(-2.381490131933,-0.739980649158,6.5100001));
#4194 = CARTESIAN_POINT('',(-2.381490131933,-0.792426742545,6.5100001));
#4195 = ORIENTED_EDGE('',*,*,#4196,.T.);
#4196 = EDGE_CURVE('',#4190,#4147,#4197,.T.);
#4197 = B_SPLINE_CURVE_WITH_KNOTS('',3,(#4198,#4199,#4200,#4201),
  .UNSPECIFIED.,.F.,.F.,(4,4),(5.,6.),.PIECEWISE_BEZIER_KNOTS.);
#4198 = CARTESIAN_POINT('',(-2.381490131933,-0.792426742545,6.5100001));
#4199 = CARTESIAN_POINT('',(-2.381490131933,-0.822597868759,6.5100001));
#4200 = CARTESIAN_POINT('',(-2.372619138443,-0.847309922056,6.5100001));
#4201 = CARTESIAN_POINT('',(-2.354779668015,-0.866465418989,6.5100001));
#4202 = FACE_BOUND('',#4203,.T.);
#4203 = EDGE_LOOP('',(#4204,#4215,#4224,#4233,#4242,#4249,#4256));
#4204 = ORIENTED_EDGE('',*,*,#4205,.F.);
#4205 = EDGE_CURVE('',#4206,#4208,#4210,.T.);
#4206 = VERTEX_POINT('',#4207);
#4207 = CARTESIAN_POINT('',(-2.230683242584,-0.848430981672,6.5100001));
#4208 = VERTEX_POINT('',#4209);
#4209 = CARTESIAN_POINT('',(-2.212746288712,-0.793401576994,6.5100001));
#4210 = B_SPLINE_CURVE_WITH_KNOTS('',3,(#4211,#4212,#4213,#4214),
  .UNSPECIFIED.,.F.,.F.,(4,4),(5.,6.),.PIECEWISE_BEZIER_KNOTS.);
#4211 = CARTESIAN_POINT('',(-2.230683242584,-0.848430981672,6.5100001));
#4212 = CARTESIAN_POINT('',(-2.218692778855,-0.834490849043,6.5100001));
#4213 = CARTESIAN_POINT('',(-2.212746288712,-0.816115219669,6.5100001));
#4214 = CARTESIAN_POINT('',(-2.212746288712,-0.793401576994,6.5100001));
#4215 = ORIENTED_EDGE('',*,*,#4216,.F.);
#4216 = EDGE_CURVE('',#4217,#4206,#4219,.T.);
#4217 = VERTEX_POINT('',#4218);
#4218 = CARTESIAN_POINT('',(-2.284396620756,-0.869341180615,6.5100001));
#4219 = B_SPLINE_CURVE_WITH_KNOTS('',3,(#4220,#4221,#4222,#4223),
  .UNSPECIFIED.,.F.,.F.,(4,4),(4.,5.),.PIECEWISE_BEZIER_KNOTS.);
#4220 = CARTESIAN_POINT('',(-2.284396620756,-0.869341180615,6.5100001));
#4221 = CARTESIAN_POINT('',(-2.260610660186,-0.869341180615,6.5100001));
#4222 = CARTESIAN_POINT('',(-2.242673706315,-0.862371114301,6.5100001));
#4223 = CARTESIAN_POINT('',(-2.230683242584,-0.848430981672,6.5100001));
#4224 = ORIENTED_EDGE('',*,*,#4225,.F.);
#4225 = EDGE_CURVE('',#4226,#4217,#4228,.T.);
#4226 = VERTEX_POINT('',#4227);
#4227 = CARTESIAN_POINT('',(-2.339864700937,-0.84896714062,6.5100001));
#4228 = B_SPLINE_CURVE_WITH_KNOTS('',3,(#4229,#4230,#4231,#4232),
  .UNSPECIFIED.,.F.,.F.,(4,4),(3.,4.),.PIECEWISE_BEZIER_KNOTS.);
#4229 = CARTESIAN_POINT('',(-2.339864700937,-0.84896714062,6.5100001));
#4230 = CARTESIAN_POINT('',(-2.326704435867,-0.862566081192,6.5100001));
#4231 = CARTESIAN_POINT('',(-2.308182581325,-0.869341180615,6.5100001));
#4232 = CARTESIAN_POINT('',(-2.284396620756,-0.869341180615,6.5100001));
#4233 = ORIENTED_EDGE('',*,*,#4234,.F.);
#4234 = EDGE_CURVE('',#4235,#4226,#4237,.T.);
#4235 = VERTEX_POINT('',#4236);
#4236 = CARTESIAN_POINT('',(-2.359751323708,-0.792280517377,6.5100001));
#4237 = B_SPLINE_CURVE_WITH_KNOTS('',3,(#4238,#4239,#4240,#4241),
  .UNSPECIFIED.,.F.,.F.,(4,4),(2.,3.),.PIECEWISE_BEZIER_KNOTS.);
#4238 = CARTESIAN_POINT('',(-2.359751323708,-0.792280517377,6.5100001));
#4239 = CARTESIAN_POINT('',(-2.359751323708,-0.816505153448,6.5100001));
#4240 = CARTESIAN_POINT('',(-2.353122449452,-0.835416941771,6.5100001));
#4241 = CARTESIAN_POINT('',(-2.339864700937,-0.84896714062,6.5100001));
#4242 = ORIENTED_EDGE('',*,*,#4243,.F.);
#4243 = EDGE_CURVE('',#4244,#4235,#4246,.T.);
#4244 = VERTEX_POINT('',#4245);
#4245 = CARTESIAN_POINT('',(-2.359751323708,-0.764595219009,6.5100001));
#4246 = B_SPLINE_CURVE_WITH_KNOTS('',1,(#4247,#4248),.UNSPECIFIED.,.F.,
  .F.,(2,2),(0.,2.768529836754E-02),.PIECEWISE_BEZIER_KNOTS.);
#4247 = CARTESIAN_POINT('',(-2.359751323708,-0.764595219009,6.5100001));
#4248 = CARTESIAN_POINT('',(-2.359751323708,-0.792280517377,6.5100001));
#4249 = ORIENTED_EDGE('',*,*,#4250,.F.);
#4250 = EDGE_CURVE('',#4251,#4244,#4253,.T.);
#4251 = VERTEX_POINT('',#4252);
#4252 = CARTESIAN_POINT('',(-2.212746288712,-0.764595219009,6.5100001));
#4253 = B_SPLINE_CURVE_WITH_KNOTS('',1,(#4254,#4255),.UNSPECIFIED.,.F.,
  .F.,(2,2),(0.,0.147005034996),.PIECEWISE_BEZIER_KNOTS.);
#4254 = CARTESIAN_POINT('',(-2.212746288712,-0.764595219009,6.5100001));
#4255 = CARTESIAN_POINT('',(-2.359751323708,-0.764595219009,6.5100001));
#4256 = ORIENTED_EDGE('',*,*,#4257,.F.);
#4257 = EDGE_CURVE('',#4208,#4251,#4258,.T.);
#4258 = B_SPLINE_CURVE_WITH_KNOTS('',1,(#4259,#4260),.UNSPECIFIED.,.F.,
  .F.,(2,2),(0.,2.880635798457E-02),.PIECEWISE_BEZIER_KNOTS.);
#4259 = CARTESIAN_POINT('',(-2.212746288712,-0.793401576994,6.5100001));
#4260 = CARTESIAN_POINT('',(-2.212746288712,-0.764595219009,6.5100001));
#4261 = B_SPLINE_SURFACE_WITH_KNOTS('',1,1,(
    (#4262,#4263)
    ,(#4264,#4265
    )),.UNSPECIFIED.,.F.,.F.,.F.,(2,2),(2,2),(-0.132821193755,
    5.785642458158E-02),(-0.148046889313,7.195496781325E-03),
  .PIECEWISE_BEZIER_KNOTS.);
#4262 = CARTESIAN_POINT('',(-2.190812513597,-0.739980649158,6.5100001));
#4263 = CARTESIAN_POINT('',(-2.190812513597,-0.895223035253,6.5100001));
#4264 = CARTESIAN_POINT('',(-2.381490131933,-0.739980649158,6.5100001));
#4265 = CARTESIAN_POINT('',(-2.381490131933,-0.895223035253,6.5100001));
#4266 = ADVANCED_FACE('',(#4267),#4281,.F.);
#4267 = FACE_BOUND('',#4268,.F.);
#4268 = EDGE_LOOP('',(#4269,#4274,#4275,#4280));
#4269 = ORIENTED_EDGE('',*,*,#4270,.F.);
#4270 = EDGE_CURVE('',#4147,#1816,#4271,.T.);
#4271 = B_SPLINE_CURVE_WITH_KNOTS('',1,(#4272,#4273),.UNSPECIFIED.,.F.,
  .F.,(2,2),(0.,1.E-02),.PIECEWISE_BEZIER_KNOTS.);
#4272 = CARTESIAN_POINT('',(-2.354779668015,-0.866465418989,6.5100001));
#4273 = CARTESIAN_POINT('',(-2.354779668015,-0.866465418989,6.5000001));
#4274 = ORIENTED_EDGE('',*,*,#4146,.T.);
#4275 = ORIENTED_EDGE('',*,*,#4276,.T.);
#4276 = EDGE_CURVE('',#4149,#1818,#4277,.T.);
#4277 = B_SPLINE_CURVE_WITH_KNOTS('',1,(#4278,#4279),.UNSPECIFIED.,.F.,
  .F.,(2,2),(0.,1.E-02),.PIECEWISE_BEZIER_KNOTS.);
#4278 = CARTESIAN_POINT('',(-2.283714236642,-0.895223035253,6.5100001));
#4279 = CARTESIAN_POINT('',(-2.283714236642,-0.895223035253,6.5000001));
#4280 = ORIENTED_EDGE('',*,*,#1815,.F.);
#4281 = B_SPLINE_SURFACE_WITH_KNOTS('',3,1,(
    (#4282,#4283)
    ,(#4284,#4285)
    ,(#4286,#4287)
    ,(#4288,#4289
    )),.UNSPECIFIED.,.F.,.F.,.F.,(4,4),(2,2),(4.,5.),(0.,1.),
  .PIECEWISE_BEZIER_KNOTS.);
#4282 = CARTESIAN_POINT('',(-2.354779668015,-0.866465418989,6.5100001));
#4283 = CARTESIAN_POINT('',(-2.354779668015,-0.866465418989,6.5000001));
#4284 = CARTESIAN_POINT('',(-2.336940197588,-0.885620915924,6.5100001));
#4285 = CARTESIAN_POINT('',(-2.336940197588,-0.885620915924,6.5000001));
#4286 = CARTESIAN_POINT('',(-2.313251720464,-0.895223035253,6.5100001));
#4287 = CARTESIAN_POINT('',(-2.313251720464,-0.895223035253,6.5000001));
#4288 = CARTESIAN_POINT('',(-2.283714236642,-0.895223035253,6.5100001));
#4289 = CARTESIAN_POINT('',(-2.283714236642,-0.895223035253,6.5000001));
#4290 = ADVANCED_FACE('',(#4291),#4301,.F.);
#4291 = FACE_BOUND('',#4292,.F.);
#4292 = EDGE_LOOP('',(#4293,#4294,#4295,#4300));
#4293 = ORIENTED_EDGE('',*,*,#4276,.F.);
#4294 = ORIENTED_EDGE('',*,*,#4157,.T.);
#4295 = ORIENTED_EDGE('',*,*,#4296,.T.);
#4296 = EDGE_CURVE('',#4158,#1857,#4297,.T.);
#4297 = B_SPLINE_CURVE_WITH_KNOTS('',1,(#4298,#4299),.UNSPECIFIED.,.F.,
  .F.,(2,2),(0.,1.E-02),.PIECEWISE_BEZIER_KNOTS.);
#4298 = CARTESIAN_POINT('',(-2.21606072584,-0.866465418989,6.5100001));
#4299 = CARTESIAN_POINT('',(-2.21606072584,-0.866465418989,6.5000001));
#4300 = ORIENTED_EDGE('',*,*,#1865,.F.);
#4301 = B_SPLINE_SURFACE_WITH_KNOTS('',3,1,(
    (#4302,#4303)
    ,(#4304,#4305)
    ,(#4306,#4307)
    ,(#4308,#4309
    )),.UNSPECIFIED.,.F.,.F.,.F.,(4,4),(2,2),(3.,4.),(0.,1.),
  .PIECEWISE_BEZIER_KNOTS.);
#4302 = CARTESIAN_POINT('',(-2.283714236642,-0.895223035253,6.5100001));
#4303 = CARTESIAN_POINT('',(-2.283714236642,-0.895223035253,6.5000001));
#4304 = CARTESIAN_POINT('',(-2.255444037604,-0.895223035253,6.5100001));
#4305 = CARTESIAN_POINT('',(-2.255444037604,-0.895223035253,6.5000001));
#4306 = CARTESIAN_POINT('',(-2.232925361818,-0.885620915924,6.5100001));
#4307 = CARTESIAN_POINT('',(-2.232925361818,-0.885620915924,6.5000001));
#4308 = CARTESIAN_POINT('',(-2.21606072584,-0.866465418989,6.5100001));
#4309 = CARTESIAN_POINT('',(-2.21606072584,-0.866465418989,6.5000001));
#4310 = ADVANCED_FACE('',(#4311),#4321,.F.);
#4311 = FACE_BOUND('',#4312,.F.);
#4312 = EDGE_LOOP('',(#4313,#4314,#4315,#4320));
#4313 = ORIENTED_EDGE('',*,*,#4296,.F.);
#4314 = ORIENTED_EDGE('',*,*,#4166,.T.);
#4315 = ORIENTED_EDGE('',*,*,#4316,.T.);
#4316 = EDGE_CURVE('',#4167,#1850,#4317,.T.);
#4317 = B_SPLINE_CURVE_WITH_KNOTS('',1,(#4318,#4319),.UNSPECIFIED.,.F.,
  .F.,(2,2),(0.,1.E-02),.PIECEWISE_BEZIER_KNOTS.);
#4318 = CARTESIAN_POINT('',(-2.190812513597,-0.794376411444,6.5100001));
#4319 = CARTESIAN_POINT('',(-2.190812513597,-0.794376411444,6.5000001));
#4320 = ORIENTED_EDGE('',*,*,#1856,.F.);
#4321 = B_SPLINE_SURFACE_WITH_KNOTS('',3,1,(
    (#4322,#4323)
    ,(#4324,#4325)
    ,(#4326,#4327)
    ,(#4328,#4329
    )),.UNSPECIFIED.,.F.,.F.,.F.,(4,4),(2,2),(2.,3.),(0.,1.),
  .PIECEWISE_BEZIER_KNOTS.);
#4322 = CARTESIAN_POINT('',(-2.21606072584,-0.866465418989,6.5100001));
#4323 = CARTESIAN_POINT('',(-2.21606072584,-0.866465418989,6.5000001));
#4324 = CARTESIAN_POINT('',(-2.199196089864,-0.847309922056,6.5100001));
#4325 = CARTESIAN_POINT('',(-2.199196089864,-0.847309922056,6.5000001));
#4326 = CARTESIAN_POINT('',(-2.190812513597,-0.823280252873,6.5100001));
#4327 = CARTESIAN_POINT('',(-2.190812513597,-0.823280252873,6.5000001));
#4328 = CARTESIAN_POINT('',(-2.190812513597,-0.794376411444,6.5100001));
#4329 = CARTESIAN_POINT('',(-2.190812513597,-0.794376411444,6.5000001));
#4330 = ADVANCED_FACE('',(#4331),#4341,.F.);
#4331 = FACE_BOUND('',#4332,.T.);
#4332 = EDGE_LOOP('',(#4333,#4334,#4339,#4340));
#4333 = ORIENTED_EDGE('',*,*,#1849,.T.);
#4334 = ORIENTED_EDGE('',*,*,#4335,.F.);
#4335 = EDGE_CURVE('',#4176,#1843,#4336,.T.);
#4336 = B_SPLINE_CURVE_WITH_KNOTS('',1,(#4337,#4338),.UNSPECIFIED.,.F.,
  .F.,(2,2),(0.,1.E-02),.PIECEWISE_BEZIER_KNOTS.);
#4337 = CARTESIAN_POINT('',(-2.190812513597,-0.739980649158,6.5100001));
#4338 = CARTESIAN_POINT('',(-2.190812513597,-0.739980649158,6.5000001));
#4339 = ORIENTED_EDGE('',*,*,#4175,.F.);
#4340 = ORIENTED_EDGE('',*,*,#4316,.T.);
#4341 = B_SPLINE_SURFACE_WITH_KNOTS('',1,1,(
    (#4342,#4343)
    ,(#4344,#4345
    )),.UNSPECIFIED.,.F.,.F.,.F.,(2,2),(2,2),(-5.439576228531E-02,
    2.918742317019E-16),(-6.424563198747E-17,1.E-02),
  .PIECEWISE_BEZIER_KNOTS.);
#4342 = CARTESIAN_POINT('',(-2.190812513597,-0.794376411444,6.5100001));
#4343 = CARTESIAN_POINT('',(-2.190812513597,-0.794376411444,6.5000001));
#4344 = CARTESIAN_POINT('',(-2.190812513597,-0.739980649158,6.5100001));
#4345 = CARTESIAN_POINT('',(-2.190812513597,-0.739980649158,6.5000001));
#4346 = ADVANCED_FACE('',(#4347),#4357,.F.);
#4347 = FACE_BOUND('',#4348,.T.);
#4348 = EDGE_LOOP('',(#4349,#4350,#4355,#4356));
#4349 = ORIENTED_EDGE('',*,*,#1842,.T.);
#4350 = ORIENTED_EDGE('',*,*,#4351,.F.);
#4351 = EDGE_CURVE('',#4183,#1836,#4352,.T.);
#4352 = B_SPLINE_CURVE_WITH_KNOTS('',1,(#4353,#4354),.UNSPECIFIED.,.F.,
  .F.,(2,2),(0.,1.E-02),.PIECEWISE_BEZIER_KNOTS.);
#4353 = CARTESIAN_POINT('',(-2.381490131933,-0.739980649158,6.5100001));
#4354 = CARTESIAN_POINT('',(-2.381490131933,-0.739980649158,6.5000001));
#4355 = ORIENTED_EDGE('',*,*,#4182,.F.);
#4356 = ORIENTED_EDGE('',*,*,#4335,.T.);
#4357 = B_SPLINE_SURFACE_WITH_KNOTS('',1,1,(
    (#4358,#4359)
    ,(#4360,#4361
    )),.UNSPECIFIED.,.F.,.F.,.F.,(2,2),(2,2),(-0.190677618336,0.),(
    -2.224310735437E-16,1.E-02),.PIECEWISE_BEZIER_KNOTS.);
#4358 = CARTESIAN_POINT('',(-2.190812513597,-0.739980649158,6.5100001));
#4359 = CARTESIAN_POINT('',(-2.190812513597,-0.739980649158,6.5000001));
#4360 = CARTESIAN_POINT('',(-2.381490131933,-0.739980649158,6.5100001));
#4361 = CARTESIAN_POINT('',(-2.381490131933,-0.739980649158,6.5000001));
#4362 = ADVANCED_FACE('',(#4363),#4373,.F.);
#4363 = FACE_BOUND('',#4364,.T.);
#4364 = EDGE_LOOP('',(#4365,#4366,#4371,#4372));
#4365 = ORIENTED_EDGE('',*,*,#1835,.T.);
#4366 = ORIENTED_EDGE('',*,*,#4367,.F.);
#4367 = EDGE_CURVE('',#4190,#1827,#4368,.T.);
#4368 = B_SPLINE_CURVE_WITH_KNOTS('',1,(#4369,#4370),.UNSPECIFIED.,.F.,
  .F.,(2,2),(0.,1.E-02),.PIECEWISE_BEZIER_KNOTS.);
#4369 = CARTESIAN_POINT('',(-2.381490131933,-0.792426742545,6.5100001));
#4370 = CARTESIAN_POINT('',(-2.381490131933,-0.792426742545,6.5000001));
#4371 = ORIENTED_EDGE('',*,*,#4189,.F.);
#4372 = ORIENTED_EDGE('',*,*,#4351,.T.);
#4373 = B_SPLINE_SURFACE_WITH_KNOTS('',1,1,(
    (#4374,#4375)
    ,(#4376,#4377
    )),.UNSPECIFIED.,.F.,.F.,.F.,(2,2),(2,2),(-5.244609338708E-02,
    4.119267568565E-17),(0.,1.E-02),.PIECEWISE_BEZIER_KNOTS.);
#4374 = CARTESIAN_POINT('',(-2.381490131933,-0.739980649158,6.5100001));
#4375 = CARTESIAN_POINT('',(-2.381490131933,-0.739980649158,6.5000001));
#4376 = CARTESIAN_POINT('',(-2.381490131933,-0.792426742545,6.5100001));
#4377 = CARTESIAN_POINT('',(-2.381490131933,-0.792426742545,6.5000001));
#4378 = ADVANCED_FACE('',(#4379),#4385,.F.);
#4379 = FACE_BOUND('',#4380,.F.);
#4380 = EDGE_LOOP('',(#4381,#4382,#4383,#4384));
#4381 = ORIENTED_EDGE('',*,*,#4367,.F.);
#4382 = ORIENTED_EDGE('',*,*,#4196,.T.);
#4383 = ORIENTED_EDGE('',*,*,#4270,.T.);
#4384 = ORIENTED_EDGE('',*,*,#1826,.F.);
#4385 = B_SPLINE_SURFACE_WITH_KNOTS('',3,1,(
    (#4386,#4387)
    ,(#4388,#4389)
    ,(#4390,#4391)
    ,(#4392,#4393
    )),.UNSPECIFIED.,.F.,.F.,.F.,(4,4),(2,2),(5.,6.),(0.,1.),
  .PIECEWISE_BEZIER_KNOTS.);
#4386 = CARTESIAN_POINT('',(-2.381490131933,-0.792426742545,6.5100001));
#4387 = CARTESIAN_POINT('',(-2.381490131933,-0.792426742545,6.5000001));
#4388 = CARTESIAN_POINT('',(-2.381490131933,-0.822597868759,6.5100001));
#4389 = CARTESIAN_POINT('',(-2.381490131933,-0.822597868759,6.5000001));
#4390 = CARTESIAN_POINT('',(-2.372619138443,-0.847309922056,6.5100001));
#4391 = CARTESIAN_POINT('',(-2.372619138443,-0.847309922056,6.5000001));
#4392 = CARTESIAN_POINT('',(-2.354779668015,-0.866465418989,6.5100001));
#4393 = CARTESIAN_POINT('',(-2.354779668015,-0.866465418989,6.5000001));
#4394 = ADVANCED_FACE('',(#4395),#4419,.T.);
#4395 = FACE_BOUND('',#4396,.T.);
#4396 = EDGE_LOOP('',(#4397,#4408,#4413,#4414));
#4397 = ORIENTED_EDGE('',*,*,#4398,.F.);
#4398 = EDGE_CURVE('',#4399,#4401,#4403,.T.);
#4399 = VERTEX_POINT('',#4400);
#4400 = CARTESIAN_POINT('',(-2.284396620756,-0.869341180615,6.5000001));
#4401 = VERTEX_POINT('',#4402);
#4402 = CARTESIAN_POINT('',(-2.230683242584,-0.848430981672,6.5000001));
#4403 = B_SPLINE_CURVE_WITH_KNOTS('',3,(#4404,#4405,#4406,#4407),
  .UNSPECIFIED.,.F.,.F.,(4,4),(4.,5.),.PIECEWISE_BEZIER_KNOTS.);
#4404 = CARTESIAN_POINT('',(-2.284396620756,-0.869341180615,6.5000001));
#4405 = CARTESIAN_POINT('',(-2.260610660186,-0.869341180615,6.5000001));
#4406 = CARTESIAN_POINT('',(-2.242673706315,-0.862371114301,6.5000001));
#4407 = CARTESIAN_POINT('',(-2.230683242584,-0.848430981672,6.5000001));
#4408 = ORIENTED_EDGE('',*,*,#4409,.F.);
#4409 = EDGE_CURVE('',#4217,#4399,#4410,.T.);
#4410 = B_SPLINE_CURVE_WITH_KNOTS('',1,(#4411,#4412),.UNSPECIFIED.,.F.,
  .F.,(2,2),(0.,1.E-02),.PIECEWISE_BEZIER_KNOTS.);
#4411 = CARTESIAN_POINT('',(-2.284396620756,-0.869341180615,6.5100001));
#4412 = CARTESIAN_POINT('',(-2.284396620756,-0.869341180615,6.5000001));
#4413 = ORIENTED_EDGE('',*,*,#4216,.T.);
#4414 = ORIENTED_EDGE('',*,*,#4415,.T.);
#4415 = EDGE_CURVE('',#4206,#4401,#4416,.T.);
#4416 = B_SPLINE_CURVE_WITH_KNOTS('',1,(#4417,#4418),.UNSPECIFIED.,.F.,
  .F.,(2,2),(0.,1.E-02),.PIECEWISE_BEZIER_KNOTS.);
#4417 = CARTESIAN_POINT('',(-2.230683242584,-0.848430981672,6.5100001));
#4418 = CARTESIAN_POINT('',(-2.230683242584,-0.848430981672,6.5000001));
#4419 = B_SPLINE_SURFACE_WITH_KNOTS('',3,1,(
    (#4420,#4421)
    ,(#4422,#4423)
    ,(#4424,#4425)
    ,(#4426,#4427
    )),.UNSPECIFIED.,.F.,.F.,.F.,(4,4),(2,2),(4.,5.),(0.,1.),
  .PIECEWISE_BEZIER_KNOTS.);
#4420 = CARTESIAN_POINT('',(-2.284396620756,-0.869341180615,6.5100001));
#4421 = CARTESIAN_POINT('',(-2.284396620756,-0.869341180615,6.5000001));
#4422 = CARTESIAN_POINT('',(-2.260610660186,-0.869341180615,6.5100001));
#4423 = CARTESIAN_POINT('',(-2.260610660186,-0.869341180615,6.5000001));
#4424 = CARTESIAN_POINT('',(-2.242673706315,-0.862371114301,6.5100001));
#4425 = CARTESIAN_POINT('',(-2.242673706315,-0.862371114301,6.5000001));
#4426 = CARTESIAN_POINT('',(-2.230683242584,-0.848430981672,6.5100001));
#4427 = CARTESIAN_POINT('',(-2.230683242584,-0.848430981672,6.5000001));
#4428 = ADVANCED_FACE('',(#4429),#4447,.T.);
#4429 = FACE_BOUND('',#4430,.T.);
#4430 = EDGE_LOOP('',(#4431,#4440,#4441,#4442));
#4431 = ORIENTED_EDGE('',*,*,#4432,.F.);
#4432 = EDGE_CURVE('',#4401,#4433,#4435,.T.);
#4433 = VERTEX_POINT('',#4434);
#4434 = CARTESIAN_POINT('',(-2.212746288712,-0.793401576994,6.5000001));
#4435 = B_SPLINE_CURVE_WITH_KNOTS('',3,(#4436,#4437,#4438,#4439),
  .UNSPECIFIED.,.F.,.F.,(4,4),(5.,6.),.PIECEWISE_BEZIER_KNOTS.);
#4436 = CARTESIAN_POINT('',(-2.230683242584,-0.848430981672,6.5000001));
#4437 = CARTESIAN_POINT('',(-2.218692778855,-0.834490849043,6.5000001));
#4438 = CARTESIAN_POINT('',(-2.212746288712,-0.816115219669,6.5000001));
#4439 = CARTESIAN_POINT('',(-2.212746288712,-0.793401576994,6.5000001));
#4440 = ORIENTED_EDGE('',*,*,#4415,.F.);
#4441 = ORIENTED_EDGE('',*,*,#4205,.T.);
#4442 = ORIENTED_EDGE('',*,*,#4443,.T.);
#4443 = EDGE_CURVE('',#4208,#4433,#4444,.T.);
#4444 = B_SPLINE_CURVE_WITH_KNOTS('',1,(#4445,#4446),.UNSPECIFIED.,.F.,
  .F.,(2,2),(0.,1.E-02),.PIECEWISE_BEZIER_KNOTS.);
#4445 = CARTESIAN_POINT('',(-2.212746288712,-0.793401576994,6.5100001));
#4446 = CARTESIAN_POINT('',(-2.212746288712,-0.793401576994,6.5000001));
#4447 = B_SPLINE_SURFACE_WITH_KNOTS('',3,1,(
    (#4448,#4449)
    ,(#4450,#4451)
    ,(#4452,#4453)
    ,(#4454,#4455
    )),.UNSPECIFIED.,.F.,.F.,.F.,(4,4),(2,2),(5.,6.),(0.,1.),
  .PIECEWISE_BEZIER_KNOTS.);
#4448 = CARTESIAN_POINT('',(-2.230683242584,-0.848430981672,6.5100001));
#4449 = CARTESIAN_POINT('',(-2.230683242584,-0.848430981672,6.5000001));
#4450 = CARTESIAN_POINT('',(-2.218692778855,-0.834490849043,6.5100001));
#4451 = CARTESIAN_POINT('',(-2.218692778855,-0.834490849043,6.5000001));
#4452 = CARTESIAN_POINT('',(-2.212746288712,-0.816115219669,6.5100001));
#4453 = CARTESIAN_POINT('',(-2.212746288712,-0.816115219669,6.5000001));
#4454 = CARTESIAN_POINT('',(-2.212746288712,-0.793401576994,6.5100001));
#4455 = CARTESIAN_POINT('',(-2.212746288712,-0.793401576994,6.5000001));
#4456 = ADVANCED_FACE('',(#4457),#4473,.T.);
#4457 = FACE_BOUND('',#4458,.T.);
#4458 = EDGE_LOOP('',(#4459,#4466,#4467,#4468));
#4459 = ORIENTED_EDGE('',*,*,#4460,.F.);
#4460 = EDGE_CURVE('',#4433,#4461,#4463,.T.);
#4461 = VERTEX_POINT('',#4462);
#4462 = CARTESIAN_POINT('',(-2.212746288712,-0.764595219009,6.5000001));
#4463 = B_SPLINE_CURVE_WITH_KNOTS('',1,(#4464,#4465),.UNSPECIFIED.,.F.,
  .F.,(2,2),(0.,2.880635798457E-02),.PIECEWISE_BEZIER_KNOTS.);
#4464 = CARTESIAN_POINT('',(-2.212746288712,-0.793401576994,6.5000001));
#4465 = CARTESIAN_POINT('',(-2.212746288712,-0.764595219009,6.5000001));
#4466 = ORIENTED_EDGE('',*,*,#4443,.F.);
#4467 = ORIENTED_EDGE('',*,*,#4257,.T.);
#4468 = ORIENTED_EDGE('',*,*,#4469,.T.);
#4469 = EDGE_CURVE('',#4251,#4461,#4470,.T.);
#4470 = B_SPLINE_CURVE_WITH_KNOTS('',1,(#4471,#4472),.UNSPECIFIED.,.F.,
  .F.,(2,2),(0.,1.E-02),.PIECEWISE_BEZIER_KNOTS.);
#4471 = CARTESIAN_POINT('',(-2.212746288712,-0.764595219009,6.5100001));
#4472 = CARTESIAN_POINT('',(-2.212746288712,-0.764595219009,6.5000001));
#4473 = B_SPLINE_SURFACE_WITH_KNOTS('',1,1,(
    (#4474,#4475)
    ,(#4476,#4477
    )),.UNSPECIFIED.,.F.,.F.,.F.,(2,2),(2,2),(-7.88860905221E-33,
    2.880635798457E-02),(0.,1.E-02),.PIECEWISE_BEZIER_KNOTS.);
#4474 = CARTESIAN_POINT('',(-2.212746288712,-0.793401576994,6.5100001));
#4475 = CARTESIAN_POINT('',(-2.212746288712,-0.793401576994,6.5000001));
#4476 = CARTESIAN_POINT('',(-2.212746288712,-0.764595219009,6.5100001));
#4477 = CARTESIAN_POINT('',(-2.212746288712,-0.764595219009,6.5000001));
#4478 = ADVANCED_FACE('',(#4479),#4495,.T.);
#4479 = FACE_BOUND('',#4480,.T.);
#4480 = EDGE_LOOP('',(#4481,#4488,#4489,#4490));
#4481 = ORIENTED_EDGE('',*,*,#4482,.F.);
#4482 = EDGE_CURVE('',#4461,#4483,#4485,.T.);
#4483 = VERTEX_POINT('',#4484);
#4484 = CARTESIAN_POINT('',(-2.359751323708,-0.764595219009,6.5000001));
#4485 = B_SPLINE_CURVE_WITH_KNOTS('',1,(#4486,#4487),.UNSPECIFIED.,.F.,
  .F.,(2,2),(0.,0.147005034996),.PIECEWISE_BEZIER_KNOTS.);
#4486 = CARTESIAN_POINT('',(-2.212746288712,-0.764595219009,6.5000001));
#4487 = CARTESIAN_POINT('',(-2.359751323708,-0.764595219009,6.5000001));
#4488 = ORIENTED_EDGE('',*,*,#4469,.F.);
#4489 = ORIENTED_EDGE('',*,*,#4250,.T.);
#4490 = ORIENTED_EDGE('',*,*,#4491,.T.);
#4491 = EDGE_CURVE('',#4244,#4483,#4492,.T.);
#4492 = B_SPLINE_CURVE_WITH_KNOTS('',1,(#4493,#4494),.UNSPECIFIED.,.F.,
  .F.,(2,2),(0.,1.E-02),.PIECEWISE_BEZIER_KNOTS.);
#4493 = CARTESIAN_POINT('',(-2.359751323708,-0.764595219009,6.5100001));
#4494 = CARTESIAN_POINT('',(-2.359751323708,-0.764595219009,6.5000001));
#4495 = B_SPLINE_SURFACE_WITH_KNOTS('',1,1,(
    (#4496,#4497)
    ,(#4498,#4499
    )),.UNSPECIFIED.,.F.,.F.,.F.,(2,2),(2,2),(-7.610748907408E-17,
    0.147005034996),(-6.91761265539E-17,1.E-02),
  .PIECEWISE_BEZIER_KNOTS.);
#4496 = CARTESIAN_POINT('',(-2.212746288712,-0.764595219009,6.5100001));
#4497 = CARTESIAN_POINT('',(-2.212746288712,-0.764595219009,6.5000001));
#4498 = CARTESIAN_POINT('',(-2.359751323708,-0.764595219009,6.5100001));
#4499 = CARTESIAN_POINT('',(-2.359751323708,-0.764595219009,6.5000001));
#4500 = ADVANCED_FACE('',(#4501),#4517,.T.);
#4501 = FACE_BOUND('',#4502,.T.);
#4502 = EDGE_LOOP('',(#4503,#4510,#4511,#4512));
#4503 = ORIENTED_EDGE('',*,*,#4504,.F.);
#4504 = EDGE_CURVE('',#4483,#4505,#4507,.T.);
#4505 = VERTEX_POINT('',#4506);
#4506 = CARTESIAN_POINT('',(-2.359751323708,-0.792280517377,6.5000001));
#4507 = B_SPLINE_CURVE_WITH_KNOTS('',1,(#4508,#4509),.UNSPECIFIED.,.F.,
  .F.,(2,2),(0.,2.768529836754E-02),.PIECEWISE_BEZIER_KNOTS.);
#4508 = CARTESIAN_POINT('',(-2.359751323708,-0.764595219009,6.5000001));
#4509 = CARTESIAN_POINT('',(-2.359751323708,-0.792280517377,6.5000001));
#4510 = ORIENTED_EDGE('',*,*,#4491,.F.);
#4511 = ORIENTED_EDGE('',*,*,#4243,.T.);
#4512 = ORIENTED_EDGE('',*,*,#4513,.T.);
#4513 = EDGE_CURVE('',#4235,#4505,#4514,.T.);
#4514 = B_SPLINE_CURVE_WITH_KNOTS('',1,(#4515,#4516),.UNSPECIFIED.,.F.,
  .F.,(2,2),(0.,1.E-02),.PIECEWISE_BEZIER_KNOTS.);
#4515 = CARTESIAN_POINT('',(-2.359751323708,-0.792280517377,6.5100001));
#4516 = CARTESIAN_POINT('',(-2.359751323708,-0.792280517377,6.5000001));
#4517 = B_SPLINE_SURFACE_WITH_KNOTS('',1,1,(
    (#4518,#4519)
    ,(#4520,#4521
    )),.UNSPECIFIED.,.F.,.F.,.F.,(2,2),(2,2),(0.,2.768529836754E-02),(
    -2.507638046289E-16,1.E-02),.PIECEWISE_BEZIER_KNOTS.);
#4518 = CARTESIAN_POINT('',(-2.359751323708,-0.764595219009,6.5100001));
#4519 = CARTESIAN_POINT('',(-2.359751323708,-0.764595219009,6.5000001));
#4520 = CARTESIAN_POINT('',(-2.359751323708,-0.792280517377,6.5100001));
#4521 = CARTESIAN_POINT('',(-2.359751323708,-0.792280517377,6.5000001));
#4522 = ADVANCED_FACE('',(#4523),#4541,.T.);
#4523 = FACE_BOUND('',#4524,.T.);
#4524 = EDGE_LOOP('',(#4525,#4534,#4535,#4536));
#4525 = ORIENTED_EDGE('',*,*,#4526,.F.);
#4526 = EDGE_CURVE('',#4505,#4527,#4529,.T.);
#4527 = VERTEX_POINT('',#4528);
#4528 = CARTESIAN_POINT('',(-2.339864700937,-0.84896714062,6.5000001));
#4529 = B_SPLINE_CURVE_WITH_KNOTS('',3,(#4530,#4531,#4532,#4533),
  .UNSPECIFIED.,.F.,.F.,(4,4),(2.,3.),.PIECEWISE_BEZIER_KNOTS.);
#4530 = CARTESIAN_POINT('',(-2.359751323708,-0.792280517377,6.5000001));
#4531 = CARTESIAN_POINT('',(-2.359751323708,-0.816505153448,6.5000001));
#4532 = CARTESIAN_POINT('',(-2.353122449452,-0.835416941771,6.5000001));
#4533 = CARTESIAN_POINT('',(-2.339864700937,-0.84896714062,6.5000001));
#4534 = ORIENTED_EDGE('',*,*,#4513,.F.);
#4535 = ORIENTED_EDGE('',*,*,#4234,.T.);
#4536 = ORIENTED_EDGE('',*,*,#4537,.T.);
#4537 = EDGE_CURVE('',#4226,#4527,#4538,.T.);
#4538 = B_SPLINE_CURVE_WITH_KNOTS('',1,(#4539,#4540),.UNSPECIFIED.,.F.,
  .F.,(2,2),(0.,1.E-02),.PIECEWISE_BEZIER_KNOTS.);
#4539 = CARTESIAN_POINT('',(-2.339864700937,-0.84896714062,6.5100001));
#4540 = CARTESIAN_POINT('',(-2.339864700937,-0.84896714062,6.5000001));
#4541 = B_SPLINE_SURFACE_WITH_KNOTS('',3,1,(
    (#4542,#4543)
    ,(#4544,#4545)
    ,(#4546,#4547)
    ,(#4548,#4549
    )),.UNSPECIFIED.,.F.,.F.,.F.,(4,4),(2,2),(2.,3.),(0.,1.),
  .PIECEWISE_BEZIER_KNOTS.);
#4542 = CARTESIAN_POINT('',(-2.359751323708,-0.792280517377,6.5100001));
#4543 = CARTESIAN_POINT('',(-2.359751323708,-0.792280517377,6.5000001));
#4544 = CARTESIAN_POINT('',(-2.359751323708,-0.816505153448,6.5100001));
#4545 = CARTESIAN_POINT('',(-2.359751323708,-0.816505153448,6.5000001));
#4546 = CARTESIAN_POINT('',(-2.353122449452,-0.835416941771,6.5100001));
#4547 = CARTESIAN_POINT('',(-2.353122449452,-0.835416941771,6.5000001));
#4548 = CARTESIAN_POINT('',(-2.339864700937,-0.84896714062,6.5100001));
#4549 = CARTESIAN_POINT('',(-2.339864700937,-0.84896714062,6.5000001));
#4550 = ADVANCED_FACE('',(#4551),#4563,.T.);
#4551 = FACE_BOUND('',#4552,.T.);
#4552 = EDGE_LOOP('',(#4553,#4560,#4561,#4562));
#4553 = ORIENTED_EDGE('',*,*,#4554,.F.);
#4554 = EDGE_CURVE('',#4527,#4399,#4555,.T.);
#4555 = B_SPLINE_CURVE_WITH_KNOTS('',3,(#4556,#4557,#4558,#4559),
  .UNSPECIFIED.,.F.,.F.,(4,4),(3.,4.),.PIECEWISE_BEZIER_KNOTS.);
#4556 = CARTESIAN_POINT('',(-2.339864700937,-0.84896714062,6.5000001));
#4557 = CARTESIAN_POINT('',(-2.326704435867,-0.862566081192,6.5000001));
#4558 = CARTESIAN_POINT('',(-2.308182581325,-0.869341180615,6.5000001));
#4559 = CARTESIAN_POINT('',(-2.284396620756,-0.869341180615,6.5000001));
#4560 = ORIENTED_EDGE('',*,*,#4537,.F.);
#4561 = ORIENTED_EDGE('',*,*,#4225,.T.);
#4562 = ORIENTED_EDGE('',*,*,#4409,.T.);
#4563 = B_SPLINE_SURFACE_WITH_KNOTS('',3,1,(
    (#4564,#4565)
    ,(#4566,#4567)
    ,(#4568,#4569)
    ,(#4570,#4571
    )),.UNSPECIFIED.,.F.,.F.,.F.,(4,4),(2,2),(3.,4.),(0.,1.),
  .PIECEWISE_BEZIER_KNOTS.);
#4564 = CARTESIAN_POINT('',(-2.339864700937,-0.84896714062,6.5100001));
#4565 = CARTESIAN_POINT('',(-2.339864700937,-0.84896714062,6.5000001));
#4566 = CARTESIAN_POINT('',(-2.326704435867,-0.862566081192,6.5100001));
#4567 = CARTESIAN_POINT('',(-2.326704435867,-0.862566081192,6.5000001));
#4568 = CARTESIAN_POINT('',(-2.308182581325,-0.869341180615,6.5100001));
#4569 = CARTESIAN_POINT('',(-2.308182581325,-0.869341180615,6.5000001));
#4570 = CARTESIAN_POINT('',(-2.284396620756,-0.869341180615,6.5100001));
#4571 = CARTESIAN_POINT('',(-2.284396620756,-0.869341180615,6.5000001));
#4572 = ADVANCED_FACE('',(#4573),#4582,.F.);
#4573 = FACE_BOUND('',#4574,.T.);
#4574 = EDGE_LOOP('',(#4575,#4576,#4577,#4578,#4579,#4580,#4581));
#4575 = ORIENTED_EDGE('',*,*,#4554,.T.);
#4576 = ORIENTED_EDGE('',*,*,#4398,.T.);
#4577 = ORIENTED_EDGE('',*,*,#4432,.T.);
#4578 = ORIENTED_EDGE('',*,*,#4460,.T.);
#4579 = ORIENTED_EDGE('',*,*,#4482,.T.);
#4580 = ORIENTED_EDGE('',*,*,#4504,.T.);
#4581 = ORIENTED_EDGE('',*,*,#4526,.T.);
#4582 = B_SPLINE_SURFACE_WITH_KNOTS('',1,1,(
    (#4583,#4584)
    ,(#4585,#4586
    )),.UNSPECIFIED.,.F.,.F.,.F.,(2,2),(2,2),(-1.109751323708,
    -0.962746288712),(4.014595219009,4.119341180615),
  .PIECEWISE_BEZIER_KNOTS.);
#4583 = CARTESIAN_POINT('',(-2.359751323708,-0.764595219009,6.5000001));
#4584 = CARTESIAN_POINT('',(-2.359751323708,-0.869341180615,6.5000001));
#4585 = CARTESIAN_POINT('',(-2.212746288712,-0.764595219009,6.5000001));
#4586 = CARTESIAN_POINT('',(-2.212746288712,-0.869341180615,6.5000001));
#4587 = ADVANCED_FACE('',(#4588),#4612,.F.);
#4588 = FACE_BOUND('',#4589,.F.);
#4589 = EDGE_LOOP('',(#4590,#4597,#4606,#4611));
#4590 = ORIENTED_EDGE('',*,*,#4591,.F.);
#4591 = EDGE_CURVE('',#4592,#1905,#4594,.T.);
#4592 = VERTEX_POINT('',#4593);
#4593 = CARTESIAN_POINT('',(-2.347858343423,-0.513721573411,6.5100001));
#4594 = B_SPLINE_CURVE_WITH_KNOTS('',1,(#4595,#4596),.UNSPECIFIED.,.F.,
  .F.,(2,2),(0.,1.E-02),.PIECEWISE_BEZIER_KNOTS.);
#4595 = CARTESIAN_POINT('',(-2.347858343423,-0.513721573411,6.5100001));
#4596 = CARTESIAN_POINT('',(-2.347858343423,-0.513721573411,6.5000001));
#4597 = ORIENTED_EDGE('',*,*,#4598,.T.);
#4598 = EDGE_CURVE('',#4592,#4599,#4601,.T.);
#4599 = VERTEX_POINT('',#4600);
#4600 = CARTESIAN_POINT('',(-2.358873972704,-0.510797070062,6.5100001));
#4601 = B_SPLINE_CURVE_WITH_KNOTS('',3,(#4602,#4603,#4604,#4605),
  .UNSPECIFIED.,.F.,.F.,(4,4),(12.,13.),.PIECEWISE_BEZIER_KNOTS.);
#4602 = CARTESIAN_POINT('',(-2.347858343423,-0.513721573411,6.5100001));
#4603 = CARTESIAN_POINT('',(-2.352635032226,-0.512259321737,6.5100001));
#4604 = CARTESIAN_POINT('',(-2.356339403134,-0.511284487286,6.5100001));
#4605 = CARTESIAN_POINT('',(-2.358873972704,-0.510797070062,6.5100001));
#4606 = ORIENTED_EDGE('',*,*,#4607,.T.);
#4607 = EDGE_CURVE('',#4599,#1907,#4608,.T.);
#4608 = B_SPLINE_CURVE_WITH_KNOTS('',1,(#4609,#4610),.UNSPECIFIED.,.F.,
  .F.,(2,2),(0.,1.E-02),.PIECEWISE_BEZIER_KNOTS.);
#4609 = CARTESIAN_POINT('',(-2.358873972704,-0.510797070062,6.5100001));
#4610 = CARTESIAN_POINT('',(-2.358873972704,-0.510797070062,6.5000001));
#4611 = ORIENTED_EDGE('',*,*,#1904,.F.);
#4612 = B_SPLINE_SURFACE_WITH_KNOTS('',3,1,(
    (#4613,#4614)
    ,(#4615,#4616)
    ,(#4617,#4618)
    ,(#4619,#4620
    )),.UNSPECIFIED.,.F.,.F.,.F.,(4,4),(2,2),(12.,13.),(0.,1.),
  .PIECEWISE_BEZIER_KNOTS.);
#4613 = CARTESIAN_POINT('',(-2.347858343423,-0.513721573411,6.5100001));
#4614 = CARTESIAN_POINT('',(-2.347858343423,-0.513721573411,6.5000001));
#4615 = CARTESIAN_POINT('',(-2.352635032226,-0.512259321737,6.5100001));
#4616 = CARTESIAN_POINT('',(-2.352635032226,-0.512259321737,6.5000001));
#4617 = CARTESIAN_POINT('',(-2.356339403134,-0.511284487286,6.5100001));
#4618 = CARTESIAN_POINT('',(-2.356339403134,-0.511284487286,6.5000001));
#4619 = CARTESIAN_POINT('',(-2.358873972704,-0.510797070062,6.5100001));
#4620 = CARTESIAN_POINT('',(-2.358873972704,-0.510797070062,6.5000001));
#4621 = ADVANCED_FACE('',(#4622),#4638,.F.);
#4622 = FACE_BOUND('',#4623,.T.);
#4623 = EDGE_LOOP('',(#4624,#4625,#4632,#4637));
#4624 = ORIENTED_EDGE('',*,*,#2014,.T.);
#4625 = ORIENTED_EDGE('',*,*,#4626,.F.);
#4626 = EDGE_CURVE('',#4627,#2008,#4629,.T.);
#4627 = VERTEX_POINT('',#4628);
#4628 = CARTESIAN_POINT('',(-2.358873972704,-0.510163427671,6.5100001));
#4629 = B_SPLINE_CURVE_WITH_KNOTS('',1,(#4630,#4631),.UNSPECIFIED.,.F.,
  .F.,(2,2),(0.,1.E-02),.PIECEWISE_BEZIER_KNOTS.);
#4630 = CARTESIAN_POINT('',(-2.358873972704,-0.510163427671,6.5100001));
#4631 = CARTESIAN_POINT('',(-2.358873972704,-0.510163427671,6.5000001));
#4632 = ORIENTED_EDGE('',*,*,#4633,.F.);
#4633 = EDGE_CURVE('',#4599,#4627,#4634,.T.);
#4634 = B_SPLINE_CURVE_WITH_KNOTS('',1,(#4635,#4636),.UNSPECIFIED.,.F.,
  .F.,(2,2),(-6.336423915001E-04,0.),.PIECEWISE_BEZIER_KNOTS.);
#4635 = CARTESIAN_POINT('',(-2.358873972704,-0.510797070062,6.5100001));
#4636 = CARTESIAN_POINT('',(-2.358873972704,-0.510163427671,6.5100001));
#4637 = ORIENTED_EDGE('',*,*,#4607,.T.);
#4638 = B_SPLINE_SURFACE_WITH_KNOTS('',1,1,(
    (#4639,#4640)
    ,(#4641,#4642
    )),.UNSPECIFIED.,.F.,.F.,.F.,(2,2),(2,2),(-6.336423915001E-04,
    2.918742317019E-16),(-4.998557105452E-34,1.E-02),
  .PIECEWISE_BEZIER_KNOTS.);
#4639 = CARTESIAN_POINT('',(-2.358873972704,-0.510797070062,6.5100001));
#4640 = CARTESIAN_POINT('',(-2.358873972704,-0.510797070062,6.5000001));
#4641 = CARTESIAN_POINT('',(-2.358873972704,-0.510163427671,6.5100001));
#4642 = CARTESIAN_POINT('',(-2.358873972704,-0.510163427671,6.5000001));
#4643 = ADVANCED_FACE('',(#4644),#4660,.F.);
#4644 = FACE_BOUND('',#4645,.T.);
#4645 = EDGE_LOOP('',(#4646,#4647,#4654,#4659));
#4646 = ORIENTED_EDGE('',*,*,#2007,.T.);
#4647 = ORIENTED_EDGE('',*,*,#4648,.F.);
#4648 = EDGE_CURVE('',#4649,#2001,#4651,.T.);
#4649 = VERTEX_POINT('',#4650);
#4650 = CARTESIAN_POINT('',(-2.347663376534,-0.507238924321,6.5100001));
#4651 = B_SPLINE_CURVE_WITH_KNOTS('',1,(#4652,#4653),.UNSPECIFIED.,.F.,
  .F.,(2,2),(0.,1.E-02),.PIECEWISE_BEZIER_KNOTS.);
#4652 = CARTESIAN_POINT('',(-2.347663376534,-0.507238924321,6.5100001));
#4653 = CARTESIAN_POINT('',(-2.347663376534,-0.507238924321,6.5000001));
#4654 = ORIENTED_EDGE('',*,*,#4655,.F.);
#4655 = EDGE_CURVE('',#4627,#4649,#4656,.T.);
#4656 = B_SPLINE_CURVE_WITH_KNOTS('',1,(#4657,#4658),.UNSPECIFIED.,.F.,
  .F.,(2,2),(-1.15857751719E-02,0.),.PIECEWISE_BEZIER_KNOTS.);
#4657 = CARTESIAN_POINT('',(-2.358873972704,-0.510163427671,6.5100001));
#4658 = CARTESIAN_POINT('',(-2.347663376534,-0.507238924321,6.5100001));
#4659 = ORIENTED_EDGE('',*,*,#4626,.T.);
#4660 = B_SPLINE_SURFACE_WITH_KNOTS('',1,1,(
    (#4661,#4662)
    ,(#4663,#4664
    )),.UNSPECIFIED.,.F.,.F.,.F.,(2,2),(2,2),(-1.15857751719E-02,
    2.243856338634E-16),(-1.871988958714E-17,1.E-02),
  .PIECEWISE_BEZIER_KNOTS.);
#4661 = CARTESIAN_POINT('',(-2.358873972704,-0.510163427671,6.5100001));
#4662 = CARTESIAN_POINT('',(-2.358873972704,-0.510163427671,6.5000001));
#4663 = CARTESIAN_POINT('',(-2.347663376534,-0.507238924321,6.5100001));
#4664 = CARTESIAN_POINT('',(-2.347663376534,-0.507238924321,6.5000001));
#4665 = ADVANCED_FACE('',(#4666),#4682,.F.);
#4666 = FACE_BOUND('',#4667,.T.);
#4667 = EDGE_LOOP('',(#4668,#4669,#4676,#4681));
#4668 = ORIENTED_EDGE('',*,*,#2000,.T.);
#4669 = ORIENTED_EDGE('',*,*,#4670,.F.);
#4670 = EDGE_CURVE('',#4671,#1994,#4673,.T.);
#4671 = VERTEX_POINT('',#4672);
#4672 = CARTESIAN_POINT('',(-2.245305759328,-0.471657466912,6.5100001));
#4673 = B_SPLINE_CURVE_WITH_KNOTS('',1,(#4674,#4675),.UNSPECIFIED.,.F.,
  .F.,(2,2),(0.,1.E-02),.PIECEWISE_BEZIER_KNOTS.);
#4674 = CARTESIAN_POINT('',(-2.245305759328,-0.471657466912,6.5100001));
#4675 = CARTESIAN_POINT('',(-2.245305759328,-0.471657466912,6.5000001));
#4676 = ORIENTED_EDGE('',*,*,#4677,.F.);
#4677 = EDGE_CURVE('',#4649,#4671,#4678,.T.);
#4678 = B_SPLINE_CURVE_WITH_KNOTS('',1,(#4679,#4680),.UNSPECIFIED.,.F.,
  .F.,(2,2),(-0.108365686042,0.),.PIECEWISE_BEZIER_KNOTS.);
#4679 = CARTESIAN_POINT('',(-2.347663376534,-0.507238924321,6.5100001));
#4680 = CARTESIAN_POINT('',(-2.245305759328,-0.471657466912,6.5100001));
#4681 = ORIENTED_EDGE('',*,*,#4648,.T.);
#4682 = B_SPLINE_SURFACE_WITH_KNOTS('',1,1,(
    (#4683,#4684)
    ,(#4685,#4686
    )),.UNSPECIFIED.,.F.,.F.,.F.,(2,2),(2,2),(-0.108365686042,
    4.462986351026E-17),(0.,1.E-02),.PIECEWISE_BEZIER_KNOTS.);
#4683 = CARTESIAN_POINT('',(-2.347663376534,-0.507238924321,6.5100001));
#4684 = CARTESIAN_POINT('',(-2.347663376534,-0.507238924321,6.5000001));
#4685 = CARTESIAN_POINT('',(-2.245305759328,-0.471657466912,6.5100001));
#4686 = CARTESIAN_POINT('',(-2.245305759328,-0.471657466912,6.5000001));
#4687 = ADVANCED_FACE('',(#4688),#4704,.F.);
#4688 = FACE_BOUND('',#4689,.T.);
#4689 = EDGE_LOOP('',(#4690,#4691,#4698,#4703));
#4690 = ORIENTED_EDGE('',*,*,#1993,.T.);
#4691 = ORIENTED_EDGE('',*,*,#4692,.F.);
#4692 = EDGE_CURVE('',#4693,#1987,#4695,.T.);
#4693 = VERTEX_POINT('',#4694);
#4694 = CARTESIAN_POINT('',(-2.245305759328,-0.444947002994,6.5100001));
#4695 = B_SPLINE_CURVE_WITH_KNOTS('',1,(#4696,#4697),.UNSPECIFIED.,.F.,
  .F.,(2,2),(0.,1.E-02),.PIECEWISE_BEZIER_KNOTS.);
#4696 = CARTESIAN_POINT('',(-2.245305759328,-0.444947002994,6.5100001));
#4697 = CARTESIAN_POINT('',(-2.245305759328,-0.444947002994,6.5000001));
#4698 = ORIENTED_EDGE('',*,*,#4699,.F.);
#4699 = EDGE_CURVE('',#4671,#4693,#4700,.T.);
#4700 = B_SPLINE_CURVE_WITH_KNOTS('',1,(#4701,#4702),.UNSPECIFIED.,.F.,
  .F.,(2,2),(-2.671046391843E-02,0.),.PIECEWISE_BEZIER_KNOTS.);
#4701 = CARTESIAN_POINT('',(-2.245305759328,-0.471657466912,6.5100001));
#4702 = CARTESIAN_POINT('',(-2.245305759328,-0.444947002994,6.5100001));
#4703 = ORIENTED_EDGE('',*,*,#4670,.T.);
#4704 = B_SPLINE_SURFACE_WITH_KNOTS('',1,1,(
    (#4705,#4706)
    ,(#4707,#4708
    )),.UNSPECIFIED.,.F.,.F.,.F.,(2,2),(2,2),(-2.671046391843E-02,0.),(
    -2.57571037204E-16,1.E-02),.PIECEWISE_BEZIER_KNOTS.);
#4705 = CARTESIAN_POINT('',(-2.245305759328,-0.471657466912,6.5100001));
#4706 = CARTESIAN_POINT('',(-2.245305759328,-0.471657466912,6.5000001));
#4707 = CARTESIAN_POINT('',(-2.245305759328,-0.444947002994,6.5100001));
#4708 = CARTESIAN_POINT('',(-2.245305759328,-0.444947002994,6.5000001));
#4709 = ADVANCED_FACE('',(#4710),#4726,.F.);
#4710 = FACE_BOUND('',#4711,.T.);
#4711 = EDGE_LOOP('',(#4712,#4713,#4720,#4725));
#4712 = ORIENTED_EDGE('',*,*,#1986,.T.);
#4713 = ORIENTED_EDGE('',*,*,#4714,.F.);
#4714 = EDGE_CURVE('',#4715,#1980,#4717,.T.);
#4715 = VERTEX_POINT('',#4716);
#4716 = CARTESIAN_POINT('',(-2.381197681598,-0.498367930831,6.5100001));
#4717 = B_SPLINE_CURVE_WITH_KNOTS('',1,(#4718,#4719),.UNSPECIFIED.,.F.,
  .F.,(2,2),(0.,1.E-02),.PIECEWISE_BEZIER_KNOTS.);
#4718 = CARTESIAN_POINT('',(-2.381197681598,-0.498367930831,6.5100001));
#4719 = CARTESIAN_POINT('',(-2.381197681598,-0.498367930831,6.5000001));
#4720 = ORIENTED_EDGE('',*,*,#4721,.F.);
#4721 = EDGE_CURVE('',#4693,#4715,#4722,.T.);
#4722 = B_SPLINE_CURVE_WITH_KNOTS('',1,(#4723,#4724),.UNSPECIFIED.,.F.,
  .F.,(2,2),(-0.146015102196,-0.),.PIECEWISE_BEZIER_KNOTS.);
#4723 = CARTESIAN_POINT('',(-2.245305759328,-0.444947002994,6.5100001));
#4724 = CARTESIAN_POINT('',(-2.381197681598,-0.498367930831,6.5100001));
#4725 = ORIENTED_EDGE('',*,*,#4692,.T.);
#4726 = B_SPLINE_SURFACE_WITH_KNOTS('',1,1,(
    (#4727,#4728)
    ,(#4729,#4730
    )),.UNSPECIFIED.,.F.,.F.,.F.,(2,2),(2,2),(-0.146015102196,
    9.74485571722E-17),(-1.439820071178E-32,1.E-02),
  .PIECEWISE_BEZIER_KNOTS.);
#4727 = CARTESIAN_POINT('',(-2.245305759328,-0.444947002994,6.5100001));
#4728 = CARTESIAN_POINT('',(-2.245305759328,-0.444947002994,6.5000001));
#4729 = CARTESIAN_POINT('',(-2.381197681598,-0.498367930831,6.5100001));
#4730 = CARTESIAN_POINT('',(-2.381197681598,-0.498367930831,6.5000001));
#4731 = ADVANCED_FACE('',(#4732),#4748,.F.);
#4732 = FACE_BOUND('',#4733,.T.);
#4733 = EDGE_LOOP('',(#4734,#4735,#4742,#4747));
#4734 = ORIENTED_EDGE('',*,*,#1979,.T.);
#4735 = ORIENTED_EDGE('',*,*,#4736,.F.);
#4736 = EDGE_CURVE('',#4737,#1971,#4739,.T.);
#4737 = VERTEX_POINT('',#4738);
#4738 = CARTESIAN_POINT('',(-2.405958476618,-0.487888460497,6.5100001));
#4739 = B_SPLINE_CURVE_WITH_KNOTS('',1,(#4740,#4741),.UNSPECIFIED.,.F.,
  .F.,(2,2),(0.,1.E-02),.PIECEWISE_BEZIER_KNOTS.);
#4740 = CARTESIAN_POINT('',(-2.405958476618,-0.487888460497,6.5100001));
#4741 = CARTESIAN_POINT('',(-2.405958476618,-0.487888460497,6.5000001));
#4742 = ORIENTED_EDGE('',*,*,#4743,.F.);
#4743 = EDGE_CURVE('',#4715,#4737,#4744,.T.);
#4744 = B_SPLINE_CURVE_WITH_KNOTS('',1,(#4745,#4746),.UNSPECIFIED.,.F.,
  .F.,(2,2),(-2.688710226981E-02,0.),.PIECEWISE_BEZIER_KNOTS.);
#4745 = CARTESIAN_POINT('',(-2.381197681598,-0.498367930831,6.5100001));
#4746 = CARTESIAN_POINT('',(-2.405958476618,-0.487888460497,6.5100001));
#4747 = ORIENTED_EDGE('',*,*,#4714,.T.);
#4748 = B_SPLINE_SURFACE_WITH_KNOTS('',1,1,(
    (#4749,#4750)
    ,(#4751,#4752
    )),.UNSPECIFIED.,.F.,.F.,.F.,(2,2),(2,2),(-2.688710226981E-02,
    3.773439647658E-17),(0.,1.E-02),.PIECEWISE_BEZIER_KNOTS.);
#4749 = CARTESIAN_POINT('',(-2.381197681598,-0.498367930831,6.5100001));
#4750 = CARTESIAN_POINT('',(-2.381197681598,-0.498367930831,6.5000001));
#4751 = CARTESIAN_POINT('',(-2.405958476618,-0.487888460497,6.5100001));
#4752 = CARTESIAN_POINT('',(-2.405958476618,-0.487888460497,6.5000001));
#4753 = ADVANCED_FACE('',(#4754),#4772,.F.);
#4754 = FACE_BOUND('',#4755,.F.);
#4755 = EDGE_LOOP('',(#4756,#4757,#4766,#4771));
#4756 = ORIENTED_EDGE('',*,*,#4736,.F.);
#4757 = ORIENTED_EDGE('',*,*,#4758,.T.);
#4758 = EDGE_CURVE('',#4737,#4759,#4761,.T.);
#4759 = VERTEX_POINT('',#4760);
#4760 = CARTESIAN_POINT('',(-2.425162715275,-0.463420115813,6.5100001));
#4761 = B_SPLINE_CURVE_WITH_KNOTS('',3,(#4762,#4763,#4764,#4765),
  .UNSPECIFIED.,.F.,.F.,(4,4),(5.,6.),.PIECEWISE_BEZIER_KNOTS.);
#4762 = CARTESIAN_POINT('',(-2.405958476618,-0.487888460497,6.5100001));
#4763 = CARTESIAN_POINT('',(-2.418826291352,-0.482478129302,6.5100001));
#4764 = CARTESIAN_POINT('',(-2.425162715275,-0.474338261649,6.5100001));
#4765 = CARTESIAN_POINT('',(-2.425162715275,-0.463420115813,6.5100001));
#4766 = ORIENTED_EDGE('',*,*,#4767,.T.);
#4767 = EDGE_CURVE('',#4759,#1962,#4768,.T.);
#4768 = B_SPLINE_CURVE_WITH_KNOTS('',1,(#4769,#4770),.UNSPECIFIED.,.F.,
  .F.,(2,2),(0.,1.E-02),.PIECEWISE_BEZIER_KNOTS.);
#4769 = CARTESIAN_POINT('',(-2.425162715275,-0.463420115813,6.5100001));
#4770 = CARTESIAN_POINT('',(-2.425162715275,-0.463420115813,6.5000001));
#4771 = ORIENTED_EDGE('',*,*,#1970,.F.);
#4772 = B_SPLINE_SURFACE_WITH_KNOTS('',3,1,(
    (#4773,#4774)
    ,(#4775,#4776)
    ,(#4777,#4778)
    ,(#4779,#4780
    )),.UNSPECIFIED.,.F.,.F.,.F.,(4,4),(2,2),(5.,6.),(0.,1.),
  .PIECEWISE_BEZIER_KNOTS.);
#4773 = CARTESIAN_POINT('',(-2.405958476618,-0.487888460497,6.5100001));
#4774 = CARTESIAN_POINT('',(-2.405958476618,-0.487888460497,6.5000001));
#4775 = CARTESIAN_POINT('',(-2.418826291352,-0.482478129302,6.5100001));
#4776 = CARTESIAN_POINT('',(-2.418826291352,-0.482478129302,6.5000001));
#4777 = CARTESIAN_POINT('',(-2.425162715275,-0.474338261649,6.5100001));
#4778 = CARTESIAN_POINT('',(-2.425162715275,-0.474338261649,6.5000001));
#4779 = CARTESIAN_POINT('',(-2.425162715275,-0.463420115813,6.5100001));
#4780 = CARTESIAN_POINT('',(-2.425162715275,-0.463420115813,6.5000001));
#4781 = ADVANCED_FACE('',(#4782),#4800,.F.);
#4782 = FACE_BOUND('',#4783,.F.);
#4783 = EDGE_LOOP('',(#4784,#4785,#4794,#4799));
#4784 = ORIENTED_EDGE('',*,*,#4767,.F.);
#4785 = ORIENTED_EDGE('',*,*,#4786,.T.);
#4786 = EDGE_CURVE('',#4759,#4787,#4789,.T.);
#4787 = VERTEX_POINT('',#4788);
#4788 = CARTESIAN_POINT('',(-2.422433178815,-0.449869916964,6.5100001));
#4789 = B_SPLINE_CURVE_WITH_KNOTS('',3,(#4790,#4791,#4792,#4793),
  .UNSPECIFIED.,.F.,.F.,(4,4),(4.,5.),.PIECEWISE_BEZIER_KNOTS.);
#4790 = CARTESIAN_POINT('',(-2.425162715275,-0.463420115813,6.5100001));
#4791 = CARTESIAN_POINT('',(-2.425162715275,-0.45903336079,6.5100001));
#4792 = CARTESIAN_POINT('',(-2.42428536427,-0.454549122322,6.5100001));
#4793 = CARTESIAN_POINT('',(-2.422433178815,-0.449869916964,6.5100001));
#4794 = ORIENTED_EDGE('',*,*,#4795,.T.);
#4795 = EDGE_CURVE('',#4787,#1955,#4796,.T.);
#4796 = B_SPLINE_CURVE_WITH_KNOTS('',1,(#4797,#4798),.UNSPECIFIED.,.F.,
  .F.,(2,2),(0.,1.E-02),.PIECEWISE_BEZIER_KNOTS.);
#4797 = CARTESIAN_POINT('',(-2.422433178815,-0.449869916964,6.5100001));
#4798 = CARTESIAN_POINT('',(-2.422433178815,-0.449869916964,6.5000001));
#4799 = ORIENTED_EDGE('',*,*,#1961,.F.);
#4800 = B_SPLINE_SURFACE_WITH_KNOTS('',3,1,(
    (#4801,#4802)
    ,(#4803,#4804)
    ,(#4805,#4806)
    ,(#4807,#4808
    )),.UNSPECIFIED.,.F.,.F.,.F.,(4,4),(2,2),(4.,5.),(0.,1.),
  .PIECEWISE_BEZIER_KNOTS.);
#4801 = CARTESIAN_POINT('',(-2.425162715275,-0.463420115813,6.5100001));
#4802 = CARTESIAN_POINT('',(-2.425162715275,-0.463420115813,6.5000001));
#4803 = CARTESIAN_POINT('',(-2.425162715275,-0.45903336079,6.5100001));
#4804 = CARTESIAN_POINT('',(-2.425162715275,-0.45903336079,6.5000001));
#4805 = CARTESIAN_POINT('',(-2.42428536427,-0.454549122322,6.5100001));
#4806 = CARTESIAN_POINT('',(-2.42428536427,-0.454549122322,6.5000001));
#4807 = CARTESIAN_POINT('',(-2.422433178815,-0.449869916964,6.5100001));
#4808 = CARTESIAN_POINT('',(-2.422433178815,-0.449869916964,6.5000001));
#4809 = ADVANCED_FACE('',(#4810),#4826,.F.);
#4810 = FACE_BOUND('',#4811,.T.);
#4811 = EDGE_LOOP('',(#4812,#4813,#4820,#4825));
#4812 = ORIENTED_EDGE('',*,*,#1954,.T.);
#4813 = ORIENTED_EDGE('',*,*,#4814,.F.);
#4814 = EDGE_CURVE('',#4815,#1946,#4817,.T.);
#4815 = VERTEX_POINT('',#4816);
#4816 = CARTESIAN_POINT('',(-2.443684569816,-0.449869916964,6.5100001));
#4817 = B_SPLINE_CURVE_WITH_KNOTS('',1,(#4818,#4819),.UNSPECIFIED.,.F.,
  .F.,(2,2),(0.,1.E-02),.PIECEWISE_BEZIER_KNOTS.);
#4818 = CARTESIAN_POINT('',(-2.443684569816,-0.449869916964,6.5100001));
#4819 = CARTESIAN_POINT('',(-2.443684569816,-0.449869916964,6.5000001));
#4820 = ORIENTED_EDGE('',*,*,#4821,.F.);
#4821 = EDGE_CURVE('',#4787,#4815,#4822,.T.);
#4822 = B_SPLINE_CURVE_WITH_KNOTS('',1,(#4823,#4824),.UNSPECIFIED.,.F.,
  .F.,(2,2),(-2.125139100118E-02,0.),.PIECEWISE_BEZIER_KNOTS.);
#4823 = CARTESIAN_POINT('',(-2.422433178815,-0.449869916964,6.5100001));
#4824 = CARTESIAN_POINT('',(-2.443684569816,-0.449869916964,6.5100001));
#4825 = ORIENTED_EDGE('',*,*,#4795,.T.);
#4826 = B_SPLINE_SURFACE_WITH_KNOTS('',1,1,(
    (#4827,#4828)
    ,(#4829,#4830
    )),.UNSPECIFIED.,.F.,.F.,.F.,(2,2),(2,2),(-2.125139100118E-02,0.),(
    -3.69890374745E-16,1.E-02),.PIECEWISE_BEZIER_KNOTS.);
#4827 = CARTESIAN_POINT('',(-2.422433178815,-0.449869916964,6.5100001));
#4828 = CARTESIAN_POINT('',(-2.422433178815,-0.449869916964,6.5000001));
#4829 = CARTESIAN_POINT('',(-2.443684569816,-0.449869916964,6.5100001));
#4830 = CARTESIAN_POINT('',(-2.443684569816,-0.449869916964,6.5000001));
#4831 = ADVANCED_FACE('',(#4832),#4850,.F.);
#4832 = FACE_BOUND('',#4833,.F.);
#4833 = EDGE_LOOP('',(#4834,#4835,#4844,#4849));
#4834 = ORIENTED_EDGE('',*,*,#4814,.F.);
#4835 = ORIENTED_EDGE('',*,*,#4836,.T.);
#4836 = EDGE_CURVE('',#4815,#4837,#4839,.T.);
#4837 = VERTEX_POINT('',#4838);
#4838 = CARTESIAN_POINT('',(-2.445634238716,-0.465272301268,6.5100001));
#4839 = B_SPLINE_CURVE_WITH_KNOTS('',3,(#4840,#4841,#4842,#4843),
  .UNSPECIFIED.,.F.,.F.,(4,4),(2.,3.),.PIECEWISE_BEZIER_KNOTS.);
#4840 = CARTESIAN_POINT('',(-2.443684569816,-0.449869916964,6.5100001));
#4841 = CARTESIAN_POINT('',(-2.444951854601,-0.45411044682,6.5100001));
#4842 = CARTESIAN_POINT('',(-2.445634238716,-0.459277069402,6.5100001));
#4843 = CARTESIAN_POINT('',(-2.445634238716,-0.465272301268,6.5100001));
#4844 = ORIENTED_EDGE('',*,*,#4845,.T.);
#4845 = EDGE_CURVE('',#4837,#1937,#4846,.T.);
#4846 = B_SPLINE_CURVE_WITH_KNOTS('',1,(#4847,#4848),.UNSPECIFIED.,.F.,
  .F.,(2,2),(0.,1.E-02),.PIECEWISE_BEZIER_KNOTS.);
#4847 = CARTESIAN_POINT('',(-2.445634238716,-0.465272301268,6.5100001));
#4848 = CARTESIAN_POINT('',(-2.445634238716,-0.465272301268,6.5000001));
#4849 = ORIENTED_EDGE('',*,*,#1945,.F.);
#4850 = B_SPLINE_SURFACE_WITH_KNOTS('',3,1,(
    (#4851,#4852)
    ,(#4853,#4854)
    ,(#4855,#4856)
    ,(#4857,#4858
    )),.UNSPECIFIED.,.F.,.F.,.F.,(4,4),(2,2),(2.,3.),(0.,1.),
  .PIECEWISE_BEZIER_KNOTS.);
#4851 = CARTESIAN_POINT('',(-2.443684569816,-0.449869916964,6.5100001));
#4852 = CARTESIAN_POINT('',(-2.443684569816,-0.449869916964,6.5000001));
#4853 = CARTESIAN_POINT('',(-2.444951854601,-0.45411044682,6.5100001));
#4854 = CARTESIAN_POINT('',(-2.444951854601,-0.45411044682,6.5000001));
#4855 = CARTESIAN_POINT('',(-2.445634238716,-0.459277069402,6.5100001));
#4856 = CARTESIAN_POINT('',(-2.445634238716,-0.459277069402,6.5000001));
#4857 = CARTESIAN_POINT('',(-2.445634238716,-0.465272301268,6.5100001));
#4858 = CARTESIAN_POINT('',(-2.445634238716,-0.465272301268,6.5000001));
#4859 = ADVANCED_FACE('',(#4860),#4878,.F.);
#4860 = FACE_BOUND('',#4861,.F.);
#4861 = EDGE_LOOP('',(#4862,#4863,#4872,#4877));
#4862 = ORIENTED_EDGE('',*,*,#4845,.F.);
#4863 = ORIENTED_EDGE('',*,*,#4864,.T.);
#4864 = EDGE_CURVE('',#4837,#4865,#4867,.T.);
#4865 = VERTEX_POINT('',#4866);
#4866 = CARTESIAN_POINT('',(-2.402059138819,-0.513867798579,6.5100001));
#4867 = B_SPLINE_CURVE_WITH_KNOTS('',3,(#4868,#4869,#4870,#4871),
  .UNSPECIFIED.,.F.,.F.,(4,4),(1.,2.),.PIECEWISE_BEZIER_KNOTS.);
#4868 = CARTESIAN_POINT('',(-2.445634238716,-0.465272301268,6.5100001));
#4869 = CARTESIAN_POINT('',(-2.445634238716,-0.486182500211,6.5100001));
#4870 = CARTESIAN_POINT('',(-2.431109205417,-0.502364752074,6.5100001));
#4871 = CARTESIAN_POINT('',(-2.402059138819,-0.513867798579,6.5100001));
#4872 = ORIENTED_EDGE('',*,*,#4873,.T.);
#4873 = EDGE_CURVE('',#4865,#1930,#4874,.T.);
#4874 = B_SPLINE_CURVE_WITH_KNOTS('',1,(#4875,#4876),.UNSPECIFIED.,.F.,
  .F.,(2,2),(0.,1.E-02),.PIECEWISE_BEZIER_KNOTS.);
#4875 = CARTESIAN_POINT('',(-2.402059138819,-0.513867798579,6.5100001));
#4876 = CARTESIAN_POINT('',(-2.402059138819,-0.513867798579,6.5000001));
#4877 = ORIENTED_EDGE('',*,*,#1936,.F.);
#4878 = B_SPLINE_SURFACE_WITH_KNOTS('',3,1,(
    (#4879,#4880)
    ,(#4881,#4882)
    ,(#4883,#4884)
    ,(#4885,#4886
    )),.UNSPECIFIED.,.F.,.F.,.F.,(4,4),(2,2),(1.,2.),(0.,1.),
  .PIECEWISE_BEZIER_KNOTS.);
#4879 = CARTESIAN_POINT('',(-2.445634238716,-0.465272301268,6.5100001));
#4880 = CARTESIAN_POINT('',(-2.445634238716,-0.465272301268,6.5000001));
#4881 = CARTESIAN_POINT('',(-2.445634238716,-0.486182500211,6.5100001));
#4882 = CARTESIAN_POINT('',(-2.445634238716,-0.486182500211,6.5000001));
#4883 = CARTESIAN_POINT('',(-2.431109205417,-0.502364752074,6.5100001));
#4884 = CARTESIAN_POINT('',(-2.431109205417,-0.502364752074,6.5000001));
#4885 = CARTESIAN_POINT('',(-2.402059138819,-0.513867798579,6.5100001));
#4886 = CARTESIAN_POINT('',(-2.402059138819,-0.513867798579,6.5000001));
#4887 = ADVANCED_FACE('',(#4888),#4904,.F.);
#4888 = FACE_BOUND('',#4889,.T.);
#4889 = EDGE_LOOP('',(#4890,#4891,#4898,#4903));
#4890 = ORIENTED_EDGE('',*,*,#1929,.T.);
#4891 = ORIENTED_EDGE('',*,*,#4892,.F.);
#4892 = EDGE_CURVE('',#4893,#1923,#4895,.T.);
#4893 = VERTEX_POINT('',#4894);
#4894 = CARTESIAN_POINT('',(-2.245305759328,-0.575672302681,6.5100001));
#4895 = B_SPLINE_CURVE_WITH_KNOTS('',1,(#4896,#4897),.UNSPECIFIED.,.F.,
  .F.,(2,2),(0.,1.E-02),.PIECEWISE_BEZIER_KNOTS.);
#4896 = CARTESIAN_POINT('',(-2.245305759328,-0.575672302681,6.5100001));
#4897 = CARTESIAN_POINT('',(-2.245305759328,-0.575672302681,6.5000001));
#4898 = ORIENTED_EDGE('',*,*,#4899,.F.);
#4899 = EDGE_CURVE('',#4865,#4893,#4900,.T.);
#4900 = B_SPLINE_CURVE_WITH_KNOTS('',1,(#4901,#4902),.UNSPECIFIED.,.F.,
  .F.,(2,2),(-0.168497533244,0.),.PIECEWISE_BEZIER_KNOTS.);
#4901 = CARTESIAN_POINT('',(-2.402059138819,-0.513867798579,6.5100001));
#4902 = CARTESIAN_POINT('',(-2.245305759328,-0.575672302681,6.5100001));
#4903 = ORIENTED_EDGE('',*,*,#4873,.T.);
#4904 = B_SPLINE_SURFACE_WITH_KNOTS('',1,1,(
    (#4905,#4906)
    ,(#4907,#4908
    )),.UNSPECIFIED.,.F.,.F.,.F.,(2,2),(2,2),(-0.168497533244,
    4.466785357496E-18),(-9.070162505512E-17,1.E-02),
  .PIECEWISE_BEZIER_KNOTS.);
#4905 = CARTESIAN_POINT('',(-2.402059138819,-0.513867798579,6.5100001));
#4906 = CARTESIAN_POINT('',(-2.402059138819,-0.513867798579,6.5000001));
#4907 = CARTESIAN_POINT('',(-2.245305759328,-0.575672302681,6.5100001));
#4908 = CARTESIAN_POINT('',(-2.245305759328,-0.575672302681,6.5000001));
#4909 = ADVANCED_FACE('',(#4910),#4926,.F.);
#4910 = FACE_BOUND('',#4911,.T.);
#4911 = EDGE_LOOP('',(#4912,#4913,#4920,#4925));
#4912 = ORIENTED_EDGE('',*,*,#1922,.T.);
#4913 = ORIENTED_EDGE('',*,*,#4914,.F.);
#4914 = EDGE_CURVE('',#4915,#1916,#4917,.T.);
#4915 = VERTEX_POINT('',#4916);
#4916 = CARTESIAN_POINT('',(-2.245305759328,-0.550911507663,6.5100001));
#4917 = B_SPLINE_CURVE_WITH_KNOTS('',1,(#4918,#4919),.UNSPECIFIED.,.F.,
  .F.,(2,2),(0.,1.E-02),.PIECEWISE_BEZIER_KNOTS.);
#4918 = CARTESIAN_POINT('',(-2.245305759328,-0.550911507663,6.5100001));
#4919 = CARTESIAN_POINT('',(-2.245305759328,-0.550911507663,6.5000001));
#4920 = ORIENTED_EDGE('',*,*,#4921,.F.);
#4921 = EDGE_CURVE('',#4893,#4915,#4922,.T.);
#4922 = B_SPLINE_CURVE_WITH_KNOTS('',1,(#4923,#4924),.UNSPECIFIED.,.F.,
  .F.,(2,2),(-2.476079501825E-02,0.),.PIECEWISE_BEZIER_KNOTS.);
#4923 = CARTESIAN_POINT('',(-2.245305759328,-0.575672302681,6.5100001));
#4924 = CARTESIAN_POINT('',(-2.245305759328,-0.550911507663,6.5100001));
#4925 = ORIENTED_EDGE('',*,*,#4892,.T.);
#4926 = B_SPLINE_SURFACE_WITH_KNOTS('',1,1,(
    (#4927,#4928)
    ,(#4929,#4930
    )),.UNSPECIFIED.,.F.,.F.,.F.,(2,2),(2,2),(-2.476079501825E-02,0.),(
    0.,1.E-02),.PIECEWISE_BEZIER_KNOTS.);
#4927 = CARTESIAN_POINT('',(-2.245305759328,-0.575672302681,6.5100001));
#4928 = CARTESIAN_POINT('',(-2.245305759328,-0.575672302681,6.5000001));
#4929 = CARTESIAN_POINT('',(-2.245305759328,-0.550911507663,6.5100001));
#4930 = CARTESIAN_POINT('',(-2.245305759328,-0.550911507663,6.5000001));
#4931 = ADVANCED_FACE('',(#4932),#4942,.F.);
#4932 = FACE_BOUND('',#4933,.T.);
#4933 = EDGE_LOOP('',(#4934,#4935,#4936,#4941));
#4934 = ORIENTED_EDGE('',*,*,#1915,.T.);
#4935 = ORIENTED_EDGE('',*,*,#4591,.F.);
#4936 = ORIENTED_EDGE('',*,*,#4937,.F.);
#4937 = EDGE_CURVE('',#4915,#4592,#4938,.T.);
#4938 = B_SPLINE_CURVE_WITH_KNOTS('',1,(#4939,#4940),.UNSPECIFIED.,.F.,
  .F.,(2,2),(-0.109087688188,0.),.PIECEWISE_BEZIER_KNOTS.);
#4939 = CARTESIAN_POINT('',(-2.245305759328,-0.550911507663,6.5100001));
#4940 = CARTESIAN_POINT('',(-2.347858343423,-0.513721573411,6.5100001));
#4941 = ORIENTED_EDGE('',*,*,#4914,.T.);
#4942 = B_SPLINE_SURFACE_WITH_KNOTS('',1,1,(
    (#4943,#4944)
    ,(#4945,#4946
    )),.UNSPECIFIED.,.F.,.F.,.F.,(2,2),(2,2),(-0.109087688188,0.),(
    -2.704220632158E-16,1.E-02),.PIECEWISE_BEZIER_KNOTS.);
#4943 = CARTESIAN_POINT('',(-2.245305759328,-0.550911507663,6.5100001));
#4944 = CARTESIAN_POINT('',(-2.245305759328,-0.550911507663,6.5000001));
#4945 = CARTESIAN_POINT('',(-2.347858343423,-0.513721573411,6.5100001));
#4946 = CARTESIAN_POINT('',(-2.347858343423,-0.513721573411,6.5000001));
#4947 = ADVANCED_FACE('',(#4948),#4965,.T.);
#4948 = FACE_BOUND('',#4949,.T.);
#4949 = EDGE_LOOP('',(#4950,#4951,#4952,#4953,#4954,#4955,#4956,#4957,
    #4958,#4959,#4960,#4961,#4962,#4963,#4964));
#4950 = ORIENTED_EDGE('',*,*,#4598,.T.);
#4951 = ORIENTED_EDGE('',*,*,#4633,.T.);
#4952 = ORIENTED_EDGE('',*,*,#4655,.T.);
#4953 = ORIENTED_EDGE('',*,*,#4677,.T.);
#4954 = ORIENTED_EDGE('',*,*,#4699,.T.);
#4955 = ORIENTED_EDGE('',*,*,#4721,.T.);
#4956 = ORIENTED_EDGE('',*,*,#4743,.T.);
#4957 = ORIENTED_EDGE('',*,*,#4758,.T.);
#4958 = ORIENTED_EDGE('',*,*,#4786,.T.);
#4959 = ORIENTED_EDGE('',*,*,#4821,.T.);
#4960 = ORIENTED_EDGE('',*,*,#4836,.T.);
#4961 = ORIENTED_EDGE('',*,*,#4864,.T.);
#4962 = ORIENTED_EDGE('',*,*,#4899,.T.);
#4963 = ORIENTED_EDGE('',*,*,#4921,.T.);
#4964 = ORIENTED_EDGE('',*,*,#4937,.T.);
#4965 = B_SPLINE_SURFACE_WITH_KNOTS('',1,1,(
    (#4966,#4967)
    ,(#4968,#4969
    )),.UNSPECIFIED.,.F.,.F.,.F.,(2,2),(2,2),(-0.108901193448,
    9.142728594E-02),(-6.694675582438E-02,6.37785438633E-02),
  .PIECEWISE_BEZIER_KNOTS.);
#4966 = CARTESIAN_POINT('',(-2.245305759328,-0.444947002994,6.5100001));
#4967 = CARTESIAN_POINT('',(-2.245305759328,-0.575672302681,6.5100001));
#4968 = CARTESIAN_POINT('',(-2.445634238716,-0.444947002994,6.5100001));
#4969 = CARTESIAN_POINT('',(-2.445634238716,-0.575672302681,6.5100001));
#4970 = ADVANCED_FACE('',(#4971),#4995,.F.);
#4971 = FACE_BOUND('',#4972,.F.);
#4972 = EDGE_LOOP('',(#4973,#4980,#4989,#4994));
#4973 = ORIENTED_EDGE('',*,*,#4974,.F.);
#4974 = EDGE_CURVE('',#4975,#1629,#4977,.T.);
#4975 = VERTEX_POINT('',#4976);
#4976 = CARTESIAN_POINT('',(-2.384707085617,-0.377488459083,6.5100001));
#4977 = B_SPLINE_CURVE_WITH_KNOTS('',1,(#4978,#4979),.UNSPECIFIED.,.F.,
  .F.,(2,2),(0.,1.E-02),.PIECEWISE_BEZIER_KNOTS.);
#4978 = CARTESIAN_POINT('',(-2.384707085617,-0.377488459083,6.5100001));
#4979 = CARTESIAN_POINT('',(-2.384707085617,-0.377488459083,6.5000001));
#4980 = ORIENTED_EDGE('',*,*,#4981,.T.);
#4981 = EDGE_CURVE('',#4975,#4982,#4984,.T.);
#4982 = VERTEX_POINT('',#4983);
#4983 = CARTESIAN_POINT('',(-2.373886423227,-0.417164221181,6.5100001));
#4984 = B_SPLINE_CURVE_WITH_KNOTS('',3,(#4985,#4986,#4987,#4988),
  .UNSPECIFIED.,.F.,.F.,(4,4),(18.,19.),.PIECEWISE_BEZIER_KNOTS.);
#4985 = CARTESIAN_POINT('',(-2.384707085617,-0.377488459083,6.5100001));
#4986 = CARTESIAN_POINT('',(-2.384707085617,-0.393719452669,6.5100001));
#4987 = CARTESIAN_POINT('',(-2.381100198154,-0.406977201183,6.5100001));
#4988 = CARTESIAN_POINT('',(-2.373886423227,-0.417164221181,6.5100001));
#4989 = ORIENTED_EDGE('',*,*,#4990,.T.);
#4990 = EDGE_CURVE('',#4982,#1631,#4991,.T.);
#4991 = B_SPLINE_CURVE_WITH_KNOTS('',1,(#4992,#4993),.UNSPECIFIED.,.F.,
  .F.,(2,2),(0.,1.E-02),.PIECEWISE_BEZIER_KNOTS.);
#4992 = CARTESIAN_POINT('',(-2.373886423227,-0.417164221181,6.5100001));
#4993 = CARTESIAN_POINT('',(-2.373886423227,-0.417164221181,6.5000001));
#4994 = ORIENTED_EDGE('',*,*,#1628,.F.);
#4995 = B_SPLINE_SURFACE_WITH_KNOTS('',3,1,(
    (#4996,#4997)
    ,(#4998,#4999)
    ,(#5000,#5001)
    ,(#5002,#5003
    )),.UNSPECIFIED.,.F.,.F.,.F.,(4,4),(2,2),(18.,19.),(0.,1.),
  .PIECEWISE_BEZIER_KNOTS.);
#4996 = CARTESIAN_POINT('',(-2.384707085617,-0.377488459083,6.5100001));
#4997 = CARTESIAN_POINT('',(-2.384707085617,-0.377488459083,6.5000001));
#4998 = CARTESIAN_POINT('',(-2.384707085617,-0.393719452669,6.5100001));
#4999 = CARTESIAN_POINT('',(-2.384707085617,-0.393719452669,6.5000001));
#5000 = CARTESIAN_POINT('',(-2.381100198154,-0.406977201183,6.5100001));
#5001 = CARTESIAN_POINT('',(-2.381100198154,-0.406977201183,6.5000001));
#5002 = CARTESIAN_POINT('',(-2.373886423227,-0.417164221181,6.5100001));
#5003 = CARTESIAN_POINT('',(-2.373886423227,-0.417164221181,6.5000001));
#5004 = ADVANCED_FACE('',(#5005),#5023,.F.);
#5005 = FACE_BOUND('',#5006,.F.);
#5006 = EDGE_LOOP('',(#5007,#5008,#5017,#5022));
#5007 = ORIENTED_EDGE('',*,*,#4990,.F.);
#5008 = ORIENTED_EDGE('',*,*,#5009,.T.);
#5009 = EDGE_CURVE('',#4982,#5010,#5012,.T.);
#5010 = VERTEX_POINT('',#5011);
#5011 = CARTESIAN_POINT('',(-2.34444642285,-0.432517863762,6.5100001));
#5012 = B_SPLINE_CURVE_WITH_KNOTS('',3,(#5013,#5014,#5015,#5016),
  .UNSPECIFIED.,.F.,.F.,(4,4),(17.,18.),.PIECEWISE_BEZIER_KNOTS.);
#5013 = CARTESIAN_POINT('',(-2.373886423227,-0.417164221181,6.5100001));
#5014 = CARTESIAN_POINT('',(-2.366770131744,-0.427399982901,6.5100001));
#5015 = CARTESIAN_POINT('',(-2.356924303804,-0.432517863762,6.5100001));
#5016 = CARTESIAN_POINT('',(-2.34444642285,-0.432517863762,6.5100001));
#5017 = ORIENTED_EDGE('',*,*,#5018,.T.);
#5018 = EDGE_CURVE('',#5010,#1798,#5019,.T.);
#5019 = B_SPLINE_CURVE_WITH_KNOTS('',1,(#5020,#5021),.UNSPECIFIED.,.F.,
  .F.,(2,2),(0.,1.E-02),.PIECEWISE_BEZIER_KNOTS.);
#5020 = CARTESIAN_POINT('',(-2.34444642285,-0.432517863762,6.5100001));
#5021 = CARTESIAN_POINT('',(-2.34444642285,-0.432517863762,6.5000001));
#5022 = ORIENTED_EDGE('',*,*,#1806,.F.);
#5023 = B_SPLINE_SURFACE_WITH_KNOTS('',3,1,(
    (#5024,#5025)
    ,(#5026,#5027)
    ,(#5028,#5029)
    ,(#5030,#5031
    )),.UNSPECIFIED.,.F.,.F.,.F.,(4,4),(2,2),(17.,18.),(0.,1.),
  .PIECEWISE_BEZIER_KNOTS.);
#5024 = CARTESIAN_POINT('',(-2.373886423227,-0.417164221181,6.5100001));
#5025 = CARTESIAN_POINT('',(-2.373886423227,-0.417164221181,6.5000001));
#5026 = CARTESIAN_POINT('',(-2.366770131744,-0.427399982901,6.5100001));
#5027 = CARTESIAN_POINT('',(-2.366770131744,-0.427399982901,6.5000001));
#5028 = CARTESIAN_POINT('',(-2.356924303804,-0.432517863762,6.5100001));
#5029 = CARTESIAN_POINT('',(-2.356924303804,-0.432517863762,6.5000001));
#5030 = CARTESIAN_POINT('',(-2.34444642285,-0.432517863762,6.5100001));
#5031 = CARTESIAN_POINT('',(-2.34444642285,-0.432517863762,6.5000001));
#5032 = ADVANCED_FACE('',(#5033),#5051,.F.);
#5033 = FACE_BOUND('',#5034,.F.);
#5034 = EDGE_LOOP('',(#5035,#5036,#5045,#5050));
#5035 = ORIENTED_EDGE('',*,*,#5018,.F.);
#5036 = ORIENTED_EDGE('',*,*,#5037,.T.);
#5037 = EDGE_CURVE('',#5010,#5038,#5040,.T.);
#5038 = VERTEX_POINT('',#5039);
#5039 = CARTESIAN_POINT('',(-2.321927747064,-0.424524221275,6.5100001));
#5040 = B_SPLINE_CURVE_WITH_KNOTS('',3,(#5041,#5042,#5043,#5044),
  .UNSPECIFIED.,.F.,.F.,(4,4),(16.,17.),.PIECEWISE_BEZIER_KNOTS.);
#5041 = CARTESIAN_POINT('',(-2.34444642285,-0.432517863762,6.5100001));
#5042 = CARTESIAN_POINT('',(-2.335477945914,-0.432517863762,6.5100001));
#5043 = CARTESIAN_POINT('',(-2.327971720651,-0.429837069025,6.5100001));
#5044 = CARTESIAN_POINT('',(-2.321927747064,-0.424524221275,6.5100001));
#5045 = ORIENTED_EDGE('',*,*,#5046,.T.);
#5046 = EDGE_CURVE('',#5038,#1789,#5047,.T.);
#5047 = B_SPLINE_CURVE_WITH_KNOTS('',1,(#5048,#5049),.UNSPECIFIED.,.F.,
  .F.,(2,2),(0.,1.E-02),.PIECEWISE_BEZIER_KNOTS.);
#5048 = CARTESIAN_POINT('',(-2.321927747064,-0.424524221275,6.5100001));
#5049 = CARTESIAN_POINT('',(-2.321927747064,-0.424524221275,6.5000001));
#5050 = ORIENTED_EDGE('',*,*,#1797,.F.);
#5051 = B_SPLINE_SURFACE_WITH_KNOTS('',3,1,(
    (#5052,#5053)
    ,(#5054,#5055)
    ,(#5056,#5057)
    ,(#5058,#5059
    )),.UNSPECIFIED.,.F.,.F.,.F.,(4,4),(2,2),(16.,17.),(0.,1.),
  .PIECEWISE_BEZIER_KNOTS.);
#5052 = CARTESIAN_POINT('',(-2.34444642285,-0.432517863762,6.5100001));
#5053 = CARTESIAN_POINT('',(-2.34444642285,-0.432517863762,6.5000001));
#5054 = CARTESIAN_POINT('',(-2.335477945914,-0.432517863762,6.5100001));
#5055 = CARTESIAN_POINT('',(-2.335477945914,-0.432517863762,6.5000001));
#5056 = CARTESIAN_POINT('',(-2.327971720651,-0.429837069025,6.5100001));
#5057 = CARTESIAN_POINT('',(-2.327971720651,-0.429837069025,6.5000001));
#5058 = CARTESIAN_POINT('',(-2.321927747064,-0.424524221275,6.5100001));
#5059 = CARTESIAN_POINT('',(-2.321927747064,-0.424524221275,6.5000001));
#5060 = ADVANCED_FACE('',(#5061),#5079,.F.);
#5061 = FACE_BOUND('',#5062,.F.);
#5062 = EDGE_LOOP('',(#5063,#5064,#5073,#5078));
#5063 = ORIENTED_EDGE('',*,*,#5046,.F.);
#5064 = ORIENTED_EDGE('',*,*,#5065,.T.);
#5065 = EDGE_CURVE('',#5038,#5066,#5068,.T.);
#5066 = VERTEX_POINT('',#5067);
#5067 = CARTESIAN_POINT('',(-2.304283243528,-0.393719452669,6.5100001));
#5068 = B_SPLINE_CURVE_WITH_KNOTS('',3,(#5069,#5070,#5071,#5072),
  .UNSPECIFIED.,.F.,.F.,(4,4),(15.,16.),.PIECEWISE_BEZIER_KNOTS.);
#5069 = CARTESIAN_POINT('',(-2.321927747064,-0.424524221275,6.5100001));
#5070 = CARTESIAN_POINT('',(-2.315883773477,-0.419162631803,6.5100001));
#5071 = CARTESIAN_POINT('',(-2.309937283335,-0.408926870082,6.5100001));
#5072 = CARTESIAN_POINT('',(-2.304283243528,-0.393719452669,6.5100001));
#5073 = ORIENTED_EDGE('',*,*,#5074,.T.);
#5074 = EDGE_CURVE('',#5066,#1780,#5075,.T.);
#5075 = B_SPLINE_CURVE_WITH_KNOTS('',1,(#5076,#5077),.UNSPECIFIED.,.F.,
  .F.,(2,2),(0.,1.E-02),.PIECEWISE_BEZIER_KNOTS.);
#5076 = CARTESIAN_POINT('',(-2.304283243528,-0.393719452669,6.5100001));
#5077 = CARTESIAN_POINT('',(-2.304283243528,-0.393719452669,6.5000001));
#5078 = ORIENTED_EDGE('',*,*,#1788,.F.);
#5079 = B_SPLINE_SURFACE_WITH_KNOTS('',3,1,(
    (#5080,#5081)
    ,(#5082,#5083)
    ,(#5084,#5085)
    ,(#5086,#5087
    )),.UNSPECIFIED.,.F.,.F.,.F.,(4,4),(2,2),(15.,16.),(0.,1.),
  .PIECEWISE_BEZIER_KNOTS.);
#5080 = CARTESIAN_POINT('',(-2.321927747064,-0.424524221275,6.5100001));
#5081 = CARTESIAN_POINT('',(-2.321927747064,-0.424524221275,6.5000001));
#5082 = CARTESIAN_POINT('',(-2.315883773477,-0.419162631803,6.5100001));
#5083 = CARTESIAN_POINT('',(-2.315883773477,-0.419162631803,6.5000001));
#5084 = CARTESIAN_POINT('',(-2.309937283335,-0.408926870082,6.5100001));
#5085 = CARTESIAN_POINT('',(-2.309937283335,-0.408926870082,6.5000001));
#5086 = CARTESIAN_POINT('',(-2.304283243528,-0.393719452669,6.5100001));
#5087 = CARTESIAN_POINT('',(-2.304283243528,-0.393719452669,6.5000001));
#5088 = ADVANCED_FACE('',(#5089),#5107,.F.);
#5089 = FACE_BOUND('',#5090,.F.);
#5090 = EDGE_LOOP('',(#5091,#5092,#5101,#5106));
#5091 = ORIENTED_EDGE('',*,*,#5074,.F.);
#5092 = ORIENTED_EDGE('',*,*,#5093,.T.);
#5093 = EDGE_CURVE('',#5066,#5094,#5096,.T.);
#5094 = VERTEX_POINT('',#5095);
#5095 = CARTESIAN_POINT('',(-2.292585230132,-0.370518392769,6.5100001));
#5096 = B_SPLINE_CURVE_WITH_KNOTS('',3,(#5097,#5098,#5099,#5100),
  .UNSPECIFIED.,.F.,.F.,(4,4),(14.,15.),.PIECEWISE_BEZIER_KNOTS.);
#5097 = CARTESIAN_POINT('',(-2.304283243528,-0.393719452669,6.5100001));
#5098 = CARTESIAN_POINT('',(-2.29960403817,-0.381728988939,6.5100001));
#5099 = CARTESIAN_POINT('',(-2.295704700371,-0.374027796788,6.5100001));
#5100 = CARTESIAN_POINT('',(-2.292585230132,-0.370518392769,6.5100001));
#5101 = ORIENTED_EDGE('',*,*,#5102,.T.);
#5102 = EDGE_CURVE('',#5094,#1771,#5103,.T.);
#5103 = B_SPLINE_CURVE_WITH_KNOTS('',1,(#5104,#5105),.UNSPECIFIED.,.F.,
  .F.,(2,2),(0.,1.E-02),.PIECEWISE_BEZIER_KNOTS.);
#5104 = CARTESIAN_POINT('',(-2.292585230132,-0.370518392769,6.5100001));
#5105 = CARTESIAN_POINT('',(-2.292585230132,-0.370518392769,6.5000001));
#5106 = ORIENTED_EDGE('',*,*,#1779,.F.);
#5107 = B_SPLINE_SURFACE_WITH_KNOTS('',3,1,(
    (#5108,#5109)
    ,(#5110,#5111)
    ,(#5112,#5113)
    ,(#5114,#5115
    )),.UNSPECIFIED.,.F.,.F.,.F.,(4,4),(2,2),(14.,15.),(0.,1.),
  .PIECEWISE_BEZIER_KNOTS.);
#5108 = CARTESIAN_POINT('',(-2.304283243528,-0.393719452669,6.5100001));
#5109 = CARTESIAN_POINT('',(-2.304283243528,-0.393719452669,6.5000001));
#5110 = CARTESIAN_POINT('',(-2.29960403817,-0.381728988939,6.5100001));
#5111 = CARTESIAN_POINT('',(-2.29960403817,-0.381728988939,6.5000001));
#5112 = CARTESIAN_POINT('',(-2.295704700371,-0.374027796788,6.5100001));
#5113 = CARTESIAN_POINT('',(-2.295704700371,-0.374027796788,6.5000001));
#5114 = CARTESIAN_POINT('',(-2.292585230132,-0.370518392769,6.5100001));
#5115 = CARTESIAN_POINT('',(-2.292585230132,-0.370518392769,6.5000001));
#5116 = ADVANCED_FACE('',(#5117),#5135,.F.);
#5117 = FACE_BOUND('',#5118,.F.);
#5118 = EDGE_LOOP('',(#5119,#5120,#5129,#5134));
#5119 = ORIENTED_EDGE('',*,*,#5102,.F.);
#5120 = ORIENTED_EDGE('',*,*,#5121,.T.);
#5121 = EDGE_CURVE('',#5094,#5122,#5124,.T.);
#5122 = VERTEX_POINT('',#5123);
#5123 = CARTESIAN_POINT('',(-2.279912382287,-0.365303028463,6.5100001));
#5124 = B_SPLINE_CURVE_WITH_KNOTS('',3,(#5125,#5126,#5127,#5128),
  .UNSPECIFIED.,.F.,.F.,(4,4),(13.,14.),.PIECEWISE_BEZIER_KNOTS.);
#5125 = CARTESIAN_POINT('',(-2.292585230132,-0.370518392769,6.5100001));
#5126 = CARTESIAN_POINT('',(-2.289563243339,-0.367057730473,6.5100001));
#5127 = CARTESIAN_POINT('',(-2.285371455205,-0.365303028463,6.5100001));
#5128 = CARTESIAN_POINT('',(-2.279912382287,-0.365303028463,6.5100001));
#5129 = ORIENTED_EDGE('',*,*,#5130,.T.);
#5130 = EDGE_CURVE('',#5122,#1762,#5131,.T.);
#5131 = B_SPLINE_CURVE_WITH_KNOTS('',1,(#5132,#5133),.UNSPECIFIED.,.F.,
  .F.,(2,2),(0.,1.E-02),.PIECEWISE_BEZIER_KNOTS.);
#5132 = CARTESIAN_POINT('',(-2.279912382287,-0.365303028463,6.5100001));
#5133 = CARTESIAN_POINT('',(-2.279912382287,-0.365303028463,6.5000001));
#5134 = ORIENTED_EDGE('',*,*,#1770,.F.);
#5135 = B_SPLINE_SURFACE_WITH_KNOTS('',3,1,(
    (#5136,#5137)
    ,(#5138,#5139)
    ,(#5140,#5141)
    ,(#5142,#5143
    )),.UNSPECIFIED.,.F.,.F.,.F.,(4,4),(2,2),(13.,14.),(0.,1.),
  .PIECEWISE_BEZIER_KNOTS.);
#5136 = CARTESIAN_POINT('',(-2.292585230132,-0.370518392769,6.5100001));
#5137 = CARTESIAN_POINT('',(-2.292585230132,-0.370518392769,6.5000001));
#5138 = CARTESIAN_POINT('',(-2.289563243339,-0.367057730473,6.5100001));
#5139 = CARTESIAN_POINT('',(-2.289563243339,-0.367057730473,6.5000001));
#5140 = CARTESIAN_POINT('',(-2.285371455205,-0.365303028463,6.5100001));
#5141 = CARTESIAN_POINT('',(-2.285371455205,-0.365303028463,6.5000001));
#5142 = CARTESIAN_POINT('',(-2.279912382287,-0.365303028463,6.5100001));
#5143 = CARTESIAN_POINT('',(-2.279912382287,-0.365303028463,6.5000001));
#5144 = ADVANCED_FACE('',(#5145),#5163,.F.);
#5145 = FACE_BOUND('',#5146,.F.);
#5146 = EDGE_LOOP('',(#5147,#5148,#5157,#5162));
#5147 = ORIENTED_EDGE('',*,*,#5130,.F.);
#5148 = ORIENTED_EDGE('',*,*,#5149,.T.);
#5149 = EDGE_CURVE('',#5122,#5150,#5152,.T.);
#5150 = VERTEX_POINT('',#5151);
#5151 = CARTESIAN_POINT('',(-2.266654633774,-0.372565545113,6.5100001));
#5152 = B_SPLINE_CURVE_WITH_KNOTS('',3,(#5153,#5154,#5155,#5156),
  .UNSPECIFIED.,.F.,.F.,(4,4),(12.,13.),.PIECEWISE_BEZIER_KNOTS.);
#5153 = CARTESIAN_POINT('',(-2.279912382287,-0.365303028463,6.5100001));
#5154 = CARTESIAN_POINT('',(-2.274453309371,-0.365303028463,6.5100001));
#5155 = CARTESIAN_POINT('',(-2.269969070903,-0.367740114588,6.5100001));
#5156 = CARTESIAN_POINT('',(-2.266654633774,-0.372565545113,6.5100001));
#5157 = ORIENTED_EDGE('',*,*,#5158,.T.);
#5158 = EDGE_CURVE('',#5150,#1753,#5159,.T.);
#5159 = B_SPLINE_CURVE_WITH_KNOTS('',1,(#5160,#5161),.UNSPECIFIED.,.F.,
  .F.,(2,2),(0.,1.E-02),.PIECEWISE_BEZIER_KNOTS.);
#5160 = CARTESIAN_POINT('',(-2.266654633774,-0.372565545113,6.5100001));
#5161 = CARTESIAN_POINT('',(-2.266654633774,-0.372565545113,6.5000001));
#5162 = ORIENTED_EDGE('',*,*,#1761,.F.);
#5163 = B_SPLINE_SURFACE_WITH_KNOTS('',3,1,(
    (#5164,#5165)
    ,(#5166,#5167)
    ,(#5168,#5169)
    ,(#5170,#5171
    )),.UNSPECIFIED.,.F.,.F.,.F.,(4,4),(2,2),(12.,13.),(0.,1.),
  .PIECEWISE_BEZIER_KNOTS.);
#5164 = CARTESIAN_POINT('',(-2.279912382287,-0.365303028463,6.5100001));
#5165 = CARTESIAN_POINT('',(-2.279912382287,-0.365303028463,6.5000001));
#5166 = CARTESIAN_POINT('',(-2.274453309371,-0.365303028463,6.5100001));
#5167 = CARTESIAN_POINT('',(-2.274453309371,-0.365303028463,6.5000001));
#5168 = CARTESIAN_POINT('',(-2.269969070903,-0.367740114588,6.5100001));
#5169 = CARTESIAN_POINT('',(-2.269969070903,-0.367740114588,6.5000001));
#5170 = CARTESIAN_POINT('',(-2.266654633774,-0.372565545113,6.5100001));
#5171 = CARTESIAN_POINT('',(-2.266654633774,-0.372565545113,6.5000001));
#5172 = ADVANCED_FACE('',(#5173),#5191,.F.);
#5173 = FACE_BOUND('',#5174,.F.);
#5174 = EDGE_LOOP('',(#5175,#5176,#5185,#5190));
#5175 = ORIENTED_EDGE('',*,*,#5158,.F.);
#5176 = ORIENTED_EDGE('',*,*,#5177,.T.);
#5177 = EDGE_CURVE('',#5150,#5178,#5180,.T.);
#5178 = VERTEX_POINT('',#5179);
#5179 = CARTESIAN_POINT('',(-2.261585494636,-0.39137984999,6.5100001));
#5180 = B_SPLINE_CURVE_WITH_KNOTS('',3,(#5181,#5182,#5183,#5184),
  .UNSPECIFIED.,.F.,.F.,(4,4),(11.,12.),.PIECEWISE_BEZIER_KNOTS.);
#5181 = CARTESIAN_POINT('',(-2.266654633774,-0.372565545113,6.5100001));
#5182 = CARTESIAN_POINT('',(-2.263242713201,-0.377390975638,6.5100001));
#5183 = CARTESIAN_POINT('',(-2.261585494636,-0.383678657838,6.5100001));
#5184 = CARTESIAN_POINT('',(-2.261585494636,-0.39137984999,6.5100001));
#5185 = ORIENTED_EDGE('',*,*,#5186,.T.);
#5186 = EDGE_CURVE('',#5178,#1744,#5187,.T.);
#5187 = B_SPLINE_CURVE_WITH_KNOTS('',1,(#5188,#5189),.UNSPECIFIED.,.F.,
  .F.,(2,2),(0.,1.E-02),.PIECEWISE_BEZIER_KNOTS.);
#5188 = CARTESIAN_POINT('',(-2.261585494636,-0.39137984999,6.5100001));
#5189 = CARTESIAN_POINT('',(-2.261585494636,-0.39137984999,6.5000001));
#5190 = ORIENTED_EDGE('',*,*,#1752,.F.);
#5191 = B_SPLINE_SURFACE_WITH_KNOTS('',3,1,(
    (#5192,#5193)
    ,(#5194,#5195)
    ,(#5196,#5197)
    ,(#5198,#5199
    )),.UNSPECIFIED.,.F.,.F.,.F.,(4,4),(2,2),(11.,12.),(0.,1.),
  .PIECEWISE_BEZIER_KNOTS.);
#5192 = CARTESIAN_POINT('',(-2.266654633774,-0.372565545113,6.5100001));
#5193 = CARTESIAN_POINT('',(-2.266654633774,-0.372565545113,6.5000001));
#5194 = CARTESIAN_POINT('',(-2.263242713201,-0.377390975638,6.5100001));
#5195 = CARTESIAN_POINT('',(-2.263242713201,-0.377390975638,6.5000001));
#5196 = CARTESIAN_POINT('',(-2.261585494636,-0.383678657838,6.5100001));
#5197 = CARTESIAN_POINT('',(-2.261585494636,-0.383678657838,6.5000001));
#5198 = CARTESIAN_POINT('',(-2.261585494636,-0.39137984999,6.5100001));
#5199 = CARTESIAN_POINT('',(-2.261585494636,-0.39137984999,6.5000001));
#5200 = ADVANCED_FACE('',(#5201),#5219,.F.);
#5201 = FACE_BOUND('',#5202,.F.);
#5202 = EDGE_LOOP('',(#5203,#5204,#5213,#5218));
#5203 = ORIENTED_EDGE('',*,*,#5186,.F.);
#5204 = ORIENTED_EDGE('',*,*,#5205,.T.);
#5205 = EDGE_CURVE('',#5178,#5206,#5208,.T.);
#5206 = VERTEX_POINT('',#5207);
#5207 = CARTESIAN_POINT('',(-2.271431322577,-0.42598647295,6.5100001));
#5208 = B_SPLINE_CURVE_WITH_KNOTS('',3,(#5209,#5210,#5211,#5212),
  .UNSPECIFIED.,.F.,.F.,(4,4),(10.,11.),.PIECEWISE_BEZIER_KNOTS.);
#5209 = CARTESIAN_POINT('',(-2.261585494636,-0.39137984999,6.5100001));
#5210 = CARTESIAN_POINT('',(-2.261585494636,-0.404296406447,6.5100001));
#5211 = CARTESIAN_POINT('',(-2.264899931764,-0.415799452952,6.5100001));
#5212 = CARTESIAN_POINT('',(-2.271431322577,-0.42598647295,6.5100001));
#5213 = ORIENTED_EDGE('',*,*,#5214,.T.);
#5214 = EDGE_CURVE('',#5206,#1737,#5215,.T.);
#5215 = B_SPLINE_CURVE_WITH_KNOTS('',1,(#5216,#5217),.UNSPECIFIED.,.F.,
  .F.,(2,2),(0.,1.E-02),.PIECEWISE_BEZIER_KNOTS.);
#5216 = CARTESIAN_POINT('',(-2.271431322577,-0.42598647295,6.5100001));
#5217 = CARTESIAN_POINT('',(-2.271431322577,-0.42598647295,6.5000001));
#5218 = ORIENTED_EDGE('',*,*,#1743,.F.);
#5219 = B_SPLINE_SURFACE_WITH_KNOTS('',3,1,(
    (#5220,#5221)
    ,(#5222,#5223)
    ,(#5224,#5225)
    ,(#5226,#5227
    )),.UNSPECIFIED.,.F.,.F.,.F.,(4,4),(2,2),(10.,11.),(0.,1.),
  .PIECEWISE_BEZIER_KNOTS.);
#5220 = CARTESIAN_POINT('',(-2.261585494636,-0.39137984999,6.5100001));
#5221 = CARTESIAN_POINT('',(-2.261585494636,-0.39137984999,6.5000001));
#5222 = CARTESIAN_POINT('',(-2.261585494636,-0.404296406447,6.5100001));
#5223 = CARTESIAN_POINT('',(-2.261585494636,-0.404296406447,6.5000001));
#5224 = CARTESIAN_POINT('',(-2.264899931764,-0.415799452952,6.5100001));
#5225 = CARTESIAN_POINT('',(-2.264899931764,-0.415799452952,6.5000001));
#5226 = CARTESIAN_POINT('',(-2.271431322577,-0.42598647295,6.5100001));
#5227 = CARTESIAN_POINT('',(-2.271431322577,-0.42598647295,6.5000001));
#5228 = ADVANCED_FACE('',(#5229),#5245,.F.);
#5229 = FACE_BOUND('',#5230,.T.);
#5230 = EDGE_LOOP('',(#5231,#5232,#5239,#5244));
#5231 = ORIENTED_EDGE('',*,*,#1736,.T.);
#5232 = ORIENTED_EDGE('',*,*,#5233,.F.);
#5233 = EDGE_CURVE('',#5234,#1728,#5236,.T.);
#5234 = VERTEX_POINT('',#5235);
#5235 = CARTESIAN_POINT('',(-2.248230262677,-0.42598647295,6.5100001));
#5236 = B_SPLINE_CURVE_WITH_KNOTS('',1,(#5237,#5238),.UNSPECIFIED.,.F.,
  .F.,(2,2),(0.,1.E-02),.PIECEWISE_BEZIER_KNOTS.);
#5237 = CARTESIAN_POINT('',(-2.248230262677,-0.42598647295,6.5100001));
#5238 = CARTESIAN_POINT('',(-2.248230262677,-0.42598647295,6.5000001));
#5239 = ORIENTED_EDGE('',*,*,#5240,.F.);
#5240 = EDGE_CURVE('',#5206,#5234,#5241,.T.);
#5241 = B_SPLINE_CURVE_WITH_KNOTS('',1,(#5242,#5243),.UNSPECIFIED.,.F.,
  .F.,(2,2),(-2.32010598994E-02,0.),.PIECEWISE_BEZIER_KNOTS.);
#5242 = CARTESIAN_POINT('',(-2.271431322577,-0.42598647295,6.5100001));
#5243 = CARTESIAN_POINT('',(-2.248230262677,-0.42598647295,6.5100001));
#5244 = ORIENTED_EDGE('',*,*,#5214,.T.);
#5245 = B_SPLINE_SURFACE_WITH_KNOTS('',1,1,(
    (#5246,#5247)
    ,(#5248,#5249
    )),.UNSPECIFIED.,.F.,.F.,.F.,(2,2),(2,2),(-2.32010598994E-02,
    7.610748907408E-17),(-8.100606768015E-17,1.E-02),
  .PIECEWISE_BEZIER_KNOTS.);
#5246 = CARTESIAN_POINT('',(-2.271431322577,-0.42598647295,6.5100001));
#5247 = CARTESIAN_POINT('',(-2.271431322577,-0.42598647295,6.5000001));
#5248 = CARTESIAN_POINT('',(-2.248230262677,-0.42598647295,6.5100001));
#5249 = CARTESIAN_POINT('',(-2.248230262677,-0.42598647295,6.5000001));
#5250 = ADVANCED_FACE('',(#5251),#5269,.F.);
#5251 = FACE_BOUND('',#5252,.F.);
#5252 = EDGE_LOOP('',(#5253,#5254,#5263,#5268));
#5253 = ORIENTED_EDGE('',*,*,#5233,.F.);
#5254 = ORIENTED_EDGE('',*,*,#5255,.T.);
#5255 = EDGE_CURVE('',#5234,#5256,#5258,.T.);
#5256 = VERTEX_POINT('',#5257);
#5257 = CARTESIAN_POINT('',(-2.242186289089,-0.393719452669,6.5100001));
#5258 = B_SPLINE_CURVE_WITH_KNOTS('',3,(#5259,#5260,#5261,#5262),
  .UNSPECIFIED.,.F.,.F.,(4,4),(8.,9.),.PIECEWISE_BEZIER_KNOTS.);
#5259 = CARTESIAN_POINT('',(-2.248230262677,-0.42598647295,6.5100001));
#5260 = CARTESIAN_POINT('',(-2.244135957989,-0.416043161564,6.5100001));
#5261 = CARTESIAN_POINT('',(-2.242186289089,-0.405319982618,6.5100001));
#5262 = CARTESIAN_POINT('',(-2.242186289089,-0.393719452669,6.5100001));
#5263 = ORIENTED_EDGE('',*,*,#5264,.T.);
#5264 = EDGE_CURVE('',#5256,#1719,#5265,.T.);
#5265 = B_SPLINE_CURVE_WITH_KNOTS('',1,(#5266,#5267),.UNSPECIFIED.,.F.,
  .F.,(2,2),(0.,1.E-02),.PIECEWISE_BEZIER_KNOTS.);
#5266 = CARTESIAN_POINT('',(-2.242186289089,-0.393719452669,6.5100001));
#5267 = CARTESIAN_POINT('',(-2.242186289089,-0.393719452669,6.5000001));
#5268 = ORIENTED_EDGE('',*,*,#1727,.F.);
#5269 = B_SPLINE_SURFACE_WITH_KNOTS('',3,1,(
    (#5270,#5271)
    ,(#5272,#5273)
    ,(#5274,#5275)
    ,(#5276,#5277
    )),.UNSPECIFIED.,.F.,.F.,.F.,(4,4),(2,2),(8.,9.),(0.,1.),
  .PIECEWISE_BEZIER_KNOTS.);
#5270 = CARTESIAN_POINT('',(-2.248230262677,-0.42598647295,6.5100001));
#5271 = CARTESIAN_POINT('',(-2.248230262677,-0.42598647295,6.5000001));
#5272 = CARTESIAN_POINT('',(-2.244135957989,-0.416043161564,6.5100001));
#5273 = CARTESIAN_POINT('',(-2.244135957989,-0.416043161564,6.5000001));
#5274 = CARTESIAN_POINT('',(-2.242186289089,-0.405319982618,6.5100001));
#5275 = CARTESIAN_POINT('',(-2.242186289089,-0.405319982618,6.5000001));
#5276 = CARTESIAN_POINT('',(-2.242186289089,-0.393719452669,6.5100001));
#5277 = CARTESIAN_POINT('',(-2.242186289089,-0.393719452669,6.5000001));
#5278 = ADVANCED_FACE('',(#5279),#5297,.F.);
#5279 = FACE_BOUND('',#5280,.F.);
#5280 = EDGE_LOOP('',(#5281,#5282,#5291,#5296));
#5281 = ORIENTED_EDGE('',*,*,#5264,.F.);
#5282 = ORIENTED_EDGE('',*,*,#5283,.T.);
#5283 = EDGE_CURVE('',#5256,#5284,#5286,.T.);
#5284 = VERTEX_POINT('',#5285);
#5285 = CARTESIAN_POINT('',(-2.25300695148,-0.35599335947,6.5100001));
#5286 = B_SPLINE_CURVE_WITH_KNOTS('',3,(#5287,#5288,#5289,#5290),
  .UNSPECIFIED.,.F.,.F.,(4,4),(7.,8.),.PIECEWISE_BEZIER_KNOTS.);
#5287 = CARTESIAN_POINT('',(-2.242186289089,-0.393719452669,6.5100001));
#5288 = CARTESIAN_POINT('',(-2.242186289089,-0.37880448559,6.5100001));
#5289 = CARTESIAN_POINT('',(-2.245793176552,-0.366229121191,6.5100001));
#5290 = CARTESIAN_POINT('',(-2.25300695148,-0.35599335947,6.5100001));
#5291 = ORIENTED_EDGE('',*,*,#5292,.T.);
#5292 = EDGE_CURVE('',#5284,#1710,#5293,.T.);
#5293 = B_SPLINE_CURVE_WITH_KNOTS('',1,(#5294,#5295),.UNSPECIFIED.,.F.,
  .F.,(2,2),(0.,1.E-02),.PIECEWISE_BEZIER_KNOTS.);
#5294 = CARTESIAN_POINT('',(-2.25300695148,-0.35599335947,6.5100001));
#5295 = CARTESIAN_POINT('',(-2.25300695148,-0.35599335947,6.5000001));
#5296 = ORIENTED_EDGE('',*,*,#1718,.F.);
#5297 = B_SPLINE_SURFACE_WITH_KNOTS('',3,1,(
    (#5298,#5299)
    ,(#5300,#5301)
    ,(#5302,#5303)
    ,(#5304,#5305
    )),.UNSPECIFIED.,.F.,.F.,.F.,(4,4),(2,2),(7.,8.),(0.,1.),
  .PIECEWISE_BEZIER_KNOTS.);
#5298 = CARTESIAN_POINT('',(-2.242186289089,-0.393719452669,6.5100001));
#5299 = CARTESIAN_POINT('',(-2.242186289089,-0.393719452669,6.5000001));
#5300 = CARTESIAN_POINT('',(-2.242186289089,-0.37880448559,6.5100001));
#5301 = CARTESIAN_POINT('',(-2.242186289089,-0.37880448559,6.5000001));
#5302 = CARTESIAN_POINT('',(-2.245793176552,-0.366229121191,6.5100001));
#5303 = CARTESIAN_POINT('',(-2.245793176552,-0.366229121191,6.5000001));
#5304 = CARTESIAN_POINT('',(-2.25300695148,-0.35599335947,6.5100001));
#5305 = CARTESIAN_POINT('',(-2.25300695148,-0.35599335947,6.5000001));
#5306 = ADVANCED_FACE('',(#5307),#5325,.F.);
#5307 = FACE_BOUND('',#5308,.F.);
#5308 = EDGE_LOOP('',(#5309,#5310,#5319,#5324));
#5309 = ORIENTED_EDGE('',*,*,#5292,.F.);
#5310 = ORIENTED_EDGE('',*,*,#5311,.T.);
#5311 = EDGE_CURVE('',#5284,#5312,#5314,.T.);
#5312 = VERTEX_POINT('',#5313);
#5313 = CARTESIAN_POINT('',(-2.282057018077,-0.340688458612,6.5100001));
#5314 = B_SPLINE_CURVE_WITH_KNOTS('',3,(#5315,#5316,#5317,#5318),
  .UNSPECIFIED.,.F.,.F.,(4,4),(6.,7.),.PIECEWISE_BEZIER_KNOTS.);
#5315 = CARTESIAN_POINT('',(-2.25300695148,-0.35599335947,6.5100001));
#5316 = CARTESIAN_POINT('',(-2.260318209851,-0.345806339472,6.5100001));
#5317 = CARTESIAN_POINT('',(-2.269969070903,-0.340688458612,6.5100001));
#5318 = CARTESIAN_POINT('',(-2.282057018077,-0.340688458612,6.5100001));
#5319 = ORIENTED_EDGE('',*,*,#5320,.T.);
#5320 = EDGE_CURVE('',#5312,#1701,#5321,.T.);
#5321 = B_SPLINE_CURVE_WITH_KNOTS('',1,(#5322,#5323),.UNSPECIFIED.,.F.,
  .F.,(2,2),(0.,1.E-02),.PIECEWISE_BEZIER_KNOTS.);
#5322 = CARTESIAN_POINT('',(-2.282057018077,-0.340688458612,6.5100001));
#5323 = CARTESIAN_POINT('',(-2.282057018077,-0.340688458612,6.5000001));
#5324 = ORIENTED_EDGE('',*,*,#1709,.F.);
#5325 = B_SPLINE_SURFACE_WITH_KNOTS('',3,1,(
    (#5326,#5327)
    ,(#5328,#5329)
    ,(#5330,#5331)
    ,(#5332,#5333
    )),.UNSPECIFIED.,.F.,.F.,.F.,(4,4),(2,2),(6.,7.),(0.,1.),
  .PIECEWISE_BEZIER_KNOTS.);
#5326 = CARTESIAN_POINT('',(-2.25300695148,-0.35599335947,6.5100001));
#5327 = CARTESIAN_POINT('',(-2.25300695148,-0.35599335947,6.5000001));
#5328 = CARTESIAN_POINT('',(-2.260318209851,-0.345806339472,6.5100001));
#5329 = CARTESIAN_POINT('',(-2.260318209851,-0.345806339472,6.5000001));
#5330 = CARTESIAN_POINT('',(-2.269969070903,-0.340688458612,6.5100001));
#5331 = CARTESIAN_POINT('',(-2.269969070903,-0.340688458612,6.5000001));
#5332 = CARTESIAN_POINT('',(-2.282057018077,-0.340688458612,6.5100001));
#5333 = CARTESIAN_POINT('',(-2.282057018077,-0.340688458612,6.5000001));
#5334 = ADVANCED_FACE('',(#5335),#5353,.F.);
#5335 = FACE_BOUND('',#5336,.F.);
#5336 = EDGE_LOOP('',(#5337,#5338,#5347,#5352));
#5337 = ORIENTED_EDGE('',*,*,#5320,.F.);
#5338 = ORIENTED_EDGE('',*,*,#5339,.T.);
#5339 = EDGE_CURVE('',#5312,#5340,#5342,.T.);
#5340 = VERTEX_POINT('',#5341);
#5341 = CARTESIAN_POINT('',(-2.303600859412,-0.347463558036,6.5100001));
#5342 = B_SPLINE_CURVE_WITH_KNOTS('',3,(#5343,#5344,#5345,#5346),
  .UNSPECIFIED.,.F.,.F.,(4,4),(5.,6.),.PIECEWISE_BEZIER_KNOTS.);
#5343 = CARTESIAN_POINT('',(-2.282057018077,-0.340688458612,6.5100001));
#5344 = CARTESIAN_POINT('',(-2.290440594344,-0.340688458612,6.5100001));
#5345 = CARTESIAN_POINT('',(-2.29765436927,-0.342930577846,6.5100001));
#5346 = CARTESIAN_POINT('',(-2.303600859412,-0.347463558036,6.5100001));
#5347 = ORIENTED_EDGE('',*,*,#5348,.T.);
#5348 = EDGE_CURVE('',#5340,#1692,#5349,.T.);
#5349 = B_SPLINE_CURVE_WITH_KNOTS('',1,(#5350,#5351),.UNSPECIFIED.,.F.,
  .F.,(2,2),(0.,1.E-02),.PIECEWISE_BEZIER_KNOTS.);
#5350 = CARTESIAN_POINT('',(-2.303600859412,-0.347463558036,6.5100001));
#5351 = CARTESIAN_POINT('',(-2.303600859412,-0.347463558036,6.5000001));
#5352 = ORIENTED_EDGE('',*,*,#1700,.F.);
#5353 = B_SPLINE_SURFACE_WITH_KNOTS('',3,1,(
    (#5354,#5355)
    ,(#5356,#5357)
    ,(#5358,#5359)
    ,(#5360,#5361
    )),.UNSPECIFIED.,.F.,.F.,.F.,(4,4),(2,2),(5.,6.),(0.,1.),
  .PIECEWISE_BEZIER_KNOTS.);
#5354 = CARTESIAN_POINT('',(-2.282057018077,-0.340688458612,6.5100001));
#5355 = CARTESIAN_POINT('',(-2.282057018077,-0.340688458612,6.5000001));
#5356 = CARTESIAN_POINT('',(-2.290440594344,-0.340688458612,6.5100001));
#5357 = CARTESIAN_POINT('',(-2.290440594344,-0.340688458612,6.5000001));
#5358 = CARTESIAN_POINT('',(-2.29765436927,-0.342930577846,6.5100001));
#5359 = CARTESIAN_POINT('',(-2.29765436927,-0.342930577846,6.5000001));
#5360 = CARTESIAN_POINT('',(-2.303600859412,-0.347463558036,6.5100001));
#5361 = CARTESIAN_POINT('',(-2.303600859412,-0.347463558036,6.5000001));
#5362 = ADVANCED_FACE('',(#5363),#5381,.F.);
#5363 = FACE_BOUND('',#5364,.F.);
#5364 = EDGE_LOOP('',(#5365,#5366,#5375,#5380));
#5365 = ORIENTED_EDGE('',*,*,#5348,.F.);
#5366 = ORIENTED_EDGE('',*,*,#5367,.T.);
#5367 = EDGE_CURVE('',#5340,#5368,#5370,.T.);
#5368 = VERTEX_POINT('',#5369);
#5369 = CARTESIAN_POINT('',(-2.32163529673,-0.376854816691,6.5100001));
#5370 = B_SPLINE_CURVE_WITH_KNOTS('',3,(#5371,#5372,#5373,#5374),
  .UNSPECIFIED.,.F.,.F.,(4,4),(4.,5.),.PIECEWISE_BEZIER_KNOTS.);
#5371 = CARTESIAN_POINT('',(-2.303600859412,-0.347463558036,6.5100001));
#5372 = CARTESIAN_POINT('',(-2.309547349555,-0.351947796504,6.5100001));
#5373 = CARTESIAN_POINT('',(-2.315591323143,-0.361793624445,6.5100001));
#5374 = CARTESIAN_POINT('',(-2.32163529673,-0.376854816691,6.5100001));
#5375 = ORIENTED_EDGE('',*,*,#5376,.T.);
#5376 = EDGE_CURVE('',#5368,#1683,#5377,.T.);
#5377 = B_SPLINE_CURVE_WITH_KNOTS('',1,(#5378,#5379),.UNSPECIFIED.,.F.,
  .F.,(2,2),(0.,1.E-02),.PIECEWISE_BEZIER_KNOTS.);
#5378 = CARTESIAN_POINT('',(-2.32163529673,-0.376854816691,6.5100001));
#5379 = CARTESIAN_POINT('',(-2.32163529673,-0.376854816691,6.5000001));
#5380 = ORIENTED_EDGE('',*,*,#1691,.F.);
#5381 = B_SPLINE_SURFACE_WITH_KNOTS('',3,1,(
    (#5382,#5383)
    ,(#5384,#5385)
    ,(#5386,#5387)
    ,(#5388,#5389
    )),.UNSPECIFIED.,.F.,.F.,.F.,(4,4),(2,2),(4.,5.),(0.,1.),
  .PIECEWISE_BEZIER_KNOTS.);
#5382 = CARTESIAN_POINT('',(-2.303600859412,-0.347463558036,6.5100001));
#5383 = CARTESIAN_POINT('',(-2.303600859412,-0.347463558036,6.5000001));
#5384 = CARTESIAN_POINT('',(-2.309547349555,-0.351947796504,6.5100001));
#5385 = CARTESIAN_POINT('',(-2.309547349555,-0.351947796504,6.5000001));
#5386 = CARTESIAN_POINT('',(-2.315591323143,-0.361793624445,6.5100001));
#5387 = CARTESIAN_POINT('',(-2.315591323143,-0.361793624445,6.5000001));
#5388 = CARTESIAN_POINT('',(-2.32163529673,-0.376854816691,6.5100001));
#5389 = CARTESIAN_POINT('',(-2.32163529673,-0.376854816691,6.5000001));
#5390 = ADVANCED_FACE('',(#5391),#5409,.F.);
#5391 = FACE_BOUND('',#5392,.F.);
#5392 = EDGE_LOOP('',(#5393,#5394,#5403,#5408));
#5393 = ORIENTED_EDGE('',*,*,#5376,.F.);
#5394 = ORIENTED_EDGE('',*,*,#5395,.T.);
#5395 = EDGE_CURVE('',#5368,#5396,#5398,.T.);
#5396 = VERTEX_POINT('',#5397);
#5397 = CARTESIAN_POINT('',(-2.33382072735,-0.401859320322,6.5100001));
#5398 = B_SPLINE_CURVE_WITH_KNOTS('',3,(#5399,#5400,#5401,#5402),
  .UNSPECIFIED.,.F.,.F.,(4,4),(3.,4.),.PIECEWISE_BEZIER_KNOTS.);
#5399 = CARTESIAN_POINT('',(-2.32163529673,-0.376854816691,6.5100001));
#5400 = CARTESIAN_POINT('',(-2.326314502088,-0.389430181091,6.5100001));
#5401 = CARTESIAN_POINT('',(-2.330408806776,-0.397765015634,6.5100001));
#5402 = CARTESIAN_POINT('',(-2.33382072735,-0.401859320322,6.5100001));
#5403 = ORIENTED_EDGE('',*,*,#5404,.T.);
#5404 = EDGE_CURVE('',#5396,#1674,#5405,.T.);
#5405 = B_SPLINE_CURVE_WITH_KNOTS('',1,(#5406,#5407),.UNSPECIFIED.,.F.,
  .F.,(2,2),(0.,1.E-02),.PIECEWISE_BEZIER_KNOTS.);
#5406 = CARTESIAN_POINT('',(-2.33382072735,-0.401859320322,6.5100001));
#5407 = CARTESIAN_POINT('',(-2.33382072735,-0.401859320322,6.5000001));
#5408 = ORIENTED_EDGE('',*,*,#1682,.F.);
#5409 = B_SPLINE_SURFACE_WITH_KNOTS('',3,1,(
    (#5410,#5411)
    ,(#5412,#5413)
    ,(#5414,#5415)
    ,(#5416,#5417
    )),.UNSPECIFIED.,.F.,.F.,.F.,(4,4),(2,2),(3.,4.),(0.,1.),
  .PIECEWISE_BEZIER_KNOTS.);
#5410 = CARTESIAN_POINT('',(-2.32163529673,-0.376854816691,6.5100001));
#5411 = CARTESIAN_POINT('',(-2.32163529673,-0.376854816691,6.5000001));
#5412 = CARTESIAN_POINT('',(-2.326314502088,-0.389430181091,6.5100001));
#5413 = CARTESIAN_POINT('',(-2.326314502088,-0.389430181091,6.5000001));
#5414 = CARTESIAN_POINT('',(-2.330408806776,-0.397765015634,6.5100001));
#5415 = CARTESIAN_POINT('',(-2.330408806776,-0.397765015634,6.5000001));
#5416 = CARTESIAN_POINT('',(-2.33382072735,-0.401859320322,6.5100001));
#5417 = CARTESIAN_POINT('',(-2.33382072735,-0.401859320322,6.5000001));
#5418 = ADVANCED_FACE('',(#5419),#5437,.F.);
#5419 = FACE_BOUND('',#5420,.F.);
#5420 = EDGE_LOOP('',(#5421,#5422,#5431,#5436));
#5421 = ORIENTED_EDGE('',*,*,#5404,.F.);
#5422 = ORIENTED_EDGE('',*,*,#5423,.T.);
#5423 = EDGE_CURVE('',#5396,#5424,#5426,.T.);
#5424 = VERTEX_POINT('',#5425);
#5425 = CARTESIAN_POINT('',(-2.346786025529,-0.408000777355,6.5100001));
#5426 = B_SPLINE_CURVE_WITH_KNOTS('',3,(#5427,#5428,#5429,#5430),
  .UNSPECIFIED.,.F.,.F.,(4,4),(2.,3.),.PIECEWISE_BEZIER_KNOTS.);
#5427 = CARTESIAN_POINT('',(-2.33382072735,-0.401859320322,6.5100001));
#5428 = CARTESIAN_POINT('',(-2.337232647923,-0.405953625011,6.5100001));
#5429 = CARTESIAN_POINT('',(-2.341521919501,-0.408000777355,6.5100001));
#5430 = CARTESIAN_POINT('',(-2.346786025529,-0.408000777355,6.5100001));
#5431 = ORIENTED_EDGE('',*,*,#5432,.T.);
#5432 = EDGE_CURVE('',#5424,#1665,#5433,.T.);
#5433 = B_SPLINE_CURVE_WITH_KNOTS('',1,(#5434,#5435),.UNSPECIFIED.,.F.,
  .F.,(2,2),(0.,1.E-02),.PIECEWISE_BEZIER_KNOTS.);
#5434 = CARTESIAN_POINT('',(-2.346786025529,-0.408000777355,6.5100001));
#5435 = CARTESIAN_POINT('',(-2.346786025529,-0.408000777355,6.5000001));
#5436 = ORIENTED_EDGE('',*,*,#1673,.F.);
#5437 = B_SPLINE_SURFACE_WITH_KNOTS('',3,1,(
    (#5438,#5439)
    ,(#5440,#5441)
    ,(#5442,#5443)
    ,(#5444,#5445
    )),.UNSPECIFIED.,.F.,.F.,.F.,(4,4),(2,2),(2.,3.),(0.,1.),
  .PIECEWISE_BEZIER_KNOTS.);
#5438 = CARTESIAN_POINT('',(-2.33382072735,-0.401859320322,6.5100001));
#5439 = CARTESIAN_POINT('',(-2.33382072735,-0.401859320322,6.5000001));
#5440 = CARTESIAN_POINT('',(-2.337232647923,-0.405953625011,6.5100001));
#5441 = CARTESIAN_POINT('',(-2.337232647923,-0.405953625011,6.5000001));
#5442 = CARTESIAN_POINT('',(-2.341521919501,-0.408000777355,6.5100001));
#5443 = CARTESIAN_POINT('',(-2.341521919501,-0.408000777355,6.5000001));
#5444 = CARTESIAN_POINT('',(-2.346786025529,-0.408000777355,6.5100001));
#5445 = CARTESIAN_POINT('',(-2.346786025529,-0.408000777355,6.5000001));
#5446 = ADVANCED_FACE('',(#5447),#5465,.F.);
#5447 = FACE_BOUND('',#5448,.F.);
#5448 = EDGE_LOOP('',(#5449,#5450,#5459,#5464));
#5449 = ORIENTED_EDGE('',*,*,#5432,.F.);
#5450 = ORIENTED_EDGE('',*,*,#5451,.T.);
#5451 = EDGE_CURVE('',#5424,#5452,#5454,.T.);
#5452 = VERTEX_POINT('',#5453);
#5453 = CARTESIAN_POINT('',(-2.365210396625,-0.379828061762,6.5100001));
#5454 = B_SPLINE_CURVE_WITH_KNOTS('',3,(#5455,#5456,#5457,#5458),
  .UNSPECIFIED.,.F.,.F.,(4,4),(1.,2.),.PIECEWISE_BEZIER_KNOTS.);
#5455 = CARTESIAN_POINT('',(-2.346786025529,-0.408000777355,6.5100001));
#5456 = CARTESIAN_POINT('',(-2.359068939594,-0.408000777355,6.5100001));
#5457 = CARTESIAN_POINT('',(-2.365210396625,-0.398593624917,6.5100001));
#5458 = CARTESIAN_POINT('',(-2.365210396625,-0.379828061762,6.5100001));
#5459 = ORIENTED_EDGE('',*,*,#5460,.T.);
#5460 = EDGE_CURVE('',#5452,#1656,#5461,.T.);
#5461 = B_SPLINE_CURVE_WITH_KNOTS('',1,(#5462,#5463),.UNSPECIFIED.,.F.,
  .F.,(2,2),(0.,1.E-02),.PIECEWISE_BEZIER_KNOTS.);
#5462 = CARTESIAN_POINT('',(-2.365210396625,-0.379828061762,6.5100001));
#5463 = CARTESIAN_POINT('',(-2.365210396625,-0.379828061762,6.5000001));
#5464 = ORIENTED_EDGE('',*,*,#1664,.F.);
#5465 = B_SPLINE_SURFACE_WITH_KNOTS('',3,1,(
    (#5466,#5467)
    ,(#5468,#5469)
    ,(#5470,#5471)
    ,(#5472,#5473
    )),.UNSPECIFIED.,.F.,.F.,.F.,(4,4),(2,2),(1.,2.),(0.,1.),
  .PIECEWISE_BEZIER_KNOTS.);
#5466 = CARTESIAN_POINT('',(-2.346786025529,-0.408000777355,6.5100001));
#5467 = CARTESIAN_POINT('',(-2.346786025529,-0.408000777355,6.5000001));
#5468 = CARTESIAN_POINT('',(-2.359068939594,-0.408000777355,6.5100001));
#5469 = CARTESIAN_POINT('',(-2.359068939594,-0.408000777355,6.5000001));
#5470 = CARTESIAN_POINT('',(-2.365210396625,-0.398593624917,6.5100001));
#5471 = CARTESIAN_POINT('',(-2.365210396625,-0.398593624917,6.5000001));
#5472 = CARTESIAN_POINT('',(-2.365210396625,-0.379828061762,6.5100001));
#5473 = CARTESIAN_POINT('',(-2.365210396625,-0.379828061762,6.5000001));
#5474 = ADVANCED_FACE('',(#5475),#5493,.F.);
#5475 = FACE_BOUND('',#5476,.F.);
#5476 = EDGE_LOOP('',(#5477,#5478,#5487,#5492));
#5477 = ORIENTED_EDGE('',*,*,#5460,.F.);
#5478 = ORIENTED_EDGE('',*,*,#5479,.T.);
#5479 = EDGE_CURVE('',#5452,#5480,#5482,.T.);
#5480 = VERTEX_POINT('',#5481);
#5481 = CARTESIAN_POINT('',(-2.352050131557,-0.340542233444,6.5100001));
#5482 = B_SPLINE_CURVE_WITH_KNOTS('',3,(#5483,#5484,#5485,#5486),
  .UNSPECIFIED.,.F.,.F.,(4,4),(0.,1.),.PIECEWISE_BEZIER_KNOTS.);
#5483 = CARTESIAN_POINT('',(-2.365210396625,-0.379828061762,6.5100001));
#5484 = CARTESIAN_POINT('',(-2.365210396625,-0.365790445688,6.5100001));
#5485 = CARTESIAN_POINT('',(-2.360823641602,-0.352727664064,6.5100001));
#5486 = CARTESIAN_POINT('',(-2.352050131557,-0.340542233444,6.5100001));
#5487 = ORIENTED_EDGE('',*,*,#5488,.T.);
#5488 = EDGE_CURVE('',#5480,#1649,#5489,.T.);
#5489 = B_SPLINE_CURVE_WITH_KNOTS('',1,(#5490,#5491),.UNSPECIFIED.,.F.,
  .F.,(2,2),(0.,1.E-02),.PIECEWISE_BEZIER_KNOTS.);
#5490 = CARTESIAN_POINT('',(-2.352050131557,-0.340542233444,6.5100001));
#5491 = CARTESIAN_POINT('',(-2.352050131557,-0.340542233444,6.5000001));
#5492 = ORIENTED_EDGE('',*,*,#1655,.F.);
#5493 = B_SPLINE_SURFACE_WITH_KNOTS('',3,1,(
    (#5494,#5495)
    ,(#5496,#5497)
    ,(#5498,#5499)
    ,(#5500,#5501
    )),.UNSPECIFIED.,.F.,.F.,.F.,(4,4),(2,2),(0.,1.),(0.,1.),
  .PIECEWISE_BEZIER_KNOTS.);
#5494 = CARTESIAN_POINT('',(-2.365210396625,-0.379828061762,6.5100001));
#5495 = CARTESIAN_POINT('',(-2.365210396625,-0.379828061762,6.5000001));
#5496 = CARTESIAN_POINT('',(-2.365210396625,-0.365790445688,6.5100001));
#5497 = CARTESIAN_POINT('',(-2.365210396625,-0.365790445688,6.5000001));
#5498 = CARTESIAN_POINT('',(-2.360823641602,-0.352727664064,6.5100001));
#5499 = CARTESIAN_POINT('',(-2.360823641602,-0.352727664064,6.5000001));
#5500 = CARTESIAN_POINT('',(-2.352050131557,-0.340542233444,6.5100001));
#5501 = CARTESIAN_POINT('',(-2.352050131557,-0.340542233444,6.5000001));
#5502 = ADVANCED_FACE('',(#5503),#5519,.F.);
#5503 = FACE_BOUND('',#5504,.T.);
#5504 = EDGE_LOOP('',(#5505,#5506,#5513,#5518));
#5505 = ORIENTED_EDGE('',*,*,#1648,.T.);
#5506 = ORIENTED_EDGE('',*,*,#5507,.F.);
#5507 = EDGE_CURVE('',#5508,#1640,#5510,.T.);
#5508 = VERTEX_POINT('',#5509);
#5509 = CARTESIAN_POINT('',(-2.37671344313,-0.340542233444,6.5100001));
#5510 = B_SPLINE_CURVE_WITH_KNOTS('',1,(#5511,#5512),.UNSPECIFIED.,.F.,
  .F.,(2,2),(0.,1.E-02),.PIECEWISE_BEZIER_KNOTS.);
#5511 = CARTESIAN_POINT('',(-2.37671344313,-0.340542233444,6.5100001));
#5512 = CARTESIAN_POINT('',(-2.37671344313,-0.340542233444,6.5000001));
#5513 = ORIENTED_EDGE('',*,*,#5514,.F.);
#5514 = EDGE_CURVE('',#5480,#5508,#5515,.T.);
#5515 = B_SPLINE_CURVE_WITH_KNOTS('',1,(#5516,#5517),.UNSPECIFIED.,.F.,
  .F.,(2,2),(-2.46633115734E-02,0.),.PIECEWISE_BEZIER_KNOTS.);
#5516 = CARTESIAN_POINT('',(-2.352050131557,-0.340542233444,6.5100001));
#5517 = CARTESIAN_POINT('',(-2.37671344313,-0.340542233444,6.5100001));
#5518 = ORIENTED_EDGE('',*,*,#5488,.T.);
#5519 = B_SPLINE_SURFACE_WITH_KNOTS('',1,1,(
    (#5520,#5521)
    ,(#5522,#5523
    )),.UNSPECIFIED.,.F.,.F.,.F.,(2,2),(2,2),(-2.46633115734E-02,0.),(0.
    ,1.E-02),.PIECEWISE_BEZIER_KNOTS.);
#5520 = CARTESIAN_POINT('',(-2.352050131557,-0.340542233444,6.5100001));
#5521 = CARTESIAN_POINT('',(-2.352050131557,-0.340542233444,6.5000001));
#5522 = CARTESIAN_POINT('',(-2.37671344313,-0.340542233444,6.5100001));
#5523 = CARTESIAN_POINT('',(-2.37671344313,-0.340542233444,6.5000001));
#5524 = ADVANCED_FACE('',(#5525),#5537,.F.);
#5525 = FACE_BOUND('',#5526,.F.);
#5526 = EDGE_LOOP('',(#5527,#5528,#5535,#5536));
#5527 = ORIENTED_EDGE('',*,*,#5507,.F.);
#5528 = ORIENTED_EDGE('',*,*,#5529,.T.);
#5529 = EDGE_CURVE('',#5508,#4975,#5530,.T.);
#5530 = B_SPLINE_CURVE_WITH_KNOTS('',3,(#5531,#5532,#5533,#5534),
  .UNSPECIFIED.,.F.,.F.,(4,4),(19.,20.),.PIECEWISE_BEZIER_KNOTS.);
#5531 = CARTESIAN_POINT('',(-2.37671344313,-0.340542233444,6.5100001));
#5532 = CARTESIAN_POINT('',(-2.381977549159,-0.3510704455,6.5100001));
#5533 = CARTESIAN_POINT('',(-2.384707085617,-0.363353359565,6.5100001));
#5534 = CARTESIAN_POINT('',(-2.384707085617,-0.377488459083,6.5100001));
#5535 = ORIENTED_EDGE('',*,*,#4974,.T.);
#5536 = ORIENTED_EDGE('',*,*,#1639,.F.);
#5537 = B_SPLINE_SURFACE_WITH_KNOTS('',3,1,(
    (#5538,#5539)
    ,(#5540,#5541)
    ,(#5542,#5543)
    ,(#5544,#5545
    )),.UNSPECIFIED.,.F.,.F.,.F.,(4,4),(2,2),(19.,20.),(0.,1.),
  .PIECEWISE_BEZIER_KNOTS.);
#5538 = CARTESIAN_POINT('',(-2.37671344313,-0.340542233444,6.5100001));
#5539 = CARTESIAN_POINT('',(-2.37671344313,-0.340542233444,6.5000001));
#5540 = CARTESIAN_POINT('',(-2.381977549159,-0.3510704455,6.5100001));
#5541 = CARTESIAN_POINT('',(-2.381977549159,-0.3510704455,6.5000001));
#5542 = CARTESIAN_POINT('',(-2.384707085617,-0.363353359565,6.5100001));
#5543 = CARTESIAN_POINT('',(-2.384707085617,-0.363353359565,6.5000001));
#5544 = CARTESIAN_POINT('',(-2.384707085617,-0.377488459083,6.5100001));
#5545 = CARTESIAN_POINT('',(-2.384707085617,-0.377488459083,6.5000001));
#5546 = ADVANCED_FACE('',(#5547),#5570,.T.);
#5547 = FACE_BOUND('',#5548,.T.);
#5548 = EDGE_LOOP('',(#5549,#5550,#5551,#5552,#5553,#5554,#5555,#5556,
    #5557,#5558,#5559,#5560,#5561,#5562,#5563,#5564,#5565,#5566,#5567,
    #5568,#5569));
#5549 = ORIENTED_EDGE('',*,*,#4981,.T.);
#5550 = ORIENTED_EDGE('',*,*,#5009,.T.);
#5551 = ORIENTED_EDGE('',*,*,#5037,.T.);
#5552 = ORIENTED_EDGE('',*,*,#5065,.T.);
#5553 = ORIENTED_EDGE('',*,*,#5093,.T.);
#5554 = ORIENTED_EDGE('',*,*,#5121,.T.);
#5555 = ORIENTED_EDGE('',*,*,#5149,.T.);
#5556 = ORIENTED_EDGE('',*,*,#5177,.T.);
#5557 = ORIENTED_EDGE('',*,*,#5205,.T.);
#5558 = ORIENTED_EDGE('',*,*,#5240,.T.);
#5559 = ORIENTED_EDGE('',*,*,#5255,.T.);
#5560 = ORIENTED_EDGE('',*,*,#5283,.T.);
#5561 = ORIENTED_EDGE('',*,*,#5311,.T.);
#5562 = ORIENTED_EDGE('',*,*,#5339,.T.);
#5563 = ORIENTED_EDGE('',*,*,#5367,.T.);
#5564 = ORIENTED_EDGE('',*,*,#5395,.T.);
#5565 = ORIENTED_EDGE('',*,*,#5423,.T.);
#5566 = ORIENTED_EDGE('',*,*,#5451,.T.);
#5567 = ORIENTED_EDGE('',*,*,#5479,.T.);
#5568 = ORIENTED_EDGE('',*,*,#5514,.T.);
#5569 = ORIENTED_EDGE('',*,*,#5529,.T.);
#5570 = B_SPLINE_SURFACE_WITH_KNOTS('',1,1,(
    (#5571,#5572)
    ,(#5573,#5574
    )),.UNSPECIFIED.,.F.,.F.,.F.,(2,2),(2,2),(-0.13981563093,
    2.705165597411E-03),(-5.905059678273E-02,3.292503353436E-02),
  .PIECEWISE_BEZIER_KNOTS.);
#5571 = CARTESIAN_POINT('',(-2.242186289089,-0.340542233444,6.5100001));
#5572 = CARTESIAN_POINT('',(-2.242186289089,-0.432517863762,6.5100001));
#5573 = CARTESIAN_POINT('',(-2.384707085617,-0.340542233444,6.5100001));
#5574 = CARTESIAN_POINT('',(-2.384707085617,-0.432517863762,6.5100001));
#5575 = ADVANCED_FACE('',(#5576,#5692),#5762,.F.);
#5576 = FACE_BOUND('',#5577,.T.);
#5577 = EDGE_LOOP('',(#5578,#5589,#5596,#5605,#5614,#5623,#5632,#5639,
    #5646,#5653,#5660,#5669,#5678,#5685));
#5578 = ORIENTED_EDGE('',*,*,#5579,.T.);
#5579 = EDGE_CURVE('',#5580,#5582,#5584,.T.);
#5580 = VERTEX_POINT('',#5581);
#5581 = CARTESIAN_POINT('',(-2.261585494636,-0.256706470781,6.5100001));
#5582 = VERTEX_POINT('',#5583);
#5583 = CARTESIAN_POINT('',(-2.294924832811,-0.284294285704,6.5100001));
#5584 = B_SPLINE_CURVE_WITH_KNOTS('',3,(#5585,#5586,#5587,#5588),
  .UNSPECIFIED.,.F.,.F.,(4,4),(11.,12.),.PIECEWISE_BEZIER_KNOTS.);
#5585 = CARTESIAN_POINT('',(-2.261585494636,-0.256706470781,6.5100001));
#5586 = CARTESIAN_POINT('',(-2.261585494636,-0.275082100155,6.5100001));
#5587 = CARTESIAN_POINT('',(-2.272698607361,-0.284294285704,6.5100001));
#5588 = CARTESIAN_POINT('',(-2.294924832811,-0.284294285704,6.5100001));
#5589 = ORIENTED_EDGE('',*,*,#5590,.T.);
#5590 = EDGE_CURVE('',#5582,#5591,#5593,.T.);
#5591 = VERTEX_POINT('',#5592);
#5592 = CARTESIAN_POINT('',(-2.300578872618,-0.243936139491,6.5100001));
#5593 = B_SPLINE_CURVE_WITH_KNOTS('',1,(#5594,#5595),.UNSPECIFIED.,.F.,
  .F.,(2,2),(-4.075227762783E-02,0.),.PIECEWISE_BEZIER_KNOTS.);
#5594 = CARTESIAN_POINT('',(-2.294924832811,-0.284294285704,6.5100001));
#5595 = CARTESIAN_POINT('',(-2.300578872618,-0.243936139491,6.5100001));
#5596 = ORIENTED_EDGE('',*,*,#5597,.T.);
#5597 = EDGE_CURVE('',#5591,#5598,#5600,.T.);
#5598 = VERTEX_POINT('',#5599);
#5599 = CARTESIAN_POINT('',(-2.345031323519,-0.198752562754,6.5100001));
#5600 = B_SPLINE_CURVE_WITH_KNOTS('',3,(#5601,#5602,#5603,#5604),
  .UNSPECIFIED.,.F.,.F.,(4,4),(9.,10.),.PIECEWISE_BEZIER_KNOTS.);
#5601 = CARTESIAN_POINT('',(-2.300578872618,-0.243936139491,6.5100001));
#5602 = CARTESIAN_POINT('',(-2.304770660752,-0.213813755,6.5100001));
#5603 = CARTESIAN_POINT('',(-2.319588144385,-0.198752562754,6.5100001));
#5604 = CARTESIAN_POINT('',(-2.345031323519,-0.198752562754,6.5100001));
#5605 = ORIENTED_EDGE('',*,*,#5606,.T.);
#5606 = EDGE_CURVE('',#5598,#5607,#5609,.T.);
#5607 = VERTEX_POINT('',#5608);
#5608 = CARTESIAN_POINT('',(-2.373983906672,-0.210450576149,6.5100001));
#5609 = B_SPLINE_CURVE_WITH_KNOTS('',3,(#5610,#5611,#5612,#5613),
  .UNSPECIFIED.,.F.,.F.,(4,4),(8.,9.),.PIECEWISE_BEZIER_KNOTS.);
#5610 = CARTESIAN_POINT('',(-2.345031323519,-0.198752562754,6.5100001));
#5611 = CARTESIAN_POINT('',(-2.357216754139,-0.198752562754,6.5100001));
#5612 = CARTESIAN_POINT('',(-2.36686761519,-0.202651900552,6.5100001));
#5613 = CARTESIAN_POINT('',(-2.373983906672,-0.210450576149,6.5100001));
#5614 = ORIENTED_EDGE('',*,*,#5615,.T.);
#5615 = EDGE_CURVE('',#5607,#5616,#5618,.T.);
#5616 = VERTEX_POINT('',#5617);
#5617 = CARTESIAN_POINT('',(-2.384707085617,-0.24193772887,6.5100001));
#5618 = B_SPLINE_CURVE_WITH_KNOTS('',3,(#5619,#5620,#5621,#5622),
  .UNSPECIFIED.,.F.,.F.,(4,4),(7.,8.),.PIECEWISE_BEZIER_KNOTS.);
#5619 = CARTESIAN_POINT('',(-2.373983906672,-0.210450576149,6.5100001));
#5620 = CARTESIAN_POINT('',(-2.381100198154,-0.218249251745,6.5100001));
#5621 = CARTESIAN_POINT('',(-2.384707085617,-0.228728722078,6.5100001));
#5622 = CARTESIAN_POINT('',(-2.384707085617,-0.24193772887,6.5100001));
#5623 = ORIENTED_EDGE('',*,*,#5624,.T.);
#5624 = EDGE_CURVE('',#5616,#5625,#5627,.T.);
#5625 = VERTEX_POINT('',#5626);
#5626 = CARTESIAN_POINT('',(-2.360433707823,-0.283660643312,6.5100001));
#5627 = B_SPLINE_CURVE_WITH_KNOTS('',3,(#5628,#5629,#5630,#5631),
  .UNSPECIFIED.,.F.,.F.,(4,4),(6.,7.),.PIECEWISE_BEZIER_KNOTS.);
#5628 = CARTESIAN_POINT('',(-2.384707085617,-0.24193772887,6.5100001));
#5629 = CARTESIAN_POINT('',(-2.384707085617,-0.260313358244,6.5100001));
#5630 = CARTESIAN_POINT('',(-2.376615959685,-0.274253490874,6.5100001));
#5631 = CARTESIAN_POINT('',(-2.360433707823,-0.283660643312,6.5100001));
#5632 = ORIENTED_EDGE('',*,*,#5633,.T.);
#5633 = EDGE_CURVE('',#5625,#5634,#5636,.T.);
#5634 = VERTEX_POINT('',#5635);
#5635 = CARTESIAN_POINT('',(-2.360433707823,-0.284294285704,6.5100001));
#5636 = B_SPLINE_CURVE_WITH_KNOTS('',1,(#5637,#5638),.UNSPECIFIED.,.F.,
  .F.,(2,2),(-6.336423921532E-04,0.),.PIECEWISE_BEZIER_KNOTS.);
#5637 = CARTESIAN_POINT('',(-2.360433707823,-0.283660643312,6.5100001));
#5638 = CARTESIAN_POINT('',(-2.360433707823,-0.284294285704,6.5100001));
#5639 = ORIENTED_EDGE('',*,*,#5640,.T.);
#5640 = EDGE_CURVE('',#5634,#5641,#5643,.T.);
#5641 = VERTEX_POINT('',#5642);
#5642 = CARTESIAN_POINT('',(-2.381490131933,-0.284294285704,6.5100001));
#5643 = B_SPLINE_CURVE_WITH_KNOTS('',1,(#5644,#5645),.UNSPECIFIED.,.F.,
  .F.,(2,2),(-2.105642411019E-02,0.),.PIECEWISE_BEZIER_KNOTS.);
#5644 = CARTESIAN_POINT('',(-2.360433707823,-0.284294285704,6.5100001));
#5645 = CARTESIAN_POINT('',(-2.381490131933,-0.284294285704,6.5100001));
#5646 = ORIENTED_EDGE('',*,*,#5647,.T.);
#5647 = EDGE_CURVE('',#5641,#5648,#5650,.T.);
#5648 = VERTEX_POINT('',#5649);
#5649 = CARTESIAN_POINT('',(-2.381490131933,-0.308177729718,6.5100001));
#5650 = B_SPLINE_CURVE_WITH_KNOTS('',1,(#5651,#5652),.UNSPECIFIED.,.F.,
  .F.,(2,2),(-2.388344401464E-02,0.),.PIECEWISE_BEZIER_KNOTS.);
#5651 = CARTESIAN_POINT('',(-2.381490131933,-0.284294285704,6.5100001));
#5652 = CARTESIAN_POINT('',(-2.381490131933,-0.308177729718,6.5100001));
#5653 = ORIENTED_EDGE('',*,*,#5654,.T.);
#5654 = EDGE_CURVE('',#5648,#5655,#5657,.T.);
#5655 = VERTEX_POINT('',#5656);
#5656 = CARTESIAN_POINT('',(-2.293852514917,-0.308177729718,6.5100001));
#5657 = B_SPLINE_CURVE_WITH_KNOTS('',1,(#5658,#5659),.UNSPECIFIED.,.F.,
  .F.,(2,2),(-8.763761701558E-02,0.),.PIECEWISE_BEZIER_KNOTS.);
#5658 = CARTESIAN_POINT('',(-2.381490131933,-0.308177729718,6.5100001));
#5659 = CARTESIAN_POINT('',(-2.293852514917,-0.308177729718,6.5100001));
#5660 = ORIENTED_EDGE('',*,*,#5661,.T.);
#5661 = EDGE_CURVE('',#5655,#5662,#5664,.T.);
#5662 = VERTEX_POINT('',#5663);
#5663 = CARTESIAN_POINT('',(-2.242186289089,-0.258948590015,6.5100001));
#5664 = B_SPLINE_CURVE_WITH_KNOTS('',3,(#5665,#5666,#5667,#5668),
  .UNSPECIFIED.,.F.,.F.,(4,4),(1.,2.),.PIECEWISE_BEZIER_KNOTS.);
#5665 = CARTESIAN_POINT('',(-2.293852514917,-0.308177729718,6.5100001));
#5666 = CARTESIAN_POINT('',(-2.259343375402,-0.308177729718,6.5100001));
#5667 = CARTESIAN_POINT('',(-2.242186289089,-0.291751769243,6.5100001));
#5668 = CARTESIAN_POINT('',(-2.242186289089,-0.258948590015,6.5100001));
#5669 = ORIENTED_EDGE('',*,*,#5670,.T.);
#5670 = EDGE_CURVE('',#5662,#5671,#5673,.T.);
#5671 = VERTEX_POINT('',#5672);
#5672 = CARTESIAN_POINT('',(-2.254859136933,-0.21205905299,6.5100001));
#5673 = B_SPLINE_CURVE_WITH_KNOTS('',3,(#5674,#5675,#5676,#5677),
  .UNSPECIFIED.,.F.,.F.,(4,4),(0.,1.),.PIECEWISE_BEZIER_KNOTS.);
#5674 = CARTESIAN_POINT('',(-2.242186289089,-0.258948590015,6.5100001));
#5675 = CARTESIAN_POINT('',(-2.242186289089,-0.241206603033,6.5100001));
#5676 = CARTESIAN_POINT('',(-2.246378077223,-0.225560510117,6.5100001));
#5677 = CARTESIAN_POINT('',(-2.254859136933,-0.21205905299,6.5100001));
#5678 = ORIENTED_EDGE('',*,*,#5679,.T.);
#5679 = EDGE_CURVE('',#5671,#5680,#5682,.T.);
#5680 = VERTEX_POINT('',#5681);
#5681 = CARTESIAN_POINT('',(-2.278060196834,-0.21205905299,6.5100001));
#5682 = B_SPLINE_CURVE_WITH_KNOTS('',1,(#5683,#5684),.UNSPECIFIED.,.F.,
  .F.,(2,2),(-2.320105990071E-02,0.),.PIECEWISE_BEZIER_KNOTS.);
#5683 = CARTESIAN_POINT('',(-2.254859136933,-0.21205905299,6.5100001));
#5684 = CARTESIAN_POINT('',(-2.278060196834,-0.21205905299,6.5100001));
#5685 = ORIENTED_EDGE('',*,*,#5686,.T.);
#5686 = EDGE_CURVE('',#5680,#5580,#5687,.T.);
#5687 = B_SPLINE_CURVE_WITH_KNOTS('',3,(#5688,#5689,#5690,#5691),
  .UNSPECIFIED.,.F.,.F.,(4,4),(12.,13.),.PIECEWISE_BEZIER_KNOTS.);
#5688 = CARTESIAN_POINT('',(-2.278060196834,-0.21205905299,6.5100001));
#5689 = CARTESIAN_POINT('',(-2.267142050998,-0.225511768395,6.5100001));
#5690 = CARTESIAN_POINT('',(-2.261585494636,-0.240377993751,6.5100001));
#5691 = CARTESIAN_POINT('',(-2.261585494636,-0.256706470781,6.5100001));
#5692 = FACE_BOUND('',#5693,.T.);
#5693 = EDGE_LOOP('',(#5694,#5705,#5714,#5723,#5732,#5741,#5748,#5755));
#5694 = ORIENTED_EDGE('',*,*,#5695,.F.);
#5695 = EDGE_CURVE('',#5696,#5698,#5700,.T.);
#5696 = VERTEX_POINT('',#5697);
#5697 = CARTESIAN_POINT('',(-2.365112913181,-0.248127927625,6.5100001));
#5698 = VERTEX_POINT('',#5699);
#5699 = CARTESIAN_POINT('',(-2.353999800455,-0.274058523983,6.5100001));
#5700 = B_SPLINE_CURVE_WITH_KNOTS('',3,(#5701,#5702,#5703,#5704),
  .UNSPECIFIED.,.F.,.F.,(4,4),(4.,5.),.PIECEWISE_BEZIER_KNOTS.);
#5701 = CARTESIAN_POINT('',(-2.365112913181,-0.248127927625,6.5100001));
#5702 = CARTESIAN_POINT('',(-2.365112913181,-0.258607397958,6.5100001));
#5703 = CARTESIAN_POINT('',(-2.361408542273,-0.267283424559,6.5100001));
#5704 = CARTESIAN_POINT('',(-2.353999800455,-0.274058523983,6.5100001));
#5705 = ORIENTED_EDGE('',*,*,#5706,.F.);
#5706 = EDGE_CURVE('',#5707,#5696,#5709,.T.);
#5707 = VERTEX_POINT('',#5708);
#5708 = CARTESIAN_POINT('',(-2.358971456149,-0.229898523418,6.5100001));
#5709 = B_SPLINE_CURVE_WITH_KNOTS('',3,(#5710,#5711,#5712,#5713),
  .UNSPECIFIED.,.F.,.F.,(4,4),(3.,4.),.PIECEWISE_BEZIER_KNOTS.);
#5710 = CARTESIAN_POINT('',(-2.358971456149,-0.229898523418,6.5100001));
#5711 = CARTESIAN_POINT('',(-2.363065760836,-0.234480245331,6.5100001));
#5712 = CARTESIAN_POINT('',(-2.365112913181,-0.24057296064,6.5100001));
#5713 = CARTESIAN_POINT('',(-2.365112913181,-0.248127927625,6.5100001));
#5714 = ORIENTED_EDGE('',*,*,#5715,.F.);
#5715 = EDGE_CURVE('',#5716,#5707,#5718,.T.);
#5716 = VERTEX_POINT('',#5717);
#5717 = CARTESIAN_POINT('',(-2.343081654621,-0.222977198826,6.5100001));
#5718 = B_SPLINE_CURVE_WITH_KNOTS('',3,(#5719,#5720,#5721,#5722),
  .UNSPECIFIED.,.F.,.F.,(4,4),(2.,3.),.PIECEWISE_BEZIER_KNOTS.);
#5719 = CARTESIAN_POINT('',(-2.343081654621,-0.222977198826,6.5100001));
#5720 = CARTESIAN_POINT('',(-2.349613045432,-0.222977198826,6.5100001));
#5721 = CARTESIAN_POINT('',(-2.35487715146,-0.225268059782,6.5100001));
#5722 = CARTESIAN_POINT('',(-2.358971456149,-0.229898523418,6.5100001));
#5723 = ORIENTED_EDGE('',*,*,#5724,.F.);
#5724 = EDGE_CURVE('',#5725,#5716,#5727,.T.);
#5725 = VERTEX_POINT('',#5726);
#5726 = CARTESIAN_POINT('',(-2.325827084863,-0.229313622748,6.5100001));
#5727 = B_SPLINE_CURVE_WITH_KNOTS('',3,(#5728,#5729,#5730,#5731),
  .UNSPECIFIED.,.F.,.F.,(4,4),(1.,2.),.PIECEWISE_BEZIER_KNOTS.);
#5728 = CARTESIAN_POINT('',(-2.325827084863,-0.229313622748,6.5100001));
#5729 = CARTESIAN_POINT('',(-2.329921389551,-0.225121834615,6.5100001));
#5730 = CARTESIAN_POINT('',(-2.335672912803,-0.222977198826,6.5100001));
#5731 = CARTESIAN_POINT('',(-2.343081654621,-0.222977198826,6.5100001));
#5732 = ORIENTED_EDGE('',*,*,#5733,.F.);
#5733 = EDGE_CURVE('',#5734,#5725,#5736,.T.);
#5734 = VERTEX_POINT('',#5735);
#5735 = CARTESIAN_POINT('',(-2.317443508596,-0.252417199203,6.5100001));
#5736 = B_SPLINE_CURVE_WITH_KNOTS('',3,(#5737,#5738,#5739,#5740),
  .UNSPECIFIED.,.F.,.F.,(4,4),(0.,1.),.PIECEWISE_BEZIER_KNOTS.);
#5737 = CARTESIAN_POINT('',(-2.317443508596,-0.252417199203,6.5100001));
#5738 = CARTESIAN_POINT('',(-2.319003243716,-0.241255344755,6.5100001));
#5739 = CARTESIAN_POINT('',(-2.321732780175,-0.233554152604,6.5100001));
#5740 = CARTESIAN_POINT('',(-2.325827084863,-0.229313622748,6.5100001));
#5741 = ORIENTED_EDGE('',*,*,#5742,.F.);
#5742 = EDGE_CURVE('',#5743,#5734,#5745,.T.);
#5743 = VERTEX_POINT('',#5744);
#5744 = CARTESIAN_POINT('',(-2.313154237018,-0.284294285704,6.5100001));
#5745 = B_SPLINE_CURVE_WITH_KNOTS('',1,(#5746,#5747),.UNSPECIFIED.,.F.,
  .F.,(2,2),(0.,3.216436684398E-02),.PIECEWISE_BEZIER_KNOTS.);
#5746 = CARTESIAN_POINT('',(-2.313154237018,-0.284294285704,6.5100001));
#5747 = CARTESIAN_POINT('',(-2.317443508596,-0.252417199203,6.5100001));
#5748 = ORIENTED_EDGE('',*,*,#5749,.F.);
#5749 = EDGE_CURVE('',#5750,#5743,#5752,.T.);
#5750 = VERTEX_POINT('',#5751);
#5751 = CARTESIAN_POINT('',(-2.326217018643,-0.284294285704,6.5100001));
#5752 = B_SPLINE_CURVE_WITH_KNOTS('',1,(#5753,#5754),.UNSPECIFIED.,.F.,
  .F.,(2,2),(0.,1.306278162499E-02),.PIECEWISE_BEZIER_KNOTS.);
#5753 = CARTESIAN_POINT('',(-2.326217018643,-0.284294285704,6.5100001));
#5754 = CARTESIAN_POINT('',(-2.313154237018,-0.284294285704,6.5100001));
#5755 = ORIENTED_EDGE('',*,*,#5756,.F.);
#5756 = EDGE_CURVE('',#5698,#5750,#5757,.T.);
#5757 = B_SPLINE_CURVE_WITH_KNOTS('',3,(#5758,#5759,#5760,#5761),
  .UNSPECIFIED.,.F.,.F.,(4,4),(5.,6.),.PIECEWISE_BEZIER_KNOTS.);
#5758 = CARTESIAN_POINT('',(-2.353999800455,-0.274058523983,6.5100001));
#5759 = CARTESIAN_POINT('',(-2.346688542084,-0.28088236513,6.5100001));
#5760 = CARTESIAN_POINT('',(-2.337427614813,-0.284294285704,6.5100001));
#5761 = CARTESIAN_POINT('',(-2.326217018643,-0.284294285704,6.5100001));
#5762 = B_SPLINE_SURFACE_WITH_KNOTS('',1,1,(
    (#5763,#5764)
    ,(#5765,#5766
    )),.UNSPECIFIED.,.F.,.F.,.F.,(2,2),(2,2),(-0.114786756437,
    2.773404009045E-02),(-7.863867650411E-02,3.078649046061E-02),
  .PIECEWISE_BEZIER_KNOTS.);
#5763 = CARTESIAN_POINT('',(-2.384707085617,-0.198752562754,6.5100001));
#5764 = CARTESIAN_POINT('',(-2.384707085617,-0.308177729718,6.5100001));
#5765 = CARTESIAN_POINT('',(-2.242186289089,-0.198752562754,6.5100001));
#5766 = CARTESIAN_POINT('',(-2.242186289089,-0.308177729718,6.5100001));
#5767 = ADVANCED_FACE('',(#5768),#5782,.F.);
#5768 = FACE_BOUND('',#5769,.F.);
#5769 = EDGE_LOOP('',(#5770,#5775,#5776,#5781));
#5770 = ORIENTED_EDGE('',*,*,#5771,.F.);
#5771 = EDGE_CURVE('',#5580,#1513,#5772,.T.);
#5772 = B_SPLINE_CURVE_WITH_KNOTS('',1,(#5773,#5774),.UNSPECIFIED.,.F.,
  .F.,(2,2),(0.,1.E-02),.PIECEWISE_BEZIER_KNOTS.);
#5773 = CARTESIAN_POINT('',(-2.261585494636,-0.256706470781,6.5100001));
#5774 = CARTESIAN_POINT('',(-2.261585494636,-0.256706470781,6.5000001));
#5775 = ORIENTED_EDGE('',*,*,#5579,.T.);
#5776 = ORIENTED_EDGE('',*,*,#5777,.T.);
#5777 = EDGE_CURVE('',#5582,#1515,#5778,.T.);
#5778 = B_SPLINE_CURVE_WITH_KNOTS('',1,(#5779,#5780),.UNSPECIFIED.,.F.,
  .F.,(2,2),(0.,1.E-02),.PIECEWISE_BEZIER_KNOTS.);
#5779 = CARTESIAN_POINT('',(-2.294924832811,-0.284294285704,6.5100001));
#5780 = CARTESIAN_POINT('',(-2.294924832811,-0.284294285704,6.5000001));
#5781 = ORIENTED_EDGE('',*,*,#1512,.F.);
#5782 = B_SPLINE_SURFACE_WITH_KNOTS('',3,1,(
    (#5783,#5784)
    ,(#5785,#5786)
    ,(#5787,#5788)
    ,(#5789,#5790
    )),.UNSPECIFIED.,.F.,.F.,.F.,(4,4),(2,2),(11.,12.),(0.,1.),
  .PIECEWISE_BEZIER_KNOTS.);
#5783 = CARTESIAN_POINT('',(-2.261585494636,-0.256706470781,6.5100001));
#5784 = CARTESIAN_POINT('',(-2.261585494636,-0.256706470781,6.5000001));
#5785 = CARTESIAN_POINT('',(-2.261585494636,-0.275082100155,6.5100001));
#5786 = CARTESIAN_POINT('',(-2.261585494636,-0.275082100155,6.5000001));
#5787 = CARTESIAN_POINT('',(-2.272698607361,-0.284294285704,6.5100001));
#5788 = CARTESIAN_POINT('',(-2.272698607361,-0.284294285704,6.5000001));
#5789 = CARTESIAN_POINT('',(-2.294924832811,-0.284294285704,6.5100001));
#5790 = CARTESIAN_POINT('',(-2.294924832811,-0.284294285704,6.5000001));
#5791 = ADVANCED_FACE('',(#5792),#5802,.F.);
#5792 = FACE_BOUND('',#5793,.T.);
#5793 = EDGE_LOOP('',(#5794,#5795,#5800,#5801));
#5794 = ORIENTED_EDGE('',*,*,#1621,.T.);
#5795 = ORIENTED_EDGE('',*,*,#5796,.F.);
#5796 = EDGE_CURVE('',#5591,#1613,#5797,.T.);
#5797 = B_SPLINE_CURVE_WITH_KNOTS('',1,(#5798,#5799),.UNSPECIFIED.,.F.,
  .F.,(2,2),(0.,1.E-02),.PIECEWISE_BEZIER_KNOTS.);
#5798 = CARTESIAN_POINT('',(-2.300578872618,-0.243936139491,6.5100001));
#5799 = CARTESIAN_POINT('',(-2.300578872618,-0.243936139491,6.5000001));
#5800 = ORIENTED_EDGE('',*,*,#5590,.F.);
#5801 = ORIENTED_EDGE('',*,*,#5777,.T.);
#5802 = B_SPLINE_SURFACE_WITH_KNOTS('',1,1,(
    (#5803,#5804)
    ,(#5805,#5806
    )),.UNSPECIFIED.,.F.,.F.,.F.,(2,2),(2,2),(-4.075227762783E-02,0.),(
    -1.425288066303E-16,1.E-02),.PIECEWISE_BEZIER_KNOTS.);
#5803 = CARTESIAN_POINT('',(-2.294924832811,-0.284294285704,6.5100001));
#5804 = CARTESIAN_POINT('',(-2.294924832811,-0.284294285704,6.5000001));
#5805 = CARTESIAN_POINT('',(-2.300578872618,-0.243936139491,6.5100001));
#5806 = CARTESIAN_POINT('',(-2.300578872618,-0.243936139491,6.5000001));
#5807 = ADVANCED_FACE('',(#5808),#5818,.F.);
#5808 = FACE_BOUND('',#5809,.F.);
#5809 = EDGE_LOOP('',(#5810,#5811,#5812,#5817));
#5810 = ORIENTED_EDGE('',*,*,#5796,.F.);
#5811 = ORIENTED_EDGE('',*,*,#5597,.T.);
#5812 = ORIENTED_EDGE('',*,*,#5813,.T.);
#5813 = EDGE_CURVE('',#5598,#1604,#5814,.T.);
#5814 = B_SPLINE_CURVE_WITH_KNOTS('',1,(#5815,#5816),.UNSPECIFIED.,.F.,
  .F.,(2,2),(0.,1.E-02),.PIECEWISE_BEZIER_KNOTS.);
#5815 = CARTESIAN_POINT('',(-2.345031323519,-0.198752562754,6.5100001));
#5816 = CARTESIAN_POINT('',(-2.345031323519,-0.198752562754,6.5000001));
#5817 = ORIENTED_EDGE('',*,*,#1612,.F.);
#5818 = B_SPLINE_SURFACE_WITH_KNOTS('',3,1,(
    (#5819,#5820)
    ,(#5821,#5822)
    ,(#5823,#5824)
    ,(#5825,#5826
    )),.UNSPECIFIED.,.F.,.F.,.F.,(4,4),(2,2),(9.,10.),(0.,1.),
  .PIECEWISE_BEZIER_KNOTS.);
#5819 = CARTESIAN_POINT('',(-2.300578872618,-0.243936139491,6.5100001));
#5820 = CARTESIAN_POINT('',(-2.300578872618,-0.243936139491,6.5000001));
#5821 = CARTESIAN_POINT('',(-2.304770660752,-0.213813755,6.5100001));
#5822 = CARTESIAN_POINT('',(-2.304770660752,-0.213813755,6.5000001));
#5823 = CARTESIAN_POINT('',(-2.319588144385,-0.198752562754,6.5100001));
#5824 = CARTESIAN_POINT('',(-2.319588144385,-0.198752562754,6.5000001));
#5825 = CARTESIAN_POINT('',(-2.345031323519,-0.198752562754,6.5100001));
#5826 = CARTESIAN_POINT('',(-2.345031323519,-0.198752562754,6.5000001));
#5827 = ADVANCED_FACE('',(#5828),#5838,.F.);
#5828 = FACE_BOUND('',#5829,.F.);
#5829 = EDGE_LOOP('',(#5830,#5831,#5832,#5837));
#5830 = ORIENTED_EDGE('',*,*,#5813,.F.);
#5831 = ORIENTED_EDGE('',*,*,#5606,.T.);
#5832 = ORIENTED_EDGE('',*,*,#5833,.T.);
#5833 = EDGE_CURVE('',#5607,#1595,#5834,.T.);
#5834 = B_SPLINE_CURVE_WITH_KNOTS('',1,(#5835,#5836),.UNSPECIFIED.,.F.,
  .F.,(2,2),(0.,1.E-02),.PIECEWISE_BEZIER_KNOTS.);
#5835 = CARTESIAN_POINT('',(-2.373983906672,-0.210450576149,6.5100001));
#5836 = CARTESIAN_POINT('',(-2.373983906672,-0.210450576149,6.5000001));
#5837 = ORIENTED_EDGE('',*,*,#1603,.F.);
#5838 = B_SPLINE_SURFACE_WITH_KNOTS('',3,1,(
    (#5839,#5840)
    ,(#5841,#5842)
    ,(#5843,#5844)
    ,(#5845,#5846
    )),.UNSPECIFIED.,.F.,.F.,.F.,(4,4),(2,2),(8.,9.),(0.,1.),
  .PIECEWISE_BEZIER_KNOTS.);
#5839 = CARTESIAN_POINT('',(-2.345031323519,-0.198752562754,6.5100001));
#5840 = CARTESIAN_POINT('',(-2.345031323519,-0.198752562754,6.5000001));
#5841 = CARTESIAN_POINT('',(-2.357216754139,-0.198752562754,6.5100001));
#5842 = CARTESIAN_POINT('',(-2.357216754139,-0.198752562754,6.5000001));
#5843 = CARTESIAN_POINT('',(-2.36686761519,-0.202651900552,6.5100001));
#5844 = CARTESIAN_POINT('',(-2.36686761519,-0.202651900552,6.5000001));
#5845 = CARTESIAN_POINT('',(-2.373983906672,-0.210450576149,6.5100001));
#5846 = CARTESIAN_POINT('',(-2.373983906672,-0.210450576149,6.5000001));
#5847 = ADVANCED_FACE('',(#5848),#5858,.F.);
#5848 = FACE_BOUND('',#5849,.F.);
#5849 = EDGE_LOOP('',(#5850,#5851,#5852,#5857));
#5850 = ORIENTED_EDGE('',*,*,#5833,.F.);
#5851 = ORIENTED_EDGE('',*,*,#5615,.T.);
#5852 = ORIENTED_EDGE('',*,*,#5853,.T.);
#5853 = EDGE_CURVE('',#5616,#1586,#5854,.T.);
#5854 = B_SPLINE_CURVE_WITH_KNOTS('',1,(#5855,#5856),.UNSPECIFIED.,.F.,
  .F.,(2,2),(0.,1.E-02),.PIECEWISE_BEZIER_KNOTS.);
#5855 = CARTESIAN_POINT('',(-2.384707085617,-0.24193772887,6.5100001));
#5856 = CARTESIAN_POINT('',(-2.384707085617,-0.24193772887,6.5000001));
#5857 = ORIENTED_EDGE('',*,*,#1594,.F.);
#5858 = B_SPLINE_SURFACE_WITH_KNOTS('',3,1,(
    (#5859,#5860)
    ,(#5861,#5862)
    ,(#5863,#5864)
    ,(#5865,#5866
    )),.UNSPECIFIED.,.F.,.F.,.F.,(4,4),(2,2),(7.,8.),(0.,1.),
  .PIECEWISE_BEZIER_KNOTS.);
#5859 = CARTESIAN_POINT('',(-2.373983906672,-0.210450576149,6.5100001));
#5860 = CARTESIAN_POINT('',(-2.373983906672,-0.210450576149,6.5000001));
#5861 = CARTESIAN_POINT('',(-2.381100198154,-0.218249251745,6.5100001));
#5862 = CARTESIAN_POINT('',(-2.381100198154,-0.218249251745,6.5000001));
#5863 = CARTESIAN_POINT('',(-2.384707085617,-0.228728722078,6.5100001));
#5864 = CARTESIAN_POINT('',(-2.384707085617,-0.228728722078,6.5000001));
#5865 = CARTESIAN_POINT('',(-2.384707085617,-0.24193772887,6.5100001));
#5866 = CARTESIAN_POINT('',(-2.384707085617,-0.24193772887,6.5000001));
#5867 = ADVANCED_FACE('',(#5868),#5878,.F.);
#5868 = FACE_BOUND('',#5869,.F.);
#5869 = EDGE_LOOP('',(#5870,#5871,#5872,#5877));
#5870 = ORIENTED_EDGE('',*,*,#5853,.F.);
#5871 = ORIENTED_EDGE('',*,*,#5624,.T.);
#5872 = ORIENTED_EDGE('',*,*,#5873,.T.);
#5873 = EDGE_CURVE('',#5625,#1579,#5874,.T.);
#5874 = B_SPLINE_CURVE_WITH_KNOTS('',1,(#5875,#5876),.UNSPECIFIED.,.F.,
  .F.,(2,2),(0.,1.E-02),.PIECEWISE_BEZIER_KNOTS.);
#5875 = CARTESIAN_POINT('',(-2.360433707823,-0.283660643312,6.5100001));
#5876 = CARTESIAN_POINT('',(-2.360433707823,-0.283660643312,6.5000001));
#5877 = ORIENTED_EDGE('',*,*,#1585,.F.);
#5878 = B_SPLINE_SURFACE_WITH_KNOTS('',3,1,(
    (#5879,#5880)
    ,(#5881,#5882)
    ,(#5883,#5884)
    ,(#5885,#5886
    )),.UNSPECIFIED.,.F.,.F.,.F.,(4,4),(2,2),(6.,7.),(0.,1.),
  .PIECEWISE_BEZIER_KNOTS.);
#5879 = CARTESIAN_POINT('',(-2.384707085617,-0.24193772887,6.5100001));
#5880 = CARTESIAN_POINT('',(-2.384707085617,-0.24193772887,6.5000001));
#5881 = CARTESIAN_POINT('',(-2.384707085617,-0.260313358244,6.5100001));
#5882 = CARTESIAN_POINT('',(-2.384707085617,-0.260313358244,6.5000001));
#5883 = CARTESIAN_POINT('',(-2.376615959685,-0.274253490874,6.5100001));
#5884 = CARTESIAN_POINT('',(-2.376615959685,-0.274253490874,6.5000001));
#5885 = CARTESIAN_POINT('',(-2.360433707823,-0.283660643312,6.5100001));
#5886 = CARTESIAN_POINT('',(-2.360433707823,-0.283660643312,6.5000001));
#5887 = ADVANCED_FACE('',(#5888),#5898,.F.);
#5888 = FACE_BOUND('',#5889,.T.);
#5889 = EDGE_LOOP('',(#5890,#5891,#5896,#5897));
#5890 = ORIENTED_EDGE('',*,*,#1578,.T.);
#5891 = ORIENTED_EDGE('',*,*,#5892,.F.);
#5892 = EDGE_CURVE('',#5634,#1572,#5893,.T.);
#5893 = B_SPLINE_CURVE_WITH_KNOTS('',1,(#5894,#5895),.UNSPECIFIED.,.F.,
  .F.,(2,2),(0.,1.E-02),.PIECEWISE_BEZIER_KNOTS.);
#5894 = CARTESIAN_POINT('',(-2.360433707823,-0.284294285704,6.5100001));
#5895 = CARTESIAN_POINT('',(-2.360433707823,-0.284294285704,6.5000001));
#5896 = ORIENTED_EDGE('',*,*,#5633,.F.);
#5897 = ORIENTED_EDGE('',*,*,#5873,.T.);
#5898 = B_SPLINE_SURFACE_WITH_KNOTS('',1,1,(
    (#5899,#5900)
    ,(#5901,#5902
    )),.UNSPECIFIED.,.F.,.F.,.F.,(2,2),(2,2),(-6.336423921533E-04,
    7.88860905221E-33),(-4.424701175406E-18,1.E-02),
  .PIECEWISE_BEZIER_KNOTS.);
#5899 = CARTESIAN_POINT('',(-2.360433707823,-0.283660643312,6.5100001));
#5900 = CARTESIAN_POINT('',(-2.360433707823,-0.283660643312,6.5000001));
#5901 = CARTESIAN_POINT('',(-2.360433707823,-0.284294285704,6.5100001));
#5902 = CARTESIAN_POINT('',(-2.360433707823,-0.284294285704,6.5000001));
#5903 = ADVANCED_FACE('',(#5904),#5914,.F.);
#5904 = FACE_BOUND('',#5905,.T.);
#5905 = EDGE_LOOP('',(#5906,#5907,#5912,#5913));
#5906 = ORIENTED_EDGE('',*,*,#1571,.T.);
#5907 = ORIENTED_EDGE('',*,*,#5908,.F.);
#5908 = EDGE_CURVE('',#5641,#1565,#5909,.T.);
#5909 = B_SPLINE_CURVE_WITH_KNOTS('',1,(#5910,#5911),.UNSPECIFIED.,.F.,
  .F.,(2,2),(0.,1.E-02),.PIECEWISE_BEZIER_KNOTS.);
#5910 = CARTESIAN_POINT('',(-2.381490131933,-0.284294285704,6.5100001));
#5911 = CARTESIAN_POINT('',(-2.381490131933,-0.284294285704,6.5000001));
#5912 = ORIENTED_EDGE('',*,*,#5640,.F.);
#5913 = ORIENTED_EDGE('',*,*,#5892,.T.);
#5914 = B_SPLINE_SURFACE_WITH_KNOTS('',1,1,(
    (#5915,#5916)
    ,(#5917,#5918
    )),.UNSPECIFIED.,.F.,.F.,.F.,(2,2),(2,2),(-2.105642411019E-02,
    3.491481338843E-17),(0.,1.E-02),.PIECEWISE_BEZIER_KNOTS.);
#5915 = CARTESIAN_POINT('',(-2.360433707823,-0.284294285704,6.5100001));
#5916 = CARTESIAN_POINT('',(-2.360433707823,-0.284294285704,6.5000001));
#5917 = CARTESIAN_POINT('',(-2.381490131933,-0.284294285704,6.5100001));
#5918 = CARTESIAN_POINT('',(-2.381490131933,-0.284294285704,6.5000001));
#5919 = ADVANCED_FACE('',(#5920),#5930,.F.);
#5920 = FACE_BOUND('',#5921,.T.);
#5921 = EDGE_LOOP('',(#5922,#5923,#5928,#5929));
#5922 = ORIENTED_EDGE('',*,*,#1564,.T.);
#5923 = ORIENTED_EDGE('',*,*,#5924,.F.);
#5924 = EDGE_CURVE('',#5648,#1558,#5925,.T.);
#5925 = B_SPLINE_CURVE_WITH_KNOTS('',1,(#5926,#5927),.UNSPECIFIED.,.F.,
  .F.,(2,2),(0.,1.E-02),.PIECEWISE_BEZIER_KNOTS.);
#5926 = CARTESIAN_POINT('',(-2.381490131933,-0.308177729718,6.5100001));
#5927 = CARTESIAN_POINT('',(-2.381490131933,-0.308177729718,6.5000001));
#5928 = ORIENTED_EDGE('',*,*,#5647,.F.);
#5929 = ORIENTED_EDGE('',*,*,#5908,.T.);
#5930 = B_SPLINE_SURFACE_WITH_KNOTS('',1,1,(
    (#5931,#5932)
    ,(#5933,#5934
    )),.UNSPECIFIED.,.F.,.F.,.F.,(2,2),(2,2),(-2.388344401464E-02,
    7.88860905221E-33),(-1.667771981688E-16,1.E-02),
  .PIECEWISE_BEZIER_KNOTS.);
#5931 = CARTESIAN_POINT('',(-2.381490131933,-0.284294285704,6.5100001));
#5932 = CARTESIAN_POINT('',(-2.381490131933,-0.284294285704,6.5000001));
#5933 = CARTESIAN_POINT('',(-2.381490131933,-0.308177729718,6.5100001));
#5934 = CARTESIAN_POINT('',(-2.381490131933,-0.308177729718,6.5000001));
#5935 = ADVANCED_FACE('',(#5936),#5946,.F.);
#5936 = FACE_BOUND('',#5937,.T.);
#5937 = EDGE_LOOP('',(#5938,#5939,#5944,#5945));
#5938 = ORIENTED_EDGE('',*,*,#1557,.T.);
#5939 = ORIENTED_EDGE('',*,*,#5940,.F.);
#5940 = EDGE_CURVE('',#5655,#1549,#5941,.T.);
#5941 = B_SPLINE_CURVE_WITH_KNOTS('',1,(#5942,#5943),.UNSPECIFIED.,.F.,
  .F.,(2,2),(0.,1.E-02),.PIECEWISE_BEZIER_KNOTS.);
#5942 = CARTESIAN_POINT('',(-2.293852514917,-0.308177729718,6.5100001));
#5943 = CARTESIAN_POINT('',(-2.293852514917,-0.308177729718,6.5000001));
#5944 = ORIENTED_EDGE('',*,*,#5654,.F.);
#5945 = ORIENTED_EDGE('',*,*,#5924,.T.);
#5946 = B_SPLINE_SURFACE_WITH_KNOTS('',1,1,(
    (#5947,#5948)
    ,(#5949,#5950
    )),.UNSPECIFIED.,.F.,.F.,.F.,(2,2),(2,2),(-8.763761701558E-02,
    2.059633784283E-17),(0.,1.E-02),.PIECEWISE_BEZIER_KNOTS.);
#5947 = CARTESIAN_POINT('',(-2.381490131933,-0.308177729718,6.5100001));
#5948 = CARTESIAN_POINT('',(-2.381490131933,-0.308177729718,6.5000001));
#5949 = CARTESIAN_POINT('',(-2.293852514917,-0.308177729718,6.5100001));
#5950 = CARTESIAN_POINT('',(-2.293852514917,-0.308177729718,6.5000001));
#5951 = ADVANCED_FACE('',(#5952),#5962,.F.);
#5952 = FACE_BOUND('',#5953,.F.);
#5953 = EDGE_LOOP('',(#5954,#5955,#5956,#5961));
#5954 = ORIENTED_EDGE('',*,*,#5940,.F.);
#5955 = ORIENTED_EDGE('',*,*,#5661,.T.);
#5956 = ORIENTED_EDGE('',*,*,#5957,.T.);
#5957 = EDGE_CURVE('',#5662,#1540,#5958,.T.);
#5958 = B_SPLINE_CURVE_WITH_KNOTS('',1,(#5959,#5960),.UNSPECIFIED.,.F.,
  .F.,(2,2),(0.,1.E-02),.PIECEWISE_BEZIER_KNOTS.);
#5959 = CARTESIAN_POINT('',(-2.242186289089,-0.258948590015,6.5100001));
#5960 = CARTESIAN_POINT('',(-2.242186289089,-0.258948590015,6.5000001));
#5961 = ORIENTED_EDGE('',*,*,#1548,.F.);
#5962 = B_SPLINE_SURFACE_WITH_KNOTS('',3,1,(
    (#5963,#5964)
    ,(#5965,#5966)
    ,(#5967,#5968)
    ,(#5969,#5970
    )),.UNSPECIFIED.,.F.,.F.,.F.,(4,4),(2,2),(1.,2.),(0.,1.),
  .PIECEWISE_BEZIER_KNOTS.);
#5963 = CARTESIAN_POINT('',(-2.293852514917,-0.308177729718,6.5100001));
#5964 = CARTESIAN_POINT('',(-2.293852514917,-0.308177729718,6.5000001));
#5965 = CARTESIAN_POINT('',(-2.259343375402,-0.308177729718,6.5100001));
#5966 = CARTESIAN_POINT('',(-2.259343375402,-0.308177729718,6.5000001));
#5967 = CARTESIAN_POINT('',(-2.242186289089,-0.291751769243,6.5100001));
#5968 = CARTESIAN_POINT('',(-2.242186289089,-0.291751769243,6.5000001));
#5969 = CARTESIAN_POINT('',(-2.242186289089,-0.258948590015,6.5100001));
#5970 = CARTESIAN_POINT('',(-2.242186289089,-0.258948590015,6.5000001));
#5971 = ADVANCED_FACE('',(#5972),#5982,.F.);
#5972 = FACE_BOUND('',#5973,.F.);
#5973 = EDGE_LOOP('',(#5974,#5975,#5976,#5981));
#5974 = ORIENTED_EDGE('',*,*,#5957,.F.);
#5975 = ORIENTED_EDGE('',*,*,#5670,.T.);
#5976 = ORIENTED_EDGE('',*,*,#5977,.T.);
#5977 = EDGE_CURVE('',#5671,#1533,#5978,.T.);
#5978 = B_SPLINE_CURVE_WITH_KNOTS('',1,(#5979,#5980),.UNSPECIFIED.,.F.,
  .F.,(2,2),(0.,1.E-02),.PIECEWISE_BEZIER_KNOTS.);
#5979 = CARTESIAN_POINT('',(-2.254859136933,-0.21205905299,6.5100001));
#5980 = CARTESIAN_POINT('',(-2.254859136933,-0.21205905299,6.5000001));
#5981 = ORIENTED_EDGE('',*,*,#1539,.F.);
#5982 = B_SPLINE_SURFACE_WITH_KNOTS('',3,1,(
    (#5983,#5984)
    ,(#5985,#5986)
    ,(#5987,#5988)
    ,(#5989,#5990
    )),.UNSPECIFIED.,.F.,.F.,.F.,(4,4),(2,2),(0.,1.),(0.,1.),
  .PIECEWISE_BEZIER_KNOTS.);
#5983 = CARTESIAN_POINT('',(-2.242186289089,-0.258948590015,6.5100001));
#5984 = CARTESIAN_POINT('',(-2.242186289089,-0.258948590015,6.5000001));
#5985 = CARTESIAN_POINT('',(-2.242186289089,-0.241206603033,6.5100001));
#5986 = CARTESIAN_POINT('',(-2.242186289089,-0.241206603033,6.5000001));
#5987 = CARTESIAN_POINT('',(-2.246378077223,-0.225560510117,6.5100001));
#5988 = CARTESIAN_POINT('',(-2.246378077223,-0.225560510117,6.5000001));
#5989 = CARTESIAN_POINT('',(-2.254859136933,-0.21205905299,6.5100001));
#5990 = CARTESIAN_POINT('',(-2.254859136933,-0.21205905299,6.5000001));
#5991 = ADVANCED_FACE('',(#5992),#6002,.F.);
#5992 = FACE_BOUND('',#5993,.T.);
#5993 = EDGE_LOOP('',(#5994,#5995,#6000,#6001));
#5994 = ORIENTED_EDGE('',*,*,#1532,.T.);
#5995 = ORIENTED_EDGE('',*,*,#5996,.F.);
#5996 = EDGE_CURVE('',#5680,#1524,#5997,.T.);
#5997 = B_SPLINE_CURVE_WITH_KNOTS('',1,(#5998,#5999),.UNSPECIFIED.,.F.,
  .F.,(2,2),(0.,1.E-02),.PIECEWISE_BEZIER_KNOTS.);
#5998 = CARTESIAN_POINT('',(-2.278060196834,-0.21205905299,6.5100001));
#5999 = CARTESIAN_POINT('',(-2.278060196834,-0.21205905299,6.5000001));
#6000 = ORIENTED_EDGE('',*,*,#5679,.F.);
#6001 = ORIENTED_EDGE('',*,*,#5977,.T.);
#6002 = B_SPLINE_SURFACE_WITH_KNOTS('',1,1,(
    (#6003,#6004)
    ,(#6005,#6006
    )),.UNSPECIFIED.,.F.,.F.,.F.,(2,2),(2,2),(-2.320105990071E-02,0.),(
    0.,1.E-02),.PIECEWISE_BEZIER_KNOTS.);
#6003 = CARTESIAN_POINT('',(-2.254859136933,-0.21205905299,6.5100001));
#6004 = CARTESIAN_POINT('',(-2.254859136933,-0.21205905299,6.5000001));
#6005 = CARTESIAN_POINT('',(-2.278060196834,-0.21205905299,6.5100001));
#6006 = CARTESIAN_POINT('',(-2.278060196834,-0.21205905299,6.5000001));
#6007 = ADVANCED_FACE('',(#6008),#6014,.F.);
#6008 = FACE_BOUND('',#6009,.F.);
#6009 = EDGE_LOOP('',(#6010,#6011,#6012,#6013));
#6010 = ORIENTED_EDGE('',*,*,#5996,.F.);
#6011 = ORIENTED_EDGE('',*,*,#5686,.T.);
#6012 = ORIENTED_EDGE('',*,*,#5771,.T.);
#6013 = ORIENTED_EDGE('',*,*,#1523,.F.);
#6014 = B_SPLINE_SURFACE_WITH_KNOTS('',3,1,(
    (#6015,#6016)
    ,(#6017,#6018)
    ,(#6019,#6020)
    ,(#6021,#6022
    )),.UNSPECIFIED.,.F.,.F.,.F.,(4,4),(2,2),(12.,13.),(0.,1.),
  .PIECEWISE_BEZIER_KNOTS.);
#6015 = CARTESIAN_POINT('',(-2.278060196834,-0.21205905299,6.5100001));
#6016 = CARTESIAN_POINT('',(-2.278060196834,-0.21205905299,6.5000001));
#6017 = CARTESIAN_POINT('',(-2.267142050998,-0.225511768395,6.5100001));
#6018 = CARTESIAN_POINT('',(-2.267142050998,-0.225511768395,6.5000001));
#6019 = CARTESIAN_POINT('',(-2.261585494636,-0.240377993751,6.5100001));
#6020 = CARTESIAN_POINT('',(-2.261585494636,-0.240377993751,6.5000001));
#6021 = CARTESIAN_POINT('',(-2.261585494636,-0.256706470781,6.5100001));
#6022 = CARTESIAN_POINT('',(-2.261585494636,-0.256706470781,6.5000001));
#6023 = ADVANCED_FACE('',(#6024),#6048,.T.);
#6024 = FACE_BOUND('',#6025,.T.);
#6025 = EDGE_LOOP('',(#6026,#6037,#6042,#6043));
#6026 = ORIENTED_EDGE('',*,*,#6027,.F.);
#6027 = EDGE_CURVE('',#6028,#6030,#6032,.T.);
#6028 = VERTEX_POINT('',#6029);
#6029 = CARTESIAN_POINT('',(-2.365112913181,-0.248127927625,6.5000001));
#6030 = VERTEX_POINT('',#6031);
#6031 = CARTESIAN_POINT('',(-2.353999800455,-0.274058523983,6.5000001));
#6032 = B_SPLINE_CURVE_WITH_KNOTS('',3,(#6033,#6034,#6035,#6036),
  .UNSPECIFIED.,.F.,.F.,(4,4),(4.,5.),.PIECEWISE_BEZIER_KNOTS.);
#6033 = CARTESIAN_POINT('',(-2.365112913181,-0.248127927625,6.5000001));
#6034 = CARTESIAN_POINT('',(-2.365112913181,-0.258607397958,6.5000001));
#6035 = CARTESIAN_POINT('',(-2.361408542273,-0.267283424559,6.5000001));
#6036 = CARTESIAN_POINT('',(-2.353999800455,-0.274058523983,6.5000001));
#6037 = ORIENTED_EDGE('',*,*,#6038,.F.);
#6038 = EDGE_CURVE('',#5696,#6028,#6039,.T.);
#6039 = B_SPLINE_CURVE_WITH_KNOTS('',1,(#6040,#6041),.UNSPECIFIED.,.F.,
  .F.,(2,2),(0.,1.E-02),.PIECEWISE_BEZIER_KNOTS.);
#6040 = CARTESIAN_POINT('',(-2.365112913181,-0.248127927625,6.5100001));
#6041 = CARTESIAN_POINT('',(-2.365112913181,-0.248127927625,6.5000001));
#6042 = ORIENTED_EDGE('',*,*,#5695,.T.);
#6043 = ORIENTED_EDGE('',*,*,#6044,.T.);
#6044 = EDGE_CURVE('',#5698,#6030,#6045,.T.);
#6045 = B_SPLINE_CURVE_WITH_KNOTS('',1,(#6046,#6047),.UNSPECIFIED.,.F.,
  .F.,(2,2),(0.,1.E-02),.PIECEWISE_BEZIER_KNOTS.);
#6046 = CARTESIAN_POINT('',(-2.353999800455,-0.274058523983,6.5100001));
#6047 = CARTESIAN_POINT('',(-2.353999800455,-0.274058523983,6.5000001));
#6048 = B_SPLINE_SURFACE_WITH_KNOTS('',3,1,(
    (#6049,#6050)
    ,(#6051,#6052)
    ,(#6053,#6054)
    ,(#6055,#6056
    )),.UNSPECIFIED.,.F.,.F.,.F.,(4,4),(2,2),(4.,5.),(0.,1.),
  .PIECEWISE_BEZIER_KNOTS.);
#6049 = CARTESIAN_POINT('',(-2.365112913181,-0.248127927625,6.5100001));
#6050 = CARTESIAN_POINT('',(-2.365112913181,-0.248127927625,6.5000001));
#6051 = CARTESIAN_POINT('',(-2.365112913181,-0.258607397958,6.5100001));
#6052 = CARTESIAN_POINT('',(-2.365112913181,-0.258607397958,6.5000001));
#6053 = CARTESIAN_POINT('',(-2.361408542273,-0.267283424559,6.5100001));
#6054 = CARTESIAN_POINT('',(-2.361408542273,-0.267283424559,6.5000001));
#6055 = CARTESIAN_POINT('',(-2.353999800455,-0.274058523983,6.5100001));
#6056 = CARTESIAN_POINT('',(-2.353999800455,-0.274058523983,6.5000001));
#6057 = ADVANCED_FACE('',(#6058),#6076,.T.);
#6058 = FACE_BOUND('',#6059,.T.);
#6059 = EDGE_LOOP('',(#6060,#6069,#6070,#6071));
#6060 = ORIENTED_EDGE('',*,*,#6061,.F.);
#6061 = EDGE_CURVE('',#6030,#6062,#6064,.T.);
#6062 = VERTEX_POINT('',#6063);
#6063 = CARTESIAN_POINT('',(-2.326217018643,-0.284294285704,6.5000001));
#6064 = B_SPLINE_CURVE_WITH_KNOTS('',3,(#6065,#6066,#6067,#6068),
  .UNSPECIFIED.,.F.,.F.,(4,4),(5.,6.),.PIECEWISE_BEZIER_KNOTS.);
#6065 = CARTESIAN_POINT('',(-2.353999800455,-0.274058523983,6.5000001));
#6066 = CARTESIAN_POINT('',(-2.346688542084,-0.28088236513,6.5000001));
#6067 = CARTESIAN_POINT('',(-2.337427614813,-0.284294285704,6.5000001));
#6068 = CARTESIAN_POINT('',(-2.326217018643,-0.284294285704,6.5000001));
#6069 = ORIENTED_EDGE('',*,*,#6044,.F.);
#6070 = ORIENTED_EDGE('',*,*,#5756,.T.);
#6071 = ORIENTED_EDGE('',*,*,#6072,.T.);
#6072 = EDGE_CURVE('',#5750,#6062,#6073,.T.);
#6073 = B_SPLINE_CURVE_WITH_KNOTS('',1,(#6074,#6075),.UNSPECIFIED.,.F.,
  .F.,(2,2),(0.,1.E-02),.PIECEWISE_BEZIER_KNOTS.);
#6074 = CARTESIAN_POINT('',(-2.326217018643,-0.284294285704,6.5100001));
#6075 = CARTESIAN_POINT('',(-2.326217018643,-0.284294285704,6.5000001));
#6076 = B_SPLINE_SURFACE_WITH_KNOTS('',3,1,(
    (#6077,#6078)
    ,(#6079,#6080)
    ,(#6081,#6082)
    ,(#6083,#6084
    )),.UNSPECIFIED.,.F.,.F.,.F.,(4,4),(2,2),(5.,6.),(0.,1.),
  .PIECEWISE_BEZIER_KNOTS.);
#6077 = CARTESIAN_POINT('',(-2.353999800455,-0.274058523983,6.5100001));
#6078 = CARTESIAN_POINT('',(-2.353999800455,-0.274058523983,6.5000001));
#6079 = CARTESIAN_POINT('',(-2.346688542084,-0.28088236513,6.5100001));
#6080 = CARTESIAN_POINT('',(-2.346688542084,-0.28088236513,6.5000001));
#6081 = CARTESIAN_POINT('',(-2.337427614813,-0.284294285704,6.5100001));
#6082 = CARTESIAN_POINT('',(-2.337427614813,-0.284294285704,6.5000001));
#6083 = CARTESIAN_POINT('',(-2.326217018643,-0.284294285704,6.5100001));
#6084 = CARTESIAN_POINT('',(-2.326217018643,-0.284294285704,6.5000001));
#6085 = ADVANCED_FACE('',(#6086),#6102,.T.);
#6086 = FACE_BOUND('',#6087,.T.);
#6087 = EDGE_LOOP('',(#6088,#6095,#6096,#6097));
#6088 = ORIENTED_EDGE('',*,*,#6089,.F.);
#6089 = EDGE_CURVE('',#6062,#6090,#6092,.T.);
#6090 = VERTEX_POINT('',#6091);
#6091 = CARTESIAN_POINT('',(-2.313154237018,-0.284294285704,6.5000001));
#6092 = B_SPLINE_CURVE_WITH_KNOTS('',1,(#6093,#6094),.UNSPECIFIED.,.F.,
  .F.,(2,2),(0.,1.306278162499E-02),.PIECEWISE_BEZIER_KNOTS.);
#6093 = CARTESIAN_POINT('',(-2.326217018643,-0.284294285704,6.5000001));
#6094 = CARTESIAN_POINT('',(-2.313154237018,-0.284294285704,6.5000001));
#6095 = ORIENTED_EDGE('',*,*,#6072,.F.);
#6096 = ORIENTED_EDGE('',*,*,#5749,.T.);
#6097 = ORIENTED_EDGE('',*,*,#6098,.T.);
#6098 = EDGE_CURVE('',#5743,#6090,#6099,.T.);
#6099 = B_SPLINE_CURVE_WITH_KNOTS('',1,(#6100,#6101),.UNSPECIFIED.,.F.,
  .F.,(2,2),(0.,1.E-02),.PIECEWISE_BEZIER_KNOTS.);
#6100 = CARTESIAN_POINT('',(-2.313154237018,-0.284294285704,6.5100001));
#6101 = CARTESIAN_POINT('',(-2.313154237018,-0.284294285704,6.5000001));
#6102 = B_SPLINE_SURFACE_WITH_KNOTS('',1,1,(
    (#6103,#6104)
    ,(#6105,#6106
    )),.UNSPECIFIED.,.F.,.F.,.F.,(2,2),(2,2),(-3.491481338843E-17,
    1.306278162499E-02),(-3.98480751573E-16,1.E-02),
  .PIECEWISE_BEZIER_KNOTS.);
#6103 = CARTESIAN_POINT('',(-2.326217018643,-0.284294285704,6.5100001));
#6104 = CARTESIAN_POINT('',(-2.326217018643,-0.284294285704,6.5000001));
#6105 = CARTESIAN_POINT('',(-2.313154237018,-0.284294285704,6.5100001));
#6106 = CARTESIAN_POINT('',(-2.313154237018,-0.284294285704,6.5000001));
#6107 = ADVANCED_FACE('',(#6108),#6124,.T.);
#6108 = FACE_BOUND('',#6109,.T.);
#6109 = EDGE_LOOP('',(#6110,#6117,#6118,#6119));
#6110 = ORIENTED_EDGE('',*,*,#6111,.F.);
#6111 = EDGE_CURVE('',#6090,#6112,#6114,.T.);
#6112 = VERTEX_POINT('',#6113);
#6113 = CARTESIAN_POINT('',(-2.317443508596,-0.252417199203,6.5000001));
#6114 = B_SPLINE_CURVE_WITH_KNOTS('',1,(#6115,#6116),.UNSPECIFIED.,.F.,
  .F.,(2,2),(0.,3.216436684398E-02),.PIECEWISE_BEZIER_KNOTS.);
#6115 = CARTESIAN_POINT('',(-2.313154237018,-0.284294285704,6.5000001));
#6116 = CARTESIAN_POINT('',(-2.317443508596,-0.252417199203,6.5000001));
#6117 = ORIENTED_EDGE('',*,*,#6098,.F.);
#6118 = ORIENTED_EDGE('',*,*,#5742,.T.);
#6119 = ORIENTED_EDGE('',*,*,#6120,.T.);
#6120 = EDGE_CURVE('',#5734,#6112,#6121,.T.);
#6121 = B_SPLINE_CURVE_WITH_KNOTS('',1,(#6122,#6123),.UNSPECIFIED.,.F.,
  .F.,(2,2),(0.,1.E-02),.PIECEWISE_BEZIER_KNOTS.);
#6122 = CARTESIAN_POINT('',(-2.317443508596,-0.252417199203,6.5100001));
#6123 = CARTESIAN_POINT('',(-2.317443508596,-0.252417199203,6.5000001));
#6124 = B_SPLINE_SURFACE_WITH_KNOTS('',1,1,(
    (#6125,#6126)
    ,(#6127,#6128
    )),.UNSPECIFIED.,.F.,.F.,.F.,(2,2),(2,2),(0.,3.216436684398E-02),(0.
    ,1.E-02),.PIECEWISE_BEZIER_KNOTS.);
#6125 = CARTESIAN_POINT('',(-2.313154237018,-0.284294285704,6.5100001));
#6126 = CARTESIAN_POINT('',(-2.313154237018,-0.284294285704,6.5000001));
#6127 = CARTESIAN_POINT('',(-2.317443508596,-0.252417199203,6.5100001));
#6128 = CARTESIAN_POINT('',(-2.317443508596,-0.252417199203,6.5000001));
#6129 = ADVANCED_FACE('',(#6130),#6148,.T.);
#6130 = FACE_BOUND('',#6131,.T.);
#6131 = EDGE_LOOP('',(#6132,#6141,#6142,#6143));
#6132 = ORIENTED_EDGE('',*,*,#6133,.F.);
#6133 = EDGE_CURVE('',#6112,#6134,#6136,.T.);
#6134 = VERTEX_POINT('',#6135);
#6135 = CARTESIAN_POINT('',(-2.325827084863,-0.229313622748,6.5000001));
#6136 = B_SPLINE_CURVE_WITH_KNOTS('',3,(#6137,#6138,#6139,#6140),
  .UNSPECIFIED.,.F.,.F.,(4,4),(0.,1.),.PIECEWISE_BEZIER_KNOTS.);
#6137 = CARTESIAN_POINT('',(-2.317443508596,-0.252417199203,6.5000001));
#6138 = CARTESIAN_POINT('',(-2.319003243716,-0.241255344755,6.5000001));
#6139 = CARTESIAN_POINT('',(-2.321732780175,-0.233554152604,6.5000001));
#6140 = CARTESIAN_POINT('',(-2.325827084863,-0.229313622748,6.5000001));
#6141 = ORIENTED_EDGE('',*,*,#6120,.F.);
#6142 = ORIENTED_EDGE('',*,*,#5733,.T.);
#6143 = ORIENTED_EDGE('',*,*,#6144,.T.);
#6144 = EDGE_CURVE('',#5725,#6134,#6145,.T.);
#6145 = B_SPLINE_CURVE_WITH_KNOTS('',1,(#6146,#6147),.UNSPECIFIED.,.F.,
  .F.,(2,2),(0.,1.E-02),.PIECEWISE_BEZIER_KNOTS.);
#6146 = CARTESIAN_POINT('',(-2.325827084863,-0.229313622748,6.5100001));
#6147 = CARTESIAN_POINT('',(-2.325827084863,-0.229313622748,6.5000001));
#6148 = B_SPLINE_SURFACE_WITH_KNOTS('',3,1,(
    (#6149,#6150)
    ,(#6151,#6152)
    ,(#6153,#6154)
    ,(#6155,#6156
    )),.UNSPECIFIED.,.F.,.F.,.F.,(4,4),(2,2),(0.,1.),(0.,1.),
  .PIECEWISE_BEZIER_KNOTS.);
#6149 = CARTESIAN_POINT('',(-2.317443508596,-0.252417199203,6.5100001));
#6150 = CARTESIAN_POINT('',(-2.317443508596,-0.252417199203,6.5000001));
#6151 = CARTESIAN_POINT('',(-2.319003243716,-0.241255344755,6.5100001));
#6152 = CARTESIAN_POINT('',(-2.319003243716,-0.241255344755,6.5000001));
#6153 = CARTESIAN_POINT('',(-2.321732780175,-0.233554152604,6.5100001));
#6154 = CARTESIAN_POINT('',(-2.321732780175,-0.233554152604,6.5000001));
#6155 = CARTESIAN_POINT('',(-2.325827084863,-0.229313622748,6.5100001));
#6156 = CARTESIAN_POINT('',(-2.325827084863,-0.229313622748,6.5000001));
#6157 = ADVANCED_FACE('',(#6158),#6176,.T.);
#6158 = FACE_BOUND('',#6159,.T.);
#6159 = EDGE_LOOP('',(#6160,#6169,#6170,#6171));
#6160 = ORIENTED_EDGE('',*,*,#6161,.F.);
#6161 = EDGE_CURVE('',#6134,#6162,#6164,.T.);
#6162 = VERTEX_POINT('',#6163);
#6163 = CARTESIAN_POINT('',(-2.343081654621,-0.222977198826,6.5000001));
#6164 = B_SPLINE_CURVE_WITH_KNOTS('',3,(#6165,#6166,#6167,#6168),
  .UNSPECIFIED.,.F.,.F.,(4,4),(1.,2.),.PIECEWISE_BEZIER_KNOTS.);
#6165 = CARTESIAN_POINT('',(-2.325827084863,-0.229313622748,6.5000001));
#6166 = CARTESIAN_POINT('',(-2.329921389551,-0.225121834615,6.5000001));
#6167 = CARTESIAN_POINT('',(-2.335672912803,-0.222977198826,6.5000001));
#6168 = CARTESIAN_POINT('',(-2.343081654621,-0.222977198826,6.5000001));
#6169 = ORIENTED_EDGE('',*,*,#6144,.F.);
#6170 = ORIENTED_EDGE('',*,*,#5724,.T.);
#6171 = ORIENTED_EDGE('',*,*,#6172,.T.);
#6172 = EDGE_CURVE('',#5716,#6162,#6173,.T.);
#6173 = B_SPLINE_CURVE_WITH_KNOTS('',1,(#6174,#6175),.UNSPECIFIED.,.F.,
  .F.,(2,2),(0.,1.E-02),.PIECEWISE_BEZIER_KNOTS.);
#6174 = CARTESIAN_POINT('',(-2.343081654621,-0.222977198826,6.5100001));
#6175 = CARTESIAN_POINT('',(-2.343081654621,-0.222977198826,6.5000001));
#6176 = B_SPLINE_SURFACE_WITH_KNOTS('',3,1,(
    (#6177,#6178)
    ,(#6179,#6180)
    ,(#6181,#6182)
    ,(#6183,#6184
    )),.UNSPECIFIED.,.F.,.F.,.F.,(4,4),(2,2),(1.,2.),(0.,1.),
  .PIECEWISE_BEZIER_KNOTS.);
#6177 = CARTESIAN_POINT('',(-2.325827084863,-0.229313622748,6.5100001));
#6178 = CARTESIAN_POINT('',(-2.325827084863,-0.229313622748,6.5000001));
#6179 = CARTESIAN_POINT('',(-2.329921389551,-0.225121834615,6.5100001));
#6180 = CARTESIAN_POINT('',(-2.329921389551,-0.225121834615,6.5000001));
#6181 = CARTESIAN_POINT('',(-2.335672912803,-0.222977198826,6.5100001));
#6182 = CARTESIAN_POINT('',(-2.335672912803,-0.222977198826,6.5000001));
#6183 = CARTESIAN_POINT('',(-2.343081654621,-0.222977198826,6.5100001));
#6184 = CARTESIAN_POINT('',(-2.343081654621,-0.222977198826,6.5000001));
#6185 = ADVANCED_FACE('',(#6186),#6204,.T.);
#6186 = FACE_BOUND('',#6187,.T.);
#6187 = EDGE_LOOP('',(#6188,#6197,#6198,#6199));
#6188 = ORIENTED_EDGE('',*,*,#6189,.F.);
#6189 = EDGE_CURVE('',#6162,#6190,#6192,.T.);
#6190 = VERTEX_POINT('',#6191);
#6191 = CARTESIAN_POINT('',(-2.358971456149,-0.229898523418,6.5000001));
#6192 = B_SPLINE_CURVE_WITH_KNOTS('',3,(#6193,#6194,#6195,#6196),
  .UNSPECIFIED.,.F.,.F.,(4,4),(2.,3.),.PIECEWISE_BEZIER_KNOTS.);
#6193 = CARTESIAN_POINT('',(-2.343081654621,-0.222977198826,6.5000001));
#6194 = CARTESIAN_POINT('',(-2.349613045432,-0.222977198826,6.5000001));
#6195 = CARTESIAN_POINT('',(-2.35487715146,-0.225268059782,6.5000001));
#6196 = CARTESIAN_POINT('',(-2.358971456149,-0.229898523418,6.5000001));
#6197 = ORIENTED_EDGE('',*,*,#6172,.F.);
#6198 = ORIENTED_EDGE('',*,*,#5715,.T.);
#6199 = ORIENTED_EDGE('',*,*,#6200,.T.);
#6200 = EDGE_CURVE('',#5707,#6190,#6201,.T.);
#6201 = B_SPLINE_CURVE_WITH_KNOTS('',1,(#6202,#6203),.UNSPECIFIED.,.F.,
  .F.,(2,2),(0.,1.E-02),.PIECEWISE_BEZIER_KNOTS.);
#6202 = CARTESIAN_POINT('',(-2.358971456149,-0.229898523418,6.5100001));
#6203 = CARTESIAN_POINT('',(-2.358971456149,-0.229898523418,6.5000001));
#6204 = B_SPLINE_SURFACE_WITH_KNOTS('',3,1,(
    (#6205,#6206)
    ,(#6207,#6208)
    ,(#6209,#6210)
    ,(#6211,#6212
    )),.UNSPECIFIED.,.F.,.F.,.F.,(4,4),(2,2),(2.,3.),(0.,1.),
  .PIECEWISE_BEZIER_KNOTS.);
#6205 = CARTESIAN_POINT('',(-2.343081654621,-0.222977198826,6.5100001));
#6206 = CARTESIAN_POINT('',(-2.343081654621,-0.222977198826,6.5000001));
#6207 = CARTESIAN_POINT('',(-2.349613045432,-0.222977198826,6.5100001));
#6208 = CARTESIAN_POINT('',(-2.349613045432,-0.222977198826,6.5000001));
#6209 = CARTESIAN_POINT('',(-2.35487715146,-0.225268059782,6.5100001));
#6210 = CARTESIAN_POINT('',(-2.35487715146,-0.225268059782,6.5000001));
#6211 = CARTESIAN_POINT('',(-2.358971456149,-0.229898523418,6.5100001));
#6212 = CARTESIAN_POINT('',(-2.358971456149,-0.229898523418,6.5000001));
#6213 = ADVANCED_FACE('',(#6214),#6226,.T.);
#6214 = FACE_BOUND('',#6215,.T.);
#6215 = EDGE_LOOP('',(#6216,#6223,#6224,#6225));
#6216 = ORIENTED_EDGE('',*,*,#6217,.F.);
#6217 = EDGE_CURVE('',#6190,#6028,#6218,.T.);
#6218 = B_SPLINE_CURVE_WITH_KNOTS('',3,(#6219,#6220,#6221,#6222),
  .UNSPECIFIED.,.F.,.F.,(4,4),(3.,4.),.PIECEWISE_BEZIER_KNOTS.);
#6219 = CARTESIAN_POINT('',(-2.358971456149,-0.229898523418,6.5000001));
#6220 = CARTESIAN_POINT('',(-2.363065760836,-0.234480245331,6.5000001));
#6221 = CARTESIAN_POINT('',(-2.365112913181,-0.24057296064,6.5000001));
#6222 = CARTESIAN_POINT('',(-2.365112913181,-0.248127927625,6.5000001));
#6223 = ORIENTED_EDGE('',*,*,#6200,.F.);
#6224 = ORIENTED_EDGE('',*,*,#5706,.T.);
#6225 = ORIENTED_EDGE('',*,*,#6038,.T.);
#6226 = B_SPLINE_SURFACE_WITH_KNOTS('',3,1,(
    (#6227,#6228)
    ,(#6229,#6230)
    ,(#6231,#6232)
    ,(#6233,#6234
    )),.UNSPECIFIED.,.F.,.F.,.F.,(4,4),(2,2),(3.,4.),(0.,1.),
  .PIECEWISE_BEZIER_KNOTS.);
#6227 = CARTESIAN_POINT('',(-2.358971456149,-0.229898523418,6.5100001));
#6228 = CARTESIAN_POINT('',(-2.358971456149,-0.229898523418,6.5000001));
#6229 = CARTESIAN_POINT('',(-2.363065760836,-0.234480245331,6.5100001));
#6230 = CARTESIAN_POINT('',(-2.363065760836,-0.234480245331,6.5000001));
#6231 = CARTESIAN_POINT('',(-2.365112913181,-0.24057296064,6.5100001));
#6232 = CARTESIAN_POINT('',(-2.365112913181,-0.24057296064,6.5000001));
#6233 = CARTESIAN_POINT('',(-2.365112913181,-0.248127927625,6.5100001));
#6234 = CARTESIAN_POINT('',(-2.365112913181,-0.248127927625,6.5000001));
#6235 = ADVANCED_FACE('',(#6236),#6246,.F.);
#6236 = FACE_BOUND('',#6237,.T.);
#6237 = EDGE_LOOP('',(#6238,#6239,#6240,#6241,#6242,#6243,#6244,#6245));
#6238 = ORIENTED_EDGE('',*,*,#6217,.T.);
#6239 = ORIENTED_EDGE('',*,*,#6027,.T.);
#6240 = ORIENTED_EDGE('',*,*,#6061,.T.);
#6241 = ORIENTED_EDGE('',*,*,#6089,.T.);
#6242 = ORIENTED_EDGE('',*,*,#6111,.T.);
#6243 = ORIENTED_EDGE('',*,*,#6133,.T.);
#6244 = ORIENTED_EDGE('',*,*,#6161,.T.);
#6245 = ORIENTED_EDGE('',*,*,#6189,.T.);
#6246 = B_SPLINE_SURFACE_WITH_KNOTS('',1,1,(
    (#6247,#6248)
    ,(#6249,#6250
    )),.UNSPECIFIED.,.F.,.F.,.F.,(2,2),(2,2),(-1.115112913181,
    -1.063154237018),(3.472977198826,3.534294285704),
  .PIECEWISE_BEZIER_KNOTS.);
#6247 = CARTESIAN_POINT('',(-2.365112913181,-0.222977198826,6.5000001));
#6248 = CARTESIAN_POINT('',(-2.365112913181,-0.284294285704,6.5000001));
#6249 = CARTESIAN_POINT('',(-2.313154237018,-0.222977198826,6.5000001));
#6250 = CARTESIAN_POINT('',(-2.313154237018,-0.284294285704,6.5000001));
#6251 = ADVANCED_FACE('',(#6252,#6541),#6566,.F.);
#6252 = FACE_BOUND('',#6253,.T.);
#6253 = EDGE_LOOP('',(#6254,#6265,#6274,#6283,#6292,#6301,#6310,#6319,
    #6328,#6337,#6346,#6355,#6364,#6373,#6380,#6387,#6394,#6403,#6412,
    #6421,#6430,#6439,#6448,#6457,#6466,#6475,#6484,#6491,#6500,#6509,
    #6518,#6525,#6534));
#6254 = ORIENTED_EDGE('',*,*,#6255,.T.);
#6255 = EDGE_CURVE('',#6256,#6258,#6260,.T.);
#6256 = VERTEX_POINT('',#6257);
#6257 = CARTESIAN_POINT('',(-2.192353661914,8.282116014622E-02,6.5100001
    ));
#6258 = VERTEX_POINT('',#6259);
#6259 = CARTESIAN_POINT('',(-2.014757222596,0.217035267287,6.5100001));
#6260 = B_SPLINE_CURVE_WITH_KNOTS('',3,(#6261,#6262,#6263,#6264),
  .UNSPECIFIED.,.F.,.F.,(4,4),(35.,36.),.PIECEWISE_BEZIER_KNOTS.);
#6261 = CARTESIAN_POINT('',(-2.192353661914,8.282116014622E-02,6.5100001
    ));
#6262 = CARTESIAN_POINT('',(-2.111011811709,8.417683782561E-02,6.5100001
    ));
#6263 = CARTESIAN_POINT('',(-2.03915978283,0.139760501835,6.5100001));
#6264 = CARTESIAN_POINT('',(-2.014757222596,0.217035267287,6.5100001));
#6265 = ORIENTED_EDGE('',*,*,#6266,.T.);
#6266 = EDGE_CURVE('',#6258,#6267,#6269,.T.);
#6267 = VERTEX_POINT('',#6268);
#6268 = CARTESIAN_POINT('',(-1.907657050441,0.290242999702,6.5100001));
#6269 = B_SPLINE_CURVE_WITH_KNOTS('',3,(#6270,#6271,#6272,#6273),
  .UNSPECIFIED.,.F.,.F.,(4,4),(0.,1.),.PIECEWISE_BEZIER_KNOTS.);
#6270 = CARTESIAN_POINT('',(-2.014757222596,0.217035267287,6.5100001));
#6271 = CARTESIAN_POINT('',(-1.974086271637,0.231947928619,6.5100001));
#6272 = CARTESIAN_POINT('',(-1.937482418357,0.257706218248,6.5100001));
#6273 = CARTESIAN_POINT('',(-1.907657050441,0.290242999702,6.5100001));
#6274 = ORIENTED_EDGE('',*,*,#6275,.T.);
#6275 = EDGE_CURVE('',#6267,#6276,#6278,.T.);
#6276 = VERTEX_POINT('',#6277);
#6277 = CARTESIAN_POINT('',(-1.837160731564,0.474617956705,6.5100001));
#6278 = B_SPLINE_CURVE_WITH_KNOTS('',3,(#6279,#6280,#6281,#6282),
  .UNSPECIFIED.,.F.,.F.,(4,4),(1.,2.),.PIECEWISE_BEZIER_KNOTS.);
#6279 = CARTESIAN_POINT('',(-1.907657050441,0.290242999702,6.5100001));
#6280 = CARTESIAN_POINT('',(-1.862919000182,0.341759527243,6.5100001));
#6281 = CARTESIAN_POINT('',(-1.837160731564,0.406833038437,6.5100001));
#6282 = CARTESIAN_POINT('',(-1.837160731564,0.474617956705,6.5100001));
#6283 = ORIENTED_EDGE('',*,*,#6284,.T.);
#6284 = EDGE_CURVE('',#6276,#6285,#6287,.T.);
#6285 = VERTEX_POINT('',#6286);
#6286 = CARTESIAN_POINT('',(-1.890032969106,0.637301760548,6.5100001));
#6287 = B_SPLINE_CURVE_WITH_KNOTS('',3,(#6288,#6289,#6290,#6291),
  .UNSPECIFIED.,.F.,.F.,(4,4),(2.,3.),.PIECEWISE_BEZIER_KNOTS.);
#6288 = CARTESIAN_POINT('',(-1.837160731564,0.474617956705,6.5100001));
#6289 = CARTESIAN_POINT('',(-1.837160731564,0.534268679609,6.5100001));
#6290 = CARTESIAN_POINT('',(-1.856140508355,0.58985231776,6.5100001));
#6291 = CARTESIAN_POINT('',(-1.890032969106,0.637301760548,6.5100001));
#6292 = ORIENTED_EDGE('',*,*,#6293,.T.);
#6293 = EDGE_CURVE('',#6285,#6294,#6296,.T.);
#6294 = VERTEX_POINT('',#6295);
#6295 = CARTESIAN_POINT('',(-1.949683698473,0.696952483451,6.5100001));
#6296 = B_SPLINE_CURVE_WITH_KNOTS('',3,(#6297,#6298,#6299,#6300),
  .UNSPECIFIED.,.F.,.F.,(4,4),(3.,4.),.PIECEWISE_BEZIER_KNOTS.);
#6297 = CARTESIAN_POINT('',(-1.890032969106,0.637301760548,6.5100001));
#6298 = CARTESIAN_POINT('',(-1.906301353368,0.660348643102,6.5100001));
#6299 = CARTESIAN_POINT('',(-1.926636828848,0.679328415045,6.5100001));
#6300 = CARTESIAN_POINT('',(-1.949683698473,0.696952483451,6.5100001));
#6301 = ORIENTED_EDGE('',*,*,#6302,.T.);
#6302 = EDGE_CURVE('',#6294,#6303,#6305,.T.);
#6303 = VERTEX_POINT('',#6304);
#6304 = CARTESIAN_POINT('',(-1.946972304329,0.728133535512,6.5100001));
#6305 = B_SPLINE_CURVE_WITH_KNOTS('',3,(#6306,#6307,#6308,#6309),
  .UNSPECIFIED.,.F.,.F.,(4,4),(4.,5.),.PIECEWISE_BEZIER_KNOTS.);
#6306 = CARTESIAN_POINT('',(-1.949683698473,0.696952483451,6.5100001));
#6307 = CARTESIAN_POINT('',(-1.948327994937,0.707798060031,6.5100001));
#6308 = CARTESIAN_POINT('',(-1.946972304329,0.717287958932,6.5100001));
#6309 = CARTESIAN_POINT('',(-1.946972304329,0.728133535512,6.5100001));
#6310 = ORIENTED_EDGE('',*,*,#6311,.T.);
#6311 = EDGE_CURVE('',#6303,#6312,#6314,.T.);
#6312 = VERTEX_POINT('',#6313);
#6313 = CARTESIAN_POINT('',(-2.012045828452,0.884038847527,6.5100001));
#6314 = B_SPLINE_CURVE_WITH_KNOTS('',3,(#6315,#6316,#6317,#6318),
  .UNSPECIFIED.,.F.,.F.,(4,4),(5.,6.),.PIECEWISE_BEZIER_KNOTS.);
#6315 = CARTESIAN_POINT('',(-1.946972304329,0.728133535512,6.5100001));
#6316 = CARTESIAN_POINT('',(-1.946972304329,0.786428567808,6.5100001));
#6317 = CARTESIAN_POINT('',(-1.970019173953,0.84201219303,6.5100001));
#6318 = CARTESIAN_POINT('',(-2.012045828452,0.884038847527,6.5100001));
#6319 = ORIENTED_EDGE('',*,*,#6320,.T.);
#6320 = EDGE_CURVE('',#6312,#6321,#6323,.T.);
#6321 = VERTEX_POINT('',#6322);
#6322 = CARTESIAN_POINT('',(-2.166595424001,0.9477567069,6.5100001));
#6323 = B_SPLINE_CURVE_WITH_KNOTS('',3,(#6324,#6325,#6326,#6327),
  .UNSPECIFIED.,.F.,.F.,(4,4),(6.,7.),.PIECEWISE_BEZIER_KNOTS.);
#6324 = CARTESIAN_POINT('',(-2.012045828452,0.884038847527,6.5100001));
#6325 = CARTESIAN_POINT('',(-2.052716766484,0.924709834043,6.5100001));
#6326 = CARTESIAN_POINT('',(-2.108300404635,0.9477567069,6.5100001));
#6327 = CARTESIAN_POINT('',(-2.166595424001,0.9477567069,6.5100001));
#6328 = ORIENTED_EDGE('',*,*,#6329,.T.);
#6329 = EDGE_CURVE('',#6321,#6330,#6332,.T.);
#6330 = VERTEX_POINT('',#6331);
#6331 = CARTESIAN_POINT('',(-2.314366514796,0.890817378141,6.5100001));
#6332 = B_SPLINE_CURVE_WITH_KNOTS('',3,(#6333,#6334,#6335,#6336),
  .UNSPECIFIED.,.F.,.F.,(4,4),(7.,8.),.PIECEWISE_BEZIER_KNOTS.);
#6333 = CARTESIAN_POINT('',(-2.166595424001,0.9477567069,6.5100001));
#6334 = CARTESIAN_POINT('',(-2.220823358616,0.9477567069,6.5100001));
#6335 = CARTESIAN_POINT('',(-2.273695615551,0.92742123142,6.5100001));
#6336 = CARTESIAN_POINT('',(-2.314366514796,0.890817378141,6.5100001));
#6337 = ORIENTED_EDGE('',*,*,#6338,.T.);
#6338 = EDGE_CURVE('',#6330,#6339,#6341,.T.);
#6339 = VERTEX_POINT('',#6340);
#6340 = CARTESIAN_POINT('',(-2.37944002599,0.782361508913,6.5100001));
#6341 = B_SPLINE_CURVE_WITH_KNOTS('',3,(#6342,#6343,#6344,#6345),
  .UNSPECIFIED.,.F.,.F.,(4,4),(8.,9.),.PIECEWISE_BEZIER_KNOTS.);
#6342 = CARTESIAN_POINT('',(-2.314366514796,0.890817378141,6.5100001));
#6343 = CARTESIAN_POINT('',(-2.346903296252,0.860992016689,6.5100001));
#6344 = CARTESIAN_POINT('',(-2.36859444941,0.824388150481,6.5100001));
#6345 = CARTESIAN_POINT('',(-2.37944002599,0.782361508913,6.5100001));
#6346 = ORIENTED_EDGE('',*,*,#6347,.T.);
#6347 = EDGE_CURVE('',#6339,#6348,#6350,.T.);
#6348 = VERTEX_POINT('',#6349);
#6349 = CARTESIAN_POINT('',(-2.471627504491,0.653570151275,6.5100001));
#6350 = B_SPLINE_CURVE_WITH_KNOTS('',3,(#6351,#6352,#6353,#6354),
  .UNSPECIFIED.,.F.,.F.,(4,4),(9.,10.),.PIECEWISE_BEZIER_KNOTS.);
#6351 = CARTESIAN_POINT('',(-2.37944002599,0.782361508913,6.5100001));
#6352 = CARTESIAN_POINT('',(-2.433667960605,0.764737427578,6.5100001));
#6353 = CARTESIAN_POINT('',(-2.471627504491,0.713220900037,6.5100001));
#6354 = CARTESIAN_POINT('',(-2.471627504491,0.653570151275,6.5100001));
#6355 = ORIENTED_EDGE('',*,*,#6356,.T.);
#6356 = EDGE_CURVE('',#6348,#6357,#6359,.T.);
#6357 = VERTEX_POINT('',#6358);
#6358 = CARTESIAN_POINT('',(-2.336057667956,0.518000314739,6.5100001));
#6359 = B_SPLINE_CURVE_WITH_KNOTS('',3,(#6360,#6361,#6362,#6363),
  .UNSPECIFIED.,.F.,.F.,(4,4),(10.,11.),.PIECEWISE_BEZIER_KNOTS.);
#6360 = CARTESIAN_POINT('',(-2.471627504491,0.653570151275,6.5100001));
#6361 = CARTESIAN_POINT('',(-2.471627504491,0.57900674118,6.5100001));
#6362 = CARTESIAN_POINT('',(-2.410621078051,0.518000314739,6.5100001));
#6363 = CARTESIAN_POINT('',(-2.336057667956,0.518000314739,6.5100001));
#6364 = ORIENTED_EDGE('',*,*,#6365,.T.);
#6365 = EDGE_CURVE('',#6357,#6366,#6368,.T.);
#6366 = VERTEX_POINT('',#6367);
#6367 = CARTESIAN_POINT('',(-2.322500684302,0.518000314739,6.5100001));
#6368 = B_SPLINE_CURVE_WITH_KNOTS('',3,(#6369,#6370,#6371,#6372),
  .UNSPECIFIED.,.F.,.F.,(4,4),(11.,12.),.PIECEWISE_BEZIER_KNOTS.);
#6369 = CARTESIAN_POINT('',(-2.336057667956,0.518000314739,6.5100001));
#6370 = CARTESIAN_POINT('',(-2.331990583203,0.518000314739,6.5100001));
#6371 = CARTESIAN_POINT('',(-2.327923498449,0.518000314739,6.5100001));
#6372 = CARTESIAN_POINT('',(-2.322500684302,0.518000314739,6.5100001));
#6373 = ORIENTED_EDGE('',*,*,#6374,.T.);
#6374 = EDGE_CURVE('',#6366,#6375,#6377,.T.);
#6375 = VERTEX_POINT('',#6376);
#6376 = CARTESIAN_POINT('',(-2.222179010437,0.328202543589,6.5100001));
#6377 = B_SPLINE_CURVE_WITH_KNOTS('',1,(#6378,#6379),.UNSPECIFIED.,.F.,
  .F.,(2,2),(0.,0.214680302264),.PIECEWISE_BEZIER_KNOTS.);
#6378 = CARTESIAN_POINT('',(-2.322500684302,0.518000314739,6.5100001));
#6379 = CARTESIAN_POINT('',(-2.222179010437,0.328202543589,6.5100001));
#6380 = ORIENTED_EDGE('',*,*,#6381,.T.);
#6381 = EDGE_CURVE('',#6375,#6382,#6384,.T.);
#6382 = VERTEX_POINT('',#6383);
#6383 = CARTESIAN_POINT('',(-2.150326981559,0.370229172229,6.5100001));
#6384 = B_SPLINE_CURVE_WITH_KNOTS('',1,(#6385,#6386),.UNSPECIFIED.,.F.,
  .F.,(2,2),(0.,8.324032417499E-02),.PIECEWISE_BEZIER_KNOTS.);
#6385 = CARTESIAN_POINT('',(-2.222179010437,0.328202543589,6.5100001));
#6386 = CARTESIAN_POINT('',(-2.150326981559,0.370229172229,6.5100001));
#6387 = ORIENTED_EDGE('',*,*,#6388,.T.);
#6388 = EDGE_CURVE('',#6382,#6389,#6391,.T.);
#6389 = VERTEX_POINT('',#6390);
#6390 = CARTESIAN_POINT('',(-2.245225867133,0.551892748015,6.5100001));
#6391 = B_SPLINE_CURVE_WITH_KNOTS('',1,(#6392,#6393),.UNSPECIFIED.,.F.,
  .F.,(2,2),(0.,0.204957198582),.PIECEWISE_BEZIER_KNOTS.);
#6392 = CARTESIAN_POINT('',(-2.150326981559,0.370229172229,6.5100001));
#6393 = CARTESIAN_POINT('',(-2.245225867133,0.551892748015,6.5100001));
#6394 = ORIENTED_EDGE('',*,*,#6395,.T.);
#6395 = EDGE_CURVE('',#6389,#6396,#6398,.T.);
#6396 = VERTEX_POINT('',#6397);
#6397 = CARTESIAN_POINT('',(-2.199132127883,0.653570125417,6.5100001));
#6398 = B_SPLINE_CURVE_WITH_KNOTS('',3,(#6399,#6400,#6401,#6402),
  .UNSPECIFIED.,.F.,.F.,(4,4),(15.,16.),.PIECEWISE_BEZIER_KNOTS.);
#6399 = CARTESIAN_POINT('',(-2.245225867133,0.551892748015,6.5100001));
#6400 = CARTESIAN_POINT('',(-2.216756196289,0.576295308249,6.5100001));
#6401 = CARTESIAN_POINT('',(-2.199132127883,0.612899174456,6.5100001));
#6402 = CARTESIAN_POINT('',(-2.199132127883,0.653570125417,6.5100001));
#6403 = ORIENTED_EDGE('',*,*,#6404,.T.);
#6404 = EDGE_CURVE('',#6396,#6405,#6407,.T.);
#6405 = VERTEX_POINT('',#6406);
#6406 = CARTESIAN_POINT('',(-2.288608225167,0.781005766589,6.5100001));
#6407 = B_SPLINE_CURVE_WITH_KNOTS('',3,(#6408,#6409,#6410,#6411),
  .UNSPECIFIED.,.F.,.F.,(4,4),(16.,17.),.PIECEWISE_BEZIER_KNOTS.);
#6408 = CARTESIAN_POINT('',(-2.199132127883,0.653570125417,6.5100001));
#6409 = CARTESIAN_POINT('',(-2.199132127883,0.711865170642,6.5100001));
#6410 = CARTESIAN_POINT('',(-2.237091671769,0.762025994645,6.5100001));
#6411 = CARTESIAN_POINT('',(-2.288608225167,0.781005766589,6.5100001));
#6412 = ORIENTED_EDGE('',*,*,#6413,.T.);
#6413 = EDGE_CURVE('',#6405,#6414,#6416,.T.);
#6414 = VERTEX_POINT('',#6415);
#6415 = CARTESIAN_POINT('',(-2.163883965212,0.86234766851,6.5100001));
#6416 = B_SPLINE_CURVE_WITH_KNOTS('',3,(#6417,#6418,#6419,#6420),
  .UNSPECIFIED.,.F.,.F.,(4,4),(17.,18.),.PIECEWISE_BEZIER_KNOTS.);
#6417 = CARTESIAN_POINT('',(-2.288608225167,0.781005766589,6.5100001));
#6418 = CARTESIAN_POINT('',(-2.266917046151,0.828455209376,6.5100001));
#6419 = CARTESIAN_POINT('',(-2.219467603364,0.86234766851,6.5100001));
#6420 = CARTESIAN_POINT('',(-2.163883965212,0.86234766851,6.5100001));
#6421 = ORIENTED_EDGE('',*,*,#6422,.T.);
#6422 = EDGE_CURVE('',#6414,#6423,#6425,.T.);
#6423 = VERTEX_POINT('',#6424);
#6424 = CARTESIAN_POINT('',(-2.028314128677,0.726777831975,6.5100001));
#6425 = B_SPLINE_CURVE_WITH_KNOTS('',3,(#6426,#6427,#6428,#6429),
  .UNSPECIFIED.,.F.,.F.,(4,4),(18.,19.),.PIECEWISE_BEZIER_KNOTS.);
#6426 = CARTESIAN_POINT('',(-2.163883965212,0.86234766851,6.5100001));
#6427 = CARTESIAN_POINT('',(-2.089320555117,0.86234766851,6.5100001));
#6428 = CARTESIAN_POINT('',(-2.028314128677,0.801341242069,6.5100001));
#6429 = CARTESIAN_POINT('',(-2.028314128677,0.726777831975,6.5100001));
#6430 = ORIENTED_EDGE('',*,*,#6431,.T.);
#6431 = EDGE_CURVE('',#6423,#6432,#6434,.T.);
#6432 = VERTEX_POINT('',#6433);
#6433 = CARTESIAN_POINT('',(-2.048649604158,0.654925828954,6.5100001));
#6434 = B_SPLINE_CURVE_WITH_KNOTS('',3,(#6435,#6436,#6437,#6438),
  .UNSPECIFIED.,.F.,.F.,(4,4),(19.,20.),.PIECEWISE_BEZIER_KNOTS.);
#6435 = CARTESIAN_POINT('',(-2.028314128677,0.726777831975,6.5100001));
#6436 = CARTESIAN_POINT('',(-2.028314128677,0.701019568204,6.5100001));
#6437 = CARTESIAN_POINT('',(-2.03644832404,0.675261304434,6.5100001));
#6438 = CARTESIAN_POINT('',(-2.048649604158,0.654925828954,6.5100001));
#6439 = ORIENTED_EDGE('',*,*,#6440,.T.);
#6440 = EDGE_CURVE('',#6432,#6441,#6443,.T.);
#6441 = VERTEX_POINT('',#6442);
#6442 = CARTESIAN_POINT('',(-1.918502633485,0.473262279025,6.5100001));
#6443 = B_SPLINE_CURVE_WITH_KNOTS('',3,(#6444,#6445,#6446,#6447),
  .UNSPECIFIED.,.F.,.F.,(4,4),(20.,21.),.PIECEWISE_BEZIER_KNOTS.);
#6444 = CARTESIAN_POINT('',(-2.048649604158,0.654925828954,6.5100001));
#6445 = CARTESIAN_POINT('',(-1.972730568099,0.629167591042,6.5100001));
#6446 = CARTESIAN_POINT('',(-1.918502633485,0.5586712657,6.5100001));
#6447 = CARTESIAN_POINT('',(-1.918502633485,0.473262279025,6.5100001));
#6448 = ORIENTED_EDGE('',*,*,#6449,.T.);
#6449 = EDGE_CURVE('',#6441,#6450,#6452,.T.);
#6450 = VERTEX_POINT('',#6451);
#6451 = CARTESIAN_POINT('',(-2.087964929154,0.283464507876,6.5100001));
#6452 = B_SPLINE_CURVE_WITH_KNOTS('',3,(#6453,#6454,#6455,#6456),
  .UNSPECIFIED.,.F.,.F.,(4,4),(21.,22.),.PIECEWISE_BEZIER_KNOTS.);
#6453 = CARTESIAN_POINT('',(-1.918502633485,0.473262279025,6.5100001));
#6454 = CARTESIAN_POINT('',(-1.918502633485,0.375651986376,6.5100001));
#6455 = CARTESIAN_POINT('',(-1.99306604358,0.294310084456,6.5100001));
#6456 = CARTESIAN_POINT('',(-2.087964929154,0.283464507876,6.5100001));
#6457 = ORIENTED_EDGE('',*,*,#6458,.T.);
#6458 = EDGE_CURVE('',#6450,#6459,#6461,.T.);
#6459 = VERTEX_POINT('',#6460);
#6460 = CARTESIAN_POINT('',(-2.087964929154,0.272618931296,6.5100001));
#6461 = B_SPLINE_CURVE_WITH_KNOTS('',3,(#6462,#6463,#6464,#6465),
  .UNSPECIFIED.,.F.,.F.,(4,4),(22.,23.),.PIECEWISE_BEZIER_KNOTS.);
#6462 = CARTESIAN_POINT('',(-2.087964929154,0.283464507876,6.5100001));
#6463 = CARTESIAN_POINT('',(-2.087964929154,0.279397423123,6.5100001));
#6464 = CARTESIAN_POINT('',(-2.087964929154,0.276686016049,6.5100001));
#6465 = CARTESIAN_POINT('',(-2.087964929154,0.272618931296,6.5100001));
#6466 = ORIENTED_EDGE('',*,*,#6467,.T.);
#6467 = EDGE_CURVE('',#6459,#6468,#6470,.T.);
#6468 = VERTEX_POINT('',#6469);
#6469 = CARTESIAN_POINT('',(-2.193709391309,0.166874469142,6.5100001));
#6470 = B_SPLINE_CURVE_WITH_KNOTS('',3,(#6471,#6472,#6473,#6474),
  .UNSPECIFIED.,.F.,.F.,(4,4),(23.,24.),.PIECEWISE_BEZIER_KNOTS.);
#6471 = CARTESIAN_POINT('',(-2.087964929154,0.272618931296,6.5100001));
#6472 = CARTESIAN_POINT('',(-2.087964929154,0.214323911929,6.5100001));
#6473 = CARTESIAN_POINT('',(-2.135414371942,0.166874469142,6.5100001));
#6474 = CARTESIAN_POINT('',(-2.193709391309,0.166874469142,6.5100001));
#6475 = ORIENTED_EDGE('',*,*,#6476,.T.);
#6476 = EDGE_CURVE('',#6468,#6477,#6479,.T.);
#6477 = VERTEX_POINT('',#6478);
#6478 = CARTESIAN_POINT('',(-2.299453853463,0.26448476179,6.5100001));
#6479 = B_SPLINE_CURVE_WITH_KNOTS('',3,(#6480,#6481,#6482,#6483),
  .UNSPECIFIED.,.F.,.F.,(4,4),(24.,25.),.PIECEWISE_BEZIER_KNOTS.);
#6480 = CARTESIAN_POINT('',(-2.193709391309,0.166874469142,6.5100001));
#6481 = CARTESIAN_POINT('',(-2.24929302946,0.166874469142,6.5100001));
#6482 = CARTESIAN_POINT('',(-2.29538676871,0.208901097782,6.5100001));
#6483 = CARTESIAN_POINT('',(-2.299453853463,0.26448476179,6.5100001));
#6484 = ORIENTED_EDGE('',*,*,#6485,.T.);
#6485 = EDGE_CURVE('',#6477,#6486,#6488,.T.);
#6486 = VERTEX_POINT('',#6487);
#6487 = CARTESIAN_POINT('',(-2.299453853463,0.325491188231,6.5100001));
#6488 = B_SPLINE_CURVE_WITH_KNOTS('',1,(#6489,#6490),.UNSPECIFIED.,.F.,
  .F.,(2,2),(0.,6.100642644104E-02),.PIECEWISE_BEZIER_KNOTS.);
#6489 = CARTESIAN_POINT('',(-2.299453853463,0.26448476179,6.5100001));
#6490 = CARTESIAN_POINT('',(-2.299453853463,0.325491188231,6.5100001));
#6491 = ORIENTED_EDGE('',*,*,#6492,.T.);
#6492 = EDGE_CURVE('',#6486,#6493,#6495,.T.);
#6493 = VERTEX_POINT('',#6494);
#6494 = CARTESIAN_POINT('',(-2.298098175784,0.333625357737,6.5100001));
#6495 = B_SPLINE_CURVE_WITH_KNOTS('',3,(#6496,#6497,#6498,#6499),
  .UNSPECIFIED.,.F.,.F.,(4,4),(26.,27.),.PIECEWISE_BEZIER_KNOTS.);
#6496 = CARTESIAN_POINT('',(-2.299453853463,0.325491188231,6.5100001));
#6497 = CARTESIAN_POINT('',(-2.299453853463,0.328202595305,6.5100001));
#6498 = CARTESIAN_POINT('',(-2.298098175784,0.330914002379,6.5100001));
#6499 = CARTESIAN_POINT('',(-2.298098175784,0.333625357737,6.5100001));
#6500 = ORIENTED_EDGE('',*,*,#6501,.T.);
#6501 = EDGE_CURVE('',#6493,#6502,#6504,.T.);
#6502 = VERTEX_POINT('',#6503);
#6503 = CARTESIAN_POINT('',(-2.340124804424,0.375651986376,6.5100001));
#6504 = B_SPLINE_CURVE_WITH_KNOTS('',3,(#6505,#6506,#6507,#6508),
  .UNSPECIFIED.,.F.,.F.,(4,4),(27.,28.),.PIECEWISE_BEZIER_KNOTS.);
#6505 = CARTESIAN_POINT('',(-2.298098175784,0.333625357737,6.5100001));
#6506 = CARTESIAN_POINT('',(-2.298098175784,0.356672240291,6.5100001));
#6507 = CARTESIAN_POINT('',(-2.317077973585,0.375651986376,6.5100001));
#6508 = CARTESIAN_POINT('',(-2.340124804424,0.375651986376,6.5100001));
#6509 = ORIENTED_EDGE('',*,*,#6510,.T.);
#6510 = EDGE_CURVE('',#6502,#6511,#6513,.T.);
#6511 = VERTEX_POINT('',#6512);
#6512 = CARTESIAN_POINT('',(-2.382151433064,0.336336713095,6.5100001));
#6513 = B_SPLINE_CURVE_WITH_KNOTS('',3,(#6514,#6515,#6516,#6517),
  .UNSPECIFIED.,.F.,.F.,(4,4),(28.,29.),.PIECEWISE_BEZIER_KNOTS.);
#6514 = CARTESIAN_POINT('',(-2.340124804424,0.375651986376,6.5100001));
#6515 = CARTESIAN_POINT('',(-2.361815957583,0.375651986376,6.5100001));
#6516 = CARTESIAN_POINT('',(-2.380795755386,0.358027917971,6.5100001));
#6517 = CARTESIAN_POINT('',(-2.382151433064,0.336336713095,6.5100001));
#6518 = ORIENTED_EDGE('',*,*,#6519,.T.);
#6519 = EDGE_CURVE('',#6511,#6520,#6522,.T.);
#6520 = VERTEX_POINT('',#6521);
#6521 = CARTESIAN_POINT('',(-2.382151433064,0.256350540568,6.5100001));
#6522 = B_SPLINE_CURVE_WITH_KNOTS('',1,(#6523,#6524),.UNSPECIFIED.,.F.,
  .F.,(2,2),(0.,7.998617252686E-02),.PIECEWISE_BEZIER_KNOTS.);
#6523 = CARTESIAN_POINT('',(-2.382151433064,0.336336713095,6.5100001));
#6524 = CARTESIAN_POINT('',(-2.382151433064,0.256350540568,6.5100001));
#6525 = ORIENTED_EDGE('',*,*,#6526,.T.);
#6526 = EDGE_CURVE('',#6520,#6527,#6529,.T.);
#6527 = VERTEX_POINT('',#6528);
#6528 = CARTESIAN_POINT('',(-2.321145006623,0.132982010008,6.5100001));
#6529 = B_SPLINE_CURVE_WITH_KNOTS('',3,(#6530,#6531,#6532,#6533),
  .UNSPECIFIED.,.F.,.F.,(4,4),(33.,34.),.PIECEWISE_BEZIER_KNOTS.);
#6530 = CARTESIAN_POINT('',(-2.382151433064,0.256350540568,6.5100001));
#6531 = CARTESIAN_POINT('',(-2.378084348311,0.208901097782,6.5100001));
#6532 = CARTESIAN_POINT('',(-2.356393143436,0.165518739746,6.5100001));
#6533 = CARTESIAN_POINT('',(-2.321145006623,0.132982010008,6.5100001));
#6534 = ORIENTED_EDGE('',*,*,#6535,.T.);
#6535 = EDGE_CURVE('',#6527,#6256,#6536,.T.);
#6536 = B_SPLINE_CURVE_WITH_KNOTS('',3,(#6537,#6538,#6539,#6540),
  .UNSPECIFIED.,.F.,.F.,(4,4),(34.,35.),.PIECEWISE_BEZIER_KNOTS.);
#6537 = CARTESIAN_POINT('',(-2.321145006623,0.132982010008,6.5100001));
#6538 = CARTESIAN_POINT('',(-2.28589686981,0.100445228553,6.5100001));
#6539 = CARTESIAN_POINT('',(-2.239803104701,8.282116014622E-02,6.5100001
    ));
#6540 = CARTESIAN_POINT('',(-2.192353661914,8.282116014622E-02,6.5100001
    ));
#6541 = FACE_BOUND('',#6542,.T.);
#6542 = EDGE_LOOP('',(#6543,#6557));
#6543 = ORIENTED_EDGE('',*,*,#6544,.F.);
#6544 = EDGE_CURVE('',#6545,#6547,#6549,.T.);
#6545 = VERTEX_POINT('',#6546);
#6546 = CARTESIAN_POINT('',(-2.390285706001,0.654925854812,6.5100001));
#6547 = VERTEX_POINT('',#6548);
#6548 = CARTESIAN_POINT('',(-2.284541192131,0.654925854812,6.5100001));
#6549 = B_SPLINE_CURVE_WITH_KNOTS('',3,(#6550,#6551,#6552,#6553,#6554,
    #6555,#6556),.UNSPECIFIED.,.F.,.F.,(4,3,4),(0.,1.,2.),
  .PIECEWISE_BEZIER_KNOTS.);
#6550 = CARTESIAN_POINT('',(-2.390285706001,0.654925854812,6.5100001));
#6551 = CARTESIAN_POINT('',(-2.390285706001,0.625100506289,6.5100001));
#6552 = CARTESIAN_POINT('',(-2.365883094053,0.602053623735,6.5100001));
#6553 = CARTESIAN_POINT('',(-2.337413449066,0.602053623735,6.5100001));
#6554 = CARTESIAN_POINT('',(-2.307588074685,0.602053623735,6.5100001));
#6555 = CARTESIAN_POINT('',(-2.284541192131,0.626456183968,6.5100001));
#6556 = CARTESIAN_POINT('',(-2.284541192131,0.654925854812,6.5100001));
#6557 = ORIENTED_EDGE('',*,*,#6558,.F.);
#6558 = EDGE_CURVE('',#6547,#6545,#6559,.T.);
#6559 = B_SPLINE_CURVE_WITH_KNOTS('',3,(#6560,#6561,#6562,#6563,#6564,
    #6565),.UNSPECIFIED.,.F.,.F.,(4,2,4),(2.,3.,4.),.UNSPECIFIED.);
#6560 = CARTESIAN_POINT('',(-2.284541192131,0.654925854812,6.5100001));
#6561 = CARTESIAN_POINT('',(-2.284541192131,0.683395525655,6.5100001));
#6562 = CARTESIAN_POINT('',(-2.307588074685,0.707798085889,6.5100001));
#6563 = CARTESIAN_POINT('',(-2.367238823447,0.707798085889,6.5100001));
#6564 = CARTESIAN_POINT('',(-2.390285706001,0.683395525655,6.5100001));
#6565 = CARTESIAN_POINT('',(-2.390285706001,0.654925854812,6.5100001));
#6566 = B_SPLINE_SURFACE_WITH_KNOTS('',1,1,(
    (#6567,#6568)
    ,(#6569,#6570
    )),.UNSPECIFIED.,.F.,.F.,.F.,(2,2),(2,2),(-0.389424295975,
    0.245042476952),(-0.826298151098,3.86373956555E-02),
  .PIECEWISE_BEZIER_KNOTS.);
#6567 = CARTESIAN_POINT('',(-2.471627504491,0.9477567069,6.5100001));
#6568 = CARTESIAN_POINT('',(-2.471627504491,8.282116014622E-02,6.5100001
    ));
#6569 = CARTESIAN_POINT('',(-1.837160731564,0.9477567069,6.5100001));
#6570 = CARTESIAN_POINT('',(-1.837160731564,8.282116014622E-02,6.5100001
    ));
#6571 = ADVANCED_FACE('',(#6572),#6586,.F.);
#6572 = FACE_BOUND('',#6573,.F.);
#6573 = EDGE_LOOP('',(#6574,#6579,#6580,#6585));
#6574 = ORIENTED_EDGE('',*,*,#6575,.F.);
#6575 = EDGE_CURVE('',#6256,#1224,#6576,.T.);
#6576 = B_SPLINE_CURVE_WITH_KNOTS('',1,(#6577,#6578),.UNSPECIFIED.,.F.,
  .F.,(2,2),(0.,1.E-02),.PIECEWISE_BEZIER_KNOTS.);
#6577 = CARTESIAN_POINT('',(-2.192353661914,8.282116014622E-02,6.5100001
    ));
#6578 = CARTESIAN_POINT('',(-2.192353661914,8.282116014622E-02,6.5000001
    ));
#6579 = ORIENTED_EDGE('',*,*,#6255,.T.);
#6580 = ORIENTED_EDGE('',*,*,#6581,.T.);
#6581 = EDGE_CURVE('',#6258,#1226,#6582,.T.);
#6582 = B_SPLINE_CURVE_WITH_KNOTS('',1,(#6583,#6584),.UNSPECIFIED.,.F.,
  .F.,(2,2),(0.,1.E-02),.PIECEWISE_BEZIER_KNOTS.);
#6583 = CARTESIAN_POINT('',(-2.014757222596,0.217035267287,6.5100001));
#6584 = CARTESIAN_POINT('',(-2.014757222596,0.217035267287,6.5000001));
#6585 = ORIENTED_EDGE('',*,*,#1223,.F.);
#6586 = B_SPLINE_SURFACE_WITH_KNOTS('',3,1,(
    (#6587,#6588)
    ,(#6589,#6590)
    ,(#6591,#6592)
    ,(#6593,#6594
    )),.UNSPECIFIED.,.F.,.F.,.F.,(4,4),(2,2),(35.,36.),(0.,1.),
  .PIECEWISE_BEZIER_KNOTS.);
#6587 = CARTESIAN_POINT('',(-2.192353661914,8.282116014622E-02,6.5100001
    ));
#6588 = CARTESIAN_POINT('',(-2.192353661914,8.282116014622E-02,6.5000001
    ));
#6589 = CARTESIAN_POINT('',(-2.111011811709,8.417683782561E-02,6.5100001
    ));
#6590 = CARTESIAN_POINT('',(-2.111011811709,8.417683782561E-02,6.5000001
    ));
#6591 = CARTESIAN_POINT('',(-2.03915978283,0.139760501835,6.5100001));
#6592 = CARTESIAN_POINT('',(-2.03915978283,0.139760501835,6.5000001));
#6593 = CARTESIAN_POINT('',(-2.014757222596,0.217035267287,6.5100001));
#6594 = CARTESIAN_POINT('',(-2.014757222596,0.217035267287,6.5000001));
#6595 = ADVANCED_FACE('',(#6596),#6606,.F.);
#6596 = FACE_BOUND('',#6597,.F.);
#6597 = EDGE_LOOP('',(#6598,#6599,#6600,#6605));
#6598 = ORIENTED_EDGE('',*,*,#6581,.F.);
#6599 = ORIENTED_EDGE('',*,*,#6266,.T.);
#6600 = ORIENTED_EDGE('',*,*,#6601,.T.);
#6601 = EDGE_CURVE('',#6267,#1495,#6602,.T.);
#6602 = B_SPLINE_CURVE_WITH_KNOTS('',1,(#6603,#6604),.UNSPECIFIED.,.F.,
  .F.,(2,2),(0.,1.E-02),.PIECEWISE_BEZIER_KNOTS.);
#6603 = CARTESIAN_POINT('',(-1.907657050441,0.290242999702,6.5100001));
#6604 = CARTESIAN_POINT('',(-1.907657050441,0.290242999702,6.5000001));
#6605 = ORIENTED_EDGE('',*,*,#1503,.F.);
#6606 = B_SPLINE_SURFACE_WITH_KNOTS('',3,1,(
    (#6607,#6608)
    ,(#6609,#6610)
    ,(#6611,#6612)
    ,(#6613,#6614
    )),.UNSPECIFIED.,.F.,.F.,.F.,(4,4),(2,2),(0.,1.),(0.,1.),
  .PIECEWISE_BEZIER_KNOTS.);
#6607 = CARTESIAN_POINT('',(-2.014757222596,0.217035267287,6.5100001));
#6608 = CARTESIAN_POINT('',(-2.014757222596,0.217035267287,6.5000001));
#6609 = CARTESIAN_POINT('',(-1.974086271637,0.231947928619,6.5100001));
#6610 = CARTESIAN_POINT('',(-1.974086271637,0.231947928619,6.5000001));
#6611 = CARTESIAN_POINT('',(-1.937482418357,0.257706218248,6.5100001));
#6612 = CARTESIAN_POINT('',(-1.937482418357,0.257706218248,6.5000001));
#6613 = CARTESIAN_POINT('',(-1.907657050441,0.290242999702,6.5100001));
#6614 = CARTESIAN_POINT('',(-1.907657050441,0.290242999702,6.5000001));
#6615 = ADVANCED_FACE('',(#6616),#6626,.F.);
#6616 = FACE_BOUND('',#6617,.F.);
#6617 = EDGE_LOOP('',(#6618,#6619,#6620,#6625));
#6618 = ORIENTED_EDGE('',*,*,#6601,.F.);
#6619 = ORIENTED_EDGE('',*,*,#6275,.T.);
#6620 = ORIENTED_EDGE('',*,*,#6621,.T.);
#6621 = EDGE_CURVE('',#6276,#1486,#6622,.T.);
#6622 = B_SPLINE_CURVE_WITH_KNOTS('',1,(#6623,#6624),.UNSPECIFIED.,.F.,
  .F.,(2,2),(0.,1.E-02),.PIECEWISE_BEZIER_KNOTS.);
#6623 = CARTESIAN_POINT('',(-1.837160731564,0.474617956705,6.5100001));
#6624 = CARTESIAN_POINT('',(-1.837160731564,0.474617956705,6.5000001));
#6625 = ORIENTED_EDGE('',*,*,#1494,.F.);
#6626 = B_SPLINE_SURFACE_WITH_KNOTS('',3,1,(
    (#6627,#6628)
    ,(#6629,#6630)
    ,(#6631,#6632)
    ,(#6633,#6634
    )),.UNSPECIFIED.,.F.,.F.,.F.,(4,4),(2,2),(1.,2.),(0.,1.),
  .PIECEWISE_BEZIER_KNOTS.);
#6627 = CARTESIAN_POINT('',(-1.907657050441,0.290242999702,6.5100001));
#6628 = CARTESIAN_POINT('',(-1.907657050441,0.290242999702,6.5000001));
#6629 = CARTESIAN_POINT('',(-1.862919000182,0.341759527243,6.5100001));
#6630 = CARTESIAN_POINT('',(-1.862919000182,0.341759527243,6.5000001));
#6631 = CARTESIAN_POINT('',(-1.837160731564,0.406833038437,6.5100001));
#6632 = CARTESIAN_POINT('',(-1.837160731564,0.406833038437,6.5000001));
#6633 = CARTESIAN_POINT('',(-1.837160731564,0.474617956705,6.5100001));
#6634 = CARTESIAN_POINT('',(-1.837160731564,0.474617956705,6.5000001));
#6635 = ADVANCED_FACE('',(#6636),#6646,.F.);
#6636 = FACE_BOUND('',#6637,.F.);
#6637 = EDGE_LOOP('',(#6638,#6639,#6640,#6645));
#6638 = ORIENTED_EDGE('',*,*,#6621,.F.);
#6639 = ORIENTED_EDGE('',*,*,#6284,.T.);
#6640 = ORIENTED_EDGE('',*,*,#6641,.T.);
#6641 = EDGE_CURVE('',#6285,#1477,#6642,.T.);
#6642 = B_SPLINE_CURVE_WITH_KNOTS('',1,(#6643,#6644),.UNSPECIFIED.,.F.,
  .F.,(2,2),(0.,1.E-02),.PIECEWISE_BEZIER_KNOTS.);
#6643 = CARTESIAN_POINT('',(-1.890032969106,0.637301760548,6.5100001));
#6644 = CARTESIAN_POINT('',(-1.890032969106,0.637301760548,6.5000001));
#6645 = ORIENTED_EDGE('',*,*,#1485,.F.);
#6646 = B_SPLINE_SURFACE_WITH_KNOTS('',3,1,(
    (#6647,#6648)
    ,(#6649,#6650)
    ,(#6651,#6652)
    ,(#6653,#6654
    )),.UNSPECIFIED.,.F.,.F.,.F.,(4,4),(2,2),(2.,3.),(0.,1.),
  .PIECEWISE_BEZIER_KNOTS.);
#6647 = CARTESIAN_POINT('',(-1.837160731564,0.474617956705,6.5100001));
#6648 = CARTESIAN_POINT('',(-1.837160731564,0.474617956705,6.5000001));
#6649 = CARTESIAN_POINT('',(-1.837160731564,0.534268679609,6.5100001));
#6650 = CARTESIAN_POINT('',(-1.837160731564,0.534268679609,6.5000001));
#6651 = CARTESIAN_POINT('',(-1.856140508355,0.58985231776,6.5100001));
#6652 = CARTESIAN_POINT('',(-1.856140508355,0.58985231776,6.5000001));
#6653 = CARTESIAN_POINT('',(-1.890032969106,0.637301760548,6.5100001));
#6654 = CARTESIAN_POINT('',(-1.890032969106,0.637301760548,6.5000001));
#6655 = ADVANCED_FACE('',(#6656),#6666,.F.);
#6656 = FACE_BOUND('',#6657,.F.);
#6657 = EDGE_LOOP('',(#6658,#6659,#6660,#6665));
#6658 = ORIENTED_EDGE('',*,*,#6641,.F.);
#6659 = ORIENTED_EDGE('',*,*,#6293,.T.);
#6660 = ORIENTED_EDGE('',*,*,#6661,.T.);
#6661 = EDGE_CURVE('',#6294,#1468,#6662,.T.);
#6662 = B_SPLINE_CURVE_WITH_KNOTS('',1,(#6663,#6664),.UNSPECIFIED.,.F.,
  .F.,(2,2),(0.,1.E-02),.PIECEWISE_BEZIER_KNOTS.);
#6663 = CARTESIAN_POINT('',(-1.949683698473,0.696952483451,6.5100001));
#6664 = CARTESIAN_POINT('',(-1.949683698473,0.696952483451,6.5000001));
#6665 = ORIENTED_EDGE('',*,*,#1476,.F.);
#6666 = B_SPLINE_SURFACE_WITH_KNOTS('',3,1,(
    (#6667,#6668)
    ,(#6669,#6670)
    ,(#6671,#6672)
    ,(#6673,#6674
    )),.UNSPECIFIED.,.F.,.F.,.F.,(4,4),(2,2),(3.,4.),(0.,1.),
  .PIECEWISE_BEZIER_KNOTS.);
#6667 = CARTESIAN_POINT('',(-1.890032969106,0.637301760548,6.5100001));
#6668 = CARTESIAN_POINT('',(-1.890032969106,0.637301760548,6.5000001));
#6669 = CARTESIAN_POINT('',(-1.906301353368,0.660348643102,6.5100001));
#6670 = CARTESIAN_POINT('',(-1.906301353368,0.660348643102,6.5000001));
#6671 = CARTESIAN_POINT('',(-1.926636828848,0.679328415045,6.5100001));
#6672 = CARTESIAN_POINT('',(-1.926636828848,0.679328415045,6.5000001));
#6673 = CARTESIAN_POINT('',(-1.949683698473,0.696952483451,6.5100001));
#6674 = CARTESIAN_POINT('',(-1.949683698473,0.696952483451,6.5000001));
#6675 = ADVANCED_FACE('',(#6676),#6686,.F.);
#6676 = FACE_BOUND('',#6677,.F.);
#6677 = EDGE_LOOP('',(#6678,#6679,#6680,#6685));
#6678 = ORIENTED_EDGE('',*,*,#6661,.F.);
#6679 = ORIENTED_EDGE('',*,*,#6302,.T.);
#6680 = ORIENTED_EDGE('',*,*,#6681,.T.);
#6681 = EDGE_CURVE('',#6303,#1459,#6682,.T.);
#6682 = B_SPLINE_CURVE_WITH_KNOTS('',1,(#6683,#6684),.UNSPECIFIED.,.F.,
  .F.,(2,2),(0.,1.E-02),.PIECEWISE_BEZIER_KNOTS.);
#6683 = CARTESIAN_POINT('',(-1.946972304329,0.728133535512,6.5100001));
#6684 = CARTESIAN_POINT('',(-1.946972304329,0.728133535512,6.5000001));
#6685 = ORIENTED_EDGE('',*,*,#1467,.F.);
#6686 = B_SPLINE_SURFACE_WITH_KNOTS('',3,1,(
    (#6687,#6688)
    ,(#6689,#6690)
    ,(#6691,#6692)
    ,(#6693,#6694
    )),.UNSPECIFIED.,.F.,.F.,.F.,(4,4),(2,2),(4.,5.),(0.,1.),
  .PIECEWISE_BEZIER_KNOTS.);
#6687 = CARTESIAN_POINT('',(-1.949683698473,0.696952483451,6.5100001));
#6688 = CARTESIAN_POINT('',(-1.949683698473,0.696952483451,6.5000001));
#6689 = CARTESIAN_POINT('',(-1.948327994937,0.707798060031,6.5100001));
#6690 = CARTESIAN_POINT('',(-1.948327994937,0.707798060031,6.5000001));
#6691 = CARTESIAN_POINT('',(-1.946972304329,0.717287958932,6.5100001));
#6692 = CARTESIAN_POINT('',(-1.946972304329,0.717287958932,6.5000001));
#6693 = CARTESIAN_POINT('',(-1.946972304329,0.728133535512,6.5100001));
#6694 = CARTESIAN_POINT('',(-1.946972304329,0.728133535512,6.5000001));
#6695 = ADVANCED_FACE('',(#6696),#6706,.F.);
#6696 = FACE_BOUND('',#6697,.F.);
#6697 = EDGE_LOOP('',(#6698,#6699,#6700,#6705));
#6698 = ORIENTED_EDGE('',*,*,#6681,.F.);
#6699 = ORIENTED_EDGE('',*,*,#6311,.T.);
#6700 = ORIENTED_EDGE('',*,*,#6701,.T.);
#6701 = EDGE_CURVE('',#6312,#1450,#6702,.T.);
#6702 = B_SPLINE_CURVE_WITH_KNOTS('',1,(#6703,#6704),.UNSPECIFIED.,.F.,
  .F.,(2,2),(0.,1.E-02),.PIECEWISE_BEZIER_KNOTS.);
#6703 = CARTESIAN_POINT('',(-2.012045828452,0.884038847527,6.5100001));
#6704 = CARTESIAN_POINT('',(-2.012045828452,0.884038847527,6.5000001));
#6705 = ORIENTED_EDGE('',*,*,#1458,.F.);
#6706 = B_SPLINE_SURFACE_WITH_KNOTS('',3,1,(
    (#6707,#6708)
    ,(#6709,#6710)
    ,(#6711,#6712)
    ,(#6713,#6714
    )),.UNSPECIFIED.,.F.,.F.,.F.,(4,4),(2,2),(5.,6.),(0.,1.),
  .PIECEWISE_BEZIER_KNOTS.);
#6707 = CARTESIAN_POINT('',(-1.946972304329,0.728133535512,6.5100001));
#6708 = CARTESIAN_POINT('',(-1.946972304329,0.728133535512,6.5000001));
#6709 = CARTESIAN_POINT('',(-1.946972304329,0.786428567808,6.5100001));
#6710 = CARTESIAN_POINT('',(-1.946972304329,0.786428567808,6.5000001));
#6711 = CARTESIAN_POINT('',(-1.970019173953,0.84201219303,6.5100001));
#6712 = CARTESIAN_POINT('',(-1.970019173953,0.84201219303,6.5000001));
#6713 = CARTESIAN_POINT('',(-2.012045828452,0.884038847527,6.5100001));
#6714 = CARTESIAN_POINT('',(-2.012045828452,0.884038847527,6.5000001));
#6715 = ADVANCED_FACE('',(#6716),#6726,.F.);
#6716 = FACE_BOUND('',#6717,.F.);
#6717 = EDGE_LOOP('',(#6718,#6719,#6720,#6725));
#6718 = ORIENTED_EDGE('',*,*,#6701,.F.);
#6719 = ORIENTED_EDGE('',*,*,#6320,.T.);
#6720 = ORIENTED_EDGE('',*,*,#6721,.T.);
#6721 = EDGE_CURVE('',#6321,#1441,#6722,.T.);
#6722 = B_SPLINE_CURVE_WITH_KNOTS('',1,(#6723,#6724),.UNSPECIFIED.,.F.,
  .F.,(2,2),(0.,1.E-02),.PIECEWISE_BEZIER_KNOTS.);
#6723 = CARTESIAN_POINT('',(-2.166595424001,0.9477567069,6.5100001));
#6724 = CARTESIAN_POINT('',(-2.166595424001,0.9477567069,6.5000001));
#6725 = ORIENTED_EDGE('',*,*,#1449,.F.);
#6726 = B_SPLINE_SURFACE_WITH_KNOTS('',3,1,(
    (#6727,#6728)
    ,(#6729,#6730)
    ,(#6731,#6732)
    ,(#6733,#6734
    )),.UNSPECIFIED.,.F.,.F.,.F.,(4,4),(2,2),(6.,7.),(0.,1.),
  .PIECEWISE_BEZIER_KNOTS.);
#6727 = CARTESIAN_POINT('',(-2.012045828452,0.884038847527,6.5100001));
#6728 = CARTESIAN_POINT('',(-2.012045828452,0.884038847527,6.5000001));
#6729 = CARTESIAN_POINT('',(-2.052716766484,0.924709834043,6.5100001));
#6730 = CARTESIAN_POINT('',(-2.052716766484,0.924709834043,6.5000001));
#6731 = CARTESIAN_POINT('',(-2.108300404635,0.9477567069,6.5100001));
#6732 = CARTESIAN_POINT('',(-2.108300404635,0.9477567069,6.5000001));
#6733 = CARTESIAN_POINT('',(-2.166595424001,0.9477567069,6.5100001));
#6734 = CARTESIAN_POINT('',(-2.166595424001,0.9477567069,6.5000001));
#6735 = ADVANCED_FACE('',(#6736),#6746,.F.);
#6736 = FACE_BOUND('',#6737,.F.);
#6737 = EDGE_LOOP('',(#6738,#6739,#6740,#6745));
#6738 = ORIENTED_EDGE('',*,*,#6721,.F.);
#6739 = ORIENTED_EDGE('',*,*,#6329,.T.);
#6740 = ORIENTED_EDGE('',*,*,#6741,.T.);
#6741 = EDGE_CURVE('',#6330,#1432,#6742,.T.);
#6742 = B_SPLINE_CURVE_WITH_KNOTS('',1,(#6743,#6744),.UNSPECIFIED.,.F.,
  .F.,(2,2),(0.,1.E-02),.PIECEWISE_BEZIER_KNOTS.);
#6743 = CARTESIAN_POINT('',(-2.314366514796,0.890817378141,6.5100001));
#6744 = CARTESIAN_POINT('',(-2.314366514796,0.890817378141,6.5000001));
#6745 = ORIENTED_EDGE('',*,*,#1440,.F.);
#6746 = B_SPLINE_SURFACE_WITH_KNOTS('',3,1,(
    (#6747,#6748)
    ,(#6749,#6750)
    ,(#6751,#6752)
    ,(#6753,#6754
    )),.UNSPECIFIED.,.F.,.F.,.F.,(4,4),(2,2),(7.,8.),(0.,1.),
  .PIECEWISE_BEZIER_KNOTS.);
#6747 = CARTESIAN_POINT('',(-2.166595424001,0.9477567069,6.5100001));
#6748 = CARTESIAN_POINT('',(-2.166595424001,0.9477567069,6.5000001));
#6749 = CARTESIAN_POINT('',(-2.220823358616,0.9477567069,6.5100001));
#6750 = CARTESIAN_POINT('',(-2.220823358616,0.9477567069,6.5000001));
#6751 = CARTESIAN_POINT('',(-2.273695615551,0.92742123142,6.5100001));
#6752 = CARTESIAN_POINT('',(-2.273695615551,0.92742123142,6.5000001));
#6753 = CARTESIAN_POINT('',(-2.314366514796,0.890817378141,6.5100001));
#6754 = CARTESIAN_POINT('',(-2.314366514796,0.890817378141,6.5000001));
#6755 = ADVANCED_FACE('',(#6756),#6766,.F.);
#6756 = FACE_BOUND('',#6757,.F.);
#6757 = EDGE_LOOP('',(#6758,#6759,#6760,#6765));
#6758 = ORIENTED_EDGE('',*,*,#6741,.F.);
#6759 = ORIENTED_EDGE('',*,*,#6338,.T.);
#6760 = ORIENTED_EDGE('',*,*,#6761,.T.);
#6761 = EDGE_CURVE('',#6339,#1423,#6762,.T.);
#6762 = B_SPLINE_CURVE_WITH_KNOTS('',1,(#6763,#6764),.UNSPECIFIED.,.F.,
  .F.,(2,2),(0.,1.E-02),.PIECEWISE_BEZIER_KNOTS.);
#6763 = CARTESIAN_POINT('',(-2.37944002599,0.782361508913,6.5100001));
#6764 = CARTESIAN_POINT('',(-2.37944002599,0.782361508913,6.5000001));
#6765 = ORIENTED_EDGE('',*,*,#1431,.F.);
#6766 = B_SPLINE_SURFACE_WITH_KNOTS('',3,1,(
    (#6767,#6768)
    ,(#6769,#6770)
    ,(#6771,#6772)
    ,(#6773,#6774
    )),.UNSPECIFIED.,.F.,.F.,.F.,(4,4),(2,2),(8.,9.),(0.,1.),
  .PIECEWISE_BEZIER_KNOTS.);
#6767 = CARTESIAN_POINT('',(-2.314366514796,0.890817378141,6.5100001));
#6768 = CARTESIAN_POINT('',(-2.314366514796,0.890817378141,6.5000001));
#6769 = CARTESIAN_POINT('',(-2.346903296252,0.860992016689,6.5100001));
#6770 = CARTESIAN_POINT('',(-2.346903296252,0.860992016689,6.5000001));
#6771 = CARTESIAN_POINT('',(-2.36859444941,0.824388150481,6.5100001));
#6772 = CARTESIAN_POINT('',(-2.36859444941,0.824388150481,6.5000001));
#6773 = CARTESIAN_POINT('',(-2.37944002599,0.782361508913,6.5100001));
#6774 = CARTESIAN_POINT('',(-2.37944002599,0.782361508913,6.5000001));
#6775 = ADVANCED_FACE('',(#6776),#6786,.F.);
#6776 = FACE_BOUND('',#6777,.F.);
#6777 = EDGE_LOOP('',(#6778,#6779,#6780,#6785));
#6778 = ORIENTED_EDGE('',*,*,#6761,.F.);
#6779 = ORIENTED_EDGE('',*,*,#6347,.T.);
#6780 = ORIENTED_EDGE('',*,*,#6781,.T.);
#6781 = EDGE_CURVE('',#6348,#1414,#6782,.T.);
#6782 = B_SPLINE_CURVE_WITH_KNOTS('',1,(#6783,#6784),.UNSPECIFIED.,.F.,
  .F.,(2,2),(0.,1.E-02),.PIECEWISE_BEZIER_KNOTS.);
#6783 = CARTESIAN_POINT('',(-2.471627504491,0.653570151275,6.5100001));
#6784 = CARTESIAN_POINT('',(-2.471627504491,0.653570151275,6.5000001));
#6785 = ORIENTED_EDGE('',*,*,#1422,.F.);
#6786 = B_SPLINE_SURFACE_WITH_KNOTS('',3,1,(
    (#6787,#6788)
    ,(#6789,#6790)
    ,(#6791,#6792)
    ,(#6793,#6794
    )),.UNSPECIFIED.,.F.,.F.,.F.,(4,4),(2,2),(9.,10.),(0.,1.),
  .PIECEWISE_BEZIER_KNOTS.);
#6787 = CARTESIAN_POINT('',(-2.37944002599,0.782361508913,6.5100001));
#6788 = CARTESIAN_POINT('',(-2.37944002599,0.782361508913,6.5000001));
#6789 = CARTESIAN_POINT('',(-2.433667960605,0.764737427578,6.5100001));
#6790 = CARTESIAN_POINT('',(-2.433667960605,0.764737427578,6.5000001));
#6791 = CARTESIAN_POINT('',(-2.471627504491,0.713220900037,6.5100001));
#6792 = CARTESIAN_POINT('',(-2.471627504491,0.713220900037,6.5000001));
#6793 = CARTESIAN_POINT('',(-2.471627504491,0.653570151275,6.5100001));
#6794 = CARTESIAN_POINT('',(-2.471627504491,0.653570151275,6.5000001));
#6795 = ADVANCED_FACE('',(#6796),#6806,.F.);
#6796 = FACE_BOUND('',#6797,.F.);
#6797 = EDGE_LOOP('',(#6798,#6799,#6800,#6805));
#6798 = ORIENTED_EDGE('',*,*,#6781,.F.);
#6799 = ORIENTED_EDGE('',*,*,#6356,.T.);
#6800 = ORIENTED_EDGE('',*,*,#6801,.T.);
#6801 = EDGE_CURVE('',#6357,#1405,#6802,.T.);
#6802 = B_SPLINE_CURVE_WITH_KNOTS('',1,(#6803,#6804),.UNSPECIFIED.,.F.,
  .F.,(2,2),(0.,1.E-02),.PIECEWISE_BEZIER_KNOTS.);
#6803 = CARTESIAN_POINT('',(-2.336057667956,0.518000314739,6.5100001));
#6804 = CARTESIAN_POINT('',(-2.336057667956,0.518000314739,6.5000001));
#6805 = ORIENTED_EDGE('',*,*,#1413,.F.);
#6806 = B_SPLINE_SURFACE_WITH_KNOTS('',3,1,(
    (#6807,#6808)
    ,(#6809,#6810)
    ,(#6811,#6812)
    ,(#6813,#6814
    )),.UNSPECIFIED.,.F.,.F.,.F.,(4,4),(2,2),(10.,11.),(0.,1.),
  .PIECEWISE_BEZIER_KNOTS.);
#6807 = CARTESIAN_POINT('',(-2.471627504491,0.653570151275,6.5100001));
#6808 = CARTESIAN_POINT('',(-2.471627504491,0.653570151275,6.5000001));
#6809 = CARTESIAN_POINT('',(-2.471627504491,0.57900674118,6.5100001));
#6810 = CARTESIAN_POINT('',(-2.471627504491,0.57900674118,6.5000001));
#6811 = CARTESIAN_POINT('',(-2.410621078051,0.518000314739,6.5100001));
#6812 = CARTESIAN_POINT('',(-2.410621078051,0.518000314739,6.5000001));
#6813 = CARTESIAN_POINT('',(-2.336057667956,0.518000314739,6.5100001));
#6814 = CARTESIAN_POINT('',(-2.336057667956,0.518000314739,6.5000001));
#6815 = ADVANCED_FACE('',(#6816),#6826,.F.);
#6816 = FACE_BOUND('',#6817,.T.);
#6817 = EDGE_LOOP('',(#6818,#6819,#6824,#6825));
#6818 = ORIENTED_EDGE('',*,*,#1404,.T.);
#6819 = ORIENTED_EDGE('',*,*,#6820,.F.);
#6820 = EDGE_CURVE('',#6366,#1398,#6821,.T.);
#6821 = B_SPLINE_CURVE_WITH_KNOTS('',1,(#6822,#6823),.UNSPECIFIED.,.F.,
  .F.,(2,2),(0.,1.E-02),.PIECEWISE_BEZIER_KNOTS.);
#6822 = CARTESIAN_POINT('',(-2.322500684302,0.518000314739,6.5100001));
#6823 = CARTESIAN_POINT('',(-2.322500684302,0.518000314739,6.5000001));
#6824 = ORIENTED_EDGE('',*,*,#6365,.F.);
#6825 = ORIENTED_EDGE('',*,*,#6801,.T.);
#6826 = B_SPLINE_SURFACE_WITH_KNOTS('',1,1,(
    (#6827,#6828)
    ,(#6829,#6830
    )),.UNSPECIFIED.,.F.,.F.,.F.,(2,2),(2,2),(0.,1.355698365443E-02),(0.
    ,1.E-02),.PIECEWISE_BEZIER_KNOTS.);
#6827 = CARTESIAN_POINT('',(-2.336057667956,0.518000314739,6.5100001));
#6828 = CARTESIAN_POINT('',(-2.336057667956,0.518000314739,6.5000001));
#6829 = CARTESIAN_POINT('',(-2.322500684302,0.518000314739,6.5100001));
#6830 = CARTESIAN_POINT('',(-2.322500684302,0.518000314739,6.5000001));
#6831 = ADVANCED_FACE('',(#6832),#6842,.F.);
#6832 = FACE_BOUND('',#6833,.T.);
#6833 = EDGE_LOOP('',(#6834,#6835,#6840,#6841));
#6834 = ORIENTED_EDGE('',*,*,#1397,.T.);
#6835 = ORIENTED_EDGE('',*,*,#6836,.F.);
#6836 = EDGE_CURVE('',#6375,#1391,#6837,.T.);
#6837 = B_SPLINE_CURVE_WITH_KNOTS('',1,(#6838,#6839),.UNSPECIFIED.,.F.,
  .F.,(2,2),(0.,1.E-02),.PIECEWISE_BEZIER_KNOTS.);
#6838 = CARTESIAN_POINT('',(-2.222179010437,0.328202543589,6.5100001));
#6839 = CARTESIAN_POINT('',(-2.222179010437,0.328202543589,6.5000001));
#6840 = ORIENTED_EDGE('',*,*,#6374,.F.);
#6841 = ORIENTED_EDGE('',*,*,#6820,.T.);
#6842 = B_SPLINE_SURFACE_WITH_KNOTS('',1,1,(
    (#6843,#6844)
    ,(#6845,#6846
    )),.UNSPECIFIED.,.F.,.F.,.F.,(2,2),(2,2),(-5.838477426225E-18,
    0.214680302264),(-1.007348349747E-16,1.E-02),
  .PIECEWISE_BEZIER_KNOTS.);
#6843 = CARTESIAN_POINT('',(-2.322500684302,0.518000314739,6.5100001));
#6844 = CARTESIAN_POINT('',(-2.322500684302,0.518000314739,6.5000001));
#6845 = CARTESIAN_POINT('',(-2.222179010437,0.328202543589,6.5100001));
#6846 = CARTESIAN_POINT('',(-2.222179010437,0.328202543589,6.5000001));
#6847 = ADVANCED_FACE('',(#6848),#6858,.F.);
#6848 = FACE_BOUND('',#6849,.T.);
#6849 = EDGE_LOOP('',(#6850,#6851,#6856,#6857));
#6850 = ORIENTED_EDGE('',*,*,#1390,.T.);
#6851 = ORIENTED_EDGE('',*,*,#6852,.F.);
#6852 = EDGE_CURVE('',#6382,#1384,#6853,.T.);
#6853 = B_SPLINE_CURVE_WITH_KNOTS('',1,(#6854,#6855),.UNSPECIFIED.,.F.,
  .F.,(2,2),(0.,1.E-02),.PIECEWISE_BEZIER_KNOTS.);
#6854 = CARTESIAN_POINT('',(-2.150326981559,0.370229172229,6.5100001));
#6855 = CARTESIAN_POINT('',(-2.150326981559,0.370229172229,6.5000001));
#6856 = ORIENTED_EDGE('',*,*,#6381,.F.);
#6857 = ORIENTED_EDGE('',*,*,#6836,.T.);
#6858 = B_SPLINE_SURFACE_WITH_KNOTS('',1,1,(
    (#6859,#6860)
    ,(#6861,#6862
    )),.UNSPECIFIED.,.F.,.F.,.F.,(2,2),(2,2),(-8.874685183736E-33,
    8.324032417499E-02),(-4.26003612766E-17,1.E-02),
  .PIECEWISE_BEZIER_KNOTS.);
#6859 = CARTESIAN_POINT('',(-2.222179010437,0.328202543589,6.5100001));
#6860 = CARTESIAN_POINT('',(-2.222179010437,0.328202543589,6.5000001));
#6861 = CARTESIAN_POINT('',(-2.150326981559,0.370229172229,6.5100001));
#6862 = CARTESIAN_POINT('',(-2.150326981559,0.370229172229,6.5000001));
#6863 = ADVANCED_FACE('',(#6864),#6874,.F.);
#6864 = FACE_BOUND('',#6865,.T.);
#6865 = EDGE_LOOP('',(#6866,#6867,#6872,#6873));
#6866 = ORIENTED_EDGE('',*,*,#1383,.T.);
#6867 = ORIENTED_EDGE('',*,*,#6868,.F.);
#6868 = EDGE_CURVE('',#6389,#1375,#6869,.T.);
#6869 = B_SPLINE_CURVE_WITH_KNOTS('',1,(#6870,#6871),.UNSPECIFIED.,.F.,
  .F.,(2,2),(0.,1.E-02),.PIECEWISE_BEZIER_KNOTS.);
#6870 = CARTESIAN_POINT('',(-2.245225867133,0.551892748015,6.5100001));
#6871 = CARTESIAN_POINT('',(-2.245225867133,0.551892748015,6.5000001));
#6872 = ORIENTED_EDGE('',*,*,#6388,.F.);
#6873 = ORIENTED_EDGE('',*,*,#6852,.T.);
#6874 = B_SPLINE_SURFACE_WITH_KNOTS('',1,1,(
    (#6875,#6876)
    ,(#6877,#6878
    )),.UNSPECIFIED.,.F.,.F.,.F.,(2,2),(2,2),(0.,0.204957198582),(
    -6.467308848198E-31,1.E-02),.PIECEWISE_BEZIER_KNOTS.);
#6875 = CARTESIAN_POINT('',(-2.150326981559,0.370229172229,6.5100001));
#6876 = CARTESIAN_POINT('',(-2.150326981559,0.370229172229,6.5000001));
#6877 = CARTESIAN_POINT('',(-2.245225867133,0.551892748015,6.5100001));
#6878 = CARTESIAN_POINT('',(-2.245225867133,0.551892748015,6.5000001));
#6879 = ADVANCED_FACE('',(#6880),#6890,.F.);
#6880 = FACE_BOUND('',#6881,.F.);
#6881 = EDGE_LOOP('',(#6882,#6883,#6884,#6889));
#6882 = ORIENTED_EDGE('',*,*,#6868,.F.);
#6883 = ORIENTED_EDGE('',*,*,#6395,.T.);
#6884 = ORIENTED_EDGE('',*,*,#6885,.T.);
#6885 = EDGE_CURVE('',#6396,#1366,#6886,.T.);
#6886 = B_SPLINE_CURVE_WITH_KNOTS('',1,(#6887,#6888),.UNSPECIFIED.,.F.,
  .F.,(2,2),(0.,1.E-02),.PIECEWISE_BEZIER_KNOTS.);
#6887 = CARTESIAN_POINT('',(-2.199132127883,0.653570125417,6.5100001));
#6888 = CARTESIAN_POINT('',(-2.199132127883,0.653570125417,6.5000001));
#6889 = ORIENTED_EDGE('',*,*,#1374,.F.);
#6890 = B_SPLINE_SURFACE_WITH_KNOTS('',3,1,(
    (#6891,#6892)
    ,(#6893,#6894)
    ,(#6895,#6896)
    ,(#6897,#6898
    )),.UNSPECIFIED.,.F.,.F.,.F.,(4,4),(2,2),(15.,16.),(0.,1.),
  .PIECEWISE_BEZIER_KNOTS.);
#6891 = CARTESIAN_POINT('',(-2.245225867133,0.551892748015,6.5100001));
#6892 = CARTESIAN_POINT('',(-2.245225867133,0.551892748015,6.5000001));
#6893 = CARTESIAN_POINT('',(-2.216756196289,0.576295308249,6.5100001));
#6894 = CARTESIAN_POINT('',(-2.216756196289,0.576295308249,6.5000001));
#6895 = CARTESIAN_POINT('',(-2.199132127883,0.612899174456,6.5100001));
#6896 = CARTESIAN_POINT('',(-2.199132127883,0.612899174456,6.5000001));
#6897 = CARTESIAN_POINT('',(-2.199132127883,0.653570125417,6.5100001));
#6898 = CARTESIAN_POINT('',(-2.199132127883,0.653570125417,6.5000001));
#6899 = ADVANCED_FACE('',(#6900),#6910,.F.);
#6900 = FACE_BOUND('',#6901,.F.);
#6901 = EDGE_LOOP('',(#6902,#6903,#6904,#6909));
#6902 = ORIENTED_EDGE('',*,*,#6885,.F.);
#6903 = ORIENTED_EDGE('',*,*,#6404,.T.);
#6904 = ORIENTED_EDGE('',*,*,#6905,.T.);
#6905 = EDGE_CURVE('',#6405,#1357,#6906,.T.);
#6906 = B_SPLINE_CURVE_WITH_KNOTS('',1,(#6907,#6908),.UNSPECIFIED.,.F.,
  .F.,(2,2),(0.,1.E-02),.PIECEWISE_BEZIER_KNOTS.);
#6907 = CARTESIAN_POINT('',(-2.288608225167,0.781005766589,6.5100001));
#6908 = CARTESIAN_POINT('',(-2.288608225167,0.781005766589,6.5000001));
#6909 = ORIENTED_EDGE('',*,*,#1365,.F.);
#6910 = B_SPLINE_SURFACE_WITH_KNOTS('',3,1,(
    (#6911,#6912)
    ,(#6913,#6914)
    ,(#6915,#6916)
    ,(#6917,#6918
    )),.UNSPECIFIED.,.F.,.F.,.F.,(4,4),(2,2),(16.,17.),(0.,1.),
  .PIECEWISE_BEZIER_KNOTS.);
#6911 = CARTESIAN_POINT('',(-2.199132127883,0.653570125417,6.5100001));
#6912 = CARTESIAN_POINT('',(-2.199132127883,0.653570125417,6.5000001));
#6913 = CARTESIAN_POINT('',(-2.199132127883,0.711865170642,6.5100001));
#6914 = CARTESIAN_POINT('',(-2.199132127883,0.711865170642,6.5000001));
#6915 = CARTESIAN_POINT('',(-2.237091671769,0.762025994645,6.5100001));
#6916 = CARTESIAN_POINT('',(-2.237091671769,0.762025994645,6.5000001));
#6917 = CARTESIAN_POINT('',(-2.288608225167,0.781005766589,6.5100001));
#6918 = CARTESIAN_POINT('',(-2.288608225167,0.781005766589,6.5000001));
#6919 = ADVANCED_FACE('',(#6920),#6930,.F.);
#6920 = FACE_BOUND('',#6921,.F.);
#6921 = EDGE_LOOP('',(#6922,#6923,#6924,#6929));
#6922 = ORIENTED_EDGE('',*,*,#6905,.F.);
#6923 = ORIENTED_EDGE('',*,*,#6413,.T.);
#6924 = ORIENTED_EDGE('',*,*,#6925,.T.);
#6925 = EDGE_CURVE('',#6414,#1348,#6926,.T.);
#6926 = B_SPLINE_CURVE_WITH_KNOTS('',1,(#6927,#6928),.UNSPECIFIED.,.F.,
  .F.,(2,2),(0.,1.E-02),.PIECEWISE_BEZIER_KNOTS.);
#6927 = CARTESIAN_POINT('',(-2.163883965212,0.86234766851,6.5100001));
#6928 = CARTESIAN_POINT('',(-2.163883965212,0.86234766851,6.5000001));
#6929 = ORIENTED_EDGE('',*,*,#1356,.F.);
#6930 = B_SPLINE_SURFACE_WITH_KNOTS('',3,1,(
    (#6931,#6932)
    ,(#6933,#6934)
    ,(#6935,#6936)
    ,(#6937,#6938
    )),.UNSPECIFIED.,.F.,.F.,.F.,(4,4),(2,2),(17.,18.),(0.,1.),
  .PIECEWISE_BEZIER_KNOTS.);
#6931 = CARTESIAN_POINT('',(-2.288608225167,0.781005766589,6.5100001));
#6932 = CARTESIAN_POINT('',(-2.288608225167,0.781005766589,6.5000001));
#6933 = CARTESIAN_POINT('',(-2.266917046151,0.828455209376,6.5100001));
#6934 = CARTESIAN_POINT('',(-2.266917046151,0.828455209376,6.5000001));
#6935 = CARTESIAN_POINT('',(-2.219467603364,0.86234766851,6.5100001));
#6936 = CARTESIAN_POINT('',(-2.219467603364,0.86234766851,6.5000001));
#6937 = CARTESIAN_POINT('',(-2.163883965212,0.86234766851,6.5100001));
#6938 = CARTESIAN_POINT('',(-2.163883965212,0.86234766851,6.5000001));
#6939 = ADVANCED_FACE('',(#6940),#6950,.F.);
#6940 = FACE_BOUND('',#6941,.F.);
#6941 = EDGE_LOOP('',(#6942,#6943,#6944,#6949));
#6942 = ORIENTED_EDGE('',*,*,#6925,.F.);
#6943 = ORIENTED_EDGE('',*,*,#6422,.T.);
#6944 = ORIENTED_EDGE('',*,*,#6945,.T.);
#6945 = EDGE_CURVE('',#6423,#1339,#6946,.T.);
#6946 = B_SPLINE_CURVE_WITH_KNOTS('',1,(#6947,#6948),.UNSPECIFIED.,.F.,
  .F.,(2,2),(0.,1.E-02),.PIECEWISE_BEZIER_KNOTS.);
#6947 = CARTESIAN_POINT('',(-2.028314128677,0.726777831975,6.5100001));
#6948 = CARTESIAN_POINT('',(-2.028314128677,0.726777831975,6.5000001));
#6949 = ORIENTED_EDGE('',*,*,#1347,.F.);
#6950 = B_SPLINE_SURFACE_WITH_KNOTS('',3,1,(
    (#6951,#6952)
    ,(#6953,#6954)
    ,(#6955,#6956)
    ,(#6957,#6958
    )),.UNSPECIFIED.,.F.,.F.,.F.,(4,4),(2,2),(18.,19.),(0.,1.),
  .PIECEWISE_BEZIER_KNOTS.);
#6951 = CARTESIAN_POINT('',(-2.163883965212,0.86234766851,6.5100001));
#6952 = CARTESIAN_POINT('',(-2.163883965212,0.86234766851,6.5000001));
#6953 = CARTESIAN_POINT('',(-2.089320555117,0.86234766851,6.5100001));
#6954 = CARTESIAN_POINT('',(-2.089320555117,0.86234766851,6.5000001));
#6955 = CARTESIAN_POINT('',(-2.028314128677,0.801341242069,6.5100001));
#6956 = CARTESIAN_POINT('',(-2.028314128677,0.801341242069,6.5000001));
#6957 = CARTESIAN_POINT('',(-2.028314128677,0.726777831975,6.5100001));
#6958 = CARTESIAN_POINT('',(-2.028314128677,0.726777831975,6.5000001));
#6959 = ADVANCED_FACE('',(#6960),#6970,.F.);
#6960 = FACE_BOUND('',#6961,.F.);
#6961 = EDGE_LOOP('',(#6962,#6963,#6964,#6969));
#6962 = ORIENTED_EDGE('',*,*,#6945,.F.);
#6963 = ORIENTED_EDGE('',*,*,#6431,.T.);
#6964 = ORIENTED_EDGE('',*,*,#6965,.T.);
#6965 = EDGE_CURVE('',#6432,#1330,#6966,.T.);
#6966 = B_SPLINE_CURVE_WITH_KNOTS('',1,(#6967,#6968),.UNSPECIFIED.,.F.,
  .F.,(2,2),(0.,1.E-02),.PIECEWISE_BEZIER_KNOTS.);
#6967 = CARTESIAN_POINT('',(-2.048649604158,0.654925828954,6.5100001));
#6968 = CARTESIAN_POINT('',(-2.048649604158,0.654925828954,6.5000001));
#6969 = ORIENTED_EDGE('',*,*,#1338,.F.);
#6970 = B_SPLINE_SURFACE_WITH_KNOTS('',3,1,(
    (#6971,#6972)
    ,(#6973,#6974)
    ,(#6975,#6976)
    ,(#6977,#6978
    )),.UNSPECIFIED.,.F.,.F.,.F.,(4,4),(2,2),(19.,20.),(0.,1.),
  .PIECEWISE_BEZIER_KNOTS.);
#6971 = CARTESIAN_POINT('',(-2.028314128677,0.726777831975,6.5100001));
#6972 = CARTESIAN_POINT('',(-2.028314128677,0.726777831975,6.5000001));
#6973 = CARTESIAN_POINT('',(-2.028314128677,0.701019568204,6.5100001));
#6974 = CARTESIAN_POINT('',(-2.028314128677,0.701019568204,6.5000001));
#6975 = CARTESIAN_POINT('',(-2.03644832404,0.675261304434,6.5100001));
#6976 = CARTESIAN_POINT('',(-2.03644832404,0.675261304434,6.5000001));
#6977 = CARTESIAN_POINT('',(-2.048649604158,0.654925828954,6.5100001));
#6978 = CARTESIAN_POINT('',(-2.048649604158,0.654925828954,6.5000001));
#6979 = ADVANCED_FACE('',(#6980),#6990,.F.);
#6980 = FACE_BOUND('',#6981,.F.);
#6981 = EDGE_LOOP('',(#6982,#6983,#6984,#6989));
#6982 = ORIENTED_EDGE('',*,*,#6965,.F.);
#6983 = ORIENTED_EDGE('',*,*,#6440,.T.);
#6984 = ORIENTED_EDGE('',*,*,#6985,.T.);
#6985 = EDGE_CURVE('',#6441,#1321,#6986,.T.);
#6986 = B_SPLINE_CURVE_WITH_KNOTS('',1,(#6987,#6988),.UNSPECIFIED.,.F.,
  .F.,(2,2),(0.,1.E-02),.PIECEWISE_BEZIER_KNOTS.);
#6987 = CARTESIAN_POINT('',(-1.918502633485,0.473262279025,6.5100001));
#6988 = CARTESIAN_POINT('',(-1.918502633485,0.473262279025,6.5000001));
#6989 = ORIENTED_EDGE('',*,*,#1329,.F.);
#6990 = B_SPLINE_SURFACE_WITH_KNOTS('',3,1,(
    (#6991,#6992)
    ,(#6993,#6994)
    ,(#6995,#6996)
    ,(#6997,#6998
    )),.UNSPECIFIED.,.F.,.F.,.F.,(4,4),(2,2),(20.,21.),(0.,1.),
  .PIECEWISE_BEZIER_KNOTS.);
#6991 = CARTESIAN_POINT('',(-2.048649604158,0.654925828954,6.5100001));
#6992 = CARTESIAN_POINT('',(-2.048649604158,0.654925828954,6.5000001));
#6993 = CARTESIAN_POINT('',(-1.972730568099,0.629167591042,6.5100001));
#6994 = CARTESIAN_POINT('',(-1.972730568099,0.629167591042,6.5000001));
#6995 = CARTESIAN_POINT('',(-1.918502633485,0.5586712657,6.5100001));
#6996 = CARTESIAN_POINT('',(-1.918502633485,0.5586712657,6.5000001));
#6997 = CARTESIAN_POINT('',(-1.918502633485,0.473262279025,6.5100001));
#6998 = CARTESIAN_POINT('',(-1.918502633485,0.473262279025,6.5000001));
#6999 = ADVANCED_FACE('',(#7000),#7010,.F.);
#7000 = FACE_BOUND('',#7001,.F.);
#7001 = EDGE_LOOP('',(#7002,#7003,#7004,#7009));
#7002 = ORIENTED_EDGE('',*,*,#6985,.F.);
#7003 = ORIENTED_EDGE('',*,*,#6449,.T.);
#7004 = ORIENTED_EDGE('',*,*,#7005,.T.);
#7005 = EDGE_CURVE('',#6450,#1312,#7006,.T.);
#7006 = B_SPLINE_CURVE_WITH_KNOTS('',1,(#7007,#7008),.UNSPECIFIED.,.F.,
  .F.,(2,2),(0.,1.E-02),.PIECEWISE_BEZIER_KNOTS.);
#7007 = CARTESIAN_POINT('',(-2.087964929154,0.283464507876,6.5100001));
#7008 = CARTESIAN_POINT('',(-2.087964929154,0.283464507876,6.5000001));
#7009 = ORIENTED_EDGE('',*,*,#1320,.F.);
#7010 = B_SPLINE_SURFACE_WITH_KNOTS('',3,1,(
    (#7011,#7012)
    ,(#7013,#7014)
    ,(#7015,#7016)
    ,(#7017,#7018
    )),.UNSPECIFIED.,.F.,.F.,.F.,(4,4),(2,2),(21.,22.),(0.,1.),
  .PIECEWISE_BEZIER_KNOTS.);
#7011 = CARTESIAN_POINT('',(-1.918502633485,0.473262279025,6.5100001));
#7012 = CARTESIAN_POINT('',(-1.918502633485,0.473262279025,6.5000001));
#7013 = CARTESIAN_POINT('',(-1.918502633485,0.375651986376,6.5100001));
#7014 = CARTESIAN_POINT('',(-1.918502633485,0.375651986376,6.5000001));
#7015 = CARTESIAN_POINT('',(-1.99306604358,0.294310084456,6.5100001));
#7016 = CARTESIAN_POINT('',(-1.99306604358,0.294310084456,6.5000001));
#7017 = CARTESIAN_POINT('',(-2.087964929154,0.283464507876,6.5100001));
#7018 = CARTESIAN_POINT('',(-2.087964929154,0.283464507876,6.5000001));
#7019 = ADVANCED_FACE('',(#7020),#7030,.F.);
#7020 = FACE_BOUND('',#7021,.T.);
#7021 = EDGE_LOOP('',(#7022,#7023,#7028,#7029));
#7022 = ORIENTED_EDGE('',*,*,#1311,.T.);
#7023 = ORIENTED_EDGE('',*,*,#7024,.F.);
#7024 = EDGE_CURVE('',#6459,#1303,#7025,.T.);
#7025 = B_SPLINE_CURVE_WITH_KNOTS('',1,(#7026,#7027),.UNSPECIFIED.,.F.,
  .F.,(2,2),(0.,1.E-02),.PIECEWISE_BEZIER_KNOTS.);
#7026 = CARTESIAN_POINT('',(-2.087964929154,0.272618931296,6.5100001));
#7027 = CARTESIAN_POINT('',(-2.087964929154,0.272618931296,6.5000001));
#7028 = ORIENTED_EDGE('',*,*,#6458,.F.);
#7029 = ORIENTED_EDGE('',*,*,#7005,.T.);
#7030 = B_SPLINE_SURFACE_WITH_KNOTS('',1,1,(
    (#7031,#7032)
    ,(#7033,#7034
    )),.UNSPECIFIED.,.F.,.F.,.F.,(2,2),(2,2),(0.,1.084557657986E-02),(
    -4.440892098501E-16,1.E-02),.PIECEWISE_BEZIER_KNOTS.);
#7031 = CARTESIAN_POINT('',(-2.087964929154,0.283464507876,6.5100001));
#7032 = CARTESIAN_POINT('',(-2.087964929154,0.283464507876,6.5000001));
#7033 = CARTESIAN_POINT('',(-2.087964929154,0.272618931296,6.5100001));
#7034 = CARTESIAN_POINT('',(-2.087964929154,0.272618931296,6.5000001));
#7035 = ADVANCED_FACE('',(#7036),#7046,.F.);
#7036 = FACE_BOUND('',#7037,.F.);
#7037 = EDGE_LOOP('',(#7038,#7039,#7040,#7045));
#7038 = ORIENTED_EDGE('',*,*,#7024,.F.);
#7039 = ORIENTED_EDGE('',*,*,#6467,.T.);
#7040 = ORIENTED_EDGE('',*,*,#7041,.T.);
#7041 = EDGE_CURVE('',#6468,#1294,#7042,.T.);
#7042 = B_SPLINE_CURVE_WITH_KNOTS('',1,(#7043,#7044),.UNSPECIFIED.,.F.,
  .F.,(2,2),(0.,1.E-02),.PIECEWISE_BEZIER_KNOTS.);
#7043 = CARTESIAN_POINT('',(-2.193709391309,0.166874469142,6.5100001));
#7044 = CARTESIAN_POINT('',(-2.193709391309,0.166874469142,6.5000001));
#7045 = ORIENTED_EDGE('',*,*,#1302,.F.);
#7046 = B_SPLINE_SURFACE_WITH_KNOTS('',3,1,(
    (#7047,#7048)
    ,(#7049,#7050)
    ,(#7051,#7052)
    ,(#7053,#7054
    )),.UNSPECIFIED.,.F.,.F.,.F.,(4,4),(2,2),(23.,24.),(0.,1.),
  .PIECEWISE_BEZIER_KNOTS.);
#7047 = CARTESIAN_POINT('',(-2.087964929154,0.272618931296,6.5100001));
#7048 = CARTESIAN_POINT('',(-2.087964929154,0.272618931296,6.5000001));
#7049 = CARTESIAN_POINT('',(-2.087964929154,0.214323911929,6.5100001));
#7050 = CARTESIAN_POINT('',(-2.087964929154,0.214323911929,6.5000001));
#7051 = CARTESIAN_POINT('',(-2.135414371942,0.166874469142,6.5100001));
#7052 = CARTESIAN_POINT('',(-2.135414371942,0.166874469142,6.5000001));
#7053 = CARTESIAN_POINT('',(-2.193709391309,0.166874469142,6.5100001));
#7054 = CARTESIAN_POINT('',(-2.193709391309,0.166874469142,6.5000001));
#7055 = ADVANCED_FACE('',(#7056),#7066,.F.);
#7056 = FACE_BOUND('',#7057,.F.);
#7057 = EDGE_LOOP('',(#7058,#7059,#7060,#7065));
#7058 = ORIENTED_EDGE('',*,*,#7041,.F.);
#7059 = ORIENTED_EDGE('',*,*,#6476,.T.);
#7060 = ORIENTED_EDGE('',*,*,#7061,.T.);
#7061 = EDGE_CURVE('',#6477,#1287,#7062,.T.);
#7062 = B_SPLINE_CURVE_WITH_KNOTS('',1,(#7063,#7064),.UNSPECIFIED.,.F.,
  .F.,(2,2),(0.,1.E-02),.PIECEWISE_BEZIER_KNOTS.);
#7063 = CARTESIAN_POINT('',(-2.299453853463,0.26448476179,6.5100001));
#7064 = CARTESIAN_POINT('',(-2.299453853463,0.26448476179,6.5000001));
#7065 = ORIENTED_EDGE('',*,*,#1293,.F.);
#7066 = B_SPLINE_SURFACE_WITH_KNOTS('',3,1,(
    (#7067,#7068)
    ,(#7069,#7070)
    ,(#7071,#7072)
    ,(#7073,#7074
    )),.UNSPECIFIED.,.F.,.F.,.F.,(4,4),(2,2),(24.,25.),(0.,1.),
  .PIECEWISE_BEZIER_KNOTS.);
#7067 = CARTESIAN_POINT('',(-2.193709391309,0.166874469142,6.5100001));
#7068 = CARTESIAN_POINT('',(-2.193709391309,0.166874469142,6.5000001));
#7069 = CARTESIAN_POINT('',(-2.24929302946,0.166874469142,6.5100001));
#7070 = CARTESIAN_POINT('',(-2.24929302946,0.166874469142,6.5000001));
#7071 = CARTESIAN_POINT('',(-2.29538676871,0.208901097782,6.5100001));
#7072 = CARTESIAN_POINT('',(-2.29538676871,0.208901097782,6.5000001));
#7073 = CARTESIAN_POINT('',(-2.299453853463,0.26448476179,6.5100001));
#7074 = CARTESIAN_POINT('',(-2.299453853463,0.26448476179,6.5000001));
#7075 = ADVANCED_FACE('',(#7076),#7086,.F.);
#7076 = FACE_BOUND('',#7077,.T.);
#7077 = EDGE_LOOP('',(#7078,#7079,#7084,#7085));
#7078 = ORIENTED_EDGE('',*,*,#1286,.T.);
#7079 = ORIENTED_EDGE('',*,*,#7080,.F.);
#7080 = EDGE_CURVE('',#6486,#1278,#7081,.T.);
#7081 = B_SPLINE_CURVE_WITH_KNOTS('',1,(#7082,#7083),.UNSPECIFIED.,.F.,
  .F.,(2,2),(0.,1.E-02),.PIECEWISE_BEZIER_KNOTS.);
#7082 = CARTESIAN_POINT('',(-2.299453853463,0.325491188231,6.5100001));
#7083 = CARTESIAN_POINT('',(-2.299453853463,0.325491188231,6.5000001));
#7084 = ORIENTED_EDGE('',*,*,#6485,.F.);
#7085 = ORIENTED_EDGE('',*,*,#7061,.T.);
#7086 = B_SPLINE_SURFACE_WITH_KNOTS('',1,1,(
    (#7087,#7088)
    ,(#7089,#7090
    )),.UNSPECIFIED.,.F.,.F.,.F.,(2,2),(2,2),(-7.88860905221E-33,
    6.100642644104E-02),(0.,1.E-02),.PIECEWISE_BEZIER_KNOTS.);
#7087 = CARTESIAN_POINT('',(-2.299453853463,0.26448476179,6.5100001));
#7088 = CARTESIAN_POINT('',(-2.299453853463,0.26448476179,6.5000001));
#7089 = CARTESIAN_POINT('',(-2.299453853463,0.325491188231,6.5100001));
#7090 = CARTESIAN_POINT('',(-2.299453853463,0.325491188231,6.5000001));
#7091 = ADVANCED_FACE('',(#7092),#7102,.F.);
#7092 = FACE_BOUND('',#7093,.F.);
#7093 = EDGE_LOOP('',(#7094,#7095,#7096,#7101));
#7094 = ORIENTED_EDGE('',*,*,#7080,.F.);
#7095 = ORIENTED_EDGE('',*,*,#6492,.T.);
#7096 = ORIENTED_EDGE('',*,*,#7097,.T.);
#7097 = EDGE_CURVE('',#6493,#1269,#7098,.T.);
#7098 = B_SPLINE_CURVE_WITH_KNOTS('',1,(#7099,#7100),.UNSPECIFIED.,.F.,
  .F.,(2,2),(0.,1.E-02),.PIECEWISE_BEZIER_KNOTS.);
#7099 = CARTESIAN_POINT('',(-2.298098175784,0.333625357737,6.5100001));
#7100 = CARTESIAN_POINT('',(-2.298098175784,0.333625357737,6.5000001));
#7101 = ORIENTED_EDGE('',*,*,#1277,.F.);
#7102 = B_SPLINE_SURFACE_WITH_KNOTS('',3,1,(
    (#7103,#7104)
    ,(#7105,#7106)
    ,(#7107,#7108)
    ,(#7109,#7110
    )),.UNSPECIFIED.,.F.,.F.,.F.,(4,4),(2,2),(26.,27.),(0.,1.),
  .PIECEWISE_BEZIER_KNOTS.);
#7103 = CARTESIAN_POINT('',(-2.299453853463,0.325491188231,6.5100001));
#7104 = CARTESIAN_POINT('',(-2.299453853463,0.325491188231,6.5000001));
#7105 = CARTESIAN_POINT('',(-2.299453853463,0.328202595305,6.5100001));
#7106 = CARTESIAN_POINT('',(-2.299453853463,0.328202595305,6.5000001));
#7107 = CARTESIAN_POINT('',(-2.298098175784,0.330914002379,6.5100001));
#7108 = CARTESIAN_POINT('',(-2.298098175784,0.330914002379,6.5000001));
#7109 = CARTESIAN_POINT('',(-2.298098175784,0.333625357737,6.5100001));
#7110 = CARTESIAN_POINT('',(-2.298098175784,0.333625357737,6.5000001));
#7111 = ADVANCED_FACE('',(#7112),#7122,.F.);
#7112 = FACE_BOUND('',#7113,.F.);
#7113 = EDGE_LOOP('',(#7114,#7115,#7116,#7121));
#7114 = ORIENTED_EDGE('',*,*,#7097,.F.);
#7115 = ORIENTED_EDGE('',*,*,#6501,.T.);
#7116 = ORIENTED_EDGE('',*,*,#7117,.T.);
#7117 = EDGE_CURVE('',#6502,#1260,#7118,.T.);
#7118 = B_SPLINE_CURVE_WITH_KNOTS('',1,(#7119,#7120),.UNSPECIFIED.,.F.,
  .F.,(2,2),(0.,1.E-02),.PIECEWISE_BEZIER_KNOTS.);
#7119 = CARTESIAN_POINT('',(-2.340124804424,0.375651986376,6.5100001));
#7120 = CARTESIAN_POINT('',(-2.340124804424,0.375651986376,6.5000001));
#7121 = ORIENTED_EDGE('',*,*,#1268,.F.);
#7122 = B_SPLINE_SURFACE_WITH_KNOTS('',3,1,(
    (#7123,#7124)
    ,(#7125,#7126)
    ,(#7127,#7128)
    ,(#7129,#7130
    )),.UNSPECIFIED.,.F.,.F.,.F.,(4,4),(2,2),(27.,28.),(0.,1.),
  .PIECEWISE_BEZIER_KNOTS.);
#7123 = CARTESIAN_POINT('',(-2.298098175784,0.333625357737,6.5100001));
#7124 = CARTESIAN_POINT('',(-2.298098175784,0.333625357737,6.5000001));
#7125 = CARTESIAN_POINT('',(-2.298098175784,0.356672240291,6.5100001));
#7126 = CARTESIAN_POINT('',(-2.298098175784,0.356672240291,6.5000001));
#7127 = CARTESIAN_POINT('',(-2.317077973585,0.375651986376,6.5100001));
#7128 = CARTESIAN_POINT('',(-2.317077973585,0.375651986376,6.5000001));
#7129 = CARTESIAN_POINT('',(-2.340124804424,0.375651986376,6.5100001));
#7130 = CARTESIAN_POINT('',(-2.340124804424,0.375651986376,6.5000001));
#7131 = ADVANCED_FACE('',(#7132),#7142,.F.);
#7132 = FACE_BOUND('',#7133,.F.);
#7133 = EDGE_LOOP('',(#7134,#7135,#7136,#7141));
#7134 = ORIENTED_EDGE('',*,*,#7117,.F.);
#7135 = ORIENTED_EDGE('',*,*,#6510,.T.);
#7136 = ORIENTED_EDGE('',*,*,#7137,.T.);
#7137 = EDGE_CURVE('',#6511,#1253,#7138,.T.);
#7138 = B_SPLINE_CURVE_WITH_KNOTS('',1,(#7139,#7140),.UNSPECIFIED.,.F.,
  .F.,(2,2),(0.,1.E-02),.PIECEWISE_BEZIER_KNOTS.);
#7139 = CARTESIAN_POINT('',(-2.382151433064,0.336336713095,6.5100001));
#7140 = CARTESIAN_POINT('',(-2.382151433064,0.336336713095,6.5000001));
#7141 = ORIENTED_EDGE('',*,*,#1259,.F.);
#7142 = B_SPLINE_SURFACE_WITH_KNOTS('',3,1,(
    (#7143,#7144)
    ,(#7145,#7146)
    ,(#7147,#7148)
    ,(#7149,#7150
    )),.UNSPECIFIED.,.F.,.F.,.F.,(4,4),(2,2),(28.,29.),(0.,1.),
  .PIECEWISE_BEZIER_KNOTS.);
#7143 = CARTESIAN_POINT('',(-2.340124804424,0.375651986376,6.5100001));
#7144 = CARTESIAN_POINT('',(-2.340124804424,0.375651986376,6.5000001));
#7145 = CARTESIAN_POINT('',(-2.361815957583,0.375651986376,6.5100001));
#7146 = CARTESIAN_POINT('',(-2.361815957583,0.375651986376,6.5000001));
#7147 = CARTESIAN_POINT('',(-2.380795755386,0.358027917971,6.5100001));
#7148 = CARTESIAN_POINT('',(-2.380795755386,0.358027917971,6.5000001));
#7149 = CARTESIAN_POINT('',(-2.382151433064,0.336336713095,6.5100001));
#7150 = CARTESIAN_POINT('',(-2.382151433064,0.336336713095,6.5000001));
#7151 = ADVANCED_FACE('',(#7152),#7162,.F.);
#7152 = FACE_BOUND('',#7153,.T.);
#7153 = EDGE_LOOP('',(#7154,#7155,#7160,#7161));
#7154 = ORIENTED_EDGE('',*,*,#1252,.T.);
#7155 = ORIENTED_EDGE('',*,*,#7156,.F.);
#7156 = EDGE_CURVE('',#6520,#1244,#7157,.T.);
#7157 = B_SPLINE_CURVE_WITH_KNOTS('',1,(#7158,#7159),.UNSPECIFIED.,.F.,
  .F.,(2,2),(0.,1.E-02),.PIECEWISE_BEZIER_KNOTS.);
#7158 = CARTESIAN_POINT('',(-2.382151433064,0.256350540568,6.5100001));
#7159 = CARTESIAN_POINT('',(-2.382151433064,0.256350540568,6.5000001));
#7160 = ORIENTED_EDGE('',*,*,#6519,.F.);
#7161 = ORIENTED_EDGE('',*,*,#7137,.T.);
#7162 = B_SPLINE_SURFACE_WITH_KNOTS('',1,1,(
    (#7163,#7164)
    ,(#7165,#7166
    )),.UNSPECIFIED.,.F.,.F.,.F.,(2,2),(2,2),(-7.591908777356E-02,
    4.067084753299E-03),(-8.605094659668E-17,1.E-02),
  .PIECEWISE_BEZIER_KNOTS.);
#7163 = CARTESIAN_POINT('',(-2.382151433064,0.336336713095,6.5100001));
#7164 = CARTESIAN_POINT('',(-2.382151433064,0.336336713095,6.5000001));
#7165 = CARTESIAN_POINT('',(-2.382151433064,0.256350540568,6.5100001));
#7166 = CARTESIAN_POINT('',(-2.382151433064,0.256350540568,6.5000001));
#7167 = ADVANCED_FACE('',(#7168),#7178,.F.);
#7168 = FACE_BOUND('',#7169,.F.);
#7169 = EDGE_LOOP('',(#7170,#7171,#7172,#7177));
#7170 = ORIENTED_EDGE('',*,*,#7156,.F.);
#7171 = ORIENTED_EDGE('',*,*,#6526,.T.);
#7172 = ORIENTED_EDGE('',*,*,#7173,.T.);
#7173 = EDGE_CURVE('',#6527,#1235,#7174,.T.);
#7174 = B_SPLINE_CURVE_WITH_KNOTS('',1,(#7175,#7176),.UNSPECIFIED.,.F.,
  .F.,(2,2),(0.,1.E-02),.PIECEWISE_BEZIER_KNOTS.);
#7175 = CARTESIAN_POINT('',(-2.321145006623,0.132982010008,6.5100001));
#7176 = CARTESIAN_POINT('',(-2.321145006623,0.132982010008,6.5000001));
#7177 = ORIENTED_EDGE('',*,*,#1243,.F.);
#7178 = B_SPLINE_SURFACE_WITH_KNOTS('',3,1,(
    (#7179,#7180)
    ,(#7181,#7182)
    ,(#7183,#7184)
    ,(#7185,#7186
    )),.UNSPECIFIED.,.F.,.F.,.F.,(4,4),(2,2),(33.,34.),(0.,1.),
  .PIECEWISE_BEZIER_KNOTS.);
#7179 = CARTESIAN_POINT('',(-2.382151433064,0.256350540568,6.5100001));
#7180 = CARTESIAN_POINT('',(-2.382151433064,0.256350540568,6.5000001));
#7181 = CARTESIAN_POINT('',(-2.378084348311,0.208901097782,6.5100001));
#7182 = CARTESIAN_POINT('',(-2.378084348311,0.208901097782,6.5000001));
#7183 = CARTESIAN_POINT('',(-2.356393143436,0.165518739746,6.5100001));
#7184 = CARTESIAN_POINT('',(-2.356393143436,0.165518739746,6.5000001));
#7185 = CARTESIAN_POINT('',(-2.321145006623,0.132982010008,6.5100001));
#7186 = CARTESIAN_POINT('',(-2.321145006623,0.132982010008,6.5000001));
#7187 = ADVANCED_FACE('',(#7188),#7194,.F.);
#7188 = FACE_BOUND('',#7189,.F.);
#7189 = EDGE_LOOP('',(#7190,#7191,#7192,#7193));
#7190 = ORIENTED_EDGE('',*,*,#7173,.F.);
#7191 = ORIENTED_EDGE('',*,*,#6535,.T.);
#7192 = ORIENTED_EDGE('',*,*,#6575,.T.);
#7193 = ORIENTED_EDGE('',*,*,#1234,.F.);
#7194 = B_SPLINE_SURFACE_WITH_KNOTS('',3,1,(
    (#7195,#7196)
    ,(#7197,#7198)
    ,(#7199,#7200)
    ,(#7201,#7202
    )),.UNSPECIFIED.,.F.,.F.,.F.,(4,4),(2,2),(34.,35.),(0.,1.),
  .PIECEWISE_BEZIER_KNOTS.);
#7195 = CARTESIAN_POINT('',(-2.321145006623,0.132982010008,6.5100001));
#7196 = CARTESIAN_POINT('',(-2.321145006623,0.132982010008,6.5000001));
#7197 = CARTESIAN_POINT('',(-2.28589686981,0.100445228553,6.5100001));
#7198 = CARTESIAN_POINT('',(-2.28589686981,0.100445228553,6.5000001));
#7199 = CARTESIAN_POINT('',(-2.239803104701,8.282116014622E-02,6.5100001
    ));
#7200 = CARTESIAN_POINT('',(-2.239803104701,8.282116014622E-02,6.5000001
    ));
#7201 = CARTESIAN_POINT('',(-2.192353661914,8.282116014622E-02,6.5100001
    ));
#7202 = CARTESIAN_POINT('',(-2.192353661914,8.282116014622E-02,6.5000001
    ));
#7203 = ADVANCED_FACE('',(#7204),#7231,.T.);
#7204 = FACE_BOUND('',#7205,.T.);
#7205 = EDGE_LOOP('',(#7206,#7220,#7225,#7226));
#7206 = ORIENTED_EDGE('',*,*,#7207,.F.);
#7207 = EDGE_CURVE('',#7208,#7210,#7212,.T.);
#7208 = VERTEX_POINT('',#7209);
#7209 = CARTESIAN_POINT('',(-2.390285706001,0.654925854812,6.5000001));
#7210 = VERTEX_POINT('',#7211);
#7211 = CARTESIAN_POINT('',(-2.284541192131,0.654925854812,6.5000001));
#7212 = B_SPLINE_CURVE_WITH_KNOTS('',3,(#7213,#7214,#7215,#7216,#7217,
    #7218,#7219),.UNSPECIFIED.,.F.,.F.,(4,3,4),(0.,1.,2.),
  .PIECEWISE_BEZIER_KNOTS.);
#7213 = CARTESIAN_POINT('',(-2.390285706001,0.654925854812,6.5000001));
#7214 = CARTESIAN_POINT('',(-2.390285706001,0.625100506289,6.5000001));
#7215 = CARTESIAN_POINT('',(-2.365883094053,0.602053623735,6.5000001));
#7216 = CARTESIAN_POINT('',(-2.337413449066,0.602053623735,6.5000001));
#7217 = CARTESIAN_POINT('',(-2.307588074685,0.602053623735,6.5000001));
#7218 = CARTESIAN_POINT('',(-2.284541192131,0.626456183968,6.5000001));
#7219 = CARTESIAN_POINT('',(-2.284541192131,0.654925854812,6.5000001));
#7220 = ORIENTED_EDGE('',*,*,#7221,.F.);
#7221 = EDGE_CURVE('',#6545,#7208,#7222,.T.);
#7222 = B_SPLINE_CURVE_WITH_KNOTS('',1,(#7223,#7224),.UNSPECIFIED.,.F.,
  .F.,(2,2),(0.,1.E-02),.PIECEWISE_BEZIER_KNOTS.);
#7223 = CARTESIAN_POINT('',(-2.390285706001,0.654925854812,6.5100001));
#7224 = CARTESIAN_POINT('',(-2.390285706001,0.654925854812,6.5000001));
#7225 = ORIENTED_EDGE('',*,*,#6544,.T.);
#7226 = ORIENTED_EDGE('',*,*,#7227,.T.);
#7227 = EDGE_CURVE('',#6547,#7210,#7228,.T.);
#7228 = B_SPLINE_CURVE_WITH_KNOTS('',1,(#7229,#7230),.UNSPECIFIED.,.F.,
  .F.,(2,2),(0.,1.E-02),.PIECEWISE_BEZIER_KNOTS.);
#7229 = CARTESIAN_POINT('',(-2.284541192131,0.654925854812,6.5100001));
#7230 = CARTESIAN_POINT('',(-2.284541192131,0.654925854812,6.5000001));
#7231 = B_SPLINE_SURFACE_WITH_KNOTS('',3,1,(
    (#7232,#7233)
    ,(#7234,#7235)
    ,(#7236,#7237)
    ,(#7238,#7239)
    ,(#7240,#7241)
    ,(#7242,#7243)
    ,(#7244,#7245
    )),.UNSPECIFIED.,.F.,.F.,.F.,(4,3,4),(2,2),(0.,1.,2.),(0.,1.),
  .PIECEWISE_BEZIER_KNOTS.);
#7232 = CARTESIAN_POINT('',(-2.390285706001,0.654925854812,6.5100001));
#7233 = CARTESIAN_POINT('',(-2.390285706001,0.654925854812,6.5000001));
#7234 = CARTESIAN_POINT('',(-2.390285706001,0.625100506289,6.5100001));
#7235 = CARTESIAN_POINT('',(-2.390285706001,0.625100506289,6.5000001));
#7236 = CARTESIAN_POINT('',(-2.365883094053,0.602053623735,6.5100001));
#7237 = CARTESIAN_POINT('',(-2.365883094053,0.602053623735,6.5000001));
#7238 = CARTESIAN_POINT('',(-2.337413449066,0.602053623735,6.5100001));
#7239 = CARTESIAN_POINT('',(-2.337413449066,0.602053623735,6.5000001));
#7240 = CARTESIAN_POINT('',(-2.307588074685,0.602053623735,6.5100001));
#7241 = CARTESIAN_POINT('',(-2.307588074685,0.602053623735,6.5000001));
#7242 = CARTESIAN_POINT('',(-2.284541192131,0.626456183968,6.5100001));
#7243 = CARTESIAN_POINT('',(-2.284541192131,0.626456183968,6.5000001));
#7244 = CARTESIAN_POINT('',(-2.284541192131,0.654925854812,6.5100001));
#7245 = CARTESIAN_POINT('',(-2.284541192131,0.654925854812,6.5000001));
#7246 = ADVANCED_FACE('',(#7247),#7261,.T.);
#7247 = FACE_BOUND('',#7248,.T.);
#7248 = EDGE_LOOP('',(#7249,#7258,#7259,#7260));
#7249 = ORIENTED_EDGE('',*,*,#7250,.F.);
#7250 = EDGE_CURVE('',#7210,#7208,#7251,.T.);
#7251 = B_SPLINE_CURVE_WITH_KNOTS('',3,(#7252,#7253,#7254,#7255,#7256,
    #7257),.UNSPECIFIED.,.F.,.F.,(4,2,4),(2.,3.,4.),.UNSPECIFIED.);
#7252 = CARTESIAN_POINT('',(-2.284541192131,0.654925854812,6.5000001));
#7253 = CARTESIAN_POINT('',(-2.284541192131,0.683395525655,6.5000001));
#7254 = CARTESIAN_POINT('',(-2.307588074685,0.707798085889,6.5000001));
#7255 = CARTESIAN_POINT('',(-2.367238823447,0.707798085889,6.5000001));
#7256 = CARTESIAN_POINT('',(-2.390285706001,0.683395525655,6.5000001));
#7257 = CARTESIAN_POINT('',(-2.390285706001,0.654925854812,6.5000001));
#7258 = ORIENTED_EDGE('',*,*,#7227,.F.);
#7259 = ORIENTED_EDGE('',*,*,#6558,.T.);
#7260 = ORIENTED_EDGE('',*,*,#7221,.T.);
#7261 = B_SPLINE_SURFACE_WITH_KNOTS('',3,1,(
    (#7262,#7263)
    ,(#7264,#7265)
    ,(#7266,#7267)
    ,(#7268,#7269)
    ,(#7270,#7271)
    ,(#7272,#7273
    )),.UNSPECIFIED.,.F.,.F.,.F.,(4,2,4),(2,2),(2.,3.,4.),(0.,1.),
  .UNSPECIFIED.);
#7262 = CARTESIAN_POINT('',(-2.284541192131,0.654925854812,6.5100001));
#7263 = CARTESIAN_POINT('',(-2.284541192131,0.654925854812,6.5000001));
#7264 = CARTESIAN_POINT('',(-2.284541192131,0.683395525655,6.5100001));
#7265 = CARTESIAN_POINT('',(-2.284541192131,0.683395525655,6.5000001));
#7266 = CARTESIAN_POINT('',(-2.307588074685,0.707798085889,6.5100001));
#7267 = CARTESIAN_POINT('',(-2.307588074685,0.707798085889,6.5000001));
#7268 = CARTESIAN_POINT('',(-2.367238823447,0.707798085889,6.5100001));
#7269 = CARTESIAN_POINT('',(-2.367238823447,0.707798085889,6.5000001));
#7270 = CARTESIAN_POINT('',(-2.390285706001,0.683395525655,6.5100001));
#7271 = CARTESIAN_POINT('',(-2.390285706001,0.683395525655,6.5000001));
#7272 = CARTESIAN_POINT('',(-2.390285706001,0.654925854812,6.5100001));
#7273 = CARTESIAN_POINT('',(-2.390285706001,0.654925854812,6.5000001));
#7274 = ADVANCED_FACE('',(#7275),#7279,.F.);
#7275 = FACE_BOUND('',#7276,.T.);
#7276 = EDGE_LOOP('',(#7277,#7278));
#7277 = ORIENTED_EDGE('',*,*,#7250,.T.);
#7278 = ORIENTED_EDGE('',*,*,#7207,.T.);
#7279 = B_SPLINE_SURFACE_WITH_KNOTS('',1,1,(
    (#7280,#7281)
    ,(#7282,#7283
    )),.UNSPECIFIED.,.F.,.F.,.F.,(2,2),(2,2),(-1.140285706001,
    -1.034541192131),(2.542201914111,2.647946376265),
  .PIECEWISE_BEZIER_KNOTS.);
#7280 = CARTESIAN_POINT('',(-2.390285706001,0.707798085889,6.5000001));
#7281 = CARTESIAN_POINT('',(-2.390285706001,0.602053623735,6.5000001));
#7282 = CARTESIAN_POINT('',(-2.284541192131,0.707798085889,6.5000001));
#7283 = CARTESIAN_POINT('',(-2.284541192131,0.602053623735,6.5000001));
#7284 = ADVANCED_FACE('',(#7285,#7344),#7403,.T.);
#7285 = FACE_BOUND('',#7286,.T.);
#7286 = EDGE_LOOP('',(#7287,#7298,#7307,#7316,#7323,#7330,#7337));
#7287 = ORIENTED_EDGE('',*,*,#7288,.T.);
#7288 = EDGE_CURVE('',#7289,#7291,#7293,.T.);
#7289 = VERTEX_POINT('',#7290);
#7290 = CARTESIAN_POINT('',(-2.052288538313,-0.627679720567,6.5100001));
#7291 = VERTEX_POINT('',#7292);
#7292 = CARTESIAN_POINT('',(-1.981223106938,-0.656437336829,6.5100001));
#7293 = B_SPLINE_CURVE_WITH_KNOTS('',3,(#7294,#7295,#7296,#7297),
  .UNSPECIFIED.,.F.,.F.,(4,4),(4.,5.),.PIECEWISE_BEZIER_KNOTS.);
#7294 = CARTESIAN_POINT('',(-2.052288538313,-0.627679720567,6.5100001));
#7295 = CARTESIAN_POINT('',(-2.034449067885,-0.646835217501,6.5100001));
#7296 = CARTESIAN_POINT('',(-2.01076059076,-0.656437336829,6.5100001));
#7297 = CARTESIAN_POINT('',(-1.981223106938,-0.656437336829,6.5100001));
#7298 = ORIENTED_EDGE('',*,*,#7299,.T.);
#7299 = EDGE_CURVE('',#7291,#7300,#7302,.T.);
#7300 = VERTEX_POINT('',#7301);
#7301 = CARTESIAN_POINT('',(-1.913569596138,-0.627679720567,6.5100001));
#7302 = B_SPLINE_CURVE_WITH_KNOTS('',3,(#7303,#7304,#7305,#7306),
  .UNSPECIFIED.,.F.,.F.,(4,4),(3.,4.),.PIECEWISE_BEZIER_KNOTS.);
#7303 = CARTESIAN_POINT('',(-1.981223106938,-0.656437336829,6.5100001));
#7304 = CARTESIAN_POINT('',(-1.952952907901,-0.656437336829,6.5100001));
#7305 = CARTESIAN_POINT('',(-1.930434232116,-0.646835217501,6.5100001));
#7306 = CARTESIAN_POINT('',(-1.913569596138,-0.627679720567,6.5100001));
#7307 = ORIENTED_EDGE('',*,*,#7308,.T.);
#7308 = EDGE_CURVE('',#7300,#7309,#7311,.T.);
#7309 = VERTEX_POINT('',#7310);
#7310 = CARTESIAN_POINT('',(-1.888321383894,-0.555590713021,6.5100001));
#7311 = B_SPLINE_CURVE_WITH_KNOTS('',3,(#7312,#7313,#7314,#7315),
  .UNSPECIFIED.,.F.,.F.,(4,4),(2.,3.),.PIECEWISE_BEZIER_KNOTS.);
#7312 = CARTESIAN_POINT('',(-1.913569596138,-0.627679720567,6.5100001));
#7313 = CARTESIAN_POINT('',(-1.89670496016,-0.608524223632,6.5100001));
#7314 = CARTESIAN_POINT('',(-1.888321383894,-0.58449455445,6.5100001));
#7315 = CARTESIAN_POINT('',(-1.888321383894,-0.555590713021,6.5100001));
#7316 = ORIENTED_EDGE('',*,*,#7317,.T.);
#7317 = EDGE_CURVE('',#7309,#7318,#7320,.T.);
#7318 = VERTEX_POINT('',#7319);
#7319 = CARTESIAN_POINT('',(-1.888321383894,-0.501194950734,6.5100001));
#7320 = B_SPLINE_CURVE_WITH_KNOTS('',1,(#7321,#7322),.UNSPECIFIED.,.F.,
  .F.,(2,2),(-5.439576228661E-02,0.),.PIECEWISE_BEZIER_KNOTS.);
#7321 = CARTESIAN_POINT('',(-1.888321383894,-0.555590713021,6.5100001));
#7322 = CARTESIAN_POINT('',(-1.888321383894,-0.501194950734,6.5100001));
#7323 = ORIENTED_EDGE('',*,*,#7324,.T.);
#7324 = EDGE_CURVE('',#7318,#7325,#7327,.T.);
#7325 = VERTEX_POINT('',#7326);
#7326 = CARTESIAN_POINT('',(-2.078999002231,-0.501194950734,6.5100001));
#7327 = B_SPLINE_CURVE_WITH_KNOTS('',1,(#7328,#7329),.UNSPECIFIED.,.F.,
  .F.,(2,2),(-0.190677618336,-0.),.PIECEWISE_BEZIER_KNOTS.);
#7328 = CARTESIAN_POINT('',(-1.888321383894,-0.501194950734,6.5100001));
#7329 = CARTESIAN_POINT('',(-2.078999002231,-0.501194950734,6.5100001));
#7330 = ORIENTED_EDGE('',*,*,#7331,.T.);
#7331 = EDGE_CURVE('',#7325,#7332,#7334,.T.);
#7332 = VERTEX_POINT('',#7333);
#7333 = CARTESIAN_POINT('',(-2.078999002231,-0.553641044121,6.5100001));
#7334 = B_SPLINE_CURVE_WITH_KNOTS('',1,(#7335,#7336),.UNSPECIFIED.,.F.,
  .F.,(2,2),(-5.244609338709E-02,0.),.PIECEWISE_BEZIER_KNOTS.);
#7335 = CARTESIAN_POINT('',(-2.078999002231,-0.501194950734,6.5100001));
#7336 = CARTESIAN_POINT('',(-2.078999002231,-0.553641044121,6.5100001));
#7337 = ORIENTED_EDGE('',*,*,#7338,.T.);
#7338 = EDGE_CURVE('',#7332,#7289,#7339,.T.);
#7339 = B_SPLINE_CURVE_WITH_KNOTS('',3,(#7340,#7341,#7342,#7343),
  .UNSPECIFIED.,.F.,.F.,(4,4),(5.,6.),.PIECEWISE_BEZIER_KNOTS.);
#7340 = CARTESIAN_POINT('',(-2.078999002231,-0.553641044121,6.5100001));
#7341 = CARTESIAN_POINT('',(-2.078999002231,-0.583812170335,6.5100001));
#7342 = CARTESIAN_POINT('',(-2.070128008739,-0.608524223632,6.5100001));
#7343 = CARTESIAN_POINT('',(-2.052288538313,-0.627679720567,6.5100001));
#7344 = FACE_BOUND('',#7345,.T.);
#7345 = EDGE_LOOP('',(#7346,#7357,#7366,#7375,#7384,#7391,#7398));
#7346 = ORIENTED_EDGE('',*,*,#7347,.F.);
#7347 = EDGE_CURVE('',#7348,#7350,#7352,.T.);
#7348 = VERTEX_POINT('',#7349);
#7349 = CARTESIAN_POINT('',(-1.928192112882,-0.609645283249,6.5100001));
#7350 = VERTEX_POINT('',#7351);
#7351 = CARTESIAN_POINT('',(-1.910255159009,-0.55461587857,6.5100001));
#7352 = B_SPLINE_CURVE_WITH_KNOTS('',3,(#7353,#7354,#7355,#7356),
  .UNSPECIFIED.,.F.,.F.,(4,4),(5.,6.),.PIECEWISE_BEZIER_KNOTS.);
#7353 = CARTESIAN_POINT('',(-1.928192112882,-0.609645283249,6.5100001));
#7354 = CARTESIAN_POINT('',(-1.916201649151,-0.595705150619,6.5100001));
#7355 = CARTESIAN_POINT('',(-1.910255159009,-0.577329521245,6.5100001));
#7356 = CARTESIAN_POINT('',(-1.910255159009,-0.55461587857,6.5100001));
#7357 = ORIENTED_EDGE('',*,*,#7358,.F.);
#7358 = EDGE_CURVE('',#7359,#7348,#7361,.T.);
#7359 = VERTEX_POINT('',#7360);
#7360 = CARTESIAN_POINT('',(-1.981905491053,-0.630555482194,6.5100001));
#7361 = B_SPLINE_CURVE_WITH_KNOTS('',3,(#7362,#7363,#7364,#7365),
  .UNSPECIFIED.,.F.,.F.,(4,4),(4.,5.),.PIECEWISE_BEZIER_KNOTS.);
#7362 = CARTESIAN_POINT('',(-1.981905491053,-0.630555482194,6.5100001));
#7363 = CARTESIAN_POINT('',(-1.958119530483,-0.630555482194,6.5100001));
#7364 = CARTESIAN_POINT('',(-1.940182576611,-0.623585415878,6.5100001));
#7365 = CARTESIAN_POINT('',(-1.928192112882,-0.609645283249,6.5100001));
#7366 = ORIENTED_EDGE('',*,*,#7367,.F.);
#7367 = EDGE_CURVE('',#7368,#7359,#7370,.T.);
#7368 = VERTEX_POINT('',#7369);
#7369 = CARTESIAN_POINT('',(-2.037373571234,-0.610181442197,6.5100001));
#7370 = B_SPLINE_CURVE_WITH_KNOTS('',3,(#7371,#7372,#7373,#7374),
  .UNSPECIFIED.,.F.,.F.,(4,4),(3.,4.),.PIECEWISE_BEZIER_KNOTS.);
#7371 = CARTESIAN_POINT('',(-2.037373571234,-0.610181442197,6.5100001));
#7372 = CARTESIAN_POINT('',(-2.024213306165,-0.623780382769,6.5100001));
#7373 = CARTESIAN_POINT('',(-2.005691451623,-0.630555482194,6.5100001));
#7374 = CARTESIAN_POINT('',(-1.981905491053,-0.630555482194,6.5100001));
#7375 = ORIENTED_EDGE('',*,*,#7376,.F.);
#7376 = EDGE_CURVE('',#7377,#7368,#7379,.T.);
#7377 = VERTEX_POINT('',#7378);
#7378 = CARTESIAN_POINT('',(-2.057260194005,-0.553494818954,6.5100001));
#7379 = B_SPLINE_CURVE_WITH_KNOTS('',3,(#7380,#7381,#7382,#7383),
  .UNSPECIFIED.,.F.,.F.,(4,4),(2.,3.),.PIECEWISE_BEZIER_KNOTS.);
#7380 = CARTESIAN_POINT('',(-2.057260194005,-0.553494818954,6.5100001));
#7381 = CARTESIAN_POINT('',(-2.057260194005,-0.577719455026,6.5100001));
#7382 = CARTESIAN_POINT('',(-2.050631319748,-0.596631243348,6.5100001));
#7383 = CARTESIAN_POINT('',(-2.037373571234,-0.610181442197,6.5100001));
#7384 = ORIENTED_EDGE('',*,*,#7385,.F.);
#7385 = EDGE_CURVE('',#7386,#7377,#7388,.T.);
#7386 = VERTEX_POINT('',#7387);
#7387 = CARTESIAN_POINT('',(-2.057260194005,-0.525809520587,6.5100001));
#7388 = B_SPLINE_CURVE_WITH_KNOTS('',1,(#7389,#7390),.UNSPECIFIED.,.F.,
  .F.,(2,2),(0.,2.768529836753E-02),.PIECEWISE_BEZIER_KNOTS.);
#7389 = CARTESIAN_POINT('',(-2.057260194005,-0.525809520587,6.5100001));
#7390 = CARTESIAN_POINT('',(-2.057260194005,-0.553494818954,6.5100001));
#7391 = ORIENTED_EDGE('',*,*,#7392,.F.);
#7392 = EDGE_CURVE('',#7393,#7386,#7395,.T.);
#7393 = VERTEX_POINT('',#7394);
#7394 = CARTESIAN_POINT('',(-1.910255159009,-0.525809520587,6.5100001));
#7395 = B_SPLINE_CURVE_WITH_KNOTS('',1,(#7396,#7397),.UNSPECIFIED.,.F.,
  .F.,(2,2),(0.,0.147005034996),.PIECEWISE_BEZIER_KNOTS.);
#7396 = CARTESIAN_POINT('',(-1.910255159009,-0.525809520587,6.5100001));
#7397 = CARTESIAN_POINT('',(-2.057260194005,-0.525809520587,6.5100001));
#7398 = ORIENTED_EDGE('',*,*,#7399,.F.);
#7399 = EDGE_CURVE('',#7350,#7393,#7400,.T.);
#7400 = B_SPLINE_CURVE_WITH_KNOTS('',1,(#7401,#7402),.UNSPECIFIED.,.F.,
  .F.,(2,2),(0.,2.880635798327E-02),.PIECEWISE_BEZIER_KNOTS.);
#7401 = CARTESIAN_POINT('',(-1.910255159009,-0.55461587857,6.5100001));
#7402 = CARTESIAN_POINT('',(-1.910255159009,-0.525809520587,6.5100001));
#7403 = B_SPLINE_SURFACE_WITH_KNOTS('',1,1,(
    (#7404,#7405)
    ,(#7406,#7407
    )),.UNSPECIFIED.,.F.,.F.,.F.,(2,2),(2,2),(-0.132821193754,
    5.785642458222E-02),(-0.148046889314,7.195496780679E-03),
  .PIECEWISE_BEZIER_KNOTS.);
#7404 = CARTESIAN_POINT('',(-1.888321383894,-0.501194950734,6.5100001));
#7405 = CARTESIAN_POINT('',(-1.888321383894,-0.656437336829,6.5100001));
#7406 = CARTESIAN_POINT('',(-2.078999002231,-0.501194950734,6.5100001));
#7407 = CARTESIAN_POINT('',(-2.078999002231,-0.656437336829,6.5100001));
#7408 = ADVANCED_FACE('',(#7409),#7423,.F.);
#7409 = FACE_BOUND('',#7410,.F.);
#7410 = EDGE_LOOP('',(#7411,#7416,#7417,#7422));
#7411 = ORIENTED_EDGE('',*,*,#7412,.F.);
#7412 = EDGE_CURVE('',#7289,#1165,#7413,.T.);
#7413 = B_SPLINE_CURVE_WITH_KNOTS('',1,(#7414,#7415),.UNSPECIFIED.,.F.,
  .F.,(2,2),(0.,1.E-02),.PIECEWISE_BEZIER_KNOTS.);
#7414 = CARTESIAN_POINT('',(-2.052288538313,-0.627679720567,6.5100001));
#7415 = CARTESIAN_POINT('',(-2.052288538313,-0.627679720567,6.5000001));
#7416 = ORIENTED_EDGE('',*,*,#7288,.T.);
#7417 = ORIENTED_EDGE('',*,*,#7418,.T.);
#7418 = EDGE_CURVE('',#7291,#1167,#7419,.T.);
#7419 = B_SPLINE_CURVE_WITH_KNOTS('',1,(#7420,#7421),.UNSPECIFIED.,.F.,
  .F.,(2,2),(0.,1.E-02),.PIECEWISE_BEZIER_KNOTS.);
#7420 = CARTESIAN_POINT('',(-1.981223106938,-0.656437336829,6.5100001));
#7421 = CARTESIAN_POINT('',(-1.981223106938,-0.656437336829,6.5000001));
#7422 = ORIENTED_EDGE('',*,*,#1164,.F.);
#7423 = B_SPLINE_SURFACE_WITH_KNOTS('',3,1,(
    (#7424,#7425)
    ,(#7426,#7427)
    ,(#7428,#7429)
    ,(#7430,#7431
    )),.UNSPECIFIED.,.F.,.F.,.F.,(4,4),(2,2),(4.,5.),(0.,1.),
  .PIECEWISE_BEZIER_KNOTS.);
#7424 = CARTESIAN_POINT('',(-2.052288538313,-0.627679720567,6.5100001));
#7425 = CARTESIAN_POINT('',(-2.052288538313,-0.627679720567,6.5000001));
#7426 = CARTESIAN_POINT('',(-2.034449067885,-0.646835217501,6.5100001));
#7427 = CARTESIAN_POINT('',(-2.034449067885,-0.646835217501,6.5000001));
#7428 = CARTESIAN_POINT('',(-2.01076059076,-0.656437336829,6.5100001));
#7429 = CARTESIAN_POINT('',(-2.01076059076,-0.656437336829,6.5000001));
#7430 = CARTESIAN_POINT('',(-1.981223106938,-0.656437336829,6.5100001));
#7431 = CARTESIAN_POINT('',(-1.981223106938,-0.656437336829,6.5000001));
#7432 = ADVANCED_FACE('',(#7433),#7443,.F.);
#7433 = FACE_BOUND('',#7434,.F.);
#7434 = EDGE_LOOP('',(#7435,#7436,#7437,#7442));
#7435 = ORIENTED_EDGE('',*,*,#7418,.F.);
#7436 = ORIENTED_EDGE('',*,*,#7299,.T.);
#7437 = ORIENTED_EDGE('',*,*,#7438,.T.);
#7438 = EDGE_CURVE('',#7300,#1206,#7439,.T.);
#7439 = B_SPLINE_CURVE_WITH_KNOTS('',1,(#7440,#7441),.UNSPECIFIED.,.F.,
  .F.,(2,2),(0.,1.E-02),.PIECEWISE_BEZIER_KNOTS.);
#7440 = CARTESIAN_POINT('',(-1.913569596138,-0.627679720567,6.5100001));
#7441 = CARTESIAN_POINT('',(-1.913569596138,-0.627679720567,6.5000001));
#7442 = ORIENTED_EDGE('',*,*,#1214,.F.);
#7443 = B_SPLINE_SURFACE_WITH_KNOTS('',3,1,(
    (#7444,#7445)
    ,(#7446,#7447)
    ,(#7448,#7449)
    ,(#7450,#7451
    )),.UNSPECIFIED.,.F.,.F.,.F.,(4,4),(2,2),(3.,4.),(0.,1.),
  .PIECEWISE_BEZIER_KNOTS.);
#7444 = CARTESIAN_POINT('',(-1.981223106938,-0.656437336829,6.5100001));
#7445 = CARTESIAN_POINT('',(-1.981223106938,-0.656437336829,6.5000001));
#7446 = CARTESIAN_POINT('',(-1.952952907901,-0.656437336829,6.5100001));
#7447 = CARTESIAN_POINT('',(-1.952952907901,-0.656437336829,6.5000001));
#7448 = CARTESIAN_POINT('',(-1.930434232116,-0.646835217501,6.5100001));
#7449 = CARTESIAN_POINT('',(-1.930434232116,-0.646835217501,6.5000001));
#7450 = CARTESIAN_POINT('',(-1.913569596138,-0.627679720567,6.5100001));
#7451 = CARTESIAN_POINT('',(-1.913569596138,-0.627679720567,6.5000001));
#7452 = ADVANCED_FACE('',(#7453),#7463,.F.);
#7453 = FACE_BOUND('',#7454,.F.);
#7454 = EDGE_LOOP('',(#7455,#7456,#7457,#7462));
#7455 = ORIENTED_EDGE('',*,*,#7438,.F.);
#7456 = ORIENTED_EDGE('',*,*,#7308,.T.);
#7457 = ORIENTED_EDGE('',*,*,#7458,.T.);
#7458 = EDGE_CURVE('',#7309,#1199,#7459,.T.);
#7459 = B_SPLINE_CURVE_WITH_KNOTS('',1,(#7460,#7461),.UNSPECIFIED.,.F.,
  .F.,(2,2),(0.,1.E-02),.PIECEWISE_BEZIER_KNOTS.);
#7460 = CARTESIAN_POINT('',(-1.888321383894,-0.555590713021,6.5100001));
#7461 = CARTESIAN_POINT('',(-1.888321383894,-0.555590713021,6.5000001));
#7462 = ORIENTED_EDGE('',*,*,#1205,.F.);
#7463 = B_SPLINE_SURFACE_WITH_KNOTS('',3,1,(
    (#7464,#7465)
    ,(#7466,#7467)
    ,(#7468,#7469)
    ,(#7470,#7471
    )),.UNSPECIFIED.,.F.,.F.,.F.,(4,4),(2,2),(2.,3.),(0.,1.),
  .PIECEWISE_BEZIER_KNOTS.);
#7464 = CARTESIAN_POINT('',(-1.913569596138,-0.627679720567,6.5100001));
#7465 = CARTESIAN_POINT('',(-1.913569596138,-0.627679720567,6.5000001));
#7466 = CARTESIAN_POINT('',(-1.89670496016,-0.608524223632,6.5100001));
#7467 = CARTESIAN_POINT('',(-1.89670496016,-0.608524223632,6.5000001));
#7468 = CARTESIAN_POINT('',(-1.888321383894,-0.58449455445,6.5100001));
#7469 = CARTESIAN_POINT('',(-1.888321383894,-0.58449455445,6.5000001));
#7470 = CARTESIAN_POINT('',(-1.888321383894,-0.555590713021,6.5100001));
#7471 = CARTESIAN_POINT('',(-1.888321383894,-0.555590713021,6.5000001));
#7472 = ADVANCED_FACE('',(#7473),#7483,.F.);
#7473 = FACE_BOUND('',#7474,.T.);
#7474 = EDGE_LOOP('',(#7475,#7476,#7481,#7482));
#7475 = ORIENTED_EDGE('',*,*,#1198,.T.);
#7476 = ORIENTED_EDGE('',*,*,#7477,.F.);
#7477 = EDGE_CURVE('',#7318,#1192,#7478,.T.);
#7478 = B_SPLINE_CURVE_WITH_KNOTS('',1,(#7479,#7480),.UNSPECIFIED.,.F.,
  .F.,(2,2),(0.,1.E-02),.PIECEWISE_BEZIER_KNOTS.);
#7479 = CARTESIAN_POINT('',(-1.888321383894,-0.501194950734,6.5100001));
#7480 = CARTESIAN_POINT('',(-1.888321383894,-0.501194950734,6.5000001));
#7481 = ORIENTED_EDGE('',*,*,#7317,.F.);
#7482 = ORIENTED_EDGE('',*,*,#7458,.T.);
#7483 = B_SPLINE_SURFACE_WITH_KNOTS('',1,1,(
    (#7484,#7485)
    ,(#7486,#7487
    )),.UNSPECIFIED.,.F.,.F.,.F.,(2,2),(2,2),(-5.439576228661E-02,0.),(
    -6.424563197838E-17,1.E-02),.PIECEWISE_BEZIER_KNOTS.);
#7484 = CARTESIAN_POINT('',(-1.888321383894,-0.555590713021,6.5100001));
#7485 = CARTESIAN_POINT('',(-1.888321383894,-0.555590713021,6.5000001));
#7486 = CARTESIAN_POINT('',(-1.888321383894,-0.501194950734,6.5100001));
#7487 = CARTESIAN_POINT('',(-1.888321383894,-0.501194950734,6.5000001));
#7488 = ADVANCED_FACE('',(#7489),#7499,.F.);
#7489 = FACE_BOUND('',#7490,.T.);
#7490 = EDGE_LOOP('',(#7491,#7492,#7497,#7498));
#7491 = ORIENTED_EDGE('',*,*,#1191,.T.);
#7492 = ORIENTED_EDGE('',*,*,#7493,.F.);
#7493 = EDGE_CURVE('',#7325,#1185,#7494,.T.);
#7494 = B_SPLINE_CURVE_WITH_KNOTS('',1,(#7495,#7496),.UNSPECIFIED.,.F.,
  .F.,(2,2),(0.,1.E-02),.PIECEWISE_BEZIER_KNOTS.);
#7495 = CARTESIAN_POINT('',(-2.078999002231,-0.501194950734,6.5100001));
#7496 = CARTESIAN_POINT('',(-2.078999002231,-0.501194950734,6.5000001));
#7497 = ORIENTED_EDGE('',*,*,#7324,.F.);
#7498 = ORIENTED_EDGE('',*,*,#7477,.T.);
#7499 = B_SPLINE_SURFACE_WITH_KNOTS('',1,1,(
    (#7500,#7501)
    ,(#7502,#7503
    )),.UNSPECIFIED.,.F.,.F.,.F.,(2,2),(2,2),(-0.190677618336,
    3.491481338844E-17),(-2.224310735437E-16,1.E-02),
  .PIECEWISE_BEZIER_KNOTS.);
#7500 = CARTESIAN_POINT('',(-1.888321383894,-0.501194950734,6.5100001));
#7501 = CARTESIAN_POINT('',(-1.888321383894,-0.501194950734,6.5000001));
#7502 = CARTESIAN_POINT('',(-2.078999002231,-0.501194950734,6.5100001));
#7503 = CARTESIAN_POINT('',(-2.078999002231,-0.501194950734,6.5000001));
#7504 = ADVANCED_FACE('',(#7505),#7515,.F.);
#7505 = FACE_BOUND('',#7506,.T.);
#7506 = EDGE_LOOP('',(#7507,#7508,#7513,#7514));
#7507 = ORIENTED_EDGE('',*,*,#1184,.T.);
#7508 = ORIENTED_EDGE('',*,*,#7509,.F.);
#7509 = EDGE_CURVE('',#7332,#1176,#7510,.T.);
#7510 = B_SPLINE_CURVE_WITH_KNOTS('',1,(#7511,#7512),.UNSPECIFIED.,.F.,
  .F.,(2,2),(0.,1.E-02),.PIECEWISE_BEZIER_KNOTS.);
#7511 = CARTESIAN_POINT('',(-2.078999002231,-0.553641044121,6.5100001));
#7512 = CARTESIAN_POINT('',(-2.078999002231,-0.553641044121,6.5000001));
#7513 = ORIENTED_EDGE('',*,*,#7331,.F.);
#7514 = ORIENTED_EDGE('',*,*,#7493,.T.);
#7515 = B_SPLINE_SURFACE_WITH_KNOTS('',1,1,(
    (#7516,#7517)
    ,(#7518,#7519
    )),.UNSPECIFIED.,.F.,.F.,.F.,(2,2),(2,2),(-5.244609338709E-02,
    4.119267568565E-17),(0.,1.E-02),.PIECEWISE_BEZIER_KNOTS.);
#7516 = CARTESIAN_POINT('',(-2.078999002231,-0.501194950734,6.5100001));
#7517 = CARTESIAN_POINT('',(-2.078999002231,-0.501194950734,6.5000001));
#7518 = CARTESIAN_POINT('',(-2.078999002231,-0.553641044121,6.5100001));
#7519 = CARTESIAN_POINT('',(-2.078999002231,-0.553641044121,6.5000001));
#7520 = ADVANCED_FACE('',(#7521),#7527,.F.);
#7521 = FACE_BOUND('',#7522,.F.);
#7522 = EDGE_LOOP('',(#7523,#7524,#7525,#7526));
#7523 = ORIENTED_EDGE('',*,*,#7509,.F.);
#7524 = ORIENTED_EDGE('',*,*,#7338,.T.);
#7525 = ORIENTED_EDGE('',*,*,#7412,.T.);
#7526 = ORIENTED_EDGE('',*,*,#1175,.F.);
#7527 = B_SPLINE_SURFACE_WITH_KNOTS('',3,1,(
    (#7528,#7529)
    ,(#7530,#7531)
    ,(#7532,#7533)
    ,(#7534,#7535
    )),.UNSPECIFIED.,.F.,.F.,.F.,(4,4),(2,2),(5.,6.),(0.,1.),
  .PIECEWISE_BEZIER_KNOTS.);
#7528 = CARTESIAN_POINT('',(-2.078999002231,-0.553641044121,6.5100001));
#7529 = CARTESIAN_POINT('',(-2.078999002231,-0.553641044121,6.5000001));
#7530 = CARTESIAN_POINT('',(-2.078999002231,-0.583812170335,6.5100001));
#7531 = CARTESIAN_POINT('',(-2.078999002231,-0.583812170335,6.5000001));
#7532 = CARTESIAN_POINT('',(-2.070128008739,-0.608524223632,6.5100001));
#7533 = CARTESIAN_POINT('',(-2.070128008739,-0.608524223632,6.5000001));
#7534 = CARTESIAN_POINT('',(-2.052288538313,-0.627679720567,6.5100001));
#7535 = CARTESIAN_POINT('',(-2.052288538313,-0.627679720567,6.5000001));
#7536 = ADVANCED_FACE('',(#7537),#7561,.T.);
#7537 = FACE_BOUND('',#7538,.T.);
#7538 = EDGE_LOOP('',(#7539,#7550,#7555,#7556));
#7539 = ORIENTED_EDGE('',*,*,#7540,.F.);
#7540 = EDGE_CURVE('',#7541,#7543,#7545,.T.);
#7541 = VERTEX_POINT('',#7542);
#7542 = CARTESIAN_POINT('',(-1.981905491053,-0.630555482194,6.5000001));
#7543 = VERTEX_POINT('',#7544);
#7544 = CARTESIAN_POINT('',(-1.928192112882,-0.609645283249,6.5000001));
#7545 = B_SPLINE_CURVE_WITH_KNOTS('',3,(#7546,#7547,#7548,#7549),
  .UNSPECIFIED.,.F.,.F.,(4,4),(4.,5.),.PIECEWISE_BEZIER_KNOTS.);
#7546 = CARTESIAN_POINT('',(-1.981905491053,-0.630555482194,6.5000001));
#7547 = CARTESIAN_POINT('',(-1.958119530483,-0.630555482194,6.5000001));
#7548 = CARTESIAN_POINT('',(-1.940182576611,-0.623585415878,6.5000001));
#7549 = CARTESIAN_POINT('',(-1.928192112882,-0.609645283249,6.5000001));
#7550 = ORIENTED_EDGE('',*,*,#7551,.F.);
#7551 = EDGE_CURVE('',#7359,#7541,#7552,.T.);
#7552 = B_SPLINE_CURVE_WITH_KNOTS('',1,(#7553,#7554),.UNSPECIFIED.,.F.,
  .F.,(2,2),(0.,1.E-02),.PIECEWISE_BEZIER_KNOTS.);
#7553 = CARTESIAN_POINT('',(-1.981905491053,-0.630555482194,6.5100001));
#7554 = CARTESIAN_POINT('',(-1.981905491053,-0.630555482194,6.5000001));
#7555 = ORIENTED_EDGE('',*,*,#7358,.T.);
#7556 = ORIENTED_EDGE('',*,*,#7557,.T.);
#7557 = EDGE_CURVE('',#7348,#7543,#7558,.T.);
#7558 = B_SPLINE_CURVE_WITH_KNOTS('',1,(#7559,#7560),.UNSPECIFIED.,.F.,
  .F.,(2,2),(0.,1.E-02),.PIECEWISE_BEZIER_KNOTS.);
#7559 = CARTESIAN_POINT('',(-1.928192112882,-0.609645283249,6.5100001));
#7560 = CARTESIAN_POINT('',(-1.928192112882,-0.609645283249,6.5000001));
#7561 = B_SPLINE_SURFACE_WITH_KNOTS('',3,1,(
    (#7562,#7563)
    ,(#7564,#7565)
    ,(#7566,#7567)
    ,(#7568,#7569
    )),.UNSPECIFIED.,.F.,.F.,.F.,(4,4),(2,2),(4.,5.),(0.,1.),
  .PIECEWISE_BEZIER_KNOTS.);
#7562 = CARTESIAN_POINT('',(-1.981905491053,-0.630555482194,6.5100001));
#7563 = CARTESIAN_POINT('',(-1.981905491053,-0.630555482194,6.5000001));
#7564 = CARTESIAN_POINT('',(-1.958119530483,-0.630555482194,6.5100001));
#7565 = CARTESIAN_POINT('',(-1.958119530483,-0.630555482194,6.5000001));
#7566 = CARTESIAN_POINT('',(-1.940182576611,-0.623585415878,6.5100001));
#7567 = CARTESIAN_POINT('',(-1.940182576611,-0.623585415878,6.5000001));
#7568 = CARTESIAN_POINT('',(-1.928192112882,-0.609645283249,6.5100001));
#7569 = CARTESIAN_POINT('',(-1.928192112882,-0.609645283249,6.5000001));
#7570 = ADVANCED_FACE('',(#7571),#7589,.T.);
#7571 = FACE_BOUND('',#7572,.T.);
#7572 = EDGE_LOOP('',(#7573,#7582,#7583,#7584));
#7573 = ORIENTED_EDGE('',*,*,#7574,.F.);
#7574 = EDGE_CURVE('',#7543,#7575,#7577,.T.);
#7575 = VERTEX_POINT('',#7576);
#7576 = CARTESIAN_POINT('',(-1.910255159009,-0.55461587857,6.5000001));
#7577 = B_SPLINE_CURVE_WITH_KNOTS('',3,(#7578,#7579,#7580,#7581),
  .UNSPECIFIED.,.F.,.F.,(4,4),(5.,6.),.PIECEWISE_BEZIER_KNOTS.);
#7578 = CARTESIAN_POINT('',(-1.928192112882,-0.609645283249,6.5000001));
#7579 = CARTESIAN_POINT('',(-1.916201649151,-0.595705150619,6.5000001));
#7580 = CARTESIAN_POINT('',(-1.910255159009,-0.577329521245,6.5000001));
#7581 = CARTESIAN_POINT('',(-1.910255159009,-0.55461587857,6.5000001));
#7582 = ORIENTED_EDGE('',*,*,#7557,.F.);
#7583 = ORIENTED_EDGE('',*,*,#7347,.T.);
#7584 = ORIENTED_EDGE('',*,*,#7585,.T.);
#7585 = EDGE_CURVE('',#7350,#7575,#7586,.T.);
#7586 = B_SPLINE_CURVE_WITH_KNOTS('',1,(#7587,#7588),.UNSPECIFIED.,.F.,
  .F.,(2,2),(0.,1.E-02),.PIECEWISE_BEZIER_KNOTS.);
#7587 = CARTESIAN_POINT('',(-1.910255159009,-0.55461587857,6.5100001));
#7588 = CARTESIAN_POINT('',(-1.910255159009,-0.55461587857,6.5000001));
#7589 = B_SPLINE_SURFACE_WITH_KNOTS('',3,1,(
    (#7590,#7591)
    ,(#7592,#7593)
    ,(#7594,#7595)
    ,(#7596,#7597
    )),.UNSPECIFIED.,.F.,.F.,.F.,(4,4),(2,2),(5.,6.),(0.,1.),
  .PIECEWISE_BEZIER_KNOTS.);
#7590 = CARTESIAN_POINT('',(-1.928192112882,-0.609645283249,6.5100001));
#7591 = CARTESIAN_POINT('',(-1.928192112882,-0.609645283249,6.5000001));
#7592 = CARTESIAN_POINT('',(-1.916201649151,-0.595705150619,6.5100001));
#7593 = CARTESIAN_POINT('',(-1.916201649151,-0.595705150619,6.5000001));
#7594 = CARTESIAN_POINT('',(-1.910255159009,-0.577329521245,6.5100001));
#7595 = CARTESIAN_POINT('',(-1.910255159009,-0.577329521245,6.5000001));
#7596 = CARTESIAN_POINT('',(-1.910255159009,-0.55461587857,6.5100001));
#7597 = CARTESIAN_POINT('',(-1.910255159009,-0.55461587857,6.5000001));
#7598 = ADVANCED_FACE('',(#7599),#7615,.T.);
#7599 = FACE_BOUND('',#7600,.T.);
#7600 = EDGE_LOOP('',(#7601,#7608,#7609,#7610));
#7601 = ORIENTED_EDGE('',*,*,#7602,.F.);
#7602 = EDGE_CURVE('',#7575,#7603,#7605,.T.);
#7603 = VERTEX_POINT('',#7604);
#7604 = CARTESIAN_POINT('',(-1.910255159009,-0.525809520587,6.5000001));
#7605 = B_SPLINE_CURVE_WITH_KNOTS('',1,(#7606,#7607),.UNSPECIFIED.,.F.,
  .F.,(2,2),(0.,2.880635798327E-02),.PIECEWISE_BEZIER_KNOTS.);
#7606 = CARTESIAN_POINT('',(-1.910255159009,-0.55461587857,6.5000001));
#7607 = CARTESIAN_POINT('',(-1.910255159009,-0.525809520587,6.5000001));
#7608 = ORIENTED_EDGE('',*,*,#7585,.F.);
#7609 = ORIENTED_EDGE('',*,*,#7399,.T.);
#7610 = ORIENTED_EDGE('',*,*,#7611,.T.);
#7611 = EDGE_CURVE('',#7393,#7603,#7612,.T.);
#7612 = B_SPLINE_CURVE_WITH_KNOTS('',1,(#7613,#7614),.UNSPECIFIED.,.F.,
  .F.,(2,2),(0.,1.E-02),.PIECEWISE_BEZIER_KNOTS.);
#7613 = CARTESIAN_POINT('',(-1.910255159009,-0.525809520587,6.5100001));
#7614 = CARTESIAN_POINT('',(-1.910255159009,-0.525809520587,6.5000001));
#7615 = B_SPLINE_SURFACE_WITH_KNOTS('',1,1,(
    (#7616,#7617)
    ,(#7618,#7619
    )),.UNSPECIFIED.,.F.,.F.,.F.,(2,2),(2,2),(-4.119267568565E-17,
    2.880635798327E-02),(0.,1.E-02),.PIECEWISE_BEZIER_KNOTS.);
#7616 = CARTESIAN_POINT('',(-1.910255159009,-0.55461587857,6.5100001));
#7617 = CARTESIAN_POINT('',(-1.910255159009,-0.55461587857,6.5000001));
#7618 = CARTESIAN_POINT('',(-1.910255159009,-0.525809520587,6.5100001));
#7619 = CARTESIAN_POINT('',(-1.910255159009,-0.525809520587,6.5000001));
#7620 = ADVANCED_FACE('',(#7621),#7637,.T.);
#7621 = FACE_BOUND('',#7622,.T.);
#7622 = EDGE_LOOP('',(#7623,#7630,#7631,#7632));
#7623 = ORIENTED_EDGE('',*,*,#7624,.F.);
#7624 = EDGE_CURVE('',#7603,#7625,#7627,.T.);
#7625 = VERTEX_POINT('',#7626);
#7626 = CARTESIAN_POINT('',(-2.057260194005,-0.525809520587,6.5000001));
#7627 = B_SPLINE_CURVE_WITH_KNOTS('',1,(#7628,#7629),.UNSPECIFIED.,.F.,
  .F.,(2,2),(0.,0.147005034996),.PIECEWISE_BEZIER_KNOTS.);
#7628 = CARTESIAN_POINT('',(-1.910255159009,-0.525809520587,6.5000001));
#7629 = CARTESIAN_POINT('',(-2.057260194005,-0.525809520587,6.5000001));
#7630 = ORIENTED_EDGE('',*,*,#7611,.F.);
#7631 = ORIENTED_EDGE('',*,*,#7392,.T.);
#7632 = ORIENTED_EDGE('',*,*,#7633,.T.);
#7633 = EDGE_CURVE('',#7386,#7625,#7634,.T.);
#7634 = B_SPLINE_CURVE_WITH_KNOTS('',1,(#7635,#7636),.UNSPECIFIED.,.F.,
  .F.,(2,2),(0.,1.E-02),.PIECEWISE_BEZIER_KNOTS.);
#7635 = CARTESIAN_POINT('',(-2.057260194005,-0.525809520587,6.5100001));
#7636 = CARTESIAN_POINT('',(-2.057260194005,-0.525809520587,6.5000001));
#7637 = B_SPLINE_SURFACE_WITH_KNOTS('',1,1,(
    (#7638,#7639)
    ,(#7640,#7641
    )),.UNSPECIFIED.,.F.,.F.,.F.,(2,2),(2,2),(-3.944304526105E-33,
    0.147005034996),(-6.917612655394E-17,1.E-02),
  .PIECEWISE_BEZIER_KNOTS.);
#7638 = CARTESIAN_POINT('',(-1.910255159009,-0.525809520587,6.5100001));
#7639 = CARTESIAN_POINT('',(-1.910255159009,-0.525809520587,6.5000001));
#7640 = CARTESIAN_POINT('',(-2.057260194005,-0.525809520587,6.5100001));
#7641 = CARTESIAN_POINT('',(-2.057260194005,-0.525809520587,6.5000001));
#7642 = ADVANCED_FACE('',(#7643),#7659,.T.);
#7643 = FACE_BOUND('',#7644,.T.);
#7644 = EDGE_LOOP('',(#7645,#7652,#7653,#7654));
#7645 = ORIENTED_EDGE('',*,*,#7646,.F.);
#7646 = EDGE_CURVE('',#7625,#7647,#7649,.T.);
#7647 = VERTEX_POINT('',#7648);
#7648 = CARTESIAN_POINT('',(-2.057260194005,-0.553494818954,6.5000001));
#7649 = B_SPLINE_CURVE_WITH_KNOTS('',1,(#7650,#7651),.UNSPECIFIED.,.F.,
  .F.,(2,2),(0.,2.768529836753E-02),.PIECEWISE_BEZIER_KNOTS.);
#7650 = CARTESIAN_POINT('',(-2.057260194005,-0.525809520587,6.5000001));
#7651 = CARTESIAN_POINT('',(-2.057260194005,-0.553494818954,6.5000001));
#7652 = ORIENTED_EDGE('',*,*,#7633,.F.);
#7653 = ORIENTED_EDGE('',*,*,#7385,.T.);
#7654 = ORIENTED_EDGE('',*,*,#7655,.T.);
#7655 = EDGE_CURVE('',#7377,#7647,#7656,.T.);
#7656 = B_SPLINE_CURVE_WITH_KNOTS('',1,(#7657,#7658),.UNSPECIFIED.,.F.,
  .F.,(2,2),(0.,1.E-02),.PIECEWISE_BEZIER_KNOTS.);
#7657 = CARTESIAN_POINT('',(-2.057260194005,-0.553494818954,6.5100001));
#7658 = CARTESIAN_POINT('',(-2.057260194005,-0.553494818954,6.5000001));
#7659 = B_SPLINE_SURFACE_WITH_KNOTS('',1,1,(
    (#7660,#7661)
    ,(#7662,#7663
    )),.UNSPECIFIED.,.F.,.F.,.F.,(2,2),(2,2),(0.,2.768529836753E-02),(
    -2.50763804629E-16,1.E-02),.PIECEWISE_BEZIER_KNOTS.);
#7660 = CARTESIAN_POINT('',(-2.057260194005,-0.525809520587,6.5100001));
#7661 = CARTESIAN_POINT('',(-2.057260194005,-0.525809520587,6.5000001));
#7662 = CARTESIAN_POINT('',(-2.057260194005,-0.553494818954,6.5100001));
#7663 = CARTESIAN_POINT('',(-2.057260194005,-0.553494818954,6.5000001));
#7664 = ADVANCED_FACE('',(#7665),#7683,.T.);
#7665 = FACE_BOUND('',#7666,.T.);
#7666 = EDGE_LOOP('',(#7667,#7676,#7677,#7678));
#7667 = ORIENTED_EDGE('',*,*,#7668,.F.);
#7668 = EDGE_CURVE('',#7647,#7669,#7671,.T.);
#7669 = VERTEX_POINT('',#7670);
#7670 = CARTESIAN_POINT('',(-2.037373571234,-0.610181442197,6.5000001));
#7671 = B_SPLINE_CURVE_WITH_KNOTS('',3,(#7672,#7673,#7674,#7675),
  .UNSPECIFIED.,.F.,.F.,(4,4),(2.,3.),.PIECEWISE_BEZIER_KNOTS.);
#7672 = CARTESIAN_POINT('',(-2.057260194005,-0.553494818954,6.5000001));
#7673 = CARTESIAN_POINT('',(-2.057260194005,-0.577719455026,6.5000001));
#7674 = CARTESIAN_POINT('',(-2.050631319748,-0.596631243348,6.5000001));
#7675 = CARTESIAN_POINT('',(-2.037373571234,-0.610181442197,6.5000001));
#7676 = ORIENTED_EDGE('',*,*,#7655,.F.);
#7677 = ORIENTED_EDGE('',*,*,#7376,.T.);
#7678 = ORIENTED_EDGE('',*,*,#7679,.T.);
#7679 = EDGE_CURVE('',#7368,#7669,#7680,.T.);
#7680 = B_SPLINE_CURVE_WITH_KNOTS('',1,(#7681,#7682),.UNSPECIFIED.,.F.,
  .F.,(2,2),(0.,1.E-02),.PIECEWISE_BEZIER_KNOTS.);
#7681 = CARTESIAN_POINT('',(-2.037373571234,-0.610181442197,6.5100001));
#7682 = CARTESIAN_POINT('',(-2.037373571234,-0.610181442197,6.5000001));
#7683 = B_SPLINE_SURFACE_WITH_KNOTS('',3,1,(
    (#7684,#7685)
    ,(#7686,#7687)
    ,(#7688,#7689)
    ,(#7690,#7691
    )),.UNSPECIFIED.,.F.,.F.,.F.,(4,4),(2,2),(2.,3.),(0.,1.),
  .PIECEWISE_BEZIER_KNOTS.);
#7684 = CARTESIAN_POINT('',(-2.057260194005,-0.553494818954,6.5100001));
#7685 = CARTESIAN_POINT('',(-2.057260194005,-0.553494818954,6.5000001));
#7686 = CARTESIAN_POINT('',(-2.057260194005,-0.577719455026,6.5100001));
#7687 = CARTESIAN_POINT('',(-2.057260194005,-0.577719455026,6.5000001));
#7688 = CARTESIAN_POINT('',(-2.050631319748,-0.596631243348,6.5100001));
#7689 = CARTESIAN_POINT('',(-2.050631319748,-0.596631243348,6.5000001));
#7690 = CARTESIAN_POINT('',(-2.037373571234,-0.610181442197,6.5100001));
#7691 = CARTESIAN_POINT('',(-2.037373571234,-0.610181442197,6.5000001));
#7692 = ADVANCED_FACE('',(#7693),#7705,.T.);
#7693 = FACE_BOUND('',#7694,.T.);
#7694 = EDGE_LOOP('',(#7695,#7702,#7703,#7704));
#7695 = ORIENTED_EDGE('',*,*,#7696,.F.);
#7696 = EDGE_CURVE('',#7669,#7541,#7697,.T.);
#7697 = B_SPLINE_CURVE_WITH_KNOTS('',3,(#7698,#7699,#7700,#7701),
  .UNSPECIFIED.,.F.,.F.,(4,4),(3.,4.),.PIECEWISE_BEZIER_KNOTS.);
#7698 = CARTESIAN_POINT('',(-2.037373571234,-0.610181442197,6.5000001));
#7699 = CARTESIAN_POINT('',(-2.024213306165,-0.623780382769,6.5000001));
#7700 = CARTESIAN_POINT('',(-2.005691451623,-0.630555482194,6.5000001));
#7701 = CARTESIAN_POINT('',(-1.981905491053,-0.630555482194,6.5000001));
#7702 = ORIENTED_EDGE('',*,*,#7679,.F.);
#7703 = ORIENTED_EDGE('',*,*,#7367,.T.);
#7704 = ORIENTED_EDGE('',*,*,#7551,.T.);
#7705 = B_SPLINE_SURFACE_WITH_KNOTS('',3,1,(
    (#7706,#7707)
    ,(#7708,#7709)
    ,(#7710,#7711)
    ,(#7712,#7713
    )),.UNSPECIFIED.,.F.,.F.,.F.,(4,4),(2,2),(3.,4.),(0.,1.),
  .PIECEWISE_BEZIER_KNOTS.);
#7706 = CARTESIAN_POINT('',(-2.037373571234,-0.610181442197,6.5100001));
#7707 = CARTESIAN_POINT('',(-2.037373571234,-0.610181442197,6.5000001));
#7708 = CARTESIAN_POINT('',(-2.024213306165,-0.623780382769,6.5100001));
#7709 = CARTESIAN_POINT('',(-2.024213306165,-0.623780382769,6.5000001));
#7710 = CARTESIAN_POINT('',(-2.005691451623,-0.630555482194,6.5100001));
#7711 = CARTESIAN_POINT('',(-2.005691451623,-0.630555482194,6.5000001));
#7712 = CARTESIAN_POINT('',(-1.981905491053,-0.630555482194,6.5100001));
#7713 = CARTESIAN_POINT('',(-1.981905491053,-0.630555482194,6.5000001));
#7714 = ADVANCED_FACE('',(#7715),#7724,.F.);
#7715 = FACE_BOUND('',#7716,.T.);
#7716 = EDGE_LOOP('',(#7717,#7718,#7719,#7720,#7721,#7722,#7723));
#7717 = ORIENTED_EDGE('',*,*,#7696,.T.);
#7718 = ORIENTED_EDGE('',*,*,#7540,.T.);
#7719 = ORIENTED_EDGE('',*,*,#7574,.T.);
#7720 = ORIENTED_EDGE('',*,*,#7602,.T.);
#7721 = ORIENTED_EDGE('',*,*,#7624,.T.);
#7722 = ORIENTED_EDGE('',*,*,#7646,.T.);
#7723 = ORIENTED_EDGE('',*,*,#7668,.T.);
#7724 = B_SPLINE_SURFACE_WITH_KNOTS('',1,1,(
    (#7725,#7726)
    ,(#7727,#7728
    )),.UNSPECIFIED.,.F.,.F.,.F.,(2,2),(2,2),(-0.807260194005,
    -0.660255159009),(3.775809520587,3.880555482194),
  .PIECEWISE_BEZIER_KNOTS.);
#7725 = CARTESIAN_POINT('',(-2.057260194005,-0.525809520587,6.5000001));
#7726 = CARTESIAN_POINT('',(-2.057260194005,-0.630555482194,6.5000001));
#7727 = CARTESIAN_POINT('',(-1.910255159009,-0.525809520587,6.5000001));
#7728 = CARTESIAN_POINT('',(-1.910255159009,-0.630555482194,6.5000001));
#7729 = ADVANCED_FACE('',(#7730),#7754,.F.);
#7730 = FACE_BOUND('',#7731,.F.);
#7731 = EDGE_LOOP('',(#7732,#7739,#7748,#7753));
#7732 = ORIENTED_EDGE('',*,*,#7733,.F.);
#7733 = EDGE_CURVE('',#7734,#2022,#7736,.T.);
#7734 = VERTEX_POINT('',#7735);
#7735 = CARTESIAN_POINT('',(-2.060282180799,-0.275228325323,6.5100001));
#7736 = B_SPLINE_CURVE_WITH_KNOTS('',1,(#7737,#7738),.UNSPECIFIED.,.F.,
  .F.,(2,2),(0.,1.E-02),.PIECEWISE_BEZIER_KNOTS.);
#7737 = CARTESIAN_POINT('',(-2.060282180799,-0.275228325323,6.5100001));
#7738 = CARTESIAN_POINT('',(-2.060282180799,-0.275228325323,6.5000001));
#7739 = ORIENTED_EDGE('',*,*,#7740,.T.);
#7740 = EDGE_CURVE('',#7734,#7741,#7743,.T.);
#7741 = VERTEX_POINT('',#7742);
#7742 = CARTESIAN_POINT('',(-2.040200591138,-0.226242894232,6.5100001));
#7743 = B_SPLINE_CURVE_WITH_KNOTS('',3,(#7744,#7745,#7746,#7747),
  .UNSPECIFIED.,.F.,.F.,(4,4),(11.,12.),.PIECEWISE_BEZIER_KNOTS.);
#7744 = CARTESIAN_POINT('',(-2.060282180799,-0.275228325323,6.5100001));
#7745 = CARTESIAN_POINT('',(-2.060282180799,-0.255049252217,6.5100001));
#7746 = CARTESIAN_POINT('',(-2.053555823097,-0.238720775186,6.5100001));
#7747 = CARTESIAN_POINT('',(-2.040200591138,-0.226242894232,6.5100001));
#7748 = ORIENTED_EDGE('',*,*,#7749,.T.);
#7749 = EDGE_CURVE('',#7741,#2024,#7750,.T.);
#7750 = B_SPLINE_CURVE_WITH_KNOTS('',1,(#7751,#7752),.UNSPECIFIED.,.F.,
  .F.,(2,2),(0.,1.E-02),.PIECEWISE_BEZIER_KNOTS.);
#7751 = CARTESIAN_POINT('',(-2.040200591138,-0.226242894232,6.5100001));
#7752 = CARTESIAN_POINT('',(-2.040200591138,-0.226242894232,6.5000001));
#7753 = ORIENTED_EDGE('',*,*,#2021,.F.);
#7754 = B_SPLINE_SURFACE_WITH_KNOTS('',3,1,(
    (#7755,#7756)
    ,(#7757,#7758)
    ,(#7759,#7760)
    ,(#7761,#7762
    )),.UNSPECIFIED.,.F.,.F.,.F.,(4,4),(2,2),(11.,12.),(0.,1.),
  .PIECEWISE_BEZIER_KNOTS.);
#7755 = CARTESIAN_POINT('',(-2.060282180799,-0.275228325323,6.5100001));
#7756 = CARTESIAN_POINT('',(-2.060282180799,-0.275228325323,6.5000001));
#7757 = CARTESIAN_POINT('',(-2.060282180799,-0.255049252217,6.5100001));
#7758 = CARTESIAN_POINT('',(-2.060282180799,-0.255049252217,6.5000001));
#7759 = CARTESIAN_POINT('',(-2.053555823097,-0.238720775186,6.5100001));
#7760 = CARTESIAN_POINT('',(-2.053555823097,-0.238720775186,6.5000001));
#7761 = CARTESIAN_POINT('',(-2.040200591138,-0.226242894232,6.5100001));
#7762 = CARTESIAN_POINT('',(-2.040200591138,-0.226242894232,6.5000001));
#7763 = ADVANCED_FACE('',(#7764),#7782,.F.);
#7764 = FACE_BOUND('',#7765,.F.);
#7765 = EDGE_LOOP('',(#7766,#7767,#7776,#7781));
#7766 = ORIENTED_EDGE('',*,*,#7749,.F.);
#7767 = ORIENTED_EDGE('',*,*,#7768,.T.);
#7768 = EDGE_CURVE('',#7741,#7769,#7771,.T.);
#7769 = VERTEX_POINT('',#7770);
#7770 = CARTESIAN_POINT('',(-1.985804828851,-0.2075260728,6.5100001));
#7771 = B_SPLINE_CURVE_WITH_KNOTS('',3,(#7772,#7773,#7774,#7775),
  .UNSPECIFIED.,.F.,.F.,(4,4),(10.,11.),.PIECEWISE_BEZIER_KNOTS.);
#7772 = CARTESIAN_POINT('',(-2.040200591138,-0.226242894232,6.5100001));
#7773 = CARTESIAN_POINT('',(-2.026747875733,-0.213765013277,6.5100001));
#7774 = CARTESIAN_POINT('',(-2.008615954971,-0.2075260728,6.5100001));
#7775 = CARTESIAN_POINT('',(-1.985804828851,-0.2075260728,6.5100001));
#7776 = ORIENTED_EDGE('',*,*,#7777,.T.);
#7777 = EDGE_CURVE('',#7769,#2128,#7778,.T.);
#7778 = B_SPLINE_CURVE_WITH_KNOTS('',1,(#7779,#7780),.UNSPECIFIED.,.F.,
  .F.,(2,2),(0.,1.E-02),.PIECEWISE_BEZIER_KNOTS.);
#7779 = CARTESIAN_POINT('',(-1.985804828851,-0.2075260728,6.5100001));
#7780 = CARTESIAN_POINT('',(-1.985804828851,-0.2075260728,6.5000001));
#7781 = ORIENTED_EDGE('',*,*,#2136,.F.);
#7782 = B_SPLINE_SURFACE_WITH_KNOTS('',3,1,(
    (#7783,#7784)
    ,(#7785,#7786)
    ,(#7787,#7788)
    ,(#7789,#7790
    )),.UNSPECIFIED.,.F.,.F.,.F.,(4,4),(2,2),(10.,11.),(0.,1.),
  .PIECEWISE_BEZIER_KNOTS.);
#7783 = CARTESIAN_POINT('',(-2.040200591138,-0.226242894232,6.5100001));
#7784 = CARTESIAN_POINT('',(-2.040200591138,-0.226242894232,6.5000001));
#7785 = CARTESIAN_POINT('',(-2.026747875733,-0.213765013277,6.5100001));
#7786 = CARTESIAN_POINT('',(-2.026747875733,-0.213765013277,6.5000001));
#7787 = CARTESIAN_POINT('',(-2.008615954971,-0.2075260728,6.5100001));
#7788 = CARTESIAN_POINT('',(-2.008615954971,-0.2075260728,6.5000001));
#7789 = CARTESIAN_POINT('',(-1.985804828851,-0.2075260728,6.5100001));
#7790 = CARTESIAN_POINT('',(-1.985804828851,-0.2075260728,6.5000001));
#7791 = ADVANCED_FACE('',(#7792),#7810,.F.);
#7792 = FACE_BOUND('',#7793,.F.);
#7793 = EDGE_LOOP('',(#7794,#7795,#7804,#7809));
#7794 = ORIENTED_EDGE('',*,*,#7777,.F.);
#7795 = ORIENTED_EDGE('',*,*,#7796,.T.);
#7796 = EDGE_CURVE('',#7769,#7797,#7799,.T.);
#7797 = VERTEX_POINT('',#7798);
#7798 = CARTESIAN_POINT('',(-1.928484563216,-0.227558920739,6.5100001));
#7799 = B_SPLINE_CURVE_WITH_KNOTS('',3,(#7800,#7801,#7802,#7803),
  .UNSPECIFIED.,.F.,.F.,(4,4),(9.,10.),.PIECEWISE_BEZIER_KNOTS.);
#7800 = CARTESIAN_POINT('',(-1.985804828851,-0.2075260728,6.5100001));
#7801 = CARTESIAN_POINT('',(-1.961823901391,-0.2075260728,6.5100001));
#7802 = CARTESIAN_POINT('',(-1.942717146181,-0.214203688779,6.5100001));
#7803 = CARTESIAN_POINT('',(-1.928484563216,-0.227558920739,6.5100001));
#7804 = ORIENTED_EDGE('',*,*,#7805,.T.);
#7805 = EDGE_CURVE('',#7797,#2119,#7806,.T.);
#7806 = B_SPLINE_CURVE_WITH_KNOTS('',1,(#7807,#7808),.UNSPECIFIED.,.F.,
  .F.,(2,2),(0.,1.E-02),.PIECEWISE_BEZIER_KNOTS.);
#7807 = CARTESIAN_POINT('',(-1.928484563216,-0.227558920739,6.5100001));
#7808 = CARTESIAN_POINT('',(-1.928484563216,-0.227558920739,6.5000001));
#7809 = ORIENTED_EDGE('',*,*,#2127,.F.);
#7810 = B_SPLINE_SURFACE_WITH_KNOTS('',3,1,(
    (#7811,#7812)
    ,(#7813,#7814)
    ,(#7815,#7816)
    ,(#7817,#7818
    )),.UNSPECIFIED.,.F.,.F.,.F.,(4,4),(2,2),(9.,10.),(0.,1.),
  .PIECEWISE_BEZIER_KNOTS.);
#7811 = CARTESIAN_POINT('',(-1.985804828851,-0.2075260728,6.5100001));
#7812 = CARTESIAN_POINT('',(-1.985804828851,-0.2075260728,6.5000001));
#7813 = CARTESIAN_POINT('',(-1.961823901391,-0.2075260728,6.5100001));
#7814 = CARTESIAN_POINT('',(-1.961823901391,-0.2075260728,6.5000001));
#7815 = CARTESIAN_POINT('',(-1.942717146181,-0.214203688779,6.5100001));
#7816 = CARTESIAN_POINT('',(-1.942717146181,-0.214203688779,6.5000001));
#7817 = CARTESIAN_POINT('',(-1.928484563216,-0.227558920739,6.5100001));
#7818 = CARTESIAN_POINT('',(-1.928484563216,-0.227558920739,6.5000001));
#7819 = ADVANCED_FACE('',(#7820),#7838,.F.);
#7820 = FACE_BOUND('',#7821,.F.);
#7821 = EDGE_LOOP('',(#7822,#7823,#7832,#7837));
#7822 = ORIENTED_EDGE('',*,*,#7805,.F.);
#7823 = ORIENTED_EDGE('',*,*,#7824,.T.);
#7824 = EDGE_CURVE('',#7797,#7825,#7827,.T.);
#7825 = VERTEX_POINT('',#7826);
#7826 = CARTESIAN_POINT('',(-1.907330655661,-0.279517596901,6.5100001));
#7827 = B_SPLINE_CURVE_WITH_KNOTS('',3,(#7828,#7829,#7830,#7831),
  .UNSPECIFIED.,.F.,.F.,(4,4),(8.,9.),.PIECEWISE_BEZIER_KNOTS.);
#7828 = CARTESIAN_POINT('',(-1.928484563216,-0.227558920739,6.5100001));
#7829 = CARTESIAN_POINT('',(-1.914349463698,-0.24096289442,6.5100001));
#7830 = CARTESIAN_POINT('',(-1.907330655661,-0.258266205901,6.5100001));
#7831 = CARTESIAN_POINT('',(-1.907330655661,-0.279517596901,6.5100001));
#7832 = ORIENTED_EDGE('',*,*,#7833,.T.);
#7833 = EDGE_CURVE('',#7825,#2110,#7834,.T.);
#7834 = B_SPLINE_CURVE_WITH_KNOTS('',1,(#7835,#7836),.UNSPECIFIED.,.F.,
  .F.,(2,2),(0.,1.E-02),.PIECEWISE_BEZIER_KNOTS.);
#7835 = CARTESIAN_POINT('',(-1.907330655661,-0.279517596901,6.5100001));
#7836 = CARTESIAN_POINT('',(-1.907330655661,-0.279517596901,6.5000001));
#7837 = ORIENTED_EDGE('',*,*,#2118,.F.);
#7838 = B_SPLINE_SURFACE_WITH_KNOTS('',3,1,(
    (#7839,#7840)
    ,(#7841,#7842)
    ,(#7843,#7844)
    ,(#7845,#7846
    )),.UNSPECIFIED.,.F.,.F.,.F.,(4,4),(2,2),(8.,9.),(0.,1.),
  .PIECEWISE_BEZIER_KNOTS.);
#7839 = CARTESIAN_POINT('',(-1.928484563216,-0.227558920739,6.5100001));
#7840 = CARTESIAN_POINT('',(-1.928484563216,-0.227558920739,6.5000001));
#7841 = CARTESIAN_POINT('',(-1.914349463698,-0.24096289442,6.5100001));
#7842 = CARTESIAN_POINT('',(-1.914349463698,-0.24096289442,6.5000001));
#7843 = CARTESIAN_POINT('',(-1.907330655661,-0.258266205901,6.5100001));
#7844 = CARTESIAN_POINT('',(-1.907330655661,-0.258266205901,6.5000001));
#7845 = CARTESIAN_POINT('',(-1.907330655661,-0.279517596901,6.5100001));
#7846 = CARTESIAN_POINT('',(-1.907330655661,-0.279517596901,6.5000001));
#7847 = ADVANCED_FACE('',(#7848),#7866,.F.);
#7848 = FACE_BOUND('',#7849,.F.);
#7849 = EDGE_LOOP('',(#7850,#7851,#7860,#7865));
#7850 = ORIENTED_EDGE('',*,*,#7833,.F.);
#7851 = ORIENTED_EDGE('',*,*,#7852,.T.);
#7852 = EDGE_CURVE('',#7825,#7853,#7855,.T.);
#7853 = VERTEX_POINT('',#7854);
#7854 = CARTESIAN_POINT('',(-1.918638735275,-0.324457465027,6.5100001));
#7855 = B_SPLINE_CURVE_WITH_KNOTS('',3,(#7856,#7857,#7858,#7859),
  .UNSPECIFIED.,.F.,.F.,(4,4),(7.,8.),.PIECEWISE_BEZIER_KNOTS.);
#7856 = CARTESIAN_POINT('',(-1.907330655661,-0.279517596901,6.5100001));
#7857 = CARTESIAN_POINT('',(-1.907330655661,-0.295846073931,6.5100001));
#7858 = CARTESIAN_POINT('',(-1.911035026569,-0.310809782733,6.5100001));
#7859 = CARTESIAN_POINT('',(-1.918638735275,-0.324457465027,6.5100001));
#7860 = ORIENTED_EDGE('',*,*,#7861,.T.);
#7861 = EDGE_CURVE('',#7853,#2103,#7862,.T.);
#7862 = B_SPLINE_CURVE_WITH_KNOTS('',1,(#7863,#7864),.UNSPECIFIED.,.F.,
  .F.,(2,2),(0.,1.E-02),.PIECEWISE_BEZIER_KNOTS.);
#7863 = CARTESIAN_POINT('',(-1.918638735275,-0.324457465027,6.5100001));
#7864 = CARTESIAN_POINT('',(-1.918638735275,-0.324457465027,6.5000001));
#7865 = ORIENTED_EDGE('',*,*,#2109,.F.);
#7866 = B_SPLINE_SURFACE_WITH_KNOTS('',3,1,(
    (#7867,#7868)
    ,(#7869,#7870)
    ,(#7871,#7872)
    ,(#7873,#7874
    )),.UNSPECIFIED.,.F.,.F.,.F.,(4,4),(2,2),(7.,8.),(0.,1.),
  .PIECEWISE_BEZIER_KNOTS.);
#7867 = CARTESIAN_POINT('',(-1.907330655661,-0.279517596901,6.5100001));
#7868 = CARTESIAN_POINT('',(-1.907330655661,-0.279517596901,6.5000001));
#7869 = CARTESIAN_POINT('',(-1.907330655661,-0.295846073931,6.5100001));
#7870 = CARTESIAN_POINT('',(-1.907330655661,-0.295846073931,6.5000001));
#7871 = CARTESIAN_POINT('',(-1.911035026569,-0.310809782733,6.5100001));
#7872 = CARTESIAN_POINT('',(-1.911035026569,-0.310809782733,6.5000001));
#7873 = CARTESIAN_POINT('',(-1.918638735275,-0.324457465027,6.5100001));
#7874 = CARTESIAN_POINT('',(-1.918638735275,-0.324457465027,6.5000001));
#7875 = ADVANCED_FACE('',(#7876),#7892,.F.);
#7876 = FACE_BOUND('',#7877,.T.);
#7877 = EDGE_LOOP('',(#7878,#7879,#7886,#7891));
#7878 = ORIENTED_EDGE('',*,*,#2102,.T.);
#7879 = ORIENTED_EDGE('',*,*,#7880,.F.);
#7880 = EDGE_CURVE('',#7881,#2094,#7883,.T.);
#7881 = VERTEX_POINT('',#7882);
#7882 = CARTESIAN_POINT('',(-1.892903105807,-0.324457465027,6.5100001));
#7883 = B_SPLINE_CURVE_WITH_KNOTS('',1,(#7884,#7885),.UNSPECIFIED.,.F.,
  .F.,(2,2),(0.,1.E-02),.PIECEWISE_BEZIER_KNOTS.);
#7884 = CARTESIAN_POINT('',(-1.892903105807,-0.324457465027,6.5100001));
#7885 = CARTESIAN_POINT('',(-1.892903105807,-0.324457465027,6.5000001));
#7886 = ORIENTED_EDGE('',*,*,#7887,.F.);
#7887 = EDGE_CURVE('',#7853,#7881,#7888,.T.);
#7888 = B_SPLINE_CURVE_WITH_KNOTS('',1,(#7889,#7890),.UNSPECIFIED.,.F.,
  .F.,(2,2),(-2.573562946801E-02,0.),.PIECEWISE_BEZIER_KNOTS.);
#7889 = CARTESIAN_POINT('',(-1.918638735275,-0.324457465027,6.5100001));
#7890 = CARTESIAN_POINT('',(-1.892903105807,-0.324457465027,6.5100001));
#7891 = ORIENTED_EDGE('',*,*,#7861,.T.);
#7892 = B_SPLINE_SURFACE_WITH_KNOTS('',1,1,(
    (#7893,#7894)
    ,(#7895,#7896
    )),.UNSPECIFIED.,.F.,.F.,.F.,(2,2),(2,2),(-2.573562946801E-02,
    3.944304526105E-33),(-8.985547003094E-17,1.E-02),
  .PIECEWISE_BEZIER_KNOTS.);
#7893 = CARTESIAN_POINT('',(-1.918638735275,-0.324457465027,6.5100001));
#7894 = CARTESIAN_POINT('',(-1.918638735275,-0.324457465027,6.5000001));
#7895 = CARTESIAN_POINT('',(-1.892903105807,-0.324457465027,6.5100001));
#7896 = CARTESIAN_POINT('',(-1.892903105807,-0.324457465027,6.5000001));
#7897 = ADVANCED_FACE('',(#7898),#7916,.F.);
#7898 = FACE_BOUND('',#7899,.F.);
#7899 = EDGE_LOOP('',(#7900,#7901,#7910,#7915));
#7900 = ORIENTED_EDGE('',*,*,#7880,.F.);
#7901 = ORIENTED_EDGE('',*,*,#7902,.T.);
#7902 = EDGE_CURVE('',#7881,#7903,#7905,.T.);
#7903 = VERTEX_POINT('',#7904);
#7904 = CARTESIAN_POINT('',(-1.88510443021,-0.279273888288,6.5100001));
#7905 = B_SPLINE_CURVE_WITH_KNOTS('',3,(#7906,#7907,#7908,#7909),
  .UNSPECIFIED.,.F.,.F.,(4,4),(5.,6.),.PIECEWISE_BEZIER_KNOTS.);
#7906 = CARTESIAN_POINT('',(-1.892903105807,-0.324457465027,6.5100001));
#7907 = CARTESIAN_POINT('',(-1.887736483224,-0.312564484742,6.5100001));
#7908 = CARTESIAN_POINT('',(-1.88510443021,-0.297503292495,6.5100001));
#7909 = CARTESIAN_POINT('',(-1.88510443021,-0.279273888288,6.5100001));
#7910 = ORIENTED_EDGE('',*,*,#7911,.T.);
#7911 = EDGE_CURVE('',#7903,#2085,#7912,.T.);
#7912 = B_SPLINE_CURVE_WITH_KNOTS('',1,(#7913,#7914),.UNSPECIFIED.,.F.,
  .F.,(2,2),(0.,1.E-02),.PIECEWISE_BEZIER_KNOTS.);
#7913 = CARTESIAN_POINT('',(-1.88510443021,-0.279273888288,6.5100001));
#7914 = CARTESIAN_POINT('',(-1.88510443021,-0.279273888288,6.5000001));
#7915 = ORIENTED_EDGE('',*,*,#2093,.F.);
#7916 = B_SPLINE_SURFACE_WITH_KNOTS('',3,1,(
    (#7917,#7918)
    ,(#7919,#7920)
    ,(#7921,#7922)
    ,(#7923,#7924
    )),.UNSPECIFIED.,.F.,.F.,.F.,(4,4),(2,2),(5.,6.),(0.,1.),
  .PIECEWISE_BEZIER_KNOTS.);
#7917 = CARTESIAN_POINT('',(-1.892903105807,-0.324457465027,6.5100001));
#7918 = CARTESIAN_POINT('',(-1.892903105807,-0.324457465027,6.5000001));
#7919 = CARTESIAN_POINT('',(-1.887736483224,-0.312564484742,6.5100001));
#7920 = CARTESIAN_POINT('',(-1.887736483224,-0.312564484742,6.5000001));
#7921 = CARTESIAN_POINT('',(-1.88510443021,-0.297503292495,6.5100001));
#7922 = CARTESIAN_POINT('',(-1.88510443021,-0.297503292495,6.5000001));
#7923 = CARTESIAN_POINT('',(-1.88510443021,-0.279273888288,6.5100001));
#7924 = CARTESIAN_POINT('',(-1.88510443021,-0.279273888288,6.5000001));
#7925 = ADVANCED_FACE('',(#7926),#7944,.F.);
#7926 = FACE_BOUND('',#7927,.F.);
#7927 = EDGE_LOOP('',(#7928,#7929,#7938,#7943));
#7928 = ORIENTED_EDGE('',*,*,#7911,.F.);
#7929 = ORIENTED_EDGE('',*,*,#7930,.T.);
#7930 = EDGE_CURVE('',#7903,#7931,#7933,.T.);
#7931 = VERTEX_POINT('',#7932);
#7932 = CARTESIAN_POINT('',(-1.913179662359,-0.209232033086,6.5100001));
#7933 = B_SPLINE_CURVE_WITH_KNOTS('',3,(#7934,#7935,#7936,#7937),
  .UNSPECIFIED.,.F.,.F.,(4,4),(4.,5.),.PIECEWISE_BEZIER_KNOTS.);
#7934 = CARTESIAN_POINT('',(-1.88510443021,-0.279273888288,6.5100001));
#7935 = CARTESIAN_POINT('',(-1.88510443021,-0.250954947529,6.5100001));
#7936 = CARTESIAN_POINT('',(-1.894462840926,-0.227607662461,6.5100001));
#7937 = CARTESIAN_POINT('',(-1.913179662359,-0.209232033086,6.5100001));
#7938 = ORIENTED_EDGE('',*,*,#7939,.T.);
#7939 = EDGE_CURVE('',#7931,#2076,#7940,.T.);
#7940 = B_SPLINE_CURVE_WITH_KNOTS('',1,(#7941,#7942),.UNSPECIFIED.,.F.,
  .F.,(2,2),(0.,1.E-02),.PIECEWISE_BEZIER_KNOTS.);
#7941 = CARTESIAN_POINT('',(-1.913179662359,-0.209232033086,6.5100001));
#7942 = CARTESIAN_POINT('',(-1.913179662359,-0.209232033086,6.5000001));
#7943 = ORIENTED_EDGE('',*,*,#2084,.F.);
#7944 = B_SPLINE_SURFACE_WITH_KNOTS('',3,1,(
    (#7945,#7946)
    ,(#7947,#7948)
    ,(#7949,#7950)
    ,(#7951,#7952
    )),.UNSPECIFIED.,.F.,.F.,.F.,(4,4),(2,2),(4.,5.),(0.,1.),
  .PIECEWISE_BEZIER_KNOTS.);
#7945 = CARTESIAN_POINT('',(-1.88510443021,-0.279273888288,6.5100001));
#7946 = CARTESIAN_POINT('',(-1.88510443021,-0.279273888288,6.5000001));
#7947 = CARTESIAN_POINT('',(-1.88510443021,-0.250954947529,6.5100001));
#7948 = CARTESIAN_POINT('',(-1.88510443021,-0.250954947529,6.5000001));
#7949 = CARTESIAN_POINT('',(-1.894462840926,-0.227607662461,6.5100001));
#7950 = CARTESIAN_POINT('',(-1.894462840926,-0.227607662461,6.5000001));
#7951 = CARTESIAN_POINT('',(-1.913179662359,-0.209232033086,6.5100001));
#7952 = CARTESIAN_POINT('',(-1.913179662359,-0.209232033086,6.5000001));
#7953 = ADVANCED_FACE('',(#7954),#7972,.F.);
#7954 = FACE_BOUND('',#7955,.F.);
#7955 = EDGE_LOOP('',(#7956,#7957,#7966,#7971));
#7956 = ORIENTED_EDGE('',*,*,#7939,.F.);
#7957 = ORIENTED_EDGE('',*,*,#7958,.T.);
#7958 = EDGE_CURVE('',#7931,#7959,#7961,.T.);
#7959 = VERTEX_POINT('',#7960);
#7960 = CARTESIAN_POINT('',(-1.987267080526,-0.181692959886,6.5100001));
#7961 = B_SPLINE_CURVE_WITH_KNOTS('',3,(#7962,#7963,#7964,#7965),
  .UNSPECIFIED.,.F.,.F.,(4,4),(3.,4.),.PIECEWISE_BEZIER_KNOTS.);
#7962 = CARTESIAN_POINT('',(-1.913179662359,-0.209232033086,6.5100001));
#7963 = CARTESIAN_POINT('',(-1.93189648379,-0.190856403712,6.5100001));
#7964 = CARTESIAN_POINT('',(-1.956559795365,-0.181692959886,6.5100001));
#7965 = CARTESIAN_POINT('',(-1.987267080526,-0.181692959886,6.5100001));
#7966 = ORIENTED_EDGE('',*,*,#7967,.T.);
#7967 = EDGE_CURVE('',#7959,#2067,#7968,.T.);
#7968 = B_SPLINE_CURVE_WITH_KNOTS('',1,(#7969,#7970),.UNSPECIFIED.,.F.,
  .F.,(2,2),(0.,1.E-02),.PIECEWISE_BEZIER_KNOTS.);
#7969 = CARTESIAN_POINT('',(-1.987267080526,-0.181692959886,6.5100001));
#7970 = CARTESIAN_POINT('',(-1.987267080526,-0.181692959886,6.5000001));
#7971 = ORIENTED_EDGE('',*,*,#2075,.F.);
#7972 = B_SPLINE_SURFACE_WITH_KNOTS('',3,1,(
    (#7973,#7974)
    ,(#7975,#7976)
    ,(#7977,#7978)
    ,(#7979,#7980
    )),.UNSPECIFIED.,.F.,.F.,.F.,(4,4),(2,2),(3.,4.),(0.,1.),
  .PIECEWISE_BEZIER_KNOTS.);
#7973 = CARTESIAN_POINT('',(-1.913179662359,-0.209232033086,6.5100001));
#7974 = CARTESIAN_POINT('',(-1.913179662359,-0.209232033086,6.5000001));
#7975 = CARTESIAN_POINT('',(-1.93189648379,-0.190856403712,6.5100001));
#7976 = CARTESIAN_POINT('',(-1.93189648379,-0.190856403712,6.5000001));
#7977 = CARTESIAN_POINT('',(-1.956559795365,-0.181692959886,6.5100001));
#7978 = CARTESIAN_POINT('',(-1.956559795365,-0.181692959886,6.5000001));
#7979 = CARTESIAN_POINT('',(-1.987267080526,-0.181692959886,6.5100001));
#7980 = CARTESIAN_POINT('',(-1.987267080526,-0.181692959886,6.5000001));
#7981 = ADVANCED_FACE('',(#7982),#8000,.F.);
#7982 = FACE_BOUND('',#7983,.F.);
#7983 = EDGE_LOOP('',(#7984,#7985,#7994,#7999));
#7984 = ORIENTED_EDGE('',*,*,#7967,.F.);
#7985 = ORIENTED_EDGE('',*,*,#7986,.T.);
#7986 = EDGE_CURVE('',#7959,#7987,#7989,.T.);
#7987 = VERTEX_POINT('',#7988);
#7988 = CARTESIAN_POINT('',(-2.056187876111,-0.206161304571,6.5100001));
#7989 = B_SPLINE_CURVE_WITH_KNOTS('',3,(#7990,#7991,#7992,#7993),
  .UNSPECIFIED.,.F.,.F.,(4,4),(2.,3.),.PIECEWISE_BEZIER_KNOTS.);
#7990 = CARTESIAN_POINT('',(-1.987267080526,-0.181692959886,6.5100001));
#7991 = CARTESIAN_POINT('',(-2.015829729899,-0.181692959886,6.5100001));
#7992 = CARTESIAN_POINT('',(-2.038835822908,-0.18983282754,6.5100001));
#7993 = CARTESIAN_POINT('',(-2.056187876111,-0.206161304571,6.5100001));
#7994 = ORIENTED_EDGE('',*,*,#7995,.T.);
#7995 = EDGE_CURVE('',#7987,#2058,#7996,.T.);
#7996 = B_SPLINE_CURVE_WITH_KNOTS('',1,(#7997,#7998),.UNSPECIFIED.,.F.,
  .F.,(2,2),(0.,1.E-02),.PIECEWISE_BEZIER_KNOTS.);
#7997 = CARTESIAN_POINT('',(-2.056187876111,-0.206161304571,6.5100001));
#7998 = CARTESIAN_POINT('',(-2.056187876111,-0.206161304571,6.5000001));
#7999 = ORIENTED_EDGE('',*,*,#2066,.F.);
#8000 = B_SPLINE_SURFACE_WITH_KNOTS('',3,1,(
    (#8001,#8002)
    ,(#8003,#8004)
    ,(#8005,#8006)
    ,(#8007,#8008
    )),.UNSPECIFIED.,.F.,.F.,.F.,(4,4),(2,2),(2.,3.),(0.,1.),
  .PIECEWISE_BEZIER_KNOTS.);
#8001 = CARTESIAN_POINT('',(-1.987267080526,-0.181692959886,6.5100001));
#8002 = CARTESIAN_POINT('',(-1.987267080526,-0.181692959886,6.5000001));
#8003 = CARTESIAN_POINT('',(-2.015829729899,-0.181692959886,6.5100001));
#8004 = CARTESIAN_POINT('',(-2.015829729899,-0.181692959886,6.5000001));
#8005 = CARTESIAN_POINT('',(-2.038835822908,-0.18983282754,6.5100001));
#8006 = CARTESIAN_POINT('',(-2.038835822908,-0.18983282754,6.5000001));
#8007 = CARTESIAN_POINT('',(-2.056187876111,-0.206161304571,6.5100001));
#8008 = CARTESIAN_POINT('',(-2.056187876111,-0.206161304571,6.5000001));
#8009 = ADVANCED_FACE('',(#8010),#8028,.F.);
#8010 = FACE_BOUND('',#8011,.F.);
#8011 = EDGE_LOOP('',(#8012,#8013,#8022,#8027));
#8012 = ORIENTED_EDGE('',*,*,#7995,.F.);
#8013 = ORIENTED_EDGE('',*,*,#8014,.T.);
#8014 = EDGE_CURVE('',#7987,#8015,#8017,.T.);
#8015 = VERTEX_POINT('',#8016);
#8016 = CARTESIAN_POINT('',(-2.082215955914,-0.271670179582,6.5100001));
#8017 = B_SPLINE_CURVE_WITH_KNOTS('',3,(#8018,#8019,#8020,#8021),
  .UNSPECIFIED.,.F.,.F.,(4,4),(1.,2.),.PIECEWISE_BEZIER_KNOTS.);
#8018 = CARTESIAN_POINT('',(-2.056187876111,-0.206161304571,6.5100001));
#8019 = CARTESIAN_POINT('',(-2.073539929313,-0.222489781601,6.5100001));
#8020 = CARTESIAN_POINT('',(-2.082215955914,-0.244326073271,6.5100001));
#8021 = CARTESIAN_POINT('',(-2.082215955914,-0.271670179582,6.5100001));
#8022 = ORIENTED_EDGE('',*,*,#8023,.T.);
#8023 = EDGE_CURVE('',#8015,#2049,#8024,.T.);
#8024 = B_SPLINE_CURVE_WITH_KNOTS('',1,(#8025,#8026),.UNSPECIFIED.,.F.,
  .F.,(2,2),(0.,1.E-02),.PIECEWISE_BEZIER_KNOTS.);
#8025 = CARTESIAN_POINT('',(-2.082215955914,-0.271670179582,6.5100001));
#8026 = CARTESIAN_POINT('',(-2.082215955914,-0.271670179582,6.5000001));
#8027 = ORIENTED_EDGE('',*,*,#2057,.F.);
#8028 = B_SPLINE_SURFACE_WITH_KNOTS('',3,1,(
    (#8029,#8030)
    ,(#8031,#8032)
    ,(#8033,#8034)
    ,(#8035,#8036
    )),.UNSPECIFIED.,.F.,.F.,.F.,(4,4),(2,2),(1.,2.),(0.,1.),
  .PIECEWISE_BEZIER_KNOTS.);
#8029 = CARTESIAN_POINT('',(-2.056187876111,-0.206161304571,6.5100001));
#8030 = CARTESIAN_POINT('',(-2.056187876111,-0.206161304571,6.5000001));
#8031 = CARTESIAN_POINT('',(-2.073539929313,-0.222489781601,6.5100001));
#8032 = CARTESIAN_POINT('',(-2.073539929313,-0.222489781601,6.5000001));
#8033 = CARTESIAN_POINT('',(-2.082215955914,-0.244326073271,6.5100001));
#8034 = CARTESIAN_POINT('',(-2.082215955914,-0.244326073271,6.5000001));
#8035 = CARTESIAN_POINT('',(-2.082215955914,-0.271670179582,6.5100001));
#8036 = CARTESIAN_POINT('',(-2.082215955914,-0.271670179582,6.5000001));
#8037 = ADVANCED_FACE('',(#8038),#8056,.F.);
#8038 = FACE_BOUND('',#8039,.F.);
#8039 = EDGE_LOOP('',(#8040,#8041,#8050,#8055));
#8040 = ORIENTED_EDGE('',*,*,#8023,.F.);
#8041 = ORIENTED_EDGE('',*,*,#8042,.T.);
#8042 = EDGE_CURVE('',#8015,#8043,#8045,.T.);
#8043 = VERTEX_POINT('',#8044);
#8044 = CARTESIAN_POINT('',(-2.071102843189,-0.324457465027,6.5100001));
#8045 = B_SPLINE_CURVE_WITH_KNOTS('',3,(#8046,#8047,#8048,#8049),
  .UNSPECIFIED.,.F.,.F.,(4,4),(0.,1.),.PIECEWISE_BEZIER_KNOTS.);
#8046 = CARTESIAN_POINT('',(-2.082215955914,-0.271670179582,6.5100001));
#8047 = CARTESIAN_POINT('',(-2.082215955914,-0.292824087138,6.5100001));
#8048 = CARTESIAN_POINT('',(-2.078511585006,-0.310419848953,6.5100001));
#8049 = CARTESIAN_POINT('',(-2.071102843189,-0.324457465027,6.5100001));
#8050 = ORIENTED_EDGE('',*,*,#8051,.T.);
#8051 = EDGE_CURVE('',#8043,#2042,#8052,.T.);
#8052 = B_SPLINE_CURVE_WITH_KNOTS('',1,(#8053,#8054),.UNSPECIFIED.,.F.,
  .F.,(2,2),(0.,1.E-02),.PIECEWISE_BEZIER_KNOTS.);
#8053 = CARTESIAN_POINT('',(-2.071102843189,-0.324457465027,6.5100001));
#8054 = CARTESIAN_POINT('',(-2.071102843189,-0.324457465027,6.5000001));
#8055 = ORIENTED_EDGE('',*,*,#2048,.F.);
#8056 = B_SPLINE_SURFACE_WITH_KNOTS('',3,1,(
    (#8057,#8058)
    ,(#8059,#8060)
    ,(#8061,#8062)
    ,(#8063,#8064
    )),.UNSPECIFIED.,.F.,.F.,.F.,(4,4),(2,2),(0.,1.),(0.,1.),
  .PIECEWISE_BEZIER_KNOTS.);
#8057 = CARTESIAN_POINT('',(-2.082215955914,-0.271670179582,6.5100001));
#8058 = CARTESIAN_POINT('',(-2.082215955914,-0.271670179582,6.5000001));
#8059 = CARTESIAN_POINT('',(-2.082215955914,-0.292824087138,6.5100001));
#8060 = CARTESIAN_POINT('',(-2.082215955914,-0.292824087138,6.5000001));
#8061 = CARTESIAN_POINT('',(-2.078511585006,-0.310419848953,6.5100001));
#8062 = CARTESIAN_POINT('',(-2.078511585006,-0.310419848953,6.5000001));
#8063 = CARTESIAN_POINT('',(-2.071102843189,-0.324457465027,6.5100001));
#8064 = CARTESIAN_POINT('',(-2.071102843189,-0.324457465027,6.5000001));
#8065 = ADVANCED_FACE('',(#8066),#8082,.F.);
#8066 = FACE_BOUND('',#8067,.T.);
#8067 = EDGE_LOOP('',(#8068,#8069,#8076,#8081));
#8068 = ORIENTED_EDGE('',*,*,#2041,.T.);
#8069 = ORIENTED_EDGE('',*,*,#8070,.F.);
#8070 = EDGE_CURVE('',#8071,#2033,#8073,.T.);
#8071 = VERTEX_POINT('',#8072);
#8072 = CARTESIAN_POINT('',(-2.047511849509,-0.324457465027,6.5100001));
#8073 = B_SPLINE_CURVE_WITH_KNOTS('',1,(#8074,#8075),.UNSPECIFIED.,.F.,
  .F.,(2,2),(0.,1.E-02),.PIECEWISE_BEZIER_KNOTS.);
#8074 = CARTESIAN_POINT('',(-2.047511849509,-0.324457465027,6.5100001));
#8075 = CARTESIAN_POINT('',(-2.047511849509,-0.324457465027,6.5000001));
#8076 = ORIENTED_EDGE('',*,*,#8077,.F.);
#8077 = EDGE_CURVE('',#8043,#8071,#8078,.T.);
#8078 = B_SPLINE_CURVE_WITH_KNOTS('',1,(#8079,#8080),.UNSPECIFIED.,.F.,
  .F.,(2,2),(-2.359099368009E-02,0.),.PIECEWISE_BEZIER_KNOTS.);
#8079 = CARTESIAN_POINT('',(-2.071102843189,-0.324457465027,6.5100001));
#8080 = CARTESIAN_POINT('',(-2.047511849509,-0.324457465027,6.5100001));
#8081 = ORIENTED_EDGE('',*,*,#8051,.T.);
#8082 = B_SPLINE_SURFACE_WITH_KNOTS('',1,1,(
    (#8083,#8084)
    ,(#8085,#8086
    )),.UNSPECIFIED.,.F.,.F.,.F.,(2,2),(2,2),(-2.359099368009E-02,
    3.944304526105E-33),(0.,1.E-02),.PIECEWISE_BEZIER_KNOTS.);
#8083 = CARTESIAN_POINT('',(-2.071102843189,-0.324457465027,6.5100001));
#8084 = CARTESIAN_POINT('',(-2.071102843189,-0.324457465027,6.5000001));
#8085 = CARTESIAN_POINT('',(-2.047511849509,-0.324457465027,6.5100001));
#8086 = CARTESIAN_POINT('',(-2.047511849509,-0.324457465027,6.5000001));
#8087 = ADVANCED_FACE('',(#8088),#8100,.F.);
#8088 = FACE_BOUND('',#8089,.F.);
#8089 = EDGE_LOOP('',(#8090,#8091,#8098,#8099));
#8090 = ORIENTED_EDGE('',*,*,#8070,.F.);
#8091 = ORIENTED_EDGE('',*,*,#8092,.T.);
#8092 = EDGE_CURVE('',#8071,#7734,#8093,.T.);
#8093 = B_SPLINE_CURVE_WITH_KNOTS('',3,(#8094,#8095,#8096,#8097),
  .UNSPECIFIED.,.F.,.F.,(4,4),(12.,13.),.PIECEWISE_BEZIER_KNOTS.);
#8094 = CARTESIAN_POINT('',(-2.047511849509,-0.324457465027,6.5100001));
#8095 = CARTESIAN_POINT('',(-2.055992909221,-0.310517332397,6.5100001));
#8096 = CARTESIAN_POINT('',(-2.060282180799,-0.294091371922,6.5100001));
#8097 = CARTESIAN_POINT('',(-2.060282180799,-0.275228325323,6.5100001));
#8098 = ORIENTED_EDGE('',*,*,#7733,.T.);
#8099 = ORIENTED_EDGE('',*,*,#2032,.F.);
#8100 = B_SPLINE_SURFACE_WITH_KNOTS('',3,1,(
    (#8101,#8102)
    ,(#8103,#8104)
    ,(#8105,#8106)
    ,(#8107,#8108
    )),.UNSPECIFIED.,.F.,.F.,.F.,(4,4),(2,2),(12.,13.),(0.,1.),
  .PIECEWISE_BEZIER_KNOTS.);
#8101 = CARTESIAN_POINT('',(-2.047511849509,-0.324457465027,6.5100001));
#8102 = CARTESIAN_POINT('',(-2.047511849509,-0.324457465027,6.5000001));
#8103 = CARTESIAN_POINT('',(-2.055992909221,-0.310517332397,6.5100001));
#8104 = CARTESIAN_POINT('',(-2.055992909221,-0.310517332397,6.5000001));
#8105 = CARTESIAN_POINT('',(-2.060282180799,-0.294091371922,6.5100001));
#8106 = CARTESIAN_POINT('',(-2.060282180799,-0.294091371922,6.5000001));
#8107 = CARTESIAN_POINT('',(-2.060282180799,-0.275228325323,6.5100001));
#8108 = CARTESIAN_POINT('',(-2.060282180799,-0.275228325323,6.5000001));
#8109 = ADVANCED_FACE('',(#8110),#8126,.F.);
#8110 = FACE_BOUND('',#8111,.T.);
#8111 = EDGE_LOOP('',(#8112,#8113,#8114,#8115,#8116,#8117,#8118,#8119,
    #8120,#8121,#8122,#8123,#8124,#8125));
#8112 = ORIENTED_EDGE('',*,*,#7740,.T.);
#8113 = ORIENTED_EDGE('',*,*,#7768,.T.);
#8114 = ORIENTED_EDGE('',*,*,#7796,.T.);
#8115 = ORIENTED_EDGE('',*,*,#7824,.T.);
#8116 = ORIENTED_EDGE('',*,*,#7852,.T.);
#8117 = ORIENTED_EDGE('',*,*,#7887,.T.);
#8118 = ORIENTED_EDGE('',*,*,#7902,.T.);
#8119 = ORIENTED_EDGE('',*,*,#7930,.T.);
#8120 = ORIENTED_EDGE('',*,*,#7958,.T.);
#8121 = ORIENTED_EDGE('',*,*,#7986,.T.);
#8122 = ORIENTED_EDGE('',*,*,#8014,.T.);
#8123 = ORIENTED_EDGE('',*,*,#8042,.T.);
#8124 = ORIENTED_EDGE('',*,*,#8077,.T.);
#8125 = ORIENTED_EDGE('',*,*,#8092,.T.);
#8126 = B_SPLINE_SURFACE_WITH_KNOTS('',1,1,(
    (#8127,#8128)
    ,(#8129,#8130
    )),.UNSPECIFIED.,.F.,.F.,.F.,(2,2),(2,2),(-2.696635796114E-02,
    0.170145167743),(-6.615470283427E-02,7.660980230621E-02),
  .PIECEWISE_BEZIER_KNOTS.);
#8127 = CARTESIAN_POINT('',(-2.082215955914,-0.181692959886,6.5100001));
#8128 = CARTESIAN_POINT('',(-2.082215955914,-0.324457465027,6.5100001));
#8129 = CARTESIAN_POINT('',(-1.88510443021,-0.181692959886,6.5100001));
#8130 = CARTESIAN_POINT('',(-1.88510443021,-0.324457465027,6.5100001));
#8131 = ADVANCED_FACE('',(#8132,#8190),#8238,.F.);
#8132 = FACE_BOUND('',#8133,.T.);
#8133 = EDGE_LOOP('',(#8134,#8143,#8150,#8157,#8164,#8171,#8178,#8185));
#8134 = ORIENTED_EDGE('',*,*,#8135,.T.);
#8135 = EDGE_CURVE('',#8136,#8138,#8140,.T.);
#8136 = VERTEX_POINT('',#8137);
#8137 = CARTESIAN_POINT('',(-2.190812513597,-1.004745685662,6.5100001));
#8138 = VERTEX_POINT('',#8139);
#8139 = CARTESIAN_POINT('',(-2.190812513597,-0.978425155523,6.5100001));
#8140 = B_SPLINE_CURVE_WITH_KNOTS('',1,(#8141,#8142),.UNSPECIFIED.,.F.,
  .F.,(2,2),(-2.632053013969E-02,0.),.PIECEWISE_BEZIER_KNOTS.);
#8141 = CARTESIAN_POINT('',(-2.190812513597,-1.004745685662,6.5100001));
#8142 = CARTESIAN_POINT('',(-2.190812513597,-0.978425155523,6.5100001));
#8143 = ORIENTED_EDGE('',*,*,#8144,.T.);
#8144 = EDGE_CURVE('',#8138,#8145,#8147,.T.);
#8145 = VERTEX_POINT('',#8146);
#8146 = CARTESIAN_POINT('',(-2.381490131933,-0.905799989029,6.5100001));
#8147 = B_SPLINE_CURVE_WITH_KNOTS('',1,(#8148,#8149),.UNSPECIFIED.,.F.,
  .F.,(2,2),(-0.204040116013,0.),.PIECEWISE_BEZIER_KNOTS.);
#8148 = CARTESIAN_POINT('',(-2.190812513597,-0.978425155523,6.5100001));
#8149 = CARTESIAN_POINT('',(-2.381490131933,-0.905799989029,6.5100001));
#8150 = ORIENTED_EDGE('',*,*,#8151,.T.);
#8151 = EDGE_CURVE('',#8145,#8152,#8154,.T.);
#8152 = VERTEX_POINT('',#8153);
#8153 = CARTESIAN_POINT('',(-2.381490131933,-0.932997870172,6.5100001));
#8154 = B_SPLINE_CURVE_WITH_KNOTS('',1,(#8155,#8156),.UNSPECIFIED.,.F.,
  .F.,(2,2),(-2.719788114331E-02,0.),.PIECEWISE_BEZIER_KNOTS.);
#8155 = CARTESIAN_POINT('',(-2.381490131933,-0.905799989029,6.5100001));
#8156 = CARTESIAN_POINT('',(-2.381490131933,-0.932997870172,6.5100001));
#8157 = ORIENTED_EDGE('',*,*,#8158,.T.);
#8158 = EDGE_CURVE('',#8152,#8159,#8161,.T.);
#8159 = VERTEX_POINT('',#8160);
#8160 = CARTESIAN_POINT('',(-2.329336488882,-0.951324757824,6.5100001));
#8161 = B_SPLINE_CURVE_WITH_KNOTS('',1,(#8162,#8163),.UNSPECIFIED.,.F.,
  .F.,(2,2),(-5.52799900011E-02,0.),.PIECEWISE_BEZIER_KNOTS.);
#8162 = CARTESIAN_POINT('',(-2.381490131933,-0.932997870172,6.5100001));
#8163 = CARTESIAN_POINT('',(-2.329336488882,-0.951324757824,6.5100001));
#8164 = ORIENTED_EDGE('',*,*,#8165,.T.);
#8165 = EDGE_CURVE('',#8159,#8166,#8168,.T.);
#8166 = VERTEX_POINT('',#8167);
#8167 = CARTESIAN_POINT('',(-2.329336488882,-1.030725023742,6.5100001));
#8168 = B_SPLINE_CURVE_WITH_KNOTS('',1,(#8169,#8170),.UNSPECIFIED.,.F.,
  .F.,(2,2),(-7.940026591828E-02,0.),.PIECEWISE_BEZIER_KNOTS.);
#8169 = CARTESIAN_POINT('',(-2.329336488882,-0.951324757824,6.5100001));
#8170 = CARTESIAN_POINT('',(-2.329336488882,-1.030725023742,6.5100001));
#8171 = ORIENTED_EDGE('',*,*,#8172,.T.);
#8172 = EDGE_CURVE('',#8166,#8173,#8175,.T.);
#8173 = VERTEX_POINT('',#8174);
#8174 = CARTESIAN_POINT('',(-2.381490131933,-1.050172971013,6.5100001));
#8175 = B_SPLINE_CURVE_WITH_KNOTS('',1,(#8176,#8177),.UNSPECIFIED.,.F.,
  .F.,(2,2),(-5.566170260189E-02,-0.),.PIECEWISE_BEZIER_KNOTS.);
#8176 = CARTESIAN_POINT('',(-2.329336488882,-1.030725023742,6.5100001));
#8177 = CARTESIAN_POINT('',(-2.381490131933,-1.050172971013,6.5100001));
#8178 = ORIENTED_EDGE('',*,*,#8179,.T.);
#8179 = EDGE_CURVE('',#8173,#8180,#8182,.T.);
#8180 = VERTEX_POINT('',#8181);
#8181 = CARTESIAN_POINT('',(-2.381490131933,-1.077370852155,6.5100001));
#8182 = B_SPLINE_CURVE_WITH_KNOTS('',1,(#8183,#8184),.UNSPECIFIED.,.F.,
  .F.,(2,2),(-2.7197881142E-02,0.),.PIECEWISE_BEZIER_KNOTS.);
#8183 = CARTESIAN_POINT('',(-2.381490131933,-1.050172971013,6.5100001));
#8184 = CARTESIAN_POINT('',(-2.381490131933,-1.077370852155,6.5100001));
#8185 = ORIENTED_EDGE('',*,*,#8186,.T.);
#8186 = EDGE_CURVE('',#8180,#8136,#8187,.T.);
#8187 = B_SPLINE_CURVE_WITH_KNOTS('',1,(#8188,#8189),.UNSPECIFIED.,.F.,
  .F.,(2,2),(-0.204040116013,0.),.PIECEWISE_BEZIER_KNOTS.);
#8188 = CARTESIAN_POINT('',(-2.381490131933,-1.077370852155,6.5100001));
#8189 = CARTESIAN_POINT('',(-2.190812513597,-1.004745685662,6.5100001));
#8190 = FACE_BOUND('',#8191,.T.);
#8191 = EDGE_LOOP('',(#8192,#8203,#8210,#8219,#8226,#8233));
#8192 = ORIENTED_EDGE('',*,*,#8193,.F.);
#8193 = EDGE_CURVE('',#8194,#8196,#8198,.T.);
#8194 = VERTEX_POINT('',#8195);
#8195 = CARTESIAN_POINT('',(-2.215183374837,-0.99075681131,6.5100001));
#8196 = VERTEX_POINT('',#8197);
#8197 = CARTESIAN_POINT('',(-2.228538606795,-0.987637341071,6.5100001));
#8198 = B_SPLINE_CURVE_WITH_KNOTS('',3,(#8199,#8200,#8201,#8202),
  .UNSPECIFIED.,.F.,.F.,(4,4),(3.,4.),.PIECEWISE_BEZIER_KNOTS.);
#8199 = CARTESIAN_POINT('',(-2.215183374837,-0.99075681131,6.5100001));
#8200 = CARTESIAN_POINT('',(-2.220934898089,-0.989830718583,6.5100001));
#8201 = CARTESIAN_POINT('',(-2.225419136557,-0.988807142412,6.5100001));
#8202 = CARTESIAN_POINT('',(-2.228538606795,-0.987637341071,6.5100001));
#8203 = ORIENTED_EDGE('',*,*,#8204,.F.);
#8204 = EDGE_CURVE('',#8205,#8194,#8207,.T.);
#8205 = VERTEX_POINT('',#8206);
#8206 = CARTESIAN_POINT('',(-2.215183374837,-0.99134171198,6.5100001));
#8207 = B_SPLINE_CURVE_WITH_KNOTS('',1,(#8208,#8209),.UNSPECIFIED.,.F.,
  .F.,(2,2),(0.,5.849006703809E-04),.PIECEWISE_BEZIER_KNOTS.);
#8208 = CARTESIAN_POINT('',(-2.215183374837,-0.99134171198,6.5100001));
#8209 = CARTESIAN_POINT('',(-2.215183374837,-0.99075681131,6.5100001));
#8210 = ORIENTED_EDGE('',*,*,#8211,.F.);
#8211 = EDGE_CURVE('',#8212,#8205,#8214,.T.);
#8212 = VERTEX_POINT('',#8213);
#8213 = CARTESIAN_POINT('',(-2.228538606795,-0.994314957051,6.5100001));
#8214 = B_SPLINE_CURVE_WITH_KNOTS('',3,(#8215,#8216,#8217,#8218),
  .UNSPECIFIED.,.F.,.F.,(4,4),(1.,2.),.PIECEWISE_BEZIER_KNOTS.);
#8215 = CARTESIAN_POINT('',(-2.228538606795,-0.994314957051,6.5100001));
#8216 = CARTESIAN_POINT('',(-2.225906553782,-0.993388864325,6.5100001));
#8217 = CARTESIAN_POINT('',(-2.221519798758,-0.992414029874,6.5100001));
#8218 = CARTESIAN_POINT('',(-2.215183374837,-0.99134171198,6.5100001));
#8219 = ORIENTED_EDGE('',*,*,#8220,.F.);
#8220 = EDGE_CURVE('',#8221,#8212,#8223,.T.);
#8221 = VERTEX_POINT('',#8222);
#8222 = CARTESIAN_POINT('',(-2.307792647546,-1.023121315037,6.5100001));
#8223 = B_SPLINE_CURVE_WITH_KNOTS('',1,(#8224,#8225),.UNSPECIFIED.,.F.,
  .F.,(2,2),(0.,8.432680022254E-02),.PIECEWISE_BEZIER_KNOTS.);
#8224 = CARTESIAN_POINT('',(-2.307792647546,-1.023121315037,6.5100001));
#8225 = CARTESIAN_POINT('',(-2.228538606795,-0.994314957051,6.5100001));
#8226 = ORIENTED_EDGE('',*,*,#8227,.F.);
#8227 = EDGE_CURVE('',#8228,#8221,#8230,.T.);
#8228 = VERTEX_POINT('',#8229);
#8229 = CARTESIAN_POINT('',(-2.307792647546,-0.959123433422,6.5100001));
#8230 = B_SPLINE_CURVE_WITH_KNOTS('',1,(#8231,#8232),.UNSPECIFIED.,.F.,
  .F.,(2,2),(0.,6.399788161437E-02),.PIECEWISE_BEZIER_KNOTS.);
#8231 = CARTESIAN_POINT('',(-2.307792647546,-0.959123433422,6.5100001));
#8232 = CARTESIAN_POINT('',(-2.307792647546,-1.023121315037,6.5100001));
#8233 = ORIENTED_EDGE('',*,*,#8234,.F.);
#8234 = EDGE_CURVE('',#8196,#8228,#8235,.T.);
#8235 = B_SPLINE_CURVE_WITH_KNOTS('',1,(#8236,#8237),.UNSPECIFIED.,.F.,
  .F.,(2,2),(0.,8.422734653758E-02),.PIECEWISE_BEZIER_KNOTS.);
#8236 = CARTESIAN_POINT('',(-2.228538606795,-0.987637341071,6.5100001));
#8237 = CARTESIAN_POINT('',(-2.307792647546,-0.959123433422,6.5100001));
#8238 = B_SPLINE_SURFACE_WITH_KNOTS('',1,1,(
    (#8239,#8240)
    ,(#8241,#8242
    )),.UNSPECIFIED.,.F.,.F.,.F.,(2,2),(2,2),(0.368509868067,
    0.559187486403),(0.905799989029,1.077370852155),
  .PIECEWISE_BEZIER_KNOTS.);
#8239 = CARTESIAN_POINT('',(-2.381490131933,-0.905799989029,6.5100001));
#8240 = CARTESIAN_POINT('',(-2.381490131933,-1.077370852155,6.5100001));
#8241 = CARTESIAN_POINT('',(-2.190812513597,-0.905799989029,6.5100001));
#8242 = CARTESIAN_POINT('',(-2.190812513597,-1.077370852155,6.5100001));
#8243 = ADVANCED_FACE('',(#8244),#8258,.F.);
#8244 = FACE_BOUND('',#8245,.T.);
#8245 = EDGE_LOOP('',(#8246,#8247,#8252,#8253));
#8246 = ORIENTED_EDGE('',*,*,#2145,.T.);
#8247 = ORIENTED_EDGE('',*,*,#8248,.F.);
#8248 = EDGE_CURVE('',#8138,#2148,#8249,.T.);
#8249 = B_SPLINE_CURVE_WITH_KNOTS('',1,(#8250,#8251),.UNSPECIFIED.,.F.,
  .F.,(2,2),(0.,1.E-02),.PIECEWISE_BEZIER_KNOTS.);
#8250 = CARTESIAN_POINT('',(-2.190812513597,-0.978425155523,6.5100001));
#8251 = CARTESIAN_POINT('',(-2.190812513597,-0.978425155523,6.5000001));
#8252 = ORIENTED_EDGE('',*,*,#8135,.F.);
#8253 = ORIENTED_EDGE('',*,*,#8254,.T.);
#8254 = EDGE_CURVE('',#8136,#2146,#8255,.T.);
#8255 = B_SPLINE_CURVE_WITH_KNOTS('',1,(#8256,#8257),.UNSPECIFIED.,.F.,
  .F.,(2,2),(0.,1.E-02),.PIECEWISE_BEZIER_KNOTS.);
#8256 = CARTESIAN_POINT('',(-2.190812513597,-1.004745685662,6.5100001));
#8257 = CARTESIAN_POINT('',(-2.190812513597,-1.004745685662,6.5000001));
#8258 = B_SPLINE_SURFACE_WITH_KNOTS('',1,1,(
    (#8259,#8260)
    ,(#8261,#8262
    )),.UNSPECIFIED.,.F.,.F.,.F.,(2,2),(2,2),(-2.632053013969E-02,
    6.982962677686E-17),(-2.076323723189E-32,1.E-02),
  .PIECEWISE_BEZIER_KNOTS.);
#8259 = CARTESIAN_POINT('',(-2.190812513597,-1.004745685662,6.5100001));
#8260 = CARTESIAN_POINT('',(-2.190812513597,-1.004745685662,6.5000001));
#8261 = CARTESIAN_POINT('',(-2.190812513597,-0.978425155523,6.5100001));
#8262 = CARTESIAN_POINT('',(-2.190812513597,-0.978425155523,6.5000001));
#8263 = ADVANCED_FACE('',(#8264),#8274,.F.);
#8264 = FACE_BOUND('',#8265,.T.);
#8265 = EDGE_LOOP('',(#8266,#8267,#8272,#8273));
#8266 = ORIENTED_EDGE('',*,*,#2196,.T.);
#8267 = ORIENTED_EDGE('',*,*,#8268,.F.);
#8268 = EDGE_CURVE('',#8145,#2190,#8269,.T.);
#8269 = B_SPLINE_CURVE_WITH_KNOTS('',1,(#8270,#8271),.UNSPECIFIED.,.F.,
  .F.,(2,2),(0.,1.E-02),.PIECEWISE_BEZIER_KNOTS.);
#8270 = CARTESIAN_POINT('',(-2.381490131933,-0.905799989029,6.5100001));
#8271 = CARTESIAN_POINT('',(-2.381490131933,-0.905799989029,6.5000001));
#8272 = ORIENTED_EDGE('',*,*,#8144,.F.);
#8273 = ORIENTED_EDGE('',*,*,#8248,.T.);
#8274 = B_SPLINE_SURFACE_WITH_KNOTS('',1,1,(
    (#8275,#8276)
    ,(#8277,#8278
    )),.UNSPECIFIED.,.F.,.F.,.F.,(2,2),(2,2),(-0.204040116013,
    1.79663127193E-17),(-1.593814563077E-16,1.E-02),
  .PIECEWISE_BEZIER_KNOTS.);
#8275 = CARTESIAN_POINT('',(-2.190812513597,-0.978425155523,6.5100001));
#8276 = CARTESIAN_POINT('',(-2.190812513597,-0.978425155523,6.5000001));
#8277 = CARTESIAN_POINT('',(-2.381490131933,-0.905799989029,6.5100001));
#8278 = CARTESIAN_POINT('',(-2.381490131933,-0.905799989029,6.5000001));
#8279 = ADVANCED_FACE('',(#8280),#8290,.F.);
#8280 = FACE_BOUND('',#8281,.T.);
#8281 = EDGE_LOOP('',(#8282,#8283,#8288,#8289));
#8282 = ORIENTED_EDGE('',*,*,#2189,.T.);
#8283 = ORIENTED_EDGE('',*,*,#8284,.F.);
#8284 = EDGE_CURVE('',#8152,#2183,#8285,.T.);
#8285 = B_SPLINE_CURVE_WITH_KNOTS('',1,(#8286,#8287),.UNSPECIFIED.,.F.,
  .F.,(2,2),(0.,1.E-02),.PIECEWISE_BEZIER_KNOTS.);
#8286 = CARTESIAN_POINT('',(-2.381490131933,-0.932997870172,6.5100001));
#8287 = CARTESIAN_POINT('',(-2.381490131933,-0.932997870172,6.5000001));
#8288 = ORIENTED_EDGE('',*,*,#8151,.F.);
#8289 = ORIENTED_EDGE('',*,*,#8268,.T.);
#8290 = B_SPLINE_SURFACE_WITH_KNOTS('',1,1,(
    (#8291,#8292)
    ,(#8293,#8294
    )),.UNSPECIFIED.,.F.,.F.,.F.,(2,2),(2,2),(-2.719788114331E-02,
    7.88860905221E-33),(-1.899217889358E-16,1.E-02),
  .PIECEWISE_BEZIER_KNOTS.);
#8291 = CARTESIAN_POINT('',(-2.381490131933,-0.905799989029,6.5100001));
#8292 = CARTESIAN_POINT('',(-2.381490131933,-0.905799989029,6.5000001));
#8293 = CARTESIAN_POINT('',(-2.381490131933,-0.932997870172,6.5100001));
#8294 = CARTESIAN_POINT('',(-2.381490131933,-0.932997870172,6.5000001));
#8295 = ADVANCED_FACE('',(#8296),#8306,.F.);
#8296 = FACE_BOUND('',#8297,.T.);
#8297 = EDGE_LOOP('',(#8298,#8299,#8304,#8305));
#8298 = ORIENTED_EDGE('',*,*,#2182,.T.);
#8299 = ORIENTED_EDGE('',*,*,#8300,.F.);
#8300 = EDGE_CURVE('',#8159,#2176,#8301,.T.);
#8301 = B_SPLINE_CURVE_WITH_KNOTS('',1,(#8302,#8303),.UNSPECIFIED.,.F.,
  .F.,(2,2),(0.,1.E-02),.PIECEWISE_BEZIER_KNOTS.);
#8302 = CARTESIAN_POINT('',(-2.329336488882,-0.951324757824,6.5100001));
#8303 = CARTESIAN_POINT('',(-2.329336488882,-0.951324757824,6.5000001));
#8304 = ORIENTED_EDGE('',*,*,#8158,.F.);
#8305 = ORIENTED_EDGE('',*,*,#8284,.T.);
#8306 = B_SPLINE_SURFACE_WITH_KNOTS('',1,1,(
    (#8307,#8308)
    ,(#8309,#8310
    )),.UNSPECIFIED.,.F.,.F.,.F.,(2,2),(2,2),(-5.52799900011E-02,
    7.88860905221E-33),(-3.100694439374E-16,1.E-02),
  .PIECEWISE_BEZIER_KNOTS.);
#8307 = CARTESIAN_POINT('',(-2.381490131933,-0.932997870172,6.5100001));
#8308 = CARTESIAN_POINT('',(-2.381490131933,-0.932997870172,6.5000001));
#8309 = CARTESIAN_POINT('',(-2.329336488882,-0.951324757824,6.5100001));
#8310 = CARTESIAN_POINT('',(-2.329336488882,-0.951324757824,6.5000001));
#8311 = ADVANCED_FACE('',(#8312),#8322,.F.);
#8312 = FACE_BOUND('',#8313,.T.);
#8313 = EDGE_LOOP('',(#8314,#8315,#8320,#8321));
#8314 = ORIENTED_EDGE('',*,*,#2175,.T.);
#8315 = ORIENTED_EDGE('',*,*,#8316,.F.);
#8316 = EDGE_CURVE('',#8166,#2169,#8317,.T.);
#8317 = B_SPLINE_CURVE_WITH_KNOTS('',1,(#8318,#8319),.UNSPECIFIED.,.F.,
  .F.,(2,2),(0.,1.E-02),.PIECEWISE_BEZIER_KNOTS.);
#8318 = CARTESIAN_POINT('',(-2.329336488882,-1.030725023742,6.5100001));
#8319 = CARTESIAN_POINT('',(-2.329336488882,-1.030725023742,6.5000001));
#8320 = ORIENTED_EDGE('',*,*,#8165,.F.);
#8321 = ORIENTED_EDGE('',*,*,#8300,.T.);
#8322 = B_SPLINE_SURFACE_WITH_KNOTS('',1,1,(
    (#8323,#8324)
    ,(#8325,#8326
    )),.UNSPECIFIED.,.F.,.F.,.F.,(2,2),(2,2),(-7.940026591828E-02,
    7.88860905221E-33),(0.,1.E-02),.PIECEWISE_BEZIER_KNOTS.);
#8323 = CARTESIAN_POINT('',(-2.329336488882,-0.951324757824,6.5100001));
#8324 = CARTESIAN_POINT('',(-2.329336488882,-0.951324757824,6.5000001));
#8325 = CARTESIAN_POINT('',(-2.329336488882,-1.030725023742,6.5100001));
#8326 = CARTESIAN_POINT('',(-2.329336488882,-1.030725023742,6.5000001));
#8327 = ADVANCED_FACE('',(#8328),#8338,.F.);
#8328 = FACE_BOUND('',#8329,.T.);
#8329 = EDGE_LOOP('',(#8330,#8331,#8336,#8337));
#8330 = ORIENTED_EDGE('',*,*,#2168,.T.);
#8331 = ORIENTED_EDGE('',*,*,#8332,.F.);
#8332 = EDGE_CURVE('',#8173,#2162,#8333,.T.);
#8333 = B_SPLINE_CURVE_WITH_KNOTS('',1,(#8334,#8335),.UNSPECIFIED.,.F.,
  .F.,(2,2),(0.,1.E-02),.PIECEWISE_BEZIER_KNOTS.);
#8334 = CARTESIAN_POINT('',(-2.381490131933,-1.050172971013,6.5100001));
#8335 = CARTESIAN_POINT('',(-2.381490131933,-1.050172971013,6.5000001));
#8336 = ORIENTED_EDGE('',*,*,#8172,.F.);
#8337 = ORIENTED_EDGE('',*,*,#8316,.T.);
#8338 = B_SPLINE_SURFACE_WITH_KNOTS('',1,1,(
    (#8339,#8340)
    ,(#8341,#8342
    )),.UNSPECIFIED.,.F.,.F.,.F.,(2,2),(2,2),(-5.56617026019E-02,0.),(0.
    ,1.E-02),.PIECEWISE_BEZIER_KNOTS.);
#8339 = CARTESIAN_POINT('',(-2.329336488882,-1.030725023742,6.5100001));
#8340 = CARTESIAN_POINT('',(-2.329336488882,-1.030725023742,6.5000001));
#8341 = CARTESIAN_POINT('',(-2.381490131933,-1.050172971013,6.5100001));
#8342 = CARTESIAN_POINT('',(-2.381490131933,-1.050172971013,6.5000001));
#8343 = ADVANCED_FACE('',(#8344),#8354,.F.);
#8344 = FACE_BOUND('',#8345,.T.);
#8345 = EDGE_LOOP('',(#8346,#8347,#8352,#8353));
#8346 = ORIENTED_EDGE('',*,*,#2161,.T.);
#8347 = ORIENTED_EDGE('',*,*,#8348,.F.);
#8348 = EDGE_CURVE('',#8180,#2155,#8349,.T.);
#8349 = B_SPLINE_CURVE_WITH_KNOTS('',1,(#8350,#8351),.UNSPECIFIED.,.F.,
  .F.,(2,2),(0.,1.E-02),.PIECEWISE_BEZIER_KNOTS.);
#8350 = CARTESIAN_POINT('',(-2.381490131933,-1.077370852155,6.5100001));
#8351 = CARTESIAN_POINT('',(-2.381490131933,-1.077370852155,6.5000001));
#8352 = ORIENTED_EDGE('',*,*,#8179,.F.);
#8353 = ORIENTED_EDGE('',*,*,#8332,.T.);
#8354 = B_SPLINE_SURFACE_WITH_KNOTS('',1,1,(
    (#8355,#8356)
    ,(#8357,#8358
    )),.UNSPECIFIED.,.F.,.F.,.F.,(2,2),(2,2),(-2.7197881142E-02,
    3.742595830732E-16),(-1.899217889268E-16,1.E-02),
  .PIECEWISE_BEZIER_KNOTS.);
#8355 = CARTESIAN_POINT('',(-2.381490131933,-1.050172971013,6.5100001));
#8356 = CARTESIAN_POINT('',(-2.381490131933,-1.050172971013,6.5000001));
#8357 = CARTESIAN_POINT('',(-2.381490131933,-1.077370852155,6.5100001));
#8358 = CARTESIAN_POINT('',(-2.381490131933,-1.077370852155,6.5000001));
#8359 = ADVANCED_FACE('',(#8360),#8366,.F.);
#8360 = FACE_BOUND('',#8361,.T.);
#8361 = EDGE_LOOP('',(#8362,#8363,#8364,#8365));
#8362 = ORIENTED_EDGE('',*,*,#2154,.T.);
#8363 = ORIENTED_EDGE('',*,*,#8254,.F.);
#8364 = ORIENTED_EDGE('',*,*,#8186,.F.);
#8365 = ORIENTED_EDGE('',*,*,#8348,.T.);
#8366 = B_SPLINE_SURFACE_WITH_KNOTS('',1,1,(
    (#8367,#8368)
    ,(#8369,#8370
    )),.UNSPECIFIED.,.F.,.F.,.F.,(2,2),(2,2),(-0.204040116013,
    3.944304526105E-33),(-6.035972648219E-32,1.E-02),
  .PIECEWISE_BEZIER_KNOTS.);
#8367 = CARTESIAN_POINT('',(-2.381490131933,-1.077370852155,6.5100001));
#8368 = CARTESIAN_POINT('',(-2.381490131933,-1.077370852155,6.5000001));
#8369 = CARTESIAN_POINT('',(-2.190812513597,-1.004745685662,6.5100001));
#8370 = CARTESIAN_POINT('',(-2.190812513597,-1.004745685662,6.5000001));
#8371 = ADVANCED_FACE('',(#8372),#8396,.T.);
#8372 = FACE_BOUND('',#8373,.T.);
#8373 = EDGE_LOOP('',(#8374,#8385,#8390,#8391));
#8374 = ORIENTED_EDGE('',*,*,#8375,.F.);
#8375 = EDGE_CURVE('',#8376,#8378,#8380,.T.);
#8376 = VERTEX_POINT('',#8377);
#8377 = CARTESIAN_POINT('',(-2.215183374837,-0.99075681131,6.5000001));
#8378 = VERTEX_POINT('',#8379);
#8379 = CARTESIAN_POINT('',(-2.228538606795,-0.987637341071,6.5000001));
#8380 = B_SPLINE_CURVE_WITH_KNOTS('',3,(#8381,#8382,#8383,#8384),
  .UNSPECIFIED.,.F.,.F.,(4,4),(3.,4.),.PIECEWISE_BEZIER_KNOTS.);
#8381 = CARTESIAN_POINT('',(-2.215183374837,-0.99075681131,6.5000001));
#8382 = CARTESIAN_POINT('',(-2.220934898089,-0.989830718583,6.5000001));
#8383 = CARTESIAN_POINT('',(-2.225419136557,-0.988807142412,6.5000001));
#8384 = CARTESIAN_POINT('',(-2.228538606795,-0.987637341071,6.5000001));
#8385 = ORIENTED_EDGE('',*,*,#8386,.F.);
#8386 = EDGE_CURVE('',#8194,#8376,#8387,.T.);
#8387 = B_SPLINE_CURVE_WITH_KNOTS('',1,(#8388,#8389),.UNSPECIFIED.,.F.,
  .F.,(2,2),(0.,1.E-02),.PIECEWISE_BEZIER_KNOTS.);
#8388 = CARTESIAN_POINT('',(-2.215183374837,-0.99075681131,6.5100001));
#8389 = CARTESIAN_POINT('',(-2.215183374837,-0.99075681131,6.5000001));
#8390 = ORIENTED_EDGE('',*,*,#8193,.T.);
#8391 = ORIENTED_EDGE('',*,*,#8392,.T.);
#8392 = EDGE_CURVE('',#8196,#8378,#8393,.T.);
#8393 = B_SPLINE_CURVE_WITH_KNOTS('',1,(#8394,#8395),.UNSPECIFIED.,.F.,
  .F.,(2,2),(0.,1.E-02),.PIECEWISE_BEZIER_KNOTS.);
#8394 = CARTESIAN_POINT('',(-2.228538606795,-0.987637341071,6.5100001));
#8395 = CARTESIAN_POINT('',(-2.228538606795,-0.987637341071,6.5000001));
#8396 = B_SPLINE_SURFACE_WITH_KNOTS('',3,1,(
    (#8397,#8398)
    ,(#8399,#8400)
    ,(#8401,#8402)
    ,(#8403,#8404
    )),.UNSPECIFIED.,.F.,.F.,.F.,(4,4),(2,2),(3.,4.),(0.,1.),
  .PIECEWISE_BEZIER_KNOTS.);
#8397 = CARTESIAN_POINT('',(-2.215183374837,-0.99075681131,6.5100001));
#8398 = CARTESIAN_POINT('',(-2.215183374837,-0.99075681131,6.5000001));
#8399 = CARTESIAN_POINT('',(-2.220934898089,-0.989830718583,6.5100001));
#8400 = CARTESIAN_POINT('',(-2.220934898089,-0.989830718583,6.5000001));
#8401 = CARTESIAN_POINT('',(-2.225419136557,-0.988807142412,6.5100001));
#8402 = CARTESIAN_POINT('',(-2.225419136557,-0.988807142412,6.5000001));
#8403 = CARTESIAN_POINT('',(-2.228538606795,-0.987637341071,6.5100001));
#8404 = CARTESIAN_POINT('',(-2.228538606795,-0.987637341071,6.5000001));
#8405 = ADVANCED_FACE('',(#8406),#8422,.T.);
#8406 = FACE_BOUND('',#8407,.T.);
#8407 = EDGE_LOOP('',(#8408,#8415,#8416,#8417));
#8408 = ORIENTED_EDGE('',*,*,#8409,.F.);
#8409 = EDGE_CURVE('',#8378,#8410,#8412,.T.);
#8410 = VERTEX_POINT('',#8411);
#8411 = CARTESIAN_POINT('',(-2.307792647546,-0.959123433422,6.5000001));
#8412 = B_SPLINE_CURVE_WITH_KNOTS('',1,(#8413,#8414),.UNSPECIFIED.,.F.,
  .F.,(2,2),(0.,8.422734653758E-02),.PIECEWISE_BEZIER_KNOTS.);
#8413 = CARTESIAN_POINT('',(-2.228538606795,-0.987637341071,6.5000001));
#8414 = CARTESIAN_POINT('',(-2.307792647546,-0.959123433422,6.5000001));
#8415 = ORIENTED_EDGE('',*,*,#8392,.F.);
#8416 = ORIENTED_EDGE('',*,*,#8234,.T.);
#8417 = ORIENTED_EDGE('',*,*,#8418,.T.);
#8418 = EDGE_CURVE('',#8228,#8410,#8419,.T.);
#8419 = B_SPLINE_CURVE_WITH_KNOTS('',1,(#8420,#8421),.UNSPECIFIED.,.F.,
  .F.,(2,2),(0.,1.E-02),.PIECEWISE_BEZIER_KNOTS.);
#8420 = CARTESIAN_POINT('',(-2.307792647546,-0.959123433422,6.5100001));
#8421 = CARTESIAN_POINT('',(-2.307792647546,-0.959123433422,6.5000001));
#8422 = B_SPLINE_SURFACE_WITH_KNOTS('',1,1,(
    (#8423,#8424)
    ,(#8425,#8426
    )),.UNSPECIFIED.,.F.,.F.,.F.,(2,2),(2,2),(-8.555879399125E-17,
    8.422734653758E-02),(-3.173634736607E-17,1.E-02),
  .PIECEWISE_BEZIER_KNOTS.);
#8423 = CARTESIAN_POINT('',(-2.228538606795,-0.987637341071,6.5100001));
#8424 = CARTESIAN_POINT('',(-2.228538606795,-0.987637341071,6.5000001));
#8425 = CARTESIAN_POINT('',(-2.307792647546,-0.959123433422,6.5100001));
#8426 = CARTESIAN_POINT('',(-2.307792647546,-0.959123433422,6.5000001));
#8427 = ADVANCED_FACE('',(#8428),#8444,.T.);
#8428 = FACE_BOUND('',#8429,.T.);
#8429 = EDGE_LOOP('',(#8430,#8437,#8438,#8439));
#8430 = ORIENTED_EDGE('',*,*,#8431,.F.);
#8431 = EDGE_CURVE('',#8410,#8432,#8434,.T.);
#8432 = VERTEX_POINT('',#8433);
#8433 = CARTESIAN_POINT('',(-2.307792647546,-1.023121315037,6.5000001));
#8434 = B_SPLINE_CURVE_WITH_KNOTS('',1,(#8435,#8436),.UNSPECIFIED.,.F.,
  .F.,(2,2),(0.,6.399788161437E-02),.PIECEWISE_BEZIER_KNOTS.);
#8435 = CARTESIAN_POINT('',(-2.307792647546,-0.959123433422,6.5000001));
#8436 = CARTESIAN_POINT('',(-2.307792647546,-1.023121315037,6.5000001));
#8437 = ORIENTED_EDGE('',*,*,#8418,.F.);
#8438 = ORIENTED_EDGE('',*,*,#8227,.T.);
#8439 = ORIENTED_EDGE('',*,*,#8440,.T.);
#8440 = EDGE_CURVE('',#8221,#8432,#8441,.T.);
#8441 = B_SPLINE_CURVE_WITH_KNOTS('',1,(#8442,#8443),.UNSPECIFIED.,.F.,
  .F.,(2,2),(0.,1.E-02),.PIECEWISE_BEZIER_KNOTS.);
#8442 = CARTESIAN_POINT('',(-2.307792647546,-1.023121315037,6.5100001));
#8443 = CARTESIAN_POINT('',(-2.307792647546,-1.023121315037,6.5000001));
#8444 = B_SPLINE_SURFACE_WITH_KNOTS('',1,1,(
    (#8445,#8446)
    ,(#8447,#8448
    )),.UNSPECIFIED.,.F.,.F.,.F.,(2,2),(2,2),(0.,6.399788161437E-02),(0.
    ,1.E-02),.PIECEWISE_BEZIER_KNOTS.);
#8445 = CARTESIAN_POINT('',(-2.307792647546,-0.959123433422,6.5100001));
#8446 = CARTESIAN_POINT('',(-2.307792647546,-0.959123433422,6.5000001));
#8447 = CARTESIAN_POINT('',(-2.307792647546,-1.023121315037,6.5100001));
#8448 = CARTESIAN_POINT('',(-2.307792647546,-1.023121315037,6.5000001));
#8449 = ADVANCED_FACE('',(#8450),#8466,.T.);
#8450 = FACE_BOUND('',#8451,.T.);
#8451 = EDGE_LOOP('',(#8452,#8459,#8460,#8461));
#8452 = ORIENTED_EDGE('',*,*,#8453,.F.);
#8453 = EDGE_CURVE('',#8432,#8454,#8456,.T.);
#8454 = VERTEX_POINT('',#8455);
#8455 = CARTESIAN_POINT('',(-2.228538606795,-0.994314957051,6.5000001));
#8456 = B_SPLINE_CURVE_WITH_KNOTS('',1,(#8457,#8458),.UNSPECIFIED.,.F.,
  .F.,(2,2),(0.,8.432680022254E-02),.PIECEWISE_BEZIER_KNOTS.);
#8457 = CARTESIAN_POINT('',(-2.307792647546,-1.023121315037,6.5000001));
#8458 = CARTESIAN_POINT('',(-2.228538606795,-0.994314957051,6.5000001));
#8459 = ORIENTED_EDGE('',*,*,#8440,.F.);
#8460 = ORIENTED_EDGE('',*,*,#8220,.T.);
#8461 = ORIENTED_EDGE('',*,*,#8462,.T.);
#8462 = EDGE_CURVE('',#8212,#8454,#8463,.T.);
#8463 = B_SPLINE_CURVE_WITH_KNOTS('',1,(#8464,#8465),.UNSPECIFIED.,.F.,
  .F.,(2,2),(0.,1.E-02),.PIECEWISE_BEZIER_KNOTS.);
#8464 = CARTESIAN_POINT('',(-2.228538606795,-0.994314957051,6.5100001));
#8465 = CARTESIAN_POINT('',(-2.228538606795,-0.994314957051,6.5000001));
#8466 = B_SPLINE_SURFACE_WITH_KNOTS('',1,1,(
    (#8467,#8468)
    ,(#8469,#8470
    )),.UNSPECIFIED.,.F.,.F.,.F.,(2,2),(2,2),(0.,8.432680022254E-02),(
    -9.978317393691E-32,1.E-02),.PIECEWISE_BEZIER_KNOTS.);
#8467 = CARTESIAN_POINT('',(-2.307792647546,-1.023121315037,6.5100001));
#8468 = CARTESIAN_POINT('',(-2.307792647546,-1.023121315037,6.5000001));
#8469 = CARTESIAN_POINT('',(-2.228538606795,-0.994314957051,6.5100001));
#8470 = CARTESIAN_POINT('',(-2.228538606795,-0.994314957051,6.5000001));
#8471 = ADVANCED_FACE('',(#8472),#8490,.T.);
#8472 = FACE_BOUND('',#8473,.T.);
#8473 = EDGE_LOOP('',(#8474,#8483,#8484,#8485));
#8474 = ORIENTED_EDGE('',*,*,#8475,.F.);
#8475 = EDGE_CURVE('',#8454,#8476,#8478,.T.);
#8476 = VERTEX_POINT('',#8477);
#8477 = CARTESIAN_POINT('',(-2.215183374837,-0.99134171198,6.5000001));
#8478 = B_SPLINE_CURVE_WITH_KNOTS('',3,(#8479,#8480,#8481,#8482),
  .UNSPECIFIED.,.F.,.F.,(4,4),(1.,2.),.PIECEWISE_BEZIER_KNOTS.);
#8479 = CARTESIAN_POINT('',(-2.228538606795,-0.994314957051,6.5000001));
#8480 = CARTESIAN_POINT('',(-2.225906553782,-0.993388864325,6.5000001));
#8481 = CARTESIAN_POINT('',(-2.221519798758,-0.992414029874,6.5000001));
#8482 = CARTESIAN_POINT('',(-2.215183374837,-0.99134171198,6.5000001));
#8483 = ORIENTED_EDGE('',*,*,#8462,.F.);
#8484 = ORIENTED_EDGE('',*,*,#8211,.T.);
#8485 = ORIENTED_EDGE('',*,*,#8486,.T.);
#8486 = EDGE_CURVE('',#8205,#8476,#8487,.T.);
#8487 = B_SPLINE_CURVE_WITH_KNOTS('',1,(#8488,#8489),.UNSPECIFIED.,.F.,
  .F.,(2,2),(0.,1.E-02),.PIECEWISE_BEZIER_KNOTS.);
#8488 = CARTESIAN_POINT('',(-2.215183374837,-0.99134171198,6.5100001));
#8489 = CARTESIAN_POINT('',(-2.215183374837,-0.99134171198,6.5000001));
#8490 = B_SPLINE_SURFACE_WITH_KNOTS('',3,1,(
    (#8491,#8492)
    ,(#8493,#8494)
    ,(#8495,#8496)
    ,(#8497,#8498
    )),.UNSPECIFIED.,.F.,.F.,.F.,(4,4),(2,2),(1.,2.),(0.,1.),
  .PIECEWISE_BEZIER_KNOTS.);
#8491 = CARTESIAN_POINT('',(-2.228538606795,-0.994314957051,6.5100001));
#8492 = CARTESIAN_POINT('',(-2.228538606795,-0.994314957051,6.5000001));
#8493 = CARTESIAN_POINT('',(-2.225906553782,-0.993388864325,6.5100001));
#8494 = CARTESIAN_POINT('',(-2.225906553782,-0.993388864325,6.5000001));
#8495 = CARTESIAN_POINT('',(-2.221519798758,-0.992414029874,6.5100001));
#8496 = CARTESIAN_POINT('',(-2.221519798758,-0.992414029874,6.5000001));
#8497 = CARTESIAN_POINT('',(-2.215183374837,-0.99134171198,6.5100001));
#8498 = CARTESIAN_POINT('',(-2.215183374837,-0.99134171198,6.5000001));
#8499 = ADVANCED_FACE('',(#8500),#8510,.T.);
#8500 = FACE_BOUND('',#8501,.T.);
#8501 = EDGE_LOOP('',(#8502,#8507,#8508,#8509));
#8502 = ORIENTED_EDGE('',*,*,#8503,.F.);
#8503 = EDGE_CURVE('',#8476,#8376,#8504,.T.);
#8504 = B_SPLINE_CURVE_WITH_KNOTS('',1,(#8505,#8506),.UNSPECIFIED.,.F.,
  .F.,(2,2),(0.,5.849006703809E-04),.PIECEWISE_BEZIER_KNOTS.);
#8505 = CARTESIAN_POINT('',(-2.215183374837,-0.99134171198,6.5000001));
#8506 = CARTESIAN_POINT('',(-2.215183374837,-0.99075681131,6.5000001));
#8507 = ORIENTED_EDGE('',*,*,#8486,.F.);
#8508 = ORIENTED_EDGE('',*,*,#8204,.T.);
#8509 = ORIENTED_EDGE('',*,*,#8386,.T.);
#8510 = B_SPLINE_SURFACE_WITH_KNOTS('',1,1,(
    (#8511,#8512)
    ,(#8513,#8514
    )),.UNSPECIFIED.,.F.,.F.,.F.,(2,2),(2,2),(-7.88860905221E-33,
    5.849006703809E-04),(-4.084339551423E-18,1.E-02),
  .PIECEWISE_BEZIER_KNOTS.);
#8511 = CARTESIAN_POINT('',(-2.215183374837,-0.99134171198,6.5100001));
#8512 = CARTESIAN_POINT('',(-2.215183374837,-0.99134171198,6.5000001));
#8513 = CARTESIAN_POINT('',(-2.215183374837,-0.99075681131,6.5100001));
#8514 = CARTESIAN_POINT('',(-2.215183374837,-0.99075681131,6.5000001));
#8515 = ADVANCED_FACE('',(#8516),#8524,.F.);
#8516 = FACE_BOUND('',#8517,.T.);
#8517 = EDGE_LOOP('',(#8518,#8519,#8520,#8521,#8522,#8523));
#8518 = ORIENTED_EDGE('',*,*,#8503,.T.);
#8519 = ORIENTED_EDGE('',*,*,#8375,.T.);
#8520 = ORIENTED_EDGE('',*,*,#8409,.T.);
#8521 = ORIENTED_EDGE('',*,*,#8431,.T.);
#8522 = ORIENTED_EDGE('',*,*,#8453,.T.);
#8523 = ORIENTED_EDGE('',*,*,#8475,.T.);
#8524 = B_SPLINE_SURFACE_WITH_KNOTS('',1,1,(
    (#8525,#8526)
    ,(#8527,#8528
    )),.UNSPECIFIED.,.F.,.F.,.F.,(2,2),(2,2),(-1.057792647546,
    -0.965183374837),(4.209123433422,4.273121315037),
  .PIECEWISE_BEZIER_KNOTS.);
#8525 = CARTESIAN_POINT('',(-2.307792647546,-0.959123433422,6.5000001));
#8526 = CARTESIAN_POINT('',(-2.307792647546,-1.023121315037,6.5000001));
#8527 = CARTESIAN_POINT('',(-2.215183374837,-0.959123433422,6.5000001));
#8528 = CARTESIAN_POINT('',(-2.215183374837,-1.023121315037,6.5000001));
#8529 = ADVANCED_FACE('',(#8530),#8552,.F.);
#8530 = FACE_BOUND('',#8531,.T.);
#8531 = EDGE_LOOP('',(#8532,#8533,#8540,#8547));
#8532 = ORIENTED_EDGE('',*,*,#1078,.T.);
#8533 = ORIENTED_EDGE('',*,*,#8534,.F.);
#8534 = EDGE_CURVE('',#8535,#1081,#8537,.T.);
#8535 = VERTEX_POINT('',#8536);
#8536 = CARTESIAN_POINT('',(-2.359751323708,-0.626022502003,6.5100001));
#8537 = B_SPLINE_CURVE_WITH_KNOTS('',1,(#8538,#8539),.UNSPECIFIED.,.F.,
  .F.,(2,2),(0.,1.E-02),.PIECEWISE_BEZIER_KNOTS.);
#8538 = CARTESIAN_POINT('',(-2.359751323708,-0.626022502003,6.5100001));
#8539 = CARTESIAN_POINT('',(-2.359751323708,-0.626022502003,6.5000001));
#8540 = ORIENTED_EDGE('',*,*,#8541,.F.);
#8541 = EDGE_CURVE('',#8542,#8535,#8544,.T.);
#8542 = VERTEX_POINT('',#8543);
#8543 = CARTESIAN_POINT('',(-2.359751323708,-0.703960516246,6.5100001));
#8544 = B_SPLINE_CURVE_WITH_KNOTS('',1,(#8545,#8546),.UNSPECIFIED.,.F.,
  .F.,(2,2),(-7.793801424294E-02,0.),.PIECEWISE_BEZIER_KNOTS.);
#8545 = CARTESIAN_POINT('',(-2.359751323708,-0.703960516246,6.5100001));
#8546 = CARTESIAN_POINT('',(-2.359751323708,-0.626022502003,6.5100001));
#8547 = ORIENTED_EDGE('',*,*,#8548,.T.);
#8548 = EDGE_CURVE('',#8542,#1079,#8549,.T.);
#8549 = B_SPLINE_CURVE_WITH_KNOTS('',1,(#8550,#8551),.UNSPECIFIED.,.F.,
  .F.,(2,2),(0.,1.E-02),.PIECEWISE_BEZIER_KNOTS.);
#8550 = CARTESIAN_POINT('',(-2.359751323708,-0.703960516246,6.5100001));
#8551 = CARTESIAN_POINT('',(-2.359751323708,-0.703960516246,6.5000001));
#8552 = B_SPLINE_SURFACE_WITH_KNOTS('',1,1,(
    (#8553,#8554)
    ,(#8555,#8556
    )),.UNSPECIFIED.,.F.,.F.,.F.,(2,2),(2,2),(-7.793801424294E-02,
    1.808519292394E-16),(0.,1.E-02),.PIECEWISE_BEZIER_KNOTS.);
#8553 = CARTESIAN_POINT('',(-2.359751323708,-0.703960516246,6.5100001));
#8554 = CARTESIAN_POINT('',(-2.359751323708,-0.703960516246,6.5000001));
#8555 = CARTESIAN_POINT('',(-2.359751323708,-0.626022502003,6.5100001));
#8556 = CARTESIAN_POINT('',(-2.359751323708,-0.626022502003,6.5000001));
#8557 = ADVANCED_FACE('',(#8558),#8574,.F.);
#8558 = FACE_BOUND('',#8559,.T.);
#8559 = EDGE_LOOP('',(#8560,#8561,#8568,#8573));
#8560 = ORIENTED_EDGE('',*,*,#1157,.T.);
#8561 = ORIENTED_EDGE('',*,*,#8562,.F.);
#8562 = EDGE_CURVE('',#8563,#1151,#8565,.T.);
#8563 = VERTEX_POINT('',#8564);
#8564 = CARTESIAN_POINT('',(-2.295607216926,-0.626022502003,6.5100001));
#8565 = B_SPLINE_CURVE_WITH_KNOTS('',1,(#8566,#8567),.UNSPECIFIED.,.F.,
  .F.,(2,2),(0.,1.E-02),.PIECEWISE_BEZIER_KNOTS.);
#8566 = CARTESIAN_POINT('',(-2.295607216926,-0.626022502003,6.5100001));
#8567 = CARTESIAN_POINT('',(-2.295607216926,-0.626022502003,6.5000001));
#8568 = ORIENTED_EDGE('',*,*,#8569,.F.);
#8569 = EDGE_CURVE('',#8535,#8563,#8570,.T.);
#8570 = B_SPLINE_CURVE_WITH_KNOTS('',1,(#8571,#8572),.UNSPECIFIED.,.F.,
  .F.,(2,2),(-6.414410678163E-02,0.),.PIECEWISE_BEZIER_KNOTS.);
#8571 = CARTESIAN_POINT('',(-2.359751323708,-0.626022502003,6.5100001));
#8572 = CARTESIAN_POINT('',(-2.295607216926,-0.626022502003,6.5100001));
#8573 = ORIENTED_EDGE('',*,*,#8534,.T.);
#8574 = B_SPLINE_SURFACE_WITH_KNOTS('',1,1,(
    (#8575,#8576)
    ,(#8577,#8578
    )),.UNSPECIFIED.,.F.,.F.,.F.,(2,2),(2,2),(-6.414410678163E-02,
    3.944304526105E-33),(0.,1.E-02),.PIECEWISE_BEZIER_KNOTS.);
#8575 = CARTESIAN_POINT('',(-2.359751323708,-0.626022502003,6.5100001));
#8576 = CARTESIAN_POINT('',(-2.359751323708,-0.626022502003,6.5000001));
#8577 = CARTESIAN_POINT('',(-2.295607216926,-0.626022502003,6.5100001));
#8578 = CARTESIAN_POINT('',(-2.295607216926,-0.626022502003,6.5000001));
#8579 = ADVANCED_FACE('',(#8580),#8596,.F.);
#8580 = FACE_BOUND('',#8581,.T.);
#8581 = EDGE_LOOP('',(#8582,#8583,#8590,#8595));
#8582 = ORIENTED_EDGE('',*,*,#1150,.T.);
#8583 = ORIENTED_EDGE('',*,*,#8584,.F.);
#8584 = EDGE_CURVE('',#8585,#1144,#8587,.T.);
#8585 = VERTEX_POINT('',#8586);
#8586 = CARTESIAN_POINT('',(-2.295607216926,-0.69421217175,6.5100001));
#8587 = B_SPLINE_CURVE_WITH_KNOTS('',1,(#8588,#8589),.UNSPECIFIED.,.F.,
  .F.,(2,2),(0.,1.E-02),.PIECEWISE_BEZIER_KNOTS.);
#8588 = CARTESIAN_POINT('',(-2.295607216926,-0.69421217175,6.5100001));
#8589 = CARTESIAN_POINT('',(-2.295607216926,-0.69421217175,6.5000001));
#8590 = ORIENTED_EDGE('',*,*,#8591,.F.);
#8591 = EDGE_CURVE('',#8563,#8585,#8592,.T.);
#8592 = B_SPLINE_CURVE_WITH_KNOTS('',1,(#8593,#8594),.UNSPECIFIED.,.F.,
  .F.,(2,2),(-6.818966974666E-02,0.),.PIECEWISE_BEZIER_KNOTS.);
#8593 = CARTESIAN_POINT('',(-2.295607216926,-0.626022502003,6.5100001));
#8594 = CARTESIAN_POINT('',(-2.295607216926,-0.69421217175,6.5100001));
#8595 = ORIENTED_EDGE('',*,*,#8562,.T.);
#8596 = B_SPLINE_SURFACE_WITH_KNOTS('',1,1,(
    (#8597,#8598)
    ,(#8599,#8600
    )),.UNSPECIFIED.,.F.,.F.,.F.,(2,2),(2,2),(-6.818966974666E-02,
    7.88860905221E-33),(-3.207670899463E-17,1.E-02),
  .PIECEWISE_BEZIER_KNOTS.);
#8597 = CARTESIAN_POINT('',(-2.295607216926,-0.626022502003,6.5100001));
#8598 = CARTESIAN_POINT('',(-2.295607216926,-0.626022502003,6.5000001));
#8599 = CARTESIAN_POINT('',(-2.295607216926,-0.69421217175,6.5100001));
#8600 = CARTESIAN_POINT('',(-2.295607216926,-0.69421217175,6.5000001));
#8601 = ADVANCED_FACE('',(#8602),#8618,.F.);
#8602 = FACE_BOUND('',#8603,.T.);
#8603 = EDGE_LOOP('',(#8604,#8605,#8612,#8617));
#8604 = ORIENTED_EDGE('',*,*,#1143,.T.);
#8605 = ORIENTED_EDGE('',*,*,#8606,.F.);
#8606 = EDGE_CURVE('',#8607,#1137,#8609,.T.);
#8607 = VERTEX_POINT('',#8608);
#8608 = CARTESIAN_POINT('',(-2.273770925256,-0.69421217175,6.5100001));
#8609 = B_SPLINE_CURVE_WITH_KNOTS('',1,(#8610,#8611),.UNSPECIFIED.,.F.,
  .F.,(2,2),(0.,1.E-02),.PIECEWISE_BEZIER_KNOTS.);
#8610 = CARTESIAN_POINT('',(-2.273770925256,-0.69421217175,6.5100001));
#8611 = CARTESIAN_POINT('',(-2.273770925256,-0.69421217175,6.5000001));
#8612 = ORIENTED_EDGE('',*,*,#8613,.F.);
#8613 = EDGE_CURVE('',#8585,#8607,#8614,.T.);
#8614 = B_SPLINE_CURVE_WITH_KNOTS('',1,(#8615,#8616),.UNSPECIFIED.,.F.,
  .F.,(2,2),(-2.183629167026E-02,0.),.PIECEWISE_BEZIER_KNOTS.);
#8615 = CARTESIAN_POINT('',(-2.295607216926,-0.69421217175,6.5100001));
#8616 = CARTESIAN_POINT('',(-2.273770925256,-0.69421217175,6.5100001));
#8617 = ORIENTED_EDGE('',*,*,#8584,.T.);
#8618 = B_SPLINE_SURFACE_WITH_KNOTS('',1,1,(
    (#8619,#8620)
    ,(#8621,#8622
    )),.UNSPECIFIED.,.F.,.F.,.F.,(2,2),(2,2),(-2.183629167026E-02,
    2.059633784283E-17),(-7.624100487626E-17,1.E-02),
  .PIECEWISE_BEZIER_KNOTS.);
#8619 = CARTESIAN_POINT('',(-2.295607216926,-0.69421217175,6.5100001));
#8620 = CARTESIAN_POINT('',(-2.295607216926,-0.69421217175,6.5000001));
#8621 = CARTESIAN_POINT('',(-2.273770925256,-0.69421217175,6.5100001));
#8622 = CARTESIAN_POINT('',(-2.273770925256,-0.69421217175,6.5000001));
#8623 = ADVANCED_FACE('',(#8624),#8640,.F.);
#8624 = FACE_BOUND('',#8625,.T.);
#8625 = EDGE_LOOP('',(#8626,#8627,#8634,#8639));
#8626 = ORIENTED_EDGE('',*,*,#1136,.T.);
#8627 = ORIENTED_EDGE('',*,*,#8628,.F.);
#8628 = EDGE_CURVE('',#8629,#1130,#8631,.T.);
#8629 = VERTEX_POINT('',#8630);
#8630 = CARTESIAN_POINT('',(-2.273770925256,-0.626022502003,6.5100001));
#8631 = B_SPLINE_CURVE_WITH_KNOTS('',1,(#8632,#8633),.UNSPECIFIED.,.F.,
  .F.,(2,2),(0.,1.E-02),.PIECEWISE_BEZIER_KNOTS.);
#8632 = CARTESIAN_POINT('',(-2.273770925256,-0.626022502003,6.5100001));
#8633 = CARTESIAN_POINT('',(-2.273770925256,-0.626022502003,6.5000001));
#8634 = ORIENTED_EDGE('',*,*,#8635,.F.);
#8635 = EDGE_CURVE('',#8607,#8629,#8636,.T.);
#8636 = B_SPLINE_CURVE_WITH_KNOTS('',1,(#8637,#8638),.UNSPECIFIED.,.F.,
  .F.,(2,2),(-6.818966974665E-02,0.),.PIECEWISE_BEZIER_KNOTS.);
#8637 = CARTESIAN_POINT('',(-2.273770925256,-0.69421217175,6.5100001));
#8638 = CARTESIAN_POINT('',(-2.273770925256,-0.626022502003,6.5100001));
#8639 = ORIENTED_EDGE('',*,*,#8606,.T.);
#8640 = B_SPLINE_SURFACE_WITH_KNOTS('',1,1,(
    (#8641,#8642)
    ,(#8643,#8644
    )),.UNSPECIFIED.,.F.,.F.,.F.,(2,2),(2,2),(-6.818966974665E-02,
    1.808519292394E-16),(0.,1.E-02),.PIECEWISE_BEZIER_KNOTS.);
#8641 = CARTESIAN_POINT('',(-2.273770925256,-0.69421217175,6.5100001));
#8642 = CARTESIAN_POINT('',(-2.273770925256,-0.69421217175,6.5000001));
#8643 = CARTESIAN_POINT('',(-2.273770925256,-0.626022502003,6.5100001));
#8644 = CARTESIAN_POINT('',(-2.273770925256,-0.626022502003,6.5000001));
#8645 = ADVANCED_FACE('',(#8646),#8662,.F.);
#8646 = FACE_BOUND('',#8647,.T.);
#8647 = EDGE_LOOP('',(#8648,#8649,#8656,#8661));
#8648 = ORIENTED_EDGE('',*,*,#1129,.T.);
#8649 = ORIENTED_EDGE('',*,*,#8650,.F.);
#8650 = EDGE_CURVE('',#8651,#1123,#8653,.T.);
#8651 = VERTEX_POINT('',#8652);
#8652 = CARTESIAN_POINT('',(-2.212746288712,-0.626022502003,6.5100001));
#8653 = B_SPLINE_CURVE_WITH_KNOTS('',1,(#8654,#8655),.UNSPECIFIED.,.F.,
  .F.,(2,2),(0.,1.E-02),.PIECEWISE_BEZIER_KNOTS.);
#8654 = CARTESIAN_POINT('',(-2.212746288712,-0.626022502003,6.5100001));
#8655 = CARTESIAN_POINT('',(-2.212746288712,-0.626022502003,6.5000001));
#8656 = ORIENTED_EDGE('',*,*,#8657,.F.);
#8657 = EDGE_CURVE('',#8629,#8651,#8658,.T.);
#8658 = B_SPLINE_CURVE_WITH_KNOTS('',1,(#8659,#8660),.UNSPECIFIED.,.F.,
  .F.,(2,2),(-6.102463654395E-02,0.),.PIECEWISE_BEZIER_KNOTS.);
#8659 = CARTESIAN_POINT('',(-2.273770925256,-0.626022502003,6.5100001));
#8660 = CARTESIAN_POINT('',(-2.212746288712,-0.626022502003,6.5100001));
#8661 = ORIENTED_EDGE('',*,*,#8628,.T.);
#8662 = B_SPLINE_SURFACE_WITH_KNOTS('',1,1,(
    (#8663,#8664)
    ,(#8665,#8666
    )),.UNSPECIFIED.,.F.,.F.,.F.,(2,2),(2,2),(-6.102463654395E-02,
    3.944304526105E-33),(-2.130663797029E-16,1.E-02),
  .PIECEWISE_BEZIER_KNOTS.);
#8663 = CARTESIAN_POINT('',(-2.273770925256,-0.626022502003,6.5100001));
#8664 = CARTESIAN_POINT('',(-2.273770925256,-0.626022502003,6.5000001));
#8665 = CARTESIAN_POINT('',(-2.212746288712,-0.626022502003,6.5100001));
#8666 = CARTESIAN_POINT('',(-2.212746288712,-0.626022502003,6.5000001));
#8667 = ADVANCED_FACE('',(#8668),#8684,.F.);
#8668 = FACE_BOUND('',#8669,.T.);
#8669 = EDGE_LOOP('',(#8670,#8671,#8678,#8683));
#8670 = ORIENTED_EDGE('',*,*,#1122,.T.);
#8671 = ORIENTED_EDGE('',*,*,#8672,.F.);
#8672 = EDGE_CURVE('',#8673,#1116,#8675,.T.);
#8673 = VERTEX_POINT('',#8674);
#8674 = CARTESIAN_POINT('',(-2.212746288712,-0.699622502945,6.5100001));
#8675 = B_SPLINE_CURVE_WITH_KNOTS('',1,(#8676,#8677),.UNSPECIFIED.,.F.,
  .F.,(2,2),(0.,1.E-02),.PIECEWISE_BEZIER_KNOTS.);
#8676 = CARTESIAN_POINT('',(-2.212746288712,-0.699622502945,6.5100001));
#8677 = CARTESIAN_POINT('',(-2.212746288712,-0.699622502945,6.5000001));
#8678 = ORIENTED_EDGE('',*,*,#8679,.F.);
#8679 = EDGE_CURVE('',#8651,#8673,#8680,.T.);
#8680 = B_SPLINE_CURVE_WITH_KNOTS('',1,(#8681,#8682),.UNSPECIFIED.,.F.,
  .F.,(2,2),(-7.360000094212E-02,0.),.PIECEWISE_BEZIER_KNOTS.);
#8681 = CARTESIAN_POINT('',(-2.212746288712,-0.626022502003,6.5100001));
#8682 = CARTESIAN_POINT('',(-2.212746288712,-0.699622502945,6.5100001));
#8683 = ORIENTED_EDGE('',*,*,#8650,.T.);
#8684 = B_SPLINE_SURFACE_WITH_KNOTS('',1,1,(
    (#8685,#8686)
    ,(#8687,#8688
    )),.UNSPECIFIED.,.F.,.F.,.F.,(2,2),(2,2),(-7.360000094212E-02,
    7.88860905221E-33),(-6.985684980642E-17,1.E-02),
  .PIECEWISE_BEZIER_KNOTS.);
#8685 = CARTESIAN_POINT('',(-2.212746288712,-0.626022502003,6.5100001));
#8686 = CARTESIAN_POINT('',(-2.212746288712,-0.626022502003,6.5000001));
#8687 = CARTESIAN_POINT('',(-2.212746288712,-0.699622502945,6.5100001));
#8688 = CARTESIAN_POINT('',(-2.212746288712,-0.699622502945,6.5000001));
#8689 = ADVANCED_FACE('',(#8690),#8706,.F.);
#8690 = FACE_BOUND('',#8691,.T.);
#8691 = EDGE_LOOP('',(#8692,#8693,#8700,#8705));
#8692 = ORIENTED_EDGE('',*,*,#1115,.T.);
#8693 = ORIENTED_EDGE('',*,*,#8694,.F.);
#8694 = EDGE_CURVE('',#8695,#1109,#8697,.T.);
#8695 = VERTEX_POINT('',#8696);
#8696 = CARTESIAN_POINT('',(-2.190812513597,-0.699622502945,6.5100001));
#8697 = B_SPLINE_CURVE_WITH_KNOTS('',1,(#8698,#8699),.UNSPECIFIED.,.F.,
  .F.,(2,2),(0.,1.E-02),.PIECEWISE_BEZIER_KNOTS.);
#8698 = CARTESIAN_POINT('',(-2.190812513597,-0.699622502945,6.5100001));
#8699 = CARTESIAN_POINT('',(-2.190812513597,-0.699622502945,6.5000001));
#8700 = ORIENTED_EDGE('',*,*,#8701,.F.);
#8701 = EDGE_CURVE('',#8673,#8695,#8702,.T.);
#8702 = B_SPLINE_CURVE_WITH_KNOTS('',1,(#8703,#8704),.UNSPECIFIED.,.F.,
  .F.,(2,2),(-2.193377511511E-02,0.),.PIECEWISE_BEZIER_KNOTS.);
#8703 = CARTESIAN_POINT('',(-2.212746288712,-0.699622502945,6.5100001));
#8704 = CARTESIAN_POINT('',(-2.190812513597,-0.699622502945,6.5100001));
#8705 = ORIENTED_EDGE('',*,*,#8672,.T.);
#8706 = B_SPLINE_SURFACE_WITH_KNOTS('',1,1,(
    (#8707,#8708)
    ,(#8709,#8710
    )),.UNSPECIFIED.,.F.,.F.,.F.,(2,2),(2,2),(-2.193377511511E-02,
    7.610748907409E-17),(0.,1.E-02),.PIECEWISE_BEZIER_KNOTS.);
#8707 = CARTESIAN_POINT('',(-2.212746288712,-0.699622502945,6.5100001));
#8708 = CARTESIAN_POINT('',(-2.212746288712,-0.699622502945,6.5000001));
#8709 = CARTESIAN_POINT('',(-2.190812513597,-0.699622502945,6.5100001));
#8710 = CARTESIAN_POINT('',(-2.190812513597,-0.699622502945,6.5000001));
#8711 = ADVANCED_FACE('',(#8712),#8728,.F.);
#8712 = FACE_BOUND('',#8713,.T.);
#8713 = EDGE_LOOP('',(#8714,#8715,#8722,#8727));
#8714 = ORIENTED_EDGE('',*,*,#1108,.T.);
#8715 = ORIENTED_EDGE('',*,*,#8716,.F.);
#8716 = EDGE_CURVE('',#8717,#1102,#8719,.T.);
#8717 = VERTEX_POINT('',#8718);
#8718 = CARTESIAN_POINT('',(-2.190812513597,-0.601407932151,6.5100001));
#8719 = B_SPLINE_CURVE_WITH_KNOTS('',1,(#8720,#8721),.UNSPECIFIED.,.F.,
  .F.,(2,2),(0.,1.E-02),.PIECEWISE_BEZIER_KNOTS.);
#8720 = CARTESIAN_POINT('',(-2.190812513597,-0.601407932151,6.5100001));
#8721 = CARTESIAN_POINT('',(-2.190812513597,-0.601407932151,6.5000001));
#8722 = ORIENTED_EDGE('',*,*,#8723,.F.);
#8723 = EDGE_CURVE('',#8695,#8717,#8724,.T.);
#8724 = B_SPLINE_CURVE_WITH_KNOTS('',1,(#8725,#8726),.UNSPECIFIED.,.F.,
  .F.,(2,2),(-9.821457079445E-02,0.),.PIECEWISE_BEZIER_KNOTS.);
#8725 = CARTESIAN_POINT('',(-2.190812513597,-0.699622502945,6.5100001));
#8726 = CARTESIAN_POINT('',(-2.190812513597,-0.601407932151,6.5100001));
#8727 = ORIENTED_EDGE('',*,*,#8694,.T.);
#8728 = B_SPLINE_SURFACE_WITH_KNOTS('',1,1,(
    (#8729,#8730)
    ,(#8731,#8732
    )),.UNSPECIFIED.,.F.,.F.,.F.,(2,2),(2,2),(-9.821457079445E-02,
    6.982962677686E-17),(0.,1.E-02),.PIECEWISE_BEZIER_KNOTS.);
#8729 = CARTESIAN_POINT('',(-2.190812513597,-0.699622502945,6.5100001));
#8730 = CARTESIAN_POINT('',(-2.190812513597,-0.699622502945,6.5000001));
#8731 = CARTESIAN_POINT('',(-2.190812513597,-0.601407932151,6.5100001));
#8732 = CARTESIAN_POINT('',(-2.190812513597,-0.601407932151,6.5000001));
#8733 = ADVANCED_FACE('',(#8734),#8750,.F.);
#8734 = FACE_BOUND('',#8735,.T.);
#8735 = EDGE_LOOP('',(#8736,#8737,#8744,#8749));
#8736 = ORIENTED_EDGE('',*,*,#1101,.T.);
#8737 = ORIENTED_EDGE('',*,*,#8738,.F.);
#8738 = EDGE_CURVE('',#8739,#1095,#8741,.T.);
#8739 = VERTEX_POINT('',#8740);
#8740 = CARTESIAN_POINT('',(-2.381490131933,-0.601407932151,6.5100001));
#8741 = B_SPLINE_CURVE_WITH_KNOTS('',1,(#8742,#8743),.UNSPECIFIED.,.F.,
  .F.,(2,2),(0.,1.E-02),.PIECEWISE_BEZIER_KNOTS.);
#8742 = CARTESIAN_POINT('',(-2.381490131933,-0.601407932151,6.5100001));
#8743 = CARTESIAN_POINT('',(-2.381490131933,-0.601407932151,6.5000001));
#8744 = ORIENTED_EDGE('',*,*,#8745,.F.);
#8745 = EDGE_CURVE('',#8717,#8739,#8746,.T.);
#8746 = B_SPLINE_CURVE_WITH_KNOTS('',1,(#8747,#8748),.UNSPECIFIED.,.F.,
  .F.,(2,2),(-0.190677618336,-0.),.PIECEWISE_BEZIER_KNOTS.);
#8747 = CARTESIAN_POINT('',(-2.190812513597,-0.601407932151,6.5100001));
#8748 = CARTESIAN_POINT('',(-2.381490131933,-0.601407932151,6.5100001));
#8749 = ORIENTED_EDGE('',*,*,#8716,.T.);
#8750 = B_SPLINE_SURFACE_WITH_KNOTS('',1,1,(
    (#8751,#8752)
    ,(#8753,#8754
    )),.UNSPECIFIED.,.F.,.F.,.F.,(2,2),(2,2),(-0.190677618336,0.),(
    -2.224310735437E-16,1.E-02),.PIECEWISE_BEZIER_KNOTS.);
#8751 = CARTESIAN_POINT('',(-2.190812513597,-0.601407932151,6.5100001));
#8752 = CARTESIAN_POINT('',(-2.190812513597,-0.601407932151,6.5000001));
#8753 = CARTESIAN_POINT('',(-2.381490131933,-0.601407932151,6.5100001));
#8754 = CARTESIAN_POINT('',(-2.381490131933,-0.601407932151,6.5000001));
#8755 = ADVANCED_FACE('',(#8756),#8772,.F.);
#8756 = FACE_BOUND('',#8757,.T.);
#8757 = EDGE_LOOP('',(#8758,#8759,#8766,#8771));
#8758 = ORIENTED_EDGE('',*,*,#1094,.T.);
#8759 = ORIENTED_EDGE('',*,*,#8760,.F.);
#8760 = EDGE_CURVE('',#8761,#1088,#8763,.T.);
#8761 = VERTEX_POINT('',#8762);
#8762 = CARTESIAN_POINT('',(-2.381490131933,-0.703960516246,6.5100001));
#8763 = B_SPLINE_CURVE_WITH_KNOTS('',1,(#8764,#8765),.UNSPECIFIED.,.F.,
  .F.,(2,2),(0.,1.E-02),.PIECEWISE_BEZIER_KNOTS.);
#8764 = CARTESIAN_POINT('',(-2.381490131933,-0.703960516246,6.5100001));
#8765 = CARTESIAN_POINT('',(-2.381490131933,-0.703960516246,6.5000001));
#8766 = ORIENTED_EDGE('',*,*,#8767,.F.);
#8767 = EDGE_CURVE('',#8739,#8761,#8768,.T.);
#8768 = B_SPLINE_CURVE_WITH_KNOTS('',1,(#8769,#8770),.UNSPECIFIED.,.F.,
  .F.,(2,2),(-0.102552584095,0.),.PIECEWISE_BEZIER_KNOTS.);
#8769 = CARTESIAN_POINT('',(-2.381490131933,-0.601407932151,6.5100001));
#8770 = CARTESIAN_POINT('',(-2.381490131933,-0.703960516246,6.5100001));
#8771 = ORIENTED_EDGE('',*,*,#8738,.T.);
#8772 = B_SPLINE_SURFACE_WITH_KNOTS('',1,1,(
    (#8773,#8774)
    ,(#8775,#8776
    )),.UNSPECIFIED.,.F.,.F.,.F.,(2,2),(2,2),(-0.102552584095,
    7.88860905221E-33),(-2.720316573874E-16,1.E-02),
  .PIECEWISE_BEZIER_KNOTS.);
#8773 = CARTESIAN_POINT('',(-2.381490131933,-0.601407932151,6.5100001));
#8774 = CARTESIAN_POINT('',(-2.381490131933,-0.601407932151,6.5000001));
#8775 = CARTESIAN_POINT('',(-2.381490131933,-0.703960516246,6.5100001));
#8776 = CARTESIAN_POINT('',(-2.381490131933,-0.703960516246,6.5000001));
#8777 = ADVANCED_FACE('',(#8778),#8788,.F.);
#8778 = FACE_BOUND('',#8779,.T.);
#8779 = EDGE_LOOP('',(#8780,#8781,#8782,#8787));
#8780 = ORIENTED_EDGE('',*,*,#1087,.T.);
#8781 = ORIENTED_EDGE('',*,*,#8548,.F.);
#8782 = ORIENTED_EDGE('',*,*,#8783,.F.);
#8783 = EDGE_CURVE('',#8761,#8542,#8784,.T.);
#8784 = B_SPLINE_CURVE_WITH_KNOTS('',1,(#8785,#8786),.UNSPECIFIED.,.F.,
  .F.,(2,2),(-2.173880822542E-02,0.),.PIECEWISE_BEZIER_KNOTS.);
#8785 = CARTESIAN_POINT('',(-2.381490131933,-0.703960516246,6.5100001));
#8786 = CARTESIAN_POINT('',(-2.359751323708,-0.703960516246,6.5100001));
#8787 = ORIENTED_EDGE('',*,*,#8760,.T.);
#8788 = B_SPLINE_SURFACE_WITH_KNOTS('',1,1,(
    (#8789,#8790)
    ,(#8791,#8792
    )),.UNSPECIFIED.,.F.,.F.,.F.,(2,2),(2,2),(-2.173880822542E-02,
    3.944304526105E-33),(-7.590064324774E-17,1.E-02),
  .PIECEWISE_BEZIER_KNOTS.);
#8789 = CARTESIAN_POINT('',(-2.381490131933,-0.703960516246,6.5100001));
#8790 = CARTESIAN_POINT('',(-2.381490131933,-0.703960516246,6.5000001));
#8791 = CARTESIAN_POINT('',(-2.359751323708,-0.703960516246,6.5100001));
#8792 = CARTESIAN_POINT('',(-2.359751323708,-0.703960516246,6.5000001));
#8793 = ADVANCED_FACE('',(#8794),#8808,.F.);
#8794 = FACE_BOUND('',#8795,.T.);
#8795 = EDGE_LOOP('',(#8796,#8797,#8798,#8799,#8800,#8801,#8802,#8803,
    #8804,#8805,#8806,#8807));
#8796 = ORIENTED_EDGE('',*,*,#8541,.T.);
#8797 = ORIENTED_EDGE('',*,*,#8569,.T.);
#8798 = ORIENTED_EDGE('',*,*,#8591,.T.);
#8799 = ORIENTED_EDGE('',*,*,#8613,.T.);
#8800 = ORIENTED_EDGE('',*,*,#8635,.T.);
#8801 = ORIENTED_EDGE('',*,*,#8657,.T.);
#8802 = ORIENTED_EDGE('',*,*,#8679,.T.);
#8803 = ORIENTED_EDGE('',*,*,#8701,.T.);
#8804 = ORIENTED_EDGE('',*,*,#8723,.T.);
#8805 = ORIENTED_EDGE('',*,*,#8745,.T.);
#8806 = ORIENTED_EDGE('',*,*,#8767,.T.);
#8807 = ORIENTED_EDGE('',*,*,#8783,.T.);
#8808 = B_SPLINE_SURFACE_WITH_KNOTS('',1,1,(
    (#8809,#8810)
    ,(#8811,#8812
    )),.UNSPECIFIED.,.F.,.F.,.F.,(2,2),(2,2),(0.368509868067,
    0.559187486403),(0.601407932151,0.703960516246),
  .PIECEWISE_BEZIER_KNOTS.);
#8809 = CARTESIAN_POINT('',(-2.381490131933,-0.601407932151,6.5100001));
#8810 = CARTESIAN_POINT('',(-2.381490131933,-0.703960516246,6.5100001));
#8811 = CARTESIAN_POINT('',(-2.190812513597,-0.601407932151,6.5100001));
#8812 = CARTESIAN_POINT('',(-2.190812513597,-0.703960516246,6.5100001));
#8813 = ADVANCED_FACE('',(#8814),#8836,.F.);
#8814 = FACE_BOUND('',#8815,.T.);
#8815 = EDGE_LOOP('',(#8816,#8817,#8824,#8831));
#8816 = ORIENTED_EDGE('',*,*,#2203,.T.);
#8817 = ORIENTED_EDGE('',*,*,#8818,.F.);
#8818 = EDGE_CURVE('',#8819,#2206,#8821,.T.);
#8819 = VERTEX_POINT('',#8820);
#8820 = CARTESIAN_POINT('',(-2.359751323708,-9.795468066769E-02,
    6.5100001));
#8821 = B_SPLINE_CURVE_WITH_KNOTS('',1,(#8822,#8823),.UNSPECIFIED.,.F.,
  .F.,(2,2),(0.,1.E-02),.PIECEWISE_BEZIER_KNOTS.);
#8822 = CARTESIAN_POINT('',(-2.359751323708,-9.795468066769E-02,
    6.5100001));
#8823 = CARTESIAN_POINT('',(-2.359751323708,-9.795468066769E-02,
    6.5000001));
#8824 = ORIENTED_EDGE('',*,*,#8825,.F.);
#8825 = EDGE_CURVE('',#8826,#8819,#8828,.T.);
#8826 = VERTEX_POINT('',#8827);
#8827 = CARTESIAN_POINT('',(-2.359751323708,-0.175892694911,6.5100001));
#8828 = B_SPLINE_CURVE_WITH_KNOTS('',1,(#8829,#8830),.UNSPECIFIED.,.F.,
  .F.,(2,2),(-7.793801424363E-02,0.),.PIECEWISE_BEZIER_KNOTS.);
#8829 = CARTESIAN_POINT('',(-2.359751323708,-0.175892694911,6.5100001));
#8830 = CARTESIAN_POINT('',(-2.359751323708,-9.795468066769E-02,
    6.5100001));
#8831 = ORIENTED_EDGE('',*,*,#8832,.T.);
#8832 = EDGE_CURVE('',#8826,#2204,#8833,.T.);
#8833 = B_SPLINE_CURVE_WITH_KNOTS('',1,(#8834,#8835),.UNSPECIFIED.,.F.,
  .F.,(2,2),(0.,1.E-02),.PIECEWISE_BEZIER_KNOTS.);
#8834 = CARTESIAN_POINT('',(-2.359751323708,-0.175892694911,6.5100001));
#8835 = CARTESIAN_POINT('',(-2.359751323708,-0.175892694911,6.5000001));
#8836 = B_SPLINE_SURFACE_WITH_KNOTS('',1,1,(
    (#8837,#8838)
    ,(#8839,#8840
    )),.UNSPECIFIED.,.F.,.F.,.F.,(2,2),(2,2),(-7.793801424363E-02,
    1.43184755456E-17),(0.,1.E-02),.PIECEWISE_BEZIER_KNOTS.);
#8837 = CARTESIAN_POINT('',(-2.359751323708,-0.175892694911,6.5100001));
#8838 = CARTESIAN_POINT('',(-2.359751323708,-0.175892694911,6.5000001));
#8839 = CARTESIAN_POINT('',(-2.359751323708,-9.795468066769E-02,
    6.5100001));
#8840 = CARTESIAN_POINT('',(-2.359751323708,-9.795468066769E-02,
    6.5000001));
#8841 = ADVANCED_FACE('',(#8842),#8858,.F.);
#8842 = FACE_BOUND('',#8843,.T.);
#8843 = EDGE_LOOP('',(#8844,#8845,#8852,#8857));
#8844 = ORIENTED_EDGE('',*,*,#2282,.T.);
#8845 = ORIENTED_EDGE('',*,*,#8846,.F.);
#8846 = EDGE_CURVE('',#8847,#2276,#8849,.T.);
#8847 = VERTEX_POINT('',#8848);
#8848 = CARTESIAN_POINT('',(-2.295607216926,-9.795468066769E-02,
    6.5100001));
#8849 = B_SPLINE_CURVE_WITH_KNOTS('',1,(#8850,#8851),.UNSPECIFIED.,.F.,
  .F.,(2,2),(0.,1.E-02),.PIECEWISE_BEZIER_KNOTS.);
#8850 = CARTESIAN_POINT('',(-2.295607216926,-9.795468066769E-02,
    6.5100001));
#8851 = CARTESIAN_POINT('',(-2.295607216926,-9.795468066769E-02,
    6.5000001));
#8852 = ORIENTED_EDGE('',*,*,#8853,.F.);
#8853 = EDGE_CURVE('',#8819,#8847,#8854,.T.);
#8854 = B_SPLINE_CURVE_WITH_KNOTS('',1,(#8855,#8856),.UNSPECIFIED.,.F.,
  .F.,(2,2),(-6.414410678163E-02,0.),.PIECEWISE_BEZIER_KNOTS.);
#8855 = CARTESIAN_POINT('',(-2.359751323708,-9.795468066769E-02,
    6.5100001));
#8856 = CARTESIAN_POINT('',(-2.295607216926,-9.795468066769E-02,
    6.5100001));
#8857 = ORIENTED_EDGE('',*,*,#8818,.T.);
#8858 = B_SPLINE_SURFACE_WITH_KNOTS('',1,1,(
    (#8859,#8860)
    ,(#8861,#8862
    )),.UNSPECIFIED.,.F.,.F.,.F.,(2,2),(2,2),(-6.414410678163E-02,
    3.944304526105E-33),(0.,1.E-02),.PIECEWISE_BEZIER_KNOTS.);
#8859 = CARTESIAN_POINT('',(-2.359751323708,-9.795468066769E-02,
    6.5100001));
#8860 = CARTESIAN_POINT('',(-2.359751323708,-9.795468066769E-02,
    6.5000001));
#8861 = CARTESIAN_POINT('',(-2.295607216926,-9.795468066769E-02,
    6.5100001));
#8862 = CARTESIAN_POINT('',(-2.295607216926,-9.795468066769E-02,
    6.5000001));
#8863 = ADVANCED_FACE('',(#8864),#8880,.F.);
#8864 = FACE_BOUND('',#8865,.T.);
#8865 = EDGE_LOOP('',(#8866,#8867,#8874,#8879));
#8866 = ORIENTED_EDGE('',*,*,#2275,.T.);
#8867 = ORIENTED_EDGE('',*,*,#8868,.F.);
#8868 = EDGE_CURVE('',#8869,#2269,#8871,.T.);
#8869 = VERTEX_POINT('',#8870);
#8870 = CARTESIAN_POINT('',(-2.295607216926,-0.166144350416,6.5100001));
#8871 = B_SPLINE_CURVE_WITH_KNOTS('',1,(#8872,#8873),.UNSPECIFIED.,.F.,
  .F.,(2,2),(0.,1.E-02),.PIECEWISE_BEZIER_KNOTS.);
#8872 = CARTESIAN_POINT('',(-2.295607216926,-0.166144350416,6.5100001));
#8873 = CARTESIAN_POINT('',(-2.295607216926,-0.166144350416,6.5000001));
#8874 = ORIENTED_EDGE('',*,*,#8875,.F.);
#8875 = EDGE_CURVE('',#8847,#8869,#8876,.T.);
#8876 = B_SPLINE_CURVE_WITH_KNOTS('',1,(#8877,#8878),.UNSPECIFIED.,.F.,
  .F.,(2,2),(-6.818966974795E-02,0.),.PIECEWISE_BEZIER_KNOTS.);
#8877 = CARTESIAN_POINT('',(-2.295607216926,-9.795468066769E-02,
    6.5100001));
#8878 = CARTESIAN_POINT('',(-2.295607216926,-0.166144350416,6.5100001));
#8879 = ORIENTED_EDGE('',*,*,#8846,.T.);
#8880 = B_SPLINE_SURFACE_WITH_KNOTS('',1,1,(
    (#8881,#8882)
    ,(#8883,#8884
    )),.UNSPECIFIED.,.F.,.F.,.F.,(2,2),(2,2),(-6.818966974795E-02,
    7.88860905221E-33),(-3.20767090036E-17,1.E-02),
  .PIECEWISE_BEZIER_KNOTS.);
#8881 = CARTESIAN_POINT('',(-2.295607216926,-9.795468066769E-02,
    6.5100001));
#8882 = CARTESIAN_POINT('',(-2.295607216926,-9.795468066769E-02,
    6.5000001));
#8883 = CARTESIAN_POINT('',(-2.295607216926,-0.166144350416,6.5100001));
#8884 = CARTESIAN_POINT('',(-2.295607216926,-0.166144350416,6.5000001));
#8885 = ADVANCED_FACE('',(#8886),#8902,.F.);
#8886 = FACE_BOUND('',#8887,.T.);
#8887 = EDGE_LOOP('',(#8888,#8889,#8896,#8901));
#8888 = ORIENTED_EDGE('',*,*,#2268,.T.);
#8889 = ORIENTED_EDGE('',*,*,#8890,.F.);
#8890 = EDGE_CURVE('',#8891,#2262,#8893,.T.);
#8891 = VERTEX_POINT('',#8892);
#8892 = CARTESIAN_POINT('',(-2.273770925256,-0.166144350416,6.5100001));
#8893 = B_SPLINE_CURVE_WITH_KNOTS('',1,(#8894,#8895),.UNSPECIFIED.,.F.,
  .F.,(2,2),(0.,1.E-02),.PIECEWISE_BEZIER_KNOTS.);
#8894 = CARTESIAN_POINT('',(-2.273770925256,-0.166144350416,6.5100001));
#8895 = CARTESIAN_POINT('',(-2.273770925256,-0.166144350416,6.5000001));
#8896 = ORIENTED_EDGE('',*,*,#8897,.F.);
#8897 = EDGE_CURVE('',#8869,#8891,#8898,.T.);
#8898 = B_SPLINE_CURVE_WITH_KNOTS('',1,(#8899,#8900),.UNSPECIFIED.,.F.,
  .F.,(2,2),(-2.183629167026E-02,0.),.PIECEWISE_BEZIER_KNOTS.);
#8899 = CARTESIAN_POINT('',(-2.295607216926,-0.166144350416,6.5100001));
#8900 = CARTESIAN_POINT('',(-2.273770925256,-0.166144350416,6.5100001));
#8901 = ORIENTED_EDGE('',*,*,#8868,.T.);
#8902 = B_SPLINE_SURFACE_WITH_KNOTS('',1,1,(
    (#8903,#8904)
    ,(#8905,#8906
    )),.UNSPECIFIED.,.F.,.F.,.F.,(2,2),(2,2),(-2.183629167026E-02,
    2.059633784283E-17),(-7.624100487625E-17,1.E-02),
  .PIECEWISE_BEZIER_KNOTS.);
#8903 = CARTESIAN_POINT('',(-2.295607216926,-0.166144350416,6.5100001));
#8904 = CARTESIAN_POINT('',(-2.295607216926,-0.166144350416,6.5000001));
#8905 = CARTESIAN_POINT('',(-2.273770925256,-0.166144350416,6.5100001));
#8906 = CARTESIAN_POINT('',(-2.273770925256,-0.166144350416,6.5000001));
#8907 = ADVANCED_FACE('',(#8908),#8924,.F.);
#8908 = FACE_BOUND('',#8909,.T.);
#8909 = EDGE_LOOP('',(#8910,#8911,#8918,#8923));
#8910 = ORIENTED_EDGE('',*,*,#2261,.T.);
#8911 = ORIENTED_EDGE('',*,*,#8912,.F.);
#8912 = EDGE_CURVE('',#8913,#2255,#8915,.T.);
#8913 = VERTEX_POINT('',#8914);
#8914 = CARTESIAN_POINT('',(-2.273770925256,-9.795468066768E-02,
    6.5100001));
#8915 = B_SPLINE_CURVE_WITH_KNOTS('',1,(#8916,#8917),.UNSPECIFIED.,.F.,
  .F.,(2,2),(0.,1.E-02),.PIECEWISE_BEZIER_KNOTS.);
#8916 = CARTESIAN_POINT('',(-2.273770925256,-9.795468066768E-02,
    6.5100001));
#8917 = CARTESIAN_POINT('',(-2.273770925256,-9.795468066768E-02,
    6.5000001));
#8918 = ORIENTED_EDGE('',*,*,#8919,.F.);
#8919 = EDGE_CURVE('',#8891,#8913,#8920,.T.);
#8920 = B_SPLINE_CURVE_WITH_KNOTS('',1,(#8921,#8922),.UNSPECIFIED.,.F.,
  .F.,(2,2),(-6.818966974795E-02,0.),.PIECEWISE_BEZIER_KNOTS.);
#8921 = CARTESIAN_POINT('',(-2.273770925256,-0.166144350416,6.5100001));
#8922 = CARTESIAN_POINT('',(-2.273770925256,-9.795468066768E-02,
    6.5100001));
#8923 = ORIENTED_EDGE('',*,*,#8890,.T.);
#8924 = B_SPLINE_SURFACE_WITH_KNOTS('',1,1,(
    (#8925,#8926)
    ,(#8927,#8928
    )),.UNSPECIFIED.,.F.,.F.,.F.,(2,2),(2,2),(-6.818966974795E-02,
    4.406877377891E-19),(0.,1.E-02),.PIECEWISE_BEZIER_KNOTS.);
#8925 = CARTESIAN_POINT('',(-2.273770925256,-0.166144350416,6.5100001));
#8926 = CARTESIAN_POINT('',(-2.273770925256,-0.166144350416,6.5000001));
#8927 = CARTESIAN_POINT('',(-2.273770925256,-9.795468066768E-02,
    6.5100001));
#8928 = CARTESIAN_POINT('',(-2.273770925256,-9.795468066768E-02,
    6.5000001));
#8929 = ADVANCED_FACE('',(#8930),#8946,.F.);
#8930 = FACE_BOUND('',#8931,.T.);
#8931 = EDGE_LOOP('',(#8932,#8933,#8940,#8945));
#8932 = ORIENTED_EDGE('',*,*,#2254,.T.);
#8933 = ORIENTED_EDGE('',*,*,#8934,.F.);
#8934 = EDGE_CURVE('',#8935,#2248,#8937,.T.);
#8935 = VERTEX_POINT('',#8936);
#8936 = CARTESIAN_POINT('',(-2.212746288712,-9.795468066768E-02,
    6.5100001));
#8937 = B_SPLINE_CURVE_WITH_KNOTS('',1,(#8938,#8939),.UNSPECIFIED.,.F.,
  .F.,(2,2),(0.,1.E-02),.PIECEWISE_BEZIER_KNOTS.);
#8938 = CARTESIAN_POINT('',(-2.212746288712,-9.795468066768E-02,
    6.5100001));
#8939 = CARTESIAN_POINT('',(-2.212746288712,-9.795468066768E-02,
    6.5000001));
#8940 = ORIENTED_EDGE('',*,*,#8941,.F.);
#8941 = EDGE_CURVE('',#8913,#8935,#8942,.T.);
#8942 = B_SPLINE_CURVE_WITH_KNOTS('',1,(#8943,#8944),.UNSPECIFIED.,.F.,
  .F.,(2,2),(-6.102463654395E-02,0.),.PIECEWISE_BEZIER_KNOTS.);
#8943 = CARTESIAN_POINT('',(-2.273770925256,-9.795468066768E-02,
    6.5100001));
#8944 = CARTESIAN_POINT('',(-2.212746288712,-9.795468066768E-02,
    6.5100001));
#8945 = ORIENTED_EDGE('',*,*,#8912,.T.);
#8946 = B_SPLINE_SURFACE_WITH_KNOTS('',1,1,(
    (#8947,#8948)
    ,(#8949,#8950
    )),.UNSPECIFIED.,.F.,.F.,.F.,(2,2),(2,2),(-6.102463654395E-02,
    3.944304526105E-33),(-2.130663797029E-16,1.E-02),
  .PIECEWISE_BEZIER_KNOTS.);
#8947 = CARTESIAN_POINT('',(-2.273770925256,-9.795468066768E-02,
    6.5100001));
#8948 = CARTESIAN_POINT('',(-2.273770925256,-9.795468066768E-02,
    6.5000001));
#8949 = CARTESIAN_POINT('',(-2.212746288712,-9.795468066768E-02,
    6.5100001));
#8950 = CARTESIAN_POINT('',(-2.212746288712,-9.795468066768E-02,
    6.5000001));
#8951 = ADVANCED_FACE('',(#8952),#8968,.F.);
#8952 = FACE_BOUND('',#8953,.T.);
#8953 = EDGE_LOOP('',(#8954,#8955,#8962,#8967));
#8954 = ORIENTED_EDGE('',*,*,#2247,.T.);
#8955 = ORIENTED_EDGE('',*,*,#8956,.F.);
#8956 = EDGE_CURVE('',#8957,#2241,#8959,.T.);
#8957 = VERTEX_POINT('',#8958);
#8958 = CARTESIAN_POINT('',(-2.212746288712,-0.17155468161,6.5100001));
#8959 = B_SPLINE_CURVE_WITH_KNOTS('',1,(#8960,#8961),.UNSPECIFIED.,.F.,
  .F.,(2,2),(0.,1.E-02),.PIECEWISE_BEZIER_KNOTS.);
#8960 = CARTESIAN_POINT('',(-2.212746288712,-0.17155468161,6.5100001));
#8961 = CARTESIAN_POINT('',(-2.212746288712,-0.17155468161,6.5000001));
#8962 = ORIENTED_EDGE('',*,*,#8963,.F.);
#8963 = EDGE_CURVE('',#8935,#8957,#8964,.T.);
#8964 = B_SPLINE_CURVE_WITH_KNOTS('',1,(#8965,#8966),.UNSPECIFIED.,.F.,
  .F.,(2,2),(-7.360000094277E-02,0.),.PIECEWISE_BEZIER_KNOTS.);
#8965 = CARTESIAN_POINT('',(-2.212746288712,-9.795468066768E-02,
    6.5100001));
#8966 = CARTESIAN_POINT('',(-2.212746288712,-0.17155468161,6.5100001));
#8967 = ORIENTED_EDGE('',*,*,#8934,.T.);
#8968 = B_SPLINE_SURFACE_WITH_KNOTS('',1,1,(
    (#8969,#8970)
    ,(#8971,#8972
    )),.UNSPECIFIED.,.F.,.F.,.F.,(2,2),(2,2),(-7.360000094277E-02,
    1.343710007002E-17),(-6.985684981096E-17,1.E-02),
  .PIECEWISE_BEZIER_KNOTS.);
#8969 = CARTESIAN_POINT('',(-2.212746288712,-9.795468066768E-02,
    6.5100001));
#8970 = CARTESIAN_POINT('',(-2.212746288712,-9.795468066768E-02,
    6.5000001));
#8971 = CARTESIAN_POINT('',(-2.212746288712,-0.17155468161,6.5100001));
#8972 = CARTESIAN_POINT('',(-2.212746288712,-0.17155468161,6.5000001));
#8973 = ADVANCED_FACE('',(#8974),#8990,.F.);
#8974 = FACE_BOUND('',#8975,.T.);
#8975 = EDGE_LOOP('',(#8976,#8977,#8984,#8989));
#8976 = ORIENTED_EDGE('',*,*,#2240,.T.);
#8977 = ORIENTED_EDGE('',*,*,#8978,.F.);
#8978 = EDGE_CURVE('',#8979,#2234,#8981,.T.);
#8979 = VERTEX_POINT('',#8980);
#8980 = CARTESIAN_POINT('',(-2.190812513597,-0.17155468161,6.5100001));
#8981 = B_SPLINE_CURVE_WITH_KNOTS('',1,(#8982,#8983),.UNSPECIFIED.,.F.,
  .F.,(2,2),(0.,1.E-02),.PIECEWISE_BEZIER_KNOTS.);
#8982 = CARTESIAN_POINT('',(-2.190812513597,-0.17155468161,6.5100001));
#8983 = CARTESIAN_POINT('',(-2.190812513597,-0.17155468161,6.5000001));
#8984 = ORIENTED_EDGE('',*,*,#8985,.F.);
#8985 = EDGE_CURVE('',#8957,#8979,#8986,.T.);
#8986 = B_SPLINE_CURVE_WITH_KNOTS('',1,(#8987,#8988),.UNSPECIFIED.,.F.,
  .F.,(2,2),(-2.193377511511E-02,0.),.PIECEWISE_BEZIER_KNOTS.);
#8987 = CARTESIAN_POINT('',(-2.212746288712,-0.17155468161,6.5100001));
#8988 = CARTESIAN_POINT('',(-2.190812513597,-0.17155468161,6.5100001));
#8989 = ORIENTED_EDGE('',*,*,#8956,.T.);
#8990 = B_SPLINE_SURFACE_WITH_KNOTS('',1,1,(
    (#8991,#8992)
    ,(#8993,#8994
    )),.UNSPECIFIED.,.F.,.F.,.F.,(2,2),(2,2),(-2.193377511511E-02,
    7.610748907408E-17),(0.,1.E-02),.PIECEWISE_BEZIER_KNOTS.);
#8991 = CARTESIAN_POINT('',(-2.212746288712,-0.17155468161,6.5100001));
#8992 = CARTESIAN_POINT('',(-2.212746288712,-0.17155468161,6.5000001));
#8993 = CARTESIAN_POINT('',(-2.190812513597,-0.17155468161,6.5100001));
#8994 = CARTESIAN_POINT('',(-2.190812513597,-0.17155468161,6.5000001));
#8995 = ADVANCED_FACE('',(#8996),#9012,.F.);
#8996 = FACE_BOUND('',#8997,.T.);
#8997 = EDGE_LOOP('',(#8998,#8999,#9006,#9011));
#8998 = ORIENTED_EDGE('',*,*,#2233,.T.);
#8999 = ORIENTED_EDGE('',*,*,#9000,.F.);
#9000 = EDGE_CURVE('',#9001,#2227,#9003,.T.);
#9001 = VERTEX_POINT('',#9002);
#9002 = CARTESIAN_POINT('',(-2.190812513597,-7.334011081605E-02,
    6.5100001));
#9003 = B_SPLINE_CURVE_WITH_KNOTS('',1,(#9004,#9005),.UNSPECIFIED.,.F.,
  .F.,(2,2),(0.,1.E-02),.PIECEWISE_BEZIER_KNOTS.);
#9004 = CARTESIAN_POINT('',(-2.190812513597,-7.334011081605E-02,
    6.5100001));
#9005 = CARTESIAN_POINT('',(-2.190812513597,-7.334011081605E-02,
    6.5000001));
#9006 = ORIENTED_EDGE('',*,*,#9007,.F.);
#9007 = EDGE_CURVE('',#8979,#9001,#9008,.T.);
#9008 = B_SPLINE_CURVE_WITH_KNOTS('',1,(#9009,#9010),.UNSPECIFIED.,.F.,
  .F.,(2,2),(-9.82145707944E-02,0.),.PIECEWISE_BEZIER_KNOTS.);
#9009 = CARTESIAN_POINT('',(-2.190812513597,-0.17155468161,6.5100001));
#9010 = CARTESIAN_POINT('',(-2.190812513597,-7.334011081605E-02,
    6.5100001));
#9011 = ORIENTED_EDGE('',*,*,#8978,.T.);
#9012 = B_SPLINE_SURFACE_WITH_KNOTS('',1,1,(
    (#9013,#9014)
    ,(#9015,#9016
    )),.UNSPECIFIED.,.F.,.F.,.F.,(2,2),(2,2),(-9.82145707944E-02,
    4.406877377889E-19),(-2.023497374379E-16,1.E-02),
  .PIECEWISE_BEZIER_KNOTS.);
#9013 = CARTESIAN_POINT('',(-2.190812513597,-0.17155468161,6.5100001));
#9014 = CARTESIAN_POINT('',(-2.190812513597,-0.17155468161,6.5000001));
#9015 = CARTESIAN_POINT('',(-2.190812513597,-7.334011081605E-02,
    6.5100001));
#9016 = CARTESIAN_POINT('',(-2.190812513597,-7.334011081605E-02,
    6.5000001));
#9017 = ADVANCED_FACE('',(#9018),#9034,.F.);
#9018 = FACE_BOUND('',#9019,.T.);
#9019 = EDGE_LOOP('',(#9020,#9021,#9028,#9033));
#9020 = ORIENTED_EDGE('',*,*,#2226,.T.);
#9021 = ORIENTED_EDGE('',*,*,#9022,.F.);
#9022 = EDGE_CURVE('',#9023,#2220,#9025,.T.);
#9023 = VERTEX_POINT('',#9024);
#9024 = CARTESIAN_POINT('',(-2.381490131933,-7.334011081605E-02,
    6.5100001));
#9025 = B_SPLINE_CURVE_WITH_KNOTS('',1,(#9026,#9027),.UNSPECIFIED.,.F.,
  .F.,(2,2),(0.,1.E-02),.PIECEWISE_BEZIER_KNOTS.);
#9026 = CARTESIAN_POINT('',(-2.381490131933,-7.334011081605E-02,
    6.5100001));
#9027 = CARTESIAN_POINT('',(-2.381490131933,-7.334011081605E-02,
    6.5000001));
#9028 = ORIENTED_EDGE('',*,*,#9029,.F.);
#9029 = EDGE_CURVE('',#9001,#9023,#9030,.T.);
#9030 = B_SPLINE_CURVE_WITH_KNOTS('',1,(#9031,#9032),.UNSPECIFIED.,.F.,
  .F.,(2,2),(-0.190677618336,0.),.PIECEWISE_BEZIER_KNOTS.);
#9031 = CARTESIAN_POINT('',(-2.190812513597,-7.334011081605E-02,
    6.5100001));
#9032 = CARTESIAN_POINT('',(-2.381490131933,-7.334011081605E-02,
    6.5100001));
#9033 = ORIENTED_EDGE('',*,*,#9000,.T.);
#9034 = B_SPLINE_SURFACE_WITH_KNOTS('',1,1,(
    (#9035,#9036)
    ,(#9037,#9038
    )),.UNSPECIFIED.,.F.,.F.,.F.,(2,2),(2,2),(-0.190677618336,0.),(
    -2.224310735436E-16,1.E-02),.PIECEWISE_BEZIER_KNOTS.);
#9035 = CARTESIAN_POINT('',(-2.190812513597,-7.334011081605E-02,
    6.5100001));
#9036 = CARTESIAN_POINT('',(-2.190812513597,-7.334011081605E-02,
    6.5000001));
#9037 = CARTESIAN_POINT('',(-2.381490131933,-7.334011081605E-02,
    6.5100001));
#9038 = CARTESIAN_POINT('',(-2.381490131933,-7.334011081605E-02,
    6.5000001));
#9039 = ADVANCED_FACE('',(#9040),#9056,.F.);
#9040 = FACE_BOUND('',#9041,.T.);
#9041 = EDGE_LOOP('',(#9042,#9043,#9050,#9055));
#9042 = ORIENTED_EDGE('',*,*,#2219,.T.);
#9043 = ORIENTED_EDGE('',*,*,#9044,.F.);
#9044 = EDGE_CURVE('',#9045,#2213,#9047,.T.);
#9045 = VERTEX_POINT('',#9046);
#9046 = CARTESIAN_POINT('',(-2.381490131933,-0.175892694911,6.5100001));
#9047 = B_SPLINE_CURVE_WITH_KNOTS('',1,(#9048,#9049),.UNSPECIFIED.,.F.,
  .F.,(2,2),(0.,1.E-02),.PIECEWISE_BEZIER_KNOTS.);
#9048 = CARTESIAN_POINT('',(-2.381490131933,-0.175892694911,6.5100001));
#9049 = CARTESIAN_POINT('',(-2.381490131933,-0.175892694911,6.5000001));
#9050 = ORIENTED_EDGE('',*,*,#9051,.F.);
#9051 = EDGE_CURVE('',#9023,#9045,#9052,.T.);
#9052 = B_SPLINE_CURVE_WITH_KNOTS('',1,(#9053,#9054),.UNSPECIFIED.,.F.,
  .F.,(2,2),(-0.102552584095,0.),.PIECEWISE_BEZIER_KNOTS.);
#9053 = CARTESIAN_POINT('',(-2.381490131933,-7.334011081605E-02,
    6.5100001));
#9054 = CARTESIAN_POINT('',(-2.381490131933,-0.175892694911,6.5100001));
#9055 = ORIENTED_EDGE('',*,*,#9022,.T.);
#9056 = B_SPLINE_SURFACE_WITH_KNOTS('',1,1,(
    (#9057,#9058)
    ,(#9059,#9060
    )),.UNSPECIFIED.,.F.,.F.,.F.,(2,2),(2,2),(-0.102552584095,
    1.343710007003E-17),(0.,1.E-02),.PIECEWISE_BEZIER_KNOTS.);
#9057 = CARTESIAN_POINT('',(-2.381490131933,-7.334011081605E-02,
    6.5100001));
#9058 = CARTESIAN_POINT('',(-2.381490131933,-7.334011081605E-02,
    6.5000001));
#9059 = CARTESIAN_POINT('',(-2.381490131933,-0.175892694911,6.5100001));
#9060 = CARTESIAN_POINT('',(-2.381490131933,-0.175892694911,6.5000001));
#9061 = ADVANCED_FACE('',(#9062),#9072,.F.);
#9062 = FACE_BOUND('',#9063,.T.);
#9063 = EDGE_LOOP('',(#9064,#9065,#9066,#9071));
#9064 = ORIENTED_EDGE('',*,*,#2212,.T.);
#9065 = ORIENTED_EDGE('',*,*,#8832,.F.);
#9066 = ORIENTED_EDGE('',*,*,#9067,.F.);
#9067 = EDGE_CURVE('',#9045,#8826,#9068,.T.);
#9068 = B_SPLINE_CURVE_WITH_KNOTS('',1,(#9069,#9070),.UNSPECIFIED.,.F.,
  .F.,(2,2),(-2.173880822542E-02,0.),.PIECEWISE_BEZIER_KNOTS.);
#9069 = CARTESIAN_POINT('',(-2.381490131933,-0.175892694911,6.5100001));
#9070 = CARTESIAN_POINT('',(-2.359751323708,-0.175892694911,6.5100001));
#9071 = ORIENTED_EDGE('',*,*,#9044,.T.);
#9072 = B_SPLINE_SURFACE_WITH_KNOTS('',1,1,(
    (#9073,#9074)
    ,(#9075,#9076
    )),.UNSPECIFIED.,.F.,.F.,.F.,(2,2),(2,2),(-2.173880822542E-02,
    3.944304526105E-33),(-7.590064324774E-17,1.E-02),
  .PIECEWISE_BEZIER_KNOTS.);
#9073 = CARTESIAN_POINT('',(-2.381490131933,-0.175892694911,6.5100001));
#9074 = CARTESIAN_POINT('',(-2.381490131933,-0.175892694911,6.5000001));
#9075 = CARTESIAN_POINT('',(-2.359751323708,-0.175892694911,6.5100001));
#9076 = CARTESIAN_POINT('',(-2.359751323708,-0.175892694911,6.5000001));
#9077 = ADVANCED_FACE('',(#9078),#9092,.F.);
#9078 = FACE_BOUND('',#9079,.T.);
#9079 = EDGE_LOOP('',(#9080,#9081,#9082,#9083,#9084,#9085,#9086,#9087,
    #9088,#9089,#9090,#9091));
#9080 = ORIENTED_EDGE('',*,*,#8825,.T.);
#9081 = ORIENTED_EDGE('',*,*,#8853,.T.);
#9082 = ORIENTED_EDGE('',*,*,#8875,.T.);
#9083 = ORIENTED_EDGE('',*,*,#8897,.T.);
#9084 = ORIENTED_EDGE('',*,*,#8919,.T.);
#9085 = ORIENTED_EDGE('',*,*,#8941,.T.);
#9086 = ORIENTED_EDGE('',*,*,#8963,.T.);
#9087 = ORIENTED_EDGE('',*,*,#8985,.T.);
#9088 = ORIENTED_EDGE('',*,*,#9007,.T.);
#9089 = ORIENTED_EDGE('',*,*,#9029,.T.);
#9090 = ORIENTED_EDGE('',*,*,#9051,.T.);
#9091 = ORIENTED_EDGE('',*,*,#9067,.T.);
#9092 = B_SPLINE_SURFACE_WITH_KNOTS('',1,1,(
    (#9093,#9094)
    ,(#9095,#9096
    )),.UNSPECIFIED.,.F.,.F.,.F.,(2,2),(2,2),(0.368509868067,
    0.559187486403),(7.334011081608E-02,0.175892694911),
  .PIECEWISE_BEZIER_KNOTS.);
#9093 = CARTESIAN_POINT('',(-2.381490131933,-7.334011081605E-02,
    6.5100001));
#9094 = CARTESIAN_POINT('',(-2.381490131933,-0.175892694911,6.5100001));
#9095 = CARTESIAN_POINT('',(-2.190812513597,-7.334011081605E-02,
    6.5100001));
#9096 = CARTESIAN_POINT('',(-2.190812513597,-0.175892694911,6.5100001));
#9097 = ADVANCED_FACE('',(#9098,#9156),#9204,.F.);
#9098 = FACE_BOUND('',#9099,.T.);
#9099 = EDGE_LOOP('',(#9100,#9109,#9116,#9123,#9130,#9137,#9144,#9151));
#9100 = ORIENTED_EDGE('',*,*,#9101,.T.);
#9101 = EDGE_CURVE('',#9102,#9104,#9106,.T.);
#9102 = VERTEX_POINT('',#9103);
#9103 = CARTESIAN_POINT('',(-1.888321383894,-0.765959987238,6.5100001));
#9104 = VERTEX_POINT('',#9105);
#9105 = CARTESIAN_POINT('',(-1.888321383894,-0.7396394571,6.5100001));
#9106 = B_SPLINE_CURVE_WITH_KNOTS('',1,(#9107,#9108),.UNSPECIFIED.,.F.,
  .F.,(2,2),(-2.632053013838E-02,0.),.PIECEWISE_BEZIER_KNOTS.);
#9107 = CARTESIAN_POINT('',(-1.888321383894,-0.765959987238,6.5100001));
#9108 = CARTESIAN_POINT('',(-1.888321383894,-0.7396394571,6.5100001));
#9109 = ORIENTED_EDGE('',*,*,#9110,.T.);
#9110 = EDGE_CURVE('',#9104,#9111,#9113,.T.);
#9111 = VERTEX_POINT('',#9112);
#9112 = CARTESIAN_POINT('',(-2.078999002231,-0.667014290608,6.5100001));
#9113 = B_SPLINE_CURVE_WITH_KNOTS('',1,(#9114,#9115),.UNSPECIFIED.,.F.,
  .F.,(2,2),(-0.204040116013,0.),.PIECEWISE_BEZIER_KNOTS.);
#9114 = CARTESIAN_POINT('',(-1.888321383894,-0.7396394571,6.5100001));
#9115 = CARTESIAN_POINT('',(-2.078999002231,-0.667014290608,6.5100001));
#9116 = ORIENTED_EDGE('',*,*,#9117,.T.);
#9117 = EDGE_CURVE('',#9111,#9118,#9120,.T.);
#9118 = VERTEX_POINT('',#9119);
#9119 = CARTESIAN_POINT('',(-2.078999002231,-0.69421217175,6.5100001));
#9120 = B_SPLINE_CURVE_WITH_KNOTS('',1,(#9121,#9122),.UNSPECIFIED.,.F.,
  .F.,(2,2),(-2.7197881142E-02,0.),.PIECEWISE_BEZIER_KNOTS.);
#9121 = CARTESIAN_POINT('',(-2.078999002231,-0.667014290608,6.5100001));
#9122 = CARTESIAN_POINT('',(-2.078999002231,-0.69421217175,6.5100001));
#9123 = ORIENTED_EDGE('',*,*,#9124,.T.);
#9124 = EDGE_CURVE('',#9118,#9125,#9127,.T.);
#9125 = VERTEX_POINT('',#9126);
#9126 = CARTESIAN_POINT('',(-2.026845359178,-0.712539059402,6.5100001));
#9127 = B_SPLINE_CURVE_WITH_KNOTS('',1,(#9128,#9129),.UNSPECIFIED.,.F.,
  .F.,(2,2),(-5.527999000233E-02,0.),.PIECEWISE_BEZIER_KNOTS.);
#9128 = CARTESIAN_POINT('',(-2.078999002231,-0.69421217175,6.5100001));
#9129 = CARTESIAN_POINT('',(-2.026845359178,-0.712539059402,6.5100001));
#9130 = ORIENTED_EDGE('',*,*,#9131,.T.);
#9131 = EDGE_CURVE('',#9125,#9132,#9134,.T.);
#9132 = VERTEX_POINT('',#9133);
#9133 = CARTESIAN_POINT('',(-2.026845359178,-0.79193932532,6.5100001));
#9134 = B_SPLINE_CURVE_WITH_KNOTS('',1,(#9135,#9136),.UNSPECIFIED.,.F.,
  .F.,(2,2),(-7.940026591827E-02,0.),.PIECEWISE_BEZIER_KNOTS.);
#9135 = CARTESIAN_POINT('',(-2.026845359178,-0.712539059402,6.5100001));
#9136 = CARTESIAN_POINT('',(-2.026845359178,-0.79193932532,6.5100001));
#9137 = ORIENTED_EDGE('',*,*,#9138,.T.);
#9138 = EDGE_CURVE('',#9132,#9139,#9141,.T.);
#9139 = VERTEX_POINT('',#9140);
#9140 = CARTESIAN_POINT('',(-2.078999002231,-0.811387272589,6.5100001));
#9141 = B_SPLINE_CURVE_WITH_KNOTS('',1,(#9142,#9143),.UNSPECIFIED.,.F.,
  .F.,(2,2),(-5.566170260267E-02,-0.),.PIECEWISE_BEZIER_KNOTS.);
#9142 = CARTESIAN_POINT('',(-2.026845359178,-0.79193932532,6.5100001));
#9143 = CARTESIAN_POINT('',(-2.078999002231,-0.811387272589,6.5100001));
#9144 = ORIENTED_EDGE('',*,*,#9145,.T.);
#9145 = EDGE_CURVE('',#9139,#9146,#9148,.T.);
#9146 = VERTEX_POINT('',#9147);
#9147 = CARTESIAN_POINT('',(-2.078999002231,-0.838585153732,6.5100001));
#9148 = B_SPLINE_CURVE_WITH_KNOTS('',1,(#9149,#9150),.UNSPECIFIED.,.F.,
  .F.,(2,2),(-2.71978811433E-02,0.),.PIECEWISE_BEZIER_KNOTS.);
#9149 = CARTESIAN_POINT('',(-2.078999002231,-0.811387272589,6.5100001));
#9150 = CARTESIAN_POINT('',(-2.078999002231,-0.838585153732,6.5100001));
#9151 = ORIENTED_EDGE('',*,*,#9152,.T.);
#9152 = EDGE_CURVE('',#9146,#9102,#9153,.T.);
#9153 = B_SPLINE_CURVE_WITH_KNOTS('',1,(#9154,#9155),.UNSPECIFIED.,.F.,
  .F.,(2,2),(-0.204040116013,0.),.PIECEWISE_BEZIER_KNOTS.);
#9154 = CARTESIAN_POINT('',(-2.078999002231,-0.838585153732,6.5100001));
#9155 = CARTESIAN_POINT('',(-1.888321383894,-0.765959987238,6.5100001));
#9156 = FACE_BOUND('',#9157,.T.);
#9157 = EDGE_LOOP('',(#9158,#9169,#9176,#9185,#9192,#9199));
#9158 = ORIENTED_EDGE('',*,*,#9159,.F.);
#9159 = EDGE_CURVE('',#9160,#9162,#9164,.T.);
#9160 = VERTEX_POINT('',#9161);
#9161 = CARTESIAN_POINT('',(-1.912692245133,-0.751971112887,6.5100001));
#9162 = VERTEX_POINT('',#9163);
#9163 = CARTESIAN_POINT('',(-1.926047477093,-0.748851642648,6.5100001));
#9164 = B_SPLINE_CURVE_WITH_KNOTS('',3,(#9165,#9166,#9167,#9168),
  .UNSPECIFIED.,.F.,.F.,(4,4),(3.,4.),.PIECEWISE_BEZIER_KNOTS.);
#9165 = CARTESIAN_POINT('',(-1.912692245133,-0.751971112887,6.5100001));
#9166 = CARTESIAN_POINT('',(-1.918443768385,-0.75104502016,6.5100001));
#9167 = CARTESIAN_POINT('',(-1.922928006854,-0.750021443988,6.5100001));
#9168 = CARTESIAN_POINT('',(-1.926047477093,-0.748851642648,6.5100001));
#9169 = ORIENTED_EDGE('',*,*,#9170,.F.);
#9170 = EDGE_CURVE('',#9171,#9160,#9173,.T.);
#9171 = VERTEX_POINT('',#9172);
#9172 = CARTESIAN_POINT('',(-1.912692245133,-0.752556013556,6.5100001));
#9173 = B_SPLINE_CURVE_WITH_KNOTS('',1,(#9174,#9175),.UNSPECIFIED.,.F.,
  .F.,(2,2),(0.,5.849006690772E-04),.PIECEWISE_BEZIER_KNOTS.);
#9174 = CARTESIAN_POINT('',(-1.912692245133,-0.752556013556,6.5100001));
#9175 = CARTESIAN_POINT('',(-1.912692245133,-0.751971112887,6.5100001));
#9176 = ORIENTED_EDGE('',*,*,#9177,.F.);
#9177 = EDGE_CURVE('',#9178,#9171,#9180,.T.);
#9178 = VERTEX_POINT('',#9179);
#9179 = CARTESIAN_POINT('',(-1.926047477093,-0.755529258628,6.5100001));
#9180 = B_SPLINE_CURVE_WITH_KNOTS('',3,(#9181,#9182,#9183,#9184),
  .UNSPECIFIED.,.F.,.F.,(4,4),(1.,2.),.PIECEWISE_BEZIER_KNOTS.);
#9181 = CARTESIAN_POINT('',(-1.926047477093,-0.755529258628,6.5100001));
#9182 = CARTESIAN_POINT('',(-1.923415424079,-0.754603165901,6.5100001));
#9183 = CARTESIAN_POINT('',(-1.919028669056,-0.753628331451,6.5100001));
#9184 = CARTESIAN_POINT('',(-1.912692245133,-0.752556013556,6.5100001));
#9185 = ORIENTED_EDGE('',*,*,#9186,.F.);
#9186 = EDGE_CURVE('',#9187,#9178,#9189,.T.);
#9187 = VERTEX_POINT('',#9188);
#9188 = CARTESIAN_POINT('',(-2.005301517842,-0.784335616613,6.5100001));
#9189 = B_SPLINE_CURVE_WITH_KNOTS('',1,(#9190,#9191),.UNSPECIFIED.,.F.,
  .F.,(2,2),(0.,8.432680022087E-02),.PIECEWISE_BEZIER_KNOTS.);
#9190 = CARTESIAN_POINT('',(-2.005301517842,-0.784335616613,6.5100001));
#9191 = CARTESIAN_POINT('',(-1.926047477093,-0.755529258628,6.5100001));
#9192 = ORIENTED_EDGE('',*,*,#9193,.F.);
#9193 = EDGE_CURVE('',#9194,#9187,#9196,.T.);
#9194 = VERTEX_POINT('',#9195);
#9195 = CARTESIAN_POINT('',(-2.005301517842,-0.720337734998,6.5100001));
#9196 = B_SPLINE_CURVE_WITH_KNOTS('',1,(#9197,#9198),.UNSPECIFIED.,.F.,
  .F.,(2,2),(0.,6.399788161437E-02),.PIECEWISE_BEZIER_KNOTS.);
#9197 = CARTESIAN_POINT('',(-2.005301517842,-0.720337734998,6.5100001));
#9198 = CARTESIAN_POINT('',(-2.005301517842,-0.784335616613,6.5100001));
#9199 = ORIENTED_EDGE('',*,*,#9200,.F.);
#9200 = EDGE_CURVE('',#9162,#9194,#9201,.T.);
#9201 = B_SPLINE_CURVE_WITH_KNOTS('',1,(#9202,#9203),.UNSPECIFIED.,.F.,
  .F.,(2,2),(0.,8.42273465368E-02),.PIECEWISE_BEZIER_KNOTS.);
#9202 = CARTESIAN_POINT('',(-1.926047477093,-0.748851642648,6.5100001));
#9203 = CARTESIAN_POINT('',(-2.005301517842,-0.720337734998,6.5100001));
#9204 = B_SPLINE_SURFACE_WITH_KNOTS('',1,1,(
    (#9205,#9206)
    ,(#9207,#9208
    )),.UNSPECIFIED.,.F.,.F.,.F.,(2,2),(2,2),(0.671000997769,
    0.861678616106),(0.667014290608,0.838585153732),
  .PIECEWISE_BEZIER_KNOTS.);
#9205 = CARTESIAN_POINT('',(-2.078999002231,-0.667014290608,6.5100001));
#9206 = CARTESIAN_POINT('',(-2.078999002231,-0.838585153732,6.5100001));
#9207 = CARTESIAN_POINT('',(-1.888321383894,-0.667014290608,6.5100001));
#9208 = CARTESIAN_POINT('',(-1.888321383894,-0.838585153732,6.5100001));
#9209 = ADVANCED_FACE('',(#9210),#9224,.F.);
#9210 = FACE_BOUND('',#9211,.T.);
#9211 = EDGE_LOOP('',(#9212,#9213,#9218,#9219));
#9212 = ORIENTED_EDGE('',*,*,#2289,.T.);
#9213 = ORIENTED_EDGE('',*,*,#9214,.F.);
#9214 = EDGE_CURVE('',#9104,#2292,#9215,.T.);
#9215 = B_SPLINE_CURVE_WITH_KNOTS('',1,(#9216,#9217),.UNSPECIFIED.,.F.,
  .F.,(2,2),(0.,1.E-02),.PIECEWISE_BEZIER_KNOTS.);
#9216 = CARTESIAN_POINT('',(-1.888321383894,-0.7396394571,6.5100001));
#9217 = CARTESIAN_POINT('',(-1.888321383894,-0.7396394571,6.5000001));
#9218 = ORIENTED_EDGE('',*,*,#9101,.F.);
#9219 = ORIENTED_EDGE('',*,*,#9220,.T.);
#9220 = EDGE_CURVE('',#9102,#2290,#9221,.T.);
#9221 = B_SPLINE_CURVE_WITH_KNOTS('',1,(#9222,#9223),.UNSPECIFIED.,.F.,
  .F.,(2,2),(0.,1.E-02),.PIECEWISE_BEZIER_KNOTS.);
#9222 = CARTESIAN_POINT('',(-1.888321383894,-0.765959987238,6.5100001));
#9223 = CARTESIAN_POINT('',(-1.888321383894,-0.765959987238,6.5000001));
#9224 = B_SPLINE_SURFACE_WITH_KNOTS('',1,1,(
    (#9225,#9226)
    ,(#9227,#9228
    )),.UNSPECIFIED.,.F.,.F.,.F.,(2,2),(2,2),(-2.632053013838E-02,
    1.808519292394E-16),(0.,1.E-02),.PIECEWISE_BEZIER_KNOTS.);
#9225 = CARTESIAN_POINT('',(-1.888321383894,-0.765959987238,6.5100001));
#9226 = CARTESIAN_POINT('',(-1.888321383894,-0.765959987238,6.5000001));
#9227 = CARTESIAN_POINT('',(-1.888321383894,-0.7396394571,6.5100001));
#9228 = CARTESIAN_POINT('',(-1.888321383894,-0.7396394571,6.5000001));
#9229 = ADVANCED_FACE('',(#9230),#9240,.F.);
#9230 = FACE_BOUND('',#9231,.T.);
#9231 = EDGE_LOOP('',(#9232,#9233,#9238,#9239));
#9232 = ORIENTED_EDGE('',*,*,#2340,.T.);
#9233 = ORIENTED_EDGE('',*,*,#9234,.F.);
#9234 = EDGE_CURVE('',#9111,#2334,#9235,.T.);
#9235 = B_SPLINE_CURVE_WITH_KNOTS('',1,(#9236,#9237),.UNSPECIFIED.,.F.,
  .F.,(2,2),(0.,1.E-02),.PIECEWISE_BEZIER_KNOTS.);
#9236 = CARTESIAN_POINT('',(-2.078999002231,-0.667014290608,6.5100001));
#9237 = CARTESIAN_POINT('',(-2.078999002231,-0.667014290608,6.5000001));
#9238 = ORIENTED_EDGE('',*,*,#9110,.F.);
#9239 = ORIENTED_EDGE('',*,*,#9214,.T.);
#9240 = B_SPLINE_SURFACE_WITH_KNOTS('',1,1,(
    (#9241,#9242)
    ,(#9243,#9244
    )),.UNSPECIFIED.,.F.,.F.,.F.,(2,2),(2,2),(-0.204040116013,
    9.699992001479E-17),(-1.593814563168E-16,1.E-02),
  .PIECEWISE_BEZIER_KNOTS.);
#9241 = CARTESIAN_POINT('',(-1.888321383894,-0.7396394571,6.5100001));
#9242 = CARTESIAN_POINT('',(-1.888321383894,-0.7396394571,6.5000001));
#9243 = CARTESIAN_POINT('',(-2.078999002231,-0.667014290608,6.5100001));
#9244 = CARTESIAN_POINT('',(-2.078999002231,-0.667014290608,6.5000001));
#9245 = ADVANCED_FACE('',(#9246),#9256,.F.);
#9246 = FACE_BOUND('',#9247,.T.);
#9247 = EDGE_LOOP('',(#9248,#9249,#9254,#9255));
#9248 = ORIENTED_EDGE('',*,*,#2333,.T.);
#9249 = ORIENTED_EDGE('',*,*,#9250,.F.);
#9250 = EDGE_CURVE('',#9118,#2327,#9251,.T.);
#9251 = B_SPLINE_CURVE_WITH_KNOTS('',1,(#9252,#9253),.UNSPECIFIED.,.F.,
  .F.,(2,2),(0.,1.E-02),.PIECEWISE_BEZIER_KNOTS.);
#9252 = CARTESIAN_POINT('',(-2.078999002231,-0.69421217175,6.5100001));
#9253 = CARTESIAN_POINT('',(-2.078999002231,-0.69421217175,6.5000001));
#9254 = ORIENTED_EDGE('',*,*,#9117,.F.);
#9255 = ORIENTED_EDGE('',*,*,#9234,.T.);
#9256 = B_SPLINE_SURFACE_WITH_KNOTS('',1,1,(
    (#9257,#9258)
    ,(#9259,#9260
    )),.UNSPECIFIED.,.F.,.F.,.F.,(2,2),(2,2),(-2.7197881142E-02,
    7.88860905221E-33),(-1.899217889267E-16,1.E-02),
  .PIECEWISE_BEZIER_KNOTS.);
#9257 = CARTESIAN_POINT('',(-2.078999002231,-0.667014290608,6.5100001));
#9258 = CARTESIAN_POINT('',(-2.078999002231,-0.667014290608,6.5000001));
#9259 = CARTESIAN_POINT('',(-2.078999002231,-0.69421217175,6.5100001));
#9260 = CARTESIAN_POINT('',(-2.078999002231,-0.69421217175,6.5000001));
#9261 = ADVANCED_FACE('',(#9262),#9272,.F.);
#9262 = FACE_BOUND('',#9263,.T.);
#9263 = EDGE_LOOP('',(#9264,#9265,#9270,#9271));
#9264 = ORIENTED_EDGE('',*,*,#2326,.T.);
#9265 = ORIENTED_EDGE('',*,*,#9266,.F.);
#9266 = EDGE_CURVE('',#9125,#2320,#9267,.T.);
#9267 = B_SPLINE_CURVE_WITH_KNOTS('',1,(#9268,#9269),.UNSPECIFIED.,.F.,
  .F.,(2,2),(0.,1.E-02),.PIECEWISE_BEZIER_KNOTS.);
#9268 = CARTESIAN_POINT('',(-2.026845359178,-0.712539059402,6.5100001));
#9269 = CARTESIAN_POINT('',(-2.026845359178,-0.712539059402,6.5000001));
#9270 = ORIENTED_EDGE('',*,*,#9124,.F.);
#9271 = ORIENTED_EDGE('',*,*,#9250,.T.);
#9272 = B_SPLINE_SURFACE_WITH_KNOTS('',1,1,(
    (#9273,#9274)
    ,(#9275,#9276
    )),.UNSPECIFIED.,.F.,.F.,.F.,(2,2),(2,2),(-5.527999000233E-02,
    7.88860905221E-33),(0.,1.E-02),.PIECEWISE_BEZIER_KNOTS.);
#9273 = CARTESIAN_POINT('',(-2.078999002231,-0.69421217175,6.5100001));
#9274 = CARTESIAN_POINT('',(-2.078999002231,-0.69421217175,6.5000001));
#9275 = CARTESIAN_POINT('',(-2.026845359178,-0.712539059402,6.5100001));
#9276 = CARTESIAN_POINT('',(-2.026845359178,-0.712539059402,6.5000001));
#9277 = ADVANCED_FACE('',(#9278),#9288,.F.);
#9278 = FACE_BOUND('',#9279,.T.);
#9279 = EDGE_LOOP('',(#9280,#9281,#9286,#9287));
#9280 = ORIENTED_EDGE('',*,*,#2319,.T.);
#9281 = ORIENTED_EDGE('',*,*,#9282,.F.);
#9282 = EDGE_CURVE('',#9132,#2313,#9283,.T.);
#9283 = B_SPLINE_CURVE_WITH_KNOTS('',1,(#9284,#9285),.UNSPECIFIED.,.F.,
  .F.,(2,2),(0.,1.E-02),.PIECEWISE_BEZIER_KNOTS.);
#9284 = CARTESIAN_POINT('',(-2.026845359178,-0.79193932532,6.5100001));
#9285 = CARTESIAN_POINT('',(-2.026845359178,-0.79193932532,6.5000001));
#9286 = ORIENTED_EDGE('',*,*,#9131,.F.);
#9287 = ORIENTED_EDGE('',*,*,#9266,.T.);
#9288 = B_SPLINE_SURFACE_WITH_KNOTS('',1,1,(
    (#9289,#9290)
    ,(#9291,#9292
    )),.UNSPECIFIED.,.F.,.F.,.F.,(2,2),(2,2),(-7.940026591827E-02,
    1.522149781482E-16),(0.,1.E-02),.PIECEWISE_BEZIER_KNOTS.);
#9289 = CARTESIAN_POINT('',(-2.026845359178,-0.712539059402,6.5100001));
#9290 = CARTESIAN_POINT('',(-2.026845359178,-0.712539059402,6.5000001));
#9291 = CARTESIAN_POINT('',(-2.026845359178,-0.79193932532,6.5100001));
#9292 = CARTESIAN_POINT('',(-2.026845359178,-0.79193932532,6.5000001));
#9293 = ADVANCED_FACE('',(#9294),#9304,.F.);
#9294 = FACE_BOUND('',#9295,.T.);
#9295 = EDGE_LOOP('',(#9296,#9297,#9302,#9303));
#9296 = ORIENTED_EDGE('',*,*,#2312,.T.);
#9297 = ORIENTED_EDGE('',*,*,#9298,.F.);
#9298 = EDGE_CURVE('',#9139,#2306,#9299,.T.);
#9299 = B_SPLINE_CURVE_WITH_KNOTS('',1,(#9300,#9301),.UNSPECIFIED.,.F.,
  .F.,(2,2),(0.,1.E-02),.PIECEWISE_BEZIER_KNOTS.);
#9300 = CARTESIAN_POINT('',(-2.078999002231,-0.811387272589,6.5100001));
#9301 = CARTESIAN_POINT('',(-2.078999002231,-0.811387272589,6.5000001));
#9302 = ORIENTED_EDGE('',*,*,#9138,.F.);
#9303 = ORIENTED_EDGE('',*,*,#9282,.T.);
#9304 = B_SPLINE_SURFACE_WITH_KNOTS('',1,1,(
    (#9305,#9306)
    ,(#9307,#9308
    )),.UNSPECIFIED.,.F.,.F.,.F.,(2,2),(2,2),(-5.566170260267E-02,
    7.88860905221E-33),(-3.978000283159E-16,1.E-02),
  .PIECEWISE_BEZIER_KNOTS.);
#9305 = CARTESIAN_POINT('',(-2.026845359178,-0.79193932532,6.5100001));
#9306 = CARTESIAN_POINT('',(-2.026845359178,-0.79193932532,6.5000001));
#9307 = CARTESIAN_POINT('',(-2.078999002231,-0.811387272589,6.5100001));
#9308 = CARTESIAN_POINT('',(-2.078999002231,-0.811387272589,6.5000001));
#9309 = ADVANCED_FACE('',(#9310),#9320,.F.);
#9310 = FACE_BOUND('',#9311,.T.);
#9311 = EDGE_LOOP('',(#9312,#9313,#9318,#9319));
#9312 = ORIENTED_EDGE('',*,*,#2305,.T.);
#9313 = ORIENTED_EDGE('',*,*,#9314,.F.);
#9314 = EDGE_CURVE('',#9146,#2299,#9315,.T.);
#9315 = B_SPLINE_CURVE_WITH_KNOTS('',1,(#9316,#9317),.UNSPECIFIED.,.F.,
  .F.,(2,2),(0.,1.E-02),.PIECEWISE_BEZIER_KNOTS.);
#9316 = CARTESIAN_POINT('',(-2.078999002231,-0.838585153732,6.5100001));
#9317 = CARTESIAN_POINT('',(-2.078999002231,-0.838585153732,6.5000001));
#9318 = ORIENTED_EDGE('',*,*,#9145,.F.);
#9319 = ORIENTED_EDGE('',*,*,#9298,.T.);
#9320 = B_SPLINE_SURFACE_WITH_KNOTS('',1,1,(
    (#9321,#9322)
    ,(#9323,#9324
    )),.UNSPECIFIED.,.F.,.F.,.F.,(2,2),(2,2),(-2.71978811433E-02,
    7.073264904607E-16),(0.,1.E-02),.PIECEWISE_BEZIER_KNOTS.);
#9321 = CARTESIAN_POINT('',(-2.078999002231,-0.811387272589,6.5100001));
#9322 = CARTESIAN_POINT('',(-2.078999002231,-0.811387272589,6.5000001));
#9323 = CARTESIAN_POINT('',(-2.078999002231,-0.838585153732,6.5100001));
#9324 = CARTESIAN_POINT('',(-2.078999002231,-0.838585153732,6.5000001));
#9325 = ADVANCED_FACE('',(#9326),#9332,.F.);
#9326 = FACE_BOUND('',#9327,.T.);
#9327 = EDGE_LOOP('',(#9328,#9329,#9330,#9331));
#9328 = ORIENTED_EDGE('',*,*,#2298,.T.);
#9329 = ORIENTED_EDGE('',*,*,#9220,.F.);
#9330 = ORIENTED_EDGE('',*,*,#9152,.F.);
#9331 = ORIENTED_EDGE('',*,*,#9314,.T.);
#9332 = B_SPLINE_SURFACE_WITH_KNOTS('',1,1,(
    (#9333,#9334)
    ,(#9335,#9336
    )),.UNSPECIFIED.,.F.,.F.,.F.,(2,2),(2,2),(-0.204040116013,
    9.597810179546E-17),(-1.586085190705E-16,1.E-02),
  .PIECEWISE_BEZIER_KNOTS.);
#9333 = CARTESIAN_POINT('',(-2.078999002231,-0.838585153732,6.5100001));
#9334 = CARTESIAN_POINT('',(-2.078999002231,-0.838585153732,6.5000001));
#9335 = CARTESIAN_POINT('',(-1.888321383894,-0.765959987238,6.5100001));
#9336 = CARTESIAN_POINT('',(-1.888321383894,-0.765959987238,6.5000001));
#9337 = ADVANCED_FACE('',(#9338),#9362,.T.);
#9338 = FACE_BOUND('',#9339,.T.);
#9339 = EDGE_LOOP('',(#9340,#9351,#9356,#9357));
#9340 = ORIENTED_EDGE('',*,*,#9341,.F.);
#9341 = EDGE_CURVE('',#9342,#9344,#9346,.T.);
#9342 = VERTEX_POINT('',#9343);
#9343 = CARTESIAN_POINT('',(-1.912692245133,-0.751971112887,6.5000001));
#9344 = VERTEX_POINT('',#9345);
#9345 = CARTESIAN_POINT('',(-1.926047477093,-0.748851642648,6.5000001));
#9346 = B_SPLINE_CURVE_WITH_KNOTS('',3,(#9347,#9348,#9349,#9350),
  .UNSPECIFIED.,.F.,.F.,(4,4),(3.,4.),.PIECEWISE_BEZIER_KNOTS.);
#9347 = CARTESIAN_POINT('',(-1.912692245133,-0.751971112887,6.5000001));
#9348 = CARTESIAN_POINT('',(-1.918443768385,-0.75104502016,6.5000001));
#9349 = CARTESIAN_POINT('',(-1.922928006854,-0.750021443988,6.5000001));
#9350 = CARTESIAN_POINT('',(-1.926047477093,-0.748851642648,6.5000001));
#9351 = ORIENTED_EDGE('',*,*,#9352,.F.);
#9352 = EDGE_CURVE('',#9160,#9342,#9353,.T.);
#9353 = B_SPLINE_CURVE_WITH_KNOTS('',1,(#9354,#9355),.UNSPECIFIED.,.F.,
  .F.,(2,2),(0.,1.E-02),.PIECEWISE_BEZIER_KNOTS.);
#9354 = CARTESIAN_POINT('',(-1.912692245133,-0.751971112887,6.5100001));
#9355 = CARTESIAN_POINT('',(-1.912692245133,-0.751971112887,6.5000001));
#9356 = ORIENTED_EDGE('',*,*,#9159,.T.);
#9357 = ORIENTED_EDGE('',*,*,#9358,.T.);
#9358 = EDGE_CURVE('',#9162,#9344,#9359,.T.);
#9359 = B_SPLINE_CURVE_WITH_KNOTS('',1,(#9360,#9361),.UNSPECIFIED.,.F.,
  .F.,(2,2),(0.,1.E-02),.PIECEWISE_BEZIER_KNOTS.);
#9360 = CARTESIAN_POINT('',(-1.926047477093,-0.748851642648,6.5100001));
#9361 = CARTESIAN_POINT('',(-1.926047477093,-0.748851642648,6.5000001));
#9362 = B_SPLINE_SURFACE_WITH_KNOTS('',3,1,(
    (#9363,#9364)
    ,(#9365,#9366)
    ,(#9367,#9368)
    ,(#9369,#9370
    )),.UNSPECIFIED.,.F.,.F.,.F.,(4,4),(2,2),(3.,4.),(0.,1.),
  .PIECEWISE_BEZIER_KNOTS.);
#9363 = CARTESIAN_POINT('',(-1.912692245133,-0.751971112887,6.5100001));
#9364 = CARTESIAN_POINT('',(-1.912692245133,-0.751971112887,6.5000001));
#9365 = CARTESIAN_POINT('',(-1.918443768385,-0.75104502016,6.5100001));
#9366 = CARTESIAN_POINT('',(-1.918443768385,-0.75104502016,6.5000001));
#9367 = CARTESIAN_POINT('',(-1.922928006854,-0.750021443988,6.5100001));
#9368 = CARTESIAN_POINT('',(-1.922928006854,-0.750021443988,6.5000001));
#9369 = CARTESIAN_POINT('',(-1.926047477093,-0.748851642648,6.5100001));
#9370 = CARTESIAN_POINT('',(-1.926047477093,-0.748851642648,6.5000001));
#9371 = ADVANCED_FACE('',(#9372),#9388,.T.);
#9372 = FACE_BOUND('',#9373,.T.);
#9373 = EDGE_LOOP('',(#9374,#9381,#9382,#9383));
#9374 = ORIENTED_EDGE('',*,*,#9375,.F.);
#9375 = EDGE_CURVE('',#9344,#9376,#9378,.T.);
#9376 = VERTEX_POINT('',#9377);
#9377 = CARTESIAN_POINT('',(-2.005301517842,-0.720337734998,6.5000001));
#9378 = B_SPLINE_CURVE_WITH_KNOTS('',1,(#9379,#9380),.UNSPECIFIED.,.F.,
  .F.,(2,2),(0.,8.42273465368E-02),.PIECEWISE_BEZIER_KNOTS.);
#9379 = CARTESIAN_POINT('',(-1.926047477093,-0.748851642648,6.5000001));
#9380 = CARTESIAN_POINT('',(-2.005301517842,-0.720337734998,6.5000001));
#9381 = ORIENTED_EDGE('',*,*,#9358,.F.);
#9382 = ORIENTED_EDGE('',*,*,#9200,.T.);
#9383 = ORIENTED_EDGE('',*,*,#9384,.T.);
#9384 = EDGE_CURVE('',#9194,#9376,#9385,.T.);
#9385 = B_SPLINE_CURVE_WITH_KNOTS('',1,(#9386,#9387),.UNSPECIFIED.,.F.,
  .F.,(2,2),(0.,1.E-02),.PIECEWISE_BEZIER_KNOTS.);
#9386 = CARTESIAN_POINT('',(-2.005301517842,-0.720337734998,6.5100001));
#9387 = CARTESIAN_POINT('',(-2.005301517842,-0.720337734998,6.5000001));
#9388 = B_SPLINE_SURFACE_WITH_KNOTS('',1,1,(
    (#9389,#9390)
    ,(#9391,#9392
    )),.UNSPECIFIED.,.F.,.F.,.F.,(2,2),(2,2),(0.,8.42273465368E-02),(
    -3.173634737057E-17,1.E-02),.PIECEWISE_BEZIER_KNOTS.);
#9389 = CARTESIAN_POINT('',(-1.926047477093,-0.748851642648,6.5100001));
#9390 = CARTESIAN_POINT('',(-1.926047477093,-0.748851642648,6.5000001));
#9391 = CARTESIAN_POINT('',(-2.005301517842,-0.720337734998,6.5100001));
#9392 = CARTESIAN_POINT('',(-2.005301517842,-0.720337734998,6.5000001));
#9393 = ADVANCED_FACE('',(#9394),#9410,.T.);
#9394 = FACE_BOUND('',#9395,.T.);
#9395 = EDGE_LOOP('',(#9396,#9403,#9404,#9405));
#9396 = ORIENTED_EDGE('',*,*,#9397,.F.);
#9397 = EDGE_CURVE('',#9376,#9398,#9400,.T.);
#9398 = VERTEX_POINT('',#9399);
#9399 = CARTESIAN_POINT('',(-2.005301517842,-0.784335616613,6.5000001));
#9400 = B_SPLINE_CURVE_WITH_KNOTS('',1,(#9401,#9402),.UNSPECIFIED.,.F.,
  .F.,(2,2),(0.,6.399788161437E-02),.PIECEWISE_BEZIER_KNOTS.);
#9401 = CARTESIAN_POINT('',(-2.005301517842,-0.720337734998,6.5000001));
#9402 = CARTESIAN_POINT('',(-2.005301517842,-0.784335616613,6.5000001));
#9403 = ORIENTED_EDGE('',*,*,#9384,.F.);
#9404 = ORIENTED_EDGE('',*,*,#9193,.T.);
#9405 = ORIENTED_EDGE('',*,*,#9406,.T.);
#9406 = EDGE_CURVE('',#9187,#9398,#9407,.T.);
#9407 = B_SPLINE_CURVE_WITH_KNOTS('',1,(#9408,#9409),.UNSPECIFIED.,.F.,
  .F.,(2,2),(0.,1.E-02),.PIECEWISE_BEZIER_KNOTS.);
#9408 = CARTESIAN_POINT('',(-2.005301517842,-0.784335616613,6.5100001));
#9409 = CARTESIAN_POINT('',(-2.005301517842,-0.784335616613,6.5000001));
#9410 = B_SPLINE_SURFACE_WITH_KNOTS('',1,1,(
    (#9411,#9412)
    ,(#9413,#9414
    )),.UNSPECIFIED.,.F.,.F.,.F.,(2,2),(2,2),(0.,6.399788161437E-02),(0.
    ,1.E-02),.PIECEWISE_BEZIER_KNOTS.);
#9411 = CARTESIAN_POINT('',(-2.005301517842,-0.720337734998,6.5100001));
#9412 = CARTESIAN_POINT('',(-2.005301517842,-0.720337734998,6.5000001));
#9413 = CARTESIAN_POINT('',(-2.005301517842,-0.784335616613,6.5100001));
#9414 = CARTESIAN_POINT('',(-2.005301517842,-0.784335616613,6.5000001));
#9415 = ADVANCED_FACE('',(#9416),#9432,.T.);
#9416 = FACE_BOUND('',#9417,.T.);
#9417 = EDGE_LOOP('',(#9418,#9425,#9426,#9427));
#9418 = ORIENTED_EDGE('',*,*,#9419,.F.);
#9419 = EDGE_CURVE('',#9398,#9420,#9422,.T.);
#9420 = VERTEX_POINT('',#9421);
#9421 = CARTESIAN_POINT('',(-1.926047477093,-0.755529258628,6.5000001));
#9422 = B_SPLINE_CURVE_WITH_KNOTS('',1,(#9423,#9424),.UNSPECIFIED.,.F.,
  .F.,(2,2),(0.,8.432680022087E-02),.PIECEWISE_BEZIER_KNOTS.);
#9423 = CARTESIAN_POINT('',(-2.005301517842,-0.784335616613,6.5000001));
#9424 = CARTESIAN_POINT('',(-1.926047477093,-0.755529258628,6.5000001));
#9425 = ORIENTED_EDGE('',*,*,#9406,.F.);
#9426 = ORIENTED_EDGE('',*,*,#9186,.T.);
#9427 = ORIENTED_EDGE('',*,*,#9428,.T.);
#9428 = EDGE_CURVE('',#9178,#9420,#9429,.T.);
#9429 = B_SPLINE_CURVE_WITH_KNOTS('',1,(#9430,#9431),.UNSPECIFIED.,.F.,
  .F.,(2,2),(0.,1.E-02),.PIECEWISE_BEZIER_KNOTS.);
#9430 = CARTESIAN_POINT('',(-1.926047477093,-0.755529258628,6.5100001));
#9431 = CARTESIAN_POINT('',(-1.926047477093,-0.755529258628,6.5000001));
#9432 = B_SPLINE_SURFACE_WITH_KNOTS('',1,1,(
    (#9433,#9434)
    ,(#9435,#9436
    )),.UNSPECIFIED.,.F.,.F.,.F.,(2,2),(2,2),(-4.688605514311E-17,
    8.432680022087E-02),(0.,1.E-02),.PIECEWISE_BEZIER_KNOTS.);
#9433 = CARTESIAN_POINT('',(-2.005301517842,-0.784335616613,6.5100001));
#9434 = CARTESIAN_POINT('',(-2.005301517842,-0.784335616613,6.5000001));
#9435 = CARTESIAN_POINT('',(-1.926047477093,-0.755529258628,6.5100001));
#9436 = CARTESIAN_POINT('',(-1.926047477093,-0.755529258628,6.5000001));
#9437 = ADVANCED_FACE('',(#9438),#9456,.T.);
#9438 = FACE_BOUND('',#9439,.T.);
#9439 = EDGE_LOOP('',(#9440,#9449,#9450,#9451));
#9440 = ORIENTED_EDGE('',*,*,#9441,.F.);
#9441 = EDGE_CURVE('',#9420,#9442,#9444,.T.);
#9442 = VERTEX_POINT('',#9443);
#9443 = CARTESIAN_POINT('',(-1.912692245133,-0.752556013556,6.5000001));
#9444 = B_SPLINE_CURVE_WITH_KNOTS('',3,(#9445,#9446,#9447,#9448),
  .UNSPECIFIED.,.F.,.F.,(4,4),(1.,2.),.PIECEWISE_BEZIER_KNOTS.);
#9445 = CARTESIAN_POINT('',(-1.926047477093,-0.755529258628,6.5000001));
#9446 = CARTESIAN_POINT('',(-1.923415424079,-0.754603165901,6.5000001));
#9447 = CARTESIAN_POINT('',(-1.919028669056,-0.753628331451,6.5000001));
#9448 = CARTESIAN_POINT('',(-1.912692245133,-0.752556013556,6.5000001));
#9449 = ORIENTED_EDGE('',*,*,#9428,.F.);
#9450 = ORIENTED_EDGE('',*,*,#9177,.T.);
#9451 = ORIENTED_EDGE('',*,*,#9452,.T.);
#9452 = EDGE_CURVE('',#9171,#9442,#9453,.T.);
#9453 = B_SPLINE_CURVE_WITH_KNOTS('',1,(#9454,#9455),.UNSPECIFIED.,.F.,
  .F.,(2,2),(0.,1.E-02),.PIECEWISE_BEZIER_KNOTS.);
#9454 = CARTESIAN_POINT('',(-1.912692245133,-0.752556013556,6.5100001));
#9455 = CARTESIAN_POINT('',(-1.912692245133,-0.752556013556,6.5000001));
#9456 = B_SPLINE_SURFACE_WITH_KNOTS('',3,1,(
    (#9457,#9458)
    ,(#9459,#9460)
    ,(#9461,#9462)
    ,(#9463,#9464
    )),.UNSPECIFIED.,.F.,.F.,.F.,(4,4),(2,2),(1.,2.),(0.,1.),
  .PIECEWISE_BEZIER_KNOTS.);
#9457 = CARTESIAN_POINT('',(-1.926047477093,-0.755529258628,6.5100001));
#9458 = CARTESIAN_POINT('',(-1.926047477093,-0.755529258628,6.5000001));
#9459 = CARTESIAN_POINT('',(-1.923415424079,-0.754603165901,6.5100001));
#9460 = CARTESIAN_POINT('',(-1.923415424079,-0.754603165901,6.5000001));
#9461 = CARTESIAN_POINT('',(-1.919028669056,-0.753628331451,6.5100001));
#9462 = CARTESIAN_POINT('',(-1.919028669056,-0.753628331451,6.5000001));
#9463 = CARTESIAN_POINT('',(-1.912692245133,-0.752556013556,6.5100001));
#9464 = CARTESIAN_POINT('',(-1.912692245133,-0.752556013556,6.5000001));
#9465 = ADVANCED_FACE('',(#9466),#9476,.T.);
#9466 = FACE_BOUND('',#9467,.T.);
#9467 = EDGE_LOOP('',(#9468,#9473,#9474,#9475));
#9468 = ORIENTED_EDGE('',*,*,#9469,.F.);
#9469 = EDGE_CURVE('',#9442,#9342,#9470,.T.);
#9470 = B_SPLINE_CURVE_WITH_KNOTS('',1,(#9471,#9472),.UNSPECIFIED.,.F.,
  .F.,(2,2),(0.,5.849006690772E-04),.PIECEWISE_BEZIER_KNOTS.);
#9471 = CARTESIAN_POINT('',(-1.912692245133,-0.752556013556,6.5000001));
#9472 = CARTESIAN_POINT('',(-1.912692245133,-0.751971112887,6.5000001));
#9473 = ORIENTED_EDGE('',*,*,#9452,.F.);
#9474 = ORIENTED_EDGE('',*,*,#9170,.T.);
#9475 = ORIENTED_EDGE('',*,*,#9352,.T.);
#9476 = B_SPLINE_SURFACE_WITH_KNOTS('',1,1,(
    (#9477,#9478)
    ,(#9479,#9480
    )),.UNSPECIFIED.,.F.,.F.,.F.,(2,2),(2,2),(-4.119267568565E-17,
    5.849006690772E-04),(-4.08433954232E-18,1.E-02),
  .PIECEWISE_BEZIER_KNOTS.);
#9477 = CARTESIAN_POINT('',(-1.912692245133,-0.752556013556,6.5100001));
#9478 = CARTESIAN_POINT('',(-1.912692245133,-0.752556013556,6.5000001));
#9479 = CARTESIAN_POINT('',(-1.912692245133,-0.751971112887,6.5100001));
#9480 = CARTESIAN_POINT('',(-1.912692245133,-0.751971112887,6.5000001));
#9481 = ADVANCED_FACE('',(#9482),#9490,.F.);
#9482 = FACE_BOUND('',#9483,.T.);
#9483 = EDGE_LOOP('',(#9484,#9485,#9486,#9487,#9488,#9489));
#9484 = ORIENTED_EDGE('',*,*,#9469,.T.);
#9485 = ORIENTED_EDGE('',*,*,#9341,.T.);
#9486 = ORIENTED_EDGE('',*,*,#9375,.T.);
#9487 = ORIENTED_EDGE('',*,*,#9397,.T.);
#9488 = ORIENTED_EDGE('',*,*,#9419,.T.);
#9489 = ORIENTED_EDGE('',*,*,#9441,.T.);
#9490 = B_SPLINE_SURFACE_WITH_KNOTS('',1,1,(
    (#9491,#9492)
    ,(#9493,#9494
    )),.UNSPECIFIED.,.F.,.F.,.F.,(2,2),(2,2),(-0.755301517842,
    -0.662692245133),(3.970337734998,4.034335616613),
  .PIECEWISE_BEZIER_KNOTS.);
#9491 = CARTESIAN_POINT('',(-2.005301517842,-0.720337734998,6.5000001));
#9492 = CARTESIAN_POINT('',(-2.005301517842,-0.784335616613,6.5000001));
#9493 = CARTESIAN_POINT('',(-1.912692245133,-0.720337734998,6.5000001));
#9494 = CARTESIAN_POINT('',(-1.912692245133,-0.784335616613,6.5000001));
#9495 = ADVANCED_FACE('',(#9496),#9518,.F.);
#9496 = FACE_BOUND('',#9497,.T.);
#9497 = EDGE_LOOP('',(#9498,#9499,#9506,#9513));
#9498 = ORIENTED_EDGE('',*,*,#992,.T.);
#9499 = ORIENTED_EDGE('',*,*,#9500,.F.);
#9500 = EDGE_CURVE('',#9501,#995,#9503,.T.);
#9501 = VERTEX_POINT('',#9502);
#9502 = CARTESIAN_POINT('',(-2.057260194005,-0.387236803579,6.5100001));
#9503 = B_SPLINE_CURVE_WITH_KNOTS('',1,(#9504,#9505),.UNSPECIFIED.,.F.,
  .F.,(2,2),(0.,1.E-02),.PIECEWISE_BEZIER_KNOTS.);
#9504 = CARTESIAN_POINT('',(-2.057260194005,-0.387236803579,6.5100001));
#9505 = CARTESIAN_POINT('',(-2.057260194005,-0.387236803579,6.5000001));
#9506 = ORIENTED_EDGE('',*,*,#9507,.F.);
#9507 = EDGE_CURVE('',#9508,#9501,#9510,.T.);
#9508 = VERTEX_POINT('',#9509);
#9509 = CARTESIAN_POINT('',(-2.057260194005,-0.465174817822,6.5100001));
#9510 = B_SPLINE_CURVE_WITH_KNOTS('',1,(#9511,#9512),.UNSPECIFIED.,.F.,
  .F.,(2,2),(-7.793801424299E-02,0.),.PIECEWISE_BEZIER_KNOTS.);
#9511 = CARTESIAN_POINT('',(-2.057260194005,-0.465174817822,6.5100001));
#9512 = CARTESIAN_POINT('',(-2.057260194005,-0.387236803579,6.5100001));
#9513 = ORIENTED_EDGE('',*,*,#9514,.T.);
#9514 = EDGE_CURVE('',#9508,#993,#9515,.T.);
#9515 = B_SPLINE_CURVE_WITH_KNOTS('',1,(#9516,#9517),.UNSPECIFIED.,.F.,
  .F.,(2,2),(0.,1.E-02),.PIECEWISE_BEZIER_KNOTS.);
#9516 = CARTESIAN_POINT('',(-2.057260194005,-0.465174817822,6.5100001));
#9517 = CARTESIAN_POINT('',(-2.057260194005,-0.465174817822,6.5000001));
#9518 = B_SPLINE_SURFACE_WITH_KNOTS('',1,1,(
    (#9519,#9520)
    ,(#9521,#9522
    )),.UNSPECIFIED.,.F.,.F.,.F.,(2,2),(2,2),(-7.793801424299E-02,
    1.431847554561E-17),(0.,1.E-02),.PIECEWISE_BEZIER_KNOTS.);
#9519 = CARTESIAN_POINT('',(-2.057260194005,-0.465174817822,6.5100001));
#9520 = CARTESIAN_POINT('',(-2.057260194005,-0.465174817822,6.5000001));
#9521 = CARTESIAN_POINT('',(-2.057260194005,-0.387236803579,6.5100001));
#9522 = CARTESIAN_POINT('',(-2.057260194005,-0.387236803579,6.5000001));
#9523 = ADVANCED_FACE('',(#9524),#9540,.F.);
#9524 = FACE_BOUND('',#9525,.T.);
#9525 = EDGE_LOOP('',(#9526,#9527,#9534,#9539));
#9526 = ORIENTED_EDGE('',*,*,#1071,.T.);
#9527 = ORIENTED_EDGE('',*,*,#9528,.F.);
#9528 = EDGE_CURVE('',#9529,#1065,#9531,.T.);
#9529 = VERTEX_POINT('',#9530);
#9530 = CARTESIAN_POINT('',(-1.993116087224,-0.387236803579,6.5100001));
#9531 = B_SPLINE_CURVE_WITH_KNOTS('',1,(#9532,#9533),.UNSPECIFIED.,.F.,
  .F.,(2,2),(0.,1.E-02),.PIECEWISE_BEZIER_KNOTS.);
#9532 = CARTESIAN_POINT('',(-1.993116087224,-0.387236803579,6.5100001));
#9533 = CARTESIAN_POINT('',(-1.993116087224,-0.387236803579,6.5000001));
#9534 = ORIENTED_EDGE('',*,*,#9535,.F.);
#9535 = EDGE_CURVE('',#9501,#9529,#9536,.T.);
#9536 = B_SPLINE_CURVE_WITH_KNOTS('',1,(#9537,#9538),.UNSPECIFIED.,.F.,
  .F.,(2,2),(-6.414410678164E-02,0.),.PIECEWISE_BEZIER_KNOTS.);
#9537 = CARTESIAN_POINT('',(-2.057260194005,-0.387236803579,6.5100001));
#9538 = CARTESIAN_POINT('',(-1.993116087224,-0.387236803579,6.5100001));
#9539 = ORIENTED_EDGE('',*,*,#9500,.T.);
#9540 = B_SPLINE_SURFACE_WITH_KNOTS('',1,1,(
    (#9541,#9542)
    ,(#9543,#9544
    )),.UNSPECIFIED.,.F.,.F.,.F.,(2,2),(2,2),(-6.414410678164E-02,
    3.944304526105E-33),(-2.239579518248E-16,1.E-02),
  .PIECEWISE_BEZIER_KNOTS.);
#9541 = CARTESIAN_POINT('',(-2.057260194005,-0.387236803579,6.5100001));
#9542 = CARTESIAN_POINT('',(-2.057260194005,-0.387236803579,6.5000001));
#9543 = CARTESIAN_POINT('',(-1.993116087224,-0.387236803579,6.5100001));
#9544 = CARTESIAN_POINT('',(-1.993116087224,-0.387236803579,6.5000001));
#9545 = ADVANCED_FACE('',(#9546),#9562,.F.);
#9546 = FACE_BOUND('',#9547,.T.);
#9547 = EDGE_LOOP('',(#9548,#9549,#9556,#9561));
#9548 = ORIENTED_EDGE('',*,*,#1064,.T.);
#9549 = ORIENTED_EDGE('',*,*,#9550,.F.);
#9550 = EDGE_CURVE('',#9551,#1058,#9553,.T.);
#9551 = VERTEX_POINT('',#9552);
#9552 = CARTESIAN_POINT('',(-1.993116087224,-0.455426473326,6.5100001));
#9553 = B_SPLINE_CURVE_WITH_KNOTS('',1,(#9554,#9555),.UNSPECIFIED.,.F.,
  .F.,(2,2),(0.,1.E-02),.PIECEWISE_BEZIER_KNOTS.);
#9554 = CARTESIAN_POINT('',(-1.993116087224,-0.455426473326,6.5100001));
#9555 = CARTESIAN_POINT('',(-1.993116087224,-0.455426473326,6.5000001));
#9556 = ORIENTED_EDGE('',*,*,#9557,.F.);
#9557 = EDGE_CURVE('',#9529,#9551,#9558,.T.);
#9558 = B_SPLINE_CURVE_WITH_KNOTS('',1,(#9559,#9560),.UNSPECIFIED.,.F.,
  .F.,(2,2),(-6.81896697473E-02,0.),.PIECEWISE_BEZIER_KNOTS.);
#9559 = CARTESIAN_POINT('',(-1.993116087224,-0.387236803579,6.5100001));
#9560 = CARTESIAN_POINT('',(-1.993116087224,-0.455426473326,6.5100001));
#9561 = ORIENTED_EDGE('',*,*,#9528,.T.);
#9562 = B_SPLINE_SURFACE_WITH_KNOTS('',1,1,(
    (#9563,#9564)
    ,(#9565,#9566
    )),.UNSPECIFIED.,.F.,.F.,.F.,(2,2),(2,2),(-6.81896697473E-02,
    7.88860905221E-33),(-3.20767089991E-17,1.E-02),
  .PIECEWISE_BEZIER_KNOTS.);
#9563 = CARTESIAN_POINT('',(-1.993116087224,-0.387236803579,6.5100001));
#9564 = CARTESIAN_POINT('',(-1.993116087224,-0.387236803579,6.5000001));
#9565 = CARTESIAN_POINT('',(-1.993116087224,-0.455426473326,6.5100001));
#9566 = CARTESIAN_POINT('',(-1.993116087224,-0.455426473326,6.5000001));
#9567 = ADVANCED_FACE('',(#9568),#9584,.F.);
#9568 = FACE_BOUND('',#9569,.T.);
#9569 = EDGE_LOOP('',(#9570,#9571,#9578,#9583));
#9570 = ORIENTED_EDGE('',*,*,#1057,.T.);
#9571 = ORIENTED_EDGE('',*,*,#9572,.F.);
#9572 = EDGE_CURVE('',#9573,#1051,#9575,.T.);
#9573 = VERTEX_POINT('',#9574);
#9574 = CARTESIAN_POINT('',(-1.971279795553,-0.455426473326,6.5100001));
#9575 = B_SPLINE_CURVE_WITH_KNOTS('',1,(#9576,#9577),.UNSPECIFIED.,.F.,
  .F.,(2,2),(0.,1.E-02),.PIECEWISE_BEZIER_KNOTS.);
#9576 = CARTESIAN_POINT('',(-1.971279795553,-0.455426473326,6.5100001));
#9577 = CARTESIAN_POINT('',(-1.971279795553,-0.455426473326,6.5000001));
#9578 = ORIENTED_EDGE('',*,*,#9579,.F.);
#9579 = EDGE_CURVE('',#9551,#9573,#9580,.T.);
#9580 = B_SPLINE_CURVE_WITH_KNOTS('',1,(#9581,#9582),.UNSPECIFIED.,.F.,
  .F.,(2,2),(-2.183629167026E-02,0.),.PIECEWISE_BEZIER_KNOTS.);
#9581 = CARTESIAN_POINT('',(-1.993116087224,-0.455426473326,6.5100001));
#9582 = CARTESIAN_POINT('',(-1.971279795553,-0.455426473326,6.5100001));
#9583 = ORIENTED_EDGE('',*,*,#9550,.T.);
#9584 = B_SPLINE_SURFACE_WITH_KNOTS('',1,1,(
    (#9585,#9586)
    ,(#9587,#9588
    )),.UNSPECIFIED.,.F.,.F.,.F.,(2,2),(2,2),(-2.183629167026E-02,
    7.610748907408E-17),(-7.624100487626E-17,1.E-02),
  .PIECEWISE_BEZIER_KNOTS.);
#9585 = CARTESIAN_POINT('',(-1.993116087224,-0.455426473326,6.5100001));
#9586 = CARTESIAN_POINT('',(-1.993116087224,-0.455426473326,6.5000001));
#9587 = CARTESIAN_POINT('',(-1.971279795553,-0.455426473326,6.5100001));
#9588 = CARTESIAN_POINT('',(-1.971279795553,-0.455426473326,6.5000001));
#9589 = ADVANCED_FACE('',(#9590),#9606,.F.);
#9590 = FACE_BOUND('',#9591,.T.);
#9591 = EDGE_LOOP('',(#9592,#9593,#9600,#9605));
#9592 = ORIENTED_EDGE('',*,*,#1050,.T.);
#9593 = ORIENTED_EDGE('',*,*,#9594,.F.);
#9594 = EDGE_CURVE('',#9595,#1044,#9597,.T.);
#9595 = VERTEX_POINT('',#9596);
#9596 = CARTESIAN_POINT('',(-1.971279795553,-0.387236803579,6.5100001));
#9597 = B_SPLINE_CURVE_WITH_KNOTS('',1,(#9598,#9599),.UNSPECIFIED.,.F.,
  .F.,(2,2),(0.,1.E-02),.PIECEWISE_BEZIER_KNOTS.);
#9598 = CARTESIAN_POINT('',(-1.971279795553,-0.387236803579,6.5100001));
#9599 = CARTESIAN_POINT('',(-1.971279795553,-0.387236803579,6.5000001));
#9600 = ORIENTED_EDGE('',*,*,#9601,.F.);
#9601 = EDGE_CURVE('',#9573,#9595,#9602,.T.);
#9602 = B_SPLINE_CURVE_WITH_KNOTS('',1,(#9603,#9604),.UNSPECIFIED.,.F.,
  .F.,(2,2),(-6.81896697473E-02,0.),.PIECEWISE_BEZIER_KNOTS.);
#9603 = CARTESIAN_POINT('',(-1.971279795553,-0.455426473326,6.5100001));
#9604 = CARTESIAN_POINT('',(-1.971279795553,-0.387236803579,6.5100001));
#9605 = ORIENTED_EDGE('',*,*,#9572,.T.);
#9606 = B_SPLINE_SURFACE_WITH_KNOTS('',1,1,(
    (#9607,#9608)
    ,(#9609,#9610
    )),.UNSPECIFIED.,.F.,.F.,.F.,(2,2),(2,2),(-6.81896697473E-02,
    6.982962677686E-17),(0.,1.E-02),.PIECEWISE_BEZIER_KNOTS.);
#9607 = CARTESIAN_POINT('',(-1.971279795553,-0.455426473326,6.5100001));
#9608 = CARTESIAN_POINT('',(-1.971279795553,-0.455426473326,6.5000001));
#9609 = CARTESIAN_POINT('',(-1.971279795553,-0.387236803579,6.5100001));
#9610 = CARTESIAN_POINT('',(-1.971279795553,-0.387236803579,6.5000001));
#9611 = ADVANCED_FACE('',(#9612),#9628,.F.);
#9612 = FACE_BOUND('',#9613,.T.);
#9613 = EDGE_LOOP('',(#9614,#9615,#9622,#9627));
#9614 = ORIENTED_EDGE('',*,*,#1043,.T.);
#9615 = ORIENTED_EDGE('',*,*,#9616,.F.);
#9616 = EDGE_CURVE('',#9617,#1037,#9619,.T.);
#9617 = VERTEX_POINT('',#9618);
#9618 = CARTESIAN_POINT('',(-1.910255159009,-0.387236803579,6.5100001));
#9619 = B_SPLINE_CURVE_WITH_KNOTS('',1,(#9620,#9621),.UNSPECIFIED.,.F.,
  .F.,(2,2),(0.,1.E-02),.PIECEWISE_BEZIER_KNOTS.);
#9620 = CARTESIAN_POINT('',(-1.910255159009,-0.387236803579,6.5100001));
#9621 = CARTESIAN_POINT('',(-1.910255159009,-0.387236803579,6.5000001));
#9622 = ORIENTED_EDGE('',*,*,#9623,.F.);
#9623 = EDGE_CURVE('',#9595,#9617,#9624,.T.);
#9624 = B_SPLINE_CURVE_WITH_KNOTS('',1,(#9625,#9626),.UNSPECIFIED.,.F.,
  .F.,(2,2),(-6.102463654395E-02,0.),.PIECEWISE_BEZIER_KNOTS.);
#9625 = CARTESIAN_POINT('',(-1.971279795553,-0.387236803579,6.5100001));
#9626 = CARTESIAN_POINT('',(-1.910255159009,-0.387236803579,6.5100001));
#9627 = ORIENTED_EDGE('',*,*,#9594,.T.);
#9628 = B_SPLINE_SURFACE_WITH_KNOTS('',1,1,(
    (#9629,#9630)
    ,(#9631,#9632
    )),.UNSPECIFIED.,.F.,.F.,.F.,(2,2),(2,2),(-6.102463654395E-02,
    7.88860905221E-33),(0.,1.E-02),.PIECEWISE_BEZIER_KNOTS.);
#9629 = CARTESIAN_POINT('',(-1.971279795553,-0.387236803579,6.5100001));
#9630 = CARTESIAN_POINT('',(-1.971279795553,-0.387236803579,6.5000001));
#9631 = CARTESIAN_POINT('',(-1.910255159009,-0.387236803579,6.5100001));
#9632 = CARTESIAN_POINT('',(-1.910255159009,-0.387236803579,6.5000001));
#9633 = ADVANCED_FACE('',(#9634),#9650,.F.);
#9634 = FACE_BOUND('',#9635,.T.);
#9635 = EDGE_LOOP('',(#9636,#9637,#9644,#9649));
#9636 = ORIENTED_EDGE('',*,*,#1036,.T.);
#9637 = ORIENTED_EDGE('',*,*,#9638,.F.);
#9638 = EDGE_CURVE('',#9639,#1030,#9641,.T.);
#9639 = VERTEX_POINT('',#9640);
#9640 = CARTESIAN_POINT('',(-1.910255159009,-0.460836804522,6.5100001));
#9641 = B_SPLINE_CURVE_WITH_KNOTS('',1,(#9642,#9643),.UNSPECIFIED.,.F.,
  .F.,(2,2),(0.,1.E-02),.PIECEWISE_BEZIER_KNOTS.);
#9642 = CARTESIAN_POINT('',(-1.910255159009,-0.460836804522,6.5100001));
#9643 = CARTESIAN_POINT('',(-1.910255159009,-0.460836804522,6.5000001));
#9644 = ORIENTED_EDGE('',*,*,#9645,.F.);
#9645 = EDGE_CURVE('',#9617,#9639,#9646,.T.);
#9646 = B_SPLINE_CURVE_WITH_KNOTS('',1,(#9647,#9648),.UNSPECIFIED.,.F.,
  .F.,(2,2),(-7.360000094278E-02,0.),.PIECEWISE_BEZIER_KNOTS.);
#9647 = CARTESIAN_POINT('',(-1.910255159009,-0.387236803579,6.5100001));
#9648 = CARTESIAN_POINT('',(-1.910255159009,-0.460836804522,6.5100001));
#9649 = ORIENTED_EDGE('',*,*,#9616,.T.);
#9650 = B_SPLINE_SURFACE_WITH_KNOTS('',1,1,(
    (#9651,#9652)
    ,(#9653,#9654
    )),.UNSPECIFIED.,.F.,.F.,.F.,(2,2),(2,2),(-7.360000094278E-02,
    7.88860905221E-33),(-6.985684981104E-17,1.E-02),
  .PIECEWISE_BEZIER_KNOTS.);
#9651 = CARTESIAN_POINT('',(-1.910255159009,-0.387236803579,6.5100001));
#9652 = CARTESIAN_POINT('',(-1.910255159009,-0.387236803579,6.5000001));
#9653 = CARTESIAN_POINT('',(-1.910255159009,-0.460836804522,6.5100001));
#9654 = CARTESIAN_POINT('',(-1.910255159009,-0.460836804522,6.5000001));
#9655 = ADVANCED_FACE('',(#9656),#9672,.F.);
#9656 = FACE_BOUND('',#9657,.T.);
#9657 = EDGE_LOOP('',(#9658,#9659,#9666,#9671));
#9658 = ORIENTED_EDGE('',*,*,#1029,.T.);
#9659 = ORIENTED_EDGE('',*,*,#9660,.F.);
#9660 = EDGE_CURVE('',#9661,#1023,#9663,.T.);
#9661 = VERTEX_POINT('',#9662);
#9662 = CARTESIAN_POINT('',(-1.888321383894,-0.460836804522,6.5100001));
#9663 = B_SPLINE_CURVE_WITH_KNOTS('',1,(#9664,#9665),.UNSPECIFIED.,.F.,
  .F.,(2,2),(0.,1.E-02),.PIECEWISE_BEZIER_KNOTS.);
#9664 = CARTESIAN_POINT('',(-1.888321383894,-0.460836804522,6.5100001));
#9665 = CARTESIAN_POINT('',(-1.888321383894,-0.460836804522,6.5000001));
#9666 = ORIENTED_EDGE('',*,*,#9667,.F.);
#9667 = EDGE_CURVE('',#9639,#9661,#9668,.T.);
#9668 = B_SPLINE_CURVE_WITH_KNOTS('',1,(#9669,#9670),.UNSPECIFIED.,.F.,
  .F.,(2,2),(-2.193377511511E-02,0.),.PIECEWISE_BEZIER_KNOTS.);
#9669 = CARTESIAN_POINT('',(-1.910255159009,-0.460836804522,6.5100001));
#9670 = CARTESIAN_POINT('',(-1.888321383894,-0.460836804522,6.5100001));
#9671 = ORIENTED_EDGE('',*,*,#9638,.T.);
#9672 = B_SPLINE_SURFACE_WITH_KNOTS('',1,1,(
    (#9673,#9674)
    ,(#9675,#9676
    )),.UNSPECIFIED.,.F.,.F.,.F.,(2,2),(2,2),(-2.193377511511E-02,
    3.944304526105E-33),(-7.658136650477E-17,1.E-02),
  .PIECEWISE_BEZIER_KNOTS.);
#9673 = CARTESIAN_POINT('',(-1.910255159009,-0.460836804522,6.5100001));
#9674 = CARTESIAN_POINT('',(-1.910255159009,-0.460836804522,6.5000001));
#9675 = CARTESIAN_POINT('',(-1.888321383894,-0.460836804522,6.5100001));
#9676 = CARTESIAN_POINT('',(-1.888321383894,-0.460836804522,6.5000001));
#9677 = ADVANCED_FACE('',(#9678),#9694,.F.);
#9678 = FACE_BOUND('',#9679,.T.);
#9679 = EDGE_LOOP('',(#9680,#9681,#9688,#9693));
#9680 = ORIENTED_EDGE('',*,*,#1022,.T.);
#9681 = ORIENTED_EDGE('',*,*,#9682,.F.);
#9682 = EDGE_CURVE('',#9683,#1016,#9685,.T.);
#9683 = VERTEX_POINT('',#9684);
#9684 = CARTESIAN_POINT('',(-1.888321383894,-0.362622233728,6.5100001));
#9685 = B_SPLINE_CURVE_WITH_KNOTS('',1,(#9686,#9687),.UNSPECIFIED.,.F.,
  .F.,(2,2),(0.,1.E-02),.PIECEWISE_BEZIER_KNOTS.);
#9686 = CARTESIAN_POINT('',(-1.888321383894,-0.362622233728,6.5100001));
#9687 = CARTESIAN_POINT('',(-1.888321383894,-0.362622233728,6.5000001));
#9688 = ORIENTED_EDGE('',*,*,#9689,.F.);
#9689 = EDGE_CURVE('',#9661,#9683,#9690,.T.);
#9690 = B_SPLINE_CURVE_WITH_KNOTS('',1,(#9691,#9692),.UNSPECIFIED.,.F.,
  .F.,(2,2),(-9.82145707944E-02,0.),.PIECEWISE_BEZIER_KNOTS.);
#9691 = CARTESIAN_POINT('',(-1.888321383894,-0.460836804522,6.5100001));
#9692 = CARTESIAN_POINT('',(-1.888321383894,-0.362622233728,6.5100001));
#9693 = ORIENTED_EDGE('',*,*,#9660,.T.);
#9694 = B_SPLINE_SURFACE_WITH_KNOTS('',1,1,(
    (#9695,#9696)
    ,(#9697,#9698
    )),.UNSPECIFIED.,.F.,.F.,.F.,(2,2),(2,2),(-9.82145707944E-02,
    1.431847554561E-17),(-7.747763522277E-32,1.E-02),
  .PIECEWISE_BEZIER_KNOTS.);
#9695 = CARTESIAN_POINT('',(-1.888321383894,-0.460836804522,6.5100001));
#9696 = CARTESIAN_POINT('',(-1.888321383894,-0.460836804522,6.5000001));
#9697 = CARTESIAN_POINT('',(-1.888321383894,-0.362622233728,6.5100001));
#9698 = CARTESIAN_POINT('',(-1.888321383894,-0.362622233728,6.5000001));
#9699 = ADVANCED_FACE('',(#9700),#9716,.F.);
#9700 = FACE_BOUND('',#9701,.T.);
#9701 = EDGE_LOOP('',(#9702,#9703,#9710,#9715));
#9702 = ORIENTED_EDGE('',*,*,#1015,.T.);
#9703 = ORIENTED_EDGE('',*,*,#9704,.F.);
#9704 = EDGE_CURVE('',#9705,#1009,#9707,.T.);
#9705 = VERTEX_POINT('',#9706);
#9706 = CARTESIAN_POINT('',(-2.078999002231,-0.362622233728,6.5100001));
#9707 = B_SPLINE_CURVE_WITH_KNOTS('',1,(#9708,#9709),.UNSPECIFIED.,.F.,
  .F.,(2,2),(0.,1.E-02),.PIECEWISE_BEZIER_KNOTS.);
#9708 = CARTESIAN_POINT('',(-2.078999002231,-0.362622233728,6.5100001));
#9709 = CARTESIAN_POINT('',(-2.078999002231,-0.362622233728,6.5000001));
#9710 = ORIENTED_EDGE('',*,*,#9711,.F.);
#9711 = EDGE_CURVE('',#9683,#9705,#9712,.T.);
#9712 = B_SPLINE_CURVE_WITH_KNOTS('',1,(#9713,#9714),.UNSPECIFIED.,.F.,
  .F.,(2,2),(-0.190677618336,0.),.PIECEWISE_BEZIER_KNOTS.);
#9713 = CARTESIAN_POINT('',(-1.888321383894,-0.362622233728,6.5100001));
#9714 = CARTESIAN_POINT('',(-2.078999002231,-0.362622233728,6.5100001));
#9715 = ORIENTED_EDGE('',*,*,#9682,.T.);
#9716 = B_SPLINE_SURFACE_WITH_KNOTS('',1,1,(
    (#9717,#9718)
    ,(#9719,#9720
    )),.UNSPECIFIED.,.F.,.F.,.F.,(2,2),(2,2),(-0.190677618336,0.),(
    -2.224310735436E-16,1.E-02),.PIECEWISE_BEZIER_KNOTS.);
#9717 = CARTESIAN_POINT('',(-1.888321383894,-0.362622233728,6.5100001));
#9718 = CARTESIAN_POINT('',(-1.888321383894,-0.362622233728,6.5000001));
#9719 = CARTESIAN_POINT('',(-2.078999002231,-0.362622233728,6.5100001));
#9720 = CARTESIAN_POINT('',(-2.078999002231,-0.362622233728,6.5000001));
#9721 = ADVANCED_FACE('',(#9722),#9738,.F.);
#9722 = FACE_BOUND('',#9723,.T.);
#9723 = EDGE_LOOP('',(#9724,#9725,#9732,#9737));
#9724 = ORIENTED_EDGE('',*,*,#1008,.T.);
#9725 = ORIENTED_EDGE('',*,*,#9726,.F.);
#9726 = EDGE_CURVE('',#9727,#1002,#9729,.T.);
#9727 = VERTEX_POINT('',#9728);
#9728 = CARTESIAN_POINT('',(-2.078999002231,-0.465174817822,6.5100001));
#9729 = B_SPLINE_CURVE_WITH_KNOTS('',1,(#9730,#9731),.UNSPECIFIED.,.F.,
  .F.,(2,2),(0.,1.E-02),.PIECEWISE_BEZIER_KNOTS.);
#9730 = CARTESIAN_POINT('',(-2.078999002231,-0.465174817822,6.5100001));
#9731 = CARTESIAN_POINT('',(-2.078999002231,-0.465174817822,6.5000001));
#9732 = ORIENTED_EDGE('',*,*,#9733,.F.);
#9733 = EDGE_CURVE('',#9705,#9727,#9734,.T.);
#9734 = B_SPLINE_CURVE_WITH_KNOTS('',1,(#9735,#9736),.UNSPECIFIED.,.F.,
  .F.,(2,2),(-0.102552584095,0.),.PIECEWISE_BEZIER_KNOTS.);
#9735 = CARTESIAN_POINT('',(-2.078999002231,-0.362622233728,6.5100001));
#9736 = CARTESIAN_POINT('',(-2.078999002231,-0.465174817822,6.5100001));
#9737 = ORIENTED_EDGE('',*,*,#9704,.T.);
#9738 = B_SPLINE_SURFACE_WITH_KNOTS('',1,1,(
    (#9739,#9740)
    ,(#9741,#9742
    )),.UNSPECIFIED.,.F.,.F.,.F.,(2,2),(2,2),(-0.102552584095,
    7.88860905221E-33),(-2.720316573829E-16,1.E-02),
  .PIECEWISE_BEZIER_KNOTS.);
#9739 = CARTESIAN_POINT('',(-2.078999002231,-0.362622233728,6.5100001));
#9740 = CARTESIAN_POINT('',(-2.078999002231,-0.362622233728,6.5000001));
#9741 = CARTESIAN_POINT('',(-2.078999002231,-0.465174817822,6.5100001));
#9742 = CARTESIAN_POINT('',(-2.078999002231,-0.465174817822,6.5000001));
#9743 = ADVANCED_FACE('',(#9744),#9754,.F.);
#9744 = FACE_BOUND('',#9745,.T.);
#9745 = EDGE_LOOP('',(#9746,#9747,#9748,#9753));
#9746 = ORIENTED_EDGE('',*,*,#1001,.T.);
#9747 = ORIENTED_EDGE('',*,*,#9514,.F.);
#9748 = ORIENTED_EDGE('',*,*,#9749,.F.);
#9749 = EDGE_CURVE('',#9727,#9508,#9750,.T.);
#9750 = B_SPLINE_CURVE_WITH_KNOTS('',1,(#9751,#9752),.UNSPECIFIED.,.F.,
  .F.,(2,2),(-2.173880822541E-02,0.),.PIECEWISE_BEZIER_KNOTS.);
#9751 = CARTESIAN_POINT('',(-2.078999002231,-0.465174817822,6.5100001));
#9752 = CARTESIAN_POINT('',(-2.057260194005,-0.465174817822,6.5100001));
#9753 = ORIENTED_EDGE('',*,*,#9726,.T.);
#9754 = B_SPLINE_SURFACE_WITH_KNOTS('',1,1,(
    (#9755,#9756)
    ,(#9757,#9758
    )),.UNSPECIFIED.,.F.,.F.,.F.,(2,2),(2,2),(-2.173880822541E-02,
    3.944304526105E-33),(0.,1.E-02),.PIECEWISE_BEZIER_KNOTS.);
#9755 = CARTESIAN_POINT('',(-2.078999002231,-0.465174817822,6.5100001));
#9756 = CARTESIAN_POINT('',(-2.078999002231,-0.465174817822,6.5000001));
#9757 = CARTESIAN_POINT('',(-2.057260194005,-0.465174817822,6.5100001));
#9758 = CARTESIAN_POINT('',(-2.057260194005,-0.465174817822,6.5000001));
#9759 = ADVANCED_FACE('',(#9760),#9774,.F.);
#9760 = FACE_BOUND('',#9761,.T.);
#9761 = EDGE_LOOP('',(#9762,#9763,#9764,#9765,#9766,#9767,#9768,#9769,
    #9770,#9771,#9772,#9773));
#9762 = ORIENTED_EDGE('',*,*,#9507,.T.);
#9763 = ORIENTED_EDGE('',*,*,#9535,.T.);
#9764 = ORIENTED_EDGE('',*,*,#9557,.T.);
#9765 = ORIENTED_EDGE('',*,*,#9579,.T.);
#9766 = ORIENTED_EDGE('',*,*,#9601,.T.);
#9767 = ORIENTED_EDGE('',*,*,#9623,.T.);
#9768 = ORIENTED_EDGE('',*,*,#9645,.T.);
#9769 = ORIENTED_EDGE('',*,*,#9667,.T.);
#9770 = ORIENTED_EDGE('',*,*,#9689,.T.);
#9771 = ORIENTED_EDGE('',*,*,#9711,.T.);
#9772 = ORIENTED_EDGE('',*,*,#9733,.T.);
#9773 = ORIENTED_EDGE('',*,*,#9749,.T.);
#9774 = B_SPLINE_SURFACE_WITH_KNOTS('',1,1,(
    (#9775,#9776)
    ,(#9777,#9778
    )),.UNSPECIFIED.,.F.,.F.,.F.,(2,2),(2,2),(0.671000997769,
    0.861678616106),(0.362622233728,0.465174817822),
  .PIECEWISE_BEZIER_KNOTS.);
#9775 = CARTESIAN_POINT('',(-2.078999002231,-0.362622233728,6.5100001));
#9776 = CARTESIAN_POINT('',(-2.078999002231,-0.465174817822,6.5100001));
#9777 = CARTESIAN_POINT('',(-1.888321383894,-0.362622233728,6.5100001));
#9778 = CARTESIAN_POINT('',(-1.888321383894,-0.465174817822,6.5100001));
#9779 = ADVANCED_FACE('',(#9780),#9802,.F.);
#9780 = FACE_BOUND('',#9781,.T.);
#9781 = EDGE_LOOP('',(#9782,#9783,#9790,#9797));
#9782 = ORIENTED_EDGE('',*,*,#2347,.T.);
#9783 = ORIENTED_EDGE('',*,*,#9784,.F.);
#9784 = EDGE_CURVE('',#9785,#2350,#9787,.T.);
#9785 = VERTEX_POINT('',#9786);
#9786 = CARTESIAN_POINT('',(-2.057260194005,-9.795468066768E-02,
    6.5100001));
#9787 = B_SPLINE_CURVE_WITH_KNOTS('',1,(#9788,#9789),.UNSPECIFIED.,.F.,
  .F.,(2,2),(0.,1.E-02),.PIECEWISE_BEZIER_KNOTS.);
#9788 = CARTESIAN_POINT('',(-2.057260194005,-9.795468066768E-02,
    6.5100001));
#9789 = CARTESIAN_POINT('',(-2.057260194005,-9.795468066768E-02,
    6.5000001));
#9790 = ORIENTED_EDGE('',*,*,#9791,.F.);
#9791 = EDGE_CURVE('',#9792,#9785,#9794,.T.);
#9792 = VERTEX_POINT('',#9793);
#9793 = CARTESIAN_POINT('',(-2.057260194005,-0.17389428429,6.5100001));
#9794 = B_SPLINE_CURVE_WITH_KNOTS('',1,(#9795,#9796),.UNSPECIFIED.,.F.,
  .F.,(2,2),(-7.593960362233E-02,0.),.PIECEWISE_BEZIER_KNOTS.);
#9795 = CARTESIAN_POINT('',(-2.057260194005,-0.17389428429,6.5100001));
#9796 = CARTESIAN_POINT('',(-2.057260194005,-9.795468066768E-02,
    6.5100001));
#9797 = ORIENTED_EDGE('',*,*,#9798,.T.);
#9798 = EDGE_CURVE('',#9792,#2348,#9799,.T.);
#9799 = B_SPLINE_CURVE_WITH_KNOTS('',1,(#9800,#9801),.UNSPECIFIED.,.F.,
  .F.,(2,2),(0.,1.E-02),.PIECEWISE_BEZIER_KNOTS.);
#9800 = CARTESIAN_POINT('',(-2.057260194005,-0.17389428429,6.5100001));
#9801 = CARTESIAN_POINT('',(-2.057260194005,-0.17389428429,6.5000001));
#9802 = B_SPLINE_SURFACE_WITH_KNOTS('',1,1,(
    (#9803,#9804)
    ,(#9805,#9806
    )),.UNSPECIFIED.,.F.,.F.,.F.,(2,2),(2,2),(-7.593960362233E-02,
    4.40687737792E-19),(0.,1.E-02),.PIECEWISE_BEZIER_KNOTS.);
#9803 = CARTESIAN_POINT('',(-2.057260194005,-0.17389428429,6.5100001));
#9804 = CARTESIAN_POINT('',(-2.057260194005,-0.17389428429,6.5000001));
#9805 = CARTESIAN_POINT('',(-2.057260194005,-9.795468066768E-02,
    6.5100001));
#9806 = CARTESIAN_POINT('',(-2.057260194005,-9.795468066768E-02,
    6.5000001));
#9807 = ADVANCED_FACE('',(#9808),#9824,.F.);
#9808 = FACE_BOUND('',#9809,.T.);
#9809 = EDGE_LOOP('',(#9810,#9811,#9818,#9823));
#9810 = ORIENTED_EDGE('',*,*,#2384,.T.);
#9811 = ORIENTED_EDGE('',*,*,#9812,.F.);
#9812 = EDGE_CURVE('',#9813,#2378,#9815,.T.);
#9813 = VERTEX_POINT('',#9814);
#9814 = CARTESIAN_POINT('',(-1.888321383894,-9.795468066768E-02,
    6.5100001));
#9815 = B_SPLINE_CURVE_WITH_KNOTS('',1,(#9816,#9817),.UNSPECIFIED.,.F.,
  .F.,(2,2),(0.,1.E-02),.PIECEWISE_BEZIER_KNOTS.);
#9816 = CARTESIAN_POINT('',(-1.888321383894,-9.795468066768E-02,
    6.5100001));
#9817 = CARTESIAN_POINT('',(-1.888321383894,-9.795468066768E-02,
    6.5000001));
#9818 = ORIENTED_EDGE('',*,*,#9819,.F.);
#9819 = EDGE_CURVE('',#9785,#9813,#9820,.T.);
#9820 = B_SPLINE_CURVE_WITH_KNOTS('',1,(#9821,#9822),.UNSPECIFIED.,.F.,
  .F.,(2,2),(-0.168938810111,0.),.PIECEWISE_BEZIER_KNOTS.);
#9821 = CARTESIAN_POINT('',(-2.057260194005,-9.795468066768E-02,
    6.5100001));
#9822 = CARTESIAN_POINT('',(-1.888321383894,-9.795468066768E-02,
    6.5100001));
#9823 = ORIENTED_EDGE('',*,*,#9784,.T.);
#9824 = B_SPLINE_SURFACE_WITH_KNOTS('',1,1,(
    (#9825,#9826)
    ,(#9827,#9828
    )),.UNSPECIFIED.,.F.,.F.,.F.,(2,2),(2,2),(-0.168938810111,
    3.944304526105E-33),(-1.457574930587E-16,1.E-02),
  .PIECEWISE_BEZIER_KNOTS.);
#9825 = CARTESIAN_POINT('',(-2.057260194005,-9.795468066768E-02,
    6.5100001));
#9826 = CARTESIAN_POINT('',(-2.057260194005,-9.795468066768E-02,
    6.5000001));
#9827 = CARTESIAN_POINT('',(-1.888321383894,-9.795468066768E-02,
    6.5100001));
#9828 = CARTESIAN_POINT('',(-1.888321383894,-9.795468066768E-02,
    6.5000001));
#9829 = ADVANCED_FACE('',(#9830),#9846,.F.);
#9830 = FACE_BOUND('',#9831,.T.);
#9831 = EDGE_LOOP('',(#9832,#9833,#9840,#9845));
#9832 = ORIENTED_EDGE('',*,*,#2377,.T.);
#9833 = ORIENTED_EDGE('',*,*,#9834,.F.);
#9834 = EDGE_CURVE('',#9835,#2371,#9837,.T.);
#9835 = VERTEX_POINT('',#9836);
#9836 = CARTESIAN_POINT('',(-1.888321383894,-7.334011081605E-02,
    6.5100001));
#9837 = B_SPLINE_CURVE_WITH_KNOTS('',1,(#9838,#9839),.UNSPECIFIED.,.F.,
  .F.,(2,2),(0.,1.E-02),.PIECEWISE_BEZIER_KNOTS.);
#9838 = CARTESIAN_POINT('',(-1.888321383894,-7.334011081605E-02,
    6.5100001));
#9839 = CARTESIAN_POINT('',(-1.888321383894,-7.334011081605E-02,
    6.5000001));
#9840 = ORIENTED_EDGE('',*,*,#9841,.F.);
#9841 = EDGE_CURVE('',#9813,#9835,#9842,.T.);
#9842 = B_SPLINE_CURVE_WITH_KNOTS('',1,(#9843,#9844),.UNSPECIFIED.,.F.,
  .F.,(2,2),(-2.461456985163E-02,0.),.PIECEWISE_BEZIER_KNOTS.);
#9843 = CARTESIAN_POINT('',(-1.888321383894,-9.795468066768E-02,
    6.5100001));
#9844 = CARTESIAN_POINT('',(-1.888321383894,-7.334011081605E-02,
    6.5100001));
#9845 = ORIENTED_EDGE('',*,*,#9812,.T.);
#9846 = B_SPLINE_SURFACE_WITH_KNOTS('',1,1,(
    (#9847,#9848)
    ,(#9849,#9850
    )),.UNSPECIFIED.,.F.,.F.,.F.,(2,2),(2,2),(-2.461456985163E-02,0.),(
    -2.722065872488E-16,1.E-02),.PIECEWISE_BEZIER_KNOTS.);
#9847 = CARTESIAN_POINT('',(-1.888321383894,-9.795468066768E-02,
    6.5100001));
#9848 = CARTESIAN_POINT('',(-1.888321383894,-9.795468066768E-02,
    6.5000001));
#9849 = CARTESIAN_POINT('',(-1.888321383894,-7.334011081605E-02,
    6.5100001));
#9850 = CARTESIAN_POINT('',(-1.888321383894,-7.334011081605E-02,
    6.5000001));
#9851 = ADVANCED_FACE('',(#9852),#9868,.F.);
#9852 = FACE_BOUND('',#9853,.T.);
#9853 = EDGE_LOOP('',(#9854,#9855,#9862,#9867));
#9854 = ORIENTED_EDGE('',*,*,#2370,.T.);
#9855 = ORIENTED_EDGE('',*,*,#9856,.F.);
#9856 = EDGE_CURVE('',#9857,#2364,#9859,.T.);
#9857 = VERTEX_POINT('',#9858);
#9858 = CARTESIAN_POINT('',(-2.078999002231,-7.334011081605E-02,
    6.5100001));
#9859 = B_SPLINE_CURVE_WITH_KNOTS('',1,(#9860,#9861),.UNSPECIFIED.,.F.,
  .F.,(2,2),(0.,1.E-02),.PIECEWISE_BEZIER_KNOTS.);
#9860 = CARTESIAN_POINT('',(-2.078999002231,-7.334011081605E-02,
    6.5100001));
#9861 = CARTESIAN_POINT('',(-2.078999002231,-7.334011081605E-02,
    6.5000001));
#9862 = ORIENTED_EDGE('',*,*,#9863,.F.);
#9863 = EDGE_CURVE('',#9835,#9857,#9864,.T.);
#9864 = B_SPLINE_CURVE_WITH_KNOTS('',1,(#9865,#9866),.UNSPECIFIED.,.F.,
  .F.,(2,2),(-0.190677618336,-0.),.PIECEWISE_BEZIER_KNOTS.);
#9865 = CARTESIAN_POINT('',(-1.888321383894,-7.334011081605E-02,
    6.5100001));
#9866 = CARTESIAN_POINT('',(-2.078999002231,-7.334011081605E-02,
    6.5100001));
#9867 = ORIENTED_EDGE('',*,*,#9834,.T.);
#9868 = B_SPLINE_SURFACE_WITH_KNOTS('',1,1,(
    (#9869,#9870)
    ,(#9871,#9872
    )),.UNSPECIFIED.,.F.,.F.,.F.,(2,2),(2,2),(-0.190677618336,
    3.491481338843E-17),(-2.224310735436E-16,1.E-02),
  .PIECEWISE_BEZIER_KNOTS.);
#9869 = CARTESIAN_POINT('',(-1.888321383894,-7.334011081605E-02,
    6.5100001));
#9870 = CARTESIAN_POINT('',(-1.888321383894,-7.334011081605E-02,
    6.5000001));
#9871 = CARTESIAN_POINT('',(-2.078999002231,-7.334011081605E-02,
    6.5100001));
#9872 = CARTESIAN_POINT('',(-2.078999002231,-7.334011081605E-02,
    6.5000001));
#9873 = ADVANCED_FACE('',(#9874),#9890,.F.);
#9874 = FACE_BOUND('',#9875,.T.);
#9875 = EDGE_LOOP('',(#9876,#9877,#9884,#9889));
#9876 = ORIENTED_EDGE('',*,*,#2363,.T.);
#9877 = ORIENTED_EDGE('',*,*,#9878,.F.);
#9878 = EDGE_CURVE('',#9879,#2357,#9881,.T.);
#9879 = VERTEX_POINT('',#9880);
#9880 = CARTESIAN_POINT('',(-2.078999002231,-0.17389428429,6.5100001));
#9881 = B_SPLINE_CURVE_WITH_KNOTS('',1,(#9882,#9883),.UNSPECIFIED.,.F.,
  .F.,(2,2),(0.,1.E-02),.PIECEWISE_BEZIER_KNOTS.);
#9882 = CARTESIAN_POINT('',(-2.078999002231,-0.17389428429,6.5100001));
#9883 = CARTESIAN_POINT('',(-2.078999002231,-0.17389428429,6.5000001));
#9884 = ORIENTED_EDGE('',*,*,#9885,.F.);
#9885 = EDGE_CURVE('',#9857,#9879,#9886,.T.);
#9886 = B_SPLINE_CURVE_WITH_KNOTS('',1,(#9887,#9888),.UNSPECIFIED.,.F.,
  .F.,(2,2),(-0.100554173474,0.),.PIECEWISE_BEZIER_KNOTS.);
#9887 = CARTESIAN_POINT('',(-2.078999002231,-7.334011081605E-02,
    6.5100001));
#9888 = CARTESIAN_POINT('',(-2.078999002231,-0.17389428429,6.5100001));
#9889 = ORIENTED_EDGE('',*,*,#9856,.T.);
#9890 = B_SPLINE_SURFACE_WITH_KNOTS('',1,1,(
    (#9891,#9892)
    ,(#9893,#9894
    )),.UNSPECIFIED.,.F.,.F.,.F.,(2,2),(2,2),(-0.100554173474,
    1.343710007002E-17),(0.,1.E-02),.PIECEWISE_BEZIER_KNOTS.);
#9891 = CARTESIAN_POINT('',(-2.078999002231,-7.334011081605E-02,
    6.5100001));
#9892 = CARTESIAN_POINT('',(-2.078999002231,-7.334011081605E-02,
    6.5000001));
#9893 = CARTESIAN_POINT('',(-2.078999002231,-0.17389428429,6.5100001));
#9894 = CARTESIAN_POINT('',(-2.078999002231,-0.17389428429,6.5000001));
#9895 = ADVANCED_FACE('',(#9896),#9906,.F.);
#9896 = FACE_BOUND('',#9897,.T.);
#9897 = EDGE_LOOP('',(#9898,#9899,#9900,#9905));
#9898 = ORIENTED_EDGE('',*,*,#2356,.T.);
#9899 = ORIENTED_EDGE('',*,*,#9798,.F.);
#9900 = ORIENTED_EDGE('',*,*,#9901,.F.);
#9901 = EDGE_CURVE('',#9879,#9792,#9902,.T.);
#9902 = B_SPLINE_CURVE_WITH_KNOTS('',1,(#9903,#9904),.UNSPECIFIED.,.F.,
  .F.,(2,2),(-2.173880822541E-02,0.),.PIECEWISE_BEZIER_KNOTS.);
#9903 = CARTESIAN_POINT('',(-2.078999002231,-0.17389428429,6.5100001));
#9904 = CARTESIAN_POINT('',(-2.057260194005,-0.17389428429,6.5100001));
#9905 = ORIENTED_EDGE('',*,*,#9878,.T.);
#9906 = B_SPLINE_SURFACE_WITH_KNOTS('',1,1,(
    (#9907,#9908)
    ,(#9909,#9910
    )),.UNSPECIFIED.,.F.,.F.,.F.,(2,2),(2,2),(-2.173880822541E-02,
    7.610748907408E-17),(0.,1.E-02),.PIECEWISE_BEZIER_KNOTS.);
#9907 = CARTESIAN_POINT('',(-2.078999002231,-0.17389428429,6.5100001));
#9908 = CARTESIAN_POINT('',(-2.078999002231,-0.17389428429,6.5000001));
#9909 = CARTESIAN_POINT('',(-2.057260194005,-0.17389428429,6.5100001));
#9910 = CARTESIAN_POINT('',(-2.057260194005,-0.17389428429,6.5000001));
#9911 = ADVANCED_FACE('',(#9912),#9920,.F.);
#9912 = FACE_BOUND('',#9913,.T.);
#9913 = EDGE_LOOP('',(#9914,#9915,#9916,#9917,#9918,#9919));
#9914 = ORIENTED_EDGE('',*,*,#9791,.T.);
#9915 = ORIENTED_EDGE('',*,*,#9819,.T.);
#9916 = ORIENTED_EDGE('',*,*,#9841,.T.);
#9917 = ORIENTED_EDGE('',*,*,#9863,.T.);
#9918 = ORIENTED_EDGE('',*,*,#9885,.T.);
#9919 = ORIENTED_EDGE('',*,*,#9901,.T.);
#9920 = B_SPLINE_SURFACE_WITH_KNOTS('',1,1,(
    (#9921,#9922)
    ,(#9923,#9924
    )),.UNSPECIFIED.,.F.,.F.,.F.,(2,2),(2,2),(0.671000997769,
    0.861678616106),(7.334011081607E-02,0.17389428429),
  .PIECEWISE_BEZIER_KNOTS.);
#9921 = CARTESIAN_POINT('',(-2.078999002231,-7.334011081605E-02,
    6.5100001));
#9922 = CARTESIAN_POINT('',(-2.078999002231,-0.17389428429,6.5100001));
#9923 = CARTESIAN_POINT('',(-1.888321383894,-7.334011081605E-02,
    6.5100001));
#9924 = CARTESIAN_POINT('',(-1.888321383894,-0.17389428429,6.5100001));
#9925 = ( GEOMETRIC_REPRESENTATION_CONTEXT(3) 
GLOBAL_UNCERTAINTY_ASSIGNED_CONTEXT((#9929)) 
GLOBAL_UNIT_ASSIGNED_CONTEXT((#9926,#9927,#9928)) REPRESENTATION_CONTEXT
('Context #1','3D Context with UNIT and UNCERTAINTY') );
#9926 = ( LENGTH_UNIT() NAMED_UNIT(*) SI_UNIT(.MILLI.,.METRE.) );
#9927 = ( NAMED_UNIT(*) PLANE_ANGLE_UNIT() SI_UNIT($,.RADIAN.) );
#9928 = ( NAMED_UNIT(*) SI_UNIT($,.STERADIAN.) SOLID_ANGLE_UNIT() );
#9929 = UNCERTAINTY_MEASURE_WITH_UNIT(LENGTH_MEASURE(1.E-07),#9926,
  'distance_accuracy_value','confusion accuracy');
#9930 = PRODUCT_RELATED_PRODUCT_CATEGORY('part',$,(#7));
#9931 = MECHANICAL_DESIGN_GEOMETRIC_PRESENTATION_REPRESENTATION('',(
    #9932,#9942,#9950,#9957,#9964,#9971,#9978,#9985,#9992,#9999,#10006,
    #10013,#10020,#10027,#10034,#10041,#10048,#10055,#10062,#10069,
    #10076,#10083,#10090,#10097,#10104,#10111,#10118,#10125,#10132,
    #10139,#10146,#10153,#10160,#10167,#10174,#10181,#10188,#10195,
    #10202,#10209,#10216,#10223,#10230,#10237,#10244,#10251,#10258,
    #10265,#10272,#10279,#10286,#10293,#10300,#10307,#10314,#10321,
    #10328,#10335,#10342,#10349,#10356,#10363,#10370,#10377,#10384,
    #10391,#10398,#10405,#10412,#10419,#10426,#10433,#10440,#10447,
    #10454,#10461,#10468,#10475,#10482,#10489,#10496,#10503,#10510,
    #10517,#10524,#10531,#10538,#10545,#10552,#10559,#10566,#10573,
    #10580,#10587,#10594,#10601,#10608,#10615,#10622,#10629,#10636,
    #10643,#10650,#10657,#10664,#10671,#10678,#10685,#10692,#10699,
    #10706,#10713,#10720,#10727,#10734,#10741,#10748,#10755,#10762,
    #10769,#10776,#10783,#10790,#10797,#10804,#10811,#10818,#10825,
    #10832,#10839,#10846,#10853,#10860,#10867,#10874,#10881,#10888,
    #10895,#10902,#10909,#10916,#10923,#10930,#10937,#10944,#10951,
    #10958,#10965,#10972,#10979,#10986,#10993,#11000,#11007,#11014,
    #11021,#11028,#11035,#11042,#11049,#11056,#11063,#11070,#11077,
    #11084,#11091,#11098,#11105,#11112,#11119,#11126,#11133,#11140,
    #11147,#11154,#11161,#11168,#11175,#11182,#11189,#11196,#11203,
    #11210,#11217,#11224,#11231,#11238,#11245,#11252,#11259,#11266,
    #11273,#11280,#11287,#11294,#11301,#11308,#11315,#11322,#11329,
    #11336,#11343,#11350,#11357,#11364,#11371,#11378,#11385,#11392,
    #11399,#11406,#11413,#11420,#11427,#11434,#11441,#11448,#11455,
    #11462,#11469,#11476,#11483,#11490,#11497,#11504,#11511,#11518,
    #11525,#11532,#11539,#11546,#11553,#11560,#11567,#11574,#11581,
    #11588,#11595,#11602,#11609,#11616,#11623,#11630,#11637,#11644,
    #11651,#11658,#11665,#11672,#11679,#11686,#11693,#11700,#11707,
    #11714,#11721,#11728,#11735,#11742,#11749,#11756,#11763,#11770,
    #11777,#11784,#11791,#11798,#11805,#11812,#11819,#11826,#11833,
    #11840,#11847,#11854,#11861,#11868,#11875,#11882,#11889,#11896,
    #11903,#11910,#11917,#11924,#11931,#11938,#11945,#11952,#11959,
    #11966,#11973,#11980,#11987,#11994,#12001),#9925);
#9932 = STYLED_ITEM('color',(#9933),#15);
#9933 = PRESENTATION_STYLE_ASSIGNMENT((#9934,#9940));
#9934 = SURFACE_STYLE_USAGE(.BOTH.,#9935);
#9935 = SURFACE_SIDE_STYLE('',(#9936));
#9936 = SURFACE_STYLE_FILL_AREA(#9937);
#9937 = FILL_AREA_STYLE('',(#9938));
#9938 = FILL_AREA_STYLE_COLOUR('',#9939);
#9939 = DRAUGHTING_PRE_DEFINED_COLOUR('white');
#9940 = CURVE_STYLE('',#9941,POSITIVE_LENGTH_MEASURE(0.1),#9939);
#9941 = DRAUGHTING_PRE_DEFINED_CURVE_FONT('continuous');
#9942 = OVER_RIDING_STYLED_ITEM('overriding color',(#9943),#17,#9932);
#9943 = PRESENTATION_STYLE_ASSIGNMENT((#9944));
#9944 = SURFACE_STYLE_USAGE(.BOTH.,#9945);
#9945 = SURFACE_SIDE_STYLE('',(#9946));
#9946 = SURFACE_STYLE_FILL_AREA(#9947);
#9947 = FILL_AREA_STYLE('',(#9948));
#9948 = FILL_AREA_STYLE_COLOUR('',#9949);
#9949 = COLOUR_RGB('',0.827450977613,0.666666664908,0.129411764627);
#9950 = OVER_RIDING_STYLED_ITEM('overriding color',(#9951),#65,#9932);
#9951 = PRESENTATION_STYLE_ASSIGNMENT((#9952));
#9952 = SURFACE_STYLE_USAGE(.BOTH.,#9953);
#9953 = SURFACE_SIDE_STYLE('',(#9954));
#9954 = SURFACE_STYLE_FILL_AREA(#9955);
#9955 = FILL_AREA_STYLE('',(#9956));
#9956 = FILL_AREA_STYLE_COLOUR('',#9949);
#9957 = OVER_RIDING_STYLED_ITEM('overriding color',(#9958),#113,#9932);
#9958 = PRESENTATION_STYLE_ASSIGNMENT((#9959));
#9959 = SURFACE_STYLE_USAGE(.BOTH.,#9960);
#9960 = SURFACE_SIDE_STYLE('',(#9961));
#9961 = SURFACE_STYLE_FILL_AREA(#9962);
#9962 = FILL_AREA_STYLE('',(#9963));
#9963 = FILL_AREA_STYLE_COLOUR('',#9949);
#9964 = OVER_RIDING_STYLED_ITEM('overriding color',(#9965),#150,#9932);
#9965 = PRESENTATION_STYLE_ASSIGNMENT((#9966));
#9966 = SURFACE_STYLE_USAGE(.BOTH.,#9967);
#9967 = SURFACE_SIDE_STYLE('',(#9968));
#9968 = SURFACE_STYLE_FILL_AREA(#9969);
#9969 = FILL_AREA_STYLE('',(#9970));
#9970 = FILL_AREA_STYLE_COLOUR('',#9949);
#9971 = OVER_RIDING_STYLED_ITEM('overriding color',(#9972),#187,#9932);
#9972 = PRESENTATION_STYLE_ASSIGNMENT((#9973));
#9973 = SURFACE_STYLE_USAGE(.BOTH.,#9974);
#9974 = SURFACE_SIDE_STYLE('',(#9975));
#9975 = SURFACE_STYLE_FILL_AREA(#9976);
#9976 = FILL_AREA_STYLE('',(#9977));
#9977 = FILL_AREA_STYLE_COLOUR('',#9939);
#9978 = OVER_RIDING_STYLED_ITEM('overriding color',(#9979),#235,#9932);
#9979 = PRESENTATION_STYLE_ASSIGNMENT((#9980));
#9980 = SURFACE_STYLE_USAGE(.BOTH.,#9981);
#9981 = SURFACE_SIDE_STYLE('',(#9982));
#9982 = SURFACE_STYLE_FILL_AREA(#9983);
#9983 = FILL_AREA_STYLE('',(#9984));
#9984 = FILL_AREA_STYLE_COLOUR('',#9949);
#9985 = OVER_RIDING_STYLED_ITEM('overriding color',(#9986),#283,#9932);
#9986 = PRESENTATION_STYLE_ASSIGNMENT((#9987));
#9987 = SURFACE_STYLE_USAGE(.BOTH.,#9988);
#9988 = SURFACE_SIDE_STYLE('',(#9989));
#9989 = SURFACE_STYLE_FILL_AREA(#9990);
#9990 = FILL_AREA_STYLE('',(#9991));
#9991 = FILL_AREA_STYLE_COLOUR('',#9949);
#9992 = OVER_RIDING_STYLED_ITEM('overriding color',(#9993),#320,#9932);
#9993 = PRESENTATION_STYLE_ASSIGNMENT((#9994));
#9994 = SURFACE_STYLE_USAGE(.BOTH.,#9995);
#9995 = SURFACE_SIDE_STYLE('',(#9996));
#9996 = SURFACE_STYLE_FILL_AREA(#9997);
#9997 = FILL_AREA_STYLE('',(#9998));
#9998 = FILL_AREA_STYLE_COLOUR('',#9949);
#9999 = OVER_RIDING_STYLED_ITEM('overriding color',(#10000),#357,#9932);
#10000 = PRESENTATION_STYLE_ASSIGNMENT((#10001));
#10001 = SURFACE_STYLE_USAGE(.BOTH.,#10002);
#10002 = SURFACE_SIDE_STYLE('',(#10003));
#10003 = SURFACE_STYLE_FILL_AREA(#10004);
#10004 = FILL_AREA_STYLE('',(#10005));
#10005 = FILL_AREA_STYLE_COLOUR('',#9949);
#10006 = OVER_RIDING_STYLED_ITEM('overriding color',(#10007),#394,#9932
  );
#10007 = PRESENTATION_STYLE_ASSIGNMENT((#10008));
#10008 = SURFACE_STYLE_USAGE(.BOTH.,#10009);
#10009 = SURFACE_SIDE_STYLE('',(#10010));
#10010 = SURFACE_STYLE_FILL_AREA(#10011);
#10011 = FILL_AREA_STYLE('',(#10012));
#10012 = FILL_AREA_STYLE_COLOUR('',#9949);
#10013 = OVER_RIDING_STYLED_ITEM('overriding color',(#10014),#431,#9932
  );
#10014 = PRESENTATION_STYLE_ASSIGNMENT((#10015));
#10015 = SURFACE_STYLE_USAGE(.BOTH.,#10016);
#10016 = SURFACE_SIDE_STYLE('',(#10017));
#10017 = SURFACE_STYLE_FILL_AREA(#10018);
#10018 = FILL_AREA_STYLE('',(#10019));
#10019 = FILL_AREA_STYLE_COLOUR('',#9949);
#10020 = OVER_RIDING_STYLED_ITEM('overriding color',(#10021),#468,#9932
  );
#10021 = PRESENTATION_STYLE_ASSIGNMENT((#10022));
#10022 = SURFACE_STYLE_USAGE(.BOTH.,#10023);
#10023 = SURFACE_SIDE_STYLE('',(#10024));
#10024 = SURFACE_STYLE_FILL_AREA(#10025);
#10025 = FILL_AREA_STYLE('',(#10026));
#10026 = FILL_AREA_STYLE_COLOUR('',#9949);
#10027 = OVER_RIDING_STYLED_ITEM('overriding color',(#10028),#558,#9932
  );
#10028 = PRESENTATION_STYLE_ASSIGNMENT((#10029));
#10029 = SURFACE_STYLE_USAGE(.BOTH.,#10030);
#10030 = SURFACE_SIDE_STYLE('',(#10031));
#10031 = SURFACE_STYLE_FILL_AREA(#10032);
#10032 = FILL_AREA_STYLE('',(#10033));
#10033 = FILL_AREA_STYLE_COLOUR('',#9949);
#10034 = OVER_RIDING_STYLED_ITEM('overriding color',(#10035),#610,#9932
  );
#10035 = PRESENTATION_STYLE_ASSIGNMENT((#10036));
#10036 = SURFACE_STYLE_USAGE(.BOTH.,#10037);
#10037 = SURFACE_SIDE_STYLE('',(#10038));
#10038 = SURFACE_STYLE_FILL_AREA(#10039);
#10039 = FILL_AREA_STYLE('',(#10040));
#10040 = FILL_AREA_STYLE_COLOUR('',#9949);
#10041 = OVER_RIDING_STYLED_ITEM('overriding color',(#10042),#666,#9932
  );
#10042 = PRESENTATION_STYLE_ASSIGNMENT((#10043));
#10043 = SURFACE_STYLE_USAGE(.BOTH.,#10044);
#10044 = SURFACE_SIDE_STYLE('',(#10045));
#10045 = SURFACE_STYLE_FILL_AREA(#10046);
#10046 = FILL_AREA_STYLE('',(#10047));
#10047 = FILL_AREA_STYLE_COLOUR('',#9949);
#10048 = OVER_RIDING_STYLED_ITEM('overriding color',(#10049),#722,#9932
  );
#10049 = PRESENTATION_STYLE_ASSIGNMENT((#10050));
#10050 = SURFACE_STYLE_USAGE(.BOTH.,#10051);
#10051 = SURFACE_SIDE_STYLE('',(#10052));
#10052 = SURFACE_STYLE_FILL_AREA(#10053);
#10053 = FILL_AREA_STYLE('',(#10054));
#10054 = FILL_AREA_STYLE_COLOUR('',#9949);
#10055 = OVER_RIDING_STYLED_ITEM('overriding color',(#10056),#778,#9932
  );
#10056 = PRESENTATION_STYLE_ASSIGNMENT((#10057));
#10057 = SURFACE_STYLE_USAGE(.BOTH.,#10058);
#10058 = SURFACE_SIDE_STYLE('',(#10059));
#10059 = SURFACE_STYLE_FILL_AREA(#10060);
#10060 = FILL_AREA_STYLE('',(#10061));
#10061 = FILL_AREA_STYLE_COLOUR('',#9949);
#10062 = OVER_RIDING_STYLED_ITEM('overriding color',(#10063),#820,#9932
  );
#10063 = PRESENTATION_STYLE_ASSIGNMENT((#10064));
#10064 = SURFACE_STYLE_USAGE(.BOTH.,#10065);
#10065 = SURFACE_SIDE_STYLE('',(#10066));
#10066 = SURFACE_STYLE_FILL_AREA(#10067);
#10067 = FILL_AREA_STYLE('',(#10068));
#10068 = FILL_AREA_STYLE_COLOUR('',#9949);
#10069 = OVER_RIDING_STYLED_ITEM('overriding color',(#10070),#860,#9932
  );
#10070 = PRESENTATION_STYLE_ASSIGNMENT((#10071));
#10071 = SURFACE_STYLE_USAGE(.BOTH.,#10072);
#10072 = SURFACE_SIDE_STYLE('',(#10073));
#10073 = SURFACE_STYLE_FILL_AREA(#10074);
#10074 = FILL_AREA_STYLE('',(#10075));
#10075 = FILL_AREA_STYLE_COLOUR('',#9949);
#10076 = OVER_RIDING_STYLED_ITEM('overriding color',(#10077),#900,#9932
  );
#10077 = PRESENTATION_STYLE_ASSIGNMENT((#10078));
#10078 = SURFACE_STYLE_USAGE(.BOTH.,#10079);
#10079 = SURFACE_SIDE_STYLE('',(#10080));
#10080 = SURFACE_STYLE_FILL_AREA(#10081);
#10081 = FILL_AREA_STYLE('',(#10082));
#10082 = FILL_AREA_STYLE_COLOUR('',#9949);
#10083 = OVER_RIDING_STYLED_ITEM('overriding color',(#10084),#940,#9932
  );
#10084 = PRESENTATION_STYLE_ASSIGNMENT((#10085));
#10085 = SURFACE_STYLE_USAGE(.BOTH.,#10086);
#10086 = SURFACE_SIDE_STYLE('',(#10087));
#10087 = SURFACE_STYLE_FILL_AREA(#10088);
#10088 = FILL_AREA_STYLE('',(#10089));
#10089 = FILL_AREA_STYLE_COLOUR('',#9949);
#10090 = OVER_RIDING_STYLED_ITEM('overriding color',(#10091),#988,#9932
  );
#10091 = PRESENTATION_STYLE_ASSIGNMENT((#10092));
#10092 = SURFACE_STYLE_USAGE(.BOTH.,#10093);
#10093 = SURFACE_SIDE_STYLE('',(#10094));
#10094 = SURFACE_STYLE_FILL_AREA(#10095);
#10095 = FILL_AREA_STYLE('',(#10096));
#10096 = FILL_AREA_STYLE_COLOUR('',#9949);
#10097 = OVER_RIDING_STYLED_ITEM('overriding color',(#10098),#2393,#9932
  );
#10098 = PRESENTATION_STYLE_ASSIGNMENT((#10099));
#10099 = SURFACE_STYLE_USAGE(.BOTH.,#10100);
#10100 = SURFACE_SIDE_STYLE('',(#10101));
#10101 = SURFACE_STYLE_FILL_AREA(#10102);
#10102 = FILL_AREA_STYLE('',(#10103));
#10103 = FILL_AREA_STYLE_COLOUR('',#9949);
#10104 = OVER_RIDING_STYLED_ITEM('overriding color',(#10105),#2425,#9932
  );
#10105 = PRESENTATION_STYLE_ASSIGNMENT((#10106));
#10106 = SURFACE_STYLE_USAGE(.BOTH.,#10107);
#10107 = SURFACE_SIDE_STYLE('',(#10108));
#10108 = SURFACE_STYLE_FILL_AREA(#10109);
#10109 = FILL_AREA_STYLE('',(#10110));
#10110 = FILL_AREA_STYLE_COLOUR('',#9949);
#10111 = OVER_RIDING_STYLED_ITEM('overriding color',(#10112),#2464,#9932
  );
#10112 = PRESENTATION_STYLE_ASSIGNMENT((#10113));
#10113 = SURFACE_STYLE_USAGE(.BOTH.,#10114);
#10114 = SURFACE_SIDE_STYLE('',(#10115));
#10115 = SURFACE_STYLE_FILL_AREA(#10116);
#10116 = FILL_AREA_STYLE('',(#10117));
#10117 = FILL_AREA_STYLE_COLOUR('',#9949);
#10118 = OVER_RIDING_STYLED_ITEM('overriding color',(#10119),#2623,#9932
  );
#10119 = PRESENTATION_STYLE_ASSIGNMENT((#10120));
#10120 = SURFACE_STYLE_USAGE(.BOTH.,#10121);
#10121 = SURFACE_SIDE_STYLE('',(#10122));
#10122 = SURFACE_STYLE_FILL_AREA(#10123);
#10123 = FILL_AREA_STYLE('',(#10124));
#10124 = FILL_AREA_STYLE_COLOUR('',#9949);
#10125 = OVER_RIDING_STYLED_ITEM('overriding color',(#10126),#2639,#9932
  );
#10126 = PRESENTATION_STYLE_ASSIGNMENT((#10127));
#10127 = SURFACE_STYLE_USAGE(.BOTH.,#10128);
#10128 = SURFACE_SIDE_STYLE('',(#10129));
#10129 = SURFACE_STYLE_FILL_AREA(#10130);
#10130 = FILL_AREA_STYLE('',(#10131));
#10131 = FILL_AREA_STYLE_COLOUR('',#9949);
#10132 = OVER_RIDING_STYLED_ITEM('overriding color',(#10133),#2655,#9932
  );
#10133 = PRESENTATION_STYLE_ASSIGNMENT((#10134));
#10134 = SURFACE_STYLE_USAGE(.BOTH.,#10135);
#10135 = SURFACE_SIDE_STYLE('',(#10136));
#10136 = SURFACE_STYLE_FILL_AREA(#10137);
#10137 = FILL_AREA_STYLE('',(#10138));
#10138 = FILL_AREA_STYLE_COLOUR('',#9949);
#10139 = OVER_RIDING_STYLED_ITEM('overriding color',(#10140),#2667,#9932
  );
#10140 = PRESENTATION_STYLE_ASSIGNMENT((#10141));
#10141 = SURFACE_STYLE_USAGE(.BOTH.,#10142);
#10142 = SURFACE_SIDE_STYLE('',(#10143));
#10143 = SURFACE_STYLE_FILL_AREA(#10144);
#10144 = FILL_AREA_STYLE('',(#10145));
#10145 = FILL_AREA_STYLE_COLOUR('',#9949);
#10146 = OVER_RIDING_STYLED_ITEM('overriding color',(#10147),#2695,#9932
  );
#10147 = PRESENTATION_STYLE_ASSIGNMENT((#10148));
#10148 = SURFACE_STYLE_USAGE(.BOTH.,#10149);
#10149 = SURFACE_SIDE_STYLE('',(#10150));
#10150 = SURFACE_STYLE_FILL_AREA(#10151);
#10151 = FILL_AREA_STYLE('',(#10152));
#10152 = FILL_AREA_STYLE_COLOUR('',#9949);
#10153 = OVER_RIDING_STYLED_ITEM('overriding color',(#10154),#2717,#9932
  );
#10154 = PRESENTATION_STYLE_ASSIGNMENT((#10155));
#10155 = SURFACE_STYLE_USAGE(.BOTH.,#10156);
#10156 = SURFACE_SIDE_STYLE('',(#10157));
#10157 = SURFACE_STYLE_FILL_AREA(#10158);
#10158 = FILL_AREA_STYLE('',(#10159));
#10159 = FILL_AREA_STYLE_COLOUR('',#9949);
#10160 = OVER_RIDING_STYLED_ITEM('overriding color',(#10161),#2739,#9932
  );
#10161 = PRESENTATION_STYLE_ASSIGNMENT((#10162));
#10162 = SURFACE_STYLE_USAGE(.BOTH.,#10163);
#10163 = SURFACE_SIDE_STYLE('',(#10164));
#10164 = SURFACE_STYLE_FILL_AREA(#10165);
#10165 = FILL_AREA_STYLE('',(#10166));
#10166 = FILL_AREA_STYLE_COLOUR('',#9949);
#10167 = OVER_RIDING_STYLED_ITEM('overriding color',(#10168),#2755,#9932
  );
#10168 = PRESENTATION_STYLE_ASSIGNMENT((#10169));
#10169 = SURFACE_STYLE_USAGE(.BOTH.,#10170);
#10170 = SURFACE_SIDE_STYLE('',(#10171));
#10171 = SURFACE_STYLE_FILL_AREA(#10172);
#10172 = FILL_AREA_STYLE('',(#10173));
#10173 = FILL_AREA_STYLE_COLOUR('',#9949);
#10174 = OVER_RIDING_STYLED_ITEM('overriding color',(#10175),#2767,#9932
  );
#10175 = PRESENTATION_STYLE_ASSIGNMENT((#10176));
#10176 = SURFACE_STYLE_USAGE(.BOTH.,#10177);
#10177 = SURFACE_SIDE_STYLE('',(#10178));
#10178 = SURFACE_STYLE_FILL_AREA(#10179);
#10179 = FILL_AREA_STYLE('',(#10180));
#10180 = FILL_AREA_STYLE_COLOUR('',#9949);
#10181 = OVER_RIDING_STYLED_ITEM('overriding color',(#10182),#2795,#9932
  );
#10182 = PRESENTATION_STYLE_ASSIGNMENT((#10183));
#10183 = SURFACE_STYLE_USAGE(.BOTH.,#10184);
#10184 = SURFACE_SIDE_STYLE('',(#10185));
#10185 = SURFACE_STYLE_FILL_AREA(#10186);
#10186 = FILL_AREA_STYLE('',(#10187));
#10187 = FILL_AREA_STYLE_COLOUR('',#9949);
#10188 = OVER_RIDING_STYLED_ITEM('overriding color',(#10189),#2817,#9932
  );
#10189 = PRESENTATION_STYLE_ASSIGNMENT((#10190));
#10190 = SURFACE_STYLE_USAGE(.BOTH.,#10191);
#10191 = SURFACE_SIDE_STYLE('',(#10192));
#10192 = SURFACE_STYLE_FILL_AREA(#10193);
#10193 = FILL_AREA_STYLE('',(#10194));
#10194 = FILL_AREA_STYLE_COLOUR('',#9949);
#10195 = OVER_RIDING_STYLED_ITEM('overriding color',(#10196),#2839,#9932
  );
#10196 = PRESENTATION_STYLE_ASSIGNMENT((#10197));
#10197 = SURFACE_STYLE_USAGE(.BOTH.,#10198);
#10198 = SURFACE_SIDE_STYLE('',(#10199));
#10199 = SURFACE_STYLE_FILL_AREA(#10200);
#10200 = FILL_AREA_STYLE('',(#10201));
#10201 = FILL_AREA_STYLE_COLOUR('',#9949);
#10202 = OVER_RIDING_STYLED_ITEM('overriding color',(#10203),#2855,#9932
  );
#10203 = PRESENTATION_STYLE_ASSIGNMENT((#10204));
#10204 = SURFACE_STYLE_USAGE(.BOTH.,#10205);
#10205 = SURFACE_SIDE_STYLE('',(#10206));
#10206 = SURFACE_STYLE_FILL_AREA(#10207);
#10207 = FILL_AREA_STYLE('',(#10208));
#10208 = FILL_AREA_STYLE_COLOUR('',#9949);
#10209 = OVER_RIDING_STYLED_ITEM('overriding color',(#10210),#2867,#9932
  );
#10210 = PRESENTATION_STYLE_ASSIGNMENT((#10211));
#10211 = SURFACE_STYLE_USAGE(.BOTH.,#10212);
#10212 = SURFACE_SIDE_STYLE('',(#10213));
#10213 = SURFACE_STYLE_FILL_AREA(#10214);
#10214 = FILL_AREA_STYLE('',(#10215));
#10215 = FILL_AREA_STYLE_COLOUR('',#9949);
#10216 = OVER_RIDING_STYLED_ITEM('overriding color',(#10217),#2895,#9932
  );
#10217 = PRESENTATION_STYLE_ASSIGNMENT((#10218));
#10218 = SURFACE_STYLE_USAGE(.BOTH.,#10219);
#10219 = SURFACE_SIDE_STYLE('',(#10220));
#10220 = SURFACE_STYLE_FILL_AREA(#10221);
#10221 = FILL_AREA_STYLE('',(#10222));
#10222 = FILL_AREA_STYLE_COLOUR('',#9949);
#10223 = OVER_RIDING_STYLED_ITEM('overriding color',(#10224),#2917,#9932
  );
#10224 = PRESENTATION_STYLE_ASSIGNMENT((#10225));
#10225 = SURFACE_STYLE_USAGE(.BOTH.,#10226);
#10226 = SURFACE_SIDE_STYLE('',(#10227));
#10227 = SURFACE_STYLE_FILL_AREA(#10228);
#10228 = FILL_AREA_STYLE('',(#10229));
#10229 = FILL_AREA_STYLE_COLOUR('',#9949);
#10230 = OVER_RIDING_STYLED_ITEM('overriding color',(#10231),#2939,#9932
  );
#10231 = PRESENTATION_STYLE_ASSIGNMENT((#10232));
#10232 = SURFACE_STYLE_USAGE(.BOTH.,#10233);
#10233 = SURFACE_SIDE_STYLE('',(#10234));
#10234 = SURFACE_STYLE_FILL_AREA(#10235);
#10235 = FILL_AREA_STYLE('',(#10236));
#10236 = FILL_AREA_STYLE_COLOUR('',#9949);
#10237 = OVER_RIDING_STYLED_ITEM('overriding color',(#10238),#2955,#9932
  );
#10238 = PRESENTATION_STYLE_ASSIGNMENT((#10239));
#10239 = SURFACE_STYLE_USAGE(.BOTH.,#10240);
#10240 = SURFACE_SIDE_STYLE('',(#10241));
#10241 = SURFACE_STYLE_FILL_AREA(#10242);
#10242 = FILL_AREA_STYLE('',(#10243));
#10243 = FILL_AREA_STYLE_COLOUR('',#9949);
#10244 = OVER_RIDING_STYLED_ITEM('overriding color',(#10245),#2967,#9932
  );
#10245 = PRESENTATION_STYLE_ASSIGNMENT((#10246));
#10246 = SURFACE_STYLE_USAGE(.BOTH.,#10247);
#10247 = SURFACE_SIDE_STYLE('',(#10248));
#10248 = SURFACE_STYLE_FILL_AREA(#10249);
#10249 = FILL_AREA_STYLE('',(#10250));
#10250 = FILL_AREA_STYLE_COLOUR('',#9949);
#10251 = OVER_RIDING_STYLED_ITEM('overriding color',(#10252),#2995,#9932
  );
#10252 = PRESENTATION_STYLE_ASSIGNMENT((#10253));
#10253 = SURFACE_STYLE_USAGE(.BOTH.,#10254);
#10254 = SURFACE_SIDE_STYLE('',(#10255));
#10255 = SURFACE_STYLE_FILL_AREA(#10256);
#10256 = FILL_AREA_STYLE('',(#10257));
#10257 = FILL_AREA_STYLE_COLOUR('',#9949);
#10258 = OVER_RIDING_STYLED_ITEM('overriding color',(#10259),#3017,#9932
  );
#10259 = PRESENTATION_STYLE_ASSIGNMENT((#10260));
#10260 = SURFACE_STYLE_USAGE(.BOTH.,#10261);
#10261 = SURFACE_SIDE_STYLE('',(#10262));
#10262 = SURFACE_STYLE_FILL_AREA(#10263);
#10263 = FILL_AREA_STYLE('',(#10264));
#10264 = FILL_AREA_STYLE_COLOUR('',#9949);
#10265 = OVER_RIDING_STYLED_ITEM('overriding color',(#10266),#3039,#9932
  );
#10266 = PRESENTATION_STYLE_ASSIGNMENT((#10267));
#10267 = SURFACE_STYLE_USAGE(.BOTH.,#10268);
#10268 = SURFACE_SIDE_STYLE('',(#10269));
#10269 = SURFACE_STYLE_FILL_AREA(#10270);
#10270 = FILL_AREA_STYLE('',(#10271));
#10271 = FILL_AREA_STYLE_COLOUR('',#9949);
#10272 = OVER_RIDING_STYLED_ITEM('overriding color',(#10273),#3055,#9932
  );
#10273 = PRESENTATION_STYLE_ASSIGNMENT((#10274));
#10274 = SURFACE_STYLE_USAGE(.BOTH.,#10275);
#10275 = SURFACE_SIDE_STYLE('',(#10276));
#10276 = SURFACE_STYLE_FILL_AREA(#10277);
#10277 = FILL_AREA_STYLE('',(#10278));
#10278 = FILL_AREA_STYLE_COLOUR('',#9949);
#10279 = OVER_RIDING_STYLED_ITEM('overriding color',(#10280),#3067,#9932
  );
#10280 = PRESENTATION_STYLE_ASSIGNMENT((#10281));
#10281 = SURFACE_STYLE_USAGE(.BOTH.,#10282);
#10282 = SURFACE_SIDE_STYLE('',(#10283));
#10283 = SURFACE_STYLE_FILL_AREA(#10284);
#10284 = FILL_AREA_STYLE('',(#10285));
#10285 = FILL_AREA_STYLE_COLOUR('',#9949);
#10286 = OVER_RIDING_STYLED_ITEM('overriding color',(#10287),#3096,#9932
  );
#10287 = PRESENTATION_STYLE_ASSIGNMENT((#10288));
#10288 = SURFACE_STYLE_USAGE(.BOTH.,#10289);
#10289 = SURFACE_SIDE_STYLE('',(#10290));
#10290 = SURFACE_STYLE_FILL_AREA(#10291);
#10291 = FILL_AREA_STYLE('',(#10292));
#10292 = FILL_AREA_STYLE_COLOUR('',#9949);
#10293 = OVER_RIDING_STYLED_ITEM('overriding color',(#10294),#3117,#9932
  );
#10294 = PRESENTATION_STYLE_ASSIGNMENT((#10295));
#10295 = SURFACE_STYLE_USAGE(.BOTH.,#10296);
#10296 = SURFACE_SIDE_STYLE('',(#10297));
#10297 = SURFACE_STYLE_FILL_AREA(#10298);
#10298 = FILL_AREA_STYLE('',(#10299));
#10299 = FILL_AREA_STYLE_COLOUR('',#9949);
#10300 = OVER_RIDING_STYLED_ITEM('overriding color',(#10301),#3142,#9932
  );
#10301 = PRESENTATION_STYLE_ASSIGNMENT((#10302));
#10302 = SURFACE_STYLE_USAGE(.BOTH.,#10303);
#10303 = SURFACE_SIDE_STYLE('',(#10304));
#10304 = SURFACE_STYLE_FILL_AREA(#10305);
#10305 = FILL_AREA_STYLE('',(#10306));
#10306 = FILL_AREA_STYLE_COLOUR('',#9949);
#10307 = OVER_RIDING_STYLED_ITEM('overriding color',(#10308),#3167,#9932
  );
#10308 = PRESENTATION_STYLE_ASSIGNMENT((#10309));
#10309 = SURFACE_STYLE_USAGE(.BOTH.,#10310);
#10310 = SURFACE_SIDE_STYLE('',(#10311));
#10311 = SURFACE_STYLE_FILL_AREA(#10312);
#10312 = FILL_AREA_STYLE('',(#10313));
#10313 = FILL_AREA_STYLE_COLOUR('',#9949);
#10314 = OVER_RIDING_STYLED_ITEM('overriding color',(#10315),#3192,#9932
  );
#10315 = PRESENTATION_STYLE_ASSIGNMENT((#10316));
#10316 = SURFACE_STYLE_USAGE(.BOTH.,#10317);
#10317 = SURFACE_SIDE_STYLE('',(#10318));
#10318 = SURFACE_STYLE_FILL_AREA(#10319);
#10319 = FILL_AREA_STYLE('',(#10320));
#10320 = FILL_AREA_STYLE_COLOUR('',#9949);
#10321 = OVER_RIDING_STYLED_ITEM('overriding color',(#10322),#3217,#9932
  );
#10322 = PRESENTATION_STYLE_ASSIGNMENT((#10323));
#10323 = SURFACE_STYLE_USAGE(.BOTH.,#10324);
#10324 = SURFACE_SIDE_STYLE('',(#10325));
#10325 = SURFACE_STYLE_FILL_AREA(#10326);
#10326 = FILL_AREA_STYLE('',(#10327));
#10327 = FILL_AREA_STYLE_COLOUR('',#9949);
#10328 = OVER_RIDING_STYLED_ITEM('overriding color',(#10329),#3242,#9932
  );
#10329 = PRESENTATION_STYLE_ASSIGNMENT((#10330));
#10330 = SURFACE_STYLE_USAGE(.BOTH.,#10331);
#10331 = SURFACE_SIDE_STYLE('',(#10332));
#10332 = SURFACE_STYLE_FILL_AREA(#10333);
#10333 = FILL_AREA_STYLE('',(#10334));
#10334 = FILL_AREA_STYLE_COLOUR('',#9949);
#10335 = OVER_RIDING_STYLED_ITEM('overriding color',(#10336),#3267,#9932
  );
#10336 = PRESENTATION_STYLE_ASSIGNMENT((#10337));
#10337 = SURFACE_STYLE_USAGE(.BOTH.,#10338);
#10338 = SURFACE_SIDE_STYLE('',(#10339));
#10339 = SURFACE_STYLE_FILL_AREA(#10340);
#10340 = FILL_AREA_STYLE('',(#10341));
#10341 = FILL_AREA_STYLE_COLOUR('',#9949);
#10342 = OVER_RIDING_STYLED_ITEM('overriding color',(#10343),#3281,#9932
  );
#10343 = PRESENTATION_STYLE_ASSIGNMENT((#10344));
#10344 = SURFACE_STYLE_USAGE(.BOTH.,#10345);
#10345 = SURFACE_SIDE_STYLE('',(#10346));
#10346 = SURFACE_STYLE_FILL_AREA(#10347);
#10347 = FILL_AREA_STYLE('',(#10348));
#10348 = FILL_AREA_STYLE_COLOUR('',#9939);
#10349 = OVER_RIDING_STYLED_ITEM('overriding color',(#10350),#3302,#9932
  );
#10350 = PRESENTATION_STYLE_ASSIGNMENT((#10351));
#10351 = SURFACE_STYLE_USAGE(.BOTH.,#10352);
#10352 = SURFACE_SIDE_STYLE('',(#10353));
#10353 = SURFACE_STYLE_FILL_AREA(#10354);
#10354 = FILL_AREA_STYLE('',(#10355));
#10355 = FILL_AREA_STYLE_COLOUR('',#9939);
#10356 = OVER_RIDING_STYLED_ITEM('overriding color',(#10357),#3327,#9932
  );
#10357 = PRESENTATION_STYLE_ASSIGNMENT((#10358));
#10358 = SURFACE_STYLE_USAGE(.BOTH.,#10359);
#10359 = SURFACE_SIDE_STYLE('',(#10360));
#10360 = SURFACE_STYLE_FILL_AREA(#10361);
#10361 = FILL_AREA_STYLE('',(#10362));
#10362 = FILL_AREA_STYLE_COLOUR('',#9939);
#10363 = OVER_RIDING_STYLED_ITEM('overriding color',(#10364),#3348,#9932
  );
#10364 = PRESENTATION_STYLE_ASSIGNMENT((#10365));
#10365 = SURFACE_STYLE_USAGE(.BOTH.,#10366);
#10366 = SURFACE_SIDE_STYLE('',(#10367));
#10367 = SURFACE_STYLE_FILL_AREA(#10368);
#10368 = FILL_AREA_STYLE('',(#10369));
#10369 = FILL_AREA_STYLE_COLOUR('',#9949);
#10370 = OVER_RIDING_STYLED_ITEM('overriding color',(#10371),#3365,#9932
  );
#10371 = PRESENTATION_STYLE_ASSIGNMENT((#10372));
#10372 = SURFACE_STYLE_USAGE(.BOTH.,#10373);
#10373 = SURFACE_SIDE_STYLE('',(#10374));
#10374 = SURFACE_STYLE_FILL_AREA(#10375);
#10375 = FILL_AREA_STYLE('',(#10376));
#10376 = FILL_AREA_STYLE_COLOUR('',#9949);
#10377 = OVER_RIDING_STYLED_ITEM('overriding color',(#10378),#3390,#9932
  );
#10378 = PRESENTATION_STYLE_ASSIGNMENT((#10379));
#10379 = SURFACE_STYLE_USAGE(.BOTH.,#10380);
#10380 = SURFACE_SIDE_STYLE('',(#10381));
#10381 = SURFACE_STYLE_FILL_AREA(#10382);
#10382 = FILL_AREA_STYLE('',(#10383));
#10383 = FILL_AREA_STYLE_COLOUR('',#9949);
#10384 = OVER_RIDING_STYLED_ITEM('overriding color',(#10385),#3415,#9932
  );
#10385 = PRESENTATION_STYLE_ASSIGNMENT((#10386));
#10386 = SURFACE_STYLE_USAGE(.BOTH.,#10387);
#10387 = SURFACE_SIDE_STYLE('',(#10388));
#10388 = SURFACE_STYLE_FILL_AREA(#10389);
#10389 = FILL_AREA_STYLE('',(#10390));
#10390 = FILL_AREA_STYLE_COLOUR('',#9949);
#10391 = OVER_RIDING_STYLED_ITEM('overriding color',(#10392),#3432,#9932
  );
#10392 = PRESENTATION_STYLE_ASSIGNMENT((#10393));
#10393 = SURFACE_STYLE_USAGE(.BOTH.,#10394);
#10394 = SURFACE_SIDE_STYLE('',(#10395));
#10395 = SURFACE_STYLE_FILL_AREA(#10396);
#10396 = FILL_AREA_STYLE('',(#10397));
#10397 = FILL_AREA_STYLE_COLOUR('',#9949);
#10398 = OVER_RIDING_STYLED_ITEM('overriding color',(#10399),#3450,#9932
  );
#10399 = PRESENTATION_STYLE_ASSIGNMENT((#10400));
#10400 = SURFACE_STYLE_USAGE(.BOTH.,#10401);
#10401 = SURFACE_SIDE_STYLE('',(#10402));
#10402 = SURFACE_STYLE_FILL_AREA(#10403);
#10403 = FILL_AREA_STYLE('',(#10404));
#10404 = FILL_AREA_STYLE_COLOUR('',#9949);
#10405 = OVER_RIDING_STYLED_ITEM('overriding color',(#10406),#3468,#9932
  );
#10406 = PRESENTATION_STYLE_ASSIGNMENT((#10407));
#10407 = SURFACE_STYLE_USAGE(.BOTH.,#10408);
#10408 = SURFACE_SIDE_STYLE('',(#10409));
#10409 = SURFACE_STYLE_FILL_AREA(#10410);
#10410 = FILL_AREA_STYLE('',(#10411));
#10411 = FILL_AREA_STYLE_COLOUR('',#9949);
#10412 = OVER_RIDING_STYLED_ITEM('overriding color',(#10413),#3496,#9932
  );
#10413 = PRESENTATION_STYLE_ASSIGNMENT((#10414));
#10414 = SURFACE_STYLE_USAGE(.BOTH.,#10415);
#10415 = SURFACE_SIDE_STYLE('',(#10416));
#10416 = SURFACE_STYLE_FILL_AREA(#10417);
#10417 = FILL_AREA_STYLE('',(#10418));
#10418 = FILL_AREA_STYLE_COLOUR('',#9949);
#10419 = OVER_RIDING_STYLED_ITEM('overriding color',(#10420),#3530,#9932
  );
#10420 = PRESENTATION_STYLE_ASSIGNMENT((#10421));
#10421 = SURFACE_STYLE_USAGE(.BOTH.,#10422);
#10422 = SURFACE_SIDE_STYLE('',(#10423));
#10423 = SURFACE_STYLE_FILL_AREA(#10424);
#10424 = FILL_AREA_STYLE('',(#10425));
#10425 = FILL_AREA_STYLE_COLOUR('',#9949);
#10426 = OVER_RIDING_STYLED_ITEM('overriding color',(#10427),#3826,#9932
  );
#10427 = PRESENTATION_STYLE_ASSIGNMENT((#10428));
#10428 = SURFACE_STYLE_USAGE(.BOTH.,#10429);
#10429 = SURFACE_SIDE_STYLE('',(#10430));
#10430 = SURFACE_STYLE_FILL_AREA(#10431);
#10431 = FILL_AREA_STYLE('',(#10432));
#10432 = FILL_AREA_STYLE_COLOUR('',#9949);
#10433 = OVER_RIDING_STYLED_ITEM('overriding color',(#10434),#3984,#9932
  );
#10434 = PRESENTATION_STYLE_ASSIGNMENT((#10435));
#10435 = SURFACE_STYLE_USAGE(.BOTH.,#10436);
#10436 = SURFACE_SIDE_STYLE('',(#10437));
#10437 = SURFACE_STYLE_FILL_AREA(#10438);
#10438 = FILL_AREA_STYLE('',(#10439));
#10439 = FILL_AREA_STYLE_COLOUR('',#9949);
#10440 = OVER_RIDING_STYLED_ITEM('overriding color',(#10441),#4142,#9932
  );
#10441 = PRESENTATION_STYLE_ASSIGNMENT((#10442));
#10442 = SURFACE_STYLE_USAGE(.BOTH.,#10443);
#10443 = SURFACE_SIDE_STYLE('',(#10444));
#10444 = SURFACE_STYLE_FILL_AREA(#10445);
#10445 = FILL_AREA_STYLE('',(#10446));
#10446 = FILL_AREA_STYLE_COLOUR('',#9939);
#10447 = OVER_RIDING_STYLED_ITEM('overriding color',(#10448),#4266,#9932
  );
#10448 = PRESENTATION_STYLE_ASSIGNMENT((#10449));
#10449 = SURFACE_STYLE_USAGE(.BOTH.,#10450);
#10450 = SURFACE_SIDE_STYLE('',(#10451));
#10451 = SURFACE_STYLE_FILL_AREA(#10452);
#10452 = FILL_AREA_STYLE('',(#10453));
#10453 = FILL_AREA_STYLE_COLOUR('',#9939);
#10454 = OVER_RIDING_STYLED_ITEM('overriding color',(#10455),#4290,#9932
  );
#10455 = PRESENTATION_STYLE_ASSIGNMENT((#10456));
#10456 = SURFACE_STYLE_USAGE(.BOTH.,#10457);
#10457 = SURFACE_SIDE_STYLE('',(#10458));
#10458 = SURFACE_STYLE_FILL_AREA(#10459);
#10459 = FILL_AREA_STYLE('',(#10460));
#10460 = FILL_AREA_STYLE_COLOUR('',#9939);
#10461 = OVER_RIDING_STYLED_ITEM('overriding color',(#10462),#4310,#9932
  );
#10462 = PRESENTATION_STYLE_ASSIGNMENT((#10463));
#10463 = SURFACE_STYLE_USAGE(.BOTH.,#10464);
#10464 = SURFACE_SIDE_STYLE('',(#10465));
#10465 = SURFACE_STYLE_FILL_AREA(#10466);
#10466 = FILL_AREA_STYLE('',(#10467));
#10467 = FILL_AREA_STYLE_COLOUR('',#9939);
#10468 = OVER_RIDING_STYLED_ITEM('overriding color',(#10469),#4330,#9932
  );
#10469 = PRESENTATION_STYLE_ASSIGNMENT((#10470));
#10470 = SURFACE_STYLE_USAGE(.BOTH.,#10471);
#10471 = SURFACE_SIDE_STYLE('',(#10472));
#10472 = SURFACE_STYLE_FILL_AREA(#10473);
#10473 = FILL_AREA_STYLE('',(#10474));
#10474 = FILL_AREA_STYLE_COLOUR('',#9939);
#10475 = OVER_RIDING_STYLED_ITEM('overriding color',(#10476),#4346,#9932
  );
#10476 = PRESENTATION_STYLE_ASSIGNMENT((#10477));
#10477 = SURFACE_STYLE_USAGE(.BOTH.,#10478);
#10478 = SURFACE_SIDE_STYLE('',(#10479));
#10479 = SURFACE_STYLE_FILL_AREA(#10480);
#10480 = FILL_AREA_STYLE('',(#10481));
#10481 = FILL_AREA_STYLE_COLOUR('',#9939);
#10482 = OVER_RIDING_STYLED_ITEM('overriding color',(#10483),#4362,#9932
  );
#10483 = PRESENTATION_STYLE_ASSIGNMENT((#10484));
#10484 = SURFACE_STYLE_USAGE(.BOTH.,#10485);
#10485 = SURFACE_SIDE_STYLE('',(#10486));
#10486 = SURFACE_STYLE_FILL_AREA(#10487);
#10487 = FILL_AREA_STYLE('',(#10488));
#10488 = FILL_AREA_STYLE_COLOUR('',#9939);
#10489 = OVER_RIDING_STYLED_ITEM('overriding color',(#10490),#4378,#9932
  );
#10490 = PRESENTATION_STYLE_ASSIGNMENT((#10491));
#10491 = SURFACE_STYLE_USAGE(.BOTH.,#10492);
#10492 = SURFACE_SIDE_STYLE('',(#10493));
#10493 = SURFACE_STYLE_FILL_AREA(#10494);
#10494 = FILL_AREA_STYLE('',(#10495));
#10495 = FILL_AREA_STYLE_COLOUR('',#9939);
#10496 = OVER_RIDING_STYLED_ITEM('overriding color',(#10497),#4394,#9932
  );
#10497 = PRESENTATION_STYLE_ASSIGNMENT((#10498));
#10498 = SURFACE_STYLE_USAGE(.BOTH.,#10499);
#10499 = SURFACE_SIDE_STYLE('',(#10500));
#10500 = SURFACE_STYLE_FILL_AREA(#10501);
#10501 = FILL_AREA_STYLE('',(#10502));
#10502 = FILL_AREA_STYLE_COLOUR('',#9939);
#10503 = OVER_RIDING_STYLED_ITEM('overriding color',(#10504),#4428,#9932
  );
#10504 = PRESENTATION_STYLE_ASSIGNMENT((#10505));
#10505 = SURFACE_STYLE_USAGE(.BOTH.,#10506);
#10506 = SURFACE_SIDE_STYLE('',(#10507));
#10507 = SURFACE_STYLE_FILL_AREA(#10508);
#10508 = FILL_AREA_STYLE('',(#10509));
#10509 = FILL_AREA_STYLE_COLOUR('',#9939);
#10510 = OVER_RIDING_STYLED_ITEM('overriding color',(#10511),#4456,#9932
  );
#10511 = PRESENTATION_STYLE_ASSIGNMENT((#10512));
#10512 = SURFACE_STYLE_USAGE(.BOTH.,#10513);
#10513 = SURFACE_SIDE_STYLE('',(#10514));
#10514 = SURFACE_STYLE_FILL_AREA(#10515);
#10515 = FILL_AREA_STYLE('',(#10516));
#10516 = FILL_AREA_STYLE_COLOUR('',#9939);
#10517 = OVER_RIDING_STYLED_ITEM('overriding color',(#10518),#4478,#9932
  );
#10518 = PRESENTATION_STYLE_ASSIGNMENT((#10519));
#10519 = SURFACE_STYLE_USAGE(.BOTH.,#10520);
#10520 = SURFACE_SIDE_STYLE('',(#10521));
#10521 = SURFACE_STYLE_FILL_AREA(#10522);
#10522 = FILL_AREA_STYLE('',(#10523));
#10523 = FILL_AREA_STYLE_COLOUR('',#9939);
#10524 = OVER_RIDING_STYLED_ITEM('overriding color',(#10525),#4500,#9932
  );
#10525 = PRESENTATION_STYLE_ASSIGNMENT((#10526));
#10526 = SURFACE_STYLE_USAGE(.BOTH.,#10527);
#10527 = SURFACE_SIDE_STYLE('',(#10528));
#10528 = SURFACE_STYLE_FILL_AREA(#10529);
#10529 = FILL_AREA_STYLE('',(#10530));
#10530 = FILL_AREA_STYLE_COLOUR('',#9939);
#10531 = OVER_RIDING_STYLED_ITEM('overriding color',(#10532),#4522,#9932
  );
#10532 = PRESENTATION_STYLE_ASSIGNMENT((#10533));
#10533 = SURFACE_STYLE_USAGE(.BOTH.,#10534);
#10534 = SURFACE_SIDE_STYLE('',(#10535));
#10535 = SURFACE_STYLE_FILL_AREA(#10536);
#10536 = FILL_AREA_STYLE('',(#10537));
#10537 = FILL_AREA_STYLE_COLOUR('',#9939);
#10538 = OVER_RIDING_STYLED_ITEM('overriding color',(#10539),#4550,#9932
  );
#10539 = PRESENTATION_STYLE_ASSIGNMENT((#10540));
#10540 = SURFACE_STYLE_USAGE(.BOTH.,#10541);
#10541 = SURFACE_SIDE_STYLE('',(#10542));
#10542 = SURFACE_STYLE_FILL_AREA(#10543);
#10543 = FILL_AREA_STYLE('',(#10544));
#10544 = FILL_AREA_STYLE_COLOUR('',#9939);
#10545 = OVER_RIDING_STYLED_ITEM('overriding color',(#10546),#4572,#9932
  );
#10546 = PRESENTATION_STYLE_ASSIGNMENT((#10547));
#10547 = SURFACE_STYLE_USAGE(.BOTH.,#10548);
#10548 = SURFACE_SIDE_STYLE('',(#10549));
#10549 = SURFACE_STYLE_FILL_AREA(#10550);
#10550 = FILL_AREA_STYLE('',(#10551));
#10551 = FILL_AREA_STYLE_COLOUR('',#9949);
#10552 = OVER_RIDING_STYLED_ITEM('overriding color',(#10553),#4587,#9932
  );
#10553 = PRESENTATION_STYLE_ASSIGNMENT((#10554));
#10554 = SURFACE_STYLE_USAGE(.BOTH.,#10555);
#10555 = SURFACE_SIDE_STYLE('',(#10556));
#10556 = SURFACE_STYLE_FILL_AREA(#10557);
#10557 = FILL_AREA_STYLE('',(#10558));
#10558 = FILL_AREA_STYLE_COLOUR('',#9939);
#10559 = OVER_RIDING_STYLED_ITEM('overriding color',(#10560),#4621,#9932
  );
#10560 = PRESENTATION_STYLE_ASSIGNMENT((#10561));
#10561 = SURFACE_STYLE_USAGE(.BOTH.,#10562);
#10562 = SURFACE_SIDE_STYLE('',(#10563));
#10563 = SURFACE_STYLE_FILL_AREA(#10564);
#10564 = FILL_AREA_STYLE('',(#10565));
#10565 = FILL_AREA_STYLE_COLOUR('',#9939);
#10566 = OVER_RIDING_STYLED_ITEM('overriding color',(#10567),#4643,#9932
  );
#10567 = PRESENTATION_STYLE_ASSIGNMENT((#10568));
#10568 = SURFACE_STYLE_USAGE(.BOTH.,#10569);
#10569 = SURFACE_SIDE_STYLE('',(#10570));
#10570 = SURFACE_STYLE_FILL_AREA(#10571);
#10571 = FILL_AREA_STYLE('',(#10572));
#10572 = FILL_AREA_STYLE_COLOUR('',#9939);
#10573 = OVER_RIDING_STYLED_ITEM('overriding color',(#10574),#4665,#9932
  );
#10574 = PRESENTATION_STYLE_ASSIGNMENT((#10575));
#10575 = SURFACE_STYLE_USAGE(.BOTH.,#10576);
#10576 = SURFACE_SIDE_STYLE('',(#10577));
#10577 = SURFACE_STYLE_FILL_AREA(#10578);
#10578 = FILL_AREA_STYLE('',(#10579));
#10579 = FILL_AREA_STYLE_COLOUR('',#9939);
#10580 = OVER_RIDING_STYLED_ITEM('overriding color',(#10581),#4687,#9932
  );
#10581 = PRESENTATION_STYLE_ASSIGNMENT((#10582));
#10582 = SURFACE_STYLE_USAGE(.BOTH.,#10583);
#10583 = SURFACE_SIDE_STYLE('',(#10584));
#10584 = SURFACE_STYLE_FILL_AREA(#10585);
#10585 = FILL_AREA_STYLE('',(#10586));
#10586 = FILL_AREA_STYLE_COLOUR('',#9939);
#10587 = OVER_RIDING_STYLED_ITEM('overriding color',(#10588),#4709,#9932
  );
#10588 = PRESENTATION_STYLE_ASSIGNMENT((#10589));
#10589 = SURFACE_STYLE_USAGE(.BOTH.,#10590);
#10590 = SURFACE_SIDE_STYLE('',(#10591));
#10591 = SURFACE_STYLE_FILL_AREA(#10592);
#10592 = FILL_AREA_STYLE('',(#10593));
#10593 = FILL_AREA_STYLE_COLOUR('',#9939);
#10594 = OVER_RIDING_STYLED_ITEM('overriding color',(#10595),#4731,#9932
  );
#10595 = PRESENTATION_STYLE_ASSIGNMENT((#10596));
#10596 = SURFACE_STYLE_USAGE(.BOTH.,#10597);
#10597 = SURFACE_SIDE_STYLE('',(#10598));
#10598 = SURFACE_STYLE_FILL_AREA(#10599);
#10599 = FILL_AREA_STYLE('',(#10600));
#10600 = FILL_AREA_STYLE_COLOUR('',#9939);
#10601 = OVER_RIDING_STYLED_ITEM('overriding color',(#10602),#4753,#9932
  );
#10602 = PRESENTATION_STYLE_ASSIGNMENT((#10603));
#10603 = SURFACE_STYLE_USAGE(.BOTH.,#10604);
#10604 = SURFACE_SIDE_STYLE('',(#10605));
#10605 = SURFACE_STYLE_FILL_AREA(#10606);
#10606 = FILL_AREA_STYLE('',(#10607));
#10607 = FILL_AREA_STYLE_COLOUR('',#9939);
#10608 = OVER_RIDING_STYLED_ITEM('overriding color',(#10609),#4781,#9932
  );
#10609 = PRESENTATION_STYLE_ASSIGNMENT((#10610));
#10610 = SURFACE_STYLE_USAGE(.BOTH.,#10611);
#10611 = SURFACE_SIDE_STYLE('',(#10612));
#10612 = SURFACE_STYLE_FILL_AREA(#10613);
#10613 = FILL_AREA_STYLE('',(#10614));
#10614 = FILL_AREA_STYLE_COLOUR('',#9939);
#10615 = OVER_RIDING_STYLED_ITEM('overriding color',(#10616),#4809,#9932
  );
#10616 = PRESENTATION_STYLE_ASSIGNMENT((#10617));
#10617 = SURFACE_STYLE_USAGE(.BOTH.,#10618);
#10618 = SURFACE_SIDE_STYLE('',(#10619));
#10619 = SURFACE_STYLE_FILL_AREA(#10620);
#10620 = FILL_AREA_STYLE('',(#10621));
#10621 = FILL_AREA_STYLE_COLOUR('',#9939);
#10622 = OVER_RIDING_STYLED_ITEM('overriding color',(#10623),#4831,#9932
  );
#10623 = PRESENTATION_STYLE_ASSIGNMENT((#10624));
#10624 = SURFACE_STYLE_USAGE(.BOTH.,#10625);
#10625 = SURFACE_SIDE_STYLE('',(#10626));
#10626 = SURFACE_STYLE_FILL_AREA(#10627);
#10627 = FILL_AREA_STYLE('',(#10628));
#10628 = FILL_AREA_STYLE_COLOUR('',#9939);
#10629 = OVER_RIDING_STYLED_ITEM('overriding color',(#10630),#4859,#9932
  );
#10630 = PRESENTATION_STYLE_ASSIGNMENT((#10631));
#10631 = SURFACE_STYLE_USAGE(.BOTH.,#10632);
#10632 = SURFACE_SIDE_STYLE('',(#10633));
#10633 = SURFACE_STYLE_FILL_AREA(#10634);
#10634 = FILL_AREA_STYLE('',(#10635));
#10635 = FILL_AREA_STYLE_COLOUR('',#9939);
#10636 = OVER_RIDING_STYLED_ITEM('overriding color',(#10637),#4887,#9932
  );
#10637 = PRESENTATION_STYLE_ASSIGNMENT((#10638));
#10638 = SURFACE_STYLE_USAGE(.BOTH.,#10639);
#10639 = SURFACE_SIDE_STYLE('',(#10640));
#10640 = SURFACE_STYLE_FILL_AREA(#10641);
#10641 = FILL_AREA_STYLE('',(#10642));
#10642 = FILL_AREA_STYLE_COLOUR('',#9939);
#10643 = OVER_RIDING_STYLED_ITEM('overriding color',(#10644),#4909,#9932
  );
#10644 = PRESENTATION_STYLE_ASSIGNMENT((#10645));
#10645 = SURFACE_STYLE_USAGE(.BOTH.,#10646);
#10646 = SURFACE_SIDE_STYLE('',(#10647));
#10647 = SURFACE_STYLE_FILL_AREA(#10648);
#10648 = FILL_AREA_STYLE('',(#10649));
#10649 = FILL_AREA_STYLE_COLOUR('',#9939);
#10650 = OVER_RIDING_STYLED_ITEM('overriding color',(#10651),#4931,#9932
  );
#10651 = PRESENTATION_STYLE_ASSIGNMENT((#10652));
#10652 = SURFACE_STYLE_USAGE(.BOTH.,#10653);
#10653 = SURFACE_SIDE_STYLE('',(#10654));
#10654 = SURFACE_STYLE_FILL_AREA(#10655);
#10655 = FILL_AREA_STYLE('',(#10656));
#10656 = FILL_AREA_STYLE_COLOUR('',#9939);
#10657 = OVER_RIDING_STYLED_ITEM('overriding color',(#10658),#4947,#9932
  );
#10658 = PRESENTATION_STYLE_ASSIGNMENT((#10659));
#10659 = SURFACE_STYLE_USAGE(.BOTH.,#10660);
#10660 = SURFACE_SIDE_STYLE('',(#10661));
#10661 = SURFACE_STYLE_FILL_AREA(#10662);
#10662 = FILL_AREA_STYLE('',(#10663));
#10663 = FILL_AREA_STYLE_COLOUR('',#9939);
#10664 = OVER_RIDING_STYLED_ITEM('overriding color',(#10665),#4970,#9932
  );
#10665 = PRESENTATION_STYLE_ASSIGNMENT((#10666));
#10666 = SURFACE_STYLE_USAGE(.BOTH.,#10667);
#10667 = SURFACE_SIDE_STYLE('',(#10668));
#10668 = SURFACE_STYLE_FILL_AREA(#10669);
#10669 = FILL_AREA_STYLE('',(#10670));
#10670 = FILL_AREA_STYLE_COLOUR('',#9939);
#10671 = OVER_RIDING_STYLED_ITEM('overriding color',(#10672),#5004,#9932
  );
#10672 = PRESENTATION_STYLE_ASSIGNMENT((#10673));
#10673 = SURFACE_STYLE_USAGE(.BOTH.,#10674);
#10674 = SURFACE_SIDE_STYLE('',(#10675));
#10675 = SURFACE_STYLE_FILL_AREA(#10676);
#10676 = FILL_AREA_STYLE('',(#10677));
#10677 = FILL_AREA_STYLE_COLOUR('',#9939);
#10678 = OVER_RIDING_STYLED_ITEM('overriding color',(#10679),#5032,#9932
  );
#10679 = PRESENTATION_STYLE_ASSIGNMENT((#10680));
#10680 = SURFACE_STYLE_USAGE(.BOTH.,#10681);
#10681 = SURFACE_SIDE_STYLE('',(#10682));
#10682 = SURFACE_STYLE_FILL_AREA(#10683);
#10683 = FILL_AREA_STYLE('',(#10684));
#10684 = FILL_AREA_STYLE_COLOUR('',#9939);
#10685 = OVER_RIDING_STYLED_ITEM('overriding color',(#10686),#5060,#9932
  );
#10686 = PRESENTATION_STYLE_ASSIGNMENT((#10687));
#10687 = SURFACE_STYLE_USAGE(.BOTH.,#10688);
#10688 = SURFACE_SIDE_STYLE('',(#10689));
#10689 = SURFACE_STYLE_FILL_AREA(#10690);
#10690 = FILL_AREA_STYLE('',(#10691));
#10691 = FILL_AREA_STYLE_COLOUR('',#9939);
#10692 = OVER_RIDING_STYLED_ITEM('overriding color',(#10693),#5088,#9932
  );
#10693 = PRESENTATION_STYLE_ASSIGNMENT((#10694));
#10694 = SURFACE_STYLE_USAGE(.BOTH.,#10695);
#10695 = SURFACE_SIDE_STYLE('',(#10696));
#10696 = SURFACE_STYLE_FILL_AREA(#10697);
#10697 = FILL_AREA_STYLE('',(#10698));
#10698 = FILL_AREA_STYLE_COLOUR('',#9939);
#10699 = OVER_RIDING_STYLED_ITEM('overriding color',(#10700),#5116,#9932
  );
#10700 = PRESENTATION_STYLE_ASSIGNMENT((#10701));
#10701 = SURFACE_STYLE_USAGE(.BOTH.,#10702);
#10702 = SURFACE_SIDE_STYLE('',(#10703));
#10703 = SURFACE_STYLE_FILL_AREA(#10704);
#10704 = FILL_AREA_STYLE('',(#10705));
#10705 = FILL_AREA_STYLE_COLOUR('',#9939);
#10706 = OVER_RIDING_STYLED_ITEM('overriding color',(#10707),#5144,#9932
  );
#10707 = PRESENTATION_STYLE_ASSIGNMENT((#10708));
#10708 = SURFACE_STYLE_USAGE(.BOTH.,#10709);
#10709 = SURFACE_SIDE_STYLE('',(#10710));
#10710 = SURFACE_STYLE_FILL_AREA(#10711);
#10711 = FILL_AREA_STYLE('',(#10712));
#10712 = FILL_AREA_STYLE_COLOUR('',#9939);
#10713 = OVER_RIDING_STYLED_ITEM('overriding color',(#10714),#5172,#9932
  );
#10714 = PRESENTATION_STYLE_ASSIGNMENT((#10715));
#10715 = SURFACE_STYLE_USAGE(.BOTH.,#10716);
#10716 = SURFACE_SIDE_STYLE('',(#10717));
#10717 = SURFACE_STYLE_FILL_AREA(#10718);
#10718 = FILL_AREA_STYLE('',(#10719));
#10719 = FILL_AREA_STYLE_COLOUR('',#9939);
#10720 = OVER_RIDING_STYLED_ITEM('overriding color',(#10721),#5200,#9932
  );
#10721 = PRESENTATION_STYLE_ASSIGNMENT((#10722));
#10722 = SURFACE_STYLE_USAGE(.BOTH.,#10723);
#10723 = SURFACE_SIDE_STYLE('',(#10724));
#10724 = SURFACE_STYLE_FILL_AREA(#10725);
#10725 = FILL_AREA_STYLE('',(#10726));
#10726 = FILL_AREA_STYLE_COLOUR('',#9939);
#10727 = OVER_RIDING_STYLED_ITEM('overriding color',(#10728),#5228,#9932
  );
#10728 = PRESENTATION_STYLE_ASSIGNMENT((#10729));
#10729 = SURFACE_STYLE_USAGE(.BOTH.,#10730);
#10730 = SURFACE_SIDE_STYLE('',(#10731));
#10731 = SURFACE_STYLE_FILL_AREA(#10732);
#10732 = FILL_AREA_STYLE('',(#10733));
#10733 = FILL_AREA_STYLE_COLOUR('',#9939);
#10734 = OVER_RIDING_STYLED_ITEM('overriding color',(#10735),#5250,#9932
  );
#10735 = PRESENTATION_STYLE_ASSIGNMENT((#10736));
#10736 = SURFACE_STYLE_USAGE(.BOTH.,#10737);
#10737 = SURFACE_SIDE_STYLE('',(#10738));
#10738 = SURFACE_STYLE_FILL_AREA(#10739);
#10739 = FILL_AREA_STYLE('',(#10740));
#10740 = FILL_AREA_STYLE_COLOUR('',#9939);
#10741 = OVER_RIDING_STYLED_ITEM('overriding color',(#10742),#5278,#9932
  );
#10742 = PRESENTATION_STYLE_ASSIGNMENT((#10743));
#10743 = SURFACE_STYLE_USAGE(.BOTH.,#10744);
#10744 = SURFACE_SIDE_STYLE('',(#10745));
#10745 = SURFACE_STYLE_FILL_AREA(#10746);
#10746 = FILL_AREA_STYLE('',(#10747));
#10747 = FILL_AREA_STYLE_COLOUR('',#9939);
#10748 = OVER_RIDING_STYLED_ITEM('overriding color',(#10749),#5306,#9932
  );
#10749 = PRESENTATION_STYLE_ASSIGNMENT((#10750));
#10750 = SURFACE_STYLE_USAGE(.BOTH.,#10751);
#10751 = SURFACE_SIDE_STYLE('',(#10752));
#10752 = SURFACE_STYLE_FILL_AREA(#10753);
#10753 = FILL_AREA_STYLE('',(#10754));
#10754 = FILL_AREA_STYLE_COLOUR('',#9939);
#10755 = OVER_RIDING_STYLED_ITEM('overriding color',(#10756),#5334,#9932
  );
#10756 = PRESENTATION_STYLE_ASSIGNMENT((#10757));
#10757 = SURFACE_STYLE_USAGE(.BOTH.,#10758);
#10758 = SURFACE_SIDE_STYLE('',(#10759));
#10759 = SURFACE_STYLE_FILL_AREA(#10760);
#10760 = FILL_AREA_STYLE('',(#10761));
#10761 = FILL_AREA_STYLE_COLOUR('',#9939);
#10762 = OVER_RIDING_STYLED_ITEM('overriding color',(#10763),#5362,#9932
  );
#10763 = PRESENTATION_STYLE_ASSIGNMENT((#10764));
#10764 = SURFACE_STYLE_USAGE(.BOTH.,#10765);
#10765 = SURFACE_SIDE_STYLE('',(#10766));
#10766 = SURFACE_STYLE_FILL_AREA(#10767);
#10767 = FILL_AREA_STYLE('',(#10768));
#10768 = FILL_AREA_STYLE_COLOUR('',#9939);
#10769 = OVER_RIDING_STYLED_ITEM('overriding color',(#10770),#5390,#9932
  );
#10770 = PRESENTATION_STYLE_ASSIGNMENT((#10771));
#10771 = SURFACE_STYLE_USAGE(.BOTH.,#10772);
#10772 = SURFACE_SIDE_STYLE('',(#10773));
#10773 = SURFACE_STYLE_FILL_AREA(#10774);
#10774 = FILL_AREA_STYLE('',(#10775));
#10775 = FILL_AREA_STYLE_COLOUR('',#9939);
#10776 = OVER_RIDING_STYLED_ITEM('overriding color',(#10777),#5418,#9932
  );
#10777 = PRESENTATION_STYLE_ASSIGNMENT((#10778));
#10778 = SURFACE_STYLE_USAGE(.BOTH.,#10779);
#10779 = SURFACE_SIDE_STYLE('',(#10780));
#10780 = SURFACE_STYLE_FILL_AREA(#10781);
#10781 = FILL_AREA_STYLE('',(#10782));
#10782 = FILL_AREA_STYLE_COLOUR('',#9939);
#10783 = OVER_RIDING_STYLED_ITEM('overriding color',(#10784),#5446,#9932
  );
#10784 = PRESENTATION_STYLE_ASSIGNMENT((#10785));
#10785 = SURFACE_STYLE_USAGE(.BOTH.,#10786);
#10786 = SURFACE_SIDE_STYLE('',(#10787));
#10787 = SURFACE_STYLE_FILL_AREA(#10788);
#10788 = FILL_AREA_STYLE('',(#10789));
#10789 = FILL_AREA_STYLE_COLOUR('',#9939);
#10790 = OVER_RIDING_STYLED_ITEM('overriding color',(#10791),#5474,#9932
  );
#10791 = PRESENTATION_STYLE_ASSIGNMENT((#10792));
#10792 = SURFACE_STYLE_USAGE(.BOTH.,#10793);
#10793 = SURFACE_SIDE_STYLE('',(#10794));
#10794 = SURFACE_STYLE_FILL_AREA(#10795);
#10795 = FILL_AREA_STYLE('',(#10796));
#10796 = FILL_AREA_STYLE_COLOUR('',#9939);
#10797 = OVER_RIDING_STYLED_ITEM('overriding color',(#10798),#5502,#9932
  );
#10798 = PRESENTATION_STYLE_ASSIGNMENT((#10799));
#10799 = SURFACE_STYLE_USAGE(.BOTH.,#10800);
#10800 = SURFACE_SIDE_STYLE('',(#10801));
#10801 = SURFACE_STYLE_FILL_AREA(#10802);
#10802 = FILL_AREA_STYLE('',(#10803));
#10803 = FILL_AREA_STYLE_COLOUR('',#9939);
#10804 = OVER_RIDING_STYLED_ITEM('overriding color',(#10805),#5524,#9932
  );
#10805 = PRESENTATION_STYLE_ASSIGNMENT((#10806));
#10806 = SURFACE_STYLE_USAGE(.BOTH.,#10807);
#10807 = SURFACE_SIDE_STYLE('',(#10808));
#10808 = SURFACE_STYLE_FILL_AREA(#10809);
#10809 = FILL_AREA_STYLE('',(#10810));
#10810 = FILL_AREA_STYLE_COLOUR('',#9939);
#10811 = OVER_RIDING_STYLED_ITEM('overriding color',(#10812),#5546,#9932
  );
#10812 = PRESENTATION_STYLE_ASSIGNMENT((#10813));
#10813 = SURFACE_STYLE_USAGE(.BOTH.,#10814);
#10814 = SURFACE_SIDE_STYLE('',(#10815));
#10815 = SURFACE_STYLE_FILL_AREA(#10816);
#10816 = FILL_AREA_STYLE('',(#10817));
#10817 = FILL_AREA_STYLE_COLOUR('',#9939);
#10818 = OVER_RIDING_STYLED_ITEM('overriding color',(#10819),#5575,#9932
  );
#10819 = PRESENTATION_STYLE_ASSIGNMENT((#10820));
#10820 = SURFACE_STYLE_USAGE(.BOTH.,#10821);
#10821 = SURFACE_SIDE_STYLE('',(#10822));
#10822 = SURFACE_STYLE_FILL_AREA(#10823);
#10823 = FILL_AREA_STYLE('',(#10824));
#10824 = FILL_AREA_STYLE_COLOUR('',#9939);
#10825 = OVER_RIDING_STYLED_ITEM('overriding color',(#10826),#5767,#9932
  );
#10826 = PRESENTATION_STYLE_ASSIGNMENT((#10827));
#10827 = SURFACE_STYLE_USAGE(.BOTH.,#10828);
#10828 = SURFACE_SIDE_STYLE('',(#10829));
#10829 = SURFACE_STYLE_FILL_AREA(#10830);
#10830 = FILL_AREA_STYLE('',(#10831));
#10831 = FILL_AREA_STYLE_COLOUR('',#9939);
#10832 = OVER_RIDING_STYLED_ITEM('overriding color',(#10833),#5791,#9932
  );
#10833 = PRESENTATION_STYLE_ASSIGNMENT((#10834));
#10834 = SURFACE_STYLE_USAGE(.BOTH.,#10835);
#10835 = SURFACE_SIDE_STYLE('',(#10836));
#10836 = SURFACE_STYLE_FILL_AREA(#10837);
#10837 = FILL_AREA_STYLE('',(#10838));
#10838 = FILL_AREA_STYLE_COLOUR('',#9939);
#10839 = OVER_RIDING_STYLED_ITEM('overriding color',(#10840),#5807,#9932
  );
#10840 = PRESENTATION_STYLE_ASSIGNMENT((#10841));
#10841 = SURFACE_STYLE_USAGE(.BOTH.,#10842);
#10842 = SURFACE_SIDE_STYLE('',(#10843));
#10843 = SURFACE_STYLE_FILL_AREA(#10844);
#10844 = FILL_AREA_STYLE('',(#10845));
#10845 = FILL_AREA_STYLE_COLOUR('',#9939);
#10846 = OVER_RIDING_STYLED_ITEM('overriding color',(#10847),#5827,#9932
  );
#10847 = PRESENTATION_STYLE_ASSIGNMENT((#10848));
#10848 = SURFACE_STYLE_USAGE(.BOTH.,#10849);
#10849 = SURFACE_SIDE_STYLE('',(#10850));
#10850 = SURFACE_STYLE_FILL_AREA(#10851);
#10851 = FILL_AREA_STYLE('',(#10852));
#10852 = FILL_AREA_STYLE_COLOUR('',#9939);
#10853 = OVER_RIDING_STYLED_ITEM('overriding color',(#10854),#5847,#9932
  );
#10854 = PRESENTATION_STYLE_ASSIGNMENT((#10855));
#10855 = SURFACE_STYLE_USAGE(.BOTH.,#10856);
#10856 = SURFACE_SIDE_STYLE('',(#10857));
#10857 = SURFACE_STYLE_FILL_AREA(#10858);
#10858 = FILL_AREA_STYLE('',(#10859));
#10859 = FILL_AREA_STYLE_COLOUR('',#9939);
#10860 = OVER_RIDING_STYLED_ITEM('overriding color',(#10861),#5867,#9932
  );
#10861 = PRESENTATION_STYLE_ASSIGNMENT((#10862));
#10862 = SURFACE_STYLE_USAGE(.BOTH.,#10863);
#10863 = SURFACE_SIDE_STYLE('',(#10864));
#10864 = SURFACE_STYLE_FILL_AREA(#10865);
#10865 = FILL_AREA_STYLE('',(#10866));
#10866 = FILL_AREA_STYLE_COLOUR('',#9939);
#10867 = OVER_RIDING_STYLED_ITEM('overriding color',(#10868),#5887,#9932
  );
#10868 = PRESENTATION_STYLE_ASSIGNMENT((#10869));
#10869 = SURFACE_STYLE_USAGE(.BOTH.,#10870);
#10870 = SURFACE_SIDE_STYLE('',(#10871));
#10871 = SURFACE_STYLE_FILL_AREA(#10872);
#10872 = FILL_AREA_STYLE('',(#10873));
#10873 = FILL_AREA_STYLE_COLOUR('',#9939);
#10874 = OVER_RIDING_STYLED_ITEM('overriding color',(#10875),#5903,#9932
  );
#10875 = PRESENTATION_STYLE_ASSIGNMENT((#10876));
#10876 = SURFACE_STYLE_USAGE(.BOTH.,#10877);
#10877 = SURFACE_SIDE_STYLE('',(#10878));
#10878 = SURFACE_STYLE_FILL_AREA(#10879);
#10879 = FILL_AREA_STYLE('',(#10880));
#10880 = FILL_AREA_STYLE_COLOUR('',#9939);
#10881 = OVER_RIDING_STYLED_ITEM('overriding color',(#10882),#5919,#9932
  );
#10882 = PRESENTATION_STYLE_ASSIGNMENT((#10883));
#10883 = SURFACE_STYLE_USAGE(.BOTH.,#10884);
#10884 = SURFACE_SIDE_STYLE('',(#10885));
#10885 = SURFACE_STYLE_FILL_AREA(#10886);
#10886 = FILL_AREA_STYLE('',(#10887));
#10887 = FILL_AREA_STYLE_COLOUR('',#9939);
#10888 = OVER_RIDING_STYLED_ITEM('overriding color',(#10889),#5935,#9932
  );
#10889 = PRESENTATION_STYLE_ASSIGNMENT((#10890));
#10890 = SURFACE_STYLE_USAGE(.BOTH.,#10891);
#10891 = SURFACE_SIDE_STYLE('',(#10892));
#10892 = SURFACE_STYLE_FILL_AREA(#10893);
#10893 = FILL_AREA_STYLE('',(#10894));
#10894 = FILL_AREA_STYLE_COLOUR('',#9939);
#10895 = OVER_RIDING_STYLED_ITEM('overriding color',(#10896),#5951,#9932
  );
#10896 = PRESENTATION_STYLE_ASSIGNMENT((#10897));
#10897 = SURFACE_STYLE_USAGE(.BOTH.,#10898);
#10898 = SURFACE_SIDE_STYLE('',(#10899));
#10899 = SURFACE_STYLE_FILL_AREA(#10900);
#10900 = FILL_AREA_STYLE('',(#10901));
#10901 = FILL_AREA_STYLE_COLOUR('',#9939);
#10902 = OVER_RIDING_STYLED_ITEM('overriding color',(#10903),#5971,#9932
  );
#10903 = PRESENTATION_STYLE_ASSIGNMENT((#10904));
#10904 = SURFACE_STYLE_USAGE(.BOTH.,#10905);
#10905 = SURFACE_SIDE_STYLE('',(#10906));
#10906 = SURFACE_STYLE_FILL_AREA(#10907);
#10907 = FILL_AREA_STYLE('',(#10908));
#10908 = FILL_AREA_STYLE_COLOUR('',#9939);
#10909 = OVER_RIDING_STYLED_ITEM('overriding color',(#10910),#5991,#9932
  );
#10910 = PRESENTATION_STYLE_ASSIGNMENT((#10911));
#10911 = SURFACE_STYLE_USAGE(.BOTH.,#10912);
#10912 = SURFACE_SIDE_STYLE('',(#10913));
#10913 = SURFACE_STYLE_FILL_AREA(#10914);
#10914 = FILL_AREA_STYLE('',(#10915));
#10915 = FILL_AREA_STYLE_COLOUR('',#9939);
#10916 = OVER_RIDING_STYLED_ITEM('overriding color',(#10917),#6007,#9932
  );
#10917 = PRESENTATION_STYLE_ASSIGNMENT((#10918));
#10918 = SURFACE_STYLE_USAGE(.BOTH.,#10919);
#10919 = SURFACE_SIDE_STYLE('',(#10920));
#10920 = SURFACE_STYLE_FILL_AREA(#10921);
#10921 = FILL_AREA_STYLE('',(#10922));
#10922 = FILL_AREA_STYLE_COLOUR('',#9939);
#10923 = OVER_RIDING_STYLED_ITEM('overriding color',(#10924),#6023,#9932
  );
#10924 = PRESENTATION_STYLE_ASSIGNMENT((#10925));
#10925 = SURFACE_STYLE_USAGE(.BOTH.,#10926);
#10926 = SURFACE_SIDE_STYLE('',(#10927));
#10927 = SURFACE_STYLE_FILL_AREA(#10928);
#10928 = FILL_AREA_STYLE('',(#10929));
#10929 = FILL_AREA_STYLE_COLOUR('',#9939);
#10930 = OVER_RIDING_STYLED_ITEM('overriding color',(#10931),#6057,#9932
  );
#10931 = PRESENTATION_STYLE_ASSIGNMENT((#10932));
#10932 = SURFACE_STYLE_USAGE(.BOTH.,#10933);
#10933 = SURFACE_SIDE_STYLE('',(#10934));
#10934 = SURFACE_STYLE_FILL_AREA(#10935);
#10935 = FILL_AREA_STYLE('',(#10936));
#10936 = FILL_AREA_STYLE_COLOUR('',#9939);
#10937 = OVER_RIDING_STYLED_ITEM('overriding color',(#10938),#6085,#9932
  );
#10938 = PRESENTATION_STYLE_ASSIGNMENT((#10939));
#10939 = SURFACE_STYLE_USAGE(.BOTH.,#10940);
#10940 = SURFACE_SIDE_STYLE('',(#10941));
#10941 = SURFACE_STYLE_FILL_AREA(#10942);
#10942 = FILL_AREA_STYLE('',(#10943));
#10943 = FILL_AREA_STYLE_COLOUR('',#9939);
#10944 = OVER_RIDING_STYLED_ITEM('overriding color',(#10945),#6107,#9932
  );
#10945 = PRESENTATION_STYLE_ASSIGNMENT((#10946));
#10946 = SURFACE_STYLE_USAGE(.BOTH.,#10947);
#10947 = SURFACE_SIDE_STYLE('',(#10948));
#10948 = SURFACE_STYLE_FILL_AREA(#10949);
#10949 = FILL_AREA_STYLE('',(#10950));
#10950 = FILL_AREA_STYLE_COLOUR('',#9939);
#10951 = OVER_RIDING_STYLED_ITEM('overriding color',(#10952),#6129,#9932
  );
#10952 = PRESENTATION_STYLE_ASSIGNMENT((#10953));
#10953 = SURFACE_STYLE_USAGE(.BOTH.,#10954);
#10954 = SURFACE_SIDE_STYLE('',(#10955));
#10955 = SURFACE_STYLE_FILL_AREA(#10956);
#10956 = FILL_AREA_STYLE('',(#10957));
#10957 = FILL_AREA_STYLE_COLOUR('',#9939);
#10958 = OVER_RIDING_STYLED_ITEM('overriding color',(#10959),#6157,#9932
  );
#10959 = PRESENTATION_STYLE_ASSIGNMENT((#10960));
#10960 = SURFACE_STYLE_USAGE(.BOTH.,#10961);
#10961 = SURFACE_SIDE_STYLE('',(#10962));
#10962 = SURFACE_STYLE_FILL_AREA(#10963);
#10963 = FILL_AREA_STYLE('',(#10964));
#10964 = FILL_AREA_STYLE_COLOUR('',#9939);
#10965 = OVER_RIDING_STYLED_ITEM('overriding color',(#10966),#6185,#9932
  );
#10966 = PRESENTATION_STYLE_ASSIGNMENT((#10967));
#10967 = SURFACE_STYLE_USAGE(.BOTH.,#10968);
#10968 = SURFACE_SIDE_STYLE('',(#10969));
#10969 = SURFACE_STYLE_FILL_AREA(#10970);
#10970 = FILL_AREA_STYLE('',(#10971));
#10971 = FILL_AREA_STYLE_COLOUR('',#9939);
#10972 = OVER_RIDING_STYLED_ITEM('overriding color',(#10973),#6213,#9932
  );
#10973 = PRESENTATION_STYLE_ASSIGNMENT((#10974));
#10974 = SURFACE_STYLE_USAGE(.BOTH.,#10975);
#10975 = SURFACE_SIDE_STYLE('',(#10976));
#10976 = SURFACE_STYLE_FILL_AREA(#10977);
#10977 = FILL_AREA_STYLE('',(#10978));
#10978 = FILL_AREA_STYLE_COLOUR('',#9939);
#10979 = OVER_RIDING_STYLED_ITEM('overriding color',(#10980),#6235,#9932
  );
#10980 = PRESENTATION_STYLE_ASSIGNMENT((#10981));
#10981 = SURFACE_STYLE_USAGE(.BOTH.,#10982);
#10982 = SURFACE_SIDE_STYLE('',(#10983));
#10983 = SURFACE_STYLE_FILL_AREA(#10984);
#10984 = FILL_AREA_STYLE('',(#10985));
#10985 = FILL_AREA_STYLE_COLOUR('',#9949);
#10986 = OVER_RIDING_STYLED_ITEM('overriding color',(#10987),#6251,#9932
  );
#10987 = PRESENTATION_STYLE_ASSIGNMENT((#10988));
#10988 = SURFACE_STYLE_USAGE(.BOTH.,#10989);
#10989 = SURFACE_SIDE_STYLE('',(#10990));
#10990 = SURFACE_STYLE_FILL_AREA(#10991);
#10991 = FILL_AREA_STYLE('',(#10992));
#10992 = FILL_AREA_STYLE_COLOUR('',#9939);
#10993 = OVER_RIDING_STYLED_ITEM('overriding color',(#10994),#6571,#9932
  );
#10994 = PRESENTATION_STYLE_ASSIGNMENT((#10995));
#10995 = SURFACE_STYLE_USAGE(.BOTH.,#10996);
#10996 = SURFACE_SIDE_STYLE('',(#10997));
#10997 = SURFACE_STYLE_FILL_AREA(#10998);
#10998 = FILL_AREA_STYLE('',(#10999));
#10999 = FILL_AREA_STYLE_COLOUR('',#9939);
#11000 = OVER_RIDING_STYLED_ITEM('overriding color',(#11001),#6595,#9932
  );
#11001 = PRESENTATION_STYLE_ASSIGNMENT((#11002));
#11002 = SURFACE_STYLE_USAGE(.BOTH.,#11003);
#11003 = SURFACE_SIDE_STYLE('',(#11004));
#11004 = SURFACE_STYLE_FILL_AREA(#11005);
#11005 = FILL_AREA_STYLE('',(#11006));
#11006 = FILL_AREA_STYLE_COLOUR('',#9939);
#11007 = OVER_RIDING_STYLED_ITEM('overriding color',(#11008),#6615,#9932
  );
#11008 = PRESENTATION_STYLE_ASSIGNMENT((#11009));
#11009 = SURFACE_STYLE_USAGE(.BOTH.,#11010);
#11010 = SURFACE_SIDE_STYLE('',(#11011));
#11011 = SURFACE_STYLE_FILL_AREA(#11012);
#11012 = FILL_AREA_STYLE('',(#11013));
#11013 = FILL_AREA_STYLE_COLOUR('',#9939);
#11014 = OVER_RIDING_STYLED_ITEM('overriding color',(#11015),#6635,#9932
  );
#11015 = PRESENTATION_STYLE_ASSIGNMENT((#11016));
#11016 = SURFACE_STYLE_USAGE(.BOTH.,#11017);
#11017 = SURFACE_SIDE_STYLE('',(#11018));
#11018 = SURFACE_STYLE_FILL_AREA(#11019);
#11019 = FILL_AREA_STYLE('',(#11020));
#11020 = FILL_AREA_STYLE_COLOUR('',#9939);
#11021 = OVER_RIDING_STYLED_ITEM('overriding color',(#11022),#6655,#9932
  );
#11022 = PRESENTATION_STYLE_ASSIGNMENT((#11023));
#11023 = SURFACE_STYLE_USAGE(.BOTH.,#11024);
#11024 = SURFACE_SIDE_STYLE('',(#11025));
#11025 = SURFACE_STYLE_FILL_AREA(#11026);
#11026 = FILL_AREA_STYLE('',(#11027));
#11027 = FILL_AREA_STYLE_COLOUR('',#9939);
#11028 = OVER_RIDING_STYLED_ITEM('overriding color',(#11029),#6675,#9932
  );
#11029 = PRESENTATION_STYLE_ASSIGNMENT((#11030));
#11030 = SURFACE_STYLE_USAGE(.BOTH.,#11031);
#11031 = SURFACE_SIDE_STYLE('',(#11032));
#11032 = SURFACE_STYLE_FILL_AREA(#11033);
#11033 = FILL_AREA_STYLE('',(#11034));
#11034 = FILL_AREA_STYLE_COLOUR('',#9939);
#11035 = OVER_RIDING_STYLED_ITEM('overriding color',(#11036),#6695,#9932
  );
#11036 = PRESENTATION_STYLE_ASSIGNMENT((#11037));
#11037 = SURFACE_STYLE_USAGE(.BOTH.,#11038);
#11038 = SURFACE_SIDE_STYLE('',(#11039));
#11039 = SURFACE_STYLE_FILL_AREA(#11040);
#11040 = FILL_AREA_STYLE('',(#11041));
#11041 = FILL_AREA_STYLE_COLOUR('',#9939);
#11042 = OVER_RIDING_STYLED_ITEM('overriding color',(#11043),#6715,#9932
  );
#11043 = PRESENTATION_STYLE_ASSIGNMENT((#11044));
#11044 = SURFACE_STYLE_USAGE(.BOTH.,#11045);
#11045 = SURFACE_SIDE_STYLE('',(#11046));
#11046 = SURFACE_STYLE_FILL_AREA(#11047);
#11047 = FILL_AREA_STYLE('',(#11048));
#11048 = FILL_AREA_STYLE_COLOUR('',#9939);
#11049 = OVER_RIDING_STYLED_ITEM('overriding color',(#11050),#6735,#9932
  );
#11050 = PRESENTATION_STYLE_ASSIGNMENT((#11051));
#11051 = SURFACE_STYLE_USAGE(.BOTH.,#11052);
#11052 = SURFACE_SIDE_STYLE('',(#11053));
#11053 = SURFACE_STYLE_FILL_AREA(#11054);
#11054 = FILL_AREA_STYLE('',(#11055));
#11055 = FILL_AREA_STYLE_COLOUR('',#9939);
#11056 = OVER_RIDING_STYLED_ITEM('overriding color',(#11057),#6755,#9932
  );
#11057 = PRESENTATION_STYLE_ASSIGNMENT((#11058));
#11058 = SURFACE_STYLE_USAGE(.BOTH.,#11059);
#11059 = SURFACE_SIDE_STYLE('',(#11060));
#11060 = SURFACE_STYLE_FILL_AREA(#11061);
#11061 = FILL_AREA_STYLE('',(#11062));
#11062 = FILL_AREA_STYLE_COLOUR('',#9939);
#11063 = OVER_RIDING_STYLED_ITEM('overriding color',(#11064),#6775,#9932
  );
#11064 = PRESENTATION_STYLE_ASSIGNMENT((#11065));
#11065 = SURFACE_STYLE_USAGE(.BOTH.,#11066);
#11066 = SURFACE_SIDE_STYLE('',(#11067));
#11067 = SURFACE_STYLE_FILL_AREA(#11068);
#11068 = FILL_AREA_STYLE('',(#11069));
#11069 = FILL_AREA_STYLE_COLOUR('',#9939);
#11070 = OVER_RIDING_STYLED_ITEM('overriding color',(#11071),#6795,#9932
  );
#11071 = PRESENTATION_STYLE_ASSIGNMENT((#11072));
#11072 = SURFACE_STYLE_USAGE(.BOTH.,#11073);
#11073 = SURFACE_SIDE_STYLE('',(#11074));
#11074 = SURFACE_STYLE_FILL_AREA(#11075);
#11075 = FILL_AREA_STYLE('',(#11076));
#11076 = FILL_AREA_STYLE_COLOUR('',#9939);
#11077 = OVER_RIDING_STYLED_ITEM('overriding color',(#11078),#6815,#9932
  );
#11078 = PRESENTATION_STYLE_ASSIGNMENT((#11079));
#11079 = SURFACE_STYLE_USAGE(.BOTH.,#11080);
#11080 = SURFACE_SIDE_STYLE('',(#11081));
#11081 = SURFACE_STYLE_FILL_AREA(#11082);
#11082 = FILL_AREA_STYLE('',(#11083));
#11083 = FILL_AREA_STYLE_COLOUR('',#9939);
#11084 = OVER_RIDING_STYLED_ITEM('overriding color',(#11085),#6831,#9932
  );
#11085 = PRESENTATION_STYLE_ASSIGNMENT((#11086));
#11086 = SURFACE_STYLE_USAGE(.BOTH.,#11087);
#11087 = SURFACE_SIDE_STYLE('',(#11088));
#11088 = SURFACE_STYLE_FILL_AREA(#11089);
#11089 = FILL_AREA_STYLE('',(#11090));
#11090 = FILL_AREA_STYLE_COLOUR('',#9939);
#11091 = OVER_RIDING_STYLED_ITEM('overriding color',(#11092),#6847,#9932
  );
#11092 = PRESENTATION_STYLE_ASSIGNMENT((#11093));
#11093 = SURFACE_STYLE_USAGE(.BOTH.,#11094);
#11094 = SURFACE_SIDE_STYLE('',(#11095));
#11095 = SURFACE_STYLE_FILL_AREA(#11096);
#11096 = FILL_AREA_STYLE('',(#11097));
#11097 = FILL_AREA_STYLE_COLOUR('',#9939);
#11098 = OVER_RIDING_STYLED_ITEM('overriding color',(#11099),#6863,#9932
  );
#11099 = PRESENTATION_STYLE_ASSIGNMENT((#11100));
#11100 = SURFACE_STYLE_USAGE(.BOTH.,#11101);
#11101 = SURFACE_SIDE_STYLE('',(#11102));
#11102 = SURFACE_STYLE_FILL_AREA(#11103);
#11103 = FILL_AREA_STYLE('',(#11104));
#11104 = FILL_AREA_STYLE_COLOUR('',#9939);
#11105 = OVER_RIDING_STYLED_ITEM('overriding color',(#11106),#6879,#9932
  );
#11106 = PRESENTATION_STYLE_ASSIGNMENT((#11107));
#11107 = SURFACE_STYLE_USAGE(.BOTH.,#11108);
#11108 = SURFACE_SIDE_STYLE('',(#11109));
#11109 = SURFACE_STYLE_FILL_AREA(#11110);
#11110 = FILL_AREA_STYLE('',(#11111));
#11111 = FILL_AREA_STYLE_COLOUR('',#9939);
#11112 = OVER_RIDING_STYLED_ITEM('overriding color',(#11113),#6899,#9932
  );
#11113 = PRESENTATION_STYLE_ASSIGNMENT((#11114));
#11114 = SURFACE_STYLE_USAGE(.BOTH.,#11115);
#11115 = SURFACE_SIDE_STYLE('',(#11116));
#11116 = SURFACE_STYLE_FILL_AREA(#11117);
#11117 = FILL_AREA_STYLE('',(#11118));
#11118 = FILL_AREA_STYLE_COLOUR('',#9939);
#11119 = OVER_RIDING_STYLED_ITEM('overriding color',(#11120),#6919,#9932
  );
#11120 = PRESENTATION_STYLE_ASSIGNMENT((#11121));
#11121 = SURFACE_STYLE_USAGE(.BOTH.,#11122);
#11122 = SURFACE_SIDE_STYLE('',(#11123));
#11123 = SURFACE_STYLE_FILL_AREA(#11124);
#11124 = FILL_AREA_STYLE('',(#11125));
#11125 = FILL_AREA_STYLE_COLOUR('',#9939);
#11126 = OVER_RIDING_STYLED_ITEM('overriding color',(#11127),#6939,#9932
  );
#11127 = PRESENTATION_STYLE_ASSIGNMENT((#11128));
#11128 = SURFACE_STYLE_USAGE(.BOTH.,#11129);
#11129 = SURFACE_SIDE_STYLE('',(#11130));
#11130 = SURFACE_STYLE_FILL_AREA(#11131);
#11131 = FILL_AREA_STYLE('',(#11132));
#11132 = FILL_AREA_STYLE_COLOUR('',#9939);
#11133 = OVER_RIDING_STYLED_ITEM('overriding color',(#11134),#6959,#9932
  );
#11134 = PRESENTATION_STYLE_ASSIGNMENT((#11135));
#11135 = SURFACE_STYLE_USAGE(.BOTH.,#11136);
#11136 = SURFACE_SIDE_STYLE('',(#11137));
#11137 = SURFACE_STYLE_FILL_AREA(#11138);
#11138 = FILL_AREA_STYLE('',(#11139));
#11139 = FILL_AREA_STYLE_COLOUR('',#9939);
#11140 = OVER_RIDING_STYLED_ITEM('overriding color',(#11141),#6979,#9932
  );
#11141 = PRESENTATION_STYLE_ASSIGNMENT((#11142));
#11142 = SURFACE_STYLE_USAGE(.BOTH.,#11143);
#11143 = SURFACE_SIDE_STYLE('',(#11144));
#11144 = SURFACE_STYLE_FILL_AREA(#11145);
#11145 = FILL_AREA_STYLE('',(#11146));
#11146 = FILL_AREA_STYLE_COLOUR('',#9939);
#11147 = OVER_RIDING_STYLED_ITEM('overriding color',(#11148),#6999,#9932
  );
#11148 = PRESENTATION_STYLE_ASSIGNMENT((#11149));
#11149 = SURFACE_STYLE_USAGE(.BOTH.,#11150);
#11150 = SURFACE_SIDE_STYLE('',(#11151));
#11151 = SURFACE_STYLE_FILL_AREA(#11152);
#11152 = FILL_AREA_STYLE('',(#11153));
#11153 = FILL_AREA_STYLE_COLOUR('',#9939);
#11154 = OVER_RIDING_STYLED_ITEM('overriding color',(#11155),#7019,#9932
  );
#11155 = PRESENTATION_STYLE_ASSIGNMENT((#11156));
#11156 = SURFACE_STYLE_USAGE(.BOTH.,#11157);
#11157 = SURFACE_SIDE_STYLE('',(#11158));
#11158 = SURFACE_STYLE_FILL_AREA(#11159);
#11159 = FILL_AREA_STYLE('',(#11160));
#11160 = FILL_AREA_STYLE_COLOUR('',#9939);
#11161 = OVER_RIDING_STYLED_ITEM('overriding color',(#11162),#7035,#9932
  );
#11162 = PRESENTATION_STYLE_ASSIGNMENT((#11163));
#11163 = SURFACE_STYLE_USAGE(.BOTH.,#11164);
#11164 = SURFACE_SIDE_STYLE('',(#11165));
#11165 = SURFACE_STYLE_FILL_AREA(#11166);
#11166 = FILL_AREA_STYLE('',(#11167));
#11167 = FILL_AREA_STYLE_COLOUR('',#9939);
#11168 = OVER_RIDING_STYLED_ITEM('overriding color',(#11169),#7055,#9932
  );
#11169 = PRESENTATION_STYLE_ASSIGNMENT((#11170));
#11170 = SURFACE_STYLE_USAGE(.BOTH.,#11171);
#11171 = SURFACE_SIDE_STYLE('',(#11172));
#11172 = SURFACE_STYLE_FILL_AREA(#11173);
#11173 = FILL_AREA_STYLE('',(#11174));
#11174 = FILL_AREA_STYLE_COLOUR('',#9939);
#11175 = OVER_RIDING_STYLED_ITEM('overriding color',(#11176),#7075,#9932
  );
#11176 = PRESENTATION_STYLE_ASSIGNMENT((#11177));
#11177 = SURFACE_STYLE_USAGE(.BOTH.,#11178);
#11178 = SURFACE_SIDE_STYLE('',(#11179));
#11179 = SURFACE_STYLE_FILL_AREA(#11180);
#11180 = FILL_AREA_STYLE('',(#11181));
#11181 = FILL_AREA_STYLE_COLOUR('',#9939);
#11182 = OVER_RIDING_STYLED_ITEM('overriding color',(#11183),#7091,#9932
  );
#11183 = PRESENTATION_STYLE_ASSIGNMENT((#11184));
#11184 = SURFACE_STYLE_USAGE(.BOTH.,#11185);
#11185 = SURFACE_SIDE_STYLE('',(#11186));
#11186 = SURFACE_STYLE_FILL_AREA(#11187);
#11187 = FILL_AREA_STYLE('',(#11188));
#11188 = FILL_AREA_STYLE_COLOUR('',#9939);
#11189 = OVER_RIDING_STYLED_ITEM('overriding color',(#11190),#7111,#9932
  );
#11190 = PRESENTATION_STYLE_ASSIGNMENT((#11191));
#11191 = SURFACE_STYLE_USAGE(.BOTH.,#11192);
#11192 = SURFACE_SIDE_STYLE('',(#11193));
#11193 = SURFACE_STYLE_FILL_AREA(#11194);
#11194 = FILL_AREA_STYLE('',(#11195));
#11195 = FILL_AREA_STYLE_COLOUR('',#9939);
#11196 = OVER_RIDING_STYLED_ITEM('overriding color',(#11197),#7131,#9932
  );
#11197 = PRESENTATION_STYLE_ASSIGNMENT((#11198));
#11198 = SURFACE_STYLE_USAGE(.BOTH.,#11199);
#11199 = SURFACE_SIDE_STYLE('',(#11200));
#11200 = SURFACE_STYLE_FILL_AREA(#11201);
#11201 = FILL_AREA_STYLE('',(#11202));
#11202 = FILL_AREA_STYLE_COLOUR('',#9939);
#11203 = OVER_RIDING_STYLED_ITEM('overriding color',(#11204),#7151,#9932
  );
#11204 = PRESENTATION_STYLE_ASSIGNMENT((#11205));
#11205 = SURFACE_STYLE_USAGE(.BOTH.,#11206);
#11206 = SURFACE_SIDE_STYLE('',(#11207));
#11207 = SURFACE_STYLE_FILL_AREA(#11208);
#11208 = FILL_AREA_STYLE('',(#11209));
#11209 = FILL_AREA_STYLE_COLOUR('',#9939);
#11210 = OVER_RIDING_STYLED_ITEM('overriding color',(#11211),#7167,#9932
  );
#11211 = PRESENTATION_STYLE_ASSIGNMENT((#11212));
#11212 = SURFACE_STYLE_USAGE(.BOTH.,#11213);
#11213 = SURFACE_SIDE_STYLE('',(#11214));
#11214 = SURFACE_STYLE_FILL_AREA(#11215);
#11215 = FILL_AREA_STYLE('',(#11216));
#11216 = FILL_AREA_STYLE_COLOUR('',#9939);
#11217 = OVER_RIDING_STYLED_ITEM('overriding color',(#11218),#7187,#9932
  );
#11218 = PRESENTATION_STYLE_ASSIGNMENT((#11219));
#11219 = SURFACE_STYLE_USAGE(.BOTH.,#11220);
#11220 = SURFACE_SIDE_STYLE('',(#11221));
#11221 = SURFACE_STYLE_FILL_AREA(#11222);
#11222 = FILL_AREA_STYLE('',(#11223));
#11223 = FILL_AREA_STYLE_COLOUR('',#9939);
#11224 = OVER_RIDING_STYLED_ITEM('overriding color',(#11225),#7203,#9932
  );
#11225 = PRESENTATION_STYLE_ASSIGNMENT((#11226));
#11226 = SURFACE_STYLE_USAGE(.BOTH.,#11227);
#11227 = SURFACE_SIDE_STYLE('',(#11228));
#11228 = SURFACE_STYLE_FILL_AREA(#11229);
#11229 = FILL_AREA_STYLE('',(#11230));
#11230 = FILL_AREA_STYLE_COLOUR('',#9939);
#11231 = OVER_RIDING_STYLED_ITEM('overriding color',(#11232),#7246,#9932
  );
#11232 = PRESENTATION_STYLE_ASSIGNMENT((#11233));
#11233 = SURFACE_STYLE_USAGE(.BOTH.,#11234);
#11234 = SURFACE_SIDE_STYLE('',(#11235));
#11235 = SURFACE_STYLE_FILL_AREA(#11236);
#11236 = FILL_AREA_STYLE('',(#11237));
#11237 = FILL_AREA_STYLE_COLOUR('',#9939);
#11238 = OVER_RIDING_STYLED_ITEM('overriding color',(#11239),#7274,#9932
  );
#11239 = PRESENTATION_STYLE_ASSIGNMENT((#11240));
#11240 = SURFACE_STYLE_USAGE(.BOTH.,#11241);
#11241 = SURFACE_SIDE_STYLE('',(#11242));
#11242 = SURFACE_STYLE_FILL_AREA(#11243);
#11243 = FILL_AREA_STYLE('',(#11244));
#11244 = FILL_AREA_STYLE_COLOUR('',#9949);
#11245 = OVER_RIDING_STYLED_ITEM('overriding color',(#11246),#7284,#9932
  );
#11246 = PRESENTATION_STYLE_ASSIGNMENT((#11247));
#11247 = SURFACE_STYLE_USAGE(.BOTH.,#11248);
#11248 = SURFACE_SIDE_STYLE('',(#11249));
#11249 = SURFACE_STYLE_FILL_AREA(#11250);
#11250 = FILL_AREA_STYLE('',(#11251));
#11251 = FILL_AREA_STYLE_COLOUR('',#9939);
#11252 = OVER_RIDING_STYLED_ITEM('overriding color',(#11253),#7408,#9932
  );
#11253 = PRESENTATION_STYLE_ASSIGNMENT((#11254));
#11254 = SURFACE_STYLE_USAGE(.BOTH.,#11255);
#11255 = SURFACE_SIDE_STYLE('',(#11256));
#11256 = SURFACE_STYLE_FILL_AREA(#11257);
#11257 = FILL_AREA_STYLE('',(#11258));
#11258 = FILL_AREA_STYLE_COLOUR('',#9939);
#11259 = OVER_RIDING_STYLED_ITEM('overriding color',(#11260),#7432,#9932
  );
#11260 = PRESENTATION_STYLE_ASSIGNMENT((#11261));
#11261 = SURFACE_STYLE_USAGE(.BOTH.,#11262);
#11262 = SURFACE_SIDE_STYLE('',(#11263));
#11263 = SURFACE_STYLE_FILL_AREA(#11264);
#11264 = FILL_AREA_STYLE('',(#11265));
#11265 = FILL_AREA_STYLE_COLOUR('',#9939);
#11266 = OVER_RIDING_STYLED_ITEM('overriding color',(#11267),#7452,#9932
  );
#11267 = PRESENTATION_STYLE_ASSIGNMENT((#11268));
#11268 = SURFACE_STYLE_USAGE(.BOTH.,#11269);
#11269 = SURFACE_SIDE_STYLE('',(#11270));
#11270 = SURFACE_STYLE_FILL_AREA(#11271);
#11271 = FILL_AREA_STYLE('',(#11272));
#11272 = FILL_AREA_STYLE_COLOUR('',#9939);
#11273 = OVER_RIDING_STYLED_ITEM('overriding color',(#11274),#7472,#9932
  );
#11274 = PRESENTATION_STYLE_ASSIGNMENT((#11275));
#11275 = SURFACE_STYLE_USAGE(.BOTH.,#11276);
#11276 = SURFACE_SIDE_STYLE('',(#11277));
#11277 = SURFACE_STYLE_FILL_AREA(#11278);
#11278 = FILL_AREA_STYLE('',(#11279));
#11279 = FILL_AREA_STYLE_COLOUR('',#9939);
#11280 = OVER_RIDING_STYLED_ITEM('overriding color',(#11281),#7488,#9932
  );
#11281 = PRESENTATION_STYLE_ASSIGNMENT((#11282));
#11282 = SURFACE_STYLE_USAGE(.BOTH.,#11283);
#11283 = SURFACE_SIDE_STYLE('',(#11284));
#11284 = SURFACE_STYLE_FILL_AREA(#11285);
#11285 = FILL_AREA_STYLE('',(#11286));
#11286 = FILL_AREA_STYLE_COLOUR('',#9939);
#11287 = OVER_RIDING_STYLED_ITEM('overriding color',(#11288),#7504,#9932
  );
#11288 = PRESENTATION_STYLE_ASSIGNMENT((#11289));
#11289 = SURFACE_STYLE_USAGE(.BOTH.,#11290);
#11290 = SURFACE_SIDE_STYLE('',(#11291));
#11291 = SURFACE_STYLE_FILL_AREA(#11292);
#11292 = FILL_AREA_STYLE('',(#11293));
#11293 = FILL_AREA_STYLE_COLOUR('',#9939);
#11294 = OVER_RIDING_STYLED_ITEM('overriding color',(#11295),#7520,#9932
  );
#11295 = PRESENTATION_STYLE_ASSIGNMENT((#11296));
#11296 = SURFACE_STYLE_USAGE(.BOTH.,#11297);
#11297 = SURFACE_SIDE_STYLE('',(#11298));
#11298 = SURFACE_STYLE_FILL_AREA(#11299);
#11299 = FILL_AREA_STYLE('',(#11300));
#11300 = FILL_AREA_STYLE_COLOUR('',#9939);
#11301 = OVER_RIDING_STYLED_ITEM('overriding color',(#11302),#7536,#9932
  );
#11302 = PRESENTATION_STYLE_ASSIGNMENT((#11303));
#11303 = SURFACE_STYLE_USAGE(.BOTH.,#11304);
#11304 = SURFACE_SIDE_STYLE('',(#11305));
#11305 = SURFACE_STYLE_FILL_AREA(#11306);
#11306 = FILL_AREA_STYLE('',(#11307));
#11307 = FILL_AREA_STYLE_COLOUR('',#9939);
#11308 = OVER_RIDING_STYLED_ITEM('overriding color',(#11309),#7570,#9932
  );
#11309 = PRESENTATION_STYLE_ASSIGNMENT((#11310));
#11310 = SURFACE_STYLE_USAGE(.BOTH.,#11311);
#11311 = SURFACE_SIDE_STYLE('',(#11312));
#11312 = SURFACE_STYLE_FILL_AREA(#11313);
#11313 = FILL_AREA_STYLE('',(#11314));
#11314 = FILL_AREA_STYLE_COLOUR('',#9939);
#11315 = OVER_RIDING_STYLED_ITEM('overriding color',(#11316),#7598,#9932
  );
#11316 = PRESENTATION_STYLE_ASSIGNMENT((#11317));
#11317 = SURFACE_STYLE_USAGE(.BOTH.,#11318);
#11318 = SURFACE_SIDE_STYLE('',(#11319));
#11319 = SURFACE_STYLE_FILL_AREA(#11320);
#11320 = FILL_AREA_STYLE('',(#11321));
#11321 = FILL_AREA_STYLE_COLOUR('',#9939);
#11322 = OVER_RIDING_STYLED_ITEM('overriding color',(#11323),#7620,#9932
  );
#11323 = PRESENTATION_STYLE_ASSIGNMENT((#11324));
#11324 = SURFACE_STYLE_USAGE(.BOTH.,#11325);
#11325 = SURFACE_SIDE_STYLE('',(#11326));
#11326 = SURFACE_STYLE_FILL_AREA(#11327);
#11327 = FILL_AREA_STYLE('',(#11328));
#11328 = FILL_AREA_STYLE_COLOUR('',#9939);
#11329 = OVER_RIDING_STYLED_ITEM('overriding color',(#11330),#7642,#9932
  );
#11330 = PRESENTATION_STYLE_ASSIGNMENT((#11331));
#11331 = SURFACE_STYLE_USAGE(.BOTH.,#11332);
#11332 = SURFACE_SIDE_STYLE('',(#11333));
#11333 = SURFACE_STYLE_FILL_AREA(#11334);
#11334 = FILL_AREA_STYLE('',(#11335));
#11335 = FILL_AREA_STYLE_COLOUR('',#9939);
#11336 = OVER_RIDING_STYLED_ITEM('overriding color',(#11337),#7664,#9932
  );
#11337 = PRESENTATION_STYLE_ASSIGNMENT((#11338));
#11338 = SURFACE_STYLE_USAGE(.BOTH.,#11339);
#11339 = SURFACE_SIDE_STYLE('',(#11340));
#11340 = SURFACE_STYLE_FILL_AREA(#11341);
#11341 = FILL_AREA_STYLE('',(#11342));
#11342 = FILL_AREA_STYLE_COLOUR('',#9939);
#11343 = OVER_RIDING_STYLED_ITEM('overriding color',(#11344),#7692,#9932
  );
#11344 = PRESENTATION_STYLE_ASSIGNMENT((#11345));
#11345 = SURFACE_STYLE_USAGE(.BOTH.,#11346);
#11346 = SURFACE_SIDE_STYLE('',(#11347));
#11347 = SURFACE_STYLE_FILL_AREA(#11348);
#11348 = FILL_AREA_STYLE('',(#11349));
#11349 = FILL_AREA_STYLE_COLOUR('',#9939);
#11350 = OVER_RIDING_STYLED_ITEM('overriding color',(#11351),#7714,#9932
  );
#11351 = PRESENTATION_STYLE_ASSIGNMENT((#11352));
#11352 = SURFACE_STYLE_USAGE(.BOTH.,#11353);
#11353 = SURFACE_SIDE_STYLE('',(#11354));
#11354 = SURFACE_STYLE_FILL_AREA(#11355);
#11355 = FILL_AREA_STYLE('',(#11356));
#11356 = FILL_AREA_STYLE_COLOUR('',#9949);
#11357 = OVER_RIDING_STYLED_ITEM('overriding color',(#11358),#7729,#9932
  );
#11358 = PRESENTATION_STYLE_ASSIGNMENT((#11359));
#11359 = SURFACE_STYLE_USAGE(.BOTH.,#11360);
#11360 = SURFACE_SIDE_STYLE('',(#11361));
#11361 = SURFACE_STYLE_FILL_AREA(#11362);
#11362 = FILL_AREA_STYLE('',(#11363));
#11363 = FILL_AREA_STYLE_COLOUR('',#9939);
#11364 = OVER_RIDING_STYLED_ITEM('overriding color',(#11365),#7763,#9932
  );
#11365 = PRESENTATION_STYLE_ASSIGNMENT((#11366));
#11366 = SURFACE_STYLE_USAGE(.BOTH.,#11367);
#11367 = SURFACE_SIDE_STYLE('',(#11368));
#11368 = SURFACE_STYLE_FILL_AREA(#11369);
#11369 = FILL_AREA_STYLE('',(#11370));
#11370 = FILL_AREA_STYLE_COLOUR('',#9939);
#11371 = OVER_RIDING_STYLED_ITEM('overriding color',(#11372),#7791,#9932
  );
#11372 = PRESENTATION_STYLE_ASSIGNMENT((#11373));
#11373 = SURFACE_STYLE_USAGE(.BOTH.,#11374);
#11374 = SURFACE_SIDE_STYLE('',(#11375));
#11375 = SURFACE_STYLE_FILL_AREA(#11376);
#11376 = FILL_AREA_STYLE('',(#11377));
#11377 = FILL_AREA_STYLE_COLOUR('',#9939);
#11378 = OVER_RIDING_STYLED_ITEM('overriding color',(#11379),#7819,#9932
  );
#11379 = PRESENTATION_STYLE_ASSIGNMENT((#11380));
#11380 = SURFACE_STYLE_USAGE(.BOTH.,#11381);
#11381 = SURFACE_SIDE_STYLE('',(#11382));
#11382 = SURFACE_STYLE_FILL_AREA(#11383);
#11383 = FILL_AREA_STYLE('',(#11384));
#11384 = FILL_AREA_STYLE_COLOUR('',#9939);
#11385 = OVER_RIDING_STYLED_ITEM('overriding color',(#11386),#7847,#9932
  );
#11386 = PRESENTATION_STYLE_ASSIGNMENT((#11387));
#11387 = SURFACE_STYLE_USAGE(.BOTH.,#11388);
#11388 = SURFACE_SIDE_STYLE('',(#11389));
#11389 = SURFACE_STYLE_FILL_AREA(#11390);
#11390 = FILL_AREA_STYLE('',(#11391));
#11391 = FILL_AREA_STYLE_COLOUR('',#9939);
#11392 = OVER_RIDING_STYLED_ITEM('overriding color',(#11393),#7875,#9932
  );
#11393 = PRESENTATION_STYLE_ASSIGNMENT((#11394));
#11394 = SURFACE_STYLE_USAGE(.BOTH.,#11395);
#11395 = SURFACE_SIDE_STYLE('',(#11396));
#11396 = SURFACE_STYLE_FILL_AREA(#11397);
#11397 = FILL_AREA_STYLE('',(#11398));
#11398 = FILL_AREA_STYLE_COLOUR('',#9939);
#11399 = OVER_RIDING_STYLED_ITEM('overriding color',(#11400),#7897,#9932
  );
#11400 = PRESENTATION_STYLE_ASSIGNMENT((#11401));
#11401 = SURFACE_STYLE_USAGE(.BOTH.,#11402);
#11402 = SURFACE_SIDE_STYLE('',(#11403));
#11403 = SURFACE_STYLE_FILL_AREA(#11404);
#11404 = FILL_AREA_STYLE('',(#11405));
#11405 = FILL_AREA_STYLE_COLOUR('',#9939);
#11406 = OVER_RIDING_STYLED_ITEM('overriding color',(#11407),#7925,#9932
  );
#11407 = PRESENTATION_STYLE_ASSIGNMENT((#11408));
#11408 = SURFACE_STYLE_USAGE(.BOTH.,#11409);
#11409 = SURFACE_SIDE_STYLE('',(#11410));
#11410 = SURFACE_STYLE_FILL_AREA(#11411);
#11411 = FILL_AREA_STYLE('',(#11412));
#11412 = FILL_AREA_STYLE_COLOUR('',#9939);
#11413 = OVER_RIDING_STYLED_ITEM('overriding color',(#11414),#7953,#9932
  );
#11414 = PRESENTATION_STYLE_ASSIGNMENT((#11415));
#11415 = SURFACE_STYLE_USAGE(.BOTH.,#11416);
#11416 = SURFACE_SIDE_STYLE('',(#11417));
#11417 = SURFACE_STYLE_FILL_AREA(#11418);
#11418 = FILL_AREA_STYLE('',(#11419));
#11419 = FILL_AREA_STYLE_COLOUR('',#9939);
#11420 = OVER_RIDING_STYLED_ITEM('overriding color',(#11421),#7981,#9932
  );
#11421 = PRESENTATION_STYLE_ASSIGNMENT((#11422));
#11422 = SURFACE_STYLE_USAGE(.BOTH.,#11423);
#11423 = SURFACE_SIDE_STYLE('',(#11424));
#11424 = SURFACE_STYLE_FILL_AREA(#11425);
#11425 = FILL_AREA_STYLE('',(#11426));
#11426 = FILL_AREA_STYLE_COLOUR('',#9939);
#11427 = OVER_RIDING_STYLED_ITEM('overriding color',(#11428),#8009,#9932
  );
#11428 = PRESENTATION_STYLE_ASSIGNMENT((#11429));
#11429 = SURFACE_STYLE_USAGE(.BOTH.,#11430);
#11430 = SURFACE_SIDE_STYLE('',(#11431));
#11431 = SURFACE_STYLE_FILL_AREA(#11432);
#11432 = FILL_AREA_STYLE('',(#11433));
#11433 = FILL_AREA_STYLE_COLOUR('',#9939);
#11434 = OVER_RIDING_STYLED_ITEM('overriding color',(#11435),#8037,#9932
  );
#11435 = PRESENTATION_STYLE_ASSIGNMENT((#11436));
#11436 = SURFACE_STYLE_USAGE(.BOTH.,#11437);
#11437 = SURFACE_SIDE_STYLE('',(#11438));
#11438 = SURFACE_STYLE_FILL_AREA(#11439);
#11439 = FILL_AREA_STYLE('',(#11440));
#11440 = FILL_AREA_STYLE_COLOUR('',#9939);
#11441 = OVER_RIDING_STYLED_ITEM('overriding color',(#11442),#8065,#9932
  );
#11442 = PRESENTATION_STYLE_ASSIGNMENT((#11443));
#11443 = SURFACE_STYLE_USAGE(.BOTH.,#11444);
#11444 = SURFACE_SIDE_STYLE('',(#11445));
#11445 = SURFACE_STYLE_FILL_AREA(#11446);
#11446 = FILL_AREA_STYLE('',(#11447));
#11447 = FILL_AREA_STYLE_COLOUR('',#9939);
#11448 = OVER_RIDING_STYLED_ITEM('overriding color',(#11449),#8087,#9932
  );
#11449 = PRESENTATION_STYLE_ASSIGNMENT((#11450));
#11450 = SURFACE_STYLE_USAGE(.BOTH.,#11451);
#11451 = SURFACE_SIDE_STYLE('',(#11452));
#11452 = SURFACE_STYLE_FILL_AREA(#11453);
#11453 = FILL_AREA_STYLE('',(#11454));
#11454 = FILL_AREA_STYLE_COLOUR('',#9939);
#11455 = OVER_RIDING_STYLED_ITEM('overriding color',(#11456),#8109,#9932
  );
#11456 = PRESENTATION_STYLE_ASSIGNMENT((#11457));
#11457 = SURFACE_STYLE_USAGE(.BOTH.,#11458);
#11458 = SURFACE_SIDE_STYLE('',(#11459));
#11459 = SURFACE_STYLE_FILL_AREA(#11460);
#11460 = FILL_AREA_STYLE('',(#11461));
#11461 = FILL_AREA_STYLE_COLOUR('',#9939);
#11462 = OVER_RIDING_STYLED_ITEM('overriding color',(#11463),#8131,#9932
  );
#11463 = PRESENTATION_STYLE_ASSIGNMENT((#11464));
#11464 = SURFACE_STYLE_USAGE(.BOTH.,#11465);
#11465 = SURFACE_SIDE_STYLE('',(#11466));
#11466 = SURFACE_STYLE_FILL_AREA(#11467);
#11467 = FILL_AREA_STYLE('',(#11468));
#11468 = FILL_AREA_STYLE_COLOUR('',#9939);
#11469 = OVER_RIDING_STYLED_ITEM('overriding color',(#11470),#8243,#9932
  );
#11470 = PRESENTATION_STYLE_ASSIGNMENT((#11471));
#11471 = SURFACE_STYLE_USAGE(.BOTH.,#11472);
#11472 = SURFACE_SIDE_STYLE('',(#11473));
#11473 = SURFACE_STYLE_FILL_AREA(#11474);
#11474 = FILL_AREA_STYLE('',(#11475));
#11475 = FILL_AREA_STYLE_COLOUR('',#9939);
#11476 = OVER_RIDING_STYLED_ITEM('overriding color',(#11477),#8263,#9932
  );
#11477 = PRESENTATION_STYLE_ASSIGNMENT((#11478));
#11478 = SURFACE_STYLE_USAGE(.BOTH.,#11479);
#11479 = SURFACE_SIDE_STYLE('',(#11480));
#11480 = SURFACE_STYLE_FILL_AREA(#11481);
#11481 = FILL_AREA_STYLE('',(#11482));
#11482 = FILL_AREA_STYLE_COLOUR('',#9939);
#11483 = OVER_RIDING_STYLED_ITEM('overriding color',(#11484),#8279,#9932
  );
#11484 = PRESENTATION_STYLE_ASSIGNMENT((#11485));
#11485 = SURFACE_STYLE_USAGE(.BOTH.,#11486);
#11486 = SURFACE_SIDE_STYLE('',(#11487));
#11487 = SURFACE_STYLE_FILL_AREA(#11488);
#11488 = FILL_AREA_STYLE('',(#11489));
#11489 = FILL_AREA_STYLE_COLOUR('',#9939);
#11490 = OVER_RIDING_STYLED_ITEM('overriding color',(#11491),#8295,#9932
  );
#11491 = PRESENTATION_STYLE_ASSIGNMENT((#11492));
#11492 = SURFACE_STYLE_USAGE(.BOTH.,#11493);
#11493 = SURFACE_SIDE_STYLE('',(#11494));
#11494 = SURFACE_STYLE_FILL_AREA(#11495);
#11495 = FILL_AREA_STYLE('',(#11496));
#11496 = FILL_AREA_STYLE_COLOUR('',#9939);
#11497 = OVER_RIDING_STYLED_ITEM('overriding color',(#11498),#8311,#9932
  );
#11498 = PRESENTATION_STYLE_ASSIGNMENT((#11499));
#11499 = SURFACE_STYLE_USAGE(.BOTH.,#11500);
#11500 = SURFACE_SIDE_STYLE('',(#11501));
#11501 = SURFACE_STYLE_FILL_AREA(#11502);
#11502 = FILL_AREA_STYLE('',(#11503));
#11503 = FILL_AREA_STYLE_COLOUR('',#9939);
#11504 = OVER_RIDING_STYLED_ITEM('overriding color',(#11505),#8327,#9932
  );
#11505 = PRESENTATION_STYLE_ASSIGNMENT((#11506));
#11506 = SURFACE_STYLE_USAGE(.BOTH.,#11507);
#11507 = SURFACE_SIDE_STYLE('',(#11508));
#11508 = SURFACE_STYLE_FILL_AREA(#11509);
#11509 = FILL_AREA_STYLE('',(#11510));
#11510 = FILL_AREA_STYLE_COLOUR('',#9939);
#11511 = OVER_RIDING_STYLED_ITEM('overriding color',(#11512),#8343,#9932
  );
#11512 = PRESENTATION_STYLE_ASSIGNMENT((#11513));
#11513 = SURFACE_STYLE_USAGE(.BOTH.,#11514);
#11514 = SURFACE_SIDE_STYLE('',(#11515));
#11515 = SURFACE_STYLE_FILL_AREA(#11516);
#11516 = FILL_AREA_STYLE('',(#11517));
#11517 = FILL_AREA_STYLE_COLOUR('',#9939);
#11518 = OVER_RIDING_STYLED_ITEM('overriding color',(#11519),#8359,#9932
  );
#11519 = PRESENTATION_STYLE_ASSIGNMENT((#11520));
#11520 = SURFACE_STYLE_USAGE(.BOTH.,#11521);
#11521 = SURFACE_SIDE_STYLE('',(#11522));
#11522 = SURFACE_STYLE_FILL_AREA(#11523);
#11523 = FILL_AREA_STYLE('',(#11524));
#11524 = FILL_AREA_STYLE_COLOUR('',#9939);
#11525 = OVER_RIDING_STYLED_ITEM('overriding color',(#11526),#8371,#9932
  );
#11526 = PRESENTATION_STYLE_ASSIGNMENT((#11527));
#11527 = SURFACE_STYLE_USAGE(.BOTH.,#11528);
#11528 = SURFACE_SIDE_STYLE('',(#11529));
#11529 = SURFACE_STYLE_FILL_AREA(#11530);
#11530 = FILL_AREA_STYLE('',(#11531));
#11531 = FILL_AREA_STYLE_COLOUR('',#9939);
#11532 = OVER_RIDING_STYLED_ITEM('overriding color',(#11533),#8405,#9932
  );
#11533 = PRESENTATION_STYLE_ASSIGNMENT((#11534));
#11534 = SURFACE_STYLE_USAGE(.BOTH.,#11535);
#11535 = SURFACE_SIDE_STYLE('',(#11536));
#11536 = SURFACE_STYLE_FILL_AREA(#11537);
#11537 = FILL_AREA_STYLE('',(#11538));
#11538 = FILL_AREA_STYLE_COLOUR('',#9939);
#11539 = OVER_RIDING_STYLED_ITEM('overriding color',(#11540),#8427,#9932
  );
#11540 = PRESENTATION_STYLE_ASSIGNMENT((#11541));
#11541 = SURFACE_STYLE_USAGE(.BOTH.,#11542);
#11542 = SURFACE_SIDE_STYLE('',(#11543));
#11543 = SURFACE_STYLE_FILL_AREA(#11544);
#11544 = FILL_AREA_STYLE('',(#11545));
#11545 = FILL_AREA_STYLE_COLOUR('',#9939);
#11546 = OVER_RIDING_STYLED_ITEM('overriding color',(#11547),#8449,#9932
  );
#11547 = PRESENTATION_STYLE_ASSIGNMENT((#11548));
#11548 = SURFACE_STYLE_USAGE(.BOTH.,#11549);
#11549 = SURFACE_SIDE_STYLE('',(#11550));
#11550 = SURFACE_STYLE_FILL_AREA(#11551);
#11551 = FILL_AREA_STYLE('',(#11552));
#11552 = FILL_AREA_STYLE_COLOUR('',#9939);
#11553 = OVER_RIDING_STYLED_ITEM('overriding color',(#11554),#8471,#9932
  );
#11554 = PRESENTATION_STYLE_ASSIGNMENT((#11555));
#11555 = SURFACE_STYLE_USAGE(.BOTH.,#11556);
#11556 = SURFACE_SIDE_STYLE('',(#11557));
#11557 = SURFACE_STYLE_FILL_AREA(#11558);
#11558 = FILL_AREA_STYLE('',(#11559));
#11559 = FILL_AREA_STYLE_COLOUR('',#9939);
#11560 = OVER_RIDING_STYLED_ITEM('overriding color',(#11561),#8499,#9932
  );
#11561 = PRESENTATION_STYLE_ASSIGNMENT((#11562));
#11562 = SURFACE_STYLE_USAGE(.BOTH.,#11563);
#11563 = SURFACE_SIDE_STYLE('',(#11564));
#11564 = SURFACE_STYLE_FILL_AREA(#11565);
#11565 = FILL_AREA_STYLE('',(#11566));
#11566 = FILL_AREA_STYLE_COLOUR('',#9939);
#11567 = OVER_RIDING_STYLED_ITEM('overriding color',(#11568),#8515,#9932
  );
#11568 = PRESENTATION_STYLE_ASSIGNMENT((#11569));
#11569 = SURFACE_STYLE_USAGE(.BOTH.,#11570);
#11570 = SURFACE_SIDE_STYLE('',(#11571));
#11571 = SURFACE_STYLE_FILL_AREA(#11572);
#11572 = FILL_AREA_STYLE('',(#11573));
#11573 = FILL_AREA_STYLE_COLOUR('',#9949);
#11574 = OVER_RIDING_STYLED_ITEM('overriding color',(#11575),#8529,#9932
  );
#11575 = PRESENTATION_STYLE_ASSIGNMENT((#11576));
#11576 = SURFACE_STYLE_USAGE(.BOTH.,#11577);
#11577 = SURFACE_SIDE_STYLE('',(#11578));
#11578 = SURFACE_STYLE_FILL_AREA(#11579);
#11579 = FILL_AREA_STYLE('',(#11580));
#11580 = FILL_AREA_STYLE_COLOUR('',#9939);
#11581 = OVER_RIDING_STYLED_ITEM('overriding color',(#11582),#8557,#9932
  );
#11582 = PRESENTATION_STYLE_ASSIGNMENT((#11583));
#11583 = SURFACE_STYLE_USAGE(.BOTH.,#11584);
#11584 = SURFACE_SIDE_STYLE('',(#11585));
#11585 = SURFACE_STYLE_FILL_AREA(#11586);
#11586 = FILL_AREA_STYLE('',(#11587));
#11587 = FILL_AREA_STYLE_COLOUR('',#9939);
#11588 = OVER_RIDING_STYLED_ITEM('overriding color',(#11589),#8579,#9932
  );
#11589 = PRESENTATION_STYLE_ASSIGNMENT((#11590));
#11590 = SURFACE_STYLE_USAGE(.BOTH.,#11591);
#11591 = SURFACE_SIDE_STYLE('',(#11592));
#11592 = SURFACE_STYLE_FILL_AREA(#11593);
#11593 = FILL_AREA_STYLE('',(#11594));
#11594 = FILL_AREA_STYLE_COLOUR('',#9939);
#11595 = OVER_RIDING_STYLED_ITEM('overriding color',(#11596),#8601,#9932
  );
#11596 = PRESENTATION_STYLE_ASSIGNMENT((#11597));
#11597 = SURFACE_STYLE_USAGE(.BOTH.,#11598);
#11598 = SURFACE_SIDE_STYLE('',(#11599));
#11599 = SURFACE_STYLE_FILL_AREA(#11600);
#11600 = FILL_AREA_STYLE('',(#11601));
#11601 = FILL_AREA_STYLE_COLOUR('',#9939);
#11602 = OVER_RIDING_STYLED_ITEM('overriding color',(#11603),#8623,#9932
  );
#11603 = PRESENTATION_STYLE_ASSIGNMENT((#11604));
#11604 = SURFACE_STYLE_USAGE(.BOTH.,#11605);
#11605 = SURFACE_SIDE_STYLE('',(#11606));
#11606 = SURFACE_STYLE_FILL_AREA(#11607);
#11607 = FILL_AREA_STYLE('',(#11608));
#11608 = FILL_AREA_STYLE_COLOUR('',#9939);
#11609 = OVER_RIDING_STYLED_ITEM('overriding color',(#11610),#8645,#9932
  );
#11610 = PRESENTATION_STYLE_ASSIGNMENT((#11611));
#11611 = SURFACE_STYLE_USAGE(.BOTH.,#11612);
#11612 = SURFACE_SIDE_STYLE('',(#11613));
#11613 = SURFACE_STYLE_FILL_AREA(#11614);
#11614 = FILL_AREA_STYLE('',(#11615));
#11615 = FILL_AREA_STYLE_COLOUR('',#9939);
#11616 = OVER_RIDING_STYLED_ITEM('overriding color',(#11617),#8667,#9932
  );
#11617 = PRESENTATION_STYLE_ASSIGNMENT((#11618));
#11618 = SURFACE_STYLE_USAGE(.BOTH.,#11619);
#11619 = SURFACE_SIDE_STYLE('',(#11620));
#11620 = SURFACE_STYLE_FILL_AREA(#11621);
#11621 = FILL_AREA_STYLE('',(#11622));
#11622 = FILL_AREA_STYLE_COLOUR('',#9939);
#11623 = OVER_RIDING_STYLED_ITEM('overriding color',(#11624),#8689,#9932
  );
#11624 = PRESENTATION_STYLE_ASSIGNMENT((#11625));
#11625 = SURFACE_STYLE_USAGE(.BOTH.,#11626);
#11626 = SURFACE_SIDE_STYLE('',(#11627));
#11627 = SURFACE_STYLE_FILL_AREA(#11628);
#11628 = FILL_AREA_STYLE('',(#11629));
#11629 = FILL_AREA_STYLE_COLOUR('',#9939);
#11630 = OVER_RIDING_STYLED_ITEM('overriding color',(#11631),#8711,#9932
  );
#11631 = PRESENTATION_STYLE_ASSIGNMENT((#11632));
#11632 = SURFACE_STYLE_USAGE(.BOTH.,#11633);
#11633 = SURFACE_SIDE_STYLE('',(#11634));
#11634 = SURFACE_STYLE_FILL_AREA(#11635);
#11635 = FILL_AREA_STYLE('',(#11636));
#11636 = FILL_AREA_STYLE_COLOUR('',#9939);
#11637 = OVER_RIDING_STYLED_ITEM('overriding color',(#11638),#8733,#9932
  );
#11638 = PRESENTATION_STYLE_ASSIGNMENT((#11639));
#11639 = SURFACE_STYLE_USAGE(.BOTH.,#11640);
#11640 = SURFACE_SIDE_STYLE('',(#11641));
#11641 = SURFACE_STYLE_FILL_AREA(#11642);
#11642 = FILL_AREA_STYLE('',(#11643));
#11643 = FILL_AREA_STYLE_COLOUR('',#9939);
#11644 = OVER_RIDING_STYLED_ITEM('overriding color',(#11645),#8755,#9932
  );
#11645 = PRESENTATION_STYLE_ASSIGNMENT((#11646));
#11646 = SURFACE_STYLE_USAGE(.BOTH.,#11647);
#11647 = SURFACE_SIDE_STYLE('',(#11648));
#11648 = SURFACE_STYLE_FILL_AREA(#11649);
#11649 = FILL_AREA_STYLE('',(#11650));
#11650 = FILL_AREA_STYLE_COLOUR('',#9939);
#11651 = OVER_RIDING_STYLED_ITEM('overriding color',(#11652),#8777,#9932
  );
#11652 = PRESENTATION_STYLE_ASSIGNMENT((#11653));
#11653 = SURFACE_STYLE_USAGE(.BOTH.,#11654);
#11654 = SURFACE_SIDE_STYLE('',(#11655));
#11655 = SURFACE_STYLE_FILL_AREA(#11656);
#11656 = FILL_AREA_STYLE('',(#11657));
#11657 = FILL_AREA_STYLE_COLOUR('',#9939);
#11658 = OVER_RIDING_STYLED_ITEM('overriding color',(#11659),#8793,#9932
  );
#11659 = PRESENTATION_STYLE_ASSIGNMENT((#11660));
#11660 = SURFACE_STYLE_USAGE(.BOTH.,#11661);
#11661 = SURFACE_SIDE_STYLE('',(#11662));
#11662 = SURFACE_STYLE_FILL_AREA(#11663);
#11663 = FILL_AREA_STYLE('',(#11664));
#11664 = FILL_AREA_STYLE_COLOUR('',#9939);
#11665 = OVER_RIDING_STYLED_ITEM('overriding color',(#11666),#8813,#9932
  );
#11666 = PRESENTATION_STYLE_ASSIGNMENT((#11667));
#11667 = SURFACE_STYLE_USAGE(.BOTH.,#11668);
#11668 = SURFACE_SIDE_STYLE('',(#11669));
#11669 = SURFACE_STYLE_FILL_AREA(#11670);
#11670 = FILL_AREA_STYLE('',(#11671));
#11671 = FILL_AREA_STYLE_COLOUR('',#9939);
#11672 = OVER_RIDING_STYLED_ITEM('overriding color',(#11673),#8841,#9932
  );
#11673 = PRESENTATION_STYLE_ASSIGNMENT((#11674));
#11674 = SURFACE_STYLE_USAGE(.BOTH.,#11675);
#11675 = SURFACE_SIDE_STYLE('',(#11676));
#11676 = SURFACE_STYLE_FILL_AREA(#11677);
#11677 = FILL_AREA_STYLE('',(#11678));
#11678 = FILL_AREA_STYLE_COLOUR('',#9939);
#11679 = OVER_RIDING_STYLED_ITEM('overriding color',(#11680),#8863,#9932
  );
#11680 = PRESENTATION_STYLE_ASSIGNMENT((#11681));
#11681 = SURFACE_STYLE_USAGE(.BOTH.,#11682);
#11682 = SURFACE_SIDE_STYLE('',(#11683));
#11683 = SURFACE_STYLE_FILL_AREA(#11684);
#11684 = FILL_AREA_STYLE('',(#11685));
#11685 = FILL_AREA_STYLE_COLOUR('',#9939);
#11686 = OVER_RIDING_STYLED_ITEM('overriding color',(#11687),#8885,#9932
  );
#11687 = PRESENTATION_STYLE_ASSIGNMENT((#11688));
#11688 = SURFACE_STYLE_USAGE(.BOTH.,#11689);
#11689 = SURFACE_SIDE_STYLE('',(#11690));
#11690 = SURFACE_STYLE_FILL_AREA(#11691);
#11691 = FILL_AREA_STYLE('',(#11692));
#11692 = FILL_AREA_STYLE_COLOUR('',#9939);
#11693 = OVER_RIDING_STYLED_ITEM('overriding color',(#11694),#8907,#9932
  );
#11694 = PRESENTATION_STYLE_ASSIGNMENT((#11695));
#11695 = SURFACE_STYLE_USAGE(.BOTH.,#11696);
#11696 = SURFACE_SIDE_STYLE('',(#11697));
#11697 = SURFACE_STYLE_FILL_AREA(#11698);
#11698 = FILL_AREA_STYLE('',(#11699));
#11699 = FILL_AREA_STYLE_COLOUR('',#9939);
#11700 = OVER_RIDING_STYLED_ITEM('overriding color',(#11701),#8929,#9932
  );
#11701 = PRESENTATION_STYLE_ASSIGNMENT((#11702));
#11702 = SURFACE_STYLE_USAGE(.BOTH.,#11703);
#11703 = SURFACE_SIDE_STYLE('',(#11704));
#11704 = SURFACE_STYLE_FILL_AREA(#11705);
#11705 = FILL_AREA_STYLE('',(#11706));
#11706 = FILL_AREA_STYLE_COLOUR('',#9939);
#11707 = OVER_RIDING_STYLED_ITEM('overriding color',(#11708),#8951,#9932
  );
#11708 = PRESENTATION_STYLE_ASSIGNMENT((#11709));
#11709 = SURFACE_STYLE_USAGE(.BOTH.,#11710);
#11710 = SURFACE_SIDE_STYLE('',(#11711));
#11711 = SURFACE_STYLE_FILL_AREA(#11712);
#11712 = FILL_AREA_STYLE('',(#11713));
#11713 = FILL_AREA_STYLE_COLOUR('',#9939);
#11714 = OVER_RIDING_STYLED_ITEM('overriding color',(#11715),#8973,#9932
  );
#11715 = PRESENTATION_STYLE_ASSIGNMENT((#11716));
#11716 = SURFACE_STYLE_USAGE(.BOTH.,#11717);
#11717 = SURFACE_SIDE_STYLE('',(#11718));
#11718 = SURFACE_STYLE_FILL_AREA(#11719);
#11719 = FILL_AREA_STYLE('',(#11720));
#11720 = FILL_AREA_STYLE_COLOUR('',#9939);
#11721 = OVER_RIDING_STYLED_ITEM('overriding color',(#11722),#8995,#9932
  );
#11722 = PRESENTATION_STYLE_ASSIGNMENT((#11723));
#11723 = SURFACE_STYLE_USAGE(.BOTH.,#11724);
#11724 = SURFACE_SIDE_STYLE('',(#11725));
#11725 = SURFACE_STYLE_FILL_AREA(#11726);
#11726 = FILL_AREA_STYLE('',(#11727));
#11727 = FILL_AREA_STYLE_COLOUR('',#9939);
#11728 = OVER_RIDING_STYLED_ITEM('overriding color',(#11729),#9017,#9932
  );
#11729 = PRESENTATION_STYLE_ASSIGNMENT((#11730));
#11730 = SURFACE_STYLE_USAGE(.BOTH.,#11731);
#11731 = SURFACE_SIDE_STYLE('',(#11732));
#11732 = SURFACE_STYLE_FILL_AREA(#11733);
#11733 = FILL_AREA_STYLE('',(#11734));
#11734 = FILL_AREA_STYLE_COLOUR('',#9939);
#11735 = OVER_RIDING_STYLED_ITEM('overriding color',(#11736),#9039,#9932
  );
#11736 = PRESENTATION_STYLE_ASSIGNMENT((#11737));
#11737 = SURFACE_STYLE_USAGE(.BOTH.,#11738);
#11738 = SURFACE_SIDE_STYLE('',(#11739));
#11739 = SURFACE_STYLE_FILL_AREA(#11740);
#11740 = FILL_AREA_STYLE('',(#11741));
#11741 = FILL_AREA_STYLE_COLOUR('',#9939);
#11742 = OVER_RIDING_STYLED_ITEM('overriding color',(#11743),#9061,#9932
  );
#11743 = PRESENTATION_STYLE_ASSIGNMENT((#11744));
#11744 = SURFACE_STYLE_USAGE(.BOTH.,#11745);
#11745 = SURFACE_SIDE_STYLE('',(#11746));
#11746 = SURFACE_STYLE_FILL_AREA(#11747);
#11747 = FILL_AREA_STYLE('',(#11748));
#11748 = FILL_AREA_STYLE_COLOUR('',#9939);
#11749 = OVER_RIDING_STYLED_ITEM('overriding color',(#11750),#9077,#9932
  );
#11750 = PRESENTATION_STYLE_ASSIGNMENT((#11751));
#11751 = SURFACE_STYLE_USAGE(.BOTH.,#11752);
#11752 = SURFACE_SIDE_STYLE('',(#11753));
#11753 = SURFACE_STYLE_FILL_AREA(#11754);
#11754 = FILL_AREA_STYLE('',(#11755));
#11755 = FILL_AREA_STYLE_COLOUR('',#9939);
#11756 = OVER_RIDING_STYLED_ITEM('overriding color',(#11757),#9097,#9932
  );
#11757 = PRESENTATION_STYLE_ASSIGNMENT((#11758));
#11758 = SURFACE_STYLE_USAGE(.BOTH.,#11759);
#11759 = SURFACE_SIDE_STYLE('',(#11760));
#11760 = SURFACE_STYLE_FILL_AREA(#11761);
#11761 = FILL_AREA_STYLE('',(#11762));
#11762 = FILL_AREA_STYLE_COLOUR('',#9939);
#11763 = OVER_RIDING_STYLED_ITEM('overriding color',(#11764),#9209,#9932
  );
#11764 = PRESENTATION_STYLE_ASSIGNMENT((#11765));
#11765 = SURFACE_STYLE_USAGE(.BOTH.,#11766);
#11766 = SURFACE_SIDE_STYLE('',(#11767));
#11767 = SURFACE_STYLE_FILL_AREA(#11768);
#11768 = FILL_AREA_STYLE('',(#11769));
#11769 = FILL_AREA_STYLE_COLOUR('',#9939);
#11770 = OVER_RIDING_STYLED_ITEM('overriding color',(#11771),#9229,#9932
  );
#11771 = PRESENTATION_STYLE_ASSIGNMENT((#11772));
#11772 = SURFACE_STYLE_USAGE(.BOTH.,#11773);
#11773 = SURFACE_SIDE_STYLE('',(#11774));
#11774 = SURFACE_STYLE_FILL_AREA(#11775);
#11775 = FILL_AREA_STYLE('',(#11776));
#11776 = FILL_AREA_STYLE_COLOUR('',#9939);
#11777 = OVER_RIDING_STYLED_ITEM('overriding color',(#11778),#9245,#9932
  );
#11778 = PRESENTATION_STYLE_ASSIGNMENT((#11779));
#11779 = SURFACE_STYLE_USAGE(.BOTH.,#11780);
#11780 = SURFACE_SIDE_STYLE('',(#11781));
#11781 = SURFACE_STYLE_FILL_AREA(#11782);
#11782 = FILL_AREA_STYLE('',(#11783));
#11783 = FILL_AREA_STYLE_COLOUR('',#9939);
#11784 = OVER_RIDING_STYLED_ITEM('overriding color',(#11785),#9261,#9932
  );
#11785 = PRESENTATION_STYLE_ASSIGNMENT((#11786));
#11786 = SURFACE_STYLE_USAGE(.BOTH.,#11787);
#11787 = SURFACE_SIDE_STYLE('',(#11788));
#11788 = SURFACE_STYLE_FILL_AREA(#11789);
#11789 = FILL_AREA_STYLE('',(#11790));
#11790 = FILL_AREA_STYLE_COLOUR('',#9939);
#11791 = OVER_RIDING_STYLED_ITEM('overriding color',(#11792),#9277,#9932
  );
#11792 = PRESENTATION_STYLE_ASSIGNMENT((#11793));
#11793 = SURFACE_STYLE_USAGE(.BOTH.,#11794);
#11794 = SURFACE_SIDE_STYLE('',(#11795));
#11795 = SURFACE_STYLE_FILL_AREA(#11796);
#11796 = FILL_AREA_STYLE('',(#11797));
#11797 = FILL_AREA_STYLE_COLOUR('',#9939);
#11798 = OVER_RIDING_STYLED_ITEM('overriding color',(#11799),#9293,#9932
  );
#11799 = PRESENTATION_STYLE_ASSIGNMENT((#11800));
#11800 = SURFACE_STYLE_USAGE(.BOTH.,#11801);
#11801 = SURFACE_SIDE_STYLE('',(#11802));
#11802 = SURFACE_STYLE_FILL_AREA(#11803);
#11803 = FILL_AREA_STYLE('',(#11804));
#11804 = FILL_AREA_STYLE_COLOUR('',#9939);
#11805 = OVER_RIDING_STYLED_ITEM('overriding color',(#11806),#9309,#9932
  );
#11806 = PRESENTATION_STYLE_ASSIGNMENT((#11807));
#11807 = SURFACE_STYLE_USAGE(.BOTH.,#11808);
#11808 = SURFACE_SIDE_STYLE('',(#11809));
#11809 = SURFACE_STYLE_FILL_AREA(#11810);
#11810 = FILL_AREA_STYLE('',(#11811));
#11811 = FILL_AREA_STYLE_COLOUR('',#9939);
#11812 = OVER_RIDING_STYLED_ITEM('overriding color',(#11813),#9325,#9932
  );
#11813 = PRESENTATION_STYLE_ASSIGNMENT((#11814));
#11814 = SURFACE_STYLE_USAGE(.BOTH.,#11815);
#11815 = SURFACE_SIDE_STYLE('',(#11816));
#11816 = SURFACE_STYLE_FILL_AREA(#11817);
#11817 = FILL_AREA_STYLE('',(#11818));
#11818 = FILL_AREA_STYLE_COLOUR('',#9939);
#11819 = OVER_RIDING_STYLED_ITEM('overriding color',(#11820),#9337,#9932
  );
#11820 = PRESENTATION_STYLE_ASSIGNMENT((#11821));
#11821 = SURFACE_STYLE_USAGE(.BOTH.,#11822);
#11822 = SURFACE_SIDE_STYLE('',(#11823));
#11823 = SURFACE_STYLE_FILL_AREA(#11824);
#11824 = FILL_AREA_STYLE('',(#11825));
#11825 = FILL_AREA_STYLE_COLOUR('',#9939);
#11826 = OVER_RIDING_STYLED_ITEM('overriding color',(#11827),#9371,#9932
  );
#11827 = PRESENTATION_STYLE_ASSIGNMENT((#11828));
#11828 = SURFACE_STYLE_USAGE(.BOTH.,#11829);
#11829 = SURFACE_SIDE_STYLE('',(#11830));
#11830 = SURFACE_STYLE_FILL_AREA(#11831);
#11831 = FILL_AREA_STYLE('',(#11832));
#11832 = FILL_AREA_STYLE_COLOUR('',#9939);
#11833 = OVER_RIDING_STYLED_ITEM('overriding color',(#11834),#9393,#9932
  );
#11834 = PRESENTATION_STYLE_ASSIGNMENT((#11835));
#11835 = SURFACE_STYLE_USAGE(.BOTH.,#11836);
#11836 = SURFACE_SIDE_STYLE('',(#11837));
#11837 = SURFACE_STYLE_FILL_AREA(#11838);
#11838 = FILL_AREA_STYLE('',(#11839));
#11839 = FILL_AREA_STYLE_COLOUR('',#9939);
#11840 = OVER_RIDING_STYLED_ITEM('overriding color',(#11841),#9415,#9932
  );
#11841 = PRESENTATION_STYLE_ASSIGNMENT((#11842));
#11842 = SURFACE_STYLE_USAGE(.BOTH.,#11843);
#11843 = SURFACE_SIDE_STYLE('',(#11844));
#11844 = SURFACE_STYLE_FILL_AREA(#11845);
#11845 = FILL_AREA_STYLE('',(#11846));
#11846 = FILL_AREA_STYLE_COLOUR('',#9939);
#11847 = OVER_RIDING_STYLED_ITEM('overriding color',(#11848),#9437,#9932
  );
#11848 = PRESENTATION_STYLE_ASSIGNMENT((#11849));
#11849 = SURFACE_STYLE_USAGE(.BOTH.,#11850);
#11850 = SURFACE_SIDE_STYLE('',(#11851));
#11851 = SURFACE_STYLE_FILL_AREA(#11852);
#11852 = FILL_AREA_STYLE('',(#11853));
#11853 = FILL_AREA_STYLE_COLOUR('',#9939);
#11854 = OVER_RIDING_STYLED_ITEM('overriding color',(#11855),#9465,#9932
  );
#11855 = PRESENTATION_STYLE_ASSIGNMENT((#11856));
#11856 = SURFACE_STYLE_USAGE(.BOTH.,#11857);
#11857 = SURFACE_SIDE_STYLE('',(#11858));
#11858 = SURFACE_STYLE_FILL_AREA(#11859);
#11859 = FILL_AREA_STYLE('',(#11860));
#11860 = FILL_AREA_STYLE_COLOUR('',#9939);
#11861 = OVER_RIDING_STYLED_ITEM('overriding color',(#11862),#9481,#9932
  );
#11862 = PRESENTATION_STYLE_ASSIGNMENT((#11863));
#11863 = SURFACE_STYLE_USAGE(.BOTH.,#11864);
#11864 = SURFACE_SIDE_STYLE('',(#11865));
#11865 = SURFACE_STYLE_FILL_AREA(#11866);
#11866 = FILL_AREA_STYLE('',(#11867));
#11867 = FILL_AREA_STYLE_COLOUR('',#9949);
#11868 = OVER_RIDING_STYLED_ITEM('overriding color',(#11869),#9495,#9932
  );
#11869 = PRESENTATION_STYLE_ASSIGNMENT((#11870));
#11870 = SURFACE_STYLE_USAGE(.BOTH.,#11871);
#11871 = SURFACE_SIDE_STYLE('',(#11872));
#11872 = SURFACE_STYLE_FILL_AREA(#11873);
#11873 = FILL_AREA_STYLE('',(#11874));
#11874 = FILL_AREA_STYLE_COLOUR('',#9939);
#11875 = OVER_RIDING_STYLED_ITEM('overriding color',(#11876),#9523,#9932
  );
#11876 = PRESENTATION_STYLE_ASSIGNMENT((#11877));
#11877 = SURFACE_STYLE_USAGE(.BOTH.,#11878);
#11878 = SURFACE_SIDE_STYLE('',(#11879));
#11879 = SURFACE_STYLE_FILL_AREA(#11880);
#11880 = FILL_AREA_STYLE('',(#11881));
#11881 = FILL_AREA_STYLE_COLOUR('',#9939);
#11882 = OVER_RIDING_STYLED_ITEM('overriding color',(#11883),#9545,#9932
  );
#11883 = PRESENTATION_STYLE_ASSIGNMENT((#11884));
#11884 = SURFACE_STYLE_USAGE(.BOTH.,#11885);
#11885 = SURFACE_SIDE_STYLE('',(#11886));
#11886 = SURFACE_STYLE_FILL_AREA(#11887);
#11887 = FILL_AREA_STYLE('',(#11888));
#11888 = FILL_AREA_STYLE_COLOUR('',#9939);
#11889 = OVER_RIDING_STYLED_ITEM('overriding color',(#11890),#9567,#9932
  );
#11890 = PRESENTATION_STYLE_ASSIGNMENT((#11891));
#11891 = SURFACE_STYLE_USAGE(.BOTH.,#11892);
#11892 = SURFACE_SIDE_STYLE('',(#11893));
#11893 = SURFACE_STYLE_FILL_AREA(#11894);
#11894 = FILL_AREA_STYLE('',(#11895));
#11895 = FILL_AREA_STYLE_COLOUR('',#9939);
#11896 = OVER_RIDING_STYLED_ITEM('overriding color',(#11897),#9589,#9932
  );
#11897 = PRESENTATION_STYLE_ASSIGNMENT((#11898));
#11898 = SURFACE_STYLE_USAGE(.BOTH.,#11899);
#11899 = SURFACE_SIDE_STYLE('',(#11900));
#11900 = SURFACE_STYLE_FILL_AREA(#11901);
#11901 = FILL_AREA_STYLE('',(#11902));
#11902 = FILL_AREA_STYLE_COLOUR('',#9939);
#11903 = OVER_RIDING_STYLED_ITEM('overriding color',(#11904),#9611,#9932
  );
#11904 = PRESENTATION_STYLE_ASSIGNMENT((#11905));
#11905 = SURFACE_STYLE_USAGE(.BOTH.,#11906);
#11906 = SURFACE_SIDE_STYLE('',(#11907));
#11907 = SURFACE_STYLE_FILL_AREA(#11908);
#11908 = FILL_AREA_STYLE('',(#11909));
#11909 = FILL_AREA_STYLE_COLOUR('',#9939);
#11910 = OVER_RIDING_STYLED_ITEM('overriding color',(#11911),#9633,#9932
  );
#11911 = PRESENTATION_STYLE_ASSIGNMENT((#11912));
#11912 = SURFACE_STYLE_USAGE(.BOTH.,#11913);
#11913 = SURFACE_SIDE_STYLE('',(#11914));
#11914 = SURFACE_STYLE_FILL_AREA(#11915);
#11915 = FILL_AREA_STYLE('',(#11916));
#11916 = FILL_AREA_STYLE_COLOUR('',#9939);
#11917 = OVER_RIDING_STYLED_ITEM('overriding color',(#11918),#9655,#9932
  );
#11918 = PRESENTATION_STYLE_ASSIGNMENT((#11919));
#11919 = SURFACE_STYLE_USAGE(.BOTH.,#11920);
#11920 = SURFACE_SIDE_STYLE('',(#11921));
#11921 = SURFACE_STYLE_FILL_AREA(#11922);
#11922 = FILL_AREA_STYLE('',(#11923));
#11923 = FILL_AREA_STYLE_COLOUR('',#9939);
#11924 = OVER_RIDING_STYLED_ITEM('overriding color',(#11925),#9677,#9932
  );
#11925 = PRESENTATION_STYLE_ASSIGNMENT((#11926));
#11926 = SURFACE_STYLE_USAGE(.BOTH.,#11927);
#11927 = SURFACE_SIDE_STYLE('',(#11928));
#11928 = SURFACE_STYLE_FILL_AREA(#11929);
#11929 = FILL_AREA_STYLE('',(#11930));
#11930 = FILL_AREA_STYLE_COLOUR('',#9939);
#11931 = OVER_RIDING_STYLED_ITEM('overriding color',(#11932),#9699,#9932
  );
#11932 = PRESENTATION_STYLE_ASSIGNMENT((#11933));
#11933 = SURFACE_STYLE_USAGE(.BOTH.,#11934);
#11934 = SURFACE_SIDE_STYLE('',(#11935));
#11935 = SURFACE_STYLE_FILL_AREA(#11936);
#11936 = FILL_AREA_STYLE('',(#11937));
#11937 = FILL_AREA_STYLE_COLOUR('',#9939);
#11938 = OVER_RIDING_STYLED_ITEM('overriding color',(#11939),#9721,#9932
  );
#11939 = PRESENTATION_STYLE_ASSIGNMENT((#11940));
#11940 = SURFACE_STYLE_USAGE(.BOTH.,#11941);
#11941 = SURFACE_SIDE_STYLE('',(#11942));
#11942 = SURFACE_STYLE_FILL_AREA(#11943);
#11943 = FILL_AREA_STYLE('',(#11944));
#11944 = FILL_AREA_STYLE_COLOUR('',#9939);
#11945 = OVER_RIDING_STYLED_ITEM('overriding color',(#11946),#9743,#9932
  );
#11946 = PRESENTATION_STYLE_ASSIGNMENT((#11947));
#11947 = SURFACE_STYLE_USAGE(.BOTH.,#11948);
#11948 = SURFACE_SIDE_STYLE('',(#11949));
#11949 = SURFACE_STYLE_FILL_AREA(#11950);
#11950 = FILL_AREA_STYLE('',(#11951));
#11951 = FILL_AREA_STYLE_COLOUR('',#9939);
#11952 = OVER_RIDING_STYLED_ITEM('overriding color',(#11953),#9759,#9932
  );
#11953 = PRESENTATION_STYLE_ASSIGNMENT((#11954));
#11954 = SURFACE_STYLE_USAGE(.BOTH.,#11955);
#11955 = SURFACE_SIDE_STYLE('',(#11956));
#11956 = SURFACE_STYLE_FILL_AREA(#11957);
#11957 = FILL_AREA_STYLE('',(#11958));
#11958 = FILL_AREA_STYLE_COLOUR('',#9939);
#11959 = OVER_RIDING_STYLED_ITEM('overriding color',(#11960),#9779,#9932
  );
#11960 = PRESENTATION_STYLE_ASSIGNMENT((#11961));
#11961 = SURFACE_STYLE_USAGE(.BOTH.,#11962);
#11962 = SURFACE_SIDE_STYLE('',(#11963));
#11963 = SURFACE_STYLE_FILL_AREA(#11964);
#11964 = FILL_AREA_STYLE('',(#11965));
#11965 = FILL_AREA_STYLE_COLOUR('',#9939);
#11966 = OVER_RIDING_STYLED_ITEM('overriding color',(#11967),#9807,#9932
  );
#11967 = PRESENTATION_STYLE_ASSIGNMENT((#11968));
#11968 = SURFACE_STYLE_USAGE(.BOTH.,#11969);
#11969 = SURFACE_SIDE_STYLE('',(#11970));
#11970 = SURFACE_STYLE_FILL_AREA(#11971);
#11971 = FILL_AREA_STYLE('',(#11972));
#11972 = FILL_AREA_STYLE_COLOUR('',#9939);
#11973 = OVER_RIDING_STYLED_ITEM('overriding color',(#11974),#9829,#9932
  );
#11974 = PRESENTATION_STYLE_ASSIGNMENT((#11975));
#11975 = SURFACE_STYLE_USAGE(.BOTH.,#11976);
#11976 = SURFACE_SIDE_STYLE('',(#11977));
#11977 = SURFACE_STYLE_FILL_AREA(#11978);
#11978 = FILL_AREA_STYLE('',(#11979));
#11979 = FILL_AREA_STYLE_COLOUR('',#9939);
#11980 = OVER_RIDING_STYLED_ITEM('overriding color',(#11981),#9851,#9932
  );
#11981 = PRESENTATION_STYLE_ASSIGNMENT((#11982));
#11982 = SURFACE_STYLE_USAGE(.BOTH.,#11983);
#11983 = SURFACE_SIDE_STYLE('',(#11984));
#11984 = SURFACE_STYLE_FILL_AREA(#11985);
#11985 = FILL_AREA_STYLE('',(#11986));
#11986 = FILL_AREA_STYLE_COLOUR('',#9939);
#11987 = OVER_RIDING_STYLED_ITEM('overriding color',(#11988),#9873,#9932
  );
#11988 = PRESENTATION_STYLE_ASSIGNMENT((#11989));
#11989 = SURFACE_STYLE_USAGE(.BOTH.,#11990);
#11990 = SURFACE_SIDE_STYLE('',(#11991));
#11991 = SURFACE_STYLE_FILL_AREA(#11992);
#11992 = FILL_AREA_STYLE('',(#11993));
#11993 = FILL_AREA_STYLE_COLOUR('',#9939);
#11994 = OVER_RIDING_STYLED_ITEM('overriding color',(#11995),#9895,#9932
  );
#11995 = PRESENTATION_STYLE_ASSIGNMENT((#11996));
#11996 = SURFACE_STYLE_USAGE(.BOTH.,#11997);
#11997 = SURFACE_SIDE_STYLE('',(#11998));
#11998 = SURFACE_STYLE_FILL_AREA(#11999);
#11999 = FILL_AREA_STYLE('',(#12000));
#12000 = FILL_AREA_STYLE_COLOUR('',#9939);
#12001 = OVER_RIDING_STYLED_ITEM('overriding color',(#12002),#9911,#9932
  );
#12002 = PRESENTATION_STYLE_ASSIGNMENT((#12003));
#12003 = SURFACE_STYLE_USAGE(.BOTH.,#12004);
#12004 = SURFACE_SIDE_STYLE('',(#12005));
#12005 = SURFACE_STYLE_FILL_AREA(#12006);
#12006 = FILL_AREA_STYLE('',(#12007));
#12007 = FILL_AREA_STYLE_COLOUR('',#9939);
ENDSEC;
END-ISO-10303-21;
