ISO-10303-21;
HEADER;
FILE_DESCRIPTION(('Open CASCADE Model'),'2;1');
FILE_NAME('Open CASCADE Shape Model','2026-04-16T12:51:59',('Author'),(
    'Open CASCADE'),'Open CASCADE STEP processor 7.9','Open CASCADE 7.9'
  ,'Unknown');
FILE_SCHEMA(('AUTOMOTIVE_DESIGN { 1 0 10303 214 1 1 1 1 }'));
ENDSEC;
DATA;
#1 = APPLICATION_PROTOCOL_DEFINITION('international standard',
  'automotive_design',2000,#2);
#2 = APPLICATION_CONTEXT(
  'core data for automotive mechanical design processes');
#3 = SHAPE_DEFINITION_REPRESENTATION(#4,#10);
#4 = PRODUCT_DEFINITION_SHAPE('','',#5);
#5 = PRODUCT_DEFINITION('design','',#6,#9);
#6 = PRODUCT_DEFINITION_FORMATION('','',#7);
#7 = PRODUCT('SOLID','SOLID','',(#8));
#8 = PRODUCT_CONTEXT('',#2,'mechanical');
#9 = PRODUCT_DEFINITION_CONTEXT('part definition',#2,'design');
#10 = ADVANCED_BREP_SHAPE_REPRESENTATION('',(#11,#15),#8929);
#11 = AXIS2_PLACEMENT_3D('',#12,#13,#14);
#12 = CARTESIAN_POINT('',(0.,0.,0.));
#13 = DIRECTION('',(0.,0.,1.));
#14 = DIRECTION('',(1.,0.,-0.));
#15 = MANIFOLD_SOLID_BREP('',#16);
#16 = CLOSED_SHELL('',(#17,#1422,#1458,#1494,#1530,#1566,#1630,#1694,
    #1722,#1770,#1818,#1846,#1892,#1918,#1944,#1963,#1983,#2003,#2022,
    #2068,#2089,#2108,#2132,#2151,#2172,#2192,#2213,#2234,#2254,#2273,
    #2292,#2311,#2330,#2351,#2372,#2386,#2426,#2454,#2486,#2514,#2542,
    #2570,#2602,#2630,#2662,#2691,#2720,#2732,#2744,#2772,#2800,#2877,
    #2954,#2974,#2990,#3006,#3024,#3040,#3054,#3072,#3088,#3102,#3118,
    #3134,#3146,#3174,#3196,#3218,#3240,#3262,#3278,#3292,#3326,#3348,
    #3376,#3404,#3432,#3460,#3488,#3516,#3538,#3566,#3594,#3622,#3650,
    #3672,#3694,#3722,#3744,#3766,#3788,#3810,#3832,#3854,#3876,#3898,
    #3920,#3942,#3958,#3978,#4102,#4122,#4142,#4162,#4182,#4202,#4218,
    #4230,#4258,#4280,#4302,#4330,#4358,#4386,#4408,#4423,#4535,#4555,
    #4571,#4587,#4603,#4619,#4635,#4651,#4663,#4691,#4713,#4741,#4763,
    #4791,#4807,#4821,#4849,#4871,#4893,#4915,#4937,#4959,#4981,#5003,
    #5025,#5047,#5069,#5085,#5105,#5297,#5321,#5337,#5357,#5377,#5393,
    #5413,#5433,#5453,#5473,#5489,#5505,#5521,#5537,#5553,#5587,#5615,
    #5643,#5671,#5699,#5727,#5749,#5765,#5781,#5815,#5837,#5865,#5893,
    #5921,#5949,#5977,#6005,#6033,#6061,#6089,#6117,#6139,#6167,#6195,
    #6223,#6251,#6279,#6307,#6335,#6357,#6386,#6414,#6436,#6464,#6486,
    #6508,#6530,#6552,#6574,#6596,#6624,#6652,#6674,#6702,#6730,#6746,
    #6769,#6797,#6819,#6841,#6863,#6885,#6907,#6929,#6951,#6973,#6995,
    #7017,#7033,#7053,#7177,#7197,#7217,#7237,#7257,#7277,#7293,#7305,
    #7333,#7355,#7377,#7405,#7433,#7461,#7483,#7498,#7610,#7630,#7646,
    #7662,#7678,#7694,#7710,#7726,#7738,#7766,#7788,#7816,#7838,#7866,
    #7882,#7896,#8216,#8240,#8260,#8280,#8300,#8320,#8340,#8360,#8380,
    #8400,#8420,#8440,#8460,#8476,#8492,#8508,#8524,#8544,#8564,#8584,
    #8604,#8624,#8644,#8664,#8680,#8700,#8720,#8736,#8756,#8776,#8796,
    #8812,#8832,#8848,#8891,#8919));
#17 = ADVANCED_FACE('',(#18,#76,#162,#279,#466,#582,#641,#671,#715,#839,
    #925,#983,#1069,#1128),#1417,.T.);
#18 = FACE_BOUND('',#19,.T.);
#19 = EDGE_LOOP('',(#20,#29,#36,#43,#50,#57,#64,#71));
#20 = ORIENTED_EDGE('',*,*,#21,.F.);
#21 = EDGE_CURVE('',#22,#24,#26,.T.);
#22 = VERTEX_POINT('',#23);
#23 = CARTESIAN_POINT('',(-0.298483098139,0.625188454371,0.701543420532)
  );
#24 = VERTEX_POINT('',#25);
#25 = CARTESIAN_POINT('',(-0.290061270829,0.625180141478,0.701602569843)
  );
#26 = B_SPLINE_CURVE_WITH_KNOTS('',1,(#27,#28),.UNSPECIFIED.,.F.,.F.,(2,
    2),(-8.422039122552E-03,0.),.PIECEWISE_BEZIER_KNOTS.);
#27 = CARTESIAN_POINT('',(-0.298483098139,0.625188454371,0.701543420532)
  );
#28 = CARTESIAN_POINT('',(-0.290061270829,0.625180141478,0.701602569843)
  );
#29 = ORIENTED_EDGE('',*,*,#30,.F.);
#30 = EDGE_CURVE('',#31,#22,#33,.T.);
#31 = VERTEX_POINT('',#32);
#32 = CARTESIAN_POINT('',(-0.321288388074,0.633702545891,0.64096251152)
  );
#33 = B_SPLINE_CURVE_WITH_KNOTS('',1,(#34,#35),.UNSPECIFIED.,.F.,.F.,(2,
    2),(-6.528872444851E-02,0.),.PIECEWISE_BEZIER_KNOTS.);
#34 = CARTESIAN_POINT('',(-0.321288388074,0.633702545891,0.64096251152)
  );
#35 = CARTESIAN_POINT('',(-0.298483098139,0.625188454371,0.701543420532)
  );
#36 = ORIENTED_EDGE('',*,*,#37,.F.);
#37 = EDGE_CURVE('',#38,#31,#40,.T.);
#38 = VERTEX_POINT('',#39);
#39 = CARTESIAN_POINT('',(-0.312585833188,0.633693955901,0.641023632474)
  );
#40 = B_SPLINE_CURVE_WITH_KNOTS('',1,(#41,#42),.UNSPECIFIED.,.F.,.F.,(2,
    2),(-8.70277375922E-03,0.),.PIECEWISE_BEZIER_KNOTS.);
#41 = CARTESIAN_POINT('',(-0.312585833188,0.633693955901,0.641023632474)
  );
#42 = CARTESIAN_POINT('',(-0.321288388074,0.633702545891,0.64096251152)
  );
#43 = ORIENTED_EDGE('',*,*,#44,.F.);
#44 = EDGE_CURVE('',#45,#38,#47,.T.);
#45 = VERTEX_POINT('',#46);
#46 = CARTESIAN_POINT('',(-0.306481393652,0.631365335356,0.657592628597)
  );
#47 = B_SPLINE_CURVE_WITH_KNOTS('',1,(#48,#49),.UNSPECIFIED.,.F.,.F.,(2,
    2),(-1.781062290361E-02,0.),.PIECEWISE_BEZIER_KNOTS.);
#48 = CARTESIAN_POINT('',(-0.306481393652,0.631365335356,0.657592628597)
  );
#49 = CARTESIAN_POINT('',(-0.312585833188,0.633693955901,0.641023632474)
  );
#50 = ORIENTED_EDGE('',*,*,#51,.F.);
#51 = EDGE_CURVE('',#52,#45,#54,.T.);
#52 = VERTEX_POINT('',#53);
#53 = CARTESIAN_POINT('',(-0.281075547935,0.631340258127,0.657771062351)
  );
#54 = B_SPLINE_CURVE_WITH_KNOTS('',1,(#55,#56),.UNSPECIFIED.,.F.,.F.,(2,
    2),(-2.540648468536E-02,0.),.PIECEWISE_BEZIER_KNOTS.);
#55 = CARTESIAN_POINT('',(-0.281075547935,0.631340258127,0.657771062351)
  );
#56 = CARTESIAN_POINT('',(-0.306481393652,0.631365335356,0.657592628597)
  );
#57 = ORIENTED_EDGE('',*,*,#58,.F.);
#58 = EDGE_CURVE('',#59,#52,#61,.T.);
#59 = VERTEX_POINT('',#60);
#60 = CARTESIAN_POINT('',(-0.275093105684,0.633656948131,0.641286956443)
  );
#61 = B_SPLINE_CURVE_WITH_KNOTS('',1,(#62,#63),.UNSPECIFIED.,.F.,.F.,(2,
    2),(-1.768848256523E-02,0.),.PIECEWISE_BEZIER_KNOTS.);
#62 = CARTESIAN_POINT('',(-0.275093105684,0.633656948131,0.641286956443)
  );
#63 = CARTESIAN_POINT('',(-0.281075547935,0.631340258127,0.657771062351)
  );
#64 = ORIENTED_EDGE('',*,*,#65,.F.);
#65 = EDGE_CURVE('',#66,#59,#68,.T.);
#66 = VERTEX_POINT('',#67);
#67 = CARTESIAN_POINT('',(-0.266390550797,0.633648358141,0.641348077397)
  );
#68 = B_SPLINE_CURVE_WITH_KNOTS('',1,(#69,#70),.UNSPECIFIED.,.F.,.F.,(2,
    2),(-8.702773759636E-03,0.),.PIECEWISE_BEZIER_KNOTS.);
#69 = CARTESIAN_POINT('',(-0.266390550797,0.633648358141,0.641348077397)
  );
#70 = CARTESIAN_POINT('',(-0.275093105684,0.633656948131,0.641286956443)
  );
#71 = ORIENTED_EDGE('',*,*,#72,.F.);
#72 = EDGE_CURVE('',#24,#66,#73,.T.);
#73 = B_SPLINE_CURVE_WITH_KNOTS('',1,(#74,#75),.UNSPECIFIED.,.F.,.F.,(2,
    2),(-6.528872444865E-02,0.),.PIECEWISE_BEZIER_KNOTS.);
#74 = CARTESIAN_POINT('',(-0.290061270829,0.625180141478,0.701602569843)
  );
#75 = CARTESIAN_POINT('',(-0.266390550797,0.633648358141,0.641348077397)
  );
#76 = FACE_BOUND('',#77,.T.);
#77 = EDGE_LOOP('',(#78,#87,#94,#101,#108,#115,#122,#129,#136,#143,#150,
    #157));
#78 = ORIENTED_EDGE('',*,*,#79,.F.);
#79 = EDGE_CURVE('',#80,#82,#84,.T.);
#80 = VERTEX_POINT('',#81);
#81 = CARTESIAN_POINT('',(-0.20185694517,0.632616549539,0.648689777079)
  );
#82 = VERTEX_POINT('',#83);
#83 = CARTESIAN_POINT('',(-0.176918978749,0.632591934138,0.648864924761)
  );
#84 = B_SPLINE_CURVE_WITH_KNOTS('',1,(#85,#86),.UNSPECIFIED.,.F.,.F.,(2,
    2),(-2.493859362272E-02,0.),.PIECEWISE_BEZIER_KNOTS.);
#85 = CARTESIAN_POINT('',(-0.20185694517,0.632616549539,0.648689777079)
  );
#86 = CARTESIAN_POINT('',(-0.176918978749,0.632591934138,0.648864924761)
  );
#87 = ORIENTED_EDGE('',*,*,#88,.F.);
#88 = EDGE_CURVE('',#89,#80,#91,.T.);
#89 = VERTEX_POINT('',#90);
#90 = CARTESIAN_POINT('',(-0.201807612115,0.633584610563,0.641801664982)
  );
#91 = B_SPLINE_CURVE_WITH_KNOTS('',1,(#92,#93),.UNSPECIFIED.,.F.,.F.,(2,
    2),(-6.955980460136E-03,0.),.PIECEWISE_BEZIER_KNOTS.);
#92 = CARTESIAN_POINT('',(-0.201807612115,0.633584610563,0.641801664982)
  );
#93 = CARTESIAN_POINT('',(-0.20185694517,0.632616549539,0.648689777079)
  );
#94 = ORIENTED_EDGE('',*,*,#95,.F.);
#95 = EDGE_CURVE('',#96,#89,#98,.T.);
#96 = VERTEX_POINT('',#97);
#97 = CARTESIAN_POINT('',(-0.168993677561,0.633552221067,0.642032128222)
  );
#98 = B_SPLINE_CURVE_WITH_KNOTS('',1,(#99,#100),.UNSPECIFIED.,.F.,.F.,(2
    ,2),(-3.2814759839E-02,0.),.PIECEWISE_BEZIER_KNOTS.);
#99 = CARTESIAN_POINT('',(-0.168993677561,0.633552221067,0.642032128222)
  );
#100 = CARTESIAN_POINT('',(-0.201807612115,0.633584610563,0.641801664982
    ));
#101 = ORIENTED_EDGE('',*,*,#102,.F.);
#102 = EDGE_CURVE('',#103,#96,#105,.T.);
#103 = VERTEX_POINT('',#104);
#104 = CARTESIAN_POINT('',(-0.16942639261,0.625061066976,0.702449828951)
  );
#105 = B_SPLINE_CURVE_WITH_KNOTS('',1,(#106,#107),.UNSPECIFIED.,.F.,.F.,
  (2,2),(-6.10129945294E-02,-1.09742228533E-16),
  .PIECEWISE_BEZIER_KNOTS.);
#106 = CARTESIAN_POINT('',(-0.16942639261,0.625061066976,0.702449828951)
  );
#107 = CARTESIAN_POINT('',(-0.168993677561,0.633552221067,0.642032128222
    ));
#108 = ORIENTED_EDGE('',*,*,#109,.F.);
#109 = EDGE_CURVE('',#110,#103,#112,.T.);
#110 = VERTEX_POINT('',#111);
#111 = CARTESIAN_POINT('',(-0.200852285255,0.625092086384,0.702229114393
    ));
#112 = B_SPLINE_CURVE_WITH_KNOTS('',1,(#113,#114),.UNSPECIFIED.,.F.,.F.,
  (2,2),(-3.142668302063E-02,0.),.PIECEWISE_BEZIER_KNOTS.);
#113 = CARTESIAN_POINT('',(-0.200852285255,0.625092086384,0.702229114393
    ));
#114 = CARTESIAN_POINT('',(-0.16942639261,0.625061066976,0.702449828951)
  );
#115 = ORIENTED_EDGE('',*,*,#116,.F.);
#116 = EDGE_CURVE('',#117,#110,#119,.T.);
#117 = VERTEX_POINT('',#118);
#118 = CARTESIAN_POINT('',(-0.200802509751,0.626068829569,0.695279225506
    ));
#119 = B_SPLINE_CURVE_WITH_KNOTS('',1,(#120,#121),.UNSPECIFIED.,.F.,.F.,
  (2,2),(-7.018365935043E-03,0.),.PIECEWISE_BEZIER_KNOTS.);
#120 = CARTESIAN_POINT('',(-0.200802509751,0.626068829569,0.695279225506
    ));
#121 = CARTESIAN_POINT('',(-0.200852285255,0.625092086384,0.702229114393
    ));
#122 = ORIENTED_EDGE('',*,*,#123,.F.);
#123 = EDGE_CURVE('',#124,#117,#126,.T.);
#124 = VERTEX_POINT('',#125);
#125 = CARTESIAN_POINT('',(-0.177252585238,0.626045584256,0.695444624504
    ));
#126 = B_SPLINE_CURVE_WITH_KNOTS('',1,(#127,#128),.UNSPECIFIED.,.F.,.F.,
  (2,2),(-2.355051680436E-02,0.),.PIECEWISE_BEZIER_KNOTS.);
#127 = CARTESIAN_POINT('',(-0.177252585238,0.626045584256,0.695444624504
    ));
#128 = CARTESIAN_POINT('',(-0.200802509751,0.626068829569,0.695279225506
    ));
#129 = ORIENTED_EDGE('',*,*,#130,.F.);
#130 = EDGE_CURVE('',#131,#124,#133,.T.);
#131 = VERTEX_POINT('',#132);
#132 = CARTESIAN_POINT('',(-0.177114098725,0.628763100851,0.676108489199
    ));
#133 = B_SPLINE_CURVE_WITH_KNOTS('',1,(#134,#135),.UNSPECIFIED.,.F.,.F.,
  (2,2),(-1.952665366864E-02,0.),.PIECEWISE_BEZIER_KNOTS.);
#134 = CARTESIAN_POINT('',(-0.177114098725,0.628763100851,0.676108489199
    ));
#135 = CARTESIAN_POINT('',(-0.177252585238,0.626045584256,0.695444624504
    ));
#136 = ORIENTED_EDGE('',*,*,#137,.F.);
#137 = EDGE_CURVE('',#138,#131,#140,.T.);
#138 = VERTEX_POINT('',#139);
#139 = CARTESIAN_POINT('',(-0.198932869846,0.628784637403,0.67595524867)
  );
#140 = B_SPLINE_CURVE_WITH_KNOTS('',1,(#141,#142),.UNSPECIFIED.,.F.,.F.,
  (2,2),(-2.181931987358E-02,0.),.PIECEWISE_BEZIER_KNOTS.);
#141 = CARTESIAN_POINT('',(-0.198932869846,0.628784637403,0.67595524867)
  );
#142 = CARTESIAN_POINT('',(-0.177114098725,0.628763100851,0.676108489199
    ));
#143 = ORIENTED_EDGE('',*,*,#144,.F.);
#144 = EDGE_CURVE('',#145,#138,#147,.T.);
#145 = VERTEX_POINT('',#146);
#146 = CARTESIAN_POINT('',(-0.198883315567,0.629757039508,0.669036248178
    ));
#147 = B_SPLINE_CURVE_WITH_KNOTS('',1,(#148,#149),.UNSPECIFIED.,.F.,.F.,
  (2,2),(-6.987173197589E-03,0.),.PIECEWISE_BEZIER_KNOTS.);
#148 = CARTESIAN_POINT('',(-0.198883315567,0.629757039508,0.669036248178
    ));
#149 = CARTESIAN_POINT('',(-0.198932869846,0.628784637403,0.67595524867)
  );
#150 = ORIENTED_EDGE('',*,*,#151,.F.);
#151 = EDGE_CURVE('',#152,#145,#154,.T.);
#152 = VERTEX_POINT('',#153);
#153 = CARTESIAN_POINT('',(-0.177064544445,0.629735502956,0.669189488707
    ));
#154 = B_SPLINE_CURVE_WITH_KNOTS('',1,(#155,#156),.UNSPECIFIED.,.F.,.F.,
  (2,2),(-2.181931987358E-02,0.),.PIECEWISE_BEZIER_KNOTS.);
#155 = CARTESIAN_POINT('',(-0.177064544445,0.629735502956,0.669189488707
    ));
#156 = CARTESIAN_POINT('',(-0.198883315567,0.629757039508,0.669036248178
    ));
#157 = ORIENTED_EDGE('',*,*,#158,.F.);
#158 = EDGE_CURVE('',#82,#152,#159,.T.);
#159 = B_SPLINE_CURVE_WITH_KNOTS('',1,(#160,#161),.UNSPECIFIED.,.F.,.F.,
  (2,2),(-2.052482126799E-02,0.),.PIECEWISE_BEZIER_KNOTS.);
#160 = CARTESIAN_POINT('',(-0.176918978749,0.632591934138,0.648864924761
    ));
#161 = CARTESIAN_POINT('',(-0.177064544445,0.629735502956,0.669189488707
    ));
#162 = FACE_BOUND('',#163,.T.);
#163 = EDGE_LOOP('',(#164,#173,#180,#187,#196,#205,#212,#221,#230,#237,
    #244,#251,#258,#265,#272));
#164 = ORIENTED_EDGE('',*,*,#165,.F.);
#165 = EDGE_CURVE('',#166,#168,#170,.T.);
#166 = VERTEX_POINT('',#167);
#167 = CARTESIAN_POINT('',(-0.153145296483,0.627471782716,0.685296695163
    ));
#168 = VERTEX_POINT('',#169);
#169 = CARTESIAN_POINT('',(-0.141012838279,0.632026853932,0.65288567935)
  );
#170 = B_SPLINE_CURVE_WITH_KNOTS('',1,(#171,#172),.UNSPECIFIED.,.F.,.F.,
  (2,2),(-3.490586142583E-02,1.030871450736E-16),
  .PIECEWISE_BEZIER_KNOTS.);
#171 = CARTESIAN_POINT('',(-0.153145296483,0.627471782716,0.685296695163
    ));
#172 = CARTESIAN_POINT('',(-0.141012838279,0.632026853932,0.65288567935)
  );
#173 = ORIENTED_EDGE('',*,*,#174,.F.);
#174 = EDGE_CURVE('',#175,#166,#177,.T.);
#175 = VERTEX_POINT('',#176);
#176 = CARTESIAN_POINT('',(-0.161068052544,0.627479602993,0.685241050996
    ));
#177 = B_SPLINE_CURVE_WITH_KNOTS('',1,(#178,#179),.UNSPECIFIED.,.F.,.F.,
  (2,2),(-7.922955322041E-03,0.),.PIECEWISE_BEZIER_KNOTS.);
#178 = CARTESIAN_POINT('',(-0.161068052544,0.627479602993,0.685241050996
    ));
#179 = CARTESIAN_POINT('',(-0.153145296483,0.627471782716,0.685296695163
    ));
#180 = ORIENTED_EDGE('',*,*,#181,.F.);
#181 = EDGE_CURVE('',#182,#175,#184,.T.);
#182 = VERTEX_POINT('',#183);
#183 = CARTESIAN_POINT('',(-0.140936625408,0.634440541053,0.635711403092
    ));
#184 = B_SPLINE_CURVE_WITH_KNOTS('',1,(#185,#186),.UNSPECIFIED.,.F.,.F.,
  (2,2),(-5.39158143662E-02,0.),.PIECEWISE_BEZIER_KNOTS.);
#185 = CARTESIAN_POINT('',(-0.140936625408,0.634440541053,0.635711403092
    ));
#186 = CARTESIAN_POINT('',(-0.161068052544,0.627479602993,0.685241050996
    ));
#187 = ORIENTED_EDGE('',*,*,#188,.F.);
#188 = EDGE_CURVE('',#189,#182,#191,.T.);
#189 = VERTEX_POINT('',#190);
#190 = CARTESIAN_POINT('',(-0.125288549503,0.636365656116,0.622013497655
    ));
#191 = B_SPLINE_CURVE_WITH_KNOTS('',3,(#192,#193,#194,#195),
  .UNSPECIFIED.,.F.,.F.,(4,4),(1.,2.),.PIECEWISE_BEZIER_KNOTS.);
#192 = CARTESIAN_POINT('',(-0.125288549503,0.636365656116,0.622013497655
    ));
#193 = CARTESIAN_POINT('',(-0.131979223421,0.636372260248,0.621966506814
    ));
#194 = CARTESIAN_POINT('',(-0.137190050064,0.635730550096,0.626532511804
    ));
#195 = CARTESIAN_POINT('',(-0.140936625408,0.634440541053,0.635711403092
    ));
#196 = ORIENTED_EDGE('',*,*,#197,.F.);
#197 = EDGE_CURVE('',#198,#189,#200,.T.);
#198 = VERTEX_POINT('',#199);
#199 = CARTESIAN_POINT('',(-0.120364645419,0.636273969918,0.622665878856
    ));
#200 = B_SPLINE_CURVE_WITH_KNOTS('',3,(#201,#202,#203,#204),
  .UNSPECIFIED.,.F.,.F.,(4,4),(2.,3.),.PIECEWISE_BEZIER_KNOTS.);
#201 = CARTESIAN_POINT('',(-0.120364645419,0.636273969918,0.622665878856
    ));
#202 = CARTESIAN_POINT('',(-0.121718619456,0.636331743268,0.62225480011)
  );
#203 = CARTESIAN_POINT('',(-0.123370244394,0.636363762624,0.622026970553
    ));
#204 = CARTESIAN_POINT('',(-0.125288549503,0.636365656116,0.622013497655
    ));
#205 = ORIENTED_EDGE('',*,*,#206,.F.);
#206 = EDGE_CURVE('',#207,#198,#209,.T.);
#207 = VERTEX_POINT('',#208);
#208 = CARTESIAN_POINT('',(-0.120412872352,0.635327614298,0.629399548979
    ));
#209 = B_SPLINE_CURVE_WITH_KNOTS('',1,(#210,#211),.UNSPECIFIED.,.F.,.F.,
  (2,2),(-6.800016772865E-03,-1.574620075702E-17),
  .PIECEWISE_BEZIER_KNOTS.);
#210 = CARTESIAN_POINT('',(-0.120412872352,0.635327614298,0.629399548979
    ));
#211 = CARTESIAN_POINT('',(-0.120364645419,0.636273969918,0.622665878856
    ));
#212 = ORIENTED_EDGE('',*,*,#213,.F.);
#213 = EDGE_CURVE('',#214,#207,#216,.T.);
#214 = VERTEX_POINT('',#215);
#215 = CARTESIAN_POINT('',(-0.124742359533,0.635453444162,0.628504222975
    ));
#216 = B_SPLINE_CURVE_WITH_KNOTS('',3,(#217,#218,#219,#220),
  .UNSPECIFIED.,.F.,.F.,(4,4),(4.,5.),.PIECEWISE_BEZIER_KNOTS.);
#217 = CARTESIAN_POINT('',(-0.124742359533,0.635453444162,0.628504222975
    ));
#218 = CARTESIAN_POINT('',(-0.123338721649,0.63545205868,0.628514081194)
  );
#219 = CARTESIAN_POINT('',(-0.121905882831,0.635411572681,0.628802154039
    ));
#220 = CARTESIAN_POINT('',(-0.120412872352,0.635327614298,0.629399548979
    ));
#221 = ORIENTED_EDGE('',*,*,#222,.F.);
#222 = EDGE_CURVE('',#223,#214,#225,.T.);
#223 = VERTEX_POINT('',#224);
#224 = CARTESIAN_POINT('',(-0.132615120955,0.634605979152,0.63453424985)
  );
#225 = B_SPLINE_CURVE_WITH_KNOTS('',3,(#226,#227,#228,#229),
  .UNSPECIFIED.,.F.,.F.,(4,4),(5.,6.),.PIECEWISE_BEZIER_KNOTS.);
#226 = CARTESIAN_POINT('',(-0.132615120955,0.634605979152,0.63453424985)
  );
#227 = CARTESIAN_POINT('',(-0.130854765935,0.635177293059,0.630469140172
    ));
#228 = CARTESIAN_POINT('',(-0.128235858269,0.635456892473,0.628479686965
    ));
#229 = CARTESIAN_POINT('',(-0.124742359533,0.635453444162,0.628504222975
    ));
#230 = ORIENTED_EDGE('',*,*,#231,.F.);
#231 = EDGE_CURVE('',#232,#223,#234,.T.);
#232 = VERTEX_POINT('',#233);
#233 = CARTESIAN_POINT('',(-0.136024446916,0.633506654386,0.642356352005
    ));
#234 = B_SPLINE_CURVE_WITH_KNOTS('',1,(#235,#236),.UNSPECIFIED.,.F.,.F.,
  (2,2),(-8.603330784243E-03,-1.099897317431E-17),
  .PIECEWISE_BEZIER_KNOTS.);
#235 = CARTESIAN_POINT('',(-0.136024446916,0.633506654386,0.642356352005
    ));
#236 = CARTESIAN_POINT('',(-0.132615120955,0.634605979152,0.63453424985)
  );
#237 = ORIENTED_EDGE('',*,*,#238,.F.);
#238 = EDGE_CURVE('',#239,#232,#241,.T.);
#239 = VERTEX_POINT('',#240);
#240 = CARTESIAN_POINT('',(-0.119239643574,0.627438315622,0.685534825906
    ));
#241 = B_SPLINE_CURVE_WITH_KNOTS('',1,(#242,#243),.UNSPECIFIED.,.F.,.F.,
  (2,2),(-4.672188959154E-02,0.),.PIECEWISE_BEZIER_KNOTS.);
#242 = CARTESIAN_POINT('',(-0.119239643574,0.627438315622,0.685534825906
    ));
#243 = CARTESIAN_POINT('',(-0.136024446916,0.633506654386,0.642356352005
    ));
#244 = ORIENTED_EDGE('',*,*,#245,.F.);
#245 = EDGE_CURVE('',#246,#239,#248,.T.);
#246 = VERTEX_POINT('',#247);
#247 = CARTESIAN_POINT('',(-0.127786238695,0.62744675167,0.68547480031)
  );
#248 = B_SPLINE_CURVE_WITH_KNOTS('',1,(#249,#250),.UNSPECIFIED.,.F.,.F.,
  (2,2),(-8.546810072159E-03,0.),.PIECEWISE_BEZIER_KNOTS.);
#249 = CARTESIAN_POINT('',(-0.127786238695,0.62744675167,0.68547480031)
  );
#250 = CARTESIAN_POINT('',(-0.119239643574,0.627438315622,0.685534825906
    ));
#251 = ORIENTED_EDGE('',*,*,#252,.F.);
#252 = EDGE_CURVE('',#253,#246,#255,.T.);
#253 = VERTEX_POINT('',#254);
#254 = CARTESIAN_POINT('',(-0.138939015854,0.632016124335,0.652962024396
    ));
#255 = B_SPLINE_CURVE_WITH_KNOTS('',1,(#256,#257),.UNSPECIFIED.,.F.,.F.,
  (2,2),(-3.467483529186E-02,0.),.PIECEWISE_BEZIER_KNOTS.);
#256 = CARTESIAN_POINT('',(-0.138939015854,0.632016124335,0.652962024396
    ));
#257 = CARTESIAN_POINT('',(-0.127786238695,0.62744675167,0.68547480031)
  );
#258 = ORIENTED_EDGE('',*,*,#259,.F.);
#259 = EDGE_CURVE('',#260,#253,#262,.T.);
#260 = VERTEX_POINT('',#261);
#261 = CARTESIAN_POINT('',(-0.139849333631,0.632516272285,0.649403286819
    ));
#262 = B_SPLINE_CURVE_WITH_KNOTS('',1,(#263,#264),.UNSPECIFIED.,.F.,.F.,
  (2,2),(-3.707214529686E-03,0.),.PIECEWISE_BEZIER_KNOTS.);
#263 = CARTESIAN_POINT('',(-0.139849333631,0.632516272285,0.649403286819
    ));
#264 = CARTESIAN_POINT('',(-0.138939015854,0.632016124335,0.652962024396
    ));
#265 = ORIENTED_EDGE('',*,*,#266,.F.);
#266 = EDGE_CURVE('',#267,#260,#269,.T.);
#267 = VERTEX_POINT('',#268);
#268 = CARTESIAN_POINT('',(-0.140052081325,0.63251647241,0.649401862854)
  );
#269 = B_SPLINE_CURVE_WITH_KNOTS('',1,(#270,#271),.UNSPECIFIED.,.F.,.F.,
  (2,2),(-2.027527934504E-04,0.),.PIECEWISE_BEZIER_KNOTS.);
#270 = CARTESIAN_POINT('',(-0.140052081325,0.63251647241,0.649401862854)
  );
#271 = CARTESIAN_POINT('',(-0.139849333631,0.632516272285,0.649403286819
    ));
#272 = ORIENTED_EDGE('',*,*,#273,.F.);
#273 = EDGE_CURVE('',#168,#267,#274,.T.);
#274 = B_SPLINE_CURVE_WITH_KNOTS('',3,(#275,#276,#277,#278),
  .UNSPECIFIED.,.F.,.F.,(4,4),(12.,13.),.PIECEWISE_BEZIER_KNOTS.);
#275 = CARTESIAN_POINT('',(-0.141012838279,0.632026853932,0.65288567935)
  );
#276 = CARTESIAN_POINT('',(-0.140534118986,0.632239105065,0.651375434065
    ));
#277 = CARTESIAN_POINT('',(-0.140213792926,0.632403758251,0.650203865768
    ));
#278 = CARTESIAN_POINT('',(-0.140052081325,0.63251647241,0.649401862854)
  );
#279 = FACE_BOUND('',#280,.T.);
#280 = EDGE_LOOP('',(#281,#290,#299,#308,#317,#326,#335,#344,#353,#362,
    #371,#378,#387,#396,#405,#414,#423,#432,#441,#450,#459));
#281 = ORIENTED_EDGE('',*,*,#282,.F.);
#282 = EDGE_CURVE('',#283,#285,#287,.T.);
#283 = VERTEX_POINT('',#284);
#284 = CARTESIAN_POINT('',(-8.559082112641E-02,0.632158824647,
    0.65194665892));
#285 = VERTEX_POINT('',#286);
#286 = CARTESIAN_POINT('',(-8.55348513374E-02,0.633257118095,
    0.644131894971));
#287 = B_SPLINE_CURVE_WITH_KNOTS('',1,(#288,#289),.UNSPECIFIED.,.F.,.F.,
  (2,2),(-7.891762584584E-03,0.),.PIECEWISE_BEZIER_KNOTS.);
#288 = CARTESIAN_POINT('',(-8.559082112641E-02,0.632158824647,
    0.65194665892));
#289 = CARTESIAN_POINT('',(-8.55348513374E-02,0.633257118095,
    0.644131894971));
#290 = ORIENTED_EDGE('',*,*,#291,.F.);
#291 = EDGE_CURVE('',#292,#283,#294,.T.);
#292 = VERTEX_POINT('',#293);
#293 = CARTESIAN_POINT('',(-9.813131288217E-02,0.632757278321,
    0.647688439764));
#294 = B_SPLINE_CURVE_WITH_KNOTS('',3,(#295,#296,#297,#298),
  .UNSPECIFIED.,.F.,.F.,(4,4),(0.,1.),.PIECEWISE_BEZIER_KNOTS.);
#295 = CARTESIAN_POINT('',(-9.813131288217E-02,0.632757278321,
    0.647688439764));
#296 = CARTESIAN_POINT('',(-9.363967165039E-02,0.632752844778,
    0.647719986063));
#297 = CARTESIAN_POINT('',(-8.946990504946E-02,0.632553370483,
    0.649139319425));
#298 = CARTESIAN_POINT('',(-8.559082112641E-02,0.632158824647,
    0.65194665892));
#299 = ORIENTED_EDGE('',*,*,#300,.F.);
#300 = EDGE_CURVE('',#301,#292,#303,.T.);
#301 = VERTEX_POINT('',#302);
#302 = CARTESIAN_POINT('',(-0.107187598722,0.631945711921,0.65346303476)
  );
#303 = B_SPLINE_CURVE_WITH_KNOTS('',3,(#304,#305,#306,#307),
  .UNSPECIFIED.,.F.,.F.,(4,4),(1.,2.),.PIECEWISE_BEZIER_KNOTS.);
#304 = CARTESIAN_POINT('',(-0.107187598722,0.631945711921,0.65346303476)
  );
#305 = CARTESIAN_POINT('',(-0.10715972444,0.632492688104,0.649571096983)
  );
#306 = CARTESIAN_POINT('',(-0.104135763834,0.632763205106,0.647646268496
    ));
#307 = CARTESIAN_POINT('',(-9.813131288217E-02,0.632757278321,
    0.647688439764));
#308 = ORIENTED_EDGE('',*,*,#309,.F.);
#309 = EDGE_CURVE('',#310,#301,#312,.T.);
#310 = VERTEX_POINT('',#311);
#311 = CARTESIAN_POINT('',(-0.105251928537,0.631366408496,0.657584992808
    ));
#312 = B_SPLINE_CURVE_WITH_KNOTS('',3,(#313,#314,#315,#316),
  .UNSPECIFIED.,.F.,.F.,(4,4),(2.,3.),.PIECEWISE_BEZIER_KNOTS.);
#313 = CARTESIAN_POINT('',(-0.105251928537,0.631366408496,0.657584992808
    ));
#314 = CARTESIAN_POINT('',(-0.106554247706,0.631519639441,0.656494697977
    ));
#315 = CARTESIAN_POINT('',(-0.107199544843,0.631711293556,0.655131008093
    ));
#316 = CARTESIAN_POINT('',(-0.107187598722,0.631945711921,0.65346303476)
  );
#317 = ORIENTED_EDGE('',*,*,#318,.F.);
#318 = EDGE_CURVE('',#319,#310,#321,.T.);
#319 = VERTEX_POINT('',#320);
#320 = CARTESIAN_POINT('',(-9.727884565051E-02,0.630815876144,
    0.661502234035));
#321 = B_SPLINE_CURVE_WITH_KNOTS('',3,(#322,#323,#324,#325),
  .UNSPECIFIED.,.F.,.F.,(4,4),(3.,4.),.PIECEWISE_BEZIER_KNOTS.);
#322 = CARTESIAN_POINT('',(-9.727884565051E-02,0.630815876144,
    0.661502234035));
#323 = CARTESIAN_POINT('',(-0.101291988813,0.631028219739,0.659991330847
    ));
#324 = CARTESIAN_POINT('',(-0.103949609367,0.63121317755,0.658675287639)
  );
#325 = CARTESIAN_POINT('',(-0.105251928537,0.631366408496,0.657584992808
    ));
#326 = ORIENTED_EDGE('',*,*,#327,.F.);
#327 = EDGE_CURVE('',#328,#319,#330,.T.);
#328 = VERTEX_POINT('',#329);
#329 = CARTESIAN_POINT('',(-8.79153983471E-02,0.630003493461,
    0.667282637184));
#330 = B_SPLINE_CURVE_WITH_KNOTS('',3,(#331,#332,#333,#334),
  .UNSPECIFIED.,.F.,.F.,(4,4),(4.,5.),.PIECEWISE_BEZIER_KNOTS.);
#331 = CARTESIAN_POINT('',(-8.79153983471E-02,0.630003493461,
    0.667282637184));
#332 = CARTESIAN_POINT('',(-8.933673349282E-02,0.630269715662,
    0.665388367796));
#333 = CARTESIAN_POINT('',(-9.247340482888E-02,0.630541972311,
    0.663451161079));
#334 = CARTESIAN_POINT('',(-9.727884565051E-02,0.630815876144,
    0.661502234035));
#335 = ORIENTED_EDGE('',*,*,#336,.F.);
#336 = EDGE_CURVE('',#337,#328,#339,.T.);
#337 = VERTEX_POINT('',#338);
#338 = CARTESIAN_POINT('',(-8.579644821992E-02,0.629041974798,
    0.674124197962));
#339 = B_SPLINE_CURVE_WITH_KNOTS('',3,(#340,#341,#342,#343),
  .UNSPECIFIED.,.F.,.F.,(4,4),(5.,6.),.PIECEWISE_BEZIER_KNOTS.);
#340 = CARTESIAN_POINT('',(-8.579644821992E-02,0.629041974798,
    0.674124197962));
#341 = CARTESIAN_POINT('',(-8.577742291615E-02,0.629415307749,
    0.671467795987));
#342 = CARTESIAN_POINT('',(-8.647846722489E-02,0.629737255865,
    0.669177016108));
#343 = CARTESIAN_POINT('',(-8.79153983471E-02,0.630003493461,
    0.667282637184));
#344 = ORIENTED_EDGE('',*,*,#345,.F.);
#345 = EDGE_CURVE('',#346,#337,#348,.T.);
#346 = VERTEX_POINT('',#347);
#347 = CARTESIAN_POINT('',(-9.075950973046E-02,0.627753166506,
    0.68329454546));
#348 = B_SPLINE_CURVE_WITH_KNOTS('',3,(#349,#350,#351,#352),
  .UNSPECIFIED.,.F.,.F.,(4,4),(6.,7.),.PIECEWISE_BEZIER_KNOTS.);
#349 = CARTESIAN_POINT('',(-9.075950973046E-02,0.627753166506,
    0.68329454546));
#350 = CARTESIAN_POINT('',(-8.748335880746E-02,0.62807553017,
    0.681000808805));
#351 = CARTESIAN_POINT('',(-8.582388005327E-02,0.628503680776,
    0.677954358949));
#352 = CARTESIAN_POINT('',(-8.579644821992E-02,0.629041974798,
    0.674124197962));
#353 = ORIENTED_EDGE('',*,*,#354,.F.);
#354 = EDGE_CURVE('',#355,#346,#357,.T.);
#355 = VERTEX_POINT('',#356);
#356 = CARTESIAN_POINT('',(-0.102855351456,0.627283221682,0.686638376633
    ));
#357 = B_SPLINE_CURVE_WITH_KNOTS('',3,(#358,#359,#360,#361),
  .UNSPECIFIED.,.F.,.F.,(4,4),(7.,8.),.PIECEWISE_BEZIER_KNOTS.);
#358 = CARTESIAN_POINT('',(-0.102855351456,0.627283221682,0.686638376633
    ));
#359 = CARTESIAN_POINT('',(-9.808298264732E-02,0.627278511043,
    0.686671894575));
#360 = CARTESIAN_POINT('',(-9.405103540548E-02,0.627435159317,
    0.685557284185));
#361 = CARTESIAN_POINT('',(-9.075950973046E-02,0.627753166506,
    0.68329454546));
#362 = ORIENTED_EDGE('',*,*,#363,.F.);
#363 = EDGE_CURVE('',#364,#355,#366,.T.);
#364 = VERTEX_POINT('',#365);
#365 = CARTESIAN_POINT('',(-0.113166171982,0.627562559685,0.684650783465
    ));
#366 = B_SPLINE_CURVE_WITH_KNOTS('',3,(#367,#368,#369,#370),
  .UNSPECIFIED.,.F.,.F.,(4,4),(8.,9.),.PIECEWISE_BEZIER_KNOTS.);
#367 = CARTESIAN_POINT('',(-0.113166171982,0.627562559685,0.684650783465
    ));
#368 = CARTESIAN_POINT('',(-0.109993884203,0.627377093864,0.685970441353
    ));
#369 = CARTESIAN_POINT('',(-0.106567193863,0.627286885513,0.686612307122
    ));
#370 = CARTESIAN_POINT('',(-0.102855351456,0.627283221682,0.686638376633
    ));
#371 = ORIENTED_EDGE('',*,*,#372,.F.);
#372 = EDGE_CURVE('',#373,#364,#375,.T.);
#373 = VERTEX_POINT('',#374);
#374 = CARTESIAN_POINT('',(-0.11311352056,0.628595736921,0.677299345442)
  );
#375 = B_SPLINE_CURVE_WITH_KNOTS('',1,(#376,#377),.UNSPECIFIED.,.F.,.F.,
  (2,2),(-7.423871522359E-03,0.),.PIECEWISE_BEZIER_KNOTS.);
#376 = CARTESIAN_POINT('',(-0.11311352056,0.628595736921,0.677299345442)
  );
#377 = CARTESIAN_POINT('',(-0.113166171982,0.627562559685,0.684650783465
    ));
#378 = ORIENTED_EDGE('',*,*,#379,.F.);
#379 = EDGE_CURVE('',#380,#373,#382,.T.);
#380 = VERTEX_POINT('',#381);
#381 = CARTESIAN_POINT('',(-0.102062720916,0.628146357842,0.680496843733
    ));
#382 = B_SPLINE_CURVE_WITH_KNOTS('',3,(#383,#384,#385,#386),
  .UNSPECIFIED.,.F.,.F.,(4,4),(10.,11.),.PIECEWISE_BEZIER_KNOTS.);
#383 = CARTESIAN_POINT('',(-0.102062720916,0.628146357842,0.680496843733
    ));
#384 = CARTESIAN_POINT('',(-0.106195654688,0.628150437318,0.680467816757
    ));
#385 = CARTESIAN_POINT('',(-0.10986878351,0.628301667108,0.679391760885)
  );
#386 = CARTESIAN_POINT('',(-0.11311352056,0.628595736921,0.677299345442)
  );
#387 = ORIENTED_EDGE('',*,*,#388,.F.);
#388 = EDGE_CURVE('',#389,#380,#391,.T.);
#389 = VERTEX_POINT('',#390);
#390 = CARTESIAN_POINT('',(-9.603117031535E-02,0.628366151866,
    0.678932927994));
#391 = B_SPLINE_CURVE_WITH_KNOTS('',3,(#392,#393,#394,#395),
  .UNSPECIFIED.,.F.,.F.,(4,4),(11.,12.),.PIECEWISE_BEZIER_KNOTS.);
#392 = CARTESIAN_POINT('',(-9.603117031535E-02,0.628366151866,
    0.678932927994));
#393 = CARTESIAN_POINT('',(-9.758291484484E-02,0.628215738067,
    0.68000317778));
#394 = CARTESIAN_POINT('',(-9.959855662927E-02,0.628143925551,
    0.680514150383));
#395 = CARTESIAN_POINT('',(-0.102062720916,0.628146357842,0.680496843733
    ));
#396 = ORIENTED_EDGE('',*,*,#397,.F.);
#397 = EDGE_CURVE('',#398,#389,#400,.T.);
#398 = VERTEX_POINT('',#399);
#399 = CARTESIAN_POINT('',(-9.367728329005E-02,0.628954245115,
    0.674748427095));
#400 = B_SPLINE_CURVE_WITH_KNOTS('',3,(#401,#402,#403,#404),
  .UNSPECIFIED.,.F.,.F.,(4,4),(12.,13.),.PIECEWISE_BEZIER_KNOTS.);
#401 = CARTESIAN_POINT('',(-9.367728329005E-02,0.628954245115,
    0.674748427095));
#402 = CARTESIAN_POINT('',(-9.368967185995E-02,0.628711144589,
    0.676478177217));
#403 = CARTESIAN_POINT('',(-9.447964701032E-02,0.628512224583,
    0.677893566602));
#404 = CARTESIAN_POINT('',(-9.603117031535E-02,0.628366151866,
    0.678932927994));
#405 = ORIENTED_EDGE('',*,*,#406,.F.);
#406 = EDGE_CURVE('',#407,#398,#409,.T.);
#407 = VERTEX_POINT('',#408);
#408 = CARTESIAN_POINT('',(-9.531729359529E-02,0.629520232806,
    0.670721215411));
#409 = B_SPLINE_CURVE_WITH_KNOTS('',3,(#410,#411,#412,#413),
  .UNSPECIFIED.,.F.,.F.,(4,4),(13.,14.),.PIECEWISE_BEZIER_KNOTS.);
#410 = CARTESIAN_POINT('',(-9.531729359529E-02,0.629520232806,
    0.670721215411));
#411 = CARTESIAN_POINT('',(-9.421683722221E-02,0.629384566309,
    0.671686532696));
#412 = CARTESIAN_POINT('',(-9.366489472015E-02,0.629197345641,
    0.673018676971));
#413 = CARTESIAN_POINT('',(-9.367728329005E-02,0.628954245115,
    0.674748427095));
#414 = ORIENTED_EDGE('',*,*,#415,.F.);
#415 = EDGE_CURVE('',#416,#407,#418,.T.);
#416 = VERTEX_POINT('',#417);
#417 = CARTESIAN_POINT('',(-0.102714431473,0.630048490167,0.666962468982
    ));
#418 = B_SPLINE_CURVE_WITH_KNOTS('',3,(#419,#420,#421,#422),
  .UNSPECIFIED.,.F.,.F.,(4,4),(14.,15.),.PIECEWISE_BEZIER_KNOTS.);
#419 = CARTESIAN_POINT('',(-0.102714431473,0.630048490167,0.666962468982
    ));
#420 = CARTESIAN_POINT('',(-9.888844002882E-02,0.629836331303,
    0.668472057742));
#421 = CARTESIAN_POINT('',(-9.643312472059E-02,0.629660255779,
    0.669724900194));
#422 = CARTESIAN_POINT('',(-9.531729359529E-02,0.629520232806,
    0.670721215411));
#423 = ORIENTED_EDGE('',*,*,#424,.F.);
#424 = EDGE_CURVE('',#425,#416,#427,.T.);
#425 = VERTEX_POINT('',#426);
#426 = CARTESIAN_POINT('',(-0.112531046993,0.63084395496,0.661302442876)
  );
#427 = B_SPLINE_CURVE_WITH_KNOTS('',3,(#428,#429,#430,#431),
  .UNSPECIFIED.,.F.,.F.,(4,4),(15.,16.),.PIECEWISE_BEZIER_KNOTS.);
#428 = CARTESIAN_POINT('',(-0.112531046993,0.63084395496,0.661302442876)
  );
#429 = CARTESIAN_POINT('',(-0.110829205495,0.630573114582,0.663229572303
    ));
#430 = CARTESIAN_POINT('',(-0.107567545122,0.63030507586,0.665136766911)
  );
#431 = CARTESIAN_POINT('',(-0.102714431473,0.630048490167,0.666962468982
    ));
#432 = ORIENTED_EDGE('',*,*,#433,.F.);
#433 = EDGE_CURVE('',#434,#425,#436,.T.);
#434 = VERTEX_POINT('',#435);
#435 = CARTESIAN_POINT('',(-0.115037684288,0.631849269287,0.654149259754
    ));
#436 = B_SPLINE_CURVE_WITH_KNOTS('',3,(#437,#438,#439,#440),
  .UNSPECIFIED.,.F.,.F.,(4,4),(16.,17.),.PIECEWISE_BEZIER_KNOTS.);
#437 = CARTESIAN_POINT('',(-0.115037684288,0.631849269287,0.654149259754
    ));
#438 = CARTESIAN_POINT('',(-0.115058036939,0.631449889851,0.656990992099
    ));
#439 = CARTESIAN_POINT('',(-0.114217292515,0.631114779944,0.659375422985
    ));
#440 = CARTESIAN_POINT('',(-0.112531046993,0.63084395496,0.661302442876)
  );
#441 = ORIENTED_EDGE('',*,*,#442,.F.);
#442 = EDGE_CURVE('',#443,#434,#445,.T.);
#443 = VERTEX_POINT('',#444);
#444 = CARTESIAN_POINT('',(-0.110058141903,0.633155426508,0.644855468211
    ));
#445 = B_SPLINE_CURVE_WITH_KNOTS('',3,(#446,#447,#448,#449),
  .UNSPECIFIED.,.F.,.F.,(4,4),(17.,18.),.PIECEWISE_BEZIER_KNOTS.);
#446 = CARTESIAN_POINT('',(-0.110058141903,0.633155426508,0.644855468211
    ));
#447 = CARTESIAN_POINT('',(-0.113349446354,0.6328417604,0.647087318541)
  );
#448 = CARTESIAN_POINT('',(-0.115009367557,0.632404927633,0.650195545187
    ));
#449 = CARTESIAN_POINT('',(-0.115037684288,0.631849269287,0.654149259754
    ));
#450 = ORIENTED_EDGE('',*,*,#451,.F.);
#451 = EDGE_CURVE('',#452,#443,#454,.T.);
#452 = VERTEX_POINT('',#453);
#453 = CARTESIAN_POINT('',(-9.733846111775E-02,0.633624755562,
    0.64151601847));
#454 = B_SPLINE_CURVE_WITH_KNOTS('',3,(#455,#456,#457,#458),
  .UNSPECIFIED.,.F.,.F.,(4,4),(18.,19.),.PIECEWISE_BEZIER_KNOTS.);
#455 = CARTESIAN_POINT('',(-9.733846111775E-02,0.633624755562,
    0.64151601847));
#456 = CARTESIAN_POINT('',(-0.102531921292,0.633629881846,0.641479543061
    ));
#457 = CARTESIAN_POINT('',(-0.106782212205,0.633473449091,0.642592619951
    ));
#458 = CARTESIAN_POINT('',(-0.110058141903,0.633155426508,0.644855468211
    ));
#459 = ORIENTED_EDGE('',*,*,#460,.F.);
#460 = EDGE_CURVE('',#285,#452,#461,.T.);
#461 = B_SPLINE_CURVE_WITH_KNOTS('',3,(#462,#463,#464,#465),
  .UNSPECIFIED.,.F.,.F.,(4,4),(19.,20.),.PIECEWISE_BEZIER_KNOTS.);
#462 = CARTESIAN_POINT('',(-8.55348513374E-02,0.633257118095,
    0.644131894971));
#463 = CARTESIAN_POINT('',(-8.889163614011E-02,0.633494861617,
    0.642440261913));
#464 = CARTESIAN_POINT('',(-9.2815627933E-02,0.63362029123,0.64154778384
    ));
#465 = CARTESIAN_POINT('',(-9.733846111775E-02,0.633624755562,
    0.64151601847));
#466 = FACE_BOUND('',#467,.T.);
#467 = EDGE_LOOP('',(#468,#477,#486,#495,#502,#509,#516,#523,#532,#541,
    #550,#559,#566,#575));
#468 = ORIENTED_EDGE('',*,*,#469,.F.);
#469 = EDGE_CURVE('',#470,#472,#474,.T.);
#470 = VERTEX_POINT('',#471);
#471 = CARTESIAN_POINT('',(-4.470038786407E-02,0.62779018783,
    0.683031125055));
#472 = VERTEX_POINT('',#473);
#473 = CARTESIAN_POINT('',(-4.464773644199E-02,0.628823365066,
    0.675679687032));
#474 = B_SPLINE_CURVE_WITH_KNOTS('',1,(#475,#476),.UNSPECIFIED.,.F.,.F.,
  (2,2),(-7.423871522778E-03,0.),.PIECEWISE_BEZIER_KNOTS.);
#475 = CARTESIAN_POINT('',(-4.470038786407E-02,0.62779018783,
    0.683031125055));
#476 = CARTESIAN_POINT('',(-4.464773644199E-02,0.628823365066,
    0.675679687032));
#477 = ORIENTED_EDGE('',*,*,#478,.F.);
#478 = EDGE_CURVE('',#479,#470,#481,.T.);
#479 = VERTEX_POINT('',#480);
#480 = CARTESIAN_POINT('',(-5.973247643637E-02,0.627240656589,
    0.686941243011));
#481 = B_SPLINE_CURVE_WITH_KNOTS('',3,(#482,#483,#484,#485),
  .UNSPECIFIED.,.F.,.F.,(4,4),(0.,1.),.PIECEWISE_BEZIER_KNOTS.);
#482 = CARTESIAN_POINT('',(-5.973247643637E-02,0.627240656589,
    0.686941243011));
#483 = CARTESIAN_POINT('',(-5.405554099077E-02,0.627235053083,
    0.686981114028));
#484 = CARTESIAN_POINT('',(-4.903971988259E-02,0.627416778005,
    0.685688074019));
#485 = CARTESIAN_POINT('',(-4.470038786407E-02,0.62779018783,
    0.683031125055));
#486 = ORIENTED_EDGE('',*,*,#487,.F.);
#487 = EDGE_CURVE('',#488,#479,#490,.T.);
#488 = VERTEX_POINT('',#489);
#489 = CARTESIAN_POINT('',(-7.536716373515E-02,0.629556977615,
    0.670459762513));
#490 = B_SPLINE_CURVE_WITH_KNOTS('',3,(#491,#492,#493,#494),
  .UNSPECIFIED.,.F.,.F.,(4,4),(1.,2.),.PIECEWISE_BEZIER_KNOTS.);
#491 = CARTESIAN_POINT('',(-7.536716373515E-02,0.629556977615,
    0.670459762513));
#492 = CARTESIAN_POINT('',(-7.544547719487E-02,0.628020235003,
    0.681394254363));
#493 = CARTESIAN_POINT('',(-7.022856862007E-02,0.627251016917,
    0.686867525444));
#494 = CARTESIAN_POINT('',(-5.973247643637E-02,0.627240656589,
    0.686941243011));
#495 = ORIENTED_EDGE('',*,*,#496,.F.);
#496 = EDGE_CURVE('',#497,#488,#499,.T.);
#497 = VERTEX_POINT('',#498);
#498 = CARTESIAN_POINT('',(-7.516828294337E-02,0.633459609275,
    0.642691095358));
#499 = B_SPLINE_CURVE_WITH_KNOTS('',1,(#500,#501),.UNSPECIFIED.,.F.,.F.,
  (2,2),(-2.804227100272E-02,-1.525408201474E-17),
  .PIECEWISE_BEZIER_KNOTS.);
#500 = CARTESIAN_POINT('',(-7.516828294337E-02,0.633459609275,
    0.642691095358));
#501 = CARTESIAN_POINT('',(-7.536716373515E-02,0.629556977615,
    0.670459762513));
#502 = ORIENTED_EDGE('',*,*,#503,.F.);
#503 = EDGE_CURVE('',#504,#497,#506,.T.);
#504 = VERTEX_POINT('',#505);
#505 = CARTESIAN_POINT('',(-6.752625445885E-02,0.633452066094,
    0.642744767881));
#506 = B_SPLINE_CURVE_WITH_KNOTS('',1,(#507,#508),.UNSPECIFIED.,.F.,.F.,
  (2,2),(-7.642220684954E-03,0.),.PIECEWISE_BEZIER_KNOTS.);
#507 = CARTESIAN_POINT('',(-6.752625445885E-02,0.633452066094,
    0.642744767881));
#508 = CARTESIAN_POINT('',(-7.516828294337E-02,0.633459609275,
    0.642691095358));
#509 = ORIENTED_EDGE('',*,*,#510,.F.);
#510 = EDGE_CURVE('',#511,#504,#513,.T.);
#511 = VERTEX_POINT('',#512);
#512 = CARTESIAN_POINT('',(-6.757403894274E-02,0.632514392636,
    0.649416661213));
#513 = B_SPLINE_CURVE_WITH_KNOTS('',1,(#514,#515),.UNSPECIFIED.,.F.,.F.,
  (2,2),(-6.737631297541E-03,0.),.PIECEWISE_BEZIER_KNOTS.);
#514 = CARTESIAN_POINT('',(-6.757403894274E-02,0.632514392636,
    0.649416661213));
#515 = CARTESIAN_POINT('',(-6.752625445885E-02,0.633452066094,
    0.642744767881));
#516 = ORIENTED_EDGE('',*,*,#517,.F.);
#517 = EDGE_CURVE('',#518,#511,#520,.T.);
#518 = VERTEX_POINT('',#519);
#519 = CARTESIAN_POINT('',(-6.737129124828E-02,0.632514192511,
    0.649418085178));
#520 = B_SPLINE_CURVE_WITH_KNOTS('',1,(#521,#522),.UNSPECIFIED.,.F.,.F.,
  (2,2),(-2.027527936582E-04,0.),.PIECEWISE_BEZIER_KNOTS.);
#521 = CARTESIAN_POINT('',(-6.737129124828E-02,0.632514192511,
    0.649418085178));
#522 = CARTESIAN_POINT('',(-6.757403894274E-02,0.632514392636,
    0.649416661213));
#523 = ORIENTED_EDGE('',*,*,#524,.F.);
#524 = EDGE_CURVE('',#525,#518,#527,.T.);
#525 = VERTEX_POINT('',#526);
#526 = CARTESIAN_POINT('',(-5.396605047403E-02,0.633581944161,
    0.64182063742));
#527 = B_SPLINE_CURVE_WITH_KNOTS('',3,(#528,#529,#530,#531),
  .UNSPECIFIED.,.F.,.F.,(4,4),(6.,7.),.PIECEWISE_BEZIER_KNOTS.);
#528 = CARTESIAN_POINT('',(-5.396605047403E-02,0.633581944161,
    0.64182063742));
#529 = CARTESIAN_POINT('',(-5.98457336141E-02,0.633587747792,
    0.641779342438));
#530 = CARTESIAN_POINT('',(-6.432454452331E-02,0.633231840838,
    0.644311752));
#531 = CARTESIAN_POINT('',(-6.737129124828E-02,0.632514192511,
    0.649418085178));
#532 = ORIENTED_EDGE('',*,*,#533,.F.);
#533 = EDGE_CURVE('',#534,#525,#536,.T.);
#534 = VERTEX_POINT('',#535);
#535 = CARTESIAN_POINT('',(-4.391538434661E-02,0.633094480586,
    0.645289120977));
#536 = B_SPLINE_CURVE_WITH_KNOTS('',3,(#537,#538,#539,#540),
  .UNSPECIFIED.,.F.,.F.,(4,4),(7.,8.),.PIECEWISE_BEZIER_KNOTS.);
#537 = CARTESIAN_POINT('',(-4.391538434661E-02,0.633094480586,
    0.645289120977));
#538 = CARTESIAN_POINT('',(-4.639459120054E-02,0.633413842566,
    0.643016742417));
#539 = CARTESIAN_POINT('',(-4.973954084284E-02,0.63357777232,
    0.641850321611));
#540 = CARTESIAN_POINT('',(-5.396605047403E-02,0.633581944161,
    0.64182063742));
#541 = ORIENTED_EDGE('',*,*,#542,.F.);
#542 = EDGE_CURVE('',#543,#534,#545,.T.);
#543 = VERTEX_POINT('',#544);
#544 = CARTESIAN_POINT('',(-4.023805365211E-02,0.631801484962,
    0.654489262892));
#545 = B_SPLINE_CURVE_WITH_KNOTS('',3,(#546,#547,#548,#549),
  .UNSPECIFIED.,.F.,.F.,(4,4),(8.,9.),.PIECEWISE_BEZIER_KNOTS.);
#546 = CARTESIAN_POINT('',(-4.023805365211E-02,0.631801484962,
    0.654489262892));
#547 = CARTESIAN_POINT('',(-4.02104005943E-02,0.632344120065,
    0.650628213509));
#548 = CARTESIAN_POINT('',(-4.143617749247E-02,0.632775118607,
    0.647561499538));
#549 = CARTESIAN_POINT('',(-4.391538434661E-02,0.633094480586,
    0.645289120977));
#550 = ORIENTED_EDGE('',*,*,#551,.F.);
#551 = EDGE_CURVE('',#552,#543,#554,.T.);
#552 = VERTEX_POINT('',#553);
#553 = CARTESIAN_POINT('',(-5.479640222151E-02,0.629836222574,
    0.668472831387));
#554 = B_SPLINE_CURVE_WITH_KNOTS('',3,(#555,#556,#557,#558),
  .UNSPECIFIED.,.F.,.F.,(4,4),(9.,10.),.PIECEWISE_BEZIER_KNOTS.);
#555 = CARTESIAN_POINT('',(-5.479640222151E-02,0.629836222574,
    0.668472831387));
#556 = CARTESIAN_POINT('',(-4.514857609343E-02,0.630013375405,
    0.667212323499));
#557 = CARTESIAN_POINT('',(-4.029579323682E-02,0.630668462867,
    0.662551134001));
#558 = CARTESIAN_POINT('',(-4.023805365211E-02,0.631801484962,
    0.654489262892));
#559 = ORIENTED_EDGE('',*,*,#560,.F.);
#560 = EDGE_CURVE('',#561,#552,#563,.T.);
#561 = VERTEX_POINT('',#562);
#562 = CARTESIAN_POINT('',(-6.772270178154E-02,0.629597186323,
    0.67017366269));
#563 = B_SPLINE_CURVE_WITH_KNOTS('',1,(#564,#565),.UNSPECIFIED.,.F.,.F.,
  (2,2),(-1.303990742941E-02,0.),.PIECEWISE_BEZIER_KNOTS.);
#564 = CARTESIAN_POINT('',(-6.772270178154E-02,0.629597186323,
    0.67017366269));
#565 = CARTESIAN_POINT('',(-5.479640222151E-02,0.629836222574,
    0.668472831387));
#566 = ORIENTED_EDGE('',*,*,#567,.F.);
#567 = EDGE_CURVE('',#568,#561,#570,.T.);
#568 = VERTEX_POINT('',#569);
#569 = CARTESIAN_POINT('',(-5.897103784937E-02,0.628103823537,
    0.68079949104));
#570 = B_SPLINE_CURVE_WITH_KNOTS('',3,(#571,#572,#573,#574),
  .UNSPECIFIED.,.F.,.F.,(4,4),(11.,12.),.PIECEWISE_BEZIER_KNOTS.);
#571 = CARTESIAN_POINT('',(-5.897103784937E-02,0.628103823537,
    0.68079949104));
#572 = CARTESIAN_POINT('',(-6.485072098944E-02,0.628109627168,
    0.680758196058));
#573 = CARTESIAN_POINT('',(-6.777314095898E-02,0.628607419895,
    0.677216216763));
#574 = CARTESIAN_POINT('',(-6.772270178154E-02,0.629597186323,
    0.67017366269));
#575 = ORIENTED_EDGE('',*,*,#576,.F.);
#576 = EDGE_CURVE('',#472,#568,#577,.T.);
#577 = B_SPLINE_CURVE_WITH_KNOTS('',3,(#578,#579,#580,#581),
  .UNSPECIFIED.,.F.,.F.,(4,4),(12.,13.),.PIECEWISE_BEZIER_KNOTS.);
#578 = CARTESIAN_POINT('',(-4.464773644199E-02,0.628823365066,
    0.675679687032));
#579 = CARTESIAN_POINT('',(-4.89770030956E-02,0.628341412826,
    0.679108955408));
#580 = CARTESIAN_POINT('',(-5.374638572213E-02,0.628098666464,
    0.680836185519));
#581 = CARTESIAN_POINT('',(-5.897103784937E-02,0.628103823537,
    0.68079949104));
#582 = FACE_BOUND('',#583,.T.);
#583 = EDGE_LOOP('',(#584,#595,#602,#609,#616,#625,#634));
#584 = ORIENTED_EDGE('',*,*,#585,.F.);
#585 = EDGE_CURVE('',#586,#588,#590,.T.);
#586 = VERTEX_POINT('',#587);
#587 = CARTESIAN_POINT('',(-0.154396080099,0.620066760908,0.737986163125
    ));
#588 = VERTEX_POINT('',#589);
#589 = CARTESIAN_POINT('',(-0.178146983904,0.618900688624,0.74628319855)
  );
#590 = B_SPLINE_CURVE_WITH_KNOTS('',3,(#591,#592,#593,#594),
  .UNSPECIFIED.,.F.,.F.,(4,4),(5.,6.),.PIECEWISE_BEZIER_KNOTS.);
#591 = CARTESIAN_POINT('',(-0.154396080099,0.620066760908,0.737986163125
    ));
#592 = CARTESIAN_POINT('',(-0.164049989552,0.620076289947,0.737918360489
    ));
#593 = CARTESIAN_POINT('',(-0.171977281063,0.619689056476,0.740673669809
    ));
#594 = CARTESIAN_POINT('',(-0.178146983904,0.618900688624,0.74628319855)
  );
#595 = ORIENTED_EDGE('',*,*,#596,.F.);
#596 = EDGE_CURVE('',#597,#586,#599,.T.);
#597 = VERTEX_POINT('',#598);
#598 = CARTESIAN_POINT('',(-0.137614809387,0.620050196698,0.738104023603
    ));
#599 = B_SPLINE_CURVE_WITH_KNOTS('',1,(#600,#601),.UNSPECIFIED.,.F.,.F.,
  (2,2),(-1.678169276936E-02,-7.79727162418E-19),
  .PIECEWISE_BEZIER_KNOTS.);
#600 = CARTESIAN_POINT('',(-0.137614809387,0.620050196698,0.738104023603
    ));
#601 = CARTESIAN_POINT('',(-0.154396080099,0.620066760908,0.737986163125
    ));
#602 = ORIENTED_EDGE('',*,*,#603,.F.);
#603 = EDGE_CURVE('',#604,#597,#606,.T.);
#604 = VERTEX_POINT('',#605);
#605 = CARTESIAN_POINT('',(-0.138047524435,0.611559042607,0.798521724332
    ));
#606 = B_SPLINE_CURVE_WITH_KNOTS('',1,(#607,#608),.UNSPECIFIED.,.F.,.F.,
  (2,2),(-6.10129945294E-02,0.),.PIECEWISE_BEZIER_KNOTS.);
#607 = CARTESIAN_POINT('',(-0.138047524435,0.611559042607,0.798521724332
    ));
#608 = CARTESIAN_POINT('',(-0.137614809387,0.620050196698,0.738104023603
    ));
#609 = ORIENTED_EDGE('',*,*,#610,.F.);
#610 = EDGE_CURVE('',#611,#604,#613,.T.);
#611 = VERTEX_POINT('',#612);
#612 = CARTESIAN_POINT('',(-0.155452634208,0.611576222587,0.798399482423
    ));
#613 = B_SPLINE_CURVE_WITH_KNOTS('',1,(#614,#615),.UNSPECIFIED.,.F.,.F.,
  (2,2),(-1.740554751927E-02,0.),.PIECEWISE_BEZIER_KNOTS.);
#614 = CARTESIAN_POINT('',(-0.155452634208,0.611576222587,0.798399482423
    ));
#615 = CARTESIAN_POINT('',(-0.138047524435,0.611559042607,0.798521724332
    ));
#616 = ORIENTED_EDGE('',*,*,#617,.F.);
#617 = EDGE_CURVE('',#618,#611,#620,.T.);
#618 = VERTEX_POINT('',#619);
#619 = CARTESIAN_POINT('',(-0.178461786314,0.612723330612,0.790237384714
    ));
#620 = B_SPLINE_CURVE_WITH_KNOTS('',3,(#621,#622,#623,#624),
  .UNSPECIFIED.,.F.,.F.,(4,4),(2.,3.),.PIECEWISE_BEZIER_KNOTS.);
#621 = CARTESIAN_POINT('',(-0.178461786314,0.612723330612,0.790237384714
    ));
#622 = CARTESIAN_POINT('',(-0.172370839382,0.61196627369,0.795624124613)
  );
#623 = CARTESIAN_POINT('',(-0.164701048272,0.611585351376,0.798334527717
    ));
#624 = CARTESIAN_POINT('',(-0.155452634208,0.611576222587,0.798399482423
    ));
#625 = ORIENTED_EDGE('',*,*,#626,.F.);
#626 = EDGE_CURVE('',#627,#618,#629,.T.);
#627 = VERTEX_POINT('',#628);
#628 = CARTESIAN_POINT('',(-0.187509882672,0.61574512331,0.768736212447)
  );
#629 = B_SPLINE_CURVE_WITH_KNOTS('',3,(#630,#631,#632,#633),
  .UNSPECIFIED.,.F.,.F.,(4,4),(3.,4.),.PIECEWISE_BEZIER_KNOTS.);
#630 = CARTESIAN_POINT('',(-0.187509882672,0.61574512331,0.768736212447)
  );
#631 = CARTESIAN_POINT('',(-0.187574037766,0.614486209871,0.777693847013
    ));
#632 = CARTESIAN_POINT('',(-0.184552733246,0.613480387534,0.784850644815
    ));
#633 = CARTESIAN_POINT('',(-0.178461786314,0.612723330612,0.790237384714
    ));
#634 = ORIENTED_EDGE('',*,*,#635,.F.);
#635 = EDGE_CURVE('',#588,#627,#636,.T.);
#636 = B_SPLINE_CURVE_WITH_KNOTS('',3,(#637,#638,#639,#640),
  .UNSPECIFIED.,.F.,.F.,(4,4),(4.,5.),.PIECEWISE_BEZIER_KNOTS.);
#637 = CARTESIAN_POINT('',(-0.178146983904,0.618900688624,0.74628319855)
  );
#638 = CARTESIAN_POINT('',(-0.184316686745,0.618112320773,0.751892727291
    ));
#639 = CARTESIAN_POINT('',(-0.187442851659,0.617060470799,0.759377028745
    ));
#640 = CARTESIAN_POINT('',(-0.187509882672,0.61574512331,0.768736212447)
  );
#641 = FACE_BOUND('',#642,.T.);
#642 = EDGE_LOOP('',(#643,#652,#659,#666));
#643 = ORIENTED_EDGE('',*,*,#644,.F.);
#644 = EDGE_CURVE('',#645,#647,#649,.T.);
#645 = VERTEX_POINT('',#646);
#646 = CARTESIAN_POINT('',(-0.800486596563,0.65,0.5250001));
#647 = VERTEX_POINT('',#648);
#648 = CARTESIAN_POINT('',(0.800486596563,0.65,0.5250001));
#649 = B_SPLINE_CURVE_WITH_KNOTS('',1,(#650,#651),.UNSPECIFIED.,.F.,.F.,
  (2,2),(-1.650486596563,-4.951340343708E-02),.PIECEWISE_BEZIER_KNOTS.);
#650 = CARTESIAN_POINT('',(-0.800486596563,0.65,0.5250001));
#651 = CARTESIAN_POINT('',(0.800486596563,0.65,0.5250001));
#652 = ORIENTED_EDGE('',*,*,#653,.T.);
#653 = EDGE_CURVE('',#645,#654,#656,.T.);
#654 = VERTEX_POINT('',#655);
#655 = CARTESIAN_POINT('',(-0.746805808361,0.596319211798,0.906958755048
    ));
#656 = B_SPLINE_CURVE_WITH_KNOTS('',1,(#657,#658),.UNSPECIFIED.,.F.,.F.,
  (2,2),(-0.535422449471,-0.145992522257),.PIECEWISE_BEZIER_KNOTS.);
#657 = CARTESIAN_POINT('',(-0.800486596563,0.65,0.5250001));
#658 = CARTESIAN_POINT('',(-0.746805808361,0.596319211798,0.906958755048
    ));
#659 = ORIENTED_EDGE('',*,*,#660,.T.);
#660 = EDGE_CURVE('',#654,#661,#663,.T.);
#661 = VERTEX_POINT('',#662);
#662 = CARTESIAN_POINT('',(0.746805808361,0.596319211798,0.906958755048)
  );
#663 = B_SPLINE_CURVE_WITH_KNOTS('',1,(#664,#665),.UNSPECIFIED.,.F.,.F.,
  (2,2),(-0.746805808361,0.746805808361),.PIECEWISE_BEZIER_KNOTS.);
#664 = CARTESIAN_POINT('',(-0.746805808361,0.596319211798,0.906958755048
    ));
#665 = CARTESIAN_POINT('',(0.746805808361,0.596319211798,0.906958755048)
  );
#666 = ORIENTED_EDGE('',*,*,#667,.T.);
#667 = EDGE_CURVE('',#661,#647,#668,.T.);
#668 = B_SPLINE_CURVE_WITH_KNOTS('',1,(#669,#670),.UNSPECIFIED.,.F.,.F.,
  (2,2),(0.145992522257,0.535422449471),.PIECEWISE_BEZIER_KNOTS.);
#669 = CARTESIAN_POINT('',(0.746805808361,0.596319211798,0.906958755048)
  );
#670 = CARTESIAN_POINT('',(0.800486596563,0.65,0.5250001));
#671 = FACE_BOUND('',#672,.T.);
#672 = EDGE_LOOP('',(#673,#682,#689,#696,#703,#710));
#673 = ORIENTED_EDGE('',*,*,#674,.F.);
#674 = EDGE_CURVE('',#675,#677,#679,.T.);
#675 = VERTEX_POINT('',#676);
#676 = CARTESIAN_POINT('',(-3.293716025103E-02,0.618978763305,
    0.745727668333));
#677 = VERTEX_POINT('',#678);
#678 = CARTESIAN_POINT('',(-8.638628865451E-03,0.618954779067,
    0.745898325048));
#679 = B_SPLINE_CURVE_WITH_KNOTS('',1,(#680,#681),.UNSPECIFIED.,.F.,.F.,
  (2,2),(-2.42991425045E-02,0.),.PIECEWISE_BEZIER_KNOTS.);
#680 = CARTESIAN_POINT('',(-3.293716025103E-02,0.618978763305,
    0.745727668333));
#681 = CARTESIAN_POINT('',(-8.638628865451E-03,0.618954779067,
    0.745898325048));
#682 = ORIENTED_EDGE('',*,*,#683,.F.);
#683 = EDGE_CURVE('',#684,#675,#686,.T.);
#684 = VERTEX_POINT('',#685);
#685 = CARTESIAN_POINT('',(-3.288782719589E-02,0.619946824328,
    0.738839556236));
#686 = B_SPLINE_CURVE_WITH_KNOTS('',1,(#687,#688),.UNSPECIFIED.,.F.,.F.,
  (2,2),(-6.955980460135E-03,0.),.PIECEWISE_BEZIER_KNOTS.);
#687 = CARTESIAN_POINT('',(-3.288782719589E-02,0.619946824328,
    0.738839556236));
#688 = CARTESIAN_POINT('',(-3.293716025103E-02,0.618978763305,
    0.745727668333));
#689 = ORIENTED_EDGE('',*,*,#690,.F.);
#690 = EDGE_CURVE('',#691,#684,#693,.T.);
#691 = VERTEX_POINT('',#692);
#692 = CARTESIAN_POINT('',(-7.133276783651E-04,0.619915065996,
    0.73906552851));
#693 = B_SPLINE_CURVE_WITH_KNOTS('',1,(#694,#695),.UNSPECIFIED.,.F.,.F.,
  (2,2),(-3.217530872057E-02,0.),.PIECEWISE_BEZIER_KNOTS.);
#694 = CARTESIAN_POINT('',(-7.133276783651E-04,0.619915065996,
    0.73906552851));
#695 = CARTESIAN_POINT('',(-3.288782719589E-02,0.619946824328,
    0.738839556236));
#696 = ORIENTED_EDGE('',*,*,#697,.F.);
#697 = EDGE_CURVE('',#698,#691,#700,.T.);
#698 = VERTEX_POINT('',#699);
#699 = CARTESIAN_POINT('',(-1.146042726995E-03,0.611423911905,
    0.799483229239));
#700 = B_SPLINE_CURVE_WITH_KNOTS('',1,(#701,#702),.UNSPECIFIED.,.F.,.F.,
  (2,2),(-6.10129945294E-02,-1.545246738272E-17),
  .PIECEWISE_BEZIER_KNOTS.);
#701 = CARTESIAN_POINT('',(-1.146042726995E-03,0.611423911905,
    0.799483229239));
#702 = CARTESIAN_POINT('',(-7.133276783651E-04,0.619915065996,
    0.73906552851));
#703 = ORIENTED_EDGE('',*,*,#704,.F.);
#704 = EDGE_CURVE('',#705,#698,#707,.T.);
#705 = VERTEX_POINT('',#706);
#706 = CARTESIAN_POINT('',(-9.022010858945E-03,0.611431686,0.79942791368
    ));
#707 = B_SPLINE_CURVE_WITH_KNOTS('',1,(#708,#709),.UNSPECIFIED.,.F.,.F.,
  (2,2),(-7.876166216068E-03,0.),.PIECEWISE_BEZIER_KNOTS.);
#708 = CARTESIAN_POINT('',(-9.022010858945E-03,0.611431686,0.79942791368
    ));
#709 = CARTESIAN_POINT('',(-1.146042726995E-03,0.611423911905,
    0.799483229239));
#710 = ORIENTED_EDGE('',*,*,#711,.F.);
#711 = EDGE_CURVE('',#677,#705,#712,.T.);
#712 = B_SPLINE_CURVE_WITH_KNOTS('',1,(#713,#714),.UNSPECIFIED.,.F.,.F.,
  (2,2),(-5.405701406927E-02,0.),.PIECEWISE_BEZIER_KNOTS.);
#713 = CARTESIAN_POINT('',(-8.638628865451E-03,0.618954779067,
    0.745898325048));
#714 = CARTESIAN_POINT('',(-9.022010858945E-03,0.611431686,0.79942791368
    ));
#715 = FACE_BOUND('',#716,.T.);
#716 = EDGE_LOOP('',(#717,#726,#735,#744,#753,#762,#771,#780,#787,#796,
    #805,#814,#823,#832));
#717 = ORIENTED_EDGE('',*,*,#718,.F.);
#718 = EDGE_CURVE('',#719,#721,#723,.T.);
#719 = VERTEX_POINT('',#720);
#720 = CARTESIAN_POINT('',(-8.108171778269E-02,0.619642749611,
    0.741003160271));
#721 = VERTEX_POINT('',#722);
#722 = CARTESIAN_POINT('',(-8.113525410261E-02,0.618592208052,
    0.748478151875));
#723 = B_SPLINE_CURVE_WITH_KNOTS('',1,(#724,#725),.UNSPECIFIED.,.F.,.F.,
  (2,2),(-7.548642472592E-03,0.),.PIECEWISE_BEZIER_KNOTS.);
#724 = CARTESIAN_POINT('',(-8.108171778269E-02,0.619642749611,
    0.741003160271));
#725 = CARTESIAN_POINT('',(-8.113525410261E-02,0.618592208052,
    0.748478151875));
#726 = ORIENTED_EDGE('',*,*,#727,.F.);
#727 = EDGE_CURVE('',#728,#719,#730,.T.);
#728 = VERTEX_POINT('',#729);
#729 = CARTESIAN_POINT('',(-6.416605564548E-02,0.620120960855,
    0.737600510463));
#730 = B_SPLINE_CURVE_WITH_KNOTS('',3,(#731,#732,#733,#734),
  .UNSPECIFIED.,.F.,.F.,(4,4),(0.,1.),.PIECEWISE_BEZIER_KNOTS.);
#731 = CARTESIAN_POINT('',(-6.416605564548E-02,0.620120960855,
    0.737600510463));
#732 = CARTESIAN_POINT('',(-7.093470944602E-02,0.620127641959,
    0.737552971943));
#733 = CARTESIAN_POINT('',(-7.657326349175E-02,0.619968238211,
    0.738687188546));
#734 = CARTESIAN_POINT('',(-8.108171778269E-02,0.619642749611,
    0.741003160271));
#735 = ORIENTED_EDGE('',*,*,#736,.F.);
#736 = EDGE_CURVE('',#737,#728,#739,.T.);
#737 = VERTEX_POINT('',#738);
#738 = CARTESIAN_POINT('',(-4.326413016232E-02,0.618941202407,
    0.745994928005));
#739 = B_SPLINE_CURVE_WITH_KNOTS('',3,(#740,#741,#742,#743),
  .UNSPECIFIED.,.F.,.F.,(4,4),(1.,2.),.PIECEWISE_BEZIER_KNOTS.);
#740 = CARTESIAN_POINT('',(-4.326413016232E-02,0.618941202407,
    0.745994928005));
#741 = CARTESIAN_POINT('',(-4.844940433523E-02,0.619719071867,
    0.740460099206));
#742 = CARTESIAN_POINT('',(-5.541671282955E-02,0.620112324683,
    0.737661960025));
#743 = CARTESIAN_POINT('',(-6.416605564548E-02,0.620120960855,
    0.737600510463));
#744 = ORIENTED_EDGE('',*,*,#745,.F.);
#745 = EDGE_CURVE('',#746,#737,#748,.T.);
#746 = VERTEX_POINT('',#747);
#747 = CARTESIAN_POINT('',(-3.559135565479E-02,0.615864330353,
    0.767888010261));
#748 = B_SPLINE_CURVE_WITH_KNOTS('',3,(#749,#750,#751,#752),
  .UNSPECIFIED.,.F.,.F.,(4,4),(2.,3.),.PIECEWISE_BEZIER_KNOTS.);
#749 = CARTESIAN_POINT('',(-3.559135565479E-02,0.615864330353,
    0.767888010261));
#750 = CARTESIAN_POINT('',(-3.552653688728E-02,0.617136267034,
    0.75883771051));
#751 = CARTESIAN_POINT('',(-3.807885598941E-02,0.618163332948,
    0.751529756805));
#752 = CARTESIAN_POINT('',(-4.326413016232E-02,0.618941202407,
    0.745994928005));
#753 = ORIENTED_EDGE('',*,*,#754,.F.);
#754 = EDGE_CURVE('',#755,#746,#757,.T.);
#755 = VERTEX_POINT('',#756);
#756 = CARTESIAN_POINT('',(-4.457121296814E-02,0.612573806676,
    0.791301302799));
#757 = B_SPLINE_CURVE_WITH_KNOTS('',3,(#758,#759,#760,#761),
  .UNSPECIFIED.,.F.,.F.,(4,4),(3.,4.),.PIECEWISE_BEZIER_KNOTS.);
#758 = CARTESIAN_POINT('',(-4.457121296814E-02,0.612573806676,
    0.791301302799));
#759 = CARTESIAN_POINT('',(-3.864905473128E-02,0.613401490563,
    0.78541202593));
#760 = CARTESIAN_POINT('',(-3.566104136048E-02,0.614496889893,
    0.777617854704));
#761 = CARTESIAN_POINT('',(-3.559135565479E-02,0.615864330353,
    0.767888010261));
#762 = ORIENTED_EDGE('',*,*,#763,.F.);
#763 = EDGE_CURVE('',#764,#755,#766,.T.);
#764 = VERTEX_POINT('',#765);
#765 = CARTESIAN_POINT('',(-6.704634384241E-02,0.611345696932,
    0.800039757687));
#766 = B_SPLINE_CURVE_WITH_KNOTS('',3,(#767,#768,#769,#770),
  .UNSPECIFIED.,.F.,.F.,(4,4),(4.,5.),.PIECEWISE_BEZIER_KNOTS.);
#767 = CARTESIAN_POINT('',(-6.704634384241E-02,0.611345696932,
    0.800039757687));
#768 = CARTESIAN_POINT('',(-5.798508149664E-02,0.611336752875,
    0.800103397964));
#769 = CARTESIAN_POINT('',(-5.049337120522E-02,0.611746122789,
    0.797190579668));
#770 = CARTESIAN_POINT('',(-4.457121296814E-02,0.612573806676,
    0.791301302799));
#771 = ORIENTED_EDGE('',*,*,#772,.F.);
#772 = EDGE_CURVE('',#773,#764,#775,.T.);
#773 = VERTEX_POINT('',#774);
#774 = CARTESIAN_POINT('',(-8.148611610012E-02,0.611707253865,
    0.797467146432));
#775 = B_SPLINE_CURVE_WITH_KNOTS('',3,(#776,#777,#778,#779),
  .UNSPECIFIED.,.F.,.F.,(4,4),(5.,6.),.PIECEWISE_BEZIER_KNOTS.);
#776 = CARTESIAN_POINT('',(-8.148611610012E-02,0.611707253865,
    0.797467146432));
#777 = CARTESIAN_POINT('',(-7.769242273085E-02,0.611473420385,
    0.799130958096));
#778 = CARTESIAN_POINT('',(-7.287923905303E-02,0.611351454381,
    0.799998791313));
#779 = CARTESIAN_POINT('',(-6.704634384241E-02,0.611345696932,
    0.800039757687));
#780 = ORIENTED_EDGE('',*,*,#781,.F.);
#781 = EDGE_CURVE('',#782,#773,#784,.T.);
#782 = VERTEX_POINT('',#783);
#783 = CARTESIAN_POINT('',(-8.142771284202E-02,0.612853299203,
    0.789312610138));
#784 = B_SPLINE_CURVE_WITH_KNOTS('',1,(#785,#786),.UNSPECIFIED.,.F.,.F.,
  (2,2),(-8.234882696995E-03,0.),.PIECEWISE_BEZIER_KNOTS.);
#785 = CARTESIAN_POINT('',(-8.142771284202E-02,0.612853299203,
    0.789312610138));
#786 = CARTESIAN_POINT('',(-8.148611610012E-02,0.611707253865,
    0.797467146432));
#787 = ORIENTED_EDGE('',*,*,#788,.F.);
#788 = EDGE_CURVE('',#789,#782,#791,.T.);
#789 = VERTEX_POINT('',#790);
#790 = CARTESIAN_POINT('',(-6.707388454757E-02,0.612335540331,
    0.792996655935));
#791 = B_SPLINE_CURVE_WITH_KNOTS('',3,(#792,#793,#794,#795),
  .UNSPECIFIED.,.F.,.F.,(4,4),(7.,8.),.PIECEWISE_BEZIER_KNOTS.);
#792 = CARTESIAN_POINT('',(-6.707388454757E-02,0.612335540331,
    0.792996655935));
#793 = CARTESIAN_POINT('',(-7.22985366746E-02,0.612340697404,
    0.792959961456));
#794 = CARTESIAN_POINT('',(-7.707809493037E-02,0.612510384509,
    0.791752574965));
#795 = CARTESIAN_POINT('',(-8.142771284202E-02,0.612853299203,
    0.789312610138));
#796 = ORIENTED_EDGE('',*,*,#797,.F.);
#797 = EDGE_CURVE('',#798,#789,#800,.T.);
#798 = VERTEX_POINT('',#799);
#799 = CARTESIAN_POINT('',(-5.040056789133E-02,0.613261144603,
    0.786410639329));
#800 = B_SPLINE_CURVE_WITH_KNOTS('',3,(#801,#802,#803,#804),
  .UNSPECIFIED.,.F.,.F.,(4,4),(8.,9.),.PIECEWISE_BEZIER_KNOTS.);
#801 = CARTESIAN_POINT('',(-5.040056789133E-02,0.613261144603,
    0.786410639329));
#802 = CARTESIAN_POINT('',(-5.47215389755E-02,0.612635921301,
    0.790859334278));
#803 = CARTESIAN_POINT('',(-6.027403879408E-02,0.61232882844,
    0.793044413527));
#804 = CARTESIAN_POINT('',(-6.707388454757E-02,0.612335540331,
    0.792996655935));
#805 = ORIENTED_EDGE('',*,*,#806,.F.);
#806 = EDGE_CURVE('',#807,#798,#809,.T.);
#807 = VERTEX_POINT('',#808);
#808 = CARTESIAN_POINT('',(-4.386054156633E-02,0.615807373091,
    0.768293282234));
#809 = B_SPLINE_CURVE_WITH_KNOTS('',3,(#810,#811,#812,#813),
  .UNSPECIFIED.,.F.,.F.,(4,4),(9.,10.),.PIECEWISE_BEZIER_KNOTS.);
#810 = CARTESIAN_POINT('',(-4.386054156633E-02,0.615807373091,
    0.768293282234));
#811 = CARTESIAN_POINT('',(-4.391496278411E-02,0.614739467209,
    0.775891827418));
#812 = CARTESIAN_POINT('',(-4.609497155897E-02,0.613890724379,
    0.781930946449));
#813 = CARTESIAN_POINT('',(-5.040056789133E-02,0.613261144603,
    0.786410639329));
#814 = ORIENTED_EDGE('',*,*,#815,.F.);
#815 = EDGE_CURVE('',#816,#807,#818,.T.);
#816 = VERTEX_POINT('',#817);
#817 = CARTESIAN_POINT('',(-4.97259532917E-02,0.618235607582,
    0.751015496061));
#818 = B_SPLINE_CURVE_WITH_KNOTS('',3,(#819,#820,#821,#822),
  .UNSPECIFIED.,.F.,.F.,(4,4),(10.,11.),.PIECEWISE_BEZIER_KNOTS.);
#819 = CARTESIAN_POINT('',(-4.97259532917E-02,0.618235607582,
    0.751015496061));
#820 = CARTESIAN_POINT('',(-4.576391228376E-02,0.617632597501,
    0.755306135734));
#821 = CARTESIAN_POINT('',(-4.380877504211E-02,0.616823186004,
    0.761065397791));
#822 = CARTESIAN_POINT('',(-4.386054156633E-02,0.615807373091,
    0.768293282234));
#823 = ORIENTED_EDGE('',*,*,#824,.F.);
#824 = EDGE_CURVE('',#825,#816,#827,.T.);
#825 = VERTEX_POINT('',#826);
#826 = CARTESIAN_POINT('',(-6.535433743392E-02,0.61914534145,
    0.74454240324));
#827 = B_SPLINE_CURVE_WITH_KNOTS('',3,(#828,#829,#830,#831),
  .UNSPECIFIED.,.F.,.F.,(4,4),(11.,12.),.PIECEWISE_BEZIER_KNOTS.);
#828 = CARTESIAN_POINT('',(-6.535433743392E-02,0.61914534145,
    0.74454240324));
#829 = CARTESIAN_POINT('',(-5.889760316342E-02,0.619138968232,
    0.744587751045));
#830 = CARTESIAN_POINT('',(-5.36882155241E-02,0.618834276582,
    0.746755744784));
#831 = CARTESIAN_POINT('',(-4.97259532917E-02,0.618235607582,
    0.751015496061));
#832 = ORIENTED_EDGE('',*,*,#833,.F.);
#833 = EDGE_CURVE('',#721,#825,#834,.T.);
#834 = B_SPLINE_CURVE_WITH_KNOTS('',3,(#835,#836,#837,#838),
  .UNSPECIFIED.,.F.,.F.,(4,4),(12.,13.),.PIECEWISE_BEZIER_KNOTS.);
#835 = CARTESIAN_POINT('',(-8.113525410261E-02,0.618592208052,
    0.748478151875));
#836 = CARTESIAN_POINT('',(-7.665555829555E-02,0.618965479329,
    0.745822188732));
#837 = CARTESIAN_POINT('',(-7.138998033901E-02,0.619151299024,
    0.744500012901));
#838 = CARTESIAN_POINT('',(-6.535433743392E-02,0.61914534145,
    0.74454240324));
#839 = FACE_BOUND('',#840,.T.);
#840 = EDGE_LOOP('',(#841,#850,#857,#864,#871,#878,#885,#892,#899,#906,
    #913,#920));
#841 = ORIENTED_EDGE('',*,*,#842,.F.);
#842 = EDGE_CURVE('',#843,#845,#847,.T.);
#843 = VERTEX_POINT('',#844);
#844 = CARTESIAN_POINT('',(-0.126138715809,0.619070759326,0.745073082628
    ));
#845 = VERTEX_POINT('',#846);
#846 = CARTESIAN_POINT('',(-0.101200749387,0.619046143925,0.745248230309
    ));
#847 = B_SPLINE_CURVE_WITH_KNOTS('',1,(#848,#849),.UNSPECIFIED.,.F.,.F.,
  (2,2),(-2.493859362272E-02,0.),.PIECEWISE_BEZIER_KNOTS.);
#848 = CARTESIAN_POINT('',(-0.126138715809,0.619070759326,0.745073082628
    ));
#849 = CARTESIAN_POINT('',(-0.101200749387,0.619046143925,0.745248230309
    ));
#850 = ORIENTED_EDGE('',*,*,#851,.F.);
#851 = EDGE_CURVE('',#852,#843,#854,.T.);
#852 = VERTEX_POINT('',#853);
#853 = CARTESIAN_POINT('',(-0.126089382754,0.62003882035,0.738184970531)
  );
#854 = B_SPLINE_CURVE_WITH_KNOTS('',1,(#855,#856),.UNSPECIFIED.,.F.,.F.,
  (2,2),(-6.955980460135E-03,0.),.PIECEWISE_BEZIER_KNOTS.);
#855 = CARTESIAN_POINT('',(-0.126089382754,0.62003882035,0.738184970531)
  );
#856 = CARTESIAN_POINT('',(-0.126138715809,0.619070759326,0.745073082628
    ));
#857 = ORIENTED_EDGE('',*,*,#858,.F.);
#858 = EDGE_CURVE('',#859,#852,#861,.T.);
#859 = VERTEX_POINT('',#860);
#860 = CARTESIAN_POINT('',(-9.327544819994E-02,0.620006430854,
    0.738415433771));
#861 = B_SPLINE_CURVE_WITH_KNOTS('',1,(#862,#863),.UNSPECIFIED.,.F.,.F.,
  (2,2),(-3.281475983879E-02,0.),.PIECEWISE_BEZIER_KNOTS.);
#862 = CARTESIAN_POINT('',(-9.327544819994E-02,0.620006430854,
    0.738415433771));
#863 = CARTESIAN_POINT('',(-0.126089382754,0.62003882035,0.738184970531)
  );
#864 = ORIENTED_EDGE('',*,*,#865,.F.);
#865 = EDGE_CURVE('',#866,#859,#868,.T.);
#866 = VERTEX_POINT('',#867);
#867 = CARTESIAN_POINT('',(-9.370816324857E-02,0.611515276762,
    0.798833134499));
#868 = B_SPLINE_CURVE_WITH_KNOTS('',1,(#869,#870),.UNSPECIFIED.,.F.,.F.,
  (2,2),(-6.10129945294E-02,-1.253900055416E-16),
  .PIECEWISE_BEZIER_KNOTS.);
#869 = CARTESIAN_POINT('',(-9.370816324857E-02,0.611515276762,
    0.798833134499));
#870 = CARTESIAN_POINT('',(-9.327544819994E-02,0.620006430854,
    0.738415433771));
#871 = ORIENTED_EDGE('',*,*,#872,.F.);
#872 = EDGE_CURVE('',#873,#866,#875,.T.);
#873 = VERTEX_POINT('',#874);
#874 = CARTESIAN_POINT('',(-0.125134055894,0.611546296171,0.798612419942
    ));
#875 = B_SPLINE_CURVE_WITH_KNOTS('',1,(#876,#877),.UNSPECIFIED.,.F.,.F.,
  (2,2),(-3.142668302063E-02,0.),.PIECEWISE_BEZIER_KNOTS.);
#876 = CARTESIAN_POINT('',(-0.125134055894,0.611546296171,0.798612419942
    ));
#877 = CARTESIAN_POINT('',(-9.370816324857E-02,0.611515276762,
    0.798833134499));
#878 = ORIENTED_EDGE('',*,*,#879,.F.);
#879 = EDGE_CURVE('',#880,#873,#882,.T.);
#880 = VERTEX_POINT('',#881);
#881 = CARTESIAN_POINT('',(-0.12508428039,0.612523039356,0.791662531054)
  );
#882 = B_SPLINE_CURVE_WITH_KNOTS('',1,(#883,#884),.UNSPECIFIED.,.F.,.F.,
  (2,2),(-7.018365935043E-03,0.),.PIECEWISE_BEZIER_KNOTS.);
#883 = CARTESIAN_POINT('',(-0.12508428039,0.612523039356,0.791662531054)
  );
#884 = CARTESIAN_POINT('',(-0.125134055894,0.611546296171,0.798612419942
    ));
#885 = ORIENTED_EDGE('',*,*,#886,.F.);
#886 = EDGE_CURVE('',#887,#880,#889,.T.);
#887 = VERTEX_POINT('',#888);
#888 = CARTESIAN_POINT('',(-0.101534355876,0.612499794043,0.791827930053
    ));
#889 = B_SPLINE_CURVE_WITH_KNOTS('',1,(#890,#891),.UNSPECIFIED.,.F.,.F.,
  (2,2),(-2.355051680457E-02,0.),.PIECEWISE_BEZIER_KNOTS.);
#890 = CARTESIAN_POINT('',(-0.101534355876,0.612499794043,0.791827930053
    ));
#891 = CARTESIAN_POINT('',(-0.12508428039,0.612523039356,0.791662531054)
  );
#892 = ORIENTED_EDGE('',*,*,#893,.F.);
#893 = EDGE_CURVE('',#894,#887,#896,.T.);
#894 = VERTEX_POINT('',#895);
#895 = CARTESIAN_POINT('',(-0.101395869363,0.615217310638,0.772491794748
    ));
#896 = B_SPLINE_CURVE_WITH_KNOTS('',1,(#897,#898),.UNSPECIFIED.,.F.,.F.,
  (2,2),(-1.952665366864E-02,0.),.PIECEWISE_BEZIER_KNOTS.);
#897 = CARTESIAN_POINT('',(-0.101395869363,0.615217310638,0.772491794748
    ));
#898 = CARTESIAN_POINT('',(-0.101534355876,0.612499794043,0.791827930053
    ));
#899 = ORIENTED_EDGE('',*,*,#900,.F.);
#900 = EDGE_CURVE('',#901,#894,#903,.T.);
#901 = VERTEX_POINT('',#902);
#902 = CARTESIAN_POINT('',(-0.123214640485,0.61523884719,0.772338554219)
  );
#903 = B_SPLINE_CURVE_WITH_KNOTS('',1,(#904,#905),.UNSPECIFIED.,.F.,.F.,
  (2,2),(-2.181931987379E-02,0.),.PIECEWISE_BEZIER_KNOTS.);
#904 = CARTESIAN_POINT('',(-0.123214640485,0.61523884719,0.772338554219)
  );
#905 = CARTESIAN_POINT('',(-0.101395869363,0.615217310638,0.772491794748
    ));
#906 = ORIENTED_EDGE('',*,*,#907,.F.);
#907 = EDGE_CURVE('',#908,#901,#910,.T.);
#908 = VERTEX_POINT('',#909);
#909 = CARTESIAN_POINT('',(-0.123165086205,0.616211249295,0.765419553726
    ));
#910 = B_SPLINE_CURVE_WITH_KNOTS('',1,(#911,#912),.UNSPECIFIED.,.F.,.F.,
  (2,2),(-6.987173197589E-03,0.),.PIECEWISE_BEZIER_KNOTS.);
#911 = CARTESIAN_POINT('',(-0.123165086205,0.616211249295,0.765419553726
    ));
#912 = CARTESIAN_POINT('',(-0.123214640485,0.61523884719,0.772338554219)
  );
#913 = ORIENTED_EDGE('',*,*,#914,.F.);
#914 = EDGE_CURVE('',#915,#908,#917,.T.);
#915 = VERTEX_POINT('',#916);
#916 = CARTESIAN_POINT('',(-0.101346315083,0.616189712743,0.765572794256
    ));
#917 = B_SPLINE_CURVE_WITH_KNOTS('',1,(#918,#919),.UNSPECIFIED.,.F.,.F.,
  (2,2),(-2.181931987379E-02,0.),.PIECEWISE_BEZIER_KNOTS.);
#918 = CARTESIAN_POINT('',(-0.101346315083,0.616189712743,0.765572794256
    ));
#919 = CARTESIAN_POINT('',(-0.123165086205,0.616211249295,0.765419553726
    ));
#920 = ORIENTED_EDGE('',*,*,#921,.F.);
#921 = EDGE_CURVE('',#845,#915,#922,.T.);
#922 = B_SPLINE_CURVE_WITH_KNOTS('',1,(#923,#924),.UNSPECIFIED.,.F.,.F.,
  (2,2),(-2.0524821268E-02,0.),.PIECEWISE_BEZIER_KNOTS.);
#923 = CARTESIAN_POINT('',(-0.101200749387,0.619046143925,0.745248230309
    ));
#924 = CARTESIAN_POINT('',(-0.101346315083,0.616189712743,0.765572794256
    ));
#925 = FACE_BOUND('',#926,.T.);
#926 = EDGE_LOOP('',(#927,#936,#943,#950,#957,#964,#971,#978));
#927 = ORIENTED_EDGE('',*,*,#928,.F.);
#928 = EDGE_CURVE('',#929,#931,#933,.T.);
#929 = VERTEX_POINT('',#930);
#930 = CARTESIAN_POINT('',(-0.222764868778,0.611642664158,0.79792672608)
  );
#931 = VERTEX_POINT('',#932);
#932 = CARTESIAN_POINT('',(-0.214343041468,0.611634351265,0.797985875391
    ));
#933 = B_SPLINE_CURVE_WITH_KNOTS('',1,(#934,#935),.UNSPECIFIED.,.F.,.F.,
  (2,2),(-8.422039122135E-03,0.),.PIECEWISE_BEZIER_KNOTS.);
#934 = CARTESIAN_POINT('',(-0.222764868778,0.611642664158,0.79792672608)
  );
#935 = CARTESIAN_POINT('',(-0.214343041468,0.611634351265,0.797985875391
    ));
#936 = ORIENTED_EDGE('',*,*,#937,.F.);
#937 = EDGE_CURVE('',#938,#929,#940,.T.);
#938 = VERTEX_POINT('',#939);
#939 = CARTESIAN_POINT('',(-0.245570158713,0.620156755678,0.737345817068
    ));
#940 = B_SPLINE_CURVE_WITH_KNOTS('',1,(#941,#942),.UNSPECIFIED.,.F.,.F.,
  (2,2),(-6.528872444865E-02,0.),.PIECEWISE_BEZIER_KNOTS.);
#941 = CARTESIAN_POINT('',(-0.245570158713,0.620156755678,0.737345817068
    ));
#942 = CARTESIAN_POINT('',(-0.222764868778,0.611642664158,0.79792672608)
  );
#943 = ORIENTED_EDGE('',*,*,#944,.F.);
#944 = EDGE_CURVE('',#945,#938,#947,.T.);
#945 = VERTEX_POINT('',#946);
#946 = CARTESIAN_POINT('',(-0.236867603826,0.620148165688,0.737406938023
    ));
#947 = B_SPLINE_CURVE_WITH_KNOTS('',1,(#948,#949),.UNSPECIFIED.,.F.,.F.,
  (2,2),(-8.702773759636E-03,0.),.PIECEWISE_BEZIER_KNOTS.);
#948 = CARTESIAN_POINT('',(-0.236867603826,0.620148165688,0.737406938023
    ));
#949 = CARTESIAN_POINT('',(-0.245570158713,0.620156755678,0.737345817068
    ));
#950 = ORIENTED_EDGE('',*,*,#951,.F.);
#951 = EDGE_CURVE('',#952,#945,#954,.T.);
#952 = VERTEX_POINT('',#953);
#953 = CARTESIAN_POINT('',(-0.23076316429,0.617819545142,0.753975934146)
  );
#954 = B_SPLINE_CURVE_WITH_KNOTS('',1,(#955,#956),.UNSPECIFIED.,.F.,.F.,
  (2,2),(-1.781062290385E-02,0.),.PIECEWISE_BEZIER_KNOTS.);
#955 = CARTESIAN_POINT('',(-0.23076316429,0.617819545142,0.753975934146)
  );
#956 = CARTESIAN_POINT('',(-0.236867603826,0.620148165688,0.737406938023
    ));
#957 = ORIENTED_EDGE('',*,*,#958,.F.);
#958 = EDGE_CURVE('',#959,#952,#961,.T.);
#959 = VERTEX_POINT('',#960);
#960 = CARTESIAN_POINT('',(-0.205357318573,0.617794467914,0.7541543679)
  );
#961 = B_SPLINE_CURVE_WITH_KNOTS('',1,(#962,#963),.UNSPECIFIED.,.F.,.F.,
  (2,2),(-2.540648468536E-02,0.),.PIECEWISE_BEZIER_KNOTS.);
#962 = CARTESIAN_POINT('',(-0.205357318573,0.617794467914,0.7541543679)
  );
#963 = CARTESIAN_POINT('',(-0.23076316429,0.617819545142,0.753975934146)
  );
#964 = ORIENTED_EDGE('',*,*,#965,.F.);
#965 = EDGE_CURVE('',#966,#959,#968,.T.);
#966 = VERTEX_POINT('',#967);
#967 = CARTESIAN_POINT('',(-0.199374876322,0.620111157917,0.737670261991
    ));
#968 = B_SPLINE_CURVE_WITH_KNOTS('',1,(#969,#970),.UNSPECIFIED.,.F.,.F.,
  (2,2),(-1.768848256562E-02,0.),.PIECEWISE_BEZIER_KNOTS.);
#969 = CARTESIAN_POINT('',(-0.199374876322,0.620111157917,0.737670261991
    ));
#970 = CARTESIAN_POINT('',(-0.205357318573,0.617794467914,0.7541543679)
  );
#971 = ORIENTED_EDGE('',*,*,#972,.F.);
#972 = EDGE_CURVE('',#973,#966,#975,.T.);
#973 = VERTEX_POINT('',#974);
#974 = CARTESIAN_POINT('',(-0.190672321436,0.620102567927,0.737731382946
    ));
#975 = B_SPLINE_CURVE_WITH_KNOTS('',1,(#976,#977),.UNSPECIFIED.,.F.,.F.,
  (2,2),(-8.70277375922E-03,0.),.PIECEWISE_BEZIER_KNOTS.);
#976 = CARTESIAN_POINT('',(-0.190672321436,0.620102567927,0.737731382946
    ));
#977 = CARTESIAN_POINT('',(-0.199374876322,0.620111157917,0.737670261991
    ));
#978 = ORIENTED_EDGE('',*,*,#979,.F.);
#979 = EDGE_CURVE('',#931,#973,#980,.T.);
#980 = B_SPLINE_CURVE_WITH_KNOTS('',1,(#981,#982),.UNSPECIFIED.,.F.,.F.,
  (2,2),(-6.528872444851E-02,0.),.PIECEWISE_BEZIER_KNOTS.);
#981 = CARTESIAN_POINT('',(-0.214343041468,0.611634351265,0.797985875391
    ));
#982 = CARTESIAN_POINT('',(-0.190672321436,0.620102567927,0.737731382946
    ));
#983 = FACE_BOUND('',#984,.T.);
#984 = EDGE_LOOP('',(#985,#994,#1001,#1008,#1015,#1022,#1029,#1036,#1043
    ,#1050,#1057,#1064));
#985 = ORIENTED_EDGE('',*,*,#986,.F.);
#986 = EDGE_CURVE('',#987,#989,#991,.T.);
#987 = VERTEX_POINT('',#988);
#988 = CARTESIAN_POINT('',(-3.289013578028E-02,0.632449768265,
    0.64987648751));
#989 = VERTEX_POINT('',#990);
#990 = CARTESIAN_POINT('',(-7.952169358345E-03,0.632425152863,
    0.650051635191));
#991 = B_SPLINE_CURVE_WITH_KNOTS('',1,(#992,#993),.UNSPECIFIED.,.F.,.F.,
  (2,2),(-2.493859362293E-02,0.),.PIECEWISE_BEZIER_KNOTS.);
#992 = CARTESIAN_POINT('',(-3.289013578028E-02,0.632449768265,
    0.64987648751));
#993 = CARTESIAN_POINT('',(-7.952169358345E-03,0.632425152863,
    0.650051635191));
#994 = ORIENTED_EDGE('',*,*,#995,.F.);
#995 = EDGE_CURVE('',#996,#987,#998,.T.);
#996 = VERTEX_POINT('',#997);
#997 = CARTESIAN_POINT('',(-3.284080272514E-02,0.633417829288,
    0.642988375412));
#998 = B_SPLINE_CURVE_WITH_KNOTS('',1,(#999,#1000),.UNSPECIFIED.,.F.,.F.
  ,(2,2),(-6.955980460136E-03,0.),.PIECEWISE_BEZIER_KNOTS.);
#999 = CARTESIAN_POINT('',(-3.284080272514E-02,0.633417829288,
    0.642988375412));
#1000 = CARTESIAN_POINT('',(-3.289013578028E-02,0.632449768265,
    0.64987648751));
#1001 = ORIENTED_EDGE('',*,*,#1002,.F.);
#1002 = EDGE_CURVE('',#1003,#996,#1005,.T.);
#1003 = VERTEX_POINT('',#1004);
#1004 = CARTESIAN_POINT('',(-2.68681712592E-05,0.633385439792,
    0.643218838653));
#1005 = B_SPLINE_CURVE_WITH_KNOTS('',1,(#1006,#1007),.UNSPECIFIED.,.F.,
  .F.,(2,2),(-3.2814759839E-02,0.),.PIECEWISE_BEZIER_KNOTS.);
#1006 = CARTESIAN_POINT('',(-2.686817125919E-05,0.633385439792,
    0.643218838653));
#1007 = CARTESIAN_POINT('',(-3.284080272514E-02,0.633417829288,
    0.642988375412));
#1008 = ORIENTED_EDGE('',*,*,#1009,.F.);
#1009 = EDGE_CURVE('',#1010,#1003,#1012,.T.);
#1010 = VERTEX_POINT('',#1011);
#1011 = CARTESIAN_POINT('',(-4.595832198891E-04,0.624894285701,
    0.703636539381));
#1012 = B_SPLINE_CURVE_WITH_KNOTS('',1,(#1013,#1014),.UNSPECIFIED.,.F.,
  .F.,(2,2),(-6.10129945294E-02,0.),.PIECEWISE_BEZIER_KNOTS.);
#1013 = CARTESIAN_POINT('',(-4.595832198891E-04,0.624894285701,
    0.703636539381));
#1014 = CARTESIAN_POINT('',(-2.68681712592E-05,0.633385439792,
    0.643218838653));
#1015 = ORIENTED_EDGE('',*,*,#1016,.F.);
#1016 = EDGE_CURVE('',#1017,#1010,#1019,.T.);
#1017 = VERTEX_POINT('',#1018);
#1018 = CARTESIAN_POINT('',(-3.188547586528E-02,0.624925305109,
    0.703415824824));
#1019 = B_SPLINE_CURVE_WITH_KNOTS('',1,(#1020,#1021),.UNSPECIFIED.,.F.,
  .F.,(2,2),(-3.142668302063E-02,0.),.PIECEWISE_BEZIER_KNOTS.);
#1020 = CARTESIAN_POINT('',(-3.188547586528E-02,0.624925305109,
    0.703415824824));
#1021 = CARTESIAN_POINT('',(-4.595832198891E-04,0.624894285701,
    0.703636539381));
#1022 = ORIENTED_EDGE('',*,*,#1023,.F.);
#1023 = EDGE_CURVE('',#1024,#1017,#1026,.T.);
#1024 = VERTEX_POINT('',#1025);
#1025 = CARTESIAN_POINT('',(-3.183570036122E-02,0.625902048295,
    0.696465935936));
#1026 = B_SPLINE_CURVE_WITH_KNOTS('',1,(#1027,#1028),.UNSPECIFIED.,.F.,
  .F.,(2,2),(-7.018365935043E-03,0.),.PIECEWISE_BEZIER_KNOTS.);
#1027 = CARTESIAN_POINT('',(-3.183570036122E-02,0.625902048295,
    0.696465935936));
#1028 = CARTESIAN_POINT('',(-3.188547586528E-02,0.624925305109,
    0.703415824824));
#1029 = ORIENTED_EDGE('',*,*,#1030,.F.);
#1030 = EDGE_CURVE('',#1031,#1024,#1033,.T.);
#1031 = VERTEX_POINT('',#1032);
#1032 = CARTESIAN_POINT('',(-8.28577584778E-03,0.625878802981,
    0.696631334935));
#1033 = B_SPLINE_CURVE_WITH_KNOTS('',1,(#1034,#1035),.UNSPECIFIED.,.F.,
  .F.,(2,2),(-2.355051680456E-02,0.),.PIECEWISE_BEZIER_KNOTS.);
#1034 = CARTESIAN_POINT('',(-8.28577584778E-03,0.625878802981,
    0.696631334935));
#1035 = CARTESIAN_POINT('',(-3.183570036122E-02,0.625902048295,
    0.696465935936));
#1036 = ORIENTED_EDGE('',*,*,#1037,.F.);
#1037 = EDGE_CURVE('',#1038,#1031,#1040,.T.);
#1038 = VERTEX_POINT('',#1039);
#1039 = CARTESIAN_POINT('',(-8.14728933426E-03,0.628596319577,
    0.67729519963));
#1040 = B_SPLINE_CURVE_WITH_KNOTS('',1,(#1041,#1042),.UNSPECIFIED.,.F.,
  .F.,(2,2),(-1.952665366864E-02,0.),.PIECEWISE_BEZIER_KNOTS.);
#1041 = CARTESIAN_POINT('',(-8.14728933426E-03,0.628596319577,
    0.67729519963));
#1042 = CARTESIAN_POINT('',(-8.28577584778E-03,0.625878802981,
    0.696631334935));
#1043 = ORIENTED_EDGE('',*,*,#1044,.F.);
#1044 = EDGE_CURVE('',#1045,#1038,#1047,.T.);
#1045 = VERTEX_POINT('',#1046);
#1046 = CARTESIAN_POINT('',(-2.996606045641E-02,0.628617856129,
    0.677141959101));
#1047 = B_SPLINE_CURVE_WITH_KNOTS('',1,(#1048,#1049),.UNSPECIFIED.,.F.,
  .F.,(2,2),(-2.1819319874E-02,0.),.PIECEWISE_BEZIER_KNOTS.);
#1048 = CARTESIAN_POINT('',(-2.996606045641E-02,0.628617856129,
    0.677141959101));
#1049 = CARTESIAN_POINT('',(-8.14728933426E-03,0.628596319577,
    0.67729519963));
#1050 = ORIENTED_EDGE('',*,*,#1051,.F.);
#1051 = EDGE_CURVE('',#1052,#1045,#1054,.T.);
#1052 = VERTEX_POINT('',#1053);
#1053 = CARTESIAN_POINT('',(-2.991650617682E-02,0.629590258233,
    0.670222958608));
#1054 = B_SPLINE_CURVE_WITH_KNOTS('',1,(#1055,#1056),.UNSPECIFIED.,.F.,
  .F.,(2,2),(-6.987173197589E-03,0.),.PIECEWISE_BEZIER_KNOTS.);
#1055 = CARTESIAN_POINT('',(-2.991650617682E-02,0.629590258233,
    0.670222958608));
#1056 = CARTESIAN_POINT('',(-2.996606045641E-02,0.628617856129,
    0.677141959101));
#1057 = ORIENTED_EDGE('',*,*,#1058,.F.);
#1058 = EDGE_CURVE('',#1059,#1052,#1061,.T.);
#1059 = VERTEX_POINT('',#1060);
#1060 = CARTESIAN_POINT('',(-8.097735054662E-03,0.629568721681,
    0.670376199138));
#1061 = B_SPLINE_CURVE_WITH_KNOTS('',1,(#1062,#1063),.UNSPECIFIED.,.F.,
  .F.,(2,2),(-2.1819319874E-02,0.),.PIECEWISE_BEZIER_KNOTS.);
#1062 = CARTESIAN_POINT('',(-8.097735054662E-03,0.629568721681,
    0.670376199138));
#1063 = CARTESIAN_POINT('',(-2.991650617682E-02,0.629590258233,
    0.670222958608));
#1064 = ORIENTED_EDGE('',*,*,#1065,.F.);
#1065 = EDGE_CURVE('',#989,#1059,#1066,.T.);
#1066 = B_SPLINE_CURVE_WITH_KNOTS('',1,(#1067,#1068),.UNSPECIFIED.,.F.,
  .F.,(2,2),(-2.052482126799E-02,0.),.PIECEWISE_BEZIER_KNOTS.);
#1067 = CARTESIAN_POINT('',(-7.952169358345E-03,0.632425152863,
    0.650051635191));
#1068 = CARTESIAN_POINT('',(-8.097735054662E-03,0.629568721681,
    0.670376199138));
#1069 = FACE_BOUND('',#1070,.T.);
#1070 = EDGE_LOOP('',(#1071,#1082,#1089,#1096,#1103,#1112,#1121));
#1071 = ORIENTED_EDGE('',*,*,#1072,.F.);
#1072 = EDGE_CURVE('',#1073,#1075,#1077,.T.);
#1073 = VERTEX_POINT('',#1074);
#1074 = CARTESIAN_POINT('',(-0.230114309461,0.633612551122,
    0.641602857576));
#1075 = VERTEX_POINT('',#1076);
#1076 = CARTESIAN_POINT('',(-0.253865213265,0.632446478837,
    0.649899893001));
#1077 = B_SPLINE_CURVE_WITH_KNOTS('',3,(#1078,#1079,#1080,#1081),
  .UNSPECIFIED.,.F.,.F.,(4,4),(5.,6.),.PIECEWISE_BEZIER_KNOTS.);
#1078 = CARTESIAN_POINT('',(-0.230114309461,0.633612551122,
    0.641602857576));
#1079 = CARTESIAN_POINT('',(-0.239768218914,0.633622080161,
    0.641535054941));
#1080 = CARTESIAN_POINT('',(-0.247695510425,0.633234846689,0.64429036426
    ));
#1081 = CARTESIAN_POINT('',(-0.253865213265,0.632446478837,
    0.649899893001));
#1082 = ORIENTED_EDGE('',*,*,#1083,.F.);
#1083 = EDGE_CURVE('',#1084,#1073,#1086,.T.);
#1084 = VERTEX_POINT('',#1085);
#1085 = CARTESIAN_POINT('',(-0.213333038748,0.633595986912,
    0.641720718055));
#1086 = B_SPLINE_CURVE_WITH_KNOTS('',1,(#1087,#1088),.UNSPECIFIED.,.F.,
  .F.,(2,2),(-1.678169276936E-02,-2.853460473048E-17),
  .PIECEWISE_BEZIER_KNOTS.);
#1087 = CARTESIAN_POINT('',(-0.213333038748,0.633595986912,
    0.641720718055));
#1088 = CARTESIAN_POINT('',(-0.230114309461,0.633612551122,
    0.641602857576));
#1089 = ORIENTED_EDGE('',*,*,#1090,.F.);
#1090 = EDGE_CURVE('',#1091,#1084,#1093,.T.);
#1091 = VERTEX_POINT('',#1092);
#1092 = CARTESIAN_POINT('',(-0.213765753797,0.62510483282,0.702138418783
    ));
#1093 = B_SPLINE_CURVE_WITH_KNOTS('',1,(#1094,#1095),.UNSPECIFIED.,.F.,
  .F.,(2,2),(-6.10129945294E-02,0.),.PIECEWISE_BEZIER_KNOTS.);
#1094 = CARTESIAN_POINT('',(-0.213765753797,0.62510483282,0.702138418783
    ));
#1095 = CARTESIAN_POINT('',(-0.213333038748,0.633595986912,
    0.641720718055));
#1096 = ORIENTED_EDGE('',*,*,#1097,.F.);
#1097 = EDGE_CURVE('',#1098,#1091,#1100,.T.);
#1098 = VERTEX_POINT('',#1099);
#1099 = CARTESIAN_POINT('',(-0.231170863569,0.6251220128,0.702016176875)
  );
#1100 = B_SPLINE_CURVE_WITH_KNOTS('',1,(#1101,#1102),.UNSPECIFIED.,.F.,
  .F.,(2,2),(-1.740554751886E-02,-2.775487756806E-17),
  .PIECEWISE_BEZIER_KNOTS.);
#1101 = CARTESIAN_POINT('',(-0.231170863569,0.6251220128,0.702016176875)
  );
#1102 = CARTESIAN_POINT('',(-0.213765753797,0.62510483282,0.702138418783
    ));
#1103 = ORIENTED_EDGE('',*,*,#1104,.F.);
#1104 = EDGE_CURVE('',#1105,#1098,#1107,.T.);
#1105 = VERTEX_POINT('',#1106);
#1106 = CARTESIAN_POINT('',(-0.254180015675,0.626269120825,
    0.693854079165));
#1107 = B_SPLINE_CURVE_WITH_KNOTS('',3,(#1108,#1109,#1110,#1111),
  .UNSPECIFIED.,.F.,.F.,(4,4),(2.,3.),.PIECEWISE_BEZIER_KNOTS.);
#1108 = CARTESIAN_POINT('',(-0.254180015675,0.626269120825,
    0.693854079165));
#1109 = CARTESIAN_POINT('',(-0.248089068744,0.625512063904,
    0.699240819064));
#1110 = CARTESIAN_POINT('',(-0.240419277633,0.625131141589,
    0.701951222169));
#1111 = CARTESIAN_POINT('',(-0.231170863569,0.6251220128,0.702016176875)
  );
#1112 = ORIENTED_EDGE('',*,*,#1113,.F.);
#1113 = EDGE_CURVE('',#1114,#1105,#1116,.T.);
#1114 = VERTEX_POINT('',#1115);
#1115 = CARTESIAN_POINT('',(-0.263228112033,0.629290913523,
    0.672352906898));
#1116 = B_SPLINE_CURVE_WITH_KNOTS('',3,(#1117,#1118,#1119,#1120),
  .UNSPECIFIED.,.F.,.F.,(4,4),(3.,4.),.PIECEWISE_BEZIER_KNOTS.);
#1117 = CARTESIAN_POINT('',(-0.263228112033,0.629290913523,
    0.672352906898));
#1118 = CARTESIAN_POINT('',(-0.263292267127,0.628032000084,
    0.681310541464));
#1119 = CARTESIAN_POINT('',(-0.260270962608,0.627026177747,
    0.688467339267));
#1120 = CARTESIAN_POINT('',(-0.254180015675,0.626269120825,
    0.693854079165));
#1121 = ORIENTED_EDGE('',*,*,#1122,.F.);
#1122 = EDGE_CURVE('',#1075,#1114,#1123,.T.);
#1123 = B_SPLINE_CURVE_WITH_KNOTS('',3,(#1124,#1125,#1126,#1127),
  .UNSPECIFIED.,.F.,.F.,(4,4),(4.,5.),.PIECEWISE_BEZIER_KNOTS.);
#1124 = CARTESIAN_POINT('',(-0.253865213265,0.632446478837,
    0.649899893001));
#1125 = CARTESIAN_POINT('',(-0.260034916106,0.631658110986,
    0.655509421743));
#1126 = CARTESIAN_POINT('',(-0.263161081021,0.630606261012,
    0.662993723196));
#1127 = CARTESIAN_POINT('',(-0.263228112033,0.629290913523,
    0.672352906898));
#1128 = FACE_BOUND('',#1129,.T.);
#1129 = EDGE_LOOP('',(#1130,#1141,#1150,#1159,#1168,#1175,#1184,#1193,
    #1202,#1209,#1218,#1227,#1236,#1245,#1254,#1263,#1272,#1281,#1290,
    #1299,#1306,#1313,#1320,#1329,#1338,#1347,#1356,#1365,#1374,#1383,
    #1392,#1401,#1410));
#1130 = ORIENTED_EDGE('',*,*,#1131,.F.);
#1131 = EDGE_CURVE('',#1132,#1134,#1136,.T.);
#1132 = VERTEX_POINT('',#1133);
#1133 = CARTESIAN_POINT('',(9.20528163201E-02,0.616962575155,
    0.760073592445));
#1134 = VERTEX_POINT('',#1135);
#1135 = CARTESIAN_POINT('',(0.115234177746,0.612170125939,0.794173640497
    ));
#1136 = B_SPLINE_CURVE_WITH_KNOTS('',3,(#1137,#1138,#1139,#1140),
  .UNSPECIFIED.,.F.,.F.,(4,4),(0.,1.),.PIECEWISE_BEZIER_KNOTS.);
#1137 = CARTESIAN_POINT('',(9.20528163201E-02,0.616962575155,
    0.760073592445));
#1138 = CARTESIAN_POINT('',(9.673215056288E-02,0.615146728129,
    0.772994015399));
#1139 = CARTESIAN_POINT('',(0.104891009659,0.613508569521,0.78465011956)
  );
#1140 = CARTESIAN_POINT('',(0.115234177746,0.612170125939,0.794173640497
    ));
#1141 = ORIENTED_EDGE('',*,*,#1142,.F.);
#1142 = EDGE_CURVE('',#1143,#1132,#1145,.T.);
#1143 = VERTEX_POINT('',#1144);
#1144 = CARTESIAN_POINT('',(4.951111658247E-02,0.624913594405,
    0.703499150814));
#1145 = B_SPLINE_CURVE_WITH_KNOTS('',3,(#1146,#1147,#1148,#1149),
  .UNSPECIFIED.,.F.,.F.,(4,4),(35.,36.),.PIECEWISE_BEZIER_KNOTS.);
#1146 = CARTESIAN_POINT('',(4.951111658247E-02,0.624913594405,
    0.703499150814));
#1147 = CARTESIAN_POINT('',(4.976030173772E-02,0.621290894309,
    0.729276001387));
#1148 = CARTESIAN_POINT('',(6.738244885723E-02,0.61807366289,
    0.752167792423));
#1149 = CARTESIAN_POINT('',(9.20528163201E-02,0.616962575155,
    0.760073592445));
#1150 = ORIENTED_EDGE('',*,*,#1151,.F.);
#1151 = EDGE_CURVE('',#1152,#1143,#1154,.T.);
#1152 = VERTEX_POINT('',#1153);
#1153 = CARTESIAN_POINT('',(6.585344699488E-02,0.630633019483,
    0.662803326788));
#1154 = B_SPLINE_CURVE_WITH_KNOTS('',3,(#1155,#1156,#1157,#1158),
  .UNSPECIFIED.,.F.,.F.,(4,4),(34.,35.),.PIECEWISE_BEZIER_KNOTS.);
#1155 = CARTESIAN_POINT('',(6.585344699488E-02,0.630633019483,
    0.662803326788));
#1156 = CARTESIAN_POINT('',(5.536260407864E-02,0.629073644428,
    0.673898856835));
#1157 = CARTESIAN_POINT('',(4.96187961734E-02,0.627026587706,
    0.688464422254));
#1158 = CARTESIAN_POINT('',(4.951111658247E-02,0.624913594405,
    0.703499150814));
#1159 = ORIENTED_EDGE('',*,*,#1160,.F.);
#1160 = EDGE_CURVE('',#1161,#1152,#1163,.T.);
#1161 = VERTEX_POINT('',#1162);
#1162 = CARTESIAN_POINT('',(0.10546634252,0.633310761295,0.643750203768)
  );
#1163 = B_SPLINE_CURVE_WITH_KNOTS('',3,(#1164,#1165,#1166,#1167),
  .UNSPECIFIED.,.F.,.F.,(4,4),(33.,34.),.PIECEWISE_BEZIER_KNOTS.);
#1164 = CARTESIAN_POINT('',(0.10546634252,0.633310761295,0.643750203768)
  );
#1165 = CARTESIAN_POINT('',(9.027462942007E-02,0.633144634147,
    0.644932259849));
#1166 = CARTESIAN_POINT('',(7.634427336311E-02,0.632192394553,
    0.651707796624));
#1167 = CARTESIAN_POINT('',(6.585344699488E-02,0.630633019483,
    0.662803326788));
#1168 = ORIENTED_EDGE('',*,*,#1169,.F.);
#1169 = EDGE_CURVE('',#1170,#1161,#1172,.T.);
#1170 = VERTEX_POINT('',#1171);
#1171 = CARTESIAN_POINT('',(0.131059661827,0.633285499018,0.643929954212
    ));
#1172 = B_SPLINE_CURVE_WITH_KNOTS('',1,(#1173,#1174),.UNSPECIFIED.,.F.,
  .F.,(2,2),(-2.429257784641E-02,1.301385144039E-03),
  .PIECEWISE_BEZIER_KNOTS.);
#1173 = CARTESIAN_POINT('',(0.131059661827,0.633285499018,0.643929954212
    ));
#1174 = CARTESIAN_POINT('',(0.10546634252,0.633310761295,0.643750203768)
  );
#1175 = ORIENTED_EDGE('',*,*,#1176,.F.);
#1176 = EDGE_CURVE('',#1177,#1170,#1179,.T.);
#1177 = VERTEX_POINT('',#1178);
#1178 = CARTESIAN_POINT('',(0.143544067138,0.631401574524,0.657334773518
    ));
#1179 = B_SPLINE_CURVE_WITH_KNOTS('',3,(#1180,#1181,#1182,#1183),
  .UNSPECIFIED.,.F.,.F.,(4,4),(28.,29.),.PIECEWISE_BEZIER_KNOTS.);
#1180 = CARTESIAN_POINT('',(0.143544067138,0.631401574524,0.657334773518
    ));
#1181 = CARTESIAN_POINT('',(0.143593292047,0.632367513397,0.650461761302
    ));
#1182 = CARTESIAN_POINT('',(0.137997159104,0.633218277903,0.644408257302
    ));
#1183 = CARTESIAN_POINT('',(0.131059661827,0.633285499018,0.643929954212
    ));
#1184 = ORIENTED_EDGE('',*,*,#1185,.F.);
#1185 = EDGE_CURVE('',#1186,#1177,#1188,.T.);
#1186 = VERTEX_POINT('',#1187);
#1187 = CARTESIAN_POINT('',(0.130001357973,0.629543340491,0.670556795692
    ));
#1188 = B_SPLINE_CURVE_WITH_KNOTS('',3,(#1189,#1190,#1191,#1192),
  .UNSPECIFIED.,.F.,.F.,(4,4),(27.,28.),.PIECEWISE_BEZIER_KNOTS.);
#1189 = CARTESIAN_POINT('',(0.130001357973,0.629543340491,0.670556795692
    ));
#1190 = CARTESIAN_POINT('',(0.137375710384,0.629536061524,0.670608588236
    ));
#1191 = CARTESIAN_POINT('',(0.143491765717,0.630375265334,0.664637342852
    ));
#1192 = CARTESIAN_POINT('',(0.143544067138,0.631401574524,0.657334773518
    ));
#1193 = ORIENTED_EDGE('',*,*,#1194,.F.);
#1194 = EDGE_CURVE('',#1195,#1186,#1197,.T.);
#1195 = VERTEX_POINT('',#1196);
#1196 = CARTESIAN_POINT('',(0.127401729657,0.629606279847,0.670108958907
    ));
#1197 = B_SPLINE_CURVE_WITH_KNOTS('',3,(#1198,#1199,#1200,#1201),
  .UNSPECIFIED.,.F.,.F.,(4,4),(26.,27.),.PIECEWISE_BEZIER_KNOTS.);
#1198 = CARTESIAN_POINT('',(0.127401729657,0.629606279847,0.670108958907
    ));
#1199 = CARTESIAN_POINT('',(0.128269303449,0.629605423495,0.670115052168
    ));
#1200 = CARTESIAN_POINT('',(0.129133800728,0.629544196827,0.670550702547
    ));
#1201 = CARTESIAN_POINT('',(0.130001357973,0.629543340491,0.670556795692
    ));
#1202 = ORIENTED_EDGE('',*,*,#1203,.F.);
#1203 = EDGE_CURVE('',#1204,#1195,#1206,.T.);
#1204 = VERTEX_POINT('',#1205);
#1205 = CARTESIAN_POINT('',(0.107881393799,0.629625547693,0.669971861057
    ));
#1206 = B_SPLINE_CURVE_WITH_KNOTS('',1,(#1207,#1208),.UNSPECIFIED.,.F.,
  .F.,(2,2),(-1.376785527778E-17,1.952082680275E-02),
  .PIECEWISE_BEZIER_KNOTS.);
#1207 = CARTESIAN_POINT('',(0.107881393799,0.629625547693,0.669971861057
    ));
#1208 = CARTESIAN_POINT('',(0.127401729657,0.629606279847,0.670108958907
    ));
#1209 = ORIENTED_EDGE('',*,*,#1210,.F.);
#1210 = EDGE_CURVE('',#1211,#1204,#1213,.T.);
#1211 = VERTEX_POINT('',#1212);
#1212 = CARTESIAN_POINT('',(7.640888148149E-02,0.62494742021,
    0.703258467702));
#1213 = B_SPLINE_CURVE_WITH_KNOTS('',3,(#1214,#1215,#1216,#1217),
  .UNSPECIFIED.,.F.,.F.,(4,4),(24.,25.),.PIECEWISE_BEZIER_KNOTS.);
#1214 = CARTESIAN_POINT('',(7.640888148149E-02,0.62494742021,
    0.703258467702));
#1215 = CARTESIAN_POINT('',(7.653502044261E-02,0.627422641165,
    0.685646355465));
#1216 = CARTESIAN_POINT('',(9.008695932281E-02,0.6294619896,
    0.671135637356));
#1217 = CARTESIAN_POINT('',(0.107881393799,0.629625547693,0.669971861057
    ));
#1218 = ORIENTED_EDGE('',*,*,#1219,.F.);
#1219 = EDGE_CURVE('',#1220,#1211,#1222,.T.);
#1220 = VERTEX_POINT('',#1221);
#1221 = CARTESIAN_POINT('',(0.110004155355,0.620205066574,0.737002067178
    ));
#1222 = B_SPLINE_CURVE_WITH_KNOTS('',3,(#1223,#1224,#1225,#1226),
  .UNSPECIFIED.,.F.,.F.,(4,4),(23.,24.),.PIECEWISE_BEZIER_KNOTS.);
#1223 = CARTESIAN_POINT('',(0.110004155355,0.620205066574,0.737002067178
    ));
#1224 = CARTESIAN_POINT('',(9.135139328988E-02,0.620223478068,
    0.736871062589));
#1225 = CARTESIAN_POINT('',(7.62765894361E-02,0.622351457472,
    0.721729702369));
#1226 = CARTESIAN_POINT('',(7.640888148149E-02,0.62494742021,
    0.703258467702));
#1227 = ORIENTED_EDGE('',*,*,#1228,.F.);
#1228 = EDGE_CURVE('',#1229,#1220,#1231,.T.);
#1229 = VERTEX_POINT('',#1230);
#1230 = CARTESIAN_POINT('',(0.113474433976,0.620201641183,0.737026440105
    ));
#1231 = B_SPLINE_CURVE_WITH_KNOTS('',3,(#1232,#1233,#1234,#1235),
  .UNSPECIFIED.,.F.,.F.,(4,4),(22.,23.),.PIECEWISE_BEZIER_KNOTS.);
#1232 = CARTESIAN_POINT('',(0.113474433976,0.620201641183,0.737026440105
    ));
#1233 = CARTESIAN_POINT('',(0.112173081562,0.620202925703,0.737017300272
    ));
#1234 = CARTESIAN_POINT('',(0.11130550777,0.620203782054,0.737011207011)
  );
#1235 = CARTESIAN_POINT('',(0.110004155355,0.620205066574,0.737002067178
    ));
#1236 = ORIENTED_EDGE('',*,*,#1237,.F.);
#1237 = EDGE_CURVE('',#1238,#1229,#1240,.T.);
#1238 = VERTEX_POINT('',#1239);
#1239 = CARTESIAN_POINT('',(0.173819797788,0.612595292125,0.791148425889
    ));
#1240 = B_SPLINE_CURVE_WITH_KNOTS('',3,(#1241,#1242,#1243,#1244),
  .UNSPECIFIED.,.F.,.F.,(4,4),(21.,22.),.PIECEWISE_BEZIER_KNOTS.);
#1241 = CARTESIAN_POINT('',(0.173819797788,0.612595292125,0.791148425889
    ));
#1242 = CARTESIAN_POINT('',(0.142587257106,0.612626120682,0.790929069307
    ));
#1243 = CARTESIAN_POINT('',(0.116729353415,0.615972229189,0.767120270152
    ));
#1244 = CARTESIAN_POINT('',(0.113474433976,0.620201641183,0.737026440105
    ));
#1245 = ORIENTED_EDGE('',*,*,#1246,.F.);
#1246 = EDGE_CURVE('',#1247,#1238,#1249,.T.);
#1247 = VERTEX_POINT('',#1248);
#1248 = CARTESIAN_POINT('',(0.232242359761,0.618333552316,0.750318583069
    ));
#1249 = B_SPLINE_CURVE_WITH_KNOTS('',3,(#1250,#1251,#1252,#1253),
  .UNSPECIFIED.,.F.,.F.,(4,4),(20.,21.),.PIECEWISE_BEZIER_KNOTS.);
#1250 = CARTESIAN_POINT('',(0.232242359761,0.618333552316,0.750318583069
    ));
#1251 = CARTESIAN_POINT('',(0.223828162924,0.614960901561,0.774316240134
    ));
#1252 = CARTESIAN_POINT('',(0.201148264679,0.612568317144,0.791340362855
    ));
#1253 = CARTESIAN_POINT('',(0.173819797788,0.612595292125,0.791148425889
    ));
#1254 = ORIENTED_EDGE('',*,*,#1255,.F.);
#1255 = EDGE_CURVE('',#1256,#1247,#1258,.T.);
#1256 = VERTEX_POINT('',#1257);
#1257 = CARTESIAN_POINT('',(0.255186825844,0.61740529052,0.756923508943)
  );
#1258 = B_SPLINE_CURVE_WITH_KNOTS('',3,(#1259,#1260,#1261,#1262),
  .UNSPECIFIED.,.F.,.F.,(4,4),(19.,20.),.PIECEWISE_BEZIER_KNOTS.);
#1259 = CARTESIAN_POINT('',(0.255186825844,0.61740529052,0.756923508943)
  );
#1260 = CARTESIAN_POINT('',(0.246944907914,0.617413425831,0.756865623196
    ));
#1261 = CARTESIAN_POINT('',(0.238721449354,0.617783788796,0.754230353772
    ));
#1262 = CARTESIAN_POINT('',(0.232242359761,0.618333552316,0.750318583069
    ));
#1263 = ORIENTED_EDGE('',*,*,#1264,.F.);
#1264 = EDGE_CURVE('',#1265,#1256,#1267,.T.);
#1265 = VERTEX_POINT('',#1266);
#1266 = CARTESIAN_POINT('',(0.298873005946,0.623399596802,0.714271803517
    ));
#1267 = B_SPLINE_CURVE_WITH_KNOTS('',3,(#1268,#1269,#1270,#1271),
  .UNSPECIFIED.,.F.,.F.,(4,4),(18.,19.),.PIECEWISE_BEZIER_KNOTS.);
#1268 = CARTESIAN_POINT('',(0.298873005946,0.623399596802,0.714271803517
    ));
#1269 = CARTESIAN_POINT('',(0.29870379516,0.620079178757,0.737897805539)
  );
#1270 = CARTESIAN_POINT('',(0.279045014114,0.61738174093,0.757091072981)
  );
#1271 = CARTESIAN_POINT('',(0.255186825844,0.61740529052,0.756923508943)
  );
#1272 = ORIENTED_EDGE('',*,*,#1273,.F.);
#1273 = EDGE_CURVE('',#1274,#1265,#1276,.T.);
#1274 = VERTEX_POINT('',#1275);
#1275 = CARTESIAN_POINT('',(0.273128934988,0.628979441545,0.67456914518)
  );
#1276 = B_SPLINE_CURVE_WITH_KNOTS('',3,(#1277,#1278,#1279,#1280),
  .UNSPECIFIED.,.F.,.F.,(4,4),(17.,18.),.PIECEWISE_BEZIER_KNOTS.);
#1277 = CARTESIAN_POINT('',(0.273128934988,0.628979441545,0.67456914518)
  );
#1278 = CARTESIAN_POINT('',(0.288262193466,0.627998515417,0.681548797249
    ));
#1279 = CARTESIAN_POINT('',(0.298999144907,0.625874817757,0.69665969128)
  );
#1280 = CARTESIAN_POINT('',(0.298873005946,0.623399596802,0.714271803517
    ));
#1281 = ORIENTED_EDGE('',*,*,#1282,.F.);
#1282 = EDGE_CURVE('',#1283,#1274,#1285,.T.);
#1283 = VERTEX_POINT('',#1284);
#1284 = CARTESIAN_POINT('',(0.232150071008,0.625035188049,0.702633967082
    ));
#1285 = B_SPLINE_CURVE_WITH_KNOTS('',3,(#1286,#1287,#1288,#1289),
  .UNSPECIFIED.,.F.,.F.,(4,4),(16.,17.),.PIECEWISE_BEZIER_KNOTS.);
#1286 = CARTESIAN_POINT('',(0.232150071008,0.625035188049,0.702633967082
    ));
#1287 = CARTESIAN_POINT('',(0.250802841348,0.625016776546,0.702764971729
    ));
#1288 = CARTESIAN_POINT('',(0.26693903396,0.62669132828,0.690849917022)
  );
#1289 = CARTESIAN_POINT('',(0.273128934988,0.628979441545,0.67456914518)
  );
#1290 = ORIENTED_EDGE('',*,*,#1291,.F.);
#1291 = EDGE_CURVE('',#1292,#1283,#1294,.T.);
#1292 = VERTEX_POINT('',#1293);
#1293 = CARTESIAN_POINT('',(0.199720780932,0.62711992296,0.687800307419)
  );
#1294 = B_SPLINE_CURVE_WITH_KNOTS('',3,(#1295,#1296,#1297,#1298),
  .UNSPECIFIED.,.F.,.F.,(4,4),(15.,16.),.PIECEWISE_BEZIER_KNOTS.);
#1295 = CARTESIAN_POINT('',(0.199720780932,0.62711992296,0.687800307419)
  );
#1296 = CARTESIAN_POINT('',(0.207464304199,0.625844419613,0.69687598531)
  );
#1297 = CARTESIAN_POINT('',(0.21913651377,0.62504803328,0.702542568516)
  );
#1298 = CARTESIAN_POINT('',(0.232150071008,0.625035188049,0.702633967082
    ));
#1299 = ORIENTED_EDGE('',*,*,#1300,.F.);
#1300 = EDGE_CURVE('',#1301,#1292,#1303,.T.);
#1301 = VERTEX_POINT('',#1302);
#1302 = CARTESIAN_POINT('',(0.141378201073,0.62295131172,0.717461517621)
  );
#1303 = B_SPLINE_CURVE_WITH_KNOTS('',1,(#1304,#1305),.UNSPECIFIED.,.F.,
  .F.,(2,2),(0.,6.558217238577E-02),.PIECEWISE_BEZIER_KNOTS.);
#1304 = CARTESIAN_POINT('',(0.141378201073,0.62295131172,0.717461517621)
  );
#1305 = CARTESIAN_POINT('',(0.199720780932,0.62711992296,0.687800307419)
  );
#1306 = ORIENTED_EDGE('',*,*,#1307,.F.);
#1307 = EDGE_CURVE('',#1308,#1301,#1310,.T.);
#1308 = VERTEX_POINT('',#1309);
#1309 = CARTESIAN_POINT('',(0.128093922914,0.62616426138,0.69460019289)
  );
#1310 = B_SPLINE_CURVE_WITH_KNOTS('',1,(#1311,#1312),.UNSPECIFIED.,.F.,
  .F.,(2,2),(0.,2.663522592649E-02),.PIECEWISE_BEZIER_KNOTS.);
#1311 = CARTESIAN_POINT('',(0.128093922914,0.62616426138,0.69460019289)
  );
#1312 = CARTESIAN_POINT('',(0.141378201073,0.62295131172,0.717461517621)
  );
#1313 = ORIENTED_EDGE('',*,*,#1314,.F.);
#1314 = EDGE_CURVE('',#1315,#1308,#1317,.T.);
#1315 = VERTEX_POINT('',#1316);
#1316 = CARTESIAN_POINT('',(0.189051522102,0.63057178829,0.66323900936)
  );
#1317 = B_SPLINE_CURVE_WITH_KNOTS('',1,(#1318,#1319),.UNSPECIFIED.,.F.,
  .F.,(2,2),(0.,6.869336958323E-02),.PIECEWISE_BEZIER_KNOTS.);
#1318 = CARTESIAN_POINT('',(0.189051522102,0.63057178829,0.66323900936)
  );
#1319 = CARTESIAN_POINT('',(0.128093922914,0.62616426138,0.69460019289)
  );
#1320 = ORIENTED_EDGE('',*,*,#1321,.F.);
#1321 = EDGE_CURVE('',#1322,#1315,#1324,.T.);
#1322 = VERTEX_POINT('',#1323);
#1323 = CARTESIAN_POINT('',(0.1890822877,0.631175500662,0.658943372628)
  );
#1324 = B_SPLINE_CURVE_WITH_KNOTS('',3,(#1325,#1326,#1327,#1328),
  .UNSPECIFIED.,.F.,.F.,(4,4),(11.,12.),.PIECEWISE_BEZIER_KNOTS.);
#1325 = CARTESIAN_POINT('',(0.1890822877,0.631175500662,0.658943372628)
  );
#1326 = CARTESIAN_POINT('',(0.189073058044,0.630994387411,0.66023206037)
  );
#1327 = CARTESIAN_POINT('',(0.189063828388,0.63081327416,0.661520748112)
  );
#1328 = CARTESIAN_POINT('',(0.189051522102,0.63057178829,0.66323900936)
  );
#1329 = ORIENTED_EDGE('',*,*,#1330,.F.);
#1330 = EDGE_CURVE('',#1331,#1322,#1333,.T.);
#1331 = VERTEX_POINT('',#1332);
#1332 = CARTESIAN_POINT('',(0.232768467802,0.637169806944,0.616291667202
    ));
#1333 = B_SPLINE_CURVE_WITH_KNOTS('',3,(#1334,#1335,#1336,#1337),
  .UNSPECIFIED.,.F.,.F.,(4,4),(10.,11.),.PIECEWISE_BEZIER_KNOTS.);
#1334 = CARTESIAN_POINT('',(0.232768467802,0.637169806944,0.616291667202
    ));
#1335 = CARTESIAN_POINT('',(0.208910279532,0.637193356534,0.616124103164
    ));
#1336 = CARTESIAN_POINT('',(0.189251498485,0.634495918707,0.635317370606
    ));
#1337 = CARTESIAN_POINT('',(0.1890822877,0.631175500662,0.658943372628)
  );
#1338 = ORIENTED_EDGE('',*,*,#1339,.F.);
#1339 = EDGE_CURVE('',#1340,#1331,#1342,.T.);
#1340 = VERTEX_POINT('',#1341);
#1341 = CARTESIAN_POINT('',(0.273768863821,0.633023886708,0.64579142252)
  );
#1342 = B_SPLINE_CURVE_WITH_KNOTS('',3,(#1343,#1344,#1345,#1346),
  .UNSPECIFIED.,.F.,.F.,(4,4),(9.,10.),.PIECEWISE_BEZIER_KNOTS.);
#1343 = CARTESIAN_POINT('',(0.273768863821,0.633023886708,0.64579142252)
  );
#1344 = CARTESIAN_POINT('',(0.268252717247,0.635444302463,0.628569269543
    ));
#1345 = CARTESIAN_POINT('',(0.251855025037,0.637150967266,0.616425718479
    ));
#1346 = CARTESIAN_POINT('',(0.232768467802,0.637169806944,0.616291667202
    ));
#1347 = ORIENTED_EDGE('',*,*,#1348,.F.);
#1348 = EDGE_CURVE('',#1349,#1340,#1351,.T.);
#1349 = VERTEX_POINT('',#1350);
#1350 = CARTESIAN_POINT('',(0.308324008279,0.630091813835,0.666654205063
    ));
#1351 = B_SPLINE_CURVE_WITH_KNOTS('',3,(#1352,#1353,#1354,#1355),
  .UNSPECIFIED.,.F.,.F.,(4,4),(8.,9.),.PIECEWISE_BEZIER_KNOTS.);
#1352 = CARTESIAN_POINT('',(0.308324008279,0.630091813835,0.666654205063
    ));
#1353 = CARTESIAN_POINT('',(0.29885457128,0.631550144284,0.656277644744)
  );
#1354 = CARTESIAN_POINT('',(0.287191591364,0.632527643869,0.649322373796
    ));
#1355 = CARTESIAN_POINT('',(0.273768863821,0.633023886708,0.64579142252)
  );
#1356 = ORIENTED_EDGE('',*,*,#1357,.F.);
#1357 = EDGE_CURVE('',#1358,#1349,#1360,.T.);
#1358 = VERTEX_POINT('',#1359);
#1359 = CARTESIAN_POINT('',(0.326207642645,0.623493367042,0.713604593589
    ));
#1360 = B_SPLINE_CURVE_WITH_KNOTS('',3,(#1361,#1362,#1363,#1364),
  .UNSPECIFIED.,.F.,.F.,(4,4),(7.,8.),.PIECEWISE_BEZIER_KNOTS.);
#1361 = CARTESIAN_POINT('',(0.326207642645,0.623493367042,0.713604593589
    ));
#1362 = CARTESIAN_POINT('',(0.326330705034,0.62590821653,0.696422046664)
  );
#1363 = CARTESIAN_POINT('',(0.319943912292,0.628269118316,0.679623357574
    ));
#1364 = CARTESIAN_POINT('',(0.308324008279,0.630091813835,0.666654205063
    ));
#1365 = ORIENTED_EDGE('',*,*,#1366,.F.);
#1366 = EDGE_CURVE('',#1367,#1358,#1369,.T.);
#1367 = VERTEX_POINT('',#1368);
#1368 = CARTESIAN_POINT('',(0.305468996952,0.616631171016,0.762431655422
    ));
#1369 = B_SPLINE_CURVE_WITH_KNOTS('',3,(#1370,#1371,#1372,#1373),
  .UNSPECIFIED.,.F.,.F.,(4,4),(6.,7.),.PIECEWISE_BEZIER_KNOTS.);
#1370 = CARTESIAN_POINT('',(0.305468996952,0.616631171016,0.762431655422
    ));
#1371 = CARTESIAN_POINT('',(0.31857486233,0.618429462314,0.749636147971)
  );
#1372 = CARTESIAN_POINT('',(0.326075350599,0.620897404304,0.732075828256
    ));
#1373 = CARTESIAN_POINT('',(0.326207642645,0.623493367042,0.713604593589
    ));
#1374 = ORIENTED_EDGE('',*,*,#1375,.F.);
#1375 = EDGE_CURVE('',#1376,#1367,#1378,.T.);
#1376 = VERTEX_POINT('',#1377);
#1377 = CARTESIAN_POINT('',(0.255436019331,0.613782591568,0.782700351381
    ));
#1378 = B_SPLINE_CURVE_WITH_KNOTS('',3,(#1379,#1380,#1381,#1382),
  .UNSPECIFIED.,.F.,.F.,(4,4),(5.,6.),.PIECEWISE_BEZIER_KNOTS.);
#1379 = CARTESIAN_POINT('',(0.255436019331,0.613782591568,0.782700351381
    ));
#1380 = CARTESIAN_POINT('',(0.274088785534,0.61376418007,0.782831355999)
  );
#1381 = CARTESIAN_POINT('',(0.291926279454,0.61477293584,0.775653685732)
  );
#1382 = CARTESIAN_POINT('',(0.305468996952,0.616631171016,0.762431655422
    ));
#1383 = ORIENTED_EDGE('',*,*,#1384,.F.);
#1384 = EDGE_CURVE('',#1385,#1376,#1387,.T.);
#1385 = VERTEX_POINT('',#1386);
#1386 = CARTESIAN_POINT('',(0.245465115205,0.613913181934,0.781771152644
    ));
#1387 = B_SPLINE_CURVE_WITH_KNOTS('',3,(#1388,#1389,#1390,#1391),
  .UNSPECIFIED.,.F.,.F.,(4,4),(4.,5.),.PIECEWISE_BEZIER_KNOTS.);
#1388 = CARTESIAN_POINT('',(0.245465115205,0.613913181934,0.781771152644
    ));
#1389 = CARTESIAN_POINT('',(0.248932317254,0.613849385075,0.782225090883
    ));
#1390 = CARTESIAN_POINT('',(0.25196574071,0.613786016959,0.782675978454)
  );
#1391 = CARTESIAN_POINT('',(0.255436019331,0.613782591568,0.782700351381
    ));
#1392 = ORIENTED_EDGE('',*,*,#1393,.F.);
#1393 = EDGE_CURVE('',#1394,#1385,#1396,.T.);
#1394 = VERTEX_POINT('',#1395);
#1395 = CARTESIAN_POINT('',(0.226243197612,0.611275687111,0.800537903452
    ));
#1396 = B_SPLINE_CURVE_WITH_KNOTS('',3,(#1397,#1398,#1399,#1400),
  .UNSPECIFIED.,.F.,.F.,(4,4),(3.,4.),.PIECEWISE_BEZIER_KNOTS.);
#1397 = CARTESIAN_POINT('',(0.226243197612,0.611275687111,0.800537903452
    ));
#1398 = CARTESIAN_POINT('',(0.233654468749,0.611992863162,0.79543493069)
  );
#1399 = CARTESIAN_POINT('',(0.239773608868,0.612892437281,0.789034128245
    ));
#1400 = CARTESIAN_POINT('',(0.245465115205,0.613913181934,0.781771152644
    ));
#1401 = ORIENTED_EDGE('',*,*,#1402,.F.);
#1402 = EDGE_CURVE('',#1403,#1394,#1405,.T.);
#1403 = VERTEX_POINT('',#1404);
#1404 = CARTESIAN_POINT('',(0.174068982825,0.608972589726,0.816925292849
    ));
#1405 = B_SPLINE_CURVE_WITH_KNOTS('',3,(#1406,#1407,#1408,#1409),
  .UNSPECIFIED.,.F.,.F.,(4,4),(2.,3.),.PIECEWISE_BEZIER_KNOTS.);
#1406 = CARTESIAN_POINT('',(0.174068982825,0.608972589726,0.816925292849
    ));
#1407 = CARTESIAN_POINT('',(0.193155531787,0.608953750056,0.817059344068
    ));
#1408 = CARTESIAN_POINT('',(0.21098380017,0.609781392212,0.811170364132)
  );
#1409 = CARTESIAN_POINT('',(0.226243197612,0.611275687111,0.800537903452
    ));
#1410 = ORIENTED_EDGE('',*,*,#1411,.F.);
#1411 = EDGE_CURVE('',#1134,#1403,#1412,.T.);
#1412 = B_SPLINE_CURVE_WITH_KNOTS('',3,(#1413,#1414,#1415,#1416),
  .UNSPECIFIED.,.F.,.F.,(4,4),(1.,2.),.PIECEWISE_BEZIER_KNOTS.);
#1413 = CARTESIAN_POINT('',(0.115234177746,0.612170125939,0.794173640497
    ));
#1414 = CARTESIAN_POINT('',(0.131616487124,0.610161604302,0.808465014536
    ));
#1415 = CARTESIAN_POINT('',(0.152379720762,0.608993998444,0.816772961905
    ));
#1416 = CARTESIAN_POINT('',(0.174068982825,0.608972589726,0.816925292849
    ));
#1417 = B_SPLINE_SURFACE_WITH_KNOTS('',1,1,(
    (#1418,#1419)
    ,(#1420,#1421
    )),.UNSPECIFIED.,.F.,.F.,.F.,(2,2),(2,2),(-0.800486596563,
    0.800486596563),(4.346433689081E-02,0.42917671832),
  .PIECEWISE_BEZIER_KNOTS.);
#1418 = CARTESIAN_POINT('',(-0.800486596563,0.596319211798,
    0.906958755048));
#1419 = CARTESIAN_POINT('',(-0.800486596563,0.65,0.5250001));
#1420 = CARTESIAN_POINT('',(0.800486596563,0.596319211798,0.906958755048
    ));
#1421 = CARTESIAN_POINT('',(0.800486596563,0.65,0.5250001));
#1422 = ADVANCED_FACE('',(#1423),#1453,.T.);
#1423 = FACE_BOUND('',#1424,.T.);
#1424 = EDGE_LOOP('',(#1425,#1434,#1441,#1448));
#1425 = ORIENTED_EDGE('',*,*,#1426,.F.);
#1426 = EDGE_CURVE('',#1427,#1429,#1431,.T.);
#1427 = VERTEX_POINT('',#1428);
#1428 = CARTESIAN_POINT('',(-0.652968065906,0.546805808361,0.9500001));
#1429 = VERTEX_POINT('',#1430);
#1430 = CARTESIAN_POINT('',(-0.652968065906,-0.546805808361,0.9500001));
#1431 = B_SPLINE_CURVE_WITH_KNOTS('',1,(#1432,#1433),.UNSPECIFIED.,.F.,
  .F.,(2,2),(0.103194191639,1.196805808361),.PIECEWISE_BEZIER_KNOTS.);
#1432 = CARTESIAN_POINT('',(-0.652968065906,0.546805808361,0.9500001));
#1433 = CARTESIAN_POINT('',(-0.652968065906,-0.546805808361,0.9500001));
#1434 = ORIENTED_EDGE('',*,*,#1435,.T.);
#1435 = EDGE_CURVE('',#1427,#1436,#1438,.T.);
#1436 = VERTEX_POINT('',#1437);
#1437 = CARTESIAN_POINT('',(-0.746805808361,0.546805808361,0.9500001));
#1438 = B_SPLINE_CURVE_WITH_KNOTS('',1,(#1439,#1440),.UNSPECIFIED.,.F.,
  .F.,(2,2),(0.652968065906,0.746805808361),.PIECEWISE_BEZIER_KNOTS.);
#1439 = CARTESIAN_POINT('',(-0.652968065906,0.546805808361,0.9500001));
#1440 = CARTESIAN_POINT('',(-0.746805808361,0.546805808361,0.9500001));
#1441 = ORIENTED_EDGE('',*,*,#1442,.T.);
#1442 = EDGE_CURVE('',#1436,#1443,#1445,.T.);
#1443 = VERTEX_POINT('',#1444);
#1444 = CARTESIAN_POINT('',(-0.746805808361,-0.546805808361,0.9500001));
#1445 = B_SPLINE_CURVE_WITH_KNOTS('',1,(#1446,#1447),.UNSPECIFIED.,.F.,
  .F.,(2,2),(-0.546805808361,0.546805808361),.PIECEWISE_BEZIER_KNOTS.);
#1446 = CARTESIAN_POINT('',(-0.746805808361,0.546805808361,0.9500001));
#1447 = CARTESIAN_POINT('',(-0.746805808361,-0.546805808361,0.9500001));
#1448 = ORIENTED_EDGE('',*,*,#1449,.T.);
#1449 = EDGE_CURVE('',#1443,#1429,#1450,.T.);
#1450 = B_SPLINE_CURVE_WITH_KNOTS('',1,(#1451,#1452),.UNSPECIFIED.,.F.,
  .F.,(2,2),(-0.746805808361,-0.652968065906),.PIECEWISE_BEZIER_KNOTS.);
#1451 = CARTESIAN_POINT('',(-0.746805808361,-0.546805808361,0.9500001));
#1452 = CARTESIAN_POINT('',(-0.652968065906,-0.546805808361,0.9500001));
#1453 = B_SPLINE_SURFACE_WITH_KNOTS('',1,1,(
    (#1454,#1455)
    ,(#1456,#1457
    )),.UNSPECIFIED.,.F.,.F.,.F.,(2,2),(2,2),(-0.746805808361,
    -0.652968065906),(-0.546805808361,0.546805808361),
  .PIECEWISE_BEZIER_KNOTS.);
#1454 = CARTESIAN_POINT('',(-0.746805808361,-0.546805808361,0.9500001));
#1455 = CARTESIAN_POINT('',(-0.746805808361,0.546805808361,0.9500001));
#1456 = CARTESIAN_POINT('',(-0.652968065906,-0.546805808361,0.9500001));
#1457 = CARTESIAN_POINT('',(-0.652968065906,0.546805808361,0.9500001));
#1458 = ADVANCED_FACE('',(#1459),#1489,.T.);
#1459 = FACE_BOUND('',#1460,.T.);
#1460 = EDGE_LOOP('',(#1461,#1470,#1477,#1484));
#1461 = ORIENTED_EDGE('',*,*,#1462,.F.);
#1462 = EDGE_CURVE('',#1463,#1465,#1467,.T.);
#1463 = VERTEX_POINT('',#1464);
#1464 = CARTESIAN_POINT('',(-0.559255056447,-0.546805808361,0.9500001));
#1465 = VERTEX_POINT('',#1466);
#1466 = CARTESIAN_POINT('',(-0.559255056447,0.546805808361,0.9500001));
#1467 = B_SPLINE_CURVE_WITH_KNOTS('',1,(#1468,#1469),.UNSPECIFIED.,.F.,
  .F.,(2,2),(-1.196805808361,-0.103194191639),.PIECEWISE_BEZIER_KNOTS.);
#1468 = CARTESIAN_POINT('',(-0.559255056447,-0.546805808361,0.9500001));
#1469 = CARTESIAN_POINT('',(-0.559255056447,0.546805808361,0.9500001));
#1470 = ORIENTED_EDGE('',*,*,#1471,.T.);
#1471 = EDGE_CURVE('',#1463,#1472,#1474,.T.);
#1472 = VERTEX_POINT('',#1473);
#1473 = CARTESIAN_POINT('',(0.746805808361,-0.546805808361,0.9500001));
#1474 = B_SPLINE_CURVE_WITH_KNOTS('',1,(#1475,#1476),.UNSPECIFIED.,.F.,
  .F.,(2,2),(-0.559255056447,0.746805808361),.PIECEWISE_BEZIER_KNOTS.);
#1475 = CARTESIAN_POINT('',(-0.559255056447,-0.546805808361,0.9500001));
#1476 = CARTESIAN_POINT('',(0.746805808361,-0.546805808361,0.9500001));
#1477 = ORIENTED_EDGE('',*,*,#1478,.T.);
#1478 = EDGE_CURVE('',#1472,#1479,#1481,.T.);
#1479 = VERTEX_POINT('',#1480);
#1480 = CARTESIAN_POINT('',(0.746805808361,0.546805808361,0.9500001));
#1481 = B_SPLINE_CURVE_WITH_KNOTS('',1,(#1482,#1483),.UNSPECIFIED.,.F.,
  .F.,(2,2),(-0.546805808361,0.546805808361),.PIECEWISE_BEZIER_KNOTS.);
#1482 = CARTESIAN_POINT('',(0.746805808361,-0.546805808361,0.9500001));
#1483 = CARTESIAN_POINT('',(0.746805808361,0.546805808361,0.9500001));
#1484 = ORIENTED_EDGE('',*,*,#1485,.T.);
#1485 = EDGE_CURVE('',#1479,#1465,#1486,.T.);
#1486 = B_SPLINE_CURVE_WITH_KNOTS('',1,(#1487,#1488),.UNSPECIFIED.,.F.,
  .F.,(2,2),(-0.746805808361,0.559255056447),.PIECEWISE_BEZIER_KNOTS.);
#1487 = CARTESIAN_POINT('',(0.746805808361,0.546805808361,0.9500001));
#1488 = CARTESIAN_POINT('',(-0.559255056447,0.546805808361,0.9500001));
#1489 = B_SPLINE_SURFACE_WITH_KNOTS('',1,1,(
    (#1490,#1491)
    ,(#1492,#1493
    )),.UNSPECIFIED.,.F.,.F.,.F.,(2,2),(2,2),(-0.559255056447,
    0.746805808361),(-0.546805808361,0.546805808361),
  .PIECEWISE_BEZIER_KNOTS.);
#1490 = CARTESIAN_POINT('',(-0.559255056447,-0.546805808361,0.9500001));
#1491 = CARTESIAN_POINT('',(-0.559255056447,0.546805808361,0.9500001));
#1492 = CARTESIAN_POINT('',(0.746805808361,-0.546805808361,0.9500001));
#1493 = CARTESIAN_POINT('',(0.746805808361,0.546805808361,0.9500001));
#1494 = ADVANCED_FACE('',(#1495),#1525,.F.);
#1495 = FACE_BOUND('',#1496,.T.);
#1496 = EDGE_LOOP('',(#1497,#1506,#1513,#1520));
#1497 = ORIENTED_EDGE('',*,*,#1498,.T.);
#1498 = EDGE_CURVE('',#1499,#1501,#1503,.T.);
#1499 = VERTEX_POINT('',#1500);
#1500 = CARTESIAN_POINT('',(0.746805808361,0.546805808361,0.1000001));
#1501 = VERTEX_POINT('',#1502);
#1502 = CARTESIAN_POINT('',(0.746805808361,-0.546805808361,0.1000001));
#1503 = B_SPLINE_CURVE_WITH_KNOTS('',1,(#1504,#1505),.UNSPECIFIED.,.F.,
  .F.,(2,2),(-1.137075953612,-4.346433689081E-02),
  .PIECEWISE_BEZIER_KNOTS.);
#1504 = CARTESIAN_POINT('',(0.746805808361,0.546805808361,0.1000001));
#1505 = CARTESIAN_POINT('',(0.746805808361,-0.546805808361,0.1000001));
#1506 = ORIENTED_EDGE('',*,*,#1507,.T.);
#1507 = EDGE_CURVE('',#1501,#1508,#1510,.T.);
#1508 = VERTEX_POINT('',#1509);
#1509 = CARTESIAN_POINT('',(-0.746805808361,-0.546805808361,0.1000001));
#1510 = B_SPLINE_CURVE_WITH_KNOTS('',1,(#1511,#1512),.UNSPECIFIED.,.F.,
  .F.,(2,2),(-1.537075953612,-4.346433689081E-02),
  .PIECEWISE_BEZIER_KNOTS.);
#1511 = CARTESIAN_POINT('',(0.746805808361,-0.546805808361,0.1000001));
#1512 = CARTESIAN_POINT('',(-0.746805808361,-0.546805808361,0.1000001));
#1513 = ORIENTED_EDGE('',*,*,#1514,.T.);
#1514 = EDGE_CURVE('',#1508,#1515,#1517,.T.);
#1515 = VERTEX_POINT('',#1516);
#1516 = CARTESIAN_POINT('',(-0.746805808361,0.546805808361,0.1000001));
#1517 = B_SPLINE_CURVE_WITH_KNOTS('',1,(#1518,#1519),.UNSPECIFIED.,.F.,
  .F.,(2,2),(-1.137075953612,-4.346433689081E-02),
  .PIECEWISE_BEZIER_KNOTS.);
#1518 = CARTESIAN_POINT('',(-0.746805808361,-0.546805808361,0.1000001));
#1519 = CARTESIAN_POINT('',(-0.746805808361,0.546805808361,0.1000001));
#1520 = ORIENTED_EDGE('',*,*,#1521,.T.);
#1521 = EDGE_CURVE('',#1515,#1499,#1522,.T.);
#1522 = B_SPLINE_CURVE_WITH_KNOTS('',1,(#1523,#1524),.UNSPECIFIED.,.F.,
  .F.,(2,2),(-1.537075953612,-4.346433689081E-02),
  .PIECEWISE_BEZIER_KNOTS.);
#1523 = CARTESIAN_POINT('',(-0.746805808361,0.546805808361,0.1000001));
#1524 = CARTESIAN_POINT('',(0.746805808361,0.546805808361,0.1000001));
#1525 = B_SPLINE_SURFACE_WITH_KNOTS('',1,1,(
    (#1526,#1527)
    ,(#1528,#1529
    )),.UNSPECIFIED.,.F.,.F.,.F.,(2,2),(2,2),(-0.746805808361,
    0.746805808361),(-0.546805808361,0.546805808361),
  .PIECEWISE_BEZIER_KNOTS.);
#1526 = CARTESIAN_POINT('',(-0.746805808361,-0.546805808361,0.1000001));
#1527 = CARTESIAN_POINT('',(-0.746805808361,0.546805808361,0.1000001));
#1528 = CARTESIAN_POINT('',(0.746805808361,-0.546805808361,0.1000001));
#1529 = CARTESIAN_POINT('',(0.746805808361,0.546805808361,0.1000001));
#1530 = ADVANCED_FACE('',(#1531),#1561,.T.);
#1531 = FACE_BOUND('',#1532,.T.);
#1532 = EDGE_LOOP('',(#1533,#1542,#1549,#1556));
#1533 = ORIENTED_EDGE('',*,*,#1534,.F.);
#1534 = EDGE_CURVE('',#1535,#1537,#1539,.T.);
#1535 = VERTEX_POINT('',#1536);
#1536 = CARTESIAN_POINT('',(0.800486596563,-0.65,0.5250001));
#1537 = VERTEX_POINT('',#1538);
#1538 = CARTESIAN_POINT('',(-0.800486596563,-0.65,0.5250001));
#1539 = B_SPLINE_CURVE_WITH_KNOTS('',1,(#1540,#1541),.UNSPECIFIED.,.F.,
  .F.,(2,2),(-1.650486596563,-4.951340343708E-02),
  .PIECEWISE_BEZIER_KNOTS.);
#1540 = CARTESIAN_POINT('',(0.800486596563,-0.65,0.5250001));
#1541 = CARTESIAN_POINT('',(-0.800486596563,-0.65,0.5250001));
#1542 = ORIENTED_EDGE('',*,*,#1543,.T.);
#1543 = EDGE_CURVE('',#1535,#1544,#1546,.T.);
#1544 = VERTEX_POINT('',#1545);
#1545 = CARTESIAN_POINT('',(0.746805808361,-0.596319211798,
    0.906958755048));
#1546 = B_SPLINE_CURVE_WITH_KNOTS('',1,(#1547,#1548),.UNSPECIFIED.,.F.,
  .F.,(2,2),(-0.535422449471,-0.145992522257),.PIECEWISE_BEZIER_KNOTS.);
#1547 = CARTESIAN_POINT('',(0.800486596563,-0.65,0.5250001));
#1548 = CARTESIAN_POINT('',(0.746805808361,-0.596319211798,
    0.906958755048));
#1549 = ORIENTED_EDGE('',*,*,#1550,.T.);
#1550 = EDGE_CURVE('',#1544,#1551,#1553,.T.);
#1551 = VERTEX_POINT('',#1552);
#1552 = CARTESIAN_POINT('',(-0.746805808361,-0.596319211798,
    0.906958755048));
#1553 = B_SPLINE_CURVE_WITH_KNOTS('',1,(#1554,#1555),.UNSPECIFIED.,.F.,
  .F.,(2,2),(-0.746805808361,0.746805808361),.PIECEWISE_BEZIER_KNOTS.);
#1554 = CARTESIAN_POINT('',(0.746805808361,-0.596319211798,
    0.906958755048));
#1555 = CARTESIAN_POINT('',(-0.746805808361,-0.596319211798,
    0.906958755048));
#1556 = ORIENTED_EDGE('',*,*,#1557,.T.);
#1557 = EDGE_CURVE('',#1551,#1537,#1558,.T.);
#1558 = B_SPLINE_CURVE_WITH_KNOTS('',1,(#1559,#1560),.UNSPECIFIED.,.F.,
  .F.,(2,2),(0.145992522257,0.535422449471),.PIECEWISE_BEZIER_KNOTS.);
#1559 = CARTESIAN_POINT('',(-0.746805808361,-0.596319211798,
    0.906958755048));
#1560 = CARTESIAN_POINT('',(-0.800486596563,-0.65,0.5250001));
#1561 = B_SPLINE_SURFACE_WITH_KNOTS('',1,1,(
    (#1562,#1563)
    ,(#1564,#1565
    )),.UNSPECIFIED.,.F.,.F.,.F.,(2,2),(2,2),(-0.800486596563,
    0.800486596563),(4.346433689081E-02,0.42917671832),
  .PIECEWISE_BEZIER_KNOTS.);
#1562 = CARTESIAN_POINT('',(0.800486596563,-0.596319211798,
    0.906958755048));
#1563 = CARTESIAN_POINT('',(0.800486596563,-0.65,0.5250001));
#1564 = CARTESIAN_POINT('',(-0.800486596563,-0.596319211798,
    0.906958755048));
#1565 = CARTESIAN_POINT('',(-0.800486596563,-0.65,0.5250001));
#1566 = ADVANCED_FACE('',(#1567),#1625,.T.);
#1567 = FACE_BOUND('',#1568,.T.);
#1568 = EDGE_LOOP('',(#1569,#1578,#1585,#1592,#1599,#1606,#1613,#1620));
#1569 = ORIENTED_EDGE('',*,*,#1570,.F.);
#1570 = EDGE_CURVE('',#1571,#1573,#1575,.T.);
#1571 = VERTEX_POINT('',#1572);
#1572 = CARTESIAN_POINT('',(0.85,0.15,0.5250001));
#1573 = VERTEX_POINT('',#1574);
#1574 = CARTESIAN_POINT('',(0.842972958265,0.15,0.5750001));
#1575 = B_SPLINE_CURVE_WITH_KNOTS('',1,(#1576,#1577),.UNSPECIFIED.,.F.,
  .F.,(2,2),(-0.42917671832,-0.378685339694),.PIECEWISE_BEZIER_KNOTS.);
#1576 = CARTESIAN_POINT('',(0.85,0.15,0.5250001));
#1577 = CARTESIAN_POINT('',(0.842972958265,0.15,0.5750001));
#1578 = ORIENTED_EDGE('',*,*,#1579,.F.);
#1579 = EDGE_CURVE('',#1580,#1571,#1582,.T.);
#1580 = VERTEX_POINT('',#1581);
#1581 = CARTESIAN_POINT('',(0.85,0.600486596563,0.5250001));
#1582 = B_SPLINE_CURVE_WITH_KNOTS('',1,(#1583,#1584),.UNSPECIFIED.,.F.,
  .F.,(2,2),(-1.250486596563,-0.8),.PIECEWISE_BEZIER_KNOTS.);
#1583 = CARTESIAN_POINT('',(0.85,0.600486596563,0.5250001));
#1584 = CARTESIAN_POINT('',(0.85,0.15,0.5250001));
#1585 = ORIENTED_EDGE('',*,*,#1586,.T.);
#1586 = EDGE_CURVE('',#1580,#1587,#1589,.T.);
#1587 = VERTEX_POINT('',#1588);
#1588 = CARTESIAN_POINT('',(0.796319211798,0.546805808361,0.906958755048
    ));
#1589 = B_SPLINE_CURVE_WITH_KNOTS('',1,(#1590,#1591),.UNSPECIFIED.,.F.,
  .F.,(2,2),(-0.507853541973,-0.118423614758),.PIECEWISE_BEZIER_KNOTS.);
#1590 = CARTESIAN_POINT('',(0.85,0.600486596563,0.5250001));
#1591 = CARTESIAN_POINT('',(0.796319211798,0.546805808361,0.906958755048
    ));
#1592 = ORIENTED_EDGE('',*,*,#1593,.T.);
#1593 = EDGE_CURVE('',#1587,#1594,#1596,.T.);
#1594 = VERTEX_POINT('',#1595);
#1595 = CARTESIAN_POINT('',(0.796319211798,-0.546805808361,
    0.906958755048));
#1596 = B_SPLINE_CURVE_WITH_KNOTS('',1,(#1597,#1598),.UNSPECIFIED.,.F.,
  .F.,(2,2),(-0.546805808361,0.546805808361),.PIECEWISE_BEZIER_KNOTS.);
#1597 = CARTESIAN_POINT('',(0.796319211798,0.546805808361,0.906958755048
    ));
#1598 = CARTESIAN_POINT('',(0.796319211798,-0.546805808361,
    0.906958755048));
#1599 = ORIENTED_EDGE('',*,*,#1600,.T.);
#1600 = EDGE_CURVE('',#1594,#1601,#1603,.T.);
#1601 = VERTEX_POINT('',#1602);
#1602 = CARTESIAN_POINT('',(0.85,-0.600486596563,0.5250001));
#1603 = B_SPLINE_CURVE_WITH_KNOTS('',1,(#1604,#1605),.UNSPECIFIED.,.F.,
  .F.,(2,2),(0.118423614758,0.507853541973),.PIECEWISE_BEZIER_KNOTS.);
#1604 = CARTESIAN_POINT('',(0.796319211798,-0.546805808361,
    0.906958755048));
#1605 = CARTESIAN_POINT('',(0.85,-0.600486596563,0.5250001));
#1606 = ORIENTED_EDGE('',*,*,#1607,.F.);
#1607 = EDGE_CURVE('',#1608,#1601,#1610,.T.);
#1608 = VERTEX_POINT('',#1609);
#1609 = CARTESIAN_POINT('',(0.85,-0.15,0.5250001));
#1610 = B_SPLINE_CURVE_WITH_KNOTS('',1,(#1611,#1612),.UNSPECIFIED.,.F.,
  .F.,(2,2),(-0.5,-4.951340343708E-02),.PIECEWISE_BEZIER_KNOTS.);
#1611 = CARTESIAN_POINT('',(0.85,-0.15,0.5250001));
#1612 = CARTESIAN_POINT('',(0.85,-0.600486596563,0.5250001));
#1613 = ORIENTED_EDGE('',*,*,#1614,.T.);
#1614 = EDGE_CURVE('',#1608,#1615,#1617,.T.);
#1615 = VERTEX_POINT('',#1616);
#1616 = CARTESIAN_POINT('',(0.842972958265,-0.15,0.5750001));
#1617 = B_SPLINE_CURVE_WITH_KNOTS('',1,(#1618,#1619),.UNSPECIFIED.,.F.,
  .F.,(2,2),(-0.42917671832,-0.378685339694),.PIECEWISE_BEZIER_KNOTS.);
#1618 = CARTESIAN_POINT('',(0.85,-0.15,0.5250001));
#1619 = CARTESIAN_POINT('',(0.842972958265,-0.15,0.5750001));
#1620 = ORIENTED_EDGE('',*,*,#1621,.T.);
#1621 = EDGE_CURVE('',#1615,#1573,#1622,.T.);
#1622 = B_SPLINE_CURVE_WITH_KNOTS('',1,(#1623,#1624),.UNSPECIFIED.,.F.,
  .F.,(2,2),(-0.15,0.15),.PIECEWISE_BEZIER_KNOTS.);
#1623 = CARTESIAN_POINT('',(0.842972958265,-0.15,0.5750001));
#1624 = CARTESIAN_POINT('',(0.842972958265,0.15,0.5750001));
#1625 = B_SPLINE_SURFACE_WITH_KNOTS('',1,1,(
    (#1626,#1627)
    ,(#1628,#1629
    )),.UNSPECIFIED.,.F.,.F.,.F.,(2,2),(2,2),(-0.600486596563,
    0.600486596563),(4.346433689081E-02,0.42917671832),
  .PIECEWISE_BEZIER_KNOTS.);
#1626 = CARTESIAN_POINT('',(0.796319211798,0.600486596563,0.906958755048
    ));
#1627 = CARTESIAN_POINT('',(0.85,0.600486596563,0.5250001));
#1628 = CARTESIAN_POINT('',(0.796319211798,-0.600486596563,
    0.906958755048));
#1629 = CARTESIAN_POINT('',(0.85,-0.600486596563,0.5250001));
#1630 = ADVANCED_FACE('',(#1631),#1689,.T.);
#1631 = FACE_BOUND('',#1632,.T.);
#1632 = EDGE_LOOP('',(#1633,#1642,#1649,#1656,#1663,#1670,#1677,#1684));
#1633 = ORIENTED_EDGE('',*,*,#1634,.F.);
#1634 = EDGE_CURVE('',#1635,#1637,#1639,.T.);
#1635 = VERTEX_POINT('',#1636);
#1636 = CARTESIAN_POINT('',(-0.842972958265,0.15,0.5750001));
#1637 = VERTEX_POINT('',#1638);
#1638 = CARTESIAN_POINT('',(-0.85,0.15,0.5250001));
#1639 = B_SPLINE_CURVE_WITH_KNOTS('',1,(#1640,#1641),.UNSPECIFIED.,.F.,
  .F.,(2,2),(0.378685339694,0.42917671832),.PIECEWISE_BEZIER_KNOTS.);
#1640 = CARTESIAN_POINT('',(-0.842972958265,0.15,0.5750001));
#1641 = CARTESIAN_POINT('',(-0.85,0.15,0.5250001));
#1642 = ORIENTED_EDGE('',*,*,#1643,.T.);
#1643 = EDGE_CURVE('',#1635,#1644,#1646,.T.);
#1644 = VERTEX_POINT('',#1645);
#1645 = CARTESIAN_POINT('',(-0.842972958265,-0.15,0.5750001));
#1646 = B_SPLINE_CURVE_WITH_KNOTS('',1,(#1647,#1648),.UNSPECIFIED.,.F.,
  .F.,(2,2),(-0.15,0.15),.PIECEWISE_BEZIER_KNOTS.);
#1647 = CARTESIAN_POINT('',(-0.842972958265,0.15,0.5750001));
#1648 = CARTESIAN_POINT('',(-0.842972958265,-0.15,0.5750001));
#1649 = ORIENTED_EDGE('',*,*,#1650,.T.);
#1650 = EDGE_CURVE('',#1644,#1651,#1653,.T.);
#1651 = VERTEX_POINT('',#1652);
#1652 = CARTESIAN_POINT('',(-0.85,-0.15,0.5250001));
#1653 = B_SPLINE_CURVE_WITH_KNOTS('',1,(#1654,#1655),.UNSPECIFIED.,.F.,
  .F.,(2,2),(0.378685339694,0.42917671832),.PIECEWISE_BEZIER_KNOTS.);
#1654 = CARTESIAN_POINT('',(-0.842972958265,-0.15,0.5750001));
#1655 = CARTESIAN_POINT('',(-0.85,-0.15,0.5250001));
#1656 = ORIENTED_EDGE('',*,*,#1657,.F.);
#1657 = EDGE_CURVE('',#1658,#1651,#1660,.T.);
#1658 = VERTEX_POINT('',#1659);
#1659 = CARTESIAN_POINT('',(-0.85,-0.600486596563,0.5250001));
#1660 = B_SPLINE_CURVE_WITH_KNOTS('',1,(#1661,#1662),.UNSPECIFIED.,.F.,
  .F.,(2,2),(-1.250486596563,-0.8),.PIECEWISE_BEZIER_KNOTS.);
#1661 = CARTESIAN_POINT('',(-0.85,-0.600486596563,0.5250001));
#1662 = CARTESIAN_POINT('',(-0.85,-0.15,0.5250001));
#1663 = ORIENTED_EDGE('',*,*,#1664,.T.);
#1664 = EDGE_CURVE('',#1658,#1665,#1667,.T.);
#1665 = VERTEX_POINT('',#1666);
#1666 = CARTESIAN_POINT('',(-0.796319211798,-0.546805808361,
    0.906958755048));
#1667 = B_SPLINE_CURVE_WITH_KNOTS('',1,(#1668,#1669),.UNSPECIFIED.,.F.,
  .F.,(2,2),(-0.507853541973,-0.118423614758),.PIECEWISE_BEZIER_KNOTS.);
#1668 = CARTESIAN_POINT('',(-0.85,-0.600486596563,0.5250001));
#1669 = CARTESIAN_POINT('',(-0.796319211798,-0.546805808361,
    0.906958755048));
#1670 = ORIENTED_EDGE('',*,*,#1671,.T.);
#1671 = EDGE_CURVE('',#1665,#1672,#1674,.T.);
#1672 = VERTEX_POINT('',#1673);
#1673 = CARTESIAN_POINT('',(-0.796319211798,0.546805808361,
    0.906958755048));
#1674 = B_SPLINE_CURVE_WITH_KNOTS('',1,(#1675,#1676),.UNSPECIFIED.,.F.,
  .F.,(2,2),(-0.546805808361,0.546805808361),.PIECEWISE_BEZIER_KNOTS.);
#1675 = CARTESIAN_POINT('',(-0.796319211798,-0.546805808361,
    0.906958755048));
#1676 = CARTESIAN_POINT('',(-0.796319211798,0.546805808361,
    0.906958755048));
#1677 = ORIENTED_EDGE('',*,*,#1678,.T.);
#1678 = EDGE_CURVE('',#1672,#1679,#1681,.T.);
#1679 = VERTEX_POINT('',#1680);
#1680 = CARTESIAN_POINT('',(-0.85,0.600486596563,0.5250001));
#1681 = B_SPLINE_CURVE_WITH_KNOTS('',1,(#1682,#1683),.UNSPECIFIED.,.F.,
  .F.,(2,2),(0.118423614758,0.507853541973),.PIECEWISE_BEZIER_KNOTS.);
#1682 = CARTESIAN_POINT('',(-0.796319211798,0.546805808361,
    0.906958755048));
#1683 = CARTESIAN_POINT('',(-0.85,0.600486596563,0.5250001));
#1684 = ORIENTED_EDGE('',*,*,#1685,.F.);
#1685 = EDGE_CURVE('',#1637,#1679,#1686,.T.);
#1686 = B_SPLINE_CURVE_WITH_KNOTS('',1,(#1687,#1688),.UNSPECIFIED.,.F.,
  .F.,(2,2),(-0.5,-4.951340343708E-02),.PIECEWISE_BEZIER_KNOTS.);
#1687 = CARTESIAN_POINT('',(-0.85,0.15,0.5250001));
#1688 = CARTESIAN_POINT('',(-0.85,0.600486596563,0.5250001));
#1689 = B_SPLINE_SURFACE_WITH_KNOTS('',1,1,(
    (#1690,#1691)
    ,(#1692,#1693
    )),.UNSPECIFIED.,.F.,.F.,.F.,(2,2),(2,2),(-0.600486596563,
    0.600486596563),(4.346433689081E-02,0.42917671832),
  .PIECEWISE_BEZIER_KNOTS.);
#1690 = CARTESIAN_POINT('',(-0.796319211798,-0.600486596563,
    0.906958755048));
#1691 = CARTESIAN_POINT('',(-0.85,-0.600486596563,0.5250001));
#1692 = CARTESIAN_POINT('',(-0.796319211798,0.600486596563,
    0.906958755048));
#1693 = CARTESIAN_POINT('',(-0.85,0.600486596563,0.5250001));
#1694 = ADVANCED_FACE('',(#1695),#1717,.F.);
#1695 = FACE_BOUND('',#1696,.T.);
#1696 = EDGE_LOOP('',(#1697,#1706,#1711,#1712));
#1697 = ORIENTED_EDGE('',*,*,#1698,.T.);
#1698 = EDGE_CURVE('',#1699,#1701,#1703,.T.);
#1699 = VERTEX_POINT('',#1700);
#1700 = CARTESIAN_POINT('',(-0.746805808361,-0.596319211798,
    0.143041444952));
#1701 = VERTEX_POINT('',#1702);
#1702 = CARTESIAN_POINT('',(0.746805808361,-0.596319211798,
    0.143041444952));
#1703 = B_SPLINE_CURVE_WITH_KNOTS('',1,(#1704,#1705),.UNSPECIFIED.,.F.,
  .F.,(2,2),(-1.537075953612,-4.346433689081E-02),
  .PIECEWISE_BEZIER_KNOTS.);
#1704 = CARTESIAN_POINT('',(-0.746805808361,-0.596319211798,
    0.143041444952));
#1705 = CARTESIAN_POINT('',(0.746805808361,-0.596319211798,
    0.143041444952));
#1706 = ORIENTED_EDGE('',*,*,#1707,.T.);
#1707 = EDGE_CURVE('',#1701,#1535,#1708,.T.);
#1708 = B_SPLINE_CURVE_WITH_KNOTS('',1,(#1709,#1710),.UNSPECIFIED.,.F.,
  .F.,(2,2),(-0.161919365675,0.227510561539),.PIECEWISE_BEZIER_KNOTS.);
#1709 = CARTESIAN_POINT('',(0.746805808361,-0.596319211798,
    0.143041444952));
#1710 = CARTESIAN_POINT('',(0.800486596563,-0.65,0.5250001));
#1711 = ORIENTED_EDGE('',*,*,#1534,.T.);
#1712 = ORIENTED_EDGE('',*,*,#1713,.T.);
#1713 = EDGE_CURVE('',#1537,#1699,#1714,.T.);
#1714 = B_SPLINE_CURVE_WITH_KNOTS('',1,(#1715,#1716),.UNSPECIFIED.,.F.,
  .F.,(2,2),(6.82515219644E-03,0.396255079411),
  .PIECEWISE_BEZIER_KNOTS.);
#1715 = CARTESIAN_POINT('',(-0.800486596563,-0.65,0.5250001));
#1716 = CARTESIAN_POINT('',(-0.746805808361,-0.596319211798,
    0.143041444952));
#1717 = B_SPLINE_SURFACE_WITH_KNOTS('',1,1,(
    (#1718,#1719)
    ,(#1720,#1721
    )),.UNSPECIFIED.,.F.,.F.,.F.,(2,2),(2,2),(4.951340343708E-02,
    1.650486596563),(1.939854527011E-14,0.38571238143),
  .PIECEWISE_BEZIER_KNOTS.);
#1718 = CARTESIAN_POINT('',(-0.800486596563,-0.65,0.5250001));
#1719 = CARTESIAN_POINT('',(-0.800486596563,-0.596319211798,
    0.143041444952));
#1720 = CARTESIAN_POINT('',(0.800486596563,-0.65,0.5250001));
#1721 = CARTESIAN_POINT('',(0.800486596563,-0.596319211798,
    0.143041444952));
#1722 = ADVANCED_FACE('',(#1723),#1765,.F.);
#1723 = FACE_BOUND('',#1724,.T.);
#1724 = EDGE_LOOP('',(#1725,#1732,#1739,#1744,#1745,#1752,#1759,#1764));
#1725 = ORIENTED_EDGE('',*,*,#1726,.F.);
#1726 = EDGE_CURVE('',#1727,#1571,#1729,.T.);
#1727 = VERTEX_POINT('',#1728);
#1728 = CARTESIAN_POINT('',(0.842972958265,0.15,0.4750001));
#1729 = B_SPLINE_CURVE_WITH_KNOTS('',1,(#1730,#1731),.UNSPECIFIED.,.F.,
  .F.,(2,2),(-5.049137862595E-02,-2.019126565927E-14),
  .PIECEWISE_BEZIER_KNOTS.);
#1730 = CARTESIAN_POINT('',(0.842972958265,0.15,0.4750001));
#1731 = CARTESIAN_POINT('',(0.85,0.15,0.5250001));
#1732 = ORIENTED_EDGE('',*,*,#1733,.F.);
#1733 = EDGE_CURVE('',#1734,#1727,#1736,.T.);
#1734 = VERTEX_POINT('',#1735);
#1735 = CARTESIAN_POINT('',(0.842972958265,-0.15,0.4750001));
#1736 = B_SPLINE_CURVE_WITH_KNOTS('',1,(#1737,#1738),.UNSPECIFIED.,.F.,
  .F.,(2,2),(-0.8,-0.5),.PIECEWISE_BEZIER_KNOTS.);
#1737 = CARTESIAN_POINT('',(0.842972958265,-0.15,0.4750001));
#1738 = CARTESIAN_POINT('',(0.842972958265,0.15,0.4750001));
#1739 = ORIENTED_EDGE('',*,*,#1740,.T.);
#1740 = EDGE_CURVE('',#1734,#1608,#1741,.T.);
#1741 = B_SPLINE_CURVE_WITH_KNOTS('',1,(#1742,#1743),.UNSPECIFIED.,.F.,
  .F.,(2,2),(-5.049137862595E-02,-1.978953138842E-14),
  .PIECEWISE_BEZIER_KNOTS.);
#1742 = CARTESIAN_POINT('',(0.842972958265,-0.15,0.4750001));
#1743 = CARTESIAN_POINT('',(0.85,-0.15,0.5250001));
#1744 = ORIENTED_EDGE('',*,*,#1607,.T.);
#1745 = ORIENTED_EDGE('',*,*,#1746,.T.);
#1746 = EDGE_CURVE('',#1601,#1747,#1749,.T.);
#1747 = VERTEX_POINT('',#1748);
#1748 = CARTESIAN_POINT('',(0.796319211798,-0.546805808361,
    0.143041444952));
#1749 = B_SPLINE_CURVE_WITH_KNOTS('',1,(#1750,#1751),.UNSPECIFIED.,.F.,
  .F.,(2,2),(-0.172372746543,0.217057180672),.PIECEWISE_BEZIER_KNOTS.);
#1750 = CARTESIAN_POINT('',(0.85,-0.600486596563,0.5250001));
#1751 = CARTESIAN_POINT('',(0.796319211798,-0.546805808361,
    0.143041444952));
#1752 = ORIENTED_EDGE('',*,*,#1753,.T.);
#1753 = EDGE_CURVE('',#1747,#1754,#1756,.T.);
#1754 = VERTEX_POINT('',#1755);
#1755 = CARTESIAN_POINT('',(0.796319211798,0.546805808361,0.143041444952
    ));
#1756 = B_SPLINE_CURVE_WITH_KNOTS('',1,(#1757,#1758),.UNSPECIFIED.,.F.,
  .F.,(2,2),(-1.137075953612,-4.346433689081E-02),
  .PIECEWISE_BEZIER_KNOTS.);
#1757 = CARTESIAN_POINT('',(0.796319211798,-0.546805808361,
    0.143041444952));
#1758 = CARTESIAN_POINT('',(0.796319211798,0.546805808361,0.143041444952
    ));
#1759 = ORIENTED_EDGE('',*,*,#1760,.T.);
#1760 = EDGE_CURVE('',#1754,#1580,#1761,.T.);
#1761 = B_SPLINE_CURVE_WITH_KNOTS('',1,(#1762,#1763),.UNSPECIFIED.,.F.,
  .F.,(2,2),(-0.396255079411,-6.82515219644E-03),
  .PIECEWISE_BEZIER_KNOTS.);
#1762 = CARTESIAN_POINT('',(0.796319211798,0.546805808361,0.143041444952
    ));
#1763 = CARTESIAN_POINT('',(0.85,0.600486596563,0.5250001));
#1764 = ORIENTED_EDGE('',*,*,#1579,.T.);
#1765 = B_SPLINE_SURFACE_WITH_KNOTS('',1,1,(
    (#1766,#1767)
    ,(#1768,#1769
    )),.UNSPECIFIED.,.F.,.F.,.F.,(2,2),(2,2),(-1.250486596563,
    -4.951340343708E-02),(1.937339177971E-14,0.38571238143),
  .PIECEWISE_BEZIER_KNOTS.);
#1766 = CARTESIAN_POINT('',(0.85,-0.600486596563,0.5250001));
#1767 = CARTESIAN_POINT('',(0.796319211798,-0.600486596563,
    0.143041444952));
#1768 = CARTESIAN_POINT('',(0.85,0.600486596563,0.5250001));
#1769 = CARTESIAN_POINT('',(0.796319211798,0.600486596563,0.143041444952
    ));
#1770 = ADVANCED_FACE('',(#1771),#1813,.F.);
#1771 = FACE_BOUND('',#1772,.T.);
#1772 = EDGE_LOOP('',(#1773,#1780,#1781,#1788,#1795,#1800,#1801,#1808));
#1773 = ORIENTED_EDGE('',*,*,#1774,.F.);
#1774 = EDGE_CURVE('',#1637,#1775,#1777,.T.);
#1775 = VERTEX_POINT('',#1776);
#1776 = CARTESIAN_POINT('',(-0.842972958265,0.15,0.4750001));
#1777 = B_SPLINE_CURVE_WITH_KNOTS('',1,(#1778,#1779),.UNSPECIFIED.,.F.,
  .F.,(2,2),(2.019126565927E-14,5.049137862595E-02),
  .PIECEWISE_BEZIER_KNOTS.);
#1778 = CARTESIAN_POINT('',(-0.85,0.15,0.5250001));
#1779 = CARTESIAN_POINT('',(-0.842972958265,0.15,0.4750001));
#1780 = ORIENTED_EDGE('',*,*,#1685,.T.);
#1781 = ORIENTED_EDGE('',*,*,#1782,.T.);
#1782 = EDGE_CURVE('',#1679,#1783,#1785,.T.);
#1783 = VERTEX_POINT('',#1784);
#1784 = CARTESIAN_POINT('',(-0.796319211798,0.546805808361,
    0.143041444952));
#1785 = B_SPLINE_CURVE_WITH_KNOTS('',1,(#1786,#1787),.UNSPECIFIED.,.F.,
  .F.,(2,2),(6.82515219644E-03,0.396255079411),
  .PIECEWISE_BEZIER_KNOTS.);
#1786 = CARTESIAN_POINT('',(-0.85,0.600486596563,0.5250001));
#1787 = CARTESIAN_POINT('',(-0.796319211798,0.546805808361,
    0.143041444952));
#1788 = ORIENTED_EDGE('',*,*,#1789,.T.);
#1789 = EDGE_CURVE('',#1783,#1790,#1792,.T.);
#1790 = VERTEX_POINT('',#1791);
#1791 = CARTESIAN_POINT('',(-0.796319211798,-0.546805808361,
    0.143041444952));
#1792 = B_SPLINE_CURVE_WITH_KNOTS('',1,(#1793,#1794),.UNSPECIFIED.,.F.,
  .F.,(2,2),(-1.137075953612,-4.346433689081E-02),
  .PIECEWISE_BEZIER_KNOTS.);
#1793 = CARTESIAN_POINT('',(-0.796319211798,0.546805808361,
    0.143041444952));
#1794 = CARTESIAN_POINT('',(-0.796319211798,-0.546805808361,
    0.143041444952));
#1795 = ORIENTED_EDGE('',*,*,#1796,.T.);
#1796 = EDGE_CURVE('',#1790,#1658,#1797,.T.);
#1797 = B_SPLINE_CURVE_WITH_KNOTS('',1,(#1798,#1799),.UNSPECIFIED.,.F.,
  .F.,(2,2),(-0.217057180672,0.172372746543),.PIECEWISE_BEZIER_KNOTS.);
#1798 = CARTESIAN_POINT('',(-0.796319211798,-0.546805808361,
    0.143041444952));
#1799 = CARTESIAN_POINT('',(-0.85,-0.600486596563,0.5250001));
#1800 = ORIENTED_EDGE('',*,*,#1657,.T.);
#1801 = ORIENTED_EDGE('',*,*,#1802,.T.);
#1802 = EDGE_CURVE('',#1651,#1803,#1805,.T.);
#1803 = VERTEX_POINT('',#1804);
#1804 = CARTESIAN_POINT('',(-0.842972958265,-0.15,0.4750001));
#1805 = B_SPLINE_CURVE_WITH_KNOTS('',1,(#1806,#1807),.UNSPECIFIED.,.F.,
  .F.,(2,2),(2.019126565927E-14,5.049137862595E-02),
  .PIECEWISE_BEZIER_KNOTS.);
#1806 = CARTESIAN_POINT('',(-0.85,-0.15,0.5250001));
#1807 = CARTESIAN_POINT('',(-0.842972958265,-0.15,0.4750001));
#1808 = ORIENTED_EDGE('',*,*,#1809,.F.);
#1809 = EDGE_CURVE('',#1775,#1803,#1810,.T.);
#1810 = B_SPLINE_CURVE_WITH_KNOTS('',1,(#1811,#1812),.UNSPECIFIED.,.F.,
  .F.,(2,2),(0.5,0.8),.PIECEWISE_BEZIER_KNOTS.);
#1811 = CARTESIAN_POINT('',(-0.842972958265,0.15,0.4750001));
#1812 = CARTESIAN_POINT('',(-0.842972958265,-0.15,0.4750001));
#1813 = B_SPLINE_SURFACE_WITH_KNOTS('',1,1,(
    (#1814,#1815)
    ,(#1816,#1817
    )),.UNSPECIFIED.,.F.,.F.,.F.,(2,2),(2,2),(4.951340343708E-02,
    1.250486596563),(1.940114735532E-14,0.38571238143),
  .PIECEWISE_BEZIER_KNOTS.);
#1814 = CARTESIAN_POINT('',(-0.85,0.600486596563,0.5250001));
#1815 = CARTESIAN_POINT('',(-0.796319211798,0.600486596563,
    0.143041444952));
#1816 = CARTESIAN_POINT('',(-0.85,-0.600486596563,0.5250001));
#1817 = CARTESIAN_POINT('',(-0.796319211798,-0.600486596563,
    0.143041444952));
#1818 = ADVANCED_FACE('',(#1819),#1841,.F.);
#1819 = FACE_BOUND('',#1820,.T.);
#1820 = EDGE_LOOP('',(#1821,#1822,#1829,#1836));
#1821 = ORIENTED_EDGE('',*,*,#644,.T.);
#1822 = ORIENTED_EDGE('',*,*,#1823,.T.);
#1823 = EDGE_CURVE('',#647,#1824,#1826,.T.);
#1824 = VERTEX_POINT('',#1825);
#1825 = CARTESIAN_POINT('',(0.746805808361,0.596319211798,0.143041444952
    ));
#1826 = B_SPLINE_CURVE_WITH_KNOTS('',1,(#1827,#1828),.UNSPECIFIED.,.F.,
  .F.,(2,2),(-0.227510561539,0.161919365675),.PIECEWISE_BEZIER_KNOTS.);
#1827 = CARTESIAN_POINT('',(0.800486596563,0.65,0.5250001));
#1828 = CARTESIAN_POINT('',(0.746805808361,0.596319211798,0.143041444952
    ));
#1829 = ORIENTED_EDGE('',*,*,#1830,.T.);
#1830 = EDGE_CURVE('',#1824,#1831,#1833,.T.);
#1831 = VERTEX_POINT('',#1832);
#1832 = CARTESIAN_POINT('',(-0.746805808361,0.596319211798,
    0.143041444952));
#1833 = B_SPLINE_CURVE_WITH_KNOTS('',1,(#1834,#1835),.UNSPECIFIED.,.F.,
  .F.,(2,2),(-1.537075953612,-4.346433689081E-02),
  .PIECEWISE_BEZIER_KNOTS.);
#1834 = CARTESIAN_POINT('',(0.746805808361,0.596319211798,0.143041444952
    ));
#1835 = CARTESIAN_POINT('',(-0.746805808361,0.596319211798,
    0.143041444952));
#1836 = ORIENTED_EDGE('',*,*,#1837,.T.);
#1837 = EDGE_CURVE('',#1831,#645,#1838,.T.);
#1838 = B_SPLINE_CURVE_WITH_KNOTS('',1,(#1839,#1840),.UNSPECIFIED.,.F.,
  .F.,(2,2),(-0.396255079411,-6.82515219644E-03),
  .PIECEWISE_BEZIER_KNOTS.);
#1839 = CARTESIAN_POINT('',(-0.746805808361,0.596319211798,
    0.143041444952));
#1840 = CARTESIAN_POINT('',(-0.800486596563,0.65,0.5250001));
#1841 = B_SPLINE_SURFACE_WITH_KNOTS('',1,1,(
    (#1842,#1843)
    ,(#1844,#1845
    )),.UNSPECIFIED.,.F.,.F.,.F.,(2,2),(2,2),(-1.650486596563,
    -4.951340343708E-02),(1.940027999359E-14,0.38571238143),
  .PIECEWISE_BEZIER_KNOTS.);
#1842 = CARTESIAN_POINT('',(0.800486596563,0.65,0.5250001));
#1843 = CARTESIAN_POINT('',(0.800486596563,0.596319211798,0.143041444952
    ));
#1844 = CARTESIAN_POINT('',(-0.800486596563,0.65,0.5250001));
#1845 = CARTESIAN_POINT('',(-0.800486596563,0.596319211798,
    0.143041444952));
#1846 = ADVANCED_FACE('',(#1847),#1885,.T.);
#1847 = FACE_BOUND('',#1848,.T.);
#1848 = EDGE_LOOP('',(#1849,#1857,#1864,#1870,#1871,#1877,#1878,#1884));
#1849 = ORIENTED_EDGE('',*,*,#1850,.F.);
#1850 = EDGE_CURVE('',#1851,#1427,#1853,.T.);
#1851 = VERTEX_POINT('',#1852);
#1852 = CARTESIAN_POINT('',(-0.652968065906,0.549966504487,0.9499001));
#1853 = ( BOUNDED_CURVE() B_SPLINE_CURVE(2,(#1854,#1855,#1856),
.UNSPECIFIED.,.F.,.F.) B_SPLINE_CURVE_WITH_KNOTS((3,3),(6.219929208304,
6.28318530718),.PIECEWISE_BEZIER_KNOTS.) CURVE() 
GEOMETRIC_REPRESENTATION_ITEM() RATIONAL_B_SPLINE_CURVE((1.,
0.999499874937,1.)) REPRESENTATION_ITEM('') );
#1854 = CARTESIAN_POINT('',(-0.652968065906,0.549966504487,0.9499001));
#1855 = CARTESIAN_POINT('',(-0.652968065906,0.548387738354,0.9500001));
#1856 = CARTESIAN_POINT('',(-0.652968065906,0.546805808361,0.9500001));
#1857 = ORIENTED_EDGE('',*,*,#1858,.T.);
#1858 = EDGE_CURVE('',#1851,#1859,#1861,.T.);
#1859 = VERTEX_POINT('',#1860);
#1860 = CARTESIAN_POINT('',(-0.559255056447,0.549966504487,0.9499001));
#1861 = B_SPLINE_CURVE_WITH_KNOTS('',1,(#1862,#1863),.UNSPECIFIED.,.F.,
  .F.,(2,2),(-0.652968065906,-0.559255056447),.PIECEWISE_BEZIER_KNOTS.);
#1862 = CARTESIAN_POINT('',(-0.652968065906,0.549966504487,0.9499001));
#1863 = CARTESIAN_POINT('',(-0.559255056447,0.549966504487,0.9499001));
#1864 = ORIENTED_EDGE('',*,*,#1865,.F.);
#1865 = EDGE_CURVE('',#1465,#1859,#1866,.T.);
#1866 = ( BOUNDED_CURVE() B_SPLINE_CURVE(2,(#1867,#1868,#1869),
.UNSPECIFIED.,.F.,.F.) B_SPLINE_CURVE_WITH_KNOTS((3,3),(3.14159265359,
3.204848752465),.PIECEWISE_BEZIER_KNOTS.) CURVE() 
GEOMETRIC_REPRESENTATION_ITEM() RATIONAL_B_SPLINE_CURVE((1.,
0.999499874937,1.)) REPRESENTATION_ITEM('') );
#1867 = CARTESIAN_POINT('',(-0.559255056447,0.546805808361,0.9500001));
#1868 = CARTESIAN_POINT('',(-0.559255056447,0.548387738354,0.9500001));
#1869 = CARTESIAN_POINT('',(-0.559255056447,0.549966504487,0.9499001));
#1870 = ORIENTED_EDGE('',*,*,#1485,.F.);
#1871 = ORIENTED_EDGE('',*,*,#1872,.F.);
#1872 = EDGE_CURVE('',#661,#1479,#1873,.T.);
#1873 = ( BOUNDED_CURVE() B_SPLINE_CURVE(2,(#1874,#1875,#1876),
.UNSPECIFIED.,.F.,.F.) B_SPLINE_CURVE_WITH_KNOTS((3,3),(1.710422666954,
3.14159265359),.PIECEWISE_BEZIER_KNOTS.) CURVE() 
GEOMETRIC_REPRESENTATION_ITEM() RATIONAL_B_SPLINE_CURVE((1.,
0.754709580223,1.)) REPRESENTATION_ITEM('') );
#1874 = CARTESIAN_POINT('',(0.746805808361,0.596319211798,0.906958755048
    ));
#1875 = CARTESIAN_POINT('',(0.746805808361,0.590270145251,0.9500001));
#1876 = CARTESIAN_POINT('',(0.746805808361,0.546805808361,0.9500001));
#1877 = ORIENTED_EDGE('',*,*,#660,.F.);
#1878 = ORIENTED_EDGE('',*,*,#1879,.F.);
#1879 = EDGE_CURVE('',#1436,#654,#1880,.T.);
#1880 = ( BOUNDED_CURVE() B_SPLINE_CURVE(2,(#1881,#1882,#1883),
.UNSPECIFIED.,.F.,.F.) B_SPLINE_CURVE_WITH_KNOTS((3,3),(0.,
1.431169986635),.PIECEWISE_BEZIER_KNOTS.) CURVE() 
GEOMETRIC_REPRESENTATION_ITEM() RATIONAL_B_SPLINE_CURVE((1.,
0.754709580223,1.)) REPRESENTATION_ITEM('') );
#1881 = CARTESIAN_POINT('',(-0.746805808361,0.546805808361,0.9500001));
#1882 = CARTESIAN_POINT('',(-0.746805808361,0.590270145251,0.9500001));
#1883 = CARTESIAN_POINT('',(-0.746805808361,0.596319211798,
    0.906958755048));
#1884 = ORIENTED_EDGE('',*,*,#1435,.F.);
#1885 = ( BOUNDED_SURFACE() B_SPLINE_SURFACE(2,1,(
    (#1886,#1887)
    ,(#1888,#1889)
    ,(#1890,#1891
)),.UNSPECIFIED.,.F.,.F.,.F.) B_SPLINE_SURFACE_WITH_KNOTS((3,3),(2,2),(
    1.570796326795,3.00196631343),(-0.746805808361,0.746805808361),
.PIECEWISE_BEZIER_KNOTS.) GEOMETRIC_REPRESENTATION_ITEM() 
RATIONAL_B_SPLINE_SURFACE((
    (1.,1.)
    ,(0.754709580223,0.754709580223)
,(1.,1.))) REPRESENTATION_ITEM('') SURFACE() );
#1886 = CARTESIAN_POINT('',(0.746805808361,0.546805808361,0.9500001));
#1887 = CARTESIAN_POINT('',(-0.746805808361,0.546805808361,0.9500001));
#1888 = CARTESIAN_POINT('',(0.746805808361,0.590270145251,0.9500001));
#1889 = CARTESIAN_POINT('',(-0.746805808361,0.590270145251,0.9500001));
#1890 = CARTESIAN_POINT('',(0.746805808361,0.596319211798,0.906958755048
    ));
#1891 = CARTESIAN_POINT('',(-0.746805808361,0.596319211798,
    0.906958755048));
#1892 = ADVANCED_FACE('',(#1893),#1908,.T.);
#1893 = FACE_BOUND('',#1894,.T.);
#1894 = EDGE_LOOP('',(#1895,#1901,#1902));
#1895 = ORIENTED_EDGE('',*,*,#1896,.F.);
#1896 = EDGE_CURVE('',#661,#1587,#1897,.T.);
#1897 = ( BOUNDED_CURVE() B_SPLINE_CURVE(2,(#1898,#1899,#1900),
.UNSPECIFIED.,.F.,.F.) B_SPLINE_CURVE_WITH_KNOTS((3,3),(3.14159265359,
4.693018617048),.PIECEWISE_BEZIER_KNOTS.) CURVE() 
GEOMETRIC_REPRESENTATION_ITEM() RATIONAL_B_SPLINE_CURVE((1.,
0.713921967736,1.)) REPRESENTATION_ITEM('') );
#1898 = CARTESIAN_POINT('',(0.746805808361,0.596319211798,0.906958755048
    ));
#1899 = CARTESIAN_POINT('',(0.79537840185,0.59537840185,0.913652965665)
  );
#1900 = CARTESIAN_POINT('',(0.796319211798,0.546805808361,0.906958755048
    ));
#1901 = ORIENTED_EDGE('',*,*,#1872,.T.);
#1902 = ORIENTED_EDGE('',*,*,#1903,.F.);
#1903 = EDGE_CURVE('',#1587,#1479,#1904,.T.);
#1904 = ( BOUNDED_CURVE() B_SPLINE_CURVE(2,(#1905,#1906,#1907),
.UNSPECIFIED.,.F.,.F.) B_SPLINE_CURVE_WITH_KNOTS((3,3),(3.281218993749,
4.712388980385),.PIECEWISE_BEZIER_KNOTS.) CURVE() 
GEOMETRIC_REPRESENTATION_ITEM() RATIONAL_B_SPLINE_CURVE((1.,
0.754709580223,1.)) REPRESENTATION_ITEM('') );
#1905 = CARTESIAN_POINT('',(0.796319211798,0.546805808361,0.906958755048
    ));
#1906 = CARTESIAN_POINT('',(0.790270145251,0.546805808361,0.9500001));
#1907 = CARTESIAN_POINT('',(0.746805808361,0.546805808361,0.9500001));
#1908 = ( BOUNDED_SURFACE() B_SPLINE_SURFACE(2,2,(
    (#1909,#1910,#1911)
    ,(#1912,#1913,#1914)
    ,(#1915,#1916,#1917
)),.UNSPECIFIED.,.F.,.F.,.F.) B_SPLINE_SURFACE_WITH_KNOTS((3,3),(3,3),(
    3.281218993749,4.712388980385),(-2.22044604925E-15,1.431169986635),
.PIECEWISE_BEZIER_KNOTS.) GEOMETRIC_REPRESENTATION_ITEM() 
RATIONAL_B_SPLINE_SURFACE((
    (1.,0.754709580223,1.)
    ,(0.754709580223,0.56958655048,0.754709580223)
,(1.,0.754709580223,1.))) REPRESENTATION_ITEM('') SURFACE() );
#1909 = CARTESIAN_POINT('',(0.746805808361,0.596319211798,0.906958755048
    ));
#1910 = CARTESIAN_POINT('',(0.790270145251,0.596319211798,0.906958755048
    ));
#1911 = CARTESIAN_POINT('',(0.796319211798,0.553696742256,0.900968557602
    ));
#1912 = CARTESIAN_POINT('',(0.746805808361,0.590270145251,0.9500001));
#1913 = CARTESIAN_POINT('',(0.790270145251,0.590270145251,0.9500001));
#1914 = CARTESIAN_POINT('',(0.796319211798,0.552854874907,0.906958755048
    ));
#1915 = CARTESIAN_POINT('',(0.746805808361,0.546805808361,0.9500001));
#1916 = CARTESIAN_POINT('',(0.790270145251,0.546805808361,0.9500001));
#1917 = CARTESIAN_POINT('',(0.796319211798,0.546805808361,0.906958755048
    ));
#1918 = ADVANCED_FACE('',(#1919),#1934,.T.);
#1919 = FACE_BOUND('',#1920,.T.);
#1920 = EDGE_LOOP('',(#1921,#1927,#1928));
#1921 = ORIENTED_EDGE('',*,*,#1922,.F.);
#1922 = EDGE_CURVE('',#1436,#1672,#1923,.T.);
#1923 = ( BOUNDED_CURVE() B_SPLINE_CURVE(2,(#1924,#1925,#1926),
.UNSPECIFIED.,.F.,.F.) B_SPLINE_CURVE_WITH_KNOTS((3,3),(0.,
1.431169986635),.PIECEWISE_BEZIER_KNOTS.) CURVE() 
GEOMETRIC_REPRESENTATION_ITEM() RATIONAL_B_SPLINE_CURVE((1.,
0.754709580223,1.)) REPRESENTATION_ITEM('') );
#1924 = CARTESIAN_POINT('',(-0.746805808361,0.546805808361,0.9500001));
#1925 = CARTESIAN_POINT('',(-0.790270145251,0.546805808361,0.9500001));
#1926 = CARTESIAN_POINT('',(-0.796319211798,0.546805808361,
    0.906958755048));
#1927 = ORIENTED_EDGE('',*,*,#1879,.T.);
#1928 = ORIENTED_EDGE('',*,*,#1929,.F.);
#1929 = EDGE_CURVE('',#1672,#654,#1930,.T.);
#1930 = ( BOUNDED_CURVE() B_SPLINE_CURVE(2,(#1931,#1932,#1933),
.UNSPECIFIED.,.F.,.F.) B_SPLINE_CURVE_WITH_KNOTS((3,3),(3.14159265359,
4.693018617048),.PIECEWISE_BEZIER_KNOTS.) CURVE() 
GEOMETRIC_REPRESENTATION_ITEM() RATIONAL_B_SPLINE_CURVE((1.,
0.713921967736,1.)) REPRESENTATION_ITEM('') );
#1931 = CARTESIAN_POINT('',(-0.796319211798,0.546805808361,
    0.906958755048));
#1932 = CARTESIAN_POINT('',(-0.79537840185,0.59537840185,0.913652965665)
  );
#1933 = CARTESIAN_POINT('',(-0.746805808361,0.596319211798,
    0.906958755048));
#1934 = ( BOUNDED_SURFACE() B_SPLINE_SURFACE(2,2,(
    (#1935,#1936,#1937)
    ,(#1938,#1939,#1940)
    ,(#1941,#1942,#1943
)),.UNSPECIFIED.,.F.,.F.,.F.) B_SPLINE_SURFACE_WITH_KNOTS((3,3),(3,3),(
    3.281218993749,4.712388980385),(0.,1.431169986635),
.PIECEWISE_BEZIER_KNOTS.) GEOMETRIC_REPRESENTATION_ITEM() 
RATIONAL_B_SPLINE_SURFACE((
    (1.,0.754709580223,1.)
    ,(0.754709580223,0.56958655048,0.754709580223)
,(1.,0.754709580223,1.))) REPRESENTATION_ITEM('') SURFACE() );
#1935 = CARTESIAN_POINT('',(-0.796319211798,0.546805808361,
    0.906958755048));
#1936 = CARTESIAN_POINT('',(-0.796319211798,0.590270145251,
    0.906958755048));
#1937 = CARTESIAN_POINT('',(-0.753696742256,0.596319211798,
    0.900968557602));
#1938 = CARTESIAN_POINT('',(-0.790270145251,0.546805808361,0.9500001));
#1939 = CARTESIAN_POINT('',(-0.790270145251,0.590270145251,0.9500001));
#1940 = CARTESIAN_POINT('',(-0.752854874907,0.596319211798,
    0.906958755048));
#1941 = CARTESIAN_POINT('',(-0.746805808361,0.546805808361,0.9500001));
#1942 = CARTESIAN_POINT('',(-0.746805808361,0.590270145251,0.9500001));
#1943 = CARTESIAN_POINT('',(-0.746805808361,0.596319211798,
    0.906958755048));
#1944 = ADVANCED_FACE('',(#1945),#1956,.T.);
#1945 = FACE_BOUND('',#1946,.T.);
#1946 = EDGE_LOOP('',(#1947,#1948,#1949,#1955));
#1947 = ORIENTED_EDGE('',*,*,#1903,.T.);
#1948 = ORIENTED_EDGE('',*,*,#1478,.F.);
#1949 = ORIENTED_EDGE('',*,*,#1950,.F.);
#1950 = EDGE_CURVE('',#1594,#1472,#1951,.T.);
#1951 = ( BOUNDED_CURVE() B_SPLINE_CURVE(2,(#1952,#1953,#1954),
.UNSPECIFIED.,.F.,.F.) B_SPLINE_CURVE_WITH_KNOTS((3,3),(1.710422666954,
3.14159265359),.PIECEWISE_BEZIER_KNOTS.) CURVE() 
GEOMETRIC_REPRESENTATION_ITEM() RATIONAL_B_SPLINE_CURVE((1.,
0.754709580223,1.)) REPRESENTATION_ITEM('') );
#1952 = CARTESIAN_POINT('',(0.796319211798,-0.546805808361,
    0.906958755048));
#1953 = CARTESIAN_POINT('',(0.790270145251,-0.546805808361,0.9500001));
#1954 = CARTESIAN_POINT('',(0.746805808361,-0.546805808361,0.9500001));
#1955 = ORIENTED_EDGE('',*,*,#1593,.F.);
#1956 = ( BOUNDED_SURFACE() B_SPLINE_SURFACE(2,1,(
    (#1957,#1958)
    ,(#1959,#1960)
    ,(#1961,#1962
)),.UNSPECIFIED.,.F.,.F.,.F.) B_SPLINE_SURFACE_WITH_KNOTS((3,3),(2,2),(
    1.570796326795,3.00196631343),(-0.546805808361,0.546805808361),
.PIECEWISE_BEZIER_KNOTS.) GEOMETRIC_REPRESENTATION_ITEM() 
RATIONAL_B_SPLINE_SURFACE((
    (1.,1.)
    ,(0.754709580223,0.754709580223)
,(1.,1.))) REPRESENTATION_ITEM('') SURFACE() );
#1957 = CARTESIAN_POINT('',(0.746805808361,-0.546805808361,0.9500001));
#1958 = CARTESIAN_POINT('',(0.746805808361,0.546805808361,0.9500001));
#1959 = CARTESIAN_POINT('',(0.790270145251,-0.546805808361,0.9500001));
#1960 = CARTESIAN_POINT('',(0.790270145251,0.546805808361,0.9500001));
#1961 = CARTESIAN_POINT('',(0.796319211798,-0.546805808361,
    0.906958755048));
#1962 = CARTESIAN_POINT('',(0.796319211798,0.546805808361,0.906958755048
    ));
#1963 = ADVANCED_FACE('',(#1964),#1976,.T.);
#1964 = FACE_BOUND('',#1965,.T.);
#1965 = EDGE_LOOP('',(#1966,#1967,#1968,#1975));
#1966 = ORIENTED_EDGE('',*,*,#1896,.T.);
#1967 = ORIENTED_EDGE('',*,*,#1586,.F.);
#1968 = ORIENTED_EDGE('',*,*,#1969,.F.);
#1969 = EDGE_CURVE('',#647,#1580,#1970,.T.);
#1970 = ( BOUNDED_CURVE() B_SPLINE_CURVE(3,(#1971,#1972,#1973,#1974),
.UNSPECIFIED.,.F.,.F.) B_SPLINE_CURVE_WITH_KNOTS((4,4),(5.507472325451,
7.058898288909),.PIECEWISE_BEZIER_KNOTS.) CURVE() 
GEOMETRIC_REPRESENTATION_ITEM() RATIONAL_B_SPLINE_CURVE((1.,
0.809281311824,0.809281311824,1.)) REPRESENTATION_ITEM('') );
#1971 = CARTESIAN_POINT('',(0.800486596563,0.65,0.5250001));
#1972 = CARTESIAN_POINT('',(0.829606018857,0.65,0.5250001));
#1973 = CARTESIAN_POINT('',(0.85,0.629606018857,0.5250001));
#1974 = CARTESIAN_POINT('',(0.85,0.600486596563,0.5250001));
#1975 = ORIENTED_EDGE('',*,*,#667,.F.);
#1976 = ( BOUNDED_SURFACE() B_SPLINE_SURFACE(2,1,(
    (#1977,#1978)
    ,(#1979,#1980)
    ,(#1981,#1982
)),.UNSPECIFIED.,.F.,.F.,.F.) B_SPLINE_SURFACE_WITH_KNOTS((3,3),(2,2),(
    0.,1.551425963458),(0.145992522257,0.538274569668),
.PIECEWISE_BEZIER_KNOTS.) GEOMETRIC_REPRESENTATION_ITEM() 
RATIONAL_B_SPLINE_SURFACE((
    (1.,1.)
    ,(0.713921967736,0.713921967736)
,(1.,1.))) REPRESENTATION_ITEM('') SURFACE() );
#1977 = CARTESIAN_POINT('',(0.746805808361,0.596319211798,0.906958755048
    ));
#1978 = CARTESIAN_POINT('',(0.800879745752,0.65039314919,0.522202698161)
  );
#1979 = CARTESIAN_POINT('',(0.79537840185,0.59537840185,0.913652965665)
  );
#1980 = CARTESIAN_POINT('',(0.849452339242,0.649452339242,0.528896908778
    ));
#1981 = CARTESIAN_POINT('',(0.796319211798,0.546805808361,0.906958755048
    ));
#1982 = CARTESIAN_POINT('',(0.85039314919,0.600879745752,0.522202698161)
  );
#1983 = ADVANCED_FACE('',(#1984),#1996,.T.);
#1984 = FACE_BOUND('',#1985,.T.);
#1985 = EDGE_LOOP('',(#1986,#1987,#1988,#1995));
#1986 = ORIENTED_EDGE('',*,*,#1929,.T.);
#1987 = ORIENTED_EDGE('',*,*,#653,.F.);
#1988 = ORIENTED_EDGE('',*,*,#1989,.F.);
#1989 = EDGE_CURVE('',#1679,#645,#1990,.T.);
#1990 = ( BOUNDED_CURVE() B_SPLINE_CURVE(3,(#1991,#1992,#1993,#1994),
.UNSPECIFIED.,.F.,.F.) B_SPLINE_CURVE_WITH_KNOTS((4,4),(2.365879671861,
3.917305635319),.PIECEWISE_BEZIER_KNOTS.) CURVE() 
GEOMETRIC_REPRESENTATION_ITEM() RATIONAL_B_SPLINE_CURVE((1.,
0.809281311824,0.809281311824,1.)) REPRESENTATION_ITEM('') );
#1991 = CARTESIAN_POINT('',(-0.85,0.600486596563,0.5250001));
#1992 = CARTESIAN_POINT('',(-0.85,0.629606018857,0.5250001));
#1993 = CARTESIAN_POINT('',(-0.829606018857,0.65,0.5250001));
#1994 = CARTESIAN_POINT('',(-0.800486596563,0.65,0.5250001));
#1995 = ORIENTED_EDGE('',*,*,#1678,.F.);
#1996 = ( BOUNDED_SURFACE() B_SPLINE_SURFACE(2,1,(
    (#1997,#1998)
    ,(#1999,#2000)
    ,(#2001,#2002
)),.UNSPECIFIED.,.F.,.F.,.F.) B_SPLINE_SURFACE_WITH_KNOTS((3,3),(2,2),(
    3.14159265359,4.693018617048),(-0.538274569668,-0.145992522257),
.PIECEWISE_BEZIER_KNOTS.) GEOMETRIC_REPRESENTATION_ITEM() 
RATIONAL_B_SPLINE_SURFACE((
    (1.,1.)
    ,(0.713921967736,0.713921967736)
,(1.,1.))) REPRESENTATION_ITEM('') SURFACE() );
#1997 = CARTESIAN_POINT('',(-0.800879745752,0.65039314919,0.522202698161
    ));
#1998 = CARTESIAN_POINT('',(-0.746805808361,0.596319211798,
    0.906958755048));
#1999 = CARTESIAN_POINT('',(-0.849452339242,0.649452339242,
    0.528896908778));
#2000 = CARTESIAN_POINT('',(-0.79537840185,0.59537840185,0.913652965665)
  );
#2001 = CARTESIAN_POINT('',(-0.85039314919,0.600879745752,0.522202698161
    ));
#2002 = CARTESIAN_POINT('',(-0.796319211798,0.546805808361,
    0.906958755048));
#2003 = ADVANCED_FACE('',(#2004),#2015,.T.);
#2004 = FACE_BOUND('',#2005,.T.);
#2005 = EDGE_LOOP('',(#2006,#2007,#2008,#2014));
#2006 = ORIENTED_EDGE('',*,*,#1922,.T.);
#2007 = ORIENTED_EDGE('',*,*,#1671,.F.);
#2008 = ORIENTED_EDGE('',*,*,#2009,.F.);
#2009 = EDGE_CURVE('',#1443,#1665,#2010,.T.);
#2010 = ( BOUNDED_CURVE() B_SPLINE_CURVE(2,(#2011,#2012,#2013),
.UNSPECIFIED.,.F.,.F.) B_SPLINE_CURVE_WITH_KNOTS((3,3),(3.14159265359,
4.572762640225),.PIECEWISE_BEZIER_KNOTS.) CURVE() 
GEOMETRIC_REPRESENTATION_ITEM() RATIONAL_B_SPLINE_CURVE((1.,
0.754709580223,1.)) REPRESENTATION_ITEM('') );
#2011 = CARTESIAN_POINT('',(-0.746805808361,-0.546805808361,0.9500001));
#2012 = CARTESIAN_POINT('',(-0.790270145251,-0.546805808361,0.9500001));
#2013 = CARTESIAN_POINT('',(-0.796319211798,-0.546805808361,
    0.906958755048));
#2014 = ORIENTED_EDGE('',*,*,#1442,.F.);
#2015 = ( BOUNDED_SURFACE() B_SPLINE_SURFACE(2,1,(
    (#2016,#2017)
    ,(#2018,#2019)
    ,(#2020,#2021
)),.UNSPECIFIED.,.F.,.F.,.F.) B_SPLINE_SURFACE_WITH_KNOTS((3,3),(2,2),(
    3.14159265359,4.572762640225),(-0.546805808361,0.546805808361),
.PIECEWISE_BEZIER_KNOTS.) GEOMETRIC_REPRESENTATION_ITEM() 
RATIONAL_B_SPLINE_SURFACE((
    (1.,1.)
    ,(0.754709580223,0.754709580223)
,(1.,1.))) REPRESENTATION_ITEM('') SURFACE() );
#2016 = CARTESIAN_POINT('',(-0.746805808361,0.546805808361,0.9500001));
#2017 = CARTESIAN_POINT('',(-0.746805808361,-0.546805808361,0.9500001));
#2018 = CARTESIAN_POINT('',(-0.790270145251,0.546805808361,0.9500001));
#2019 = CARTESIAN_POINT('',(-0.790270145251,-0.546805808361,0.9500001));
#2020 = CARTESIAN_POINT('',(-0.796319211798,0.546805808361,
    0.906958755048));
#2021 = CARTESIAN_POINT('',(-0.796319211798,-0.546805808361,
    0.906958755048));
#2022 = ADVANCED_FACE('',(#2023),#2061,.T.);
#2023 = FACE_BOUND('',#2024,.T.);
#2024 = EDGE_LOOP('',(#2025,#2033,#2034,#2040,#2041,#2047,#2048,#2056));
#2025 = ORIENTED_EDGE('',*,*,#2026,.F.);
#2026 = EDGE_CURVE('',#1429,#2027,#2029,.T.);
#2027 = VERTEX_POINT('',#2028);
#2028 = CARTESIAN_POINT('',(-0.652968065906,-0.549966504487,0.9499001));
#2029 = ( BOUNDED_CURVE() B_SPLINE_CURVE(2,(#2030,#2031,#2032),
.UNSPECIFIED.,.F.,.F.) B_SPLINE_CURVE_WITH_KNOTS((3,3),(0.,
6.325609887512E-02),.PIECEWISE_BEZIER_KNOTS.) CURVE() 
GEOMETRIC_REPRESENTATION_ITEM() RATIONAL_B_SPLINE_CURVE((1.,
0.999499874937,1.)) REPRESENTATION_ITEM('') );
#2030 = CARTESIAN_POINT('',(-0.652968065906,-0.546805808361,0.9500001));
#2031 = CARTESIAN_POINT('',(-0.652968065906,-0.548387738354,0.9500001));
#2032 = CARTESIAN_POINT('',(-0.652968065906,-0.549966504487,0.9499001));
#2033 = ORIENTED_EDGE('',*,*,#1449,.F.);
#2034 = ORIENTED_EDGE('',*,*,#2035,.F.);
#2035 = EDGE_CURVE('',#1551,#1443,#2036,.T.);
#2036 = ( BOUNDED_CURVE() B_SPLINE_CURVE(2,(#2037,#2038,#2039),
.UNSPECIFIED.,.F.,.F.) B_SPLINE_CURVE_WITH_KNOTS((3,3),(4.852015320544,
6.28318530718),.PIECEWISE_BEZIER_KNOTS.) CURVE() 
GEOMETRIC_REPRESENTATION_ITEM() RATIONAL_B_SPLINE_CURVE((1.,
0.754709580223,1.)) REPRESENTATION_ITEM('') );
#2037 = CARTESIAN_POINT('',(-0.746805808361,-0.596319211798,
    0.906958755048));
#2038 = CARTESIAN_POINT('',(-0.746805808361,-0.590270145251,0.9500001));
#2039 = CARTESIAN_POINT('',(-0.746805808361,-0.546805808361,0.9500001));
#2040 = ORIENTED_EDGE('',*,*,#1550,.F.);
#2041 = ORIENTED_EDGE('',*,*,#2042,.F.);
#2042 = EDGE_CURVE('',#1472,#1544,#2043,.T.);
#2043 = ( BOUNDED_CURVE() B_SPLINE_CURVE(2,(#2044,#2045,#2046),
.UNSPECIFIED.,.F.,.F.) B_SPLINE_CURVE_WITH_KNOTS((3,3),(3.14159265359,
4.572762640225),.PIECEWISE_BEZIER_KNOTS.) CURVE() 
GEOMETRIC_REPRESENTATION_ITEM() RATIONAL_B_SPLINE_CURVE((1.,
0.754709580223,1.)) REPRESENTATION_ITEM('') );
#2044 = CARTESIAN_POINT('',(0.746805808361,-0.546805808361,0.9500001));
#2045 = CARTESIAN_POINT('',(0.746805808361,-0.590270145251,0.9500001));
#2046 = CARTESIAN_POINT('',(0.746805808361,-0.596319211798,
    0.906958755048));
#2047 = ORIENTED_EDGE('',*,*,#1471,.F.);
#2048 = ORIENTED_EDGE('',*,*,#2049,.F.);
#2049 = EDGE_CURVE('',#2050,#1463,#2052,.T.);
#2050 = VERTEX_POINT('',#2051);
#2051 = CARTESIAN_POINT('',(-0.559255056447,-0.549966504487,0.9499001));
#2052 = ( BOUNDED_CURVE() B_SPLINE_CURVE(2,(#2053,#2054,#2055),
.UNSPECIFIED.,.F.,.F.) B_SPLINE_CURVE_WITH_KNOTS((3,3),(3.078336554715,
3.14159265359),.PIECEWISE_BEZIER_KNOTS.) CURVE() 
GEOMETRIC_REPRESENTATION_ITEM() RATIONAL_B_SPLINE_CURVE((1.,
0.999499874937,1.)) REPRESENTATION_ITEM('') );
#2053 = CARTESIAN_POINT('',(-0.559255056447,-0.549966504487,0.9499001));
#2054 = CARTESIAN_POINT('',(-0.559255056447,-0.548387738354,0.9500001));
#2055 = CARTESIAN_POINT('',(-0.559255056447,-0.546805808361,0.9500001));
#2056 = ORIENTED_EDGE('',*,*,#2057,.T.);
#2057 = EDGE_CURVE('',#2050,#2027,#2058,.T.);
#2058 = B_SPLINE_CURVE_WITH_KNOTS('',1,(#2059,#2060),.UNSPECIFIED.,.F.,
  .F.,(2,2),(0.559255056447,0.652968065906),.PIECEWISE_BEZIER_KNOTS.);
#2059 = CARTESIAN_POINT('',(-0.559255056447,-0.549966504487,0.9499001));
#2060 = CARTESIAN_POINT('',(-0.652968065906,-0.549966504487,0.9499001));
#2061 = ( BOUNDED_SURFACE() B_SPLINE_SURFACE(2,1,(
    (#2062,#2063)
    ,(#2064,#2065)
    ,(#2066,#2067
)),.UNSPECIFIED.,.F.,.F.,.F.) B_SPLINE_SURFACE_WITH_KNOTS((3,3),(2,2),(
    3.14159265359,4.572762640225),(-0.746805808361,0.746805808361),
.PIECEWISE_BEZIER_KNOTS.) GEOMETRIC_REPRESENTATION_ITEM() 
RATIONAL_B_SPLINE_SURFACE((
    (1.,1.)
    ,(0.754709580223,0.754709580223)
,(1.,1.))) REPRESENTATION_ITEM('') SURFACE() );
#2062 = CARTESIAN_POINT('',(-0.746805808361,-0.546805808361,0.9500001));
#2063 = CARTESIAN_POINT('',(0.746805808361,-0.546805808361,0.9500001));
#2064 = CARTESIAN_POINT('',(-0.746805808361,-0.590270145251,0.9500001));
#2065 = CARTESIAN_POINT('',(0.746805808361,-0.590270145251,0.9500001));
#2066 = CARTESIAN_POINT('',(-0.746805808361,-0.596319211798,
    0.906958755048));
#2067 = CARTESIAN_POINT('',(0.746805808361,-0.596319211798,
    0.906958755048));
#2068 = ADVANCED_FACE('',(#2069),#2079,.T.);
#2069 = FACE_BOUND('',#2070,.T.);
#2070 = EDGE_LOOP('',(#2071,#2072,#2073));
#2071 = ORIENTED_EDGE('',*,*,#1950,.T.);
#2072 = ORIENTED_EDGE('',*,*,#2042,.T.);
#2073 = ORIENTED_EDGE('',*,*,#2074,.F.);
#2074 = EDGE_CURVE('',#1594,#1544,#2075,.T.);
#2075 = ( BOUNDED_CURVE() B_SPLINE_CURVE(2,(#2076,#2077,#2078),
.UNSPECIFIED.,.F.,.F.) B_SPLINE_CURVE_WITH_KNOTS((3,3),(4.731759343722,
6.28318530718),.PIECEWISE_BEZIER_KNOTS.) CURVE() 
GEOMETRIC_REPRESENTATION_ITEM() RATIONAL_B_SPLINE_CURVE((1.,
0.713921967736,1.)) REPRESENTATION_ITEM('') );
#2076 = CARTESIAN_POINT('',(0.796319211798,-0.546805808361,
    0.906958755048));
#2077 = CARTESIAN_POINT('',(0.79537840185,-0.59537840185,0.913652965665)
  );
#2078 = CARTESIAN_POINT('',(0.746805808361,-0.596319211798,
    0.906958755048));
#2079 = ( BOUNDED_SURFACE() B_SPLINE_SURFACE(2,2,(
    (#2080,#2081,#2082)
    ,(#2083,#2084,#2085)
    ,(#2086,#2087,#2088
)),.UNSPECIFIED.,.F.,.F.,.F.) B_SPLINE_SURFACE_WITH_KNOTS((3,3),(3,3),(
    4.712388980385,6.14355896702),(-2.22044604925E-15,1.431169986635),
.PIECEWISE_BEZIER_KNOTS.) GEOMETRIC_REPRESENTATION_ITEM() 
RATIONAL_B_SPLINE_SURFACE((
    (1.,0.754709580223,1.)
    ,(0.754709580223,0.56958655048,0.754709580223)
,(1.,0.754709580223,1.))) REPRESENTATION_ITEM('') SURFACE() );
#2080 = CARTESIAN_POINT('',(0.746805808361,-0.546805808361,0.9500001));
#2081 = CARTESIAN_POINT('',(0.790270145251,-0.546805808361,0.9500001));
#2082 = CARTESIAN_POINT('',(0.796319211798,-0.546805808361,
    0.906958755048));
#2083 = CARTESIAN_POINT('',(0.746805808361,-0.590270145251,0.9500001));
#2084 = CARTESIAN_POINT('',(0.790270145251,-0.590270145251,0.9500001));
#2085 = CARTESIAN_POINT('',(0.796319211798,-0.552854874907,
    0.906958755048));
#2086 = CARTESIAN_POINT('',(0.746805808361,-0.596319211798,
    0.906958755048));
#2087 = CARTESIAN_POINT('',(0.790270145251,-0.596319211798,
    0.906958755048));
#2088 = CARTESIAN_POINT('',(0.796319211798,-0.553696742256,
    0.900968557602));
#2089 = ADVANCED_FACE('',(#2090),#2101,.T.);
#2090 = FACE_BOUND('',#2091,.T.);
#2091 = EDGE_LOOP('',(#2092,#2093,#2094,#2100));
#2092 = ORIENTED_EDGE('',*,*,#1969,.T.);
#2093 = ORIENTED_EDGE('',*,*,#1760,.F.);
#2094 = ORIENTED_EDGE('',*,*,#2095,.F.);
#2095 = EDGE_CURVE('',#1824,#1754,#2096,.T.);
#2096 = ( BOUNDED_CURVE() B_SPLINE_CURVE(2,(#2097,#2098,#2099),
.UNSPECIFIED.,.F.,.F.) B_SPLINE_CURVE_WITH_KNOTS((3,3),(1.590166690132,
3.14159265359),.PIECEWISE_BEZIER_KNOTS.) CURVE() 
GEOMETRIC_REPRESENTATION_ITEM() RATIONAL_B_SPLINE_CURVE((1.,
0.713921967736,1.)) REPRESENTATION_ITEM('') );
#2097 = CARTESIAN_POINT('',(0.746805808361,0.596319211798,0.143041444952
    ));
#2098 = CARTESIAN_POINT('',(0.79537840185,0.59537840185,0.136347234335)
  );
#2099 = CARTESIAN_POINT('',(0.796319211798,0.546805808361,0.143041444952
    ));
#2100 = ORIENTED_EDGE('',*,*,#1823,.F.);
#2101 = ( BOUNDED_SURFACE() B_SPLINE_SURFACE(2,1,(
    (#2102,#2103)
    ,(#2104,#2105)
    ,(#2106,#2107
)),.UNSPECIFIED.,.F.,.F.,.F.) B_SPLINE_SURFACE_WITH_KNOTS((3,3),(2,2),(
    0.,1.551425963458),(-0.230362681737,0.161919365675),
.PIECEWISE_BEZIER_KNOTS.) GEOMETRIC_REPRESENTATION_ITEM() 
RATIONAL_B_SPLINE_SURFACE((
    (1.,1.)
    ,(0.713921967736,0.713921967736)
,(1.,1.))) REPRESENTATION_ITEM('') SURFACE() );
#2102 = CARTESIAN_POINT('',(0.800879745752,0.65039314919,0.527797501839)
  );
#2103 = CARTESIAN_POINT('',(0.746805808361,0.596319211798,0.143041444952
    ));
#2104 = CARTESIAN_POINT('',(0.849452339242,0.649452339242,0.521103291222
    ));
#2105 = CARTESIAN_POINT('',(0.79537840185,0.59537840185,0.136347234335)
  );
#2106 = CARTESIAN_POINT('',(0.85039314919,0.600879745752,0.527797501839)
  );
#2107 = CARTESIAN_POINT('',(0.796319211798,0.546805808361,0.143041444952
    ));
#2108 = ADVANCED_FACE('',(#2109),#2125,.T.);
#2109 = FACE_BOUND('',#2110,.T.);
#2110 = EDGE_LOOP('',(#2111,#2117,#2118,#2124));
#2111 = ORIENTED_EDGE('',*,*,#2112,.F.);
#2112 = EDGE_CURVE('',#1831,#1515,#2113,.T.);
#2113 = ( BOUNDED_CURVE() B_SPLINE_CURVE(2,(#2114,#2115,#2116),
.UNSPECIFIED.,.F.,.F.) B_SPLINE_CURVE_WITH_KNOTS((3,3),(1.710422666954,
3.14159265359),.PIECEWISE_BEZIER_KNOTS.) CURVE() 
GEOMETRIC_REPRESENTATION_ITEM() RATIONAL_B_SPLINE_CURVE((1.,
0.754709580223,1.)) REPRESENTATION_ITEM('') );
#2114 = CARTESIAN_POINT('',(-0.746805808361,0.596319211798,
    0.143041444952));
#2115 = CARTESIAN_POINT('',(-0.746805808361,0.590270145251,0.1000001));
#2116 = CARTESIAN_POINT('',(-0.746805808361,0.546805808361,0.1000001));
#2117 = ORIENTED_EDGE('',*,*,#1830,.F.);
#2118 = ORIENTED_EDGE('',*,*,#2119,.F.);
#2119 = EDGE_CURVE('',#1499,#1824,#2120,.T.);
#2120 = ( BOUNDED_CURVE() B_SPLINE_CURVE(2,(#2121,#2122,#2123),
.UNSPECIFIED.,.F.,.F.) B_SPLINE_CURVE_WITH_KNOTS((3,3),(0.,
1.431169986635),.PIECEWISE_BEZIER_KNOTS.) CURVE() 
GEOMETRIC_REPRESENTATION_ITEM() RATIONAL_B_SPLINE_CURVE((1.,
0.754709580223,1.)) REPRESENTATION_ITEM('') );
#2121 = CARTESIAN_POINT('',(0.746805808361,0.546805808361,0.1000001));
#2122 = CARTESIAN_POINT('',(0.746805808361,0.590270145251,0.1000001));
#2123 = CARTESIAN_POINT('',(0.746805808361,0.596319211798,0.143041444952
    ));
#2124 = ORIENTED_EDGE('',*,*,#1521,.F.);
#2125 = ( BOUNDED_SURFACE() B_SPLINE_SURFACE(2,1,(
    (#2126,#2127)
    ,(#2128,#2129)
    ,(#2130,#2131
)),.UNSPECIFIED.,.F.,.F.,.F.) B_SPLINE_SURFACE_WITH_KNOTS((3,3),(2,2),(
    4.712388980385,6.14355896702),(-0.746805808361,0.746805808361),
.PIECEWISE_BEZIER_KNOTS.) GEOMETRIC_REPRESENTATION_ITEM() 
RATIONAL_B_SPLINE_SURFACE((
    (1.,1.)
    ,(0.754709580223,0.754709580223)
,(1.,1.))) REPRESENTATION_ITEM('') SURFACE() );
#2126 = CARTESIAN_POINT('',(-0.746805808361,0.546805808361,0.1000001));
#2127 = CARTESIAN_POINT('',(0.746805808361,0.546805808361,0.1000001));
#2128 = CARTESIAN_POINT('',(-0.746805808361,0.590270145251,0.1000001));
#2129 = CARTESIAN_POINT('',(0.746805808361,0.590270145251,0.1000001));
#2130 = CARTESIAN_POINT('',(-0.746805808361,0.596319211798,
    0.143041444952));
#2131 = CARTESIAN_POINT('',(0.746805808361,0.596319211798,0.143041444952
    ));
#2132 = ADVANCED_FACE('',(#2133),#2144,.T.);
#2133 = FACE_BOUND('',#2134,.T.);
#2134 = EDGE_LOOP('',(#2135,#2136,#2137,#2143));
#2135 = ORIENTED_EDGE('',*,*,#1989,.T.);
#2136 = ORIENTED_EDGE('',*,*,#1837,.F.);
#2137 = ORIENTED_EDGE('',*,*,#2138,.F.);
#2138 = EDGE_CURVE('',#1783,#1831,#2139,.T.);
#2139 = ( BOUNDED_CURVE() B_SPLINE_CURVE(2,(#2140,#2141,#2142),
.UNSPECIFIED.,.F.,.F.) B_SPLINE_CURVE_WITH_KNOTS((3,3),(0.,
1.551425963458),.PIECEWISE_BEZIER_KNOTS.) CURVE() 
GEOMETRIC_REPRESENTATION_ITEM() RATIONAL_B_SPLINE_CURVE((1.,
0.713921967736,1.)) REPRESENTATION_ITEM('') );
#2140 = CARTESIAN_POINT('',(-0.796319211798,0.546805808361,
    0.143041444952));
#2141 = CARTESIAN_POINT('',(-0.79537840185,0.59537840185,0.136347234335)
  );
#2142 = CARTESIAN_POINT('',(-0.746805808361,0.596319211798,
    0.143041444952));
#2143 = ORIENTED_EDGE('',*,*,#1782,.F.);
#2144 = ( BOUNDED_SURFACE() B_SPLINE_SURFACE(2,1,(
    (#2145,#2146)
    ,(#2147,#2148)
    ,(#2149,#2150
)),.UNSPECIFIED.,.F.,.F.,.F.) B_SPLINE_SURFACE_WITH_KNOTS((3,3),(2,2),(
    3.14159265359,4.693018617048),(-0.396255079411,-3.97303199886E-03),
.PIECEWISE_BEZIER_KNOTS.) GEOMETRIC_REPRESENTATION_ITEM() 
RATIONAL_B_SPLINE_SURFACE((
    (1.,1.)
    ,(0.713921967736,0.713921967736)
,(1.,1.))) REPRESENTATION_ITEM('') SURFACE() );
#2145 = CARTESIAN_POINT('',(-0.746805808361,0.596319211798,
    0.143041444952));
#2146 = CARTESIAN_POINT('',(-0.800879745752,0.65039314919,0.527797501839
    ));
#2147 = CARTESIAN_POINT('',(-0.79537840185,0.59537840185,0.136347234335)
  );
#2148 = CARTESIAN_POINT('',(-0.849452339242,0.649452339242,
    0.521103291222));
#2149 = CARTESIAN_POINT('',(-0.796319211798,0.546805808361,
    0.143041444952));
#2150 = CARTESIAN_POINT('',(-0.85039314919,0.600879745752,0.527797501839
    ));
#2151 = ADVANCED_FACE('',(#2152),#2162,.T.);
#2152 = FACE_BOUND('',#2153,.T.);
#2153 = EDGE_LOOP('',(#2154,#2155,#2156));
#2154 = ORIENTED_EDGE('',*,*,#2035,.T.);
#2155 = ORIENTED_EDGE('',*,*,#2009,.T.);
#2156 = ORIENTED_EDGE('',*,*,#2157,.F.);
#2157 = EDGE_CURVE('',#1551,#1665,#2158,.T.);
#2158 = ( BOUNDED_CURVE() B_SPLINE_CURVE(2,(#2159,#2160,#2161),
.UNSPECIFIED.,.F.,.F.) B_SPLINE_CURVE_WITH_KNOTS((3,3),(1.590166690132,
3.14159265359),.PIECEWISE_BEZIER_KNOTS.) CURVE() 
GEOMETRIC_REPRESENTATION_ITEM() RATIONAL_B_SPLINE_CURVE((1.,
0.713921967736,1.)) REPRESENTATION_ITEM('') );
#2159 = CARTESIAN_POINT('',(-0.746805808361,-0.596319211798,
    0.906958755048));
#2160 = CARTESIAN_POINT('',(-0.79537840185,-0.59537840185,0.913652965665
    ));
#2161 = CARTESIAN_POINT('',(-0.796319211798,-0.546805808361,
    0.906958755048));
#2162 = ( BOUNDED_SURFACE() B_SPLINE_SURFACE(2,2,(
    (#2163,#2164,#2165)
    ,(#2166,#2167,#2168)
    ,(#2169,#2170,#2171
)),.UNSPECIFIED.,.F.,.F.,.F.) B_SPLINE_SURFACE_WITH_KNOTS((3,3),(3,3),(
    3.281218993749,4.712388980385),(-1.431169986635,2.6645352591E-15),
.PIECEWISE_BEZIER_KNOTS.) GEOMETRIC_REPRESENTATION_ITEM() 
RATIONAL_B_SPLINE_SURFACE((
    (1.,0.754709580223,1.)
    ,(0.754709580223,0.56958655048,0.754709580223)
,(1.,0.754709580223,1.))) REPRESENTATION_ITEM('') SURFACE() );
#2163 = CARTESIAN_POINT('',(-0.753696742256,-0.596319211798,
    0.900968557602));
#2164 = CARTESIAN_POINT('',(-0.796319211798,-0.590270145251,
    0.906958755048));
#2165 = CARTESIAN_POINT('',(-0.796319211798,-0.546805808361,
    0.906958755048));
#2166 = CARTESIAN_POINT('',(-0.752854874907,-0.596319211798,
    0.906958755048));
#2167 = CARTESIAN_POINT('',(-0.790270145251,-0.590270145251,0.9500001));
#2168 = CARTESIAN_POINT('',(-0.790270145251,-0.546805808361,0.9500001));
#2169 = CARTESIAN_POINT('',(-0.746805808361,-0.596319211798,
    0.906958755048));
#2170 = CARTESIAN_POINT('',(-0.746805808361,-0.590270145251,0.9500001));
#2171 = CARTESIAN_POINT('',(-0.746805808361,-0.546805808361,0.9500001));
#2172 = ADVANCED_FACE('',(#2173),#2185,.T.);
#2173 = FACE_BOUND('',#2174,.T.);
#2174 = EDGE_LOOP('',(#2175,#2176,#2177,#2184));
#2175 = ORIENTED_EDGE('',*,*,#2074,.T.);
#2176 = ORIENTED_EDGE('',*,*,#1543,.F.);
#2177 = ORIENTED_EDGE('',*,*,#2178,.F.);
#2178 = EDGE_CURVE('',#1601,#1535,#2179,.T.);
#2179 = ( BOUNDED_CURVE() B_SPLINE_CURVE(3,(#2180,#2181,#2182,#2183),
.UNSPECIFIED.,.F.,.F.) B_SPLINE_CURVE_WITH_KNOTS((4,4),(5.507472325451,
7.058898288909),.PIECEWISE_BEZIER_KNOTS.) CURVE() 
GEOMETRIC_REPRESENTATION_ITEM() RATIONAL_B_SPLINE_CURVE((1.,
0.809281311824,0.809281311824,1.)) REPRESENTATION_ITEM('') );
#2180 = CARTESIAN_POINT('',(0.85,-0.600486596563,0.5250001));
#2181 = CARTESIAN_POINT('',(0.85,-0.629606018857,0.5250001));
#2182 = CARTESIAN_POINT('',(0.829606018857,-0.65,0.5250001));
#2183 = CARTESIAN_POINT('',(0.800486596563,-0.65,0.5250001));
#2184 = ORIENTED_EDGE('',*,*,#1600,.F.);
#2185 = ( BOUNDED_SURFACE() B_SPLINE_SURFACE(2,1,(
    (#2186,#2187)
    ,(#2188,#2189)
    ,(#2190,#2191
)),.UNSPECIFIED.,.F.,.F.,.F.) B_SPLINE_SURFACE_WITH_KNOTS((3,3),(2,2),(
    3.14159265359,4.693018617048),(0.118423614758,0.51070566217),
.PIECEWISE_BEZIER_KNOTS.) GEOMETRIC_REPRESENTATION_ITEM() 
RATIONAL_B_SPLINE_SURFACE((
    (1.,1.)
    ,(0.713921967736,0.713921967736)
,(1.,1.))) REPRESENTATION_ITEM('') SURFACE() );
#2186 = CARTESIAN_POINT('',(0.796319211798,-0.546805808361,
    0.906958755048));
#2187 = CARTESIAN_POINT('',(0.85039314919,-0.600879745752,0.522202698161
    ));
#2188 = CARTESIAN_POINT('',(0.79537840185,-0.59537840185,0.913652965665)
  );
#2189 = CARTESIAN_POINT('',(0.849452339242,-0.649452339242,
    0.528896908778));
#2190 = CARTESIAN_POINT('',(0.746805808361,-0.596319211798,
    0.906958755048));
#2191 = CARTESIAN_POINT('',(0.800879745752,-0.65039314919,0.522202698161
    ));
#2192 = ADVANCED_FACE('',(#2193),#2203,.T.);
#2193 = FACE_BOUND('',#2194,.T.);
#2194 = EDGE_LOOP('',(#2195,#2196,#2197));
#2195 = ORIENTED_EDGE('',*,*,#2119,.T.);
#2196 = ORIENTED_EDGE('',*,*,#2095,.T.);
#2197 = ORIENTED_EDGE('',*,*,#2198,.F.);
#2198 = EDGE_CURVE('',#1499,#1754,#2199,.T.);
#2199 = ( BOUNDED_CURVE() B_SPLINE_CURVE(2,(#2200,#2201,#2202),
.UNSPECIFIED.,.F.,.F.) B_SPLINE_CURVE_WITH_KNOTS((3,3),(3.14159265359,
4.572762640225),.PIECEWISE_BEZIER_KNOTS.) CURVE() 
GEOMETRIC_REPRESENTATION_ITEM() RATIONAL_B_SPLINE_CURVE((1.,
0.754709580223,1.)) REPRESENTATION_ITEM('') );
#2200 = CARTESIAN_POINT('',(0.746805808361,0.546805808361,0.1000001));
#2201 = CARTESIAN_POINT('',(0.790270145251,0.546805808361,0.1000001));
#2202 = CARTESIAN_POINT('',(0.796319211798,0.546805808361,0.143041444952
    ));
#2203 = ( BOUNDED_SURFACE() B_SPLINE_SURFACE(2,2,(
    (#2204,#2205,#2206)
    ,(#2207,#2208,#2209)
    ,(#2210,#2211,#2212
)),.UNSPECIFIED.,.F.,.F.,.F.) B_SPLINE_SURFACE_WITH_KNOTS((3,3),(3,3),(
    3.281218993749,4.712388980385),(0.,1.431169986635),
.PIECEWISE_BEZIER_KNOTS.) GEOMETRIC_REPRESENTATION_ITEM() 
RATIONAL_B_SPLINE_SURFACE((
    (1.,0.754709580223,1.)
    ,(0.754709580223,0.56958655048,0.754709580223)
,(1.,0.754709580223,1.))) REPRESENTATION_ITEM('') SURFACE() );
#2204 = CARTESIAN_POINT('',(0.796319211798,0.546805808361,0.143041444952
    ));
#2205 = CARTESIAN_POINT('',(0.796319211798,0.590270145251,0.143041444952
    ));
#2206 = CARTESIAN_POINT('',(0.753696742256,0.596319211798,0.149031642398
    ));
#2207 = CARTESIAN_POINT('',(0.790270145251,0.546805808361,0.1000001));
#2208 = CARTESIAN_POINT('',(0.790270145251,0.590270145251,0.1000001));
#2209 = CARTESIAN_POINT('',(0.752854874907,0.596319211798,0.143041444952
    ));
#2210 = CARTESIAN_POINT('',(0.746805808361,0.546805808361,0.1000001));
#2211 = CARTESIAN_POINT('',(0.746805808361,0.590270145251,0.1000001));
#2212 = CARTESIAN_POINT('',(0.746805808361,0.596319211798,0.143041444952
    ));
#2213 = ADVANCED_FACE('',(#2214),#2224,.T.);
#2214 = FACE_BOUND('',#2215,.T.);
#2215 = EDGE_LOOP('',(#2216,#2217,#2218));
#2216 = ORIENTED_EDGE('',*,*,#2138,.T.);
#2217 = ORIENTED_EDGE('',*,*,#2112,.T.);
#2218 = ORIENTED_EDGE('',*,*,#2219,.F.);
#2219 = EDGE_CURVE('',#1783,#1515,#2220,.T.);
#2220 = ( BOUNDED_CURVE() B_SPLINE_CURVE(2,(#2221,#2222,#2223),
.UNSPECIFIED.,.F.,.F.) B_SPLINE_CURVE_WITH_KNOTS((3,3),(0.13962634016,
1.570796326795),.PIECEWISE_BEZIER_KNOTS.) CURVE() 
GEOMETRIC_REPRESENTATION_ITEM() RATIONAL_B_SPLINE_CURVE((1.,
0.754709580223,1.)) REPRESENTATION_ITEM('') );
#2221 = CARTESIAN_POINT('',(-0.796319211798,0.546805808361,
    0.143041444952));
#2222 = CARTESIAN_POINT('',(-0.790270145251,0.546805808361,0.1000001));
#2223 = CARTESIAN_POINT('',(-0.746805808361,0.546805808361,0.1000001));
#2224 = ( BOUNDED_SURFACE() B_SPLINE_SURFACE(2,2,(
    (#2225,#2226,#2227)
    ,(#2228,#2229,#2230)
    ,(#2231,#2232,#2233
)),.UNSPECIFIED.,.F.,.F.,.F.) B_SPLINE_SURFACE_WITH_KNOTS((3,3),(3,3),(
    4.712388980385,6.14355896702),(0.,1.431169986635),
.PIECEWISE_BEZIER_KNOTS.) GEOMETRIC_REPRESENTATION_ITEM() 
RATIONAL_B_SPLINE_SURFACE((
    (1.,0.754709580223,1.)
    ,(0.754709580223,0.56958655048,0.754709580223)
,(1.,0.754709580223,1.))) REPRESENTATION_ITEM('') SURFACE() );
#2225 = CARTESIAN_POINT('',(-0.746805808361,0.546805808361,0.1000001));
#2226 = CARTESIAN_POINT('',(-0.746805808361,0.590270145251,0.1000001));
#2227 = CARTESIAN_POINT('',(-0.746805808361,0.596319211798,
    0.143041444952));
#2228 = CARTESIAN_POINT('',(-0.790270145251,0.546805808361,0.1000001));
#2229 = CARTESIAN_POINT('',(-0.790270145251,0.590270145251,0.1000001));
#2230 = CARTESIAN_POINT('',(-0.752854874907,0.596319211798,
    0.143041444952));
#2231 = CARTESIAN_POINT('',(-0.796319211798,0.546805808361,
    0.143041444952));
#2232 = CARTESIAN_POINT('',(-0.796319211798,0.590270145251,
    0.143041444952));
#2233 = CARTESIAN_POINT('',(-0.753696742256,0.596319211798,
    0.149031642398));
#2234 = ADVANCED_FACE('',(#2235),#2247,.T.);
#2235 = FACE_BOUND('',#2236,.T.);
#2236 = EDGE_LOOP('',(#2237,#2238,#2239,#2246));
#2237 = ORIENTED_EDGE('',*,*,#2157,.T.);
#2238 = ORIENTED_EDGE('',*,*,#1664,.F.);
#2239 = ORIENTED_EDGE('',*,*,#2240,.F.);
#2240 = EDGE_CURVE('',#1537,#1658,#2241,.T.);
#2241 = ( BOUNDED_CURVE() B_SPLINE_CURVE(3,(#2242,#2243,#2244,#2245),
.UNSPECIFIED.,.F.,.F.) B_SPLINE_CURVE_WITH_KNOTS((4,4),(2.365879671861,
3.917305635319),.PIECEWISE_BEZIER_KNOTS.) CURVE() 
GEOMETRIC_REPRESENTATION_ITEM() RATIONAL_B_SPLINE_CURVE((1.,
0.809281311824,0.809281311824,1.)) REPRESENTATION_ITEM('') );
#2242 = CARTESIAN_POINT('',(-0.800486596563,-0.65,0.5250001));
#2243 = CARTESIAN_POINT('',(-0.829606018857,-0.65,0.5250001));
#2244 = CARTESIAN_POINT('',(-0.85,-0.629606018857,0.5250001));
#2245 = CARTESIAN_POINT('',(-0.85,-0.600486596563,0.5250001));
#2246 = ORIENTED_EDGE('',*,*,#1557,.F.);
#2247 = ( BOUNDED_SURFACE() B_SPLINE_SURFACE(2,1,(
    (#2248,#2249)
    ,(#2250,#2251)
    ,(#2252,#2253
)),.UNSPECIFIED.,.F.,.F.,.F.) B_SPLINE_SURFACE_WITH_KNOTS((3,3),(2,2),(
    3.14159265359,4.693018617048),(-0.51070566217,-0.118423614758),
.PIECEWISE_BEZIER_KNOTS.) GEOMETRIC_REPRESENTATION_ITEM() 
RATIONAL_B_SPLINE_SURFACE((
    (1.,1.)
    ,(0.713921967736,0.713921967736)
,(1.,1.))) REPRESENTATION_ITEM('') SURFACE() );
#2248 = CARTESIAN_POINT('',(-0.85039314919,-0.600879745752,
    0.522202698161));
#2249 = CARTESIAN_POINT('',(-0.796319211798,-0.546805808361,
    0.906958755048));
#2250 = CARTESIAN_POINT('',(-0.849452339242,-0.649452339242,
    0.528896908778));
#2251 = CARTESIAN_POINT('',(-0.79537840185,-0.59537840185,0.913652965665
    ));
#2252 = CARTESIAN_POINT('',(-0.800879745752,-0.65039314919,
    0.522202698161));
#2253 = CARTESIAN_POINT('',(-0.746805808361,-0.596319211798,
    0.906958755048));
#2254 = ADVANCED_FACE('',(#2255),#2266,.T.);
#2255 = FACE_BOUND('',#2256,.T.);
#2256 = EDGE_LOOP('',(#2257,#2258,#2259,#2265));
#2257 = ORIENTED_EDGE('',*,*,#2178,.T.);
#2258 = ORIENTED_EDGE('',*,*,#1707,.F.);
#2259 = ORIENTED_EDGE('',*,*,#2260,.F.);
#2260 = EDGE_CURVE('',#1747,#1701,#2261,.T.);
#2261 = ( BOUNDED_CURVE() B_SPLINE_CURVE(2,(#2262,#2263,#2264),
.UNSPECIFIED.,.F.,.F.) B_SPLINE_CURVE_WITH_KNOTS((3,3),(3.14159265359,
4.693018617048),.PIECEWISE_BEZIER_KNOTS.) CURVE() 
GEOMETRIC_REPRESENTATION_ITEM() RATIONAL_B_SPLINE_CURVE((1.,
0.713921967736,1.)) REPRESENTATION_ITEM('') );
#2262 = CARTESIAN_POINT('',(0.796319211798,-0.546805808361,
    0.143041444952));
#2263 = CARTESIAN_POINT('',(0.79537840185,-0.59537840185,0.136347234335)
  );
#2264 = CARTESIAN_POINT('',(0.746805808361,-0.596319211798,
    0.143041444952));
#2265 = ORIENTED_EDGE('',*,*,#1746,.F.);
#2266 = ( BOUNDED_SURFACE() B_SPLINE_SURFACE(2,1,(
    (#2267,#2268)
    ,(#2269,#2270)
    ,(#2271,#2272
)),.UNSPECIFIED.,.F.,.F.,.F.) B_SPLINE_SURFACE_WITH_KNOTS((3,3),(2,2),(
    3.14159265359,4.693018617048),(-0.17522486674,0.217057180672),
.PIECEWISE_BEZIER_KNOTS.) GEOMETRIC_REPRESENTATION_ITEM() 
RATIONAL_B_SPLINE_SURFACE((
    (1.,1.)
    ,(0.713921967736,0.713921967736)
,(1.,1.))) REPRESENTATION_ITEM('') SURFACE() );
#2267 = CARTESIAN_POINT('',(0.85039314919,-0.600879745752,0.527797501839
    ));
#2268 = CARTESIAN_POINT('',(0.796319211798,-0.546805808361,
    0.143041444952));
#2269 = CARTESIAN_POINT('',(0.849452339242,-0.649452339242,
    0.521103291222));
#2270 = CARTESIAN_POINT('',(0.79537840185,-0.59537840185,0.136347234335)
  );
#2271 = CARTESIAN_POINT('',(0.800879745752,-0.65039314919,0.527797501839
    ));
#2272 = CARTESIAN_POINT('',(0.746805808361,-0.596319211798,
    0.143041444952));
#2273 = ADVANCED_FACE('',(#2274),#2285,.T.);
#2274 = FACE_BOUND('',#2275,.T.);
#2275 = EDGE_LOOP('',(#2276,#2277,#2278,#2284));
#2276 = ORIENTED_EDGE('',*,*,#2198,.T.);
#2277 = ORIENTED_EDGE('',*,*,#1753,.F.);
#2278 = ORIENTED_EDGE('',*,*,#2279,.F.);
#2279 = EDGE_CURVE('',#1501,#1747,#2280,.T.);
#2280 = ( BOUNDED_CURVE() B_SPLINE_CURVE(2,(#2281,#2282,#2283),
.UNSPECIFIED.,.F.,.F.) B_SPLINE_CURVE_WITH_KNOTS((3,3),(4.712388980385,
6.14355896702),.PIECEWISE_BEZIER_KNOTS.) CURVE() 
GEOMETRIC_REPRESENTATION_ITEM() RATIONAL_B_SPLINE_CURVE((1.,
0.754709580223,1.)) REPRESENTATION_ITEM('') );
#2281 = CARTESIAN_POINT('',(0.746805808361,-0.546805808361,0.1000001));
#2282 = CARTESIAN_POINT('',(0.790270145251,-0.546805808361,0.1000001));
#2283 = CARTESIAN_POINT('',(0.796319211798,-0.546805808361,
    0.143041444952));
#2284 = ORIENTED_EDGE('',*,*,#1498,.F.);
#2285 = ( BOUNDED_SURFACE() B_SPLINE_SURFACE(2,1,(
    (#2286,#2287)
    ,(#2288,#2289)
    ,(#2290,#2291
)),.UNSPECIFIED.,.F.,.F.,.F.) B_SPLINE_SURFACE_WITH_KNOTS((3,3),(2,2),(
    4.712388980385,6.14355896702),(-0.546805808361,0.546805808361),
.PIECEWISE_BEZIER_KNOTS.) GEOMETRIC_REPRESENTATION_ITEM() 
RATIONAL_B_SPLINE_SURFACE((
    (1.,1.)
    ,(0.754709580223,0.754709580223)
,(1.,1.))) REPRESENTATION_ITEM('') SURFACE() );
#2286 = CARTESIAN_POINT('',(0.746805808361,0.546805808361,0.1000001));
#2287 = CARTESIAN_POINT('',(0.746805808361,-0.546805808361,0.1000001));
#2288 = CARTESIAN_POINT('',(0.790270145251,0.546805808361,0.1000001));
#2289 = CARTESIAN_POINT('',(0.790270145251,-0.546805808361,0.1000001));
#2290 = CARTESIAN_POINT('',(0.796319211798,0.546805808361,0.143041444952
    ));
#2291 = CARTESIAN_POINT('',(0.796319211798,-0.546805808361,
    0.143041444952));
#2292 = ADVANCED_FACE('',(#2293),#2304,.T.);
#2293 = FACE_BOUND('',#2294,.T.);
#2294 = EDGE_LOOP('',(#2295,#2296,#2297,#2303));
#2295 = ORIENTED_EDGE('',*,*,#2219,.T.);
#2296 = ORIENTED_EDGE('',*,*,#1514,.F.);
#2297 = ORIENTED_EDGE('',*,*,#2298,.F.);
#2298 = EDGE_CURVE('',#1790,#1508,#2299,.T.);
#2299 = ( BOUNDED_CURVE() B_SPLINE_CURVE(2,(#2300,#2301,#2302),
.UNSPECIFIED.,.F.,.F.) B_SPLINE_CURVE_WITH_KNOTS((3,3),(4.852015320544,
6.28318530718),.PIECEWISE_BEZIER_KNOTS.) CURVE() 
GEOMETRIC_REPRESENTATION_ITEM() RATIONAL_B_SPLINE_CURVE((1.,
0.754709580223,1.)) REPRESENTATION_ITEM('') );
#2300 = CARTESIAN_POINT('',(-0.796319211798,-0.546805808361,
    0.143041444952));
#2301 = CARTESIAN_POINT('',(-0.790270145251,-0.546805808361,0.1000001));
#2302 = CARTESIAN_POINT('',(-0.746805808361,-0.546805808361,0.1000001));
#2303 = ORIENTED_EDGE('',*,*,#1789,.F.);
#2304 = ( BOUNDED_SURFACE() B_SPLINE_SURFACE(2,1,(
    (#2305,#2306)
    ,(#2307,#2308)
    ,(#2309,#2310
)),.UNSPECIFIED.,.F.,.F.,.F.) B_SPLINE_SURFACE_WITH_KNOTS((3,3),(2,2),(
    3.14159265359,4.572762640225),(-0.546805808361,0.546805808361),
.PIECEWISE_BEZIER_KNOTS.) GEOMETRIC_REPRESENTATION_ITEM() 
RATIONAL_B_SPLINE_SURFACE((
    (1.,1.)
    ,(0.754709580223,0.754709580223)
,(1.,1.))) REPRESENTATION_ITEM('') SURFACE() );
#2305 = CARTESIAN_POINT('',(-0.746805808361,-0.546805808361,0.1000001));
#2306 = CARTESIAN_POINT('',(-0.746805808361,0.546805808361,0.1000001));
#2307 = CARTESIAN_POINT('',(-0.790270145251,-0.546805808361,0.1000001));
#2308 = CARTESIAN_POINT('',(-0.790270145251,0.546805808361,0.1000001));
#2309 = CARTESIAN_POINT('',(-0.796319211798,-0.546805808361,
    0.143041444952));
#2310 = CARTESIAN_POINT('',(-0.796319211798,0.546805808361,
    0.143041444952));
#2311 = ADVANCED_FACE('',(#2312),#2323,.T.);
#2312 = FACE_BOUND('',#2313,.T.);
#2313 = EDGE_LOOP('',(#2314,#2315,#2316,#2322));
#2314 = ORIENTED_EDGE('',*,*,#2240,.T.);
#2315 = ORIENTED_EDGE('',*,*,#1796,.F.);
#2316 = ORIENTED_EDGE('',*,*,#2317,.F.);
#2317 = EDGE_CURVE('',#1699,#1790,#2318,.T.);
#2318 = ( BOUNDED_CURVE() B_SPLINE_CURVE(2,(#2319,#2320,#2321),
.UNSPECIFIED.,.F.,.F.) B_SPLINE_CURVE_WITH_KNOTS((3,3),(4.731759343722,
6.28318530718),.PIECEWISE_BEZIER_KNOTS.) CURVE() 
GEOMETRIC_REPRESENTATION_ITEM() RATIONAL_B_SPLINE_CURVE((1.,
0.713921967736,1.)) REPRESENTATION_ITEM('') );
#2319 = CARTESIAN_POINT('',(-0.746805808361,-0.596319211798,
    0.143041444952));
#2320 = CARTESIAN_POINT('',(-0.79537840185,-0.59537840185,0.136347234335
    ));
#2321 = CARTESIAN_POINT('',(-0.796319211798,-0.546805808361,
    0.143041444952));
#2322 = ORIENTED_EDGE('',*,*,#1713,.F.);
#2323 = ( BOUNDED_SURFACE() B_SPLINE_SURFACE(2,1,(
    (#2324,#2325)
    ,(#2326,#2327)
    ,(#2328,#2329
)),.UNSPECIFIED.,.F.,.F.,.F.) B_SPLINE_SURFACE_WITH_KNOTS((3,3),(2,2),(
    3.14159265359,4.693018617048),(-0.217057180672,0.17522486674),
.PIECEWISE_BEZIER_KNOTS.) GEOMETRIC_REPRESENTATION_ITEM() 
RATIONAL_B_SPLINE_SURFACE((
    (1.,1.)
    ,(0.713921967736,0.713921967736)
,(1.,1.))) REPRESENTATION_ITEM('') SURFACE() );
#2324 = CARTESIAN_POINT('',(-0.796319211798,-0.546805808361,
    0.143041444952));
#2325 = CARTESIAN_POINT('',(-0.85039314919,-0.600879745752,
    0.527797501839));
#2326 = CARTESIAN_POINT('',(-0.79537840185,-0.59537840185,0.136347234335
    ));
#2327 = CARTESIAN_POINT('',(-0.849452339242,-0.649452339242,
    0.521103291222));
#2328 = CARTESIAN_POINT('',(-0.746805808361,-0.596319211798,
    0.143041444952));
#2329 = CARTESIAN_POINT('',(-0.800879745752,-0.65039314919,
    0.527797501839));
#2330 = ADVANCED_FACE('',(#2331),#2341,.T.);
#2331 = FACE_BOUND('',#2332,.T.);
#2332 = EDGE_LOOP('',(#2333,#2334,#2335));
#2333 = ORIENTED_EDGE('',*,*,#2279,.T.);
#2334 = ORIENTED_EDGE('',*,*,#2260,.T.);
#2335 = ORIENTED_EDGE('',*,*,#2336,.F.);
#2336 = EDGE_CURVE('',#1501,#1701,#2337,.T.);
#2337 = ( BOUNDED_CURVE() B_SPLINE_CURVE(2,(#2338,#2339,#2340),
.UNSPECIFIED.,.F.,.F.) B_SPLINE_CURVE_WITH_KNOTS((3,3),(0.,
1.431169986635),.PIECEWISE_BEZIER_KNOTS.) CURVE() 
GEOMETRIC_REPRESENTATION_ITEM() RATIONAL_B_SPLINE_CURVE((1.,
0.754709580223,1.)) REPRESENTATION_ITEM('') );
#2338 = CARTESIAN_POINT('',(0.746805808361,-0.546805808361,0.1000001));
#2339 = CARTESIAN_POINT('',(0.746805808361,-0.590270145251,0.1000001));
#2340 = CARTESIAN_POINT('',(0.746805808361,-0.596319211798,
    0.143041444952));
#2341 = ( BOUNDED_SURFACE() B_SPLINE_SURFACE(2,2,(
    (#2342,#2343,#2344)
    ,(#2345,#2346,#2347)
    ,(#2348,#2349,#2350
)),.UNSPECIFIED.,.F.,.F.,.F.) B_SPLINE_SURFACE_WITH_KNOTS((3,3),(3,3),(
    3.281218993749,4.712388980385),(-1.431169986635,2.22044604925E-15),
.PIECEWISE_BEZIER_KNOTS.) GEOMETRIC_REPRESENTATION_ITEM() 
RATIONAL_B_SPLINE_SURFACE((
    (1.,0.754709580223,1.)
    ,(0.754709580223,0.56958655048,0.754709580223)
,(1.,0.754709580223,1.))) REPRESENTATION_ITEM('') SURFACE() );
#2342 = CARTESIAN_POINT('',(0.753696742256,-0.596319211798,
    0.149031642398));
#2343 = CARTESIAN_POINT('',(0.796319211798,-0.590270145251,
    0.143041444952));
#2344 = CARTESIAN_POINT('',(0.796319211798,-0.546805808361,
    0.143041444952));
#2345 = CARTESIAN_POINT('',(0.752854874907,-0.596319211798,
    0.143041444952));
#2346 = CARTESIAN_POINT('',(0.790270145251,-0.590270145251,0.1000001));
#2347 = CARTESIAN_POINT('',(0.790270145251,-0.546805808361,0.1000001));
#2348 = CARTESIAN_POINT('',(0.746805808361,-0.596319211798,
    0.143041444952));
#2349 = CARTESIAN_POINT('',(0.746805808361,-0.590270145251,0.1000001));
#2350 = CARTESIAN_POINT('',(0.746805808361,-0.546805808361,0.1000001));
#2351 = ADVANCED_FACE('',(#2352),#2362,.T.);
#2352 = FACE_BOUND('',#2353,.T.);
#2353 = EDGE_LOOP('',(#2354,#2355,#2356));
#2354 = ORIENTED_EDGE('',*,*,#2317,.T.);
#2355 = ORIENTED_EDGE('',*,*,#2298,.T.);
#2356 = ORIENTED_EDGE('',*,*,#2357,.F.);
#2357 = EDGE_CURVE('',#1699,#1508,#2358,.T.);
#2358 = ( BOUNDED_CURVE() B_SPLINE_CURVE(2,(#2359,#2360,#2361),
.UNSPECIFIED.,.F.,.F.) B_SPLINE_CURVE_WITH_KNOTS((3,3),(0.13962634016,
1.570796326795),.PIECEWISE_BEZIER_KNOTS.) CURVE() 
GEOMETRIC_REPRESENTATION_ITEM() RATIONAL_B_SPLINE_CURVE((1.,
0.754709580223,1.)) REPRESENTATION_ITEM('') );
#2359 = CARTESIAN_POINT('',(-0.746805808361,-0.596319211798,
    0.143041444952));
#2360 = CARTESIAN_POINT('',(-0.746805808361,-0.590270145251,0.1000001));
#2361 = CARTESIAN_POINT('',(-0.746805808361,-0.546805808361,0.1000001));
#2362 = ( BOUNDED_SURFACE() B_SPLINE_SURFACE(2,2,(
    (#2363,#2364,#2365)
    ,(#2366,#2367,#2368)
    ,(#2369,#2370,#2371
)),.UNSPECIFIED.,.F.,.F.,.F.) B_SPLINE_SURFACE_WITH_KNOTS((3,3),(3,3),(
    3.281218993749,4.712388980385),(-1.431169986635,0.),
.PIECEWISE_BEZIER_KNOTS.) GEOMETRIC_REPRESENTATION_ITEM() 
RATIONAL_B_SPLINE_SURFACE((
    (1.,0.754709580223,1.)
    ,(0.754709580223,0.56958655048,0.754709580223)
,(1.,0.754709580223,1.))) REPRESENTATION_ITEM('') SURFACE() );
#2363 = CARTESIAN_POINT('',(-0.796319211798,-0.553696742256,
    0.149031642398));
#2364 = CARTESIAN_POINT('',(-0.790270145251,-0.596319211798,
    0.143041444952));
#2365 = CARTESIAN_POINT('',(-0.746805808361,-0.596319211798,
    0.143041444952));
#2366 = CARTESIAN_POINT('',(-0.796319211798,-0.552854874907,
    0.143041444952));
#2367 = CARTESIAN_POINT('',(-0.790270145251,-0.590270145251,0.1000001));
#2368 = CARTESIAN_POINT('',(-0.746805808361,-0.590270145251,0.1000001));
#2369 = CARTESIAN_POINT('',(-0.796319211798,-0.546805808361,
    0.143041444952));
#2370 = CARTESIAN_POINT('',(-0.790270145251,-0.546805808361,0.1000001));
#2371 = CARTESIAN_POINT('',(-0.746805808361,-0.546805808361,0.1000001));
#2372 = ADVANCED_FACE('',(#2373),#2379,.T.);
#2373 = FACE_BOUND('',#2374,.T.);
#2374 = EDGE_LOOP('',(#2375,#2376,#2377,#2378));
#2375 = ORIENTED_EDGE('',*,*,#2336,.T.);
#2376 = ORIENTED_EDGE('',*,*,#1698,.F.);
#2377 = ORIENTED_EDGE('',*,*,#2357,.T.);
#2378 = ORIENTED_EDGE('',*,*,#1507,.F.);
#2379 = ( BOUNDED_SURFACE() B_SPLINE_SURFACE(2,1,(
    (#2380,#2381)
    ,(#2382,#2383)
    ,(#2384,#2385
)),.UNSPECIFIED.,.F.,.F.,.F.) B_SPLINE_SURFACE_WITH_KNOTS((3,3),(2,2),(
    3.14159265359,4.572762640225),(-0.746805808361,0.746805808361),
.PIECEWISE_BEZIER_KNOTS.) GEOMETRIC_REPRESENTATION_ITEM() 
RATIONAL_B_SPLINE_SURFACE((
    (1.,1.)
    ,(0.754709580223,0.754709580223)
,(1.,1.))) REPRESENTATION_ITEM('') SURFACE() );
#2380 = CARTESIAN_POINT('',(0.746805808361,-0.546805808361,0.1000001));
#2381 = CARTESIAN_POINT('',(-0.746805808361,-0.546805808361,0.1000001));
#2382 = CARTESIAN_POINT('',(0.746805808361,-0.590270145251,0.1000001));
#2383 = CARTESIAN_POINT('',(-0.746805808361,-0.590270145251,0.1000001));
#2384 = CARTESIAN_POINT('',(0.746805808361,-0.596319211798,
    0.143041444952));
#2385 = CARTESIAN_POINT('',(-0.746805808361,-0.596319211798,
    0.143041444952));
#2386 = ADVANCED_FACE('',(#2387),#2419,.F.);
#2387 = FACE_BOUND('',#2388,.F.);
#2388 = EDGE_LOOP('',(#2389,#2398,#2406,#2413));
#2389 = ORIENTED_EDGE('',*,*,#2390,.F.);
#2390 = EDGE_CURVE('',#2391,#2393,#2395,.T.);
#2391 = VERTEX_POINT('',#2392);
#2392 = CARTESIAN_POINT('',(-0.929212378964,0.15,0.4750001));
#2393 = VERTEX_POINT('',#2394);
#2394 = CARTESIAN_POINT('',(-0.929212378964,-0.15,0.4750001));
#2395 = B_SPLINE_CURVE_WITH_KNOTS('',1,(#2396,#2397),.UNSPECIFIED.,.F.,
  .F.,(2,2),(-0.,0.3),.PIECEWISE_BEZIER_KNOTS.);
#2396 = CARTESIAN_POINT('',(-0.929212378964,0.15,0.4750001));
#2397 = CARTESIAN_POINT('',(-0.929212378964,-0.15,0.4750001));
#2398 = ORIENTED_EDGE('',*,*,#2399,.F.);
#2399 = EDGE_CURVE('',#2400,#2391,#2402,.T.);
#2400 = VERTEX_POINT('',#2401);
#2401 = CARTESIAN_POINT('',(-0.978452766615,0.15,0.433682508883));
#2402 = ( BOUNDED_CURVE() B_SPLINE_CURVE(2,(#2403,#2404,#2405),
.UNSPECIFIED.,.F.,.F.) B_SPLINE_CURVE_WITH_KNOTS((3,3),(3.316125578789,
4.712388980385),.PIECEWISE_BEZIER_KNOTS.) CURVE() 
GEOMETRIC_REPRESENTATION_ITEM() RATIONAL_B_SPLINE_CURVE((1.,
0.766044443119,1.)) REPRESENTATION_ITEM('') );
#2403 = CARTESIAN_POINT('',(-0.978452766615,0.15,0.433682508883));
#2404 = CARTESIAN_POINT('',(-0.971167360523,0.15,0.4750001));
#2405 = CARTESIAN_POINT('',(-0.929212378964,0.15,0.4750001));
#2406 = ORIENTED_EDGE('',*,*,#2407,.T.);
#2407 = EDGE_CURVE('',#2400,#2408,#2410,.T.);
#2408 = VERTEX_POINT('',#2409);
#2409 = CARTESIAN_POINT('',(-0.978452766615,-0.15,0.433682508883));
#2410 = B_SPLINE_CURVE_WITH_KNOTS('',1,(#2411,#2412),.UNSPECIFIED.,.F.,
  .F.,(2,2),(-0.,0.3),.PIECEWISE_BEZIER_KNOTS.);
#2411 = CARTESIAN_POINT('',(-0.978452766615,0.15,0.433682508883));
#2412 = CARTESIAN_POINT('',(-0.978452766615,-0.15,0.433682508883));
#2413 = ORIENTED_EDGE('',*,*,#2414,.T.);
#2414 = EDGE_CURVE('',#2408,#2393,#2415,.T.);
#2415 = ( BOUNDED_CURVE() B_SPLINE_CURVE(2,(#2416,#2417,#2418),
.UNSPECIFIED.,.F.,.F.) B_SPLINE_CURVE_WITH_KNOTS((3,3),(3.316125578789,
4.712388980385),.PIECEWISE_BEZIER_KNOTS.) CURVE() 
GEOMETRIC_REPRESENTATION_ITEM() RATIONAL_B_SPLINE_CURVE((1.,
0.766044443119,1.)) REPRESENTATION_ITEM('') );
#2416 = CARTESIAN_POINT('',(-0.978452766615,-0.15,0.433682508883));
#2417 = CARTESIAN_POINT('',(-0.971167360523,-0.15,0.4750001));
#2418 = CARTESIAN_POINT('',(-0.929212378964,-0.15,0.4750001));
#2419 = ( BOUNDED_SURFACE() B_SPLINE_SURFACE(2,1,(
    (#2420,#2421)
    ,(#2422,#2423)
    ,(#2424,#2425
)),.UNSPECIFIED.,.F.,.F.,.F.) B_SPLINE_SURFACE_WITH_KNOTS((3,3),(2,2),(
    3.14159265359,4.537856055185),(0.,0.3),.PIECEWISE_BEZIER_KNOTS.) 
GEOMETRIC_REPRESENTATION_ITEM() RATIONAL_B_SPLINE_SURFACE((
    (1.,1.)
    ,(0.766044443119,0.766044443119)
,(1.,1.))) REPRESENTATION_ITEM('') SURFACE() );
#2420 = CARTESIAN_POINT('',(-0.929212378964,0.15,0.4750001));
#2421 = CARTESIAN_POINT('',(-0.929212378964,-0.15,0.4750001));
#2422 = CARTESIAN_POINT('',(-0.971167360523,0.15,0.4750001));
#2423 = CARTESIAN_POINT('',(-0.971167360523,-0.15,0.4750001));
#2424 = CARTESIAN_POINT('',(-0.978452766615,0.15,0.433682508883));
#2425 = CARTESIAN_POINT('',(-0.978452766615,-0.15,0.433682508883));
#2426 = ADVANCED_FACE('',(#2427),#2449,.T.);
#2427 = FACE_BOUND('',#2428,.T.);
#2428 = EDGE_LOOP('',(#2429,#2436,#2443,#2448));
#2429 = ORIENTED_EDGE('',*,*,#2430,.F.);
#2430 = EDGE_CURVE('',#2431,#2408,#2433,.T.);
#2431 = VERTEX_POINT('',#2432);
#2432 = CARTESIAN_POINT('',(-1.033066458084,-0.15,0.12395287335));
#2433 = B_SPLINE_CURVE_WITH_KNOTS('',1,(#2434,#2435),.UNSPECIFIED.,.F.,
  .F.,(2,2),(-0.31450771441,1.611017110517E-17),
  .PIECEWISE_BEZIER_KNOTS.);
#2434 = CARTESIAN_POINT('',(-1.033066458084,-0.15,0.12395287335));
#2435 = CARTESIAN_POINT('',(-0.978452766615,-0.15,0.433682508883));
#2436 = ORIENTED_EDGE('',*,*,#2437,.F.);
#2437 = EDGE_CURVE('',#2438,#2431,#2440,.T.);
#2438 = VERTEX_POINT('',#2439);
#2439 = CARTESIAN_POINT('',(-1.033066458084,0.15,0.12395287335));
#2440 = B_SPLINE_CURVE_WITH_KNOTS('',1,(#2441,#2442),.UNSPECIFIED.,.F.,
  .F.,(2,2),(-0.,0.3),.PIECEWISE_BEZIER_KNOTS.);
#2441 = CARTESIAN_POINT('',(-1.033066458084,0.15,0.12395287335));
#2442 = CARTESIAN_POINT('',(-1.033066458084,-0.15,0.12395287335));
#2443 = ORIENTED_EDGE('',*,*,#2444,.T.);
#2444 = EDGE_CURVE('',#2438,#2400,#2445,.T.);
#2445 = B_SPLINE_CURVE_WITH_KNOTS('',1,(#2446,#2447),.UNSPECIFIED.,.F.,
  .F.,(2,2),(-0.31450771441,1.611017110517E-17),
  .PIECEWISE_BEZIER_KNOTS.);
#2446 = CARTESIAN_POINT('',(-1.033066458084,0.15,0.12395287335));
#2447 = CARTESIAN_POINT('',(-0.978452766615,0.15,0.433682508883));
#2448 = ORIENTED_EDGE('',*,*,#2407,.T.);
#2449 = B_SPLINE_SURFACE_WITH_KNOTS('',1,1,(
    (#2450,#2451)
    ,(#2452,#2453
    )),.UNSPECIFIED.,.F.,.F.,.F.,(2,2),(2,2),(-1.611017110517E-17,
    0.31450771441),(-0.3,0.),.PIECEWISE_BEZIER_KNOTS.);
#2450 = CARTESIAN_POINT('',(-0.978452766615,-0.15,0.433682508883));
#2451 = CARTESIAN_POINT('',(-0.978452766615,0.15,0.433682508883));
#2452 = CARTESIAN_POINT('',(-1.033066458084,-0.15,0.12395287335));
#2453 = CARTESIAN_POINT('',(-1.033066458084,0.15,0.12395287335));
#2454 = ADVANCED_FACE('',(#2455),#2479,.T.);
#2455 = FACE_BOUND('',#2456,.T.);
#2456 = EDGE_LOOP('',(#2457,#2465,#2472,#2478));
#2457 = ORIENTED_EDGE('',*,*,#2458,.F.);
#2458 = EDGE_CURVE('',#2459,#2431,#2461,.T.);
#2459 = VERTEX_POINT('',#2460);
#2460 = CARTESIAN_POINT('',(-1.180787621036,-0.15,1.000000004137E-07));
#2461 = ( BOUNDED_CURVE() B_SPLINE_CURVE(2,(#2462,#2463,#2464),
.UNSPECIFIED.,.F.,.F.) B_SPLINE_CURVE_WITH_KNOTS((3,3),(4.712388980385,
6.10865238198),.PIECEWISE_BEZIER_KNOTS.) CURVE() 
GEOMETRIC_REPRESENTATION_ITEM() RATIONAL_B_SPLINE_CURVE((1.,
0.766044443119,1.)) REPRESENTATION_ITEM('') );
#2462 = CARTESIAN_POINT('',(-1.180787621036,-0.15,1.000000003053E-07));
#2463 = CARTESIAN_POINT('',(-1.054922676359,-0.15,1.000000002776E-07));
#2464 = CARTESIAN_POINT('',(-1.033066458084,-0.15,0.12395287335));
#2465 = ORIENTED_EDGE('',*,*,#2466,.F.);
#2466 = EDGE_CURVE('',#2467,#2459,#2469,.T.);
#2467 = VERTEX_POINT('',#2468);
#2468 = CARTESIAN_POINT('',(-1.180787621036,0.15,1.000000004137E-07));
#2469 = B_SPLINE_CURVE_WITH_KNOTS('',1,(#2470,#2471),.UNSPECIFIED.,.F.,
  .F.,(2,2),(-0.,0.3),.PIECEWISE_BEZIER_KNOTS.);
#2470 = CARTESIAN_POINT('',(-1.180787621036,0.15,1.000000004137E-07));
#2471 = CARTESIAN_POINT('',(-1.180787621036,-0.15,1.000000004137E-07));
#2472 = ORIENTED_EDGE('',*,*,#2473,.T.);
#2473 = EDGE_CURVE('',#2467,#2438,#2474,.T.);
#2474 = ( BOUNDED_CURVE() B_SPLINE_CURVE(2,(#2475,#2476,#2477),
.UNSPECIFIED.,.F.,.F.) B_SPLINE_CURVE_WITH_KNOTS((3,3),(4.712388980385,
6.10865238198),.PIECEWISE_BEZIER_KNOTS.) CURVE() 
GEOMETRIC_REPRESENTATION_ITEM() RATIONAL_B_SPLINE_CURVE((1.,
0.766044443119,1.)) REPRESENTATION_ITEM('') );
#2475 = CARTESIAN_POINT('',(-1.180787621036,0.15,1.000000003053E-07));
#2476 = CARTESIAN_POINT('',(-1.054922676359,0.15,1.000000002776E-07));
#2477 = CARTESIAN_POINT('',(-1.033066458084,0.15,0.12395287335));
#2478 = ORIENTED_EDGE('',*,*,#2437,.T.);
#2479 = ( BOUNDED_SURFACE() B_SPLINE_SURFACE(2,1,(
    (#2480,#2481)
    ,(#2482,#2483)
    ,(#2484,#2485
)),.UNSPECIFIED.,.F.,.F.,.F.) B_SPLINE_SURFACE_WITH_KNOTS((3,3),(2,2),(
    0.,1.396263401595),(0.,0.3),.PIECEWISE_BEZIER_KNOTS.) 
GEOMETRIC_REPRESENTATION_ITEM() RATIONAL_B_SPLINE_SURFACE((
    (1.,1.)
    ,(0.766044443119,0.766044443119)
,(1.,1.))) REPRESENTATION_ITEM('') SURFACE() );
#2480 = CARTESIAN_POINT('',(-1.180787621036,0.15,1.000000004163E-07));
#2481 = CARTESIAN_POINT('',(-1.180787621036,-0.15,1.000000004163E-07));
#2482 = CARTESIAN_POINT('',(-1.054922676359,0.15,1.000000004163E-07));
#2483 = CARTESIAN_POINT('',(-1.054922676359,-0.15,1.000000004163E-07));
#2484 = CARTESIAN_POINT('',(-1.033066458084,0.15,0.12395287335));
#2485 = CARTESIAN_POINT('',(-1.033066458084,-0.15,0.12395287335));
#2486 = ADVANCED_FACE('',(#2487),#2509,.T.);
#2487 = FACE_BOUND('',#2488,.T.);
#2488 = EDGE_LOOP('',(#2489,#2496,#2503,#2508));
#2489 = ORIENTED_EDGE('',*,*,#2490,.F.);
#2490 = EDGE_CURVE('',#2491,#2459,#2493,.T.);
#2491 = VERTEX_POINT('',#2492);
#2492 = CARTESIAN_POINT('',(-1.325,-0.15,1.000000004612E-07));
#2493 = B_SPLINE_CURVE_WITH_KNOTS('',1,(#2494,#2495),.UNSPECIFIED.,.F.,
  .F.,(2,2),(-0.144212378964,0.),.PIECEWISE_BEZIER_KNOTS.);
#2494 = CARTESIAN_POINT('',(-1.325,-0.15,1.000000004612E-07));
#2495 = CARTESIAN_POINT('',(-1.180787621036,-0.15,1.000000004612E-07));
#2496 = ORIENTED_EDGE('',*,*,#2497,.F.);
#2497 = EDGE_CURVE('',#2498,#2491,#2500,.T.);
#2498 = VERTEX_POINT('',#2499);
#2499 = CARTESIAN_POINT('',(-1.325,0.15,1.000000004612E-07));
#2500 = B_SPLINE_CURVE_WITH_KNOTS('',1,(#2501,#2502),.UNSPECIFIED.,.F.,
  .F.,(2,2),(-0.,0.3),.PIECEWISE_BEZIER_KNOTS.);
#2501 = CARTESIAN_POINT('',(-1.325,0.15,1.000000004612E-07));
#2502 = CARTESIAN_POINT('',(-1.325,-0.15,1.000000004612E-07));
#2503 = ORIENTED_EDGE('',*,*,#2504,.T.);
#2504 = EDGE_CURVE('',#2498,#2467,#2505,.T.);
#2505 = B_SPLINE_CURVE_WITH_KNOTS('',1,(#2506,#2507),.UNSPECIFIED.,.F.,
  .F.,(2,2),(-0.144212378964,0.),.PIECEWISE_BEZIER_KNOTS.);
#2506 = CARTESIAN_POINT('',(-1.325,0.15,1.000000004612E-07));
#2507 = CARTESIAN_POINT('',(-1.180787621036,0.15,1.000000004612E-07));
#2508 = ORIENTED_EDGE('',*,*,#2466,.T.);
#2509 = B_SPLINE_SURFACE_WITH_KNOTS('',1,1,(
    (#2510,#2511)
    ,(#2512,#2513
    )),.UNSPECIFIED.,.F.,.F.,.F.,(2,2),(2,2),(-0.,0.144212378964),(-0.3,
    0.),.PIECEWISE_BEZIER_KNOTS.);
#2510 = CARTESIAN_POINT('',(-1.180787621036,-0.15,1.000000004612E-07));
#2511 = CARTESIAN_POINT('',(-1.180787621036,0.15,1.000000004612E-07));
#2512 = CARTESIAN_POINT('',(-1.325,-0.15,1.000000004612E-07));
#2513 = CARTESIAN_POINT('',(-1.325,0.15,1.000000004612E-07));
#2514 = ADVANCED_FACE('',(#2515),#2537,.T.);
#2515 = FACE_BOUND('',#2516,.T.);
#2516 = EDGE_LOOP('',(#2517,#2524,#2531,#2536));
#2517 = ORIENTED_EDGE('',*,*,#2518,.F.);
#2518 = EDGE_CURVE('',#2519,#2491,#2521,.T.);
#2519 = VERTEX_POINT('',#2520);
#2520 = CARTESIAN_POINT('',(-1.325,-0.15,0.1000001));
#2521 = B_SPLINE_CURVE_WITH_KNOTS('',1,(#2522,#2523),.UNSPECIFIED.,.F.,
  .F.,(2,2),(0.,0.1),.PIECEWISE_BEZIER_KNOTS.);
#2522 = CARTESIAN_POINT('',(-1.325,-0.15,0.1000001));
#2523 = CARTESIAN_POINT('',(-1.325,-0.15,1.00000000458E-07));
#2524 = ORIENTED_EDGE('',*,*,#2525,.F.);
#2525 = EDGE_CURVE('',#2526,#2519,#2528,.T.);
#2526 = VERTEX_POINT('',#2527);
#2527 = CARTESIAN_POINT('',(-1.325,0.15,0.1000001));
#2528 = B_SPLINE_CURVE_WITH_KNOTS('',1,(#2529,#2530),.UNSPECIFIED.,.F.,
  .F.,(2,2),(-0.,0.3),.PIECEWISE_BEZIER_KNOTS.);
#2529 = CARTESIAN_POINT('',(-1.325,0.15,0.1000001));
#2530 = CARTESIAN_POINT('',(-1.325,-0.15,0.1000001));
#2531 = ORIENTED_EDGE('',*,*,#2532,.T.);
#2532 = EDGE_CURVE('',#2526,#2498,#2533,.T.);
#2533 = B_SPLINE_CURVE_WITH_KNOTS('',1,(#2534,#2535),.UNSPECIFIED.,.F.,
  .F.,(2,2),(0.,0.1),.PIECEWISE_BEZIER_KNOTS.);
#2534 = CARTESIAN_POINT('',(-1.325,0.15,0.1000001));
#2535 = CARTESIAN_POINT('',(-1.325,0.15,1.00000000458E-07));
#2536 = ORIENTED_EDGE('',*,*,#2497,.T.);
#2537 = B_SPLINE_SURFACE_WITH_KNOTS('',1,1,(
    (#2538,#2539)
    ,(#2540,#2541
    )),.UNSPECIFIED.,.F.,.F.,.F.,(2,2),(2,2),(-0.1,0.),(-0.3,0.),
  .PIECEWISE_BEZIER_KNOTS.);
#2538 = CARTESIAN_POINT('',(-1.325,-0.15,1.00000000458E-07));
#2539 = CARTESIAN_POINT('',(-1.325,0.15,1.00000000458E-07));
#2540 = CARTESIAN_POINT('',(-1.325,-0.15,0.1000001));
#2541 = CARTESIAN_POINT('',(-1.325,0.15,0.1000001));
#2542 = ADVANCED_FACE('',(#2543),#2565,.F.);
#2543 = FACE_BOUND('',#2544,.T.);
#2544 = EDGE_LOOP('',(#2545,#2552,#2559,#2564));
#2545 = ORIENTED_EDGE('',*,*,#2546,.T.);
#2546 = EDGE_CURVE('',#2519,#2547,#2549,.T.);
#2547 = VERTEX_POINT('',#2548);
#2548 = CARTESIAN_POINT('',(-1.180787621036,-0.15,0.1000001));
#2549 = B_SPLINE_CURVE_WITH_KNOTS('',1,(#2550,#2551),.UNSPECIFIED.,.F.,
  .F.,(2,2),(-0.144212378964,0.),.PIECEWISE_BEZIER_KNOTS.);
#2550 = CARTESIAN_POINT('',(-1.325,-0.15,0.1000001));
#2551 = CARTESIAN_POINT('',(-1.180787621036,-0.15,0.1000001));
#2552 = ORIENTED_EDGE('',*,*,#2553,.F.);
#2553 = EDGE_CURVE('',#2554,#2547,#2556,.T.);
#2554 = VERTEX_POINT('',#2555);
#2555 = CARTESIAN_POINT('',(-1.180787621036,0.15,0.1000001));
#2556 = B_SPLINE_CURVE_WITH_KNOTS('',1,(#2557,#2558),.UNSPECIFIED.,.F.,
  .F.,(2,2),(-0.,0.3),.PIECEWISE_BEZIER_KNOTS.);
#2557 = CARTESIAN_POINT('',(-1.180787621036,0.15,0.1000001));
#2558 = CARTESIAN_POINT('',(-1.180787621036,-0.15,0.1000001));
#2559 = ORIENTED_EDGE('',*,*,#2560,.F.);
#2560 = EDGE_CURVE('',#2526,#2554,#2561,.T.);
#2561 = B_SPLINE_CURVE_WITH_KNOTS('',1,(#2562,#2563),.UNSPECIFIED.,.F.,
  .F.,(2,2),(-0.144212378964,0.),.PIECEWISE_BEZIER_KNOTS.);
#2562 = CARTESIAN_POINT('',(-1.325,0.15,0.1000001));
#2563 = CARTESIAN_POINT('',(-1.180787621036,0.15,0.1000001));
#2564 = ORIENTED_EDGE('',*,*,#2525,.T.);
#2565 = B_SPLINE_SURFACE_WITH_KNOTS('',1,1,(
    (#2566,#2567)
    ,(#2568,#2569
    )),.UNSPECIFIED.,.F.,.F.,.F.,(2,2),(2,2),(-0.,0.144212378964),(-0.3,
    0.),.PIECEWISE_BEZIER_KNOTS.);
#2566 = CARTESIAN_POINT('',(-1.180787621036,-0.15,0.1000001));
#2567 = CARTESIAN_POINT('',(-1.180787621036,0.15,0.1000001));
#2568 = CARTESIAN_POINT('',(-1.325,-0.15,0.1000001));
#2569 = CARTESIAN_POINT('',(-1.325,0.15,0.1000001));
#2570 = ADVANCED_FACE('',(#2571),#2595,.F.);
#2571 = FACE_BOUND('',#2572,.F.);
#2572 = EDGE_LOOP('',(#2573,#2574,#2582,#2589));
#2573 = ORIENTED_EDGE('',*,*,#2553,.F.);
#2574 = ORIENTED_EDGE('',*,*,#2575,.T.);
#2575 = EDGE_CURVE('',#2554,#2576,#2578,.T.);
#2576 = VERTEX_POINT('',#2577);
#2577 = CARTESIAN_POINT('',(-1.131547233385,0.15,0.141317691117));
#2578 = ( BOUNDED_CURVE() B_SPLINE_CURVE(2,(#2579,#2580,#2581),
.UNSPECIFIED.,.F.,.F.) B_SPLINE_CURVE_WITH_KNOTS((3,3),(4.712388980385,
6.10865238198),.PIECEWISE_BEZIER_KNOTS.) CURVE() 
GEOMETRIC_REPRESENTATION_ITEM() RATIONAL_B_SPLINE_CURVE((1.,
0.766044443119,1.)) REPRESENTATION_ITEM('') );
#2579 = CARTESIAN_POINT('',(-1.180787621036,0.15,0.1000001));
#2580 = CARTESIAN_POINT('',(-1.138832639477,0.15,0.1000001));
#2581 = CARTESIAN_POINT('',(-1.131547233385,0.15,0.141317691117));
#2582 = ORIENTED_EDGE('',*,*,#2583,.T.);
#2583 = EDGE_CURVE('',#2576,#2584,#2586,.T.);
#2584 = VERTEX_POINT('',#2585);
#2585 = CARTESIAN_POINT('',(-1.131547233385,-0.15,0.141317691117));
#2586 = B_SPLINE_CURVE_WITH_KNOTS('',1,(#2587,#2588),.UNSPECIFIED.,.F.,
  .F.,(2,2),(-0.,0.3),.PIECEWISE_BEZIER_KNOTS.);
#2587 = CARTESIAN_POINT('',(-1.131547233385,0.15,0.141317691117));
#2588 = CARTESIAN_POINT('',(-1.131547233385,-0.15,0.141317691117));
#2589 = ORIENTED_EDGE('',*,*,#2590,.F.);
#2590 = EDGE_CURVE('',#2547,#2584,#2591,.T.);
#2591 = ( BOUNDED_CURVE() B_SPLINE_CURVE(2,(#2592,#2593,#2594),
.UNSPECIFIED.,.F.,.F.) B_SPLINE_CURVE_WITH_KNOTS((3,3),(4.712388980385,
6.10865238198),.PIECEWISE_BEZIER_KNOTS.) CURVE() 
GEOMETRIC_REPRESENTATION_ITEM() RATIONAL_B_SPLINE_CURVE((1.,
0.766044443119,1.)) REPRESENTATION_ITEM('') );
#2592 = CARTESIAN_POINT('',(-1.180787621036,-0.15,0.1000001));
#2593 = CARTESIAN_POINT('',(-1.138832639477,-0.15,0.1000001));
#2594 = CARTESIAN_POINT('',(-1.131547233385,-0.15,0.141317691117));
#2595 = ( BOUNDED_SURFACE() B_SPLINE_SURFACE(2,1,(
    (#2596,#2597)
    ,(#2598,#2599)
    ,(#2600,#2601
)),.UNSPECIFIED.,.F.,.F.,.F.) B_SPLINE_SURFACE_WITH_KNOTS((3,3),(2,2),(
    0.,1.396263401595),(0.,0.3),.PIECEWISE_BEZIER_KNOTS.) 
GEOMETRIC_REPRESENTATION_ITEM() RATIONAL_B_SPLINE_SURFACE((
    (1.,1.)
    ,(0.766044443119,0.766044443119)
,(1.,1.))) REPRESENTATION_ITEM('') SURFACE() );
#2596 = CARTESIAN_POINT('',(-1.180787621036,0.15,0.1000001));
#2597 = CARTESIAN_POINT('',(-1.180787621036,-0.15,0.1000001));
#2598 = CARTESIAN_POINT('',(-1.138832639477,0.15,0.1000001));
#2599 = CARTESIAN_POINT('',(-1.138832639477,-0.15,0.1000001));
#2600 = CARTESIAN_POINT('',(-1.131547233385,0.15,0.141317691117));
#2601 = CARTESIAN_POINT('',(-1.131547233385,-0.15,0.141317691117));
#2602 = ADVANCED_FACE('',(#2603),#2625,.F.);
#2603 = FACE_BOUND('',#2604,.T.);
#2604 = EDGE_LOOP('',(#2605,#2612,#2619,#2624));
#2605 = ORIENTED_EDGE('',*,*,#2606,.T.);
#2606 = EDGE_CURVE('',#2584,#2607,#2609,.T.);
#2607 = VERTEX_POINT('',#2608);
#2608 = CARTESIAN_POINT('',(-1.076933541916,-0.15,0.45104732665));
#2609 = B_SPLINE_CURVE_WITH_KNOTS('',1,(#2610,#2611),.UNSPECIFIED.,.F.,
  .F.,(2,2),(-0.31450771441,1.611017110517E-17),
  .PIECEWISE_BEZIER_KNOTS.);
#2610 = CARTESIAN_POINT('',(-1.131547233385,-0.15,0.141317691117));
#2611 = CARTESIAN_POINT('',(-1.076933541916,-0.15,0.45104732665));
#2612 = ORIENTED_EDGE('',*,*,#2613,.F.);
#2613 = EDGE_CURVE('',#2614,#2607,#2616,.T.);
#2614 = VERTEX_POINT('',#2615);
#2615 = CARTESIAN_POINT('',(-1.076933541916,0.15,0.45104732665));
#2616 = B_SPLINE_CURVE_WITH_KNOTS('',1,(#2617,#2618),.UNSPECIFIED.,.F.,
  .F.,(2,2),(-0.,0.3),.PIECEWISE_BEZIER_KNOTS.);
#2617 = CARTESIAN_POINT('',(-1.076933541916,0.15,0.45104732665));
#2618 = CARTESIAN_POINT('',(-1.076933541916,-0.15,0.45104732665));
#2619 = ORIENTED_EDGE('',*,*,#2620,.F.);
#2620 = EDGE_CURVE('',#2576,#2614,#2621,.T.);
#2621 = B_SPLINE_CURVE_WITH_KNOTS('',1,(#2622,#2623),.UNSPECIFIED.,.F.,
  .F.,(2,2),(-0.31450771441,1.611017110517E-17),
  .PIECEWISE_BEZIER_KNOTS.);
#2622 = CARTESIAN_POINT('',(-1.131547233385,0.15,0.141317691117));
#2623 = CARTESIAN_POINT('',(-1.076933541916,0.15,0.45104732665));
#2624 = ORIENTED_EDGE('',*,*,#2583,.T.);
#2625 = B_SPLINE_SURFACE_WITH_KNOTS('',1,1,(
    (#2626,#2627)
    ,(#2628,#2629
    )),.UNSPECIFIED.,.F.,.F.,.F.,(2,2),(2,2),(-1.611017110517E-17,
    0.31450771441),(-0.3,0.),.PIECEWISE_BEZIER_KNOTS.);
#2626 = CARTESIAN_POINT('',(-1.076933541916,-0.15,0.45104732665));
#2627 = CARTESIAN_POINT('',(-1.076933541916,0.15,0.45104732665));
#2628 = CARTESIAN_POINT('',(-1.131547233385,-0.15,0.141317691117));
#2629 = CARTESIAN_POINT('',(-1.131547233385,0.15,0.141317691117));
#2630 = ADVANCED_FACE('',(#2631),#2655,.T.);
#2631 = FACE_BOUND('',#2632,.T.);
#2632 = EDGE_LOOP('',(#2633,#2641,#2648,#2654));
#2633 = ORIENTED_EDGE('',*,*,#2634,.T.);
#2634 = EDGE_CURVE('',#2607,#2635,#2637,.T.);
#2635 = VERTEX_POINT('',#2636);
#2636 = CARTESIAN_POINT('',(-0.929212378964,-0.15,0.5750001));
#2637 = ( BOUNDED_CURVE() B_SPLINE_CURVE(2,(#2638,#2639,#2640),
.UNSPECIFIED.,.F.,.F.) B_SPLINE_CURVE_WITH_KNOTS((3,3),(3.316125578789,
4.712388980385),.PIECEWISE_BEZIER_KNOTS.) CURVE() 
GEOMETRIC_REPRESENTATION_ITEM() RATIONAL_B_SPLINE_CURVE((1.,
0.766044443119,1.)) REPRESENTATION_ITEM('') );
#2638 = CARTESIAN_POINT('',(-1.076933541916,-0.15,0.45104732665));
#2639 = CARTESIAN_POINT('',(-1.055077323641,-0.15,0.5750001));
#2640 = CARTESIAN_POINT('',(-0.929212378964,-0.15,0.5750001));
#2641 = ORIENTED_EDGE('',*,*,#2642,.F.);
#2642 = EDGE_CURVE('',#2643,#2635,#2645,.T.);
#2643 = VERTEX_POINT('',#2644);
#2644 = CARTESIAN_POINT('',(-0.929212378964,0.15,0.5750001));
#2645 = B_SPLINE_CURVE_WITH_KNOTS('',1,(#2646,#2647),.UNSPECIFIED.,.F.,
  .F.,(2,2),(-0.,0.3),.PIECEWISE_BEZIER_KNOTS.);
#2646 = CARTESIAN_POINT('',(-0.929212378964,0.15,0.5750001));
#2647 = CARTESIAN_POINT('',(-0.929212378964,-0.15,0.5750001));
#2648 = ORIENTED_EDGE('',*,*,#2649,.F.);
#2649 = EDGE_CURVE('',#2614,#2643,#2650,.T.);
#2650 = ( BOUNDED_CURVE() B_SPLINE_CURVE(2,(#2651,#2652,#2653),
.UNSPECIFIED.,.F.,.F.) B_SPLINE_CURVE_WITH_KNOTS((3,3),(3.316125578789,
4.712388980385),.PIECEWISE_BEZIER_KNOTS.) CURVE() 
GEOMETRIC_REPRESENTATION_ITEM() RATIONAL_B_SPLINE_CURVE((1.,
0.766044443119,1.)) REPRESENTATION_ITEM('') );
#2651 = CARTESIAN_POINT('',(-1.076933541916,0.15,0.45104732665));
#2652 = CARTESIAN_POINT('',(-1.055077323641,0.15,0.5750001));
#2653 = CARTESIAN_POINT('',(-0.929212378964,0.15,0.5750001));
#2654 = ORIENTED_EDGE('',*,*,#2613,.T.);
#2655 = ( BOUNDED_SURFACE() B_SPLINE_SURFACE(2,1,(
    (#2656,#2657)
    ,(#2658,#2659)
    ,(#2660,#2661
)),.UNSPECIFIED.,.F.,.F.,.F.) B_SPLINE_SURFACE_WITH_KNOTS((3,3),(2,2),(
    3.14159265359,4.537856055185),(0.,0.3),.PIECEWISE_BEZIER_KNOTS.) 
GEOMETRIC_REPRESENTATION_ITEM() RATIONAL_B_SPLINE_SURFACE((
    (1.,1.)
    ,(0.766044443119,0.766044443119)
,(1.,1.))) REPRESENTATION_ITEM('') SURFACE() );
#2656 = CARTESIAN_POINT('',(-0.929212378964,0.15,0.5750001));
#2657 = CARTESIAN_POINT('',(-0.929212378964,-0.15,0.5750001));
#2658 = CARTESIAN_POINT('',(-1.055077323641,0.15,0.5750001));
#2659 = CARTESIAN_POINT('',(-1.055077323641,-0.15,0.5750001));
#2660 = CARTESIAN_POINT('',(-1.076933541916,0.15,0.45104732665));
#2661 = CARTESIAN_POINT('',(-1.076933541916,-0.15,0.45104732665));
#2662 = ADVANCED_FACE('',(#2663),#2686,.F.);
#2663 = FACE_BOUND('',#2664,.T.);
#2664 = EDGE_LOOP('',(#2665,#2666,#2671,#2672,#2673,#2674,#2675,#2676,
    #2677,#2678,#2679,#2680,#2685));
#2665 = ORIENTED_EDGE('',*,*,#1650,.F.);
#2666 = ORIENTED_EDGE('',*,*,#2667,.F.);
#2667 = EDGE_CURVE('',#2635,#1644,#2668,.T.);
#2668 = B_SPLINE_CURVE_WITH_KNOTS('',1,(#2669,#2670),.UNSPECIFIED.,.F.,
  .F.,(2,2),(-1.858424757928,-1.772185337229),.PIECEWISE_BEZIER_KNOTS.);
#2669 = CARTESIAN_POINT('',(-0.929212378964,-0.15,0.5750001));
#2670 = CARTESIAN_POINT('',(-0.842972958265,-0.15,0.5750001));
#2671 = ORIENTED_EDGE('',*,*,#2634,.F.);
#2672 = ORIENTED_EDGE('',*,*,#2606,.F.);
#2673 = ORIENTED_EDGE('',*,*,#2590,.F.);
#2674 = ORIENTED_EDGE('',*,*,#2546,.F.);
#2675 = ORIENTED_EDGE('',*,*,#2518,.T.);
#2676 = ORIENTED_EDGE('',*,*,#2490,.T.);
#2677 = ORIENTED_EDGE('',*,*,#2458,.T.);
#2678 = ORIENTED_EDGE('',*,*,#2430,.T.);
#2679 = ORIENTED_EDGE('',*,*,#2414,.T.);
#2680 = ORIENTED_EDGE('',*,*,#2681,.T.);
#2681 = EDGE_CURVE('',#2393,#1803,#2682,.T.);
#2682 = B_SPLINE_CURVE_WITH_KNOTS('',1,(#2683,#2684),.UNSPECIFIED.,.F.,
  .F.,(2,2),(-1.858424757928,-1.772185337229),.PIECEWISE_BEZIER_KNOTS.);
#2683 = CARTESIAN_POINT('',(-0.929212378964,-0.15,0.4750001));
#2684 = CARTESIAN_POINT('',(-0.842972958265,-0.15,0.4750001));
#2685 = ORIENTED_EDGE('',*,*,#1802,.F.);
#2686 = B_SPLINE_SURFACE_WITH_KNOTS('',1,1,(
    (#2687,#2688)
    ,(#2689,#2690
    )),.UNSPECIFIED.,.F.,.F.,.F.,(2,2),(2,2),(-2.505787621036,
    -2.023760579301),(-0.425,0.15),.PIECEWISE_BEZIER_KNOTS.);
#2687 = CARTESIAN_POINT('',(-1.325,-0.15,0.5750001));
#2688 = CARTESIAN_POINT('',(-1.325,-0.15,1.000000003608E-07));
#2689 = CARTESIAN_POINT('',(-0.842972958265,-0.15,0.5750001));
#2690 = CARTESIAN_POINT('',(-0.842972958265,-0.15,1.000000003608E-07));
#2691 = ADVANCED_FACE('',(#2692),#2715,.T.);
#2692 = FACE_BOUND('',#2693,.T.);
#2693 = EDGE_LOOP('',(#2694,#2699,#2700,#2701,#2706,#2707,#2708,#2709,
    #2710,#2711,#2712,#2713,#2714));
#2694 = ORIENTED_EDGE('',*,*,#2695,.T.);
#2695 = EDGE_CURVE('',#2643,#1635,#2696,.T.);
#2696 = B_SPLINE_CURVE_WITH_KNOTS('',1,(#2697,#2698),.UNSPECIFIED.,.F.,
  .F.,(2,2),(-1.858424757928,-1.772185337229),.PIECEWISE_BEZIER_KNOTS.);
#2697 = CARTESIAN_POINT('',(-0.929212378964,0.15,0.5750001));
#2698 = CARTESIAN_POINT('',(-0.842972958265,0.15,0.5750001));
#2699 = ORIENTED_EDGE('',*,*,#1634,.T.);
#2700 = ORIENTED_EDGE('',*,*,#1774,.T.);
#2701 = ORIENTED_EDGE('',*,*,#2702,.F.);
#2702 = EDGE_CURVE('',#2391,#1775,#2703,.T.);
#2703 = B_SPLINE_CURVE_WITH_KNOTS('',1,(#2704,#2705),.UNSPECIFIED.,.F.,
  .F.,(2,2),(-1.858424757928,-1.772185337229),.PIECEWISE_BEZIER_KNOTS.);
#2704 = CARTESIAN_POINT('',(-0.929212378964,0.15,0.4750001));
#2705 = CARTESIAN_POINT('',(-0.842972958265,0.15,0.4750001));
#2706 = ORIENTED_EDGE('',*,*,#2399,.F.);
#2707 = ORIENTED_EDGE('',*,*,#2444,.F.);
#2708 = ORIENTED_EDGE('',*,*,#2473,.F.);
#2709 = ORIENTED_EDGE('',*,*,#2504,.F.);
#2710 = ORIENTED_EDGE('',*,*,#2532,.F.);
#2711 = ORIENTED_EDGE('',*,*,#2560,.T.);
#2712 = ORIENTED_EDGE('',*,*,#2575,.T.);
#2713 = ORIENTED_EDGE('',*,*,#2620,.T.);
#2714 = ORIENTED_EDGE('',*,*,#2649,.T.);
#2715 = B_SPLINE_SURFACE_WITH_KNOTS('',1,1,(
    (#2716,#2717)
    ,(#2718,#2719
    )),.UNSPECIFIED.,.F.,.F.,.F.,(2,2),(2,2),(-2.505787621036,
    -2.023760579301),(-0.425,0.15),.PIECEWISE_BEZIER_KNOTS.);
#2716 = CARTESIAN_POINT('',(-1.325,0.15,0.5750001));
#2717 = CARTESIAN_POINT('',(-1.325,0.15,1.000000003608E-07));
#2718 = CARTESIAN_POINT('',(-0.842972958265,0.15,0.5750001));
#2719 = CARTESIAN_POINT('',(-0.842972958265,0.15,1.000000003608E-07));
#2720 = ADVANCED_FACE('',(#2721),#2727,.T.);
#2721 = FACE_BOUND('',#2722,.T.);
#2722 = EDGE_LOOP('',(#2723,#2724,#2725,#2726));
#2723 = ORIENTED_EDGE('',*,*,#2702,.T.);
#2724 = ORIENTED_EDGE('',*,*,#1809,.T.);
#2725 = ORIENTED_EDGE('',*,*,#2681,.F.);
#2726 = ORIENTED_EDGE('',*,*,#2390,.F.);
#2727 = B_SPLINE_SURFACE_WITH_KNOTS('',1,1,(
    (#2728,#2729)
    ,(#2730,#2731
    )),.UNSPECIFIED.,.F.,.F.,.F.,(2,2),(2,2),(1.772185337229,
    1.858424757928),(-0.3,0.),.PIECEWISE_BEZIER_KNOTS.);
#2728 = CARTESIAN_POINT('',(-0.842972958265,-0.15,0.4750001));
#2729 = CARTESIAN_POINT('',(-0.842972958265,0.15,0.4750001));
#2730 = CARTESIAN_POINT('',(-0.929212378964,-0.15,0.4750001));
#2731 = CARTESIAN_POINT('',(-0.929212378964,0.15,0.4750001));
#2732 = ADVANCED_FACE('',(#2733),#2739,.F.);
#2733 = FACE_BOUND('',#2734,.T.);
#2734 = EDGE_LOOP('',(#2735,#2736,#2737,#2738));
#2735 = ORIENTED_EDGE('',*,*,#1643,.F.);
#2736 = ORIENTED_EDGE('',*,*,#2695,.F.);
#2737 = ORIENTED_EDGE('',*,*,#2642,.T.);
#2738 = ORIENTED_EDGE('',*,*,#2667,.T.);
#2739 = B_SPLINE_SURFACE_WITH_KNOTS('',1,1,(
    (#2740,#2741)
    ,(#2742,#2743
    )),.UNSPECIFIED.,.F.,.F.,.F.,(2,2),(2,2),(1.772185337229,
    1.858424757928),(-0.3,0.),.PIECEWISE_BEZIER_KNOTS.);
#2740 = CARTESIAN_POINT('',(-0.842972958265,-0.15,0.5750001));
#2741 = CARTESIAN_POINT('',(-0.842972958265,0.15,0.5750001));
#2742 = CARTESIAN_POINT('',(-0.929212378964,-0.15,0.5750001));
#2743 = CARTESIAN_POINT('',(-0.929212378964,0.15,0.5750001));
#2744 = ADVANCED_FACE('',(#2745),#2767,.F.);
#2745 = FACE_BOUND('',#2746,.T.);
#2746 = EDGE_LOOP('',(#2747,#2748,#2755,#2762));
#2747 = ORIENTED_EDGE('',*,*,#1621,.F.);
#2748 = ORIENTED_EDGE('',*,*,#2749,.T.);
#2749 = EDGE_CURVE('',#1615,#2750,#2752,.T.);
#2750 = VERTEX_POINT('',#2751);
#2751 = CARTESIAN_POINT('',(0.929212378964,-0.15,0.5750001));
#2752 = B_SPLINE_CURVE_WITH_KNOTS('',1,(#2753,#2754),.UNSPECIFIED.,.F.,
  .F.,(2,2),(-8.623942069913E-02,2.590809684615E-32),
  .PIECEWISE_BEZIER_KNOTS.);
#2753 = CARTESIAN_POINT('',(0.842972958265,-0.15,0.5750001));
#2754 = CARTESIAN_POINT('',(0.929212378964,-0.15,0.5750001));
#2755 = ORIENTED_EDGE('',*,*,#2756,.F.);
#2756 = EDGE_CURVE('',#2757,#2750,#2759,.T.);
#2757 = VERTEX_POINT('',#2758);
#2758 = CARTESIAN_POINT('',(0.929212378964,0.15,0.5750001));
#2759 = B_SPLINE_CURVE_WITH_KNOTS('',1,(#2760,#2761),.UNSPECIFIED.,.F.,
  .F.,(2,2),(-0.,0.3),.PIECEWISE_BEZIER_KNOTS.);
#2760 = CARTESIAN_POINT('',(0.929212378964,0.15,0.5750001));
#2761 = CARTESIAN_POINT('',(0.929212378964,-0.15,0.5750001));
#2762 = ORIENTED_EDGE('',*,*,#2763,.F.);
#2763 = EDGE_CURVE('',#1573,#2757,#2764,.T.);
#2764 = B_SPLINE_CURVE_WITH_KNOTS('',1,(#2765,#2766),.UNSPECIFIED.,.F.,
  .F.,(2,2),(-8.623942069913E-02,2.590809684615E-32),
  .PIECEWISE_BEZIER_KNOTS.);
#2765 = CARTESIAN_POINT('',(0.842972958265,0.15,0.5750001));
#2766 = CARTESIAN_POINT('',(0.929212378964,0.15,0.5750001));
#2767 = B_SPLINE_SURFACE_WITH_KNOTS('',1,1,(
    (#2768,#2769)
    ,(#2770,#2771
    )),.UNSPECIFIED.,.F.,.F.,.F.,(2,2),(2,2),(-2.590809684615E-32,
    8.623942069913E-02),(-0.3,0.),.PIECEWISE_BEZIER_KNOTS.);
#2768 = CARTESIAN_POINT('',(0.929212378964,-0.15,0.5750001));
#2769 = CARTESIAN_POINT('',(0.929212378964,0.15,0.5750001));
#2770 = CARTESIAN_POINT('',(0.842972958265,-0.15,0.5750001));
#2771 = CARTESIAN_POINT('',(0.842972958265,0.15,0.5750001));
#2772 = ADVANCED_FACE('',(#2773),#2795,.T.);
#2773 = FACE_BOUND('',#2774,.T.);
#2774 = EDGE_LOOP('',(#2775,#2782,#2783,#2790));
#2775 = ORIENTED_EDGE('',*,*,#2776,.F.);
#2776 = EDGE_CURVE('',#1734,#2777,#2779,.T.);
#2777 = VERTEX_POINT('',#2778);
#2778 = CARTESIAN_POINT('',(0.929212378964,-0.15,0.4750001));
#2779 = B_SPLINE_CURVE_WITH_KNOTS('',1,(#2780,#2781),.UNSPECIFIED.,.F.,
  .F.,(2,2),(-8.623942069914E-02,3.238512105769E-32),
  .PIECEWISE_BEZIER_KNOTS.);
#2780 = CARTESIAN_POINT('',(0.842972958265,-0.15,0.4750001));
#2781 = CARTESIAN_POINT('',(0.929212378964,-0.15,0.4750001));
#2782 = ORIENTED_EDGE('',*,*,#1733,.T.);
#2783 = ORIENTED_EDGE('',*,*,#2784,.T.);
#2784 = EDGE_CURVE('',#1727,#2785,#2787,.T.);
#2785 = VERTEX_POINT('',#2786);
#2786 = CARTESIAN_POINT('',(0.929212378964,0.15,0.4750001));
#2787 = B_SPLINE_CURVE_WITH_KNOTS('',1,(#2788,#2789),.UNSPECIFIED.,.F.,
  .F.,(2,2),(-8.623942069914E-02,3.238512105769E-32),
  .PIECEWISE_BEZIER_KNOTS.);
#2788 = CARTESIAN_POINT('',(0.842972958265,0.15,0.4750001));
#2789 = CARTESIAN_POINT('',(0.929212378964,0.15,0.4750001));
#2790 = ORIENTED_EDGE('',*,*,#2791,.T.);
#2791 = EDGE_CURVE('',#2785,#2777,#2792,.T.);
#2792 = B_SPLINE_CURVE_WITH_KNOTS('',1,(#2793,#2794),.UNSPECIFIED.,.F.,
  .F.,(2,2),(-0.,0.3),.PIECEWISE_BEZIER_KNOTS.);
#2793 = CARTESIAN_POINT('',(0.929212378964,0.15,0.4750001));
#2794 = CARTESIAN_POINT('',(0.929212378964,-0.15,0.4750001));
#2795 = B_SPLINE_SURFACE_WITH_KNOTS('',1,1,(
    (#2796,#2797)
    ,(#2798,#2799
    )),.UNSPECIFIED.,.F.,.F.,.F.,(2,2),(2,2),(-3.238512105769E-32,
    8.623942069914E-02),(-0.3,0.),.PIECEWISE_BEZIER_KNOTS.);
#2796 = CARTESIAN_POINT('',(0.929212378964,-0.15,0.4750001));
#2797 = CARTESIAN_POINT('',(0.929212378964,0.15,0.4750001));
#2798 = CARTESIAN_POINT('',(0.842972958265,-0.15,0.4750001));
#2799 = CARTESIAN_POINT('',(0.842972958265,0.15,0.4750001));
#2800 = ADVANCED_FACE('',(#2801),#2872,.T.);
#2801 = FACE_BOUND('',#2802,.T.);
#2802 = EDGE_LOOP('',(#2803,#2804,#2805,#2806,#2814,#2821,#2829,#2836,
    #2843,#2850,#2858,#2865,#2871));
#2803 = ORIENTED_EDGE('',*,*,#1726,.T.);
#2804 = ORIENTED_EDGE('',*,*,#1570,.T.);
#2805 = ORIENTED_EDGE('',*,*,#2763,.T.);
#2806 = ORIENTED_EDGE('',*,*,#2807,.T.);
#2807 = EDGE_CURVE('',#2757,#2808,#2810,.T.);
#2808 = VERTEX_POINT('',#2809);
#2809 = CARTESIAN_POINT('',(1.076933541916,0.15,0.45104732665));
#2810 = ( BOUNDED_CURVE() B_SPLINE_CURVE(2,(#2811,#2812,#2813),
.UNSPECIFIED.,.F.,.F.) B_SPLINE_CURVE_WITH_KNOTS((3,3),(4.712388980385,
6.10865238198),.PIECEWISE_BEZIER_KNOTS.) CURVE() 
GEOMETRIC_REPRESENTATION_ITEM() RATIONAL_B_SPLINE_CURVE((1.,
0.766044443119,1.)) REPRESENTATION_ITEM('') );
#2811 = CARTESIAN_POINT('',(0.929212378964,0.15,0.5750001));
#2812 = CARTESIAN_POINT('',(1.055077323641,0.15,0.5750001));
#2813 = CARTESIAN_POINT('',(1.076933541916,0.15,0.45104732665));
#2814 = ORIENTED_EDGE('',*,*,#2815,.T.);
#2815 = EDGE_CURVE('',#2808,#2816,#2818,.T.);
#2816 = VERTEX_POINT('',#2817);
#2817 = CARTESIAN_POINT('',(1.131547233385,0.15,0.141317691117));
#2818 = B_SPLINE_CURVE_WITH_KNOTS('',1,(#2819,#2820),.UNSPECIFIED.,.F.,
  .F.,(2,2),(0.,0.31450771441),.PIECEWISE_BEZIER_KNOTS.);
#2819 = CARTESIAN_POINT('',(1.076933541916,0.15,0.45104732665));
#2820 = CARTESIAN_POINT('',(1.131547233385,0.15,0.141317691117));
#2821 = ORIENTED_EDGE('',*,*,#2822,.T.);
#2822 = EDGE_CURVE('',#2816,#2823,#2825,.T.);
#2823 = VERTEX_POINT('',#2824);
#2824 = CARTESIAN_POINT('',(1.180787621036,0.15,0.1000001));
#2825 = ( BOUNDED_CURVE() B_SPLINE_CURVE(2,(#2826,#2827,#2828),
.UNSPECIFIED.,.F.,.F.) B_SPLINE_CURVE_WITH_KNOTS((3,3),(3.316125578789,
4.712388980385),.PIECEWISE_BEZIER_KNOTS.) CURVE() 
GEOMETRIC_REPRESENTATION_ITEM() RATIONAL_B_SPLINE_CURVE((1.,
0.766044443119,1.)) REPRESENTATION_ITEM('') );
#2826 = CARTESIAN_POINT('',(1.131547233385,0.15,0.141317691117));
#2827 = CARTESIAN_POINT('',(1.138832639477,0.15,0.1000001));
#2828 = CARTESIAN_POINT('',(1.180787621036,0.15,0.1000001));
#2829 = ORIENTED_EDGE('',*,*,#2830,.T.);
#2830 = EDGE_CURVE('',#2823,#2831,#2833,.T.);
#2831 = VERTEX_POINT('',#2832);
#2832 = CARTESIAN_POINT('',(1.325,0.15,0.1000001));
#2833 = B_SPLINE_CURVE_WITH_KNOTS('',1,(#2834,#2835),.UNSPECIFIED.,.F.,
  .F.,(2,2),(0.,0.144212378964),.PIECEWISE_BEZIER_KNOTS.);
#2834 = CARTESIAN_POINT('',(1.180787621036,0.15,0.1000001));
#2835 = CARTESIAN_POINT('',(1.325,0.15,0.1000001));
#2836 = ORIENTED_EDGE('',*,*,#2837,.F.);
#2837 = EDGE_CURVE('',#2838,#2831,#2840,.T.);
#2838 = VERTEX_POINT('',#2839);
#2839 = CARTESIAN_POINT('',(1.325,0.15,1.000000001359E-07));
#2840 = B_SPLINE_CURVE_WITH_KNOTS('',1,(#2841,#2842),.UNSPECIFIED.,.F.,
  .F.,(2,2),(0.,1.E-01),.PIECEWISE_BEZIER_KNOTS.);
#2841 = CARTESIAN_POINT('',(1.325,0.15,1.000000001359E-07));
#2842 = CARTESIAN_POINT('',(1.325,0.15,0.1000001));
#2843 = ORIENTED_EDGE('',*,*,#2844,.F.);
#2844 = EDGE_CURVE('',#2845,#2838,#2847,.T.);
#2845 = VERTEX_POINT('',#2846);
#2846 = CARTESIAN_POINT('',(1.180787621036,0.15,1.000000001698E-07));
#2847 = B_SPLINE_CURVE_WITH_KNOTS('',1,(#2848,#2849),.UNSPECIFIED.,.F.,
  .F.,(2,2),(0.,0.144212378964),.PIECEWISE_BEZIER_KNOTS.);
#2848 = CARTESIAN_POINT('',(1.180787621036,0.15,1.000000001698E-07));
#2849 = CARTESIAN_POINT('',(1.325,0.15,1.000000001359E-07));
#2850 = ORIENTED_EDGE('',*,*,#2851,.F.);
#2851 = EDGE_CURVE('',#2852,#2845,#2854,.T.);
#2852 = VERTEX_POINT('',#2853);
#2853 = CARTESIAN_POINT('',(1.033066458084,0.15,0.12395287335));
#2854 = ( BOUNDED_CURVE() B_SPLINE_CURVE(2,(#2855,#2856,#2857),
.UNSPECIFIED.,.F.,.F.) B_SPLINE_CURVE_WITH_KNOTS((3,3),(3.316125578789,
4.712388980385),.PIECEWISE_BEZIER_KNOTS.) CURVE() 
GEOMETRIC_REPRESENTATION_ITEM() RATIONAL_B_SPLINE_CURVE((1.,
0.766044443119,1.)) REPRESENTATION_ITEM('') );
#2855 = CARTESIAN_POINT('',(1.033066458084,0.15,0.12395287335));
#2856 = CARTESIAN_POINT('',(1.054922676359,0.15,1.000000000555E-07));
#2857 = CARTESIAN_POINT('',(1.180787621036,0.15,1.E-07));
#2858 = ORIENTED_EDGE('',*,*,#2859,.F.);
#2859 = EDGE_CURVE('',#2860,#2852,#2862,.T.);
#2860 = VERTEX_POINT('',#2861);
#2861 = CARTESIAN_POINT('',(0.978452766615,0.15,0.433682508883));
#2862 = B_SPLINE_CURVE_WITH_KNOTS('',1,(#2863,#2864),.UNSPECIFIED.,.F.,
  .F.,(2,2),(0.,0.31450771441),.PIECEWISE_BEZIER_KNOTS.);
#2863 = CARTESIAN_POINT('',(0.978452766615,0.15,0.433682508883));
#2864 = CARTESIAN_POINT('',(1.033066458084,0.15,0.12395287335));
#2865 = ORIENTED_EDGE('',*,*,#2866,.F.);
#2866 = EDGE_CURVE('',#2785,#2860,#2867,.T.);
#2867 = ( BOUNDED_CURVE() B_SPLINE_CURVE(2,(#2868,#2869,#2870),
.UNSPECIFIED.,.F.,.F.) B_SPLINE_CURVE_WITH_KNOTS((3,3),(4.712388980385,
6.10865238198),.PIECEWISE_BEZIER_KNOTS.) CURVE() 
GEOMETRIC_REPRESENTATION_ITEM() RATIONAL_B_SPLINE_CURVE((1.,
0.766044443119,1.)) REPRESENTATION_ITEM('') );
#2868 = CARTESIAN_POINT('',(0.929212378964,0.15,0.4750001));
#2869 = CARTESIAN_POINT('',(0.971167360523,0.15,0.4750001));
#2870 = CARTESIAN_POINT('',(0.978452766615,0.15,0.433682508883));
#2871 = ORIENTED_EDGE('',*,*,#2784,.F.);
#2872 = B_SPLINE_SURFACE_WITH_KNOTS('',1,1,(
    (#2873,#2874)
    ,(#2875,#2876
    )),.UNSPECIFIED.,.F.,.F.,.F.,(2,2),(2,2),(-0.337814662771,
    0.144212378964),(-0.425,0.15),.PIECEWISE_BEZIER_KNOTS.);
#2873 = CARTESIAN_POINT('',(0.842972958265,0.15,0.5750001));
#2874 = CARTESIAN_POINT('',(0.842972958265,0.15,1.000000000555E-07));
#2875 = CARTESIAN_POINT('',(1.325,0.15,0.5750001));
#2876 = CARTESIAN_POINT('',(1.325,0.15,1.000000000555E-07));
#2877 = ADVANCED_FACE('',(#2878),#2949,.F.);
#2878 = FACE_BOUND('',#2879,.T.);
#2879 = EDGE_LOOP('',(#2880,#2881,#2882,#2883,#2891,#2898,#2906,#2913,
    #2920,#2927,#2935,#2942,#2948));
#2880 = ORIENTED_EDGE('',*,*,#1614,.F.);
#2881 = ORIENTED_EDGE('',*,*,#1740,.F.);
#2882 = ORIENTED_EDGE('',*,*,#2776,.T.);
#2883 = ORIENTED_EDGE('',*,*,#2884,.T.);
#2884 = EDGE_CURVE('',#2777,#2885,#2887,.T.);
#2885 = VERTEX_POINT('',#2886);
#2886 = CARTESIAN_POINT('',(0.978452766615,-0.15,0.433682508883));
#2887 = ( BOUNDED_CURVE() B_SPLINE_CURVE(2,(#2888,#2889,#2890),
.UNSPECIFIED.,.F.,.F.) B_SPLINE_CURVE_WITH_KNOTS((3,3),(4.712388980385,
6.10865238198),.PIECEWISE_BEZIER_KNOTS.) CURVE() 
GEOMETRIC_REPRESENTATION_ITEM() RATIONAL_B_SPLINE_CURVE((1.,
0.766044443119,1.)) REPRESENTATION_ITEM('') );
#2888 = CARTESIAN_POINT('',(0.929212378964,-0.15,0.4750001));
#2889 = CARTESIAN_POINT('',(0.971167360523,-0.15,0.4750001));
#2890 = CARTESIAN_POINT('',(0.978452766615,-0.15,0.433682508883));
#2891 = ORIENTED_EDGE('',*,*,#2892,.T.);
#2892 = EDGE_CURVE('',#2885,#2893,#2895,.T.);
#2893 = VERTEX_POINT('',#2894);
#2894 = CARTESIAN_POINT('',(1.033066458084,-0.15,0.12395287335));
#2895 = B_SPLINE_CURVE_WITH_KNOTS('',1,(#2896,#2897),.UNSPECIFIED.,.F.,
  .F.,(2,2),(0.,0.31450771441),.PIECEWISE_BEZIER_KNOTS.);
#2896 = CARTESIAN_POINT('',(0.978452766615,-0.15,0.433682508883));
#2897 = CARTESIAN_POINT('',(1.033066458084,-0.15,0.12395287335));
#2898 = ORIENTED_EDGE('',*,*,#2899,.T.);
#2899 = EDGE_CURVE('',#2893,#2900,#2902,.T.);
#2900 = VERTEX_POINT('',#2901);
#2901 = CARTESIAN_POINT('',(1.180787621036,-0.15,1.000000001698E-07));
#2902 = ( BOUNDED_CURVE() B_SPLINE_CURVE(2,(#2903,#2904,#2905),
.UNSPECIFIED.,.F.,.F.) B_SPLINE_CURVE_WITH_KNOTS((3,3),(3.316125578789,
4.712388980385),.PIECEWISE_BEZIER_KNOTS.) CURVE() 
GEOMETRIC_REPRESENTATION_ITEM() RATIONAL_B_SPLINE_CURVE((1.,
0.766044443119,1.)) REPRESENTATION_ITEM('') );
#2903 = CARTESIAN_POINT('',(1.033066458084,-0.15,0.12395287335));
#2904 = CARTESIAN_POINT('',(1.054922676359,-0.15,1.000000000555E-07));
#2905 = CARTESIAN_POINT('',(1.180787621036,-0.15,1.E-07));
#2906 = ORIENTED_EDGE('',*,*,#2907,.T.);
#2907 = EDGE_CURVE('',#2900,#2908,#2910,.T.);
#2908 = VERTEX_POINT('',#2909);
#2909 = CARTESIAN_POINT('',(1.325,-0.15,1.000000001359E-07));
#2910 = B_SPLINE_CURVE_WITH_KNOTS('',1,(#2911,#2912),.UNSPECIFIED.,.F.,
  .F.,(2,2),(0.,0.144212378964),.PIECEWISE_BEZIER_KNOTS.);
#2911 = CARTESIAN_POINT('',(1.180787621036,-0.15,1.000000001698E-07));
#2912 = CARTESIAN_POINT('',(1.325,-0.15,1.000000001359E-07));
#2913 = ORIENTED_EDGE('',*,*,#2914,.T.);
#2914 = EDGE_CURVE('',#2908,#2915,#2917,.T.);
#2915 = VERTEX_POINT('',#2916);
#2916 = CARTESIAN_POINT('',(1.325,-0.15,0.1000001));
#2917 = B_SPLINE_CURVE_WITH_KNOTS('',1,(#2918,#2919),.UNSPECIFIED.,.F.,
  .F.,(2,2),(0.,1.E-01),.PIECEWISE_BEZIER_KNOTS.);
#2918 = CARTESIAN_POINT('',(1.325,-0.15,1.000000001359E-07));
#2919 = CARTESIAN_POINT('',(1.325,-0.15,0.1000001));
#2920 = ORIENTED_EDGE('',*,*,#2921,.F.);
#2921 = EDGE_CURVE('',#2922,#2915,#2924,.T.);
#2922 = VERTEX_POINT('',#2923);
#2923 = CARTESIAN_POINT('',(1.180787621036,-0.15,0.1000001));
#2924 = B_SPLINE_CURVE_WITH_KNOTS('',1,(#2925,#2926),.UNSPECIFIED.,.F.,
  .F.,(2,2),(0.,0.144212378964),.PIECEWISE_BEZIER_KNOTS.);
#2925 = CARTESIAN_POINT('',(1.180787621036,-0.15,0.1000001));
#2926 = CARTESIAN_POINT('',(1.325,-0.15,0.1000001));
#2927 = ORIENTED_EDGE('',*,*,#2928,.F.);
#2928 = EDGE_CURVE('',#2929,#2922,#2931,.T.);
#2929 = VERTEX_POINT('',#2930);
#2930 = CARTESIAN_POINT('',(1.131547233385,-0.15,0.141317691117));
#2931 = ( BOUNDED_CURVE() B_SPLINE_CURVE(2,(#2932,#2933,#2934),
.UNSPECIFIED.,.F.,.F.) B_SPLINE_CURVE_WITH_KNOTS((3,3),(3.316125578789,
4.712388980385),.PIECEWISE_BEZIER_KNOTS.) CURVE() 
GEOMETRIC_REPRESENTATION_ITEM() RATIONAL_B_SPLINE_CURVE((1.,
0.766044443119,1.)) REPRESENTATION_ITEM('') );
#2932 = CARTESIAN_POINT('',(1.131547233385,-0.15,0.141317691117));
#2933 = CARTESIAN_POINT('',(1.138832639477,-0.15,0.1000001));
#2934 = CARTESIAN_POINT('',(1.180787621036,-0.15,0.1000001));
#2935 = ORIENTED_EDGE('',*,*,#2936,.F.);
#2936 = EDGE_CURVE('',#2937,#2929,#2939,.T.);
#2937 = VERTEX_POINT('',#2938);
#2938 = CARTESIAN_POINT('',(1.076933541916,-0.15,0.45104732665));
#2939 = B_SPLINE_CURVE_WITH_KNOTS('',1,(#2940,#2941),.UNSPECIFIED.,.F.,
  .F.,(2,2),(0.,0.31450771441),.PIECEWISE_BEZIER_KNOTS.);
#2940 = CARTESIAN_POINT('',(1.076933541916,-0.15,0.45104732665));
#2941 = CARTESIAN_POINT('',(1.131547233385,-0.15,0.141317691117));
#2942 = ORIENTED_EDGE('',*,*,#2943,.F.);
#2943 = EDGE_CURVE('',#2750,#2937,#2944,.T.);
#2944 = ( BOUNDED_CURVE() B_SPLINE_CURVE(2,(#2945,#2946,#2947),
.UNSPECIFIED.,.F.,.F.) B_SPLINE_CURVE_WITH_KNOTS((3,3),(4.712388980385,
6.10865238198),.PIECEWISE_BEZIER_KNOTS.) CURVE() 
GEOMETRIC_REPRESENTATION_ITEM() RATIONAL_B_SPLINE_CURVE((1.,
0.766044443119,1.)) REPRESENTATION_ITEM('') );
#2945 = CARTESIAN_POINT('',(0.929212378964,-0.15,0.5750001));
#2946 = CARTESIAN_POINT('',(1.055077323641,-0.15,0.5750001));
#2947 = CARTESIAN_POINT('',(1.076933541916,-0.15,0.45104732665));
#2948 = ORIENTED_EDGE('',*,*,#2749,.F.);
#2949 = B_SPLINE_SURFACE_WITH_KNOTS('',1,1,(
    (#2950,#2951)
    ,(#2952,#2953
    )),.UNSPECIFIED.,.F.,.F.,.F.,(2,2),(2,2),(-0.337814662771,
    0.144212378964),(-0.425,0.15),.PIECEWISE_BEZIER_KNOTS.);
#2950 = CARTESIAN_POINT('',(0.842972958265,-0.15,0.5750001));
#2951 = CARTESIAN_POINT('',(0.842972958265,-0.15,1.000000000555E-07));
#2952 = CARTESIAN_POINT('',(1.325,-0.15,0.5750001));
#2953 = CARTESIAN_POINT('',(1.325,-0.15,1.000000000555E-07));
#2954 = ADVANCED_FACE('',(#2955),#2969,.F.);
#2955 = FACE_BOUND('',#2956,.T.);
#2956 = EDGE_LOOP('',(#2957,#2958,#2963,#2964));
#2957 = ORIENTED_EDGE('',*,*,#2921,.T.);
#2958 = ORIENTED_EDGE('',*,*,#2959,.F.);
#2959 = EDGE_CURVE('',#2831,#2915,#2960,.T.);
#2960 = B_SPLINE_CURVE_WITH_KNOTS('',1,(#2961,#2962),.UNSPECIFIED.,.F.,
  .F.,(2,2),(-0.,0.3),.PIECEWISE_BEZIER_KNOTS.);
#2961 = CARTESIAN_POINT('',(1.325,0.15,0.1000001));
#2962 = CARTESIAN_POINT('',(1.325,-0.15,0.1000001));
#2963 = ORIENTED_EDGE('',*,*,#2830,.F.);
#2964 = ORIENTED_EDGE('',*,*,#2965,.T.);
#2965 = EDGE_CURVE('',#2823,#2922,#2966,.T.);
#2966 = B_SPLINE_CURVE_WITH_KNOTS('',1,(#2967,#2968),.UNSPECIFIED.,.F.,
  .F.,(2,2),(-0.,0.3),.PIECEWISE_BEZIER_KNOTS.);
#2967 = CARTESIAN_POINT('',(1.180787621036,0.15,0.1000001));
#2968 = CARTESIAN_POINT('',(1.180787621036,-0.15,0.1000001));
#2969 = B_SPLINE_SURFACE_WITH_KNOTS('',1,1,(
    (#2970,#2971)
    ,(#2972,#2973
    )),.UNSPECIFIED.,.F.,.F.,.F.,(2,2),(2,2),(-0.144212378964,0.),(-0.3,
    0.),.PIECEWISE_BEZIER_KNOTS.);
#2970 = CARTESIAN_POINT('',(1.325,-0.15,0.1000001));
#2971 = CARTESIAN_POINT('',(1.325,0.15,0.1000001));
#2972 = CARTESIAN_POINT('',(1.180787621036,-0.15,0.1000001));
#2973 = CARTESIAN_POINT('',(1.180787621036,0.15,0.1000001));
#2974 = ADVANCED_FACE('',(#2975),#2985,.T.);
#2975 = FACE_BOUND('',#2976,.T.);
#2976 = EDGE_LOOP('',(#2977,#2978,#2983,#2984));
#2977 = ORIENTED_EDGE('',*,*,#2914,.F.);
#2978 = ORIENTED_EDGE('',*,*,#2979,.F.);
#2979 = EDGE_CURVE('',#2838,#2908,#2980,.T.);
#2980 = B_SPLINE_CURVE_WITH_KNOTS('',1,(#2981,#2982),.UNSPECIFIED.,.F.,
  .F.,(2,2),(-0.,0.3),.PIECEWISE_BEZIER_KNOTS.);
#2981 = CARTESIAN_POINT('',(1.325,0.15,1.000000001359E-07));
#2982 = CARTESIAN_POINT('',(1.325,-0.15,1.000000001359E-07));
#2983 = ORIENTED_EDGE('',*,*,#2837,.T.);
#2984 = ORIENTED_EDGE('',*,*,#2959,.T.);
#2985 = B_SPLINE_SURFACE_WITH_KNOTS('',1,1,(
    (#2986,#2987)
    ,(#2988,#2989
    )),.UNSPECIFIED.,.F.,.F.,.F.,(2,2),(2,2),(-1.E-01,0.),(-0.3,0.),
  .PIECEWISE_BEZIER_KNOTS.);
#2986 = CARTESIAN_POINT('',(1.325,-0.15,0.1000001));
#2987 = CARTESIAN_POINT('',(1.325,0.15,0.1000001));
#2988 = CARTESIAN_POINT('',(1.325,-0.15,1.000000001359E-07));
#2989 = CARTESIAN_POINT('',(1.325,0.15,1.000000001359E-07));
#2990 = ADVANCED_FACE('',(#2991),#3001,.T.);
#2991 = FACE_BOUND('',#2992,.T.);
#2992 = EDGE_LOOP('',(#2993,#2994,#2999,#3000));
#2993 = ORIENTED_EDGE('',*,*,#2907,.F.);
#2994 = ORIENTED_EDGE('',*,*,#2995,.F.);
#2995 = EDGE_CURVE('',#2845,#2900,#2996,.T.);
#2996 = B_SPLINE_CURVE_WITH_KNOTS('',1,(#2997,#2998),.UNSPECIFIED.,.F.,
  .F.,(2,2),(-0.,0.3),.PIECEWISE_BEZIER_KNOTS.);
#2997 = CARTESIAN_POINT('',(1.180787621036,0.15,1.000000001698E-07));
#2998 = CARTESIAN_POINT('',(1.180787621036,-0.15,1.000000001698E-07));
#2999 = ORIENTED_EDGE('',*,*,#2844,.T.);
#3000 = ORIENTED_EDGE('',*,*,#2979,.T.);
#3001 = B_SPLINE_SURFACE_WITH_KNOTS('',1,1,(
    (#3002,#3003)
    ,(#3004,#3005
    )),.UNSPECIFIED.,.F.,.F.,.F.,(2,2),(2,2),(-0.144212378964,0.),(-0.3,
    0.),.PIECEWISE_BEZIER_KNOTS.);
#3002 = CARTESIAN_POINT('',(1.325,-0.15,1.000000001359E-07));
#3003 = CARTESIAN_POINT('',(1.325,0.15,1.000000001359E-07));
#3004 = CARTESIAN_POINT('',(1.180787621036,-0.15,1.000000001698E-07));
#3005 = CARTESIAN_POINT('',(1.180787621036,0.15,1.000000001698E-07));
#3006 = ADVANCED_FACE('',(#3007),#3017,.T.);
#3007 = FACE_BOUND('',#3008,.T.);
#3008 = EDGE_LOOP('',(#3009,#3010,#3015,#3016));
#3009 = ORIENTED_EDGE('',*,*,#2899,.F.);
#3010 = ORIENTED_EDGE('',*,*,#3011,.F.);
#3011 = EDGE_CURVE('',#2852,#2893,#3012,.T.);
#3012 = B_SPLINE_CURVE_WITH_KNOTS('',1,(#3013,#3014),.UNSPECIFIED.,.F.,
  .F.,(2,2),(-0.,0.3),.PIECEWISE_BEZIER_KNOTS.);
#3013 = CARTESIAN_POINT('',(1.033066458084,0.15,0.12395287335));
#3014 = CARTESIAN_POINT('',(1.033066458084,-0.15,0.12395287335));
#3015 = ORIENTED_EDGE('',*,*,#2851,.T.);
#3016 = ORIENTED_EDGE('',*,*,#2995,.T.);
#3017 = ( BOUNDED_SURFACE() B_SPLINE_SURFACE(2,1,(
    (#3018,#3019)
    ,(#3020,#3021)
    ,(#3022,#3023
)),.UNSPECIFIED.,.F.,.F.,.F.) B_SPLINE_SURFACE_WITH_KNOTS((3,3),(2,2),(
    4.886921905584,6.28318530718),(0.,0.3),.PIECEWISE_BEZIER_KNOTS.) 
GEOMETRIC_REPRESENTATION_ITEM() RATIONAL_B_SPLINE_SURFACE((
    (1.,1.)
    ,(0.766044443119,0.766044443119)
,(1.,1.))) REPRESENTATION_ITEM('') SURFACE() );
#3018 = CARTESIAN_POINT('',(1.033066458084,0.15,0.12395287335));
#3019 = CARTESIAN_POINT('',(1.033066458084,-0.15,0.12395287335));
#3020 = CARTESIAN_POINT('',(1.054922676359,0.15,1.000000001665E-07));
#3021 = CARTESIAN_POINT('',(1.054922676359,-0.15,1.000000001665E-07));
#3022 = CARTESIAN_POINT('',(1.180787621036,0.15,1.00000000111E-07));
#3023 = CARTESIAN_POINT('',(1.180787621036,-0.15,1.00000000111E-07));
#3024 = ADVANCED_FACE('',(#3025),#3035,.T.);
#3025 = FACE_BOUND('',#3026,.T.);
#3026 = EDGE_LOOP('',(#3027,#3028,#3033,#3034));
#3027 = ORIENTED_EDGE('',*,*,#2892,.F.);
#3028 = ORIENTED_EDGE('',*,*,#3029,.F.);
#3029 = EDGE_CURVE('',#2860,#2885,#3030,.T.);
#3030 = B_SPLINE_CURVE_WITH_KNOTS('',1,(#3031,#3032),.UNSPECIFIED.,.F.,
  .F.,(2,2),(-0.,0.3),.PIECEWISE_BEZIER_KNOTS.);
#3031 = CARTESIAN_POINT('',(0.978452766615,0.15,0.433682508883));
#3032 = CARTESIAN_POINT('',(0.978452766615,-0.15,0.433682508883));
#3033 = ORIENTED_EDGE('',*,*,#2859,.T.);
#3034 = ORIENTED_EDGE('',*,*,#3011,.T.);
#3035 = B_SPLINE_SURFACE_WITH_KNOTS('',1,1,(
    (#3036,#3037)
    ,(#3038,#3039
    )),.UNSPECIFIED.,.F.,.F.,.F.,(2,2),(2,2),(-0.31450771441,0.),(-0.3,
    0.),.PIECEWISE_BEZIER_KNOTS.);
#3036 = CARTESIAN_POINT('',(1.033066458084,-0.15,0.12395287335));
#3037 = CARTESIAN_POINT('',(1.033066458084,0.15,0.12395287335));
#3038 = CARTESIAN_POINT('',(0.978452766615,-0.15,0.433682508883));
#3039 = CARTESIAN_POINT('',(0.978452766615,0.15,0.433682508883));
#3040 = ADVANCED_FACE('',(#3041),#3047,.F.);
#3041 = FACE_BOUND('',#3042,.F.);
#3042 = EDGE_LOOP('',(#3043,#3044,#3045,#3046));
#3043 = ORIENTED_EDGE('',*,*,#3029,.F.);
#3044 = ORIENTED_EDGE('',*,*,#2866,.F.);
#3045 = ORIENTED_EDGE('',*,*,#2791,.T.);
#3046 = ORIENTED_EDGE('',*,*,#2884,.T.);
#3047 = ( BOUNDED_SURFACE() B_SPLINE_SURFACE(2,1,(
    (#3048,#3049)
    ,(#3050,#3051)
    ,(#3052,#3053
)),.UNSPECIFIED.,.F.,.F.,.F.) B_SPLINE_SURFACE_WITH_KNOTS((3,3),(2,2),(
    1.745329251994,3.14159265359),(0.,0.3),.PIECEWISE_BEZIER_KNOTS.) 
GEOMETRIC_REPRESENTATION_ITEM() RATIONAL_B_SPLINE_SURFACE((
    (1.,1.)
    ,(0.766044443119,0.766044443119)
,(1.,1.))) REPRESENTATION_ITEM('') SURFACE() );
#3048 = CARTESIAN_POINT('',(0.978452766615,0.15,0.433682508883));
#3049 = CARTESIAN_POINT('',(0.978452766615,-0.15,0.433682508883));
#3050 = CARTESIAN_POINT('',(0.971167360523,0.15,0.4750001));
#3051 = CARTESIAN_POINT('',(0.971167360523,-0.15,0.4750001));
#3052 = CARTESIAN_POINT('',(0.929212378964,0.15,0.4750001));
#3053 = CARTESIAN_POINT('',(0.929212378964,-0.15,0.4750001));
#3054 = ADVANCED_FACE('',(#3055),#3065,.T.);
#3055 = FACE_BOUND('',#3056,.T.);
#3056 = EDGE_LOOP('',(#3057,#3058,#3063,#3064));
#3057 = ORIENTED_EDGE('',*,*,#2943,.T.);
#3058 = ORIENTED_EDGE('',*,*,#3059,.F.);
#3059 = EDGE_CURVE('',#2808,#2937,#3060,.T.);
#3060 = B_SPLINE_CURVE_WITH_KNOTS('',1,(#3061,#3062),.UNSPECIFIED.,.F.,
  .F.,(2,2),(-0.,0.3),.PIECEWISE_BEZIER_KNOTS.);
#3061 = CARTESIAN_POINT('',(1.076933541916,0.15,0.45104732665));
#3062 = CARTESIAN_POINT('',(1.076933541916,-0.15,0.45104732665));
#3063 = ORIENTED_EDGE('',*,*,#2807,.F.);
#3064 = ORIENTED_EDGE('',*,*,#2756,.T.);
#3065 = ( BOUNDED_SURFACE() B_SPLINE_SURFACE(2,1,(
    (#3066,#3067)
    ,(#3068,#3069)
    ,(#3070,#3071
)),.UNSPECIFIED.,.F.,.F.,.F.) B_SPLINE_SURFACE_WITH_KNOTS((3,3),(2,2),(
    1.745329251994,3.14159265359),(0.,0.3),.PIECEWISE_BEZIER_KNOTS.) 
GEOMETRIC_REPRESENTATION_ITEM() RATIONAL_B_SPLINE_SURFACE((
    (1.,1.)
    ,(0.766044443119,0.766044443119)
,(1.,1.))) REPRESENTATION_ITEM('') SURFACE() );
#3066 = CARTESIAN_POINT('',(1.076933541916,0.15,0.45104732665));
#3067 = CARTESIAN_POINT('',(1.076933541916,-0.15,0.45104732665));
#3068 = CARTESIAN_POINT('',(1.055077323641,0.15,0.5750001));
#3069 = CARTESIAN_POINT('',(1.055077323641,-0.15,0.5750001));
#3070 = CARTESIAN_POINT('',(0.929212378964,0.15,0.5750001));
#3071 = CARTESIAN_POINT('',(0.929212378964,-0.15,0.5750001));
#3072 = ADVANCED_FACE('',(#3073),#3083,.F.);
#3073 = FACE_BOUND('',#3074,.T.);
#3074 = EDGE_LOOP('',(#3075,#3076,#3081,#3082));
#3075 = ORIENTED_EDGE('',*,*,#2936,.T.);
#3076 = ORIENTED_EDGE('',*,*,#3077,.F.);
#3077 = EDGE_CURVE('',#2816,#2929,#3078,.T.);
#3078 = B_SPLINE_CURVE_WITH_KNOTS('',1,(#3079,#3080),.UNSPECIFIED.,.F.,
  .F.,(2,2),(-0.,0.3),.PIECEWISE_BEZIER_KNOTS.);
#3079 = CARTESIAN_POINT('',(1.131547233385,0.15,0.141317691117));
#3080 = CARTESIAN_POINT('',(1.131547233385,-0.15,0.141317691117));
#3081 = ORIENTED_EDGE('',*,*,#2815,.F.);
#3082 = ORIENTED_EDGE('',*,*,#3059,.T.);
#3083 = B_SPLINE_SURFACE_WITH_KNOTS('',1,1,(
    (#3084,#3085)
    ,(#3086,#3087
    )),.UNSPECIFIED.,.F.,.F.,.F.,(2,2),(2,2),(-0.31450771441,0.),(-0.3,
    0.),.PIECEWISE_BEZIER_KNOTS.);
#3084 = CARTESIAN_POINT('',(1.131547233385,-0.15,0.141317691117));
#3085 = CARTESIAN_POINT('',(1.131547233385,0.15,0.141317691117));
#3086 = CARTESIAN_POINT('',(1.076933541916,-0.15,0.45104732665));
#3087 = CARTESIAN_POINT('',(1.076933541916,0.15,0.45104732665));
#3088 = ADVANCED_FACE('',(#3089),#3095,.F.);
#3089 = FACE_BOUND('',#3090,.F.);
#3090 = EDGE_LOOP('',(#3091,#3092,#3093,#3094));
#3091 = ORIENTED_EDGE('',*,*,#3077,.F.);
#3092 = ORIENTED_EDGE('',*,*,#2822,.T.);
#3093 = ORIENTED_EDGE('',*,*,#2965,.T.);
#3094 = ORIENTED_EDGE('',*,*,#2928,.F.);
#3095 = ( BOUNDED_SURFACE() B_SPLINE_SURFACE(2,1,(
    (#3096,#3097)
    ,(#3098,#3099)
    ,(#3100,#3101
)),.UNSPECIFIED.,.F.,.F.,.F.) B_SPLINE_SURFACE_WITH_KNOTS((3,3),(2,2),(
    4.886921905584,6.28318530718),(0.,0.3),.PIECEWISE_BEZIER_KNOTS.) 
GEOMETRIC_REPRESENTATION_ITEM() RATIONAL_B_SPLINE_SURFACE((
    (1.,1.)
    ,(0.766044443119,0.766044443119)
,(1.,1.))) REPRESENTATION_ITEM('') SURFACE() );
#3096 = CARTESIAN_POINT('',(1.131547233385,0.15,0.141317691117));
#3097 = CARTESIAN_POINT('',(1.131547233385,-0.15,0.141317691117));
#3098 = CARTESIAN_POINT('',(1.138832639477,0.15,0.1000001));
#3099 = CARTESIAN_POINT('',(1.138832639477,-0.15,0.1000001));
#3100 = CARTESIAN_POINT('',(1.180787621036,0.15,0.1000001));
#3101 = CARTESIAN_POINT('',(1.180787621036,-0.15,0.1000001));
#3102 = ADVANCED_FACE('',(#3103),#3113,.F.);
#3103 = FACE_BOUND('',#3104,.T.);
#3104 = EDGE_LOOP('',(#3105,#3106,#3107,#3108));
#3105 = ORIENTED_EDGE('',*,*,#1850,.T.);
#3106 = ORIENTED_EDGE('',*,*,#1426,.T.);
#3107 = ORIENTED_EDGE('',*,*,#2026,.T.);
#3108 = ORIENTED_EDGE('',*,*,#3109,.F.);
#3109 = EDGE_CURVE('',#1851,#2027,#3110,.T.);
#3110 = B_SPLINE_CURVE_WITH_KNOTS('',1,(#3111,#3112),.UNSPECIFIED.,.F.,
  .F.,(2,2),(0.100033495513,1.199966504487),.PIECEWISE_BEZIER_KNOTS.);
#3111 = CARTESIAN_POINT('',(-0.652968065906,0.549966504487,0.9499001));
#3112 = CARTESIAN_POINT('',(-0.652968065906,-0.549966504487,0.9499001));
#3113 = B_SPLINE_SURFACE_WITH_KNOTS('',1,1,(
    (#3114,#3115)
    ,(#3116,#3117
    )),.UNSPECIFIED.,.F.,.F.,.F.,(2,2),(2,2),(0.,9.999999999999E-05),(
    -1.199966504487,-0.100033495513),.PIECEWISE_BEZIER_KNOTS.);
#3114 = CARTESIAN_POINT('',(-0.652968065906,-0.549966504487,0.9499001));
#3115 = CARTESIAN_POINT('',(-0.652968065906,0.549966504487,0.9499001));
#3116 = CARTESIAN_POINT('',(-0.652968065906,-0.549966504487,0.9500001));
#3117 = CARTESIAN_POINT('',(-0.652968065906,0.549966504487,0.9500001));
#3118 = ADVANCED_FACE('',(#3119),#3129,.F.);
#3119 = FACE_BOUND('',#3120,.T.);
#3120 = EDGE_LOOP('',(#3121,#3122,#3127,#3128));
#3121 = ORIENTED_EDGE('',*,*,#1865,.T.);
#3122 = ORIENTED_EDGE('',*,*,#3123,.F.);
#3123 = EDGE_CURVE('',#2050,#1859,#3124,.T.);
#3124 = B_SPLINE_CURVE_WITH_KNOTS('',1,(#3125,#3126),.UNSPECIFIED.,.F.,
  .F.,(2,2),(-1.199966504487,-0.100033495513),.PIECEWISE_BEZIER_KNOTS.);
#3125 = CARTESIAN_POINT('',(-0.559255056447,-0.549966504487,0.9499001));
#3126 = CARTESIAN_POINT('',(-0.559255056447,0.549966504487,0.9499001));
#3127 = ORIENTED_EDGE('',*,*,#2049,.T.);
#3128 = ORIENTED_EDGE('',*,*,#1462,.T.);
#3129 = B_SPLINE_SURFACE_WITH_KNOTS('',1,1,(
    (#3130,#3131)
    ,(#3132,#3133
    )),.UNSPECIFIED.,.F.,.F.,.F.,(2,2),(2,2),(-9.999999999999E-05,0.),(
    -1.199966504487,-0.100033495513),.PIECEWISE_BEZIER_KNOTS.);
#3130 = CARTESIAN_POINT('',(-0.559255056447,-0.549966504487,0.9500001));
#3131 = CARTESIAN_POINT('',(-0.559255056447,0.549966504487,0.9500001));
#3132 = CARTESIAN_POINT('',(-0.559255056447,-0.549966504487,0.9499001));
#3133 = CARTESIAN_POINT('',(-0.559255056447,0.549966504487,0.9499001));
#3134 = ADVANCED_FACE('',(#3135),#3141,.T.);
#3135 = FACE_BOUND('',#3136,.T.);
#3136 = EDGE_LOOP('',(#3137,#3138,#3139,#3140));
#3137 = ORIENTED_EDGE('',*,*,#3109,.T.);
#3138 = ORIENTED_EDGE('',*,*,#2057,.F.);
#3139 = ORIENTED_EDGE('',*,*,#3123,.T.);
#3140 = ORIENTED_EDGE('',*,*,#1858,.F.);
#3141 = B_SPLINE_SURFACE_WITH_KNOTS('',1,1,(
    (#3142,#3143)
    ,(#3144,#3145
    )),.UNSPECIFIED.,.F.,.F.,.F.,(2,2),(2,2),(-0.652968065906,
    -0.559255056447),(-0.549966504487,0.549966504487),
  .PIECEWISE_BEZIER_KNOTS.);
#3142 = CARTESIAN_POINT('',(-0.652968065906,-0.549966504487,0.9499001));
#3143 = CARTESIAN_POINT('',(-0.652968065906,0.549966504487,0.9499001));
#3144 = CARTESIAN_POINT('',(-0.559255056447,-0.549966504487,0.9499001));
#3145 = CARTESIAN_POINT('',(-0.559255056447,0.549966504487,0.9499001));
#3146 = ADVANCED_FACE('',(#3147),#3169,.F.);
#3147 = FACE_BOUND('',#3148,.T.);
#3148 = EDGE_LOOP('',(#3149,#3150,#3157,#3164));
#3149 = ORIENTED_EDGE('',*,*,#683,.T.);
#3150 = ORIENTED_EDGE('',*,*,#3151,.F.);
#3151 = EDGE_CURVE('',#3152,#675,#3154,.T.);
#3152 = VERTEX_POINT('',#3153);
#3153 = CARTESIAN_POINT('',(-3.293716025103E-02,0.619077790111,
    0.745741585643));
#3154 = B_SPLINE_CURVE_WITH_KNOTS('',1,(#3155,#3156),.UNSPECIFIED.,.F.,
  .F.,(2,2),(0.,9.999999999997E-05),.PIECEWISE_BEZIER_KNOTS.);
#3155 = CARTESIAN_POINT('',(-3.293716025103E-02,0.619077790111,
    0.745741585643));
#3156 = CARTESIAN_POINT('',(-3.293716025103E-02,0.618978763305,
    0.745727668333));
#3157 = ORIENTED_EDGE('',*,*,#3158,.F.);
#3158 = EDGE_CURVE('',#3159,#3152,#3161,.T.);
#3159 = VERTEX_POINT('',#3160);
#3160 = CARTESIAN_POINT('',(-3.288782719589E-02,0.620045851135,
    0.738853473546));
#3161 = B_SPLINE_CURVE_WITH_KNOTS('',1,(#3162,#3163),.UNSPECIFIED.,.F.,
  .F.,(2,2),(-6.955980460135E-03,0.),.PIECEWISE_BEZIER_KNOTS.);
#3162 = CARTESIAN_POINT('',(-3.288782719589E-02,0.620045851135,
    0.738853473546));
#3163 = CARTESIAN_POINT('',(-3.293716025103E-02,0.619077790111,
    0.745741585643));
#3164 = ORIENTED_EDGE('',*,*,#3165,.T.);
#3165 = EDGE_CURVE('',#3159,#684,#3166,.T.);
#3166 = B_SPLINE_CURVE_WITH_KNOTS('',1,(#3167,#3168),.UNSPECIFIED.,.F.,
  .F.,(2,2),(0.,9.999999999997E-05),.PIECEWISE_BEZIER_KNOTS.);
#3167 = CARTESIAN_POINT('',(-3.288782719589E-02,0.620045851135,
    0.738853473546));
#3168 = CARTESIAN_POINT('',(-3.288782719589E-02,0.619946824328,
    0.738839556236));
#3169 = B_SPLINE_SURFACE_WITH_KNOTS('',1,1,(
    (#3170,#3171)
    ,(#3172,#3173
    )),.UNSPECIFIED.,.F.,.F.,.F.,(2,2),(2,2),(0.,6.902205658774E-03),(
    -9.902685511254E-05,9.680614952539E-04),.PIECEWISE_BEZIER_KNOTS.);
#3170 = CARTESIAN_POINT('',(-3.293725799213E-02,0.618978763305,
    0.745741584957));
#3171 = CARTESIAN_POINT('',(-3.293620475872E-02,0.620045851135,
    0.745741592354));
#3172 = CARTESIAN_POINT('',(-3.288878268821E-02,0.618978763305,
    0.738839549525));
#3173 = CARTESIAN_POINT('',(-3.288772945479E-02,0.620045851135,
    0.738839556922));
#3174 = ADVANCED_FACE('',(#3175),#3191,.F.);
#3175 = FACE_BOUND('',#3176,.T.);
#3176 = EDGE_LOOP('',(#3177,#3178,#3185,#3190));
#3177 = ORIENTED_EDGE('',*,*,#674,.T.);
#3178 = ORIENTED_EDGE('',*,*,#3179,.F.);
#3179 = EDGE_CURVE('',#3180,#677,#3182,.T.);
#3180 = VERTEX_POINT('',#3181);
#3181 = CARTESIAN_POINT('',(-8.638628865451E-03,0.619053805874,
    0.745912242358));
#3182 = B_SPLINE_CURVE_WITH_KNOTS('',1,(#3183,#3184),.UNSPECIFIED.,.F.,
  .F.,(2,2),(0.,9.999999999997E-05),.PIECEWISE_BEZIER_KNOTS.);
#3183 = CARTESIAN_POINT('',(-8.638628865451E-03,0.619053805874,
    0.745912242358));
#3184 = CARTESIAN_POINT('',(-8.638628865451E-03,0.618954779067,
    0.745898325048));
#3185 = ORIENTED_EDGE('',*,*,#3186,.F.);
#3186 = EDGE_CURVE('',#3152,#3180,#3187,.T.);
#3187 = B_SPLINE_CURVE_WITH_KNOTS('',1,(#3188,#3189),.UNSPECIFIED.,.F.,
  .F.,(2,2),(-2.42991425045E-02,0.),.PIECEWISE_BEZIER_KNOTS.);
#3188 = CARTESIAN_POINT('',(-3.293716025103E-02,0.619077790111,
    0.745741585643));
#3189 = CARTESIAN_POINT('',(-8.638628865451E-03,0.619053805874,
    0.745912242358));
#3190 = ORIENTED_EDGE('',*,*,#3151,.T.);
#3191 = B_SPLINE_SURFACE_WITH_KNOTS('',1,1,(
    (#3192,#3193)
    ,(#3194,#3195)),.UNSPECIFIED.,.F.,.F.,.F.,(2,2),(2,2),(-1.E-04,0.),(
    -2.42991425045E-02,1.895185397504E-20),.PIECEWISE_BEZIER_KNOTS.);
#3192 = CARTESIAN_POINT('',(-3.293716025103E-02,0.618978763305,
    0.745727668333));
#3193 = CARTESIAN_POINT('',(-8.638628865451E-03,0.618954779067,
    0.745898325048));
#3194 = CARTESIAN_POINT('',(-3.293716025103E-02,0.619077790111,
    0.745741585643));
#3195 = CARTESIAN_POINT('',(-8.638628865451E-03,0.619053805874,
    0.745912242358));
#3196 = ADVANCED_FACE('',(#3197),#3213,.F.);
#3197 = FACE_BOUND('',#3198,.T.);
#3198 = EDGE_LOOP('',(#3199,#3200,#3207,#3212));
#3199 = ORIENTED_EDGE('',*,*,#711,.T.);
#3200 = ORIENTED_EDGE('',*,*,#3201,.F.);
#3201 = EDGE_CURVE('',#3202,#705,#3204,.T.);
#3202 = VERTEX_POINT('',#3203);
#3203 = CARTESIAN_POINT('',(-9.022010858945E-03,0.611530712807,
    0.79944183099));
#3204 = B_SPLINE_CURVE_WITH_KNOTS('',1,(#3205,#3206),.UNSPECIFIED.,.F.,
  .F.,(2,2),(0.,9.999999999997E-05),.PIECEWISE_BEZIER_KNOTS.);
#3205 = CARTESIAN_POINT('',(-9.022010858945E-03,0.611530712807,
    0.79944183099));
#3206 = CARTESIAN_POINT('',(-9.022010858945E-03,0.611431686,
    0.79942791368));
#3207 = ORIENTED_EDGE('',*,*,#3208,.F.);
#3208 = EDGE_CURVE('',#3180,#3202,#3209,.T.);
#3209 = B_SPLINE_CURVE_WITH_KNOTS('',1,(#3210,#3211),.UNSPECIFIED.,.F.,
  .F.,(2,2),(-5.405701406927E-02,0.),.PIECEWISE_BEZIER_KNOTS.);
#3210 = CARTESIAN_POINT('',(-8.638628865451E-03,0.619053805874,
    0.745912242358));
#3211 = CARTESIAN_POINT('',(-9.022010858945E-03,0.611530712807,
    0.79944183099));
#3212 = ORIENTED_EDGE('',*,*,#3179,.T.);
#3213 = B_SPLINE_SURFACE_WITH_KNOTS('',1,1,(
    (#3214,#3215)
    ,(#3216,#3217
    )),.UNSPECIFIED.,.F.,.F.,.F.,(2,2),(2,2),(0.,5.354487796741E-02),(
    -9.902685511254E-05,7.523096732195E-03),.PIECEWISE_BEZIER_KNOTS.);
#3214 = CARTESIAN_POINT('',(-9.022108600049E-03,0.611431686,
    0.799441830303));
#3215 = CARTESIAN_POINT('',(-9.014585441103E-03,0.619053805874,
    0.799441883141));
#3216 = CARTESIAN_POINT('',(-8.646054283293E-03,0.611431686,
    0.745898272897));
#3217 = CARTESIAN_POINT('',(-8.638531124347E-03,0.619053805874,
    0.745898325735));
#3218 = ADVANCED_FACE('',(#3219),#3235,.F.);
#3219 = FACE_BOUND('',#3220,.T.);
#3220 = EDGE_LOOP('',(#3221,#3222,#3229,#3234));
#3221 = ORIENTED_EDGE('',*,*,#704,.T.);
#3222 = ORIENTED_EDGE('',*,*,#3223,.F.);
#3223 = EDGE_CURVE('',#3224,#698,#3226,.T.);
#3224 = VERTEX_POINT('',#3225);
#3225 = CARTESIAN_POINT('',(-1.146042726995E-03,0.611522938712,
    0.799497146549));
#3226 = B_SPLINE_CURVE_WITH_KNOTS('',1,(#3227,#3228),.UNSPECIFIED.,.F.,
  .F.,(2,2),(0.,9.999999999997E-05),.PIECEWISE_BEZIER_KNOTS.);
#3227 = CARTESIAN_POINT('',(-1.146042726995E-03,0.611522938712,
    0.799497146549));
#3228 = CARTESIAN_POINT('',(-1.146042726995E-03,0.611423911905,
    0.799483229239));
#3229 = ORIENTED_EDGE('',*,*,#3230,.F.);
#3230 = EDGE_CURVE('',#3202,#3224,#3231,.T.);
#3231 = B_SPLINE_CURVE_WITH_KNOTS('',1,(#3232,#3233),.UNSPECIFIED.,.F.,
  .F.,(2,2),(-7.876166216068E-03,0.),.PIECEWISE_BEZIER_KNOTS.);
#3232 = CARTESIAN_POINT('',(-9.022010858945E-03,0.611530712807,
    0.79944183099));
#3233 = CARTESIAN_POINT('',(-1.146042726995E-03,0.611522938712,
    0.799497146549));
#3234 = ORIENTED_EDGE('',*,*,#3201,.T.);
#3235 = B_SPLINE_SURFACE_WITH_KNOTS('',1,1,(
    (#3236,#3237)
    ,(#3238,#3239)),.UNSPECIFIED.,.F.,.F.,.F.,(2,2),(2,2),(-1.E-04,0.),(
    -7.876166216068E-03,1.893016993159E-20),.PIECEWISE_BEZIER_KNOTS.);
#3236 = CARTESIAN_POINT('',(-9.022010858945E-03,0.611431686,
    0.79942791368));
#3237 = CARTESIAN_POINT('',(-1.146042726995E-03,0.611423911905,
    0.799483229239));
#3238 = CARTESIAN_POINT('',(-9.022010858945E-03,0.611530712807,
    0.79944183099));
#3239 = CARTESIAN_POINT('',(-1.146042726995E-03,0.611522938712,
    0.799497146549));
#3240 = ADVANCED_FACE('',(#3241),#3257,.F.);
#3241 = FACE_BOUND('',#3242,.T.);
#3242 = EDGE_LOOP('',(#3243,#3244,#3251,#3256));
#3243 = ORIENTED_EDGE('',*,*,#697,.T.);
#3244 = ORIENTED_EDGE('',*,*,#3245,.F.);
#3245 = EDGE_CURVE('',#3246,#691,#3248,.T.);
#3246 = VERTEX_POINT('',#3247);
#3247 = CARTESIAN_POINT('',(-7.133276783651E-04,0.620014092803,
    0.73907944582));
#3248 = B_SPLINE_CURVE_WITH_KNOTS('',1,(#3249,#3250),.UNSPECIFIED.,.F.,
  .F.,(2,2),(0.,1.000000000001E-04),.PIECEWISE_BEZIER_KNOTS.);
#3249 = CARTESIAN_POINT('',(-7.133276783651E-04,0.620014092803,
    0.73907944582));
#3250 = CARTESIAN_POINT('',(-7.133276783651E-04,0.619915065996,
    0.73906552851));
#3251 = ORIENTED_EDGE('',*,*,#3252,.F.);
#3252 = EDGE_CURVE('',#3224,#3246,#3253,.T.);
#3253 = B_SPLINE_CURVE_WITH_KNOTS('',1,(#3254,#3255),.UNSPECIFIED.,.F.,
  .F.,(2,2),(-6.10129945294E-02,0.),.PIECEWISE_BEZIER_KNOTS.);
#3254 = CARTESIAN_POINT('',(-1.146042726995E-03,0.611522938712,
    0.799497146549));
#3255 = CARTESIAN_POINT('',(-7.133276783651E-04,0.620014092803,
    0.73907944582));
#3256 = ORIENTED_EDGE('',*,*,#3223,.T.);
#3257 = B_SPLINE_SURFACE_WITH_KNOTS('',1,1,(
    (#3258,#3259)
    ,(#3260,#3261
    )),.UNSPECIFIED.,.F.,.F.,.F.,(2,2),(2,2),(-1.391696685755E-05,
    6.041924969247E-02),(-8.590185082561E-03,0.),
  .PIECEWISE_BEZIER_KNOTS.);
#3258 = CARTESIAN_POINT('',(-7.21708588521E-04,0.611423911905,
    0.739065469648));
#3259 = CARTESIAN_POINT('',(-7.132299372616E-04,0.620014092803,
    0.739065529197));
#3260 = CARTESIAN_POINT('',(-1.146140468099E-03,0.611423911905,
    0.799497145862));
#3261 = CARTESIAN_POINT('',(-1.137661816839E-03,0.620014092803,
    0.799497205411));
#3262 = ADVANCED_FACE('',(#3263),#3273,.F.);
#3263 = FACE_BOUND('',#3264,.T.);
#3264 = EDGE_LOOP('',(#3265,#3266,#3267,#3272));
#3265 = ORIENTED_EDGE('',*,*,#690,.T.);
#3266 = ORIENTED_EDGE('',*,*,#3165,.F.);
#3267 = ORIENTED_EDGE('',*,*,#3268,.F.);
#3268 = EDGE_CURVE('',#3246,#3159,#3269,.T.);
#3269 = B_SPLINE_CURVE_WITH_KNOTS('',1,(#3270,#3271),.UNSPECIFIED.,.F.,
  .F.,(2,2),(-3.217530872057E-02,0.),.PIECEWISE_BEZIER_KNOTS.);
#3270 = CARTESIAN_POINT('',(-7.133276783651E-04,0.620014092803,
    0.73907944582));
#3271 = CARTESIAN_POINT('',(-3.288782719589E-02,0.620045851135,
    0.738853473546));
#3272 = ORIENTED_EDGE('',*,*,#3245,.T.);
#3273 = B_SPLINE_SURFACE_WITH_KNOTS('',1,1,(
    (#3274,#3275)
    ,(#3276,#3277
    )),.UNSPECIFIED.,.F.,.F.,.F.,(2,2),(2,2),(-8.52047382302E-17,1.E-04)
  ,(-2.288047748771E-19,3.217530872057E-02),.PIECEWISE_BEZIER_KNOTS.);
#3274 = CARTESIAN_POINT('',(-3.288782719589E-02,0.620045851135,
    0.738853473546));
#3275 = CARTESIAN_POINT('',(-7.133276783651E-04,0.620014092803,
    0.73907944582));
#3276 = CARTESIAN_POINT('',(-3.288782719589E-02,0.619946824328,
    0.738839556236));
#3277 = CARTESIAN_POINT('',(-7.133276783651E-04,0.619915065996,
    0.73906552851));
#3278 = ADVANCED_FACE('',(#3279),#3287,.F.);
#3279 = FACE_BOUND('',#3280,.T.);
#3280 = EDGE_LOOP('',(#3281,#3282,#3283,#3284,#3285,#3286));
#3281 = ORIENTED_EDGE('',*,*,#3158,.T.);
#3282 = ORIENTED_EDGE('',*,*,#3186,.T.);
#3283 = ORIENTED_EDGE('',*,*,#3208,.T.);
#3284 = ORIENTED_EDGE('',*,*,#3230,.T.);
#3285 = ORIENTED_EDGE('',*,*,#3252,.T.);
#3286 = ORIENTED_EDGE('',*,*,#3268,.T.);
#3287 = B_SPLINE_SURFACE_WITH_KNOTS('',1,1,(
    (#3288,#3289)
    ,(#3290,#3291
    )),.UNSPECIFIED.,.F.,.F.,.F.,(2,2),(2,2),(-0.706608852562,
    -0.645369199465),(-3.293716025103E-02,-7.133276783636E-04),
  .PIECEWISE_BEZIER_KNOTS.);
#3288 = CARTESIAN_POINT('',(-3.293716025103E-02,0.611522938712,
    0.799497146549));
#3289 = CARTESIAN_POINT('',(-7.133276783651E-04,0.611522938712,
    0.799497146549));
#3290 = CARTESIAN_POINT('',(-3.293716025103E-02,0.620045851135,
    0.738853473546));
#3291 = CARTESIAN_POINT('',(-7.133276783651E-04,0.620045851135,
    0.738853473546));
#3292 = ADVANCED_FACE('',(#3293),#3317,.F.);
#3293 = FACE_BOUND('',#3294,.F.);
#3294 = EDGE_LOOP('',(#3295,#3302,#3311,#3316));
#3295 = ORIENTED_EDGE('',*,*,#3296,.F.);
#3296 = EDGE_CURVE('',#3297,#728,#3299,.T.);
#3297 = VERTEX_POINT('',#3298);
#3298 = CARTESIAN_POINT('',(-6.416605564548E-02,0.620219987662,
    0.737614427773));
#3299 = B_SPLINE_CURVE_WITH_KNOTS('',1,(#3300,#3301),.UNSPECIFIED.,.F.,
  .F.,(2,2),(0.,9.999999999997E-05),.PIECEWISE_BEZIER_KNOTS.);
#3300 = CARTESIAN_POINT('',(-6.416605564548E-02,0.620219987662,
    0.737614427773));
#3301 = CARTESIAN_POINT('',(-6.416605564548E-02,0.620120960855,
    0.737600510463));
#3302 = ORIENTED_EDGE('',*,*,#3303,.T.);
#3303 = EDGE_CURVE('',#3297,#3304,#3306,.T.);
#3304 = VERTEX_POINT('',#3305);
#3305 = CARTESIAN_POINT('',(-8.108171778269E-02,0.619741776418,
    0.741017077581));
#3306 = B_SPLINE_CURVE_WITH_KNOTS('',3,(#3307,#3308,#3309,#3310),
  .UNSPECIFIED.,.F.,.F.,(4,4),(0.,1.),.PIECEWISE_BEZIER_KNOTS.);
#3307 = CARTESIAN_POINT('',(-6.416605564548E-02,0.620219987662,
    0.737614427773));
#3308 = CARTESIAN_POINT('',(-7.093470944602E-02,0.620226668766,
    0.737566889253));
#3309 = CARTESIAN_POINT('',(-7.657326349175E-02,0.620067265018,
    0.738701105856));
#3310 = CARTESIAN_POINT('',(-8.108171778269E-02,0.619741776418,
    0.741017077581));
#3311 = ORIENTED_EDGE('',*,*,#3312,.T.);
#3312 = EDGE_CURVE('',#3304,#719,#3313,.T.);
#3313 = B_SPLINE_CURVE_WITH_KNOTS('',1,(#3314,#3315),.UNSPECIFIED.,.F.,
  .F.,(2,2),(0.,9.999999999997E-05),.PIECEWISE_BEZIER_KNOTS.);
#3314 = CARTESIAN_POINT('',(-8.108171778269E-02,0.619741776418,
    0.741017077581));
#3315 = CARTESIAN_POINT('',(-8.108171778269E-02,0.619642749611,
    0.741003160271));
#3316 = ORIENTED_EDGE('',*,*,#727,.F.);
#3317 = B_SPLINE_SURFACE_WITH_KNOTS('',3,1,(
    (#3318,#3319)
    ,(#3320,#3321)
    ,(#3322,#3323)
    ,(#3324,#3325
    )),.UNSPECIFIED.,.F.,.F.,.F.,(4,4),(2,2),(0.,1.),(0.,1.),
  .PIECEWISE_BEZIER_KNOTS.);
#3318 = CARTESIAN_POINT('',(-6.416605564548E-02,0.620219987662,
    0.737614427773));
#3319 = CARTESIAN_POINT('',(-6.416605564548E-02,0.620120960855,
    0.737600510463));
#3320 = CARTESIAN_POINT('',(-7.093470944602E-02,0.620226668766,
    0.737566889253));
#3321 = CARTESIAN_POINT('',(-7.093470944602E-02,0.620127641959,
    0.737552971943));
#3322 = CARTESIAN_POINT('',(-7.657326349175E-02,0.620067265018,
    0.738701105856));
#3323 = CARTESIAN_POINT('',(-7.657326349175E-02,0.619968238211,
    0.738687188546));
#3324 = CARTESIAN_POINT('',(-8.108171778269E-02,0.619741776418,
    0.741017077581));
#3325 = CARTESIAN_POINT('',(-8.108171778269E-02,0.619642749611,
    0.741003160271));
#3326 = ADVANCED_FACE('',(#3327),#3343,.F.);
#3327 = FACE_BOUND('',#3328,.T.);
#3328 = EDGE_LOOP('',(#3329,#3330,#3337,#3342));
#3329 = ORIENTED_EDGE('',*,*,#718,.T.);
#3330 = ORIENTED_EDGE('',*,*,#3331,.F.);
#3331 = EDGE_CURVE('',#3332,#721,#3334,.T.);
#3332 = VERTEX_POINT('',#3333);
#3333 = CARTESIAN_POINT('',(-8.113525410261E-02,0.618691234859,
    0.748492069185));
#3334 = B_SPLINE_CURVE_WITH_KNOTS('',1,(#3335,#3336),.UNSPECIFIED.,.F.,
  .F.,(2,2),(0.,9.999999999997E-05),.PIECEWISE_BEZIER_KNOTS.);
#3335 = CARTESIAN_POINT('',(-8.113525410261E-02,0.618691234859,
    0.748492069185));
#3336 = CARTESIAN_POINT('',(-8.113525410261E-02,0.618592208052,
    0.748478151875));
#3337 = ORIENTED_EDGE('',*,*,#3338,.F.);
#3338 = EDGE_CURVE('',#3304,#3332,#3339,.T.);
#3339 = B_SPLINE_CURVE_WITH_KNOTS('',1,(#3340,#3341),.UNSPECIFIED.,.F.,
  .F.,(2,2),(-7.548642472592E-03,0.),.PIECEWISE_BEZIER_KNOTS.);
#3340 = CARTESIAN_POINT('',(-8.108171778269E-02,0.619741776418,
    0.741017077581));
#3341 = CARTESIAN_POINT('',(-8.113525410261E-02,0.618691234859,
    0.748492069185));
#3342 = ORIENTED_EDGE('',*,*,#3312,.T.);
#3343 = B_SPLINE_SURFACE_WITH_KNOTS('',1,1,(
    (#3344,#3345)
    ,(#3346,#3347
    )),.UNSPECIFIED.,.F.,.F.,.F.,(2,2),(2,2),(0.,7.489100211157E-03),(
    -9.902685511254E-05,1.050542071105E-03),.PIECEWISE_BEZIER_KNOTS.);
#3344 = CARTESIAN_POINT('',(-8.113535184372E-02,0.618592208052,
    0.748492068498));
#3345 = CARTESIAN_POINT('',(-8.113421720064E-02,0.619741776418,
    0.748492076467));
#3346 = CARTESIAN_POINT('',(-8.108275468466E-02,0.618592208052,
    0.741003152988));
#3347 = CARTESIAN_POINT('',(-8.108162004159E-02,0.619741776418,
    0.741003160957));
#3348 = ADVANCED_FACE('',(#3349),#3367,.F.);
#3349 = FACE_BOUND('',#3350,.F.);
#3350 = EDGE_LOOP('',(#3351,#3352,#3361,#3366));
#3351 = ORIENTED_EDGE('',*,*,#3331,.F.);
#3352 = ORIENTED_EDGE('',*,*,#3353,.T.);
#3353 = EDGE_CURVE('',#3332,#3354,#3356,.T.);
#3354 = VERTEX_POINT('',#3355);
#3355 = CARTESIAN_POINT('',(-6.535433743392E-02,0.619244368257,
    0.74455632055));
#3356 = B_SPLINE_CURVE_WITH_KNOTS('',3,(#3357,#3358,#3359,#3360),
  .UNSPECIFIED.,.F.,.F.,(4,4),(12.,13.),.PIECEWISE_BEZIER_KNOTS.);
#3357 = CARTESIAN_POINT('',(-8.113525410261E-02,0.618691234859,
    0.748492069185));
#3358 = CARTESIAN_POINT('',(-7.665555829555E-02,0.619064506136,
    0.745836106042));
#3359 = CARTESIAN_POINT('',(-7.138998033901E-02,0.619250325831,
    0.744513930211));
#3360 = CARTESIAN_POINT('',(-6.535433743392E-02,0.619244368257,
    0.74455632055));
#3361 = ORIENTED_EDGE('',*,*,#3362,.T.);
#3362 = EDGE_CURVE('',#3354,#825,#3363,.T.);
#3363 = B_SPLINE_CURVE_WITH_KNOTS('',1,(#3364,#3365),.UNSPECIFIED.,.F.,
  .F.,(2,2),(0.,9.999999999997E-05),.PIECEWISE_BEZIER_KNOTS.);
#3364 = CARTESIAN_POINT('',(-6.535433743392E-02,0.619244368257,
    0.74455632055));
#3365 = CARTESIAN_POINT('',(-6.535433743392E-02,0.61914534145,
    0.74454240324));
#3366 = ORIENTED_EDGE('',*,*,#833,.F.);
#3367 = B_SPLINE_SURFACE_WITH_KNOTS('',3,1,(
    (#3368,#3369)
    ,(#3370,#3371)
    ,(#3372,#3373)
    ,(#3374,#3375
    )),.UNSPECIFIED.,.F.,.F.,.F.,(4,4),(2,2),(12.,13.),(0.,1.),
  .PIECEWISE_BEZIER_KNOTS.);
#3368 = CARTESIAN_POINT('',(-8.113525410261E-02,0.618691234859,
    0.748492069185));
#3369 = CARTESIAN_POINT('',(-8.113525410261E-02,0.618592208052,
    0.748478151875));
#3370 = CARTESIAN_POINT('',(-7.665555829555E-02,0.619064506136,
    0.745836106042));
#3371 = CARTESIAN_POINT('',(-7.665555829555E-02,0.618965479329,
    0.745822188732));
#3372 = CARTESIAN_POINT('',(-7.138998033901E-02,0.619250325831,
    0.744513930211));
#3373 = CARTESIAN_POINT('',(-7.138998033901E-02,0.619151299024,
    0.744500012901));
#3374 = CARTESIAN_POINT('',(-6.535433743392E-02,0.619244368257,
    0.74455632055));
#3375 = CARTESIAN_POINT('',(-6.535433743392E-02,0.61914534145,
    0.74454240324));
#3376 = ADVANCED_FACE('',(#3377),#3395,.F.);
#3377 = FACE_BOUND('',#3378,.F.);
#3378 = EDGE_LOOP('',(#3379,#3380,#3389,#3394));
#3379 = ORIENTED_EDGE('',*,*,#3362,.F.);
#3380 = ORIENTED_EDGE('',*,*,#3381,.T.);
#3381 = EDGE_CURVE('',#3354,#3382,#3384,.T.);
#3382 = VERTEX_POINT('',#3383);
#3383 = CARTESIAN_POINT('',(-4.97259532917E-02,0.618334634389,
    0.751029413371));
#3384 = B_SPLINE_CURVE_WITH_KNOTS('',3,(#3385,#3386,#3387,#3388),
  .UNSPECIFIED.,.F.,.F.,(4,4),(11.,12.),.PIECEWISE_BEZIER_KNOTS.);
#3385 = CARTESIAN_POINT('',(-6.535433743392E-02,0.619244368257,
    0.74455632055));
#3386 = CARTESIAN_POINT('',(-5.889760316342E-02,0.619237995039,
    0.744601668355));
#3387 = CARTESIAN_POINT('',(-5.36882155241E-02,0.618933303389,
    0.746769662094));
#3388 = CARTESIAN_POINT('',(-4.97259532917E-02,0.618334634389,
    0.751029413371));
#3389 = ORIENTED_EDGE('',*,*,#3390,.T.);
#3390 = EDGE_CURVE('',#3382,#816,#3391,.T.);
#3391 = B_SPLINE_CURVE_WITH_KNOTS('',1,(#3392,#3393),.UNSPECIFIED.,.F.,
  .F.,(2,2),(0.,9.999999999997E-05),.PIECEWISE_BEZIER_KNOTS.);
#3392 = CARTESIAN_POINT('',(-4.97259532917E-02,0.618334634389,
    0.751029413371));
#3393 = CARTESIAN_POINT('',(-4.97259532917E-02,0.618235607582,
    0.751015496061));
#3394 = ORIENTED_EDGE('',*,*,#824,.F.);
#3395 = B_SPLINE_SURFACE_WITH_KNOTS('',3,1,(
    (#3396,#3397)
    ,(#3398,#3399)
    ,(#3400,#3401)
    ,(#3402,#3403
    )),.UNSPECIFIED.,.F.,.F.,.F.,(4,4),(2,2),(11.,12.),(0.,1.),
  .PIECEWISE_BEZIER_KNOTS.);
#3396 = CARTESIAN_POINT('',(-6.535433743392E-02,0.619244368257,
    0.74455632055));
#3397 = CARTESIAN_POINT('',(-6.535433743392E-02,0.61914534145,
    0.74454240324));
#3398 = CARTESIAN_POINT('',(-5.889760316342E-02,0.619237995039,
    0.744601668355));
#3399 = CARTESIAN_POINT('',(-5.889760316342E-02,0.619138968232,
    0.744587751045));
#3400 = CARTESIAN_POINT('',(-5.36882155241E-02,0.618933303389,
    0.746769662094));
#3401 = CARTESIAN_POINT('',(-5.36882155241E-02,0.618834276582,
    0.746755744784));
#3402 = CARTESIAN_POINT('',(-4.97259532917E-02,0.618334634389,
    0.751029413371));
#3403 = CARTESIAN_POINT('',(-4.97259532917E-02,0.618235607582,
    0.751015496061));
#3404 = ADVANCED_FACE('',(#3405),#3423,.F.);
#3405 = FACE_BOUND('',#3406,.F.);
#3406 = EDGE_LOOP('',(#3407,#3408,#3417,#3422));
#3407 = ORIENTED_EDGE('',*,*,#3390,.F.);
#3408 = ORIENTED_EDGE('',*,*,#3409,.T.);
#3409 = EDGE_CURVE('',#3382,#3410,#3412,.T.);
#3410 = VERTEX_POINT('',#3411);
#3411 = CARTESIAN_POINT('',(-4.386054156633E-02,0.615906399898,
    0.768307199544));
#3412 = B_SPLINE_CURVE_WITH_KNOTS('',3,(#3413,#3414,#3415,#3416),
  .UNSPECIFIED.,.F.,.F.,(4,4),(10.,11.),.PIECEWISE_BEZIER_KNOTS.);
#3413 = CARTESIAN_POINT('',(-4.97259532917E-02,0.618334634389,
    0.751029413371));
#3414 = CARTESIAN_POINT('',(-4.576391228376E-02,0.617731624308,
    0.755320053044));
#3415 = CARTESIAN_POINT('',(-4.380877504211E-02,0.616922212811,
    0.761079315101));
#3416 = CARTESIAN_POINT('',(-4.386054156633E-02,0.615906399898,
    0.768307199544));
#3417 = ORIENTED_EDGE('',*,*,#3418,.T.);
#3418 = EDGE_CURVE('',#3410,#807,#3419,.T.);
#3419 = B_SPLINE_CURVE_WITH_KNOTS('',1,(#3420,#3421),.UNSPECIFIED.,.F.,
  .F.,(2,2),(0.,9.999999999997E-05),.PIECEWISE_BEZIER_KNOTS.);
#3420 = CARTESIAN_POINT('',(-4.386054156633E-02,0.615906399898,
    0.768307199544));
#3421 = CARTESIAN_POINT('',(-4.386054156633E-02,0.615807373091,
    0.768293282234));
#3422 = ORIENTED_EDGE('',*,*,#815,.F.);
#3423 = B_SPLINE_SURFACE_WITH_KNOTS('',3,1,(
    (#3424,#3425)
    ,(#3426,#3427)
    ,(#3428,#3429)
    ,(#3430,#3431
    )),.UNSPECIFIED.,.F.,.F.,.F.,(4,4),(2,2),(10.,11.),(0.,1.),
  .PIECEWISE_BEZIER_KNOTS.);
#3424 = CARTESIAN_POINT('',(-4.97259532917E-02,0.618334634389,
    0.751029413371));
#3425 = CARTESIAN_POINT('',(-4.97259532917E-02,0.618235607582,
    0.751015496061));
#3426 = CARTESIAN_POINT('',(-4.576391228376E-02,0.617731624308,
    0.755320053044));
#3427 = CARTESIAN_POINT('',(-4.576391228376E-02,0.617632597501,
    0.755306135734));
#3428 = CARTESIAN_POINT('',(-4.380877504211E-02,0.616922212811,
    0.761079315101));
#3429 = CARTESIAN_POINT('',(-4.380877504211E-02,0.616823186004,
    0.761065397791));
#3430 = CARTESIAN_POINT('',(-4.386054156633E-02,0.615906399898,
    0.768307199544));
#3431 = CARTESIAN_POINT('',(-4.386054156633E-02,0.615807373091,
    0.768293282234));
#3432 = ADVANCED_FACE('',(#3433),#3451,.F.);
#3433 = FACE_BOUND('',#3434,.F.);
#3434 = EDGE_LOOP('',(#3435,#3436,#3445,#3450));
#3435 = ORIENTED_EDGE('',*,*,#3418,.F.);
#3436 = ORIENTED_EDGE('',*,*,#3437,.T.);
#3437 = EDGE_CURVE('',#3410,#3438,#3440,.T.);
#3438 = VERTEX_POINT('',#3439);
#3439 = CARTESIAN_POINT('',(-5.040056789133E-02,0.61336017141,
    0.786424556639));
#3440 = B_SPLINE_CURVE_WITH_KNOTS('',3,(#3441,#3442,#3443,#3444),
  .UNSPECIFIED.,.F.,.F.,(4,4),(9.,10.),.PIECEWISE_BEZIER_KNOTS.);
#3441 = CARTESIAN_POINT('',(-4.386054156633E-02,0.615906399898,
    0.768307199544));
#3442 = CARTESIAN_POINT('',(-4.391496278411E-02,0.614838494016,
    0.775905744728));
#3443 = CARTESIAN_POINT('',(-4.609497155897E-02,0.613989751186,
    0.78194486376));
#3444 = CARTESIAN_POINT('',(-5.040056789133E-02,0.61336017141,
    0.786424556639));
#3445 = ORIENTED_EDGE('',*,*,#3446,.T.);
#3446 = EDGE_CURVE('',#3438,#798,#3447,.T.);
#3447 = B_SPLINE_CURVE_WITH_KNOTS('',1,(#3448,#3449),.UNSPECIFIED.,.F.,
  .F.,(2,2),(0.,9.999999999997E-05),.PIECEWISE_BEZIER_KNOTS.);
#3448 = CARTESIAN_POINT('',(-5.040056789133E-02,0.61336017141,
    0.786424556639));
#3449 = CARTESIAN_POINT('',(-5.040056789133E-02,0.613261144603,
    0.786410639329));
#3450 = ORIENTED_EDGE('',*,*,#806,.F.);
#3451 = B_SPLINE_SURFACE_WITH_KNOTS('',3,1,(
    (#3452,#3453)
    ,(#3454,#3455)
    ,(#3456,#3457)
    ,(#3458,#3459
    )),.UNSPECIFIED.,.F.,.F.,.F.,(4,4),(2,2),(9.,10.),(0.,1.),
  .PIECEWISE_BEZIER_KNOTS.);
#3452 = CARTESIAN_POINT('',(-4.386054156633E-02,0.615906399898,
    0.768307199544));
#3453 = CARTESIAN_POINT('',(-4.386054156633E-02,0.615807373091,
    0.768293282234));
#3454 = CARTESIAN_POINT('',(-4.391496278411E-02,0.614838494016,
    0.775905744728));
#3455 = CARTESIAN_POINT('',(-4.391496278411E-02,0.614739467209,
    0.775891827418));
#3456 = CARTESIAN_POINT('',(-4.609497155897E-02,0.613989751186,
    0.78194486376));
#3457 = CARTESIAN_POINT('',(-4.609497155897E-02,0.613890724379,
    0.781930946449));
#3458 = CARTESIAN_POINT('',(-5.040056789133E-02,0.61336017141,
    0.786424556639));
#3459 = CARTESIAN_POINT('',(-5.040056789133E-02,0.613261144603,
    0.786410639329));
#3460 = ADVANCED_FACE('',(#3461),#3479,.F.);
#3461 = FACE_BOUND('',#3462,.F.);
#3462 = EDGE_LOOP('',(#3463,#3464,#3473,#3478));
#3463 = ORIENTED_EDGE('',*,*,#3446,.F.);
#3464 = ORIENTED_EDGE('',*,*,#3465,.T.);
#3465 = EDGE_CURVE('',#3438,#3466,#3468,.T.);
#3466 = VERTEX_POINT('',#3467);
#3467 = CARTESIAN_POINT('',(-6.707388454757E-02,0.612434567138,
    0.793010573245));
#3468 = B_SPLINE_CURVE_WITH_KNOTS('',3,(#3469,#3470,#3471,#3472),
  .UNSPECIFIED.,.F.,.F.,(4,4),(8.,9.),.PIECEWISE_BEZIER_KNOTS.);
#3469 = CARTESIAN_POINT('',(-5.040056789133E-02,0.61336017141,
    0.786424556639));
#3470 = CARTESIAN_POINT('',(-5.47215389755E-02,0.612734948108,
    0.790873251588));
#3471 = CARTESIAN_POINT('',(-6.027403879408E-02,0.612427855247,
    0.793058330837));
#3472 = CARTESIAN_POINT('',(-6.707388454757E-02,0.612434567138,
    0.793010573245));
#3473 = ORIENTED_EDGE('',*,*,#3474,.T.);
#3474 = EDGE_CURVE('',#3466,#789,#3475,.T.);
#3475 = B_SPLINE_CURVE_WITH_KNOTS('',1,(#3476,#3477),.UNSPECIFIED.,.F.,
  .F.,(2,2),(0.,9.999999999997E-05),.PIECEWISE_BEZIER_KNOTS.);
#3476 = CARTESIAN_POINT('',(-6.707388454757E-02,0.612434567138,
    0.793010573245));
#3477 = CARTESIAN_POINT('',(-6.707388454757E-02,0.612335540331,
    0.792996655935));
#3478 = ORIENTED_EDGE('',*,*,#797,.F.);
#3479 = B_SPLINE_SURFACE_WITH_KNOTS('',3,1,(
    (#3480,#3481)
    ,(#3482,#3483)
    ,(#3484,#3485)
    ,(#3486,#3487
    )),.UNSPECIFIED.,.F.,.F.,.F.,(4,4),(2,2),(8.,9.),(0.,1.),
  .PIECEWISE_BEZIER_KNOTS.);
#3480 = CARTESIAN_POINT('',(-5.040056789133E-02,0.61336017141,
    0.786424556639));
#3481 = CARTESIAN_POINT('',(-5.040056789133E-02,0.613261144603,
    0.786410639329));
#3482 = CARTESIAN_POINT('',(-5.47215389755E-02,0.612734948108,
    0.790873251588));
#3483 = CARTESIAN_POINT('',(-5.47215389755E-02,0.612635921301,
    0.790859334278));
#3484 = CARTESIAN_POINT('',(-6.027403879408E-02,0.612427855247,
    0.793058330837));
#3485 = CARTESIAN_POINT('',(-6.027403879408E-02,0.61232882844,
    0.793044413527));
#3486 = CARTESIAN_POINT('',(-6.707388454757E-02,0.612434567138,
    0.793010573245));
#3487 = CARTESIAN_POINT('',(-6.707388454757E-02,0.612335540331,
    0.792996655935));
#3488 = ADVANCED_FACE('',(#3489),#3507,.F.);
#3489 = FACE_BOUND('',#3490,.F.);
#3490 = EDGE_LOOP('',(#3491,#3492,#3501,#3506));
#3491 = ORIENTED_EDGE('',*,*,#3474,.F.);
#3492 = ORIENTED_EDGE('',*,*,#3493,.T.);
#3493 = EDGE_CURVE('',#3466,#3494,#3496,.T.);
#3494 = VERTEX_POINT('',#3495);
#3495 = CARTESIAN_POINT('',(-8.142771284202E-02,0.61295232601,
    0.789326527448));
#3496 = B_SPLINE_CURVE_WITH_KNOTS('',3,(#3497,#3498,#3499,#3500),
  .UNSPECIFIED.,.F.,.F.,(4,4),(7.,8.),.PIECEWISE_BEZIER_KNOTS.);
#3497 = CARTESIAN_POINT('',(-6.707388454757E-02,0.612434567138,
    0.793010573245));
#3498 = CARTESIAN_POINT('',(-7.22985366746E-02,0.612439724211,
    0.792973878766));
#3499 = CARTESIAN_POINT('',(-7.707809493037E-02,0.612609411316,
    0.791766492275));
#3500 = CARTESIAN_POINT('',(-8.142771284202E-02,0.61295232601,
    0.789326527448));
#3501 = ORIENTED_EDGE('',*,*,#3502,.T.);
#3502 = EDGE_CURVE('',#3494,#782,#3503,.T.);
#3503 = B_SPLINE_CURVE_WITH_KNOTS('',1,(#3504,#3505),.UNSPECIFIED.,.F.,
  .F.,(2,2),(0.,9.999999999997E-05),.PIECEWISE_BEZIER_KNOTS.);
#3504 = CARTESIAN_POINT('',(-8.142771284202E-02,0.61295232601,
    0.789326527448));
#3505 = CARTESIAN_POINT('',(-8.142771284202E-02,0.612853299203,
    0.789312610138));
#3506 = ORIENTED_EDGE('',*,*,#788,.F.);
#3507 = B_SPLINE_SURFACE_WITH_KNOTS('',3,1,(
    (#3508,#3509)
    ,(#3510,#3511)
    ,(#3512,#3513)
    ,(#3514,#3515
    )),.UNSPECIFIED.,.F.,.F.,.F.,(4,4),(2,2),(7.,8.),(0.,1.),
  .PIECEWISE_BEZIER_KNOTS.);
#3508 = CARTESIAN_POINT('',(-6.707388454757E-02,0.612434567138,
    0.793010573245));
#3509 = CARTESIAN_POINT('',(-6.707388454757E-02,0.612335540331,
    0.792996655935));
#3510 = CARTESIAN_POINT('',(-7.22985366746E-02,0.612439724211,
    0.792973878766));
#3511 = CARTESIAN_POINT('',(-7.22985366746E-02,0.612340697404,
    0.792959961456));
#3512 = CARTESIAN_POINT('',(-7.707809493037E-02,0.612609411316,
    0.791766492275));
#3513 = CARTESIAN_POINT('',(-7.707809493037E-02,0.612510384509,
    0.791752574965));
#3514 = CARTESIAN_POINT('',(-8.142771284202E-02,0.61295232601,
    0.789326527448));
#3515 = CARTESIAN_POINT('',(-8.142771284202E-02,0.612853299203,
    0.789312610138));
#3516 = ADVANCED_FACE('',(#3517),#3533,.F.);
#3517 = FACE_BOUND('',#3518,.T.);
#3518 = EDGE_LOOP('',(#3519,#3520,#3527,#3532));
#3519 = ORIENTED_EDGE('',*,*,#781,.T.);
#3520 = ORIENTED_EDGE('',*,*,#3521,.F.);
#3521 = EDGE_CURVE('',#3522,#773,#3524,.T.);
#3522 = VERTEX_POINT('',#3523);
#3523 = CARTESIAN_POINT('',(-8.148611610012E-02,0.611806280672,
    0.797481063743));
#3524 = B_SPLINE_CURVE_WITH_KNOTS('',1,(#3525,#3526),.UNSPECIFIED.,.F.,
  .F.,(2,2),(0.,9.999999999997E-05),.PIECEWISE_BEZIER_KNOTS.);
#3525 = CARTESIAN_POINT('',(-8.148611610012E-02,0.611806280672,
    0.797481063743));
#3526 = CARTESIAN_POINT('',(-8.148611610012E-02,0.611707253865,
    0.797467146432));
#3527 = ORIENTED_EDGE('',*,*,#3528,.F.);
#3528 = EDGE_CURVE('',#3494,#3522,#3529,.T.);
#3529 = B_SPLINE_CURVE_WITH_KNOTS('',1,(#3530,#3531),.UNSPECIFIED.,.F.,
  .F.,(2,2),(-8.234882696995E-03,0.),.PIECEWISE_BEZIER_KNOTS.);
#3530 = CARTESIAN_POINT('',(-8.142771284202E-02,0.61295232601,
    0.789326527448));
#3531 = CARTESIAN_POINT('',(-8.148611610012E-02,0.611806280672,
    0.797481063743));
#3532 = ORIENTED_EDGE('',*,*,#3502,.T.);
#3533 = B_SPLINE_SURFACE_WITH_KNOTS('',1,1,(
    (#3534,#3535)
    ,(#3536,#3537
    )),.UNSPECIFIED.,.F.,.F.,.F.,(2,2),(2,2),(0.,8.168662323901E-03),(
    -9.902685511254E-05,1.146045895698E-03),.PIECEWISE_BEZIER_KNOTS.);
#3534 = CARTESIAN_POINT('',(-8.148621384122E-02,0.611707253865,
    0.797481063056));
#3535 = CARTESIAN_POINT('',(-8.148498493433E-02,0.61295232601,
    0.797481071687));
#3536 = CARTESIAN_POINT('',(-8.142884400781E-02,0.611707253865,
    0.789312602193));
#3537 = CARTESIAN_POINT('',(-8.142761510092E-02,0.61295232601,
    0.789312610824));
#3538 = ADVANCED_FACE('',(#3539),#3557,.F.);
#3539 = FACE_BOUND('',#3540,.F.);
#3540 = EDGE_LOOP('',(#3541,#3542,#3551,#3556));
#3541 = ORIENTED_EDGE('',*,*,#3521,.F.);
#3542 = ORIENTED_EDGE('',*,*,#3543,.T.);
#3543 = EDGE_CURVE('',#3522,#3544,#3546,.T.);
#3544 = VERTEX_POINT('',#3545);
#3545 = CARTESIAN_POINT('',(-6.704634384241E-02,0.611444723739,
    0.800053674997));
#3546 = B_SPLINE_CURVE_WITH_KNOTS('',3,(#3547,#3548,#3549,#3550),
  .UNSPECIFIED.,.F.,.F.,(4,4),(5.,6.),.PIECEWISE_BEZIER_KNOTS.);
#3547 = CARTESIAN_POINT('',(-8.148611610012E-02,0.611806280672,
    0.797481063743));
#3548 = CARTESIAN_POINT('',(-7.769242273085E-02,0.611572447192,
    0.799144875406));
#3549 = CARTESIAN_POINT('',(-7.287923905303E-02,0.611450481188,
    0.800012708623));
#3550 = CARTESIAN_POINT('',(-6.704634384241E-02,0.611444723739,
    0.800053674997));
#3551 = ORIENTED_EDGE('',*,*,#3552,.T.);
#3552 = EDGE_CURVE('',#3544,#764,#3553,.T.);
#3553 = B_SPLINE_CURVE_WITH_KNOTS('',1,(#3554,#3555),.UNSPECIFIED.,.F.,
  .F.,(2,2),(0.,9.999999999997E-05),.PIECEWISE_BEZIER_KNOTS.);
#3554 = CARTESIAN_POINT('',(-6.704634384241E-02,0.611444723739,
    0.800053674997));
#3555 = CARTESIAN_POINT('',(-6.704634384241E-02,0.611345696932,
    0.800039757687));
#3556 = ORIENTED_EDGE('',*,*,#772,.F.);
#3557 = B_SPLINE_SURFACE_WITH_KNOTS('',3,1,(
    (#3558,#3559)
    ,(#3560,#3561)
    ,(#3562,#3563)
    ,(#3564,#3565
    )),.UNSPECIFIED.,.F.,.F.,.F.,(4,4),(2,2),(5.,6.),(0.,1.),
  .PIECEWISE_BEZIER_KNOTS.);
#3558 = CARTESIAN_POINT('',(-8.148611610012E-02,0.611806280672,
    0.797481063743));
#3559 = CARTESIAN_POINT('',(-8.148611610012E-02,0.611707253865,
    0.797467146432));
#3560 = CARTESIAN_POINT('',(-7.769242273085E-02,0.611572447192,
    0.799144875406));
#3561 = CARTESIAN_POINT('',(-7.769242273085E-02,0.611473420385,
    0.799130958096));
#3562 = CARTESIAN_POINT('',(-7.287923905303E-02,0.611450481188,
    0.800012708623));
#3563 = CARTESIAN_POINT('',(-7.287923905303E-02,0.611351454381,
    0.799998791313));
#3564 = CARTESIAN_POINT('',(-6.704634384241E-02,0.611444723739,
    0.800053674997));
#3565 = CARTESIAN_POINT('',(-6.704634384241E-02,0.611345696932,
    0.800039757687));
#3566 = ADVANCED_FACE('',(#3567),#3585,.F.);
#3567 = FACE_BOUND('',#3568,.F.);
#3568 = EDGE_LOOP('',(#3569,#3570,#3579,#3584));
#3569 = ORIENTED_EDGE('',*,*,#3552,.F.);
#3570 = ORIENTED_EDGE('',*,*,#3571,.T.);
#3571 = EDGE_CURVE('',#3544,#3572,#3574,.T.);
#3572 = VERTEX_POINT('',#3573);
#3573 = CARTESIAN_POINT('',(-4.457121296814E-02,0.612672833483,
    0.791315220109));
#3574 = B_SPLINE_CURVE_WITH_KNOTS('',3,(#3575,#3576,#3577,#3578),
  .UNSPECIFIED.,.F.,.F.,(4,4),(4.,5.),.PIECEWISE_BEZIER_KNOTS.);
#3575 = CARTESIAN_POINT('',(-6.704634384241E-02,0.611444723739,
    0.800053674997));
#3576 = CARTESIAN_POINT('',(-5.798508149664E-02,0.611435779682,
    0.800117315274));
#3577 = CARTESIAN_POINT('',(-5.049337120522E-02,0.611845149596,
    0.797204496978));
#3578 = CARTESIAN_POINT('',(-4.457121296814E-02,0.612672833483,
    0.791315220109));
#3579 = ORIENTED_EDGE('',*,*,#3580,.T.);
#3580 = EDGE_CURVE('',#3572,#755,#3581,.T.);
#3581 = B_SPLINE_CURVE_WITH_KNOTS('',1,(#3582,#3583),.UNSPECIFIED.,.F.,
  .F.,(2,2),(0.,9.999999999997E-05),.PIECEWISE_BEZIER_KNOTS.);
#3582 = CARTESIAN_POINT('',(-4.457121296814E-02,0.612672833483,
    0.791315220109));
#3583 = CARTESIAN_POINT('',(-4.457121296814E-02,0.612573806676,
    0.791301302799));
#3584 = ORIENTED_EDGE('',*,*,#763,.F.);
#3585 = B_SPLINE_SURFACE_WITH_KNOTS('',3,1,(
    (#3586,#3587)
    ,(#3588,#3589)
    ,(#3590,#3591)
    ,(#3592,#3593
    )),.UNSPECIFIED.,.F.,.F.,.F.,(4,4),(2,2),(4.,5.),(0.,1.),
  .PIECEWISE_BEZIER_KNOTS.);
#3586 = CARTESIAN_POINT('',(-6.704634384241E-02,0.611444723739,
    0.800053674997));
#3587 = CARTESIAN_POINT('',(-6.704634384241E-02,0.611345696932,
    0.800039757687));
#3588 = CARTESIAN_POINT('',(-5.798508149664E-02,0.611435779682,
    0.800117315274));
#3589 = CARTESIAN_POINT('',(-5.798508149664E-02,0.611336752875,
    0.800103397964));
#3590 = CARTESIAN_POINT('',(-5.049337120522E-02,0.611845149596,
    0.797204496978));
#3591 = CARTESIAN_POINT('',(-5.049337120522E-02,0.611746122789,
    0.797190579668));
#3592 = CARTESIAN_POINT('',(-4.457121296814E-02,0.612672833483,
    0.791315220109));
#3593 = CARTESIAN_POINT('',(-4.457121296814E-02,0.612573806676,
    0.791301302799));
#3594 = ADVANCED_FACE('',(#3595),#3613,.F.);
#3595 = FACE_BOUND('',#3596,.F.);
#3596 = EDGE_LOOP('',(#3597,#3598,#3607,#3612));
#3597 = ORIENTED_EDGE('',*,*,#3580,.F.);
#3598 = ORIENTED_EDGE('',*,*,#3599,.T.);
#3599 = EDGE_CURVE('',#3572,#3600,#3602,.T.);
#3600 = VERTEX_POINT('',#3601);
#3601 = CARTESIAN_POINT('',(-3.559135565479E-02,0.61596335716,
    0.767901927571));
#3602 = B_SPLINE_CURVE_WITH_KNOTS('',3,(#3603,#3604,#3605,#3606),
  .UNSPECIFIED.,.F.,.F.,(4,4),(3.,4.),.PIECEWISE_BEZIER_KNOTS.);
#3603 = CARTESIAN_POINT('',(-4.457121296814E-02,0.612672833483,
    0.791315220109));
#3604 = CARTESIAN_POINT('',(-3.864905473128E-02,0.61350051737,
    0.78542594324));
#3605 = CARTESIAN_POINT('',(-3.566104136048E-02,0.6145959167,
    0.777631772014));
#3606 = CARTESIAN_POINT('',(-3.559135565479E-02,0.61596335716,
    0.767901927571));
#3607 = ORIENTED_EDGE('',*,*,#3608,.T.);
#3608 = EDGE_CURVE('',#3600,#746,#3609,.T.);
#3609 = B_SPLINE_CURVE_WITH_KNOTS('',1,(#3610,#3611),.UNSPECIFIED.,.F.,
  .F.,(2,2),(0.,9.999999999997E-05),.PIECEWISE_BEZIER_KNOTS.);
#3610 = CARTESIAN_POINT('',(-3.559135565479E-02,0.61596335716,
    0.767901927571));
#3611 = CARTESIAN_POINT('',(-3.559135565479E-02,0.615864330353,
    0.767888010261));
#3612 = ORIENTED_EDGE('',*,*,#754,.F.);
#3613 = B_SPLINE_SURFACE_WITH_KNOTS('',3,1,(
    (#3614,#3615)
    ,(#3616,#3617)
    ,(#3618,#3619)
    ,(#3620,#3621
    )),.UNSPECIFIED.,.F.,.F.,.F.,(4,4),(2,2),(3.,4.),(0.,1.),
  .PIECEWISE_BEZIER_KNOTS.);
#3614 = CARTESIAN_POINT('',(-4.457121296814E-02,0.612672833483,
    0.791315220109));
#3615 = CARTESIAN_POINT('',(-4.457121296814E-02,0.612573806676,
    0.791301302799));
#3616 = CARTESIAN_POINT('',(-3.864905473128E-02,0.61350051737,
    0.78542594324));
#3617 = CARTESIAN_POINT('',(-3.864905473128E-02,0.613401490563,
    0.78541202593));
#3618 = CARTESIAN_POINT('',(-3.566104136048E-02,0.6145959167,
    0.777631772014));
#3619 = CARTESIAN_POINT('',(-3.566104136048E-02,0.614496889893,
    0.777617854704));
#3620 = CARTESIAN_POINT('',(-3.559135565479E-02,0.61596335716,
    0.767901927571));
#3621 = CARTESIAN_POINT('',(-3.559135565479E-02,0.615864330353,
    0.767888010261));
#3622 = ADVANCED_FACE('',(#3623),#3641,.F.);
#3623 = FACE_BOUND('',#3624,.F.);
#3624 = EDGE_LOOP('',(#3625,#3626,#3635,#3640));
#3625 = ORIENTED_EDGE('',*,*,#3608,.F.);
#3626 = ORIENTED_EDGE('',*,*,#3627,.T.);
#3627 = EDGE_CURVE('',#3600,#3628,#3630,.T.);
#3628 = VERTEX_POINT('',#3629);
#3629 = CARTESIAN_POINT('',(-4.326413016232E-02,0.619040229214,
    0.746008845316));
#3630 = B_SPLINE_CURVE_WITH_KNOTS('',3,(#3631,#3632,#3633,#3634),
  .UNSPECIFIED.,.F.,.F.,(4,4),(2.,3.),.PIECEWISE_BEZIER_KNOTS.);
#3631 = CARTESIAN_POINT('',(-3.559135565479E-02,0.61596335716,
    0.767901927571));
#3632 = CARTESIAN_POINT('',(-3.552653688728E-02,0.617235293841,
    0.75885162782));
#3633 = CARTESIAN_POINT('',(-3.807885598941E-02,0.618262359755,
    0.751543674115));
#3634 = CARTESIAN_POINT('',(-4.326413016232E-02,0.619040229214,
    0.746008845316));
#3635 = ORIENTED_EDGE('',*,*,#3636,.T.);
#3636 = EDGE_CURVE('',#3628,#737,#3637,.T.);
#3637 = B_SPLINE_CURVE_WITH_KNOTS('',1,(#3638,#3639),.UNSPECIFIED.,.F.,
  .F.,(2,2),(0.,9.999999999997E-05),.PIECEWISE_BEZIER_KNOTS.);
#3638 = CARTESIAN_POINT('',(-4.326413016232E-02,0.619040229214,
    0.746008845316));
#3639 = CARTESIAN_POINT('',(-4.326413016232E-02,0.618941202407,
    0.745994928005));
#3640 = ORIENTED_EDGE('',*,*,#745,.F.);
#3641 = B_SPLINE_SURFACE_WITH_KNOTS('',3,1,(
    (#3642,#3643)
    ,(#3644,#3645)
    ,(#3646,#3647)
    ,(#3648,#3649
    )),.UNSPECIFIED.,.F.,.F.,.F.,(4,4),(2,2),(2.,3.),(0.,1.),
  .PIECEWISE_BEZIER_KNOTS.);
#3642 = CARTESIAN_POINT('',(-3.559135565479E-02,0.61596335716,
    0.767901927571));
#3643 = CARTESIAN_POINT('',(-3.559135565479E-02,0.615864330353,
    0.767888010261));
#3644 = CARTESIAN_POINT('',(-3.552653688728E-02,0.617235293841,
    0.75885162782));
#3645 = CARTESIAN_POINT('',(-3.552653688728E-02,0.617136267034,
    0.75883771051));
#3646 = CARTESIAN_POINT('',(-3.807885598941E-02,0.618262359755,
    0.751543674115));
#3647 = CARTESIAN_POINT('',(-3.807885598941E-02,0.618163332948,
    0.751529756805));
#3648 = CARTESIAN_POINT('',(-4.326413016232E-02,0.619040229214,
    0.746008845316));
#3649 = CARTESIAN_POINT('',(-4.326413016232E-02,0.618941202407,
    0.745994928005));
#3650 = ADVANCED_FACE('',(#3651),#3663,.F.);
#3651 = FACE_BOUND('',#3652,.F.);
#3652 = EDGE_LOOP('',(#3653,#3654,#3661,#3662));
#3653 = ORIENTED_EDGE('',*,*,#3636,.F.);
#3654 = ORIENTED_EDGE('',*,*,#3655,.T.);
#3655 = EDGE_CURVE('',#3628,#3297,#3656,.T.);
#3656 = B_SPLINE_CURVE_WITH_KNOTS('',3,(#3657,#3658,#3659,#3660),
  .UNSPECIFIED.,.F.,.F.,(4,4),(1.,2.),.PIECEWISE_BEZIER_KNOTS.);
#3657 = CARTESIAN_POINT('',(-4.326413016232E-02,0.619040229214,
    0.746008845316));
#3658 = CARTESIAN_POINT('',(-4.844940433523E-02,0.619818098674,
    0.740474016516));
#3659 = CARTESIAN_POINT('',(-5.541671282955E-02,0.62021135149,
    0.737675877335));
#3660 = CARTESIAN_POINT('',(-6.416605564548E-02,0.620219987662,
    0.737614427773));
#3661 = ORIENTED_EDGE('',*,*,#3296,.T.);
#3662 = ORIENTED_EDGE('',*,*,#736,.F.);
#3663 = B_SPLINE_SURFACE_WITH_KNOTS('',3,1,(
    (#3664,#3665)
    ,(#3666,#3667)
    ,(#3668,#3669)
    ,(#3670,#3671
    )),.UNSPECIFIED.,.F.,.F.,.F.,(4,4),(2,2),(1.,2.),(0.,1.),
  .PIECEWISE_BEZIER_KNOTS.);
#3664 = CARTESIAN_POINT('',(-4.326413016232E-02,0.619040229214,
    0.746008845316));
#3665 = CARTESIAN_POINT('',(-4.326413016232E-02,0.618941202407,
    0.745994928005));
#3666 = CARTESIAN_POINT('',(-4.844940433523E-02,0.619818098674,
    0.740474016516));
#3667 = CARTESIAN_POINT('',(-4.844940433523E-02,0.619719071867,
    0.740460099206));
#3668 = CARTESIAN_POINT('',(-5.541671282955E-02,0.62021135149,
    0.737675877335));
#3669 = CARTESIAN_POINT('',(-5.541671282955E-02,0.620112324683,
    0.737661960025));
#3670 = CARTESIAN_POINT('',(-6.416605564548E-02,0.620219987662,
    0.737614427773));
#3671 = CARTESIAN_POINT('',(-6.416605564548E-02,0.620120960855,
    0.737600510463));
#3672 = ADVANCED_FACE('',(#3673),#3689,.T.);
#3673 = FACE_BOUND('',#3674,.T.);
#3674 = EDGE_LOOP('',(#3675,#3676,#3677,#3678,#3679,#3680,#3681,#3682,
    #3683,#3684,#3685,#3686,#3687,#3688));
#3675 = ORIENTED_EDGE('',*,*,#3303,.T.);
#3676 = ORIENTED_EDGE('',*,*,#3338,.T.);
#3677 = ORIENTED_EDGE('',*,*,#3353,.T.);
#3678 = ORIENTED_EDGE('',*,*,#3381,.T.);
#3679 = ORIENTED_EDGE('',*,*,#3409,.T.);
#3680 = ORIENTED_EDGE('',*,*,#3437,.T.);
#3681 = ORIENTED_EDGE('',*,*,#3465,.T.);
#3682 = ORIENTED_EDGE('',*,*,#3493,.T.);
#3683 = ORIENTED_EDGE('',*,*,#3528,.T.);
#3684 = ORIENTED_EDGE('',*,*,#3543,.T.);
#3685 = ORIENTED_EDGE('',*,*,#3571,.T.);
#3686 = ORIENTED_EDGE('',*,*,#3599,.T.);
#3687 = ORIENTED_EDGE('',*,*,#3627,.T.);
#3688 = ORIENTED_EDGE('',*,*,#3655,.T.);
#3689 = B_SPLINE_SURFACE_WITH_KNOTS('',1,1,(
    (#3690,#3691)
    ,(#3692,#3693
    )),.UNSPECIFIED.,.F.,.F.,.F.,(2,2),(2,2),(-8.710238258967E-04,
    6.229412104268E-02),(-8.014654569934E-03,3.79449246429E-02),
  .PIECEWISE_BEZIER_KNOTS.);
#3690 = CARTESIAN_POINT('',(-8.148611610012E-02,0.620226668766,
    0.737566889253));
#3691 = CARTESIAN_POINT('',(-3.552653688728E-02,0.620226668766,
    0.737566889253));
#3692 = CARTESIAN_POINT('',(-8.148611610012E-02,0.611435779682,
    0.800117315274));
#3693 = CARTESIAN_POINT('',(-3.552653688728E-02,0.611435779682,
    0.800117315274));
#3694 = ADVANCED_FACE('',(#3695),#3717,.F.);
#3695 = FACE_BOUND('',#3696,.T.);
#3696 = EDGE_LOOP('',(#3697,#3698,#3705,#3712));
#3697 = ORIENTED_EDGE('',*,*,#851,.T.);
#3698 = ORIENTED_EDGE('',*,*,#3699,.F.);
#3699 = EDGE_CURVE('',#3700,#843,#3702,.T.);
#3700 = VERTEX_POINT('',#3701);
#3701 = CARTESIAN_POINT('',(-0.126138715809,0.619169786133,
    0.745086999938));
#3702 = B_SPLINE_CURVE_WITH_KNOTS('',1,(#3703,#3704),.UNSPECIFIED.,.F.,
  .F.,(2,2),(0.,1.000000000001E-04),.PIECEWISE_BEZIER_KNOTS.);
#3703 = CARTESIAN_POINT('',(-0.126138715809,0.619169786133,
    0.745086999938));
#3704 = CARTESIAN_POINT('',(-0.126138715809,0.619070759326,
    0.745073082628));
#3705 = ORIENTED_EDGE('',*,*,#3706,.F.);
#3706 = EDGE_CURVE('',#3707,#3700,#3709,.T.);
#3707 = VERTEX_POINT('',#3708);
#3708 = CARTESIAN_POINT('',(-0.126089382754,0.620137847157,
    0.738198887841));
#3709 = B_SPLINE_CURVE_WITH_KNOTS('',1,(#3710,#3711),.UNSPECIFIED.,.F.,
  .F.,(2,2),(-6.955980460135E-03,0.),.PIECEWISE_BEZIER_KNOTS.);
#3710 = CARTESIAN_POINT('',(-0.126089382754,0.620137847157,
    0.738198887841));
#3711 = CARTESIAN_POINT('',(-0.126138715809,0.619169786133,
    0.745086999938));
#3712 = ORIENTED_EDGE('',*,*,#3713,.T.);
#3713 = EDGE_CURVE('',#3707,#852,#3714,.T.);
#3714 = B_SPLINE_CURVE_WITH_KNOTS('',1,(#3715,#3716),.UNSPECIFIED.,.F.,
  .F.,(2,2),(0.,9.999999999997E-05),.PIECEWISE_BEZIER_KNOTS.);
#3715 = CARTESIAN_POINT('',(-0.126089382754,0.620137847157,
    0.738198887841));
#3716 = CARTESIAN_POINT('',(-0.126089382754,0.62003882035,0.738184970531
    ));
#3717 = B_SPLINE_SURFACE_WITH_KNOTS('',1,1,(
    (#3718,#3719)
    ,(#3720,#3721
    )),.UNSPECIFIED.,.F.,.F.,.F.,(2,2),(2,2),(0.,6.902205658774E-03),(
    -9.902685511265E-05,9.680614952539E-04),.PIECEWISE_BEZIER_KNOTS.);
#3718 = CARTESIAN_POINT('',(-0.12613881355,0.619070759326,0.745086999252
    ));
#3719 = CARTESIAN_POINT('',(-0.126137760316,0.620137847157,
    0.745087006649));
#3720 = CARTESIAN_POINT('',(-0.126090338246,0.619070759326,0.73818496382
    ));
#3721 = CARTESIAN_POINT('',(-0.126089285013,0.620137847157,
    0.738184971217));
#3722 = ADVANCED_FACE('',(#3723),#3739,.F.);
#3723 = FACE_BOUND('',#3724,.T.);
#3724 = EDGE_LOOP('',(#3725,#3726,#3733,#3738));
#3725 = ORIENTED_EDGE('',*,*,#842,.T.);
#3726 = ORIENTED_EDGE('',*,*,#3727,.F.);
#3727 = EDGE_CURVE('',#3728,#845,#3730,.T.);
#3728 = VERTEX_POINT('',#3729);
#3729 = CARTESIAN_POINT('',(-0.101200749387,0.619145170732,
    0.745262147619));
#3730 = B_SPLINE_CURVE_WITH_KNOTS('',1,(#3731,#3732),.UNSPECIFIED.,.F.,
  .F.,(2,2),(0.,9.999999999997E-05),.PIECEWISE_BEZIER_KNOTS.);
#3731 = CARTESIAN_POINT('',(-0.101200749387,0.619145170732,
    0.745262147619));
#3732 = CARTESIAN_POINT('',(-0.101200749387,0.619046143925,
    0.745248230309));
#3733 = ORIENTED_EDGE('',*,*,#3734,.F.);
#3734 = EDGE_CURVE('',#3700,#3728,#3735,.T.);
#3735 = B_SPLINE_CURVE_WITH_KNOTS('',1,(#3736,#3737),.UNSPECIFIED.,.F.,
  .F.,(2,2),(-2.493859362272E-02,0.),.PIECEWISE_BEZIER_KNOTS.);
#3736 = CARTESIAN_POINT('',(-0.126138715809,0.619169786133,
    0.745086999938));
#3737 = CARTESIAN_POINT('',(-0.101200749387,0.619145170732,
    0.745262147619));
#3738 = ORIENTED_EDGE('',*,*,#3699,.T.);
#3739 = B_SPLINE_SURFACE_WITH_KNOTS('',1,1,(
    (#3740,#3741)
    ,(#3742,#3743
    )),.UNSPECIFIED.,.F.,.F.,.F.,(2,2),(2,2),(-1.000000000001E-04,
    2.993075622418E-17),(-2.493859362272E-02,1.895185397504E-20),
  .PIECEWISE_BEZIER_KNOTS.);
#3740 = CARTESIAN_POINT('',(-0.126138715809,0.619070759326,
    0.745073082628));
#3741 = CARTESIAN_POINT('',(-0.101200749387,0.619046143925,
    0.745248230309));
#3742 = CARTESIAN_POINT('',(-0.126138715809,0.619169786133,
    0.745086999938));
#3743 = CARTESIAN_POINT('',(-0.101200749387,0.619145170732,
    0.745262147619));
#3744 = ADVANCED_FACE('',(#3745),#3761,.F.);
#3745 = FACE_BOUND('',#3746,.T.);
#3746 = EDGE_LOOP('',(#3747,#3748,#3755,#3760));
#3747 = ORIENTED_EDGE('',*,*,#921,.T.);
#3748 = ORIENTED_EDGE('',*,*,#3749,.F.);
#3749 = EDGE_CURVE('',#3750,#915,#3752,.T.);
#3750 = VERTEX_POINT('',#3751);
#3751 = CARTESIAN_POINT('',(-0.101346315083,0.61628873955,0.765586711566
    ));
#3752 = B_SPLINE_CURVE_WITH_KNOTS('',1,(#3753,#3754),.UNSPECIFIED.,.F.,
  .F.,(2,2),(0.,1.000000000001E-04),.PIECEWISE_BEZIER_KNOTS.);
#3753 = CARTESIAN_POINT('',(-0.101346315083,0.61628873955,0.765586711566
    ));
#3754 = CARTESIAN_POINT('',(-0.101346315083,0.616189712743,
    0.765572794256));
#3755 = ORIENTED_EDGE('',*,*,#3756,.F.);
#3756 = EDGE_CURVE('',#3728,#3750,#3757,.T.);
#3757 = B_SPLINE_CURVE_WITH_KNOTS('',1,(#3758,#3759),.UNSPECIFIED.,.F.,
  .F.,(2,2),(-2.0524821268E-02,0.),.PIECEWISE_BEZIER_KNOTS.);
#3758 = CARTESIAN_POINT('',(-0.101200749387,0.619145170732,
    0.745262147619));
#3759 = CARTESIAN_POINT('',(-0.101346315083,0.61628873955,0.765586711566
    ));
#3760 = ORIENTED_EDGE('',*,*,#3727,.T.);
#3761 = B_SPLINE_SURFACE_WITH_KNOTS('',1,1,(
    (#3762,#3763)
    ,(#3764,#3765
    )),.UNSPECIFIED.,.F.,.F.,.F.,(2,2),(2,2),(0.,2.033900198603E-02),(
    -9.902685511265E-05,2.856432573436E-03),.PIECEWISE_BEZIER_KNOTS.);
#3762 = CARTESIAN_POINT('',(-0.101346412824,0.616189712743,
    0.765586710879));
#3763 = CARTESIAN_POINT('',(-0.101343495738,0.619145170732,
    0.765586731367));
#3764 = CARTESIAN_POINT('',(-0.101203568732,0.616189712743,
    0.745248210508));
#3765 = CARTESIAN_POINT('',(-0.101200651646,0.619145170732,
    0.745248230996));
#3766 = ADVANCED_FACE('',(#3767),#3783,.F.);
#3767 = FACE_BOUND('',#3768,.T.);
#3768 = EDGE_LOOP('',(#3769,#3770,#3777,#3782));
#3769 = ORIENTED_EDGE('',*,*,#914,.T.);
#3770 = ORIENTED_EDGE('',*,*,#3771,.F.);
#3771 = EDGE_CURVE('',#3772,#908,#3774,.T.);
#3772 = VERTEX_POINT('',#3773);
#3773 = CARTESIAN_POINT('',(-0.123165086205,0.616310276101,
    0.765433471037));
#3774 = B_SPLINE_CURVE_WITH_KNOTS('',1,(#3775,#3776),.UNSPECIFIED.,.F.,
  .F.,(2,2),(0.,9.999999999997E-05),.PIECEWISE_BEZIER_KNOTS.);
#3775 = CARTESIAN_POINT('',(-0.123165086205,0.616310276101,
    0.765433471037));
#3776 = CARTESIAN_POINT('',(-0.123165086205,0.616211249295,
    0.765419553726));
#3777 = ORIENTED_EDGE('',*,*,#3778,.F.);
#3778 = EDGE_CURVE('',#3750,#3772,#3779,.T.);
#3779 = B_SPLINE_CURVE_WITH_KNOTS('',1,(#3780,#3781),.UNSPECIFIED.,.F.,
  .F.,(2,2),(-2.181931987379E-02,0.),.PIECEWISE_BEZIER_KNOTS.);
#3780 = CARTESIAN_POINT('',(-0.101346315083,0.61628873955,0.765586711566
    ));
#3781 = CARTESIAN_POINT('',(-0.123165086205,0.616310276101,
    0.765433471037));
#3782 = ORIENTED_EDGE('',*,*,#3749,.T.);
#3783 = B_SPLINE_SURFACE_WITH_KNOTS('',1,1,(
    (#3784,#3785)
    ,(#3786,#3787
    )),.UNSPECIFIED.,.F.,.F.,.F.,(2,2),(2,2),(-8.632620985237E-17,1.E-04
    ),(-2.287783050975E-19,2.181931987379E-02),
  .PIECEWISE_BEZIER_KNOTS.);
#3784 = CARTESIAN_POINT('',(-0.123165086205,0.616310276101,
    0.765433471037));
#3785 = CARTESIAN_POINT('',(-0.101346315083,0.61628873955,0.765586711566
    ));
#3786 = CARTESIAN_POINT('',(-0.123165086205,0.616211249295,
    0.765419553726));
#3787 = CARTESIAN_POINT('',(-0.101346315083,0.616189712743,
    0.765572794256));
#3788 = ADVANCED_FACE('',(#3789),#3805,.F.);
#3789 = FACE_BOUND('',#3790,.T.);
#3790 = EDGE_LOOP('',(#3791,#3792,#3799,#3804));
#3791 = ORIENTED_EDGE('',*,*,#907,.T.);
#3792 = ORIENTED_EDGE('',*,*,#3793,.F.);
#3793 = EDGE_CURVE('',#3794,#901,#3796,.T.);
#3794 = VERTEX_POINT('',#3795);
#3795 = CARTESIAN_POINT('',(-0.123214640485,0.615337873997,
    0.772352471529));
#3796 = B_SPLINE_CURVE_WITH_KNOTS('',1,(#3797,#3798),.UNSPECIFIED.,.F.,
  .F.,(2,2),(0.,9.999999999997E-05),.PIECEWISE_BEZIER_KNOTS.);
#3797 = CARTESIAN_POINT('',(-0.123214640485,0.615337873997,
    0.772352471529));
#3798 = CARTESIAN_POINT('',(-0.123214640485,0.61523884719,0.772338554219
    ));
#3799 = ORIENTED_EDGE('',*,*,#3800,.F.);
#3800 = EDGE_CURVE('',#3772,#3794,#3801,.T.);
#3801 = B_SPLINE_CURVE_WITH_KNOTS('',1,(#3802,#3803),.UNSPECIFIED.,.F.,
  .F.,(2,2),(-6.987173197589E-03,0.),.PIECEWISE_BEZIER_KNOTS.);
#3802 = CARTESIAN_POINT('',(-0.123165086205,0.616310276101,
    0.765433471037));
#3803 = CARTESIAN_POINT('',(-0.123214640485,0.615337873997,
    0.772352471529));
#3804 = ORIENTED_EDGE('',*,*,#3771,.T.);
#3805 = B_SPLINE_SURFACE_WITH_KNOTS('',1,1,(
    (#3806,#3807)
    ,(#3808,#3809
    )),.UNSPECIFIED.,.F.,.F.,.F.,(2,2),(2,2),(0.,6.933094845699E-03),(
    -9.902685511254E-05,9.724025781873E-04),.PIECEWISE_BEZIER_KNOTS.);
#3806 = CARTESIAN_POINT('',(-0.123214738226,0.61523884719,0.772352470842
    ));
#3807 = CARTESIAN_POINT('',(-0.123213680708,0.616310276101,0.77235247827
    ));
#3808 = CARTESIAN_POINT('',(-0.123166045982,0.61523884719,0.765419546986
    ));
#3809 = CARTESIAN_POINT('',(-0.123164988464,0.616310276101,
    0.765419554413));
#3810 = ADVANCED_FACE('',(#3811),#3827,.F.);
#3811 = FACE_BOUND('',#3812,.T.);
#3812 = EDGE_LOOP('',(#3813,#3814,#3821,#3826));
#3813 = ORIENTED_EDGE('',*,*,#900,.T.);
#3814 = ORIENTED_EDGE('',*,*,#3815,.F.);
#3815 = EDGE_CURVE('',#3816,#894,#3818,.T.);
#3816 = VERTEX_POINT('',#3817);
#3817 = CARTESIAN_POINT('',(-0.101395869363,0.615316337445,
    0.772505712058));
#3818 = B_SPLINE_CURVE_WITH_KNOTS('',1,(#3819,#3820),.UNSPECIFIED.,.F.,
  .F.,(2,2),(0.,9.999999999997E-05),.PIECEWISE_BEZIER_KNOTS.);
#3819 = CARTESIAN_POINT('',(-0.101395869363,0.615316337445,
    0.772505712058));
#3820 = CARTESIAN_POINT('',(-0.101395869363,0.615217310638,
    0.772491794748));
#3821 = ORIENTED_EDGE('',*,*,#3822,.F.);
#3822 = EDGE_CURVE('',#3794,#3816,#3823,.T.);
#3823 = B_SPLINE_CURVE_WITH_KNOTS('',1,(#3824,#3825),.UNSPECIFIED.,.F.,
  .F.,(2,2),(-2.181931987379E-02,0.),.PIECEWISE_BEZIER_KNOTS.);
#3824 = CARTESIAN_POINT('',(-0.123214640485,0.615337873997,
    0.772352471529));
#3825 = CARTESIAN_POINT('',(-0.101395869363,0.615316337445,
    0.772505712058));
#3826 = ORIENTED_EDGE('',*,*,#3793,.T.);
#3827 = B_SPLINE_SURFACE_WITH_KNOTS('',1,1,(
    (#3828,#3829)
    ,(#3830,#3831
    )),.UNSPECIFIED.,.F.,.F.,.F.,(2,2),(2,2),(-9.999999999997E-05,
    5.468922155875E-17),(-2.181931987379E-02,1.897353801849E-20),
  .PIECEWISE_BEZIER_KNOTS.);
#3828 = CARTESIAN_POINT('',(-0.123214640485,0.61523884719,0.772338554219
    ));
#3829 = CARTESIAN_POINT('',(-0.101395869363,0.615217310638,
    0.772491794748));
#3830 = CARTESIAN_POINT('',(-0.123214640485,0.615337873997,
    0.772352471529));
#3831 = CARTESIAN_POINT('',(-0.101395869363,0.615316337445,
    0.772505712058));
#3832 = ADVANCED_FACE('',(#3833),#3849,.F.);
#3833 = FACE_BOUND('',#3834,.T.);
#3834 = EDGE_LOOP('',(#3835,#3836,#3843,#3848));
#3835 = ORIENTED_EDGE('',*,*,#893,.T.);
#3836 = ORIENTED_EDGE('',*,*,#3837,.F.);
#3837 = EDGE_CURVE('',#3838,#887,#3840,.T.);
#3838 = VERTEX_POINT('',#3839);
#3839 = CARTESIAN_POINT('',(-0.101534355876,0.612598820849,
    0.791841847363));
#3840 = B_SPLINE_CURVE_WITH_KNOTS('',1,(#3841,#3842),.UNSPECIFIED.,.F.,
  .F.,(2,2),(0.,9.999999999997E-05),.PIECEWISE_BEZIER_KNOTS.);
#3841 = CARTESIAN_POINT('',(-0.101534355876,0.612598820849,
    0.791841847363));
#3842 = CARTESIAN_POINT('',(-0.101534355876,0.612499794043,
    0.791827930053));
#3843 = ORIENTED_EDGE('',*,*,#3844,.F.);
#3844 = EDGE_CURVE('',#3816,#3838,#3845,.T.);
#3845 = B_SPLINE_CURVE_WITH_KNOTS('',1,(#3846,#3847),.UNSPECIFIED.,.F.,
  .F.,(2,2),(-1.952665366864E-02,0.),.PIECEWISE_BEZIER_KNOTS.);
#3846 = CARTESIAN_POINT('',(-0.101395869363,0.615316337445,
    0.772505712058));
#3847 = CARTESIAN_POINT('',(-0.101534355876,0.612598820849,
    0.791841847363));
#3848 = ORIENTED_EDGE('',*,*,#3815,.T.);
#3849 = B_SPLINE_SURFACE_WITH_KNOTS('',1,1,(
    (#3850,#3851)
    ,(#3852,#3853
    )),.UNSPECIFIED.,.F.,.F.,.F.,(2,2),(2,2),(0.,1.935054800363E-02),(
    -9.902685511254E-05,2.717517919451E-03),.PIECEWISE_BEZIER_KNOTS.);
#3850 = CARTESIAN_POINT('',(-0.101534453618,0.612499794043,
    0.791841846677));
#3851 = CARTESIAN_POINT('',(-0.101531673642,0.615316337445,
    0.791841866201));
#3852 = CARTESIAN_POINT('',(-0.101398551597,0.612499794043,0.77249177591
    ));
#3853 = CARTESIAN_POINT('',(-0.101395771622,0.615316337445,
    0.772491795434));
#3854 = ADVANCED_FACE('',(#3855),#3871,.F.);
#3855 = FACE_BOUND('',#3856,.T.);
#3856 = EDGE_LOOP('',(#3857,#3858,#3865,#3870));
#3857 = ORIENTED_EDGE('',*,*,#886,.T.);
#3858 = ORIENTED_EDGE('',*,*,#3859,.F.);
#3859 = EDGE_CURVE('',#3860,#880,#3862,.T.);
#3860 = VERTEX_POINT('',#3861);
#3861 = CARTESIAN_POINT('',(-0.12508428039,0.612622066163,0.791676448365
    ));
#3862 = B_SPLINE_CURVE_WITH_KNOTS('',1,(#3863,#3864),.UNSPECIFIED.,.F.,
  .F.,(2,2),(0.,9.999999999997E-05),.PIECEWISE_BEZIER_KNOTS.);
#3863 = CARTESIAN_POINT('',(-0.12508428039,0.612622066163,0.791676448365
    ));
#3864 = CARTESIAN_POINT('',(-0.12508428039,0.612523039356,0.791662531054
    ));
#3865 = ORIENTED_EDGE('',*,*,#3866,.F.);
#3866 = EDGE_CURVE('',#3838,#3860,#3867,.T.);
#3867 = B_SPLINE_CURVE_WITH_KNOTS('',1,(#3868,#3869),.UNSPECIFIED.,.F.,
  .F.,(2,2),(-2.355051680457E-02,0.),.PIECEWISE_BEZIER_KNOTS.);
#3868 = CARTESIAN_POINT('',(-0.101534355876,0.612598820849,
    0.791841847363));
#3869 = CARTESIAN_POINT('',(-0.12508428039,0.612622066163,0.791676448365
    ));
#3870 = ORIENTED_EDGE('',*,*,#3837,.T.);
#3871 = B_SPLINE_SURFACE_WITH_KNOTS('',1,1,(
    (#3872,#3873)
    ,(#3874,#3875
    )),.UNSPECIFIED.,.F.,.F.,.F.,(2,2),(2,2),(-9.897071768898E-17,
    9.999999999997E-05),(-2.288047748771E-19,2.355051680457E-02),
  .PIECEWISE_BEZIER_KNOTS.);
#3872 = CARTESIAN_POINT('',(-0.12508428039,0.612622066163,0.791676448365
    ));
#3873 = CARTESIAN_POINT('',(-0.101534355876,0.612598820849,
    0.791841847363));
#3874 = CARTESIAN_POINT('',(-0.12508428039,0.612523039356,0.791662531054
    ));
#3875 = CARTESIAN_POINT('',(-0.101534355876,0.612499794043,
    0.791827930053));
#3876 = ADVANCED_FACE('',(#3877),#3893,.F.);
#3877 = FACE_BOUND('',#3878,.T.);
#3878 = EDGE_LOOP('',(#3879,#3880,#3887,#3892));
#3879 = ORIENTED_EDGE('',*,*,#879,.T.);
#3880 = ORIENTED_EDGE('',*,*,#3881,.F.);
#3881 = EDGE_CURVE('',#3882,#873,#3884,.T.);
#3882 = VERTEX_POINT('',#3883);
#3883 = CARTESIAN_POINT('',(-0.125134055894,0.611645322977,
    0.798626337252));
#3884 = B_SPLINE_CURVE_WITH_KNOTS('',1,(#3885,#3886),.UNSPECIFIED.,.F.,
  .F.,(2,2),(0.,9.999999999997E-05),.PIECEWISE_BEZIER_KNOTS.);
#3885 = CARTESIAN_POINT('',(-0.125134055894,0.611645322977,
    0.798626337252));
#3886 = CARTESIAN_POINT('',(-0.125134055894,0.611546296171,
    0.798612419942));
#3887 = ORIENTED_EDGE('',*,*,#3888,.F.);
#3888 = EDGE_CURVE('',#3860,#3882,#3889,.T.);
#3889 = B_SPLINE_CURVE_WITH_KNOTS('',1,(#3890,#3891),.UNSPECIFIED.,.F.,
  .F.,(2,2),(-7.018365935043E-03,0.),.PIECEWISE_BEZIER_KNOTS.);
#3890 = CARTESIAN_POINT('',(-0.12508428039,0.612622066163,0.791676448365
    ));
#3891 = CARTESIAN_POINT('',(-0.125134055894,0.611645322977,
    0.798626337252));
#3892 = ORIENTED_EDGE('',*,*,#3859,.T.);
#3893 = B_SPLINE_SURFACE_WITH_KNOTS('',1,1,(
    (#3894,#3895)
    ,(#3896,#3897
    )),.UNSPECIFIED.,.F.,.F.,.F.,(2,2),(2,2),(0.,6.963984032623E-03),(
    -9.902685511254E-05,9.767436611208E-04),.PIECEWISE_BEZIER_KNOTS.);
#3894 = CARTESIAN_POINT('',(-0.125134153635,0.611546296171,
    0.798626336565));
#3895 = CARTESIAN_POINT('',(-0.125133091832,0.612622066163,
    0.798626344023));
#3896 = CARTESIAN_POINT('',(-0.125085244452,0.611546296171,
    0.791662524283));
#3897 = CARTESIAN_POINT('',(-0.125084182649,0.612622066163,
    0.791662531741));
#3898 = ADVANCED_FACE('',(#3899),#3915,.F.);
#3899 = FACE_BOUND('',#3900,.T.);
#3900 = EDGE_LOOP('',(#3901,#3902,#3909,#3914));
#3901 = ORIENTED_EDGE('',*,*,#872,.T.);
#3902 = ORIENTED_EDGE('',*,*,#3903,.F.);
#3903 = EDGE_CURVE('',#3904,#866,#3906,.T.);
#3904 = VERTEX_POINT('',#3905);
#3905 = CARTESIAN_POINT('',(-9.370816324857E-02,0.611614303569,
    0.79884705181));
#3906 = B_SPLINE_CURVE_WITH_KNOTS('',1,(#3907,#3908),.UNSPECIFIED.,.F.,
  .F.,(2,2),(0.,9.999999999997E-05),.PIECEWISE_BEZIER_KNOTS.);
#3907 = CARTESIAN_POINT('',(-9.370816324857E-02,0.611614303569,
    0.79884705181));
#3908 = CARTESIAN_POINT('',(-9.370816324857E-02,0.611515276762,
    0.798833134499));
#3909 = ORIENTED_EDGE('',*,*,#3910,.F.);
#3910 = EDGE_CURVE('',#3882,#3904,#3911,.T.);
#3911 = B_SPLINE_CURVE_WITH_KNOTS('',1,(#3912,#3913),.UNSPECIFIED.,.F.,
  .F.,(2,2),(-3.142668302063E-02,0.),.PIECEWISE_BEZIER_KNOTS.);
#3912 = CARTESIAN_POINT('',(-0.125134055894,0.611645322977,
    0.798626337252));
#3913 = CARTESIAN_POINT('',(-9.370816324857E-02,0.611614303569,
    0.79884705181));
#3914 = ORIENTED_EDGE('',*,*,#3881,.T.);
#3915 = B_SPLINE_SURFACE_WITH_KNOTS('',1,1,(
    (#3916,#3917)
    ,(#3918,#3919
    )),.UNSPECIFIED.,.F.,.F.,.F.,(2,2),(2,2),(-1.E-04,1.029682373311E-17
    ),(-3.142668302063E-02,1.890848588814E-20),
  .PIECEWISE_BEZIER_KNOTS.);
#3916 = CARTESIAN_POINT('',(-0.125134055894,0.611546296171,
    0.798612419942));
#3917 = CARTESIAN_POINT('',(-9.370816324857E-02,0.611515276762,
    0.798833134499));
#3918 = CARTESIAN_POINT('',(-0.125134055894,0.611645322977,
    0.798626337252));
#3919 = CARTESIAN_POINT('',(-9.370816324857E-02,0.611614303569,
    0.79884705181));
#3920 = ADVANCED_FACE('',(#3921),#3937,.F.);
#3921 = FACE_BOUND('',#3922,.T.);
#3922 = EDGE_LOOP('',(#3923,#3924,#3931,#3936));
#3923 = ORIENTED_EDGE('',*,*,#865,.T.);
#3924 = ORIENTED_EDGE('',*,*,#3925,.F.);
#3925 = EDGE_CURVE('',#3926,#859,#3928,.T.);
#3926 = VERTEX_POINT('',#3927);
#3927 = CARTESIAN_POINT('',(-9.327544819994E-02,0.62010545766,
    0.738429351081));
#3928 = B_SPLINE_CURVE_WITH_KNOTS('',1,(#3929,#3930),.UNSPECIFIED.,.F.,
  .F.,(2,2),(0.,1.000000000001E-04),.PIECEWISE_BEZIER_KNOTS.);
#3929 = CARTESIAN_POINT('',(-9.327544819994E-02,0.62010545766,
    0.738429351081));
#3930 = CARTESIAN_POINT('',(-9.327544819994E-02,0.620006430854,
    0.738415433771));
#3931 = ORIENTED_EDGE('',*,*,#3932,.F.);
#3932 = EDGE_CURVE('',#3904,#3926,#3933,.T.);
#3933 = B_SPLINE_CURVE_WITH_KNOTS('',1,(#3934,#3935),.UNSPECIFIED.,.F.,
  .F.,(2,2),(-6.10129945294E-02,0.),.PIECEWISE_BEZIER_KNOTS.);
#3934 = CARTESIAN_POINT('',(-9.370816324857E-02,0.611614303569,
    0.79884705181));
#3935 = CARTESIAN_POINT('',(-9.327544819994E-02,0.62010545766,
    0.738429351081));
#3936 = ORIENTED_EDGE('',*,*,#3903,.T.);
#3937 = B_SPLINE_SURFACE_WITH_KNOTS('',1,1,(
    (#3938,#3939)
    ,(#3940,#3941
    )),.UNSPECIFIED.,.F.,.F.,.F.,(2,2),(2,2),(-1.391696685755E-05,
    6.041924969247E-02),(-8.590185082561E-03,0.),
  .PIECEWISE_BEZIER_KNOTS.);
#3938 = CARTESIAN_POINT('',(-9.32838291101E-02,0.611515276762,
    0.738415374909));
#3939 = CARTESIAN_POINT('',(-9.327535045884E-02,0.62010545766,
    0.738415434457));
#3940 = CARTESIAN_POINT('',(-9.370826098968E-02,0.611515276762,
    0.798847051123));
#3941 = CARTESIAN_POINT('',(-9.369978233842E-02,0.62010545766,
    0.798847110671));
#3942 = ADVANCED_FACE('',(#3943),#3953,.F.);
#3943 = FACE_BOUND('',#3944,.T.);
#3944 = EDGE_LOOP('',(#3945,#3946,#3947,#3952));
#3945 = ORIENTED_EDGE('',*,*,#858,.T.);
#3946 = ORIENTED_EDGE('',*,*,#3713,.F.);
#3947 = ORIENTED_EDGE('',*,*,#3948,.F.);
#3948 = EDGE_CURVE('',#3926,#3707,#3949,.T.);
#3949 = B_SPLINE_CURVE_WITH_KNOTS('',1,(#3950,#3951),.UNSPECIFIED.,.F.,
  .F.,(2,2),(-3.281475983879E-02,0.),.PIECEWISE_BEZIER_KNOTS.);
#3950 = CARTESIAN_POINT('',(-9.327544819994E-02,0.62010545766,
    0.738429351081));
#3951 = CARTESIAN_POINT('',(-0.126089382754,0.620137847157,
    0.738198887841));
#3952 = ORIENTED_EDGE('',*,*,#3925,.T.);
#3953 = B_SPLINE_SURFACE_WITH_KNOTS('',1,1,(
    (#3954,#3955)
    ,(#3956,#3957
    )),.UNSPECIFIED.,.F.,.F.,.F.,(2,2),(2,2),(0.,1.000000000001E-04),(
    -2.287386004281E-19,3.281475983879E-02),.PIECEWISE_BEZIER_KNOTS.);
#3954 = CARTESIAN_POINT('',(-0.126089382754,0.620137847157,
    0.738198887841));
#3955 = CARTESIAN_POINT('',(-9.327544819994E-02,0.62010545766,
    0.738429351081));
#3956 = CARTESIAN_POINT('',(-0.126089382754,0.62003882035,0.738184970531
    ));
#3957 = CARTESIAN_POINT('',(-9.327544819994E-02,0.620006430854,
    0.738415433771));
#3958 = ADVANCED_FACE('',(#3959),#3973,.F.);
#3959 = FACE_BOUND('',#3960,.T.);
#3960 = EDGE_LOOP('',(#3961,#3962,#3963,#3964,#3965,#3966,#3967,#3968,
    #3969,#3970,#3971,#3972));
#3961 = ORIENTED_EDGE('',*,*,#3706,.T.);
#3962 = ORIENTED_EDGE('',*,*,#3734,.T.);
#3963 = ORIENTED_EDGE('',*,*,#3756,.T.);
#3964 = ORIENTED_EDGE('',*,*,#3778,.T.);
#3965 = ORIENTED_EDGE('',*,*,#3800,.T.);
#3966 = ORIENTED_EDGE('',*,*,#3822,.T.);
#3967 = ORIENTED_EDGE('',*,*,#3844,.T.);
#3968 = ORIENTED_EDGE('',*,*,#3866,.T.);
#3969 = ORIENTED_EDGE('',*,*,#3888,.T.);
#3970 = ORIENTED_EDGE('',*,*,#3910,.T.);
#3971 = ORIENTED_EDGE('',*,*,#3932,.T.);
#3972 = ORIENTED_EDGE('',*,*,#3948,.T.);
#3973 = B_SPLINE_SURFACE_WITH_KNOTS('',1,1,(
    (#3974,#3975)
    ,(#3976,#3977
    )),.UNSPECIFIED.,.F.,.F.,.F.,(2,2),(2,2),(-0.705952368969,
    -0.644708180771),(-0.126138715809,-9.327544819994E-02),
  .PIECEWISE_BEZIER_KNOTS.);
#3974 = CARTESIAN_POINT('',(-0.126138715809,0.611614303569,0.79884705181
    ));
#3975 = CARTESIAN_POINT('',(-9.327544819994E-02,0.611614303569,
    0.79884705181));
#3976 = CARTESIAN_POINT('',(-0.126138715809,0.620137847157,
    0.738198887841));
#3977 = CARTESIAN_POINT('',(-9.327544819994E-02,0.620137847157,
    0.738198887841));
#3978 = ADVANCED_FACE('',(#3979,#4038),#4097,.T.);
#3979 = FACE_BOUND('',#3980,.T.);
#3980 = EDGE_LOOP('',(#3981,#3990,#3999,#4008,#4017,#4026,#4033));
#3981 = ORIENTED_EDGE('',*,*,#3982,.T.);
#3982 = EDGE_CURVE('',#3983,#3985,#3987,.T.);
#3983 = VERTEX_POINT('',#3984);
#3984 = CARTESIAN_POINT('',(-0.137614809387,0.620149223505,
    0.738117940914));
#3985 = VERTEX_POINT('',#3986);
#3986 = CARTESIAN_POINT('',(-0.154396080099,0.620165787715,
    0.738000080435));
#3987 = B_SPLINE_CURVE_WITH_KNOTS('',1,(#3988,#3989),.UNSPECIFIED.,.F.,
  .F.,(2,2),(-1.678169276936E-02,-7.79727162418E-19),
  .PIECEWISE_BEZIER_KNOTS.);
#3988 = CARTESIAN_POINT('',(-0.137614809387,0.620149223505,
    0.738117940914));
#3989 = CARTESIAN_POINT('',(-0.154396080099,0.620165787715,
    0.738000080435));
#3990 = ORIENTED_EDGE('',*,*,#3991,.T.);
#3991 = EDGE_CURVE('',#3985,#3992,#3994,.T.);
#3992 = VERTEX_POINT('',#3993);
#3993 = CARTESIAN_POINT('',(-0.178146983904,0.618999715431,0.74629711586
    ));
#3994 = B_SPLINE_CURVE_WITH_KNOTS('',3,(#3995,#3996,#3997,#3998),
  .UNSPECIFIED.,.F.,.F.,(4,4),(5.,6.),.PIECEWISE_BEZIER_KNOTS.);
#3995 = CARTESIAN_POINT('',(-0.154396080099,0.620165787715,
    0.738000080435));
#3996 = CARTESIAN_POINT('',(-0.164049989552,0.620175316754,
    0.737932277799));
#3997 = CARTESIAN_POINT('',(-0.171977281063,0.619788083283,
    0.740687587119));
#3998 = CARTESIAN_POINT('',(-0.178146983904,0.618999715431,0.74629711586
    ));
#3999 = ORIENTED_EDGE('',*,*,#4000,.T.);
#4000 = EDGE_CURVE('',#3992,#4001,#4003,.T.);
#4001 = VERTEX_POINT('',#4002);
#4002 = CARTESIAN_POINT('',(-0.187509882672,0.615844150116,
    0.768750129757));
#4003 = B_SPLINE_CURVE_WITH_KNOTS('',3,(#4004,#4005,#4006,#4007),
  .UNSPECIFIED.,.F.,.F.,(4,4),(4.,5.),.PIECEWISE_BEZIER_KNOTS.);
#4004 = CARTESIAN_POINT('',(-0.178146983904,0.618999715431,0.74629711586
    ));
#4005 = CARTESIAN_POINT('',(-0.184316686745,0.61821134758,0.751906644601
    ));
#4006 = CARTESIAN_POINT('',(-0.187442851659,0.617159497606,
    0.759390946055));
#4007 = CARTESIAN_POINT('',(-0.187509882672,0.615844150116,
    0.768750129757));
#4008 = ORIENTED_EDGE('',*,*,#4009,.T.);
#4009 = EDGE_CURVE('',#4001,#4010,#4012,.T.);
#4010 = VERTEX_POINT('',#4011);
#4011 = CARTESIAN_POINT('',(-0.178461786314,0.612822357419,
    0.790251302024));
#4012 = B_SPLINE_CURVE_WITH_KNOTS('',3,(#4013,#4014,#4015,#4016),
  .UNSPECIFIED.,.F.,.F.,(4,4),(3.,4.),.PIECEWISE_BEZIER_KNOTS.);
#4013 = CARTESIAN_POINT('',(-0.187509882672,0.615844150116,
    0.768750129757));
#4014 = CARTESIAN_POINT('',(-0.187574037766,0.614585236678,
    0.777707764323));
#4015 = CARTESIAN_POINT('',(-0.184552733246,0.613579414341,
    0.784864562125));
#4016 = CARTESIAN_POINT('',(-0.178461786314,0.612822357419,
    0.790251302024));
#4017 = ORIENTED_EDGE('',*,*,#4018,.T.);
#4018 = EDGE_CURVE('',#4010,#4019,#4021,.T.);
#4019 = VERTEX_POINT('',#4020);
#4020 = CARTESIAN_POINT('',(-0.155452634208,0.611675249394,
    0.798413399733));
#4021 = B_SPLINE_CURVE_WITH_KNOTS('',3,(#4022,#4023,#4024,#4025),
  .UNSPECIFIED.,.F.,.F.,(4,4),(2.,3.),.PIECEWISE_BEZIER_KNOTS.);
#4022 = CARTESIAN_POINT('',(-0.178461786314,0.612822357419,
    0.790251302024));
#4023 = CARTESIAN_POINT('',(-0.172370839382,0.612065300497,
    0.795638041923));
#4024 = CARTESIAN_POINT('',(-0.164701048272,0.611684378183,
    0.798348445027));
#4025 = CARTESIAN_POINT('',(-0.155452634208,0.611675249394,
    0.798413399733));
#4026 = ORIENTED_EDGE('',*,*,#4027,.T.);
#4027 = EDGE_CURVE('',#4019,#4028,#4030,.T.);
#4028 = VERTEX_POINT('',#4029);
#4029 = CARTESIAN_POINT('',(-0.138047524435,0.611658069414,
    0.798535641642));
#4030 = B_SPLINE_CURVE_WITH_KNOTS('',1,(#4031,#4032),.UNSPECIFIED.,.F.,
  .F.,(2,2),(-1.740554751927E-02,0.),.PIECEWISE_BEZIER_KNOTS.);
#4031 = CARTESIAN_POINT('',(-0.155452634208,0.611675249394,
    0.798413399733));
#4032 = CARTESIAN_POINT('',(-0.138047524435,0.611658069414,
    0.798535641642));
#4033 = ORIENTED_EDGE('',*,*,#4034,.T.);
#4034 = EDGE_CURVE('',#4028,#3983,#4035,.T.);
#4035 = B_SPLINE_CURVE_WITH_KNOTS('',1,(#4036,#4037),.UNSPECIFIED.,.F.,
  .F.,(2,2),(-6.10129945294E-02,0.),.PIECEWISE_BEZIER_KNOTS.);
#4036 = CARTESIAN_POINT('',(-0.138047524435,0.611658069414,
    0.798535641642));
#4037 = CARTESIAN_POINT('',(-0.137614809387,0.620149223505,
    0.738117940914));
#4038 = FACE_BOUND('',#4039,.T.);
#4039 = EDGE_LOOP('',(#4040,#4049,#4056,#4065,#4074,#4083,#4092));
#4040 = ORIENTED_EDGE('',*,*,#4041,.F.);
#4041 = EDGE_CURVE('',#4042,#4044,#4046,.T.);
#4042 = VERTEX_POINT('',#4043);
#4043 = CARTESIAN_POINT('',(-0.145873717063,0.612642586694,
    0.791530437196));
#4044 = VERTEX_POINT('',#4045);
#4045 = CARTESIAN_POINT('',(-0.145540110574,0.619188936576,
    0.744950737452));
#4046 = B_SPLINE_CURVE_WITH_KNOTS('',1,(#4047,#4048),.UNSPECIFIED.,.F.,
  .F.,(2,2),(0.,4.703864813422E-02),.PIECEWISE_BEZIER_KNOTS.);
#4047 = CARTESIAN_POINT('',(-0.145873717063,0.612642586694,
    0.791530437196));
#4048 = CARTESIAN_POINT('',(-0.145540110574,0.619188936576,
    0.744950737452));
#4049 = ORIENTED_EDGE('',*,*,#4050,.F.);
#4050 = EDGE_CURVE('',#4051,#4042,#4053,.T.);
#4051 = VERTEX_POINT('',#4052);
#4052 = CARTESIAN_POINT('',(-0.155090939174,0.612651684694,
    0.791465701561));
#4053 = B_SPLINE_CURVE_WITH_KNOTS('',1,(#4054,#4055),.UNSPECIFIED.,.F.,
  .F.,(2,2),(-2.775487756806E-17,9.217453927626E-03),
  .PIECEWISE_BEZIER_KNOTS.);
#4054 = CARTESIAN_POINT('',(-0.155090939174,0.612651684694,
    0.791465701561));
#4055 = CARTESIAN_POINT('',(-0.145873717063,0.612642586694,
    0.791530437196));
#4056 = ORIENTED_EDGE('',*,*,#4057,.F.);
#4057 = EDGE_CURVE('',#4058,#4051,#4060,.T.);
#4058 = VERTEX_POINT('',#4059);
#4059 = CARTESIAN_POINT('',(-0.17265809134,0.613467823671,0.785658570997
    ));
#4060 = B_SPLINE_CURVE_WITH_KNOTS('',3,(#4061,#4062,#4063,#4064),
  .UNSPECIFIED.,.F.,.F.,(4,4),(5.,6.),.PIECEWISE_BEZIER_KNOTS.);
#4061 = CARTESIAN_POINT('',(-0.17265809134,0.613467823671,0.785658570997
    ));
#4062 = CARTESIAN_POINT('',(-0.16822485267,0.612929467975,0.789489170817
    ));
#4063 = CARTESIAN_POINT('',(-0.162358664222,0.612658858414,
    0.791414657897));
#4064 = CARTESIAN_POINT('',(-0.155090939174,0.612651684694,
    0.791465701561));
#4065 = ORIENTED_EDGE('',*,*,#4066,.F.);
#4066 = EDGE_CURVE('',#4067,#4058,#4069,.T.);
#4067 = VERTEX_POINT('',#4068);
#4068 = CARTESIAN_POINT('',(-0.17922687058,0.615866363337,0.76859207448)
  );
#4069 = B_SPLINE_CURVE_WITH_KNOTS('',3,(#4070,#4071,#4072,#4073),
  .UNSPECIFIED.,.F.,.F.,(4,4),(4.,5.),.PIECEWISE_BEZIER_KNOTS.);
#4070 = CARTESIAN_POINT('',(-0.17922687058,0.615866363337,0.76859207448)
  );
#4071 = CARTESIAN_POINT('',(-0.179280849349,0.614807139616,
    0.776128842874));
#4072 = CARTESIAN_POINT('',(-0.17709133001,0.614006179367,0.781827971178
    ));
#4073 = CARTESIAN_POINT('',(-0.17265809134,0.613467823671,0.785658570997
    ));
#4074 = ORIENTED_EDGE('',*,*,#4075,.F.);
#4075 = EDGE_CURVE('',#4076,#4067,#4078,.T.);
#4076 = VERTEX_POINT('',#4077);
#4077 = CARTESIAN_POINT('',(-0.172581875684,0.61833000353,0.751062363641
    ));
#4078 = B_SPLINE_CURVE_WITH_KNOTS('',3,(#4079,#4080,#4081,#4082),
  .UNSPECIFIED.,.F.,.F.,(4,4),(3.,4.),.PIECEWISE_BEZIER_KNOTS.);
#4079 = CARTESIAN_POINT('',(-0.172581875684,0.61833000353,0.751062363641
    ));
#4080 = CARTESIAN_POINT('',(-0.17696301843,0.617748252614,0.755201736497
    ));
#4081 = CARTESIAN_POINT('',(-0.179172891811,0.616925587058,
    0.761055306087));
#4082 = CARTESIAN_POINT('',(-0.17922687058,0.615866363337,0.76859207448)
  );
#4083 = ORIENTED_EDGE('',*,*,#4084,.F.);
#4084 = EDGE_CURVE('',#4085,#4076,#4087,.T.);
#4085 = VERTEX_POINT('',#4086);
#4086 = CARTESIAN_POINT('',(-0.154398625225,0.619197680509,0.74488852114
    ));
#4087 = B_SPLINE_CURVE_WITH_KNOTS('',3,(#4088,#4089,#4090,#4091),
  .UNSPECIFIED.,.F.,.F.,(4,4),(2.,3.),.PIECEWISE_BEZIER_KNOTS.);
#4088 = CARTESIAN_POINT('',(-0.154398625225,0.619197680509,0.74488852114
    ));
#4089 = CARTESIAN_POINT('',(-0.162149825545,0.61920533145,0.744834081867
    ));
#4090 = CARTESIAN_POINT('',(-0.16821610769,0.618916110922,0.746891992855
    ));
#4091 = CARTESIAN_POINT('',(-0.172581875684,0.61833000353,0.751062363641
    ));
#4092 = ORIENTED_EDGE('',*,*,#4093,.F.);
#4093 = EDGE_CURVE('',#4044,#4085,#4094,.T.);
#4094 = B_SPLINE_CURVE_WITH_KNOTS('',1,(#4095,#4096),.UNSPECIFIED.,.F.,
  .F.,(2,2),(0.,8.858737446905E-03),.PIECEWISE_BEZIER_KNOTS.);
#4095 = CARTESIAN_POINT('',(-0.145540110574,0.619188936576,
    0.744950737452));
#4096 = CARTESIAN_POINT('',(-0.154398625225,0.619197680509,0.74488852114
    ));
#4097 = B_SPLINE_SURFACE_WITH_KNOTS('',1,1,(
    (#4098,#4099)
    ,(#4100,#4101
    )),.UNSPECIFIED.,.F.,.F.,.F.,(2,2),(2,2),(-5.896963092103E-02,
    2.229316874849E-03),(-1.943277733018E-02,3.052645104902E-02),
  .PIECEWISE_BEZIER_KNOTS.);
#4098 = CARTESIAN_POINT('',(-0.187574037766,0.620175316754,
    0.737932277799));
#4099 = CARTESIAN_POINT('',(-0.137614809387,0.620175316754,
    0.737932277799));
#4100 = CARTESIAN_POINT('',(-0.187574037766,0.611658069414,
    0.798535641642));
#4101 = CARTESIAN_POINT('',(-0.137614809387,0.611658069414,
    0.798535641642));
#4102 = ADVANCED_FACE('',(#4103),#4117,.F.);
#4103 = FACE_BOUND('',#4104,.T.);
#4104 = EDGE_LOOP('',(#4105,#4106,#4111,#4112));
#4105 = ORIENTED_EDGE('',*,*,#596,.T.);
#4106 = ORIENTED_EDGE('',*,*,#4107,.F.);
#4107 = EDGE_CURVE('',#3985,#586,#4108,.T.);
#4108 = B_SPLINE_CURVE_WITH_KNOTS('',1,(#4109,#4110),.UNSPECIFIED.,.F.,
  .F.,(2,2),(0.,1.000000000001E-04),.PIECEWISE_BEZIER_KNOTS.);
#4109 = CARTESIAN_POINT('',(-0.154396080099,0.620165787715,
    0.738000080435));
#4110 = CARTESIAN_POINT('',(-0.154396080099,0.620066760908,
    0.737986163125));
#4111 = ORIENTED_EDGE('',*,*,#3982,.F.);
#4112 = ORIENTED_EDGE('',*,*,#4113,.T.);
#4113 = EDGE_CURVE('',#3983,#597,#4114,.T.);
#4114 = B_SPLINE_CURVE_WITH_KNOTS('',1,(#4115,#4116),.UNSPECIFIED.,.F.,
  .F.,(2,2),(0.,9.999999999997E-05),.PIECEWISE_BEZIER_KNOTS.);
#4115 = CARTESIAN_POINT('',(-0.137614809387,0.620149223505,
    0.738117940914));
#4116 = CARTESIAN_POINT('',(-0.137614809387,0.620050196698,
    0.738104023603));
#4117 = B_SPLINE_SURFACE_WITH_KNOTS('',1,1,(
    (#4118,#4119)
    ,(#4120,#4121
    )),.UNSPECIFIED.,.F.,.F.,.F.,(2,2),(2,2),(-4.404220642429E-17,
    1.000000000001E-04),(0.,1.678169276936E-02),
  .PIECEWISE_BEZIER_KNOTS.);
#4118 = CARTESIAN_POINT('',(-0.154396080099,0.620165787715,
    0.738000080435));
#4119 = CARTESIAN_POINT('',(-0.137614809387,0.620149223505,
    0.738117940914));
#4120 = CARTESIAN_POINT('',(-0.154396080099,0.620066760908,
    0.737986163125));
#4121 = CARTESIAN_POINT('',(-0.137614809387,0.620050196698,
    0.738104023603));
#4122 = ADVANCED_FACE('',(#4123),#4133,.F.);
#4123 = FACE_BOUND('',#4124,.F.);
#4124 = EDGE_LOOP('',(#4125,#4126,#4127,#4132));
#4125 = ORIENTED_EDGE('',*,*,#4107,.F.);
#4126 = ORIENTED_EDGE('',*,*,#3991,.T.);
#4127 = ORIENTED_EDGE('',*,*,#4128,.T.);
#4128 = EDGE_CURVE('',#3992,#588,#4129,.T.);
#4129 = B_SPLINE_CURVE_WITH_KNOTS('',1,(#4130,#4131),.UNSPECIFIED.,.F.,
  .F.,(2,2),(0.,9.999999999997E-05),.PIECEWISE_BEZIER_KNOTS.);
#4130 = CARTESIAN_POINT('',(-0.178146983904,0.618999715431,0.74629711586
    ));
#4131 = CARTESIAN_POINT('',(-0.178146983904,0.618900688624,0.74628319855
    ));
#4132 = ORIENTED_EDGE('',*,*,#585,.F.);
#4133 = B_SPLINE_SURFACE_WITH_KNOTS('',3,1,(
    (#4134,#4135)
    ,(#4136,#4137)
    ,(#4138,#4139)
    ,(#4140,#4141
    )),.UNSPECIFIED.,.F.,.F.,.F.,(4,4),(2,2),(5.,6.),(0.,1.),
  .PIECEWISE_BEZIER_KNOTS.);
#4134 = CARTESIAN_POINT('',(-0.154396080099,0.620165787715,
    0.738000080435));
#4135 = CARTESIAN_POINT('',(-0.154396080099,0.620066760908,
    0.737986163125));
#4136 = CARTESIAN_POINT('',(-0.164049989552,0.620175316754,
    0.737932277799));
#4137 = CARTESIAN_POINT('',(-0.164049989552,0.620076289947,
    0.737918360489));
#4138 = CARTESIAN_POINT('',(-0.171977281063,0.619788083283,
    0.740687587119));
#4139 = CARTESIAN_POINT('',(-0.171977281063,0.619689056476,
    0.740673669809));
#4140 = CARTESIAN_POINT('',(-0.178146983904,0.618999715431,0.74629711586
    ));
#4141 = CARTESIAN_POINT('',(-0.178146983904,0.618900688624,0.74628319855
    ));
#4142 = ADVANCED_FACE('',(#4143),#4153,.F.);
#4143 = FACE_BOUND('',#4144,.F.);
#4144 = EDGE_LOOP('',(#4145,#4146,#4147,#4152));
#4145 = ORIENTED_EDGE('',*,*,#4128,.F.);
#4146 = ORIENTED_EDGE('',*,*,#4000,.T.);
#4147 = ORIENTED_EDGE('',*,*,#4148,.T.);
#4148 = EDGE_CURVE('',#4001,#627,#4149,.T.);
#4149 = B_SPLINE_CURVE_WITH_KNOTS('',1,(#4150,#4151),.UNSPECIFIED.,.F.,
  .F.,(2,2),(0.,9.999999999997E-05),.PIECEWISE_BEZIER_KNOTS.);
#4150 = CARTESIAN_POINT('',(-0.187509882672,0.615844150116,
    0.768750129757));
#4151 = CARTESIAN_POINT('',(-0.187509882672,0.61574512331,0.768736212447
    ));
#4152 = ORIENTED_EDGE('',*,*,#635,.F.);
#4153 = B_SPLINE_SURFACE_WITH_KNOTS('',3,1,(
    (#4154,#4155)
    ,(#4156,#4157)
    ,(#4158,#4159)
    ,(#4160,#4161
    )),.UNSPECIFIED.,.F.,.F.,.F.,(4,4),(2,2),(4.,5.),(0.,1.),
  .PIECEWISE_BEZIER_KNOTS.);
#4154 = CARTESIAN_POINT('',(-0.178146983904,0.618999715431,0.74629711586
    ));
#4155 = CARTESIAN_POINT('',(-0.178146983904,0.618900688624,0.74628319855
    ));
#4156 = CARTESIAN_POINT('',(-0.184316686745,0.61821134758,0.751906644601
    ));
#4157 = CARTESIAN_POINT('',(-0.184316686745,0.618112320773,
    0.751892727291));
#4158 = CARTESIAN_POINT('',(-0.187442851659,0.617159497606,
    0.759390946055));
#4159 = CARTESIAN_POINT('',(-0.187442851659,0.617060470799,
    0.759377028745));
#4160 = CARTESIAN_POINT('',(-0.187509882672,0.615844150116,
    0.768750129757));
#4161 = CARTESIAN_POINT('',(-0.187509882672,0.61574512331,0.768736212447
    ));
#4162 = ADVANCED_FACE('',(#4163),#4173,.F.);
#4163 = FACE_BOUND('',#4164,.F.);
#4164 = EDGE_LOOP('',(#4165,#4166,#4167,#4172));
#4165 = ORIENTED_EDGE('',*,*,#4148,.F.);
#4166 = ORIENTED_EDGE('',*,*,#4009,.T.);
#4167 = ORIENTED_EDGE('',*,*,#4168,.T.);
#4168 = EDGE_CURVE('',#4010,#618,#4169,.T.);
#4169 = B_SPLINE_CURVE_WITH_KNOTS('',1,(#4170,#4171),.UNSPECIFIED.,.F.,
  .F.,(2,2),(0.,9.999999999997E-05),.PIECEWISE_BEZIER_KNOTS.);
#4170 = CARTESIAN_POINT('',(-0.178461786314,0.612822357419,
    0.790251302024));
#4171 = CARTESIAN_POINT('',(-0.178461786314,0.612723330612,
    0.790237384714));
#4172 = ORIENTED_EDGE('',*,*,#626,.F.);
#4173 = B_SPLINE_SURFACE_WITH_KNOTS('',3,1,(
    (#4174,#4175)
    ,(#4176,#4177)
    ,(#4178,#4179)
    ,(#4180,#4181
    )),.UNSPECIFIED.,.F.,.F.,.F.,(4,4),(2,2),(3.,4.),(0.,1.),
  .PIECEWISE_BEZIER_KNOTS.);
#4174 = CARTESIAN_POINT('',(-0.187509882672,0.615844150116,
    0.768750129757));
#4175 = CARTESIAN_POINT('',(-0.187509882672,0.61574512331,0.768736212447
    ));
#4176 = CARTESIAN_POINT('',(-0.187574037766,0.614585236678,
    0.777707764323));
#4177 = CARTESIAN_POINT('',(-0.187574037766,0.614486209871,
    0.777693847013));
#4178 = CARTESIAN_POINT('',(-0.184552733246,0.613579414341,
    0.784864562125));
#4179 = CARTESIAN_POINT('',(-0.184552733246,0.613480387534,
    0.784850644815));
#4180 = CARTESIAN_POINT('',(-0.178461786314,0.612822357419,
    0.790251302024));
#4181 = CARTESIAN_POINT('',(-0.178461786314,0.612723330612,
    0.790237384714));
#4182 = ADVANCED_FACE('',(#4183),#4193,.F.);
#4183 = FACE_BOUND('',#4184,.F.);
#4184 = EDGE_LOOP('',(#4185,#4186,#4187,#4192));
#4185 = ORIENTED_EDGE('',*,*,#4168,.F.);
#4186 = ORIENTED_EDGE('',*,*,#4018,.T.);
#4187 = ORIENTED_EDGE('',*,*,#4188,.T.);
#4188 = EDGE_CURVE('',#4019,#611,#4189,.T.);
#4189 = B_SPLINE_CURVE_WITH_KNOTS('',1,(#4190,#4191),.UNSPECIFIED.,.F.,
  .F.,(2,2),(0.,9.999999999997E-05),.PIECEWISE_BEZIER_KNOTS.);
#4190 = CARTESIAN_POINT('',(-0.155452634208,0.611675249394,
    0.798413399733));
#4191 = CARTESIAN_POINT('',(-0.155452634208,0.611576222587,
    0.798399482423));
#4192 = ORIENTED_EDGE('',*,*,#617,.F.);
#4193 = B_SPLINE_SURFACE_WITH_KNOTS('',3,1,(
    (#4194,#4195)
    ,(#4196,#4197)
    ,(#4198,#4199)
    ,(#4200,#4201
    )),.UNSPECIFIED.,.F.,.F.,.F.,(4,4),(2,2),(2.,3.),(0.,1.),
  .PIECEWISE_BEZIER_KNOTS.);
#4194 = CARTESIAN_POINT('',(-0.178461786314,0.612822357419,
    0.790251302024));
#4195 = CARTESIAN_POINT('',(-0.178461786314,0.612723330612,
    0.790237384714));
#4196 = CARTESIAN_POINT('',(-0.172370839382,0.612065300497,
    0.795638041923));
#4197 = CARTESIAN_POINT('',(-0.172370839382,0.61196627369,0.795624124613
    ));
#4198 = CARTESIAN_POINT('',(-0.164701048272,0.611684378183,
    0.798348445027));
#4199 = CARTESIAN_POINT('',(-0.164701048272,0.611585351376,
    0.798334527717));
#4200 = CARTESIAN_POINT('',(-0.155452634208,0.611675249394,
    0.798413399733));
#4201 = CARTESIAN_POINT('',(-0.155452634208,0.611576222587,
    0.798399482423));
#4202 = ADVANCED_FACE('',(#4203),#4213,.F.);
#4203 = FACE_BOUND('',#4204,.T.);
#4204 = EDGE_LOOP('',(#4205,#4206,#4211,#4212));
#4205 = ORIENTED_EDGE('',*,*,#610,.T.);
#4206 = ORIENTED_EDGE('',*,*,#4207,.F.);
#4207 = EDGE_CURVE('',#4028,#604,#4208,.T.);
#4208 = B_SPLINE_CURVE_WITH_KNOTS('',1,(#4209,#4210),.UNSPECIFIED.,.F.,
  .F.,(2,2),(0.,9.999999999997E-05),.PIECEWISE_BEZIER_KNOTS.);
#4209 = CARTESIAN_POINT('',(-0.138047524435,0.611658069414,
    0.798535641642));
#4210 = CARTESIAN_POINT('',(-0.138047524435,0.611559042607,
    0.798521724332));
#4211 = ORIENTED_EDGE('',*,*,#4027,.F.);
#4212 = ORIENTED_EDGE('',*,*,#4188,.T.);
#4213 = B_SPLINE_SURFACE_WITH_KNOTS('',1,1,(
    (#4214,#4215)
    ,(#4216,#4217
    )),.UNSPECIFIED.,.F.,.F.,.F.,(2,2),(2,2),(-9.999999999997E-05,
    6.801910974401E-17),(-1.740554751927E-02,1.893016993159E-20),
  .PIECEWISE_BEZIER_KNOTS.);
#4214 = CARTESIAN_POINT('',(-0.155452634208,0.611576222587,
    0.798399482423));
#4215 = CARTESIAN_POINT('',(-0.138047524435,0.611559042607,
    0.798521724332));
#4216 = CARTESIAN_POINT('',(-0.155452634208,0.611675249394,
    0.798413399733));
#4217 = CARTESIAN_POINT('',(-0.138047524435,0.611658069414,
    0.798535641642));
#4218 = ADVANCED_FACE('',(#4219),#4225,.F.);
#4219 = FACE_BOUND('',#4220,.T.);
#4220 = EDGE_LOOP('',(#4221,#4222,#4223,#4224));
#4221 = ORIENTED_EDGE('',*,*,#603,.T.);
#4222 = ORIENTED_EDGE('',*,*,#4113,.F.);
#4223 = ORIENTED_EDGE('',*,*,#4034,.F.);
#4224 = ORIENTED_EDGE('',*,*,#4207,.T.);
#4225 = B_SPLINE_SURFACE_WITH_KNOTS('',1,1,(
    (#4226,#4227)
    ,(#4228,#4229
    )),.UNSPECIFIED.,.F.,.F.,.F.,(2,2),(2,2),(-1.391696685757E-05,
    6.041924969247E-02),(-8.590185082561E-03,0.),
  .PIECEWISE_BEZIER_KNOTS.);
#4226 = CARTESIAN_POINT('',(-0.137623190297,0.611559042607,
    0.738103964741));
#4227 = CARTESIAN_POINT('',(-0.137614711645,0.620149223505,0.73810402429
    ));
#4228 = CARTESIAN_POINT('',(-0.138047622176,0.611559042607,
    0.798535640956));
#4229 = CARTESIAN_POINT('',(-0.138039143525,0.620149223505,
    0.798535700504));
#4230 = ADVANCED_FACE('',(#4231),#4253,.T.);
#4231 = FACE_BOUND('',#4232,.T.);
#4232 = EDGE_LOOP('',(#4233,#4242,#4247,#4248));
#4233 = ORIENTED_EDGE('',*,*,#4234,.F.);
#4234 = EDGE_CURVE('',#4235,#4237,#4239,.T.);
#4235 = VERTEX_POINT('',#4236);
#4236 = CARTESIAN_POINT('',(-0.155090939174,0.612552657888,
    0.791451784251));
#4237 = VERTEX_POINT('',#4238);
#4238 = CARTESIAN_POINT('',(-0.145873717063,0.612543559887,
    0.791516519886));
#4239 = B_SPLINE_CURVE_WITH_KNOTS('',1,(#4240,#4241),.UNSPECIFIED.,.F.,
  .F.,(2,2),(-2.764529406181E-17,9.217453927626E-03),
  .PIECEWISE_BEZIER_KNOTS.);
#4240 = CARTESIAN_POINT('',(-0.155090939174,0.612552657888,
    0.791451784251));
#4241 = CARTESIAN_POINT('',(-0.145873717063,0.612543559887,
    0.791516519886));
#4242 = ORIENTED_EDGE('',*,*,#4243,.F.);
#4243 = EDGE_CURVE('',#4051,#4235,#4244,.T.);
#4244 = B_SPLINE_CURVE_WITH_KNOTS('',1,(#4245,#4246),.UNSPECIFIED.,.F.,
  .F.,(2,2),(0.,1.000000000001E-04),.PIECEWISE_BEZIER_KNOTS.);
#4245 = CARTESIAN_POINT('',(-0.155090939174,0.612651684694,
    0.791465701561));
#4246 = CARTESIAN_POINT('',(-0.155090939174,0.612552657888,
    0.791451784251));
#4247 = ORIENTED_EDGE('',*,*,#4050,.T.);
#4248 = ORIENTED_EDGE('',*,*,#4249,.T.);
#4249 = EDGE_CURVE('',#4042,#4237,#4250,.T.);
#4250 = B_SPLINE_CURVE_WITH_KNOTS('',1,(#4251,#4252),.UNSPECIFIED.,.F.,
  .F.,(2,2),(0.,9.999999999999E-05),.PIECEWISE_BEZIER_KNOTS.);
#4251 = CARTESIAN_POINT('',(-0.145873717063,0.612642586694,
    0.791530437196));
#4252 = CARTESIAN_POINT('',(-0.145873717063,0.612543559887,
    0.791516519886));
#4253 = B_SPLINE_SURFACE_WITH_KNOTS('',1,1,(
    (#4254,#4255)
    ,(#4256,#4257
    )),.UNSPECIFIED.,.F.,.F.,.F.,(2,2),(2,2),(-1.000000000001E-04,
    1.637551856268E-16),(-2.787407236691E-17,9.217453927626E-03),
  .PIECEWISE_BEZIER_KNOTS.);
#4254 = CARTESIAN_POINT('',(-0.155090939174,0.612552657888,
    0.791451784251));
#4255 = CARTESIAN_POINT('',(-0.145873717063,0.612543559887,
    0.791516519886));
#4256 = CARTESIAN_POINT('',(-0.155090939174,0.612651684694,
    0.791465701561));
#4257 = CARTESIAN_POINT('',(-0.145873717063,0.612642586694,
    0.791530437196));
#4258 = ADVANCED_FACE('',(#4259),#4275,.T.);
#4259 = FACE_BOUND('',#4260,.T.);
#4260 = EDGE_LOOP('',(#4261,#4268,#4269,#4270));
#4261 = ORIENTED_EDGE('',*,*,#4262,.F.);
#4262 = EDGE_CURVE('',#4237,#4263,#4265,.T.);
#4263 = VERTEX_POINT('',#4264);
#4264 = CARTESIAN_POINT('',(-0.145540110574,0.61908990977,0.744936820142
    ));
#4265 = B_SPLINE_CURVE_WITH_KNOTS('',1,(#4266,#4267),.UNSPECIFIED.,.F.,
  .F.,(2,2),(1.099390760299E-16,4.703864813422E-02),
  .PIECEWISE_BEZIER_KNOTS.);
#4266 = CARTESIAN_POINT('',(-0.145873717063,0.612543559887,
    0.791516519886));
#4267 = CARTESIAN_POINT('',(-0.145540110574,0.61908990977,0.744936820142
    ));
#4268 = ORIENTED_EDGE('',*,*,#4249,.F.);
#4269 = ORIENTED_EDGE('',*,*,#4041,.T.);
#4270 = ORIENTED_EDGE('',*,*,#4271,.T.);
#4271 = EDGE_CURVE('',#4044,#4263,#4272,.T.);
#4272 = B_SPLINE_CURVE_WITH_KNOTS('',1,(#4273,#4274),.UNSPECIFIED.,.F.,
  .F.,(2,2),(0.,1.000000000001E-04),.PIECEWISE_BEZIER_KNOTS.);
#4273 = CARTESIAN_POINT('',(-0.145540110574,0.619188936576,
    0.744950737452));
#4274 = CARTESIAN_POINT('',(-0.145540110574,0.61908990977,0.744936820142
    ));
#4275 = B_SPLINE_SURFACE_WITH_KNOTS('',1,1,(
    (#4276,#4277)
    ,(#4278,#4279
    )),.UNSPECIFIED.,.F.,.F.,.F.,(2,2),(2,2),(-4.659481090165E-02,0.),(
    -9.902685511256E-05,6.546353071074E-03),.PIECEWISE_BEZIER_KNOTS.);
#4276 = CARTESIAN_POINT('',(-0.14554657193,0.612543559887,0.744936774761
    ));
#4277 = CARTESIAN_POINT('',(-0.145540012833,0.619188936576,
    0.744936820828));
#4278 = CARTESIAN_POINT('',(-0.145873814804,0.612543559887,
    0.791530436509));
#4279 = CARTESIAN_POINT('',(-0.145867255707,0.619188936576,
    0.791530482576));
#4280 = ADVANCED_FACE('',(#4281),#4297,.T.);
#4281 = FACE_BOUND('',#4282,.T.);
#4282 = EDGE_LOOP('',(#4283,#4290,#4291,#4292));
#4283 = ORIENTED_EDGE('',*,*,#4284,.F.);
#4284 = EDGE_CURVE('',#4263,#4285,#4287,.T.);
#4285 = VERTEX_POINT('',#4286);
#4286 = CARTESIAN_POINT('',(-0.154398625225,0.619098653702,0.74487460383
    ));
#4287 = B_SPLINE_CURVE_WITH_KNOTS('',1,(#4288,#4289),.UNSPECIFIED.,.F.,
  .F.,(2,2),(-7.797271624169E-19,8.858737446905E-03),
  .PIECEWISE_BEZIER_KNOTS.);
#4288 = CARTESIAN_POINT('',(-0.145540110574,0.61908990977,0.744936820142
    ));
#4289 = CARTESIAN_POINT('',(-0.154398625225,0.619098653702,0.74487460383
    ));
#4290 = ORIENTED_EDGE('',*,*,#4271,.F.);
#4291 = ORIENTED_EDGE('',*,*,#4093,.T.);
#4292 = ORIENTED_EDGE('',*,*,#4293,.T.);
#4293 = EDGE_CURVE('',#4085,#4285,#4294,.T.);
#4294 = B_SPLINE_CURVE_WITH_KNOTS('',1,(#4295,#4296),.UNSPECIFIED.,.F.,
  .F.,(2,2),(0.,9.999999999986E-05),.PIECEWISE_BEZIER_KNOTS.);
#4295 = CARTESIAN_POINT('',(-0.154398625225,0.619197680509,0.74488852114
    ));
#4296 = CARTESIAN_POINT('',(-0.154398625225,0.619098653702,0.74487460383
    ));
#4297 = B_SPLINE_SURFACE_WITH_KNOTS('',1,1,(
    (#4298,#4299)
    ,(#4300,#4301
    )),.UNSPECIFIED.,.F.,.F.,.F.,(2,2),(2,2),(-6.231889142151E-17,
    1.000000000001E-04),(-8.858737446905E-03,6.605205099806E-19),
  .PIECEWISE_BEZIER_KNOTS.);
#4298 = CARTESIAN_POINT('',(-0.154398625225,0.619197680509,0.74488852114
    ));
#4299 = CARTESIAN_POINT('',(-0.145540110574,0.619188936576,
    0.744950737452));
#4300 = CARTESIAN_POINT('',(-0.154398625225,0.619098653702,0.74487460383
    ));
#4301 = CARTESIAN_POINT('',(-0.145540110574,0.61908990977,0.744936820142
    ));
#4302 = ADVANCED_FACE('',(#4303),#4321,.T.);
#4303 = FACE_BOUND('',#4304,.T.);
#4304 = EDGE_LOOP('',(#4305,#4314,#4315,#4316));
#4305 = ORIENTED_EDGE('',*,*,#4306,.F.);
#4306 = EDGE_CURVE('',#4285,#4307,#4309,.T.);
#4307 = VERTEX_POINT('',#4308);
#4308 = CARTESIAN_POINT('',(-0.172581875684,0.618230976724,
    0.751048446331));
#4309 = B_SPLINE_CURVE_WITH_KNOTS('',3,(#4310,#4311,#4312,#4313),
  .UNSPECIFIED.,.F.,.F.,(4,4),(2.,3.),.PIECEWISE_BEZIER_KNOTS.);
#4310 = CARTESIAN_POINT('',(-0.154398625225,0.619098653702,0.74487460383
    ));
#4311 = CARTESIAN_POINT('',(-0.162149825545,0.619106304643,
    0.744820164557));
#4312 = CARTESIAN_POINT('',(-0.16821610769,0.618817084115,0.746878075545
    ));
#4313 = CARTESIAN_POINT('',(-0.172581875684,0.618230976724,
    0.751048446331));
#4314 = ORIENTED_EDGE('',*,*,#4293,.F.);
#4315 = ORIENTED_EDGE('',*,*,#4084,.T.);
#4316 = ORIENTED_EDGE('',*,*,#4317,.T.);
#4317 = EDGE_CURVE('',#4076,#4307,#4318,.T.);
#4318 = B_SPLINE_CURVE_WITH_KNOTS('',1,(#4319,#4320),.UNSPECIFIED.,.F.,
  .F.,(2,2),(0.,9.999999999997E-05),.PIECEWISE_BEZIER_KNOTS.);
#4319 = CARTESIAN_POINT('',(-0.172581875684,0.61833000353,0.751062363641
    ));
#4320 = CARTESIAN_POINT('',(-0.172581875684,0.618230976724,
    0.751048446331));
#4321 = B_SPLINE_SURFACE_WITH_KNOTS('',3,1,(
    (#4322,#4323)
    ,(#4324,#4325)
    ,(#4326,#4327)
    ,(#4328,#4329
    )),.UNSPECIFIED.,.F.,.F.,.F.,(4,4),(2,2),(2.,3.),(0.,1.),
  .PIECEWISE_BEZIER_KNOTS.);
#4322 = CARTESIAN_POINT('',(-0.154398625225,0.619197680509,0.74488852114
    ));
#4323 = CARTESIAN_POINT('',(-0.154398625225,0.619098653702,0.74487460383
    ));
#4324 = CARTESIAN_POINT('',(-0.162149825545,0.61920533145,0.744834081867
    ));
#4325 = CARTESIAN_POINT('',(-0.162149825545,0.619106304643,
    0.744820164557));
#4326 = CARTESIAN_POINT('',(-0.16821610769,0.618916110922,0.746891992855
    ));
#4327 = CARTESIAN_POINT('',(-0.16821610769,0.618817084115,0.746878075545
    ));
#4328 = CARTESIAN_POINT('',(-0.172581875684,0.61833000353,0.751062363641
    ));
#4329 = CARTESIAN_POINT('',(-0.172581875684,0.618230976724,
    0.751048446331));
#4330 = ADVANCED_FACE('',(#4331),#4349,.T.);
#4331 = FACE_BOUND('',#4332,.T.);
#4332 = EDGE_LOOP('',(#4333,#4342,#4343,#4344));
#4333 = ORIENTED_EDGE('',*,*,#4334,.F.);
#4334 = EDGE_CURVE('',#4307,#4335,#4337,.T.);
#4335 = VERTEX_POINT('',#4336);
#4336 = CARTESIAN_POINT('',(-0.17922687058,0.61576733653,0.76857815717)
  );
#4337 = B_SPLINE_CURVE_WITH_KNOTS('',3,(#4338,#4339,#4340,#4341),
  .UNSPECIFIED.,.F.,.F.,(4,4),(3.,4.),.PIECEWISE_BEZIER_KNOTS.);
#4338 = CARTESIAN_POINT('',(-0.172581875684,0.618230976724,
    0.751048446331));
#4339 = CARTESIAN_POINT('',(-0.17696301843,0.617649225807,0.755187819187
    ));
#4340 = CARTESIAN_POINT('',(-0.179172891811,0.616826560251,
    0.761041388776));
#4341 = CARTESIAN_POINT('',(-0.17922687058,0.61576733653,0.76857815717)
  );
#4342 = ORIENTED_EDGE('',*,*,#4317,.F.);
#4343 = ORIENTED_EDGE('',*,*,#4075,.T.);
#4344 = ORIENTED_EDGE('',*,*,#4345,.T.);
#4345 = EDGE_CURVE('',#4067,#4335,#4346,.T.);
#4346 = B_SPLINE_CURVE_WITH_KNOTS('',1,(#4347,#4348),.UNSPECIFIED.,.F.,
  .F.,(2,2),(0.,1.000000000001E-04),.PIECEWISE_BEZIER_KNOTS.);
#4347 = CARTESIAN_POINT('',(-0.17922687058,0.615866363337,0.76859207448)
  );
#4348 = CARTESIAN_POINT('',(-0.17922687058,0.61576733653,0.76857815717)
  );
#4349 = B_SPLINE_SURFACE_WITH_KNOTS('',3,1,(
    (#4350,#4351)
    ,(#4352,#4353)
    ,(#4354,#4355)
    ,(#4356,#4357
    )),.UNSPECIFIED.,.F.,.F.,.F.,(4,4),(2,2),(3.,4.),(0.,1.),
  .PIECEWISE_BEZIER_KNOTS.);
#4350 = CARTESIAN_POINT('',(-0.172581875684,0.61833000353,0.751062363641
    ));
#4351 = CARTESIAN_POINT('',(-0.172581875684,0.618230976724,
    0.751048446331));
#4352 = CARTESIAN_POINT('',(-0.17696301843,0.617748252614,0.755201736497
    ));
#4353 = CARTESIAN_POINT('',(-0.17696301843,0.617649225807,0.755187819187
    ));
#4354 = CARTESIAN_POINT('',(-0.179172891811,0.616925587058,
    0.761055306087));
#4355 = CARTESIAN_POINT('',(-0.179172891811,0.616826560251,
    0.761041388776));
#4356 = CARTESIAN_POINT('',(-0.17922687058,0.615866363337,0.76859207448)
  );
#4357 = CARTESIAN_POINT('',(-0.17922687058,0.61576733653,0.76857815717)
  );
#4358 = ADVANCED_FACE('',(#4359),#4377,.T.);
#4359 = FACE_BOUND('',#4360,.T.);
#4360 = EDGE_LOOP('',(#4361,#4370,#4371,#4372));
#4361 = ORIENTED_EDGE('',*,*,#4362,.F.);
#4362 = EDGE_CURVE('',#4335,#4363,#4365,.T.);
#4363 = VERTEX_POINT('',#4364);
#4364 = CARTESIAN_POINT('',(-0.17265809134,0.613368796864,0.785644653687
    ));
#4365 = B_SPLINE_CURVE_WITH_KNOTS('',3,(#4366,#4367,#4368,#4369),
  .UNSPECIFIED.,.F.,.F.,(4,4),(4.,5.),.PIECEWISE_BEZIER_KNOTS.);
#4366 = CARTESIAN_POINT('',(-0.17922687058,0.61576733653,0.76857815717)
  );
#4367 = CARTESIAN_POINT('',(-0.179280849349,0.614708112809,
    0.776114925564));
#4368 = CARTESIAN_POINT('',(-0.17709133001,0.61390715256,0.781814053868)
  );
#4369 = CARTESIAN_POINT('',(-0.17265809134,0.613368796864,0.785644653687
    ));
#4370 = ORIENTED_EDGE('',*,*,#4345,.F.);
#4371 = ORIENTED_EDGE('',*,*,#4066,.T.);
#4372 = ORIENTED_EDGE('',*,*,#4373,.T.);
#4373 = EDGE_CURVE('',#4058,#4363,#4374,.T.);
#4374 = B_SPLINE_CURVE_WITH_KNOTS('',1,(#4375,#4376),.UNSPECIFIED.,.F.,
  .F.,(2,2),(1.099418410468E-16,9.999999999997E-05),
  .PIECEWISE_BEZIER_KNOTS.);
#4375 = CARTESIAN_POINT('',(-0.17265809134,0.613467823671,0.785658570997
    ));
#4376 = CARTESIAN_POINT('',(-0.17265809134,0.613368796864,0.785644653687
    ));
#4377 = B_SPLINE_SURFACE_WITH_KNOTS('',3,1,(
    (#4378,#4379)
    ,(#4380,#4381)
    ,(#4382,#4383)
    ,(#4384,#4385
    )),.UNSPECIFIED.,.F.,.F.,.F.,(4,4),(2,2),(4.,5.),(0.,1.),
  .PIECEWISE_BEZIER_KNOTS.);
#4378 = CARTESIAN_POINT('',(-0.17922687058,0.615866363337,0.76859207448)
  );
#4379 = CARTESIAN_POINT('',(-0.17922687058,0.61576733653,0.76857815717)
  );
#4380 = CARTESIAN_POINT('',(-0.179280849349,0.614807139616,
    0.776128842874));
#4381 = CARTESIAN_POINT('',(-0.179280849349,0.614708112809,
    0.776114925564));
#4382 = CARTESIAN_POINT('',(-0.17709133001,0.614006179367,0.781827971178
    ));
#4383 = CARTESIAN_POINT('',(-0.17709133001,0.61390715256,0.781814053868)
  );
#4384 = CARTESIAN_POINT('',(-0.17265809134,0.613467823671,0.785658570997
    ));
#4385 = CARTESIAN_POINT('',(-0.17265809134,0.613368796864,0.785644653687
    ));
#4386 = ADVANCED_FACE('',(#4387),#4399,.T.);
#4387 = FACE_BOUND('',#4388,.T.);
#4388 = EDGE_LOOP('',(#4389,#4396,#4397,#4398));
#4389 = ORIENTED_EDGE('',*,*,#4390,.F.);
#4390 = EDGE_CURVE('',#4363,#4235,#4391,.T.);
#4391 = B_SPLINE_CURVE_WITH_KNOTS('',3,(#4392,#4393,#4394,#4395),
  .UNSPECIFIED.,.F.,.F.,(4,4),(5.,6.),.PIECEWISE_BEZIER_KNOTS.);
#4392 = CARTESIAN_POINT('',(-0.17265809134,0.613368796864,0.785644653687
    ));
#4393 = CARTESIAN_POINT('',(-0.16822485267,0.612830441168,0.789475253507
    ));
#4394 = CARTESIAN_POINT('',(-0.162358664222,0.612559831607,
    0.791400740587));
#4395 = CARTESIAN_POINT('',(-0.155090939174,0.612552657888,
    0.791451784251));
#4396 = ORIENTED_EDGE('',*,*,#4373,.F.);
#4397 = ORIENTED_EDGE('',*,*,#4057,.T.);
#4398 = ORIENTED_EDGE('',*,*,#4243,.T.);
#4399 = B_SPLINE_SURFACE_WITH_KNOTS('',3,1,(
    (#4400,#4401)
    ,(#4402,#4403)
    ,(#4404,#4405)
    ,(#4406,#4407
    )),.UNSPECIFIED.,.F.,.F.,.F.,(4,4),(2,2),(5.,6.),(0.,1.),
  .PIECEWISE_BEZIER_KNOTS.);
#4400 = CARTESIAN_POINT('',(-0.17265809134,0.613467823671,0.785658570997
    ));
#4401 = CARTESIAN_POINT('',(-0.17265809134,0.613368796864,0.785644653687
    ));
#4402 = CARTESIAN_POINT('',(-0.16822485267,0.612929467975,0.789489170817
    ));
#4403 = CARTESIAN_POINT('',(-0.16822485267,0.612830441168,0.789475253507
    ));
#4404 = CARTESIAN_POINT('',(-0.162358664222,0.612658858414,
    0.791414657897));
#4405 = CARTESIAN_POINT('',(-0.162358664222,0.612559831607,
    0.791400740587));
#4406 = CARTESIAN_POINT('',(-0.155090939174,0.612651684694,
    0.791465701561));
#4407 = CARTESIAN_POINT('',(-0.155090939174,0.612552657888,
    0.791451784251));
#4408 = ADVANCED_FACE('',(#4409),#4418,.T.);
#4409 = FACE_BOUND('',#4410,.T.);
#4410 = EDGE_LOOP('',(#4411,#4412,#4413,#4414,#4415,#4416,#4417));
#4411 = ORIENTED_EDGE('',*,*,#4234,.T.);
#4412 = ORIENTED_EDGE('',*,*,#4262,.T.);
#4413 = ORIENTED_EDGE('',*,*,#4284,.T.);
#4414 = ORIENTED_EDGE('',*,*,#4306,.T.);
#4415 = ORIENTED_EDGE('',*,*,#4334,.T.);
#4416 = ORIENTED_EDGE('',*,*,#4362,.T.);
#4417 = ORIENTED_EDGE('',*,*,#4390,.T.);
#4418 = B_SPLINE_SURFACE_WITH_KNOTS('',1,1,(
    (#4419,#4420)
    ,(#4421,#4422
    )),.UNSPECIFIED.,.F.,.F.,.F.,(2,2),(2,2),(-0.179280849349,
    -0.145540110574),(0.160041088991,0.207196356138),
  .PIECEWISE_BEZIER_KNOTS.);
#4419 = CARTESIAN_POINT('',(-0.179280849349,0.612543559887,
    0.791516519886));
#4420 = CARTESIAN_POINT('',(-0.179280849349,0.619106304643,
    0.744820164557));
#4421 = CARTESIAN_POINT('',(-0.145540110574,0.612543559887,
    0.791516519886));
#4422 = CARTESIAN_POINT('',(-0.145540110574,0.619106304643,
    0.744820164557));
#4423 = ADVANCED_FACE('',(#4424,#4482),#4530,.F.);
#4424 = FACE_BOUND('',#4425,.T.);
#4425 = EDGE_LOOP('',(#4426,#4435,#4442,#4449,#4456,#4463,#4470,#4477));
#4426 = ORIENTED_EDGE('',*,*,#4427,.T.);
#4427 = EDGE_CURVE('',#4428,#4430,#4432,.T.);
#4428 = VERTEX_POINT('',#4429);
#4429 = CARTESIAN_POINT('',(-0.245570158713,0.620255782485,
    0.737359734379));
#4430 = VERTEX_POINT('',#4431);
#4431 = CARTESIAN_POINT('',(-0.222764868778,0.611741690965,0.79794064339
    ));
#4432 = B_SPLINE_CURVE_WITH_KNOTS('',1,(#4433,#4434),.UNSPECIFIED.,.F.,
  .F.,(2,2),(-6.528872444865E-02,0.),.PIECEWISE_BEZIER_KNOTS.);
#4433 = CARTESIAN_POINT('',(-0.245570158713,0.620255782485,
    0.737359734379));
#4434 = CARTESIAN_POINT('',(-0.222764868778,0.611741690965,0.79794064339
    ));
#4435 = ORIENTED_EDGE('',*,*,#4436,.T.);
#4436 = EDGE_CURVE('',#4430,#4437,#4439,.T.);
#4437 = VERTEX_POINT('',#4438);
#4438 = CARTESIAN_POINT('',(-0.214343041468,0.611733378072,
    0.797999792701));
#4439 = B_SPLINE_CURVE_WITH_KNOTS('',1,(#4440,#4441),.UNSPECIFIED.,.F.,
  .F.,(2,2),(-8.422039122135E-03,0.),.PIECEWISE_BEZIER_KNOTS.);
#4440 = CARTESIAN_POINT('',(-0.222764868778,0.611741690965,0.79794064339
    ));
#4441 = CARTESIAN_POINT('',(-0.214343041468,0.611733378072,
    0.797999792701));
#4442 = ORIENTED_EDGE('',*,*,#4443,.T.);
#4443 = EDGE_CURVE('',#4437,#4444,#4446,.T.);
#4444 = VERTEX_POINT('',#4445);
#4445 = CARTESIAN_POINT('',(-0.190672321436,0.620201594734,
    0.737745300256));
#4446 = B_SPLINE_CURVE_WITH_KNOTS('',1,(#4447,#4448),.UNSPECIFIED.,.F.,
  .F.,(2,2),(-6.528872444851E-02,0.),.PIECEWISE_BEZIER_KNOTS.);
#4447 = CARTESIAN_POINT('',(-0.214343041468,0.611733378072,
    0.797999792701));
#4448 = CARTESIAN_POINT('',(-0.190672321436,0.620201594734,
    0.737745300256));
#4449 = ORIENTED_EDGE('',*,*,#4450,.T.);
#4450 = EDGE_CURVE('',#4444,#4451,#4453,.T.);
#4451 = VERTEX_POINT('',#4452);
#4452 = CARTESIAN_POINT('',(-0.199374876322,0.620210184724,
    0.737684179301));
#4453 = B_SPLINE_CURVE_WITH_KNOTS('',1,(#4454,#4455),.UNSPECIFIED.,.F.,
  .F.,(2,2),(-8.70277375922E-03,0.),.PIECEWISE_BEZIER_KNOTS.);
#4454 = CARTESIAN_POINT('',(-0.190672321436,0.620201594734,
    0.737745300256));
#4455 = CARTESIAN_POINT('',(-0.199374876322,0.620210184724,
    0.737684179301));
#4456 = ORIENTED_EDGE('',*,*,#4457,.T.);
#4457 = EDGE_CURVE('',#4451,#4458,#4460,.T.);
#4458 = VERTEX_POINT('',#4459);
#4459 = CARTESIAN_POINT('',(-0.205357318573,0.617893494721,0.75416828521
    ));
#4460 = B_SPLINE_CURVE_WITH_KNOTS('',1,(#4461,#4462),.UNSPECIFIED.,.F.,
  .F.,(2,2),(-1.768848256562E-02,0.),.PIECEWISE_BEZIER_KNOTS.);
#4461 = CARTESIAN_POINT('',(-0.199374876322,0.620210184724,
    0.737684179301));
#4462 = CARTESIAN_POINT('',(-0.205357318573,0.617893494721,0.75416828521
    ));
#4463 = ORIENTED_EDGE('',*,*,#4464,.T.);
#4464 = EDGE_CURVE('',#4458,#4465,#4467,.T.);
#4465 = VERTEX_POINT('',#4466);
#4466 = CARTESIAN_POINT('',(-0.23076316429,0.617918571949,0.753989851456
    ));
#4467 = B_SPLINE_CURVE_WITH_KNOTS('',1,(#4468,#4469),.UNSPECIFIED.,.F.,
  .F.,(2,2),(-2.540648468536E-02,0.),.PIECEWISE_BEZIER_KNOTS.);
#4468 = CARTESIAN_POINT('',(-0.205357318573,0.617893494721,0.75416828521
    ));
#4469 = CARTESIAN_POINT('',(-0.23076316429,0.617918571949,0.753989851456
    ));
#4470 = ORIENTED_EDGE('',*,*,#4471,.T.);
#4471 = EDGE_CURVE('',#4465,#4472,#4474,.T.);
#4472 = VERTEX_POINT('',#4473);
#4473 = CARTESIAN_POINT('',(-0.236867603826,0.620247192495,
    0.737420855333));
#4474 = B_SPLINE_CURVE_WITH_KNOTS('',1,(#4475,#4476),.UNSPECIFIED.,.F.,
  .F.,(2,2),(-1.781062290385E-02,0.),.PIECEWISE_BEZIER_KNOTS.);
#4475 = CARTESIAN_POINT('',(-0.23076316429,0.617918571949,0.753989851456
    ));
#4476 = CARTESIAN_POINT('',(-0.236867603826,0.620247192495,
    0.737420855333));
#4477 = ORIENTED_EDGE('',*,*,#4478,.T.);
#4478 = EDGE_CURVE('',#4472,#4428,#4479,.T.);
#4479 = B_SPLINE_CURVE_WITH_KNOTS('',1,(#4480,#4481),.UNSPECIFIED.,.F.,
  .F.,(2,2),(-8.702773759636E-03,0.),.PIECEWISE_BEZIER_KNOTS.);
#4480 = CARTESIAN_POINT('',(-0.236867603826,0.620247192495,
    0.737420855333));
#4481 = CARTESIAN_POINT('',(-0.245570158713,0.620255782485,
    0.737359734379));
#4482 = FACE_BOUND('',#4483,.T.);
#4483 = EDGE_LOOP('',(#4484,#4493,#4500,#4509,#4516,#4525));
#4484 = ORIENTED_EDGE('',*,*,#4485,.F.);
#4485 = EDGE_CURVE('',#4486,#4488,#4490,.T.);
#4486 = VERTEX_POINT('',#4487);
#4487 = CARTESIAN_POINT('',(-0.20790156542,0.616936578938,0.760977094796
    ));
#4488 = VERTEX_POINT('',#4489);
#4489 = CARTESIAN_POINT('',(-0.228379082563,0.616956791585,
    0.760833274342));
#4490 = B_SPLINE_CURVE_WITH_KNOTS('',1,(#4491,#4492),.UNSPECIFIED.,.F.,
  .F.,(2,2),(0.,2.047803216181E-02),.PIECEWISE_BEZIER_KNOTS.);
#4491 = CARTESIAN_POINT('',(-0.20790156542,0.616936578938,0.760977094796
    ));
#4492 = CARTESIAN_POINT('',(-0.228379082563,0.616956791585,
    0.760833274342));
#4493 = ORIENTED_EDGE('',*,*,#4494,.F.);
#4494 = EDGE_CURVE('',#4495,#4486,#4497,.T.);
#4495 = VERTEX_POINT('',#4496);
#4496 = CARTESIAN_POINT('',(-0.217205067159,0.613416285863,
    0.786025281556));
#4497 = B_SPLINE_CURVE_WITH_KNOTS('',1,(#4498,#4499),.UNSPECIFIED.,.F.,
  .F.,(2,2),(-2.255296957399E-16,2.695105318764E-02),
  .PIECEWISE_BEZIER_KNOTS.);
#4498 = CARTESIAN_POINT('',(-0.217205067159,0.613416285863,
    0.786025281556));
#4499 = CARTESIAN_POINT('',(-0.20790156542,0.616936578938,0.760977094796
    ));
#4500 = ORIENTED_EDGE('',*,*,#4501,.F.);
#4501 = EDGE_CURVE('',#4502,#4495,#4504,.T.);
#4502 = VERTEX_POINT('',#4503);
#4503 = CARTESIAN_POINT('',(-0.218233517407,0.612822543022,0.79024998139
    ));
#4504 = B_SPLINE_CURVE_WITH_KNOTS('',3,(#4505,#4506,#4507,#4508),
  .UNSPECIFIED.,.F.,.F.,(4,4),(3.,4.),.PIECEWISE_BEZIER_KNOTS.);
#4505 = CARTESIAN_POINT('',(-0.218233517407,0.612822543022,0.79024998139
    ));
#4506 = CARTESIAN_POINT('',(-0.21792414161,0.6130783743,0.788429647261)
  );
#4507 = CARTESIAN_POINT('',(-0.217586449778,0.613277740739,0.78701108134
    ));
#4508 = CARTESIAN_POINT('',(-0.217205067159,0.613416285863,
    0.786025281556));
#4509 = ORIENTED_EDGE('',*,*,#4510,.F.);
#4510 = EDGE_CURVE('',#4511,#4502,#4513,.T.);
#4511 = VERTEX_POINT('',#4512);
#4512 = CARTESIAN_POINT('',(-0.218420669125,0.612822727753,
    0.790248666961));
#4513 = B_SPLINE_CURVE_WITH_KNOTS('',1,(#4514,#4515),.UNSPECIFIED.,.F.,
  .F.,(2,2),(-5.550975513611E-17,1.871564247237E-04),
  .PIECEWISE_BEZIER_KNOTS.);
#4514 = CARTESIAN_POINT('',(-0.218420669125,0.612822727753,
    0.790248666961));
#4515 = CARTESIAN_POINT('',(-0.218233517407,0.612822543022,0.79024998139
    ));
#4516 = ORIENTED_EDGE('',*,*,#4517,.F.);
#4517 = EDGE_CURVE('',#4518,#4511,#4520,.T.);
#4518 = VERTEX_POINT('',#4519);
#4519 = CARTESIAN_POINT('',(-0.21934171594,0.613418394875,0.786010275157
    ));
#4520 = B_SPLINE_CURVE_WITH_KNOTS('',3,(#4521,#4522,#4523,#4524),
  .UNSPECIFIED.,.F.,.F.,(4,4),(1.,2.),.PIECEWISE_BEZIER_KNOTS.);
#4521 = CARTESIAN_POINT('',(-0.21934171594,0.613418394875,0.786010275157
    ));
#4522 = CARTESIAN_POINT('',(-0.219051365447,0.613300893202,
    0.786846343003));
#4523 = CARTESIAN_POINT('',(-0.218749401018,0.61310523668,0.788238511495
    ));
#4524 = CARTESIAN_POINT('',(-0.218420669125,0.612822727753,
    0.790248666961));
#4525 = ORIENTED_EDGE('',*,*,#4526,.F.);
#4526 = EDGE_CURVE('',#4488,#4518,#4527,.T.);
#4527 = B_SPLINE_CURVE_WITH_KNOTS('',1,(#4528,#4529),.UNSPECIFIED.,.F.,
  .F.,(2,2),(0.,2.698287636193E-02),.PIECEWISE_BEZIER_KNOTS.);
#4528 = CARTESIAN_POINT('',(-0.228379082563,0.616956791585,
    0.760833274342));
#4529 = CARTESIAN_POINT('',(-0.21934171594,0.613418394875,0.786010275157
    ));
#4530 = B_SPLINE_SURFACE_WITH_KNOTS('',1,1,(
    (#4531,#4532)
    ,(#4533,#4534
    )),.UNSPECIFIED.,.F.,.F.,.F.,(2,2),(2,2),(-0.705096783361,
    -0.643860780467),(-0.245570158713,-0.190672321436),
  .PIECEWISE_BEZIER_KNOTS.);
#4531 = CARTESIAN_POINT('',(-0.245570158713,0.611733378072,
    0.797999792701));
#4532 = CARTESIAN_POINT('',(-0.190672321436,0.611733378072,
    0.797999792701));
#4533 = CARTESIAN_POINT('',(-0.245570158713,0.620255782485,
    0.737359734379));
#4534 = CARTESIAN_POINT('',(-0.190672321436,0.620255782485,
    0.737359734379));
#4535 = ADVANCED_FACE('',(#4536),#4550,.F.);
#4536 = FACE_BOUND('',#4537,.T.);
#4537 = EDGE_LOOP('',(#4538,#4539,#4544,#4545));
#4538 = ORIENTED_EDGE('',*,*,#937,.T.);
#4539 = ORIENTED_EDGE('',*,*,#4540,.F.);
#4540 = EDGE_CURVE('',#4430,#929,#4541,.T.);
#4541 = B_SPLINE_CURVE_WITH_KNOTS('',1,(#4542,#4543),.UNSPECIFIED.,.F.,
  .F.,(2,2),(0.,9.999999999997E-05),.PIECEWISE_BEZIER_KNOTS.);
#4542 = CARTESIAN_POINT('',(-0.222764868778,0.611741690965,0.79794064339
    ));
#4543 = CARTESIAN_POINT('',(-0.222764868778,0.611642664158,0.79792672608
    ));
#4544 = ORIENTED_EDGE('',*,*,#4427,.F.);
#4545 = ORIENTED_EDGE('',*,*,#4546,.T.);
#4546 = EDGE_CURVE('',#4428,#938,#4547,.T.);
#4547 = B_SPLINE_CURVE_WITH_KNOTS('',1,(#4548,#4549),.UNSPECIFIED.,.F.,
  .F.,(2,2),(0.,9.999999999997E-05),.PIECEWISE_BEZIER_KNOTS.);
#4548 = CARTESIAN_POINT('',(-0.245570158713,0.620255782485,
    0.737359734379));
#4549 = CARTESIAN_POINT('',(-0.245570158713,0.620156755678,
    0.737345817068));
#4550 = B_SPLINE_SURFACE_WITH_KNOTS('',1,1,(
    (#4551,#4552)
    ,(#4553,#4554
    )),.UNSPECIFIED.,.F.,.F.,.F.,(2,2),(2,2),(0.,6.47429261129E-02),(
    -9.914402608772E-05,8.524169751347E-03),.PIECEWISE_BEZIER_KNOTS.);
#4551 = CARTESIAN_POINT('',(-0.222760347326,0.611642664158,
    0.797938974287));
#4552 = CARTESIAN_POINT('',(-0.223153612519,0.620255782485,
    0.798084148965));
#4553 = CARTESIAN_POINT('',(-0.245181414971,0.611642664158,
    0.737202311494));
#4554 = CARTESIAN_POINT('',(-0.245574680164,0.620255782485,
    0.737347486172));
#4555 = ADVANCED_FACE('',(#4556),#4566,.F.);
#4556 = FACE_BOUND('',#4557,.T.);
#4557 = EDGE_LOOP('',(#4558,#4559,#4564,#4565));
#4558 = ORIENTED_EDGE('',*,*,#928,.T.);
#4559 = ORIENTED_EDGE('',*,*,#4560,.F.);
#4560 = EDGE_CURVE('',#4437,#931,#4561,.T.);
#4561 = B_SPLINE_CURVE_WITH_KNOTS('',1,(#4562,#4563),.UNSPECIFIED.,.F.,
  .F.,(2,2),(0.,9.999999999997E-05),.PIECEWISE_BEZIER_KNOTS.);
#4562 = CARTESIAN_POINT('',(-0.214343041468,0.611733378072,
    0.797999792701));
#4563 = CARTESIAN_POINT('',(-0.214343041468,0.611634351265,
    0.797985875391));
#4564 = ORIENTED_EDGE('',*,*,#4436,.F.);
#4565 = ORIENTED_EDGE('',*,*,#4540,.T.);
#4566 = B_SPLINE_SURFACE_WITH_KNOTS('',1,1,(
    (#4567,#4568)
    ,(#4569,#4570)),.UNSPECIFIED.,.F.,.F.,.F.,(2,2),(2,2),(-1.E-04,0.),(
    -8.422039122135E-03,1.893016993159E-20),.PIECEWISE_BEZIER_KNOTS.);
#4567 = CARTESIAN_POINT('',(-0.222764868778,0.611642664158,0.79792672608
    ));
#4568 = CARTESIAN_POINT('',(-0.214343041468,0.611634351265,
    0.797985875391));
#4569 = CARTESIAN_POINT('',(-0.222764868778,0.611741690965,0.79794064339
    ));
#4570 = CARTESIAN_POINT('',(-0.214343041468,0.611733378072,
    0.797999792701));
#4571 = ADVANCED_FACE('',(#4572),#4582,.F.);
#4572 = FACE_BOUND('',#4573,.T.);
#4573 = EDGE_LOOP('',(#4574,#4575,#4580,#4581));
#4574 = ORIENTED_EDGE('',*,*,#979,.T.);
#4575 = ORIENTED_EDGE('',*,*,#4576,.F.);
#4576 = EDGE_CURVE('',#4444,#973,#4577,.T.);
#4577 = B_SPLINE_CURVE_WITH_KNOTS('',1,(#4578,#4579),.UNSPECIFIED.,.F.,
  .F.,(2,2),(0.,1.000000000001E-04),.PIECEWISE_BEZIER_KNOTS.);
#4578 = CARTESIAN_POINT('',(-0.190672321436,0.620201594734,
    0.737745300256));
#4579 = CARTESIAN_POINT('',(-0.190672321436,0.620102567927,
    0.737731382946));
#4580 = ORIENTED_EDGE('',*,*,#4443,.F.);
#4581 = ORIENTED_EDGE('',*,*,#4560,.T.);
#4582 = B_SPLINE_SURFACE_WITH_KNOTS('',1,1,(
    (#4583,#4584)
    ,(#4585,#4586
    )),.UNSPECIFIED.,.F.,.F.,.F.,(2,2),(2,2),(-1.298695505557E-05,
    6.47358000316E-02),(-8.578170409333E-03,0.),
  .PIECEWISE_BEZIER_KNOTS.);
#4583 = CARTESIAN_POINT('',(-0.191071554171,0.611634351265,
    0.737577583868));
#4584 = CARTESIAN_POINT('',(-0.190667652833,0.620201594734,
    0.737733181463));
#4585 = CARTESIAN_POINT('',(-0.214347710071,0.611634351265,
    0.797997994184));
#4586 = CARTESIAN_POINT('',(-0.213943808733,0.620201594734,
    0.798153591779));
#4587 = ADVANCED_FACE('',(#4588),#4598,.F.);
#4588 = FACE_BOUND('',#4589,.T.);
#4589 = EDGE_LOOP('',(#4590,#4591,#4596,#4597));
#4590 = ORIENTED_EDGE('',*,*,#972,.T.);
#4591 = ORIENTED_EDGE('',*,*,#4592,.F.);
#4592 = EDGE_CURVE('',#4451,#966,#4593,.T.);
#4593 = B_SPLINE_CURVE_WITH_KNOTS('',1,(#4594,#4595),.UNSPECIFIED.,.F.,
  .F.,(2,2),(0.,9.999999999997E-05),.PIECEWISE_BEZIER_KNOTS.);
#4594 = CARTESIAN_POINT('',(-0.199374876322,0.620210184724,
    0.737684179301));
#4595 = CARTESIAN_POINT('',(-0.199374876322,0.620111157917,
    0.737670261991));
#4596 = ORIENTED_EDGE('',*,*,#4450,.F.);
#4597 = ORIENTED_EDGE('',*,*,#4576,.T.);
#4598 = B_SPLINE_SURFACE_WITH_KNOTS('',1,1,(
    (#4599,#4600)
    ,(#4601,#4602
    )),.UNSPECIFIED.,.F.,.F.,.F.,(2,2),(2,2),(-1.381680143561E-17,
    1.000000000001E-04),(-2.288047748771E-19,8.70277375922E-03),
  .PIECEWISE_BEZIER_KNOTS.);
#4599 = CARTESIAN_POINT('',(-0.199374876322,0.620210184724,
    0.737684179301));
#4600 = CARTESIAN_POINT('',(-0.190672321436,0.620201594734,
    0.737745300256));
#4601 = CARTESIAN_POINT('',(-0.199374876322,0.620111157917,
    0.737670261991));
#4602 = CARTESIAN_POINT('',(-0.190672321436,0.620102567927,
    0.737731382946));
#4603 = ADVANCED_FACE('',(#4604),#4614,.F.);
#4604 = FACE_BOUND('',#4605,.T.);
#4605 = EDGE_LOOP('',(#4606,#4607,#4612,#4613));
#4606 = ORIENTED_EDGE('',*,*,#965,.T.);
#4607 = ORIENTED_EDGE('',*,*,#4608,.F.);
#4608 = EDGE_CURVE('',#4458,#959,#4609,.T.);
#4609 = B_SPLINE_CURVE_WITH_KNOTS('',1,(#4610,#4611),.UNSPECIFIED.,.F.,
  .F.,(2,2),(0.,1.000000000001E-04),.PIECEWISE_BEZIER_KNOTS.);
#4610 = CARTESIAN_POINT('',(-0.205357318573,0.617893494721,0.75416828521
    ));
#4611 = CARTESIAN_POINT('',(-0.205357318573,0.617794467914,0.7541543679)
  );
#4612 = ORIENTED_EDGE('',*,*,#4457,.F.);
#4613 = ORIENTED_EDGE('',*,*,#4592,.T.);
#4614 = B_SPLINE_SURFACE_WITH_KNOTS('',1,1,(
    (#4615,#4616)
    ,(#4617,#4618
    )),.UNSPECIFIED.,.F.,.F.,.F.,(2,2),(2,2),(0.,1.754888785534E-02),(
    -9.913669016446E-05,2.319260676563E-03),.PIECEWISE_BEZIER_KNOTS.);
#4615 = CARTESIAN_POINT('',(-0.205361714813,0.617794467914,
    0.754166720622));
#4616 = CARTESIAN_POINT('',(-0.205254470422,0.620210184724,
    0.754204888082));
#4617 = CARTESIAN_POINT('',(-0.199477724473,0.617794467914,0.73763365912
    ));
#4618 = CARTESIAN_POINT('',(-0.199370480083,0.620210184724,
    0.737671826579));
#4619 = ADVANCED_FACE('',(#4620),#4630,.F.);
#4620 = FACE_BOUND('',#4621,.T.);
#4621 = EDGE_LOOP('',(#4622,#4623,#4628,#4629));
#4622 = ORIENTED_EDGE('',*,*,#958,.T.);
#4623 = ORIENTED_EDGE('',*,*,#4624,.F.);
#4624 = EDGE_CURVE('',#4465,#952,#4625,.T.);
#4625 = B_SPLINE_CURVE_WITH_KNOTS('',1,(#4626,#4627),.UNSPECIFIED.,.F.,
  .F.,(2,2),(0.,9.999999999997E-05),.PIECEWISE_BEZIER_KNOTS.);
#4626 = CARTESIAN_POINT('',(-0.23076316429,0.617918571949,0.753989851456
    ));
#4627 = CARTESIAN_POINT('',(-0.23076316429,0.617819545142,0.753975934146
    ));
#4628 = ORIENTED_EDGE('',*,*,#4464,.F.);
#4629 = ORIENTED_EDGE('',*,*,#4608,.T.);
#4630 = B_SPLINE_SURFACE_WITH_KNOTS('',1,1,(
    (#4631,#4632)
    ,(#4633,#4634
    )),.UNSPECIFIED.,.F.,.F.,.F.,(2,2),(2,2),(-8.205716379821E-17,1.E-04
    ),(-2.287915399873E-19,2.540648468536E-02),
  .PIECEWISE_BEZIER_KNOTS.);
#4631 = CARTESIAN_POINT('',(-0.23076316429,0.617918571949,0.753989851456
    ));
#4632 = CARTESIAN_POINT('',(-0.205357318573,0.617893494721,0.75416828521
    ));
#4633 = CARTESIAN_POINT('',(-0.23076316429,0.617819545142,0.753975934146
    ));
#4634 = CARTESIAN_POINT('',(-0.205357318573,0.617794467914,0.7541543679)
  );
#4635 = ADVANCED_FACE('',(#4636),#4646,.F.);
#4636 = FACE_BOUND('',#4637,.T.);
#4637 = EDGE_LOOP('',(#4638,#4639,#4644,#4645));
#4638 = ORIENTED_EDGE('',*,*,#951,.T.);
#4639 = ORIENTED_EDGE('',*,*,#4640,.F.);
#4640 = EDGE_CURVE('',#4472,#945,#4641,.T.);
#4641 = B_SPLINE_CURVE_WITH_KNOTS('',1,(#4642,#4643),.UNSPECIFIED.,.F.,
  .F.,(2,2),(0.,9.999999999997E-05),.PIECEWISE_BEZIER_KNOTS.);
#4642 = CARTESIAN_POINT('',(-0.236867603826,0.620247192495,
    0.737420855333));
#4643 = CARTESIAN_POINT('',(-0.236867603826,0.620148165688,
    0.737406938023));
#4644 = ORIENTED_EDGE('',*,*,#4471,.F.);
#4645 = ORIENTED_EDGE('',*,*,#4624,.T.);
#4646 = B_SPLINE_SURFACE_WITH_KNOTS('',1,1,(
    (#4647,#4648)
    ,(#4649,#4650
    )),.UNSPECIFIED.,.F.,.F.,.F.,(2,2),(2,2),(-1.308923486256E-05,
    1.765739076242E-02),(-2.430413921082E-03,0.),
  .PIECEWISE_BEZIER_KNOTS.);
#4647 = CARTESIAN_POINT('',(-0.236763017642,0.617819545142,
    0.737369152149));
#4648 = CARTESIAN_POINT('',(-0.236872051453,0.620247192495,
    0.737408544903));
#4649 = CARTESIAN_POINT('',(-0.230758716663,0.617819545142,
    0.753988244576));
#4650 = CARTESIAN_POINT('',(-0.230867750474,0.620247192495,0.75402763733
    ));
#4651 = ADVANCED_FACE('',(#4652),#4658,.F.);
#4652 = FACE_BOUND('',#4653,.T.);
#4653 = EDGE_LOOP('',(#4654,#4655,#4656,#4657));
#4654 = ORIENTED_EDGE('',*,*,#944,.T.);
#4655 = ORIENTED_EDGE('',*,*,#4546,.F.);
#4656 = ORIENTED_EDGE('',*,*,#4478,.F.);
#4657 = ORIENTED_EDGE('',*,*,#4640,.T.);
#4658 = B_SPLINE_SURFACE_WITH_KNOTS('',1,1,(
    (#4659,#4660)
    ,(#4661,#4662
    )),.UNSPECIFIED.,.F.,.F.,.F.,(2,2),(2,2),(-1.011797796154E-16,
    9.999999999997E-05),(-2.287650702077E-19,8.702773759636E-03),
  .PIECEWISE_BEZIER_KNOTS.);
#4659 = CARTESIAN_POINT('',(-0.245570158713,0.620255782485,
    0.737359734379));
#4660 = CARTESIAN_POINT('',(-0.236867603826,0.620247192495,
    0.737420855333));
#4661 = CARTESIAN_POINT('',(-0.245570158713,0.620156755678,
    0.737345817068));
#4662 = CARTESIAN_POINT('',(-0.236867603826,0.620148165688,
    0.737406938023));
#4663 = ADVANCED_FACE('',(#4664),#4686,.T.);
#4664 = FACE_BOUND('',#4665,.T.);
#4665 = EDGE_LOOP('',(#4666,#4675,#4680,#4681));
#4666 = ORIENTED_EDGE('',*,*,#4667,.F.);
#4667 = EDGE_CURVE('',#4668,#4670,#4672,.T.);
#4668 = VERTEX_POINT('',#4669);
#4669 = CARTESIAN_POINT('',(-0.20790156542,0.616837552131,0.760963177486
    ));
#4670 = VERTEX_POINT('',#4671);
#4671 = CARTESIAN_POINT('',(-0.228379082563,0.616857764778,
    0.760819357032));
#4672 = B_SPLINE_CURVE_WITH_KNOTS('',1,(#4673,#4674),.UNSPECIFIED.,.F.,
  .F.,(2,2),(-2.775487756806E-17,2.047803216181E-02),
  .PIECEWISE_BEZIER_KNOTS.);
#4673 = CARTESIAN_POINT('',(-0.20790156542,0.616837552131,0.760963177486
    ));
#4674 = CARTESIAN_POINT('',(-0.228379082563,0.616857764778,
    0.760819357032));
#4675 = ORIENTED_EDGE('',*,*,#4676,.F.);
#4676 = EDGE_CURVE('',#4486,#4668,#4677,.T.);
#4677 = B_SPLINE_CURVE_WITH_KNOTS('',1,(#4678,#4679),.UNSPECIFIED.,.F.,
  .F.,(2,2),(0.,9.999999999997E-05),.PIECEWISE_BEZIER_KNOTS.);
#4678 = CARTESIAN_POINT('',(-0.20790156542,0.616936578938,0.760977094796
    ));
#4679 = CARTESIAN_POINT('',(-0.20790156542,0.616837552131,0.760963177486
    ));
#4680 = ORIENTED_EDGE('',*,*,#4485,.T.);
#4681 = ORIENTED_EDGE('',*,*,#4682,.T.);
#4682 = EDGE_CURVE('',#4488,#4670,#4683,.T.);
#4683 = B_SPLINE_CURVE_WITH_KNOTS('',1,(#4684,#4685),.UNSPECIFIED.,.F.,
  .F.,(2,2),(0.,1.000000000001E-04),.PIECEWISE_BEZIER_KNOTS.);
#4684 = CARTESIAN_POINT('',(-0.228379082563,0.616956791585,
    0.760833274342));
#4685 = CARTESIAN_POINT('',(-0.228379082563,0.616857764778,
    0.760819357032));
#4686 = B_SPLINE_SURFACE_WITH_KNOTS('',1,1,(
    (#4687,#4688)
    ,(#4689,#4690
    )),.UNSPECIFIED.,.F.,.F.,.F.,(2,2),(2,2),(-4.743384504624E-18,
    1.000000000001E-04),(-2.047803216181E-02,2.752607279318E-17),
  .PIECEWISE_BEZIER_KNOTS.);
#4687 = CARTESIAN_POINT('',(-0.228379082563,0.616956791585,
    0.760833274342));
#4688 = CARTESIAN_POINT('',(-0.20790156542,0.616936578938,0.760977094796
    ));
#4689 = CARTESIAN_POINT('',(-0.228379082563,0.616857764778,
    0.760819357032));
#4690 = CARTESIAN_POINT('',(-0.20790156542,0.616837552131,0.760963177486
    ));
#4691 = ADVANCED_FACE('',(#4692),#4708,.T.);
#4692 = FACE_BOUND('',#4693,.T.);
#4693 = EDGE_LOOP('',(#4694,#4701,#4702,#4703));
#4694 = ORIENTED_EDGE('',*,*,#4695,.F.);
#4695 = EDGE_CURVE('',#4670,#4696,#4698,.T.);
#4696 = VERTEX_POINT('',#4697);
#4697 = CARTESIAN_POINT('',(-0.21934171594,0.613319368068,0.785996357847
    ));
#4698 = B_SPLINE_CURVE_WITH_KNOTS('',1,(#4699,#4700),.UNSPECIFIED.,.F.,
  .F.,(2,2),(-9.296166550234E-18,2.698287636193E-02),
  .PIECEWISE_BEZIER_KNOTS.);
#4699 = CARTESIAN_POINT('',(-0.228379082563,0.616857764778,
    0.760819357032));
#4700 = CARTESIAN_POINT('',(-0.21934171594,0.613319368068,0.785996357847
    ));
#4701 = ORIENTED_EDGE('',*,*,#4682,.F.);
#4702 = ORIENTED_EDGE('',*,*,#4526,.T.);
#4703 = ORIENTED_EDGE('',*,*,#4704,.T.);
#4704 = EDGE_CURVE('',#4518,#4696,#4705,.T.);
#4705 = B_SPLINE_CURVE_WITH_KNOTS('',1,(#4706,#4707),.UNSPECIFIED.,.F.,
  .F.,(2,2),(0.,1.000000000001E-04),.PIECEWISE_BEZIER_KNOTS.);
#4706 = CARTESIAN_POINT('',(-0.21934171594,0.613418394875,0.786010275157
    ));
#4707 = CARTESIAN_POINT('',(-0.21934171594,0.613319368068,0.785996357847
    ));
#4708 = B_SPLINE_SURFACE_WITH_KNOTS('',1,1,(
    (#4709,#4710)
    ,(#4711,#4712
    )),.UNSPECIFIED.,.F.,.F.,.F.,(2,2),(2,2),(-2.674935704579E-02,
    1.312775938316E-05),(-3.641381648219E-03,0.),
  .PIECEWISE_BEZIER_KNOTS.);
#4709 = CARTESIAN_POINT('',(-0.219337357115,0.613319368068,
    0.786008740848));
#4710 = CARTESIAN_POINT('',(-0.219497464169,0.616956791585,
    0.786065098634));
#4711 = CARTESIAN_POINT('',(-0.228223334334,0.613319368068,
    0.760764533555));
#4712 = CARTESIAN_POINT('',(-0.228383441387,0.616956791585,
    0.760820891341));
#4713 = ADVANCED_FACE('',(#4714),#4732,.T.);
#4714 = FACE_BOUND('',#4715,.T.);
#4715 = EDGE_LOOP('',(#4716,#4725,#4726,#4727));
#4716 = ORIENTED_EDGE('',*,*,#4717,.F.);
#4717 = EDGE_CURVE('',#4696,#4718,#4720,.T.);
#4718 = VERTEX_POINT('',#4719);
#4719 = CARTESIAN_POINT('',(-0.218420669125,0.612723700946,
    0.790234749651));
#4720 = B_SPLINE_CURVE_WITH_KNOTS('',3,(#4721,#4722,#4723,#4724),
  .UNSPECIFIED.,.F.,.F.,(4,4),(1.,2.),.PIECEWISE_BEZIER_KNOTS.);
#4721 = CARTESIAN_POINT('',(-0.21934171594,0.613319368068,0.785996357847
    ));
#4722 = CARTESIAN_POINT('',(-0.219051365447,0.613201866395,
    0.786832425693));
#4723 = CARTESIAN_POINT('',(-0.218749401018,0.613006209873,
    0.788224594185));
#4724 = CARTESIAN_POINT('',(-0.218420669125,0.612723700946,
    0.790234749651));
#4725 = ORIENTED_EDGE('',*,*,#4704,.F.);
#4726 = ORIENTED_EDGE('',*,*,#4517,.T.);
#4727 = ORIENTED_EDGE('',*,*,#4728,.T.);
#4728 = EDGE_CURVE('',#4511,#4718,#4729,.T.);
#4729 = B_SPLINE_CURVE_WITH_KNOTS('',1,(#4730,#4731),.UNSPECIFIED.,.F.,
  .F.,(2,2),(0.,1.000000000001E-04),.PIECEWISE_BEZIER_KNOTS.);
#4730 = CARTESIAN_POINT('',(-0.218420669125,0.612822727753,
    0.790248666961));
#4731 = CARTESIAN_POINT('',(-0.218420669125,0.612723700946,
    0.790234749651));
#4732 = B_SPLINE_SURFACE_WITH_KNOTS('',3,1,(
    (#4733,#4734)
    ,(#4735,#4736)
    ,(#4737,#4738)
    ,(#4739,#4740
    )),.UNSPECIFIED.,.F.,.F.,.F.,(4,4),(2,2),(1.,2.),(0.,1.),
  .PIECEWISE_BEZIER_KNOTS.);
#4733 = CARTESIAN_POINT('',(-0.21934171594,0.613418394875,0.786010275157
    ));
#4734 = CARTESIAN_POINT('',(-0.21934171594,0.613319368068,0.785996357847
    ));
#4735 = CARTESIAN_POINT('',(-0.219051365447,0.613300893202,
    0.786846343003));
#4736 = CARTESIAN_POINT('',(-0.219051365447,0.613201866395,
    0.786832425693));
#4737 = CARTESIAN_POINT('',(-0.218749401018,0.61310523668,0.788238511495
    ));
#4738 = CARTESIAN_POINT('',(-0.218749401018,0.613006209873,
    0.788224594185));
#4739 = CARTESIAN_POINT('',(-0.218420669125,0.612822727753,
    0.790248666961));
#4740 = CARTESIAN_POINT('',(-0.218420669125,0.612723700946,
    0.790234749651));
#4741 = ADVANCED_FACE('',(#4742),#4758,.T.);
#4742 = FACE_BOUND('',#4743,.T.);
#4743 = EDGE_LOOP('',(#4744,#4751,#4752,#4753));
#4744 = ORIENTED_EDGE('',*,*,#4745,.F.);
#4745 = EDGE_CURVE('',#4718,#4746,#4748,.T.);
#4746 = VERTEX_POINT('',#4747);
#4747 = CARTESIAN_POINT('',(-0.218233517407,0.612723516215,0.79023606408
    ));
#4748 = B_SPLINE_CURVE_WITH_KNOTS('',1,(#4749,#4750),.UNSPECIFIED.,.F.,
  .F.,(2,2),(-5.540017162986E-17,1.871564247237E-04),
  .PIECEWISE_BEZIER_KNOTS.);
#4749 = CARTESIAN_POINT('',(-0.218420669125,0.612723700946,
    0.790234749651));
#4750 = CARTESIAN_POINT('',(-0.218233517407,0.612723516215,0.79023606408
    ));
#4751 = ORIENTED_EDGE('',*,*,#4728,.F.);
#4752 = ORIENTED_EDGE('',*,*,#4510,.T.);
#4753 = ORIENTED_EDGE('',*,*,#4754,.T.);
#4754 = EDGE_CURVE('',#4502,#4746,#4755,.T.);
#4755 = B_SPLINE_CURVE_WITH_KNOTS('',1,(#4756,#4757),.UNSPECIFIED.,.F.,
  .F.,(2,2),(0.,1.000000000001E-04),.PIECEWISE_BEZIER_KNOTS.);
#4756 = CARTESIAN_POINT('',(-0.218233517407,0.612822543022,0.79024998139
    ));
#4757 = CARTESIAN_POINT('',(-0.218233517407,0.612723516215,0.79023606408
    ));
#4758 = B_SPLINE_SURFACE_WITH_KNOTS('',1,1,(
    (#4759,#4760)
    ,(#4761,#4762
    )),.UNSPECIFIED.,.F.,.F.,.F.,(2,2),(2,2),(-1.000000000001E-04,
    5.599331968735E-30),(-5.562892346517E-17,1.871564247237E-04),
  .PIECEWISE_BEZIER_KNOTS.);
#4759 = CARTESIAN_POINT('',(-0.218420669125,0.612723700946,
    0.790234749651));
#4760 = CARTESIAN_POINT('',(-0.218233517407,0.612723516215,0.79023606408
    ));
#4761 = CARTESIAN_POINT('',(-0.218420669125,0.612822727753,
    0.790248666961));
#4762 = CARTESIAN_POINT('',(-0.218233517407,0.612822543022,0.79024998139
    ));
#4763 = ADVANCED_FACE('',(#4764),#4782,.T.);
#4764 = FACE_BOUND('',#4765,.T.);
#4765 = EDGE_LOOP('',(#4766,#4775,#4776,#4777));
#4766 = ORIENTED_EDGE('',*,*,#4767,.F.);
#4767 = EDGE_CURVE('',#4746,#4768,#4770,.T.);
#4768 = VERTEX_POINT('',#4769);
#4769 = CARTESIAN_POINT('',(-0.217205067159,0.613317259056,
    0.786011364246));
#4770 = B_SPLINE_CURVE_WITH_KNOTS('',3,(#4771,#4772,#4773,#4774),
  .UNSPECIFIED.,.F.,.F.,(4,4),(3.,4.),.PIECEWISE_BEZIER_KNOTS.);
#4771 = CARTESIAN_POINT('',(-0.218233517407,0.612723516215,0.79023606408
    ));
#4772 = CARTESIAN_POINT('',(-0.21792414161,0.612979347493,0.788415729951
    ));
#4773 = CARTESIAN_POINT('',(-0.217586449778,0.613178713932,0.78699716403
    ));
#4774 = CARTESIAN_POINT('',(-0.217205067159,0.613317259056,
    0.786011364246));
#4775 = ORIENTED_EDGE('',*,*,#4754,.F.);
#4776 = ORIENTED_EDGE('',*,*,#4501,.T.);
#4777 = ORIENTED_EDGE('',*,*,#4778,.T.);
#4778 = EDGE_CURVE('',#4495,#4768,#4779,.T.);
#4779 = B_SPLINE_CURVE_WITH_KNOTS('',1,(#4780,#4781),.UNSPECIFIED.,.F.,
  .F.,(2,2),(-1.545131810943E-17,1.000000000001E-04),
  .PIECEWISE_BEZIER_KNOTS.);
#4780 = CARTESIAN_POINT('',(-0.217205067159,0.613416285863,
    0.786025281556));
#4781 = CARTESIAN_POINT('',(-0.217205067159,0.613317259056,
    0.786011364246));
#4782 = B_SPLINE_SURFACE_WITH_KNOTS('',3,1,(
    (#4783,#4784)
    ,(#4785,#4786)
    ,(#4787,#4788)
    ,(#4789,#4790
    )),.UNSPECIFIED.,.F.,.F.,.F.,(4,4),(2,2),(3.,4.),(0.,1.),
  .PIECEWISE_BEZIER_KNOTS.);
#4783 = CARTESIAN_POINT('',(-0.218233517407,0.612822543022,0.79024998139
    ));
#4784 = CARTESIAN_POINT('',(-0.218233517407,0.612723516215,0.79023606408
    ));
#4785 = CARTESIAN_POINT('',(-0.21792414161,0.6130783743,0.788429647261)
  );
#4786 = CARTESIAN_POINT('',(-0.21792414161,0.612979347493,0.788415729951
    ));
#4787 = CARTESIAN_POINT('',(-0.217586449778,0.613277740739,0.78701108134
    ));
#4788 = CARTESIAN_POINT('',(-0.217586449778,0.613178713932,0.78699716403
    ));
#4789 = CARTESIAN_POINT('',(-0.217205067159,0.613416285863,
    0.786025281556));
#4790 = CARTESIAN_POINT('',(-0.217205067159,0.613317259056,
    0.786011364246));
#4791 = ADVANCED_FACE('',(#4792),#4802,.T.);
#4792 = FACE_BOUND('',#4793,.T.);
#4793 = EDGE_LOOP('',(#4794,#4799,#4800,#4801));
#4794 = ORIENTED_EDGE('',*,*,#4795,.F.);
#4795 = EDGE_CURVE('',#4768,#4668,#4796,.T.);
#4796 = B_SPLINE_CURVE_WITH_KNOTS('',1,(#4797,#4798),.UNSPECIFIED.,.F.,
  .F.,(2,2),(-9.360240221457E-17,2.695105318764E-02),
  .PIECEWISE_BEZIER_KNOTS.);
#4797 = CARTESIAN_POINT('',(-0.217205067159,0.613317259056,
    0.786011364246));
#4798 = CARTESIAN_POINT('',(-0.20790156542,0.616837552131,0.760963177486
    ));
#4799 = ORIENTED_EDGE('',*,*,#4778,.F.);
#4800 = ORIENTED_EDGE('',*,*,#4494,.T.);
#4801 = ORIENTED_EDGE('',*,*,#4676,.T.);
#4802 = B_SPLINE_SURFACE_WITH_KNOTS('',1,1,(
    (#4803,#4804)
    ,(#4805,#4806
    )),.UNSPECIFIED.,.F.,.F.,.F.,(2,2),(2,2),(-2.673269769873E-02,
    2.235930413079E-16),(-9.914128628363E-05,3.524362690977E-03),
  .PIECEWISE_BEZIER_KNOTS.);
#4803 = CARTESIAN_POINT('',(-0.20806066028,0.613317259056,0.760905230366
    ));
#4804 = CARTESIAN_POINT('',(-0.207897090038,0.616936578938,
    0.760964807554));
#4805 = CARTESIAN_POINT('',(-0.217209542541,0.613317259056,
    0.786023651488));
#4806 = CARTESIAN_POINT('',(-0.217045972299,0.616936578938,
    0.786083228675));
#4807 = ADVANCED_FACE('',(#4808),#4816,.T.);
#4808 = FACE_BOUND('',#4809,.T.);
#4809 = EDGE_LOOP('',(#4810,#4811,#4812,#4813,#4814,#4815));
#4810 = ORIENTED_EDGE('',*,*,#4667,.T.);
#4811 = ORIENTED_EDGE('',*,*,#4695,.T.);
#4812 = ORIENTED_EDGE('',*,*,#4717,.T.);
#4813 = ORIENTED_EDGE('',*,*,#4745,.T.);
#4814 = ORIENTED_EDGE('',*,*,#4767,.T.);
#4815 = ORIENTED_EDGE('',*,*,#4795,.T.);
#4816 = B_SPLINE_SURFACE_WITH_KNOTS('',1,1,(
    (#4817,#4818)
    ,(#4819,#4820
    )),.UNSPECIFIED.,.F.,.F.,.F.,(2,2),(2,2),(-0.228379082563,
    -0.20790156542),(0.161334128569,0.191039930438),
  .PIECEWISE_BEZIER_KNOTS.);
#4817 = CARTESIAN_POINT('',(-0.228379082563,0.612723516215,0.79023606408
    ));
#4818 = CARTESIAN_POINT('',(-0.228379082563,0.616857764778,
    0.760819357032));
#4819 = CARTESIAN_POINT('',(-0.20790156542,0.612723516215,0.79023606408)
  );
#4820 = CARTESIAN_POINT('',(-0.20790156542,0.616857764778,0.760819357032
    ));
#4821 = ADVANCED_FACE('',(#4822),#4844,.F.);
#4822 = FACE_BOUND('',#4823,.T.);
#4823 = EDGE_LOOP('',(#4824,#4825,#4832,#4839));
#4824 = ORIENTED_EDGE('',*,*,#995,.T.);
#4825 = ORIENTED_EDGE('',*,*,#4826,.F.);
#4826 = EDGE_CURVE('',#4827,#987,#4829,.T.);
#4827 = VERTEX_POINT('',#4828);
#4828 = CARTESIAN_POINT('',(-3.289013578028E-02,0.632548795072,
    0.64989040482));
#4829 = B_SPLINE_CURVE_WITH_KNOTS('',1,(#4830,#4831),.UNSPECIFIED.,.F.,
  .F.,(2,2),(0.,1.000000000001E-04),.PIECEWISE_BEZIER_KNOTS.);
#4830 = CARTESIAN_POINT('',(-3.289013578028E-02,0.632548795072,
    0.64989040482));
#4831 = CARTESIAN_POINT('',(-3.289013578028E-02,0.632449768265,
    0.64987648751));
#4832 = ORIENTED_EDGE('',*,*,#4833,.F.);
#4833 = EDGE_CURVE('',#4834,#4827,#4836,.T.);
#4834 = VERTEX_POINT('',#4835);
#4835 = CARTESIAN_POINT('',(-3.284080272514E-02,0.633516856095,
    0.643002292723));
#4836 = B_SPLINE_CURVE_WITH_KNOTS('',1,(#4837,#4838),.UNSPECIFIED.,.F.,
  .F.,(2,2),(-6.955980460136E-03,0.),.PIECEWISE_BEZIER_KNOTS.);
#4837 = CARTESIAN_POINT('',(-3.284080272514E-02,0.633516856095,
    0.643002292723));
#4838 = CARTESIAN_POINT('',(-3.289013578028E-02,0.632548795072,
    0.64989040482));
#4839 = ORIENTED_EDGE('',*,*,#4840,.T.);
#4840 = EDGE_CURVE('',#4834,#996,#4841,.T.);
#4841 = B_SPLINE_CURVE_WITH_KNOTS('',1,(#4842,#4843),.UNSPECIFIED.,.F.,
  .F.,(2,2),(0.,9.999999999997E-05),.PIECEWISE_BEZIER_KNOTS.);
#4842 = CARTESIAN_POINT('',(-3.284080272514E-02,0.633516856095,
    0.643002292723));
#4843 = CARTESIAN_POINT('',(-3.284080272514E-02,0.633417829288,
    0.642988375412));
#4844 = B_SPLINE_SURFACE_WITH_KNOTS('',1,1,(
    (#4845,#4846)
    ,(#4847,#4848
    )),.UNSPECIFIED.,.F.,.F.,.F.,(2,2),(2,2),(0.,6.902205658775E-03),(
    -9.902685511265E-05,9.680614952541E-04),.PIECEWISE_BEZIER_KNOTS.);
#4845 = CARTESIAN_POINT('',(-3.289023352138E-02,0.632449768265,
    0.649890404133));
#4846 = CARTESIAN_POINT('',(-3.288918028796E-02,0.633516856095,
    0.649890411531));
#4847 = CARTESIAN_POINT('',(-3.284175821745E-02,0.632449768265,
    0.642988368702));
#4848 = CARTESIAN_POINT('',(-3.284070498404E-02,0.633516856095,
    0.642988376099));
#4849 = ADVANCED_FACE('',(#4850),#4866,.F.);
#4850 = FACE_BOUND('',#4851,.T.);
#4851 = EDGE_LOOP('',(#4852,#4853,#4860,#4865));
#4852 = ORIENTED_EDGE('',*,*,#986,.T.);
#4853 = ORIENTED_EDGE('',*,*,#4854,.F.);
#4854 = EDGE_CURVE('',#4855,#989,#4857,.T.);
#4855 = VERTEX_POINT('',#4856);
#4856 = CARTESIAN_POINT('',(-7.952169358345E-03,0.63252417967,
    0.650065552501));
#4857 = B_SPLINE_CURVE_WITH_KNOTS('',1,(#4858,#4859),.UNSPECIFIED.,.F.,
  .F.,(2,2),(0.,9.999999999997E-05),.PIECEWISE_BEZIER_KNOTS.);
#4858 = CARTESIAN_POINT('',(-7.952169358345E-03,0.63252417967,
    0.650065552501));
#4859 = CARTESIAN_POINT('',(-7.952169358345E-03,0.632425152863,
    0.650051635191));
#4860 = ORIENTED_EDGE('',*,*,#4861,.F.);
#4861 = EDGE_CURVE('',#4827,#4855,#4862,.T.);
#4862 = B_SPLINE_CURVE_WITH_KNOTS('',1,(#4863,#4864),.UNSPECIFIED.,.F.,
  .F.,(2,2),(-2.493859362293E-02,0.),.PIECEWISE_BEZIER_KNOTS.);
#4863 = CARTESIAN_POINT('',(-3.289013578028E-02,0.632548795072,
    0.64989040482));
#4864 = CARTESIAN_POINT('',(-7.952169358345E-03,0.63252417967,
    0.650065552501));
#4865 = ORIENTED_EDGE('',*,*,#4826,.T.);
#4866 = B_SPLINE_SURFACE_WITH_KNOTS('',1,1,(
    (#4867,#4868)
    ,(#4869,#4870
    )),.UNSPECIFIED.,.F.,.F.,.F.,(2,2),(2,2),(-1.000000000001E-04,0.),(
    -2.493859362293E-02,1.888680184469E-20),.PIECEWISE_BEZIER_KNOTS.);
#4867 = CARTESIAN_POINT('',(-3.289013578028E-02,0.632449768265,
    0.64987648751));
#4868 = CARTESIAN_POINT('',(-7.952169358345E-03,0.632425152863,
    0.650051635191));
#4869 = CARTESIAN_POINT('',(-3.289013578028E-02,0.632548795072,
    0.64989040482));
#4870 = CARTESIAN_POINT('',(-7.952169358345E-03,0.63252417967,
    0.650065552501));
#4871 = ADVANCED_FACE('',(#4872),#4888,.F.);
#4872 = FACE_BOUND('',#4873,.T.);
#4873 = EDGE_LOOP('',(#4874,#4875,#4882,#4887));
#4874 = ORIENTED_EDGE('',*,*,#1065,.T.);
#4875 = ORIENTED_EDGE('',*,*,#4876,.F.);
#4876 = EDGE_CURVE('',#4877,#1059,#4879,.T.);
#4877 = VERTEX_POINT('',#4878);
#4878 = CARTESIAN_POINT('',(-8.097735054662E-03,0.629667748488,
    0.670390116448));
#4879 = B_SPLINE_CURVE_WITH_KNOTS('',1,(#4880,#4881),.UNSPECIFIED.,.F.,
  .F.,(2,2),(0.,1.000000000001E-04),.PIECEWISE_BEZIER_KNOTS.);
#4880 = CARTESIAN_POINT('',(-8.097735054662E-03,0.629667748488,
    0.670390116448));
#4881 = CARTESIAN_POINT('',(-8.097735054662E-03,0.629568721681,
    0.670376199138));
#4882 = ORIENTED_EDGE('',*,*,#4883,.F.);
#4883 = EDGE_CURVE('',#4855,#4877,#4884,.T.);
#4884 = B_SPLINE_CURVE_WITH_KNOTS('',1,(#4885,#4886),.UNSPECIFIED.,.F.,
  .F.,(2,2),(-2.052482126799E-02,0.),.PIECEWISE_BEZIER_KNOTS.);
#4885 = CARTESIAN_POINT('',(-7.952169358345E-03,0.63252417967,
    0.650065552501));
#4886 = CARTESIAN_POINT('',(-8.097735054662E-03,0.629667748488,
    0.670390116448));
#4887 = ORIENTED_EDGE('',*,*,#4854,.T.);
#4888 = B_SPLINE_SURFACE_WITH_KNOTS('',1,1,(
    (#4889,#4890)
    ,(#4891,#4892
    )),.UNSPECIFIED.,.F.,.F.,.F.,(2,2),(2,2),(0.,2.033900198603E-02),(
    -9.902685511265E-05,2.856432573436E-03),.PIECEWISE_BEZIER_KNOTS.);
#4889 = CARTESIAN_POINT('',(-8.097832795766E-03,0.629568721681,
    0.670390115761));
#4890 = CARTESIAN_POINT('',(-8.09491570963E-03,0.63252417967,
    0.670390136249));
#4891 = CARTESIAN_POINT('',(-7.954988703377E-03,0.629568721681,
    0.65005161539));
#4892 = CARTESIAN_POINT('',(-7.952071617241E-03,0.63252417967,
    0.650051635878));
#4893 = ADVANCED_FACE('',(#4894),#4910,.F.);
#4894 = FACE_BOUND('',#4895,.T.);
#4895 = EDGE_LOOP('',(#4896,#4897,#4904,#4909));
#4896 = ORIENTED_EDGE('',*,*,#1058,.T.);
#4897 = ORIENTED_EDGE('',*,*,#4898,.F.);
#4898 = EDGE_CURVE('',#4899,#1052,#4901,.T.);
#4899 = VERTEX_POINT('',#4900);
#4900 = CARTESIAN_POINT('',(-2.991650617682E-02,0.62968928504,
    0.670236875919));
#4901 = B_SPLINE_CURVE_WITH_KNOTS('',1,(#4902,#4903),.UNSPECIFIED.,.F.,
  .F.,(2,2),(0.,9.999999999997E-05),.PIECEWISE_BEZIER_KNOTS.);
#4902 = CARTESIAN_POINT('',(-2.991650617682E-02,0.62968928504,
    0.670236875919));
#4903 = CARTESIAN_POINT('',(-2.991650617682E-02,0.629590258233,
    0.670222958608));
#4904 = ORIENTED_EDGE('',*,*,#4905,.F.);
#4905 = EDGE_CURVE('',#4877,#4899,#4906,.T.);
#4906 = B_SPLINE_CURVE_WITH_KNOTS('',1,(#4907,#4908),.UNSPECIFIED.,.F.,
  .F.,(2,2),(-2.1819319874E-02,0.),.PIECEWISE_BEZIER_KNOTS.);
#4907 = CARTESIAN_POINT('',(-8.097735054662E-03,0.629667748488,
    0.670390116448));
#4908 = CARTESIAN_POINT('',(-2.991650617682E-02,0.62968928504,
    0.670236875919));
#4909 = ORIENTED_EDGE('',*,*,#4876,.T.);
#4910 = B_SPLINE_SURFACE_WITH_KNOTS('',1,1,(
    (#4911,#4912)
    ,(#4913,#4914
    )),.UNSPECIFIED.,.F.,.F.,.F.,(2,2),(2,2),(-5.186890955806E-17,1.E-04
    ),(-2.287386004281E-19,2.1819319874E-02),.PIECEWISE_BEZIER_KNOTS.);
#4911 = CARTESIAN_POINT('',(-2.991650617682E-02,0.62968928504,
    0.670236875919));
#4912 = CARTESIAN_POINT('',(-8.097735054662E-03,0.629667748488,
    0.670390116448));
#4913 = CARTESIAN_POINT('',(-2.991650617682E-02,0.629590258233,
    0.670222958608));
#4914 = CARTESIAN_POINT('',(-8.097735054662E-03,0.629568721681,
    0.670376199138));
#4915 = ADVANCED_FACE('',(#4916),#4932,.F.);
#4916 = FACE_BOUND('',#4917,.T.);
#4917 = EDGE_LOOP('',(#4918,#4919,#4926,#4931));
#4918 = ORIENTED_EDGE('',*,*,#1051,.T.);
#4919 = ORIENTED_EDGE('',*,*,#4920,.F.);
#4920 = EDGE_CURVE('',#4921,#1045,#4923,.T.);
#4921 = VERTEX_POINT('',#4922);
#4922 = CARTESIAN_POINT('',(-2.996606045641E-02,0.628716882936,
    0.677155876411));
#4923 = B_SPLINE_CURVE_WITH_KNOTS('',1,(#4924,#4925),.UNSPECIFIED.,.F.,
  .F.,(2,2),(0.,9.999999999997E-05),.PIECEWISE_BEZIER_KNOTS.);
#4924 = CARTESIAN_POINT('',(-2.996606045641E-02,0.628716882936,
    0.677155876411));
#4925 = CARTESIAN_POINT('',(-2.996606045641E-02,0.628617856129,
    0.677141959101));
#4926 = ORIENTED_EDGE('',*,*,#4927,.F.);
#4927 = EDGE_CURVE('',#4899,#4921,#4928,.T.);
#4928 = B_SPLINE_CURVE_WITH_KNOTS('',1,(#4929,#4930),.UNSPECIFIED.,.F.,
  .F.,(2,2),(-6.987173197589E-03,0.),.PIECEWISE_BEZIER_KNOTS.);
#4929 = CARTESIAN_POINT('',(-2.991650617682E-02,0.62968928504,
    0.670236875919));
#4930 = CARTESIAN_POINT('',(-2.996606045641E-02,0.628716882936,
    0.677155876411));
#4931 = ORIENTED_EDGE('',*,*,#4898,.T.);
#4932 = B_SPLINE_SURFACE_WITH_KNOTS('',1,1,(
    (#4933,#4934)
    ,(#4935,#4936
    )),.UNSPECIFIED.,.F.,.F.,.F.,(2,2),(2,2),(0.,6.933094845699E-03),(
    -9.902685511254E-05,9.724025781873E-04),.PIECEWISE_BEZIER_KNOTS.);
#4933 = CARTESIAN_POINT('',(-2.996615819752E-02,0.628617856129,
    0.677155875724));
#4934 = CARTESIAN_POINT('',(-2.996510067938E-02,0.62968928504,
    0.677155883152));
#4935 = CARTESIAN_POINT('',(-2.991746595385E-02,0.628617856129,
    0.670222951868));
#4936 = CARTESIAN_POINT('',(-2.991640843571E-02,0.62968928504,
    0.670222959295));
#4937 = ADVANCED_FACE('',(#4938),#4954,.F.);
#4938 = FACE_BOUND('',#4939,.T.);
#4939 = EDGE_LOOP('',(#4940,#4941,#4948,#4953));
#4940 = ORIENTED_EDGE('',*,*,#1044,.T.);
#4941 = ORIENTED_EDGE('',*,*,#4942,.F.);
#4942 = EDGE_CURVE('',#4943,#1038,#4945,.T.);
#4943 = VERTEX_POINT('',#4944);
#4944 = CARTESIAN_POINT('',(-8.14728933426E-03,0.628695346384,
    0.67730911694));
#4945 = B_SPLINE_CURVE_WITH_KNOTS('',1,(#4946,#4947),.UNSPECIFIED.,.F.,
  .F.,(2,2),(0.,9.999999999997E-05),.PIECEWISE_BEZIER_KNOTS.);
#4946 = CARTESIAN_POINT('',(-8.14728933426E-03,0.628695346384,
    0.67730911694));
#4947 = CARTESIAN_POINT('',(-8.14728933426E-03,0.628596319577,
    0.67729519963));
#4948 = ORIENTED_EDGE('',*,*,#4949,.F.);
#4949 = EDGE_CURVE('',#4921,#4943,#4950,.T.);
#4950 = B_SPLINE_CURVE_WITH_KNOTS('',1,(#4951,#4952),.UNSPECIFIED.,.F.,
  .F.,(2,2),(-2.1819319874E-02,0.),.PIECEWISE_BEZIER_KNOTS.);
#4951 = CARTESIAN_POINT('',(-2.996606045641E-02,0.628716882936,
    0.677155876411));
#4952 = CARTESIAN_POINT('',(-8.14728933426E-03,0.628695346384,
    0.67730911694));
#4953 = ORIENTED_EDGE('',*,*,#4920,.T.);
#4954 = B_SPLINE_SURFACE_WITH_KNOTS('',1,1,(
    (#4955,#4956)
    ,(#4957,#4958
    )),.UNSPECIFIED.,.F.,.F.,.F.,(2,2),(2,2),(-1.E-04,0.),(
    -2.1819319874E-02,1.897353801849E-20),.PIECEWISE_BEZIER_KNOTS.);
#4955 = CARTESIAN_POINT('',(-2.996606045641E-02,0.628617856129,
    0.677141959101));
#4956 = CARTESIAN_POINT('',(-8.14728933426E-03,0.628596319577,
    0.67729519963));
#4957 = CARTESIAN_POINT('',(-2.996606045641E-02,0.628716882936,
    0.677155876411));
#4958 = CARTESIAN_POINT('',(-8.14728933426E-03,0.628695346384,
    0.67730911694));
#4959 = ADVANCED_FACE('',(#4960),#4976,.F.);
#4960 = FACE_BOUND('',#4961,.T.);
#4961 = EDGE_LOOP('',(#4962,#4963,#4970,#4975));
#4962 = ORIENTED_EDGE('',*,*,#1037,.T.);
#4963 = ORIENTED_EDGE('',*,*,#4964,.F.);
#4964 = EDGE_CURVE('',#4965,#1031,#4967,.T.);
#4965 = VERTEX_POINT('',#4966);
#4966 = CARTESIAN_POINT('',(-8.28577584778E-03,0.625977829788,
    0.696645252245));
#4967 = B_SPLINE_CURVE_WITH_KNOTS('',1,(#4968,#4969),.UNSPECIFIED.,.F.,
  .F.,(2,2),(0.,9.999999999997E-05),.PIECEWISE_BEZIER_KNOTS.);
#4968 = CARTESIAN_POINT('',(-8.28577584778E-03,0.625977829788,
    0.696645252245));
#4969 = CARTESIAN_POINT('',(-8.28577584778E-03,0.625878802981,
    0.696631334935));
#4970 = ORIENTED_EDGE('',*,*,#4971,.F.);
#4971 = EDGE_CURVE('',#4943,#4965,#4972,.T.);
#4972 = B_SPLINE_CURVE_WITH_KNOTS('',1,(#4973,#4974),.UNSPECIFIED.,.F.,
  .F.,(2,2),(-1.952665366864E-02,0.),.PIECEWISE_BEZIER_KNOTS.);
#4973 = CARTESIAN_POINT('',(-8.14728933426E-03,0.628695346384,
    0.67730911694));
#4974 = CARTESIAN_POINT('',(-8.28577584778E-03,0.625977829788,
    0.696645252245));
#4975 = ORIENTED_EDGE('',*,*,#4942,.T.);
#4976 = B_SPLINE_SURFACE_WITH_KNOTS('',1,1,(
    (#4977,#4978)
    ,(#4979,#4980
    )),.UNSPECIFIED.,.F.,.F.,.F.,(2,2),(2,2),(0.,1.935054800363E-02),(
    -9.902685511254E-05,2.717517919451E-03),.PIECEWISE_BEZIER_KNOTS.);
#4977 = CARTESIAN_POINT('',(-8.285873588884E-03,0.625878802981,
    0.696645251559));
#4978 = CARTESIAN_POINT('',(-8.283093613753E-03,0.628695346384,
    0.696645271083));
#4979 = CARTESIAN_POINT('',(-8.149971568287E-03,0.625878802981,
    0.677295180792));
#4980 = CARTESIAN_POINT('',(-8.147191593156E-03,0.628695346384,
    0.677295200316));
#4981 = ADVANCED_FACE('',(#4982),#4998,.F.);
#4982 = FACE_BOUND('',#4983,.T.);
#4983 = EDGE_LOOP('',(#4984,#4985,#4992,#4997));
#4984 = ORIENTED_EDGE('',*,*,#1030,.T.);
#4985 = ORIENTED_EDGE('',*,*,#4986,.F.);
#4986 = EDGE_CURVE('',#4987,#1024,#4989,.T.);
#4987 = VERTEX_POINT('',#4988);
#4988 = CARTESIAN_POINT('',(-3.183570036122E-02,0.626001075101,
    0.696479853246));
#4989 = B_SPLINE_CURVE_WITH_KNOTS('',1,(#4990,#4991),.UNSPECIFIED.,.F.,
  .F.,(2,2),(0.,9.999999999997E-05),.PIECEWISE_BEZIER_KNOTS.);
#4990 = CARTESIAN_POINT('',(-3.183570036122E-02,0.626001075101,
    0.696479853246));
#4991 = CARTESIAN_POINT('',(-3.183570036122E-02,0.625902048295,
    0.696465935936));
#4992 = ORIENTED_EDGE('',*,*,#4993,.F.);
#4993 = EDGE_CURVE('',#4965,#4987,#4994,.T.);
#4994 = B_SPLINE_CURVE_WITH_KNOTS('',1,(#4995,#4996),.UNSPECIFIED.,.F.,
  .F.,(2,2),(-2.355051680456E-02,0.),.PIECEWISE_BEZIER_KNOTS.);
#4995 = CARTESIAN_POINT('',(-8.28577584778E-03,0.625977829788,
    0.696645252245));
#4996 = CARTESIAN_POINT('',(-3.183570036122E-02,0.626001075101,
    0.696479853246));
#4997 = ORIENTED_EDGE('',*,*,#4964,.T.);
#4998 = B_SPLINE_SURFACE_WITH_KNOTS('',1,1,(
    (#4999,#5000)
    ,(#5001,#5002
    )),.UNSPECIFIED.,.F.,.F.,.F.,(2,2),(2,2),(-9.89639414254E-17,
    9.999999999997E-05),(-2.288047748771E-19,2.355051680456E-02),
  .PIECEWISE_BEZIER_KNOTS.);
#4999 = CARTESIAN_POINT('',(-3.183570036122E-02,0.626001075101,
    0.696479853246));
#5000 = CARTESIAN_POINT('',(-8.28577584778E-03,0.625977829788,
    0.696645252245));
#5001 = CARTESIAN_POINT('',(-3.183570036122E-02,0.625902048295,
    0.696465935936));
#5002 = CARTESIAN_POINT('',(-8.28577584778E-03,0.625878802981,
    0.696631334935));
#5003 = ADVANCED_FACE('',(#5004),#5020,.F.);
#5004 = FACE_BOUND('',#5005,.T.);
#5005 = EDGE_LOOP('',(#5006,#5007,#5014,#5019));
#5006 = ORIENTED_EDGE('',*,*,#1023,.T.);
#5007 = ORIENTED_EDGE('',*,*,#5008,.F.);
#5008 = EDGE_CURVE('',#5009,#1017,#5011,.T.);
#5009 = VERTEX_POINT('',#5010);
#5010 = CARTESIAN_POINT('',(-3.188547586528E-02,0.625024331916,
    0.703429742134));
#5011 = B_SPLINE_CURVE_WITH_KNOTS('',1,(#5012,#5013),.UNSPECIFIED.,.F.,
  .F.,(2,2),(0.,9.999999999997E-05),.PIECEWISE_BEZIER_KNOTS.);
#5012 = CARTESIAN_POINT('',(-3.188547586528E-02,0.625024331916,
    0.703429742134));
#5013 = CARTESIAN_POINT('',(-3.188547586528E-02,0.624925305109,
    0.703415824824));
#5014 = ORIENTED_EDGE('',*,*,#5015,.F.);
#5015 = EDGE_CURVE('',#4987,#5009,#5016,.T.);
#5016 = B_SPLINE_CURVE_WITH_KNOTS('',1,(#5017,#5018),.UNSPECIFIED.,.F.,
  .F.,(2,2),(-7.018365935043E-03,0.),.PIECEWISE_BEZIER_KNOTS.);
#5017 = CARTESIAN_POINT('',(-3.183570036122E-02,0.626001075101,
    0.696479853246));
#5018 = CARTESIAN_POINT('',(-3.188547586528E-02,0.625024331916,
    0.703429742134));
#5019 = ORIENTED_EDGE('',*,*,#4986,.T.);
#5020 = B_SPLINE_SURFACE_WITH_KNOTS('',1,1,(
    (#5021,#5022)
    ,(#5023,#5024
    )),.UNSPECIFIED.,.F.,.F.,.F.,(2,2),(2,2),(0.,6.963984032622E-03),(
    -9.902685511254E-05,9.767436611206E-04),.PIECEWISE_BEZIER_KNOTS.);
#5021 = CARTESIAN_POINT('',(-3.188557360638E-02,0.624925305109,
    0.703429741447));
#5022 = CARTESIAN_POINT('',(-3.188451180353E-02,0.626001075101,
    0.703429748905));
#5023 = CARTESIAN_POINT('',(-3.183666442297E-02,0.624925305109,
    0.696465929165));
#5024 = CARTESIAN_POINT('',(-3.183560262012E-02,0.626001075101,
    0.696465936623));
#5025 = ADVANCED_FACE('',(#5026),#5042,.F.);
#5026 = FACE_BOUND('',#5027,.T.);
#5027 = EDGE_LOOP('',(#5028,#5029,#5036,#5041));
#5028 = ORIENTED_EDGE('',*,*,#1016,.T.);
#5029 = ORIENTED_EDGE('',*,*,#5030,.F.);
#5030 = EDGE_CURVE('',#5031,#1010,#5033,.T.);
#5031 = VERTEX_POINT('',#5032);
#5032 = CARTESIAN_POINT('',(-4.595832198891E-04,0.624993312508,
    0.703650456691));
#5033 = B_SPLINE_CURVE_WITH_KNOTS('',1,(#5034,#5035),.UNSPECIFIED.,.F.,
  .F.,(2,2),(0.,9.999999999997E-05),.PIECEWISE_BEZIER_KNOTS.);
#5034 = CARTESIAN_POINT('',(-4.595832198891E-04,0.624993312508,
    0.703650456691));
#5035 = CARTESIAN_POINT('',(-4.595832198891E-04,0.624894285701,
    0.703636539381));
#5036 = ORIENTED_EDGE('',*,*,#5037,.F.);
#5037 = EDGE_CURVE('',#5009,#5031,#5038,.T.);
#5038 = B_SPLINE_CURVE_WITH_KNOTS('',1,(#5039,#5040),.UNSPECIFIED.,.F.,
  .F.,(2,2),(-3.142668302063E-02,0.),.PIECEWISE_BEZIER_KNOTS.);
#5039 = CARTESIAN_POINT('',(-3.188547586528E-02,0.625024331916,
    0.703429742134));
#5040 = CARTESIAN_POINT('',(-4.595832198891E-04,0.624993312508,
    0.703650456691));
#5041 = ORIENTED_EDGE('',*,*,#5008,.T.);
#5042 = B_SPLINE_SURFACE_WITH_KNOTS('',1,1,(
    (#5043,#5044)
    ,(#5045,#5046
    )),.UNSPECIFIED.,.F.,.F.,.F.,(2,2),(2,2),(-1.E-04,1.030363830871E-17
    ),(-3.142668302063E-02,1.890848588814E-20),
  .PIECEWISE_BEZIER_KNOTS.);
#5043 = CARTESIAN_POINT('',(-3.188547586528E-02,0.624925305109,
    0.703415824824));
#5044 = CARTESIAN_POINT('',(-4.595832198891E-04,0.624894285701,
    0.703636539381));
#5045 = CARTESIAN_POINT('',(-3.188547586528E-02,0.625024331916,
    0.703429742134));
#5046 = CARTESIAN_POINT('',(-4.595832198891E-04,0.624993312508,
    0.703650456691));
#5047 = ADVANCED_FACE('',(#5048),#5064,.F.);
#5048 = FACE_BOUND('',#5049,.T.);
#5049 = EDGE_LOOP('',(#5050,#5051,#5058,#5063));
#5050 = ORIENTED_EDGE('',*,*,#1009,.T.);
#5051 = ORIENTED_EDGE('',*,*,#5052,.F.);
#5052 = EDGE_CURVE('',#5053,#1003,#5055,.T.);
#5053 = VERTEX_POINT('',#5054);
#5054 = CARTESIAN_POINT('',(-2.68681712592E-05,0.633484466599,
    0.643232755963));
#5055 = B_SPLINE_CURVE_WITH_KNOTS('',1,(#5056,#5057),.UNSPECIFIED.,.F.,
  .F.,(2,2),(0.,9.999999999997E-05),.PIECEWISE_BEZIER_KNOTS.);
#5056 = CARTESIAN_POINT('',(-2.68681712592E-05,0.633484466599,
    0.643232755963));
#5057 = CARTESIAN_POINT('',(-2.68681712592E-05,0.633385439792,
    0.643218838653));
#5058 = ORIENTED_EDGE('',*,*,#5059,.F.);
#5059 = EDGE_CURVE('',#5031,#5053,#5060,.T.);
#5060 = B_SPLINE_CURVE_WITH_KNOTS('',1,(#5061,#5062),.UNSPECIFIED.,.F.,
  .F.,(2,2),(-6.10129945294E-02,0.),.PIECEWISE_BEZIER_KNOTS.);
#5061 = CARTESIAN_POINT('',(-4.595832198891E-04,0.624993312508,
    0.703650456691));
#5062 = CARTESIAN_POINT('',(-2.68681712592E-05,0.633484466599,
    0.643232755963));
#5063 = ORIENTED_EDGE('',*,*,#5030,.T.);
#5064 = B_SPLINE_SURFACE_WITH_KNOTS('',1,1,(
    (#5065,#5066)
    ,(#5067,#5068
    )),.UNSPECIFIED.,.F.,.F.,.F.,(2,2),(2,2),(-1.391696685757E-05,
    6.041924969247E-02),(-8.590185082561E-03,0.),
  .PIECEWISE_BEZIER_KNOTS.);
#5065 = CARTESIAN_POINT('',(-3.524908141507E-05,0.624894285701,
    0.643218779791));
#5066 = CARTESIAN_POINT('',(-2.677043015563E-05,0.633484466599,
    0.643218839339));
#5067 = CARTESIAN_POINT('',(-4.596809609927E-04,0.624894285701,
    0.703650456005));
#5068 = CARTESIAN_POINT('',(-4.512023097332E-04,0.633484466599,
    0.703650515553));
#5069 = ADVANCED_FACE('',(#5070),#5080,.F.);
#5070 = FACE_BOUND('',#5071,.T.);
#5071 = EDGE_LOOP('',(#5072,#5073,#5074,#5079));
#5072 = ORIENTED_EDGE('',*,*,#1002,.T.);
#5073 = ORIENTED_EDGE('',*,*,#4840,.F.);
#5074 = ORIENTED_EDGE('',*,*,#5075,.F.);
#5075 = EDGE_CURVE('',#5053,#4834,#5076,.T.);
#5076 = B_SPLINE_CURVE_WITH_KNOTS('',1,(#5077,#5078),.UNSPECIFIED.,.F.,
  .F.,(2,2),(-3.2814759839E-02,0.),.PIECEWISE_BEZIER_KNOTS.);
#5077 = CARTESIAN_POINT('',(-2.686817125919E-05,0.633484466599,
    0.643232755963));
#5078 = CARTESIAN_POINT('',(-3.284080272514E-02,0.633516856095,
    0.643002292723));
#5079 = ORIENTED_EDGE('',*,*,#5052,.T.);
#5080 = B_SPLINE_SURFACE_WITH_KNOTS('',1,1,(
    (#5081,#5082)
    ,(#5083,#5084)),.UNSPECIFIED.,.F.,.F.,.F.,(2,2),(2,2),(0.,1.E-04),(
    -2.287253655383E-19,3.2814759839E-02),.PIECEWISE_BEZIER_KNOTS.);
#5081 = CARTESIAN_POINT('',(-3.284080272514E-02,0.633516856095,
    0.643002292723));
#5082 = CARTESIAN_POINT('',(-2.686817125919E-05,0.633484466599,
    0.643232755963));
#5083 = CARTESIAN_POINT('',(-3.284080272514E-02,0.633417829288,
    0.642988375412));
#5084 = CARTESIAN_POINT('',(-2.686817125919E-05,0.633385439792,
    0.643218838653));
#5085 = ADVANCED_FACE('',(#5086),#5100,.F.);
#5086 = FACE_BOUND('',#5087,.T.);
#5087 = EDGE_LOOP('',(#5088,#5089,#5090,#5091,#5092,#5093,#5094,#5095,
    #5096,#5097,#5098,#5099));
#5088 = ORIENTED_EDGE('',*,*,#4833,.T.);
#5089 = ORIENTED_EDGE('',*,*,#4861,.T.);
#5090 = ORIENTED_EDGE('',*,*,#4883,.T.);
#5091 = ORIENTED_EDGE('',*,*,#4905,.T.);
#5092 = ORIENTED_EDGE('',*,*,#4927,.T.);
#5093 = ORIENTED_EDGE('',*,*,#4949,.T.);
#5094 = ORIENTED_EDGE('',*,*,#4971,.T.);
#5095 = ORIENTED_EDGE('',*,*,#4993,.T.);
#5096 = ORIENTED_EDGE('',*,*,#5015,.T.);
#5097 = ORIENTED_EDGE('',*,*,#5037,.T.);
#5098 = ORIENTED_EDGE('',*,*,#5059,.T.);
#5099 = ORIENTED_EDGE('',*,*,#5075,.T.);
#5100 = B_SPLINE_SURFACE_WITH_KNOTS('',1,1,(
    (#5101,#5102)
    ,(#5103,#5104
    )),.UNSPECIFIED.,.F.,.F.,.F.,(2,2),(2,2),(-0.609820222409,
    -0.548576034211),(-3.289013578028E-02,-2.686817125929E-05),
  .PIECEWISE_BEZIER_KNOTS.);
#5101 = CARTESIAN_POINT('',(-3.289013578028E-02,0.624993312508,
    0.703650456691));
#5102 = CARTESIAN_POINT('',(-2.686817125919E-05,0.624993312508,
    0.703650456691));
#5103 = CARTESIAN_POINT('',(-3.289013578028E-02,0.633516856095,
    0.643002292723));
#5104 = CARTESIAN_POINT('',(-2.686817125919E-05,0.633516856095,
    0.643002292723));
#5105 = ADVANCED_FACE('',(#5106,#5222),#5292,.T.);
#5106 = FACE_BOUND('',#5107,.T.);
#5107 = EDGE_LOOP('',(#5108,#5119,#5126,#5135,#5144,#5151,#5160,#5169,
    #5178,#5187,#5194,#5201,#5208,#5215));
#5108 = ORIENTED_EDGE('',*,*,#5109,.T.);
#5109 = EDGE_CURVE('',#5110,#5112,#5114,.T.);
#5110 = VERTEX_POINT('',#5111);
#5111 = CARTESIAN_POINT('',(-5.973247643637E-02,0.627339683395,
    0.686955160321));
#5112 = VERTEX_POINT('',#5113);
#5113 = CARTESIAN_POINT('',(-4.470038786407E-02,0.627889214637,
    0.683045042365));
#5114 = B_SPLINE_CURVE_WITH_KNOTS('',3,(#5115,#5116,#5117,#5118),
  .UNSPECIFIED.,.F.,.F.,(4,4),(0.,1.),.PIECEWISE_BEZIER_KNOTS.);
#5115 = CARTESIAN_POINT('',(-5.973247643637E-02,0.627339683395,
    0.686955160321));
#5116 = CARTESIAN_POINT('',(-5.405554099077E-02,0.627334079889,
    0.686995031338));
#5117 = CARTESIAN_POINT('',(-4.903971988259E-02,0.627515804812,
    0.685701991329));
#5118 = CARTESIAN_POINT('',(-4.470038786407E-02,0.627889214637,
    0.683045042365));
#5119 = ORIENTED_EDGE('',*,*,#5120,.T.);
#5120 = EDGE_CURVE('',#5112,#5121,#5123,.T.);
#5121 = VERTEX_POINT('',#5122);
#5122 = CARTESIAN_POINT('',(-4.464773644199E-02,0.628922391873,
    0.675693604342));
#5123 = B_SPLINE_CURVE_WITH_KNOTS('',1,(#5124,#5125),.UNSPECIFIED.,.F.,
  .F.,(2,2),(-7.423871522778E-03,0.),.PIECEWISE_BEZIER_KNOTS.);
#5124 = CARTESIAN_POINT('',(-4.470038786407E-02,0.627889214637,
    0.683045042365));
#5125 = CARTESIAN_POINT('',(-4.464773644199E-02,0.628922391873,
    0.675693604342));
#5126 = ORIENTED_EDGE('',*,*,#5127,.T.);
#5127 = EDGE_CURVE('',#5121,#5128,#5130,.T.);
#5128 = VERTEX_POINT('',#5129);
#5129 = CARTESIAN_POINT('',(-5.897103784937E-02,0.628202850344,
    0.68081340835));
#5130 = B_SPLINE_CURVE_WITH_KNOTS('',3,(#5131,#5132,#5133,#5134),
  .UNSPECIFIED.,.F.,.F.,(4,4),(12.,13.),.PIECEWISE_BEZIER_KNOTS.);
#5131 = CARTESIAN_POINT('',(-4.464773644199E-02,0.628922391873,
    0.675693604342));
#5132 = CARTESIAN_POINT('',(-4.89770030956E-02,0.628440439633,
    0.679122872718));
#5133 = CARTESIAN_POINT('',(-5.374638572213E-02,0.628197693271,
    0.68085010283));
#5134 = CARTESIAN_POINT('',(-5.897103784937E-02,0.628202850344,
    0.68081340835));
#5135 = ORIENTED_EDGE('',*,*,#5136,.T.);
#5136 = EDGE_CURVE('',#5128,#5137,#5139,.T.);
#5137 = VERTEX_POINT('',#5138);
#5138 = CARTESIAN_POINT('',(-6.772270178154E-02,0.62969621313,0.67018758
    ));
#5139 = B_SPLINE_CURVE_WITH_KNOTS('',3,(#5140,#5141,#5142,#5143),
  .UNSPECIFIED.,.F.,.F.,(4,4),(11.,12.),.PIECEWISE_BEZIER_KNOTS.);
#5140 = CARTESIAN_POINT('',(-5.897103784937E-02,0.628202850344,
    0.68081340835));
#5141 = CARTESIAN_POINT('',(-6.485072098944E-02,0.628208653975,
    0.680772113368));
#5142 = CARTESIAN_POINT('',(-6.777314095898E-02,0.628706446702,
    0.677230134073));
#5143 = CARTESIAN_POINT('',(-6.772270178154E-02,0.62969621313,0.67018758
    ));
#5144 = ORIENTED_EDGE('',*,*,#5145,.T.);
#5145 = EDGE_CURVE('',#5137,#5146,#5148,.T.);
#5146 = VERTEX_POINT('',#5147);
#5147 = CARTESIAN_POINT('',(-5.479640222151E-02,0.629935249381,
    0.668486748697));
#5148 = B_SPLINE_CURVE_WITH_KNOTS('',1,(#5149,#5150),.UNSPECIFIED.,.F.,
  .F.,(2,2),(-1.303990742941E-02,0.),.PIECEWISE_BEZIER_KNOTS.);
#5149 = CARTESIAN_POINT('',(-6.772270178154E-02,0.62969621313,0.67018758
    ));
#5150 = CARTESIAN_POINT('',(-5.479640222151E-02,0.629935249381,
    0.668486748697));
#5151 = ORIENTED_EDGE('',*,*,#5152,.T.);
#5152 = EDGE_CURVE('',#5146,#5153,#5155,.T.);
#5153 = VERTEX_POINT('',#5154);
#5154 = CARTESIAN_POINT('',(-4.023805365211E-02,0.631900511769,
    0.654503180202));
#5155 = B_SPLINE_CURVE_WITH_KNOTS('',3,(#5156,#5157,#5158,#5159),
  .UNSPECIFIED.,.F.,.F.,(4,4),(9.,10.),.PIECEWISE_BEZIER_KNOTS.);
#5156 = CARTESIAN_POINT('',(-5.479640222151E-02,0.629935249381,
    0.668486748697));
#5157 = CARTESIAN_POINT('',(-4.514857609343E-02,0.630112402211,
    0.667226240809));
#5158 = CARTESIAN_POINT('',(-4.029579323682E-02,0.630767489674,
    0.662565051311));
#5159 = CARTESIAN_POINT('',(-4.023805365211E-02,0.631900511769,
    0.654503180202));
#5160 = ORIENTED_EDGE('',*,*,#5161,.T.);
#5161 = EDGE_CURVE('',#5153,#5162,#5164,.T.);
#5162 = VERTEX_POINT('',#5163);
#5163 = CARTESIAN_POINT('',(-4.391538434661E-02,0.633193507393,
    0.645303038287));
#5164 = B_SPLINE_CURVE_WITH_KNOTS('',3,(#5165,#5166,#5167,#5168),
  .UNSPECIFIED.,.F.,.F.,(4,4),(8.,9.),.PIECEWISE_BEZIER_KNOTS.);
#5165 = CARTESIAN_POINT('',(-4.023805365211E-02,0.631900511769,
    0.654503180202));
#5166 = CARTESIAN_POINT('',(-4.02104005943E-02,0.632443146872,
    0.65064213082));
#5167 = CARTESIAN_POINT('',(-4.143617749247E-02,0.632874145414,
    0.647575416848));
#5168 = CARTESIAN_POINT('',(-4.391538434661E-02,0.633193507393,
    0.645303038287));
#5169 = ORIENTED_EDGE('',*,*,#5170,.T.);
#5170 = EDGE_CURVE('',#5162,#5171,#5173,.T.);
#5171 = VERTEX_POINT('',#5172);
#5172 = CARTESIAN_POINT('',(-5.396605047403E-02,0.633680970967,
    0.64183455473));
#5173 = B_SPLINE_CURVE_WITH_KNOTS('',3,(#5174,#5175,#5176,#5177),
  .UNSPECIFIED.,.F.,.F.,(4,4),(7.,8.),.PIECEWISE_BEZIER_KNOTS.);
#5174 = CARTESIAN_POINT('',(-4.391538434661E-02,0.633193507393,
    0.645303038287));
#5175 = CARTESIAN_POINT('',(-4.639459120054E-02,0.633512869373,
    0.643030659727));
#5176 = CARTESIAN_POINT('',(-4.973954084284E-02,0.633676799126,
    0.641864238921));
#5177 = CARTESIAN_POINT('',(-5.396605047403E-02,0.633680970967,
    0.64183455473));
#5178 = ORIENTED_EDGE('',*,*,#5179,.T.);
#5179 = EDGE_CURVE('',#5171,#5180,#5182,.T.);
#5180 = VERTEX_POINT('',#5181);
#5181 = CARTESIAN_POINT('',(-6.737129124828E-02,0.632613219318,
    0.649432002488));
#5182 = B_SPLINE_CURVE_WITH_KNOTS('',3,(#5183,#5184,#5185,#5186),
  .UNSPECIFIED.,.F.,.F.,(4,4),(6.,7.),.PIECEWISE_BEZIER_KNOTS.);
#5183 = CARTESIAN_POINT('',(-5.396605047403E-02,0.633680970967,
    0.64183455473));
#5184 = CARTESIAN_POINT('',(-5.98457336141E-02,0.633686774599,
    0.641793259748));
#5185 = CARTESIAN_POINT('',(-6.432454452331E-02,0.633330867645,
    0.64432566931));
#5186 = CARTESIAN_POINT('',(-6.737129124828E-02,0.632613219318,
    0.649432002488));
#5187 = ORIENTED_EDGE('',*,*,#5188,.T.);
#5188 = EDGE_CURVE('',#5180,#5189,#5191,.T.);
#5189 = VERTEX_POINT('',#5190);
#5190 = CARTESIAN_POINT('',(-6.757403894274E-02,0.632613419443,
    0.649430578523));
#5191 = B_SPLINE_CURVE_WITH_KNOTS('',1,(#5192,#5193),.UNSPECIFIED.,.F.,
  .F.,(2,2),(-2.027527936582E-04,0.),.PIECEWISE_BEZIER_KNOTS.);
#5192 = CARTESIAN_POINT('',(-6.737129124828E-02,0.632613219318,
    0.649432002488));
#5193 = CARTESIAN_POINT('',(-6.757403894274E-02,0.632613419443,
    0.649430578523));
#5194 = ORIENTED_EDGE('',*,*,#5195,.T.);
#5195 = EDGE_CURVE('',#5189,#5196,#5198,.T.);
#5196 = VERTEX_POINT('',#5197);
#5197 = CARTESIAN_POINT('',(-6.752625445885E-02,0.633551092901,
    0.642758685191));
#5198 = B_SPLINE_CURVE_WITH_KNOTS('',1,(#5199,#5200),.UNSPECIFIED.,.F.,
  .F.,(2,2),(-6.737631297541E-03,0.),.PIECEWISE_BEZIER_KNOTS.);
#5199 = CARTESIAN_POINT('',(-6.757403894274E-02,0.632613419443,
    0.649430578523));
#5200 = CARTESIAN_POINT('',(-6.752625445885E-02,0.633551092901,
    0.642758685191));
#5201 = ORIENTED_EDGE('',*,*,#5202,.T.);
#5202 = EDGE_CURVE('',#5196,#5203,#5205,.T.);
#5203 = VERTEX_POINT('',#5204);
#5204 = CARTESIAN_POINT('',(-7.516828294337E-02,0.633558636082,
    0.642705012668));
#5205 = B_SPLINE_CURVE_WITH_KNOTS('',1,(#5206,#5207),.UNSPECIFIED.,.F.,
  .F.,(2,2),(-7.642220684954E-03,0.),.PIECEWISE_BEZIER_KNOTS.);
#5206 = CARTESIAN_POINT('',(-6.752625445885E-02,0.633551092901,
    0.642758685191));
#5207 = CARTESIAN_POINT('',(-7.516828294337E-02,0.633558636082,
    0.642705012668));
#5208 = ORIENTED_EDGE('',*,*,#5209,.T.);
#5209 = EDGE_CURVE('',#5203,#5210,#5212,.T.);
#5210 = VERTEX_POINT('',#5211);
#5211 = CARTESIAN_POINT('',(-7.536716373515E-02,0.629656004422,
    0.670473679823));
#5212 = B_SPLINE_CURVE_WITH_KNOTS('',1,(#5213,#5214),.UNSPECIFIED.,.F.,
  .F.,(2,2),(-2.804227100272E-02,0.),.PIECEWISE_BEZIER_KNOTS.);
#5213 = CARTESIAN_POINT('',(-7.516828294337E-02,0.633558636082,
    0.642705012668));
#5214 = CARTESIAN_POINT('',(-7.536716373515E-02,0.629656004422,
    0.670473679823));
#5215 = ORIENTED_EDGE('',*,*,#5216,.T.);
#5216 = EDGE_CURVE('',#5210,#5110,#5217,.T.);
#5217 = B_SPLINE_CURVE_WITH_KNOTS('',3,(#5218,#5219,#5220,#5221),
  .UNSPECIFIED.,.F.,.F.,(4,4),(1.,2.),.PIECEWISE_BEZIER_KNOTS.);
#5218 = CARTESIAN_POINT('',(-7.536716373515E-02,0.629656004422,
    0.670473679823));
#5219 = CARTESIAN_POINT('',(-7.544547719487E-02,0.62811926181,
    0.681408171673));
#5220 = CARTESIAN_POINT('',(-7.022856862007E-02,0.627350043724,
    0.686881442754));
#5221 = CARTESIAN_POINT('',(-5.973247643637E-02,0.627339683395,
    0.686955160321));
#5222 = FACE_BOUND('',#5223,.T.);
#5223 = EDGE_LOOP('',(#5224,#5235,#5244,#5251,#5258,#5267,#5276,#5285));
#5224 = ORIENTED_EDGE('',*,*,#5225,.F.);
#5225 = EDGE_CURVE('',#5226,#5228,#5230,.T.);
#5226 = VERTEX_POINT('',#5227);
#5227 = CARTESIAN_POINT('',(-5.006031213617E-02,0.63105497104,
    0.660519515105));
#5228 = VERTEX_POINT('',#5229);
#5229 = CARTESIAN_POINT('',(-4.799367846146E-02,0.631821341094,
    0.655066508829));
#5230 = B_SPLINE_CURVE_WITH_KNOTS('',3,(#5231,#5232,#5233,#5234),
  .UNSPECIFIED.,.F.,.F.,(4,4),(1.,2.),.PIECEWISE_BEZIER_KNOTS.);
#5231 = CARTESIAN_POINT('',(-5.006031213617E-02,0.63105497104,
    0.660519515105));
#5232 = CARTESIAN_POINT('',(-4.87097667297E-02,0.631235972529,
    0.659231622589));
#5233 = CARTESIAN_POINT('',(-4.801049152061E-02,0.631491418951,
    0.657414026854));
#5234 = CARTESIAN_POINT('',(-4.799367846146E-02,0.631821341094,
    0.655066508829));
#5235 = ORIENTED_EDGE('',*,*,#5236,.F.);
#5236 = EDGE_CURVE('',#5237,#5226,#5239,.T.);
#5237 = VERTEX_POINT('',#5238);
#5238 = CARTESIAN_POINT('',(-5.747183030035E-02,0.630688934962,
    0.66312399713));
#5239 = B_SPLINE_CURVE_WITH_KNOTS('',3,(#5240,#5241,#5242,#5243),
  .UNSPECIFIED.,.F.,.F.,(4,4),(0.,1.),.PIECEWISE_BEZIER_KNOTS.);
#5240 = CARTESIAN_POINT('',(-5.747183030035E-02,0.630688934962,
    0.66312399713));
#5241 = CARTESIAN_POINT('',(-5.38968120908E-02,0.630754866973,
    0.662654866498));
#5242 = CARTESIAN_POINT('',(-5.142645351891E-02,0.630873984945,
    0.661807298087));
#5243 = CARTESIAN_POINT('',(-5.006031213617E-02,0.63105497104,
    0.660519515105));
#5244 = ORIENTED_EDGE('',*,*,#5245,.F.);
#5245 = EDGE_CURVE('',#5246,#5237,#5248,.T.);
#5246 = VERTEX_POINT('',#5247);
#5247 = CARTESIAN_POINT('',(-6.768133280705E-02,0.630507995244,
    0.664411450125));
#5248 = B_SPLINE_CURVE_WITH_KNOTS('',1,(#5249,#5250),.UNSPECIFIED.,.F.,
  .F.,(2,2),(5.405182117251E-18,1.029194907832E-02),
  .PIECEWISE_BEZIER_KNOTS.);
#5249 = CARTESIAN_POINT('',(-6.768133280705E-02,0.630507995244,
    0.664411450125));
#5250 = CARTESIAN_POINT('',(-5.747183030035E-02,0.630688934962,
    0.66312399713));
#5251 = ORIENTED_EDGE('',*,*,#5252,.F.);
#5252 = EDGE_CURVE('',#5253,#5246,#5255,.T.);
#5253 = VERTEX_POINT('',#5254);
#5254 = CARTESIAN_POINT('',(-6.765168872908E-02,0.631089700074,
    0.660272405187));
#5255 = B_SPLINE_CURVE_WITH_KNOTS('',1,(#5256,#5257),.UNSPECIFIED.,.F.,
  .F.,(2,2),(0.,4.179826823819E-03),.PIECEWISE_BEZIER_KNOTS.);
#5256 = CARTESIAN_POINT('',(-6.765168872908E-02,0.631089700074,
    0.660272405187));
#5257 = CARTESIAN_POINT('',(-6.768133280705E-02,0.630507995244,
    0.664411450125));
#5258 = ORIENTED_EDGE('',*,*,#5259,.F.);
#5259 = EDGE_CURVE('',#5260,#5253,#5262,.T.);
#5260 = VERTEX_POINT('',#5261);
#5261 = CARTESIAN_POINT('',(-6.431348469247E-02,0.632323675317,
    0.651492215106));
#5262 = B_SPLINE_CURVE_WITH_KNOTS('',3,(#5263,#5264,#5265,#5266),
  .UNSPECIFIED.,.F.,.F.,(4,4),(5.,6.),.PIECEWISE_BEZIER_KNOTS.);
#5263 = CARTESIAN_POINT('',(-6.431348469247E-02,0.632323675317,
    0.651492215106));
#5264 = CARTESIAN_POINT('',(-6.651351323702E-02,0.63200024945,
    0.653793509729));
#5265 = CARTESIAN_POINT('',(-6.762624791589E-02,0.631588924369,
    0.656720239756));
#5266 = CARTESIAN_POINT('',(-6.765168872908E-02,0.631089700074,
    0.660272405187));
#5267 = ORIENTED_EDGE('',*,*,#5268,.F.);
#5268 = EDGE_CURVE('',#5269,#5260,#5271,.T.);
#5269 = VERTEX_POINT('',#5270);
#5270 = CARTESIAN_POINT('',(-5.599120560639E-02,0.632810368791,
    0.648029211095));
#5271 = B_SPLINE_CURVE_WITH_KNOTS('',3,(#5272,#5273,#5274,#5275),
  .UNSPECIFIED.,.F.,.F.,(4,4),(4.,5.),.PIECEWISE_BEZIER_KNOTS.);
#5272 = CARTESIAN_POINT('',(-5.599120560639E-02,0.632810368791,
    0.648029211095));
#5273 = CARTESIAN_POINT('',(-5.934434055359E-02,0.632813678554,
    0.648005660906));
#5274 = CARTESIAN_POINT('',(-6.212883089994E-02,0.632651457659,
    0.649159922553));
#5275 = CARTESIAN_POINT('',(-6.431348469247E-02,0.632323675317,
    0.651492215106));
#5276 = ORIENTED_EDGE('',*,*,#5277,.F.);
#5277 = EDGE_CURVE('',#5278,#5269,#5280,.T.);
#5278 = VERTEX_POINT('',#5279);
#5279 = CARTESIAN_POINT('',(-5.01722475369E-02,0.632531123251,
    0.650016146357));
#5280 = B_SPLINE_CURVE_WITH_KNOTS('',3,(#5281,#5282,#5283,#5284),
  .UNSPECIFIED.,.F.,.F.,(4,4),(3.,4.),.PIECEWISE_BEZIER_KNOTS.);
#5281 = CARTESIAN_POINT('',(-5.01722475369E-02,0.632531123251,
    0.650016146357));
#5282 = CARTESIAN_POINT('',(-5.162897790038E-02,0.632714895705,
    0.648708537404));
#5283 = CARTESIAN_POINT('',(-5.357382924889E-02,0.632807982683,
    0.648046189137));
#5284 = CARTESIAN_POINT('',(-5.599120560639E-02,0.632810368791,
    0.648029211095));
#5285 = ORIENTED_EDGE('',*,*,#5286,.F.);
#5286 = EDGE_CURVE('',#5228,#5278,#5287,.T.);
#5287 = B_SPLINE_CURVE_WITH_KNOTS('',3,(#5288,#5289,#5290,#5291),
  .UNSPECIFIED.,.F.,.F.,(4,4),(2.,3.),.PIECEWISE_BEZIER_KNOTS.);
#5288 = CARTESIAN_POINT('',(-4.799367846146E-02,0.631821341094,
    0.655066508829));
#5289 = CARTESIAN_POINT('',(-4.797885642248E-02,0.632112193509,
    0.652996986361));
#5290 = CARTESIAN_POINT('',(-4.869992119695E-02,0.632347335403,
    0.651323864847));
#5291 = CARTESIAN_POINT('',(-5.01722475369E-02,0.632531123251,
    0.650016146357));
#5292 = B_SPLINE_SURFACE_WITH_KNOTS('',1,1,(
    (#5293,#5294)
    ,(#5295,#5296
    )),.UNSPECIFIED.,.F.,.F.,.F.,(2,2),(2,2),(-4.465270615442E-02,
    9.932891232537E-04),(-2.373064632981E-02,1.150443027076E-02),
  .PIECEWISE_BEZIER_KNOTS.);
#5293 = CARTESIAN_POINT('',(-7.544547719487E-02,0.633686774599,
    0.641793259748));
#5294 = CARTESIAN_POINT('',(-4.02104005943E-02,0.633686774599,
    0.641793259748));
#5295 = CARTESIAN_POINT('',(-7.544547719487E-02,0.627334079889,
    0.686995031338));
#5296 = CARTESIAN_POINT('',(-4.02104005943E-02,0.627334079889,
    0.686995031338));
#5297 = ADVANCED_FACE('',(#5298),#5312,.F.);
#5298 = FACE_BOUND('',#5299,.F.);
#5299 = EDGE_LOOP('',(#5300,#5305,#5306,#5311));
#5300 = ORIENTED_EDGE('',*,*,#5301,.F.);
#5301 = EDGE_CURVE('',#5110,#479,#5302,.T.);
#5302 = B_SPLINE_CURVE_WITH_KNOTS('',1,(#5303,#5304),.UNSPECIFIED.,.F.,
  .F.,(2,2),(0.,9.999999999997E-05),.PIECEWISE_BEZIER_KNOTS.);
#5303 = CARTESIAN_POINT('',(-5.973247643637E-02,0.627339683395,
    0.686955160321));
#5304 = CARTESIAN_POINT('',(-5.973247643637E-02,0.627240656589,
    0.686941243011));
#5305 = ORIENTED_EDGE('',*,*,#5109,.T.);
#5306 = ORIENTED_EDGE('',*,*,#5307,.T.);
#5307 = EDGE_CURVE('',#5112,#470,#5308,.T.);
#5308 = B_SPLINE_CURVE_WITH_KNOTS('',1,(#5309,#5310),.UNSPECIFIED.,.F.,
  .F.,(2,2),(0.,9.999999999997E-05),.PIECEWISE_BEZIER_KNOTS.);
#5309 = CARTESIAN_POINT('',(-4.470038786407E-02,0.627889214637,
    0.683045042365));
#5310 = CARTESIAN_POINT('',(-4.470038786407E-02,0.62779018783,
    0.683031125055));
#5311 = ORIENTED_EDGE('',*,*,#478,.F.);
#5312 = B_SPLINE_SURFACE_WITH_KNOTS('',3,1,(
    (#5313,#5314)
    ,(#5315,#5316)
    ,(#5317,#5318)
    ,(#5319,#5320
    )),.UNSPECIFIED.,.F.,.F.,.F.,(4,4),(2,2),(0.,1.),(0.,1.),
  .PIECEWISE_BEZIER_KNOTS.);
#5313 = CARTESIAN_POINT('',(-5.973247643637E-02,0.627339683395,
    0.686955160321));
#5314 = CARTESIAN_POINT('',(-5.973247643637E-02,0.627240656589,
    0.686941243011));
#5315 = CARTESIAN_POINT('',(-5.405554099077E-02,0.627334079889,
    0.686995031338));
#5316 = CARTESIAN_POINT('',(-5.405554099077E-02,0.627235053083,
    0.686981114028));
#5317 = CARTESIAN_POINT('',(-4.903971988259E-02,0.627515804812,
    0.685701991329));
#5318 = CARTESIAN_POINT('',(-4.903971988259E-02,0.627416778005,
    0.685688074019));
#5319 = CARTESIAN_POINT('',(-4.470038786407E-02,0.627889214637,
    0.683045042365));
#5320 = CARTESIAN_POINT('',(-4.470038786407E-02,0.62779018783,
    0.683031125055));
#5321 = ADVANCED_FACE('',(#5322),#5332,.F.);
#5322 = FACE_BOUND('',#5323,.T.);
#5323 = EDGE_LOOP('',(#5324,#5325,#5330,#5331));
#5324 = ORIENTED_EDGE('',*,*,#469,.T.);
#5325 = ORIENTED_EDGE('',*,*,#5326,.F.);
#5326 = EDGE_CURVE('',#5121,#472,#5327,.T.);
#5327 = B_SPLINE_CURVE_WITH_KNOTS('',1,(#5328,#5329),.UNSPECIFIED.,.F.,
  .F.,(2,2),(0.,9.999999999997E-05),.PIECEWISE_BEZIER_KNOTS.);
#5328 = CARTESIAN_POINT('',(-4.464773644199E-02,0.628922391873,
    0.675693604342));
#5329 = CARTESIAN_POINT('',(-4.464773644199E-02,0.628823365066,
    0.675679687032));
#5330 = ORIENTED_EDGE('',*,*,#5120,.F.);
#5331 = ORIENTED_EDGE('',*,*,#5307,.T.);
#5332 = B_SPLINE_SURFACE_WITH_KNOTS('',1,1,(
    (#5333,#5334)
    ,(#5335,#5336
    )),.UNSPECIFIED.,.F.,.F.,.F.,(2,2),(2,2),(-1.391696685757E-05,
    7.351626496604E-03),(-1.132204594484E-03,0.),
  .PIECEWISE_BEZIER_KNOTS.);
#5333 = CARTESIAN_POINT('',(-4.464875620509E-02,0.62779018783,
    0.67567967987));
#5334 = CARTESIAN_POINT('',(-4.464763870089E-02,0.628922391873,
    0.675679687718));
#5335 = CARTESIAN_POINT('',(-4.470048560517E-02,0.62779018783,
    0.683045041679));
#5336 = CARTESIAN_POINT('',(-4.469936810097E-02,0.628922391873,
    0.683045049527));
#5337 = ADVANCED_FACE('',(#5338),#5348,.F.);
#5338 = FACE_BOUND('',#5339,.F.);
#5339 = EDGE_LOOP('',(#5340,#5341,#5342,#5347));
#5340 = ORIENTED_EDGE('',*,*,#5326,.F.);
#5341 = ORIENTED_EDGE('',*,*,#5127,.T.);
#5342 = ORIENTED_EDGE('',*,*,#5343,.T.);
#5343 = EDGE_CURVE('',#5128,#568,#5344,.T.);
#5344 = B_SPLINE_CURVE_WITH_KNOTS('',1,(#5345,#5346),.UNSPECIFIED.,.F.,
  .F.,(2,2),(0.,1.000000000001E-04),.PIECEWISE_BEZIER_KNOTS.);
#5345 = CARTESIAN_POINT('',(-5.897103784937E-02,0.628202850344,
    0.68081340835));
#5346 = CARTESIAN_POINT('',(-5.897103784937E-02,0.628103823537,
    0.68079949104));
#5347 = ORIENTED_EDGE('',*,*,#576,.F.);
#5348 = B_SPLINE_SURFACE_WITH_KNOTS('',3,1,(
    (#5349,#5350)
    ,(#5351,#5352)
    ,(#5353,#5354)
    ,(#5355,#5356
    )),.UNSPECIFIED.,.F.,.F.,.F.,(4,4),(2,2),(12.,13.),(0.,1.),
  .PIECEWISE_BEZIER_KNOTS.);
#5349 = CARTESIAN_POINT('',(-4.464773644199E-02,0.628922391873,
    0.675693604342));
#5350 = CARTESIAN_POINT('',(-4.464773644199E-02,0.628823365066,
    0.675679687032));
#5351 = CARTESIAN_POINT('',(-4.89770030956E-02,0.628440439633,
    0.679122872718));
#5352 = CARTESIAN_POINT('',(-4.89770030956E-02,0.628341412826,
    0.679108955408));
#5353 = CARTESIAN_POINT('',(-5.374638572213E-02,0.628197693271,
    0.68085010283));
#5354 = CARTESIAN_POINT('',(-5.374638572213E-02,0.628098666464,
    0.680836185519));
#5355 = CARTESIAN_POINT('',(-5.897103784937E-02,0.628202850344,
    0.68081340835));
#5356 = CARTESIAN_POINT('',(-5.897103784937E-02,0.628103823537,
    0.68079949104));
#5357 = ADVANCED_FACE('',(#5358),#5368,.F.);
#5358 = FACE_BOUND('',#5359,.F.);
#5359 = EDGE_LOOP('',(#5360,#5361,#5362,#5367));
#5360 = ORIENTED_EDGE('',*,*,#5343,.F.);
#5361 = ORIENTED_EDGE('',*,*,#5136,.T.);
#5362 = ORIENTED_EDGE('',*,*,#5363,.T.);
#5363 = EDGE_CURVE('',#5137,#561,#5364,.T.);
#5364 = B_SPLINE_CURVE_WITH_KNOTS('',1,(#5365,#5366),.UNSPECIFIED.,.F.,
  .F.,(2,2),(0.,1.000000000001E-04),.PIECEWISE_BEZIER_KNOTS.);
#5365 = CARTESIAN_POINT('',(-6.772270178154E-02,0.62969621313,0.67018758
    ));
#5366 = CARTESIAN_POINT('',(-6.772270178154E-02,0.629597186323,
    0.67017366269));
#5367 = ORIENTED_EDGE('',*,*,#567,.F.);
#5368 = B_SPLINE_SURFACE_WITH_KNOTS('',3,1,(
    (#5369,#5370)
    ,(#5371,#5372)
    ,(#5373,#5374)
    ,(#5375,#5376
    )),.UNSPECIFIED.,.F.,.F.,.F.,(4,4),(2,2),(11.,12.),(0.,1.),
  .PIECEWISE_BEZIER_KNOTS.);
#5369 = CARTESIAN_POINT('',(-5.897103784937E-02,0.628202850344,
    0.68081340835));
#5370 = CARTESIAN_POINT('',(-5.897103784937E-02,0.628103823537,
    0.68079949104));
#5371 = CARTESIAN_POINT('',(-6.485072098944E-02,0.628208653975,
    0.680772113368));
#5372 = CARTESIAN_POINT('',(-6.485072098944E-02,0.628109627168,
    0.680758196058));
#5373 = CARTESIAN_POINT('',(-6.777314095898E-02,0.628706446702,
    0.677230134073));
#5374 = CARTESIAN_POINT('',(-6.777314095898E-02,0.628607419895,
    0.677216216763));
#5375 = CARTESIAN_POINT('',(-6.772270178154E-02,0.62969621313,0.67018758
    ));
#5376 = CARTESIAN_POINT('',(-6.772270178154E-02,0.629597186323,
    0.67017366269));
#5377 = ADVANCED_FACE('',(#5378),#5388,.F.);
#5378 = FACE_BOUND('',#5379,.T.);
#5379 = EDGE_LOOP('',(#5380,#5381,#5386,#5387));
#5380 = ORIENTED_EDGE('',*,*,#560,.T.);
#5381 = ORIENTED_EDGE('',*,*,#5382,.F.);
#5382 = EDGE_CURVE('',#5146,#552,#5383,.T.);
#5383 = B_SPLINE_CURVE_WITH_KNOTS('',1,(#5384,#5385),.UNSPECIFIED.,.F.,
  .F.,(2,2),(0.,1.000000000001E-04),.PIECEWISE_BEZIER_KNOTS.);
#5384 = CARTESIAN_POINT('',(-5.479640222151E-02,0.629935249381,
    0.668486748697));
#5385 = CARTESIAN_POINT('',(-5.479640222151E-02,0.629836222574,
    0.668472831387));
#5386 = ORIENTED_EDGE('',*,*,#5145,.F.);
#5387 = ORIENTED_EDGE('',*,*,#5363,.T.);
#5388 = B_SPLINE_SURFACE_WITH_KNOTS('',1,1,(
    (#5389,#5390)
    ,(#5391,#5392
    )),.UNSPECIFIED.,.F.,.F.,.F.,(2,2),(2,2),(-1.000000000001E-04,0.),(
    -1.303990742941E-02,2.213720607649E-18),.PIECEWISE_BEZIER_KNOTS.);
#5389 = CARTESIAN_POINT('',(-6.772270178154E-02,0.629597186323,
    0.67017366269));
#5390 = CARTESIAN_POINT('',(-5.479640222151E-02,0.629836222574,
    0.668472831387));
#5391 = CARTESIAN_POINT('',(-6.772270178154E-02,0.62969621313,0.67018758
    ));
#5392 = CARTESIAN_POINT('',(-5.479640222151E-02,0.629935249381,
    0.668486748697));
#5393 = ADVANCED_FACE('',(#5394),#5404,.F.);
#5394 = FACE_BOUND('',#5395,.F.);
#5395 = EDGE_LOOP('',(#5396,#5397,#5398,#5403));
#5396 = ORIENTED_EDGE('',*,*,#5382,.F.);
#5397 = ORIENTED_EDGE('',*,*,#5152,.T.);
#5398 = ORIENTED_EDGE('',*,*,#5399,.T.);
#5399 = EDGE_CURVE('',#5153,#543,#5400,.T.);
#5400 = B_SPLINE_CURVE_WITH_KNOTS('',1,(#5401,#5402),.UNSPECIFIED.,.F.,
  .F.,(2,2),(0.,1.000000000001E-04),.PIECEWISE_BEZIER_KNOTS.);
#5401 = CARTESIAN_POINT('',(-4.023805365211E-02,0.631900511769,
    0.654503180202));
#5402 = CARTESIAN_POINT('',(-4.023805365211E-02,0.631801484962,
    0.654489262892));
#5403 = ORIENTED_EDGE('',*,*,#551,.F.);
#5404 = B_SPLINE_SURFACE_WITH_KNOTS('',3,1,(
    (#5405,#5406)
    ,(#5407,#5408)
    ,(#5409,#5410)
    ,(#5411,#5412
    )),.UNSPECIFIED.,.F.,.F.,.F.,(4,4),(2,2),(9.,10.),(0.,1.),
  .PIECEWISE_BEZIER_KNOTS.);
#5405 = CARTESIAN_POINT('',(-5.479640222151E-02,0.629935249381,
    0.668486748697));
#5406 = CARTESIAN_POINT('',(-5.479640222151E-02,0.629836222574,
    0.668472831387));
#5407 = CARTESIAN_POINT('',(-4.514857609343E-02,0.630112402211,
    0.667226240809));
#5408 = CARTESIAN_POINT('',(-4.514857609343E-02,0.630013375405,
    0.667212323499));
#5409 = CARTESIAN_POINT('',(-4.029579323682E-02,0.630767489674,
    0.662565051311));
#5410 = CARTESIAN_POINT('',(-4.029579323682E-02,0.630668462867,
    0.662551134001));
#5411 = CARTESIAN_POINT('',(-4.023805365211E-02,0.631900511769,
    0.654503180202));
#5412 = CARTESIAN_POINT('',(-4.023805365211E-02,0.631801484962,
    0.654489262892));
#5413 = ADVANCED_FACE('',(#5414),#5424,.F.);
#5414 = FACE_BOUND('',#5415,.F.);
#5415 = EDGE_LOOP('',(#5416,#5417,#5418,#5423));
#5416 = ORIENTED_EDGE('',*,*,#5399,.F.);
#5417 = ORIENTED_EDGE('',*,*,#5161,.T.);
#5418 = ORIENTED_EDGE('',*,*,#5419,.T.);
#5419 = EDGE_CURVE('',#5162,#534,#5420,.T.);
#5420 = B_SPLINE_CURVE_WITH_KNOTS('',1,(#5421,#5422),.UNSPECIFIED.,.F.,
  .F.,(2,2),(0.,9.999999999997E-05),.PIECEWISE_BEZIER_KNOTS.);
#5421 = CARTESIAN_POINT('',(-4.391538434661E-02,0.633193507393,
    0.645303038287));
#5422 = CARTESIAN_POINT('',(-4.391538434661E-02,0.633094480586,
    0.645289120977));
#5423 = ORIENTED_EDGE('',*,*,#542,.F.);
#5424 = B_SPLINE_SURFACE_WITH_KNOTS('',3,1,(
    (#5425,#5426)
    ,(#5427,#5428)
    ,(#5429,#5430)
    ,(#5431,#5432
    )),.UNSPECIFIED.,.F.,.F.,.F.,(4,4),(2,2),(8.,9.),(0.,1.),
  .PIECEWISE_BEZIER_KNOTS.);
#5425 = CARTESIAN_POINT('',(-4.023805365211E-02,0.631900511769,
    0.654503180202));
#5426 = CARTESIAN_POINT('',(-4.023805365211E-02,0.631801484962,
    0.654489262892));
#5427 = CARTESIAN_POINT('',(-4.02104005943E-02,0.632443146872,
    0.65064213082));
#5428 = CARTESIAN_POINT('',(-4.02104005943E-02,0.632344120065,
    0.650628213509));
#5429 = CARTESIAN_POINT('',(-4.143617749247E-02,0.632874145414,
    0.647575416848));
#5430 = CARTESIAN_POINT('',(-4.143617749247E-02,0.632775118607,
    0.647561499538));
#5431 = CARTESIAN_POINT('',(-4.391538434661E-02,0.633193507393,
    0.645303038287));
#5432 = CARTESIAN_POINT('',(-4.391538434661E-02,0.633094480586,
    0.645289120977));
#5433 = ADVANCED_FACE('',(#5434),#5444,.F.);
#5434 = FACE_BOUND('',#5435,.F.);
#5435 = EDGE_LOOP('',(#5436,#5437,#5438,#5443));
#5436 = ORIENTED_EDGE('',*,*,#5419,.F.);
#5437 = ORIENTED_EDGE('',*,*,#5170,.T.);
#5438 = ORIENTED_EDGE('',*,*,#5439,.T.);
#5439 = EDGE_CURVE('',#5171,#525,#5440,.T.);
#5440 = B_SPLINE_CURVE_WITH_KNOTS('',1,(#5441,#5442),.UNSPECIFIED.,.F.,
  .F.,(2,2),(0.,1.000000000001E-04),.PIECEWISE_BEZIER_KNOTS.);
#5441 = CARTESIAN_POINT('',(-5.396605047403E-02,0.633680970967,
    0.64183455473));
#5442 = CARTESIAN_POINT('',(-5.396605047403E-02,0.633581944161,
    0.64182063742));
#5443 = ORIENTED_EDGE('',*,*,#533,.F.);
#5444 = B_SPLINE_SURFACE_WITH_KNOTS('',3,1,(
    (#5445,#5446)
    ,(#5447,#5448)
    ,(#5449,#5450)
    ,(#5451,#5452
    )),.UNSPECIFIED.,.F.,.F.,.F.,(4,4),(2,2),(7.,8.),(0.,1.),
  .PIECEWISE_BEZIER_KNOTS.);
#5445 = CARTESIAN_POINT('',(-4.391538434661E-02,0.633193507393,
    0.645303038287));
#5446 = CARTESIAN_POINT('',(-4.391538434661E-02,0.633094480586,
    0.645289120977));
#5447 = CARTESIAN_POINT('',(-4.639459120054E-02,0.633512869373,
    0.643030659727));
#5448 = CARTESIAN_POINT('',(-4.639459120054E-02,0.633413842566,
    0.643016742417));
#5449 = CARTESIAN_POINT('',(-4.973954084284E-02,0.633676799126,
    0.641864238921));
#5450 = CARTESIAN_POINT('',(-4.973954084284E-02,0.63357777232,
    0.641850321611));
#5451 = CARTESIAN_POINT('',(-5.396605047403E-02,0.633680970967,
    0.64183455473));
#5452 = CARTESIAN_POINT('',(-5.396605047403E-02,0.633581944161,
    0.64182063742));
#5453 = ADVANCED_FACE('',(#5454),#5464,.F.);
#5454 = FACE_BOUND('',#5455,.F.);
#5455 = EDGE_LOOP('',(#5456,#5457,#5458,#5463));
#5456 = ORIENTED_EDGE('',*,*,#5439,.F.);
#5457 = ORIENTED_EDGE('',*,*,#5179,.T.);
#5458 = ORIENTED_EDGE('',*,*,#5459,.T.);
#5459 = EDGE_CURVE('',#5180,#518,#5460,.T.);
#5460 = B_SPLINE_CURVE_WITH_KNOTS('',1,(#5461,#5462),.UNSPECIFIED.,.F.,
  .F.,(2,2),(0.,9.999999999997E-05),.PIECEWISE_BEZIER_KNOTS.);
#5461 = CARTESIAN_POINT('',(-6.737129124828E-02,0.632613219318,
    0.649432002488));
#5462 = CARTESIAN_POINT('',(-6.737129124828E-02,0.632514192511,
    0.649418085178));
#5463 = ORIENTED_EDGE('',*,*,#524,.F.);
#5464 = B_SPLINE_SURFACE_WITH_KNOTS('',3,1,(
    (#5465,#5466)
    ,(#5467,#5468)
    ,(#5469,#5470)
    ,(#5471,#5472
    )),.UNSPECIFIED.,.F.,.F.,.F.,(4,4),(2,2),(6.,7.),(0.,1.),
  .PIECEWISE_BEZIER_KNOTS.);
#5465 = CARTESIAN_POINT('',(-5.396605047403E-02,0.633680970967,
    0.64183455473));
#5466 = CARTESIAN_POINT('',(-5.396605047403E-02,0.633581944161,
    0.64182063742));
#5467 = CARTESIAN_POINT('',(-5.98457336141E-02,0.633686774599,
    0.641793259748));
#5468 = CARTESIAN_POINT('',(-5.98457336141E-02,0.633587747792,
    0.641779342438));
#5469 = CARTESIAN_POINT('',(-6.432454452331E-02,0.633330867645,
    0.64432566931));
#5470 = CARTESIAN_POINT('',(-6.432454452331E-02,0.633231840838,
    0.644311752));
#5471 = CARTESIAN_POINT('',(-6.737129124828E-02,0.632613219318,
    0.649432002488));
#5472 = CARTESIAN_POINT('',(-6.737129124828E-02,0.632514192511,
    0.649418085178));
#5473 = ADVANCED_FACE('',(#5474),#5484,.F.);
#5474 = FACE_BOUND('',#5475,.T.);
#5475 = EDGE_LOOP('',(#5476,#5477,#5482,#5483));
#5476 = ORIENTED_EDGE('',*,*,#517,.T.);
#5477 = ORIENTED_EDGE('',*,*,#5478,.F.);
#5478 = EDGE_CURVE('',#5189,#511,#5479,.T.);
#5479 = B_SPLINE_CURVE_WITH_KNOTS('',1,(#5480,#5481),.UNSPECIFIED.,.F.,
  .F.,(2,2),(0.,9.999999999997E-05),.PIECEWISE_BEZIER_KNOTS.);
#5480 = CARTESIAN_POINT('',(-6.757403894274E-02,0.632613419443,
    0.649430578523));
#5481 = CARTESIAN_POINT('',(-6.757403894274E-02,0.632514392636,
    0.649416661213));
#5482 = ORIENTED_EDGE('',*,*,#5188,.F.);
#5483 = ORIENTED_EDGE('',*,*,#5459,.T.);
#5484 = B_SPLINE_SURFACE_WITH_KNOTS('',1,1,(
    (#5485,#5486)
    ,(#5487,#5488
    )),.UNSPECIFIED.,.F.,.F.,.F.,(2,2),(2,2),(-8.537634181136E-17,
    9.999999999997E-05),(-2.288312446567E-19,2.027527936582E-04),
  .PIECEWISE_BEZIER_KNOTS.);
#5485 = CARTESIAN_POINT('',(-6.757403894274E-02,0.632613419443,
    0.649430578523));
#5486 = CARTESIAN_POINT('',(-6.737129124828E-02,0.632613219318,
    0.649432002488));
#5487 = CARTESIAN_POINT('',(-6.757403894274E-02,0.632514392636,
    0.649416661213));
#5488 = CARTESIAN_POINT('',(-6.737129124828E-02,0.632514192511,
    0.649418085178));
#5489 = ADVANCED_FACE('',(#5490),#5500,.F.);
#5490 = FACE_BOUND('',#5491,.T.);
#5491 = EDGE_LOOP('',(#5492,#5493,#5498,#5499));
#5492 = ORIENTED_EDGE('',*,*,#510,.T.);
#5493 = ORIENTED_EDGE('',*,*,#5494,.F.);
#5494 = EDGE_CURVE('',#5196,#504,#5495,.T.);
#5495 = B_SPLINE_CURVE_WITH_KNOTS('',1,(#5496,#5497),.UNSPECIFIED.,.F.,
  .F.,(2,2),(0.,9.999999999997E-05),.PIECEWISE_BEZIER_KNOTS.);
#5496 = CARTESIAN_POINT('',(-6.752625445885E-02,0.633551092901,
    0.642758685191));
#5497 = CARTESIAN_POINT('',(-6.752625445885E-02,0.633452066094,
    0.642744767881));
#5498 = ORIENTED_EDGE('',*,*,#5195,.F.);
#5499 = ORIENTED_EDGE('',*,*,#5478,.T.);
#5500 = B_SPLINE_SURFACE_WITH_KNOTS('',1,1,(
    (#5501,#5502)
    ,(#5503,#5504
    )),.UNSPECIFIED.,.F.,.F.,.F.,(2,2),(2,2),(-1.391696685757E-05,
    6.672064383035E-03),(-1.036700769775E-03,0.),
  .PIECEWISE_BEZIER_KNOTS.);
#5501 = CARTESIAN_POINT('',(-6.752717995813E-02,0.632514392636,
    0.642744761381));
#5502 = CARTESIAN_POINT('',(-6.752615671774E-02,0.633551092901,
    0.642744768567));
#5503 = CARTESIAN_POINT('',(-6.757413668385E-02,0.632514392636,
    0.649430577836));
#5504 = CARTESIAN_POINT('',(-6.757311344346E-02,0.633551092901,
    0.649430585023));
#5505 = ADVANCED_FACE('',(#5506),#5516,.F.);
#5506 = FACE_BOUND('',#5507,.T.);
#5507 = EDGE_LOOP('',(#5508,#5509,#5514,#5515));
#5508 = ORIENTED_EDGE('',*,*,#503,.T.);
#5509 = ORIENTED_EDGE('',*,*,#5510,.F.);
#5510 = EDGE_CURVE('',#5203,#497,#5511,.T.);
#5511 = B_SPLINE_CURVE_WITH_KNOTS('',1,(#5512,#5513),.UNSPECIFIED.,.F.,
  .F.,(2,2),(0.,1.000000000001E-04),.PIECEWISE_BEZIER_KNOTS.);
#5512 = CARTESIAN_POINT('',(-7.516828294337E-02,0.633558636082,
    0.642705012668));
#5513 = CARTESIAN_POINT('',(-7.516828294337E-02,0.633459609275,
    0.642691095358));
#5514 = ORIENTED_EDGE('',*,*,#5202,.F.);
#5515 = ORIENTED_EDGE('',*,*,#5494,.T.);
#5516 = B_SPLINE_SURFACE_WITH_KNOTS('',1,1,(
    (#5517,#5518)
    ,(#5519,#5520
    )),.UNSPECIFIED.,.F.,.F.,.F.,(2,2),(2,2),(0.,1.000000000001E-04),(
    -1.192066524362E-19,7.642220684954E-03),.PIECEWISE_BEZIER_KNOTS.);
#5517 = CARTESIAN_POINT('',(-7.516828294337E-02,0.633558636082,
    0.642705012668));
#5518 = CARTESIAN_POINT('',(-6.752625445885E-02,0.633551092901,
    0.642758685191));
#5519 = CARTESIAN_POINT('',(-7.516828294337E-02,0.633459609275,
    0.642691095358));
#5520 = CARTESIAN_POINT('',(-6.752625445885E-02,0.633452066094,
    0.642744767881));
#5521 = ADVANCED_FACE('',(#5522),#5532,.F.);
#5522 = FACE_BOUND('',#5523,.T.);
#5523 = EDGE_LOOP('',(#5524,#5525,#5530,#5531));
#5524 = ORIENTED_EDGE('',*,*,#496,.T.);
#5525 = ORIENTED_EDGE('',*,*,#5526,.F.);
#5526 = EDGE_CURVE('',#5210,#488,#5527,.T.);
#5527 = B_SPLINE_CURVE_WITH_KNOTS('',1,(#5528,#5529),.UNSPECIFIED.,.F.,
  .F.,(2,2),(0.,9.999999999986E-05),.PIECEWISE_BEZIER_KNOTS.);
#5528 = CARTESIAN_POINT('',(-7.536716373515E-02,0.629656004422,
    0.670473679823));
#5529 = CARTESIAN_POINT('',(-7.536716373515E-02,0.629556977615,
    0.670459762513));
#5530 = ORIENTED_EDGE('',*,*,#5209,.F.);
#5531 = ORIENTED_EDGE('',*,*,#5510,.T.);
#5532 = B_SPLINE_SURFACE_WITH_KNOTS('',1,1,(
    (#5533,#5534)
    ,(#5535,#5536
    )),.UNSPECIFIED.,.F.,.F.,.F.,(2,2),(2,2),(0.,2.778329604299E-02),(
    -9.902685511254E-05,3.90263356155E-03),.PIECEWISE_BEZIER_KNOTS.);
#5533 = CARTESIAN_POINT('',(-7.536726147625E-02,0.629556977615,
    0.670473679136));
#5534 = CARTESIAN_POINT('',(-7.536331177286E-02,0.633558636082,
    0.670473706876));
#5535 = CARTESIAN_POINT('',(-7.517213490566E-02,0.629556977615,
    0.642691068305));
#5536 = CARTESIAN_POINT('',(-7.516818520227E-02,0.633558636082,
    0.642691096045));
#5537 = ADVANCED_FACE('',(#5538),#5544,.F.);
#5538 = FACE_BOUND('',#5539,.F.);
#5539 = EDGE_LOOP('',(#5540,#5541,#5542,#5543));
#5540 = ORIENTED_EDGE('',*,*,#5526,.F.);
#5541 = ORIENTED_EDGE('',*,*,#5216,.T.);
#5542 = ORIENTED_EDGE('',*,*,#5301,.T.);
#5543 = ORIENTED_EDGE('',*,*,#487,.F.);
#5544 = B_SPLINE_SURFACE_WITH_KNOTS('',3,1,(
    (#5545,#5546)
    ,(#5547,#5548)
    ,(#5549,#5550)
    ,(#5551,#5552
    )),.UNSPECIFIED.,.F.,.F.,.F.,(4,4),(2,2),(1.,2.),(0.,1.),
  .PIECEWISE_BEZIER_KNOTS.);
#5545 = CARTESIAN_POINT('',(-7.536716373515E-02,0.629656004422,
    0.670473679823));
#5546 = CARTESIAN_POINT('',(-7.536716373515E-02,0.629556977615,
    0.670459762513));
#5547 = CARTESIAN_POINT('',(-7.544547719487E-02,0.62811926181,
    0.681408171673));
#5548 = CARTESIAN_POINT('',(-7.544547719487E-02,0.628020235003,
    0.681394254363));
#5549 = CARTESIAN_POINT('',(-7.022856862007E-02,0.627350043724,
    0.686881442754));
#5550 = CARTESIAN_POINT('',(-7.022856862007E-02,0.627251016917,
    0.686867525444));
#5551 = CARTESIAN_POINT('',(-5.973247643637E-02,0.627339683395,
    0.686955160321));
#5552 = CARTESIAN_POINT('',(-5.973247643637E-02,0.627240656589,
    0.686941243011));
#5553 = ADVANCED_FACE('',(#5554),#5578,.T.);
#5554 = FACE_BOUND('',#5555,.T.);
#5555 = EDGE_LOOP('',(#5556,#5567,#5572,#5573));
#5556 = ORIENTED_EDGE('',*,*,#5557,.F.);
#5557 = EDGE_CURVE('',#5558,#5560,#5562,.T.);
#5558 = VERTEX_POINT('',#5559);
#5559 = CARTESIAN_POINT('',(-5.747183030035E-02,0.630589908155,
    0.66311007982));
#5560 = VERTEX_POINT('',#5561);
#5561 = CARTESIAN_POINT('',(-5.006031213617E-02,0.630955944233,
    0.660505597795));
#5562 = B_SPLINE_CURVE_WITH_KNOTS('',3,(#5563,#5564,#5565,#5566),
  .UNSPECIFIED.,.F.,.F.,(4,4),(0.,1.),.PIECEWISE_BEZIER_KNOTS.);
#5563 = CARTESIAN_POINT('',(-5.747183030035E-02,0.630589908155,
    0.66311007982));
#5564 = CARTESIAN_POINT('',(-5.38968120908E-02,0.630655840166,
    0.662640949188));
#5565 = CARTESIAN_POINT('',(-5.142645351891E-02,0.630774958138,
    0.661793380777));
#5566 = CARTESIAN_POINT('',(-5.006031213617E-02,0.630955944233,
    0.660505597795));
#5567 = ORIENTED_EDGE('',*,*,#5568,.F.);
#5568 = EDGE_CURVE('',#5237,#5558,#5569,.T.);
#5569 = B_SPLINE_CURVE_WITH_KNOTS('',1,(#5570,#5571),.UNSPECIFIED.,.F.,
  .F.,(2,2),(0.,9.999999999997E-05),.PIECEWISE_BEZIER_KNOTS.);
#5570 = CARTESIAN_POINT('',(-5.747183030035E-02,0.630688934962,
    0.66312399713));
#5571 = CARTESIAN_POINT('',(-5.747183030035E-02,0.630589908155,
    0.66311007982));
#5572 = ORIENTED_EDGE('',*,*,#5236,.T.);
#5573 = ORIENTED_EDGE('',*,*,#5574,.T.);
#5574 = EDGE_CURVE('',#5226,#5560,#5575,.T.);
#5575 = B_SPLINE_CURVE_WITH_KNOTS('',1,(#5576,#5577),.UNSPECIFIED.,.F.,
  .F.,(2,2),(0.,9.999999999997E-05),.PIECEWISE_BEZIER_KNOTS.);
#5576 = CARTESIAN_POINT('',(-5.006031213617E-02,0.63105497104,
    0.660519515105));
#5577 = CARTESIAN_POINT('',(-5.006031213617E-02,0.630955944233,
    0.660505597795));
#5578 = B_SPLINE_SURFACE_WITH_KNOTS('',3,1,(
    (#5579,#5580)
    ,(#5581,#5582)
    ,(#5583,#5584)
    ,(#5585,#5586
    )),.UNSPECIFIED.,.F.,.F.,.F.,(4,4),(2,2),(0.,1.),(0.,1.),
  .PIECEWISE_BEZIER_KNOTS.);
#5579 = CARTESIAN_POINT('',(-5.747183030035E-02,0.630688934962,
    0.66312399713));
#5580 = CARTESIAN_POINT('',(-5.747183030035E-02,0.630589908155,
    0.66311007982));
#5581 = CARTESIAN_POINT('',(-5.38968120908E-02,0.630754866973,
    0.662654866498));
#5582 = CARTESIAN_POINT('',(-5.38968120908E-02,0.630655840166,
    0.662640949188));
#5583 = CARTESIAN_POINT('',(-5.142645351891E-02,0.630873984945,
    0.661807298087));
#5584 = CARTESIAN_POINT('',(-5.142645351891E-02,0.630774958138,
    0.661793380777));
#5585 = CARTESIAN_POINT('',(-5.006031213617E-02,0.63105497104,
    0.660519515105));
#5586 = CARTESIAN_POINT('',(-5.006031213617E-02,0.630955944233,
    0.660505597795));
#5587 = ADVANCED_FACE('',(#5588),#5606,.T.);
#5588 = FACE_BOUND('',#5589,.T.);
#5589 = EDGE_LOOP('',(#5590,#5599,#5600,#5601));
#5590 = ORIENTED_EDGE('',*,*,#5591,.F.);
#5591 = EDGE_CURVE('',#5560,#5592,#5594,.T.);
#5592 = VERTEX_POINT('',#5593);
#5593 = CARTESIAN_POINT('',(-4.799367846146E-02,0.631722314287,
    0.655052591519));
#5594 = B_SPLINE_CURVE_WITH_KNOTS('',3,(#5595,#5596,#5597,#5598),
  .UNSPECIFIED.,.F.,.F.,(4,4),(1.,2.),.PIECEWISE_BEZIER_KNOTS.);
#5595 = CARTESIAN_POINT('',(-5.006031213617E-02,0.630955944233,
    0.660505597795));
#5596 = CARTESIAN_POINT('',(-4.87097667297E-02,0.631136945722,
    0.659217705279));
#5597 = CARTESIAN_POINT('',(-4.801049152061E-02,0.631392392144,
    0.657400109544));
#5598 = CARTESIAN_POINT('',(-4.799367846146E-02,0.631722314287,
    0.655052591519));
#5599 = ORIENTED_EDGE('',*,*,#5574,.F.);
#5600 = ORIENTED_EDGE('',*,*,#5225,.T.);
#5601 = ORIENTED_EDGE('',*,*,#5602,.T.);
#5602 = EDGE_CURVE('',#5228,#5592,#5603,.T.);
#5603 = B_SPLINE_CURVE_WITH_KNOTS('',1,(#5604,#5605),.UNSPECIFIED.,.F.,
  .F.,(2,2),(0.,1.000000000001E-04),.PIECEWISE_BEZIER_KNOTS.);
#5604 = CARTESIAN_POINT('',(-4.799367846146E-02,0.631821341094,
    0.655066508829));
#5605 = CARTESIAN_POINT('',(-4.799367846146E-02,0.631722314287,
    0.655052591519));
#5606 = B_SPLINE_SURFACE_WITH_KNOTS('',3,1,(
    (#5607,#5608)
    ,(#5609,#5610)
    ,(#5611,#5612)
    ,(#5613,#5614
    )),.UNSPECIFIED.,.F.,.F.,.F.,(4,4),(2,2),(1.,2.),(0.,1.),
  .PIECEWISE_BEZIER_KNOTS.);
#5607 = CARTESIAN_POINT('',(-5.006031213617E-02,0.63105497104,
    0.660519515105));
#5608 = CARTESIAN_POINT('',(-5.006031213617E-02,0.630955944233,
    0.660505597795));
#5609 = CARTESIAN_POINT('',(-4.87097667297E-02,0.631235972529,
    0.659231622589));
#5610 = CARTESIAN_POINT('',(-4.87097667297E-02,0.631136945722,
    0.659217705279));
#5611 = CARTESIAN_POINT('',(-4.801049152061E-02,0.631491418951,
    0.657414026854));
#5612 = CARTESIAN_POINT('',(-4.801049152061E-02,0.631392392144,
    0.657400109544));
#5613 = CARTESIAN_POINT('',(-4.799367846146E-02,0.631821341094,
    0.655066508829));
#5614 = CARTESIAN_POINT('',(-4.799367846146E-02,0.631722314287,
    0.655052591519));
#5615 = ADVANCED_FACE('',(#5616),#5634,.T.);
#5616 = FACE_BOUND('',#5617,.T.);
#5617 = EDGE_LOOP('',(#5618,#5627,#5628,#5629));
#5618 = ORIENTED_EDGE('',*,*,#5619,.F.);
#5619 = EDGE_CURVE('',#5592,#5620,#5622,.T.);
#5620 = VERTEX_POINT('',#5621);
#5621 = CARTESIAN_POINT('',(-5.01722475369E-02,0.632432096444,
    0.650002229047));
#5622 = B_SPLINE_CURVE_WITH_KNOTS('',3,(#5623,#5624,#5625,#5626),
  .UNSPECIFIED.,.F.,.F.,(4,4),(2.,3.),.PIECEWISE_BEZIER_KNOTS.);
#5623 = CARTESIAN_POINT('',(-4.799367846146E-02,0.631722314287,
    0.655052591519));
#5624 = CARTESIAN_POINT('',(-4.797885642248E-02,0.632013166702,
    0.652983069051));
#5625 = CARTESIAN_POINT('',(-4.869992119695E-02,0.632248308596,
    0.651309947537));
#5626 = CARTESIAN_POINT('',(-5.01722475369E-02,0.632432096444,
    0.650002229047));
#5627 = ORIENTED_EDGE('',*,*,#5602,.F.);
#5628 = ORIENTED_EDGE('',*,*,#5286,.T.);
#5629 = ORIENTED_EDGE('',*,*,#5630,.T.);
#5630 = EDGE_CURVE('',#5278,#5620,#5631,.T.);
#5631 = B_SPLINE_CURVE_WITH_KNOTS('',1,(#5632,#5633),.UNSPECIFIED.,.F.,
  .F.,(2,2),(0.,1.000000000002E-04),.PIECEWISE_BEZIER_KNOTS.);
#5632 = CARTESIAN_POINT('',(-5.01722475369E-02,0.632531123251,
    0.650016146357));
#5633 = CARTESIAN_POINT('',(-5.01722475369E-02,0.632432096444,
    0.650002229047));
#5634 = B_SPLINE_SURFACE_WITH_KNOTS('',3,1,(
    (#5635,#5636)
    ,(#5637,#5638)
    ,(#5639,#5640)
    ,(#5641,#5642
    )),.UNSPECIFIED.,.F.,.F.,.F.,(4,4),(2,2),(2.,3.),(0.,1.),
  .PIECEWISE_BEZIER_KNOTS.);
#5635 = CARTESIAN_POINT('',(-4.799367846146E-02,0.631821341094,
    0.655066508829));
#5636 = CARTESIAN_POINT('',(-4.799367846146E-02,0.631722314287,
    0.655052591519));
#5637 = CARTESIAN_POINT('',(-4.797885642248E-02,0.632112193509,
    0.652996986361));
#5638 = CARTESIAN_POINT('',(-4.797885642248E-02,0.632013166702,
    0.652983069051));
#5639 = CARTESIAN_POINT('',(-4.869992119695E-02,0.632347335403,
    0.651323864847));
#5640 = CARTESIAN_POINT('',(-4.869992119695E-02,0.632248308596,
    0.651309947537));
#5641 = CARTESIAN_POINT('',(-5.01722475369E-02,0.632531123251,
    0.650016146357));
#5642 = CARTESIAN_POINT('',(-5.01722475369E-02,0.632432096444,
    0.650002229047));
#5643 = ADVANCED_FACE('',(#5644),#5662,.T.);
#5644 = FACE_BOUND('',#5645,.T.);
#5645 = EDGE_LOOP('',(#5646,#5655,#5656,#5657));
#5646 = ORIENTED_EDGE('',*,*,#5647,.F.);
#5647 = EDGE_CURVE('',#5620,#5648,#5650,.T.);
#5648 = VERTEX_POINT('',#5649);
#5649 = CARTESIAN_POINT('',(-5.599120560639E-02,0.632711341984,
    0.648015293784));
#5650 = B_SPLINE_CURVE_WITH_KNOTS('',3,(#5651,#5652,#5653,#5654),
  .UNSPECIFIED.,.F.,.F.,(4,4),(3.,4.),.PIECEWISE_BEZIER_KNOTS.);
#5651 = CARTESIAN_POINT('',(-5.01722475369E-02,0.632432096444,
    0.650002229047));
#5652 = CARTESIAN_POINT('',(-5.162897790038E-02,0.632615868898,
    0.648694620094));
#5653 = CARTESIAN_POINT('',(-5.357382924889E-02,0.632708955876,
    0.648032271827));
#5654 = CARTESIAN_POINT('',(-5.599120560639E-02,0.632711341984,
    0.648015293784));
#5655 = ORIENTED_EDGE('',*,*,#5630,.F.);
#5656 = ORIENTED_EDGE('',*,*,#5277,.T.);
#5657 = ORIENTED_EDGE('',*,*,#5658,.T.);
#5658 = EDGE_CURVE('',#5269,#5648,#5659,.T.);
#5659 = B_SPLINE_CURVE_WITH_KNOTS('',1,(#5660,#5661),.UNSPECIFIED.,.F.,
  .F.,(2,2),(0.,1.000000000002E-04),.PIECEWISE_BEZIER_KNOTS.);
#5660 = CARTESIAN_POINT('',(-5.599120560639E-02,0.632810368791,
    0.648029211095));
#5661 = CARTESIAN_POINT('',(-5.599120560639E-02,0.632711341984,
    0.648015293784));
#5662 = B_SPLINE_SURFACE_WITH_KNOTS('',3,1,(
    (#5663,#5664)
    ,(#5665,#5666)
    ,(#5667,#5668)
    ,(#5669,#5670
    )),.UNSPECIFIED.,.F.,.F.,.F.,(4,4),(2,2),(3.,4.),(0.,1.),
  .PIECEWISE_BEZIER_KNOTS.);
#5663 = CARTESIAN_POINT('',(-5.01722475369E-02,0.632531123251,
    0.650016146357));
#5664 = CARTESIAN_POINT('',(-5.01722475369E-02,0.632432096444,
    0.650002229047));
#5665 = CARTESIAN_POINT('',(-5.162897790038E-02,0.632714895705,
    0.648708537404));
#5666 = CARTESIAN_POINT('',(-5.162897790038E-02,0.632615868898,
    0.648694620094));
#5667 = CARTESIAN_POINT('',(-5.357382924889E-02,0.632807982683,
    0.648046189137));
#5668 = CARTESIAN_POINT('',(-5.357382924889E-02,0.632708955876,
    0.648032271827));
#5669 = CARTESIAN_POINT('',(-5.599120560639E-02,0.632810368791,
    0.648029211095));
#5670 = CARTESIAN_POINT('',(-5.599120560639E-02,0.632711341984,
    0.648015293784));
#5671 = ADVANCED_FACE('',(#5672),#5690,.T.);
#5672 = FACE_BOUND('',#5673,.T.);
#5673 = EDGE_LOOP('',(#5674,#5683,#5684,#5685));
#5674 = ORIENTED_EDGE('',*,*,#5675,.F.);
#5675 = EDGE_CURVE('',#5648,#5676,#5678,.T.);
#5676 = VERTEX_POINT('',#5677);
#5677 = CARTESIAN_POINT('',(-6.431348469247E-02,0.63222464851,
    0.651478297796));
#5678 = B_SPLINE_CURVE_WITH_KNOTS('',3,(#5679,#5680,#5681,#5682),
  .UNSPECIFIED.,.F.,.F.,(4,4),(4.,5.),.PIECEWISE_BEZIER_KNOTS.);
#5679 = CARTESIAN_POINT('',(-5.599120560639E-02,0.632711341984,
    0.648015293784));
#5680 = CARTESIAN_POINT('',(-5.934434055359E-02,0.632714651748,
    0.647991743596));
#5681 = CARTESIAN_POINT('',(-6.212883089994E-02,0.632552430852,
    0.649146005243));
#5682 = CARTESIAN_POINT('',(-6.431348469247E-02,0.63222464851,
    0.651478297796));
#5683 = ORIENTED_EDGE('',*,*,#5658,.F.);
#5684 = ORIENTED_EDGE('',*,*,#5268,.T.);
#5685 = ORIENTED_EDGE('',*,*,#5686,.T.);
#5686 = EDGE_CURVE('',#5260,#5676,#5687,.T.);
#5687 = B_SPLINE_CURVE_WITH_KNOTS('',1,(#5688,#5689),.UNSPECIFIED.,.F.,
  .F.,(2,2),(0.,1.000000000001E-04),.PIECEWISE_BEZIER_KNOTS.);
#5688 = CARTESIAN_POINT('',(-6.431348469247E-02,0.632323675317,
    0.651492215106));
#5689 = CARTESIAN_POINT('',(-6.431348469247E-02,0.63222464851,
    0.651478297796));
#5690 = B_SPLINE_SURFACE_WITH_KNOTS('',3,1,(
    (#5691,#5692)
    ,(#5693,#5694)
    ,(#5695,#5696)
    ,(#5697,#5698
    )),.UNSPECIFIED.,.F.,.F.,.F.,(4,4),(2,2),(4.,5.),(0.,1.),
  .PIECEWISE_BEZIER_KNOTS.);
#5691 = CARTESIAN_POINT('',(-5.599120560639E-02,0.632810368791,
    0.648029211095));
#5692 = CARTESIAN_POINT('',(-5.599120560639E-02,0.632711341984,
    0.648015293784));
#5693 = CARTESIAN_POINT('',(-5.934434055359E-02,0.632813678554,
    0.648005660906));
#5694 = CARTESIAN_POINT('',(-5.934434055359E-02,0.632714651748,
    0.647991743596));
#5695 = CARTESIAN_POINT('',(-6.212883089994E-02,0.632651457659,
    0.649159922553));
#5696 = CARTESIAN_POINT('',(-6.212883089994E-02,0.632552430852,
    0.649146005243));
#5697 = CARTESIAN_POINT('',(-6.431348469247E-02,0.632323675317,
    0.651492215106));
#5698 = CARTESIAN_POINT('',(-6.431348469247E-02,0.63222464851,
    0.651478297796));
#5699 = ADVANCED_FACE('',(#5700),#5718,.T.);
#5700 = FACE_BOUND('',#5701,.T.);
#5701 = EDGE_LOOP('',(#5702,#5711,#5712,#5713));
#5702 = ORIENTED_EDGE('',*,*,#5703,.F.);
#5703 = EDGE_CURVE('',#5676,#5704,#5706,.T.);
#5704 = VERTEX_POINT('',#5705);
#5705 = CARTESIAN_POINT('',(-6.765168872908E-02,0.630990673267,
    0.660258487877));
#5706 = B_SPLINE_CURVE_WITH_KNOTS('',3,(#5707,#5708,#5709,#5710),
  .UNSPECIFIED.,.F.,.F.,(4,4),(5.,6.),.PIECEWISE_BEZIER_KNOTS.);
#5707 = CARTESIAN_POINT('',(-6.431348469247E-02,0.63222464851,
    0.651478297796));
#5708 = CARTESIAN_POINT('',(-6.651351323702E-02,0.631901222643,
    0.653779592419));
#5709 = CARTESIAN_POINT('',(-6.762624791589E-02,0.631489897562,
    0.656706322446));
#5710 = CARTESIAN_POINT('',(-6.765168872908E-02,0.630990673267,
    0.660258487877));
#5711 = ORIENTED_EDGE('',*,*,#5686,.F.);
#5712 = ORIENTED_EDGE('',*,*,#5259,.T.);
#5713 = ORIENTED_EDGE('',*,*,#5714,.T.);
#5714 = EDGE_CURVE('',#5253,#5704,#5715,.T.);
#5715 = B_SPLINE_CURVE_WITH_KNOTS('',1,(#5716,#5717),.UNSPECIFIED.,.F.,
  .F.,(2,2),(0.,9.999999999997E-05),.PIECEWISE_BEZIER_KNOTS.);
#5716 = CARTESIAN_POINT('',(-6.765168872908E-02,0.631089700074,
    0.660272405187));
#5717 = CARTESIAN_POINT('',(-6.765168872908E-02,0.630990673267,
    0.660258487877));
#5718 = B_SPLINE_SURFACE_WITH_KNOTS('',3,1,(
    (#5719,#5720)
    ,(#5721,#5722)
    ,(#5723,#5724)
    ,(#5725,#5726
    )),.UNSPECIFIED.,.F.,.F.,.F.,(4,4),(2,2),(5.,6.),(0.,1.),
  .PIECEWISE_BEZIER_KNOTS.);
#5719 = CARTESIAN_POINT('',(-6.431348469247E-02,0.632323675317,
    0.651492215106));
#5720 = CARTESIAN_POINT('',(-6.431348469247E-02,0.63222464851,
    0.651478297796));
#5721 = CARTESIAN_POINT('',(-6.651351323702E-02,0.63200024945,
    0.653793509729));
#5722 = CARTESIAN_POINT('',(-6.651351323702E-02,0.631901222643,
    0.653779592419));
#5723 = CARTESIAN_POINT('',(-6.762624791589E-02,0.631588924369,
    0.656720239756));
#5724 = CARTESIAN_POINT('',(-6.762624791589E-02,0.631489897562,
    0.656706322446));
#5725 = CARTESIAN_POINT('',(-6.765168872908E-02,0.631089700074,
    0.660272405187));
#5726 = CARTESIAN_POINT('',(-6.765168872908E-02,0.630990673267,
    0.660258487877));
#5727 = ADVANCED_FACE('',(#5728),#5744,.T.);
#5728 = FACE_BOUND('',#5729,.T.);
#5729 = EDGE_LOOP('',(#5730,#5737,#5738,#5739));
#5730 = ORIENTED_EDGE('',*,*,#5731,.F.);
#5731 = EDGE_CURVE('',#5704,#5732,#5734,.T.);
#5732 = VERTEX_POINT('',#5733);
#5733 = CARTESIAN_POINT('',(-6.768133280705E-02,0.630408968437,
    0.664397532815));
#5734 = B_SPLINE_CURVE_WITH_KNOTS('',1,(#5735,#5736),.UNSPECIFIED.,.F.,
  .F.,(2,2),(0.,4.179826823819E-03),.PIECEWISE_BEZIER_KNOTS.);
#5735 = CARTESIAN_POINT('',(-6.765168872908E-02,0.630990673267,
    0.660258487877));
#5736 = CARTESIAN_POINT('',(-6.768133280705E-02,0.630408968437,
    0.664397532815));
#5737 = ORIENTED_EDGE('',*,*,#5714,.F.);
#5738 = ORIENTED_EDGE('',*,*,#5252,.T.);
#5739 = ORIENTED_EDGE('',*,*,#5740,.T.);
#5740 = EDGE_CURVE('',#5246,#5732,#5741,.T.);
#5741 = B_SPLINE_CURVE_WITH_KNOTS('',1,(#5742,#5743),.UNSPECIFIED.,.F.,
  .F.,(2,2),(-1.899913934014E-15,9.999999999997E-05),
  .PIECEWISE_BEZIER_KNOTS.);
#5742 = CARTESIAN_POINT('',(-6.768133280705E-02,0.630507995244,
    0.664411450125));
#5743 = CARTESIAN_POINT('',(-6.768133280705E-02,0.630408968437,
    0.664397532815));
#5744 = B_SPLINE_SURFACE_WITH_KNOTS('',1,1,(
    (#5745,#5746)
    ,(#5747,#5748
    )),.UNSPECIFIED.,.F.,.F.,.F.,(2,2),(2,2),(-4.13915105278E-03,
    1.391696685757E-05),(-6.807319688859E-04,0.),
  .PIECEWISE_BEZIER_KNOTS.);
#5745 = CARTESIAN_POINT('',(-6.768143054816E-02,0.630408968437,
    0.664411449438));
#5746 = CARTESIAN_POINT('',(-6.768075865472E-02,0.631089700074,
    0.664411454157));
#5747 = CARTESIAN_POINT('',(-6.765226288141E-02,0.630408968437,
    0.660258483845));
#5748 = CARTESIAN_POINT('',(-6.765159098797E-02,0.631089700074,
    0.660258488564));
#5749 = ADVANCED_FACE('',(#5750),#5760,.T.);
#5750 = FACE_BOUND('',#5751,.T.);
#5751 = EDGE_LOOP('',(#5752,#5757,#5758,#5759));
#5752 = ORIENTED_EDGE('',*,*,#5753,.F.);
#5753 = EDGE_CURVE('',#5732,#5558,#5754,.T.);
#5754 = B_SPLINE_CURVE_WITH_KNOTS('',1,(#5755,#5756),.UNSPECIFIED.,.F.,
  .F.,(2,2),(0.,1.029194907832E-02),.PIECEWISE_BEZIER_KNOTS.);
#5755 = CARTESIAN_POINT('',(-6.768133280705E-02,0.630408968437,
    0.664397532815));
#5756 = CARTESIAN_POINT('',(-5.747183030035E-02,0.630589908155,
    0.66311007982));
#5757 = ORIENTED_EDGE('',*,*,#5740,.F.);
#5758 = ORIENTED_EDGE('',*,*,#5245,.T.);
#5759 = ORIENTED_EDGE('',*,*,#5568,.T.);
#5760 = B_SPLINE_SURFACE_WITH_KNOTS('',1,1,(
    (#5761,#5762)
    ,(#5763,#5764
    )),.UNSPECIFIED.,.F.,.F.,.F.,(2,2),(2,2),(-1.E-04,1.899913934014E-15
    ),(-3.427658315817E-31,1.029194907832E-02),
  .PIECEWISE_BEZIER_KNOTS.);
#5761 = CARTESIAN_POINT('',(-6.768133280705E-02,0.630408968437,
    0.664397532815));
#5762 = CARTESIAN_POINT('',(-5.747183030035E-02,0.630589908155,
    0.66311007982));
#5763 = CARTESIAN_POINT('',(-6.768133280705E-02,0.630507995244,
    0.664411450125));
#5764 = CARTESIAN_POINT('',(-5.747183030035E-02,0.630688934962,
    0.66312399713));
#5765 = ADVANCED_FACE('',(#5766),#5776,.T.);
#5766 = FACE_BOUND('',#5767,.T.);
#5767 = EDGE_LOOP('',(#5768,#5769,#5770,#5771,#5772,#5773,#5774,#5775));
#5768 = ORIENTED_EDGE('',*,*,#5557,.T.);
#5769 = ORIENTED_EDGE('',*,*,#5591,.T.);
#5770 = ORIENTED_EDGE('',*,*,#5619,.T.);
#5771 = ORIENTED_EDGE('',*,*,#5647,.T.);
#5772 = ORIENTED_EDGE('',*,*,#5675,.T.);
#5773 = ORIENTED_EDGE('',*,*,#5703,.T.);
#5774 = ORIENTED_EDGE('',*,*,#5731,.T.);
#5775 = ORIENTED_EDGE('',*,*,#5753,.T.);
#5776 = B_SPLINE_SURFACE_WITH_KNOTS('',1,1,(
    (#5777,#5778)
    ,(#5779,#5780
    )),.UNSPECIFIED.,.F.,.F.,.F.,(2,2),(2,2),(-6.768133280705E-02,
    -4.797885642248E-02),(0.288409347126,0.304976365428),
  .PIECEWISE_BEZIER_KNOTS.);
#5777 = CARTESIAN_POINT('',(-6.768133280705E-02,0.630408968437,
    0.664397532815));
#5778 = CARTESIAN_POINT('',(-6.768133280705E-02,0.632714651748,
    0.647991743596));
#5779 = CARTESIAN_POINT('',(-4.797885642248E-02,0.630408968437,
    0.664397532815));
#5780 = CARTESIAN_POINT('',(-4.797885642248E-02,0.632714651748,
    0.647991743596));
#5781 = ADVANCED_FACE('',(#5782),#5806,.F.);
#5782 = FACE_BOUND('',#5783,.F.);
#5783 = EDGE_LOOP('',(#5784,#5791,#5800,#5805));
#5784 = ORIENTED_EDGE('',*,*,#5785,.F.);
#5785 = EDGE_CURVE('',#5786,#292,#5788,.T.);
#5786 = VERTEX_POINT('',#5787);
#5787 = CARTESIAN_POINT('',(-9.813131288217E-02,0.632856305128,
    0.647702357074));
#5788 = B_SPLINE_CURVE_WITH_KNOTS('',1,(#5789,#5790),.UNSPECIFIED.,.F.,
  .F.,(2,2),(0.,9.999999999997E-05),.PIECEWISE_BEZIER_KNOTS.);
#5789 = CARTESIAN_POINT('',(-9.813131288217E-02,0.632856305128,
    0.647702357074));
#5790 = CARTESIAN_POINT('',(-9.813131288217E-02,0.632757278321,
    0.647688439764));
#5791 = ORIENTED_EDGE('',*,*,#5792,.T.);
#5792 = EDGE_CURVE('',#5786,#5793,#5795,.T.);
#5793 = VERTEX_POINT('',#5794);
#5794 = CARTESIAN_POINT('',(-8.559082112641E-02,0.632257851454,
    0.65196057623));
#5795 = B_SPLINE_CURVE_WITH_KNOTS('',3,(#5796,#5797,#5798,#5799),
  .UNSPECIFIED.,.F.,.F.,(4,4),(0.,1.),.PIECEWISE_BEZIER_KNOTS.);
#5796 = CARTESIAN_POINT('',(-9.813131288217E-02,0.632856305128,
    0.647702357074));
#5797 = CARTESIAN_POINT('',(-9.363967165039E-02,0.632851871585,
    0.647733903373));
#5798 = CARTESIAN_POINT('',(-8.946990504946E-02,0.63265239729,
    0.649153236735));
#5799 = CARTESIAN_POINT('',(-8.559082112641E-02,0.632257851454,
    0.65196057623));
#5800 = ORIENTED_EDGE('',*,*,#5801,.T.);
#5801 = EDGE_CURVE('',#5793,#283,#5802,.T.);
#5802 = B_SPLINE_CURVE_WITH_KNOTS('',1,(#5803,#5804),.UNSPECIFIED.,.F.,
  .F.,(2,2),(0.,9.999999999997E-05),.PIECEWISE_BEZIER_KNOTS.);
#5803 = CARTESIAN_POINT('',(-8.559082112641E-02,0.632257851454,
    0.65196057623));
#5804 = CARTESIAN_POINT('',(-8.559082112641E-02,0.632158824647,
    0.65194665892));
#5805 = ORIENTED_EDGE('',*,*,#291,.F.);
#5806 = B_SPLINE_SURFACE_WITH_KNOTS('',3,1,(
    (#5807,#5808)
    ,(#5809,#5810)
    ,(#5811,#5812)
    ,(#5813,#5814
    )),.UNSPECIFIED.,.F.,.F.,.F.,(4,4),(2,2),(0.,1.),(0.,1.),
  .PIECEWISE_BEZIER_KNOTS.);
#5807 = CARTESIAN_POINT('',(-9.813131288217E-02,0.632856305128,
    0.647702357074));
#5808 = CARTESIAN_POINT('',(-9.813131288217E-02,0.632757278321,
    0.647688439764));
#5809 = CARTESIAN_POINT('',(-9.363967165039E-02,0.632851871585,
    0.647733903373));
#5810 = CARTESIAN_POINT('',(-9.363967165039E-02,0.632752844778,
    0.647719986063));
#5811 = CARTESIAN_POINT('',(-8.946990504946E-02,0.63265239729,
    0.649153236735));
#5812 = CARTESIAN_POINT('',(-8.946990504946E-02,0.632553370483,
    0.649139319425));
#5813 = CARTESIAN_POINT('',(-8.559082112641E-02,0.632257851454,
    0.65196057623));
#5814 = CARTESIAN_POINT('',(-8.559082112641E-02,0.632158824647,
    0.65194665892));
#5815 = ADVANCED_FACE('',(#5816),#5832,.F.);
#5816 = FACE_BOUND('',#5817,.T.);
#5817 = EDGE_LOOP('',(#5818,#5819,#5826,#5831));
#5818 = ORIENTED_EDGE('',*,*,#282,.T.);
#5819 = ORIENTED_EDGE('',*,*,#5820,.F.);
#5820 = EDGE_CURVE('',#5821,#285,#5823,.T.);
#5821 = VERTEX_POINT('',#5822);
#5822 = CARTESIAN_POINT('',(-8.55348513374E-02,0.633356144902,
    0.644145812281));
#5823 = B_SPLINE_CURVE_WITH_KNOTS('',1,(#5824,#5825),.UNSPECIFIED.,.F.,
  .F.,(2,2),(0.,9.999999999997E-05),.PIECEWISE_BEZIER_KNOTS.);
#5824 = CARTESIAN_POINT('',(-8.55348513374E-02,0.633356144902,
    0.644145812281));
#5825 = CARTESIAN_POINT('',(-8.55348513374E-02,0.633257118095,
    0.644131894971));
#5826 = ORIENTED_EDGE('',*,*,#5827,.F.);
#5827 = EDGE_CURVE('',#5793,#5821,#5828,.T.);
#5828 = B_SPLINE_CURVE_WITH_KNOTS('',1,(#5829,#5830),.UNSPECIFIED.,.F.,
  .F.,(2,2),(-7.891762584584E-03,0.),.PIECEWISE_BEZIER_KNOTS.);
#5829 = CARTESIAN_POINT('',(-8.559082112641E-02,0.632257851454,
    0.65196057623));
#5830 = CARTESIAN_POINT('',(-8.55348513374E-02,0.633356144902,
    0.644145812281));
#5831 = ORIENTED_EDGE('',*,*,#5801,.T.);
#5832 = B_SPLINE_SURFACE_WITH_KNOTS('',1,1,(
    (#5833,#5834)
    ,(#5835,#5836
    )),.UNSPECIFIED.,.F.,.F.,.F.,(2,2),(2,2),(-1.391696685757E-05,
    7.814964300464E-03),(-1.197320838485E-03,0.),
  .PIECEWISE_BEZIER_KNOTS.);
#5833 = CARTESIAN_POINT('',(-8.553593537128E-02,0.632158824647,
    0.644131887357));
#5834 = CARTESIAN_POINT('',(-8.55347535963E-02,0.633356144902,
    0.644131895657));
#5835 = CARTESIAN_POINT('',(-8.559091886751E-02,0.632158824647,
    0.651960575543));
#5836 = CARTESIAN_POINT('',(-8.558973709253E-02,0.633356144902,
    0.651960583843));
#5837 = ADVANCED_FACE('',(#5838),#5856,.F.);
#5838 = FACE_BOUND('',#5839,.F.);
#5839 = EDGE_LOOP('',(#5840,#5841,#5850,#5855));
#5840 = ORIENTED_EDGE('',*,*,#5820,.F.);
#5841 = ORIENTED_EDGE('',*,*,#5842,.T.);
#5842 = EDGE_CURVE('',#5821,#5843,#5845,.T.);
#5843 = VERTEX_POINT('',#5844);
#5844 = CARTESIAN_POINT('',(-9.733846111775E-02,0.633723782369,
    0.64152993578));
#5845 = B_SPLINE_CURVE_WITH_KNOTS('',3,(#5846,#5847,#5848,#5849),
  .UNSPECIFIED.,.F.,.F.,(4,4),(19.,20.),.PIECEWISE_BEZIER_KNOTS.);
#5846 = CARTESIAN_POINT('',(-8.55348513374E-02,0.633356144902,
    0.644145812281));
#5847 = CARTESIAN_POINT('',(-8.889163614011E-02,0.633593888424,
    0.642454179223));
#5848 = CARTESIAN_POINT('',(-9.2815627933E-02,0.633719318037,
    0.64156170115));
#5849 = CARTESIAN_POINT('',(-9.733846111775E-02,0.633723782369,
    0.64152993578));
#5850 = ORIENTED_EDGE('',*,*,#5851,.T.);
#5851 = EDGE_CURVE('',#5843,#452,#5852,.T.);
#5852 = B_SPLINE_CURVE_WITH_KNOTS('',1,(#5853,#5854),.UNSPECIFIED.,.F.,
  .F.,(2,2),(0.,9.999999999997E-05),.PIECEWISE_BEZIER_KNOTS.);
#5853 = CARTESIAN_POINT('',(-9.733846111775E-02,0.633723782369,
    0.64152993578));
#5854 = CARTESIAN_POINT('',(-9.733846111775E-02,0.633624755562,
    0.64151601847));
#5855 = ORIENTED_EDGE('',*,*,#460,.F.);
#5856 = B_SPLINE_SURFACE_WITH_KNOTS('',3,1,(
    (#5857,#5858)
    ,(#5859,#5860)
    ,(#5861,#5862)
    ,(#5863,#5864
    )),.UNSPECIFIED.,.F.,.F.,.F.,(4,4),(2,2),(19.,20.),(0.,1.),
  .PIECEWISE_BEZIER_KNOTS.);
#5857 = CARTESIAN_POINT('',(-8.55348513374E-02,0.633356144902,
    0.644145812281));
#5858 = CARTESIAN_POINT('',(-8.55348513374E-02,0.633257118095,
    0.644131894971));
#5859 = CARTESIAN_POINT('',(-8.889163614011E-02,0.633593888424,
    0.642454179223));
#5860 = CARTESIAN_POINT('',(-8.889163614011E-02,0.633494861617,
    0.642440261913));
#5861 = CARTESIAN_POINT('',(-9.2815627933E-02,0.633719318037,
    0.64156170115));
#5862 = CARTESIAN_POINT('',(-9.2815627933E-02,0.63362029123,
    0.64154778384));
#5863 = CARTESIAN_POINT('',(-9.733846111775E-02,0.633723782369,
    0.64152993578));
#5864 = CARTESIAN_POINT('',(-9.733846111775E-02,0.633624755562,
    0.64151601847));
#5865 = ADVANCED_FACE('',(#5866),#5884,.F.);
#5866 = FACE_BOUND('',#5867,.F.);
#5867 = EDGE_LOOP('',(#5868,#5869,#5878,#5883));
#5868 = ORIENTED_EDGE('',*,*,#5851,.F.);
#5869 = ORIENTED_EDGE('',*,*,#5870,.T.);
#5870 = EDGE_CURVE('',#5843,#5871,#5873,.T.);
#5871 = VERTEX_POINT('',#5872);
#5872 = CARTESIAN_POINT('',(-0.110058141903,0.633254453315,
    0.644869385522));
#5873 = B_SPLINE_CURVE_WITH_KNOTS('',3,(#5874,#5875,#5876,#5877),
  .UNSPECIFIED.,.F.,.F.,(4,4),(18.,19.),.PIECEWISE_BEZIER_KNOTS.);
#5874 = CARTESIAN_POINT('',(-9.733846111775E-02,0.633723782369,
    0.64152993578));
#5875 = CARTESIAN_POINT('',(-0.102531921292,0.633728908653,
    0.641493460371));
#5876 = CARTESIAN_POINT('',(-0.106782212205,0.633572475898,
    0.642606537262));
#5877 = CARTESIAN_POINT('',(-0.110058141903,0.633254453315,
    0.644869385522));
#5878 = ORIENTED_EDGE('',*,*,#5879,.T.);
#5879 = EDGE_CURVE('',#5871,#443,#5880,.T.);
#5880 = B_SPLINE_CURVE_WITH_KNOTS('',1,(#5881,#5882),.UNSPECIFIED.,.F.,
  .F.,(2,2),(0.,9.999999999997E-05),.PIECEWISE_BEZIER_KNOTS.);
#5881 = CARTESIAN_POINT('',(-0.110058141903,0.633254453315,
    0.644869385522));
#5882 = CARTESIAN_POINT('',(-0.110058141903,0.633155426508,
    0.644855468211));
#5883 = ORIENTED_EDGE('',*,*,#451,.F.);
#5884 = B_SPLINE_SURFACE_WITH_KNOTS('',3,1,(
    (#5885,#5886)
    ,(#5887,#5888)
    ,(#5889,#5890)
    ,(#5891,#5892
    )),.UNSPECIFIED.,.F.,.F.,.F.,(4,4),(2,2),(18.,19.),(0.,1.),
  .PIECEWISE_BEZIER_KNOTS.);
#5885 = CARTESIAN_POINT('',(-9.733846111775E-02,0.633723782369,
    0.64152993578));
#5886 = CARTESIAN_POINT('',(-9.733846111775E-02,0.633624755562,
    0.64151601847));
#5887 = CARTESIAN_POINT('',(-0.102531921292,0.633728908653,
    0.641493460371));
#5888 = CARTESIAN_POINT('',(-0.102531921292,0.633629881846,
    0.641479543061));
#5889 = CARTESIAN_POINT('',(-0.106782212205,0.633572475898,
    0.642606537262));
#5890 = CARTESIAN_POINT('',(-0.106782212205,0.633473449091,
    0.642592619951));
#5891 = CARTESIAN_POINT('',(-0.110058141903,0.633254453315,
    0.644869385522));
#5892 = CARTESIAN_POINT('',(-0.110058141903,0.633155426508,
    0.644855468211));
#5893 = ADVANCED_FACE('',(#5894),#5912,.F.);
#5894 = FACE_BOUND('',#5895,.F.);
#5895 = EDGE_LOOP('',(#5896,#5897,#5906,#5911));
#5896 = ORIENTED_EDGE('',*,*,#5879,.F.);
#5897 = ORIENTED_EDGE('',*,*,#5898,.T.);
#5898 = EDGE_CURVE('',#5871,#5899,#5901,.T.);
#5899 = VERTEX_POINT('',#5900);
#5900 = CARTESIAN_POINT('',(-0.115037684288,0.631948296094,
    0.654163177064));
#5901 = B_SPLINE_CURVE_WITH_KNOTS('',3,(#5902,#5903,#5904,#5905),
  .UNSPECIFIED.,.F.,.F.,(4,4),(17.,18.),.PIECEWISE_BEZIER_KNOTS.);
#5902 = CARTESIAN_POINT('',(-0.110058141903,0.633254453315,
    0.644869385522));
#5903 = CARTESIAN_POINT('',(-0.113349446354,0.632940787207,
    0.647101235851));
#5904 = CARTESIAN_POINT('',(-0.115009367557,0.632503954439,
    0.650209462497));
#5905 = CARTESIAN_POINT('',(-0.115037684288,0.631948296094,
    0.654163177064));
#5906 = ORIENTED_EDGE('',*,*,#5907,.T.);
#5907 = EDGE_CURVE('',#5899,#434,#5908,.T.);
#5908 = B_SPLINE_CURVE_WITH_KNOTS('',1,(#5909,#5910),.UNSPECIFIED.,.F.,
  .F.,(2,2),(0.,9.999999999997E-05),.PIECEWISE_BEZIER_KNOTS.);
#5909 = CARTESIAN_POINT('',(-0.115037684288,0.631948296094,
    0.654163177064));
#5910 = CARTESIAN_POINT('',(-0.115037684288,0.631849269287,
    0.654149259754));
#5911 = ORIENTED_EDGE('',*,*,#442,.F.);
#5912 = B_SPLINE_SURFACE_WITH_KNOTS('',3,1,(
    (#5913,#5914)
    ,(#5915,#5916)
    ,(#5917,#5918)
    ,(#5919,#5920
    )),.UNSPECIFIED.,.F.,.F.,.F.,(4,4),(2,2),(17.,18.),(0.,1.),
  .PIECEWISE_BEZIER_KNOTS.);
#5913 = CARTESIAN_POINT('',(-0.110058141903,0.633254453315,
    0.644869385522));
#5914 = CARTESIAN_POINT('',(-0.110058141903,0.633155426508,
    0.644855468211));
#5915 = CARTESIAN_POINT('',(-0.113349446354,0.632940787207,
    0.647101235851));
#5916 = CARTESIAN_POINT('',(-0.113349446354,0.6328417604,0.647087318541)
  );
#5917 = CARTESIAN_POINT('',(-0.115009367557,0.632503954439,
    0.650209462497));
#5918 = CARTESIAN_POINT('',(-0.115009367557,0.632404927633,
    0.650195545187));
#5919 = CARTESIAN_POINT('',(-0.115037684288,0.631948296094,
    0.654163177064));
#5920 = CARTESIAN_POINT('',(-0.115037684288,0.631849269287,
    0.654149259754));
#5921 = ADVANCED_FACE('',(#5922),#5940,.F.);
#5922 = FACE_BOUND('',#5923,.F.);
#5923 = EDGE_LOOP('',(#5924,#5925,#5934,#5939));
#5924 = ORIENTED_EDGE('',*,*,#5907,.F.);
#5925 = ORIENTED_EDGE('',*,*,#5926,.T.);
#5926 = EDGE_CURVE('',#5899,#5927,#5929,.T.);
#5927 = VERTEX_POINT('',#5928);
#5928 = CARTESIAN_POINT('',(-0.112531046993,0.630942981767,
    0.661316360187));
#5929 = B_SPLINE_CURVE_WITH_KNOTS('',3,(#5930,#5931,#5932,#5933),
  .UNSPECIFIED.,.F.,.F.,(4,4),(16.,17.),.PIECEWISE_BEZIER_KNOTS.);
#5930 = CARTESIAN_POINT('',(-0.115037684288,0.631948296094,
    0.654163177064));
#5931 = CARTESIAN_POINT('',(-0.115058036939,0.631548916658,
    0.657004909409));
#5932 = CARTESIAN_POINT('',(-0.114217292515,0.631213806751,
    0.659389340295));
#5933 = CARTESIAN_POINT('',(-0.112531046993,0.630942981767,
    0.661316360187));
#5934 = ORIENTED_EDGE('',*,*,#5935,.T.);
#5935 = EDGE_CURVE('',#5927,#425,#5936,.T.);
#5936 = B_SPLINE_CURVE_WITH_KNOTS('',1,(#5937,#5938),.UNSPECIFIED.,.F.,
  .F.,(2,2),(0.,9.999999999997E-05),.PIECEWISE_BEZIER_KNOTS.);
#5937 = CARTESIAN_POINT('',(-0.112531046993,0.630942981767,
    0.661316360187));
#5938 = CARTESIAN_POINT('',(-0.112531046993,0.63084395496,0.661302442876
    ));
#5939 = ORIENTED_EDGE('',*,*,#433,.F.);
#5940 = B_SPLINE_SURFACE_WITH_KNOTS('',3,1,(
    (#5941,#5942)
    ,(#5943,#5944)
    ,(#5945,#5946)
    ,(#5947,#5948
    )),.UNSPECIFIED.,.F.,.F.,.F.,(4,4),(2,2),(16.,17.),(0.,1.),
  .PIECEWISE_BEZIER_KNOTS.);
#5941 = CARTESIAN_POINT('',(-0.115037684288,0.631948296094,
    0.654163177064));
#5942 = CARTESIAN_POINT('',(-0.115037684288,0.631849269287,
    0.654149259754));
#5943 = CARTESIAN_POINT('',(-0.115058036939,0.631548916658,
    0.657004909409));
#5944 = CARTESIAN_POINT('',(-0.115058036939,0.631449889851,
    0.656990992099));
#5945 = CARTESIAN_POINT('',(-0.114217292515,0.631213806751,
    0.659389340295));
#5946 = CARTESIAN_POINT('',(-0.114217292515,0.631114779944,
    0.659375422985));
#5947 = CARTESIAN_POINT('',(-0.112531046993,0.630942981767,
    0.661316360187));
#5948 = CARTESIAN_POINT('',(-0.112531046993,0.63084395496,0.661302442876
    ));
#5949 = ADVANCED_FACE('',(#5950),#5968,.F.);
#5950 = FACE_BOUND('',#5951,.F.);
#5951 = EDGE_LOOP('',(#5952,#5953,#5962,#5967));
#5952 = ORIENTED_EDGE('',*,*,#5935,.F.);
#5953 = ORIENTED_EDGE('',*,*,#5954,.T.);
#5954 = EDGE_CURVE('',#5927,#5955,#5957,.T.);
#5955 = VERTEX_POINT('',#5956);
#5956 = CARTESIAN_POINT('',(-0.102714431473,0.630147516974,
    0.666976386292));
#5957 = B_SPLINE_CURVE_WITH_KNOTS('',3,(#5958,#5959,#5960,#5961),
  .UNSPECIFIED.,.F.,.F.,(4,4),(15.,16.),.PIECEWISE_BEZIER_KNOTS.);
#5958 = CARTESIAN_POINT('',(-0.112531046993,0.630942981767,
    0.661316360187));
#5959 = CARTESIAN_POINT('',(-0.110829205495,0.630672141389,
    0.663243489614));
#5960 = CARTESIAN_POINT('',(-0.107567545122,0.630404102667,
    0.665150684222));
#5961 = CARTESIAN_POINT('',(-0.102714431473,0.630147516974,
    0.666976386292));
#5962 = ORIENTED_EDGE('',*,*,#5963,.T.);
#5963 = EDGE_CURVE('',#5955,#416,#5964,.T.);
#5964 = B_SPLINE_CURVE_WITH_KNOTS('',1,(#5965,#5966),.UNSPECIFIED.,.F.,
  .F.,(2,2),(0.,1.000000000001E-04),.PIECEWISE_BEZIER_KNOTS.);
#5965 = CARTESIAN_POINT('',(-0.102714431473,0.630147516974,
    0.666976386292));
#5966 = CARTESIAN_POINT('',(-0.102714431473,0.630048490167,
    0.666962468982));
#5967 = ORIENTED_EDGE('',*,*,#424,.F.);
#5968 = B_SPLINE_SURFACE_WITH_KNOTS('',3,1,(
    (#5969,#5970)
    ,(#5971,#5972)
    ,(#5973,#5974)
    ,(#5975,#5976
    )),.UNSPECIFIED.,.F.,.F.,.F.,(4,4),(2,2),(15.,16.),(0.,1.),
  .PIECEWISE_BEZIER_KNOTS.);
#5969 = CARTESIAN_POINT('',(-0.112531046993,0.630942981767,
    0.661316360187));
#5970 = CARTESIAN_POINT('',(-0.112531046993,0.63084395496,0.661302442876
    ));
#5971 = CARTESIAN_POINT('',(-0.110829205495,0.630672141389,
    0.663243489614));
#5972 = CARTESIAN_POINT('',(-0.110829205495,0.630573114582,
    0.663229572303));
#5973 = CARTESIAN_POINT('',(-0.107567545122,0.630404102667,
    0.665150684222));
#5974 = CARTESIAN_POINT('',(-0.107567545122,0.63030507586,0.665136766911
    ));
#5975 = CARTESIAN_POINT('',(-0.102714431473,0.630147516974,
    0.666976386292));
#5976 = CARTESIAN_POINT('',(-0.102714431473,0.630048490167,
    0.666962468982));
#5977 = ADVANCED_FACE('',(#5978),#5996,.F.);
#5978 = FACE_BOUND('',#5979,.F.);
#5979 = EDGE_LOOP('',(#5980,#5981,#5990,#5995));
#5980 = ORIENTED_EDGE('',*,*,#5963,.F.);
#5981 = ORIENTED_EDGE('',*,*,#5982,.T.);
#5982 = EDGE_CURVE('',#5955,#5983,#5985,.T.);
#5983 = VERTEX_POINT('',#5984);
#5984 = CARTESIAN_POINT('',(-9.531729359529E-02,0.629619259613,
    0.670735132721));
#5985 = B_SPLINE_CURVE_WITH_KNOTS('',3,(#5986,#5987,#5988,#5989),
  .UNSPECIFIED.,.F.,.F.,(4,4),(14.,15.),.PIECEWISE_BEZIER_KNOTS.);
#5986 = CARTESIAN_POINT('',(-0.102714431473,0.630147516974,
    0.666976386292));
#5987 = CARTESIAN_POINT('',(-9.888844002882E-02,0.629935358109,
    0.668485975052));
#5988 = CARTESIAN_POINT('',(-9.643312472059E-02,0.629759282585,
    0.669738817504));
#5989 = CARTESIAN_POINT('',(-9.531729359529E-02,0.629619259613,
    0.670735132721));
#5990 = ORIENTED_EDGE('',*,*,#5991,.T.);
#5991 = EDGE_CURVE('',#5983,#407,#5992,.T.);
#5992 = B_SPLINE_CURVE_WITH_KNOTS('',1,(#5993,#5994),.UNSPECIFIED.,.F.,
  .F.,(2,2),(0.,9.999999999997E-05),.PIECEWISE_BEZIER_KNOTS.);
#5993 = CARTESIAN_POINT('',(-9.531729359529E-02,0.629619259613,
    0.670735132721));
#5994 = CARTESIAN_POINT('',(-9.531729359529E-02,0.629520232806,
    0.670721215411));
#5995 = ORIENTED_EDGE('',*,*,#415,.F.);
#5996 = B_SPLINE_SURFACE_WITH_KNOTS('',3,1,(
    (#5997,#5998)
    ,(#5999,#6000)
    ,(#6001,#6002)
    ,(#6003,#6004
    )),.UNSPECIFIED.,.F.,.F.,.F.,(4,4),(2,2),(14.,15.),(0.,1.),
  .PIECEWISE_BEZIER_KNOTS.);
#5997 = CARTESIAN_POINT('',(-0.102714431473,0.630147516974,
    0.666976386292));
#5998 = CARTESIAN_POINT('',(-0.102714431473,0.630048490167,
    0.666962468982));
#5999 = CARTESIAN_POINT('',(-9.888844002882E-02,0.629935358109,
    0.668485975052));
#6000 = CARTESIAN_POINT('',(-9.888844002882E-02,0.629836331303,
    0.668472057742));
#6001 = CARTESIAN_POINT('',(-9.643312472059E-02,0.629759282585,
    0.669738817504));
#6002 = CARTESIAN_POINT('',(-9.643312472059E-02,0.629660255779,
    0.669724900194));
#6003 = CARTESIAN_POINT('',(-9.531729359529E-02,0.629619259613,
    0.670735132721));
#6004 = CARTESIAN_POINT('',(-9.531729359529E-02,0.629520232806,
    0.670721215411));
#6005 = ADVANCED_FACE('',(#6006),#6024,.F.);
#6006 = FACE_BOUND('',#6007,.F.);
#6007 = EDGE_LOOP('',(#6008,#6009,#6018,#6023));
#6008 = ORIENTED_EDGE('',*,*,#5991,.F.);
#6009 = ORIENTED_EDGE('',*,*,#6010,.T.);
#6010 = EDGE_CURVE('',#5983,#6011,#6013,.T.);
#6011 = VERTEX_POINT('',#6012);
#6012 = CARTESIAN_POINT('',(-9.367728329005E-02,0.629053271922,
    0.674762344405));
#6013 = B_SPLINE_CURVE_WITH_KNOTS('',3,(#6014,#6015,#6016,#6017),
  .UNSPECIFIED.,.F.,.F.,(4,4),(13.,14.),.PIECEWISE_BEZIER_KNOTS.);
#6014 = CARTESIAN_POINT('',(-9.531729359529E-02,0.629619259613,
    0.670735132721));
#6015 = CARTESIAN_POINT('',(-9.421683722221E-02,0.629483593116,
    0.671700450007));
#6016 = CARTESIAN_POINT('',(-9.366489472015E-02,0.629296372448,
    0.673032594281));
#6017 = CARTESIAN_POINT('',(-9.367728329005E-02,0.629053271922,
    0.674762344405));
#6018 = ORIENTED_EDGE('',*,*,#6019,.T.);
#6019 = EDGE_CURVE('',#6011,#398,#6020,.T.);
#6020 = B_SPLINE_CURVE_WITH_KNOTS('',1,(#6021,#6022),.UNSPECIFIED.,.F.,
  .F.,(2,2),(0.,1.000000000001E-04),.PIECEWISE_BEZIER_KNOTS.);
#6021 = CARTESIAN_POINT('',(-9.367728329005E-02,0.629053271922,
    0.674762344405));
#6022 = CARTESIAN_POINT('',(-9.367728329005E-02,0.628954245115,
    0.674748427095));
#6023 = ORIENTED_EDGE('',*,*,#406,.F.);
#6024 = B_SPLINE_SURFACE_WITH_KNOTS('',3,1,(
    (#6025,#6026)
    ,(#6027,#6028)
    ,(#6029,#6030)
    ,(#6031,#6032
    )),.UNSPECIFIED.,.F.,.F.,.F.,(4,4),(2,2),(13.,14.),(0.,1.),
  .PIECEWISE_BEZIER_KNOTS.);
#6025 = CARTESIAN_POINT('',(-9.531729359529E-02,0.629619259613,
    0.670735132721));
#6026 = CARTESIAN_POINT('',(-9.531729359529E-02,0.629520232806,
    0.670721215411));
#6027 = CARTESIAN_POINT('',(-9.421683722221E-02,0.629483593116,
    0.671700450007));
#6028 = CARTESIAN_POINT('',(-9.421683722221E-02,0.629384566309,
    0.671686532696));
#6029 = CARTESIAN_POINT('',(-9.366489472015E-02,0.629296372448,
    0.673032594281));
#6030 = CARTESIAN_POINT('',(-9.366489472015E-02,0.629197345641,
    0.673018676971));
#6031 = CARTESIAN_POINT('',(-9.367728329005E-02,0.629053271922,
    0.674762344405));
#6032 = CARTESIAN_POINT('',(-9.367728329005E-02,0.628954245115,
    0.674748427095));
#6033 = ADVANCED_FACE('',(#6034),#6052,.F.);
#6034 = FACE_BOUND('',#6035,.F.);
#6035 = EDGE_LOOP('',(#6036,#6037,#6046,#6051));
#6036 = ORIENTED_EDGE('',*,*,#6019,.F.);
#6037 = ORIENTED_EDGE('',*,*,#6038,.T.);
#6038 = EDGE_CURVE('',#6011,#6039,#6041,.T.);
#6039 = VERTEX_POINT('',#6040);
#6040 = CARTESIAN_POINT('',(-9.603117031535E-02,0.628465178673,
    0.678946845304));
#6041 = B_SPLINE_CURVE_WITH_KNOTS('',3,(#6042,#6043,#6044,#6045),
  .UNSPECIFIED.,.F.,.F.,(4,4),(12.,13.),.PIECEWISE_BEZIER_KNOTS.);
#6042 = CARTESIAN_POINT('',(-9.367728329005E-02,0.629053271922,
    0.674762344405));
#6043 = CARTESIAN_POINT('',(-9.368967185995E-02,0.628810171396,
    0.676492094527));
#6044 = CARTESIAN_POINT('',(-9.447964701032E-02,0.62861125139,
    0.677907483912));
#6045 = CARTESIAN_POINT('',(-9.603117031535E-02,0.628465178673,
    0.678946845304));
#6046 = ORIENTED_EDGE('',*,*,#6047,.T.);
#6047 = EDGE_CURVE('',#6039,#389,#6048,.T.);
#6048 = B_SPLINE_CURVE_WITH_KNOTS('',1,(#6049,#6050),.UNSPECIFIED.,.F.,
  .F.,(2,2),(0.,9.999999999997E-05),.PIECEWISE_BEZIER_KNOTS.);
#6049 = CARTESIAN_POINT('',(-9.603117031535E-02,0.628465178673,
    0.678946845304));
#6050 = CARTESIAN_POINT('',(-9.603117031535E-02,0.628366151866,
    0.678932927994));
#6051 = ORIENTED_EDGE('',*,*,#397,.F.);
#6052 = B_SPLINE_SURFACE_WITH_KNOTS('',3,1,(
    (#6053,#6054)
    ,(#6055,#6056)
    ,(#6057,#6058)
    ,(#6059,#6060
    )),.UNSPECIFIED.,.F.,.F.,.F.,(4,4),(2,2),(12.,13.),(0.,1.),
  .PIECEWISE_BEZIER_KNOTS.);
#6053 = CARTESIAN_POINT('',(-9.367728329005E-02,0.629053271922,
    0.674762344405));
#6054 = CARTESIAN_POINT('',(-9.367728329005E-02,0.628954245115,
    0.674748427095));
#6055 = CARTESIAN_POINT('',(-9.368967185995E-02,0.628810171396,
    0.676492094527));
#6056 = CARTESIAN_POINT('',(-9.368967185995E-02,0.628711144589,
    0.676478177217));
#6057 = CARTESIAN_POINT('',(-9.447964701032E-02,0.62861125139,
    0.677907483912));
#6058 = CARTESIAN_POINT('',(-9.447964701032E-02,0.628512224583,
    0.677893566602));
#6059 = CARTESIAN_POINT('',(-9.603117031535E-02,0.628465178673,
    0.678946845304));
#6060 = CARTESIAN_POINT('',(-9.603117031535E-02,0.628366151866,
    0.678932927994));
#6061 = ADVANCED_FACE('',(#6062),#6080,.F.);
#6062 = FACE_BOUND('',#6063,.F.);
#6063 = EDGE_LOOP('',(#6064,#6065,#6074,#6079));
#6064 = ORIENTED_EDGE('',*,*,#6047,.F.);
#6065 = ORIENTED_EDGE('',*,*,#6066,.T.);
#6066 = EDGE_CURVE('',#6039,#6067,#6069,.T.);
#6067 = VERTEX_POINT('',#6068);
#6068 = CARTESIAN_POINT('',(-0.102062720916,0.628245384649,
    0.680510761043));
#6069 = B_SPLINE_CURVE_WITH_KNOTS('',3,(#6070,#6071,#6072,#6073),
  .UNSPECIFIED.,.F.,.F.,(4,4),(11.,12.),.PIECEWISE_BEZIER_KNOTS.);
#6070 = CARTESIAN_POINT('',(-9.603117031535E-02,0.628465178673,
    0.678946845304));
#6071 = CARTESIAN_POINT('',(-9.758291484484E-02,0.628314764874,
    0.68001709509));
#6072 = CARTESIAN_POINT('',(-9.959855662927E-02,0.628242952358,
    0.680528067693));
#6073 = CARTESIAN_POINT('',(-0.102062720916,0.628245384649,
    0.680510761043));
#6074 = ORIENTED_EDGE('',*,*,#6075,.T.);
#6075 = EDGE_CURVE('',#6067,#380,#6076,.T.);
#6076 = B_SPLINE_CURVE_WITH_KNOTS('',1,(#6077,#6078),.UNSPECIFIED.,.F.,
  .F.,(2,2),(0.,1.000000000001E-04),.PIECEWISE_BEZIER_KNOTS.);
#6077 = CARTESIAN_POINT('',(-0.102062720916,0.628245384649,
    0.680510761043));
#6078 = CARTESIAN_POINT('',(-0.102062720916,0.628146357842,
    0.680496843733));
#6079 = ORIENTED_EDGE('',*,*,#388,.F.);
#6080 = B_SPLINE_SURFACE_WITH_KNOTS('',3,1,(
    (#6081,#6082)
    ,(#6083,#6084)
    ,(#6085,#6086)
    ,(#6087,#6088
    )),.UNSPECIFIED.,.F.,.F.,.F.,(4,4),(2,2),(11.,12.),(0.,1.),
  .PIECEWISE_BEZIER_KNOTS.);
#6081 = CARTESIAN_POINT('',(-9.603117031535E-02,0.628465178673,
    0.678946845304));
#6082 = CARTESIAN_POINT('',(-9.603117031535E-02,0.628366151866,
    0.678932927994));
#6083 = CARTESIAN_POINT('',(-9.758291484484E-02,0.628314764874,
    0.68001709509));
#6084 = CARTESIAN_POINT('',(-9.758291484484E-02,0.628215738067,
    0.68000317778));
#6085 = CARTESIAN_POINT('',(-9.959855662927E-02,0.628242952358,
    0.680528067693));
#6086 = CARTESIAN_POINT('',(-9.959855662927E-02,0.628143925551,
    0.680514150383));
#6087 = CARTESIAN_POINT('',(-0.102062720916,0.628245384649,
    0.680510761043));
#6088 = CARTESIAN_POINT('',(-0.102062720916,0.628146357842,
    0.680496843733));
#6089 = ADVANCED_FACE('',(#6090),#6108,.F.);
#6090 = FACE_BOUND('',#6091,.F.);
#6091 = EDGE_LOOP('',(#6092,#6093,#6102,#6107));
#6092 = ORIENTED_EDGE('',*,*,#6075,.F.);
#6093 = ORIENTED_EDGE('',*,*,#6094,.T.);
#6094 = EDGE_CURVE('',#6067,#6095,#6097,.T.);
#6095 = VERTEX_POINT('',#6096);
#6096 = CARTESIAN_POINT('',(-0.11311352056,0.628694763728,0.677313262752
    ));
#6097 = B_SPLINE_CURVE_WITH_KNOTS('',3,(#6098,#6099,#6100,#6101),
  .UNSPECIFIED.,.F.,.F.,(4,4),(10.,11.),.PIECEWISE_BEZIER_KNOTS.);
#6098 = CARTESIAN_POINT('',(-0.102062720916,0.628245384649,
    0.680510761043));
#6099 = CARTESIAN_POINT('',(-0.106195654688,0.628249464125,
    0.680481734067));
#6100 = CARTESIAN_POINT('',(-0.10986878351,0.628400693915,0.679405678195
    ));
#6101 = CARTESIAN_POINT('',(-0.11311352056,0.628694763728,0.677313262752
    ));
#6102 = ORIENTED_EDGE('',*,*,#6103,.T.);
#6103 = EDGE_CURVE('',#6095,#373,#6104,.T.);
#6104 = B_SPLINE_CURVE_WITH_KNOTS('',1,(#6105,#6106),.UNSPECIFIED.,.F.,
  .F.,(2,2),(0.,9.999999999997E-05),.PIECEWISE_BEZIER_KNOTS.);
#6105 = CARTESIAN_POINT('',(-0.11311352056,0.628694763728,0.677313262752
    ));
#6106 = CARTESIAN_POINT('',(-0.11311352056,0.628595736921,0.677299345442
    ));
#6107 = ORIENTED_EDGE('',*,*,#379,.F.);
#6108 = B_SPLINE_SURFACE_WITH_KNOTS('',3,1,(
    (#6109,#6110)
    ,(#6111,#6112)
    ,(#6113,#6114)
    ,(#6115,#6116
    )),.UNSPECIFIED.,.F.,.F.,.F.,(4,4),(2,2),(10.,11.),(0.,1.),
  .PIECEWISE_BEZIER_KNOTS.);
#6109 = CARTESIAN_POINT('',(-0.102062720916,0.628245384649,
    0.680510761043));
#6110 = CARTESIAN_POINT('',(-0.102062720916,0.628146357842,
    0.680496843733));
#6111 = CARTESIAN_POINT('',(-0.106195654688,0.628249464125,
    0.680481734067));
#6112 = CARTESIAN_POINT('',(-0.106195654688,0.628150437318,
    0.680467816757));
#6113 = CARTESIAN_POINT('',(-0.10986878351,0.628400693915,0.679405678195
    ));
#6114 = CARTESIAN_POINT('',(-0.10986878351,0.628301667108,0.679391760885
    ));
#6115 = CARTESIAN_POINT('',(-0.11311352056,0.628694763728,0.677313262752
    ));
#6116 = CARTESIAN_POINT('',(-0.11311352056,0.628595736921,0.677299345442
    ));
#6117 = ADVANCED_FACE('',(#6118),#6134,.F.);
#6118 = FACE_BOUND('',#6119,.T.);
#6119 = EDGE_LOOP('',(#6120,#6121,#6128,#6133));
#6120 = ORIENTED_EDGE('',*,*,#372,.T.);
#6121 = ORIENTED_EDGE('',*,*,#6122,.F.);
#6122 = EDGE_CURVE('',#6123,#364,#6125,.T.);
#6123 = VERTEX_POINT('',#6124);
#6124 = CARTESIAN_POINT('',(-0.113166171982,0.627661586492,
    0.684664700775));
#6125 = B_SPLINE_CURVE_WITH_KNOTS('',1,(#6126,#6127),.UNSPECIFIED.,.F.,
  .F.,(2,2),(0.,9.999999999997E-05),.PIECEWISE_BEZIER_KNOTS.);
#6126 = CARTESIAN_POINT('',(-0.113166171982,0.627661586492,
    0.684664700775));
#6127 = CARTESIAN_POINT('',(-0.113166171982,0.627562559685,
    0.684650783465));
#6128 = ORIENTED_EDGE('',*,*,#6129,.F.);
#6129 = EDGE_CURVE('',#6095,#6123,#6130,.T.);
#6130 = B_SPLINE_CURVE_WITH_KNOTS('',1,(#6131,#6132),.UNSPECIFIED.,.F.,
  .F.,(2,2),(-7.423871522359E-03,0.),.PIECEWISE_BEZIER_KNOTS.);
#6131 = CARTESIAN_POINT('',(-0.11311352056,0.628694763728,0.677313262752
    ));
#6132 = CARTESIAN_POINT('',(-0.113166171982,0.627661586492,
    0.684664700775));
#6133 = ORIENTED_EDGE('',*,*,#6103,.T.);
#6134 = B_SPLINE_SURFACE_WITH_KNOTS('',1,1,(
    (#6135,#6136)
    ,(#6137,#6138
    )),.UNSPECIFIED.,.F.,.F.,.F.,(2,2),(2,2),(0.,7.365543463047E-03),(
    -9.902685511254E-05,1.033177739313E-03),.PIECEWISE_BEZIER_KNOTS.);
#6135 = CARTESIAN_POINT('',(-0.113166269723,0.627562559685,
    0.684664700089));
#6136 = CARTESIAN_POINT('',(-0.113165152219,0.628694763728,
    0.684664707938));
#6137 = CARTESIAN_POINT('',(-0.113114540323,0.627562559685,0.67729933828
    ));
#6138 = CARTESIAN_POINT('',(-0.113113422819,0.628694763728,
    0.677299346129));
#6139 = ADVANCED_FACE('',(#6140),#6158,.F.);
#6140 = FACE_BOUND('',#6141,.F.);
#6141 = EDGE_LOOP('',(#6142,#6143,#6152,#6157));
#6142 = ORIENTED_EDGE('',*,*,#6122,.F.);
#6143 = ORIENTED_EDGE('',*,*,#6144,.T.);
#6144 = EDGE_CURVE('',#6123,#6145,#6147,.T.);
#6145 = VERTEX_POINT('',#6146);
#6146 = CARTESIAN_POINT('',(-0.102855351456,0.627382248489,
    0.686652293943));
#6147 = B_SPLINE_CURVE_WITH_KNOTS('',3,(#6148,#6149,#6150,#6151),
  .UNSPECIFIED.,.F.,.F.,(4,4),(8.,9.),.PIECEWISE_BEZIER_KNOTS.);
#6148 = CARTESIAN_POINT('',(-0.113166171982,0.627661586492,
    0.684664700775));
#6149 = CARTESIAN_POINT('',(-0.109993884203,0.627476120671,
    0.685984358663));
#6150 = CARTESIAN_POINT('',(-0.106567193863,0.62738591232,0.686626224432
    ));
#6151 = CARTESIAN_POINT('',(-0.102855351456,0.627382248489,
    0.686652293943));
#6152 = ORIENTED_EDGE('',*,*,#6153,.T.);
#6153 = EDGE_CURVE('',#6145,#355,#6154,.T.);
#6154 = B_SPLINE_CURVE_WITH_KNOTS('',1,(#6155,#6156),.UNSPECIFIED.,.F.,
  .F.,(2,2),(0.,1.000000000001E-04),.PIECEWISE_BEZIER_KNOTS.);
#6155 = CARTESIAN_POINT('',(-0.102855351456,0.627382248489,
    0.686652293943));
#6156 = CARTESIAN_POINT('',(-0.102855351456,0.627283221682,
    0.686638376633));
#6157 = ORIENTED_EDGE('',*,*,#363,.F.);
#6158 = B_SPLINE_SURFACE_WITH_KNOTS('',3,1,(
    (#6159,#6160)
    ,(#6161,#6162)
    ,(#6163,#6164)
    ,(#6165,#6166
    )),.UNSPECIFIED.,.F.,.F.,.F.,(4,4),(2,2),(8.,9.),(0.,1.),
  .PIECEWISE_BEZIER_KNOTS.);
#6159 = CARTESIAN_POINT('',(-0.113166171982,0.627661586492,
    0.684664700775));
#6160 = CARTESIAN_POINT('',(-0.113166171982,0.627562559685,
    0.684650783465));
#6161 = CARTESIAN_POINT('',(-0.109993884203,0.627476120671,
    0.685984358663));
#6162 = CARTESIAN_POINT('',(-0.109993884203,0.627377093864,
    0.685970441353));
#6163 = CARTESIAN_POINT('',(-0.106567193863,0.62738591232,0.686626224432
    ));
#6164 = CARTESIAN_POINT('',(-0.106567193863,0.627286885513,
    0.686612307122));
#6165 = CARTESIAN_POINT('',(-0.102855351456,0.627382248489,
    0.686652293943));
#6166 = CARTESIAN_POINT('',(-0.102855351456,0.627283221682,
    0.686638376633));
#6167 = ADVANCED_FACE('',(#6168),#6186,.F.);
#6168 = FACE_BOUND('',#6169,.F.);
#6169 = EDGE_LOOP('',(#6170,#6171,#6180,#6185));
#6170 = ORIENTED_EDGE('',*,*,#6153,.F.);
#6171 = ORIENTED_EDGE('',*,*,#6172,.T.);
#6172 = EDGE_CURVE('',#6145,#6173,#6175,.T.);
#6173 = VERTEX_POINT('',#6174);
#6174 = CARTESIAN_POINT('',(-9.075950973046E-02,0.627852193313,
    0.68330846277));
#6175 = B_SPLINE_CURVE_WITH_KNOTS('',3,(#6176,#6177,#6178,#6179),
  .UNSPECIFIED.,.F.,.F.,(4,4),(7.,8.),.PIECEWISE_BEZIER_KNOTS.);
#6176 = CARTESIAN_POINT('',(-0.102855351456,0.627382248489,
    0.686652293943));
#6177 = CARTESIAN_POINT('',(-9.808298264732E-02,0.627377537849,
    0.686685811885));
#6178 = CARTESIAN_POINT('',(-9.405103540548E-02,0.627534186124,
    0.685571201495));
#6179 = CARTESIAN_POINT('',(-9.075950973046E-02,0.627852193313,
    0.68330846277));
#6180 = ORIENTED_EDGE('',*,*,#6181,.T.);
#6181 = EDGE_CURVE('',#6173,#346,#6182,.T.);
#6182 = B_SPLINE_CURVE_WITH_KNOTS('',1,(#6183,#6184),.UNSPECIFIED.,.F.,
  .F.,(2,2),(0.,9.999999999997E-05),.PIECEWISE_BEZIER_KNOTS.);
#6183 = CARTESIAN_POINT('',(-9.075950973046E-02,0.627852193313,
    0.68330846277));
#6184 = CARTESIAN_POINT('',(-9.075950973046E-02,0.627753166506,
    0.68329454546));
#6185 = ORIENTED_EDGE('',*,*,#354,.F.);
#6186 = B_SPLINE_SURFACE_WITH_KNOTS('',3,1,(
    (#6187,#6188)
    ,(#6189,#6190)
    ,(#6191,#6192)
    ,(#6193,#6194
    )),.UNSPECIFIED.,.F.,.F.,.F.,(4,4),(2,2),(7.,8.),(0.,1.),
  .PIECEWISE_BEZIER_KNOTS.);
#6187 = CARTESIAN_POINT('',(-0.102855351456,0.627382248489,
    0.686652293943));
#6188 = CARTESIAN_POINT('',(-0.102855351456,0.627283221682,
    0.686638376633));
#6189 = CARTESIAN_POINT('',(-9.808298264732E-02,0.627377537849,
    0.686685811885));
#6190 = CARTESIAN_POINT('',(-9.808298264732E-02,0.627278511043,
    0.686671894575));
#6191 = CARTESIAN_POINT('',(-9.405103540548E-02,0.627534186124,
    0.685571201495));
#6192 = CARTESIAN_POINT('',(-9.405103540548E-02,0.627435159317,
    0.685557284185));
#6193 = CARTESIAN_POINT('',(-9.075950973046E-02,0.627852193313,
    0.68330846277));
#6194 = CARTESIAN_POINT('',(-9.075950973046E-02,0.627753166506,
    0.68329454546));
#6195 = ADVANCED_FACE('',(#6196),#6214,.F.);
#6196 = FACE_BOUND('',#6197,.F.);
#6197 = EDGE_LOOP('',(#6198,#6199,#6208,#6213));
#6198 = ORIENTED_EDGE('',*,*,#6181,.F.);
#6199 = ORIENTED_EDGE('',*,*,#6200,.T.);
#6200 = EDGE_CURVE('',#6173,#6201,#6203,.T.);
#6201 = VERTEX_POINT('',#6202);
#6202 = CARTESIAN_POINT('',(-8.579644821992E-02,0.629141001605,
    0.674138115273));
#6203 = B_SPLINE_CURVE_WITH_KNOTS('',3,(#6204,#6205,#6206,#6207),
  .UNSPECIFIED.,.F.,.F.,(4,4),(6.,7.),.PIECEWISE_BEZIER_KNOTS.);
#6204 = CARTESIAN_POINT('',(-9.075950973046E-02,0.627852193313,
    0.68330846277));
#6205 = CARTESIAN_POINT('',(-8.748335880746E-02,0.628174556977,
    0.681014726115));
#6206 = CARTESIAN_POINT('',(-8.582388005327E-02,0.628602707583,
    0.677968276259));
#6207 = CARTESIAN_POINT('',(-8.579644821992E-02,0.629141001605,
    0.674138115273));
#6208 = ORIENTED_EDGE('',*,*,#6209,.T.);
#6209 = EDGE_CURVE('',#6201,#337,#6210,.T.);
#6210 = B_SPLINE_CURVE_WITH_KNOTS('',1,(#6211,#6212),.UNSPECIFIED.,.F.,
  .F.,(2,2),(0.,9.999999999997E-05),.PIECEWISE_BEZIER_KNOTS.);
#6211 = CARTESIAN_POINT('',(-8.579644821992E-02,0.629141001605,
    0.674138115273));
#6212 = CARTESIAN_POINT('',(-8.579644821992E-02,0.629041974798,
    0.674124197962));
#6213 = ORIENTED_EDGE('',*,*,#345,.F.);
#6214 = B_SPLINE_SURFACE_WITH_KNOTS('',3,1,(
    (#6215,#6216)
    ,(#6217,#6218)
    ,(#6219,#6220)
    ,(#6221,#6222
    )),.UNSPECIFIED.,.F.,.F.,.F.,(4,4),(2,2),(6.,7.),(0.,1.),
  .PIECEWISE_BEZIER_KNOTS.);
#6215 = CARTESIAN_POINT('',(-9.075950973046E-02,0.627852193313,
    0.68330846277));
#6216 = CARTESIAN_POINT('',(-9.075950973046E-02,0.627753166506,
    0.68329454546));
#6217 = CARTESIAN_POINT('',(-8.748335880746E-02,0.628174556977,
    0.681014726115));
#6218 = CARTESIAN_POINT('',(-8.748335880746E-02,0.62807553017,
    0.681000808805));
#6219 = CARTESIAN_POINT('',(-8.582388005327E-02,0.628602707583,
    0.677968276259));
#6220 = CARTESIAN_POINT('',(-8.582388005327E-02,0.628503680776,
    0.677954358949));
#6221 = CARTESIAN_POINT('',(-8.579644821992E-02,0.629141001605,
    0.674138115273));
#6222 = CARTESIAN_POINT('',(-8.579644821992E-02,0.629041974798,
    0.674124197962));
#6223 = ADVANCED_FACE('',(#6224),#6242,.F.);
#6224 = FACE_BOUND('',#6225,.F.);
#6225 = EDGE_LOOP('',(#6226,#6227,#6236,#6241));
#6226 = ORIENTED_EDGE('',*,*,#6209,.F.);
#6227 = ORIENTED_EDGE('',*,*,#6228,.T.);
#6228 = EDGE_CURVE('',#6201,#6229,#6231,.T.);
#6229 = VERTEX_POINT('',#6230);
#6230 = CARTESIAN_POINT('',(-8.79153983471E-02,0.630102520267,
    0.667296554494));
#6231 = B_SPLINE_CURVE_WITH_KNOTS('',3,(#6232,#6233,#6234,#6235),
  .UNSPECIFIED.,.F.,.F.,(4,4),(5.,6.),.PIECEWISE_BEZIER_KNOTS.);
#6232 = CARTESIAN_POINT('',(-8.579644821992E-02,0.629141001605,
    0.674138115273));
#6233 = CARTESIAN_POINT('',(-8.577742291615E-02,0.629514334556,
    0.671481713297));
#6234 = CARTESIAN_POINT('',(-8.647846722489E-02,0.629836282672,
    0.669190933419));
#6235 = CARTESIAN_POINT('',(-8.79153983471E-02,0.630102520267,
    0.667296554494));
#6236 = ORIENTED_EDGE('',*,*,#6237,.T.);
#6237 = EDGE_CURVE('',#6229,#328,#6238,.T.);
#6238 = B_SPLINE_CURVE_WITH_KNOTS('',1,(#6239,#6240),.UNSPECIFIED.,.F.,
  .F.,(2,2),(0.,1.000000000001E-04),.PIECEWISE_BEZIER_KNOTS.);
#6239 = CARTESIAN_POINT('',(-8.79153983471E-02,0.630102520267,
    0.667296554494));
#6240 = CARTESIAN_POINT('',(-8.79153983471E-02,0.630003493461,
    0.667282637184));
#6241 = ORIENTED_EDGE('',*,*,#336,.F.);
#6242 = B_SPLINE_SURFACE_WITH_KNOTS('',3,1,(
    (#6243,#6244)
    ,(#6245,#6246)
    ,(#6247,#6248)
    ,(#6249,#6250
    )),.UNSPECIFIED.,.F.,.F.,.F.,(4,4),(2,2),(5.,6.),(0.,1.),
  .PIECEWISE_BEZIER_KNOTS.);
#6243 = CARTESIAN_POINT('',(-8.579644821992E-02,0.629141001605,
    0.674138115273));
#6244 = CARTESIAN_POINT('',(-8.579644821992E-02,0.629041974798,
    0.674124197962));
#6245 = CARTESIAN_POINT('',(-8.577742291615E-02,0.629514334556,
    0.671481713297));
#6246 = CARTESIAN_POINT('',(-8.577742291615E-02,0.629415307749,
    0.671467795987));
#6247 = CARTESIAN_POINT('',(-8.647846722489E-02,0.629836282672,
    0.669190933419));
#6248 = CARTESIAN_POINT('',(-8.647846722489E-02,0.629737255865,
    0.669177016108));
#6249 = CARTESIAN_POINT('',(-8.79153983471E-02,0.630102520267,
    0.667296554494));
#6250 = CARTESIAN_POINT('',(-8.79153983471E-02,0.630003493461,
    0.667282637184));
#6251 = ADVANCED_FACE('',(#6252),#6270,.F.);
#6252 = FACE_BOUND('',#6253,.F.);
#6253 = EDGE_LOOP('',(#6254,#6255,#6264,#6269));
#6254 = ORIENTED_EDGE('',*,*,#6237,.F.);
#6255 = ORIENTED_EDGE('',*,*,#6256,.T.);
#6256 = EDGE_CURVE('',#6229,#6257,#6259,.T.);
#6257 = VERTEX_POINT('',#6258);
#6258 = CARTESIAN_POINT('',(-9.727884565051E-02,0.630914902951,
    0.661516151345));
#6259 = B_SPLINE_CURVE_WITH_KNOTS('',3,(#6260,#6261,#6262,#6263),
  .UNSPECIFIED.,.F.,.F.,(4,4),(4.,5.),.PIECEWISE_BEZIER_KNOTS.);
#6260 = CARTESIAN_POINT('',(-8.79153983471E-02,0.630102520267,
    0.667296554494));
#6261 = CARTESIAN_POINT('',(-8.933673349282E-02,0.630368742468,
    0.665402285106));
#6262 = CARTESIAN_POINT('',(-9.247340482888E-02,0.630640999117,
    0.663465078389));
#6263 = CARTESIAN_POINT('',(-9.727884565051E-02,0.630914902951,
    0.661516151345));
#6264 = ORIENTED_EDGE('',*,*,#6265,.T.);
#6265 = EDGE_CURVE('',#6257,#319,#6266,.T.);
#6266 = B_SPLINE_CURVE_WITH_KNOTS('',1,(#6267,#6268),.UNSPECIFIED.,.F.,
  .F.,(2,2),(0.,9.999999999997E-05),.PIECEWISE_BEZIER_KNOTS.);
#6267 = CARTESIAN_POINT('',(-9.727884565051E-02,0.630914902951,
    0.661516151345));
#6268 = CARTESIAN_POINT('',(-9.727884565051E-02,0.630815876144,
    0.661502234035));
#6269 = ORIENTED_EDGE('',*,*,#327,.F.);
#6270 = B_SPLINE_SURFACE_WITH_KNOTS('',3,1,(
    (#6271,#6272)
    ,(#6273,#6274)
    ,(#6275,#6276)
    ,(#6277,#6278
    )),.UNSPECIFIED.,.F.,.F.,.F.,(4,4),(2,2),(4.,5.),(0.,1.),
  .PIECEWISE_BEZIER_KNOTS.);
#6271 = CARTESIAN_POINT('',(-8.79153983471E-02,0.630102520267,
    0.667296554494));
#6272 = CARTESIAN_POINT('',(-8.79153983471E-02,0.630003493461,
    0.667282637184));
#6273 = CARTESIAN_POINT('',(-8.933673349282E-02,0.630368742468,
    0.665402285106));
#6274 = CARTESIAN_POINT('',(-8.933673349282E-02,0.630269715662,
    0.665388367796));
#6275 = CARTESIAN_POINT('',(-9.247340482888E-02,0.630640999117,
    0.663465078389));
#6276 = CARTESIAN_POINT('',(-9.247340482888E-02,0.630541972311,
    0.663451161079));
#6277 = CARTESIAN_POINT('',(-9.727884565051E-02,0.630914902951,
    0.661516151345));
#6278 = CARTESIAN_POINT('',(-9.727884565051E-02,0.630815876144,
    0.661502234035));
#6279 = ADVANCED_FACE('',(#6280),#6298,.F.);
#6280 = FACE_BOUND('',#6281,.F.);
#6281 = EDGE_LOOP('',(#6282,#6283,#6292,#6297));
#6282 = ORIENTED_EDGE('',*,*,#6265,.F.);
#6283 = ORIENTED_EDGE('',*,*,#6284,.T.);
#6284 = EDGE_CURVE('',#6257,#6285,#6287,.T.);
#6285 = VERTEX_POINT('',#6286);
#6286 = CARTESIAN_POINT('',(-0.105251928537,0.631465435303,
    0.657598910118));
#6287 = B_SPLINE_CURVE_WITH_KNOTS('',3,(#6288,#6289,#6290,#6291),
  .UNSPECIFIED.,.F.,.F.,(4,4),(3.,4.),.PIECEWISE_BEZIER_KNOTS.);
#6288 = CARTESIAN_POINT('',(-9.727884565051E-02,0.630914902951,
    0.661516151345));
#6289 = CARTESIAN_POINT('',(-0.101291988813,0.631127246546,
    0.660005248157));
#6290 = CARTESIAN_POINT('',(-0.103949609367,0.631312204357,
    0.658689204949));
#6291 = CARTESIAN_POINT('',(-0.105251928537,0.631465435303,
    0.657598910118));
#6292 = ORIENTED_EDGE('',*,*,#6293,.T.);
#6293 = EDGE_CURVE('',#6285,#310,#6294,.T.);
#6294 = B_SPLINE_CURVE_WITH_KNOTS('',1,(#6295,#6296),.UNSPECIFIED.,.F.,
  .F.,(2,2),(0.,1.000000000001E-04),.PIECEWISE_BEZIER_KNOTS.);
#6295 = CARTESIAN_POINT('',(-0.105251928537,0.631465435303,
    0.657598910118));
#6296 = CARTESIAN_POINT('',(-0.105251928537,0.631366408496,
    0.657584992808));
#6297 = ORIENTED_EDGE('',*,*,#318,.F.);
#6298 = B_SPLINE_SURFACE_WITH_KNOTS('',3,1,(
    (#6299,#6300)
    ,(#6301,#6302)
    ,(#6303,#6304)
    ,(#6305,#6306
    )),.UNSPECIFIED.,.F.,.F.,.F.,(4,4),(2,2),(3.,4.),(0.,1.),
  .PIECEWISE_BEZIER_KNOTS.);
#6299 = CARTESIAN_POINT('',(-9.727884565051E-02,0.630914902951,
    0.661516151345));
#6300 = CARTESIAN_POINT('',(-9.727884565051E-02,0.630815876144,
    0.661502234035));
#6301 = CARTESIAN_POINT('',(-0.101291988813,0.631127246546,
    0.660005248157));
#6302 = CARTESIAN_POINT('',(-0.101291988813,0.631028219739,
    0.659991330847));
#6303 = CARTESIAN_POINT('',(-0.103949609367,0.631312204357,
    0.658689204949));
#6304 = CARTESIAN_POINT('',(-0.103949609367,0.63121317755,0.658675287639
    ));
#6305 = CARTESIAN_POINT('',(-0.105251928537,0.631465435303,
    0.657598910118));
#6306 = CARTESIAN_POINT('',(-0.105251928537,0.631366408496,
    0.657584992808));
#6307 = ADVANCED_FACE('',(#6308),#6326,.F.);
#6308 = FACE_BOUND('',#6309,.F.);
#6309 = EDGE_LOOP('',(#6310,#6311,#6320,#6325));
#6310 = ORIENTED_EDGE('',*,*,#6293,.F.);
#6311 = ORIENTED_EDGE('',*,*,#6312,.T.);
#6312 = EDGE_CURVE('',#6285,#6313,#6315,.T.);
#6313 = VERTEX_POINT('',#6314);
#6314 = CARTESIAN_POINT('',(-0.107187598722,0.632044738727,0.65347695207
    ));
#6315 = B_SPLINE_CURVE_WITH_KNOTS('',3,(#6316,#6317,#6318,#6319),
  .UNSPECIFIED.,.F.,.F.,(4,4),(2.,3.),.PIECEWISE_BEZIER_KNOTS.);
#6316 = CARTESIAN_POINT('',(-0.105251928537,0.631465435303,
    0.657598910118));
#6317 = CARTESIAN_POINT('',(-0.106554247706,0.631618666248,
    0.656508615287));
#6318 = CARTESIAN_POINT('',(-0.107199544843,0.631810320363,
    0.655144925403));
#6319 = CARTESIAN_POINT('',(-0.107187598722,0.632044738727,0.65347695207
    ));
#6320 = ORIENTED_EDGE('',*,*,#6321,.T.);
#6321 = EDGE_CURVE('',#6313,#301,#6322,.T.);
#6322 = B_SPLINE_CURVE_WITH_KNOTS('',1,(#6323,#6324),.UNSPECIFIED.,.F.,
  .F.,(2,2),(0.,9.999999999997E-05),.PIECEWISE_BEZIER_KNOTS.);
#6323 = CARTESIAN_POINT('',(-0.107187598722,0.632044738727,0.65347695207
    ));
#6324 = CARTESIAN_POINT('',(-0.107187598722,0.631945711921,0.65346303476
    ));
#6325 = ORIENTED_EDGE('',*,*,#309,.F.);
#6326 = B_SPLINE_SURFACE_WITH_KNOTS('',3,1,(
    (#6327,#6328)
    ,(#6329,#6330)
    ,(#6331,#6332)
    ,(#6333,#6334
    )),.UNSPECIFIED.,.F.,.F.,.F.,(4,4),(2,2),(2.,3.),(0.,1.),
  .PIECEWISE_BEZIER_KNOTS.);
#6327 = CARTESIAN_POINT('',(-0.105251928537,0.631465435303,
    0.657598910118));
#6328 = CARTESIAN_POINT('',(-0.105251928537,0.631366408496,
    0.657584992808));
#6329 = CARTESIAN_POINT('',(-0.106554247706,0.631618666248,
    0.656508615287));
#6330 = CARTESIAN_POINT('',(-0.106554247706,0.631519639441,
    0.656494697977));
#6331 = CARTESIAN_POINT('',(-0.107199544843,0.631810320363,
    0.655144925403));
#6332 = CARTESIAN_POINT('',(-0.107199544843,0.631711293556,
    0.655131008093));
#6333 = CARTESIAN_POINT('',(-0.107187598722,0.632044738727,0.65347695207
    ));
#6334 = CARTESIAN_POINT('',(-0.107187598722,0.631945711921,0.65346303476
    ));
#6335 = ADVANCED_FACE('',(#6336),#6348,.F.);
#6336 = FACE_BOUND('',#6337,.F.);
#6337 = EDGE_LOOP('',(#6338,#6339,#6346,#6347));
#6338 = ORIENTED_EDGE('',*,*,#6321,.F.);
#6339 = ORIENTED_EDGE('',*,*,#6340,.T.);
#6340 = EDGE_CURVE('',#6313,#5786,#6341,.T.);
#6341 = B_SPLINE_CURVE_WITH_KNOTS('',3,(#6342,#6343,#6344,#6345),
  .UNSPECIFIED.,.F.,.F.,(4,4),(1.,2.),.PIECEWISE_BEZIER_KNOTS.);
#6342 = CARTESIAN_POINT('',(-0.107187598722,0.632044738727,0.65347695207
    ));
#6343 = CARTESIAN_POINT('',(-0.10715972444,0.632591714911,0.649585014293
    ));
#6344 = CARTESIAN_POINT('',(-0.104135763834,0.632862231913,
    0.647660185806));
#6345 = CARTESIAN_POINT('',(-9.813131288217E-02,0.632856305128,
    0.647702357074));
#6346 = ORIENTED_EDGE('',*,*,#5785,.T.);
#6347 = ORIENTED_EDGE('',*,*,#300,.F.);
#6348 = B_SPLINE_SURFACE_WITH_KNOTS('',3,1,(
    (#6349,#6350)
    ,(#6351,#6352)
    ,(#6353,#6354)
    ,(#6355,#6356
    )),.UNSPECIFIED.,.F.,.F.,.F.,(4,4),(2,2),(1.,2.),(0.,1.),
  .PIECEWISE_BEZIER_KNOTS.);
#6349 = CARTESIAN_POINT('',(-0.107187598722,0.632044738727,0.65347695207
    ));
#6350 = CARTESIAN_POINT('',(-0.107187598722,0.631945711921,0.65346303476
    ));
#6351 = CARTESIAN_POINT('',(-0.10715972444,0.632591714911,0.649585014293
    ));
#6352 = CARTESIAN_POINT('',(-0.10715972444,0.632492688104,0.649571096983
    ));
#6353 = CARTESIAN_POINT('',(-0.104135763834,0.632862231913,
    0.647660185806));
#6354 = CARTESIAN_POINT('',(-0.104135763834,0.632763205106,
    0.647646268496));
#6355 = CARTESIAN_POINT('',(-9.813131288217E-02,0.632856305128,
    0.647702357074));
#6356 = CARTESIAN_POINT('',(-9.813131288217E-02,0.632757278321,
    0.647688439764));
#6357 = ADVANCED_FACE('',(#6358),#6381,.F.);
#6358 = FACE_BOUND('',#6359,.T.);
#6359 = EDGE_LOOP('',(#6360,#6361,#6362,#6363,#6364,#6365,#6366,#6367,
    #6368,#6369,#6370,#6371,#6372,#6373,#6374,#6375,#6376,#6377,#6378,
    #6379,#6380));
#6360 = ORIENTED_EDGE('',*,*,#5792,.T.);
#6361 = ORIENTED_EDGE('',*,*,#5827,.T.);
#6362 = ORIENTED_EDGE('',*,*,#5842,.T.);
#6363 = ORIENTED_EDGE('',*,*,#5870,.T.);
#6364 = ORIENTED_EDGE('',*,*,#5898,.T.);
#6365 = ORIENTED_EDGE('',*,*,#5926,.T.);
#6366 = ORIENTED_EDGE('',*,*,#5954,.T.);
#6367 = ORIENTED_EDGE('',*,*,#5982,.T.);
#6368 = ORIENTED_EDGE('',*,*,#6010,.T.);
#6369 = ORIENTED_EDGE('',*,*,#6038,.T.);
#6370 = ORIENTED_EDGE('',*,*,#6066,.T.);
#6371 = ORIENTED_EDGE('',*,*,#6094,.T.);
#6372 = ORIENTED_EDGE('',*,*,#6129,.T.);
#6373 = ORIENTED_EDGE('',*,*,#6144,.T.);
#6374 = ORIENTED_EDGE('',*,*,#6172,.T.);
#6375 = ORIENTED_EDGE('',*,*,#6200,.T.);
#6376 = ORIENTED_EDGE('',*,*,#6228,.T.);
#6377 = ORIENTED_EDGE('',*,*,#6256,.T.);
#6378 = ORIENTED_EDGE('',*,*,#6284,.T.);
#6379 = ORIENTED_EDGE('',*,*,#6312,.T.);
#6380 = ORIENTED_EDGE('',*,*,#6340,.T.);
#6381 = B_SPLINE_SURFACE_WITH_KNOTS('',1,1,(
    (#6382,#6383)
    ,(#6384,#6385
    )),.UNSPECIFIED.,.F.,.F.,.F.,(2,2),(2,2),(-3.826768617317E-02,
    7.368796452621E-03),(-2.342667892503E-02,6.096506676112E-03),
  .PIECEWISE_BEZIER_KNOTS.);
#6382 = CARTESIAN_POINT('',(-0.115058036939,0.627377537849,
    0.686685811885));
#6383 = CARTESIAN_POINT('',(-8.55348513374E-02,0.627377537849,
    0.686685811885));
#6384 = CARTESIAN_POINT('',(-0.115058036939,0.633728908653,
    0.641493460371));
#6385 = CARTESIAN_POINT('',(-8.55348513374E-02,0.633728908653,
    0.641493460371));
#6386 = ADVANCED_FACE('',(#6387),#6409,.F.);
#6387 = FACE_BOUND('',#6388,.T.);
#6388 = EDGE_LOOP('',(#6389,#6390,#6397,#6404));
#6389 = ORIENTED_EDGE('',*,*,#174,.T.);
#6390 = ORIENTED_EDGE('',*,*,#6391,.F.);
#6391 = EDGE_CURVE('',#6392,#166,#6394,.T.);
#6392 = VERTEX_POINT('',#6393);
#6393 = CARTESIAN_POINT('',(-0.153145296483,0.627570809523,
    0.685310612473));
#6394 = B_SPLINE_CURVE_WITH_KNOTS('',1,(#6395,#6396),.UNSPECIFIED.,.F.,
  .F.,(2,2),(0.,9.999999999997E-05),.PIECEWISE_BEZIER_KNOTS.);
#6395 = CARTESIAN_POINT('',(-0.153145296483,0.627570809523,
    0.685310612473));
#6396 = CARTESIAN_POINT('',(-0.153145296483,0.627471782716,
    0.685296695163));
#6397 = ORIENTED_EDGE('',*,*,#6398,.F.);
#6398 = EDGE_CURVE('',#6399,#6392,#6401,.T.);
#6399 = VERTEX_POINT('',#6400);
#6400 = CARTESIAN_POINT('',(-0.161068052544,0.6275786298,0.685254968306)
  );
#6401 = B_SPLINE_CURVE_WITH_KNOTS('',1,(#6402,#6403),.UNSPECIFIED.,.F.,
  .F.,(2,2),(-7.922955322041E-03,0.),.PIECEWISE_BEZIER_KNOTS.);
#6402 = CARTESIAN_POINT('',(-0.161068052544,0.6275786298,0.685254968306)
  );
#6403 = CARTESIAN_POINT('',(-0.153145296483,0.627570809523,
    0.685310612473));
#6404 = ORIENTED_EDGE('',*,*,#6405,.T.);
#6405 = EDGE_CURVE('',#6399,#175,#6406,.T.);
#6406 = B_SPLINE_CURVE_WITH_KNOTS('',1,(#6407,#6408),.UNSPECIFIED.,.F.,
  .F.,(2,2),(0.,9.999999999997E-05),.PIECEWISE_BEZIER_KNOTS.);
#6407 = CARTESIAN_POINT('',(-0.161068052544,0.6275786298,0.685254968306)
  );
#6408 = CARTESIAN_POINT('',(-0.161068052544,0.627479602993,
    0.685241050996));
#6409 = B_SPLINE_SURFACE_WITH_KNOTS('',1,1,(
    (#6410,#6411)
    ,(#6412,#6413)),.UNSPECIFIED.,.F.,.F.,.F.,(2,2),(2,2),(-1.E-04,0.),(
    -7.922955322041E-03,1.890848588814E-20),.PIECEWISE_BEZIER_KNOTS.);
#6410 = CARTESIAN_POINT('',(-0.161068052544,0.627479602993,
    0.685241050996));
#6411 = CARTESIAN_POINT('',(-0.153145296483,0.627471782716,
    0.685296695163));
#6412 = CARTESIAN_POINT('',(-0.161068052544,0.6275786298,0.685254968306)
  );
#6413 = CARTESIAN_POINT('',(-0.153145296483,0.627570809523,
    0.685310612473));
#6414 = ADVANCED_FACE('',(#6415),#6431,.F.);
#6415 = FACE_BOUND('',#6416,.T.);
#6416 = EDGE_LOOP('',(#6417,#6418,#6425,#6430));
#6417 = ORIENTED_EDGE('',*,*,#165,.T.);
#6418 = ORIENTED_EDGE('',*,*,#6419,.F.);
#6419 = EDGE_CURVE('',#6420,#168,#6422,.T.);
#6420 = VERTEX_POINT('',#6421);
#6421 = CARTESIAN_POINT('',(-0.141012838279,0.632125880739,0.65289959666
    ));
#6422 = B_SPLINE_CURVE_WITH_KNOTS('',1,(#6423,#6424),.UNSPECIFIED.,.F.,
  .F.,(2,2),(0.,1.000000000001E-04),.PIECEWISE_BEZIER_KNOTS.);
#6423 = CARTESIAN_POINT('',(-0.141012838279,0.632125880739,0.65289959666
    ));
#6424 = CARTESIAN_POINT('',(-0.141012838279,0.632026853932,0.65288567935
    ));
#6425 = ORIENTED_EDGE('',*,*,#6426,.F.);
#6426 = EDGE_CURVE('',#6392,#6420,#6427,.T.);
#6427 = B_SPLINE_CURVE_WITH_KNOTS('',1,(#6428,#6429),.UNSPECIFIED.,.F.,
  .F.,(2,2),(-3.490586142583E-02,1.030871450736E-16),
  .PIECEWISE_BEZIER_KNOTS.);
#6428 = CARTESIAN_POINT('',(-0.153145296483,0.627570809523,
    0.685310612473));
#6429 = CARTESIAN_POINT('',(-0.141012838279,0.632125880739,0.65289959666
    ));
#6430 = ORIENTED_EDGE('',*,*,#6391,.T.);
#6431 = B_SPLINE_SURFACE_WITH_KNOTS('',1,1,(
    (#6432,#6433)
    ,(#6434,#6435
    )),.UNSPECIFIED.,.F.,.F.,.F.,(2,2),(2,2),(-1.306488303319E-05,
    3.460667309656E-02),(-4.65955283777E-03,1.346821492598E-17),
  .PIECEWISE_BEZIER_KNOTS.);
#6432 = CARTESIAN_POINT('',(-0.141219928626,0.627471782716,
    0.652809660452));
#6433 = CARTESIAN_POINT('',(-0.141008336155,0.632125880739,
    0.652887331993));
#6434 = CARTESIAN_POINT('',(-0.153149798607,0.627471782716,
    0.685308959829));
#6435 = CARTESIAN_POINT('',(-0.152938206136,0.632125880739,
    0.685386631371));
#6436 = ADVANCED_FACE('',(#6437),#6455,.F.);
#6437 = FACE_BOUND('',#6438,.F.);
#6438 = EDGE_LOOP('',(#6439,#6440,#6449,#6454));
#6439 = ORIENTED_EDGE('',*,*,#6419,.F.);
#6440 = ORIENTED_EDGE('',*,*,#6441,.T.);
#6441 = EDGE_CURVE('',#6420,#6442,#6444,.T.);
#6442 = VERTEX_POINT('',#6443);
#6443 = CARTESIAN_POINT('',(-0.140052081325,0.632615499217,
    0.649415780164));
#6444 = B_SPLINE_CURVE_WITH_KNOTS('',3,(#6445,#6446,#6447,#6448),
  .UNSPECIFIED.,.F.,.F.,(4,4),(12.,13.),.PIECEWISE_BEZIER_KNOTS.);
#6445 = CARTESIAN_POINT('',(-0.141012838279,0.632125880739,0.65289959666
    ));
#6446 = CARTESIAN_POINT('',(-0.140534118986,0.632338131872,
    0.651389351375));
#6447 = CARTESIAN_POINT('',(-0.140213792926,0.632502785058,
    0.650217783078));
#6448 = CARTESIAN_POINT('',(-0.140052081325,0.632615499217,
    0.649415780164));
#6449 = ORIENTED_EDGE('',*,*,#6450,.T.);
#6450 = EDGE_CURVE('',#6442,#267,#6451,.T.);
#6451 = B_SPLINE_CURVE_WITH_KNOTS('',1,(#6452,#6453),.UNSPECIFIED.,.F.,
  .F.,(2,2),(0.,9.999999999997E-05),.PIECEWISE_BEZIER_KNOTS.);
#6452 = CARTESIAN_POINT('',(-0.140052081325,0.632615499217,
    0.649415780164));
#6453 = CARTESIAN_POINT('',(-0.140052081325,0.63251647241,0.649401862854
    ));
#6454 = ORIENTED_EDGE('',*,*,#273,.F.);
#6455 = B_SPLINE_SURFACE_WITH_KNOTS('',3,1,(
    (#6456,#6457)
    ,(#6458,#6459)
    ,(#6460,#6461)
    ,(#6462,#6463
    )),.UNSPECIFIED.,.F.,.F.,.F.,(4,4),(2,2),(12.,13.),(0.,1.),
  .PIECEWISE_BEZIER_KNOTS.);
#6456 = CARTESIAN_POINT('',(-0.141012838279,0.632125880739,0.65289959666
    ));
#6457 = CARTESIAN_POINT('',(-0.141012838279,0.632026853932,0.65288567935
    ));
#6458 = CARTESIAN_POINT('',(-0.140534118986,0.632338131872,
    0.651389351375));
#6459 = CARTESIAN_POINT('',(-0.140534118986,0.632239105065,
    0.651375434065));
#6460 = CARTESIAN_POINT('',(-0.140213792926,0.632502785058,
    0.650217783078));
#6461 = CARTESIAN_POINT('',(-0.140213792926,0.632403758251,
    0.650203865768));
#6462 = CARTESIAN_POINT('',(-0.140052081325,0.632615499217,
    0.649415780164));
#6463 = CARTESIAN_POINT('',(-0.140052081325,0.63251647241,0.649401862854
    ));
#6464 = ADVANCED_FACE('',(#6465),#6481,.F.);
#6465 = FACE_BOUND('',#6466,.T.);
#6466 = EDGE_LOOP('',(#6467,#6468,#6475,#6480));
#6467 = ORIENTED_EDGE('',*,*,#266,.T.);
#6468 = ORIENTED_EDGE('',*,*,#6469,.F.);
#6469 = EDGE_CURVE('',#6470,#260,#6472,.T.);
#6470 = VERTEX_POINT('',#6471);
#6471 = CARTESIAN_POINT('',(-0.139849333631,0.632615299092,
    0.649417204129));
#6472 = B_SPLINE_CURVE_WITH_KNOTS('',1,(#6473,#6474),.UNSPECIFIED.,.F.,
  .F.,(2,2),(0.,1.000000000001E-04),.PIECEWISE_BEZIER_KNOTS.);
#6473 = CARTESIAN_POINT('',(-0.139849333631,0.632615299092,
    0.649417204129));
#6474 = CARTESIAN_POINT('',(-0.139849333631,0.632516272285,
    0.649403286819));
#6475 = ORIENTED_EDGE('',*,*,#6476,.F.);
#6476 = EDGE_CURVE('',#6442,#6470,#6477,.T.);
#6477 = B_SPLINE_CURVE_WITH_KNOTS('',1,(#6478,#6479),.UNSPECIFIED.,.F.,
  .F.,(2,2),(-2.027527934504E-04,0.),.PIECEWISE_BEZIER_KNOTS.);
#6478 = CARTESIAN_POINT('',(-0.140052081325,0.632615499217,
    0.649415780164));
#6479 = CARTESIAN_POINT('',(-0.139849333631,0.632615299092,
    0.649417204129));
#6480 = ORIENTED_EDGE('',*,*,#6450,.T.);
#6481 = B_SPLINE_SURFACE_WITH_KNOTS('',1,1,(
    (#6482,#6483)
    ,(#6484,#6485
    )),.UNSPECIFIED.,.F.,.F.,.F.,(2,2),(2,2),(-1.000000000001E-04,0.),(
    -2.027527934504E-04,1.890848588816E-20),.PIECEWISE_BEZIER_KNOTS.);
#6482 = CARTESIAN_POINT('',(-0.140052081325,0.63251647241,0.649401862854
    ));
#6483 = CARTESIAN_POINT('',(-0.139849333631,0.632516272285,
    0.649403286819));
#6484 = CARTESIAN_POINT('',(-0.140052081325,0.632615499217,
    0.649415780164));
#6485 = CARTESIAN_POINT('',(-0.139849333631,0.632615299092,
    0.649417204129));
#6486 = ADVANCED_FACE('',(#6487),#6503,.F.);
#6487 = FACE_BOUND('',#6488,.T.);
#6488 = EDGE_LOOP('',(#6489,#6490,#6497,#6502));
#6489 = ORIENTED_EDGE('',*,*,#259,.T.);
#6490 = ORIENTED_EDGE('',*,*,#6491,.F.);
#6491 = EDGE_CURVE('',#6492,#253,#6494,.T.);
#6492 = VERTEX_POINT('',#6493);
#6493 = CARTESIAN_POINT('',(-0.138939015854,0.632115151142,
    0.652975941706));
#6494 = B_SPLINE_CURVE_WITH_KNOTS('',1,(#6495,#6496),.UNSPECIFIED.,.F.,
  .F.,(2,2),(0.,9.999999999997E-05),.PIECEWISE_BEZIER_KNOTS.);
#6495 = CARTESIAN_POINT('',(-0.138939015854,0.632115151142,
    0.652975941706));
#6496 = CARTESIAN_POINT('',(-0.138939015854,0.632016124335,
    0.652962024396));
#6497 = ORIENTED_EDGE('',*,*,#6498,.F.);
#6498 = EDGE_CURVE('',#6470,#6492,#6499,.T.);
#6499 = B_SPLINE_CURVE_WITH_KNOTS('',1,(#6500,#6501),.UNSPECIFIED.,.F.,
  .F.,(2,2),(-3.707214529686E-03,0.),.PIECEWISE_BEZIER_KNOTS.);
#6500 = CARTESIAN_POINT('',(-0.139849333631,0.632615299092,
    0.649417204129));
#6501 = CARTESIAN_POINT('',(-0.138939015854,0.632115151142,
    0.652975941706));
#6502 = ORIENTED_EDGE('',*,*,#6469,.T.);
#6503 = B_SPLINE_SURFACE_WITH_KNOTS('',1,1,(
    (#6504,#6505)
    ,(#6506,#6507
    )),.UNSPECIFIED.,.F.,.F.,.F.,(2,2),(2,2),(0.,3.686780881368E-03),(
    -9.908468368699E-05,5.004402640494E-04),.PIECEWISE_BEZIER_KNOTS.);
#6504 = CARTESIAN_POINT('',(-0.138935731451,0.632016124335,
    0.652975117835));
#6505 = CARTESIAN_POINT('',(-0.138955604161,0.632615299092,
    0.652980102773));
#6506 = CARTESIAN_POINT('',(-0.139832745323,0.632016124335,
    0.649399125752));
#6507 = CARTESIAN_POINT('',(-0.139852618033,0.632615299092,
    0.649404110689));
#6508 = ADVANCED_FACE('',(#6509),#6525,.F.);
#6509 = FACE_BOUND('',#6510,.T.);
#6510 = EDGE_LOOP('',(#6511,#6512,#6519,#6524));
#6511 = ORIENTED_EDGE('',*,*,#252,.T.);
#6512 = ORIENTED_EDGE('',*,*,#6513,.F.);
#6513 = EDGE_CURVE('',#6514,#246,#6516,.T.);
#6514 = VERTEX_POINT('',#6515);
#6515 = CARTESIAN_POINT('',(-0.127786238695,0.627545778477,0.68548871762
    ));
#6516 = B_SPLINE_CURVE_WITH_KNOTS('',1,(#6517,#6518),.UNSPECIFIED.,.F.,
  .F.,(2,2),(0.,1.000000000001E-04),.PIECEWISE_BEZIER_KNOTS.);
#6517 = CARTESIAN_POINT('',(-0.127786238695,0.627545778477,0.68548871762
    ));
#6518 = CARTESIAN_POINT('',(-0.127786238695,0.62744675167,0.68547480031)
  );
#6519 = ORIENTED_EDGE('',*,*,#6520,.F.);
#6520 = EDGE_CURVE('',#6492,#6514,#6521,.T.);
#6521 = B_SPLINE_CURVE_WITH_KNOTS('',1,(#6522,#6523),.UNSPECIFIED.,.F.,
  .F.,(2,2),(-3.467483529186E-02,0.),.PIECEWISE_BEZIER_KNOTS.);
#6522 = CARTESIAN_POINT('',(-0.138939015854,0.632115151142,
    0.652975941706));
#6523 = CARTESIAN_POINT('',(-0.127786238695,0.627545778477,0.68548871762
    ));
#6524 = ORIENTED_EDGE('',*,*,#6491,.T.);
#6525 = B_SPLINE_SURFACE_WITH_KNOTS('',1,1,(
    (#6526,#6527)
    ,(#6528,#6529
    )),.UNSPECIFIED.,.F.,.F.,.F.,(2,2),(2,2),(0.,3.438502707143E-02),(
    -9.912616969075E-05,4.573957542488E-03),.PIECEWISE_BEZIER_KNOTS.);
#6526 = CARTESIAN_POINT('',(-0.12778203303,0.62744675167,0.685487302904)
  );
#6527 = CARTESIAN_POINT('',(-0.127980299786,0.632115151142,
    0.685553996545));
#6528 = CARTESIAN_POINT('',(-0.138744954762,0.62744675167,0.652896745471
    ));
#6529 = CARTESIAN_POINT('',(-0.138943221519,0.632115151142,
    0.652963439112));
#6530 = ADVANCED_FACE('',(#6531),#6547,.F.);
#6531 = FACE_BOUND('',#6532,.T.);
#6532 = EDGE_LOOP('',(#6533,#6534,#6541,#6546));
#6533 = ORIENTED_EDGE('',*,*,#245,.T.);
#6534 = ORIENTED_EDGE('',*,*,#6535,.F.);
#6535 = EDGE_CURVE('',#6536,#239,#6538,.T.);
#6536 = VERTEX_POINT('',#6537);
#6537 = CARTESIAN_POINT('',(-0.119239643574,0.627537342429,
    0.685548743216));
#6538 = B_SPLINE_CURVE_WITH_KNOTS('',1,(#6539,#6540),.UNSPECIFIED.,.F.,
  .F.,(2,2),(0.,9.999999999997E-05),.PIECEWISE_BEZIER_KNOTS.);
#6539 = CARTESIAN_POINT('',(-0.119239643574,0.627537342429,
    0.685548743216));
#6540 = CARTESIAN_POINT('',(-0.119239643574,0.627438315622,
    0.685534825906));
#6541 = ORIENTED_EDGE('',*,*,#6542,.F.);
#6542 = EDGE_CURVE('',#6514,#6536,#6543,.T.);
#6543 = B_SPLINE_CURVE_WITH_KNOTS('',1,(#6544,#6545),.UNSPECIFIED.,.F.,
  .F.,(2,2),(-8.546810072159E-03,0.),.PIECEWISE_BEZIER_KNOTS.);
#6544 = CARTESIAN_POINT('',(-0.127786238695,0.627545778477,0.68548871762
    ));
#6545 = CARTESIAN_POINT('',(-0.119239643574,0.627537342429,
    0.685548743216));
#6546 = ORIENTED_EDGE('',*,*,#6513,.T.);
#6547 = B_SPLINE_SURFACE_WITH_KNOTS('',1,1,(
    (#6548,#6549)
    ,(#6550,#6551
    )),.UNSPECIFIED.,.F.,.F.,.F.,(2,2),(2,2),(-9.999999999999E-05,
    9.423410944794E-17),(-8.546810072159E-03,1.890848588814E-20),
  .PIECEWISE_BEZIER_KNOTS.);
#6548 = CARTESIAN_POINT('',(-0.127786238695,0.62744675167,0.68547480031)
  );
#6549 = CARTESIAN_POINT('',(-0.119239643574,0.627438315622,
    0.685534825906));
#6550 = CARTESIAN_POINT('',(-0.127786238695,0.627545778477,0.68548871762
    ));
#6551 = CARTESIAN_POINT('',(-0.119239643574,0.627537342429,
    0.685548743216));
#6552 = ADVANCED_FACE('',(#6553),#6569,.F.);
#6553 = FACE_BOUND('',#6554,.T.);
#6554 = EDGE_LOOP('',(#6555,#6556,#6563,#6568));
#6555 = ORIENTED_EDGE('',*,*,#238,.T.);
#6556 = ORIENTED_EDGE('',*,*,#6557,.F.);
#6557 = EDGE_CURVE('',#6558,#232,#6560,.T.);
#6558 = VERTEX_POINT('',#6559);
#6559 = CARTESIAN_POINT('',(-0.136024446916,0.633605681193,
    0.642370269315));
#6560 = B_SPLINE_CURVE_WITH_KNOTS('',1,(#6561,#6562),.UNSPECIFIED.,.F.,
  .F.,(2,2),(0.,9.999999999997E-05),.PIECEWISE_BEZIER_KNOTS.);
#6561 = CARTESIAN_POINT('',(-0.136024446916,0.633605681193,
    0.642370269315));
#6562 = CARTESIAN_POINT('',(-0.136024446916,0.633506654386,
    0.642356352005));
#6563 = ORIENTED_EDGE('',*,*,#6564,.F.);
#6564 = EDGE_CURVE('',#6536,#6558,#6565,.T.);
#6565 = B_SPLINE_CURVE_WITH_KNOTS('',1,(#6566,#6567),.UNSPECIFIED.,.F.,
  .F.,(2,2),(-4.672188959154E-02,0.),.PIECEWISE_BEZIER_KNOTS.);
#6566 = CARTESIAN_POINT('',(-0.119239643574,0.627537342429,
    0.685548743216));
#6567 = CARTESIAN_POINT('',(-0.136024446916,0.633605681193,
    0.642370269315));
#6568 = ORIENTED_EDGE('',*,*,#6535,.T.);
#6569 = B_SPLINE_SURFACE_WITH_KNOTS('',1,1,(
    (#6570,#6571)
    ,(#6572,#6573
    )),.UNSPECIFIED.,.F.,.F.,.F.,(2,2),(2,2),(-1.300447784013E-05,
    4.632513299622E-02),(-6.175088590589E-03,0.),
  .PIECEWISE_BEZIER_KNOTS.);
#6570 = CARTESIAN_POINT('',(-0.135740588291,0.627438315622,
    0.642248144692));
#6571 = CARTESIAN_POINT('',(-0.136029079092,0.633605681193,
    0.642358117797));
#6572 = CARTESIAN_POINT('',(-0.119235011398,0.627438315622,
    0.685546977424));
#6573 = CARTESIAN_POINT('',(-0.119523502199,0.633605681193,0.68565695053
    ));
#6574 = ADVANCED_FACE('',(#6575),#6591,.F.);
#6575 = FACE_BOUND('',#6576,.T.);
#6576 = EDGE_LOOP('',(#6577,#6578,#6585,#6590));
#6577 = ORIENTED_EDGE('',*,*,#231,.T.);
#6578 = ORIENTED_EDGE('',*,*,#6579,.F.);
#6579 = EDGE_CURVE('',#6580,#223,#6582,.T.);
#6580 = VERTEX_POINT('',#6581);
#6581 = CARTESIAN_POINT('',(-0.132615120955,0.634705005959,0.63454816716
    ));
#6582 = B_SPLINE_CURVE_WITH_KNOTS('',1,(#6583,#6584),.UNSPECIFIED.,.F.,
  .F.,(2,2),(0.,9.999999999997E-05),.PIECEWISE_BEZIER_KNOTS.);
#6583 = CARTESIAN_POINT('',(-0.132615120955,0.634705005959,0.63454816716
    ));
#6584 = CARTESIAN_POINT('',(-0.132615120955,0.634605979152,0.63453424985
    ));
#6585 = ORIENTED_EDGE('',*,*,#6586,.F.);
#6586 = EDGE_CURVE('',#6558,#6580,#6587,.T.);
#6587 = B_SPLINE_CURVE_WITH_KNOTS('',1,(#6588,#6589),.UNSPECIFIED.,.F.,
  .F.,(2,2),(-8.603330784243E-03,-1.099897317431E-17),
  .PIECEWISE_BEZIER_KNOTS.);
#6588 = CARTESIAN_POINT('',(-0.136024446916,0.633605681193,
    0.642370269315));
#6589 = CARTESIAN_POINT('',(-0.132615120955,0.634705005959,0.63454816716
    ));
#6590 = ORIENTED_EDGE('',*,*,#6557,.T.);
#6591 = B_SPLINE_SURFACE_WITH_KNOTS('',1,1,(
    (#6592,#6593)
    ,(#6594,#6595
    )),.UNSPECIFIED.,.F.,.F.,.F.,(2,2),(2,2),(-1.279737485358E-05,
    8.532590374754E-03),(-1.200178245906E-03,0.),
  .PIECEWISE_BEZIER_KNOTS.);
#6592 = CARTESIAN_POINT('',(-0.132670956442,0.633506654386,
    0.634510384879));
#6593 = CARTESIAN_POINT('',(-0.132610091313,0.634705005959,
    0.634536399598));
#6594 = CARTESIAN_POINT('',(-0.136029476558,0.633506654386,
    0.642368119567));
#6595 = CARTESIAN_POINT('',(-0.135968611429,0.634705005959,
    0.642394134286));
#6596 = ADVANCED_FACE('',(#6597),#6615,.F.);
#6597 = FACE_BOUND('',#6598,.F.);
#6598 = EDGE_LOOP('',(#6599,#6600,#6609,#6614));
#6599 = ORIENTED_EDGE('',*,*,#6579,.F.);
#6600 = ORIENTED_EDGE('',*,*,#6601,.T.);
#6601 = EDGE_CURVE('',#6580,#6602,#6604,.T.);
#6602 = VERTEX_POINT('',#6603);
#6603 = CARTESIAN_POINT('',(-0.124742359533,0.635552470969,
    0.628518140286));
#6604 = B_SPLINE_CURVE_WITH_KNOTS('',3,(#6605,#6606,#6607,#6608),
  .UNSPECIFIED.,.F.,.F.,(4,4),(5.,6.),.PIECEWISE_BEZIER_KNOTS.);
#6605 = CARTESIAN_POINT('',(-0.132615120955,0.634705005959,0.63454816716
    ));
#6606 = CARTESIAN_POINT('',(-0.130854765935,0.635276319866,
    0.630483057482));
#6607 = CARTESIAN_POINT('',(-0.128235858269,0.63555591928,0.628493604275
    ));
#6608 = CARTESIAN_POINT('',(-0.124742359533,0.635552470969,
    0.628518140286));
#6609 = ORIENTED_EDGE('',*,*,#6610,.T.);
#6610 = EDGE_CURVE('',#6602,#214,#6611,.T.);
#6611 = B_SPLINE_CURVE_WITH_KNOTS('',1,(#6612,#6613),.UNSPECIFIED.,.F.,
  .F.,(2,2),(0.,9.999999999997E-05),.PIECEWISE_BEZIER_KNOTS.);
#6612 = CARTESIAN_POINT('',(-0.124742359533,0.635552470969,
    0.628518140286));
#6613 = CARTESIAN_POINT('',(-0.124742359533,0.635453444162,
    0.628504222975));
#6614 = ORIENTED_EDGE('',*,*,#222,.F.);
#6615 = B_SPLINE_SURFACE_WITH_KNOTS('',3,1,(
    (#6616,#6617)
    ,(#6618,#6619)
    ,(#6620,#6621)
    ,(#6622,#6623
    )),.UNSPECIFIED.,.F.,.F.,.F.,(4,4),(2,2),(5.,6.),(0.,1.),
  .PIECEWISE_BEZIER_KNOTS.);
#6616 = CARTESIAN_POINT('',(-0.132615120955,0.634705005959,0.63454816716
    ));
#6617 = CARTESIAN_POINT('',(-0.132615120955,0.634605979152,0.63453424985
    ));
#6618 = CARTESIAN_POINT('',(-0.130854765935,0.635276319866,
    0.630483057482));
#6619 = CARTESIAN_POINT('',(-0.130854765935,0.635177293059,
    0.630469140172));
#6620 = CARTESIAN_POINT('',(-0.128235858269,0.63555591928,0.628493604275
    ));
#6621 = CARTESIAN_POINT('',(-0.128235858269,0.635456892473,
    0.628479686965));
#6622 = CARTESIAN_POINT('',(-0.124742359533,0.635552470969,
    0.628518140286));
#6623 = CARTESIAN_POINT('',(-0.124742359533,0.635453444162,
    0.628504222975));
#6624 = ADVANCED_FACE('',(#6625),#6643,.F.);
#6625 = FACE_BOUND('',#6626,.F.);
#6626 = EDGE_LOOP('',(#6627,#6628,#6637,#6642));
#6627 = ORIENTED_EDGE('',*,*,#6610,.F.);
#6628 = ORIENTED_EDGE('',*,*,#6629,.T.);
#6629 = EDGE_CURVE('',#6602,#6630,#6632,.T.);
#6630 = VERTEX_POINT('',#6631);
#6631 = CARTESIAN_POINT('',(-0.120412872352,0.635426641105,
    0.629413466289));
#6632 = B_SPLINE_CURVE_WITH_KNOTS('',3,(#6633,#6634,#6635,#6636),
  .UNSPECIFIED.,.F.,.F.,(4,4),(4.,5.),.PIECEWISE_BEZIER_KNOTS.);
#6633 = CARTESIAN_POINT('',(-0.124742359533,0.635552470969,
    0.628518140286));
#6634 = CARTESIAN_POINT('',(-0.123338721649,0.635551085487,
    0.628527998504));
#6635 = CARTESIAN_POINT('',(-0.121905882831,0.635510599488,0.62881607135
    ));
#6636 = CARTESIAN_POINT('',(-0.120412872352,0.635426641105,
    0.629413466289));
#6637 = ORIENTED_EDGE('',*,*,#6638,.T.);
#6638 = EDGE_CURVE('',#6630,#207,#6639,.T.);
#6639 = B_SPLINE_CURVE_WITH_KNOTS('',1,(#6640,#6641),.UNSPECIFIED.,.F.,
  .F.,(2,2),(0.,9.999999999997E-05),.PIECEWISE_BEZIER_KNOTS.);
#6640 = CARTESIAN_POINT('',(-0.120412872352,0.635426641105,
    0.629413466289));
#6641 = CARTESIAN_POINT('',(-0.120412872352,0.635327614298,
    0.629399548979));
#6642 = ORIENTED_EDGE('',*,*,#213,.F.);
#6643 = B_SPLINE_SURFACE_WITH_KNOTS('',3,1,(
    (#6644,#6645)
    ,(#6646,#6647)
    ,(#6648,#6649)
    ,(#6650,#6651
    )),.UNSPECIFIED.,.F.,.F.,.F.,(4,4),(2,2),(4.,5.),(0.,1.),
  .PIECEWISE_BEZIER_KNOTS.);
#6644 = CARTESIAN_POINT('',(-0.124742359533,0.635552470969,
    0.628518140286));
#6645 = CARTESIAN_POINT('',(-0.124742359533,0.635453444162,
    0.628504222975));
#6646 = CARTESIAN_POINT('',(-0.123338721649,0.635551085487,
    0.628527998504));
#6647 = CARTESIAN_POINT('',(-0.123338721649,0.63545205868,0.628514081194
    ));
#6648 = CARTESIAN_POINT('',(-0.121905882831,0.635510599488,0.62881607135
    ));
#6649 = CARTESIAN_POINT('',(-0.121905882831,0.635411572681,
    0.628802154039));
#6650 = CARTESIAN_POINT('',(-0.120412872352,0.635426641105,
    0.629413466289));
#6651 = CARTESIAN_POINT('',(-0.120412872352,0.635327614298,
    0.629399548979));
#6652 = ADVANCED_FACE('',(#6653),#6669,.F.);
#6653 = FACE_BOUND('',#6654,.T.);
#6654 = EDGE_LOOP('',(#6655,#6656,#6663,#6668));
#6655 = ORIENTED_EDGE('',*,*,#206,.T.);
#6656 = ORIENTED_EDGE('',*,*,#6657,.F.);
#6657 = EDGE_CURVE('',#6658,#198,#6660,.T.);
#6658 = VERTEX_POINT('',#6659);
#6659 = CARTESIAN_POINT('',(-0.120364645419,0.636372996725,
    0.622679796167));
#6660 = B_SPLINE_CURVE_WITH_KNOTS('',1,(#6661,#6662),.UNSPECIFIED.,.F.,
  .F.,(2,2),(0.,1.000000000001E-04),.PIECEWISE_BEZIER_KNOTS.);
#6661 = CARTESIAN_POINT('',(-0.120364645419,0.636372996725,
    0.622679796167));
#6662 = CARTESIAN_POINT('',(-0.120364645419,0.636273969918,
    0.622665878856));
#6663 = ORIENTED_EDGE('',*,*,#6664,.F.);
#6664 = EDGE_CURVE('',#6630,#6658,#6665,.T.);
#6665 = B_SPLINE_CURVE_WITH_KNOTS('',1,(#6666,#6667),.UNSPECIFIED.,.F.,
  .F.,(2,2),(-6.800016772865E-03,-1.574620075702E-17),
  .PIECEWISE_BEZIER_KNOTS.);
#6666 = CARTESIAN_POINT('',(-0.120412872352,0.635426641105,
    0.629413466289));
#6667 = CARTESIAN_POINT('',(-0.120364645419,0.636372996725,
    0.622679796167));
#6668 = ORIENTED_EDGE('',*,*,#6638,.T.);
#6669 = B_SPLINE_SURFACE_WITH_KNOTS('',1,1,(
    (#6670,#6671)
    ,(#6672,#6673
    )),.UNSPECIFIED.,.F.,.F.,.F.,(2,2),(2,2),(-1.391696685755E-05,
    6.733842757296E-03),(-1.045382935699E-03,-2.191393540677E-18),
  .PIECEWISE_BEZIER_KNOTS.);
#6670 = CARTESIAN_POINT('',(-0.120365579488,0.635327614298,
    0.622665872296));
#6671 = CARTESIAN_POINT('',(-0.120364547678,0.636372996725,
    0.622665879543));
#6672 = CARTESIAN_POINT('',(-0.120412970093,0.635327614298,
    0.629413465602));
#6673 = CARTESIAN_POINT('',(-0.120411938283,0.636372996725,
    0.629413472849));
#6674 = ADVANCED_FACE('',(#6675),#6693,.F.);
#6675 = FACE_BOUND('',#6676,.F.);
#6676 = EDGE_LOOP('',(#6677,#6678,#6687,#6692));
#6677 = ORIENTED_EDGE('',*,*,#6657,.F.);
#6678 = ORIENTED_EDGE('',*,*,#6679,.T.);
#6679 = EDGE_CURVE('',#6658,#6680,#6682,.T.);
#6680 = VERTEX_POINT('',#6681);
#6681 = CARTESIAN_POINT('',(-0.125288549503,0.636464682923,
    0.622027414965));
#6682 = B_SPLINE_CURVE_WITH_KNOTS('',3,(#6683,#6684,#6685,#6686),
  .UNSPECIFIED.,.F.,.F.,(4,4),(2.,3.),.PIECEWISE_BEZIER_KNOTS.);
#6683 = CARTESIAN_POINT('',(-0.120364645419,0.636372996725,
    0.622679796167));
#6684 = CARTESIAN_POINT('',(-0.121718619456,0.636430770075,0.62226871742
    ));
#6685 = CARTESIAN_POINT('',(-0.123370244394,0.636462789431,
    0.622040887863));
#6686 = CARTESIAN_POINT('',(-0.125288549503,0.636464682923,
    0.622027414965));
#6687 = ORIENTED_EDGE('',*,*,#6688,.T.);
#6688 = EDGE_CURVE('',#6680,#189,#6689,.T.);
#6689 = B_SPLINE_CURVE_WITH_KNOTS('',1,(#6690,#6691),.UNSPECIFIED.,.F.,
  .F.,(2,2),(0.,9.999999999997E-05),.PIECEWISE_BEZIER_KNOTS.);
#6690 = CARTESIAN_POINT('',(-0.125288549503,0.636464682923,
    0.622027414965));
#6691 = CARTESIAN_POINT('',(-0.125288549503,0.636365656116,
    0.622013497655));
#6692 = ORIENTED_EDGE('',*,*,#197,.F.);
#6693 = B_SPLINE_SURFACE_WITH_KNOTS('',3,1,(
    (#6694,#6695)
    ,(#6696,#6697)
    ,(#6698,#6699)
    ,(#6700,#6701
    )),.UNSPECIFIED.,.F.,.F.,.F.,(4,4),(2,2),(2.,3.),(0.,1.),
  .PIECEWISE_BEZIER_KNOTS.);
#6694 = CARTESIAN_POINT('',(-0.120364645419,0.636372996725,
    0.622679796167));
#6695 = CARTESIAN_POINT('',(-0.120364645419,0.636273969918,
    0.622665878856));
#6696 = CARTESIAN_POINT('',(-0.121718619456,0.636430770075,0.62226871742
    ));
#6697 = CARTESIAN_POINT('',(-0.121718619456,0.636331743268,0.62225480011
    ));
#6698 = CARTESIAN_POINT('',(-0.123370244394,0.636462789431,
    0.622040887863));
#6699 = CARTESIAN_POINT('',(-0.123370244394,0.636363762624,
    0.622026970553));
#6700 = CARTESIAN_POINT('',(-0.125288549503,0.636464682923,
    0.622027414965));
#6701 = CARTESIAN_POINT('',(-0.125288549503,0.636365656116,
    0.622013497655));
#6702 = ADVANCED_FACE('',(#6703),#6721,.F.);
#6703 = FACE_BOUND('',#6704,.F.);
#6704 = EDGE_LOOP('',(#6705,#6706,#6715,#6720));
#6705 = ORIENTED_EDGE('',*,*,#6688,.F.);
#6706 = ORIENTED_EDGE('',*,*,#6707,.T.);
#6707 = EDGE_CURVE('',#6680,#6708,#6710,.T.);
#6708 = VERTEX_POINT('',#6709);
#6709 = CARTESIAN_POINT('',(-0.140936625408,0.634539567859,
    0.635725320402));
#6710 = B_SPLINE_CURVE_WITH_KNOTS('',3,(#6711,#6712,#6713,#6714),
  .UNSPECIFIED.,.F.,.F.,(4,4),(1.,2.),.PIECEWISE_BEZIER_KNOTS.);
#6711 = CARTESIAN_POINT('',(-0.125288549503,0.636464682923,
    0.622027414965));
#6712 = CARTESIAN_POINT('',(-0.131979223421,0.636471287055,
    0.621980424124));
#6713 = CARTESIAN_POINT('',(-0.137190050064,0.635829576903,
    0.626546429114));
#6714 = CARTESIAN_POINT('',(-0.140936625408,0.634539567859,
    0.635725320402));
#6715 = ORIENTED_EDGE('',*,*,#6716,.T.);
#6716 = EDGE_CURVE('',#6708,#182,#6717,.T.);
#6717 = B_SPLINE_CURVE_WITH_KNOTS('',1,(#6718,#6719),.UNSPECIFIED.,.F.,
  .F.,(2,2),(0.,9.999999999997E-05),.PIECEWISE_BEZIER_KNOTS.);
#6718 = CARTESIAN_POINT('',(-0.140936625408,0.634539567859,
    0.635725320402));
#6719 = CARTESIAN_POINT('',(-0.140936625408,0.634440541053,
    0.635711403092));
#6720 = ORIENTED_EDGE('',*,*,#188,.F.);
#6721 = B_SPLINE_SURFACE_WITH_KNOTS('',3,1,(
    (#6722,#6723)
    ,(#6724,#6725)
    ,(#6726,#6727)
    ,(#6728,#6729
    )),.UNSPECIFIED.,.F.,.F.,.F.,(4,4),(2,2),(1.,2.),(0.,1.),
  .PIECEWISE_BEZIER_KNOTS.);
#6722 = CARTESIAN_POINT('',(-0.125288549503,0.636464682923,
    0.622027414965));
#6723 = CARTESIAN_POINT('',(-0.125288549503,0.636365656116,
    0.622013497655));
#6724 = CARTESIAN_POINT('',(-0.131979223421,0.636471287055,
    0.621980424124));
#6725 = CARTESIAN_POINT('',(-0.131979223421,0.636372260248,
    0.621966506814));
#6726 = CARTESIAN_POINT('',(-0.137190050064,0.635829576903,
    0.626546429114));
#6727 = CARTESIAN_POINT('',(-0.137190050064,0.635730550096,
    0.626532511804));
#6728 = CARTESIAN_POINT('',(-0.140936625408,0.634539567859,
    0.635725320402));
#6729 = CARTESIAN_POINT('',(-0.140936625408,0.634440541053,
    0.635711403092));
#6730 = ADVANCED_FACE('',(#6731),#6741,.F.);
#6731 = FACE_BOUND('',#6732,.T.);
#6732 = EDGE_LOOP('',(#6733,#6734,#6735,#6740));
#6733 = ORIENTED_EDGE('',*,*,#181,.T.);
#6734 = ORIENTED_EDGE('',*,*,#6405,.F.);
#6735 = ORIENTED_EDGE('',*,*,#6736,.F.);
#6736 = EDGE_CURVE('',#6708,#6399,#6737,.T.);
#6737 = B_SPLINE_CURVE_WITH_KNOTS('',1,(#6738,#6739),.UNSPECIFIED.,.F.,
  .F.,(2,2),(-5.39158143662E-02,0.),.PIECEWISE_BEZIER_KNOTS.);
#6738 = CARTESIAN_POINT('',(-0.140936625408,0.634539567859,
    0.635725320402));
#6739 = CARTESIAN_POINT('',(-0.161068052544,0.6275786298,0.685254968306)
  );
#6740 = ORIENTED_EDGE('',*,*,#6716,.T.);
#6741 = B_SPLINE_SURFACE_WITH_KNOTS('',1,1,(
    (#6742,#6743)
    ,(#6744,#6745
    )),.UNSPECIFIED.,.F.,.F.,.F.,(2,2),(2,2),(0.,5.347627247755E-02),(
    -9.916078405705E-05,6.970355780375E-03),.PIECEWISE_BEZIER_KNOTS.);
#6742 = CARTESIAN_POINT('',(-0.161072839254,0.627479602993,
    0.685253060422));
#6743 = CARTESIAN_POINT('',(-0.160731578075,0.634539567859,
    0.685389080106));
#6744 = CARTESIAN_POINT('',(-0.141273099877,0.627479602993,
    0.635577291292));
#6745 = CARTESIAN_POINT('',(-0.140931838697,0.634539567859,
    0.635713310976));
#6746 = ADVANCED_FACE('',(#6747),#6764,.T.);
#6747 = FACE_BOUND('',#6748,.T.);
#6748 = EDGE_LOOP('',(#6749,#6750,#6751,#6752,#6753,#6754,#6755,#6756,
    #6757,#6758,#6759,#6760,#6761,#6762,#6763));
#6749 = ORIENTED_EDGE('',*,*,#6398,.T.);
#6750 = ORIENTED_EDGE('',*,*,#6426,.T.);
#6751 = ORIENTED_EDGE('',*,*,#6441,.T.);
#6752 = ORIENTED_EDGE('',*,*,#6476,.T.);
#6753 = ORIENTED_EDGE('',*,*,#6498,.T.);
#6754 = ORIENTED_EDGE('',*,*,#6520,.T.);
#6755 = ORIENTED_EDGE('',*,*,#6542,.T.);
#6756 = ORIENTED_EDGE('',*,*,#6564,.T.);
#6757 = ORIENTED_EDGE('',*,*,#6586,.T.);
#6758 = ORIENTED_EDGE('',*,*,#6601,.T.);
#6759 = ORIENTED_EDGE('',*,*,#6629,.T.);
#6760 = ORIENTED_EDGE('',*,*,#6664,.T.);
#6761 = ORIENTED_EDGE('',*,*,#6679,.T.);
#6762 = ORIENTED_EDGE('',*,*,#6707,.T.);
#6763 = ORIENTED_EDGE('',*,*,#6736,.T.);
#6764 = B_SPLINE_SURFACE_WITH_KNOTS('',1,1,(
    (#6765,#6766)
    ,(#6767,#6768
    )),.UNSPECIFIED.,.F.,.F.,.F.,(2,2),(2,2),(-3.470007637295E-03,
    6.072303372128E-02),(-2.6851428123E-02,1.497698084721E-02),
  .PIECEWISE_BEZIER_KNOTS.);
#6765 = CARTESIAN_POINT('',(-0.161068052544,0.636471287055,
    0.621980424124));
#6766 = CARTESIAN_POINT('',(-0.119239643574,0.636471287055,
    0.621980424124));
#6767 = CARTESIAN_POINT('',(-0.161068052544,0.627537342429,
    0.685548743216));
#6768 = CARTESIAN_POINT('',(-0.119239643574,0.627537342429,
    0.685548743216));
#6769 = ADVANCED_FACE('',(#6770),#6792,.F.);
#6770 = FACE_BOUND('',#6771,.T.);
#6771 = EDGE_LOOP('',(#6772,#6773,#6780,#6787));
#6772 = ORIENTED_EDGE('',*,*,#88,.T.);
#6773 = ORIENTED_EDGE('',*,*,#6774,.F.);
#6774 = EDGE_CURVE('',#6775,#80,#6777,.T.);
#6775 = VERTEX_POINT('',#6776);
#6776 = CARTESIAN_POINT('',(-0.20185694517,0.632715576346,0.648703694389
    ));
#6777 = B_SPLINE_CURVE_WITH_KNOTS('',1,(#6778,#6779),.UNSPECIFIED.,.F.,
  .F.,(2,2),(0.,9.999999999997E-05),.PIECEWISE_BEZIER_KNOTS.);
#6778 = CARTESIAN_POINT('',(-0.20185694517,0.632715576346,0.648703694389
    ));
#6779 = CARTESIAN_POINT('',(-0.20185694517,0.632616549539,0.648689777079
    ));
#6780 = ORIENTED_EDGE('',*,*,#6781,.F.);
#6781 = EDGE_CURVE('',#6782,#6775,#6784,.T.);
#6782 = VERTEX_POINT('',#6783);
#6783 = CARTESIAN_POINT('',(-0.201807612115,0.63368363737,0.641815582292
    ));
#6784 = B_SPLINE_CURVE_WITH_KNOTS('',1,(#6785,#6786),.UNSPECIFIED.,.F.,
  .F.,(2,2),(-6.955980460136E-03,0.),.PIECEWISE_BEZIER_KNOTS.);
#6785 = CARTESIAN_POINT('',(-0.201807612115,0.63368363737,0.641815582292
    ));
#6786 = CARTESIAN_POINT('',(-0.20185694517,0.632715576346,0.648703694389
    ));
#6787 = ORIENTED_EDGE('',*,*,#6788,.T.);
#6788 = EDGE_CURVE('',#6782,#89,#6789,.T.);
#6789 = B_SPLINE_CURVE_WITH_KNOTS('',1,(#6790,#6791),.UNSPECIFIED.,.F.,
  .F.,(2,2),(0.,9.999999999997E-05),.PIECEWISE_BEZIER_KNOTS.);
#6790 = CARTESIAN_POINT('',(-0.201807612115,0.63368363737,0.641815582292
    ));
#6791 = CARTESIAN_POINT('',(-0.201807612115,0.633584610563,
    0.641801664982));
#6792 = B_SPLINE_SURFACE_WITH_KNOTS('',1,1,(
    (#6793,#6794)
    ,(#6795,#6796
    )),.UNSPECIFIED.,.F.,.F.,.F.,(2,2),(2,2),(0.,6.902205658776E-03),(
    -9.902685511254E-05,9.68061495254E-04),.PIECEWISE_BEZIER_KNOTS.);
#6793 = CARTESIAN_POINT('',(-0.201857042912,0.632616549539,
    0.648703693703));
#6794 = CARTESIAN_POINT('',(-0.201855989678,0.63368363737,0.6487037011)
  );
#6795 = CARTESIAN_POINT('',(-0.201808567608,0.632616549539,
    0.641801658271));
#6796 = CARTESIAN_POINT('',(-0.201807514374,0.63368363737,0.641801665668
    ));
#6797 = ADVANCED_FACE('',(#6798),#6814,.F.);
#6798 = FACE_BOUND('',#6799,.T.);
#6799 = EDGE_LOOP('',(#6800,#6801,#6808,#6813));
#6800 = ORIENTED_EDGE('',*,*,#79,.T.);
#6801 = ORIENTED_EDGE('',*,*,#6802,.F.);
#6802 = EDGE_CURVE('',#6803,#82,#6805,.T.);
#6803 = VERTEX_POINT('',#6804);
#6804 = CARTESIAN_POINT('',(-0.176918978749,0.632690960945,
    0.648878842071));
#6805 = B_SPLINE_CURVE_WITH_KNOTS('',1,(#6806,#6807),.UNSPECIFIED.,.F.,
  .F.,(2,2),(0.,9.999999999997E-05),.PIECEWISE_BEZIER_KNOTS.);
#6806 = CARTESIAN_POINT('',(-0.176918978749,0.632690960945,
    0.648878842071));
#6807 = CARTESIAN_POINT('',(-0.176918978749,0.632591934138,
    0.648864924761));
#6808 = ORIENTED_EDGE('',*,*,#6809,.F.);
#6809 = EDGE_CURVE('',#6775,#6803,#6810,.T.);
#6810 = B_SPLINE_CURVE_WITH_KNOTS('',1,(#6811,#6812),.UNSPECIFIED.,.F.,
  .F.,(2,2),(-2.493859362272E-02,0.),.PIECEWISE_BEZIER_KNOTS.);
#6811 = CARTESIAN_POINT('',(-0.20185694517,0.632715576346,0.648703694389
    ));
#6812 = CARTESIAN_POINT('',(-0.176918978749,0.632690960945,
    0.648878842071));
#6813 = ORIENTED_EDGE('',*,*,#6774,.T.);
#6814 = B_SPLINE_SURFACE_WITH_KNOTS('',1,1,(
    (#6815,#6816)
    ,(#6817,#6818
    )),.UNSPECIFIED.,.F.,.F.,.F.,(2,2),(2,2),(-9.999999999997E-05,
    2.994769688312E-17),(-2.493859362272E-02,1.888680184469E-20),
  .PIECEWISE_BEZIER_KNOTS.);
#6815 = CARTESIAN_POINT('',(-0.20185694517,0.632616549539,0.648689777079
    ));
#6816 = CARTESIAN_POINT('',(-0.176918978749,0.632591934138,
    0.648864924761));
#6817 = CARTESIAN_POINT('',(-0.20185694517,0.632715576346,0.648703694389
    ));
#6818 = CARTESIAN_POINT('',(-0.176918978749,0.632690960945,
    0.648878842071));
#6819 = ADVANCED_FACE('',(#6820),#6836,.F.);
#6820 = FACE_BOUND('',#6821,.T.);
#6821 = EDGE_LOOP('',(#6822,#6823,#6830,#6835));
#6822 = ORIENTED_EDGE('',*,*,#158,.T.);
#6823 = ORIENTED_EDGE('',*,*,#6824,.F.);
#6824 = EDGE_CURVE('',#6825,#152,#6827,.T.);
#6825 = VERTEX_POINT('',#6826);
#6826 = CARTESIAN_POINT('',(-0.177064544445,0.629834529763,
    0.669203406017));
#6827 = B_SPLINE_CURVE_WITH_KNOTS('',1,(#6828,#6829),.UNSPECIFIED.,.F.,
  .F.,(2,2),(0.,9.999999999997E-05),.PIECEWISE_BEZIER_KNOTS.);
#6828 = CARTESIAN_POINT('',(-0.177064544445,0.629834529763,
    0.669203406017));
#6829 = CARTESIAN_POINT('',(-0.177064544445,0.629735502956,
    0.669189488707));
#6830 = ORIENTED_EDGE('',*,*,#6831,.F.);
#6831 = EDGE_CURVE('',#6803,#6825,#6832,.T.);
#6832 = B_SPLINE_CURVE_WITH_KNOTS('',1,(#6833,#6834),.UNSPECIFIED.,.F.,
  .F.,(2,2),(-2.052482126799E-02,0.),.PIECEWISE_BEZIER_KNOTS.);
#6833 = CARTESIAN_POINT('',(-0.176918978749,0.632690960945,
    0.648878842071));
#6834 = CARTESIAN_POINT('',(-0.177064544445,0.629834529763,
    0.669203406017));
#6835 = ORIENTED_EDGE('',*,*,#6802,.T.);
#6836 = B_SPLINE_SURFACE_WITH_KNOTS('',1,1,(
    (#6837,#6838)
    ,(#6839,#6840
    )),.UNSPECIFIED.,.F.,.F.,.F.,(2,2),(2,2),(0.,2.033900198603E-02),(
    -9.902685511254E-05,2.856432573436E-03),.PIECEWISE_BEZIER_KNOTS.);
#6837 = CARTESIAN_POINT('',(-0.177064642186,0.629735502956,
    0.669203405331));
#6838 = CARTESIAN_POINT('',(-0.1770617251,0.632690960945,0.669203425818)
  );
#6839 = CARTESIAN_POINT('',(-0.176921798094,0.629735502956,
    0.648864904959));
#6840 = CARTESIAN_POINT('',(-0.176918881008,0.632690960945,
    0.648864925447));
#6841 = ADVANCED_FACE('',(#6842),#6858,.F.);
#6842 = FACE_BOUND('',#6843,.T.);
#6843 = EDGE_LOOP('',(#6844,#6845,#6852,#6857));
#6844 = ORIENTED_EDGE('',*,*,#151,.T.);
#6845 = ORIENTED_EDGE('',*,*,#6846,.F.);
#6846 = EDGE_CURVE('',#6847,#145,#6849,.T.);
#6847 = VERTEX_POINT('',#6848);
#6848 = CARTESIAN_POINT('',(-0.198883315567,0.629856066315,
    0.669050165488));
#6849 = B_SPLINE_CURVE_WITH_KNOTS('',1,(#6850,#6851),.UNSPECIFIED.,.F.,
  .F.,(2,2),(0.,9.999999999997E-05),.PIECEWISE_BEZIER_KNOTS.);
#6850 = CARTESIAN_POINT('',(-0.198883315567,0.629856066315,
    0.669050165488));
#6851 = CARTESIAN_POINT('',(-0.198883315567,0.629757039508,
    0.669036248178));
#6852 = ORIENTED_EDGE('',*,*,#6853,.F.);
#6853 = EDGE_CURVE('',#6825,#6847,#6854,.T.);
#6854 = B_SPLINE_CURVE_WITH_KNOTS('',1,(#6855,#6856),.UNSPECIFIED.,.F.,
  .F.,(2,2),(-2.181931987358E-02,0.),.PIECEWISE_BEZIER_KNOTS.);
#6855 = CARTESIAN_POINT('',(-0.177064544445,0.629834529763,
    0.669203406017));
#6856 = CARTESIAN_POINT('',(-0.198883315567,0.629856066315,
    0.669050165488));
#6857 = ORIENTED_EDGE('',*,*,#6824,.T.);
#6858 = B_SPLINE_SURFACE_WITH_KNOTS('',1,1,(
    (#6859,#6860)
    ,(#6861,#6862)),.UNSPECIFIED.,.F.,.F.,.F.,(2,2),(2,2),(0.,1.E-04),(
    -2.287650702077E-19,2.181931987358E-02),.PIECEWISE_BEZIER_KNOTS.);
#6859 = CARTESIAN_POINT('',(-0.198883315567,0.629856066315,
    0.669050165488));
#6860 = CARTESIAN_POINT('',(-0.177064544445,0.629834529763,
    0.669203406017));
#6861 = CARTESIAN_POINT('',(-0.198883315567,0.629757039508,
    0.669036248178));
#6862 = CARTESIAN_POINT('',(-0.177064544445,0.629735502956,
    0.669189488707));
#6863 = ADVANCED_FACE('',(#6864),#6880,.F.);
#6864 = FACE_BOUND('',#6865,.T.);
#6865 = EDGE_LOOP('',(#6866,#6867,#6874,#6879));
#6866 = ORIENTED_EDGE('',*,*,#144,.T.);
#6867 = ORIENTED_EDGE('',*,*,#6868,.F.);
#6868 = EDGE_CURVE('',#6869,#138,#6871,.T.);
#6869 = VERTEX_POINT('',#6870);
#6870 = CARTESIAN_POINT('',(-0.198932869846,0.62888366421,0.67596916598)
  );
#6871 = B_SPLINE_CURVE_WITH_KNOTS('',1,(#6872,#6873),.UNSPECIFIED.,.F.,
  .F.,(2,2),(0.,9.999999999997E-05),.PIECEWISE_BEZIER_KNOTS.);
#6872 = CARTESIAN_POINT('',(-0.198932869846,0.62888366421,0.67596916598)
  );
#6873 = CARTESIAN_POINT('',(-0.198932869846,0.628784637403,0.67595524867
    ));
#6874 = ORIENTED_EDGE('',*,*,#6875,.F.);
#6875 = EDGE_CURVE('',#6847,#6869,#6876,.T.);
#6876 = B_SPLINE_CURVE_WITH_KNOTS('',1,(#6877,#6878),.UNSPECIFIED.,.F.,
  .F.,(2,2),(-6.987173197589E-03,0.),.PIECEWISE_BEZIER_KNOTS.);
#6877 = CARTESIAN_POINT('',(-0.198883315567,0.629856066315,
    0.669050165488));
#6878 = CARTESIAN_POINT('',(-0.198932869846,0.62888366421,0.67596916598)
  );
#6879 = ORIENTED_EDGE('',*,*,#6846,.T.);
#6880 = B_SPLINE_SURFACE_WITH_KNOTS('',1,1,(
    (#6881,#6882)
    ,(#6883,#6884
    )),.UNSPECIFIED.,.F.,.F.,.F.,(2,2),(2,2),(0.,6.933094845698E-03),(
    -9.902685511254E-05,9.724025781874E-04),.PIECEWISE_BEZIER_KNOTS.);
#6881 = CARTESIAN_POINT('',(-0.198932967587,0.628784637403,
    0.675969165294));
#6882 = CARTESIAN_POINT('',(-0.198931910069,0.629856066315,
    0.675969172721));
#6883 = CARTESIAN_POINT('',(-0.198884275344,0.628784637403,
    0.669036241437));
#6884 = CARTESIAN_POINT('',(-0.198883217826,0.629856066315,
    0.669036248864));
#6885 = ADVANCED_FACE('',(#6886),#6902,.F.);
#6886 = FACE_BOUND('',#6887,.T.);
#6887 = EDGE_LOOP('',(#6888,#6889,#6896,#6901));
#6888 = ORIENTED_EDGE('',*,*,#137,.T.);
#6889 = ORIENTED_EDGE('',*,*,#6890,.F.);
#6890 = EDGE_CURVE('',#6891,#131,#6893,.T.);
#6891 = VERTEX_POINT('',#6892);
#6892 = CARTESIAN_POINT('',(-0.177114098725,0.628862127658,
    0.676122406509));
#6893 = B_SPLINE_CURVE_WITH_KNOTS('',1,(#6894,#6895),.UNSPECIFIED.,.F.,
  .F.,(2,2),(0.,9.999999999997E-05),.PIECEWISE_BEZIER_KNOTS.);
#6894 = CARTESIAN_POINT('',(-0.177114098725,0.628862127658,
    0.676122406509));
#6895 = CARTESIAN_POINT('',(-0.177114098725,0.628763100851,
    0.676108489199));
#6896 = ORIENTED_EDGE('',*,*,#6897,.F.);
#6897 = EDGE_CURVE('',#6869,#6891,#6898,.T.);
#6898 = B_SPLINE_CURVE_WITH_KNOTS('',1,(#6899,#6900),.UNSPECIFIED.,.F.,
  .F.,(2,2),(-2.181931987358E-02,0.),.PIECEWISE_BEZIER_KNOTS.);
#6899 = CARTESIAN_POINT('',(-0.198932869846,0.62888366421,0.67596916598)
  );
#6900 = CARTESIAN_POINT('',(-0.177114098725,0.628862127658,
    0.676122406509));
#6901 = ORIENTED_EDGE('',*,*,#6868,.T.);
#6902 = B_SPLINE_SURFACE_WITH_KNOTS('',1,1,(
    (#6903,#6904)
    ,(#6905,#6906
    )),.UNSPECIFIED.,.F.,.F.,.F.,(2,2),(2,2),(-1.000000000001E-04,0.),(
    -2.181931987358E-02,1.888680184469E-20),.PIECEWISE_BEZIER_KNOTS.);
#6903 = CARTESIAN_POINT('',(-0.198932869846,0.628784637403,0.67595524867
    ));
#6904 = CARTESIAN_POINT('',(-0.177114098725,0.628763100851,
    0.676108489199));
#6905 = CARTESIAN_POINT('',(-0.198932869846,0.62888366421,0.67596916598)
  );
#6906 = CARTESIAN_POINT('',(-0.177114098725,0.628862127658,
    0.676122406509));
#6907 = ADVANCED_FACE('',(#6908),#6924,.F.);
#6908 = FACE_BOUND('',#6909,.T.);
#6909 = EDGE_LOOP('',(#6910,#6911,#6918,#6923));
#6910 = ORIENTED_EDGE('',*,*,#130,.T.);
#6911 = ORIENTED_EDGE('',*,*,#6912,.F.);
#6912 = EDGE_CURVE('',#6913,#124,#6915,.T.);
#6913 = VERTEX_POINT('',#6914);
#6914 = CARTESIAN_POINT('',(-0.177252585238,0.626144611063,
    0.695458541814));
#6915 = B_SPLINE_CURVE_WITH_KNOTS('',1,(#6916,#6917),.UNSPECIFIED.,.F.,
  .F.,(2,2),(0.,9.999999999997E-05),.PIECEWISE_BEZIER_KNOTS.);
#6916 = CARTESIAN_POINT('',(-0.177252585238,0.626144611063,
    0.695458541814));
#6917 = CARTESIAN_POINT('',(-0.177252585238,0.626045584256,
    0.695444624504));
#6918 = ORIENTED_EDGE('',*,*,#6919,.F.);
#6919 = EDGE_CURVE('',#6891,#6913,#6920,.T.);
#6920 = B_SPLINE_CURVE_WITH_KNOTS('',1,(#6921,#6922),.UNSPECIFIED.,.F.,
  .F.,(2,2),(-1.952665366864E-02,0.),.PIECEWISE_BEZIER_KNOTS.);
#6921 = CARTESIAN_POINT('',(-0.177114098725,0.628862127658,
    0.676122406509));
#6922 = CARTESIAN_POINT('',(-0.177252585238,0.626144611063,
    0.695458541814));
#6923 = ORIENTED_EDGE('',*,*,#6890,.T.);
#6924 = B_SPLINE_SURFACE_WITH_KNOTS('',1,1,(
    (#6925,#6926)
    ,(#6927,#6928
    )),.UNSPECIFIED.,.F.,.F.,.F.,(2,2),(2,2),(0.,1.935054800363E-02),(
    -9.902685511254E-05,2.717517919451E-03),.PIECEWISE_BEZIER_KNOTS.);
#6925 = CARTESIAN_POINT('',(-0.177252682979,0.626045584256,
    0.695458541128));
#6926 = CARTESIAN_POINT('',(-0.177249903004,0.628862127658,
    0.695458560653));
#6927 = CARTESIAN_POINT('',(-0.177116780959,0.626045584256,
    0.676108470361));
#6928 = CARTESIAN_POINT('',(-0.177114000983,0.628862127658,
    0.676108489886));
#6929 = ADVANCED_FACE('',(#6930),#6946,.F.);
#6930 = FACE_BOUND('',#6931,.T.);
#6931 = EDGE_LOOP('',(#6932,#6933,#6940,#6945));
#6932 = ORIENTED_EDGE('',*,*,#123,.T.);
#6933 = ORIENTED_EDGE('',*,*,#6934,.F.);
#6934 = EDGE_CURVE('',#6935,#117,#6937,.T.);
#6935 = VERTEX_POINT('',#6936);
#6936 = CARTESIAN_POINT('',(-0.200802509751,0.626167856376,
    0.695293142816));
#6937 = B_SPLINE_CURVE_WITH_KNOTS('',1,(#6938,#6939),.UNSPECIFIED.,.F.,
  .F.,(2,2),(0.,9.999999999997E-05),.PIECEWISE_BEZIER_KNOTS.);
#6938 = CARTESIAN_POINT('',(-0.200802509751,0.626167856376,
    0.695293142816));
#6939 = CARTESIAN_POINT('',(-0.200802509751,0.626068829569,
    0.695279225506));
#6940 = ORIENTED_EDGE('',*,*,#6941,.F.);
#6941 = EDGE_CURVE('',#6913,#6935,#6942,.T.);
#6942 = B_SPLINE_CURVE_WITH_KNOTS('',1,(#6943,#6944),.UNSPECIFIED.,.F.,
  .F.,(2,2),(-2.355051680436E-02,0.),.PIECEWISE_BEZIER_KNOTS.);
#6943 = CARTESIAN_POINT('',(-0.177252585238,0.626144611063,
    0.695458541814));
#6944 = CARTESIAN_POINT('',(-0.200802509751,0.626167856376,
    0.695293142816));
#6945 = ORIENTED_EDGE('',*,*,#6912,.T.);
#6946 = B_SPLINE_SURFACE_WITH_KNOTS('',1,1,(
    (#6947,#6948)
    ,(#6949,#6950
    )),.UNSPECIFIED.,.F.,.F.,.F.,(2,2),(2,2),(-1.179883014207E-16,
    9.999999999997E-05),(-2.287650702077E-19,2.355051680436E-02),
  .PIECEWISE_BEZIER_KNOTS.);
#6947 = CARTESIAN_POINT('',(-0.200802509751,0.626167856376,
    0.695293142816));
#6948 = CARTESIAN_POINT('',(-0.177252585238,0.626144611063,
    0.695458541814));
#6949 = CARTESIAN_POINT('',(-0.200802509751,0.626068829569,
    0.695279225506));
#6950 = CARTESIAN_POINT('',(-0.177252585238,0.626045584256,
    0.695444624504));
#6951 = ADVANCED_FACE('',(#6952),#6968,.F.);
#6952 = FACE_BOUND('',#6953,.T.);
#6953 = EDGE_LOOP('',(#6954,#6955,#6962,#6967));
#6954 = ORIENTED_EDGE('',*,*,#116,.T.);
#6955 = ORIENTED_EDGE('',*,*,#6956,.F.);
#6956 = EDGE_CURVE('',#6957,#110,#6959,.T.);
#6957 = VERTEX_POINT('',#6958);
#6958 = CARTESIAN_POINT('',(-0.200852285255,0.625191113191,
    0.702243031703));
#6959 = B_SPLINE_CURVE_WITH_KNOTS('',1,(#6960,#6961),.UNSPECIFIED.,.F.,
  .F.,(2,2),(0.,1.000000000001E-04),.PIECEWISE_BEZIER_KNOTS.);
#6960 = CARTESIAN_POINT('',(-0.200852285255,0.625191113191,
    0.702243031703));
#6961 = CARTESIAN_POINT('',(-0.200852285255,0.625092086384,
    0.702229114393));
#6962 = ORIENTED_EDGE('',*,*,#6963,.F.);
#6963 = EDGE_CURVE('',#6935,#6957,#6964,.T.);
#6964 = B_SPLINE_CURVE_WITH_KNOTS('',1,(#6965,#6966),.UNSPECIFIED.,.F.,
  .F.,(2,2),(-7.018365935043E-03,0.),.PIECEWISE_BEZIER_KNOTS.);
#6965 = CARTESIAN_POINT('',(-0.200802509751,0.626167856376,
    0.695293142816));
#6966 = CARTESIAN_POINT('',(-0.200852285255,0.625191113191,
    0.702243031703));
#6967 = ORIENTED_EDGE('',*,*,#6934,.T.);
#6968 = B_SPLINE_SURFACE_WITH_KNOTS('',1,1,(
    (#6969,#6970)
    ,(#6971,#6972
    )),.UNSPECIFIED.,.F.,.F.,.F.,(2,2),(2,2),(0.,6.963984032622E-03),(
    -9.902685511265E-05,9.767436611206E-04),.PIECEWISE_BEZIER_KNOTS.);
#6969 = CARTESIAN_POINT('',(-0.200852382997,0.625092086384,
    0.702243031017));
#6970 = CARTESIAN_POINT('',(-0.200851321194,0.626167856376,
    0.702243038474));
#6971 = CARTESIAN_POINT('',(-0.200803473813,0.625092086384,
    0.695279218735));
#6972 = CARTESIAN_POINT('',(-0.20080241201,0.626167856376,0.695279226192
    ));
#6973 = ADVANCED_FACE('',(#6974),#6990,.F.);
#6974 = FACE_BOUND('',#6975,.T.);
#6975 = EDGE_LOOP('',(#6976,#6977,#6984,#6989));
#6976 = ORIENTED_EDGE('',*,*,#109,.T.);
#6977 = ORIENTED_EDGE('',*,*,#6978,.F.);
#6978 = EDGE_CURVE('',#6979,#103,#6981,.T.);
#6979 = VERTEX_POINT('',#6980);
#6980 = CARTESIAN_POINT('',(-0.16942639261,0.625160093782,0.702463746261
    ));
#6981 = B_SPLINE_CURVE_WITH_KNOTS('',1,(#6982,#6983),.UNSPECIFIED.,.F.,
  .F.,(2,2),(0.,9.999999999997E-05),.PIECEWISE_BEZIER_KNOTS.);
#6982 = CARTESIAN_POINT('',(-0.16942639261,0.625160093782,0.702463746261
    ));
#6983 = CARTESIAN_POINT('',(-0.16942639261,0.625061066976,0.702449828951
    ));
#6984 = ORIENTED_EDGE('',*,*,#6985,.F.);
#6985 = EDGE_CURVE('',#6957,#6979,#6986,.T.);
#6986 = B_SPLINE_CURVE_WITH_KNOTS('',1,(#6987,#6988),.UNSPECIFIED.,.F.,
  .F.,(2,2),(-3.142668302063E-02,0.),.PIECEWISE_BEZIER_KNOTS.);
#6987 = CARTESIAN_POINT('',(-0.200852285255,0.625191113191,
    0.702243031703));
#6988 = CARTESIAN_POINT('',(-0.16942639261,0.625160093782,0.702463746261
    ));
#6989 = ORIENTED_EDGE('',*,*,#6956,.T.);
#6990 = B_SPLINE_SURFACE_WITH_KNOTS('',1,1,(
    (#6991,#6992)
    ,(#6993,#6994
    )),.UNSPECIFIED.,.F.,.F.,.F.,(2,2),(2,2),(-9.999999999997E-05,
    1.171615972642E-16),(-3.142668302063E-02,1.890848588814E-20),
  .PIECEWISE_BEZIER_KNOTS.);
#6991 = CARTESIAN_POINT('',(-0.200852285255,0.625092086384,
    0.702229114393));
#6992 = CARTESIAN_POINT('',(-0.16942639261,0.625061066976,0.702449828951
    ));
#6993 = CARTESIAN_POINT('',(-0.200852285255,0.625191113191,
    0.702243031703));
#6994 = CARTESIAN_POINT('',(-0.16942639261,0.625160093782,0.702463746261
    ));
#6995 = ADVANCED_FACE('',(#6996),#7012,.F.);
#6996 = FACE_BOUND('',#6997,.T.);
#6997 = EDGE_LOOP('',(#6998,#6999,#7006,#7011));
#6998 = ORIENTED_EDGE('',*,*,#102,.T.);
#6999 = ORIENTED_EDGE('',*,*,#7000,.F.);
#7000 = EDGE_CURVE('',#7001,#96,#7003,.T.);
#7001 = VERTEX_POINT('',#7002);
#7002 = CARTESIAN_POINT('',(-0.168993677561,0.633651247874,
    0.642046045532));
#7003 = B_SPLINE_CURVE_WITH_KNOTS('',1,(#7004,#7005),.UNSPECIFIED.,.F.,
  .F.,(2,2),(0.,1.000000000001E-04),.PIECEWISE_BEZIER_KNOTS.);
#7004 = CARTESIAN_POINT('',(-0.168993677561,0.633651247874,
    0.642046045532));
#7005 = CARTESIAN_POINT('',(-0.168993677561,0.633552221067,
    0.642032128222));
#7006 = ORIENTED_EDGE('',*,*,#7007,.F.);
#7007 = EDGE_CURVE('',#6979,#7001,#7008,.T.);
#7008 = B_SPLINE_CURVE_WITH_KNOTS('',1,(#7009,#7010),.UNSPECIFIED.,.F.,
  .F.,(2,2),(-6.10129945294E-02,0.),.PIECEWISE_BEZIER_KNOTS.);
#7009 = CARTESIAN_POINT('',(-0.16942639261,0.625160093782,0.702463746261
    ));
#7010 = CARTESIAN_POINT('',(-0.168993677561,0.633651247874,
    0.642046045532));
#7011 = ORIENTED_EDGE('',*,*,#6978,.T.);
#7012 = B_SPLINE_SURFACE_WITH_KNOTS('',1,1,(
    (#7013,#7014)
    ,(#7015,#7016
    )),.UNSPECIFIED.,.F.,.F.,.F.,(2,2),(2,2),(-1.391696685755E-05,
    6.041924969247E-02),(-8.590185082561E-03,0.),
  .PIECEWISE_BEZIER_KNOTS.);
#7013 = CARTESIAN_POINT('',(-0.169002058472,0.625061066976,0.64203206936
    ));
#7014 = CARTESIAN_POINT('',(-0.16899357982,0.633651247874,0.642032128909
    ));
#7015 = CARTESIAN_POINT('',(-0.169426490351,0.625061066976,
    0.702463745575));
#7016 = CARTESIAN_POINT('',(-0.1694180117,0.633651247874,0.702463805123)
  );
#7017 = ADVANCED_FACE('',(#7018),#7028,.F.);
#7018 = FACE_BOUND('',#7019,.T.);
#7019 = EDGE_LOOP('',(#7020,#7021,#7022,#7027));
#7020 = ORIENTED_EDGE('',*,*,#95,.T.);
#7021 = ORIENTED_EDGE('',*,*,#6788,.F.);
#7022 = ORIENTED_EDGE('',*,*,#7023,.F.);
#7023 = EDGE_CURVE('',#7001,#6782,#7024,.T.);
#7024 = B_SPLINE_CURVE_WITH_KNOTS('',1,(#7025,#7026),.UNSPECIFIED.,.F.,
  .F.,(2,2),(-3.2814759839E-02,0.),.PIECEWISE_BEZIER_KNOTS.);
#7025 = CARTESIAN_POINT('',(-0.168993677561,0.633651247874,
    0.642046045532));
#7026 = CARTESIAN_POINT('',(-0.201807612115,0.63368363737,0.641815582292
    ));
#7027 = ORIENTED_EDGE('',*,*,#7000,.T.);
#7028 = B_SPLINE_SURFACE_WITH_KNOTS('',1,1,(
    (#7029,#7030)
    ,(#7031,#7032
    )),.UNSPECIFIED.,.F.,.F.,.F.,(2,2),(2,2),(-8.021063197319E-17,
    9.999999999999E-05),(-2.287253655383E-19,3.2814759839E-02),
  .PIECEWISE_BEZIER_KNOTS.);
#7029 = CARTESIAN_POINT('',(-0.201807612115,0.63368363737,0.641815582292
    ));
#7030 = CARTESIAN_POINT('',(-0.168993677561,0.633651247874,
    0.642046045532));
#7031 = CARTESIAN_POINT('',(-0.201807612115,0.633584610563,
    0.641801664982));
#7032 = CARTESIAN_POINT('',(-0.168993677561,0.633552221067,
    0.642032128222));
#7033 = ADVANCED_FACE('',(#7034),#7048,.F.);
#7034 = FACE_BOUND('',#7035,.T.);
#7035 = EDGE_LOOP('',(#7036,#7037,#7038,#7039,#7040,#7041,#7042,#7043,
    #7044,#7045,#7046,#7047));
#7036 = ORIENTED_EDGE('',*,*,#6781,.T.);
#7037 = ORIENTED_EDGE('',*,*,#6809,.T.);
#7038 = ORIENTED_EDGE('',*,*,#6831,.T.);
#7039 = ORIENTED_EDGE('',*,*,#6853,.T.);
#7040 = ORIENTED_EDGE('',*,*,#6875,.T.);
#7041 = ORIENTED_EDGE('',*,*,#6897,.T.);
#7042 = ORIENTED_EDGE('',*,*,#6919,.T.);
#7043 = ORIENTED_EDGE('',*,*,#6941,.T.);
#7044 = ORIENTED_EDGE('',*,*,#6963,.T.);
#7045 = ORIENTED_EDGE('',*,*,#6985,.T.);
#7046 = ORIENTED_EDGE('',*,*,#7007,.T.);
#7047 = ORIENTED_EDGE('',*,*,#7023,.T.);
#7048 = B_SPLINE_SURFACE_WITH_KNOTS('',1,1,(
    (#7049,#7050)
    ,(#7051,#7052
    )),.UNSPECIFIED.,.F.,.F.,.F.,(2,2),(2,2),(-0.608621849496,
    -0.547377661297),(-0.20185694517,-0.168993677561),
  .PIECEWISE_BEZIER_KNOTS.);
#7049 = CARTESIAN_POINT('',(-0.20185694517,0.625160093782,0.702463746261
    ));
#7050 = CARTESIAN_POINT('',(-0.168993677561,0.625160093782,
    0.702463746261));
#7051 = CARTESIAN_POINT('',(-0.20185694517,0.63368363737,0.641815582292)
  );
#7052 = CARTESIAN_POINT('',(-0.168993677561,0.63368363737,0.641815582292
    ));
#7053 = ADVANCED_FACE('',(#7054,#7113),#7172,.T.);
#7054 = FACE_BOUND('',#7055,.T.);
#7055 = EDGE_LOOP('',(#7056,#7065,#7074,#7083,#7092,#7101,#7108));
#7056 = ORIENTED_EDGE('',*,*,#7057,.T.);
#7057 = EDGE_CURVE('',#7058,#7060,#7062,.T.);
#7058 = VERTEX_POINT('',#7059);
#7059 = CARTESIAN_POINT('',(-0.213333038748,0.633695013718,
    0.641734635365));
#7060 = VERTEX_POINT('',#7061);
#7061 = CARTESIAN_POINT('',(-0.230114309461,0.633711577928,
    0.641616774887));
#7062 = B_SPLINE_CURVE_WITH_KNOTS('',1,(#7063,#7064),.UNSPECIFIED.,.F.,
  .F.,(2,2),(-1.678169276936E-02,-2.853460473048E-17),
  .PIECEWISE_BEZIER_KNOTS.);
#7063 = CARTESIAN_POINT('',(-0.213333038748,0.633695013718,
    0.641734635365));
#7064 = CARTESIAN_POINT('',(-0.230114309461,0.633711577928,
    0.641616774887));
#7065 = ORIENTED_EDGE('',*,*,#7066,.T.);
#7066 = EDGE_CURVE('',#7060,#7067,#7069,.T.);
#7067 = VERTEX_POINT('',#7068);
#7068 = CARTESIAN_POINT('',(-0.253865213265,0.632545505644,
    0.649913810311));
#7069 = B_SPLINE_CURVE_WITH_KNOTS('',3,(#7070,#7071,#7072,#7073),
  .UNSPECIFIED.,.F.,.F.,(4,4),(5.,6.),.PIECEWISE_BEZIER_KNOTS.);
#7070 = CARTESIAN_POINT('',(-0.230114309461,0.633711577928,
    0.641616774887));
#7071 = CARTESIAN_POINT('',(-0.239768218914,0.633721106968,
    0.641548972251));
#7072 = CARTESIAN_POINT('',(-0.247695510425,0.633333873496,0.64430428157
    ));
#7073 = CARTESIAN_POINT('',(-0.253865213265,0.632545505644,
    0.649913810311));
#7074 = ORIENTED_EDGE('',*,*,#7075,.T.);
#7075 = EDGE_CURVE('',#7067,#7076,#7078,.T.);
#7076 = VERTEX_POINT('',#7077);
#7077 = CARTESIAN_POINT('',(-0.263228112033,0.62938994033,0.672366824208
    ));
#7078 = B_SPLINE_CURVE_WITH_KNOTS('',3,(#7079,#7080,#7081,#7082),
  .UNSPECIFIED.,.F.,.F.,(4,4),(4.,5.),.PIECEWISE_BEZIER_KNOTS.);
#7079 = CARTESIAN_POINT('',(-0.253865213265,0.632545505644,
    0.649913810311));
#7080 = CARTESIAN_POINT('',(-0.260034916106,0.631757137793,
    0.655523339053));
#7081 = CARTESIAN_POINT('',(-0.263161081021,0.630705287819,
    0.663007640506));
#7082 = CARTESIAN_POINT('',(-0.263228112033,0.62938994033,0.672366824208
    ));
#7083 = ORIENTED_EDGE('',*,*,#7084,.T.);
#7084 = EDGE_CURVE('',#7076,#7085,#7087,.T.);
#7085 = VERTEX_POINT('',#7086);
#7086 = CARTESIAN_POINT('',(-0.254180015675,0.626368147632,
    0.693867996475));
#7087 = B_SPLINE_CURVE_WITH_KNOTS('',3,(#7088,#7089,#7090,#7091),
  .UNSPECIFIED.,.F.,.F.,(4,4),(3.,4.),.PIECEWISE_BEZIER_KNOTS.);
#7088 = CARTESIAN_POINT('',(-0.263228112033,0.62938994033,0.672366824208
    ));
#7089 = CARTESIAN_POINT('',(-0.263292267127,0.628131026891,
    0.681324458774));
#7090 = CARTESIAN_POINT('',(-0.260270962608,0.627125204554,
    0.688481256577));
#7091 = CARTESIAN_POINT('',(-0.254180015675,0.626368147632,
    0.693867996475));
#7092 = ORIENTED_EDGE('',*,*,#7093,.T.);
#7093 = EDGE_CURVE('',#7085,#7094,#7096,.T.);
#7094 = VERTEX_POINT('',#7095);
#7095 = CARTESIAN_POINT('',(-0.231170863569,0.625221039607,
    0.702030094185));
#7096 = B_SPLINE_CURVE_WITH_KNOTS('',3,(#7097,#7098,#7099,#7100),
  .UNSPECIFIED.,.F.,.F.,(4,4),(2.,3.),.PIECEWISE_BEZIER_KNOTS.);
#7097 = CARTESIAN_POINT('',(-0.254180015675,0.626368147632,
    0.693867996475));
#7098 = CARTESIAN_POINT('',(-0.248089068744,0.625611090711,
    0.699254736374));
#7099 = CARTESIAN_POINT('',(-0.240419277633,0.625230168396,
    0.701965139479));
#7100 = CARTESIAN_POINT('',(-0.231170863569,0.625221039607,
    0.702030094185));
#7101 = ORIENTED_EDGE('',*,*,#7102,.T.);
#7102 = EDGE_CURVE('',#7094,#7103,#7105,.T.);
#7103 = VERTEX_POINT('',#7104);
#7104 = CARTESIAN_POINT('',(-0.213765753797,0.625203859627,
    0.702152336094));
#7105 = B_SPLINE_CURVE_WITH_KNOTS('',1,(#7106,#7107),.UNSPECIFIED.,.F.,
  .F.,(2,2),(-1.740554751886E-02,0.),.PIECEWISE_BEZIER_KNOTS.);
#7106 = CARTESIAN_POINT('',(-0.231170863569,0.625221039607,
    0.702030094185));
#7107 = CARTESIAN_POINT('',(-0.213765753797,0.625203859627,
    0.702152336094));
#7108 = ORIENTED_EDGE('',*,*,#7109,.T.);
#7109 = EDGE_CURVE('',#7103,#7058,#7110,.T.);
#7110 = B_SPLINE_CURVE_WITH_KNOTS('',1,(#7111,#7112),.UNSPECIFIED.,.F.,
  .F.,(2,2),(-6.10129945294E-02,0.),.PIECEWISE_BEZIER_KNOTS.);
#7111 = CARTESIAN_POINT('',(-0.213765753797,0.625203859627,
    0.702152336094));
#7112 = CARTESIAN_POINT('',(-0.213333038748,0.633695013718,
    0.641734635365));
#7113 = FACE_BOUND('',#7114,.T.);
#7114 = EDGE_LOOP('',(#7115,#7124,#7131,#7140,#7149,#7158,#7167));
#7115 = ORIENTED_EDGE('',*,*,#7116,.F.);
#7116 = EDGE_CURVE('',#7117,#7119,#7121,.T.);
#7117 = VERTEX_POINT('',#7118);
#7118 = CARTESIAN_POINT('',(-0.221591946424,0.626188376907,
    0.695147131647));
#7119 = VERTEX_POINT('',#7120);
#7120 = CARTESIAN_POINT('',(-0.221258339935,0.63273472679,0.648567431903
    ));
#7121 = B_SPLINE_CURVE_WITH_KNOTS('',1,(#7122,#7123),.UNSPECIFIED.,.F.,
  .F.,(2,2),(0.,4.703864813422E-02),.PIECEWISE_BEZIER_KNOTS.);
#7122 = CARTESIAN_POINT('',(-0.221591946424,0.626188376907,
    0.695147131647));
#7123 = CARTESIAN_POINT('',(-0.221258339935,0.63273472679,0.648567431903
    ));
#7124 = ORIENTED_EDGE('',*,*,#7125,.F.);
#7125 = EDGE_CURVE('',#7126,#7117,#7128,.T.);
#7126 = VERTEX_POINT('',#7127);
#7127 = CARTESIAN_POINT('',(-0.230809168535,0.626197474908,
    0.695082396013));
#7128 = B_SPLINE_CURVE_WITH_KNOTS('',1,(#7129,#7130),.UNSPECIFIED.,.F.,
  .F.,(2,2),(-5.47300279737E-17,9.217453928043E-03),
  .PIECEWISE_BEZIER_KNOTS.);
#7129 = CARTESIAN_POINT('',(-0.230809168535,0.626197474908,
    0.695082396013));
#7130 = CARTESIAN_POINT('',(-0.221591946424,0.626188376907,
    0.695147131647));
#7131 = ORIENTED_EDGE('',*,*,#7132,.F.);
#7132 = EDGE_CURVE('',#7133,#7126,#7135,.T.);
#7133 = VERTEX_POINT('',#7134);
#7134 = CARTESIAN_POINT('',(-0.248376320701,0.627013613884,
    0.689275265448));
#7135 = B_SPLINE_CURVE_WITH_KNOTS('',3,(#7136,#7137,#7138,#7139),
  .UNSPECIFIED.,.F.,.F.,(4,4),(5.,6.),.PIECEWISE_BEZIER_KNOTS.);
#7136 = CARTESIAN_POINT('',(-0.248376320701,0.627013613884,
    0.689275265448));
#7137 = CARTESIAN_POINT('',(-0.243943082032,0.626475258188,
    0.693105865268));
#7138 = CARTESIAN_POINT('',(-0.238076893584,0.626204648627,
    0.695031352348));
#7139 = CARTESIAN_POINT('',(-0.230809168535,0.626197474908,
    0.695082396013));
#7140 = ORIENTED_EDGE('',*,*,#7141,.F.);
#7141 = EDGE_CURVE('',#7142,#7133,#7144,.T.);
#7142 = VERTEX_POINT('',#7143);
#7143 = CARTESIAN_POINT('',(-0.254945099941,0.62941215355,0.672208768932
    ));
#7144 = B_SPLINE_CURVE_WITH_KNOTS('',3,(#7145,#7146,#7147,#7148),
  .UNSPECIFIED.,.F.,.F.,(4,4),(4.,5.),.PIECEWISE_BEZIER_KNOTS.);
#7145 = CARTESIAN_POINT('',(-0.254945099941,0.62941215355,0.672208768932
    ));
#7146 = CARTESIAN_POINT('',(-0.254999078709,0.628352929829,
    0.679745537325));
#7147 = CARTESIAN_POINT('',(-0.252809559371,0.62755196958,0.685444665629
    ));
#7148 = CARTESIAN_POINT('',(-0.248376320701,0.627013613884,
    0.689275265448));
#7149 = ORIENTED_EDGE('',*,*,#7150,.F.);
#7150 = EDGE_CURVE('',#7151,#7142,#7153,.T.);
#7151 = VERTEX_POINT('',#7152);
#7152 = CARTESIAN_POINT('',(-0.248300105045,0.631875793744,
    0.654679058093));
#7153 = B_SPLINE_CURVE_WITH_KNOTS('',3,(#7154,#7155,#7156,#7157),
  .UNSPECIFIED.,.F.,.F.,(4,4),(3.,4.),.PIECEWISE_BEZIER_KNOTS.);
#7154 = CARTESIAN_POINT('',(-0.248300105045,0.631875793744,
    0.654679058093));
#7155 = CARTESIAN_POINT('',(-0.252681247791,0.631294042827,
    0.658818430948));
#7156 = CARTESIAN_POINT('',(-0.254891121172,0.630471377271,
    0.664672000538));
#7157 = CARTESIAN_POINT('',(-0.254945099941,0.62941215355,0.672208768932
    ));
#7158 = ORIENTED_EDGE('',*,*,#7159,.F.);
#7159 = EDGE_CURVE('',#7160,#7151,#7162,.T.);
#7160 = VERTEX_POINT('',#7161);
#7161 = CARTESIAN_POINT('',(-0.230116854586,0.632743470722,
    0.648505215591));
#7162 = B_SPLINE_CURVE_WITH_KNOTS('',3,(#7163,#7164,#7165,#7166),
  .UNSPECIFIED.,.F.,.F.,(4,4),(2.,3.),.PIECEWISE_BEZIER_KNOTS.);
#7163 = CARTESIAN_POINT('',(-0.230116854586,0.632743470722,
    0.648505215591));
#7164 = CARTESIAN_POINT('',(-0.237868054906,0.632751121663,
    0.648450776318));
#7165 = CARTESIAN_POINT('',(-0.243934337051,0.632461901135,
    0.650508687306));
#7166 = CARTESIAN_POINT('',(-0.248300105045,0.631875793744,
    0.654679058093));
#7167 = ORIENTED_EDGE('',*,*,#7168,.F.);
#7168 = EDGE_CURVE('',#7119,#7160,#7169,.T.);
#7169 = B_SPLINE_CURVE_WITH_KNOTS('',1,(#7170,#7171),.UNSPECIFIED.,.F.,
  .F.,(2,2),(0.,8.858737446907E-03),.PIECEWISE_BEZIER_KNOTS.);
#7170 = CARTESIAN_POINT('',(-0.221258339935,0.63273472679,0.648567431903
    ));
#7171 = CARTESIAN_POINT('',(-0.230116854586,0.632743470722,
    0.648505215591));
#7172 = B_SPLINE_SURFACE_WITH_KNOTS('',1,1,(
    (#7173,#7174)
    ,(#7175,#7176
    )),.UNSPECIFIED.,.F.,.F.,.F.,(2,2),(2,2),(-5.896963092088E-02,
    2.229316875003E-03),(-1.943277733044E-02,3.052645104875E-02),
  .PIECEWISE_BEZIER_KNOTS.);
#7173 = CARTESIAN_POINT('',(-0.263292267127,0.633721106968,
    0.641548972251));
#7174 = CARTESIAN_POINT('',(-0.213333038748,0.633721106968,
    0.641548972251));
#7175 = CARTESIAN_POINT('',(-0.263292267127,0.625203859627,
    0.702152336094));
#7176 = CARTESIAN_POINT('',(-0.213333038748,0.625203859627,
    0.702152336094));
#7177 = ADVANCED_FACE('',(#7178),#7192,.F.);
#7178 = FACE_BOUND('',#7179,.T.);
#7179 = EDGE_LOOP('',(#7180,#7181,#7186,#7187));
#7180 = ORIENTED_EDGE('',*,*,#1083,.T.);
#7181 = ORIENTED_EDGE('',*,*,#7182,.F.);
#7182 = EDGE_CURVE('',#7060,#1073,#7183,.T.);
#7183 = B_SPLINE_CURVE_WITH_KNOTS('',1,(#7184,#7185),.UNSPECIFIED.,.F.,
  .F.,(2,2),(0.,9.999999999997E-05),.PIECEWISE_BEZIER_KNOTS.);
#7184 = CARTESIAN_POINT('',(-0.230114309461,0.633711577928,
    0.641616774887));
#7185 = CARTESIAN_POINT('',(-0.230114309461,0.633612551122,
    0.641602857576));
#7186 = ORIENTED_EDGE('',*,*,#7057,.F.);
#7187 = ORIENTED_EDGE('',*,*,#7188,.T.);
#7188 = EDGE_CURVE('',#7058,#1084,#7189,.T.);
#7189 = B_SPLINE_CURVE_WITH_KNOTS('',1,(#7190,#7191),.UNSPECIFIED.,.F.,
  .F.,(2,2),(0.,9.999999999997E-05),.PIECEWISE_BEZIER_KNOTS.);
#7190 = CARTESIAN_POINT('',(-0.213333038748,0.633695013718,
    0.641734635365));
#7191 = CARTESIAN_POINT('',(-0.213333038748,0.633595986912,
    0.641720718055));
#7192 = B_SPLINE_SURFACE_WITH_KNOTS('',1,1,(
    (#7193,#7194)
    ,(#7195,#7196
    )),.UNSPECIFIED.,.F.,.F.,.F.,(2,2),(2,2),(-1.203706215242E-35,
    1.000000000001E-04),(2.775487756806E-17,1.678169276936E-02),
  .PIECEWISE_BEZIER_KNOTS.);
#7193 = CARTESIAN_POINT('',(-0.230114309461,0.633711577928,
    0.641616774887));
#7194 = CARTESIAN_POINT('',(-0.213333038748,0.633695013718,
    0.641734635365));
#7195 = CARTESIAN_POINT('',(-0.230114309461,0.633612551122,
    0.641602857576));
#7196 = CARTESIAN_POINT('',(-0.213333038748,0.633595986912,
    0.641720718055));
#7197 = ADVANCED_FACE('',(#7198),#7208,.F.);
#7198 = FACE_BOUND('',#7199,.F.);
#7199 = EDGE_LOOP('',(#7200,#7201,#7202,#7207));
#7200 = ORIENTED_EDGE('',*,*,#7182,.F.);
#7201 = ORIENTED_EDGE('',*,*,#7066,.T.);
#7202 = ORIENTED_EDGE('',*,*,#7203,.T.);
#7203 = EDGE_CURVE('',#7067,#1075,#7204,.T.);
#7204 = B_SPLINE_CURVE_WITH_KNOTS('',1,(#7205,#7206),.UNSPECIFIED.,.F.,
  .F.,(2,2),(0.,9.999999999997E-05),.PIECEWISE_BEZIER_KNOTS.);
#7205 = CARTESIAN_POINT('',(-0.253865213265,0.632545505644,
    0.649913810311));
#7206 = CARTESIAN_POINT('',(-0.253865213265,0.632446478837,
    0.649899893001));
#7207 = ORIENTED_EDGE('',*,*,#1072,.F.);
#7208 = B_SPLINE_SURFACE_WITH_KNOTS('',3,1,(
    (#7209,#7210)
    ,(#7211,#7212)
    ,(#7213,#7214)
    ,(#7215,#7216
    )),.UNSPECIFIED.,.F.,.F.,.F.,(4,4),(2,2),(5.,6.),(0.,1.),
  .PIECEWISE_BEZIER_KNOTS.);
#7209 = CARTESIAN_POINT('',(-0.230114309461,0.633711577928,
    0.641616774887));
#7210 = CARTESIAN_POINT('',(-0.230114309461,0.633612551122,
    0.641602857576));
#7211 = CARTESIAN_POINT('',(-0.239768218914,0.633721106968,
    0.641548972251));
#7212 = CARTESIAN_POINT('',(-0.239768218914,0.633622080161,
    0.641535054941));
#7213 = CARTESIAN_POINT('',(-0.247695510425,0.633333873496,0.64430428157
    ));
#7214 = CARTESIAN_POINT('',(-0.247695510425,0.633234846689,0.64429036426
    ));
#7215 = CARTESIAN_POINT('',(-0.253865213265,0.632545505644,
    0.649913810311));
#7216 = CARTESIAN_POINT('',(-0.253865213265,0.632446478837,
    0.649899893001));
#7217 = ADVANCED_FACE('',(#7218),#7228,.F.);
#7218 = FACE_BOUND('',#7219,.F.);
#7219 = EDGE_LOOP('',(#7220,#7221,#7222,#7227));
#7220 = ORIENTED_EDGE('',*,*,#7203,.F.);
#7221 = ORIENTED_EDGE('',*,*,#7075,.T.);
#7222 = ORIENTED_EDGE('',*,*,#7223,.T.);
#7223 = EDGE_CURVE('',#7076,#1114,#7224,.T.);
#7224 = B_SPLINE_CURVE_WITH_KNOTS('',1,(#7225,#7226),.UNSPECIFIED.,.F.,
  .F.,(2,2),(0.,9.999999999997E-05),.PIECEWISE_BEZIER_KNOTS.);
#7225 = CARTESIAN_POINT('',(-0.263228112033,0.62938994033,0.672366824208
    ));
#7226 = CARTESIAN_POINT('',(-0.263228112033,0.629290913523,
    0.672352906898));
#7227 = ORIENTED_EDGE('',*,*,#1122,.F.);
#7228 = B_SPLINE_SURFACE_WITH_KNOTS('',3,1,(
    (#7229,#7230)
    ,(#7231,#7232)
    ,(#7233,#7234)
    ,(#7235,#7236
    )),.UNSPECIFIED.,.F.,.F.,.F.,(4,4),(2,2),(4.,5.),(0.,1.),
  .PIECEWISE_BEZIER_KNOTS.);
#7229 = CARTESIAN_POINT('',(-0.253865213265,0.632545505644,
    0.649913810311));
#7230 = CARTESIAN_POINT('',(-0.253865213265,0.632446478837,
    0.649899893001));
#7231 = CARTESIAN_POINT('',(-0.260034916106,0.631757137793,
    0.655523339053));
#7232 = CARTESIAN_POINT('',(-0.260034916106,0.631658110986,
    0.655509421743));
#7233 = CARTESIAN_POINT('',(-0.263161081021,0.630705287819,
    0.663007640506));
#7234 = CARTESIAN_POINT('',(-0.263161081021,0.630606261012,
    0.662993723196));
#7235 = CARTESIAN_POINT('',(-0.263228112033,0.62938994033,0.672366824208
    ));
#7236 = CARTESIAN_POINT('',(-0.263228112033,0.629290913523,
    0.672352906898));
#7237 = ADVANCED_FACE('',(#7238),#7248,.F.);
#7238 = FACE_BOUND('',#7239,.F.);
#7239 = EDGE_LOOP('',(#7240,#7241,#7242,#7247));
#7240 = ORIENTED_EDGE('',*,*,#7223,.F.);
#7241 = ORIENTED_EDGE('',*,*,#7084,.T.);
#7242 = ORIENTED_EDGE('',*,*,#7243,.T.);
#7243 = EDGE_CURVE('',#7085,#1105,#7244,.T.);
#7244 = B_SPLINE_CURVE_WITH_KNOTS('',1,(#7245,#7246),.UNSPECIFIED.,.F.,
  .F.,(2,2),(0.,9.999999999997E-05),.PIECEWISE_BEZIER_KNOTS.);
#7245 = CARTESIAN_POINT('',(-0.254180015675,0.626368147632,
    0.693867996475));
#7246 = CARTESIAN_POINT('',(-0.254180015675,0.626269120825,
    0.693854079165));
#7247 = ORIENTED_EDGE('',*,*,#1113,.F.);
#7248 = B_SPLINE_SURFACE_WITH_KNOTS('',3,1,(
    (#7249,#7250)
    ,(#7251,#7252)
    ,(#7253,#7254)
    ,(#7255,#7256
    )),.UNSPECIFIED.,.F.,.F.,.F.,(4,4),(2,2),(3.,4.),(0.,1.),
  .PIECEWISE_BEZIER_KNOTS.);
#7249 = CARTESIAN_POINT('',(-0.263228112033,0.62938994033,0.672366824208
    ));
#7250 = CARTESIAN_POINT('',(-0.263228112033,0.629290913523,
    0.672352906898));
#7251 = CARTESIAN_POINT('',(-0.263292267127,0.628131026891,
    0.681324458774));
#7252 = CARTESIAN_POINT('',(-0.263292267127,0.628032000084,
    0.681310541464));
#7253 = CARTESIAN_POINT('',(-0.260270962608,0.627125204554,
    0.688481256577));
#7254 = CARTESIAN_POINT('',(-0.260270962608,0.627026177747,
    0.688467339267));
#7255 = CARTESIAN_POINT('',(-0.254180015675,0.626368147632,
    0.693867996475));
#7256 = CARTESIAN_POINT('',(-0.254180015675,0.626269120825,
    0.693854079165));
#7257 = ADVANCED_FACE('',(#7258),#7268,.F.);
#7258 = FACE_BOUND('',#7259,.F.);
#7259 = EDGE_LOOP('',(#7260,#7261,#7262,#7267));
#7260 = ORIENTED_EDGE('',*,*,#7243,.F.);
#7261 = ORIENTED_EDGE('',*,*,#7093,.T.);
#7262 = ORIENTED_EDGE('',*,*,#7263,.T.);
#7263 = EDGE_CURVE('',#7094,#1098,#7264,.T.);
#7264 = B_SPLINE_CURVE_WITH_KNOTS('',1,(#7265,#7266),.UNSPECIFIED.,.F.,
  .F.,(2,2),(0.,9.999999999997E-05),.PIECEWISE_BEZIER_KNOTS.);
#7265 = CARTESIAN_POINT('',(-0.231170863569,0.625221039607,
    0.702030094185));
#7266 = CARTESIAN_POINT('',(-0.231170863569,0.6251220128,0.702016176875)
  );
#7267 = ORIENTED_EDGE('',*,*,#1104,.F.);
#7268 = B_SPLINE_SURFACE_WITH_KNOTS('',3,1,(
    (#7269,#7270)
    ,(#7271,#7272)
    ,(#7273,#7274)
    ,(#7275,#7276
    )),.UNSPECIFIED.,.F.,.F.,.F.,(4,4),(2,2),(2.,3.),(0.,1.),
  .PIECEWISE_BEZIER_KNOTS.);
#7269 = CARTESIAN_POINT('',(-0.254180015675,0.626368147632,
    0.693867996475));
#7270 = CARTESIAN_POINT('',(-0.254180015675,0.626269120825,
    0.693854079165));
#7271 = CARTESIAN_POINT('',(-0.248089068744,0.625611090711,
    0.699254736374));
#7272 = CARTESIAN_POINT('',(-0.248089068744,0.625512063904,
    0.699240819064));
#7273 = CARTESIAN_POINT('',(-0.240419277633,0.625230168396,
    0.701965139479));
#7274 = CARTESIAN_POINT('',(-0.240419277633,0.625131141589,
    0.701951222169));
#7275 = CARTESIAN_POINT('',(-0.231170863569,0.625221039607,
    0.702030094185));
#7276 = CARTESIAN_POINT('',(-0.231170863569,0.6251220128,0.702016176875)
  );
#7277 = ADVANCED_FACE('',(#7278),#7288,.F.);
#7278 = FACE_BOUND('',#7279,.T.);
#7279 = EDGE_LOOP('',(#7280,#7281,#7286,#7287));
#7280 = ORIENTED_EDGE('',*,*,#1097,.T.);
#7281 = ORIENTED_EDGE('',*,*,#7282,.F.);
#7282 = EDGE_CURVE('',#7103,#1091,#7283,.T.);
#7283 = B_SPLINE_CURVE_WITH_KNOTS('',1,(#7284,#7285),.UNSPECIFIED.,.F.,
  .F.,(2,2),(0.,9.999999999997E-05),.PIECEWISE_BEZIER_KNOTS.);
#7284 = CARTESIAN_POINT('',(-0.213765753797,0.625203859627,
    0.702152336094));
#7285 = CARTESIAN_POINT('',(-0.213765753797,0.62510483282,0.702138418783
    ));
#7286 = ORIENTED_EDGE('',*,*,#7102,.F.);
#7287 = ORIENTED_EDGE('',*,*,#7263,.T.);
#7288 = B_SPLINE_SURFACE_WITH_KNOTS('',1,1,(
    (#7289,#7290)
    ,(#7291,#7292
    )),.UNSPECIFIED.,.F.,.F.,.F.,(2,2),(2,2),(-9.999999999997E-05,
    1.203328886187E-16),(-1.740554751886E-02,1.895185397504E-20),
  .PIECEWISE_BEZIER_KNOTS.);
#7289 = CARTESIAN_POINT('',(-0.231170863569,0.6251220128,0.702016176875)
  );
#7290 = CARTESIAN_POINT('',(-0.213765753797,0.62510483282,0.702138418783
    ));
#7291 = CARTESIAN_POINT('',(-0.231170863569,0.625221039607,
    0.702030094185));
#7292 = CARTESIAN_POINT('',(-0.213765753797,0.625203859627,
    0.702152336094));
#7293 = ADVANCED_FACE('',(#7294),#7300,.F.);
#7294 = FACE_BOUND('',#7295,.T.);
#7295 = EDGE_LOOP('',(#7296,#7297,#7298,#7299));
#7296 = ORIENTED_EDGE('',*,*,#1090,.T.);
#7297 = ORIENTED_EDGE('',*,*,#7188,.F.);
#7298 = ORIENTED_EDGE('',*,*,#7109,.F.);
#7299 = ORIENTED_EDGE('',*,*,#7282,.T.);
#7300 = B_SPLINE_SURFACE_WITH_KNOTS('',1,1,(
    (#7301,#7302)
    ,(#7303,#7304
    )),.UNSPECIFIED.,.F.,.F.,.F.,(2,2),(2,2),(-1.391696685757E-05,
    6.041924969247E-02),(-8.590185082561E-03,0.),
  .PIECEWISE_BEZIER_KNOTS.);
#7301 = CARTESIAN_POINT('',(-0.213341419658,0.62510483282,0.641720659193
    ));
#7302 = CARTESIAN_POINT('',(-0.213332941007,0.633695013718,
    0.641720718741));
#7303 = CARTESIAN_POINT('',(-0.213765851538,0.62510483282,0.702152335407
    ));
#7304 = CARTESIAN_POINT('',(-0.213757372887,0.633695013718,
    0.702152394956));
#7305 = ADVANCED_FACE('',(#7306),#7328,.T.);
#7306 = FACE_BOUND('',#7307,.T.);
#7307 = EDGE_LOOP('',(#7308,#7317,#7322,#7323));
#7308 = ORIENTED_EDGE('',*,*,#7309,.F.);
#7309 = EDGE_CURVE('',#7310,#7312,#7314,.T.);
#7310 = VERTEX_POINT('',#7311);
#7311 = CARTESIAN_POINT('',(-0.230809168535,0.626098448101,
    0.695068478702));
#7312 = VERTEX_POINT('',#7313);
#7313 = CARTESIAN_POINT('',(-0.221591946424,0.626089350101,
    0.695133214337));
#7314 = B_SPLINE_CURVE_WITH_KNOTS('',1,(#7315,#7316),.UNSPECIFIED.,.F.,
  .F.,(2,2),(-5.462044446745E-17,9.217453928043E-03),
  .PIECEWISE_BEZIER_KNOTS.);
#7315 = CARTESIAN_POINT('',(-0.230809168535,0.626098448101,
    0.695068478702));
#7316 = CARTESIAN_POINT('',(-0.221591946424,0.626089350101,
    0.695133214337));
#7317 = ORIENTED_EDGE('',*,*,#7318,.F.);
#7318 = EDGE_CURVE('',#7126,#7310,#7319,.T.);
#7319 = B_SPLINE_CURVE_WITH_KNOTS('',1,(#7320,#7321),.UNSPECIFIED.,.F.,
  .F.,(2,2),(0.,1.000000000001E-04),.PIECEWISE_BEZIER_KNOTS.);
#7320 = CARTESIAN_POINT('',(-0.230809168535,0.626197474908,
    0.695082396013));
#7321 = CARTESIAN_POINT('',(-0.230809168535,0.626098448101,
    0.695068478702));
#7322 = ORIENTED_EDGE('',*,*,#7125,.T.);
#7323 = ORIENTED_EDGE('',*,*,#7324,.T.);
#7324 = EDGE_CURVE('',#7117,#7312,#7325,.T.);
#7325 = B_SPLINE_CURVE_WITH_KNOTS('',1,(#7326,#7327),.UNSPECIFIED.,.F.,
  .F.,(2,2),(0.,9.999999999997E-05),.PIECEWISE_BEZIER_KNOTS.);
#7326 = CARTESIAN_POINT('',(-0.221591946424,0.626188376907,
    0.695147131647));
#7327 = CARTESIAN_POINT('',(-0.221591946424,0.626089350101,
    0.695133214337));
#7328 = B_SPLINE_SURFACE_WITH_KNOTS('',1,1,(
    (#7329,#7330)
    ,(#7331,#7332
    )),.UNSPECIFIED.,.F.,.F.,.F.,(2,2),(2,2),(-1.000000000001E-04,
    3.201784540621E-19),(-5.550975513611E-17,9.217453928043E-03),
  .PIECEWISE_BEZIER_KNOTS.);
#7329 = CARTESIAN_POINT('',(-0.230809168535,0.626098448101,
    0.695068478702));
#7330 = CARTESIAN_POINT('',(-0.221591946424,0.626089350101,
    0.695133214337));
#7331 = CARTESIAN_POINT('',(-0.230809168535,0.626197474908,
    0.695082396013));
#7332 = CARTESIAN_POINT('',(-0.221591946424,0.626188376907,
    0.695147131647));
#7333 = ADVANCED_FACE('',(#7334),#7350,.T.);
#7334 = FACE_BOUND('',#7335,.T.);
#7335 = EDGE_LOOP('',(#7336,#7343,#7344,#7345));
#7336 = ORIENTED_EDGE('',*,*,#7337,.F.);
#7337 = EDGE_CURVE('',#7312,#7338,#7340,.T.);
#7338 = VERTEX_POINT('',#7339);
#7339 = CARTESIAN_POINT('',(-0.221258339935,0.632635699983,
    0.648553514593));
#7340 = B_SPLINE_CURVE_WITH_KNOTS('',1,(#7341,#7342),.UNSPECIFIED.,.F.,
  .F.,(2,2),(1.968474969128E-19,4.703864813422E-02),
  .PIECEWISE_BEZIER_KNOTS.);
#7341 = CARTESIAN_POINT('',(-0.221591946424,0.626089350101,
    0.695133214337));
#7342 = CARTESIAN_POINT('',(-0.221258339935,0.632635699983,
    0.648553514593));
#7343 = ORIENTED_EDGE('',*,*,#7324,.F.);
#7344 = ORIENTED_EDGE('',*,*,#7116,.T.);
#7345 = ORIENTED_EDGE('',*,*,#7346,.T.);
#7346 = EDGE_CURVE('',#7119,#7338,#7347,.T.);
#7347 = B_SPLINE_CURVE_WITH_KNOTS('',1,(#7348,#7349),.UNSPECIFIED.,.F.,
  .F.,(2,2),(0.,9.999999999997E-05),.PIECEWISE_BEZIER_KNOTS.);
#7348 = CARTESIAN_POINT('',(-0.221258339935,0.63273472679,0.648567431903
    ));
#7349 = CARTESIAN_POINT('',(-0.221258339935,0.632635699983,
    0.648553514593));
#7350 = B_SPLINE_SURFACE_WITH_KNOTS('',1,1,(
    (#7351,#7352)
    ,(#7353,#7354
    )),.UNSPECIFIED.,.F.,.F.,.F.,(2,2),(2,2),(-4.659481090164E-02,0.),(
    -9.902685511254E-05,6.546353071074E-03),.PIECEWISE_BEZIER_KNOTS.);
#7351 = CARTESIAN_POINT('',(-0.221264801291,0.626089350101,
    0.648553469213));
#7352 = CARTESIAN_POINT('',(-0.221258242194,0.63273472679,0.64855351528)
  );
#7353 = CARTESIAN_POINT('',(-0.221592044166,0.626089350101,
    0.695147130961));
#7354 = CARTESIAN_POINT('',(-0.221585485068,0.63273472679,0.695147177027
    ));
#7355 = ADVANCED_FACE('',(#7356),#7372,.T.);
#7356 = FACE_BOUND('',#7357,.T.);
#7357 = EDGE_LOOP('',(#7358,#7365,#7366,#7367));
#7358 = ORIENTED_EDGE('',*,*,#7359,.F.);
#7359 = EDGE_CURVE('',#7338,#7360,#7362,.T.);
#7360 = VERTEX_POINT('',#7361);
#7361 = CARTESIAN_POINT('',(-0.230116854586,0.632644443915,
    0.648491298281));
#7362 = B_SPLINE_CURVE_WITH_KNOTS('',1,(#7363,#7364),.UNSPECIFIED.,.F.,
  .F.,(2,2),(-2.775487756806E-17,8.858737446907E-03),
  .PIECEWISE_BEZIER_KNOTS.);
#7363 = CARTESIAN_POINT('',(-0.221258339935,0.632635699983,
    0.648553514593));
#7364 = CARTESIAN_POINT('',(-0.230116854586,0.632644443915,
    0.648491298281));
#7365 = ORIENTED_EDGE('',*,*,#7346,.F.);
#7366 = ORIENTED_EDGE('',*,*,#7168,.T.);
#7367 = ORIENTED_EDGE('',*,*,#7368,.T.);
#7368 = EDGE_CURVE('',#7160,#7360,#7369,.T.);
#7369 = B_SPLINE_CURVE_WITH_KNOTS('',1,(#7370,#7371),.UNSPECIFIED.,.F.,
  .F.,(2,2),(0.,9.999999999996E-05),.PIECEWISE_BEZIER_KNOTS.);
#7370 = CARTESIAN_POINT('',(-0.230116854586,0.632743470722,
    0.648505215591));
#7371 = CARTESIAN_POINT('',(-0.230116854586,0.632644443915,
    0.648491298281));
#7372 = B_SPLINE_SURFACE_WITH_KNOTS('',1,1,(
    (#7373,#7374)
    ,(#7375,#7376
    )),.UNSPECIFIED.,.F.,.F.,.F.,(2,2),(2,2),(-4.722612494909E-17,
    9.999999999997E-05),(-8.858737446907E-03,2.752609926296E-17),
  .PIECEWISE_BEZIER_KNOTS.);
#7373 = CARTESIAN_POINT('',(-0.230116854586,0.632743470722,
    0.648505215591));
#7374 = CARTESIAN_POINT('',(-0.221258339935,0.63273472679,0.648567431903
    ));
#7375 = CARTESIAN_POINT('',(-0.230116854586,0.632644443915,
    0.648491298281));
#7376 = CARTESIAN_POINT('',(-0.221258339935,0.632635699983,
    0.648553514593));
#7377 = ADVANCED_FACE('',(#7378),#7396,.T.);
#7378 = FACE_BOUND('',#7379,.T.);
#7379 = EDGE_LOOP('',(#7380,#7389,#7390,#7391));
#7380 = ORIENTED_EDGE('',*,*,#7381,.F.);
#7381 = EDGE_CURVE('',#7360,#7382,#7384,.T.);
#7382 = VERTEX_POINT('',#7383);
#7383 = CARTESIAN_POINT('',(-0.248300105045,0.631776766937,
    0.654665140783));
#7384 = B_SPLINE_CURVE_WITH_KNOTS('',3,(#7385,#7386,#7387,#7388),
  .UNSPECIFIED.,.F.,.F.,(4,4),(2.,3.),.PIECEWISE_BEZIER_KNOTS.);
#7385 = CARTESIAN_POINT('',(-0.230116854586,0.632644443915,
    0.648491298281));
#7386 = CARTESIAN_POINT('',(-0.237868054906,0.632652094856,
    0.648436859008));
#7387 = CARTESIAN_POINT('',(-0.243934337051,0.632362874328,
    0.650494769996));
#7388 = CARTESIAN_POINT('',(-0.248300105045,0.631776766937,
    0.654665140783));
#7389 = ORIENTED_EDGE('',*,*,#7368,.F.);
#7390 = ORIENTED_EDGE('',*,*,#7159,.T.);
#7391 = ORIENTED_EDGE('',*,*,#7392,.T.);
#7392 = EDGE_CURVE('',#7151,#7382,#7393,.T.);
#7393 = B_SPLINE_CURVE_WITH_KNOTS('',1,(#7394,#7395),.UNSPECIFIED.,.F.,
  .F.,(2,2),(0.,9.999999999997E-05),.PIECEWISE_BEZIER_KNOTS.);
#7394 = CARTESIAN_POINT('',(-0.248300105045,0.631875793744,
    0.654679058093));
#7395 = CARTESIAN_POINT('',(-0.248300105045,0.631776766937,
    0.654665140783));
#7396 = B_SPLINE_SURFACE_WITH_KNOTS('',3,1,(
    (#7397,#7398)
    ,(#7399,#7400)
    ,(#7401,#7402)
    ,(#7403,#7404
    )),.UNSPECIFIED.,.F.,.F.,.F.,(4,4),(2,2),(2.,3.),(0.,1.),
  .PIECEWISE_BEZIER_KNOTS.);
#7397 = CARTESIAN_POINT('',(-0.230116854586,0.632743470722,
    0.648505215591));
#7398 = CARTESIAN_POINT('',(-0.230116854586,0.632644443915,
    0.648491298281));
#7399 = CARTESIAN_POINT('',(-0.237868054906,0.632751121663,
    0.648450776318));
#7400 = CARTESIAN_POINT('',(-0.237868054906,0.632652094856,
    0.648436859008));
#7401 = CARTESIAN_POINT('',(-0.243934337051,0.632461901135,
    0.650508687306));
#7402 = CARTESIAN_POINT('',(-0.243934337051,0.632362874328,
    0.650494769996));
#7403 = CARTESIAN_POINT('',(-0.248300105045,0.631875793744,
    0.654679058093));
#7404 = CARTESIAN_POINT('',(-0.248300105045,0.631776766937,
    0.654665140783));
#7405 = ADVANCED_FACE('',(#7406),#7424,.T.);
#7406 = FACE_BOUND('',#7407,.T.);
#7407 = EDGE_LOOP('',(#7408,#7417,#7418,#7419));
#7408 = ORIENTED_EDGE('',*,*,#7409,.F.);
#7409 = EDGE_CURVE('',#7382,#7410,#7412,.T.);
#7410 = VERTEX_POINT('',#7411);
#7411 = CARTESIAN_POINT('',(-0.254945099941,0.629313126743,
    0.672194851621));
#7412 = B_SPLINE_CURVE_WITH_KNOTS('',3,(#7413,#7414,#7415,#7416),
  .UNSPECIFIED.,.F.,.F.,(4,4),(3.,4.),.PIECEWISE_BEZIER_KNOTS.);
#7413 = CARTESIAN_POINT('',(-0.248300105045,0.631776766937,
    0.654665140783));
#7414 = CARTESIAN_POINT('',(-0.252681247791,0.63119501602,0.658804513638
    ));
#7415 = CARTESIAN_POINT('',(-0.254891121172,0.630372350464,
    0.664658083228));
#7416 = CARTESIAN_POINT('',(-0.254945099941,0.629313126743,
    0.672194851621));
#7417 = ORIENTED_EDGE('',*,*,#7392,.F.);
#7418 = ORIENTED_EDGE('',*,*,#7150,.T.);
#7419 = ORIENTED_EDGE('',*,*,#7420,.T.);
#7420 = EDGE_CURVE('',#7142,#7410,#7421,.T.);
#7421 = B_SPLINE_CURVE_WITH_KNOTS('',1,(#7422,#7423),.UNSPECIFIED.,.F.,
  .F.,(2,2),(0.,9.999999999997E-05),.PIECEWISE_BEZIER_KNOTS.);
#7422 = CARTESIAN_POINT('',(-0.254945099941,0.62941215355,0.672208768932
    ));
#7423 = CARTESIAN_POINT('',(-0.254945099941,0.629313126743,
    0.672194851621));
#7424 = B_SPLINE_SURFACE_WITH_KNOTS('',3,1,(
    (#7425,#7426)
    ,(#7427,#7428)
    ,(#7429,#7430)
    ,(#7431,#7432
    )),.UNSPECIFIED.,.F.,.F.,.F.,(4,4),(2,2),(3.,4.),(0.,1.),
  .PIECEWISE_BEZIER_KNOTS.);
#7425 = CARTESIAN_POINT('',(-0.248300105045,0.631875793744,
    0.654679058093));
#7426 = CARTESIAN_POINT('',(-0.248300105045,0.631776766937,
    0.654665140783));
#7427 = CARTESIAN_POINT('',(-0.252681247791,0.631294042827,
    0.658818430948));
#7428 = CARTESIAN_POINT('',(-0.252681247791,0.63119501602,0.658804513638
    ));
#7429 = CARTESIAN_POINT('',(-0.254891121172,0.630471377271,
    0.664672000538));
#7430 = CARTESIAN_POINT('',(-0.254891121172,0.630372350464,
    0.664658083228));
#7431 = CARTESIAN_POINT('',(-0.254945099941,0.62941215355,0.672208768932
    ));
#7432 = CARTESIAN_POINT('',(-0.254945099941,0.629313126743,
    0.672194851621));
#7433 = ADVANCED_FACE('',(#7434),#7452,.T.);
#7434 = FACE_BOUND('',#7435,.T.);
#7435 = EDGE_LOOP('',(#7436,#7445,#7446,#7447));
#7436 = ORIENTED_EDGE('',*,*,#7437,.F.);
#7437 = EDGE_CURVE('',#7410,#7438,#7440,.T.);
#7438 = VERTEX_POINT('',#7439);
#7439 = CARTESIAN_POINT('',(-0.248376320701,0.626914587077,
    0.689261348138));
#7440 = B_SPLINE_CURVE_WITH_KNOTS('',3,(#7441,#7442,#7443,#7444),
  .UNSPECIFIED.,.F.,.F.,(4,4),(4.,5.),.PIECEWISE_BEZIER_KNOTS.);
#7441 = CARTESIAN_POINT('',(-0.254945099941,0.629313126743,
    0.672194851621));
#7442 = CARTESIAN_POINT('',(-0.254999078709,0.628253903022,
    0.679731620015));
#7443 = CARTESIAN_POINT('',(-0.252809559371,0.627452942773,
    0.685430748319));
#7444 = CARTESIAN_POINT('',(-0.248376320701,0.626914587077,
    0.689261348138));
#7445 = ORIENTED_EDGE('',*,*,#7420,.F.);
#7446 = ORIENTED_EDGE('',*,*,#7141,.T.);
#7447 = ORIENTED_EDGE('',*,*,#7448,.T.);
#7448 = EDGE_CURVE('',#7133,#7438,#7449,.T.);
#7449 = B_SPLINE_CURVE_WITH_KNOTS('',1,(#7450,#7451),.UNSPECIFIED.,.F.,
  .F.,(2,2),(0.,1.000000000001E-04),.PIECEWISE_BEZIER_KNOTS.);
#7450 = CARTESIAN_POINT('',(-0.248376320701,0.627013613884,
    0.689275265448));
#7451 = CARTESIAN_POINT('',(-0.248376320701,0.626914587077,
    0.689261348138));
#7452 = B_SPLINE_SURFACE_WITH_KNOTS('',3,1,(
    (#7453,#7454)
    ,(#7455,#7456)
    ,(#7457,#7458)
    ,(#7459,#7460
    )),.UNSPECIFIED.,.F.,.F.,.F.,(4,4),(2,2),(4.,5.),(0.,1.),
  .PIECEWISE_BEZIER_KNOTS.);
#7453 = CARTESIAN_POINT('',(-0.254945099941,0.62941215355,0.672208768932
    ));
#7454 = CARTESIAN_POINT('',(-0.254945099941,0.629313126743,
    0.672194851621));
#7455 = CARTESIAN_POINT('',(-0.254999078709,0.628352929829,
    0.679745537325));
#7456 = CARTESIAN_POINT('',(-0.254999078709,0.628253903022,
    0.679731620015));
#7457 = CARTESIAN_POINT('',(-0.252809559371,0.62755196958,0.685444665629
    ));
#7458 = CARTESIAN_POINT('',(-0.252809559371,0.627452942773,
    0.685430748319));
#7459 = CARTESIAN_POINT('',(-0.248376320701,0.627013613884,
    0.689275265448));
#7460 = CARTESIAN_POINT('',(-0.248376320701,0.626914587077,
    0.689261348138));
#7461 = ADVANCED_FACE('',(#7462),#7474,.T.);
#7462 = FACE_BOUND('',#7463,.T.);
#7463 = EDGE_LOOP('',(#7464,#7471,#7472,#7473));
#7464 = ORIENTED_EDGE('',*,*,#7465,.F.);
#7465 = EDGE_CURVE('',#7438,#7310,#7466,.T.);
#7466 = B_SPLINE_CURVE_WITH_KNOTS('',3,(#7467,#7468,#7469,#7470),
  .UNSPECIFIED.,.F.,.F.,(4,4),(5.,6.),.PIECEWISE_BEZIER_KNOTS.);
#7467 = CARTESIAN_POINT('',(-0.248376320701,0.626914587077,
    0.689261348138));
#7468 = CARTESIAN_POINT('',(-0.243943082032,0.626376231381,
    0.693091947958));
#7469 = CARTESIAN_POINT('',(-0.238076893584,0.62610562182,0.695017435038
    ));
#7470 = CARTESIAN_POINT('',(-0.230809168535,0.626098448101,
    0.695068478702));
#7471 = ORIENTED_EDGE('',*,*,#7448,.F.);
#7472 = ORIENTED_EDGE('',*,*,#7132,.T.);
#7473 = ORIENTED_EDGE('',*,*,#7318,.T.);
#7474 = B_SPLINE_SURFACE_WITH_KNOTS('',3,1,(
    (#7475,#7476)
    ,(#7477,#7478)
    ,(#7479,#7480)
    ,(#7481,#7482
    )),.UNSPECIFIED.,.F.,.F.,.F.,(4,4),(2,2),(5.,6.),(0.,1.),
  .PIECEWISE_BEZIER_KNOTS.);
#7475 = CARTESIAN_POINT('',(-0.248376320701,0.627013613884,
    0.689275265448));
#7476 = CARTESIAN_POINT('',(-0.248376320701,0.626914587077,
    0.689261348138));
#7477 = CARTESIAN_POINT('',(-0.243943082032,0.626475258188,
    0.693105865268));
#7478 = CARTESIAN_POINT('',(-0.243943082032,0.626376231381,
    0.693091947958));
#7479 = CARTESIAN_POINT('',(-0.238076893584,0.626204648627,
    0.695031352348));
#7480 = CARTESIAN_POINT('',(-0.238076893584,0.62610562182,0.695017435038
    ));
#7481 = CARTESIAN_POINT('',(-0.230809168535,0.626197474908,
    0.695082396013));
#7482 = CARTESIAN_POINT('',(-0.230809168535,0.626098448101,
    0.695068478702));
#7483 = ADVANCED_FACE('',(#7484),#7493,.T.);
#7484 = FACE_BOUND('',#7485,.T.);
#7485 = EDGE_LOOP('',(#7486,#7487,#7488,#7489,#7490,#7491,#7492));
#7486 = ORIENTED_EDGE('',*,*,#7309,.T.);
#7487 = ORIENTED_EDGE('',*,*,#7337,.T.);
#7488 = ORIENTED_EDGE('',*,*,#7359,.T.);
#7489 = ORIENTED_EDGE('',*,*,#7381,.T.);
#7490 = ORIENTED_EDGE('',*,*,#7409,.T.);
#7491 = ORIENTED_EDGE('',*,*,#7437,.T.);
#7492 = ORIENTED_EDGE('',*,*,#7465,.T.);
#7493 = B_SPLINE_SURFACE_WITH_KNOTS('',1,1,(
    (#7494,#7495)
    ,(#7496,#7497
    )),.UNSPECIFIED.,.F.,.F.,.F.,(2,2),(2,2),(-0.254999078709,
    -0.221258339935),(0.257371608464,0.304526875612),
  .PIECEWISE_BEZIER_KNOTS.);
#7494 = CARTESIAN_POINT('',(-0.254999078709,0.626089350101,
    0.695133214337));
#7495 = CARTESIAN_POINT('',(-0.254999078709,0.632652094856,
    0.648436859008));
#7496 = CARTESIAN_POINT('',(-0.221258339935,0.626089350101,
    0.695133214337));
#7497 = CARTESIAN_POINT('',(-0.221258339935,0.632652094856,
    0.648436859008));
#7498 = ADVANCED_FACE('',(#7499,#7557),#7605,.F.);
#7499 = FACE_BOUND('',#7500,.T.);
#7500 = EDGE_LOOP('',(#7501,#7510,#7517,#7524,#7531,#7538,#7545,#7552));
#7501 = ORIENTED_EDGE('',*,*,#7502,.T.);
#7502 = EDGE_CURVE('',#7503,#7505,#7507,.T.);
#7503 = VERTEX_POINT('',#7504);
#7504 = CARTESIAN_POINT('',(-0.321288388074,0.633801572698,0.64097642883
    ));
#7505 = VERTEX_POINT('',#7506);
#7506 = CARTESIAN_POINT('',(-0.298483098139,0.625287481178,
    0.701557337842));
#7507 = B_SPLINE_CURVE_WITH_KNOTS('',1,(#7508,#7509),.UNSPECIFIED.,.F.,
  .F.,(2,2),(-6.528872444851E-02,0.),.PIECEWISE_BEZIER_KNOTS.);
#7508 = CARTESIAN_POINT('',(-0.321288388074,0.633801572698,0.64097642883
    ));
#7509 = CARTESIAN_POINT('',(-0.298483098139,0.625287481178,
    0.701557337842));
#7510 = ORIENTED_EDGE('',*,*,#7511,.T.);
#7511 = EDGE_CURVE('',#7505,#7512,#7514,.T.);
#7512 = VERTEX_POINT('',#7513);
#7513 = CARTESIAN_POINT('',(-0.290061270829,0.625279168285,
    0.701616487153));
#7514 = B_SPLINE_CURVE_WITH_KNOTS('',1,(#7515,#7516),.UNSPECIFIED.,.F.,
  .F.,(2,2),(-8.422039122552E-03,0.),.PIECEWISE_BEZIER_KNOTS.);
#7515 = CARTESIAN_POINT('',(-0.298483098139,0.625287481178,
    0.701557337842));
#7516 = CARTESIAN_POINT('',(-0.290061270829,0.625279168285,
    0.701616487153));
#7517 = ORIENTED_EDGE('',*,*,#7518,.T.);
#7518 = EDGE_CURVE('',#7512,#7519,#7521,.T.);
#7519 = VERTEX_POINT('',#7520);
#7520 = CARTESIAN_POINT('',(-0.266390550797,0.633747384948,
    0.641361994707));
#7521 = B_SPLINE_CURVE_WITH_KNOTS('',1,(#7522,#7523),.UNSPECIFIED.,.F.,
  .F.,(2,2),(-6.528872444865E-02,0.),.PIECEWISE_BEZIER_KNOTS.);
#7522 = CARTESIAN_POINT('',(-0.290061270829,0.625279168285,
    0.701616487153));
#7523 = CARTESIAN_POINT('',(-0.266390550797,0.633747384948,
    0.641361994707));
#7524 = ORIENTED_EDGE('',*,*,#7525,.T.);
#7525 = EDGE_CURVE('',#7519,#7526,#7528,.T.);
#7526 = VERTEX_POINT('',#7527);
#7527 = CARTESIAN_POINT('',(-0.275093105684,0.633755974937,
    0.641300873753));
#7528 = B_SPLINE_CURVE_WITH_KNOTS('',1,(#7529,#7530),.UNSPECIFIED.,.F.,
  .F.,(2,2),(-8.702773759636E-03,0.),.PIECEWISE_BEZIER_KNOTS.);
#7529 = CARTESIAN_POINT('',(-0.266390550797,0.633747384948,
    0.641361994707));
#7530 = CARTESIAN_POINT('',(-0.275093105684,0.633755974937,
    0.641300873753));
#7531 = ORIENTED_EDGE('',*,*,#7532,.T.);
#7532 = EDGE_CURVE('',#7526,#7533,#7535,.T.);
#7533 = VERTEX_POINT('',#7534);
#7534 = CARTESIAN_POINT('',(-0.281075547935,0.631439284934,
    0.657784979661));
#7535 = B_SPLINE_CURVE_WITH_KNOTS('',1,(#7536,#7537),.UNSPECIFIED.,.F.,
  .F.,(2,2),(-1.768848256523E-02,0.),.PIECEWISE_BEZIER_KNOTS.);
#7536 = CARTESIAN_POINT('',(-0.275093105684,0.633755974937,
    0.641300873753));
#7537 = CARTESIAN_POINT('',(-0.281075547935,0.631439284934,
    0.657784979661));
#7538 = ORIENTED_EDGE('',*,*,#7539,.T.);
#7539 = EDGE_CURVE('',#7533,#7540,#7542,.T.);
#7540 = VERTEX_POINT('',#7541);
#7541 = CARTESIAN_POINT('',(-0.306481393652,0.631464362163,
    0.657606545907));
#7542 = B_SPLINE_CURVE_WITH_KNOTS('',1,(#7543,#7544),.UNSPECIFIED.,.F.,
  .F.,(2,2),(-2.540648468536E-02,0.),.PIECEWISE_BEZIER_KNOTS.);
#7543 = CARTESIAN_POINT('',(-0.281075547935,0.631439284934,
    0.657784979661));
#7544 = CARTESIAN_POINT('',(-0.306481393652,0.631464362163,
    0.657606545907));
#7545 = ORIENTED_EDGE('',*,*,#7546,.T.);
#7546 = EDGE_CURVE('',#7540,#7547,#7549,.T.);
#7547 = VERTEX_POINT('',#7548);
#7548 = CARTESIAN_POINT('',(-0.312585833188,0.633792982708,
    0.641037549784));
#7549 = B_SPLINE_CURVE_WITH_KNOTS('',1,(#7550,#7551),.UNSPECIFIED.,.F.,
  .F.,(2,2),(-1.781062290361E-02,0.),.PIECEWISE_BEZIER_KNOTS.);
#7550 = CARTESIAN_POINT('',(-0.306481393652,0.631464362163,
    0.657606545907));
#7551 = CARTESIAN_POINT('',(-0.312585833188,0.633792982708,
    0.641037549784));
#7552 = ORIENTED_EDGE('',*,*,#7553,.T.);
#7553 = EDGE_CURVE('',#7547,#7503,#7554,.T.);
#7554 = B_SPLINE_CURVE_WITH_KNOTS('',1,(#7555,#7556),.UNSPECIFIED.,.F.,
  .F.,(2,2),(-8.70277375922E-03,0.),.PIECEWISE_BEZIER_KNOTS.);
#7555 = CARTESIAN_POINT('',(-0.312585833188,0.633792982708,
    0.641037549784));
#7556 = CARTESIAN_POINT('',(-0.321288388074,0.633801572698,0.64097642883
    ));
#7557 = FACE_BOUND('',#7558,.T.);
#7558 = EDGE_LOOP('',(#7559,#7568,#7575,#7584,#7591,#7600));
#7559 = ORIENTED_EDGE('',*,*,#7560,.F.);
#7560 = EDGE_CURVE('',#7561,#7563,#7565,.T.);
#7561 = VERTEX_POINT('',#7562);
#7562 = CARTESIAN_POINT('',(-0.283619794781,0.630482369151,
    0.664593789247));
#7563 = VERTEX_POINT('',#7564);
#7564 = CARTESIAN_POINT('',(-0.304097311924,0.630502581798,
    0.664449968793));
#7565 = B_SPLINE_CURVE_WITH_KNOTS('',1,(#7566,#7567),.UNSPECIFIED.,.F.,
  .F.,(2,2),(0.,2.047803216182E-02),.PIECEWISE_BEZIER_KNOTS.);
#7566 = CARTESIAN_POINT('',(-0.283619794781,0.630482369151,
    0.664593789247));
#7567 = CARTESIAN_POINT('',(-0.304097311924,0.630502581798,
    0.664449968793));
#7568 = ORIENTED_EDGE('',*,*,#7569,.F.);
#7569 = EDGE_CURVE('',#7570,#7561,#7572,.T.);
#7570 = VERTEX_POINT('',#7571);
#7571 = CARTESIAN_POINT('',(-0.292923296521,0.626962076076,
    0.689641976007));
#7572 = B_SPLINE_CURVE_WITH_KNOTS('',1,(#7573,#7574),.UNSPECIFIED.,.F.,
  .F.,(2,2),(-1.450151279116E-17,2.695105318789E-02),
  .PIECEWISE_BEZIER_KNOTS.);
#7573 = CARTESIAN_POINT('',(-0.292923296521,0.626962076076,
    0.689641976007));
#7574 = CARTESIAN_POINT('',(-0.283619794781,0.630482369151,
    0.664593789247));
#7575 = ORIENTED_EDGE('',*,*,#7576,.F.);
#7576 = EDGE_CURVE('',#7577,#7570,#7579,.T.);
#7577 = VERTEX_POINT('',#7578);
#7578 = CARTESIAN_POINT('',(-0.293951746768,0.626368333235,
    0.693866675841));
#7579 = B_SPLINE_CURVE_WITH_KNOTS('',3,(#7580,#7581,#7582,#7583),
  .UNSPECIFIED.,.F.,.F.,(4,4),(3.,4.),.PIECEWISE_BEZIER_KNOTS.);
#7580 = CARTESIAN_POINT('',(-0.293951746768,0.626368333235,
    0.693866675841));
#7581 = CARTESIAN_POINT('',(-0.293642370971,0.626624164513,
    0.692046341712));
#7582 = CARTESIAN_POINT('',(-0.29330467914,0.626823530952,0.690627775791
    ));
#7583 = CARTESIAN_POINT('',(-0.292923296521,0.626962076076,
    0.689641976007));
#7584 = ORIENTED_EDGE('',*,*,#7585,.F.);
#7585 = EDGE_CURVE('',#7586,#7577,#7588,.T.);
#7586 = VERTEX_POINT('',#7587);
#7587 = CARTESIAN_POINT('',(-0.294138898486,0.626368517966,
    0.693865361412));
#7588 = B_SPLINE_CURVE_WITH_KNOTS('',1,(#7589,#7590),.UNSPECIFIED.,.F.,
  .F.,(2,2),(-5.561933864232E-17,1.8715642514E-04),
  .PIECEWISE_BEZIER_KNOTS.);
#7589 = CARTESIAN_POINT('',(-0.294138898486,0.626368517966,
    0.693865361412));
#7590 = CARTESIAN_POINT('',(-0.293951746768,0.626368333235,
    0.693866675841));
#7591 = ORIENTED_EDGE('',*,*,#7592,.F.);
#7592 = EDGE_CURVE('',#7593,#7586,#7595,.T.);
#7593 = VERTEX_POINT('',#7594);
#7594 = CARTESIAN_POINT('',(-0.295059945301,0.626964185088,
    0.689626969608));
#7595 = B_SPLINE_CURVE_WITH_KNOTS('',3,(#7596,#7597,#7598,#7599),
  .UNSPECIFIED.,.F.,.F.,(4,4),(1.,2.),.PIECEWISE_BEZIER_KNOTS.);
#7596 = CARTESIAN_POINT('',(-0.295059945301,0.626964185088,
    0.689626969608));
#7597 = CARTESIAN_POINT('',(-0.294769594808,0.626846683415,
    0.690463037454));
#7598 = CARTESIAN_POINT('',(-0.294467630379,0.626651026893,
    0.691855205947));
#7599 = CARTESIAN_POINT('',(-0.294138898486,0.626368517966,
    0.693865361412));
#7600 = ORIENTED_EDGE('',*,*,#7601,.F.);
#7601 = EDGE_CURVE('',#7563,#7593,#7602,.T.);
#7602 = B_SPLINE_CURVE_WITH_KNOTS('',1,(#7603,#7604),.UNSPECIFIED.,.F.,
  .F.,(2,2),(0.,2.698287636246E-02),.PIECEWISE_BEZIER_KNOTS.);
#7603 = CARTESIAN_POINT('',(-0.304097311924,0.630502581798,
    0.664449968793));
#7604 = CARTESIAN_POINT('',(-0.295059945301,0.626964185088,
    0.689626969608));
#7605 = B_SPLINE_SURFACE_WITH_KNOTS('',1,1,(
    (#7606,#7607)
    ,(#7608,#7609
    )),.UNSPECIFIED.,.F.,.F.,.F.,(2,2),(2,2),(-0.607766263887,
    -0.546530260994),(-0.321288388074,-0.266390550797),
  .PIECEWISE_BEZIER_KNOTS.);
#7606 = CARTESIAN_POINT('',(-0.321288388074,0.625279168285,
    0.701616487153));
#7607 = CARTESIAN_POINT('',(-0.266390550797,0.625279168285,
    0.701616487153));
#7608 = CARTESIAN_POINT('',(-0.321288388074,0.633801572698,0.64097642883
    ));
#7609 = CARTESIAN_POINT('',(-0.266390550797,0.633801572698,0.64097642883
    ));
#7610 = ADVANCED_FACE('',(#7611),#7625,.F.);
#7611 = FACE_BOUND('',#7612,.T.);
#7612 = EDGE_LOOP('',(#7613,#7614,#7619,#7620));
#7613 = ORIENTED_EDGE('',*,*,#30,.T.);
#7614 = ORIENTED_EDGE('',*,*,#7615,.F.);
#7615 = EDGE_CURVE('',#7505,#22,#7616,.T.);
#7616 = B_SPLINE_CURVE_WITH_KNOTS('',1,(#7617,#7618),.UNSPECIFIED.,.F.,
  .F.,(2,2),(0.,9.999999999997E-05),.PIECEWISE_BEZIER_KNOTS.);
#7617 = CARTESIAN_POINT('',(-0.298483098139,0.625287481178,
    0.701557337842));
#7618 = CARTESIAN_POINT('',(-0.298483098139,0.625188454371,
    0.701543420532));
#7619 = ORIENTED_EDGE('',*,*,#7502,.F.);
#7620 = ORIENTED_EDGE('',*,*,#7621,.T.);
#7621 = EDGE_CURVE('',#7503,#31,#7622,.T.);
#7622 = B_SPLINE_CURVE_WITH_KNOTS('',1,(#7623,#7624),.UNSPECIFIED.,.F.,
  .F.,(2,2),(0.,9.999999999997E-05),.PIECEWISE_BEZIER_KNOTS.);
#7623 = CARTESIAN_POINT('',(-0.321288388074,0.633801572698,0.64097642883
    ));
#7624 = CARTESIAN_POINT('',(-0.321288388074,0.633702545891,0.64096251152
    ));
#7625 = B_SPLINE_SURFACE_WITH_KNOTS('',1,1,(
    (#7626,#7627)
    ,(#7628,#7629
    )),.UNSPECIFIED.,.F.,.F.,.F.,(2,2),(2,2),(0.,6.474292611275E-02),(
    -9.914402608772E-05,8.524169751347E-03),.PIECEWISE_BEZIER_KNOTS.);
#7626 = CARTESIAN_POINT('',(-0.298478576688,0.625188454371,
    0.701555668739));
#7627 = CARTESIAN_POINT('',(-0.29887184188,0.633801572698,0.701700843417
    ));
#7628 = CARTESIAN_POINT('',(-0.320899644333,0.625188454371,
    0.640819005945));
#7629 = CARTESIAN_POINT('',(-0.321292909525,0.633801572698,
    0.640964180623));
#7630 = ADVANCED_FACE('',(#7631),#7641,.F.);
#7631 = FACE_BOUND('',#7632,.T.);
#7632 = EDGE_LOOP('',(#7633,#7634,#7639,#7640));
#7633 = ORIENTED_EDGE('',*,*,#21,.T.);
#7634 = ORIENTED_EDGE('',*,*,#7635,.F.);
#7635 = EDGE_CURVE('',#7512,#24,#7636,.T.);
#7636 = B_SPLINE_CURVE_WITH_KNOTS('',1,(#7637,#7638),.UNSPECIFIED.,.F.,
  .F.,(2,2),(0.,9.999999999997E-05),.PIECEWISE_BEZIER_KNOTS.);
#7637 = CARTESIAN_POINT('',(-0.290061270829,0.625279168285,
    0.701616487153));
#7638 = CARTESIAN_POINT('',(-0.290061270829,0.625180141478,
    0.701602569843));
#7639 = ORIENTED_EDGE('',*,*,#7511,.F.);
#7640 = ORIENTED_EDGE('',*,*,#7615,.T.);
#7641 = B_SPLINE_SURFACE_WITH_KNOTS('',1,1,(
    (#7642,#7643)
    ,(#7644,#7645
    )),.UNSPECIFIED.,.F.,.F.,.F.,(2,2),(2,2),(-9.999999999997E-05,
    1.323840377585E-17),(-8.422039122552E-03,1.888680184469E-20),
  .PIECEWISE_BEZIER_KNOTS.);
#7642 = CARTESIAN_POINT('',(-0.298483098139,0.625188454371,
    0.701543420532));
#7643 = CARTESIAN_POINT('',(-0.290061270829,0.625180141478,
    0.701602569843));
#7644 = CARTESIAN_POINT('',(-0.298483098139,0.625287481178,
    0.701557337842));
#7645 = CARTESIAN_POINT('',(-0.290061270829,0.625279168285,
    0.701616487153));
#7646 = ADVANCED_FACE('',(#7647),#7657,.F.);
#7647 = FACE_BOUND('',#7648,.T.);
#7648 = EDGE_LOOP('',(#7649,#7650,#7655,#7656));
#7649 = ORIENTED_EDGE('',*,*,#72,.T.);
#7650 = ORIENTED_EDGE('',*,*,#7651,.F.);
#7651 = EDGE_CURVE('',#7519,#66,#7652,.T.);
#7652 = B_SPLINE_CURVE_WITH_KNOTS('',1,(#7653,#7654),.UNSPECIFIED.,.F.,
  .F.,(2,2),(0.,9.999999999997E-05),.PIECEWISE_BEZIER_KNOTS.);
#7653 = CARTESIAN_POINT('',(-0.266390550797,0.633747384948,
    0.641361994707));
#7654 = CARTESIAN_POINT('',(-0.266390550797,0.633648358141,
    0.641348077397));
#7655 = ORIENTED_EDGE('',*,*,#7518,.F.);
#7656 = ORIENTED_EDGE('',*,*,#7635,.T.);
#7657 = B_SPLINE_SURFACE_WITH_KNOTS('',1,1,(
    (#7658,#7659)
    ,(#7660,#7661
    )),.UNSPECIFIED.,.F.,.F.,.F.,(2,2),(2,2),(-1.298695505554E-05,
    6.473580003175E-02),(-8.578170409333E-03,0.),
  .PIECEWISE_BEZIER_KNOTS.);
#7658 = CARTESIAN_POINT('',(-0.266789783532,0.625180141478,0.64119427832
    ));
#7659 = CARTESIAN_POINT('',(-0.266385882194,0.633747384948,
    0.641349875914));
#7660 = CARTESIAN_POINT('',(-0.290065939433,0.625180141478,
    0.701614688636));
#7661 = CARTESIAN_POINT('',(-0.289662038094,0.633747384948,0.70177028623
    ));
#7662 = ADVANCED_FACE('',(#7663),#7673,.F.);
#7663 = FACE_BOUND('',#7664,.T.);
#7664 = EDGE_LOOP('',(#7665,#7666,#7671,#7672));
#7665 = ORIENTED_EDGE('',*,*,#65,.T.);
#7666 = ORIENTED_EDGE('',*,*,#7667,.F.);
#7667 = EDGE_CURVE('',#7526,#59,#7668,.T.);
#7668 = B_SPLINE_CURVE_WITH_KNOTS('',1,(#7669,#7670),.UNSPECIFIED.,.F.,
  .F.,(2,2),(0.,9.999999999997E-05),.PIECEWISE_BEZIER_KNOTS.);
#7669 = CARTESIAN_POINT('',(-0.275093105684,0.633755974937,
    0.641300873753));
#7670 = CARTESIAN_POINT('',(-0.275093105684,0.633656948131,
    0.641286956443));
#7671 = ORIENTED_EDGE('',*,*,#7525,.F.);
#7672 = ORIENTED_EDGE('',*,*,#7651,.T.);
#7673 = B_SPLINE_SURFACE_WITH_KNOTS('',1,1,(
    (#7674,#7675)
    ,(#7676,#7677
    )),.UNSPECIFIED.,.F.,.F.,.F.,(2,2),(2,2),(-2.721783430912E-17,
    9.999999999998E-05),(-2.287783050975E-19,8.702773759636E-03),
  .PIECEWISE_BEZIER_KNOTS.);
#7674 = CARTESIAN_POINT('',(-0.275093105684,0.633755974937,
    0.641300873753));
#7675 = CARTESIAN_POINT('',(-0.266390550797,0.633747384948,
    0.641361994707));
#7676 = CARTESIAN_POINT('',(-0.275093105684,0.633656948131,
    0.641286956443));
#7677 = CARTESIAN_POINT('',(-0.266390550797,0.633648358141,
    0.641348077397));
#7678 = ADVANCED_FACE('',(#7679),#7689,.F.);
#7679 = FACE_BOUND('',#7680,.T.);
#7680 = EDGE_LOOP('',(#7681,#7682,#7687,#7688));
#7681 = ORIENTED_EDGE('',*,*,#58,.T.);
#7682 = ORIENTED_EDGE('',*,*,#7683,.F.);
#7683 = EDGE_CURVE('',#7533,#52,#7684,.T.);
#7684 = B_SPLINE_CURVE_WITH_KNOTS('',1,(#7685,#7686),.UNSPECIFIED.,.F.,
  .F.,(2,2),(0.,9.999999999997E-05),.PIECEWISE_BEZIER_KNOTS.);
#7685 = CARTESIAN_POINT('',(-0.281075547935,0.631439284934,
    0.657784979661));
#7686 = CARTESIAN_POINT('',(-0.281075547935,0.631340258127,
    0.657771062351));
#7687 = ORIENTED_EDGE('',*,*,#7532,.F.);
#7688 = ORIENTED_EDGE('',*,*,#7667,.T.);
#7689 = B_SPLINE_SURFACE_WITH_KNOTS('',1,1,(
    (#7690,#7691)
    ,(#7692,#7693
    )),.UNSPECIFIED.,.F.,.F.,.F.,(2,2),(2,2),(0.,1.754888785495E-02),(
    -9.913669016436E-05,2.319260676505E-03),.PIECEWISE_BEZIER_KNOTS.);
#7690 = CARTESIAN_POINT('',(-0.281079944174,0.631340258127,
    0.657783415073));
#7691 = CARTESIAN_POINT('',(-0.280972699784,0.633755974937,
    0.657821582533));
#7692 = CARTESIAN_POINT('',(-0.275195953835,0.631340258127,
    0.641250353571));
#7693 = CARTESIAN_POINT('',(-0.275088709444,0.633755974937,
    0.641288521031));
#7694 = ADVANCED_FACE('',(#7695),#7705,.F.);
#7695 = FACE_BOUND('',#7696,.T.);
#7696 = EDGE_LOOP('',(#7697,#7698,#7703,#7704));
#7697 = ORIENTED_EDGE('',*,*,#51,.T.);
#7698 = ORIENTED_EDGE('',*,*,#7699,.F.);
#7699 = EDGE_CURVE('',#7540,#45,#7700,.T.);
#7700 = B_SPLINE_CURVE_WITH_KNOTS('',1,(#7701,#7702),.UNSPECIFIED.,.F.,
  .F.,(2,2),(0.,1.000000000001E-04),.PIECEWISE_BEZIER_KNOTS.);
#7701 = CARTESIAN_POINT('',(-0.306481393652,0.631464362163,
    0.657606545907));
#7702 = CARTESIAN_POINT('',(-0.306481393652,0.631365335356,
    0.657592628597));
#7703 = ORIENTED_EDGE('',*,*,#7539,.F.);
#7704 = ORIENTED_EDGE('',*,*,#7683,.T.);
#7705 = B_SPLINE_SURFACE_WITH_KNOTS('',1,1,(
    (#7706,#7707)
    ,(#7708,#7709
    )),.UNSPECIFIED.,.F.,.F.,.F.,(2,2),(2,2),(-4.726853426911E-17,
    1.000000000001E-04),(-1.191669477668E-19,2.540648468536E-02),
  .PIECEWISE_BEZIER_KNOTS.);
#7706 = CARTESIAN_POINT('',(-0.306481393652,0.631464362163,
    0.657606545907));
#7707 = CARTESIAN_POINT('',(-0.281075547935,0.631439284934,
    0.657784979661));
#7708 = CARTESIAN_POINT('',(-0.306481393652,0.631365335356,
    0.657592628597));
#7709 = CARTESIAN_POINT('',(-0.281075547935,0.631340258127,
    0.657771062351));
#7710 = ADVANCED_FACE('',(#7711),#7721,.F.);
#7711 = FACE_BOUND('',#7712,.T.);
#7712 = EDGE_LOOP('',(#7713,#7714,#7719,#7720));
#7713 = ORIENTED_EDGE('',*,*,#44,.T.);
#7714 = ORIENTED_EDGE('',*,*,#7715,.F.);
#7715 = EDGE_CURVE('',#7547,#38,#7716,.T.);
#7716 = B_SPLINE_CURVE_WITH_KNOTS('',1,(#7717,#7718),.UNSPECIFIED.,.F.,
  .F.,(2,2),(0.,9.999999999997E-05),.PIECEWISE_BEZIER_KNOTS.);
#7717 = CARTESIAN_POINT('',(-0.312585833188,0.633792982708,
    0.641037549784));
#7718 = CARTESIAN_POINT('',(-0.312585833188,0.633693955901,
    0.641023632474));
#7719 = ORIENTED_EDGE('',*,*,#7546,.F.);
#7720 = ORIENTED_EDGE('',*,*,#7699,.T.);
#7721 = B_SPLINE_SURFACE_WITH_KNOTS('',1,1,(
    (#7722,#7723)
    ,(#7724,#7725
    )),.UNSPECIFIED.,.F.,.F.,.F.,(2,2),(2,2),(-1.308923486242E-05,
    1.765739076218E-02),(-2.430413921025E-03,0.),
  .PIECEWISE_BEZIER_KNOTS.);
#7722 = CARTESIAN_POINT('',(-0.312481247004,0.631365335356,
    0.640985846601));
#7723 = CARTESIAN_POINT('',(-0.312590280815,0.633792982708,
    0.641025239355));
#7724 = CARTESIAN_POINT('',(-0.306476946025,0.631365335356,
    0.657604939027));
#7725 = CARTESIAN_POINT('',(-0.306585979836,0.633792982708,
    0.657644331781));
#7726 = ADVANCED_FACE('',(#7727),#7733,.F.);
#7727 = FACE_BOUND('',#7728,.T.);
#7728 = EDGE_LOOP('',(#7729,#7730,#7731,#7732));
#7729 = ORIENTED_EDGE('',*,*,#37,.T.);
#7730 = ORIENTED_EDGE('',*,*,#7621,.F.);
#7731 = ORIENTED_EDGE('',*,*,#7553,.F.);
#7732 = ORIENTED_EDGE('',*,*,#7715,.T.);
#7733 = B_SPLINE_SURFACE_WITH_KNOTS('',1,1,(
    (#7734,#7735)
    ,(#7736,#7737
    )),.UNSPECIFIED.,.F.,.F.,.F.,(2,2),(2,2),(-3.417750794903E-17,
    9.999999999997E-05),(-2.288180097669E-19,8.70277375922E-03),
  .PIECEWISE_BEZIER_KNOTS.);
#7734 = CARTESIAN_POINT('',(-0.321288388074,0.633801572698,0.64097642883
    ));
#7735 = CARTESIAN_POINT('',(-0.312585833188,0.633792982708,
    0.641037549784));
#7736 = CARTESIAN_POINT('',(-0.321288388074,0.633702545891,0.64096251152
    ));
#7737 = CARTESIAN_POINT('',(-0.312585833188,0.633693955901,
    0.641023632474));
#7738 = ADVANCED_FACE('',(#7739),#7761,.T.);
#7739 = FACE_BOUND('',#7740,.T.);
#7740 = EDGE_LOOP('',(#7741,#7750,#7755,#7756));
#7741 = ORIENTED_EDGE('',*,*,#7742,.F.);
#7742 = EDGE_CURVE('',#7743,#7745,#7747,.T.);
#7743 = VERTEX_POINT('',#7744);
#7744 = CARTESIAN_POINT('',(-0.283619794781,0.630383342344,
    0.664579871937));
#7745 = VERTEX_POINT('',#7746);
#7746 = CARTESIAN_POINT('',(-0.304097311924,0.630403554991,
    0.664436051483));
#7747 = B_SPLINE_CURVE_WITH_KNOTS('',1,(#7748,#7749),.UNSPECIFIED.,.F.,
  .F.,(2,2),(0.,2.047803216182E-02),.PIECEWISE_BEZIER_KNOTS.);
#7748 = CARTESIAN_POINT('',(-0.283619794781,0.630383342344,
    0.664579871937));
#7749 = CARTESIAN_POINT('',(-0.304097311924,0.630403554991,
    0.664436051483));
#7750 = ORIENTED_EDGE('',*,*,#7751,.F.);
#7751 = EDGE_CURVE('',#7561,#7743,#7752,.T.);
#7752 = B_SPLINE_CURVE_WITH_KNOTS('',1,(#7753,#7754),.UNSPECIFIED.,.F.,
  .F.,(2,2),(0.,1.000000000001E-04),.PIECEWISE_BEZIER_KNOTS.);
#7753 = CARTESIAN_POINT('',(-0.283619794781,0.630482369151,
    0.664593789247));
#7754 = CARTESIAN_POINT('',(-0.283619794781,0.630383342344,
    0.664579871937));
#7755 = ORIENTED_EDGE('',*,*,#7560,.T.);
#7756 = ORIENTED_EDGE('',*,*,#7757,.T.);
#7757 = EDGE_CURVE('',#7563,#7745,#7758,.T.);
#7758 = B_SPLINE_CURVE_WITH_KNOTS('',1,(#7759,#7760),.UNSPECIFIED.,.F.,
  .F.,(2,2),(0.,9.999999999997E-05),.PIECEWISE_BEZIER_KNOTS.);
#7759 = CARTESIAN_POINT('',(-0.304097311924,0.630502581798,
    0.664449968793));
#7760 = CARTESIAN_POINT('',(-0.304097311924,0.630403554991,
    0.664436051483));
#7761 = B_SPLINE_SURFACE_WITH_KNOTS('',1,1,(
    (#7762,#7763)
    ,(#7764,#7765
    )),.UNSPECIFIED.,.F.,.F.,.F.,(2,2),(2,2),(-7.59319581966E-19,
    1.000000000001E-04),(-2.047803216182E-02,1.890848588816E-20),
  .PIECEWISE_BEZIER_KNOTS.);
#7762 = CARTESIAN_POINT('',(-0.304097311924,0.630502581798,
    0.664449968793));
#7763 = CARTESIAN_POINT('',(-0.283619794781,0.630482369151,
    0.664593789247));
#7764 = CARTESIAN_POINT('',(-0.304097311924,0.630403554991,
    0.664436051483));
#7765 = CARTESIAN_POINT('',(-0.283619794781,0.630383342344,
    0.664579871937));
#7766 = ADVANCED_FACE('',(#7767),#7783,.T.);
#7767 = FACE_BOUND('',#7768,.T.);
#7768 = EDGE_LOOP('',(#7769,#7776,#7777,#7778));
#7769 = ORIENTED_EDGE('',*,*,#7770,.F.);
#7770 = EDGE_CURVE('',#7745,#7771,#7773,.T.);
#7771 = VERTEX_POINT('',#7772);
#7772 = CARTESIAN_POINT('',(-0.295059945301,0.626865158281,
    0.689613052298));
#7773 = B_SPLINE_CURVE_WITH_KNOTS('',1,(#7774,#7775),.UNSPECIFIED.,.F.,
  .F.,(2,2),(-1.859233310095E-17,2.698287636246E-02),
  .PIECEWISE_BEZIER_KNOTS.);
#7774 = CARTESIAN_POINT('',(-0.304097311924,0.630403554991,
    0.664436051483));
#7775 = CARTESIAN_POINT('',(-0.295059945301,0.626865158281,
    0.689613052298));
#7776 = ORIENTED_EDGE('',*,*,#7757,.F.);
#7777 = ORIENTED_EDGE('',*,*,#7601,.T.);
#7778 = ORIENTED_EDGE('',*,*,#7779,.T.);
#7779 = EDGE_CURVE('',#7593,#7771,#7780,.T.);
#7780 = B_SPLINE_CURVE_WITH_KNOTS('',1,(#7781,#7782),.UNSPECIFIED.,.F.,
  .F.,(2,2),(0.,9.999999999986E-05),.PIECEWISE_BEZIER_KNOTS.);
#7781 = CARTESIAN_POINT('',(-0.295059945301,0.626964185088,
    0.689626969608));
#7782 = CARTESIAN_POINT('',(-0.295059945301,0.626865158281,
    0.689613052298));
#7783 = B_SPLINE_SURFACE_WITH_KNOTS('',1,1,(
    (#7784,#7785)
    ,(#7786,#7787
    )),.UNSPECIFIED.,.F.,.F.,.F.,(2,2),(2,2),(-2.674935704632E-02,
    1.312775938313E-05),(-3.641381648277E-03,0.),
  .PIECEWISE_BEZIER_KNOTS.);
#7784 = CARTESIAN_POINT('',(-0.295055586477,0.626865158281,
    0.689625435299));
#7785 = CARTESIAN_POINT('',(-0.29521569353,0.630502581798,0.689681793085
    ));
#7786 = CARTESIAN_POINT('',(-0.303941563695,0.626865158281,
    0.664381228006));
#7787 = CARTESIAN_POINT('',(-0.304101670749,0.630502581798,
    0.664437585792));
#7788 = ADVANCED_FACE('',(#7789),#7807,.T.);
#7789 = FACE_BOUND('',#7790,.T.);
#7790 = EDGE_LOOP('',(#7791,#7800,#7801,#7802));
#7791 = ORIENTED_EDGE('',*,*,#7792,.F.);
#7792 = EDGE_CURVE('',#7771,#7793,#7795,.T.);
#7793 = VERTEX_POINT('',#7794);
#7794 = CARTESIAN_POINT('',(-0.294138898486,0.626269491159,
    0.693851444102));
#7795 = B_SPLINE_CURVE_WITH_KNOTS('',3,(#7796,#7797,#7798,#7799),
  .UNSPECIFIED.,.F.,.F.,(4,4),(1.,2.),.PIECEWISE_BEZIER_KNOTS.);
#7796 = CARTESIAN_POINT('',(-0.295059945301,0.626865158281,
    0.689613052298));
#7797 = CARTESIAN_POINT('',(-0.294769594808,0.626747656608,
    0.690449120144));
#7798 = CARTESIAN_POINT('',(-0.294467630379,0.626552000086,
    0.691841288637));
#7799 = CARTESIAN_POINT('',(-0.294138898486,0.626269491159,
    0.693851444102));
#7800 = ORIENTED_EDGE('',*,*,#7779,.F.);
#7801 = ORIENTED_EDGE('',*,*,#7592,.T.);
#7802 = ORIENTED_EDGE('',*,*,#7803,.T.);
#7803 = EDGE_CURVE('',#7586,#7793,#7804,.T.);
#7804 = B_SPLINE_CURVE_WITH_KNOTS('',1,(#7805,#7806),.UNSPECIFIED.,.F.,
  .F.,(2,2),(0.,9.999999999996E-05),.PIECEWISE_BEZIER_KNOTS.);
#7805 = CARTESIAN_POINT('',(-0.294138898486,0.626368517966,
    0.693865361412));
#7806 = CARTESIAN_POINT('',(-0.294138898486,0.626269491159,
    0.693851444102));
#7807 = B_SPLINE_SURFACE_WITH_KNOTS('',3,1,(
    (#7808,#7809)
    ,(#7810,#7811)
    ,(#7812,#7813)
    ,(#7814,#7815
    )),.UNSPECIFIED.,.F.,.F.,.F.,(4,4),(2,2),(1.,2.),(0.,1.),
  .PIECEWISE_BEZIER_KNOTS.);
#7808 = CARTESIAN_POINT('',(-0.295059945301,0.626964185088,
    0.689626969608));
#7809 = CARTESIAN_POINT('',(-0.295059945301,0.626865158281,
    0.689613052298));
#7810 = CARTESIAN_POINT('',(-0.294769594808,0.626846683415,
    0.690463037454));
#7811 = CARTESIAN_POINT('',(-0.294769594808,0.626747656608,
    0.690449120144));
#7812 = CARTESIAN_POINT('',(-0.294467630379,0.626651026893,
    0.691855205947));
#7813 = CARTESIAN_POINT('',(-0.294467630379,0.626552000086,
    0.691841288637));
#7814 = CARTESIAN_POINT('',(-0.294138898486,0.626368517966,
    0.693865361412));
#7815 = CARTESIAN_POINT('',(-0.294138898486,0.626269491159,
    0.693851444102));
#7816 = ADVANCED_FACE('',(#7817),#7833,.T.);
#7817 = FACE_BOUND('',#7818,.T.);
#7818 = EDGE_LOOP('',(#7819,#7826,#7827,#7828));
#7819 = ORIENTED_EDGE('',*,*,#7820,.F.);
#7820 = EDGE_CURVE('',#7793,#7821,#7823,.T.);
#7821 = VERTEX_POINT('',#7822);
#7822 = CARTESIAN_POINT('',(-0.293951746768,0.626269306428,
    0.693852758531));
#7823 = B_SPLINE_CURVE_WITH_KNOTS('',1,(#7824,#7825),.UNSPECIFIED.,.F.,
  .F.,(2,2),(-5.48396114799E-17,1.8715642514E-04),
  .PIECEWISE_BEZIER_KNOTS.);
#7824 = CARTESIAN_POINT('',(-0.294138898486,0.626269491159,
    0.693851444102));
#7825 = CARTESIAN_POINT('',(-0.293951746768,0.626269306428,
    0.693852758531));
#7826 = ORIENTED_EDGE('',*,*,#7803,.F.);
#7827 = ORIENTED_EDGE('',*,*,#7585,.T.);
#7828 = ORIENTED_EDGE('',*,*,#7829,.T.);
#7829 = EDGE_CURVE('',#7577,#7821,#7830,.T.);
#7830 = B_SPLINE_CURVE_WITH_KNOTS('',1,(#7831,#7832),.UNSPECIFIED.,.F.,
  .F.,(2,2),(0.,1.000000000001E-04),.PIECEWISE_BEZIER_KNOTS.);
#7831 = CARTESIAN_POINT('',(-0.293951746768,0.626368333235,
    0.693866675841));
#7832 = CARTESIAN_POINT('',(-0.293951746768,0.626269306428,
    0.693852758531));
#7833 = B_SPLINE_SURFACE_WITH_KNOTS('',1,1,(
    (#7834,#7835)
    ,(#7836,#7837
    )),.UNSPECIFIED.,.F.,.F.,.F.,(2,2),(2,2),(-1.E-04,1.099418410468E-16
    ),(-5.561933864236E-17,1.8715642514E-04),.PIECEWISE_BEZIER_KNOTS.);
#7834 = CARTESIAN_POINT('',(-0.294138898486,0.626269491159,
    0.693851444102));
#7835 = CARTESIAN_POINT('',(-0.293951746768,0.626269306428,
    0.693852758531));
#7836 = CARTESIAN_POINT('',(-0.294138898486,0.626368517966,
    0.693865361412));
#7837 = CARTESIAN_POINT('',(-0.293951746768,0.626368333235,
    0.693866675841));
#7838 = ADVANCED_FACE('',(#7839),#7857,.T.);
#7839 = FACE_BOUND('',#7840,.T.);
#7840 = EDGE_LOOP('',(#7841,#7850,#7851,#7852));
#7841 = ORIENTED_EDGE('',*,*,#7842,.F.);
#7842 = EDGE_CURVE('',#7821,#7843,#7845,.T.);
#7843 = VERTEX_POINT('',#7844);
#7844 = CARTESIAN_POINT('',(-0.292923296521,0.626863049269,
    0.689628058697));
#7845 = B_SPLINE_CURVE_WITH_KNOTS('',3,(#7846,#7847,#7848,#7849),
  .UNSPECIFIED.,.F.,.F.,(4,4),(3.,4.),.PIECEWISE_BEZIER_KNOTS.);
#7846 = CARTESIAN_POINT('',(-0.293951746768,0.626269306428,
    0.693852758531));
#7847 = CARTESIAN_POINT('',(-0.293642370971,0.626525137706,
    0.692032424402));
#7848 = CARTESIAN_POINT('',(-0.29330467914,0.626724504145,0.690613858481
    ));
#7849 = CARTESIAN_POINT('',(-0.292923296521,0.626863049269,
    0.689628058697));
#7850 = ORIENTED_EDGE('',*,*,#7829,.F.);
#7851 = ORIENTED_EDGE('',*,*,#7576,.T.);
#7852 = ORIENTED_EDGE('',*,*,#7853,.T.);
#7853 = EDGE_CURVE('',#7570,#7843,#7854,.T.);
#7854 = B_SPLINE_CURVE_WITH_KNOTS('',1,(#7855,#7856),.UNSPECIFIED.,.F.,
  .F.,(2,2),(0.,9.999999999997E-05),.PIECEWISE_BEZIER_KNOTS.);
#7855 = CARTESIAN_POINT('',(-0.292923296521,0.626962076076,
    0.689641976007));
#7856 = CARTESIAN_POINT('',(-0.292923296521,0.626863049269,
    0.689628058697));
#7857 = B_SPLINE_SURFACE_WITH_KNOTS('',3,1,(
    (#7858,#7859)
    ,(#7860,#7861)
    ,(#7862,#7863)
    ,(#7864,#7865
    )),.UNSPECIFIED.,.F.,.F.,.F.,(4,4),(2,2),(3.,4.),(0.,1.),
  .PIECEWISE_BEZIER_KNOTS.);
#7858 = CARTESIAN_POINT('',(-0.293951746768,0.626368333235,
    0.693866675841));
#7859 = CARTESIAN_POINT('',(-0.293951746768,0.626269306428,
    0.693852758531));
#7860 = CARTESIAN_POINT('',(-0.293642370971,0.626624164513,
    0.692046341712));
#7861 = CARTESIAN_POINT('',(-0.293642370971,0.626525137706,
    0.692032424402));
#7862 = CARTESIAN_POINT('',(-0.29330467914,0.626823530952,0.690627775791
    ));
#7863 = CARTESIAN_POINT('',(-0.29330467914,0.626724504145,0.690613858481
    ));
#7864 = CARTESIAN_POINT('',(-0.292923296521,0.626962076076,
    0.689641976007));
#7865 = CARTESIAN_POINT('',(-0.292923296521,0.626863049269,
    0.689628058697));
#7866 = ADVANCED_FACE('',(#7867),#7877,.T.);
#7867 = FACE_BOUND('',#7868,.T.);
#7868 = EDGE_LOOP('',(#7869,#7874,#7875,#7876));
#7869 = ORIENTED_EDGE('',*,*,#7870,.F.);
#7870 = EDGE_CURVE('',#7843,#7743,#7871,.T.);
#7871 = B_SPLINE_CURVE_WITH_KNOTS('',1,(#7872,#7873),.UNSPECIFIED.,.F.,
  .F.,(2,2),(-1.450151279116E-17,2.695105318789E-02),
  .PIECEWISE_BEZIER_KNOTS.);
#7872 = CARTESIAN_POINT('',(-0.292923296521,0.626863049269,
    0.689628058697));
#7873 = CARTESIAN_POINT('',(-0.283619794781,0.630383342344,
    0.664579871937));
#7874 = ORIENTED_EDGE('',*,*,#7853,.F.);
#7875 = ORIENTED_EDGE('',*,*,#7569,.T.);
#7876 = ORIENTED_EDGE('',*,*,#7751,.T.);
#7877 = B_SPLINE_SURFACE_WITH_KNOTS('',1,1,(
    (#7878,#7879)
    ,(#7880,#7881
    )),.UNSPECIFIED.,.F.,.F.,.F.,(2,2),(2,2),(-2.673269769898E-02,
    1.437698631173E-17),(-9.914128628361E-05,3.524362691034E-03),
  .PIECEWISE_BEZIER_KNOTS.);
#7878 = CARTESIAN_POINT('',(-0.283778889642,0.626863049269,
    0.664521924817));
#7879 = CARTESIAN_POINT('',(-0.283615319399,0.630482369151,
    0.664581502005));
#7880 = CARTESIAN_POINT('',(-0.292927771903,0.626863049269,
    0.689640345939));
#7881 = CARTESIAN_POINT('',(-0.29276420166,0.630482369151,0.689699923127
    ));
#7882 = ADVANCED_FACE('',(#7883),#7891,.T.);
#7883 = FACE_BOUND('',#7884,.T.);
#7884 = EDGE_LOOP('',(#7885,#7886,#7887,#7888,#7889,#7890));
#7885 = ORIENTED_EDGE('',*,*,#7742,.T.);
#7886 = ORIENTED_EDGE('',*,*,#7770,.T.);
#7887 = ORIENTED_EDGE('',*,*,#7792,.T.);
#7888 = ORIENTED_EDGE('',*,*,#7820,.T.);
#7889 = ORIENTED_EDGE('',*,*,#7842,.T.);
#7890 = ORIENTED_EDGE('',*,*,#7870,.T.);
#7891 = B_SPLINE_SURFACE_WITH_KNOTS('',1,1,(
    (#7892,#7893)
    ,(#7894,#7895
    )),.UNSPECIFIED.,.F.,.F.,.F.,(2,2),(2,2),(-0.304097311924,
    -0.283619794781),(0.258664648043,0.288370449912),
  .PIECEWISE_BEZIER_KNOTS.);
#7892 = CARTESIAN_POINT('',(-0.304097311924,0.626269306428,
    0.693852758531));
#7893 = CARTESIAN_POINT('',(-0.304097311924,0.630403554991,
    0.664436051483));
#7894 = CARTESIAN_POINT('',(-0.283619794781,0.626269306428,
    0.693852758531));
#7895 = CARTESIAN_POINT('',(-0.283619794781,0.630403554991,
    0.664436051483));
#7896 = ADVANCED_FACE('',(#7897,#8186),#8211,.F.);
#7897 = FACE_BOUND('',#7898,.T.);
#7898 = EDGE_LOOP('',(#7899,#7910,#7919,#7928,#7937,#7946,#7955,#7964,
    #7973,#7982,#7991,#8000,#8009,#8018,#8025,#8032,#8039,#8048,#8057,
    #8066,#8075,#8084,#8093,#8102,#8111,#8120,#8129,#8136,#8145,#8154,
    #8163,#8170,#8179));
#7899 = ORIENTED_EDGE('',*,*,#7900,.T.);
#7900 = EDGE_CURVE('',#7901,#7903,#7905,.T.);
#7901 = VERTEX_POINT('',#7902);
#7902 = CARTESIAN_POINT('',(4.951111658247E-02,0.625012621212,
    0.703513068124));
#7903 = VERTEX_POINT('',#7904);
#7904 = CARTESIAN_POINT('',(9.20528163201E-02,0.617061601962,
    0.760087509755));
#7905 = B_SPLINE_CURVE_WITH_KNOTS('',3,(#7906,#7907,#7908,#7909),
  .UNSPECIFIED.,.F.,.F.,(4,4),(35.,36.),.PIECEWISE_BEZIER_KNOTS.);
#7906 = CARTESIAN_POINT('',(4.951111658247E-02,0.625012621212,
    0.703513068124));
#7907 = CARTESIAN_POINT('',(4.976030173772E-02,0.621389921116,
    0.729289918697));
#7908 = CARTESIAN_POINT('',(6.738244885723E-02,0.618172689696,
    0.752181709733));
#7909 = CARTESIAN_POINT('',(9.20528163201E-02,0.617061601962,
    0.760087509755));
#7910 = ORIENTED_EDGE('',*,*,#7911,.T.);
#7911 = EDGE_CURVE('',#7903,#7912,#7914,.T.);
#7912 = VERTEX_POINT('',#7913);
#7913 = CARTESIAN_POINT('',(0.115234177746,0.612269152746,0.794187557807
    ));
#7914 = B_SPLINE_CURVE_WITH_KNOTS('',3,(#7915,#7916,#7917,#7918),
  .UNSPECIFIED.,.F.,.F.,(4,4),(0.,1.),.PIECEWISE_BEZIER_KNOTS.);
#7915 = CARTESIAN_POINT('',(9.20528163201E-02,0.617061601962,
    0.760087509755));
#7916 = CARTESIAN_POINT('',(9.673215056288E-02,0.615245754936,
    0.773007932709));
#7917 = CARTESIAN_POINT('',(0.104891009659,0.613607596327,0.78466403687)
  );
#7918 = CARTESIAN_POINT('',(0.115234177746,0.612269152746,0.794187557807
    ));
#7919 = ORIENTED_EDGE('',*,*,#7920,.T.);
#7920 = EDGE_CURVE('',#7912,#7921,#7923,.T.);
#7921 = VERTEX_POINT('',#7922);
#7922 = CARTESIAN_POINT('',(0.174068982825,0.609071616533,0.816939210159
    ));
#7923 = B_SPLINE_CURVE_WITH_KNOTS('',3,(#7924,#7925,#7926,#7927),
  .UNSPECIFIED.,.F.,.F.,(4,4),(1.,2.),.PIECEWISE_BEZIER_KNOTS.);
#7924 = CARTESIAN_POINT('',(0.115234177746,0.612269152746,0.794187557807
    ));
#7925 = CARTESIAN_POINT('',(0.131616487124,0.610260631109,0.808478931846
    ));
#7926 = CARTESIAN_POINT('',(0.152379720762,0.609093025251,0.816786879216
    ));
#7927 = CARTESIAN_POINT('',(0.174068982825,0.609071616533,0.816939210159
    ));
#7928 = ORIENTED_EDGE('',*,*,#7929,.T.);
#7929 = EDGE_CURVE('',#7921,#7930,#7932,.T.);
#7930 = VERTEX_POINT('',#7931);
#7931 = CARTESIAN_POINT('',(0.226243197612,0.611374713918,0.800551820762
    ));
#7932 = B_SPLINE_CURVE_WITH_KNOTS('',3,(#7933,#7934,#7935,#7936),
  .UNSPECIFIED.,.F.,.F.,(4,4),(2.,3.),.PIECEWISE_BEZIER_KNOTS.);
#7933 = CARTESIAN_POINT('',(0.174068982825,0.609071616533,0.816939210159
    ));
#7934 = CARTESIAN_POINT('',(0.193155531787,0.609052776863,0.817073261378
    ));
#7935 = CARTESIAN_POINT('',(0.21098380017,0.609880419019,0.811184281442)
  );
#7936 = CARTESIAN_POINT('',(0.226243197612,0.611374713918,0.800551820762
    ));
#7937 = ORIENTED_EDGE('',*,*,#7938,.T.);
#7938 = EDGE_CURVE('',#7930,#7939,#7941,.T.);
#7939 = VERTEX_POINT('',#7940);
#7940 = CARTESIAN_POINT('',(0.245465115205,0.614012208741,0.781785069954
    ));
#7941 = B_SPLINE_CURVE_WITH_KNOTS('',3,(#7942,#7943,#7944,#7945),
  .UNSPECIFIED.,.F.,.F.,(4,4),(3.,4.),.PIECEWISE_BEZIER_KNOTS.);
#7942 = CARTESIAN_POINT('',(0.226243197612,0.611374713918,0.800551820762
    ));
#7943 = CARTESIAN_POINT('',(0.233654468749,0.612091889969,0.795448848));
#7944 = CARTESIAN_POINT('',(0.239773608868,0.612991464087,0.789048045556
    ));
#7945 = CARTESIAN_POINT('',(0.245465115205,0.614012208741,0.781785069954
    ));
#7946 = ORIENTED_EDGE('',*,*,#7947,.T.);
#7947 = EDGE_CURVE('',#7939,#7948,#7950,.T.);
#7948 = VERTEX_POINT('',#7949);
#7949 = CARTESIAN_POINT('',(0.255436019331,0.613881618375,0.782714268691
    ));
#7950 = B_SPLINE_CURVE_WITH_KNOTS('',3,(#7951,#7952,#7953,#7954),
  .UNSPECIFIED.,.F.,.F.,(4,4),(4.,5.),.PIECEWISE_BEZIER_KNOTS.);
#7951 = CARTESIAN_POINT('',(0.245465115205,0.614012208741,0.781785069954
    ));
#7952 = CARTESIAN_POINT('',(0.248932317254,0.613948411882,0.782239008193
    ));
#7953 = CARTESIAN_POINT('',(0.25196574071,0.613885043766,0.782689895764)
  );
#7954 = CARTESIAN_POINT('',(0.255436019331,0.613881618375,0.782714268691
    ));
#7955 = ORIENTED_EDGE('',*,*,#7956,.T.);
#7956 = EDGE_CURVE('',#7948,#7957,#7959,.T.);
#7957 = VERTEX_POINT('',#7958);
#7958 = CARTESIAN_POINT('',(0.305468996952,0.616730197823,0.762445572732
    ));
#7959 = B_SPLINE_CURVE_WITH_KNOTS('',3,(#7960,#7961,#7962,#7963),
  .UNSPECIFIED.,.F.,.F.,(4,4),(5.,6.),.PIECEWISE_BEZIER_KNOTS.);
#7960 = CARTESIAN_POINT('',(0.255436019331,0.613881618375,0.782714268691
    ));
#7961 = CARTESIAN_POINT('',(0.274088785534,0.613863206876,0.782845273309
    ));
#7962 = CARTESIAN_POINT('',(0.291926279454,0.614871962647,0.775667603042
    ));
#7963 = CARTESIAN_POINT('',(0.305468996952,0.616730197823,0.762445572732
    ));
#7964 = ORIENTED_EDGE('',*,*,#7965,.T.);
#7965 = EDGE_CURVE('',#7957,#7966,#7968,.T.);
#7966 = VERTEX_POINT('',#7967);
#7967 = CARTESIAN_POINT('',(0.326207642645,0.623592393849,0.713618510899
    ));
#7968 = B_SPLINE_CURVE_WITH_KNOTS('',3,(#7969,#7970,#7971,#7972),
  .UNSPECIFIED.,.F.,.F.,(4,4),(6.,7.),.PIECEWISE_BEZIER_KNOTS.);
#7969 = CARTESIAN_POINT('',(0.305468996952,0.616730197823,0.762445572732
    ));
#7970 = CARTESIAN_POINT('',(0.31857486233,0.618528489121,0.749650065281)
  );
#7971 = CARTESIAN_POINT('',(0.326075350599,0.620996431111,0.732089745566
    ));
#7972 = CARTESIAN_POINT('',(0.326207642645,0.623592393849,0.713618510899
    ));
#7973 = ORIENTED_EDGE('',*,*,#7974,.T.);
#7974 = EDGE_CURVE('',#7966,#7975,#7977,.T.);
#7975 = VERTEX_POINT('',#7976);
#7976 = CARTESIAN_POINT('',(0.308324008279,0.630190840642,0.666668122373
    ));
#7977 = B_SPLINE_CURVE_WITH_KNOTS('',3,(#7978,#7979,#7980,#7981),
  .UNSPECIFIED.,.F.,.F.,(4,4),(7.,8.),.PIECEWISE_BEZIER_KNOTS.);
#7978 = CARTESIAN_POINT('',(0.326207642645,0.623592393849,0.713618510899
    ));
#7979 = CARTESIAN_POINT('',(0.326330705034,0.626007243336,0.696435963974
    ));
#7980 = CARTESIAN_POINT('',(0.319943912292,0.628368145123,0.679637274884
    ));
#7981 = CARTESIAN_POINT('',(0.308324008279,0.630190840642,0.666668122373
    ));
#7982 = ORIENTED_EDGE('',*,*,#7983,.T.);
#7983 = EDGE_CURVE('',#7975,#7984,#7986,.T.);
#7984 = VERTEX_POINT('',#7985);
#7985 = CARTESIAN_POINT('',(0.273768863821,0.633122913515,0.64580533983)
  );
#7986 = B_SPLINE_CURVE_WITH_KNOTS('',3,(#7987,#7988,#7989,#7990),
  .UNSPECIFIED.,.F.,.F.,(4,4),(8.,9.),.PIECEWISE_BEZIER_KNOTS.);
#7987 = CARTESIAN_POINT('',(0.308324008279,0.630190840642,0.666668122373
    ));
#7988 = CARTESIAN_POINT('',(0.29885457128,0.631649171091,0.656291562054)
  );
#7989 = CARTESIAN_POINT('',(0.287191591364,0.632626670676,0.649336291106
    ));
#7990 = CARTESIAN_POINT('',(0.273768863821,0.633122913515,0.64580533983)
  );
#7991 = ORIENTED_EDGE('',*,*,#7992,.T.);
#7992 = EDGE_CURVE('',#7984,#7993,#7995,.T.);
#7993 = VERTEX_POINT('',#7994);
#7994 = CARTESIAN_POINT('',(0.232768467802,0.637268833751,0.616305584513
    ));
#7995 = B_SPLINE_CURVE_WITH_KNOTS('',3,(#7996,#7997,#7998,#7999),
  .UNSPECIFIED.,.F.,.F.,(4,4),(9.,10.),.PIECEWISE_BEZIER_KNOTS.);
#7996 = CARTESIAN_POINT('',(0.273768863821,0.633122913515,0.64580533983)
  );
#7997 = CARTESIAN_POINT('',(0.268252717247,0.63554332927,0.628583186854)
  );
#7998 = CARTESIAN_POINT('',(0.251855025037,0.637249994073,0.616439635789
    ));
#7999 = CARTESIAN_POINT('',(0.232768467802,0.637268833751,0.616305584513
    ));
#8000 = ORIENTED_EDGE('',*,*,#8001,.T.);
#8001 = EDGE_CURVE('',#7993,#8002,#8004,.T.);
#8002 = VERTEX_POINT('',#8003);
#8003 = CARTESIAN_POINT('',(0.1890822877,0.631274527469,0.658957289938)
  );
#8004 = B_SPLINE_CURVE_WITH_KNOTS('',3,(#8005,#8006,#8007,#8008),
  .UNSPECIFIED.,.F.,.F.,(4,4),(10.,11.),.PIECEWISE_BEZIER_KNOTS.);
#8005 = CARTESIAN_POINT('',(0.232768467802,0.637268833751,0.616305584513
    ));
#8006 = CARTESIAN_POINT('',(0.208910279532,0.637292383341,0.616138020475
    ));
#8007 = CARTESIAN_POINT('',(0.189251498485,0.634594945514,0.635331287916
    ));
#8008 = CARTESIAN_POINT('',(0.1890822877,0.631274527469,0.658957289938)
  );
#8009 = ORIENTED_EDGE('',*,*,#8010,.T.);
#8010 = EDGE_CURVE('',#8002,#8011,#8013,.T.);
#8011 = VERTEX_POINT('',#8012);
#8012 = CARTESIAN_POINT('',(0.189051522102,0.630670815097,0.66325292667)
  );
#8013 = B_SPLINE_CURVE_WITH_KNOTS('',3,(#8014,#8015,#8016,#8017),
  .UNSPECIFIED.,.F.,.F.,(4,4),(11.,12.),.PIECEWISE_BEZIER_KNOTS.);
#8014 = CARTESIAN_POINT('',(0.1890822877,0.631274527469,0.658957289938)
  );
#8015 = CARTESIAN_POINT('',(0.189073058044,0.631093414218,0.66024597768)
  );
#8016 = CARTESIAN_POINT('',(0.189063828388,0.630912300967,0.661534665423
    ));
#8017 = CARTESIAN_POINT('',(0.189051522102,0.630670815097,0.66325292667)
  );
#8018 = ORIENTED_EDGE('',*,*,#8019,.T.);
#8019 = EDGE_CURVE('',#8011,#8020,#8022,.T.);
#8020 = VERTEX_POINT('',#8021);
#8021 = CARTESIAN_POINT('',(0.128093922914,0.626263288186,0.6946141102)
  );
#8022 = B_SPLINE_CURVE_WITH_KNOTS('',1,(#8023,#8024),.UNSPECIFIED.,.F.,
  .F.,(2,2),(0.,6.869336958323E-02),.PIECEWISE_BEZIER_KNOTS.);
#8023 = CARTESIAN_POINT('',(0.189051522102,0.630670815097,0.66325292667)
  );
#8024 = CARTESIAN_POINT('',(0.128093922914,0.626263288186,0.6946141102)
  );
#8025 = ORIENTED_EDGE('',*,*,#8026,.T.);
#8026 = EDGE_CURVE('',#8020,#8027,#8029,.T.);
#8027 = VERTEX_POINT('',#8028);
#8028 = CARTESIAN_POINT('',(0.141378201073,0.623050338526,0.717475434931
    ));
#8029 = B_SPLINE_CURVE_WITH_KNOTS('',1,(#8030,#8031),.UNSPECIFIED.,.F.,
  .F.,(2,2),(0.,2.663522592649E-02),.PIECEWISE_BEZIER_KNOTS.);
#8030 = CARTESIAN_POINT('',(0.128093922914,0.626263288186,0.6946141102)
  );
#8031 = CARTESIAN_POINT('',(0.141378201073,0.623050338526,0.717475434931
    ));
#8032 = ORIENTED_EDGE('',*,*,#8033,.T.);
#8033 = EDGE_CURVE('',#8027,#8034,#8036,.T.);
#8034 = VERTEX_POINT('',#8035);
#8035 = CARTESIAN_POINT('',(0.199720780932,0.627218949766,0.687814224729
    ));
#8036 = B_SPLINE_CURVE_WITH_KNOTS('',1,(#8037,#8038),.UNSPECIFIED.,.F.,
  .F.,(2,2),(0.,6.558217238577E-02),.PIECEWISE_BEZIER_KNOTS.);
#8037 = CARTESIAN_POINT('',(0.141378201073,0.623050338526,0.717475434931
    ));
#8038 = CARTESIAN_POINT('',(0.199720780932,0.627218949766,0.687814224729
    ));
#8039 = ORIENTED_EDGE('',*,*,#8040,.T.);
#8040 = EDGE_CURVE('',#8034,#8041,#8043,.T.);
#8041 = VERTEX_POINT('',#8042);
#8042 = CARTESIAN_POINT('',(0.232150071008,0.625134214856,0.702647884392
    ));
#8043 = B_SPLINE_CURVE_WITH_KNOTS('',3,(#8044,#8045,#8046,#8047),
  .UNSPECIFIED.,.F.,.F.,(4,4),(15.,16.),.PIECEWISE_BEZIER_KNOTS.);
#8044 = CARTESIAN_POINT('',(0.199720780932,0.627218949766,0.687814224729
    ));
#8045 = CARTESIAN_POINT('',(0.207464304199,0.62594344642,0.69688990262)
  );
#8046 = CARTESIAN_POINT('',(0.21913651377,0.625147060086,0.702556485826)
  );
#8047 = CARTESIAN_POINT('',(0.232150071008,0.625134214856,0.702647884392
    ));
#8048 = ORIENTED_EDGE('',*,*,#8049,.T.);
#8049 = EDGE_CURVE('',#8041,#8050,#8052,.T.);
#8050 = VERTEX_POINT('',#8051);
#8051 = CARTESIAN_POINT('',(0.273128934988,0.629078468352,0.67458306249)
  );
#8052 = B_SPLINE_CURVE_WITH_KNOTS('',3,(#8053,#8054,#8055,#8056),
  .UNSPECIFIED.,.F.,.F.,(4,4),(16.,17.),.PIECEWISE_BEZIER_KNOTS.);
#8053 = CARTESIAN_POINT('',(0.232150071008,0.625134214856,0.702647884392
    ));
#8054 = CARTESIAN_POINT('',(0.250802841348,0.625115803353,0.702778889039
    ));
#8055 = CARTESIAN_POINT('',(0.26693903396,0.626790355087,0.690863834332)
  );
#8056 = CARTESIAN_POINT('',(0.273128934988,0.629078468352,0.67458306249)
  );
#8057 = ORIENTED_EDGE('',*,*,#8058,.T.);
#8058 = EDGE_CURVE('',#8050,#8059,#8061,.T.);
#8059 = VERTEX_POINT('',#8060);
#8060 = CARTESIAN_POINT('',(0.298873005946,0.623498623609,0.714285720827
    ));
#8061 = B_SPLINE_CURVE_WITH_KNOTS('',3,(#8062,#8063,#8064,#8065),
  .UNSPECIFIED.,.F.,.F.,(4,4),(17.,18.),.PIECEWISE_BEZIER_KNOTS.);
#8062 = CARTESIAN_POINT('',(0.273128934988,0.629078468352,0.67458306249)
  );
#8063 = CARTESIAN_POINT('',(0.288262193466,0.628097542224,0.681562714559
    ));
#8064 = CARTESIAN_POINT('',(0.298999144907,0.625973844564,0.69667360859)
  );
#8065 = CARTESIAN_POINT('',(0.298873005946,0.623498623609,0.714285720827
    ));
#8066 = ORIENTED_EDGE('',*,*,#8067,.T.);
#8067 = EDGE_CURVE('',#8059,#8068,#8070,.T.);
#8068 = VERTEX_POINT('',#8069);
#8069 = CARTESIAN_POINT('',(0.255186825844,0.617504317327,0.756937426253
    ));
#8070 = B_SPLINE_CURVE_WITH_KNOTS('',3,(#8071,#8072,#8073,#8074),
  .UNSPECIFIED.,.F.,.F.,(4,4),(18.,19.),.PIECEWISE_BEZIER_KNOTS.);
#8071 = CARTESIAN_POINT('',(0.298873005946,0.623498623609,0.714285720827
    ));
#8072 = CARTESIAN_POINT('',(0.29870379516,0.620178205564,0.73791172285)
  );
#8073 = CARTESIAN_POINT('',(0.279045014114,0.617480767737,0.757104990291
    ));
#8074 = CARTESIAN_POINT('',(0.255186825844,0.617504317327,0.756937426253
    ));
#8075 = ORIENTED_EDGE('',*,*,#8076,.T.);
#8076 = EDGE_CURVE('',#8068,#8077,#8079,.T.);
#8077 = VERTEX_POINT('',#8078);
#8078 = CARTESIAN_POINT('',(0.232242359761,0.618432579123,0.750332500379
    ));
#8079 = B_SPLINE_CURVE_WITH_KNOTS('',3,(#8080,#8081,#8082,#8083),
  .UNSPECIFIED.,.F.,.F.,(4,4),(19.,20.),.PIECEWISE_BEZIER_KNOTS.);
#8080 = CARTESIAN_POINT('',(0.255186825844,0.617504317327,0.756937426253
    ));
#8081 = CARTESIAN_POINT('',(0.246944907914,0.617512452638,0.756879540506
    ));
#8082 = CARTESIAN_POINT('',(0.238721449354,0.617882815603,0.754244271082
    ));
#8083 = CARTESIAN_POINT('',(0.232242359761,0.618432579123,0.750332500379
    ));
#8084 = ORIENTED_EDGE('',*,*,#8085,.T.);
#8085 = EDGE_CURVE('',#8077,#8086,#8088,.T.);
#8086 = VERTEX_POINT('',#8087);
#8087 = CARTESIAN_POINT('',(0.173819797788,0.612694318932,0.791162343199
    ));
#8088 = B_SPLINE_CURVE_WITH_KNOTS('',3,(#8089,#8090,#8091,#8092),
  .UNSPECIFIED.,.F.,.F.,(4,4),(20.,21.),.PIECEWISE_BEZIER_KNOTS.);
#8089 = CARTESIAN_POINT('',(0.232242359761,0.618432579123,0.750332500379
    ));
#8090 = CARTESIAN_POINT('',(0.223828162924,0.615059928368,0.774330157444
    ));
#8091 = CARTESIAN_POINT('',(0.201148264679,0.61266734395,0.791354280165)
  );
#8092 = CARTESIAN_POINT('',(0.173819797788,0.612694318932,0.791162343199
    ));
#8093 = ORIENTED_EDGE('',*,*,#8094,.T.);
#8094 = EDGE_CURVE('',#8086,#8095,#8097,.T.);
#8095 = VERTEX_POINT('',#8096);
#8096 = CARTESIAN_POINT('',(0.113474433976,0.62030066799,0.737040357416)
  );
#8097 = B_SPLINE_CURVE_WITH_KNOTS('',3,(#8098,#8099,#8100,#8101),
  .UNSPECIFIED.,.F.,.F.,(4,4),(21.,22.),.PIECEWISE_BEZIER_KNOTS.);
#8098 = CARTESIAN_POINT('',(0.173819797788,0.612694318932,0.791162343199
    ));
#8099 = CARTESIAN_POINT('',(0.142587257106,0.612725147489,0.790942986617
    ));
#8100 = CARTESIAN_POINT('',(0.116729353415,0.616071255995,0.767134187462
    ));
#8101 = CARTESIAN_POINT('',(0.113474433976,0.62030066799,0.737040357416)
  );
#8102 = ORIENTED_EDGE('',*,*,#8103,.T.);
#8103 = EDGE_CURVE('',#8095,#8104,#8106,.T.);
#8104 = VERTEX_POINT('',#8105);
#8105 = CARTESIAN_POINT('',(0.110004155355,0.620304093381,0.737015984488
    ));
#8106 = B_SPLINE_CURVE_WITH_KNOTS('',3,(#8107,#8108,#8109,#8110),
  .UNSPECIFIED.,.F.,.F.,(4,4),(22.,23.),.PIECEWISE_BEZIER_KNOTS.);
#8107 = CARTESIAN_POINT('',(0.113474433976,0.62030066799,0.737040357416)
  );
#8108 = CARTESIAN_POINT('',(0.112173081562,0.620301952509,0.737031217582
    ));
#8109 = CARTESIAN_POINT('',(0.11130550777,0.620302808861,0.737025124321)
  );
#8110 = CARTESIAN_POINT('',(0.110004155355,0.620304093381,0.737015984488
    ));
#8111 = ORIENTED_EDGE('',*,*,#8112,.T.);
#8112 = EDGE_CURVE('',#8104,#8113,#8115,.T.);
#8113 = VERTEX_POINT('',#8114);
#8114 = CARTESIAN_POINT('',(7.640888148149E-02,0.625046447017,
    0.703272385012));
#8115 = B_SPLINE_CURVE_WITH_KNOTS('',3,(#8116,#8117,#8118,#8119),
  .UNSPECIFIED.,.F.,.F.,(4,4),(23.,24.),.PIECEWISE_BEZIER_KNOTS.);
#8116 = CARTESIAN_POINT('',(0.110004155355,0.620304093381,0.737015984488
    ));
#8117 = CARTESIAN_POINT('',(9.135139328988E-02,0.620322504875,
    0.736884979899));
#8118 = CARTESIAN_POINT('',(7.62765894361E-02,0.622450484279,
    0.721743619679));
#8119 = CARTESIAN_POINT('',(7.640888148149E-02,0.625046447017,
    0.703272385012));
#8120 = ORIENTED_EDGE('',*,*,#8121,.T.);
#8121 = EDGE_CURVE('',#8113,#8122,#8124,.T.);
#8122 = VERTEX_POINT('',#8123);
#8123 = CARTESIAN_POINT('',(0.107881393799,0.6297245745,0.669985778367)
  );
#8124 = B_SPLINE_CURVE_WITH_KNOTS('',3,(#8125,#8126,#8127,#8128),
  .UNSPECIFIED.,.F.,.F.,(4,4),(24.,25.),.PIECEWISE_BEZIER_KNOTS.);
#8125 = CARTESIAN_POINT('',(7.640888148149E-02,0.625046447017,
    0.703272385012));
#8126 = CARTESIAN_POINT('',(7.653502044261E-02,0.627521667972,
    0.685660272775));
#8127 = CARTESIAN_POINT('',(9.008695932281E-02,0.629561016407,
    0.671149554666));
#8128 = CARTESIAN_POINT('',(0.107881393799,0.6297245745,0.669985778367)
  );
#8129 = ORIENTED_EDGE('',*,*,#8130,.T.);
#8130 = EDGE_CURVE('',#8122,#8131,#8133,.T.);
#8131 = VERTEX_POINT('',#8132);
#8132 = CARTESIAN_POINT('',(0.127401729657,0.629705306653,0.670122876217
    ));
#8133 = B_SPLINE_CURVE_WITH_KNOTS('',1,(#8134,#8135),.UNSPECIFIED.,.F.,
  .F.,(2,2),(-1.376785527778E-17,1.952082680275E-02),
  .PIECEWISE_BEZIER_KNOTS.);
#8134 = CARTESIAN_POINT('',(0.107881393799,0.6297245745,0.669985778367)
  );
#8135 = CARTESIAN_POINT('',(0.127401729657,0.629705306653,0.670122876217
    ));
#8136 = ORIENTED_EDGE('',*,*,#8137,.T.);
#8137 = EDGE_CURVE('',#8131,#8138,#8140,.T.);
#8138 = VERTEX_POINT('',#8139);
#8139 = CARTESIAN_POINT('',(0.130001357973,0.629642367298,0.670570713002
    ));
#8140 = B_SPLINE_CURVE_WITH_KNOTS('',3,(#8141,#8142,#8143,#8144),
  .UNSPECIFIED.,.F.,.F.,(4,4),(26.,27.),.PIECEWISE_BEZIER_KNOTS.);
#8141 = CARTESIAN_POINT('',(0.127401729657,0.629705306653,0.670122876217
    ));
#8142 = CARTESIAN_POINT('',(0.128269303449,0.629704450301,0.670128969478
    ));
#8143 = CARTESIAN_POINT('',(0.129133800728,0.629643223633,0.670564619857
    ));
#8144 = CARTESIAN_POINT('',(0.130001357973,0.629642367298,0.670570713002
    ));
#8145 = ORIENTED_EDGE('',*,*,#8146,.T.);
#8146 = EDGE_CURVE('',#8138,#8147,#8149,.T.);
#8147 = VERTEX_POINT('',#8148);
#8148 = CARTESIAN_POINT('',(0.143544067138,0.631500601331,0.657348690828
    ));
#8149 = B_SPLINE_CURVE_WITH_KNOTS('',3,(#8150,#8151,#8152,#8153),
  .UNSPECIFIED.,.F.,.F.,(4,4),(27.,28.),.PIECEWISE_BEZIER_KNOTS.);
#8150 = CARTESIAN_POINT('',(0.130001357973,0.629642367298,0.670570713002
    ));
#8151 = CARTESIAN_POINT('',(0.137375710384,0.62963508833,0.670622505546)
  );
#8152 = CARTESIAN_POINT('',(0.143491765717,0.630474292141,0.664651260162
    ));
#8153 = CARTESIAN_POINT('',(0.143544067138,0.631500601331,0.657348690828
    ));
#8154 = ORIENTED_EDGE('',*,*,#8155,.T.);
#8155 = EDGE_CURVE('',#8147,#8156,#8158,.T.);
#8156 = VERTEX_POINT('',#8157);
#8157 = CARTESIAN_POINT('',(0.131059661827,0.633384525825,0.643943871522
    ));
#8158 = B_SPLINE_CURVE_WITH_KNOTS('',3,(#8159,#8160,#8161,#8162),
  .UNSPECIFIED.,.F.,.F.,(4,4),(28.,29.),.PIECEWISE_BEZIER_KNOTS.);
#8159 = CARTESIAN_POINT('',(0.143544067138,0.631500601331,0.657348690828
    ));
#8160 = CARTESIAN_POINT('',(0.143593292047,0.632466540204,0.650475678613
    ));
#8161 = CARTESIAN_POINT('',(0.137997159104,0.633317304709,0.644422174612
    ));
#8162 = CARTESIAN_POINT('',(0.131059661827,0.633384525825,0.643943871522
    ));
#8163 = ORIENTED_EDGE('',*,*,#8164,.T.);
#8164 = EDGE_CURVE('',#8156,#8165,#8167,.T.);
#8165 = VERTEX_POINT('',#8166);
#8166 = CARTESIAN_POINT('',(0.10546634252,0.633409788102,0.643764121078)
  );
#8167 = B_SPLINE_CURVE_WITH_KNOTS('',1,(#8168,#8169),.UNSPECIFIED.,.F.,
  .F.,(2,2),(0.,2.559396299045E-02),.PIECEWISE_BEZIER_KNOTS.);
#8168 = CARTESIAN_POINT('',(0.131059661827,0.633384525825,0.643943871522
    ));
#8169 = CARTESIAN_POINT('',(0.10546634252,0.633409788102,0.643764121078)
  );
#8170 = ORIENTED_EDGE('',*,*,#8171,.T.);
#8171 = EDGE_CURVE('',#8165,#8172,#8174,.T.);
#8172 = VERTEX_POINT('',#8173);
#8173 = CARTESIAN_POINT('',(6.585344699488E-02,0.630732046289,
    0.662817244098));
#8174 = B_SPLINE_CURVE_WITH_KNOTS('',3,(#8175,#8176,#8177,#8178),
  .UNSPECIFIED.,.F.,.F.,(4,4),(33.,34.),.PIECEWISE_BEZIER_KNOTS.);
#8175 = CARTESIAN_POINT('',(0.10546634252,0.633409788102,0.643764121078)
  );
#8176 = CARTESIAN_POINT('',(9.027462942007E-02,0.633243660954,
    0.644946177159));
#8177 = CARTESIAN_POINT('',(7.634427336311E-02,0.63229142136,
    0.651721713934));
#8178 = CARTESIAN_POINT('',(6.585344699488E-02,0.630732046289,
    0.662817244098));
#8179 = ORIENTED_EDGE('',*,*,#8180,.T.);
#8180 = EDGE_CURVE('',#8172,#7901,#8181,.T.);
#8181 = B_SPLINE_CURVE_WITH_KNOTS('',3,(#8182,#8183,#8184,#8185),
  .UNSPECIFIED.,.F.,.F.,(4,4),(34.,35.),.PIECEWISE_BEZIER_KNOTS.);
#8182 = CARTESIAN_POINT('',(6.585344699488E-02,0.630732046289,
    0.662817244098));
#8183 = CARTESIAN_POINT('',(5.536260407864E-02,0.629172671235,
    0.673912774145));
#8184 = CARTESIAN_POINT('',(4.96187961734E-02,0.627125614513,
    0.688478339564));
#8185 = CARTESIAN_POINT('',(4.951111658247E-02,0.625012621212,
    0.703513068124));
#8186 = FACE_BOUND('',#8187,.T.);
#8187 = EDGE_LOOP('',(#8188,#8202));
#8188 = ORIENTED_EDGE('',*,*,#8189,.F.);
#8189 = EDGE_CURVE('',#8190,#8192,#8194,.T.);
#8190 = VERTEX_POINT('',#8191);
#8191 = CARTESIAN_POINT('',(0.233017661348,0.63364613595,0.642082418758)
  );
#8192 = VERTEX_POINT('',#8193);
#8193 = CARTESIAN_POINT('',(0.232777689594,0.628937177608,0.675588398371
    ));
#8194 = B_SPLINE_CURVE_WITH_KNOTS('',3,(#8195,#8196,#8197,#8198,#8199,
    #8200,#8201),.UNSPECIFIED.,.F.,.F.,(4,3,4),(0.,1.,2.),
  .PIECEWISE_BEZIER_KNOTS.);
#8195 = CARTESIAN_POINT('',(0.233017661348,0.63364613595,0.642082418758)
  );
#8196 = CARTESIAN_POINT('',(0.223474391004,0.633655555781,0.642015393177
    ));
#8197 = CARTESIAN_POINT('',(0.216044660424,0.632576150637,0.649695759859
    ));
#8198 = CARTESIAN_POINT('',(0.215980052716,0.631308355577,0.65871659044)
  );
#8199 = CARTESIAN_POINT('',(0.215912368378,0.629980187899,0.668166994526
    ));
#8200 = CARTESIAN_POINT('',(0.223668197873,0.628946169271,0.675524419363
    ));
#8201 = CARTESIAN_POINT('',(0.232777689594,0.628937177608,0.675588398371
    ));
#8202 = ORIENTED_EDGE('',*,*,#8203,.F.);
#8203 = EDGE_CURVE('',#8192,#8190,#8204,.T.);
#8204 = B_SPLINE_CURVE_WITH_KNOTS('',3,(#8205,#8206,#8207,#8208,#8209,
    #8210),.UNSPECIFIED.,.F.,.F.,(4,2,4),(2.,3.,4.),.UNSPECIFIED.);
#8205 = CARTESIAN_POINT('',(0.232777689594,0.628937177608,0.675588398371
    ));
#8206 = CARTESIAN_POINT('',(0.241887181316,0.628928185945,0.675652377379
    ));
#8207 = CARTESIAN_POINT('',(0.249747613889,0.629946790302,0.668404630775
    ));
#8208 = CARTESIAN_POINT('',(0.249882982564,0.632603125659,0.649503822603
    ));
#8209 = CARTESIAN_POINT('',(0.24212715307,0.633637144287,0.642146397766)
  );
#8210 = CARTESIAN_POINT('',(0.233017661348,0.63364613595,0.642082418758)
  );
#8211 = B_SPLINE_SURFACE_WITH_KNOTS('',1,1,(
    (#8212,#8213)
    ,(#8214,#8215
    )),.UNSPECIFIED.,.F.,.F.,.F.,(2,2),(2,2),(-7.934349391049E-02,
    0.123566452645),(-1.211290650346E-02,0.264706681948),
  .PIECEWISE_BEZIER_KNOTS.);
#8212 = CARTESIAN_POINT('',(4.951111658247E-02,0.609052776863,
    0.817073261378));
#8213 = CARTESIAN_POINT('',(0.326330705034,0.609052776863,0.817073261378
    ));
#8214 = CARTESIAN_POINT('',(4.951111658247E-02,0.637292383341,
    0.616138020475));
#8215 = CARTESIAN_POINT('',(0.326330705034,0.637292383341,0.616138020475
    ));
#8216 = ADVANCED_FACE('',(#8217),#8231,.F.);
#8217 = FACE_BOUND('',#8218,.F.);
#8218 = EDGE_LOOP('',(#8219,#8224,#8225,#8230));
#8219 = ORIENTED_EDGE('',*,*,#8220,.F.);
#8220 = EDGE_CURVE('',#7901,#1143,#8221,.T.);
#8221 = B_SPLINE_CURVE_WITH_KNOTS('',1,(#8222,#8223),.UNSPECIFIED.,.F.,
  .F.,(2,2),(0.,9.999999999997E-05),.PIECEWISE_BEZIER_KNOTS.);
#8222 = CARTESIAN_POINT('',(4.951111658247E-02,0.625012621212,
    0.703513068124));
#8223 = CARTESIAN_POINT('',(4.951111658247E-02,0.624913594405,
    0.703499150814));
#8224 = ORIENTED_EDGE('',*,*,#7900,.T.);
#8225 = ORIENTED_EDGE('',*,*,#8226,.T.);
#8226 = EDGE_CURVE('',#7903,#1132,#8227,.T.);
#8227 = B_SPLINE_CURVE_WITH_KNOTS('',1,(#8228,#8229),.UNSPECIFIED.,.F.,
  .F.,(2,2),(0.,9.999999999997E-05),.PIECEWISE_BEZIER_KNOTS.);
#8228 = CARTESIAN_POINT('',(9.20528163201E-02,0.617061601962,
    0.760087509755));
#8229 = CARTESIAN_POINT('',(9.20528163201E-02,0.616962575155,
    0.760073592445));
#8230 = ORIENTED_EDGE('',*,*,#1142,.F.);
#8231 = B_SPLINE_SURFACE_WITH_KNOTS('',3,1,(
    (#8232,#8233)
    ,(#8234,#8235)
    ,(#8236,#8237)
    ,(#8238,#8239
    )),.UNSPECIFIED.,.F.,.F.,.F.,(4,4),(2,2),(35.,36.),(0.,1.),
  .PIECEWISE_BEZIER_KNOTS.);
#8232 = CARTESIAN_POINT('',(4.951111658247E-02,0.625012621212,
    0.703513068124));
#8233 = CARTESIAN_POINT('',(4.951111658247E-02,0.624913594405,
    0.703499150814));
#8234 = CARTESIAN_POINT('',(4.976030173772E-02,0.621389921116,
    0.729289918697));
#8235 = CARTESIAN_POINT('',(4.976030173772E-02,0.621290894309,
    0.729276001387));
#8236 = CARTESIAN_POINT('',(6.738244885723E-02,0.618172689696,
    0.752181709733));
#8237 = CARTESIAN_POINT('',(6.738244885723E-02,0.61807366289,
    0.752167792423));
#8238 = CARTESIAN_POINT('',(9.20528163201E-02,0.617061601962,
    0.760087509755));
#8239 = CARTESIAN_POINT('',(9.20528163201E-02,0.616962575155,
    0.760073592445));
#8240 = ADVANCED_FACE('',(#8241),#8251,.F.);
#8241 = FACE_BOUND('',#8242,.F.);
#8242 = EDGE_LOOP('',(#8243,#8244,#8245,#8250));
#8243 = ORIENTED_EDGE('',*,*,#8226,.F.);
#8244 = ORIENTED_EDGE('',*,*,#7911,.T.);
#8245 = ORIENTED_EDGE('',*,*,#8246,.T.);
#8246 = EDGE_CURVE('',#7912,#1134,#8247,.T.);
#8247 = B_SPLINE_CURVE_WITH_KNOTS('',1,(#8248,#8249),.UNSPECIFIED.,.F.,
  .F.,(2,2),(0.,9.999999999997E-05),.PIECEWISE_BEZIER_KNOTS.);
#8248 = CARTESIAN_POINT('',(0.115234177746,0.612269152746,0.794187557807
    ));
#8249 = CARTESIAN_POINT('',(0.115234177746,0.612170125939,0.794173640497
    ));
#8250 = ORIENTED_EDGE('',*,*,#1131,.F.);
#8251 = B_SPLINE_SURFACE_WITH_KNOTS('',3,1,(
    (#8252,#8253)
    ,(#8254,#8255)
    ,(#8256,#8257)
    ,(#8258,#8259
    )),.UNSPECIFIED.,.F.,.F.,.F.,(4,4),(2,2),(0.,1.),(0.,1.),
  .PIECEWISE_BEZIER_KNOTS.);
#8252 = CARTESIAN_POINT('',(9.20528163201E-02,0.617061601962,
    0.760087509755));
#8253 = CARTESIAN_POINT('',(9.20528163201E-02,0.616962575155,
    0.760073592445));
#8254 = CARTESIAN_POINT('',(9.673215056288E-02,0.615245754936,
    0.773007932709));
#8255 = CARTESIAN_POINT('',(9.673215056288E-02,0.615146728129,
    0.772994015399));
#8256 = CARTESIAN_POINT('',(0.104891009659,0.613607596327,0.78466403687)
  );
#8257 = CARTESIAN_POINT('',(0.104891009659,0.613508569521,0.78465011956)
  );
#8258 = CARTESIAN_POINT('',(0.115234177746,0.612269152746,0.794187557807
    ));
#8259 = CARTESIAN_POINT('',(0.115234177746,0.612170125939,0.794173640497
    ));
#8260 = ADVANCED_FACE('',(#8261),#8271,.F.);
#8261 = FACE_BOUND('',#8262,.F.);
#8262 = EDGE_LOOP('',(#8263,#8264,#8265,#8270));
#8263 = ORIENTED_EDGE('',*,*,#8246,.F.);
#8264 = ORIENTED_EDGE('',*,*,#7920,.T.);
#8265 = ORIENTED_EDGE('',*,*,#8266,.T.);
#8266 = EDGE_CURVE('',#7921,#1403,#8267,.T.);
#8267 = B_SPLINE_CURVE_WITH_KNOTS('',1,(#8268,#8269),.UNSPECIFIED.,.F.,
  .F.,(2,2),(0.,1.000000000001E-04),.PIECEWISE_BEZIER_KNOTS.);
#8268 = CARTESIAN_POINT('',(0.174068982825,0.609071616533,0.816939210159
    ));
#8269 = CARTESIAN_POINT('',(0.174068982825,0.608972589726,0.816925292849
    ));
#8270 = ORIENTED_EDGE('',*,*,#1411,.F.);
#8271 = B_SPLINE_SURFACE_WITH_KNOTS('',3,1,(
    (#8272,#8273)
    ,(#8274,#8275)
    ,(#8276,#8277)
    ,(#8278,#8279
    )),.UNSPECIFIED.,.F.,.F.,.F.,(4,4),(2,2),(1.,2.),(0.,1.),
  .PIECEWISE_BEZIER_KNOTS.);
#8272 = CARTESIAN_POINT('',(0.115234177746,0.612269152746,0.794187557807
    ));
#8273 = CARTESIAN_POINT('',(0.115234177746,0.612170125939,0.794173640497
    ));
#8274 = CARTESIAN_POINT('',(0.131616487124,0.610260631109,0.808478931846
    ));
#8275 = CARTESIAN_POINT('',(0.131616487124,0.610161604302,0.808465014536
    ));
#8276 = CARTESIAN_POINT('',(0.152379720762,0.609093025251,0.816786879216
    ));
#8277 = CARTESIAN_POINT('',(0.152379720762,0.608993998444,0.816772961905
    ));
#8278 = CARTESIAN_POINT('',(0.174068982825,0.609071616533,0.816939210159
    ));
#8279 = CARTESIAN_POINT('',(0.174068982825,0.608972589726,0.816925292849
    ));
#8280 = ADVANCED_FACE('',(#8281),#8291,.F.);
#8281 = FACE_BOUND('',#8282,.F.);
#8282 = EDGE_LOOP('',(#8283,#8284,#8285,#8290));
#8283 = ORIENTED_EDGE('',*,*,#8266,.F.);
#8284 = ORIENTED_EDGE('',*,*,#7929,.T.);
#8285 = ORIENTED_EDGE('',*,*,#8286,.T.);
#8286 = EDGE_CURVE('',#7930,#1394,#8287,.T.);
#8287 = B_SPLINE_CURVE_WITH_KNOTS('',1,(#8288,#8289),.UNSPECIFIED.,.F.,
  .F.,(2,2),(0.,9.999999999997E-05),.PIECEWISE_BEZIER_KNOTS.);
#8288 = CARTESIAN_POINT('',(0.226243197612,0.611374713918,0.800551820762
    ));
#8289 = CARTESIAN_POINT('',(0.226243197612,0.611275687111,0.800537903452
    ));
#8290 = ORIENTED_EDGE('',*,*,#1402,.F.);
#8291 = B_SPLINE_SURFACE_WITH_KNOTS('',3,1,(
    (#8292,#8293)
    ,(#8294,#8295)
    ,(#8296,#8297)
    ,(#8298,#8299
    )),.UNSPECIFIED.,.F.,.F.,.F.,(4,4),(2,2),(2.,3.),(0.,1.),
  .PIECEWISE_BEZIER_KNOTS.);
#8292 = CARTESIAN_POINT('',(0.174068982825,0.609071616533,0.816939210159
    ));
#8293 = CARTESIAN_POINT('',(0.174068982825,0.608972589726,0.816925292849
    ));
#8294 = CARTESIAN_POINT('',(0.193155531787,0.609052776863,0.817073261378
    ));
#8295 = CARTESIAN_POINT('',(0.193155531787,0.608953750056,0.817059344068
    ));
#8296 = CARTESIAN_POINT('',(0.21098380017,0.609880419019,0.811184281442)
  );
#8297 = CARTESIAN_POINT('',(0.21098380017,0.609781392212,0.811170364132)
  );
#8298 = CARTESIAN_POINT('',(0.226243197612,0.611374713918,0.800551820762
    ));
#8299 = CARTESIAN_POINT('',(0.226243197612,0.611275687111,0.800537903452
    ));
#8300 = ADVANCED_FACE('',(#8301),#8311,.F.);
#8301 = FACE_BOUND('',#8302,.F.);
#8302 = EDGE_LOOP('',(#8303,#8304,#8305,#8310));
#8303 = ORIENTED_EDGE('',*,*,#8286,.F.);
#8304 = ORIENTED_EDGE('',*,*,#7938,.T.);
#8305 = ORIENTED_EDGE('',*,*,#8306,.T.);
#8306 = EDGE_CURVE('',#7939,#1385,#8307,.T.);
#8307 = B_SPLINE_CURVE_WITH_KNOTS('',1,(#8308,#8309),.UNSPECIFIED.,.F.,
  .F.,(2,2),(0.,1.000000000001E-04),.PIECEWISE_BEZIER_KNOTS.);
#8308 = CARTESIAN_POINT('',(0.245465115205,0.614012208741,0.781785069954
    ));
#8309 = CARTESIAN_POINT('',(0.245465115205,0.613913181934,0.781771152644
    ));
#8310 = ORIENTED_EDGE('',*,*,#1393,.F.);
#8311 = B_SPLINE_SURFACE_WITH_KNOTS('',3,1,(
    (#8312,#8313)
    ,(#8314,#8315)
    ,(#8316,#8317)
    ,(#8318,#8319
    )),.UNSPECIFIED.,.F.,.F.,.F.,(4,4),(2,2),(3.,4.),(0.,1.),
  .PIECEWISE_BEZIER_KNOTS.);
#8312 = CARTESIAN_POINT('',(0.226243197612,0.611374713918,0.800551820762
    ));
#8313 = CARTESIAN_POINT('',(0.226243197612,0.611275687111,0.800537903452
    ));
#8314 = CARTESIAN_POINT('',(0.233654468749,0.612091889969,0.795448848));
#8315 = CARTESIAN_POINT('',(0.233654468749,0.611992863162,0.79543493069)
  );
#8316 = CARTESIAN_POINT('',(0.239773608868,0.612991464087,0.789048045556
    ));
#8317 = CARTESIAN_POINT('',(0.239773608868,0.612892437281,0.789034128245
    ));
#8318 = CARTESIAN_POINT('',(0.245465115205,0.614012208741,0.781785069954
    ));
#8319 = CARTESIAN_POINT('',(0.245465115205,0.613913181934,0.781771152644
    ));
#8320 = ADVANCED_FACE('',(#8321),#8331,.F.);
#8321 = FACE_BOUND('',#8322,.F.);
#8322 = EDGE_LOOP('',(#8323,#8324,#8325,#8330));
#8323 = ORIENTED_EDGE('',*,*,#8306,.F.);
#8324 = ORIENTED_EDGE('',*,*,#7947,.T.);
#8325 = ORIENTED_EDGE('',*,*,#8326,.T.);
#8326 = EDGE_CURVE('',#7948,#1376,#8327,.T.);
#8327 = B_SPLINE_CURVE_WITH_KNOTS('',1,(#8328,#8329),.UNSPECIFIED.,.F.,
  .F.,(2,2),(0.,9.999999999997E-05),.PIECEWISE_BEZIER_KNOTS.);
#8328 = CARTESIAN_POINT('',(0.255436019331,0.613881618375,0.782714268691
    ));
#8329 = CARTESIAN_POINT('',(0.255436019331,0.613782591568,0.782700351381
    ));
#8330 = ORIENTED_EDGE('',*,*,#1384,.F.);
#8331 = B_SPLINE_SURFACE_WITH_KNOTS('',3,1,(
    (#8332,#8333)
    ,(#8334,#8335)
    ,(#8336,#8337)
    ,(#8338,#8339
    )),.UNSPECIFIED.,.F.,.F.,.F.,(4,4),(2,2),(4.,5.),(0.,1.),
  .PIECEWISE_BEZIER_KNOTS.);
#8332 = CARTESIAN_POINT('',(0.245465115205,0.614012208741,0.781785069954
    ));
#8333 = CARTESIAN_POINT('',(0.245465115205,0.613913181934,0.781771152644
    ));
#8334 = CARTESIAN_POINT('',(0.248932317254,0.613948411882,0.782239008193
    ));
#8335 = CARTESIAN_POINT('',(0.248932317254,0.613849385075,0.782225090883
    ));
#8336 = CARTESIAN_POINT('',(0.25196574071,0.613885043766,0.782689895764)
  );
#8337 = CARTESIAN_POINT('',(0.25196574071,0.613786016959,0.782675978454)
  );
#8338 = CARTESIAN_POINT('',(0.255436019331,0.613881618375,0.782714268691
    ));
#8339 = CARTESIAN_POINT('',(0.255436019331,0.613782591568,0.782700351381
    ));
#8340 = ADVANCED_FACE('',(#8341),#8351,.F.);
#8341 = FACE_BOUND('',#8342,.F.);
#8342 = EDGE_LOOP('',(#8343,#8344,#8345,#8350));
#8343 = ORIENTED_EDGE('',*,*,#8326,.F.);
#8344 = ORIENTED_EDGE('',*,*,#7956,.T.);
#8345 = ORIENTED_EDGE('',*,*,#8346,.T.);
#8346 = EDGE_CURVE('',#7957,#1367,#8347,.T.);
#8347 = B_SPLINE_CURVE_WITH_KNOTS('',1,(#8348,#8349),.UNSPECIFIED.,.F.,
  .F.,(2,2),(0.,9.999999999997E-05),.PIECEWISE_BEZIER_KNOTS.);
#8348 = CARTESIAN_POINT('',(0.305468996952,0.616730197823,0.762445572732
    ));
#8349 = CARTESIAN_POINT('',(0.305468996952,0.616631171016,0.762431655422
    ));
#8350 = ORIENTED_EDGE('',*,*,#1375,.F.);
#8351 = B_SPLINE_SURFACE_WITH_KNOTS('',3,1,(
    (#8352,#8353)
    ,(#8354,#8355)
    ,(#8356,#8357)
    ,(#8358,#8359
    )),.UNSPECIFIED.,.F.,.F.,.F.,(4,4),(2,2),(5.,6.),(0.,1.),
  .PIECEWISE_BEZIER_KNOTS.);
#8352 = CARTESIAN_POINT('',(0.255436019331,0.613881618375,0.782714268691
    ));
#8353 = CARTESIAN_POINT('',(0.255436019331,0.613782591568,0.782700351381
    ));
#8354 = CARTESIAN_POINT('',(0.274088785534,0.613863206876,0.782845273309
    ));
#8355 = CARTESIAN_POINT('',(0.274088785534,0.61376418007,0.782831355999)
  );
#8356 = CARTESIAN_POINT('',(0.291926279454,0.614871962647,0.775667603042
    ));
#8357 = CARTESIAN_POINT('',(0.291926279454,0.61477293584,0.775653685732)
  );
#8358 = CARTESIAN_POINT('',(0.305468996952,0.616730197823,0.762445572732
    ));
#8359 = CARTESIAN_POINT('',(0.305468996952,0.616631171016,0.762431655422
    ));
#8360 = ADVANCED_FACE('',(#8361),#8371,.F.);
#8361 = FACE_BOUND('',#8362,.F.);
#8362 = EDGE_LOOP('',(#8363,#8364,#8365,#8370));
#8363 = ORIENTED_EDGE('',*,*,#8346,.F.);
#8364 = ORIENTED_EDGE('',*,*,#7965,.T.);
#8365 = ORIENTED_EDGE('',*,*,#8366,.T.);
#8366 = EDGE_CURVE('',#7966,#1358,#8367,.T.);
#8367 = B_SPLINE_CURVE_WITH_KNOTS('',1,(#8368,#8369),.UNSPECIFIED.,.F.,
  .F.,(2,2),(0.,9.999999999997E-05),.PIECEWISE_BEZIER_KNOTS.);
#8368 = CARTESIAN_POINT('',(0.326207642645,0.623592393849,0.713618510899
    ));
#8369 = CARTESIAN_POINT('',(0.326207642645,0.623493367042,0.713604593589
    ));
#8370 = ORIENTED_EDGE('',*,*,#1366,.F.);
#8371 = B_SPLINE_SURFACE_WITH_KNOTS('',3,1,(
    (#8372,#8373)
    ,(#8374,#8375)
    ,(#8376,#8377)
    ,(#8378,#8379
    )),.UNSPECIFIED.,.F.,.F.,.F.,(4,4),(2,2),(6.,7.),(0.,1.),
  .PIECEWISE_BEZIER_KNOTS.);
#8372 = CARTESIAN_POINT('',(0.305468996952,0.616730197823,0.762445572732
    ));
#8373 = CARTESIAN_POINT('',(0.305468996952,0.616631171016,0.762431655422
    ));
#8374 = CARTESIAN_POINT('',(0.31857486233,0.618528489121,0.749650065281)
  );
#8375 = CARTESIAN_POINT('',(0.31857486233,0.618429462314,0.749636147971)
  );
#8376 = CARTESIAN_POINT('',(0.326075350599,0.620996431111,0.732089745566
    ));
#8377 = CARTESIAN_POINT('',(0.326075350599,0.620897404304,0.732075828256
    ));
#8378 = CARTESIAN_POINT('',(0.326207642645,0.623592393849,0.713618510899
    ));
#8379 = CARTESIAN_POINT('',(0.326207642645,0.623493367042,0.713604593589
    ));
#8380 = ADVANCED_FACE('',(#8381),#8391,.F.);
#8381 = FACE_BOUND('',#8382,.F.);
#8382 = EDGE_LOOP('',(#8383,#8384,#8385,#8390));
#8383 = ORIENTED_EDGE('',*,*,#8366,.F.);
#8384 = ORIENTED_EDGE('',*,*,#7974,.T.);
#8385 = ORIENTED_EDGE('',*,*,#8386,.T.);
#8386 = EDGE_CURVE('',#7975,#1349,#8387,.T.);
#8387 = B_SPLINE_CURVE_WITH_KNOTS('',1,(#8388,#8389),.UNSPECIFIED.,.F.,
  .F.,(2,2),(0.,9.999999999997E-05),.PIECEWISE_BEZIER_KNOTS.);
#8388 = CARTESIAN_POINT('',(0.308324008279,0.630190840642,0.666668122373
    ));
#8389 = CARTESIAN_POINT('',(0.308324008279,0.630091813835,0.666654205063
    ));
#8390 = ORIENTED_EDGE('',*,*,#1357,.F.);
#8391 = B_SPLINE_SURFACE_WITH_KNOTS('',3,1,(
    (#8392,#8393)
    ,(#8394,#8395)
    ,(#8396,#8397)
    ,(#8398,#8399
    )),.UNSPECIFIED.,.F.,.F.,.F.,(4,4),(2,2),(7.,8.),(0.,1.),
  .PIECEWISE_BEZIER_KNOTS.);
#8392 = CARTESIAN_POINT('',(0.326207642645,0.623592393849,0.713618510899
    ));
#8393 = CARTESIAN_POINT('',(0.326207642645,0.623493367042,0.713604593589
    ));
#8394 = CARTESIAN_POINT('',(0.326330705034,0.626007243336,0.696435963974
    ));
#8395 = CARTESIAN_POINT('',(0.326330705034,0.62590821653,0.696422046664)
  );
#8396 = CARTESIAN_POINT('',(0.319943912292,0.628368145123,0.679637274884
    ));
#8397 = CARTESIAN_POINT('',(0.319943912292,0.628269118316,0.679623357574
    ));
#8398 = CARTESIAN_POINT('',(0.308324008279,0.630190840642,0.666668122373
    ));
#8399 = CARTESIAN_POINT('',(0.308324008279,0.630091813835,0.666654205063
    ));
#8400 = ADVANCED_FACE('',(#8401),#8411,.F.);
#8401 = FACE_BOUND('',#8402,.F.);
#8402 = EDGE_LOOP('',(#8403,#8404,#8405,#8410));
#8403 = ORIENTED_EDGE('',*,*,#8386,.F.);
#8404 = ORIENTED_EDGE('',*,*,#7983,.T.);
#8405 = ORIENTED_EDGE('',*,*,#8406,.T.);
#8406 = EDGE_CURVE('',#7984,#1340,#8407,.T.);
#8407 = B_SPLINE_CURVE_WITH_KNOTS('',1,(#8408,#8409),.UNSPECIFIED.,.F.,
  .F.,(2,2),(0.,9.999999999997E-05),.PIECEWISE_BEZIER_KNOTS.);
#8408 = CARTESIAN_POINT('',(0.273768863821,0.633122913515,0.64580533983)
  );
#8409 = CARTESIAN_POINT('',(0.273768863821,0.633023886708,0.64579142252)
  );
#8410 = ORIENTED_EDGE('',*,*,#1348,.F.);
#8411 = B_SPLINE_SURFACE_WITH_KNOTS('',3,1,(
    (#8412,#8413)
    ,(#8414,#8415)
    ,(#8416,#8417)
    ,(#8418,#8419
    )),.UNSPECIFIED.,.F.,.F.,.F.,(4,4),(2,2),(8.,9.),(0.,1.),
  .PIECEWISE_BEZIER_KNOTS.);
#8412 = CARTESIAN_POINT('',(0.308324008279,0.630190840642,0.666668122373
    ));
#8413 = CARTESIAN_POINT('',(0.308324008279,0.630091813835,0.666654205063
    ));
#8414 = CARTESIAN_POINT('',(0.29885457128,0.631649171091,0.656291562054)
  );
#8415 = CARTESIAN_POINT('',(0.29885457128,0.631550144284,0.656277644744)
  );
#8416 = CARTESIAN_POINT('',(0.287191591364,0.632626670676,0.649336291106
    ));
#8417 = CARTESIAN_POINT('',(0.287191591364,0.632527643869,0.649322373796
    ));
#8418 = CARTESIAN_POINT('',(0.273768863821,0.633122913515,0.64580533983)
  );
#8419 = CARTESIAN_POINT('',(0.273768863821,0.633023886708,0.64579142252)
  );
#8420 = ADVANCED_FACE('',(#8421),#8431,.F.);
#8421 = FACE_BOUND('',#8422,.F.);
#8422 = EDGE_LOOP('',(#8423,#8424,#8425,#8430));
#8423 = ORIENTED_EDGE('',*,*,#8406,.F.);
#8424 = ORIENTED_EDGE('',*,*,#7992,.T.);
#8425 = ORIENTED_EDGE('',*,*,#8426,.T.);
#8426 = EDGE_CURVE('',#7993,#1331,#8427,.T.);
#8427 = B_SPLINE_CURVE_WITH_KNOTS('',1,(#8428,#8429),.UNSPECIFIED.,.F.,
  .F.,(2,2),(0.,9.999999999997E-05),.PIECEWISE_BEZIER_KNOTS.);
#8428 = CARTESIAN_POINT('',(0.232768467802,0.637268833751,0.616305584513
    ));
#8429 = CARTESIAN_POINT('',(0.232768467802,0.637169806944,0.616291667202
    ));
#8430 = ORIENTED_EDGE('',*,*,#1339,.F.);
#8431 = B_SPLINE_SURFACE_WITH_KNOTS('',3,1,(
    (#8432,#8433)
    ,(#8434,#8435)
    ,(#8436,#8437)
    ,(#8438,#8439
    )),.UNSPECIFIED.,.F.,.F.,.F.,(4,4),(2,2),(9.,10.),(0.,1.),
  .PIECEWISE_BEZIER_KNOTS.);
#8432 = CARTESIAN_POINT('',(0.273768863821,0.633122913515,0.64580533983)
  );
#8433 = CARTESIAN_POINT('',(0.273768863821,0.633023886708,0.64579142252)
  );
#8434 = CARTESIAN_POINT('',(0.268252717247,0.63554332927,0.628583186854)
  );
#8435 = CARTESIAN_POINT('',(0.268252717247,0.635444302463,0.628569269543
    ));
#8436 = CARTESIAN_POINT('',(0.251855025037,0.637249994073,0.616439635789
    ));
#8437 = CARTESIAN_POINT('',(0.251855025037,0.637150967266,0.616425718479
    ));
#8438 = CARTESIAN_POINT('',(0.232768467802,0.637268833751,0.616305584513
    ));
#8439 = CARTESIAN_POINT('',(0.232768467802,0.637169806944,0.616291667202
    ));
#8440 = ADVANCED_FACE('',(#8441),#8451,.F.);
#8441 = FACE_BOUND('',#8442,.F.);
#8442 = EDGE_LOOP('',(#8443,#8444,#8445,#8450));
#8443 = ORIENTED_EDGE('',*,*,#8426,.F.);
#8444 = ORIENTED_EDGE('',*,*,#8001,.T.);
#8445 = ORIENTED_EDGE('',*,*,#8446,.T.);
#8446 = EDGE_CURVE('',#8002,#1322,#8447,.T.);
#8447 = B_SPLINE_CURVE_WITH_KNOTS('',1,(#8448,#8449),.UNSPECIFIED.,.F.,
  .F.,(2,2),(0.,9.999999999997E-05),.PIECEWISE_BEZIER_KNOTS.);
#8448 = CARTESIAN_POINT('',(0.1890822877,0.631274527469,0.658957289938)
  );
#8449 = CARTESIAN_POINT('',(0.1890822877,0.631175500662,0.658943372628)
  );
#8450 = ORIENTED_EDGE('',*,*,#1330,.F.);
#8451 = B_SPLINE_SURFACE_WITH_KNOTS('',3,1,(
    (#8452,#8453)
    ,(#8454,#8455)
    ,(#8456,#8457)
    ,(#8458,#8459
    )),.UNSPECIFIED.,.F.,.F.,.F.,(4,4),(2,2),(10.,11.),(0.,1.),
  .PIECEWISE_BEZIER_KNOTS.);
#8452 = CARTESIAN_POINT('',(0.232768467802,0.637268833751,0.616305584513
    ));
#8453 = CARTESIAN_POINT('',(0.232768467802,0.637169806944,0.616291667202
    ));
#8454 = CARTESIAN_POINT('',(0.208910279532,0.637292383341,0.616138020475
    ));
#8455 = CARTESIAN_POINT('',(0.208910279532,0.637193356534,0.616124103164
    ));
#8456 = CARTESIAN_POINT('',(0.189251498485,0.634594945514,0.635331287916
    ));
#8457 = CARTESIAN_POINT('',(0.189251498485,0.634495918707,0.635317370606
    ));
#8458 = CARTESIAN_POINT('',(0.1890822877,0.631274527469,0.658957289938)
  );
#8459 = CARTESIAN_POINT('',(0.1890822877,0.631175500662,0.658943372628)
  );
#8460 = ADVANCED_FACE('',(#8461),#8471,.F.);
#8461 = FACE_BOUND('',#8462,.T.);
#8462 = EDGE_LOOP('',(#8463,#8464,#8469,#8470));
#8463 = ORIENTED_EDGE('',*,*,#1321,.T.);
#8464 = ORIENTED_EDGE('',*,*,#8465,.F.);
#8465 = EDGE_CURVE('',#8011,#1315,#8466,.T.);
#8466 = B_SPLINE_CURVE_WITH_KNOTS('',1,(#8467,#8468),.UNSPECIFIED.,.F.,
  .F.,(2,2),(0.,9.999999999997E-05),.PIECEWISE_BEZIER_KNOTS.);
#8467 = CARTESIAN_POINT('',(0.189051522102,0.630670815097,0.66325292667)
  );
#8468 = CARTESIAN_POINT('',(0.189051522102,0.63057178829,0.66323900936)
  );
#8469 = ORIENTED_EDGE('',*,*,#8010,.F.);
#8470 = ORIENTED_EDGE('',*,*,#8446,.T.);
#8471 = B_SPLINE_SURFACE_WITH_KNOTS('',1,1,(
    (#8472,#8473)
    ,(#8474,#8475
    )),.UNSPECIFIED.,.F.,.F.,.F.,(2,2),(2,2),(-4.295746861327E-03,
    1.391696685753E-05),(-7.027395210304E-04,0.),
  .PIECEWISE_BEZIER_KNOTS.);
#8472 = CARTESIAN_POINT('',(0.189051424361,0.63057178829,0.663252925983)
  );
#8473 = CARTESIAN_POINT('',(0.189052117976,0.631274527469,0.663252930855
    ));
#8474 = CARTESIAN_POINT('',(0.189081691825,0.63057178829,0.658943368443)
  );
#8475 = CARTESIAN_POINT('',(0.189082385441,0.631274527469,0.658943373315
    ));
#8476 = ADVANCED_FACE('',(#8477),#8487,.F.);
#8477 = FACE_BOUND('',#8478,.T.);
#8478 = EDGE_LOOP('',(#8479,#8480,#8485,#8486));
#8479 = ORIENTED_EDGE('',*,*,#1314,.T.);
#8480 = ORIENTED_EDGE('',*,*,#8481,.F.);
#8481 = EDGE_CURVE('',#8020,#1308,#8482,.T.);
#8482 = B_SPLINE_CURVE_WITH_KNOTS('',1,(#8483,#8484),.UNSPECIFIED.,.F.,
  .F.,(2,2),(0.,1.000000000001E-04),.PIECEWISE_BEZIER_KNOTS.);
#8483 = CARTESIAN_POINT('',(0.128093922914,0.626263288186,0.6946141102)
  );
#8484 = CARTESIAN_POINT('',(0.128093922914,0.62616426138,0.69460019289)
  );
#8485 = ORIENTED_EDGE('',*,*,#8019,.F.);
#8486 = ORIENTED_EDGE('',*,*,#8465,.T.);
#8487 = B_SPLINE_SURFACE_WITH_KNOTS('',1,1,(
    (#8488,#8489)
    ,(#8490,#8491
    )),.UNSPECIFIED.,.F.,.F.,.F.,(2,2),(2,2),(-6.854963052744E-02,
    6.465731639856E-06),(-4.541319684266E-03,0.),
  .PIECEWISE_BEZIER_KNOTS.);
#8488 = CARTESIAN_POINT('',(0.128088197314,0.62616426138,0.694603196753)
  );
#8489 = CARTESIAN_POINT('',(0.128348760337,0.630670815097,0.695099850532
    ));
#8490 = CARTESIAN_POINT('',(0.188796684679,0.62616426138,0.662753269028)
  );
#8491 = CARTESIAN_POINT('',(0.189057247702,0.630670815097,0.663249922807
    ));
#8492 = ADVANCED_FACE('',(#8493),#8503,.F.);
#8493 = FACE_BOUND('',#8494,.T.);
#8494 = EDGE_LOOP('',(#8495,#8496,#8501,#8502));
#8495 = ORIENTED_EDGE('',*,*,#1307,.T.);
#8496 = ORIENTED_EDGE('',*,*,#8497,.F.);
#8497 = EDGE_CURVE('',#8027,#1301,#8498,.T.);
#8498 = B_SPLINE_CURVE_WITH_KNOTS('',1,(#8499,#8500),.UNSPECIFIED.,.F.,
  .F.,(2,2),(0.,1.000000000001E-04),.PIECEWISE_BEZIER_KNOTS.);
#8499 = CARTESIAN_POINT('',(0.141378201073,0.623050338526,0.717475434931
    ));
#8500 = CARTESIAN_POINT('',(0.141378201073,0.62295131172,0.717461517621)
  );
#8501 = ORIENTED_EDGE('',*,*,#8026,.F.);
#8502 = ORIENTED_EDGE('',*,*,#8481,.T.);
#8503 = B_SPLINE_SURFACE_WITH_KNOTS('',1,1,(
    (#8504,#8505)
    ,(#8506,#8507
    )),.UNSPECIFIED.,.F.,.F.,.F.,(2,2),(2,2),(-2.643978510897E-02,
    1.209194872566E-05),(-3.319984093791E-03,0.),
  .PIECEWISE_BEZIER_KNOTS.);
#8504 = CARTESIAN_POINT('',(0.141384187662,0.62295131172,0.717472023618)
  );
#8505 = CARTESIAN_POINT('',(0.141183964703,0.626263288186,0.717586115829
    ));
#8506 = CARTESIAN_POINT('',(0.128288159285,0.62295131172,0.694489511992)
  );
#8507 = CARTESIAN_POINT('',(0.128087936326,0.626263288186,0.694603604203
    ));
#8508 = ADVANCED_FACE('',(#8509),#8519,.F.);
#8509 = FACE_BOUND('',#8510,.T.);
#8510 = EDGE_LOOP('',(#8511,#8512,#8517,#8518));
#8511 = ORIENTED_EDGE('',*,*,#1300,.T.);
#8512 = ORIENTED_EDGE('',*,*,#8513,.F.);
#8513 = EDGE_CURVE('',#8034,#1292,#8514,.T.);
#8514 = B_SPLINE_CURVE_WITH_KNOTS('',1,(#8515,#8516),.UNSPECIFIED.,.F.,
  .F.,(2,2),(0.,9.999999999997E-05),.PIECEWISE_BEZIER_KNOTS.);
#8515 = CARTESIAN_POINT('',(0.199720780932,0.627218949766,0.687814224729
    ));
#8516 = CARTESIAN_POINT('',(0.199720780932,0.62711992296,0.687800307419)
  );
#8517 = ORIENTED_EDGE('',*,*,#8033,.F.);
#8518 = ORIENTED_EDGE('',*,*,#8497,.T.);
#8519 = B_SPLINE_SURFACE_WITH_KNOTS('',1,1,(
    (#8520,#8521)
    ,(#8522,#8523
    )),.UNSPECIFIED.,.F.,.F.,.F.,(2,2),(2,2),(-6.545389213669E-02,0.),(
    -9.979463038996E-05,4.200933374187E-03),.PIECEWISE_BEZIER_KNOTS.);
#8520 = CARTESIAN_POINT('',(0.199481391144,0.62295131172,0.687338556324)
  );
#8521 = CARTESIAN_POINT('',(0.199726467719,0.627218949766,0.687811276477
    ));
#8522 = CARTESIAN_POINT('',(0.141372514286,0.62295131172,0.717464465873)
  );
#8523 = CARTESIAN_POINT('',(0.141617590861,0.627218949766,0.717937186025
    ));
#8524 = ADVANCED_FACE('',(#8525),#8535,.F.);
#8525 = FACE_BOUND('',#8526,.F.);
#8526 = EDGE_LOOP('',(#8527,#8528,#8529,#8534));
#8527 = ORIENTED_EDGE('',*,*,#8513,.F.);
#8528 = ORIENTED_EDGE('',*,*,#8040,.T.);
#8529 = ORIENTED_EDGE('',*,*,#8530,.T.);
#8530 = EDGE_CURVE('',#8041,#1283,#8531,.T.);
#8531 = B_SPLINE_CURVE_WITH_KNOTS('',1,(#8532,#8533),.UNSPECIFIED.,.F.,
  .F.,(2,2),(0.,9.999999999997E-05),.PIECEWISE_BEZIER_KNOTS.);
#8532 = CARTESIAN_POINT('',(0.232150071008,0.625134214856,0.702647884392
    ));
#8533 = CARTESIAN_POINT('',(0.232150071008,0.625035188049,0.702633967082
    ));
#8534 = ORIENTED_EDGE('',*,*,#1291,.F.);
#8535 = B_SPLINE_SURFACE_WITH_KNOTS('',3,1,(
    (#8536,#8537)
    ,(#8538,#8539)
    ,(#8540,#8541)
    ,(#8542,#8543
    )),.UNSPECIFIED.,.F.,.F.,.F.,(4,4),(2,2),(15.,16.),(0.,1.),
  .PIECEWISE_BEZIER_KNOTS.);
#8536 = CARTESIAN_POINT('',(0.199720780932,0.627218949766,0.687814224729
    ));
#8537 = CARTESIAN_POINT('',(0.199720780932,0.62711992296,0.687800307419)
  );
#8538 = CARTESIAN_POINT('',(0.207464304199,0.62594344642,0.69688990262)
  );
#8539 = CARTESIAN_POINT('',(0.207464304199,0.625844419613,0.69687598531)
  );
#8540 = CARTESIAN_POINT('',(0.21913651377,0.625147060086,0.702556485826)
  );
#8541 = CARTESIAN_POINT('',(0.21913651377,0.62504803328,0.702542568516)
  );
#8542 = CARTESIAN_POINT('',(0.232150071008,0.625134214856,0.702647884392
    ));
#8543 = CARTESIAN_POINT('',(0.232150071008,0.625035188049,0.702633967082
    ));
#8544 = ADVANCED_FACE('',(#8545),#8555,.F.);
#8545 = FACE_BOUND('',#8546,.F.);
#8546 = EDGE_LOOP('',(#8547,#8548,#8549,#8554));
#8547 = ORIENTED_EDGE('',*,*,#8530,.F.);
#8548 = ORIENTED_EDGE('',*,*,#8049,.T.);
#8549 = ORIENTED_EDGE('',*,*,#8550,.T.);
#8550 = EDGE_CURVE('',#8050,#1274,#8551,.T.);
#8551 = B_SPLINE_CURVE_WITH_KNOTS('',1,(#8552,#8553),.UNSPECIFIED.,.F.,
  .F.,(2,2),(0.,9.999999999997E-05),.PIECEWISE_BEZIER_KNOTS.);
#8552 = CARTESIAN_POINT('',(0.273128934988,0.629078468352,0.67458306249)
  );
#8553 = CARTESIAN_POINT('',(0.273128934988,0.628979441545,0.67456914518)
  );
#8554 = ORIENTED_EDGE('',*,*,#1282,.F.);
#8555 = B_SPLINE_SURFACE_WITH_KNOTS('',3,1,(
    (#8556,#8557)
    ,(#8558,#8559)
    ,(#8560,#8561)
    ,(#8562,#8563
    )),.UNSPECIFIED.,.F.,.F.,.F.,(4,4),(2,2),(16.,17.),(0.,1.),
  .PIECEWISE_BEZIER_KNOTS.);
#8556 = CARTESIAN_POINT('',(0.232150071008,0.625134214856,0.702647884392
    ));
#8557 = CARTESIAN_POINT('',(0.232150071008,0.625035188049,0.702633967082
    ));
#8558 = CARTESIAN_POINT('',(0.250802841348,0.625115803353,0.702778889039
    ));
#8559 = CARTESIAN_POINT('',(0.250802841348,0.625016776546,0.702764971729
    ));
#8560 = CARTESIAN_POINT('',(0.26693903396,0.626790355087,0.690863834332)
  );
#8561 = CARTESIAN_POINT('',(0.26693903396,0.62669132828,0.690849917022)
  );
#8562 = CARTESIAN_POINT('',(0.273128934988,0.629078468352,0.67458306249)
  );
#8563 = CARTESIAN_POINT('',(0.273128934988,0.628979441545,0.67456914518)
  );
#8564 = ADVANCED_FACE('',(#8565),#8575,.F.);
#8565 = FACE_BOUND('',#8566,.F.);
#8566 = EDGE_LOOP('',(#8567,#8568,#8569,#8574));
#8567 = ORIENTED_EDGE('',*,*,#8550,.F.);
#8568 = ORIENTED_EDGE('',*,*,#8058,.T.);
#8569 = ORIENTED_EDGE('',*,*,#8570,.T.);
#8570 = EDGE_CURVE('',#8059,#1265,#8571,.T.);
#8571 = B_SPLINE_CURVE_WITH_KNOTS('',1,(#8572,#8573),.UNSPECIFIED.,.F.,
  .F.,(2,2),(0.,9.999999999997E-05),.PIECEWISE_BEZIER_KNOTS.);
#8572 = CARTESIAN_POINT('',(0.298873005946,0.623498623609,0.714285720827
    ));
#8573 = CARTESIAN_POINT('',(0.298873005946,0.623399596802,0.714271803517
    ));
#8574 = ORIENTED_EDGE('',*,*,#1273,.F.);
#8575 = B_SPLINE_SURFACE_WITH_KNOTS('',3,1,(
    (#8576,#8577)
    ,(#8578,#8579)
    ,(#8580,#8581)
    ,(#8582,#8583
    )),.UNSPECIFIED.,.F.,.F.,.F.,(4,4),(2,2),(17.,18.),(0.,1.),
  .PIECEWISE_BEZIER_KNOTS.);
#8576 = CARTESIAN_POINT('',(0.273128934988,0.629078468352,0.67458306249)
  );
#8577 = CARTESIAN_POINT('',(0.273128934988,0.628979441545,0.67456914518)
  );
#8578 = CARTESIAN_POINT('',(0.288262193466,0.628097542224,0.681562714559
    ));
#8579 = CARTESIAN_POINT('',(0.288262193466,0.627998515417,0.681548797249
    ));
#8580 = CARTESIAN_POINT('',(0.298999144907,0.625973844564,0.69667360859)
  );
#8581 = CARTESIAN_POINT('',(0.298999144907,0.625874817757,0.69665969128)
  );
#8582 = CARTESIAN_POINT('',(0.298873005946,0.623498623609,0.714285720827
    ));
#8583 = CARTESIAN_POINT('',(0.298873005946,0.623399596802,0.714271803517
    ));
#8584 = ADVANCED_FACE('',(#8585),#8595,.F.);
#8585 = FACE_BOUND('',#8586,.F.);
#8586 = EDGE_LOOP('',(#8587,#8588,#8589,#8594));
#8587 = ORIENTED_EDGE('',*,*,#8570,.F.);
#8588 = ORIENTED_EDGE('',*,*,#8067,.T.);
#8589 = ORIENTED_EDGE('',*,*,#8590,.T.);
#8590 = EDGE_CURVE('',#8068,#1256,#8591,.T.);
#8591 = B_SPLINE_CURVE_WITH_KNOTS('',1,(#8592,#8593),.UNSPECIFIED.,.F.,
  .F.,(2,2),(0.,9.999999999997E-05),.PIECEWISE_BEZIER_KNOTS.);
#8592 = CARTESIAN_POINT('',(0.255186825844,0.617504317327,0.756937426253
    ));
#8593 = CARTESIAN_POINT('',(0.255186825844,0.61740529052,0.756923508943)
  );
#8594 = ORIENTED_EDGE('',*,*,#1264,.F.);
#8595 = B_SPLINE_SURFACE_WITH_KNOTS('',3,1,(
    (#8596,#8597)
    ,(#8598,#8599)
    ,(#8600,#8601)
    ,(#8602,#8603
    )),.UNSPECIFIED.,.F.,.F.,.F.,(4,4),(2,2),(18.,19.),(0.,1.),
  .PIECEWISE_BEZIER_KNOTS.);
#8596 = CARTESIAN_POINT('',(0.298873005946,0.623498623609,0.714285720827
    ));
#8597 = CARTESIAN_POINT('',(0.298873005946,0.623399596802,0.714271803517
    ));
#8598 = CARTESIAN_POINT('',(0.29870379516,0.620178205564,0.73791172285)
  );
#8599 = CARTESIAN_POINT('',(0.29870379516,0.620079178757,0.737897805539)
  );
#8600 = CARTESIAN_POINT('',(0.279045014114,0.617480767737,0.757104990291
    ));
#8601 = CARTESIAN_POINT('',(0.279045014114,0.61738174093,0.757091072981)
  );
#8602 = CARTESIAN_POINT('',(0.255186825844,0.617504317327,0.756937426253
    ));
#8603 = CARTESIAN_POINT('',(0.255186825844,0.61740529052,0.756923508943)
  );
#8604 = ADVANCED_FACE('',(#8605),#8615,.F.);
#8605 = FACE_BOUND('',#8606,.F.);
#8606 = EDGE_LOOP('',(#8607,#8608,#8609,#8614));
#8607 = ORIENTED_EDGE('',*,*,#8590,.F.);
#8608 = ORIENTED_EDGE('',*,*,#8076,.T.);
#8609 = ORIENTED_EDGE('',*,*,#8610,.T.);
#8610 = EDGE_CURVE('',#8077,#1247,#8611,.T.);
#8611 = B_SPLINE_CURVE_WITH_KNOTS('',1,(#8612,#8613),.UNSPECIFIED.,.F.,
  .F.,(2,2),(0.,9.999999999997E-05),.PIECEWISE_BEZIER_KNOTS.);
#8612 = CARTESIAN_POINT('',(0.232242359761,0.618432579123,0.750332500379
    ));
#8613 = CARTESIAN_POINT('',(0.232242359761,0.618333552316,0.750318583069
    ));
#8614 = ORIENTED_EDGE('',*,*,#1255,.F.);
#8615 = B_SPLINE_SURFACE_WITH_KNOTS('',3,1,(
    (#8616,#8617)
    ,(#8618,#8619)
    ,(#8620,#8621)
    ,(#8622,#8623
    )),.UNSPECIFIED.,.F.,.F.,.F.,(4,4),(2,2),(19.,20.),(0.,1.),
  .PIECEWISE_BEZIER_KNOTS.);
#8616 = CARTESIAN_POINT('',(0.255186825844,0.617504317327,0.756937426253
    ));
#8617 = CARTESIAN_POINT('',(0.255186825844,0.61740529052,0.756923508943)
  );
#8618 = CARTESIAN_POINT('',(0.246944907914,0.617512452638,0.756879540506
    ));
#8619 = CARTESIAN_POINT('',(0.246944907914,0.617413425831,0.756865623196
    ));
#8620 = CARTESIAN_POINT('',(0.238721449354,0.617882815603,0.754244271082
    ));
#8621 = CARTESIAN_POINT('',(0.238721449354,0.617783788796,0.754230353772
    ));
#8622 = CARTESIAN_POINT('',(0.232242359761,0.618432579123,0.750332500379
    ));
#8623 = CARTESIAN_POINT('',(0.232242359761,0.618333552316,0.750318583069
    ));
#8624 = ADVANCED_FACE('',(#8625),#8635,.F.);
#8625 = FACE_BOUND('',#8626,.F.);
#8626 = EDGE_LOOP('',(#8627,#8628,#8629,#8634));
#8627 = ORIENTED_EDGE('',*,*,#8610,.F.);
#8628 = ORIENTED_EDGE('',*,*,#8085,.T.);
#8629 = ORIENTED_EDGE('',*,*,#8630,.T.);
#8630 = EDGE_CURVE('',#8086,#1238,#8631,.T.);
#8631 = B_SPLINE_CURVE_WITH_KNOTS('',1,(#8632,#8633),.UNSPECIFIED.,.F.,
  .F.,(2,2),(0.,1.000000000001E-04),.PIECEWISE_BEZIER_KNOTS.);
#8632 = CARTESIAN_POINT('',(0.173819797788,0.612694318932,0.791162343199
    ));
#8633 = CARTESIAN_POINT('',(0.173819797788,0.612595292125,0.791148425889
    ));
#8634 = ORIENTED_EDGE('',*,*,#1246,.F.);
#8635 = B_SPLINE_SURFACE_WITH_KNOTS('',3,1,(
    (#8636,#8637)
    ,(#8638,#8639)
    ,(#8640,#8641)
    ,(#8642,#8643
    )),.UNSPECIFIED.,.F.,.F.,.F.,(4,4),(2,2),(20.,21.),(0.,1.),
  .PIECEWISE_BEZIER_KNOTS.);
#8636 = CARTESIAN_POINT('',(0.232242359761,0.618432579123,0.750332500379
    ));
#8637 = CARTESIAN_POINT('',(0.232242359761,0.618333552316,0.750318583069
    ));
#8638 = CARTESIAN_POINT('',(0.223828162924,0.615059928368,0.774330157444
    ));
#8639 = CARTESIAN_POINT('',(0.223828162924,0.614960901561,0.774316240134
    ));
#8640 = CARTESIAN_POINT('',(0.201148264679,0.61266734395,0.791354280165)
  );
#8641 = CARTESIAN_POINT('',(0.201148264679,0.612568317144,0.791340362855
    ));
#8642 = CARTESIAN_POINT('',(0.173819797788,0.612694318932,0.791162343199
    ));
#8643 = CARTESIAN_POINT('',(0.173819797788,0.612595292125,0.791148425889
    ));
#8644 = ADVANCED_FACE('',(#8645),#8655,.F.);
#8645 = FACE_BOUND('',#8646,.F.);
#8646 = EDGE_LOOP('',(#8647,#8648,#8649,#8654));
#8647 = ORIENTED_EDGE('',*,*,#8630,.F.);
#8648 = ORIENTED_EDGE('',*,*,#8094,.T.);
#8649 = ORIENTED_EDGE('',*,*,#8650,.T.);
#8650 = EDGE_CURVE('',#8095,#1229,#8651,.T.);
#8651 = B_SPLINE_CURVE_WITH_KNOTS('',1,(#8652,#8653),.UNSPECIFIED.,.F.,
  .F.,(2,2),(0.,9.999999999997E-05),.PIECEWISE_BEZIER_KNOTS.);
#8652 = CARTESIAN_POINT('',(0.113474433976,0.62030066799,0.737040357416)
  );
#8653 = CARTESIAN_POINT('',(0.113474433976,0.620201641183,0.737026440105
    ));
#8654 = ORIENTED_EDGE('',*,*,#1237,.F.);
#8655 = B_SPLINE_SURFACE_WITH_KNOTS('',3,1,(
    (#8656,#8657)
    ,(#8658,#8659)
    ,(#8660,#8661)
    ,(#8662,#8663
    )),.UNSPECIFIED.,.F.,.F.,.F.,(4,4),(2,2),(21.,22.),(0.,1.),
  .PIECEWISE_BEZIER_KNOTS.);
#8656 = CARTESIAN_POINT('',(0.173819797788,0.612694318932,0.791162343199
    ));
#8657 = CARTESIAN_POINT('',(0.173819797788,0.612595292125,0.791148425889
    ));
#8658 = CARTESIAN_POINT('',(0.142587257106,0.612725147489,0.790942986617
    ));
#8659 = CARTESIAN_POINT('',(0.142587257106,0.612626120682,0.790929069307
    ));
#8660 = CARTESIAN_POINT('',(0.116729353415,0.616071255995,0.767134187462
    ));
#8661 = CARTESIAN_POINT('',(0.116729353415,0.615972229189,0.767120270152
    ));
#8662 = CARTESIAN_POINT('',(0.113474433976,0.62030066799,0.737040357416)
  );
#8663 = CARTESIAN_POINT('',(0.113474433976,0.620201641183,0.737026440105
    ));
#8664 = ADVANCED_FACE('',(#8665),#8675,.F.);
#8665 = FACE_BOUND('',#8666,.T.);
#8666 = EDGE_LOOP('',(#8667,#8668,#8673,#8674));
#8667 = ORIENTED_EDGE('',*,*,#1228,.T.);
#8668 = ORIENTED_EDGE('',*,*,#8669,.F.);
#8669 = EDGE_CURVE('',#8104,#1220,#8670,.T.);
#8670 = B_SPLINE_CURVE_WITH_KNOTS('',1,(#8671,#8672),.UNSPECIFIED.,.F.,
  .F.,(2,2),(0.,1.000000000001E-04),.PIECEWISE_BEZIER_KNOTS.);
#8671 = CARTESIAN_POINT('',(0.110004155355,0.620304093381,0.737015984488
    ));
#8672 = CARTESIAN_POINT('',(0.110004155355,0.620205066574,0.737002067178
    ));
#8673 = ORIENTED_EDGE('',*,*,#8103,.F.);
#8674 = ORIENTED_EDGE('',*,*,#8650,.T.);
#8675 = B_SPLINE_SURFACE_WITH_KNOTS('',1,1,(
    (#8676,#8677)
    ,(#8678,#8679
    )),.UNSPECIFIED.,.F.,.F.,.F.,(2,2),(2,2),(-1.110223024625E-16,
    1.000000000001E-04),(-3.470365899832E-03,1.899522206194E-20),
  .PIECEWISE_BEZIER_KNOTS.);
#8676 = CARTESIAN_POINT('',(0.110004155355,0.620304093381,0.737015984488
    ));
#8677 = CARTESIAN_POINT('',(0.113474433976,0.62030066799,0.737040357416)
  );
#8678 = CARTESIAN_POINT('',(0.110004155355,0.620205066574,0.737002067178
    ));
#8679 = CARTESIAN_POINT('',(0.113474433976,0.620201641183,0.737026440105
    ));
#8680 = ADVANCED_FACE('',(#8681),#8691,.F.);
#8681 = FACE_BOUND('',#8682,.F.);
#8682 = EDGE_LOOP('',(#8683,#8684,#8685,#8690));
#8683 = ORIENTED_EDGE('',*,*,#8669,.F.);
#8684 = ORIENTED_EDGE('',*,*,#8112,.T.);
#8685 = ORIENTED_EDGE('',*,*,#8686,.T.);
#8686 = EDGE_CURVE('',#8113,#1211,#8687,.T.);
#8687 = B_SPLINE_CURVE_WITH_KNOTS('',1,(#8688,#8689),.UNSPECIFIED.,.F.,
  .F.,(2,2),(0.,9.999999999997E-05),.PIECEWISE_BEZIER_KNOTS.);
#8688 = CARTESIAN_POINT('',(7.640888148149E-02,0.625046447017,
    0.703272385012));
#8689 = CARTESIAN_POINT('',(7.640888148149E-02,0.62494742021,
    0.703258467702));
#8690 = ORIENTED_EDGE('',*,*,#1219,.F.);
#8691 = B_SPLINE_SURFACE_WITH_KNOTS('',3,1,(
    (#8692,#8693)
    ,(#8694,#8695)
    ,(#8696,#8697)
    ,(#8698,#8699
    )),.UNSPECIFIED.,.F.,.F.,.F.,(4,4),(2,2),(23.,24.),(0.,1.),
  .PIECEWISE_BEZIER_KNOTS.);
#8692 = CARTESIAN_POINT('',(0.110004155355,0.620304093381,0.737015984488
    ));
#8693 = CARTESIAN_POINT('',(0.110004155355,0.620205066574,0.737002067178
    ));
#8694 = CARTESIAN_POINT('',(9.135139328988E-02,0.620322504875,
    0.736884979899));
#8695 = CARTESIAN_POINT('',(9.135139328988E-02,0.620223478068,
    0.736871062589));
#8696 = CARTESIAN_POINT('',(7.62765894361E-02,0.622450484279,
    0.721743619679));
#8697 = CARTESIAN_POINT('',(7.62765894361E-02,0.622351457472,
    0.721729702369));
#8698 = CARTESIAN_POINT('',(7.640888148149E-02,0.625046447017,
    0.703272385012));
#8699 = CARTESIAN_POINT('',(7.640888148149E-02,0.62494742021,
    0.703258467702));
#8700 = ADVANCED_FACE('',(#8701),#8711,.F.);
#8701 = FACE_BOUND('',#8702,.F.);
#8702 = EDGE_LOOP('',(#8703,#8704,#8705,#8710));
#8703 = ORIENTED_EDGE('',*,*,#8686,.F.);
#8704 = ORIENTED_EDGE('',*,*,#8121,.T.);
#8705 = ORIENTED_EDGE('',*,*,#8706,.T.);
#8706 = EDGE_CURVE('',#8122,#1204,#8707,.T.);
#8707 = B_SPLINE_CURVE_WITH_KNOTS('',1,(#8708,#8709),.UNSPECIFIED.,.F.,
  .F.,(2,2),(0.,9.999999999997E-05),.PIECEWISE_BEZIER_KNOTS.);
#8708 = CARTESIAN_POINT('',(0.107881393799,0.6297245745,0.669985778367)
  );
#8709 = CARTESIAN_POINT('',(0.107881393799,0.629625547693,0.669971861057
    ));
#8710 = ORIENTED_EDGE('',*,*,#1210,.F.);
#8711 = B_SPLINE_SURFACE_WITH_KNOTS('',3,1,(
    (#8712,#8713)
    ,(#8714,#8715)
    ,(#8716,#8717)
    ,(#8718,#8719
    )),.UNSPECIFIED.,.F.,.F.,.F.,(4,4),(2,2),(24.,25.),(0.,1.),
  .PIECEWISE_BEZIER_KNOTS.);
#8712 = CARTESIAN_POINT('',(7.640888148149E-02,0.625046447017,
    0.703272385012));
#8713 = CARTESIAN_POINT('',(7.640888148149E-02,0.62494742021,
    0.703258467702));
#8714 = CARTESIAN_POINT('',(7.653502044261E-02,0.627521667972,
    0.685660272775));
#8715 = CARTESIAN_POINT('',(7.653502044261E-02,0.627422641165,
    0.685646355465));
#8716 = CARTESIAN_POINT('',(9.008695932281E-02,0.629561016407,
    0.671149554666));
#8717 = CARTESIAN_POINT('',(9.008695932281E-02,0.6294619896,
    0.671135637356));
#8718 = CARTESIAN_POINT('',(0.107881393799,0.6297245745,0.669985778367)
  );
#8719 = CARTESIAN_POINT('',(0.107881393799,0.629625547693,0.669971861057
    ));
#8720 = ADVANCED_FACE('',(#8721),#8731,.F.);
#8721 = FACE_BOUND('',#8722,.T.);
#8722 = EDGE_LOOP('',(#8723,#8724,#8729,#8730));
#8723 = ORIENTED_EDGE('',*,*,#1203,.T.);
#8724 = ORIENTED_EDGE('',*,*,#8725,.F.);
#8725 = EDGE_CURVE('',#8131,#1195,#8726,.T.);
#8726 = B_SPLINE_CURVE_WITH_KNOTS('',1,(#8727,#8728),.UNSPECIFIED.,.F.,
  .F.,(2,2),(0.,9.999999999997E-05),.PIECEWISE_BEZIER_KNOTS.);
#8727 = CARTESIAN_POINT('',(0.127401729657,0.629705306653,0.670122876217
    ));
#8728 = CARTESIAN_POINT('',(0.127401729657,0.629606279847,0.670108958907
    ));
#8729 = ORIENTED_EDGE('',*,*,#8130,.F.);
#8730 = ORIENTED_EDGE('',*,*,#8706,.T.);
#8731 = B_SPLINE_SURFACE_WITH_KNOTS('',1,1,(
    (#8732,#8733)
    ,(#8734,#8735
    )),.UNSPECIFIED.,.F.,.F.,.F.,(2,2),(2,2),(-1.000000000001E-04,
    3.693272633065E-32),(-1.399663358288E-17,1.952082680275E-02),
  .PIECEWISE_BEZIER_KNOTS.);
#8732 = CARTESIAN_POINT('',(0.107881393799,0.629625547693,0.669971861057
    ));
#8733 = CARTESIAN_POINT('',(0.127401729657,0.629606279847,0.670108958907
    ));
#8734 = CARTESIAN_POINT('',(0.107881393799,0.6297245745,0.669985778367)
  );
#8735 = CARTESIAN_POINT('',(0.127401729657,0.629705306653,0.670122876217
    ));
#8736 = ADVANCED_FACE('',(#8737),#8747,.F.);
#8737 = FACE_BOUND('',#8738,.F.);
#8738 = EDGE_LOOP('',(#8739,#8740,#8741,#8746));
#8739 = ORIENTED_EDGE('',*,*,#8725,.F.);
#8740 = ORIENTED_EDGE('',*,*,#8137,.T.);
#8741 = ORIENTED_EDGE('',*,*,#8742,.T.);
#8742 = EDGE_CURVE('',#8138,#1186,#8743,.T.);
#8743 = B_SPLINE_CURVE_WITH_KNOTS('',1,(#8744,#8745),.UNSPECIFIED.,.F.,
  .F.,(2,2),(0.,9.999999999997E-05),.PIECEWISE_BEZIER_KNOTS.);
#8744 = CARTESIAN_POINT('',(0.130001357973,0.629642367298,0.670570713002
    ));
#8745 = CARTESIAN_POINT('',(0.130001357973,0.629543340491,0.670556795692
    ));
#8746 = ORIENTED_EDGE('',*,*,#1194,.F.);
#8747 = B_SPLINE_SURFACE_WITH_KNOTS('',3,1,(
    (#8748,#8749)
    ,(#8750,#8751)
    ,(#8752,#8753)
    ,(#8754,#8755
    )),.UNSPECIFIED.,.F.,.F.,.F.,(4,4),(2,2),(26.,27.),(0.,1.),
  .PIECEWISE_BEZIER_KNOTS.);
#8748 = CARTESIAN_POINT('',(0.127401729657,0.629705306653,0.670122876217
    ));
#8749 = CARTESIAN_POINT('',(0.127401729657,0.629606279847,0.670108958907
    ));
#8750 = CARTESIAN_POINT('',(0.128269303449,0.629704450301,0.670128969478
    ));
#8751 = CARTESIAN_POINT('',(0.128269303449,0.629605423495,0.670115052168
    ));
#8752 = CARTESIAN_POINT('',(0.129133800728,0.629643223633,0.670564619857
    ));
#8753 = CARTESIAN_POINT('',(0.129133800728,0.629544196827,0.670550702547
    ));
#8754 = CARTESIAN_POINT('',(0.130001357973,0.629642367298,0.670570713002
    ));
#8755 = CARTESIAN_POINT('',(0.130001357973,0.629543340491,0.670556795692
    ));
#8756 = ADVANCED_FACE('',(#8757),#8767,.F.);
#8757 = FACE_BOUND('',#8758,.F.);
#8758 = EDGE_LOOP('',(#8759,#8760,#8761,#8766));
#8759 = ORIENTED_EDGE('',*,*,#8742,.F.);
#8760 = ORIENTED_EDGE('',*,*,#8146,.T.);
#8761 = ORIENTED_EDGE('',*,*,#8762,.T.);
#8762 = EDGE_CURVE('',#8147,#1177,#8763,.T.);
#8763 = B_SPLINE_CURVE_WITH_KNOTS('',1,(#8764,#8765),.UNSPECIFIED.,.F.,
  .F.,(2,2),(0.,9.999999999997E-05),.PIECEWISE_BEZIER_KNOTS.);
#8764 = CARTESIAN_POINT('',(0.143544067138,0.631500601331,0.657348690828
    ));
#8765 = CARTESIAN_POINT('',(0.143544067138,0.631401574524,0.657334773518
    ));
#8766 = ORIENTED_EDGE('',*,*,#1185,.F.);
#8767 = B_SPLINE_SURFACE_WITH_KNOTS('',3,1,(
    (#8768,#8769)
    ,(#8770,#8771)
    ,(#8772,#8773)
    ,(#8774,#8775
    )),.UNSPECIFIED.,.F.,.F.,.F.,(4,4),(2,2),(27.,28.),(0.,1.),
  .PIECEWISE_BEZIER_KNOTS.);
#8768 = CARTESIAN_POINT('',(0.130001357973,0.629642367298,0.670570713002
    ));
#8769 = CARTESIAN_POINT('',(0.130001357973,0.629543340491,0.670556795692
    ));
#8770 = CARTESIAN_POINT('',(0.137375710384,0.62963508833,0.670622505546)
  );
#8771 = CARTESIAN_POINT('',(0.137375710384,0.629536061524,0.670608588236
    ));
#8772 = CARTESIAN_POINT('',(0.143491765717,0.630474292141,0.664651260162
    ));
#8773 = CARTESIAN_POINT('',(0.143491765717,0.630375265334,0.664637342852
    ));
#8774 = CARTESIAN_POINT('',(0.143544067138,0.631500601331,0.657348690828
    ));
#8775 = CARTESIAN_POINT('',(0.143544067138,0.631401574524,0.657334773518
    ));
#8776 = ADVANCED_FACE('',(#8777),#8787,.F.);
#8777 = FACE_BOUND('',#8778,.F.);
#8778 = EDGE_LOOP('',(#8779,#8780,#8781,#8786));
#8779 = ORIENTED_EDGE('',*,*,#8762,.F.);
#8780 = ORIENTED_EDGE('',*,*,#8155,.T.);
#8781 = ORIENTED_EDGE('',*,*,#8782,.T.);
#8782 = EDGE_CURVE('',#8156,#1170,#8783,.T.);
#8783 = B_SPLINE_CURVE_WITH_KNOTS('',1,(#8784,#8785),.UNSPECIFIED.,.F.,
  .F.,(2,2),(0.,9.999999999997E-05),.PIECEWISE_BEZIER_KNOTS.);
#8784 = CARTESIAN_POINT('',(0.131059661827,0.633384525825,0.643943871522
    ));
#8785 = CARTESIAN_POINT('',(0.131059661827,0.633285499018,0.643929954212
    ));
#8786 = ORIENTED_EDGE('',*,*,#1176,.F.);
#8787 = B_SPLINE_SURFACE_WITH_KNOTS('',3,1,(
    (#8788,#8789)
    ,(#8790,#8791)
    ,(#8792,#8793)
    ,(#8794,#8795
    )),.UNSPECIFIED.,.F.,.F.,.F.,(4,4),(2,2),(28.,29.),(0.,1.),
  .PIECEWISE_BEZIER_KNOTS.);
#8788 = CARTESIAN_POINT('',(0.143544067138,0.631500601331,0.657348690828
    ));
#8789 = CARTESIAN_POINT('',(0.143544067138,0.631401574524,0.657334773518
    ));
#8790 = CARTESIAN_POINT('',(0.143593292047,0.632466540204,0.650475678613
    ));
#8791 = CARTESIAN_POINT('',(0.143593292047,0.632367513397,0.650461761302
    ));
#8792 = CARTESIAN_POINT('',(0.137997159104,0.633317304709,0.644422174612
    ));
#8793 = CARTESIAN_POINT('',(0.137997159104,0.633218277903,0.644408257302
    ));
#8794 = CARTESIAN_POINT('',(0.131059661827,0.633384525825,0.643943871522
    ));
#8795 = CARTESIAN_POINT('',(0.131059661827,0.633285499018,0.643929954212
    ));
#8796 = ADVANCED_FACE('',(#8797),#8807,.F.);
#8797 = FACE_BOUND('',#8798,.T.);
#8798 = EDGE_LOOP('',(#8799,#8800,#8805,#8806));
#8799 = ORIENTED_EDGE('',*,*,#1169,.T.);
#8800 = ORIENTED_EDGE('',*,*,#8801,.F.);
#8801 = EDGE_CURVE('',#8165,#1161,#8802,.T.);
#8802 = B_SPLINE_CURVE_WITH_KNOTS('',1,(#8803,#8804),.UNSPECIFIED.,.F.,
  .F.,(2,2),(0.,9.999999999997E-05),.PIECEWISE_BEZIER_KNOTS.);
#8803 = CARTESIAN_POINT('',(0.10546634252,0.633409788102,0.643764121078)
  );
#8804 = CARTESIAN_POINT('',(0.10546634252,0.633310761295,0.643750203768)
  );
#8805 = ORIENTED_EDGE('',*,*,#8164,.F.);
#8806 = ORIENTED_EDGE('',*,*,#8782,.T.);
#8807 = B_SPLINE_SURFACE_WITH_KNOTS('',1,1,(
    (#8808,#8809)
    ,(#8810,#8811
    )),.UNSPECIFIED.,.F.,.F.,.F.,(2,2),(2,2),(-2.132490148007E-17,
    1.000000000008E-04),(-1.301385144039E-03,2.429257784641E-02),
  .PIECEWISE_BEZIER_KNOTS.);
#8808 = CARTESIAN_POINT('',(0.10546634252,0.633409788102,0.643764121078)
  );
#8809 = CARTESIAN_POINT('',(0.131059661827,0.633384525825,0.643943871522
    ));
#8810 = CARTESIAN_POINT('',(0.10546634252,0.633310761295,0.643750203768)
  );
#8811 = CARTESIAN_POINT('',(0.131059661827,0.633285499018,0.643929954212
    ));
#8812 = ADVANCED_FACE('',(#8813),#8823,.F.);
#8813 = FACE_BOUND('',#8814,.F.);
#8814 = EDGE_LOOP('',(#8815,#8816,#8817,#8822));
#8815 = ORIENTED_EDGE('',*,*,#8801,.F.);
#8816 = ORIENTED_EDGE('',*,*,#8171,.T.);
#8817 = ORIENTED_EDGE('',*,*,#8818,.T.);
#8818 = EDGE_CURVE('',#8172,#1152,#8819,.T.);
#8819 = B_SPLINE_CURVE_WITH_KNOTS('',1,(#8820,#8821),.UNSPECIFIED.,.F.,
  .F.,(2,2),(0.,1.000000000001E-04),.PIECEWISE_BEZIER_KNOTS.);
#8820 = CARTESIAN_POINT('',(6.585344699488E-02,0.630732046289,
    0.662817244098));
#8821 = CARTESIAN_POINT('',(6.585344699488E-02,0.630633019483,
    0.662803326788));
#8822 = ORIENTED_EDGE('',*,*,#1160,.F.);
#8823 = B_SPLINE_SURFACE_WITH_KNOTS('',3,1,(
    (#8824,#8825)
    ,(#8826,#8827)
    ,(#8828,#8829)
    ,(#8830,#8831
    )),.UNSPECIFIED.,.F.,.F.,.F.,(4,4),(2,2),(33.,34.),(0.,1.),
  .PIECEWISE_BEZIER_KNOTS.);
#8824 = CARTESIAN_POINT('',(0.10546634252,0.633409788102,0.643764121078)
  );
#8825 = CARTESIAN_POINT('',(0.10546634252,0.633310761295,0.643750203768)
  );
#8826 = CARTESIAN_POINT('',(9.027462942007E-02,0.633243660954,
    0.644946177159));
#8827 = CARTESIAN_POINT('',(9.027462942007E-02,0.633144634147,
    0.644932259849));
#8828 = CARTESIAN_POINT('',(7.634427336311E-02,0.63229142136,
    0.651721713934));
#8829 = CARTESIAN_POINT('',(7.634427336311E-02,0.632192394553,
    0.651707796624));
#8830 = CARTESIAN_POINT('',(6.585344699488E-02,0.630732046289,
    0.662817244098));
#8831 = CARTESIAN_POINT('',(6.585344699488E-02,0.630633019483,
    0.662803326788));
#8832 = ADVANCED_FACE('',(#8833),#8839,.F.);
#8833 = FACE_BOUND('',#8834,.F.);
#8834 = EDGE_LOOP('',(#8835,#8836,#8837,#8838));
#8835 = ORIENTED_EDGE('',*,*,#8818,.F.);
#8836 = ORIENTED_EDGE('',*,*,#8180,.T.);
#8837 = ORIENTED_EDGE('',*,*,#8220,.T.);
#8838 = ORIENTED_EDGE('',*,*,#1151,.F.);
#8839 = B_SPLINE_SURFACE_WITH_KNOTS('',3,1,(
    (#8840,#8841)
    ,(#8842,#8843)
    ,(#8844,#8845)
    ,(#8846,#8847
    )),.UNSPECIFIED.,.F.,.F.,.F.,(4,4),(2,2),(34.,35.),(0.,1.),
  .PIECEWISE_BEZIER_KNOTS.);
#8840 = CARTESIAN_POINT('',(6.585344699488E-02,0.630732046289,
    0.662817244098));
#8841 = CARTESIAN_POINT('',(6.585344699488E-02,0.630633019483,
    0.662803326788));
#8842 = CARTESIAN_POINT('',(5.536260407864E-02,0.629172671235,
    0.673912774145));
#8843 = CARTESIAN_POINT('',(5.536260407864E-02,0.629073644428,
    0.673898856835));
#8844 = CARTESIAN_POINT('',(4.96187961734E-02,0.627125614513,
    0.688478339564));
#8845 = CARTESIAN_POINT('',(4.96187961734E-02,0.627026587706,
    0.688464422254));
#8846 = CARTESIAN_POINT('',(4.951111658247E-02,0.625012621212,
    0.703513068124));
#8847 = CARTESIAN_POINT('',(4.951111658247E-02,0.624913594405,
    0.703499150814));
#8848 = ADVANCED_FACE('',(#8849),#8876,.T.);
#8849 = FACE_BOUND('',#8850,.T.);
#8850 = EDGE_LOOP('',(#8851,#8865,#8870,#8871));
#8851 = ORIENTED_EDGE('',*,*,#8852,.F.);
#8852 = EDGE_CURVE('',#8853,#8855,#8857,.T.);
#8853 = VERTEX_POINT('',#8854);
#8854 = CARTESIAN_POINT('',(0.233017661348,0.633547109143,0.642068501448
    ));
#8855 = VERTEX_POINT('',#8856);
#8856 = CARTESIAN_POINT('',(0.232777689594,0.628838150801,0.675574481061
    ));
#8857 = B_SPLINE_CURVE_WITH_KNOTS('',3,(#8858,#8859,#8860,#8861,#8862,
    #8863,#8864),.UNSPECIFIED.,.F.,.F.,(4,3,4),(0.,1.,2.),
  .PIECEWISE_BEZIER_KNOTS.);
#8858 = CARTESIAN_POINT('',(0.233017661348,0.633547109143,0.642068501448
    ));
#8859 = CARTESIAN_POINT('',(0.223474391004,0.633556528974,0.642001475867
    ));
#8860 = CARTESIAN_POINT('',(0.216044660424,0.63247712383,0.649681842549)
  );
#8861 = CARTESIAN_POINT('',(0.215980052716,0.63120932877,0.65870267313)
  );
#8862 = CARTESIAN_POINT('',(0.215912368378,0.629881161092,0.668153077216
    ));
#8863 = CARTESIAN_POINT('',(0.223668197873,0.628847142464,0.675510502053
    ));
#8864 = CARTESIAN_POINT('',(0.232777689594,0.628838150801,0.675574481061
    ));
#8865 = ORIENTED_EDGE('',*,*,#8866,.F.);
#8866 = EDGE_CURVE('',#8190,#8853,#8867,.T.);
#8867 = B_SPLINE_CURVE_WITH_KNOTS('',1,(#8868,#8869),.UNSPECIFIED.,.F.,
  .F.,(2,2),(0.,1.000000000002E-04),.PIECEWISE_BEZIER_KNOTS.);
#8868 = CARTESIAN_POINT('',(0.233017661348,0.63364613595,0.642082418758)
  );
#8869 = CARTESIAN_POINT('',(0.233017661348,0.633547109143,0.642068501448
    ));
#8870 = ORIENTED_EDGE('',*,*,#8189,.T.);
#8871 = ORIENTED_EDGE('',*,*,#8872,.T.);
#8872 = EDGE_CURVE('',#8192,#8855,#8873,.T.);
#8873 = B_SPLINE_CURVE_WITH_KNOTS('',1,(#8874,#8875),.UNSPECIFIED.,.F.,
  .F.,(2,2),(1.099418410468E-16,9.999999999997E-05),
  .PIECEWISE_BEZIER_KNOTS.);
#8874 = CARTESIAN_POINT('',(0.232777689594,0.628937177608,0.675588398371
    ));
#8875 = CARTESIAN_POINT('',(0.232777689594,0.628838150801,0.675574481061
    ));
#8876 = B_SPLINE_SURFACE_WITH_KNOTS('',3,1,(
    (#8877,#8878)
    ,(#8879,#8880)
    ,(#8881,#8882)
    ,(#8883,#8884)
    ,(#8885,#8886)
    ,(#8887,#8888)
    ,(#8889,#8890
    )),.UNSPECIFIED.,.F.,.F.,.F.,(4,3,4),(2,2),(0.,1.,2.),(0.,1.),
  .PIECEWISE_BEZIER_KNOTS.);
#8877 = CARTESIAN_POINT('',(0.233017661348,0.63364613595,0.642082418758)
  );
#8878 = CARTESIAN_POINT('',(0.233017661348,0.633547109143,0.642068501448
    ));
#8879 = CARTESIAN_POINT('',(0.223474391004,0.633655555781,0.642015393177
    ));
#8880 = CARTESIAN_POINT('',(0.223474391004,0.633556528974,0.642001475867
    ));
#8881 = CARTESIAN_POINT('',(0.216044660424,0.632576150637,0.649695759859
    ));
#8882 = CARTESIAN_POINT('',(0.216044660424,0.63247712383,0.649681842549)
  );
#8883 = CARTESIAN_POINT('',(0.215980052716,0.631308355577,0.65871659044)
  );
#8884 = CARTESIAN_POINT('',(0.215980052716,0.63120932877,0.65870267313)
  );
#8885 = CARTESIAN_POINT('',(0.215912368378,0.629980187899,0.668166994526
    ));
#8886 = CARTESIAN_POINT('',(0.215912368378,0.629881161092,0.668153077216
    ));
#8887 = CARTESIAN_POINT('',(0.223668197873,0.628946169271,0.675524419363
    ));
#8888 = CARTESIAN_POINT('',(0.223668197873,0.628847142464,0.675510502053
    ));
#8889 = CARTESIAN_POINT('',(0.232777689594,0.628937177608,0.675588398371
    ));
#8890 = CARTESIAN_POINT('',(0.232777689594,0.628838150801,0.675574481061
    ));
#8891 = ADVANCED_FACE('',(#8892),#8906,.T.);
#8892 = FACE_BOUND('',#8893,.T.);
#8893 = EDGE_LOOP('',(#8894,#8903,#8904,#8905));
#8894 = ORIENTED_EDGE('',*,*,#8895,.F.);
#8895 = EDGE_CURVE('',#8855,#8853,#8896,.T.);
#8896 = B_SPLINE_CURVE_WITH_KNOTS('',3,(#8897,#8898,#8899,#8900,#8901,
    #8902),.UNSPECIFIED.,.F.,.F.,(4,2,4),(2.,3.,4.),.UNSPECIFIED.);
#8897 = CARTESIAN_POINT('',(0.232777689594,0.628838150801,0.675574481061
    ));
#8898 = CARTESIAN_POINT('',(0.241887181316,0.628829159138,0.675638460069
    ));
#8899 = CARTESIAN_POINT('',(0.249747613889,0.629847763495,0.668390713465
    ));
#8900 = CARTESIAN_POINT('',(0.249882982564,0.632504098852,0.649489905293
    ));
#8901 = CARTESIAN_POINT('',(0.24212715307,0.63353811748,0.642132480456)
  );
#8902 = CARTESIAN_POINT('',(0.233017661348,0.633547109143,0.642068501448
    ));
#8903 = ORIENTED_EDGE('',*,*,#8872,.F.);
#8904 = ORIENTED_EDGE('',*,*,#8203,.T.);
#8905 = ORIENTED_EDGE('',*,*,#8866,.T.);
#8906 = B_SPLINE_SURFACE_WITH_KNOTS('',3,1,(
    (#8907,#8908)
    ,(#8909,#8910)
    ,(#8911,#8912)
    ,(#8913,#8914)
    ,(#8915,#8916)
    ,(#8917,#8918
    )),.UNSPECIFIED.,.F.,.F.,.F.,(4,2,4),(2,2),(2.,3.,4.),(0.,1.),
  .UNSPECIFIED.);
#8907 = CARTESIAN_POINT('',(0.232777689594,0.628937177608,0.675588398371
    ));
#8908 = CARTESIAN_POINT('',(0.232777689594,0.628838150801,0.675574481061
    ));
#8909 = CARTESIAN_POINT('',(0.241887181316,0.628928185945,0.675652377379
    ));
#8910 = CARTESIAN_POINT('',(0.241887181316,0.628829159138,0.675638460069
    ));
#8911 = CARTESIAN_POINT('',(0.249747613889,0.629946790302,0.668404630775
    ));
#8912 = CARTESIAN_POINT('',(0.249747613889,0.629847763495,0.668390713465
    ));
#8913 = CARTESIAN_POINT('',(0.249882982564,0.632603125659,0.649503822603
    ));
#8914 = CARTESIAN_POINT('',(0.249882982564,0.632504098852,0.649489905293
    ));
#8915 = CARTESIAN_POINT('',(0.24212715307,0.633637144287,0.642146397766)
  );
#8916 = CARTESIAN_POINT('',(0.24212715307,0.63353811748,0.642132480456)
  );
#8917 = CARTESIAN_POINT('',(0.233017661348,0.63364613595,0.642082418758)
  );
#8918 = CARTESIAN_POINT('',(0.233017661348,0.633547109143,0.642068501448
    ));
#8919 = ADVANCED_FACE('',(#8920),#8924,.T.);
#8920 = FACE_BOUND('',#8921,.T.);
#8921 = EDGE_LOOP('',(#8922,#8923));
#8922 = ORIENTED_EDGE('',*,*,#8852,.T.);
#8923 = ORIENTED_EDGE('',*,*,#8895,.T.);
#8924 = B_SPLINE_SURFACE_WITH_KNOTS('',1,1,(
    (#8925,#8926)
    ,(#8927,#8928
    )),.UNSPECIFIED.,.F.,.F.,.F.,(2,2),(2,2),(0.215912368378,
    0.249882982564),(0.277057948844,0.311025502947),
  .PIECEWISE_BEZIER_KNOTS.);
#8925 = CARTESIAN_POINT('',(0.215912368378,0.628829159138,0.675638460069
    ));
#8926 = CARTESIAN_POINT('',(0.215912368378,0.633556528974,0.642001475867
    ));
#8927 = CARTESIAN_POINT('',(0.249882982564,0.628829159138,0.675638460069
    ));
#8928 = CARTESIAN_POINT('',(0.249882982564,0.633556528974,0.642001475867
    ));
#8929 = ( GEOMETRIC_REPRESENTATION_CONTEXT(3) 
GLOBAL_UNCERTAINTY_ASSIGNED_CONTEXT((#8933)) 
GLOBAL_UNIT_ASSIGNED_CONTEXT((#8930,#8931,#8932)) REPRESENTATION_CONTEXT
('Context #1','3D Context with UNIT and UNCERTAINTY') );
#8930 = ( LENGTH_UNIT() NAMED_UNIT(*) SI_UNIT(.MILLI.,.METRE.) );
#8931 = ( NAMED_UNIT(*) PLANE_ANGLE_UNIT() SI_UNIT($,.RADIAN.) );
#8932 = ( NAMED_UNIT(*) SI_UNIT($,.STERADIAN.) SOLID_ANGLE_UNIT() );
#8933 = UNCERTAINTY_MEASURE_WITH_UNIT(LENGTH_MEASURE(1.E-07),#8930,
  'distance_accuracy_value','confusion accuracy');
#8934 = PRODUCT_RELATED_PRODUCT_CATEGORY('part',$,(#7));
#8935 = MECHANICAL_DESIGN_GEOMETRIC_PRESENTATION_REPRESENTATION('',(
    #8936,#8946,#8954,#8961,#8968,#8975,#8982,#8989,#8996,#9003,#9010,
    #9017,#9024,#9031,#9038,#9045,#9052,#9059,#9066,#9073,#9080,#9087,
    #9094,#9101,#9108,#9115,#9122,#9129,#9136,#9143,#9150,#9157,#9164,
    #9171,#9178,#9185,#9192,#9200,#9207,#9214,#9221,#9228,#9235,#9242,
    #9249,#9256,#9263,#9270,#9277,#9284,#9291,#9298,#9305,#9312,#9319,
    #9326,#9333,#9340,#9347,#9354,#9361,#9368,#9375,#9382,#9389,#9396,
    #9403,#9410,#9417,#9424,#9431,#9438,#9445,#9452,#9459,#9466,#9473,
    #9480,#9487,#9494,#9501,#9508,#9515,#9522,#9529,#9536,#9543,#9550,
    #9557,#9564,#9571,#9578,#9585,#9592,#9599,#9606,#9613,#9620,#9627,
    #9634,#9641,#9648,#9655,#9662,#9669,#9676,#9683,#9690,#9697,#9704,
    #9711,#9718,#9725,#9732,#9739,#9746,#9753,#9760,#9767,#9774,#9781,
    #9788,#9795,#9802,#9809,#9816,#9823,#9830,#9837,#9844,#9851,#9858,
    #9865,#9872,#9879,#9886,#9893,#9900,#9907,#9914,#9921,#9928,#9935,
    #9942,#9949,#9956,#9963,#9970,#9977,#9984,#9991,#9998,#10005,#10012,
    #10019,#10026,#10033,#10040,#10047,#10054,#10061,#10068,#10075,
    #10082,#10089,#10096,#10103,#10110,#10117,#10124,#10131,#10138,
    #10145,#10152,#10159,#10166,#10173,#10180,#10187,#10194,#10201,
    #10208,#10215,#10222,#10229,#10236,#10243,#10250,#10257,#10264,
    #10271,#10278,#10285,#10292,#10299,#10306,#10313,#10320,#10327,
    #10334,#10341,#10348,#10355,#10362,#10369,#10376,#10383,#10390,
    #10397,#10404,#10411,#10418,#10425,#10432,#10439,#10446,#10453,
    #10460,#10467,#10474,#10481,#10488,#10495,#10502,#10509,#10516,
    #10523,#10530,#10537,#10544,#10551,#10558,#10565,#10572,#10579,
    #10586,#10593,#10600,#10607,#10614,#10621,#10628,#10635,#10642,
    #10649,#10656,#10663,#10670,#10677,#10684,#10691,#10698,#10705,
    #10712,#10719,#10726,#10733,#10740,#10747,#10754,#10761,#10768,
    #10775,#10782,#10789,#10796,#10803,#10810,#10817,#10824,#10831,
    #10838,#10845,#10852,#10859,#10866,#10873,#10880,#10887,#10894,
    #10901,#10908,#10915,#10922,#10929,#10936,#10943,#10950,#10957),
  #8929);
#8936 = STYLED_ITEM('color',(#8937),#15);
#8937 = PRESENTATION_STYLE_ASSIGNMENT((#8938,#8944));
#8938 = SURFACE_STYLE_USAGE(.BOTH.,#8939);
#8939 = SURFACE_SIDE_STYLE('',(#8940));
#8940 = SURFACE_STYLE_FILL_AREA(#8941);
#8941 = FILL_AREA_STYLE('',(#8942));
#8942 = FILL_AREA_STYLE_COLOUR('',#8943);
#8943 = DRAUGHTING_PRE_DEFINED_COLOUR('white');
#8944 = CURVE_STYLE('',#8945,POSITIVE_LENGTH_MEASURE(0.1),#8943);
#8945 = DRAUGHTING_PRE_DEFINED_CURVE_FONT('continuous');
#8946 = OVER_RIDING_STYLED_ITEM('overriding color',(#8947),#17,#8936);
#8947 = PRESENTATION_STYLE_ASSIGNMENT((#8948));
#8948 = SURFACE_STYLE_USAGE(.BOTH.,#8949);
#8949 = SURFACE_SIDE_STYLE('',(#8950));
#8950 = SURFACE_STYLE_FILL_AREA(#8951);
#8951 = FILL_AREA_STYLE('',(#8952));
#8952 = FILL_AREA_STYLE_COLOUR('',#8953);
#8953 = COLOUR_RGB('',0.223529416636,0.223529416636,0.223529416636);
#8954 = OVER_RIDING_STYLED_ITEM('overriding color',(#8955),#1422,#8936);
#8955 = PRESENTATION_STYLE_ASSIGNMENT((#8956));
#8956 = SURFACE_STYLE_USAGE(.BOTH.,#8957);
#8957 = SURFACE_SIDE_STYLE('',(#8958));
#8958 = SURFACE_STYLE_FILL_AREA(#8959);
#8959 = FILL_AREA_STYLE('',(#8960));
#8960 = FILL_AREA_STYLE_COLOUR('',#8953);
#8961 = OVER_RIDING_STYLED_ITEM('overriding color',(#8962),#1458,#8936);
#8962 = PRESENTATION_STYLE_ASSIGNMENT((#8963));
#8963 = SURFACE_STYLE_USAGE(.BOTH.,#8964);
#8964 = SURFACE_SIDE_STYLE('',(#8965));
#8965 = SURFACE_STYLE_FILL_AREA(#8966);
#8966 = FILL_AREA_STYLE('',(#8967));
#8967 = FILL_AREA_STYLE_COLOUR('',#8953);
#8968 = OVER_RIDING_STYLED_ITEM('overriding color',(#8969),#1494,#8936);
#8969 = PRESENTATION_STYLE_ASSIGNMENT((#8970));
#8970 = SURFACE_STYLE_USAGE(.BOTH.,#8971);
#8971 = SURFACE_SIDE_STYLE('',(#8972));
#8972 = SURFACE_STYLE_FILL_AREA(#8973);
#8973 = FILL_AREA_STYLE('',(#8974));
#8974 = FILL_AREA_STYLE_COLOUR('',#8953);
#8975 = OVER_RIDING_STYLED_ITEM('overriding color',(#8976),#1530,#8936);
#8976 = PRESENTATION_STYLE_ASSIGNMENT((#8977));
#8977 = SURFACE_STYLE_USAGE(.BOTH.,#8978);
#8978 = SURFACE_SIDE_STYLE('',(#8979));
#8979 = SURFACE_STYLE_FILL_AREA(#8980);
#8980 = FILL_AREA_STYLE('',(#8981));
#8981 = FILL_AREA_STYLE_COLOUR('',#8953);
#8982 = OVER_RIDING_STYLED_ITEM('overriding color',(#8983),#1566,#8936);
#8983 = PRESENTATION_STYLE_ASSIGNMENT((#8984));
#8984 = SURFACE_STYLE_USAGE(.BOTH.,#8985);
#8985 = SURFACE_SIDE_STYLE('',(#8986));
#8986 = SURFACE_STYLE_FILL_AREA(#8987);
#8987 = FILL_AREA_STYLE('',(#8988));
#8988 = FILL_AREA_STYLE_COLOUR('',#8953);
#8989 = OVER_RIDING_STYLED_ITEM('overriding color',(#8990),#1630,#8936);
#8990 = PRESENTATION_STYLE_ASSIGNMENT((#8991));
#8991 = SURFACE_STYLE_USAGE(.BOTH.,#8992);
#8992 = SURFACE_SIDE_STYLE('',(#8993));
#8993 = SURFACE_STYLE_FILL_AREA(#8994);
#8994 = FILL_AREA_STYLE('',(#8995));
#8995 = FILL_AREA_STYLE_COLOUR('',#8953);
#8996 = OVER_RIDING_STYLED_ITEM('overriding color',(#8997),#1694,#8936);
#8997 = PRESENTATION_STYLE_ASSIGNMENT((#8998));
#8998 = SURFACE_STYLE_USAGE(.BOTH.,#8999);
#8999 = SURFACE_SIDE_STYLE('',(#9000));
#9000 = SURFACE_STYLE_FILL_AREA(#9001);
#9001 = FILL_AREA_STYLE('',(#9002));
#9002 = FILL_AREA_STYLE_COLOUR('',#8953);
#9003 = OVER_RIDING_STYLED_ITEM('overriding color',(#9004),#1722,#8936);
#9004 = PRESENTATION_STYLE_ASSIGNMENT((#9005));
#9005 = SURFACE_STYLE_USAGE(.BOTH.,#9006);
#9006 = SURFACE_SIDE_STYLE('',(#9007));
#9007 = SURFACE_STYLE_FILL_AREA(#9008);
#9008 = FILL_AREA_STYLE('',(#9009));
#9009 = FILL_AREA_STYLE_COLOUR('',#8953);
#9010 = OVER_RIDING_STYLED_ITEM('overriding color',(#9011),#1770,#8936);
#9011 = PRESENTATION_STYLE_ASSIGNMENT((#9012));
#9012 = SURFACE_STYLE_USAGE(.BOTH.,#9013);
#9013 = SURFACE_SIDE_STYLE('',(#9014));
#9014 = SURFACE_STYLE_FILL_AREA(#9015);
#9015 = FILL_AREA_STYLE('',(#9016));
#9016 = FILL_AREA_STYLE_COLOUR('',#8953);
#9017 = OVER_RIDING_STYLED_ITEM('overriding color',(#9018),#1818,#8936);
#9018 = PRESENTATION_STYLE_ASSIGNMENT((#9019));
#9019 = SURFACE_STYLE_USAGE(.BOTH.,#9020);
#9020 = SURFACE_SIDE_STYLE('',(#9021));
#9021 = SURFACE_STYLE_FILL_AREA(#9022);
#9022 = FILL_AREA_STYLE('',(#9023));
#9023 = FILL_AREA_STYLE_COLOUR('',#8953);
#9024 = OVER_RIDING_STYLED_ITEM('overriding color',(#9025),#1846,#8936);
#9025 = PRESENTATION_STYLE_ASSIGNMENT((#9026));
#9026 = SURFACE_STYLE_USAGE(.BOTH.,#9027);
#9027 = SURFACE_SIDE_STYLE('',(#9028));
#9028 = SURFACE_STYLE_FILL_AREA(#9029);
#9029 = FILL_AREA_STYLE('',(#9030));
#9030 = FILL_AREA_STYLE_COLOUR('',#8953);
#9031 = OVER_RIDING_STYLED_ITEM('overriding color',(#9032),#1892,#8936);
#9032 = PRESENTATION_STYLE_ASSIGNMENT((#9033));
#9033 = SURFACE_STYLE_USAGE(.BOTH.,#9034);
#9034 = SURFACE_SIDE_STYLE('',(#9035));
#9035 = SURFACE_STYLE_FILL_AREA(#9036);
#9036 = FILL_AREA_STYLE('',(#9037));
#9037 = FILL_AREA_STYLE_COLOUR('',#8953);
#9038 = OVER_RIDING_STYLED_ITEM('overriding color',(#9039),#1918,#8936);
#9039 = PRESENTATION_STYLE_ASSIGNMENT((#9040));
#9040 = SURFACE_STYLE_USAGE(.BOTH.,#9041);
#9041 = SURFACE_SIDE_STYLE('',(#9042));
#9042 = SURFACE_STYLE_FILL_AREA(#9043);
#9043 = FILL_AREA_STYLE('',(#9044));
#9044 = FILL_AREA_STYLE_COLOUR('',#8953);
#9045 = OVER_RIDING_STYLED_ITEM('overriding color',(#9046),#1944,#8936);
#9046 = PRESENTATION_STYLE_ASSIGNMENT((#9047));
#9047 = SURFACE_STYLE_USAGE(.BOTH.,#9048);
#9048 = SURFACE_SIDE_STYLE('',(#9049));
#9049 = SURFACE_STYLE_FILL_AREA(#9050);
#9050 = FILL_AREA_STYLE('',(#9051));
#9051 = FILL_AREA_STYLE_COLOUR('',#8953);
#9052 = OVER_RIDING_STYLED_ITEM('overriding color',(#9053),#1963,#8936);
#9053 = PRESENTATION_STYLE_ASSIGNMENT((#9054));
#9054 = SURFACE_STYLE_USAGE(.BOTH.,#9055);
#9055 = SURFACE_SIDE_STYLE('',(#9056));
#9056 = SURFACE_STYLE_FILL_AREA(#9057);
#9057 = FILL_AREA_STYLE('',(#9058));
#9058 = FILL_AREA_STYLE_COLOUR('',#8953);
#9059 = OVER_RIDING_STYLED_ITEM('overriding color',(#9060),#1983,#8936);
#9060 = PRESENTATION_STYLE_ASSIGNMENT((#9061));
#9061 = SURFACE_STYLE_USAGE(.BOTH.,#9062);
#9062 = SURFACE_SIDE_STYLE('',(#9063));
#9063 = SURFACE_STYLE_FILL_AREA(#9064);
#9064 = FILL_AREA_STYLE('',(#9065));
#9065 = FILL_AREA_STYLE_COLOUR('',#8953);
#9066 = OVER_RIDING_STYLED_ITEM('overriding color',(#9067),#2003,#8936);
#9067 = PRESENTATION_STYLE_ASSIGNMENT((#9068));
#9068 = SURFACE_STYLE_USAGE(.BOTH.,#9069);
#9069 = SURFACE_SIDE_STYLE('',(#9070));
#9070 = SURFACE_STYLE_FILL_AREA(#9071);
#9071 = FILL_AREA_STYLE('',(#9072));
#9072 = FILL_AREA_STYLE_COLOUR('',#8953);
#9073 = OVER_RIDING_STYLED_ITEM('overriding color',(#9074),#2022,#8936);
#9074 = PRESENTATION_STYLE_ASSIGNMENT((#9075));
#9075 = SURFACE_STYLE_USAGE(.BOTH.,#9076);
#9076 = SURFACE_SIDE_STYLE('',(#9077));
#9077 = SURFACE_STYLE_FILL_AREA(#9078);
#9078 = FILL_AREA_STYLE('',(#9079));
#9079 = FILL_AREA_STYLE_COLOUR('',#8953);
#9080 = OVER_RIDING_STYLED_ITEM('overriding color',(#9081),#2068,#8936);
#9081 = PRESENTATION_STYLE_ASSIGNMENT((#9082));
#9082 = SURFACE_STYLE_USAGE(.BOTH.,#9083);
#9083 = SURFACE_SIDE_STYLE('',(#9084));
#9084 = SURFACE_STYLE_FILL_AREA(#9085);
#9085 = FILL_AREA_STYLE('',(#9086));
#9086 = FILL_AREA_STYLE_COLOUR('',#8953);
#9087 = OVER_RIDING_STYLED_ITEM('overriding color',(#9088),#2089,#8936);
#9088 = PRESENTATION_STYLE_ASSIGNMENT((#9089));
#9089 = SURFACE_STYLE_USAGE(.BOTH.,#9090);
#9090 = SURFACE_SIDE_STYLE('',(#9091));
#9091 = SURFACE_STYLE_FILL_AREA(#9092);
#9092 = FILL_AREA_STYLE('',(#9093));
#9093 = FILL_AREA_STYLE_COLOUR('',#8953);
#9094 = OVER_RIDING_STYLED_ITEM('overriding color',(#9095),#2108,#8936);
#9095 = PRESENTATION_STYLE_ASSIGNMENT((#9096));
#9096 = SURFACE_STYLE_USAGE(.BOTH.,#9097);
#9097 = SURFACE_SIDE_STYLE('',(#9098));
#9098 = SURFACE_STYLE_FILL_AREA(#9099);
#9099 = FILL_AREA_STYLE('',(#9100));
#9100 = FILL_AREA_STYLE_COLOUR('',#8953);
#9101 = OVER_RIDING_STYLED_ITEM('overriding color',(#9102),#2132,#8936);
#9102 = PRESENTATION_STYLE_ASSIGNMENT((#9103));
#9103 = SURFACE_STYLE_USAGE(.BOTH.,#9104);
#9104 = SURFACE_SIDE_STYLE('',(#9105));
#9105 = SURFACE_STYLE_FILL_AREA(#9106);
#9106 = FILL_AREA_STYLE('',(#9107));
#9107 = FILL_AREA_STYLE_COLOUR('',#8953);
#9108 = OVER_RIDING_STYLED_ITEM('overriding color',(#9109),#2151,#8936);
#9109 = PRESENTATION_STYLE_ASSIGNMENT((#9110));
#9110 = SURFACE_STYLE_USAGE(.BOTH.,#9111);
#9111 = SURFACE_SIDE_STYLE('',(#9112));
#9112 = SURFACE_STYLE_FILL_AREA(#9113);
#9113 = FILL_AREA_STYLE('',(#9114));
#9114 = FILL_AREA_STYLE_COLOUR('',#8953);
#9115 = OVER_RIDING_STYLED_ITEM('overriding color',(#9116),#2172,#8936);
#9116 = PRESENTATION_STYLE_ASSIGNMENT((#9117));
#9117 = SURFACE_STYLE_USAGE(.BOTH.,#9118);
#9118 = SURFACE_SIDE_STYLE('',(#9119));
#9119 = SURFACE_STYLE_FILL_AREA(#9120);
#9120 = FILL_AREA_STYLE('',(#9121));
#9121 = FILL_AREA_STYLE_COLOUR('',#8953);
#9122 = OVER_RIDING_STYLED_ITEM('overriding color',(#9123),#2192,#8936);
#9123 = PRESENTATION_STYLE_ASSIGNMENT((#9124));
#9124 = SURFACE_STYLE_USAGE(.BOTH.,#9125);
#9125 = SURFACE_SIDE_STYLE('',(#9126));
#9126 = SURFACE_STYLE_FILL_AREA(#9127);
#9127 = FILL_AREA_STYLE('',(#9128));
#9128 = FILL_AREA_STYLE_COLOUR('',#8953);
#9129 = OVER_RIDING_STYLED_ITEM('overriding color',(#9130),#2213,#8936);
#9130 = PRESENTATION_STYLE_ASSIGNMENT((#9131));
#9131 = SURFACE_STYLE_USAGE(.BOTH.,#9132);
#9132 = SURFACE_SIDE_STYLE('',(#9133));
#9133 = SURFACE_STYLE_FILL_AREA(#9134);
#9134 = FILL_AREA_STYLE('',(#9135));
#9135 = FILL_AREA_STYLE_COLOUR('',#8953);
#9136 = OVER_RIDING_STYLED_ITEM('overriding color',(#9137),#2234,#8936);
#9137 = PRESENTATION_STYLE_ASSIGNMENT((#9138));
#9138 = SURFACE_STYLE_USAGE(.BOTH.,#9139);
#9139 = SURFACE_SIDE_STYLE('',(#9140));
#9140 = SURFACE_STYLE_FILL_AREA(#9141);
#9141 = FILL_AREA_STYLE('',(#9142));
#9142 = FILL_AREA_STYLE_COLOUR('',#8953);
#9143 = OVER_RIDING_STYLED_ITEM('overriding color',(#9144),#2254,#8936);
#9144 = PRESENTATION_STYLE_ASSIGNMENT((#9145));
#9145 = SURFACE_STYLE_USAGE(.BOTH.,#9146);
#9146 = SURFACE_SIDE_STYLE('',(#9147));
#9147 = SURFACE_STYLE_FILL_AREA(#9148);
#9148 = FILL_AREA_STYLE('',(#9149));
#9149 = FILL_AREA_STYLE_COLOUR('',#8953);
#9150 = OVER_RIDING_STYLED_ITEM('overriding color',(#9151),#2273,#8936);
#9151 = PRESENTATION_STYLE_ASSIGNMENT((#9152));
#9152 = SURFACE_STYLE_USAGE(.BOTH.,#9153);
#9153 = SURFACE_SIDE_STYLE('',(#9154));
#9154 = SURFACE_STYLE_FILL_AREA(#9155);
#9155 = FILL_AREA_STYLE('',(#9156));
#9156 = FILL_AREA_STYLE_COLOUR('',#8953);
#9157 = OVER_RIDING_STYLED_ITEM('overriding color',(#9158),#2292,#8936);
#9158 = PRESENTATION_STYLE_ASSIGNMENT((#9159));
#9159 = SURFACE_STYLE_USAGE(.BOTH.,#9160);
#9160 = SURFACE_SIDE_STYLE('',(#9161));
#9161 = SURFACE_STYLE_FILL_AREA(#9162);
#9162 = FILL_AREA_STYLE('',(#9163));
#9163 = FILL_AREA_STYLE_COLOUR('',#8953);
#9164 = OVER_RIDING_STYLED_ITEM('overriding color',(#9165),#2311,#8936);
#9165 = PRESENTATION_STYLE_ASSIGNMENT((#9166));
#9166 = SURFACE_STYLE_USAGE(.BOTH.,#9167);
#9167 = SURFACE_SIDE_STYLE('',(#9168));
#9168 = SURFACE_STYLE_FILL_AREA(#9169);
#9169 = FILL_AREA_STYLE('',(#9170));
#9170 = FILL_AREA_STYLE_COLOUR('',#8953);
#9171 = OVER_RIDING_STYLED_ITEM('overriding color',(#9172),#2330,#8936);
#9172 = PRESENTATION_STYLE_ASSIGNMENT((#9173));
#9173 = SURFACE_STYLE_USAGE(.BOTH.,#9174);
#9174 = SURFACE_SIDE_STYLE('',(#9175));
#9175 = SURFACE_STYLE_FILL_AREA(#9176);
#9176 = FILL_AREA_STYLE('',(#9177));
#9177 = FILL_AREA_STYLE_COLOUR('',#8953);
#9178 = OVER_RIDING_STYLED_ITEM('overriding color',(#9179),#2351,#8936);
#9179 = PRESENTATION_STYLE_ASSIGNMENT((#9180));
#9180 = SURFACE_STYLE_USAGE(.BOTH.,#9181);
#9181 = SURFACE_SIDE_STYLE('',(#9182));
#9182 = SURFACE_STYLE_FILL_AREA(#9183);
#9183 = FILL_AREA_STYLE('',(#9184));
#9184 = FILL_AREA_STYLE_COLOUR('',#8953);
#9185 = OVER_RIDING_STYLED_ITEM('overriding color',(#9186),#2372,#8936);
#9186 = PRESENTATION_STYLE_ASSIGNMENT((#9187));
#9187 = SURFACE_STYLE_USAGE(.BOTH.,#9188);
#9188 = SURFACE_SIDE_STYLE('',(#9189));
#9189 = SURFACE_STYLE_FILL_AREA(#9190);
#9190 = FILL_AREA_STYLE('',(#9191));
#9191 = FILL_AREA_STYLE_COLOUR('',#8953);
#9192 = OVER_RIDING_STYLED_ITEM('overriding color',(#9193),#2386,#8936);
#9193 = PRESENTATION_STYLE_ASSIGNMENT((#9194));
#9194 = SURFACE_STYLE_USAGE(.BOTH.,#9195);
#9195 = SURFACE_SIDE_STYLE('',(#9196));
#9196 = SURFACE_STYLE_FILL_AREA(#9197);
#9197 = FILL_AREA_STYLE('',(#9198));
#9198 = FILL_AREA_STYLE_COLOUR('',#9199);
#9199 = COLOUR_RGB('',0.850980378684,0.850980378684,0.850980378684);
#9200 = OVER_RIDING_STYLED_ITEM('overriding color',(#9201),#2426,#8936);
#9201 = PRESENTATION_STYLE_ASSIGNMENT((#9202));
#9202 = SURFACE_STYLE_USAGE(.BOTH.,#9203);
#9203 = SURFACE_SIDE_STYLE('',(#9204));
#9204 = SURFACE_STYLE_FILL_AREA(#9205);
#9205 = FILL_AREA_STYLE('',(#9206));
#9206 = FILL_AREA_STYLE_COLOUR('',#9199);
#9207 = OVER_RIDING_STYLED_ITEM('overriding color',(#9208),#2454,#8936);
#9208 = PRESENTATION_STYLE_ASSIGNMENT((#9209));
#9209 = SURFACE_STYLE_USAGE(.BOTH.,#9210);
#9210 = SURFACE_SIDE_STYLE('',(#9211));
#9211 = SURFACE_STYLE_FILL_AREA(#9212);
#9212 = FILL_AREA_STYLE('',(#9213));
#9213 = FILL_AREA_STYLE_COLOUR('',#9199);
#9214 = OVER_RIDING_STYLED_ITEM('overriding color',(#9215),#2486,#8936);
#9215 = PRESENTATION_STYLE_ASSIGNMENT((#9216));
#9216 = SURFACE_STYLE_USAGE(.BOTH.,#9217);
#9217 = SURFACE_SIDE_STYLE('',(#9218));
#9218 = SURFACE_STYLE_FILL_AREA(#9219);
#9219 = FILL_AREA_STYLE('',(#9220));
#9220 = FILL_AREA_STYLE_COLOUR('',#9199);
#9221 = OVER_RIDING_STYLED_ITEM('overriding color',(#9222),#2514,#8936);
#9222 = PRESENTATION_STYLE_ASSIGNMENT((#9223));
#9223 = SURFACE_STYLE_USAGE(.BOTH.,#9224);
#9224 = SURFACE_SIDE_STYLE('',(#9225));
#9225 = SURFACE_STYLE_FILL_AREA(#9226);
#9226 = FILL_AREA_STYLE('',(#9227));
#9227 = FILL_AREA_STYLE_COLOUR('',#9199);
#9228 = OVER_RIDING_STYLED_ITEM('overriding color',(#9229),#2542,#8936);
#9229 = PRESENTATION_STYLE_ASSIGNMENT((#9230));
#9230 = SURFACE_STYLE_USAGE(.BOTH.,#9231);
#9231 = SURFACE_SIDE_STYLE('',(#9232));
#9232 = SURFACE_STYLE_FILL_AREA(#9233);
#9233 = FILL_AREA_STYLE('',(#9234));
#9234 = FILL_AREA_STYLE_COLOUR('',#9199);
#9235 = OVER_RIDING_STYLED_ITEM('overriding color',(#9236),#2570,#8936);
#9236 = PRESENTATION_STYLE_ASSIGNMENT((#9237));
#9237 = SURFACE_STYLE_USAGE(.BOTH.,#9238);
#9238 = SURFACE_SIDE_STYLE('',(#9239));
#9239 = SURFACE_STYLE_FILL_AREA(#9240);
#9240 = FILL_AREA_STYLE('',(#9241));
#9241 = FILL_AREA_STYLE_COLOUR('',#9199);
#9242 = OVER_RIDING_STYLED_ITEM('overriding color',(#9243),#2602,#8936);
#9243 = PRESENTATION_STYLE_ASSIGNMENT((#9244));
#9244 = SURFACE_STYLE_USAGE(.BOTH.,#9245);
#9245 = SURFACE_SIDE_STYLE('',(#9246));
#9246 = SURFACE_STYLE_FILL_AREA(#9247);
#9247 = FILL_AREA_STYLE('',(#9248));
#9248 = FILL_AREA_STYLE_COLOUR('',#9199);
#9249 = OVER_RIDING_STYLED_ITEM('overriding color',(#9250),#2630,#8936);
#9250 = PRESENTATION_STYLE_ASSIGNMENT((#9251));
#9251 = SURFACE_STYLE_USAGE(.BOTH.,#9252);
#9252 = SURFACE_SIDE_STYLE('',(#9253));
#9253 = SURFACE_STYLE_FILL_AREA(#9254);
#9254 = FILL_AREA_STYLE('',(#9255));
#9255 = FILL_AREA_STYLE_COLOUR('',#9199);
#9256 = OVER_RIDING_STYLED_ITEM('overriding color',(#9257),#2662,#8936);
#9257 = PRESENTATION_STYLE_ASSIGNMENT((#9258));
#9258 = SURFACE_STYLE_USAGE(.BOTH.,#9259);
#9259 = SURFACE_SIDE_STYLE('',(#9260));
#9260 = SURFACE_STYLE_FILL_AREA(#9261);
#9261 = FILL_AREA_STYLE('',(#9262));
#9262 = FILL_AREA_STYLE_COLOUR('',#9199);
#9263 = OVER_RIDING_STYLED_ITEM('overriding color',(#9264),#2691,#8936);
#9264 = PRESENTATION_STYLE_ASSIGNMENT((#9265));
#9265 = SURFACE_STYLE_USAGE(.BOTH.,#9266);
#9266 = SURFACE_SIDE_STYLE('',(#9267));
#9267 = SURFACE_STYLE_FILL_AREA(#9268);
#9268 = FILL_AREA_STYLE('',(#9269));
#9269 = FILL_AREA_STYLE_COLOUR('',#9199);
#9270 = OVER_RIDING_STYLED_ITEM('overriding color',(#9271),#2720,#8936);
#9271 = PRESENTATION_STYLE_ASSIGNMENT((#9272));
#9272 = SURFACE_STYLE_USAGE(.BOTH.,#9273);
#9273 = SURFACE_SIDE_STYLE('',(#9274));
#9274 = SURFACE_STYLE_FILL_AREA(#9275);
#9275 = FILL_AREA_STYLE('',(#9276));
#9276 = FILL_AREA_STYLE_COLOUR('',#9199);
#9277 = OVER_RIDING_STYLED_ITEM('overriding color',(#9278),#2732,#8936);
#9278 = PRESENTATION_STYLE_ASSIGNMENT((#9279));
#9279 = SURFACE_STYLE_USAGE(.BOTH.,#9280);
#9280 = SURFACE_SIDE_STYLE('',(#9281));
#9281 = SURFACE_STYLE_FILL_AREA(#9282);
#9282 = FILL_AREA_STYLE('',(#9283));
#9283 = FILL_AREA_STYLE_COLOUR('',#9199);
#9284 = OVER_RIDING_STYLED_ITEM('overriding color',(#9285),#2744,#8936);
#9285 = PRESENTATION_STYLE_ASSIGNMENT((#9286));
#9286 = SURFACE_STYLE_USAGE(.BOTH.,#9287);
#9287 = SURFACE_SIDE_STYLE('',(#9288));
#9288 = SURFACE_STYLE_FILL_AREA(#9289);
#9289 = FILL_AREA_STYLE('',(#9290));
#9290 = FILL_AREA_STYLE_COLOUR('',#9199);
#9291 = OVER_RIDING_STYLED_ITEM('overriding color',(#9292),#2772,#8936);
#9292 = PRESENTATION_STYLE_ASSIGNMENT((#9293));
#9293 = SURFACE_STYLE_USAGE(.BOTH.,#9294);
#9294 = SURFACE_SIDE_STYLE('',(#9295));
#9295 = SURFACE_STYLE_FILL_AREA(#9296);
#9296 = FILL_AREA_STYLE('',(#9297));
#9297 = FILL_AREA_STYLE_COLOUR('',#9199);
#9298 = OVER_RIDING_STYLED_ITEM('overriding color',(#9299),#2800,#8936);
#9299 = PRESENTATION_STYLE_ASSIGNMENT((#9300));
#9300 = SURFACE_STYLE_USAGE(.BOTH.,#9301);
#9301 = SURFACE_SIDE_STYLE('',(#9302));
#9302 = SURFACE_STYLE_FILL_AREA(#9303);
#9303 = FILL_AREA_STYLE('',(#9304));
#9304 = FILL_AREA_STYLE_COLOUR('',#9199);
#9305 = OVER_RIDING_STYLED_ITEM('overriding color',(#9306),#2877,#8936);
#9306 = PRESENTATION_STYLE_ASSIGNMENT((#9307));
#9307 = SURFACE_STYLE_USAGE(.BOTH.,#9308);
#9308 = SURFACE_SIDE_STYLE('',(#9309));
#9309 = SURFACE_STYLE_FILL_AREA(#9310);
#9310 = FILL_AREA_STYLE('',(#9311));
#9311 = FILL_AREA_STYLE_COLOUR('',#9199);
#9312 = OVER_RIDING_STYLED_ITEM('overriding color',(#9313),#2954,#8936);
#9313 = PRESENTATION_STYLE_ASSIGNMENT((#9314));
#9314 = SURFACE_STYLE_USAGE(.BOTH.,#9315);
#9315 = SURFACE_SIDE_STYLE('',(#9316));
#9316 = SURFACE_STYLE_FILL_AREA(#9317);
#9317 = FILL_AREA_STYLE('',(#9318));
#9318 = FILL_AREA_STYLE_COLOUR('',#9199);
#9319 = OVER_RIDING_STYLED_ITEM('overriding color',(#9320),#2974,#8936);
#9320 = PRESENTATION_STYLE_ASSIGNMENT((#9321));
#9321 = SURFACE_STYLE_USAGE(.BOTH.,#9322);
#9322 = SURFACE_SIDE_STYLE('',(#9323));
#9323 = SURFACE_STYLE_FILL_AREA(#9324);
#9324 = FILL_AREA_STYLE('',(#9325));
#9325 = FILL_AREA_STYLE_COLOUR('',#9199);
#9326 = OVER_RIDING_STYLED_ITEM('overriding color',(#9327),#2990,#8936);
#9327 = PRESENTATION_STYLE_ASSIGNMENT((#9328));
#9328 = SURFACE_STYLE_USAGE(.BOTH.,#9329);
#9329 = SURFACE_SIDE_STYLE('',(#9330));
#9330 = SURFACE_STYLE_FILL_AREA(#9331);
#9331 = FILL_AREA_STYLE('',(#9332));
#9332 = FILL_AREA_STYLE_COLOUR('',#9199);
#9333 = OVER_RIDING_STYLED_ITEM('overriding color',(#9334),#3006,#8936);
#9334 = PRESENTATION_STYLE_ASSIGNMENT((#9335));
#9335 = SURFACE_STYLE_USAGE(.BOTH.,#9336);
#9336 = SURFACE_SIDE_STYLE('',(#9337));
#9337 = SURFACE_STYLE_FILL_AREA(#9338);
#9338 = FILL_AREA_STYLE('',(#9339));
#9339 = FILL_AREA_STYLE_COLOUR('',#9199);
#9340 = OVER_RIDING_STYLED_ITEM('overriding color',(#9341),#3024,#8936);
#9341 = PRESENTATION_STYLE_ASSIGNMENT((#9342));
#9342 = SURFACE_STYLE_USAGE(.BOTH.,#9343);
#9343 = SURFACE_SIDE_STYLE('',(#9344));
#9344 = SURFACE_STYLE_FILL_AREA(#9345);
#9345 = FILL_AREA_STYLE('',(#9346));
#9346 = FILL_AREA_STYLE_COLOUR('',#9199);
#9347 = OVER_RIDING_STYLED_ITEM('overriding color',(#9348),#3040,#8936);
#9348 = PRESENTATION_STYLE_ASSIGNMENT((#9349));
#9349 = SURFACE_STYLE_USAGE(.BOTH.,#9350);
#9350 = SURFACE_SIDE_STYLE('',(#9351));
#9351 = SURFACE_STYLE_FILL_AREA(#9352);
#9352 = FILL_AREA_STYLE('',(#9353));
#9353 = FILL_AREA_STYLE_COLOUR('',#9199);
#9354 = OVER_RIDING_STYLED_ITEM('overriding color',(#9355),#3054,#8936);
#9355 = PRESENTATION_STYLE_ASSIGNMENT((#9356));
#9356 = SURFACE_STYLE_USAGE(.BOTH.,#9357);
#9357 = SURFACE_SIDE_STYLE('',(#9358));
#9358 = SURFACE_STYLE_FILL_AREA(#9359);
#9359 = FILL_AREA_STYLE('',(#9360));
#9360 = FILL_AREA_STYLE_COLOUR('',#9199);
#9361 = OVER_RIDING_STYLED_ITEM('overriding color',(#9362),#3072,#8936);
#9362 = PRESENTATION_STYLE_ASSIGNMENT((#9363));
#9363 = SURFACE_STYLE_USAGE(.BOTH.,#9364);
#9364 = SURFACE_SIDE_STYLE('',(#9365));
#9365 = SURFACE_STYLE_FILL_AREA(#9366);
#9366 = FILL_AREA_STYLE('',(#9367));
#9367 = FILL_AREA_STYLE_COLOUR('',#9199);
#9368 = OVER_RIDING_STYLED_ITEM('overriding color',(#9369),#3088,#8936);
#9369 = PRESENTATION_STYLE_ASSIGNMENT((#9370));
#9370 = SURFACE_STYLE_USAGE(.BOTH.,#9371);
#9371 = SURFACE_SIDE_STYLE('',(#9372));
#9372 = SURFACE_STYLE_FILL_AREA(#9373);
#9373 = FILL_AREA_STYLE('',(#9374));
#9374 = FILL_AREA_STYLE_COLOUR('',#9199);
#9375 = OVER_RIDING_STYLED_ITEM('overriding color',(#9376),#3102,#8936);
#9376 = PRESENTATION_STYLE_ASSIGNMENT((#9377));
#9377 = SURFACE_STYLE_USAGE(.BOTH.,#9378);
#9378 = SURFACE_SIDE_STYLE('',(#9379));
#9379 = SURFACE_STYLE_FILL_AREA(#9380);
#9380 = FILL_AREA_STYLE('',(#9381));
#9381 = FILL_AREA_STYLE_COLOUR('',#8943);
#9382 = OVER_RIDING_STYLED_ITEM('overriding color',(#9383),#3118,#8936);
#9383 = PRESENTATION_STYLE_ASSIGNMENT((#9384));
#9384 = SURFACE_STYLE_USAGE(.BOTH.,#9385);
#9385 = SURFACE_SIDE_STYLE('',(#9386));
#9386 = SURFACE_STYLE_FILL_AREA(#9387);
#9387 = FILL_AREA_STYLE('',(#9388));
#9388 = FILL_AREA_STYLE_COLOUR('',#8943);
#9389 = OVER_RIDING_STYLED_ITEM('overriding color',(#9390),#3134,#8936);
#9390 = PRESENTATION_STYLE_ASSIGNMENT((#9391));
#9391 = SURFACE_STYLE_USAGE(.BOTH.,#9392);
#9392 = SURFACE_SIDE_STYLE('',(#9393));
#9393 = SURFACE_STYLE_FILL_AREA(#9394);
#9394 = FILL_AREA_STYLE('',(#9395));
#9395 = FILL_AREA_STYLE_COLOUR('',#8943);
#9396 = OVER_RIDING_STYLED_ITEM('overriding color',(#9397),#3146,#8936);
#9397 = PRESENTATION_STYLE_ASSIGNMENT((#9398));
#9398 = SURFACE_STYLE_USAGE(.BOTH.,#9399);
#9399 = SURFACE_SIDE_STYLE('',(#9400));
#9400 = SURFACE_STYLE_FILL_AREA(#9401);
#9401 = FILL_AREA_STYLE('',(#9402));
#9402 = FILL_AREA_STYLE_COLOUR('',#8943);
#9403 = OVER_RIDING_STYLED_ITEM('overriding color',(#9404),#3174,#8936);
#9404 = PRESENTATION_STYLE_ASSIGNMENT((#9405));
#9405 = SURFACE_STYLE_USAGE(.BOTH.,#9406);
#9406 = SURFACE_SIDE_STYLE('',(#9407));
#9407 = SURFACE_STYLE_FILL_AREA(#9408);
#9408 = FILL_AREA_STYLE('',(#9409));
#9409 = FILL_AREA_STYLE_COLOUR('',#8943);
#9410 = OVER_RIDING_STYLED_ITEM('overriding color',(#9411),#3196,#8936);
#9411 = PRESENTATION_STYLE_ASSIGNMENT((#9412));
#9412 = SURFACE_STYLE_USAGE(.BOTH.,#9413);
#9413 = SURFACE_SIDE_STYLE('',(#9414));
#9414 = SURFACE_STYLE_FILL_AREA(#9415);
#9415 = FILL_AREA_STYLE('',(#9416));
#9416 = FILL_AREA_STYLE_COLOUR('',#8943);
#9417 = OVER_RIDING_STYLED_ITEM('overriding color',(#9418),#3218,#8936);
#9418 = PRESENTATION_STYLE_ASSIGNMENT((#9419));
#9419 = SURFACE_STYLE_USAGE(.BOTH.,#9420);
#9420 = SURFACE_SIDE_STYLE('',(#9421));
#9421 = SURFACE_STYLE_FILL_AREA(#9422);
#9422 = FILL_AREA_STYLE('',(#9423));
#9423 = FILL_AREA_STYLE_COLOUR('',#8943);
#9424 = OVER_RIDING_STYLED_ITEM('overriding color',(#9425),#3240,#8936);
#9425 = PRESENTATION_STYLE_ASSIGNMENT((#9426));
#9426 = SURFACE_STYLE_USAGE(.BOTH.,#9427);
#9427 = SURFACE_SIDE_STYLE('',(#9428));
#9428 = SURFACE_STYLE_FILL_AREA(#9429);
#9429 = FILL_AREA_STYLE('',(#9430));
#9430 = FILL_AREA_STYLE_COLOUR('',#8943);
#9431 = OVER_RIDING_STYLED_ITEM('overriding color',(#9432),#3262,#8936);
#9432 = PRESENTATION_STYLE_ASSIGNMENT((#9433));
#9433 = SURFACE_STYLE_USAGE(.BOTH.,#9434);
#9434 = SURFACE_SIDE_STYLE('',(#9435));
#9435 = SURFACE_STYLE_FILL_AREA(#9436);
#9436 = FILL_AREA_STYLE('',(#9437));
#9437 = FILL_AREA_STYLE_COLOUR('',#8943);
#9438 = OVER_RIDING_STYLED_ITEM('overriding color',(#9439),#3278,#8936);
#9439 = PRESENTATION_STYLE_ASSIGNMENT((#9440));
#9440 = SURFACE_STYLE_USAGE(.BOTH.,#9441);
#9441 = SURFACE_SIDE_STYLE('',(#9442));
#9442 = SURFACE_STYLE_FILL_AREA(#9443);
#9443 = FILL_AREA_STYLE('',(#9444));
#9444 = FILL_AREA_STYLE_COLOUR('',#8943);
#9445 = OVER_RIDING_STYLED_ITEM('overriding color',(#9446),#3292,#8936);
#9446 = PRESENTATION_STYLE_ASSIGNMENT((#9447));
#9447 = SURFACE_STYLE_USAGE(.BOTH.,#9448);
#9448 = SURFACE_SIDE_STYLE('',(#9449));
#9449 = SURFACE_STYLE_FILL_AREA(#9450);
#9450 = FILL_AREA_STYLE('',(#9451));
#9451 = FILL_AREA_STYLE_COLOUR('',#8943);
#9452 = OVER_RIDING_STYLED_ITEM('overriding color',(#9453),#3326,#8936);
#9453 = PRESENTATION_STYLE_ASSIGNMENT((#9454));
#9454 = SURFACE_STYLE_USAGE(.BOTH.,#9455);
#9455 = SURFACE_SIDE_STYLE('',(#9456));
#9456 = SURFACE_STYLE_FILL_AREA(#9457);
#9457 = FILL_AREA_STYLE('',(#9458));
#9458 = FILL_AREA_STYLE_COLOUR('',#8943);
#9459 = OVER_RIDING_STYLED_ITEM('overriding color',(#9460),#3348,#8936);
#9460 = PRESENTATION_STYLE_ASSIGNMENT((#9461));
#9461 = SURFACE_STYLE_USAGE(.BOTH.,#9462);
#9462 = SURFACE_SIDE_STYLE('',(#9463));
#9463 = SURFACE_STYLE_FILL_AREA(#9464);
#9464 = FILL_AREA_STYLE('',(#9465));
#9465 = FILL_AREA_STYLE_COLOUR('',#8943);
#9466 = OVER_RIDING_STYLED_ITEM('overriding color',(#9467),#3376,#8936);
#9467 = PRESENTATION_STYLE_ASSIGNMENT((#9468));
#9468 = SURFACE_STYLE_USAGE(.BOTH.,#9469);
#9469 = SURFACE_SIDE_STYLE('',(#9470));
#9470 = SURFACE_STYLE_FILL_AREA(#9471);
#9471 = FILL_AREA_STYLE('',(#9472));
#9472 = FILL_AREA_STYLE_COLOUR('',#8943);
#9473 = OVER_RIDING_STYLED_ITEM('overriding color',(#9474),#3404,#8936);
#9474 = PRESENTATION_STYLE_ASSIGNMENT((#9475));
#9475 = SURFACE_STYLE_USAGE(.BOTH.,#9476);
#9476 = SURFACE_SIDE_STYLE('',(#9477));
#9477 = SURFACE_STYLE_FILL_AREA(#9478);
#9478 = FILL_AREA_STYLE('',(#9479));
#9479 = FILL_AREA_STYLE_COLOUR('',#8943);
#9480 = OVER_RIDING_STYLED_ITEM('overriding color',(#9481),#3432,#8936);
#9481 = PRESENTATION_STYLE_ASSIGNMENT((#9482));
#9482 = SURFACE_STYLE_USAGE(.BOTH.,#9483);
#9483 = SURFACE_SIDE_STYLE('',(#9484));
#9484 = SURFACE_STYLE_FILL_AREA(#9485);
#9485 = FILL_AREA_STYLE('',(#9486));
#9486 = FILL_AREA_STYLE_COLOUR('',#8943);
#9487 = OVER_RIDING_STYLED_ITEM('overriding color',(#9488),#3460,#8936);
#9488 = PRESENTATION_STYLE_ASSIGNMENT((#9489));
#9489 = SURFACE_STYLE_USAGE(.BOTH.,#9490);
#9490 = SURFACE_SIDE_STYLE('',(#9491));
#9491 = SURFACE_STYLE_FILL_AREA(#9492);
#9492 = FILL_AREA_STYLE('',(#9493));
#9493 = FILL_AREA_STYLE_COLOUR('',#8943);
#9494 = OVER_RIDING_STYLED_ITEM('overriding color',(#9495),#3488,#8936);
#9495 = PRESENTATION_STYLE_ASSIGNMENT((#9496));
#9496 = SURFACE_STYLE_USAGE(.BOTH.,#9497);
#9497 = SURFACE_SIDE_STYLE('',(#9498));
#9498 = SURFACE_STYLE_FILL_AREA(#9499);
#9499 = FILL_AREA_STYLE('',(#9500));
#9500 = FILL_AREA_STYLE_COLOUR('',#8943);
#9501 = OVER_RIDING_STYLED_ITEM('overriding color',(#9502),#3516,#8936);
#9502 = PRESENTATION_STYLE_ASSIGNMENT((#9503));
#9503 = SURFACE_STYLE_USAGE(.BOTH.,#9504);
#9504 = SURFACE_SIDE_STYLE('',(#9505));
#9505 = SURFACE_STYLE_FILL_AREA(#9506);
#9506 = FILL_AREA_STYLE('',(#9507));
#9507 = FILL_AREA_STYLE_COLOUR('',#8943);
#9508 = OVER_RIDING_STYLED_ITEM('overriding color',(#9509),#3538,#8936);
#9509 = PRESENTATION_STYLE_ASSIGNMENT((#9510));
#9510 = SURFACE_STYLE_USAGE(.BOTH.,#9511);
#9511 = SURFACE_SIDE_STYLE('',(#9512));
#9512 = SURFACE_STYLE_FILL_AREA(#9513);
#9513 = FILL_AREA_STYLE('',(#9514));
#9514 = FILL_AREA_STYLE_COLOUR('',#8943);
#9515 = OVER_RIDING_STYLED_ITEM('overriding color',(#9516),#3566,#8936);
#9516 = PRESENTATION_STYLE_ASSIGNMENT((#9517));
#9517 = SURFACE_STYLE_USAGE(.BOTH.,#9518);
#9518 = SURFACE_SIDE_STYLE('',(#9519));
#9519 = SURFACE_STYLE_FILL_AREA(#9520);
#9520 = FILL_AREA_STYLE('',(#9521));
#9521 = FILL_AREA_STYLE_COLOUR('',#8943);
#9522 = OVER_RIDING_STYLED_ITEM('overriding color',(#9523),#3594,#8936);
#9523 = PRESENTATION_STYLE_ASSIGNMENT((#9524));
#9524 = SURFACE_STYLE_USAGE(.BOTH.,#9525);
#9525 = SURFACE_SIDE_STYLE('',(#9526));
#9526 = SURFACE_STYLE_FILL_AREA(#9527);
#9527 = FILL_AREA_STYLE('',(#9528));
#9528 = FILL_AREA_STYLE_COLOUR('',#8943);
#9529 = OVER_RIDING_STYLED_ITEM('overriding color',(#9530),#3622,#8936);
#9530 = PRESENTATION_STYLE_ASSIGNMENT((#9531));
#9531 = SURFACE_STYLE_USAGE(.BOTH.,#9532);
#9532 = SURFACE_SIDE_STYLE('',(#9533));
#9533 = SURFACE_STYLE_FILL_AREA(#9534);
#9534 = FILL_AREA_STYLE('',(#9535));
#9535 = FILL_AREA_STYLE_COLOUR('',#8943);
#9536 = OVER_RIDING_STYLED_ITEM('overriding color',(#9537),#3650,#8936);
#9537 = PRESENTATION_STYLE_ASSIGNMENT((#9538));
#9538 = SURFACE_STYLE_USAGE(.BOTH.,#9539);
#9539 = SURFACE_SIDE_STYLE('',(#9540));
#9540 = SURFACE_STYLE_FILL_AREA(#9541);
#9541 = FILL_AREA_STYLE('',(#9542));
#9542 = FILL_AREA_STYLE_COLOUR('',#8943);
#9543 = OVER_RIDING_STYLED_ITEM('overriding color',(#9544),#3672,#8936);
#9544 = PRESENTATION_STYLE_ASSIGNMENT((#9545));
#9545 = SURFACE_STYLE_USAGE(.BOTH.,#9546);
#9546 = SURFACE_SIDE_STYLE('',(#9547));
#9547 = SURFACE_STYLE_FILL_AREA(#9548);
#9548 = FILL_AREA_STYLE('',(#9549));
#9549 = FILL_AREA_STYLE_COLOUR('',#8943);
#9550 = OVER_RIDING_STYLED_ITEM('overriding color',(#9551),#3694,#8936);
#9551 = PRESENTATION_STYLE_ASSIGNMENT((#9552));
#9552 = SURFACE_STYLE_USAGE(.BOTH.,#9553);
#9553 = SURFACE_SIDE_STYLE('',(#9554));
#9554 = SURFACE_STYLE_FILL_AREA(#9555);
#9555 = FILL_AREA_STYLE('',(#9556));
#9556 = FILL_AREA_STYLE_COLOUR('',#8943);
#9557 = OVER_RIDING_STYLED_ITEM('overriding color',(#9558),#3722,#8936);
#9558 = PRESENTATION_STYLE_ASSIGNMENT((#9559));
#9559 = SURFACE_STYLE_USAGE(.BOTH.,#9560);
#9560 = SURFACE_SIDE_STYLE('',(#9561));
#9561 = SURFACE_STYLE_FILL_AREA(#9562);
#9562 = FILL_AREA_STYLE('',(#9563));
#9563 = FILL_AREA_STYLE_COLOUR('',#8943);
#9564 = OVER_RIDING_STYLED_ITEM('overriding color',(#9565),#3744,#8936);
#9565 = PRESENTATION_STYLE_ASSIGNMENT((#9566));
#9566 = SURFACE_STYLE_USAGE(.BOTH.,#9567);
#9567 = SURFACE_SIDE_STYLE('',(#9568));
#9568 = SURFACE_STYLE_FILL_AREA(#9569);
#9569 = FILL_AREA_STYLE('',(#9570));
#9570 = FILL_AREA_STYLE_COLOUR('',#8943);
#9571 = OVER_RIDING_STYLED_ITEM('overriding color',(#9572),#3766,#8936);
#9572 = PRESENTATION_STYLE_ASSIGNMENT((#9573));
#9573 = SURFACE_STYLE_USAGE(.BOTH.,#9574);
#9574 = SURFACE_SIDE_STYLE('',(#9575));
#9575 = SURFACE_STYLE_FILL_AREA(#9576);
#9576 = FILL_AREA_STYLE('',(#9577));
#9577 = FILL_AREA_STYLE_COLOUR('',#8943);
#9578 = OVER_RIDING_STYLED_ITEM('overriding color',(#9579),#3788,#8936);
#9579 = PRESENTATION_STYLE_ASSIGNMENT((#9580));
#9580 = SURFACE_STYLE_USAGE(.BOTH.,#9581);
#9581 = SURFACE_SIDE_STYLE('',(#9582));
#9582 = SURFACE_STYLE_FILL_AREA(#9583);
#9583 = FILL_AREA_STYLE('',(#9584));
#9584 = FILL_AREA_STYLE_COLOUR('',#8943);
#9585 = OVER_RIDING_STYLED_ITEM('overriding color',(#9586),#3810,#8936);
#9586 = PRESENTATION_STYLE_ASSIGNMENT((#9587));
#9587 = SURFACE_STYLE_USAGE(.BOTH.,#9588);
#9588 = SURFACE_SIDE_STYLE('',(#9589));
#9589 = SURFACE_STYLE_FILL_AREA(#9590);
#9590 = FILL_AREA_STYLE('',(#9591));
#9591 = FILL_AREA_STYLE_COLOUR('',#8943);
#9592 = OVER_RIDING_STYLED_ITEM('overriding color',(#9593),#3832,#8936);
#9593 = PRESENTATION_STYLE_ASSIGNMENT((#9594));
#9594 = SURFACE_STYLE_USAGE(.BOTH.,#9595);
#9595 = SURFACE_SIDE_STYLE('',(#9596));
#9596 = SURFACE_STYLE_FILL_AREA(#9597);
#9597 = FILL_AREA_STYLE('',(#9598));
#9598 = FILL_AREA_STYLE_COLOUR('',#8943);
#9599 = OVER_RIDING_STYLED_ITEM('overriding color',(#9600),#3854,#8936);
#9600 = PRESENTATION_STYLE_ASSIGNMENT((#9601));
#9601 = SURFACE_STYLE_USAGE(.BOTH.,#9602);
#9602 = SURFACE_SIDE_STYLE('',(#9603));
#9603 = SURFACE_STYLE_FILL_AREA(#9604);
#9604 = FILL_AREA_STYLE('',(#9605));
#9605 = FILL_AREA_STYLE_COLOUR('',#8943);
#9606 = OVER_RIDING_STYLED_ITEM('overriding color',(#9607),#3876,#8936);
#9607 = PRESENTATION_STYLE_ASSIGNMENT((#9608));
#9608 = SURFACE_STYLE_USAGE(.BOTH.,#9609);
#9609 = SURFACE_SIDE_STYLE('',(#9610));
#9610 = SURFACE_STYLE_FILL_AREA(#9611);
#9611 = FILL_AREA_STYLE('',(#9612));
#9612 = FILL_AREA_STYLE_COLOUR('',#8943);
#9613 = OVER_RIDING_STYLED_ITEM('overriding color',(#9614),#3898,#8936);
#9614 = PRESENTATION_STYLE_ASSIGNMENT((#9615));
#9615 = SURFACE_STYLE_USAGE(.BOTH.,#9616);
#9616 = SURFACE_SIDE_STYLE('',(#9617));
#9617 = SURFACE_STYLE_FILL_AREA(#9618);
#9618 = FILL_AREA_STYLE('',(#9619));
#9619 = FILL_AREA_STYLE_COLOUR('',#8943);
#9620 = OVER_RIDING_STYLED_ITEM('overriding color',(#9621),#3920,#8936);
#9621 = PRESENTATION_STYLE_ASSIGNMENT((#9622));
#9622 = SURFACE_STYLE_USAGE(.BOTH.,#9623);
#9623 = SURFACE_SIDE_STYLE('',(#9624));
#9624 = SURFACE_STYLE_FILL_AREA(#9625);
#9625 = FILL_AREA_STYLE('',(#9626));
#9626 = FILL_AREA_STYLE_COLOUR('',#8943);
#9627 = OVER_RIDING_STYLED_ITEM('overriding color',(#9628),#3942,#8936);
#9628 = PRESENTATION_STYLE_ASSIGNMENT((#9629));
#9629 = SURFACE_STYLE_USAGE(.BOTH.,#9630);
#9630 = SURFACE_SIDE_STYLE('',(#9631));
#9631 = SURFACE_STYLE_FILL_AREA(#9632);
#9632 = FILL_AREA_STYLE('',(#9633));
#9633 = FILL_AREA_STYLE_COLOUR('',#8943);
#9634 = OVER_RIDING_STYLED_ITEM('overriding color',(#9635),#3958,#8936);
#9635 = PRESENTATION_STYLE_ASSIGNMENT((#9636));
#9636 = SURFACE_STYLE_USAGE(.BOTH.,#9637);
#9637 = SURFACE_SIDE_STYLE('',(#9638));
#9638 = SURFACE_STYLE_FILL_AREA(#9639);
#9639 = FILL_AREA_STYLE('',(#9640));
#9640 = FILL_AREA_STYLE_COLOUR('',#8943);
#9641 = OVER_RIDING_STYLED_ITEM('overriding color',(#9642),#3978,#8936);
#9642 = PRESENTATION_STYLE_ASSIGNMENT((#9643));
#9643 = SURFACE_STYLE_USAGE(.BOTH.,#9644);
#9644 = SURFACE_SIDE_STYLE('',(#9645));
#9645 = SURFACE_STYLE_FILL_AREA(#9646);
#9646 = FILL_AREA_STYLE('',(#9647));
#9647 = FILL_AREA_STYLE_COLOUR('',#8943);
#9648 = OVER_RIDING_STYLED_ITEM('overriding color',(#9649),#4102,#8936);
#9649 = PRESENTATION_STYLE_ASSIGNMENT((#9650));
#9650 = SURFACE_STYLE_USAGE(.BOTH.,#9651);
#9651 = SURFACE_SIDE_STYLE('',(#9652));
#9652 = SURFACE_STYLE_FILL_AREA(#9653);
#9653 = FILL_AREA_STYLE('',(#9654));
#9654 = FILL_AREA_STYLE_COLOUR('',#8943);
#9655 = OVER_RIDING_STYLED_ITEM('overriding color',(#9656),#4122,#8936);
#9656 = PRESENTATION_STYLE_ASSIGNMENT((#9657));
#9657 = SURFACE_STYLE_USAGE(.BOTH.,#9658);
#9658 = SURFACE_SIDE_STYLE('',(#9659));
#9659 = SURFACE_STYLE_FILL_AREA(#9660);
#9660 = FILL_AREA_STYLE('',(#9661));
#9661 = FILL_AREA_STYLE_COLOUR('',#8943);
#9662 = OVER_RIDING_STYLED_ITEM('overriding color',(#9663),#4142,#8936);
#9663 = PRESENTATION_STYLE_ASSIGNMENT((#9664));
#9664 = SURFACE_STYLE_USAGE(.BOTH.,#9665);
#9665 = SURFACE_SIDE_STYLE('',(#9666));
#9666 = SURFACE_STYLE_FILL_AREA(#9667);
#9667 = FILL_AREA_STYLE('',(#9668));
#9668 = FILL_AREA_STYLE_COLOUR('',#8943);
#9669 = OVER_RIDING_STYLED_ITEM('overriding color',(#9670),#4162,#8936);
#9670 = PRESENTATION_STYLE_ASSIGNMENT((#9671));
#9671 = SURFACE_STYLE_USAGE(.BOTH.,#9672);
#9672 = SURFACE_SIDE_STYLE('',(#9673));
#9673 = SURFACE_STYLE_FILL_AREA(#9674);
#9674 = FILL_AREA_STYLE('',(#9675));
#9675 = FILL_AREA_STYLE_COLOUR('',#8943);
#9676 = OVER_RIDING_STYLED_ITEM('overriding color',(#9677),#4182,#8936);
#9677 = PRESENTATION_STYLE_ASSIGNMENT((#9678));
#9678 = SURFACE_STYLE_USAGE(.BOTH.,#9679);
#9679 = SURFACE_SIDE_STYLE('',(#9680));
#9680 = SURFACE_STYLE_FILL_AREA(#9681);
#9681 = FILL_AREA_STYLE('',(#9682));
#9682 = FILL_AREA_STYLE_COLOUR('',#8943);
#9683 = OVER_RIDING_STYLED_ITEM('overriding color',(#9684),#4202,#8936);
#9684 = PRESENTATION_STYLE_ASSIGNMENT((#9685));
#9685 = SURFACE_STYLE_USAGE(.BOTH.,#9686);
#9686 = SURFACE_SIDE_STYLE('',(#9687));
#9687 = SURFACE_STYLE_FILL_AREA(#9688);
#9688 = FILL_AREA_STYLE('',(#9689));
#9689 = FILL_AREA_STYLE_COLOUR('',#8943);
#9690 = OVER_RIDING_STYLED_ITEM('overriding color',(#9691),#4218,#8936);
#9691 = PRESENTATION_STYLE_ASSIGNMENT((#9692));
#9692 = SURFACE_STYLE_USAGE(.BOTH.,#9693);
#9693 = SURFACE_SIDE_STYLE('',(#9694));
#9694 = SURFACE_STYLE_FILL_AREA(#9695);
#9695 = FILL_AREA_STYLE('',(#9696));
#9696 = FILL_AREA_STYLE_COLOUR('',#8943);
#9697 = OVER_RIDING_STYLED_ITEM('overriding color',(#9698),#4230,#8936);
#9698 = PRESENTATION_STYLE_ASSIGNMENT((#9699));
#9699 = SURFACE_STYLE_USAGE(.BOTH.,#9700);
#9700 = SURFACE_SIDE_STYLE('',(#9701));
#9701 = SURFACE_STYLE_FILL_AREA(#9702);
#9702 = FILL_AREA_STYLE('',(#9703));
#9703 = FILL_AREA_STYLE_COLOUR('',#8943);
#9704 = OVER_RIDING_STYLED_ITEM('overriding color',(#9705),#4258,#8936);
#9705 = PRESENTATION_STYLE_ASSIGNMENT((#9706));
#9706 = SURFACE_STYLE_USAGE(.BOTH.,#9707);
#9707 = SURFACE_SIDE_STYLE('',(#9708));
#9708 = SURFACE_STYLE_FILL_AREA(#9709);
#9709 = FILL_AREA_STYLE('',(#9710));
#9710 = FILL_AREA_STYLE_COLOUR('',#8943);
#9711 = OVER_RIDING_STYLED_ITEM('overriding color',(#9712),#4280,#8936);
#9712 = PRESENTATION_STYLE_ASSIGNMENT((#9713));
#9713 = SURFACE_STYLE_USAGE(.BOTH.,#9714);
#9714 = SURFACE_SIDE_STYLE('',(#9715));
#9715 = SURFACE_STYLE_FILL_AREA(#9716);
#9716 = FILL_AREA_STYLE('',(#9717));
#9717 = FILL_AREA_STYLE_COLOUR('',#8943);
#9718 = OVER_RIDING_STYLED_ITEM('overriding color',(#9719),#4302,#8936);
#9719 = PRESENTATION_STYLE_ASSIGNMENT((#9720));
#9720 = SURFACE_STYLE_USAGE(.BOTH.,#9721);
#9721 = SURFACE_SIDE_STYLE('',(#9722));
#9722 = SURFACE_STYLE_FILL_AREA(#9723);
#9723 = FILL_AREA_STYLE('',(#9724));
#9724 = FILL_AREA_STYLE_COLOUR('',#8943);
#9725 = OVER_RIDING_STYLED_ITEM('overriding color',(#9726),#4330,#8936);
#9726 = PRESENTATION_STYLE_ASSIGNMENT((#9727));
#9727 = SURFACE_STYLE_USAGE(.BOTH.,#9728);
#9728 = SURFACE_SIDE_STYLE('',(#9729));
#9729 = SURFACE_STYLE_FILL_AREA(#9730);
#9730 = FILL_AREA_STYLE('',(#9731));
#9731 = FILL_AREA_STYLE_COLOUR('',#8943);
#9732 = OVER_RIDING_STYLED_ITEM('overriding color',(#9733),#4358,#8936);
#9733 = PRESENTATION_STYLE_ASSIGNMENT((#9734));
#9734 = SURFACE_STYLE_USAGE(.BOTH.,#9735);
#9735 = SURFACE_SIDE_STYLE('',(#9736));
#9736 = SURFACE_STYLE_FILL_AREA(#9737);
#9737 = FILL_AREA_STYLE('',(#9738));
#9738 = FILL_AREA_STYLE_COLOUR('',#8943);
#9739 = OVER_RIDING_STYLED_ITEM('overriding color',(#9740),#4386,#8936);
#9740 = PRESENTATION_STYLE_ASSIGNMENT((#9741));
#9741 = SURFACE_STYLE_USAGE(.BOTH.,#9742);
#9742 = SURFACE_SIDE_STYLE('',(#9743));
#9743 = SURFACE_STYLE_FILL_AREA(#9744);
#9744 = FILL_AREA_STYLE('',(#9745));
#9745 = FILL_AREA_STYLE_COLOUR('',#8943);
#9746 = OVER_RIDING_STYLED_ITEM('overriding color',(#9747),#4408,#8936);
#9747 = PRESENTATION_STYLE_ASSIGNMENT((#9748));
#9748 = SURFACE_STYLE_USAGE(.BOTH.,#9749);
#9749 = SURFACE_SIDE_STYLE('',(#9750));
#9750 = SURFACE_STYLE_FILL_AREA(#9751);
#9751 = FILL_AREA_STYLE('',(#9752));
#9752 = FILL_AREA_STYLE_COLOUR('',#8953);
#9753 = OVER_RIDING_STYLED_ITEM('overriding color',(#9754),#4423,#8936);
#9754 = PRESENTATION_STYLE_ASSIGNMENT((#9755));
#9755 = SURFACE_STYLE_USAGE(.BOTH.,#9756);
#9756 = SURFACE_SIDE_STYLE('',(#9757));
#9757 = SURFACE_STYLE_FILL_AREA(#9758);
#9758 = FILL_AREA_STYLE('',(#9759));
#9759 = FILL_AREA_STYLE_COLOUR('',#8943);
#9760 = OVER_RIDING_STYLED_ITEM('overriding color',(#9761),#4535,#8936);
#9761 = PRESENTATION_STYLE_ASSIGNMENT((#9762));
#9762 = SURFACE_STYLE_USAGE(.BOTH.,#9763);
#9763 = SURFACE_SIDE_STYLE('',(#9764));
#9764 = SURFACE_STYLE_FILL_AREA(#9765);
#9765 = FILL_AREA_STYLE('',(#9766));
#9766 = FILL_AREA_STYLE_COLOUR('',#8943);
#9767 = OVER_RIDING_STYLED_ITEM('overriding color',(#9768),#4555,#8936);
#9768 = PRESENTATION_STYLE_ASSIGNMENT((#9769));
#9769 = SURFACE_STYLE_USAGE(.BOTH.,#9770);
#9770 = SURFACE_SIDE_STYLE('',(#9771));
#9771 = SURFACE_STYLE_FILL_AREA(#9772);
#9772 = FILL_AREA_STYLE('',(#9773));
#9773 = FILL_AREA_STYLE_COLOUR('',#8943);
#9774 = OVER_RIDING_STYLED_ITEM('overriding color',(#9775),#4571,#8936);
#9775 = PRESENTATION_STYLE_ASSIGNMENT((#9776));
#9776 = SURFACE_STYLE_USAGE(.BOTH.,#9777);
#9777 = SURFACE_SIDE_STYLE('',(#9778));
#9778 = SURFACE_STYLE_FILL_AREA(#9779);
#9779 = FILL_AREA_STYLE('',(#9780));
#9780 = FILL_AREA_STYLE_COLOUR('',#8943);
#9781 = OVER_RIDING_STYLED_ITEM('overriding color',(#9782),#4587,#8936);
#9782 = PRESENTATION_STYLE_ASSIGNMENT((#9783));
#9783 = SURFACE_STYLE_USAGE(.BOTH.,#9784);
#9784 = SURFACE_SIDE_STYLE('',(#9785));
#9785 = SURFACE_STYLE_FILL_AREA(#9786);
#9786 = FILL_AREA_STYLE('',(#9787));
#9787 = FILL_AREA_STYLE_COLOUR('',#8943);
#9788 = OVER_RIDING_STYLED_ITEM('overriding color',(#9789),#4603,#8936);
#9789 = PRESENTATION_STYLE_ASSIGNMENT((#9790));
#9790 = SURFACE_STYLE_USAGE(.BOTH.,#9791);
#9791 = SURFACE_SIDE_STYLE('',(#9792));
#9792 = SURFACE_STYLE_FILL_AREA(#9793);
#9793 = FILL_AREA_STYLE('',(#9794));
#9794 = FILL_AREA_STYLE_COLOUR('',#8943);
#9795 = OVER_RIDING_STYLED_ITEM('overriding color',(#9796),#4619,#8936);
#9796 = PRESENTATION_STYLE_ASSIGNMENT((#9797));
#9797 = SURFACE_STYLE_USAGE(.BOTH.,#9798);
#9798 = SURFACE_SIDE_STYLE('',(#9799));
#9799 = SURFACE_STYLE_FILL_AREA(#9800);
#9800 = FILL_AREA_STYLE('',(#9801));
#9801 = FILL_AREA_STYLE_COLOUR('',#8943);
#9802 = OVER_RIDING_STYLED_ITEM('overriding color',(#9803),#4635,#8936);
#9803 = PRESENTATION_STYLE_ASSIGNMENT((#9804));
#9804 = SURFACE_STYLE_USAGE(.BOTH.,#9805);
#9805 = SURFACE_SIDE_STYLE('',(#9806));
#9806 = SURFACE_STYLE_FILL_AREA(#9807);
#9807 = FILL_AREA_STYLE('',(#9808));
#9808 = FILL_AREA_STYLE_COLOUR('',#8943);
#9809 = OVER_RIDING_STYLED_ITEM('overriding color',(#9810),#4651,#8936);
#9810 = PRESENTATION_STYLE_ASSIGNMENT((#9811));
#9811 = SURFACE_STYLE_USAGE(.BOTH.,#9812);
#9812 = SURFACE_SIDE_STYLE('',(#9813));
#9813 = SURFACE_STYLE_FILL_AREA(#9814);
#9814 = FILL_AREA_STYLE('',(#9815));
#9815 = FILL_AREA_STYLE_COLOUR('',#8943);
#9816 = OVER_RIDING_STYLED_ITEM('overriding color',(#9817),#4663,#8936);
#9817 = PRESENTATION_STYLE_ASSIGNMENT((#9818));
#9818 = SURFACE_STYLE_USAGE(.BOTH.,#9819);
#9819 = SURFACE_SIDE_STYLE('',(#9820));
#9820 = SURFACE_STYLE_FILL_AREA(#9821);
#9821 = FILL_AREA_STYLE('',(#9822));
#9822 = FILL_AREA_STYLE_COLOUR('',#8943);
#9823 = OVER_RIDING_STYLED_ITEM('overriding color',(#9824),#4691,#8936);
#9824 = PRESENTATION_STYLE_ASSIGNMENT((#9825));
#9825 = SURFACE_STYLE_USAGE(.BOTH.,#9826);
#9826 = SURFACE_SIDE_STYLE('',(#9827));
#9827 = SURFACE_STYLE_FILL_AREA(#9828);
#9828 = FILL_AREA_STYLE('',(#9829));
#9829 = FILL_AREA_STYLE_COLOUR('',#8943);
#9830 = OVER_RIDING_STYLED_ITEM('overriding color',(#9831),#4713,#8936);
#9831 = PRESENTATION_STYLE_ASSIGNMENT((#9832));
#9832 = SURFACE_STYLE_USAGE(.BOTH.,#9833);
#9833 = SURFACE_SIDE_STYLE('',(#9834));
#9834 = SURFACE_STYLE_FILL_AREA(#9835);
#9835 = FILL_AREA_STYLE('',(#9836));
#9836 = FILL_AREA_STYLE_COLOUR('',#8943);
#9837 = OVER_RIDING_STYLED_ITEM('overriding color',(#9838),#4741,#8936);
#9838 = PRESENTATION_STYLE_ASSIGNMENT((#9839));
#9839 = SURFACE_STYLE_USAGE(.BOTH.,#9840);
#9840 = SURFACE_SIDE_STYLE('',(#9841));
#9841 = SURFACE_STYLE_FILL_AREA(#9842);
#9842 = FILL_AREA_STYLE('',(#9843));
#9843 = FILL_AREA_STYLE_COLOUR('',#8943);
#9844 = OVER_RIDING_STYLED_ITEM('overriding color',(#9845),#4763,#8936);
#9845 = PRESENTATION_STYLE_ASSIGNMENT((#9846));
#9846 = SURFACE_STYLE_USAGE(.BOTH.,#9847);
#9847 = SURFACE_SIDE_STYLE('',(#9848));
#9848 = SURFACE_STYLE_FILL_AREA(#9849);
#9849 = FILL_AREA_STYLE('',(#9850));
#9850 = FILL_AREA_STYLE_COLOUR('',#8943);
#9851 = OVER_RIDING_STYLED_ITEM('overriding color',(#9852),#4791,#8936);
#9852 = PRESENTATION_STYLE_ASSIGNMENT((#9853));
#9853 = SURFACE_STYLE_USAGE(.BOTH.,#9854);
#9854 = SURFACE_SIDE_STYLE('',(#9855));
#9855 = SURFACE_STYLE_FILL_AREA(#9856);
#9856 = FILL_AREA_STYLE('',(#9857));
#9857 = FILL_AREA_STYLE_COLOUR('',#8943);
#9858 = OVER_RIDING_STYLED_ITEM('overriding color',(#9859),#4807,#8936);
#9859 = PRESENTATION_STYLE_ASSIGNMENT((#9860));
#9860 = SURFACE_STYLE_USAGE(.BOTH.,#9861);
#9861 = SURFACE_SIDE_STYLE('',(#9862));
#9862 = SURFACE_STYLE_FILL_AREA(#9863);
#9863 = FILL_AREA_STYLE('',(#9864));
#9864 = FILL_AREA_STYLE_COLOUR('',#8953);
#9865 = OVER_RIDING_STYLED_ITEM('overriding color',(#9866),#4821,#8936);
#9866 = PRESENTATION_STYLE_ASSIGNMENT((#9867));
#9867 = SURFACE_STYLE_USAGE(.BOTH.,#9868);
#9868 = SURFACE_SIDE_STYLE('',(#9869));
#9869 = SURFACE_STYLE_FILL_AREA(#9870);
#9870 = FILL_AREA_STYLE('',(#9871));
#9871 = FILL_AREA_STYLE_COLOUR('',#8943);
#9872 = OVER_RIDING_STYLED_ITEM('overriding color',(#9873),#4849,#8936);
#9873 = PRESENTATION_STYLE_ASSIGNMENT((#9874));
#9874 = SURFACE_STYLE_USAGE(.BOTH.,#9875);
#9875 = SURFACE_SIDE_STYLE('',(#9876));
#9876 = SURFACE_STYLE_FILL_AREA(#9877);
#9877 = FILL_AREA_STYLE('',(#9878));
#9878 = FILL_AREA_STYLE_COLOUR('',#8943);
#9879 = OVER_RIDING_STYLED_ITEM('overriding color',(#9880),#4871,#8936);
#9880 = PRESENTATION_STYLE_ASSIGNMENT((#9881));
#9881 = SURFACE_STYLE_USAGE(.BOTH.,#9882);
#9882 = SURFACE_SIDE_STYLE('',(#9883));
#9883 = SURFACE_STYLE_FILL_AREA(#9884);
#9884 = FILL_AREA_STYLE('',(#9885));
#9885 = FILL_AREA_STYLE_COLOUR('',#8943);
#9886 = OVER_RIDING_STYLED_ITEM('overriding color',(#9887),#4893,#8936);
#9887 = PRESENTATION_STYLE_ASSIGNMENT((#9888));
#9888 = SURFACE_STYLE_USAGE(.BOTH.,#9889);
#9889 = SURFACE_SIDE_STYLE('',(#9890));
#9890 = SURFACE_STYLE_FILL_AREA(#9891);
#9891 = FILL_AREA_STYLE('',(#9892));
#9892 = FILL_AREA_STYLE_COLOUR('',#8943);
#9893 = OVER_RIDING_STYLED_ITEM('overriding color',(#9894),#4915,#8936);
#9894 = PRESENTATION_STYLE_ASSIGNMENT((#9895));
#9895 = SURFACE_STYLE_USAGE(.BOTH.,#9896);
#9896 = SURFACE_SIDE_STYLE('',(#9897));
#9897 = SURFACE_STYLE_FILL_AREA(#9898);
#9898 = FILL_AREA_STYLE('',(#9899));
#9899 = FILL_AREA_STYLE_COLOUR('',#8943);
#9900 = OVER_RIDING_STYLED_ITEM('overriding color',(#9901),#4937,#8936);
#9901 = PRESENTATION_STYLE_ASSIGNMENT((#9902));
#9902 = SURFACE_STYLE_USAGE(.BOTH.,#9903);
#9903 = SURFACE_SIDE_STYLE('',(#9904));
#9904 = SURFACE_STYLE_FILL_AREA(#9905);
#9905 = FILL_AREA_STYLE('',(#9906));
#9906 = FILL_AREA_STYLE_COLOUR('',#8943);
#9907 = OVER_RIDING_STYLED_ITEM('overriding color',(#9908),#4959,#8936);
#9908 = PRESENTATION_STYLE_ASSIGNMENT((#9909));
#9909 = SURFACE_STYLE_USAGE(.BOTH.,#9910);
#9910 = SURFACE_SIDE_STYLE('',(#9911));
#9911 = SURFACE_STYLE_FILL_AREA(#9912);
#9912 = FILL_AREA_STYLE('',(#9913));
#9913 = FILL_AREA_STYLE_COLOUR('',#8943);
#9914 = OVER_RIDING_STYLED_ITEM('overriding color',(#9915),#4981,#8936);
#9915 = PRESENTATION_STYLE_ASSIGNMENT((#9916));
#9916 = SURFACE_STYLE_USAGE(.BOTH.,#9917);
#9917 = SURFACE_SIDE_STYLE('',(#9918));
#9918 = SURFACE_STYLE_FILL_AREA(#9919);
#9919 = FILL_AREA_STYLE('',(#9920));
#9920 = FILL_AREA_STYLE_COLOUR('',#8943);
#9921 = OVER_RIDING_STYLED_ITEM('overriding color',(#9922),#5003,#8936);
#9922 = PRESENTATION_STYLE_ASSIGNMENT((#9923));
#9923 = SURFACE_STYLE_USAGE(.BOTH.,#9924);
#9924 = SURFACE_SIDE_STYLE('',(#9925));
#9925 = SURFACE_STYLE_FILL_AREA(#9926);
#9926 = FILL_AREA_STYLE('',(#9927));
#9927 = FILL_AREA_STYLE_COLOUR('',#8943);
#9928 = OVER_RIDING_STYLED_ITEM('overriding color',(#9929),#5025,#8936);
#9929 = PRESENTATION_STYLE_ASSIGNMENT((#9930));
#9930 = SURFACE_STYLE_USAGE(.BOTH.,#9931);
#9931 = SURFACE_SIDE_STYLE('',(#9932));
#9932 = SURFACE_STYLE_FILL_AREA(#9933);
#9933 = FILL_AREA_STYLE('',(#9934));
#9934 = FILL_AREA_STYLE_COLOUR('',#8943);
#9935 = OVER_RIDING_STYLED_ITEM('overriding color',(#9936),#5047,#8936);
#9936 = PRESENTATION_STYLE_ASSIGNMENT((#9937));
#9937 = SURFACE_STYLE_USAGE(.BOTH.,#9938);
#9938 = SURFACE_SIDE_STYLE('',(#9939));
#9939 = SURFACE_STYLE_FILL_AREA(#9940);
#9940 = FILL_AREA_STYLE('',(#9941));
#9941 = FILL_AREA_STYLE_COLOUR('',#8943);
#9942 = OVER_RIDING_STYLED_ITEM('overriding color',(#9943),#5069,#8936);
#9943 = PRESENTATION_STYLE_ASSIGNMENT((#9944));
#9944 = SURFACE_STYLE_USAGE(.BOTH.,#9945);
#9945 = SURFACE_SIDE_STYLE('',(#9946));
#9946 = SURFACE_STYLE_FILL_AREA(#9947);
#9947 = FILL_AREA_STYLE('',(#9948));
#9948 = FILL_AREA_STYLE_COLOUR('',#8943);
#9949 = OVER_RIDING_STYLED_ITEM('overriding color',(#9950),#5085,#8936);
#9950 = PRESENTATION_STYLE_ASSIGNMENT((#9951));
#9951 = SURFACE_STYLE_USAGE(.BOTH.,#9952);
#9952 = SURFACE_SIDE_STYLE('',(#9953));
#9953 = SURFACE_STYLE_FILL_AREA(#9954);
#9954 = FILL_AREA_STYLE('',(#9955));
#9955 = FILL_AREA_STYLE_COLOUR('',#8943);
#9956 = OVER_RIDING_STYLED_ITEM('overriding color',(#9957),#5105,#8936);
#9957 = PRESENTATION_STYLE_ASSIGNMENT((#9958));
#9958 = SURFACE_STYLE_USAGE(.BOTH.,#9959);
#9959 = SURFACE_SIDE_STYLE('',(#9960));
#9960 = SURFACE_STYLE_FILL_AREA(#9961);
#9961 = FILL_AREA_STYLE('',(#9962));
#9962 = FILL_AREA_STYLE_COLOUR('',#8943);
#9963 = OVER_RIDING_STYLED_ITEM('overriding color',(#9964),#5297,#8936);
#9964 = PRESENTATION_STYLE_ASSIGNMENT((#9965));
#9965 = SURFACE_STYLE_USAGE(.BOTH.,#9966);
#9966 = SURFACE_SIDE_STYLE('',(#9967));
#9967 = SURFACE_STYLE_FILL_AREA(#9968);
#9968 = FILL_AREA_STYLE('',(#9969));
#9969 = FILL_AREA_STYLE_COLOUR('',#8943);
#9970 = OVER_RIDING_STYLED_ITEM('overriding color',(#9971),#5321,#8936);
#9971 = PRESENTATION_STYLE_ASSIGNMENT((#9972));
#9972 = SURFACE_STYLE_USAGE(.BOTH.,#9973);
#9973 = SURFACE_SIDE_STYLE('',(#9974));
#9974 = SURFACE_STYLE_FILL_AREA(#9975);
#9975 = FILL_AREA_STYLE('',(#9976));
#9976 = FILL_AREA_STYLE_COLOUR('',#8943);
#9977 = OVER_RIDING_STYLED_ITEM('overriding color',(#9978),#5337,#8936);
#9978 = PRESENTATION_STYLE_ASSIGNMENT((#9979));
#9979 = SURFACE_STYLE_USAGE(.BOTH.,#9980);
#9980 = SURFACE_SIDE_STYLE('',(#9981));
#9981 = SURFACE_STYLE_FILL_AREA(#9982);
#9982 = FILL_AREA_STYLE('',(#9983));
#9983 = FILL_AREA_STYLE_COLOUR('',#8943);
#9984 = OVER_RIDING_STYLED_ITEM('overriding color',(#9985),#5357,#8936);
#9985 = PRESENTATION_STYLE_ASSIGNMENT((#9986));
#9986 = SURFACE_STYLE_USAGE(.BOTH.,#9987);
#9987 = SURFACE_SIDE_STYLE('',(#9988));
#9988 = SURFACE_STYLE_FILL_AREA(#9989);
#9989 = FILL_AREA_STYLE('',(#9990));
#9990 = FILL_AREA_STYLE_COLOUR('',#8943);
#9991 = OVER_RIDING_STYLED_ITEM('overriding color',(#9992),#5377,#8936);
#9992 = PRESENTATION_STYLE_ASSIGNMENT((#9993));
#9993 = SURFACE_STYLE_USAGE(.BOTH.,#9994);
#9994 = SURFACE_SIDE_STYLE('',(#9995));
#9995 = SURFACE_STYLE_FILL_AREA(#9996);
#9996 = FILL_AREA_STYLE('',(#9997));
#9997 = FILL_AREA_STYLE_COLOUR('',#8943);
#9998 = OVER_RIDING_STYLED_ITEM('overriding color',(#9999),#5393,#8936);
#9999 = PRESENTATION_STYLE_ASSIGNMENT((#10000));
#10000 = SURFACE_STYLE_USAGE(.BOTH.,#10001);
#10001 = SURFACE_SIDE_STYLE('',(#10002));
#10002 = SURFACE_STYLE_FILL_AREA(#10003);
#10003 = FILL_AREA_STYLE('',(#10004));
#10004 = FILL_AREA_STYLE_COLOUR('',#8943);
#10005 = OVER_RIDING_STYLED_ITEM('overriding color',(#10006),#5413,#8936
  );
#10006 = PRESENTATION_STYLE_ASSIGNMENT((#10007));
#10007 = SURFACE_STYLE_USAGE(.BOTH.,#10008);
#10008 = SURFACE_SIDE_STYLE('',(#10009));
#10009 = SURFACE_STYLE_FILL_AREA(#10010);
#10010 = FILL_AREA_STYLE('',(#10011));
#10011 = FILL_AREA_STYLE_COLOUR('',#8943);
#10012 = OVER_RIDING_STYLED_ITEM('overriding color',(#10013),#5433,#8936
  );
#10013 = PRESENTATION_STYLE_ASSIGNMENT((#10014));
#10014 = SURFACE_STYLE_USAGE(.BOTH.,#10015);
#10015 = SURFACE_SIDE_STYLE('',(#10016));
#10016 = SURFACE_STYLE_FILL_AREA(#10017);
#10017 = FILL_AREA_STYLE('',(#10018));
#10018 = FILL_AREA_STYLE_COLOUR('',#8943);
#10019 = OVER_RIDING_STYLED_ITEM('overriding color',(#10020),#5453,#8936
  );
#10020 = PRESENTATION_STYLE_ASSIGNMENT((#10021));
#10021 = SURFACE_STYLE_USAGE(.BOTH.,#10022);
#10022 = SURFACE_SIDE_STYLE('',(#10023));
#10023 = SURFACE_STYLE_FILL_AREA(#10024);
#10024 = FILL_AREA_STYLE('',(#10025));
#10025 = FILL_AREA_STYLE_COLOUR('',#8943);
#10026 = OVER_RIDING_STYLED_ITEM('overriding color',(#10027),#5473,#8936
  );
#10027 = PRESENTATION_STYLE_ASSIGNMENT((#10028));
#10028 = SURFACE_STYLE_USAGE(.BOTH.,#10029);
#10029 = SURFACE_SIDE_STYLE('',(#10030));
#10030 = SURFACE_STYLE_FILL_AREA(#10031);
#10031 = FILL_AREA_STYLE('',(#10032));
#10032 = FILL_AREA_STYLE_COLOUR('',#8943);
#10033 = OVER_RIDING_STYLED_ITEM('overriding color',(#10034),#5489,#8936
  );
#10034 = PRESENTATION_STYLE_ASSIGNMENT((#10035));
#10035 = SURFACE_STYLE_USAGE(.BOTH.,#10036);
#10036 = SURFACE_SIDE_STYLE('',(#10037));
#10037 = SURFACE_STYLE_FILL_AREA(#10038);
#10038 = FILL_AREA_STYLE('',(#10039));
#10039 = FILL_AREA_STYLE_COLOUR('',#8943);
#10040 = OVER_RIDING_STYLED_ITEM('overriding color',(#10041),#5505,#8936
  );
#10041 = PRESENTATION_STYLE_ASSIGNMENT((#10042));
#10042 = SURFACE_STYLE_USAGE(.BOTH.,#10043);
#10043 = SURFACE_SIDE_STYLE('',(#10044));
#10044 = SURFACE_STYLE_FILL_AREA(#10045);
#10045 = FILL_AREA_STYLE('',(#10046));
#10046 = FILL_AREA_STYLE_COLOUR('',#8943);
#10047 = OVER_RIDING_STYLED_ITEM('overriding color',(#10048),#5521,#8936
  );
#10048 = PRESENTATION_STYLE_ASSIGNMENT((#10049));
#10049 = SURFACE_STYLE_USAGE(.BOTH.,#10050);
#10050 = SURFACE_SIDE_STYLE('',(#10051));
#10051 = SURFACE_STYLE_FILL_AREA(#10052);
#10052 = FILL_AREA_STYLE('',(#10053));
#10053 = FILL_AREA_STYLE_COLOUR('',#8943);
#10054 = OVER_RIDING_STYLED_ITEM('overriding color',(#10055),#5537,#8936
  );
#10055 = PRESENTATION_STYLE_ASSIGNMENT((#10056));
#10056 = SURFACE_STYLE_USAGE(.BOTH.,#10057);
#10057 = SURFACE_SIDE_STYLE('',(#10058));
#10058 = SURFACE_STYLE_FILL_AREA(#10059);
#10059 = FILL_AREA_STYLE('',(#10060));
#10060 = FILL_AREA_STYLE_COLOUR('',#8943);
#10061 = OVER_RIDING_STYLED_ITEM('overriding color',(#10062),#5553,#8936
  );
#10062 = PRESENTATION_STYLE_ASSIGNMENT((#10063));
#10063 = SURFACE_STYLE_USAGE(.BOTH.,#10064);
#10064 = SURFACE_SIDE_STYLE('',(#10065));
#10065 = SURFACE_STYLE_FILL_AREA(#10066);
#10066 = FILL_AREA_STYLE('',(#10067));
#10067 = FILL_AREA_STYLE_COLOUR('',#8943);
#10068 = OVER_RIDING_STYLED_ITEM('overriding color',(#10069),#5587,#8936
  );
#10069 = PRESENTATION_STYLE_ASSIGNMENT((#10070));
#10070 = SURFACE_STYLE_USAGE(.BOTH.,#10071);
#10071 = SURFACE_SIDE_STYLE('',(#10072));
#10072 = SURFACE_STYLE_FILL_AREA(#10073);
#10073 = FILL_AREA_STYLE('',(#10074));
#10074 = FILL_AREA_STYLE_COLOUR('',#8943);
#10075 = OVER_RIDING_STYLED_ITEM('overriding color',(#10076),#5615,#8936
  );
#10076 = PRESENTATION_STYLE_ASSIGNMENT((#10077));
#10077 = SURFACE_STYLE_USAGE(.BOTH.,#10078);
#10078 = SURFACE_SIDE_STYLE('',(#10079));
#10079 = SURFACE_STYLE_FILL_AREA(#10080);
#10080 = FILL_AREA_STYLE('',(#10081));
#10081 = FILL_AREA_STYLE_COLOUR('',#8943);
#10082 = OVER_RIDING_STYLED_ITEM('overriding color',(#10083),#5643,#8936
  );
#10083 = PRESENTATION_STYLE_ASSIGNMENT((#10084));
#10084 = SURFACE_STYLE_USAGE(.BOTH.,#10085);
#10085 = SURFACE_SIDE_STYLE('',(#10086));
#10086 = SURFACE_STYLE_FILL_AREA(#10087);
#10087 = FILL_AREA_STYLE('',(#10088));
#10088 = FILL_AREA_STYLE_COLOUR('',#8943);
#10089 = OVER_RIDING_STYLED_ITEM('overriding color',(#10090),#5671,#8936
  );
#10090 = PRESENTATION_STYLE_ASSIGNMENT((#10091));
#10091 = SURFACE_STYLE_USAGE(.BOTH.,#10092);
#10092 = SURFACE_SIDE_STYLE('',(#10093));
#10093 = SURFACE_STYLE_FILL_AREA(#10094);
#10094 = FILL_AREA_STYLE('',(#10095));
#10095 = FILL_AREA_STYLE_COLOUR('',#8943);
#10096 = OVER_RIDING_STYLED_ITEM('overriding color',(#10097),#5699,#8936
  );
#10097 = PRESENTATION_STYLE_ASSIGNMENT((#10098));
#10098 = SURFACE_STYLE_USAGE(.BOTH.,#10099);
#10099 = SURFACE_SIDE_STYLE('',(#10100));
#10100 = SURFACE_STYLE_FILL_AREA(#10101);
#10101 = FILL_AREA_STYLE('',(#10102));
#10102 = FILL_AREA_STYLE_COLOUR('',#8943);
#10103 = OVER_RIDING_STYLED_ITEM('overriding color',(#10104),#5727,#8936
  );
#10104 = PRESENTATION_STYLE_ASSIGNMENT((#10105));
#10105 = SURFACE_STYLE_USAGE(.BOTH.,#10106);
#10106 = SURFACE_SIDE_STYLE('',(#10107));
#10107 = SURFACE_STYLE_FILL_AREA(#10108);
#10108 = FILL_AREA_STYLE('',(#10109));
#10109 = FILL_AREA_STYLE_COLOUR('',#8943);
#10110 = OVER_RIDING_STYLED_ITEM('overriding color',(#10111),#5749,#8936
  );
#10111 = PRESENTATION_STYLE_ASSIGNMENT((#10112));
#10112 = SURFACE_STYLE_USAGE(.BOTH.,#10113);
#10113 = SURFACE_SIDE_STYLE('',(#10114));
#10114 = SURFACE_STYLE_FILL_AREA(#10115);
#10115 = FILL_AREA_STYLE('',(#10116));
#10116 = FILL_AREA_STYLE_COLOUR('',#8943);
#10117 = OVER_RIDING_STYLED_ITEM('overriding color',(#10118),#5765,#8936
  );
#10118 = PRESENTATION_STYLE_ASSIGNMENT((#10119));
#10119 = SURFACE_STYLE_USAGE(.BOTH.,#10120);
#10120 = SURFACE_SIDE_STYLE('',(#10121));
#10121 = SURFACE_STYLE_FILL_AREA(#10122);
#10122 = FILL_AREA_STYLE('',(#10123));
#10123 = FILL_AREA_STYLE_COLOUR('',#8953);
#10124 = OVER_RIDING_STYLED_ITEM('overriding color',(#10125),#5781,#8936
  );
#10125 = PRESENTATION_STYLE_ASSIGNMENT((#10126));
#10126 = SURFACE_STYLE_USAGE(.BOTH.,#10127);
#10127 = SURFACE_SIDE_STYLE('',(#10128));
#10128 = SURFACE_STYLE_FILL_AREA(#10129);
#10129 = FILL_AREA_STYLE('',(#10130));
#10130 = FILL_AREA_STYLE_COLOUR('',#8943);
#10131 = OVER_RIDING_STYLED_ITEM('overriding color',(#10132),#5815,#8936
  );
#10132 = PRESENTATION_STYLE_ASSIGNMENT((#10133));
#10133 = SURFACE_STYLE_USAGE(.BOTH.,#10134);
#10134 = SURFACE_SIDE_STYLE('',(#10135));
#10135 = SURFACE_STYLE_FILL_AREA(#10136);
#10136 = FILL_AREA_STYLE('',(#10137));
#10137 = FILL_AREA_STYLE_COLOUR('',#8943);
#10138 = OVER_RIDING_STYLED_ITEM('overriding color',(#10139),#5837,#8936
  );
#10139 = PRESENTATION_STYLE_ASSIGNMENT((#10140));
#10140 = SURFACE_STYLE_USAGE(.BOTH.,#10141);
#10141 = SURFACE_SIDE_STYLE('',(#10142));
#10142 = SURFACE_STYLE_FILL_AREA(#10143);
#10143 = FILL_AREA_STYLE('',(#10144));
#10144 = FILL_AREA_STYLE_COLOUR('',#8943);
#10145 = OVER_RIDING_STYLED_ITEM('overriding color',(#10146),#5865,#8936
  );
#10146 = PRESENTATION_STYLE_ASSIGNMENT((#10147));
#10147 = SURFACE_STYLE_USAGE(.BOTH.,#10148);
#10148 = SURFACE_SIDE_STYLE('',(#10149));
#10149 = SURFACE_STYLE_FILL_AREA(#10150);
#10150 = FILL_AREA_STYLE('',(#10151));
#10151 = FILL_AREA_STYLE_COLOUR('',#8943);
#10152 = OVER_RIDING_STYLED_ITEM('overriding color',(#10153),#5893,#8936
  );
#10153 = PRESENTATION_STYLE_ASSIGNMENT((#10154));
#10154 = SURFACE_STYLE_USAGE(.BOTH.,#10155);
#10155 = SURFACE_SIDE_STYLE('',(#10156));
#10156 = SURFACE_STYLE_FILL_AREA(#10157);
#10157 = FILL_AREA_STYLE('',(#10158));
#10158 = FILL_AREA_STYLE_COLOUR('',#8943);
#10159 = OVER_RIDING_STYLED_ITEM('overriding color',(#10160),#5921,#8936
  );
#10160 = PRESENTATION_STYLE_ASSIGNMENT((#10161));
#10161 = SURFACE_STYLE_USAGE(.BOTH.,#10162);
#10162 = SURFACE_SIDE_STYLE('',(#10163));
#10163 = SURFACE_STYLE_FILL_AREA(#10164);
#10164 = FILL_AREA_STYLE('',(#10165));
#10165 = FILL_AREA_STYLE_COLOUR('',#8943);
#10166 = OVER_RIDING_STYLED_ITEM('overriding color',(#10167),#5949,#8936
  );
#10167 = PRESENTATION_STYLE_ASSIGNMENT((#10168));
#10168 = SURFACE_STYLE_USAGE(.BOTH.,#10169);
#10169 = SURFACE_SIDE_STYLE('',(#10170));
#10170 = SURFACE_STYLE_FILL_AREA(#10171);
#10171 = FILL_AREA_STYLE('',(#10172));
#10172 = FILL_AREA_STYLE_COLOUR('',#8943);
#10173 = OVER_RIDING_STYLED_ITEM('overriding color',(#10174),#5977,#8936
  );
#10174 = PRESENTATION_STYLE_ASSIGNMENT((#10175));
#10175 = SURFACE_STYLE_USAGE(.BOTH.,#10176);
#10176 = SURFACE_SIDE_STYLE('',(#10177));
#10177 = SURFACE_STYLE_FILL_AREA(#10178);
#10178 = FILL_AREA_STYLE('',(#10179));
#10179 = FILL_AREA_STYLE_COLOUR('',#8943);
#10180 = OVER_RIDING_STYLED_ITEM('overriding color',(#10181),#6005,#8936
  );
#10181 = PRESENTATION_STYLE_ASSIGNMENT((#10182));
#10182 = SURFACE_STYLE_USAGE(.BOTH.,#10183);
#10183 = SURFACE_SIDE_STYLE('',(#10184));
#10184 = SURFACE_STYLE_FILL_AREA(#10185);
#10185 = FILL_AREA_STYLE('',(#10186));
#10186 = FILL_AREA_STYLE_COLOUR('',#8943);
#10187 = OVER_RIDING_STYLED_ITEM('overriding color',(#10188),#6033,#8936
  );
#10188 = PRESENTATION_STYLE_ASSIGNMENT((#10189));
#10189 = SURFACE_STYLE_USAGE(.BOTH.,#10190);
#10190 = SURFACE_SIDE_STYLE('',(#10191));
#10191 = SURFACE_STYLE_FILL_AREA(#10192);
#10192 = FILL_AREA_STYLE('',(#10193));
#10193 = FILL_AREA_STYLE_COLOUR('',#8943);
#10194 = OVER_RIDING_STYLED_ITEM('overriding color',(#10195),#6061,#8936
  );
#10195 = PRESENTATION_STYLE_ASSIGNMENT((#10196));
#10196 = SURFACE_STYLE_USAGE(.BOTH.,#10197);
#10197 = SURFACE_SIDE_STYLE('',(#10198));
#10198 = SURFACE_STYLE_FILL_AREA(#10199);
#10199 = FILL_AREA_STYLE('',(#10200));
#10200 = FILL_AREA_STYLE_COLOUR('',#8943);
#10201 = OVER_RIDING_STYLED_ITEM('overriding color',(#10202),#6089,#8936
  );
#10202 = PRESENTATION_STYLE_ASSIGNMENT((#10203));
#10203 = SURFACE_STYLE_USAGE(.BOTH.,#10204);
#10204 = SURFACE_SIDE_STYLE('',(#10205));
#10205 = SURFACE_STYLE_FILL_AREA(#10206);
#10206 = FILL_AREA_STYLE('',(#10207));
#10207 = FILL_AREA_STYLE_COLOUR('',#8943);
#10208 = OVER_RIDING_STYLED_ITEM('overriding color',(#10209),#6117,#8936
  );
#10209 = PRESENTATION_STYLE_ASSIGNMENT((#10210));
#10210 = SURFACE_STYLE_USAGE(.BOTH.,#10211);
#10211 = SURFACE_SIDE_STYLE('',(#10212));
#10212 = SURFACE_STYLE_FILL_AREA(#10213);
#10213 = FILL_AREA_STYLE('',(#10214));
#10214 = FILL_AREA_STYLE_COLOUR('',#8943);
#10215 = OVER_RIDING_STYLED_ITEM('overriding color',(#10216),#6139,#8936
  );
#10216 = PRESENTATION_STYLE_ASSIGNMENT((#10217));
#10217 = SURFACE_STYLE_USAGE(.BOTH.,#10218);
#10218 = SURFACE_SIDE_STYLE('',(#10219));
#10219 = SURFACE_STYLE_FILL_AREA(#10220);
#10220 = FILL_AREA_STYLE('',(#10221));
#10221 = FILL_AREA_STYLE_COLOUR('',#8943);
#10222 = OVER_RIDING_STYLED_ITEM('overriding color',(#10223),#6167,#8936
  );
#10223 = PRESENTATION_STYLE_ASSIGNMENT((#10224));
#10224 = SURFACE_STYLE_USAGE(.BOTH.,#10225);
#10225 = SURFACE_SIDE_STYLE('',(#10226));
#10226 = SURFACE_STYLE_FILL_AREA(#10227);
#10227 = FILL_AREA_STYLE('',(#10228));
#10228 = FILL_AREA_STYLE_COLOUR('',#8943);
#10229 = OVER_RIDING_STYLED_ITEM('overriding color',(#10230),#6195,#8936
  );
#10230 = PRESENTATION_STYLE_ASSIGNMENT((#10231));
#10231 = SURFACE_STYLE_USAGE(.BOTH.,#10232);
#10232 = SURFACE_SIDE_STYLE('',(#10233));
#10233 = SURFACE_STYLE_FILL_AREA(#10234);
#10234 = FILL_AREA_STYLE('',(#10235));
#10235 = FILL_AREA_STYLE_COLOUR('',#8943);
#10236 = OVER_RIDING_STYLED_ITEM('overriding color',(#10237),#6223,#8936
  );
#10237 = PRESENTATION_STYLE_ASSIGNMENT((#10238));
#10238 = SURFACE_STYLE_USAGE(.BOTH.,#10239);
#10239 = SURFACE_SIDE_STYLE('',(#10240));
#10240 = SURFACE_STYLE_FILL_AREA(#10241);
#10241 = FILL_AREA_STYLE('',(#10242));
#10242 = FILL_AREA_STYLE_COLOUR('',#8943);
#10243 = OVER_RIDING_STYLED_ITEM('overriding color',(#10244),#6251,#8936
  );
#10244 = PRESENTATION_STYLE_ASSIGNMENT((#10245));
#10245 = SURFACE_STYLE_USAGE(.BOTH.,#10246);
#10246 = SURFACE_SIDE_STYLE('',(#10247));
#10247 = SURFACE_STYLE_FILL_AREA(#10248);
#10248 = FILL_AREA_STYLE('',(#10249));
#10249 = FILL_AREA_STYLE_COLOUR('',#8943);
#10250 = OVER_RIDING_STYLED_ITEM('overriding color',(#10251),#6279,#8936
  );
#10251 = PRESENTATION_STYLE_ASSIGNMENT((#10252));
#10252 = SURFACE_STYLE_USAGE(.BOTH.,#10253);
#10253 = SURFACE_SIDE_STYLE('',(#10254));
#10254 = SURFACE_STYLE_FILL_AREA(#10255);
#10255 = FILL_AREA_STYLE('',(#10256));
#10256 = FILL_AREA_STYLE_COLOUR('',#8943);
#10257 = OVER_RIDING_STYLED_ITEM('overriding color',(#10258),#6307,#8936
  );
#10258 = PRESENTATION_STYLE_ASSIGNMENT((#10259));
#10259 = SURFACE_STYLE_USAGE(.BOTH.,#10260);
#10260 = SURFACE_SIDE_STYLE('',(#10261));
#10261 = SURFACE_STYLE_FILL_AREA(#10262);
#10262 = FILL_AREA_STYLE('',(#10263));
#10263 = FILL_AREA_STYLE_COLOUR('',#8943);
#10264 = OVER_RIDING_STYLED_ITEM('overriding color',(#10265),#6335,#8936
  );
#10265 = PRESENTATION_STYLE_ASSIGNMENT((#10266));
#10266 = SURFACE_STYLE_USAGE(.BOTH.,#10267);
#10267 = SURFACE_SIDE_STYLE('',(#10268));
#10268 = SURFACE_STYLE_FILL_AREA(#10269);
#10269 = FILL_AREA_STYLE('',(#10270));
#10270 = FILL_AREA_STYLE_COLOUR('',#8943);
#10271 = OVER_RIDING_STYLED_ITEM('overriding color',(#10272),#6357,#8936
  );
#10272 = PRESENTATION_STYLE_ASSIGNMENT((#10273));
#10273 = SURFACE_STYLE_USAGE(.BOTH.,#10274);
#10274 = SURFACE_SIDE_STYLE('',(#10275));
#10275 = SURFACE_STYLE_FILL_AREA(#10276);
#10276 = FILL_AREA_STYLE('',(#10277));
#10277 = FILL_AREA_STYLE_COLOUR('',#8943);
#10278 = OVER_RIDING_STYLED_ITEM('overriding color',(#10279),#6386,#8936
  );
#10279 = PRESENTATION_STYLE_ASSIGNMENT((#10280));
#10280 = SURFACE_STYLE_USAGE(.BOTH.,#10281);
#10281 = SURFACE_SIDE_STYLE('',(#10282));
#10282 = SURFACE_STYLE_FILL_AREA(#10283);
#10283 = FILL_AREA_STYLE('',(#10284));
#10284 = FILL_AREA_STYLE_COLOUR('',#8943);
#10285 = OVER_RIDING_STYLED_ITEM('overriding color',(#10286),#6414,#8936
  );
#10286 = PRESENTATION_STYLE_ASSIGNMENT((#10287));
#10287 = SURFACE_STYLE_USAGE(.BOTH.,#10288);
#10288 = SURFACE_SIDE_STYLE('',(#10289));
#10289 = SURFACE_STYLE_FILL_AREA(#10290);
#10290 = FILL_AREA_STYLE('',(#10291));
#10291 = FILL_AREA_STYLE_COLOUR('',#8943);
#10292 = OVER_RIDING_STYLED_ITEM('overriding color',(#10293),#6436,#8936
  );
#10293 = PRESENTATION_STYLE_ASSIGNMENT((#10294));
#10294 = SURFACE_STYLE_USAGE(.BOTH.,#10295);
#10295 = SURFACE_SIDE_STYLE('',(#10296));
#10296 = SURFACE_STYLE_FILL_AREA(#10297);
#10297 = FILL_AREA_STYLE('',(#10298));
#10298 = FILL_AREA_STYLE_COLOUR('',#8943);
#10299 = OVER_RIDING_STYLED_ITEM('overriding color',(#10300),#6464,#8936
  );
#10300 = PRESENTATION_STYLE_ASSIGNMENT((#10301));
#10301 = SURFACE_STYLE_USAGE(.BOTH.,#10302);
#10302 = SURFACE_SIDE_STYLE('',(#10303));
#10303 = SURFACE_STYLE_FILL_AREA(#10304);
#10304 = FILL_AREA_STYLE('',(#10305));
#10305 = FILL_AREA_STYLE_COLOUR('',#8943);
#10306 = OVER_RIDING_STYLED_ITEM('overriding color',(#10307),#6486,#8936
  );
#10307 = PRESENTATION_STYLE_ASSIGNMENT((#10308));
#10308 = SURFACE_STYLE_USAGE(.BOTH.,#10309);
#10309 = SURFACE_SIDE_STYLE('',(#10310));
#10310 = SURFACE_STYLE_FILL_AREA(#10311);
#10311 = FILL_AREA_STYLE('',(#10312));
#10312 = FILL_AREA_STYLE_COLOUR('',#8943);
#10313 = OVER_RIDING_STYLED_ITEM('overriding color',(#10314),#6508,#8936
  );
#10314 = PRESENTATION_STYLE_ASSIGNMENT((#10315));
#10315 = SURFACE_STYLE_USAGE(.BOTH.,#10316);
#10316 = SURFACE_SIDE_STYLE('',(#10317));
#10317 = SURFACE_STYLE_FILL_AREA(#10318);
#10318 = FILL_AREA_STYLE('',(#10319));
#10319 = FILL_AREA_STYLE_COLOUR('',#8943);
#10320 = OVER_RIDING_STYLED_ITEM('overriding color',(#10321),#6530,#8936
  );
#10321 = PRESENTATION_STYLE_ASSIGNMENT((#10322));
#10322 = SURFACE_STYLE_USAGE(.BOTH.,#10323);
#10323 = SURFACE_SIDE_STYLE('',(#10324));
#10324 = SURFACE_STYLE_FILL_AREA(#10325);
#10325 = FILL_AREA_STYLE('',(#10326));
#10326 = FILL_AREA_STYLE_COLOUR('',#8943);
#10327 = OVER_RIDING_STYLED_ITEM('overriding color',(#10328),#6552,#8936
  );
#10328 = PRESENTATION_STYLE_ASSIGNMENT((#10329));
#10329 = SURFACE_STYLE_USAGE(.BOTH.,#10330);
#10330 = SURFACE_SIDE_STYLE('',(#10331));
#10331 = SURFACE_STYLE_FILL_AREA(#10332);
#10332 = FILL_AREA_STYLE('',(#10333));
#10333 = FILL_AREA_STYLE_COLOUR('',#8943);
#10334 = OVER_RIDING_STYLED_ITEM('overriding color',(#10335),#6574,#8936
  );
#10335 = PRESENTATION_STYLE_ASSIGNMENT((#10336));
#10336 = SURFACE_STYLE_USAGE(.BOTH.,#10337);
#10337 = SURFACE_SIDE_STYLE('',(#10338));
#10338 = SURFACE_STYLE_FILL_AREA(#10339);
#10339 = FILL_AREA_STYLE('',(#10340));
#10340 = FILL_AREA_STYLE_COLOUR('',#8943);
#10341 = OVER_RIDING_STYLED_ITEM('overriding color',(#10342),#6596,#8936
  );
#10342 = PRESENTATION_STYLE_ASSIGNMENT((#10343));
#10343 = SURFACE_STYLE_USAGE(.BOTH.,#10344);
#10344 = SURFACE_SIDE_STYLE('',(#10345));
#10345 = SURFACE_STYLE_FILL_AREA(#10346);
#10346 = FILL_AREA_STYLE('',(#10347));
#10347 = FILL_AREA_STYLE_COLOUR('',#8943);
#10348 = OVER_RIDING_STYLED_ITEM('overriding color',(#10349),#6624,#8936
  );
#10349 = PRESENTATION_STYLE_ASSIGNMENT((#10350));
#10350 = SURFACE_STYLE_USAGE(.BOTH.,#10351);
#10351 = SURFACE_SIDE_STYLE('',(#10352));
#10352 = SURFACE_STYLE_FILL_AREA(#10353);
#10353 = FILL_AREA_STYLE('',(#10354));
#10354 = FILL_AREA_STYLE_COLOUR('',#8943);
#10355 = OVER_RIDING_STYLED_ITEM('overriding color',(#10356),#6652,#8936
  );
#10356 = PRESENTATION_STYLE_ASSIGNMENT((#10357));
#10357 = SURFACE_STYLE_USAGE(.BOTH.,#10358);
#10358 = SURFACE_SIDE_STYLE('',(#10359));
#10359 = SURFACE_STYLE_FILL_AREA(#10360);
#10360 = FILL_AREA_STYLE('',(#10361));
#10361 = FILL_AREA_STYLE_COLOUR('',#8943);
#10362 = OVER_RIDING_STYLED_ITEM('overriding color',(#10363),#6674,#8936
  );
#10363 = PRESENTATION_STYLE_ASSIGNMENT((#10364));
#10364 = SURFACE_STYLE_USAGE(.BOTH.,#10365);
#10365 = SURFACE_SIDE_STYLE('',(#10366));
#10366 = SURFACE_STYLE_FILL_AREA(#10367);
#10367 = FILL_AREA_STYLE('',(#10368));
#10368 = FILL_AREA_STYLE_COLOUR('',#8943);
#10369 = OVER_RIDING_STYLED_ITEM('overriding color',(#10370),#6702,#8936
  );
#10370 = PRESENTATION_STYLE_ASSIGNMENT((#10371));
#10371 = SURFACE_STYLE_USAGE(.BOTH.,#10372);
#10372 = SURFACE_SIDE_STYLE('',(#10373));
#10373 = SURFACE_STYLE_FILL_AREA(#10374);
#10374 = FILL_AREA_STYLE('',(#10375));
#10375 = FILL_AREA_STYLE_COLOUR('',#8943);
#10376 = OVER_RIDING_STYLED_ITEM('overriding color',(#10377),#6730,#8936
  );
#10377 = PRESENTATION_STYLE_ASSIGNMENT((#10378));
#10378 = SURFACE_STYLE_USAGE(.BOTH.,#10379);
#10379 = SURFACE_SIDE_STYLE('',(#10380));
#10380 = SURFACE_STYLE_FILL_AREA(#10381);
#10381 = FILL_AREA_STYLE('',(#10382));
#10382 = FILL_AREA_STYLE_COLOUR('',#8943);
#10383 = OVER_RIDING_STYLED_ITEM('overriding color',(#10384),#6746,#8936
  );
#10384 = PRESENTATION_STYLE_ASSIGNMENT((#10385));
#10385 = SURFACE_STYLE_USAGE(.BOTH.,#10386);
#10386 = SURFACE_SIDE_STYLE('',(#10387));
#10387 = SURFACE_STYLE_FILL_AREA(#10388);
#10388 = FILL_AREA_STYLE('',(#10389));
#10389 = FILL_AREA_STYLE_COLOUR('',#8943);
#10390 = OVER_RIDING_STYLED_ITEM('overriding color',(#10391),#6769,#8936
  );
#10391 = PRESENTATION_STYLE_ASSIGNMENT((#10392));
#10392 = SURFACE_STYLE_USAGE(.BOTH.,#10393);
#10393 = SURFACE_SIDE_STYLE('',(#10394));
#10394 = SURFACE_STYLE_FILL_AREA(#10395);
#10395 = FILL_AREA_STYLE('',(#10396));
#10396 = FILL_AREA_STYLE_COLOUR('',#8943);
#10397 = OVER_RIDING_STYLED_ITEM('overriding color',(#10398),#6797,#8936
  );
#10398 = PRESENTATION_STYLE_ASSIGNMENT((#10399));
#10399 = SURFACE_STYLE_USAGE(.BOTH.,#10400);
#10400 = SURFACE_SIDE_STYLE('',(#10401));
#10401 = SURFACE_STYLE_FILL_AREA(#10402);
#10402 = FILL_AREA_STYLE('',(#10403));
#10403 = FILL_AREA_STYLE_COLOUR('',#8943);
#10404 = OVER_RIDING_STYLED_ITEM('overriding color',(#10405),#6819,#8936
  );
#10405 = PRESENTATION_STYLE_ASSIGNMENT((#10406));
#10406 = SURFACE_STYLE_USAGE(.BOTH.,#10407);
#10407 = SURFACE_SIDE_STYLE('',(#10408));
#10408 = SURFACE_STYLE_FILL_AREA(#10409);
#10409 = FILL_AREA_STYLE('',(#10410));
#10410 = FILL_AREA_STYLE_COLOUR('',#8943);
#10411 = OVER_RIDING_STYLED_ITEM('overriding color',(#10412),#6841,#8936
  );
#10412 = PRESENTATION_STYLE_ASSIGNMENT((#10413));
#10413 = SURFACE_STYLE_USAGE(.BOTH.,#10414);
#10414 = SURFACE_SIDE_STYLE('',(#10415));
#10415 = SURFACE_STYLE_FILL_AREA(#10416);
#10416 = FILL_AREA_STYLE('',(#10417));
#10417 = FILL_AREA_STYLE_COLOUR('',#8943);
#10418 = OVER_RIDING_STYLED_ITEM('overriding color',(#10419),#6863,#8936
  );
#10419 = PRESENTATION_STYLE_ASSIGNMENT((#10420));
#10420 = SURFACE_STYLE_USAGE(.BOTH.,#10421);
#10421 = SURFACE_SIDE_STYLE('',(#10422));
#10422 = SURFACE_STYLE_FILL_AREA(#10423);
#10423 = FILL_AREA_STYLE('',(#10424));
#10424 = FILL_AREA_STYLE_COLOUR('',#8943);
#10425 = OVER_RIDING_STYLED_ITEM('overriding color',(#10426),#6885,#8936
  );
#10426 = PRESENTATION_STYLE_ASSIGNMENT((#10427));
#10427 = SURFACE_STYLE_USAGE(.BOTH.,#10428);
#10428 = SURFACE_SIDE_STYLE('',(#10429));
#10429 = SURFACE_STYLE_FILL_AREA(#10430);
#10430 = FILL_AREA_STYLE('',(#10431));
#10431 = FILL_AREA_STYLE_COLOUR('',#8943);
#10432 = OVER_RIDING_STYLED_ITEM('overriding color',(#10433),#6907,#8936
  );
#10433 = PRESENTATION_STYLE_ASSIGNMENT((#10434));
#10434 = SURFACE_STYLE_USAGE(.BOTH.,#10435);
#10435 = SURFACE_SIDE_STYLE('',(#10436));
#10436 = SURFACE_STYLE_FILL_AREA(#10437);
#10437 = FILL_AREA_STYLE('',(#10438));
#10438 = FILL_AREA_STYLE_COLOUR('',#8943);
#10439 = OVER_RIDING_STYLED_ITEM('overriding color',(#10440),#6929,#8936
  );
#10440 = PRESENTATION_STYLE_ASSIGNMENT((#10441));
#10441 = SURFACE_STYLE_USAGE(.BOTH.,#10442);
#10442 = SURFACE_SIDE_STYLE('',(#10443));
#10443 = SURFACE_STYLE_FILL_AREA(#10444);
#10444 = FILL_AREA_STYLE('',(#10445));
#10445 = FILL_AREA_STYLE_COLOUR('',#8943);
#10446 = OVER_RIDING_STYLED_ITEM('overriding color',(#10447),#6951,#8936
  );
#10447 = PRESENTATION_STYLE_ASSIGNMENT((#10448));
#10448 = SURFACE_STYLE_USAGE(.BOTH.,#10449);
#10449 = SURFACE_SIDE_STYLE('',(#10450));
#10450 = SURFACE_STYLE_FILL_AREA(#10451);
#10451 = FILL_AREA_STYLE('',(#10452));
#10452 = FILL_AREA_STYLE_COLOUR('',#8943);
#10453 = OVER_RIDING_STYLED_ITEM('overriding color',(#10454),#6973,#8936
  );
#10454 = PRESENTATION_STYLE_ASSIGNMENT((#10455));
#10455 = SURFACE_STYLE_USAGE(.BOTH.,#10456);
#10456 = SURFACE_SIDE_STYLE('',(#10457));
#10457 = SURFACE_STYLE_FILL_AREA(#10458);
#10458 = FILL_AREA_STYLE('',(#10459));
#10459 = FILL_AREA_STYLE_COLOUR('',#8943);
#10460 = OVER_RIDING_STYLED_ITEM('overriding color',(#10461),#6995,#8936
  );
#10461 = PRESENTATION_STYLE_ASSIGNMENT((#10462));
#10462 = SURFACE_STYLE_USAGE(.BOTH.,#10463);
#10463 = SURFACE_SIDE_STYLE('',(#10464));
#10464 = SURFACE_STYLE_FILL_AREA(#10465);
#10465 = FILL_AREA_STYLE('',(#10466));
#10466 = FILL_AREA_STYLE_COLOUR('',#8943);
#10467 = OVER_RIDING_STYLED_ITEM('overriding color',(#10468),#7017,#8936
  );
#10468 = PRESENTATION_STYLE_ASSIGNMENT((#10469));
#10469 = SURFACE_STYLE_USAGE(.BOTH.,#10470);
#10470 = SURFACE_SIDE_STYLE('',(#10471));
#10471 = SURFACE_STYLE_FILL_AREA(#10472);
#10472 = FILL_AREA_STYLE('',(#10473));
#10473 = FILL_AREA_STYLE_COLOUR('',#8943);
#10474 = OVER_RIDING_STYLED_ITEM('overriding color',(#10475),#7033,#8936
  );
#10475 = PRESENTATION_STYLE_ASSIGNMENT((#10476));
#10476 = SURFACE_STYLE_USAGE(.BOTH.,#10477);
#10477 = SURFACE_SIDE_STYLE('',(#10478));
#10478 = SURFACE_STYLE_FILL_AREA(#10479);
#10479 = FILL_AREA_STYLE('',(#10480));
#10480 = FILL_AREA_STYLE_COLOUR('',#8943);
#10481 = OVER_RIDING_STYLED_ITEM('overriding color',(#10482),#7053,#8936
  );
#10482 = PRESENTATION_STYLE_ASSIGNMENT((#10483));
#10483 = SURFACE_STYLE_USAGE(.BOTH.,#10484);
#10484 = SURFACE_SIDE_STYLE('',(#10485));
#10485 = SURFACE_STYLE_FILL_AREA(#10486);
#10486 = FILL_AREA_STYLE('',(#10487));
#10487 = FILL_AREA_STYLE_COLOUR('',#8943);
#10488 = OVER_RIDING_STYLED_ITEM('overriding color',(#10489),#7177,#8936
  );
#10489 = PRESENTATION_STYLE_ASSIGNMENT((#10490));
#10490 = SURFACE_STYLE_USAGE(.BOTH.,#10491);
#10491 = SURFACE_SIDE_STYLE('',(#10492));
#10492 = SURFACE_STYLE_FILL_AREA(#10493);
#10493 = FILL_AREA_STYLE('',(#10494));
#10494 = FILL_AREA_STYLE_COLOUR('',#8943);
#10495 = OVER_RIDING_STYLED_ITEM('overriding color',(#10496),#7197,#8936
  );
#10496 = PRESENTATION_STYLE_ASSIGNMENT((#10497));
#10497 = SURFACE_STYLE_USAGE(.BOTH.,#10498);
#10498 = SURFACE_SIDE_STYLE('',(#10499));
#10499 = SURFACE_STYLE_FILL_AREA(#10500);
#10500 = FILL_AREA_STYLE('',(#10501));
#10501 = FILL_AREA_STYLE_COLOUR('',#8943);
#10502 = OVER_RIDING_STYLED_ITEM('overriding color',(#10503),#7217,#8936
  );
#10503 = PRESENTATION_STYLE_ASSIGNMENT((#10504));
#10504 = SURFACE_STYLE_USAGE(.BOTH.,#10505);
#10505 = SURFACE_SIDE_STYLE('',(#10506));
#10506 = SURFACE_STYLE_FILL_AREA(#10507);
#10507 = FILL_AREA_STYLE('',(#10508));
#10508 = FILL_AREA_STYLE_COLOUR('',#8943);
#10509 = OVER_RIDING_STYLED_ITEM('overriding color',(#10510),#7237,#8936
  );
#10510 = PRESENTATION_STYLE_ASSIGNMENT((#10511));
#10511 = SURFACE_STYLE_USAGE(.BOTH.,#10512);
#10512 = SURFACE_SIDE_STYLE('',(#10513));
#10513 = SURFACE_STYLE_FILL_AREA(#10514);
#10514 = FILL_AREA_STYLE('',(#10515));
#10515 = FILL_AREA_STYLE_COLOUR('',#8943);
#10516 = OVER_RIDING_STYLED_ITEM('overriding color',(#10517),#7257,#8936
  );
#10517 = PRESENTATION_STYLE_ASSIGNMENT((#10518));
#10518 = SURFACE_STYLE_USAGE(.BOTH.,#10519);
#10519 = SURFACE_SIDE_STYLE('',(#10520));
#10520 = SURFACE_STYLE_FILL_AREA(#10521);
#10521 = FILL_AREA_STYLE('',(#10522));
#10522 = FILL_AREA_STYLE_COLOUR('',#8943);
#10523 = OVER_RIDING_STYLED_ITEM('overriding color',(#10524),#7277,#8936
  );
#10524 = PRESENTATION_STYLE_ASSIGNMENT((#10525));
#10525 = SURFACE_STYLE_USAGE(.BOTH.,#10526);
#10526 = SURFACE_SIDE_STYLE('',(#10527));
#10527 = SURFACE_STYLE_FILL_AREA(#10528);
#10528 = FILL_AREA_STYLE('',(#10529));
#10529 = FILL_AREA_STYLE_COLOUR('',#8943);
#10530 = OVER_RIDING_STYLED_ITEM('overriding color',(#10531),#7293,#8936
  );
#10531 = PRESENTATION_STYLE_ASSIGNMENT((#10532));
#10532 = SURFACE_STYLE_USAGE(.BOTH.,#10533);
#10533 = SURFACE_SIDE_STYLE('',(#10534));
#10534 = SURFACE_STYLE_FILL_AREA(#10535);
#10535 = FILL_AREA_STYLE('',(#10536));
#10536 = FILL_AREA_STYLE_COLOUR('',#8943);
#10537 = OVER_RIDING_STYLED_ITEM('overriding color',(#10538),#7305,#8936
  );
#10538 = PRESENTATION_STYLE_ASSIGNMENT((#10539));
#10539 = SURFACE_STYLE_USAGE(.BOTH.,#10540);
#10540 = SURFACE_SIDE_STYLE('',(#10541));
#10541 = SURFACE_STYLE_FILL_AREA(#10542);
#10542 = FILL_AREA_STYLE('',(#10543));
#10543 = FILL_AREA_STYLE_COLOUR('',#8943);
#10544 = OVER_RIDING_STYLED_ITEM('overriding color',(#10545),#7333,#8936
  );
#10545 = PRESENTATION_STYLE_ASSIGNMENT((#10546));
#10546 = SURFACE_STYLE_USAGE(.BOTH.,#10547);
#10547 = SURFACE_SIDE_STYLE('',(#10548));
#10548 = SURFACE_STYLE_FILL_AREA(#10549);
#10549 = FILL_AREA_STYLE('',(#10550));
#10550 = FILL_AREA_STYLE_COLOUR('',#8943);
#10551 = OVER_RIDING_STYLED_ITEM('overriding color',(#10552),#7355,#8936
  );
#10552 = PRESENTATION_STYLE_ASSIGNMENT((#10553));
#10553 = SURFACE_STYLE_USAGE(.BOTH.,#10554);
#10554 = SURFACE_SIDE_STYLE('',(#10555));
#10555 = SURFACE_STYLE_FILL_AREA(#10556);
#10556 = FILL_AREA_STYLE('',(#10557));
#10557 = FILL_AREA_STYLE_COLOUR('',#8943);
#10558 = OVER_RIDING_STYLED_ITEM('overriding color',(#10559),#7377,#8936
  );
#10559 = PRESENTATION_STYLE_ASSIGNMENT((#10560));
#10560 = SURFACE_STYLE_USAGE(.BOTH.,#10561);
#10561 = SURFACE_SIDE_STYLE('',(#10562));
#10562 = SURFACE_STYLE_FILL_AREA(#10563);
#10563 = FILL_AREA_STYLE('',(#10564));
#10564 = FILL_AREA_STYLE_COLOUR('',#8943);
#10565 = OVER_RIDING_STYLED_ITEM('overriding color',(#10566),#7405,#8936
  );
#10566 = PRESENTATION_STYLE_ASSIGNMENT((#10567));
#10567 = SURFACE_STYLE_USAGE(.BOTH.,#10568);
#10568 = SURFACE_SIDE_STYLE('',(#10569));
#10569 = SURFACE_STYLE_FILL_AREA(#10570);
#10570 = FILL_AREA_STYLE('',(#10571));
#10571 = FILL_AREA_STYLE_COLOUR('',#8943);
#10572 = OVER_RIDING_STYLED_ITEM('overriding color',(#10573),#7433,#8936
  );
#10573 = PRESENTATION_STYLE_ASSIGNMENT((#10574));
#10574 = SURFACE_STYLE_USAGE(.BOTH.,#10575);
#10575 = SURFACE_SIDE_STYLE('',(#10576));
#10576 = SURFACE_STYLE_FILL_AREA(#10577);
#10577 = FILL_AREA_STYLE('',(#10578));
#10578 = FILL_AREA_STYLE_COLOUR('',#8943);
#10579 = OVER_RIDING_STYLED_ITEM('overriding color',(#10580),#7461,#8936
  );
#10580 = PRESENTATION_STYLE_ASSIGNMENT((#10581));
#10581 = SURFACE_STYLE_USAGE(.BOTH.,#10582);
#10582 = SURFACE_SIDE_STYLE('',(#10583));
#10583 = SURFACE_STYLE_FILL_AREA(#10584);
#10584 = FILL_AREA_STYLE('',(#10585));
#10585 = FILL_AREA_STYLE_COLOUR('',#8943);
#10586 = OVER_RIDING_STYLED_ITEM('overriding color',(#10587),#7483,#8936
  );
#10587 = PRESENTATION_STYLE_ASSIGNMENT((#10588));
#10588 = SURFACE_STYLE_USAGE(.BOTH.,#10589);
#10589 = SURFACE_SIDE_STYLE('',(#10590));
#10590 = SURFACE_STYLE_FILL_AREA(#10591);
#10591 = FILL_AREA_STYLE('',(#10592));
#10592 = FILL_AREA_STYLE_COLOUR('',#8953);
#10593 = OVER_RIDING_STYLED_ITEM('overriding color',(#10594),#7498,#8936
  );
#10594 = PRESENTATION_STYLE_ASSIGNMENT((#10595));
#10595 = SURFACE_STYLE_USAGE(.BOTH.,#10596);
#10596 = SURFACE_SIDE_STYLE('',(#10597));
#10597 = SURFACE_STYLE_FILL_AREA(#10598);
#10598 = FILL_AREA_STYLE('',(#10599));
#10599 = FILL_AREA_STYLE_COLOUR('',#8943);
#10600 = OVER_RIDING_STYLED_ITEM('overriding color',(#10601),#7610,#8936
  );
#10601 = PRESENTATION_STYLE_ASSIGNMENT((#10602));
#10602 = SURFACE_STYLE_USAGE(.BOTH.,#10603);
#10603 = SURFACE_SIDE_STYLE('',(#10604));
#10604 = SURFACE_STYLE_FILL_AREA(#10605);
#10605 = FILL_AREA_STYLE('',(#10606));
#10606 = FILL_AREA_STYLE_COLOUR('',#8943);
#10607 = OVER_RIDING_STYLED_ITEM('overriding color',(#10608),#7630,#8936
  );
#10608 = PRESENTATION_STYLE_ASSIGNMENT((#10609));
#10609 = SURFACE_STYLE_USAGE(.BOTH.,#10610);
#10610 = SURFACE_SIDE_STYLE('',(#10611));
#10611 = SURFACE_STYLE_FILL_AREA(#10612);
#10612 = FILL_AREA_STYLE('',(#10613));
#10613 = FILL_AREA_STYLE_COLOUR('',#8943);
#10614 = OVER_RIDING_STYLED_ITEM('overriding color',(#10615),#7646,#8936
  );
#10615 = PRESENTATION_STYLE_ASSIGNMENT((#10616));
#10616 = SURFACE_STYLE_USAGE(.BOTH.,#10617);
#10617 = SURFACE_SIDE_STYLE('',(#10618));
#10618 = SURFACE_STYLE_FILL_AREA(#10619);
#10619 = FILL_AREA_STYLE('',(#10620));
#10620 = FILL_AREA_STYLE_COLOUR('',#8943);
#10621 = OVER_RIDING_STYLED_ITEM('overriding color',(#10622),#7662,#8936
  );
#10622 = PRESENTATION_STYLE_ASSIGNMENT((#10623));
#10623 = SURFACE_STYLE_USAGE(.BOTH.,#10624);
#10624 = SURFACE_SIDE_STYLE('',(#10625));
#10625 = SURFACE_STYLE_FILL_AREA(#10626);
#10626 = FILL_AREA_STYLE('',(#10627));
#10627 = FILL_AREA_STYLE_COLOUR('',#8943);
#10628 = OVER_RIDING_STYLED_ITEM('overriding color',(#10629),#7678,#8936
  );
#10629 = PRESENTATION_STYLE_ASSIGNMENT((#10630));
#10630 = SURFACE_STYLE_USAGE(.BOTH.,#10631);
#10631 = SURFACE_SIDE_STYLE('',(#10632));
#10632 = SURFACE_STYLE_FILL_AREA(#10633);
#10633 = FILL_AREA_STYLE('',(#10634));
#10634 = FILL_AREA_STYLE_COLOUR('',#8943);
#10635 = OVER_RIDING_STYLED_ITEM('overriding color',(#10636),#7694,#8936
  );
#10636 = PRESENTATION_STYLE_ASSIGNMENT((#10637));
#10637 = SURFACE_STYLE_USAGE(.BOTH.,#10638);
#10638 = SURFACE_SIDE_STYLE('',(#10639));
#10639 = SURFACE_STYLE_FILL_AREA(#10640);
#10640 = FILL_AREA_STYLE('',(#10641));
#10641 = FILL_AREA_STYLE_COLOUR('',#8943);
#10642 = OVER_RIDING_STYLED_ITEM('overriding color',(#10643),#7710,#8936
  );
#10643 = PRESENTATION_STYLE_ASSIGNMENT((#10644));
#10644 = SURFACE_STYLE_USAGE(.BOTH.,#10645);
#10645 = SURFACE_SIDE_STYLE('',(#10646));
#10646 = SURFACE_STYLE_FILL_AREA(#10647);
#10647 = FILL_AREA_STYLE('',(#10648));
#10648 = FILL_AREA_STYLE_COLOUR('',#8943);
#10649 = OVER_RIDING_STYLED_ITEM('overriding color',(#10650),#7726,#8936
  );
#10650 = PRESENTATION_STYLE_ASSIGNMENT((#10651));
#10651 = SURFACE_STYLE_USAGE(.BOTH.,#10652);
#10652 = SURFACE_SIDE_STYLE('',(#10653));
#10653 = SURFACE_STYLE_FILL_AREA(#10654);
#10654 = FILL_AREA_STYLE('',(#10655));
#10655 = FILL_AREA_STYLE_COLOUR('',#8943);
#10656 = OVER_RIDING_STYLED_ITEM('overriding color',(#10657),#7738,#8936
  );
#10657 = PRESENTATION_STYLE_ASSIGNMENT((#10658));
#10658 = SURFACE_STYLE_USAGE(.BOTH.,#10659);
#10659 = SURFACE_SIDE_STYLE('',(#10660));
#10660 = SURFACE_STYLE_FILL_AREA(#10661);
#10661 = FILL_AREA_STYLE('',(#10662));
#10662 = FILL_AREA_STYLE_COLOUR('',#8943);
#10663 = OVER_RIDING_STYLED_ITEM('overriding color',(#10664),#7766,#8936
  );
#10664 = PRESENTATION_STYLE_ASSIGNMENT((#10665));
#10665 = SURFACE_STYLE_USAGE(.BOTH.,#10666);
#10666 = SURFACE_SIDE_STYLE('',(#10667));
#10667 = SURFACE_STYLE_FILL_AREA(#10668);
#10668 = FILL_AREA_STYLE('',(#10669));
#10669 = FILL_AREA_STYLE_COLOUR('',#8943);
#10670 = OVER_RIDING_STYLED_ITEM('overriding color',(#10671),#7788,#8936
  );
#10671 = PRESENTATION_STYLE_ASSIGNMENT((#10672));
#10672 = SURFACE_STYLE_USAGE(.BOTH.,#10673);
#10673 = SURFACE_SIDE_STYLE('',(#10674));
#10674 = SURFACE_STYLE_FILL_AREA(#10675);
#10675 = FILL_AREA_STYLE('',(#10676));
#10676 = FILL_AREA_STYLE_COLOUR('',#8943);
#10677 = OVER_RIDING_STYLED_ITEM('overriding color',(#10678),#7816,#8936
  );
#10678 = PRESENTATION_STYLE_ASSIGNMENT((#10679));
#10679 = SURFACE_STYLE_USAGE(.BOTH.,#10680);
#10680 = SURFACE_SIDE_STYLE('',(#10681));
#10681 = SURFACE_STYLE_FILL_AREA(#10682);
#10682 = FILL_AREA_STYLE('',(#10683));
#10683 = FILL_AREA_STYLE_COLOUR('',#8943);
#10684 = OVER_RIDING_STYLED_ITEM('overriding color',(#10685),#7838,#8936
  );
#10685 = PRESENTATION_STYLE_ASSIGNMENT((#10686));
#10686 = SURFACE_STYLE_USAGE(.BOTH.,#10687);
#10687 = SURFACE_SIDE_STYLE('',(#10688));
#10688 = SURFACE_STYLE_FILL_AREA(#10689);
#10689 = FILL_AREA_STYLE('',(#10690));
#10690 = FILL_AREA_STYLE_COLOUR('',#8943);
#10691 = OVER_RIDING_STYLED_ITEM('overriding color',(#10692),#7866,#8936
  );
#10692 = PRESENTATION_STYLE_ASSIGNMENT((#10693));
#10693 = SURFACE_STYLE_USAGE(.BOTH.,#10694);
#10694 = SURFACE_SIDE_STYLE('',(#10695));
#10695 = SURFACE_STYLE_FILL_AREA(#10696);
#10696 = FILL_AREA_STYLE('',(#10697));
#10697 = FILL_AREA_STYLE_COLOUR('',#8943);
#10698 = OVER_RIDING_STYLED_ITEM('overriding color',(#10699),#7882,#8936
  );
#10699 = PRESENTATION_STYLE_ASSIGNMENT((#10700));
#10700 = SURFACE_STYLE_USAGE(.BOTH.,#10701);
#10701 = SURFACE_SIDE_STYLE('',(#10702));
#10702 = SURFACE_STYLE_FILL_AREA(#10703);
#10703 = FILL_AREA_STYLE('',(#10704));
#10704 = FILL_AREA_STYLE_COLOUR('',#8953);
#10705 = OVER_RIDING_STYLED_ITEM('overriding color',(#10706),#7896,#8936
  );
#10706 = PRESENTATION_STYLE_ASSIGNMENT((#10707));
#10707 = SURFACE_STYLE_USAGE(.BOTH.,#10708);
#10708 = SURFACE_SIDE_STYLE('',(#10709));
#10709 = SURFACE_STYLE_FILL_AREA(#10710);
#10710 = FILL_AREA_STYLE('',(#10711));
#10711 = FILL_AREA_STYLE_COLOUR('',#8943);
#10712 = OVER_RIDING_STYLED_ITEM('overriding color',(#10713),#8216,#8936
  );
#10713 = PRESENTATION_STYLE_ASSIGNMENT((#10714));
#10714 = SURFACE_STYLE_USAGE(.BOTH.,#10715);
#10715 = SURFACE_SIDE_STYLE('',(#10716));
#10716 = SURFACE_STYLE_FILL_AREA(#10717);
#10717 = FILL_AREA_STYLE('',(#10718));
#10718 = FILL_AREA_STYLE_COLOUR('',#8943);
#10719 = OVER_RIDING_STYLED_ITEM('overriding color',(#10720),#8240,#8936
  );
#10720 = PRESENTATION_STYLE_ASSIGNMENT((#10721));
#10721 = SURFACE_STYLE_USAGE(.BOTH.,#10722);
#10722 = SURFACE_SIDE_STYLE('',(#10723));
#10723 = SURFACE_STYLE_FILL_AREA(#10724);
#10724 = FILL_AREA_STYLE('',(#10725));
#10725 = FILL_AREA_STYLE_COLOUR('',#8943);
#10726 = OVER_RIDING_STYLED_ITEM('overriding color',(#10727),#8260,#8936
  );
#10727 = PRESENTATION_STYLE_ASSIGNMENT((#10728));
#10728 = SURFACE_STYLE_USAGE(.BOTH.,#10729);
#10729 = SURFACE_SIDE_STYLE('',(#10730));
#10730 = SURFACE_STYLE_FILL_AREA(#10731);
#10731 = FILL_AREA_STYLE('',(#10732));
#10732 = FILL_AREA_STYLE_COLOUR('',#8943);
#10733 = OVER_RIDING_STYLED_ITEM('overriding color',(#10734),#8280,#8936
  );
#10734 = PRESENTATION_STYLE_ASSIGNMENT((#10735));
#10735 = SURFACE_STYLE_USAGE(.BOTH.,#10736);
#10736 = SURFACE_SIDE_STYLE('',(#10737));
#10737 = SURFACE_STYLE_FILL_AREA(#10738);
#10738 = FILL_AREA_STYLE('',(#10739));
#10739 = FILL_AREA_STYLE_COLOUR('',#8943);
#10740 = OVER_RIDING_STYLED_ITEM('overriding color',(#10741),#8300,#8936
  );
#10741 = PRESENTATION_STYLE_ASSIGNMENT((#10742));
#10742 = SURFACE_STYLE_USAGE(.BOTH.,#10743);
#10743 = SURFACE_SIDE_STYLE('',(#10744));
#10744 = SURFACE_STYLE_FILL_AREA(#10745);
#10745 = FILL_AREA_STYLE('',(#10746));
#10746 = FILL_AREA_STYLE_COLOUR('',#8943);
#10747 = OVER_RIDING_STYLED_ITEM('overriding color',(#10748),#8320,#8936
  );
#10748 = PRESENTATION_STYLE_ASSIGNMENT((#10749));
#10749 = SURFACE_STYLE_USAGE(.BOTH.,#10750);
#10750 = SURFACE_SIDE_STYLE('',(#10751));
#10751 = SURFACE_STYLE_FILL_AREA(#10752);
#10752 = FILL_AREA_STYLE('',(#10753));
#10753 = FILL_AREA_STYLE_COLOUR('',#8943);
#10754 = OVER_RIDING_STYLED_ITEM('overriding color',(#10755),#8340,#8936
  );
#10755 = PRESENTATION_STYLE_ASSIGNMENT((#10756));
#10756 = SURFACE_STYLE_USAGE(.BOTH.,#10757);
#10757 = SURFACE_SIDE_STYLE('',(#10758));
#10758 = SURFACE_STYLE_FILL_AREA(#10759);
#10759 = FILL_AREA_STYLE('',(#10760));
#10760 = FILL_AREA_STYLE_COLOUR('',#8943);
#10761 = OVER_RIDING_STYLED_ITEM('overriding color',(#10762),#8360,#8936
  );
#10762 = PRESENTATION_STYLE_ASSIGNMENT((#10763));
#10763 = SURFACE_STYLE_USAGE(.BOTH.,#10764);
#10764 = SURFACE_SIDE_STYLE('',(#10765));
#10765 = SURFACE_STYLE_FILL_AREA(#10766);
#10766 = FILL_AREA_STYLE('',(#10767));
#10767 = FILL_AREA_STYLE_COLOUR('',#8943);
#10768 = OVER_RIDING_STYLED_ITEM('overriding color',(#10769),#8380,#8936
  );
#10769 = PRESENTATION_STYLE_ASSIGNMENT((#10770));
#10770 = SURFACE_STYLE_USAGE(.BOTH.,#10771);
#10771 = SURFACE_SIDE_STYLE('',(#10772));
#10772 = SURFACE_STYLE_FILL_AREA(#10773);
#10773 = FILL_AREA_STYLE('',(#10774));
#10774 = FILL_AREA_STYLE_COLOUR('',#8943);
#10775 = OVER_RIDING_STYLED_ITEM('overriding color',(#10776),#8400,#8936
  );
#10776 = PRESENTATION_STYLE_ASSIGNMENT((#10777));
#10777 = SURFACE_STYLE_USAGE(.BOTH.,#10778);
#10778 = SURFACE_SIDE_STYLE('',(#10779));
#10779 = SURFACE_STYLE_FILL_AREA(#10780);
#10780 = FILL_AREA_STYLE('',(#10781));
#10781 = FILL_AREA_STYLE_COLOUR('',#8943);
#10782 = OVER_RIDING_STYLED_ITEM('overriding color',(#10783),#8420,#8936
  );
#10783 = PRESENTATION_STYLE_ASSIGNMENT((#10784));
#10784 = SURFACE_STYLE_USAGE(.BOTH.,#10785);
#10785 = SURFACE_SIDE_STYLE('',(#10786));
#10786 = SURFACE_STYLE_FILL_AREA(#10787);
#10787 = FILL_AREA_STYLE('',(#10788));
#10788 = FILL_AREA_STYLE_COLOUR('',#8943);
#10789 = OVER_RIDING_STYLED_ITEM('overriding color',(#10790),#8440,#8936
  );
#10790 = PRESENTATION_STYLE_ASSIGNMENT((#10791));
#10791 = SURFACE_STYLE_USAGE(.BOTH.,#10792);
#10792 = SURFACE_SIDE_STYLE('',(#10793));
#10793 = SURFACE_STYLE_FILL_AREA(#10794);
#10794 = FILL_AREA_STYLE('',(#10795));
#10795 = FILL_AREA_STYLE_COLOUR('',#8943);
#10796 = OVER_RIDING_STYLED_ITEM('overriding color',(#10797),#8460,#8936
  );
#10797 = PRESENTATION_STYLE_ASSIGNMENT((#10798));
#10798 = SURFACE_STYLE_USAGE(.BOTH.,#10799);
#10799 = SURFACE_SIDE_STYLE('',(#10800));
#10800 = SURFACE_STYLE_FILL_AREA(#10801);
#10801 = FILL_AREA_STYLE('',(#10802));
#10802 = FILL_AREA_STYLE_COLOUR('',#8943);
#10803 = OVER_RIDING_STYLED_ITEM('overriding color',(#10804),#8476,#8936
  );
#10804 = PRESENTATION_STYLE_ASSIGNMENT((#10805));
#10805 = SURFACE_STYLE_USAGE(.BOTH.,#10806);
#10806 = SURFACE_SIDE_STYLE('',(#10807));
#10807 = SURFACE_STYLE_FILL_AREA(#10808);
#10808 = FILL_AREA_STYLE('',(#10809));
#10809 = FILL_AREA_STYLE_COLOUR('',#8943);
#10810 = OVER_RIDING_STYLED_ITEM('overriding color',(#10811),#8492,#8936
  );
#10811 = PRESENTATION_STYLE_ASSIGNMENT((#10812));
#10812 = SURFACE_STYLE_USAGE(.BOTH.,#10813);
#10813 = SURFACE_SIDE_STYLE('',(#10814));
#10814 = SURFACE_STYLE_FILL_AREA(#10815);
#10815 = FILL_AREA_STYLE('',(#10816));
#10816 = FILL_AREA_STYLE_COLOUR('',#8943);
#10817 = OVER_RIDING_STYLED_ITEM('overriding color',(#10818),#8508,#8936
  );
#10818 = PRESENTATION_STYLE_ASSIGNMENT((#10819));
#10819 = SURFACE_STYLE_USAGE(.BOTH.,#10820);
#10820 = SURFACE_SIDE_STYLE('',(#10821));
#10821 = SURFACE_STYLE_FILL_AREA(#10822);
#10822 = FILL_AREA_STYLE('',(#10823));
#10823 = FILL_AREA_STYLE_COLOUR('',#8943);
#10824 = OVER_RIDING_STYLED_ITEM('overriding color',(#10825),#8524,#8936
  );
#10825 = PRESENTATION_STYLE_ASSIGNMENT((#10826));
#10826 = SURFACE_STYLE_USAGE(.BOTH.,#10827);
#10827 = SURFACE_SIDE_STYLE('',(#10828));
#10828 = SURFACE_STYLE_FILL_AREA(#10829);
#10829 = FILL_AREA_STYLE('',(#10830));
#10830 = FILL_AREA_STYLE_COLOUR('',#8943);
#10831 = OVER_RIDING_STYLED_ITEM('overriding color',(#10832),#8544,#8936
  );
#10832 = PRESENTATION_STYLE_ASSIGNMENT((#10833));
#10833 = SURFACE_STYLE_USAGE(.BOTH.,#10834);
#10834 = SURFACE_SIDE_STYLE('',(#10835));
#10835 = SURFACE_STYLE_FILL_AREA(#10836);
#10836 = FILL_AREA_STYLE('',(#10837));
#10837 = FILL_AREA_STYLE_COLOUR('',#8943);
#10838 = OVER_RIDING_STYLED_ITEM('overriding color',(#10839),#8564,#8936
  );
#10839 = PRESENTATION_STYLE_ASSIGNMENT((#10840));
#10840 = SURFACE_STYLE_USAGE(.BOTH.,#10841);
#10841 = SURFACE_SIDE_STYLE('',(#10842));
#10842 = SURFACE_STYLE_FILL_AREA(#10843);
#10843 = FILL_AREA_STYLE('',(#10844));
#10844 = FILL_AREA_STYLE_COLOUR('',#8943);
#10845 = OVER_RIDING_STYLED_ITEM('overriding color',(#10846),#8584,#8936
  );
#10846 = PRESENTATION_STYLE_ASSIGNMENT((#10847));
#10847 = SURFACE_STYLE_USAGE(.BOTH.,#10848);
#10848 = SURFACE_SIDE_STYLE('',(#10849));
#10849 = SURFACE_STYLE_FILL_AREA(#10850);
#10850 = FILL_AREA_STYLE('',(#10851));
#10851 = FILL_AREA_STYLE_COLOUR('',#8943);
#10852 = OVER_RIDING_STYLED_ITEM('overriding color',(#10853),#8604,#8936
  );
#10853 = PRESENTATION_STYLE_ASSIGNMENT((#10854));
#10854 = SURFACE_STYLE_USAGE(.BOTH.,#10855);
#10855 = SURFACE_SIDE_STYLE('',(#10856));
#10856 = SURFACE_STYLE_FILL_AREA(#10857);
#10857 = FILL_AREA_STYLE('',(#10858));
#10858 = FILL_AREA_STYLE_COLOUR('',#8943);
#10859 = OVER_RIDING_STYLED_ITEM('overriding color',(#10860),#8624,#8936
  );
#10860 = PRESENTATION_STYLE_ASSIGNMENT((#10861));
#10861 = SURFACE_STYLE_USAGE(.BOTH.,#10862);
#10862 = SURFACE_SIDE_STYLE('',(#10863));
#10863 = SURFACE_STYLE_FILL_AREA(#10864);
#10864 = FILL_AREA_STYLE('',(#10865));
#10865 = FILL_AREA_STYLE_COLOUR('',#8943);
#10866 = OVER_RIDING_STYLED_ITEM('overriding color',(#10867),#8644,#8936
  );
#10867 = PRESENTATION_STYLE_ASSIGNMENT((#10868));
#10868 = SURFACE_STYLE_USAGE(.BOTH.,#10869);
#10869 = SURFACE_SIDE_STYLE('',(#10870));
#10870 = SURFACE_STYLE_FILL_AREA(#10871);
#10871 = FILL_AREA_STYLE('',(#10872));
#10872 = FILL_AREA_STYLE_COLOUR('',#8943);
#10873 = OVER_RIDING_STYLED_ITEM('overriding color',(#10874),#8664,#8936
  );
#10874 = PRESENTATION_STYLE_ASSIGNMENT((#10875));
#10875 = SURFACE_STYLE_USAGE(.BOTH.,#10876);
#10876 = SURFACE_SIDE_STYLE('',(#10877));
#10877 = SURFACE_STYLE_FILL_AREA(#10878);
#10878 = FILL_AREA_STYLE('',(#10879));
#10879 = FILL_AREA_STYLE_COLOUR('',#8943);
#10880 = OVER_RIDING_STYLED_ITEM('overriding color',(#10881),#8680,#8936
  );
#10881 = PRESENTATION_STYLE_ASSIGNMENT((#10882));
#10882 = SURFACE_STYLE_USAGE(.BOTH.,#10883);
#10883 = SURFACE_SIDE_STYLE('',(#10884));
#10884 = SURFACE_STYLE_FILL_AREA(#10885);
#10885 = FILL_AREA_STYLE('',(#10886));
#10886 = FILL_AREA_STYLE_COLOUR('',#8943);
#10887 = OVER_RIDING_STYLED_ITEM('overriding color',(#10888),#8700,#8936
  );
#10888 = PRESENTATION_STYLE_ASSIGNMENT((#10889));
#10889 = SURFACE_STYLE_USAGE(.BOTH.,#10890);
#10890 = SURFACE_SIDE_STYLE('',(#10891));
#10891 = SURFACE_STYLE_FILL_AREA(#10892);
#10892 = FILL_AREA_STYLE('',(#10893));
#10893 = FILL_AREA_STYLE_COLOUR('',#8943);
#10894 = OVER_RIDING_STYLED_ITEM('overriding color',(#10895),#8720,#8936
  );
#10895 = PRESENTATION_STYLE_ASSIGNMENT((#10896));
#10896 = SURFACE_STYLE_USAGE(.BOTH.,#10897);
#10897 = SURFACE_SIDE_STYLE('',(#10898));
#10898 = SURFACE_STYLE_FILL_AREA(#10899);
#10899 = FILL_AREA_STYLE('',(#10900));
#10900 = FILL_AREA_STYLE_COLOUR('',#8943);
#10901 = OVER_RIDING_STYLED_ITEM('overriding color',(#10902),#8736,#8936
  );
#10902 = PRESENTATION_STYLE_ASSIGNMENT((#10903));
#10903 = SURFACE_STYLE_USAGE(.BOTH.,#10904);
#10904 = SURFACE_SIDE_STYLE('',(#10905));
#10905 = SURFACE_STYLE_FILL_AREA(#10906);
#10906 = FILL_AREA_STYLE('',(#10907));
#10907 = FILL_AREA_STYLE_COLOUR('',#8943);
#10908 = OVER_RIDING_STYLED_ITEM('overriding color',(#10909),#8756,#8936
  );
#10909 = PRESENTATION_STYLE_ASSIGNMENT((#10910));
#10910 = SURFACE_STYLE_USAGE(.BOTH.,#10911);
#10911 = SURFACE_SIDE_STYLE('',(#10912));
#10912 = SURFACE_STYLE_FILL_AREA(#10913);
#10913 = FILL_AREA_STYLE('',(#10914));
#10914 = FILL_AREA_STYLE_COLOUR('',#8943);
#10915 = OVER_RIDING_STYLED_ITEM('overriding color',(#10916),#8776,#8936
  );
#10916 = PRESENTATION_STYLE_ASSIGNMENT((#10917));
#10917 = SURFACE_STYLE_USAGE(.BOTH.,#10918);
#10918 = SURFACE_SIDE_STYLE('',(#10919));
#10919 = SURFACE_STYLE_FILL_AREA(#10920);
#10920 = FILL_AREA_STYLE('',(#10921));
#10921 = FILL_AREA_STYLE_COLOUR('',#8943);
#10922 = OVER_RIDING_STYLED_ITEM('overriding color',(#10923),#8796,#8936
  );
#10923 = PRESENTATION_STYLE_ASSIGNMENT((#10924));
#10924 = SURFACE_STYLE_USAGE(.BOTH.,#10925);
#10925 = SURFACE_SIDE_STYLE('',(#10926));
#10926 = SURFACE_STYLE_FILL_AREA(#10927);
#10927 = FILL_AREA_STYLE('',(#10928));
#10928 = FILL_AREA_STYLE_COLOUR('',#8943);
#10929 = OVER_RIDING_STYLED_ITEM('overriding color',(#10930),#8812,#8936
  );
#10930 = PRESENTATION_STYLE_ASSIGNMENT((#10931));
#10931 = SURFACE_STYLE_USAGE(.BOTH.,#10932);
#10932 = SURFACE_SIDE_STYLE('',(#10933));
#10933 = SURFACE_STYLE_FILL_AREA(#10934);
#10934 = FILL_AREA_STYLE('',(#10935));
#10935 = FILL_AREA_STYLE_COLOUR('',#8943);
#10936 = OVER_RIDING_STYLED_ITEM('overriding color',(#10937),#8832,#8936
  );
#10937 = PRESENTATION_STYLE_ASSIGNMENT((#10938));
#10938 = SURFACE_STYLE_USAGE(.BOTH.,#10939);
#10939 = SURFACE_SIDE_STYLE('',(#10940));
#10940 = SURFACE_STYLE_FILL_AREA(#10941);
#10941 = FILL_AREA_STYLE('',(#10942));
#10942 = FILL_AREA_STYLE_COLOUR('',#8943);
#10943 = OVER_RIDING_STYLED_ITEM('overriding color',(#10944),#8848,#8936
  );
#10944 = PRESENTATION_STYLE_ASSIGNMENT((#10945));
#10945 = SURFACE_STYLE_USAGE(.BOTH.,#10946);
#10946 = SURFACE_SIDE_STYLE('',(#10947));
#10947 = SURFACE_STYLE_FILL_AREA(#10948);
#10948 = FILL_AREA_STYLE('',(#10949));
#10949 = FILL_AREA_STYLE_COLOUR('',#8943);
#10950 = OVER_RIDING_STYLED_ITEM('overriding color',(#10951),#8891,#8936
  );
#10951 = PRESENTATION_STYLE_ASSIGNMENT((#10952));
#10952 = SURFACE_STYLE_USAGE(.BOTH.,#10953);
#10953 = SURFACE_SIDE_STYLE('',(#10954));
#10954 = SURFACE_STYLE_FILL_AREA(#10955);
#10955 = FILL_AREA_STYLE('',(#10956));
#10956 = FILL_AREA_STYLE_COLOUR('',#8943);
#10957 = OVER_RIDING_STYLED_ITEM('overriding color',(#10958),#8919,#8936
  );
#10958 = PRESENTATION_STYLE_ASSIGNMENT((#10959));
#10959 = SURFACE_STYLE_USAGE(.BOTH.,#10960);
#10960 = SURFACE_SIDE_STYLE('',(#10961));
#10961 = SURFACE_STYLE_FILL_AREA(#10962);
#10962 = FILL_AREA_STYLE('',(#10963));
#10963 = FILL_AREA_STYLE_COLOUR('',#8953);
ENDSEC;
END-ISO-10303-21;
